{
"type": "FeatureCollection",
"name": "geo_40_短期入所生活介護",
"crs": { "type": "name", "properties": { "name": "urn:ogc:def:crs:OGC:1.3:CRS84" } },
"features": [
{ "type": "Feature", "properties": { "内容": "ショートステイ　海峡つばさ館【短期入所生活介護】松原1-6-18", "url": "https://www.kaigokensaku.mhlw.go.jp/40/index.php?action_kouhyou_detail_004_kani=true&JigyosyoCd=4070102837-00&ServiceCd=210&Type=search", "url2": null }, "geometry": { "type": "Point", "coordinates": [ 130.925011499999982, 33.9001006 ] } },
{ "type": "Feature", "properties": { "内容": "特別養護老人ホーム陽光園【短期入所生活介護】福岡県北九州市門司区大字田野浦1024番地6", "url": "https://www.kaigokensaku.mhlw.go.jp/40/index.php?action_kouhyou_detail_004_kani=true&JigyosyoCd=4070100146-00&ServiceCd=210&Type=search", "url2": "http://www.youkouen-moji.jp/" }, "geometry": { "type": "Point", "coordinates": [ 130.998970203904719, 33.96083848948053 ] } },
{ "type": "Feature", "properties": { "内容": "北九州市立特別養護老人ホーム　かざし園【短期入所生活介護】福岡県北九州市門司区南本町3-3", "url": "https://www.kaigokensaku.mhlw.go.jp/40/index.php?action_kouhyou_detail_004_kani=true&JigyosyoCd=4070100153-00&ServiceCd=210&Type=search", "url2": "https://kazasien.com" }, "geometry": { "type": "Point", "coordinates": [ 130.941352599999959, 33.915823 ] } },
{ "type": "Feature", "properties": { "内容": "日本赤十字社福岡県支部特別養護老人ホーム豊寿園【短期入所生活介護】福岡県北九州市門司区大字畑1808-5", "url": "https://www.kaigokensaku.mhlw.go.jp/40/index.php?action_kouhyou_detail_004_kani=true&JigyosyoCd=4070100211-00&ServiceCd=210&Type=search", "url2": "http://nissekihoujuen.jp/" }, "geometry": { "type": "Point", "coordinates": [ 130.972227400000065, 33.8769429 ] } },
{ "type": "Feature", "properties": { "内容": "さわやか新門司館【短期入所生活介護】北九州市門司区大字畑1543-1", "url": "https://www.kaigokensaku.mhlw.go.jp/40/index.php?action_kouhyou_detail_004_kani=true&JigyosyoCd=4070101516-00&ServiceCd=210&Type=search", "url2": "http://www.sawayakaclub.jp" }, "geometry": { "type": "Point", "coordinates": [ 130.974860499999977, 33.876493 ] } },
{ "type": "Feature", "properties": { "内容": "ラ・ナシカ　ふじまつ【短期入所生活介護】福岡県北九州市門司区藤松1丁目１0番２５号ラ・ナシカ　ふじまつ", "url": "https://www.kaigokensaku.mhlw.go.jp/40/index.php?action_kouhyou_detail_004_kani=true&JigyosyoCd=4070101300-00&ServiceCd=210&Type=search", "url2": "http://www.cedar-group.co.jp" }, "geometry": { "type": "Point", "coordinates": [ 130.924386499999969, 33.8867907 ] } },
{ "type": "Feature", "properties": { "内容": "さわやか和布刈館【短期入所生活介護】福岡県北九州市門司区大久保1丁目9番15号", "url": "https://www.kaigokensaku.mhlw.go.jp/40/index.php?action_kouhyou_detail_004_kani=true&JigyosyoCd=4070101375-00&ServiceCd=210&Type=search", "url2": "http://www.sawayakaclub.jp/" }, "geometry": { "type": "Point", "coordinates": [ 130.9739502, 33.9568588 ] } },
{ "type": "Feature", "properties": { "内容": "ショートステイひかりの丘【短期入所生活介護】福岡県北九州市門司区上藤松三丁目２番１号", "url": "https://www.kaigokensaku.mhlw.go.jp/40/index.php?action_kouhyou_detail_004_kani=true&JigyosyoCd=4070101821-00&ServiceCd=210&Type=search", "url2": "http://www.hikarinooka2010.jp" }, "geometry": { "type": "Point", "coordinates": [ 130.924392099999977, 33.8833244 ] } },
{ "type": "Feature", "properties": { "内容": "好日苑大里の郷　ショートステイ【短期入所生活介護】北九州市門司区大里戸ノ上4丁目1番40号", "url": "https://www.kaigokensaku.mhlw.go.jp/40/index.php?action_kouhyou_detail_004_kani=true&JigyosyoCd=4070102076-00&ServiceCd=210&Type=search", "url2": "http://www.koujitsuen.com/" }, "geometry": { "type": "Point", "coordinates": [ 130.945967900000028, 33.9025476 ] } },
{ "type": "Feature", "properties": { "内容": "サポートセンター門司ショートステイ【短期入所生活介護】福岡県北九州市門司区松原１丁目３番８号", "url": "https://www.kaigokensaku.mhlw.go.jp/40/index.php?action_kouhyou_detail_004_kani=true&JigyosyoCd=4070102548-00&ServiceCd=210&Type=search", "url2": "http://www.hibiki.or.jp/" }, "geometry": { "type": "Point", "coordinates": [ 130.926013806359833, 33.902159016589046 ] } },
{ "type": "Feature", "properties": { "内容": "特別養護老人ホーム　松和園【短期入所生活介護】北九州市門司区大字畑３３５番地", "url": "https://www.kaigokensaku.mhlw.go.jp/40/index.php?action_kouhyou_detail_004_kani=true&JigyosyoCd=4070100120-00&ServiceCd=210&Type=search", "url2": "http://www.showaen.or.jp" }, "geometry": { "type": "Point", "coordinates": [ 130.97322429999997, 33.8864473 ] } },
{ "type": "Feature", "properties": { "内容": "特別養護老人ホーム　ライフポート若松【短期入所生活介護】北九州市若松区藤ノ木２丁目１番２２号", "url": "https://www.kaigokensaku.mhlw.go.jp/40/index.php?action_kouhyou_detail_004_kani=true&JigyosyoCd=4070200177-00&ServiceCd=210&Type=search", "url2": "http://www.lifeport.or.jp" }, "geometry": { "type": "Point", "coordinates": [ 130.781265399999938, 33.89279 ] } },
{ "type": "Feature", "properties": { "内容": "介護老人福祉施設　あじさい【短期入所生活介護】北九州市若松区西畑町９番７３号", "url": "https://www.kaigokensaku.mhlw.go.jp/40/index.php?action_kouhyou_detail_004_kani=true&JigyosyoCd=4070200334-00&ServiceCd=210&Type=search", "url2": "https://e-ajisai.com" }, "geometry": { "type": "Point", "coordinates": [ 130.792158500000028, 33.910441 ] } },
{ "type": "Feature", "properties": { "内容": "ショートステイ花乃路【短期入所生活介護】北九州市若松区乙丸1651番12", "url": "https://www.kaigokensaku.mhlw.go.jp/40/index.php?action_kouhyou_detail_004_kani=true&JigyosyoCd=4070201472-00&ServiceCd=210&Type=search", "url2": "http://www.kiyoukai.or.jp/" }, "geometry": { "type": "Point", "coordinates": [ 130.6801881, 33.9107962 ] } },
{ "type": "Feature", "properties": { "内容": "あますみ園ショートステイサービス【短期入所生活介護】福岡県北九州市若松区大字大鳥居64-1", "url": "https://www.kaigokensaku.mhlw.go.jp/40/index.php?action_kouhyou_detail_004_kani=true&JigyosyoCd=4070201555-00&ServiceCd=210&Type=search", "url2": "https://kouryokukai-fukuoka.jimdofree.com/" }, "geometry": { "type": "Point", "coordinates": [ 130.702380188082913, 33.901347251071286 ] } },
{ "type": "Feature", "properties": { "内容": "ケアイン大鳥居　ショートステイサービス【短期入所生活介護】福岡県北九州市若松区大字大鳥居64-1", "url": "https://www.kaigokensaku.mhlw.go.jp/40/index.php?action_kouhyou_detail_004_kani=true&JigyosyoCd=4070201860-00&ServiceCd=210&Type=search", "url2": "https://kouryokukai-fukuoka.jimdofree.com/" }, "geometry": { "type": "Point", "coordinates": [ 130.702368426647922, 33.901379491452218 ] } },
{ "type": "Feature", "properties": { "内容": "さわやかシーサイドくきのうみショートステイ【短期入所生活介護】福岡県北九州市若松区くきのうみ中央2-1", "url": "https://www.kaigokensaku.mhlw.go.jp/40/index.php?action_kouhyou_detail_004_kani=true&JigyosyoCd=4070202140-00&ServiceCd=210&Type=search", "url2": "https://www.sawayakaclub.jp/" }, "geometry": { "type": "Point", "coordinates": [ 130.797604616563376, 33.891255501109832 ] } },
{ "type": "Feature", "properties": { "内容": "特別養護老人ホーム　ひびき荘ショートステイ【短期入所生活介護】北九州市若松区大字安屋3310-3", "url": "https://www.kaigokensaku.mhlw.go.jp/40/index.php?action_kouhyou_detail_004_kani=true&JigyosyoCd=4070200169-00&ServiceCd=210&Type=search", "url2": "http://www.hibiki.or.jp" }, "geometry": { "type": "Point", "coordinates": [ 130.700818199999958, 33.9358334 ] } },
{ "type": "Feature", "properties": { "内容": "パナソニックエイジフリーケアセンター北九州戸畑・ショートステイ【短期入所生活介護】福岡県北九州市戸畑区菅原2丁目11番22号", "url": "https://www.kaigokensaku.mhlw.go.jp/40/index.php?action_kouhyou_detail_004_kani=true&JigyosyoCd=4070301215-00&ServiceCd=210&Type=search", "url2": "https://panasonic.co.jp/es/pesaf/" }, "geometry": { "type": "Point", "coordinates": [ 130.826486499999987, 33.8850861 ] } },
{ "type": "Feature", "properties": { "内容": "特別養護老人ホーム戸畑大谷園【短期入所生活介護】北九州市戸畑区西大谷１丁目６番22号", "url": "https://www.kaigokensaku.mhlw.go.jp/40/index.php?action_kouhyou_detail_004_kani=true&JigyosyoCd=4070300126-00&ServiceCd=210&Type=search", "url2": "http://www.tobata-minsei.or.jp/Ohtani%20Home%20Page/home.htm" }, "geometry": { "type": "Point", "coordinates": [ 130.8262006, 33.880275500000039 ] } },
{ "type": "Feature", "properties": { "内容": "介護老人福祉施設　やすらぎの郷牧山【短期入所生活介護】福岡県　北九州市　戸畑区　新川町３番３３号", "url": "https://www.kaigokensaku.mhlw.go.jp/40/index.php?action_kouhyou_detail_004_kani=true&JigyosyoCd=4070300175-00&ServiceCd=210&Type=search", "url2": "http://www.iwakifukushikai.jp" }, "geometry": { "type": "Point", "coordinates": [ 130.821989499999972, 33.8916244 ] } },
{ "type": "Feature", "properties": { "内容": "ショートステイとばた【短期入所生活介護】福岡県北九州市戸畑区千防一丁目1番6号高齢者複合施設　ふれあいの里とばた", "url": "https://www.kaigokensaku.mhlw.go.jp/40/index.php?action_kouhyou_detail_004_kani=true&JigyosyoCd=4070300761-00&ServiceCd=210&Type=search", "url2": "https://www.fureainosato-tobata.jp/" }, "geometry": { "type": "Point", "coordinates": [ 130.83036089999996, 33.8936826 ] } },
{ "type": "Feature", "properties": { "内容": "ショートステイさわやか福ふく館【短期入所生活介護】福岡県北九州市戸畑区福柳木１丁目１８番２２号さわやか福ふく館", "url": "https://www.kaigokensaku.mhlw.go.jp/40/index.php?action_kouhyou_detail_004_kani=true&JigyosyoCd=4070300795-00&ServiceCd=210&Type=search", "url2": "fukufuku@sawayakaciub.jp" }, "geometry": { "type": "Point", "coordinates": [ 130.8363885, 33.8825143 ] } },
{ "type": "Feature", "properties": { "内容": "特別養護老人ホームさわみ園【短期入所生活介護】福岡県北九州市戸畑区沢見二丁目5番2号", "url": "https://www.kaigokensaku.mhlw.go.jp/40/index.php?action_kouhyou_detail_004_kani=true&JigyosyoCd=4070300878-00&ServiceCd=210&Type=search", "url2": "http://www.seikou-kai.net/" }, "geometry": { "type": "Point", "coordinates": [ 130.838846200000063, 33.896057400000025 ] } },
{ "type": "Feature", "properties": { "内容": "新栄きよみずの杜【短期入所生活介護】福岡県北九州市小倉北区弁天町６番１３号特別養護老人ホーム新栄きよみずの杜", "url": "https://www.kaigokensaku.mhlw.go.jp/40/index.php?action_kouhyou_detail_004_kani=true&JigyosyoCd=4070404787-00&ServiceCd=210&Type=search", "url2": "http://www.shin-eikai.com/kiyomizu/" }, "geometry": { "type": "Point", "coordinates": [ 130.8630458, 33.8703923 ] } },
{ "type": "Feature", "properties": { "内容": "介護老人福祉施設　足原のぞみ苑【短期入所生活介護】北九州市小倉北区熊本三丁目１２－９", "url": "https://www.kaigokensaku.mhlw.go.jp/40/index.php?action_kouhyou_detail_004_kani=true&JigyosyoCd=4070400330-00&ServiceCd=210&Type=search", "url2": "http://www.nozomi-en.jp/" }, "geometry": { "type": "Point", "coordinates": [ 130.8952928, 33.8668057 ] } },
{ "type": "Feature", "properties": { "内容": "北九州シティホームショートステイ【短期入所生活介護】福岡県北九州市小倉北区萩崎町１番３２号", "url": "https://www.kaigokensaku.mhlw.go.jp/40/index.php?action_kouhyou_detail_004_kani=true&JigyosyoCd=4070400249-00&ServiceCd=210&Type=search", "url2": "http://www.kaorukai.jp" }, "geometry": { "type": "Point", "coordinates": [ 130.883868600000028, 33.8740547 ] } },
{ "type": "Feature", "properties": { "内容": "ヘルシーハイム　ショートステイ【短期入所生活介護】福岡県北九州市小倉北区南丘1丁目7-24", "url": "https://www.kaigokensaku.mhlw.go.jp/40/index.php?action_kouhyou_detail_004_kani=true&JigyosyoCd=4070400272-00&ServiceCd=210&Type=search", "url2": "http://www.healthyhaim.or.jp" }, "geometry": { "type": "Point", "coordinates": [ 130.871200600000066, 33.8522267 ] } },
{ "type": "Feature", "properties": { "内容": "シルバーサンホーム短期入所生活介護【短期入所生活介護】北九州市小倉北区大手町17-15", "url": "https://www.kaigokensaku.mhlw.go.jp/40/index.php?action_kouhyou_detail_004_kani=true&JigyosyoCd=4070400405-00&ServiceCd=210&Type=search", "url2": "http://www.silversunhome.or.jp/index.html" }, "geometry": { "type": "Point", "coordinates": [ 130.8700973, 33.8738075 ] } },
{ "type": "Feature", "properties": { "内容": "特別養護老人ホーム　　愛香苑【短期入所生活介護】北九州市小倉北区鋳物師町9番21号", "url": "https://www.kaigokensaku.mhlw.go.jp/40/index.php?action_kouhyou_detail_004_kani=true&JigyosyoCd=4070400561-00&ServiceCd=210&Type=search", "url2": "http://www.aikoukai-kitakyushu.com/" }, "geometry": { "type": "Point", "coordinates": [ 130.8655109, 33.8899501 ] } },
{ "type": "Feature", "properties": { "内容": "ソレイユショートステイ【短期入所生活介護】福岡県北九州市小倉北区中井一丁目７番１４号", "url": "https://www.kaigokensaku.mhlw.go.jp/40/index.php?action_kouhyou_detail_004_kani=true&JigyosyoCd=4070403011-00&ServiceCd=210&Type=search", "url2": "http://www.soreiyuｇroup.or.jp" }, "geometry": { "type": "Point", "coordinates": [ 130.853467200000068, 33.8935106 ] } },
{ "type": "Feature", "properties": { "内容": "ショートステイ三萩野【短期入所生活介護】福岡県北九州市小倉北区白銀2-11-4年長者の里　小倉", "url": "https://www.kaigokensaku.mhlw.go.jp/40/index.php?action_kouhyou_detail_004_kani=true&JigyosyoCd=4070404274-00&ServiceCd=210&Type=search", "url2": "http://n-sato.com" }, "geometry": { "type": "Point", "coordinates": [ 130.877093591401717, 33.868043919941243 ] } },
{ "type": "Feature", "properties": { "内容": "ショートステイひだまり【短期入所生活介護】北九州市小倉北区片野4丁目23-2ひだまり", "url": "https://www.kaigokensaku.mhlw.go.jp/40/index.php?action_kouhyou_detail_004_kani=true&JigyosyoCd=4070404282-00&ServiceCd=210&Type=search", "url2": "http://www.senrikai.or.jp/" }, "geometry": { "type": "Point", "coordinates": [ 130.88174140000001, 33.861245 ] } },
{ "type": "Feature", "properties": { "内容": "ソレイユ浅野ショートステイ【短期入所生活介護】福岡県北九州市小倉北区浅野3丁目1番25号ソレイユ浅野", "url": "https://www.kaigokensaku.mhlw.go.jp/40/index.php?action_kouhyou_detail_004_kani=true&JigyosyoCd=4070404753-00&ServiceCd=210&Type=search", "url2": null }, "geometry": { "type": "Point", "coordinates": [ 130.881665500000054, 33.8908586 ] } },
{ "type": "Feature", "properties": { "内容": "ハートフル片野ショートステイ【短期入所生活介護】福岡県北九州市小倉北区片野3丁目13番15号", "url": "https://www.kaigokensaku.mhlw.go.jp/40/index.php?action_kouhyou_detail_004_kani=true&JigyosyoCd=4070401270-00&ServiceCd=210&Type=search", "url2": "http://www.heartful-katano.jp/" }, "geometry": { "type": "Point", "coordinates": [ 130.881428513491755, 33.866348782844447 ] } },
{ "type": "Feature", "properties": { "内容": "さわやか大畠弐番館【短期入所生活介護】福岡県北九州小倉北区大畠１－６－２６", "url": "https://www.kaigokensaku.mhlw.go.jp/40/index.php?action_kouhyou_detail_004_kani=true&JigyosyoCd=4070403185-00&ServiceCd=210&Type=search", "url2": "http://www.sawayakaclub.jp" }, "geometry": { "type": "Point", "coordinates": [ 130.895631500000036, 33.8723412 ] } },
{ "type": "Feature", "properties": { "内容": "特別養護老人ホーム　美咲ヶ丘【短期入所生活介護】福岡県北九州市小倉南区大字新道寺１０８５－１", "url": "https://www.kaigokensaku.mhlw.go.jp/40/index.php?action_kouhyou_detail_004_kani=true&JigyosyoCd=4070500139-00&ServiceCd=210&Type=search", "url2": "http://www.misakigaoka.com/" }, "geometry": { "type": "Point", "coordinates": [ 130.866630399999963, 33.7927697 ] } },
{ "type": "Feature", "properties": { "内容": "さわやか螢風館【短期入所生活介護】福岡県北九州市小倉南区長野東町11-15", "url": "https://www.kaigokensaku.mhlw.go.jp/40/index.php?action_kouhyou_detail_004_kani=true&JigyosyoCd=4070502424-00&ServiceCd=210&Type=search", "url2": "http://www.sawayakaclub.jp" }, "geometry": { "type": "Point", "coordinates": [ 130.91864970000006, 33.8201703 ] } },
{ "type": "Feature", "properties": { "内容": "悦和の郷　ショートステイ【短期入所生活介護】沼緑町１丁目１１番１９号", "url": "https://www.kaigokensaku.mhlw.go.jp/40/index.php?action_kouhyou_detail_004_kani=true&JigyosyoCd=4070505567-00&ServiceCd=210&Type=search", "url2": "www.kaorukai.jp" }, "geometry": { "type": "Point", "coordinates": [ 130.933949799999937, 33.8426108 ] } },
{ "type": "Feature", "properties": { "内容": "ショートステイおきなの杜別館【短期入所生活介護】福岡県北九州市小倉南区大字長野455番地の35", "url": "https://www.kaigokensaku.mhlw.go.jp/40/index.php?action_kouhyou_detail_004_kani=true&JigyosyoCd=4070502804-00&ServiceCd=210&Type=search", "url2": "http://care-netbiz/40/okinanomori/" }, "geometry": { "type": "Point", "coordinates": [ 130.915880600000037, 33.8195314 ] } },
{ "type": "Feature", "properties": { "内容": "ショートスティサービス舞ヶ丘明静苑【短期入所生活介護】福岡県北九州市小倉南区横代380-2", "url": "https://www.kaigokensaku.mhlw.go.jp/40/index.php?action_kouhyou_detail_004_kani=true&JigyosyoCd=4070500246-00&ServiceCd=210&Type=search", "url2": "http://www.meiseien.com" }, "geometry": { "type": "Point", "coordinates": [ 130.8985103, 33.8255885 ] } },
{ "type": "Feature", "properties": { "内容": "双葉苑　短期入所生活介護事業所【短期入所生活介護】福岡県北九州市小倉南区長行東３ー１３ー１７", "url": "https://www.kaigokensaku.mhlw.go.jp/40/index.php?action_kouhyou_detail_004_kani=true&JigyosyoCd=4070500295-00&ServiceCd=210&Type=search", "url2": "http://www.futaba-kai.or.jp" }, "geometry": { "type": "Point", "coordinates": [ 130.8577636, 33.8172698 ] } },
{ "type": "Feature", "properties": { "内容": "特別養護老人ホームあだち園【短期入所生活介護】北九州市小倉南区沼緑町２丁目９-１", "url": "https://www.kaigokensaku.mhlw.go.jp/40/index.php?action_kouhyou_detail_004_kani=true&JigyosyoCd=4070500402-00&ServiceCd=210&Type=search", "url2": "https://www.kitaq-houwakai.com" }, "geometry": { "type": "Point", "coordinates": [ 130.928409200000033, 33.8492893 ] } },
{ "type": "Feature", "properties": { "内容": "好日苑ショートステイ【短期入所生活介護】北九州市小倉南区曽根新田北3丁目2-1", "url": "https://www.kaigokensaku.mhlw.go.jp/40/index.php?action_kouhyou_detail_004_kani=true&JigyosyoCd=4070500501-00&ServiceCd=210&Type=search", "url2": "http://www.koujitsuen.com/" }, "geometry": { "type": "Point", "coordinates": [ 130.9536862, 33.8224794 ] } },
{ "type": "Feature", "properties": { "内容": "特別養護老人ホーム　こくらの郷　ショートステイサービス【短期入所生活介護】福岡県北九州市小倉南区高野４丁目１２－１１", "url": "https://www.kaigokensaku.mhlw.go.jp/40/index.php?action_kouhyou_detail_004_kani=true&JigyosyoCd=4070503166-00&ServiceCd=210&Type=search", "url2": "https://shoujukai.or.jp" }, "geometry": { "type": "Point", "coordinates": [ 130.8501526, 33.8336898 ] } },
{ "type": "Feature", "properties": { "内容": "小倉南ケアセンターそよ風【短期入所生活介護】北九州市小倉南区横代北町4-21-12", "url": "https://www.kaigokensaku.mhlw.go.jp/40/index.php?action_kouhyou_detail_004_kani=true&JigyosyoCd=4070504172-00&ServiceCd=210&Type=search", "url2": null }, "geometry": { "type": "Point", "coordinates": [ 130.8969492, 33.832796130994019 ] } },
{ "type": "Feature", "properties": { "内容": "ショートステイとくりき春吉園【短期入所生活介護】福岡県北九州市小倉南区徳力団地2番10号", "url": "https://www.kaigokensaku.mhlw.go.jp/40/index.php?action_kouhyou_detail_004_kani=true&JigyosyoCd=4070505534-00&ServiceCd=210&Type=search", "url2": "http://haruyoshi-en.jp/tk/" }, "geometry": { "type": "Point", "coordinates": [ 130.8649044, 33.8311959 ] } },
{ "type": "Feature", "properties": { "内容": "特別養護老人ホーム春吉園【短期入所生活介護】福岡県北九州市小倉南区大字春吉463番1", "url": "https://www.kaigokensaku.mhlw.go.jp/40/index.php?action_kouhyou_detail_004_kani=true&JigyosyoCd=4070500410-00&ServiceCd=210&Type=search", "url2": "https://haruyoshi-en.jp/" }, "geometry": { "type": "Point", "coordinates": [ 130.84574760000001, 33.7879203 ] } },
{ "type": "Feature", "properties": { "内容": "医療法人ふらて会ショートステイふらて【短期入所生活介護】北九州市八幡東区昭和一丁目2-28", "url": "https://www.kaigokensaku.mhlw.go.jp/40/index.php?action_kouhyou_detail_004_kani=true&JigyosyoCd=4070601119-00&ServiceCd=210&Type=search", "url2": "http://www.furate.net/" }, "geometry": { "type": "Point", "coordinates": [ 130.838058300000057, 33.8667161 ] } },
{ "type": "Feature", "properties": { "内容": "花の王善興園　短期入所生活介護事業所【短期入所生活介護】北九州市八幡東区花尾町2-14", "url": "https://www.kaigokensaku.mhlw.go.jp/40/index.php?action_kouhyou_detail_004_kani=true&JigyosyoCd=4070700085-00&ServiceCd=210&Type=search", "url2": "https://zenkokai.or.jp/" }, "geometry": { "type": "Point", "coordinates": [ 130.787177422131322, 33.854956403479477 ] } },
{ "type": "Feature", "properties": { "内容": "さわやか清田館ショートステイ【短期入所生活介護】福岡県北九州市八幡東区清田三丁目4番7号さわやか清田館", "url": "https://www.kaigokensaku.mhlw.go.jp/40/index.php?action_kouhyou_detail_004_kani=true&JigyosyoCd=4070601556-00&ServiceCd=210&Type=search", "url2": "http://www.sawayakaclub.jp" }, "geometry": { "type": "Point", "coordinates": [ 141.435524399999963, 43.0184638 ] } },
{ "type": "Feature", "properties": { "内容": "特別養護老人ホーム誠光園【短期入所生活介護】藤見町3番１号", "url": "https://www.kaigokensaku.mhlw.go.jp/40/index.php?action_kouhyou_detail_004_kani=true&JigyosyoCd=4070600160-00&ServiceCd=210&Type=search", "url2": "http://www.seikou-kai.net/" }, "geometry": { "type": "Point", "coordinates": [ 130.822912299999984, 33.8697736 ] } },
{ "type": "Feature", "properties": { "内容": "特別養護老人ホーム　大蔵園【短期入所生活介護】福岡県北九州市八幡東区大蔵3丁目2番1号", "url": "https://www.kaigokensaku.mhlw.go.jp/40/index.php?action_kouhyou_detail_004_kani=true&JigyosyoCd=4070600079-00&ServiceCd=210&Type=search", "url2": "http://n-sato.com" }, "geometry": { "type": "Point", "coordinates": [ 130.816671600000063, 33.856264 ] } },
{ "type": "Feature", "properties": { "内容": "さわやかレークサイド中の原【短期入所生活介護】福岡県北九州市八幡西区中の原2丁目19-2", "url": "https://www.kaigokensaku.mhlw.go.jp/40/index.php?action_kouhyou_detail_004_kani=true&JigyosyoCd=4070703642-00&ServiceCd=210&Type=search", "url2": "https://www.sawayakaciub.jp" }, "geometry": { "type": "Point", "coordinates": [ 130.750839400000018, 33.8293826 ] } },
{ "type": "Feature", "properties": { "内容": "さわやか鳴水館【短期入所生活介護】福岡県北九州市八幡西区東鳴水５丁目７番６号", "url": "https://www.kaigokensaku.mhlw.go.jp/40/index.php?action_kouhyou_detail_004_kani=true&JigyosyoCd=4070703030-00&ServiceCd=210&Type=search", "url2": "https://www.sawayakaclub.jp/meisuikan" }, "geometry": { "type": "Point", "coordinates": [ 130.77200629999993, 33.8522499 ] } },
{ "type": "Feature", "properties": { "内容": "もみじ苑短期入所生活介護事業所【短期入所生活介護】福岡県北九州市八幡西区藤原４丁目１５－３３", "url": "https://www.kaigokensaku.mhlw.go.jp/40/index.php?action_kouhyou_detail_004_kani=true&JigyosyoCd=4070700333-00&ServiceCd=210&Type=search", "url2": "http://www.honjyoukai.com/momijien.htm" }, "geometry": { "type": "Point", "coordinates": [ 130.710105199999987, 33.88111812953035 ] } },
{ "type": "Feature", "properties": { "内容": "短期入所生活介護事業所　聖ヨゼフの園【短期入所生活介護】北九州市八幡西区青山二丁目1-1", "url": "https://www.kaigokensaku.mhlw.go.jp/40/index.php?action_kouhyou_detail_004_kani=true&JigyosyoCd=4070700556-00&ServiceCd=210&Type=search", "url2": "http://www.st-joseph.or.jp" }, "geometry": { "type": "Point", "coordinates": [ 130.753435500000023, 33.8595682 ] } },
{ "type": "Feature", "properties": { "内容": "特別養護老人ホーム　グランヴィラ大平【短期入所生活介護】福岡県北九州市八幡西区船越三丁目１番１３号", "url": "https://www.kaigokensaku.mhlw.go.jp/40/index.php?action_kouhyou_detail_004_kani=true&JigyosyoCd=4070706546-00&ServiceCd=210&Type=search", "url2": "https://www.jojinkai.com/gv_ohira/" }, "geometry": { "type": "Point", "coordinates": [ 130.7457494, 33.8173675 ] } },
{ "type": "Feature", "properties": { "内容": "特別養護老人ホーム　倫尚園【短期入所生活介護】北九州市八幡西区馬場山東一丁目３番２２号", "url": "https://www.kaigokensaku.mhlw.go.jp/40/index.php?action_kouhyou_detail_004_kani=true&JigyosyoCd=4070700119-00&ServiceCd=210&Type=search", "url2": "http://rinsyoukai.or.jp" }, "geometry": { "type": "Point", "coordinates": [ 130.749576599999955, 33.7975386 ] } },
{ "type": "Feature", "properties": { "内容": "サンライズ北九州【短期入所生活介護】北九州市八幡西区塔野三丁目１６番１号", "url": "https://www.kaigokensaku.mhlw.go.jp/40/index.php?action_kouhyou_detail_004_kani=true&JigyosyoCd=4070700473-00&ServiceCd=210&Type=search", "url2": "http://www.sunnrise-k.com" }, "geometry": { "type": "Point", "coordinates": [ 130.73428, 33.8226496 ] } },
{ "type": "Feature", "properties": { "内容": "サン・グリーンホームショートステイ【短期入所生活介護】福岡県北九州市八幡西区大字則松103番地", "url": "https://www.kaigokensaku.mhlw.go.jp/40/index.php?action_kouhyou_detail_004_kani=true&JigyosyoCd=4070700531-00&ServiceCd=210&Type=search", "url2": "http://kitakyu-fukushi.or.jp" }, "geometry": { "type": "Point", "coordinates": [ 130.728899100000035, 33.8525377 ] } },
{ "type": "Feature", "properties": { "内容": "社会福祉法人善興会第三善興園短期入所生活介護事業所【短期入所生活介護】北九州市八幡西区大字小嶺721-1", "url": "https://www.kaigokensaku.mhlw.go.jp/40/index.php?action_kouhyou_detail_004_kani=true&JigyosyoCd=4070701190-00&ServiceCd=210&Type=search", "url2": "https://www.zenkokai.or.jp" }, "geometry": { "type": "Point", "coordinates": [ 130.757802713244615, 33.814399572500122 ] } },
{ "type": "Feature", "properties": { "内容": "風の家ショートステイ【短期入所生活介護】北九州市八幡西区大字本城３３７８番地の１", "url": "https://www.kaigokensaku.mhlw.go.jp/40/index.php?action_kouhyou_detail_004_kani=true&JigyosyoCd=4070701323-00&ServiceCd=210&Type=search", "url2": "http://www.kunpuukai.or.jp" }, "geometry": { "type": "Point", "coordinates": [ 130.726933599999938, 33.8921751 ] } },
{ "type": "Feature", "properties": { "内容": "介護付有料老人ホーム　パレス穴生【短期入所生活介護】北九州市八幡西区鉄竜１－１－１０", "url": "https://www.kaigokensaku.mhlw.go.jp/40/index.php?action_kouhyou_detail_004_kani=true&JigyosyoCd=4070703303-00&ServiceCd=210&Type=search", "url2": "http://n-sato.com/" }, "geometry": { "type": "Point", "coordinates": [ 130.752463499999976, 33.8550159 ] } },
{ "type": "Feature", "properties": { "内容": "ふじの木園短期入所施設【短期入所生活介護】北九州市八幡西区椋枝2丁目11-20", "url": "https://www.kaigokensaku.mhlw.go.jp/40/index.php?action_kouhyou_detail_004_kani=true&JigyosyoCd=4070703402-00&ServiceCd=210&Type=search", "url2": "http://fujinokien.or.jp/" }, "geometry": { "type": "Point", "coordinates": [ 130.732258399999978, 33.80884 ] } },
{ "type": "Feature", "properties": { "内容": "ショートステイみのりの里星ヶ丘【短期入所生活介護】福岡県北九州市八幡西区野面1685-1", "url": "https://www.kaigokensaku.mhlw.go.jp/40/index.php?action_kouhyou_detail_004_kani=true&JigyosyoCd=4070704392-00&ServiceCd=210&Type=search", "url2": null }, "geometry": { "type": "Point", "coordinates": [ 130.745701793254057, 33.776598169310326 ] } },
{ "type": "Feature", "properties": { "内容": "ベルの郷　ショートステイ【短期入所生活介護】福岡県北九州市八幡西区星ケ丘5丁目5-1", "url": "https://www.kaigokensaku.mhlw.go.jp/40/index.php?action_kouhyou_detail_004_kani=true&JigyosyoCd=4070705043-00&ServiceCd=210&Type=search", "url2": "http://bellnosato.com/" }, "geometry": { "type": "Point", "coordinates": [ 130.749424500000032, 33.7707529 ] } },
{ "type": "Feature", "properties": { "内容": "ショートステイわかば【短期入所生活介護】香月西二丁目９番３号", "url": "https://www.kaigokensaku.mhlw.go.jp/40/index.php?action_kouhyou_detail_004_kani=true&JigyosyoCd=4070705381-00&ServiceCd=210&Type=search", "url2": "http://www.kenbikai.org" }, "geometry": { "type": "Point", "coordinates": [ 130.732503574868787, 33.80385176254498 ] } },
{ "type": "Feature", "properties": { "内容": "サポートセンター本城ショートステイ【短期入所生活介護】本城東6丁目1-16", "url": "https://www.kaigokensaku.mhlw.go.jp/40/index.php?action_kouhyou_detail_004_kani=true&JigyosyoCd=4070705399-00&ServiceCd=210&Type=search", "url2": "http://www.hibiki.or.jp" }, "geometry": { "type": "Point", "coordinates": [ 130.730077516532873, 33.87424319535635 ] } },
{ "type": "Feature", "properties": { "内容": "短期入所生活介護　円【短期入所生活介護】福岡県北九州市八幡西区森下町27番38号ケアプラザ倶楽部雪月花内", "url": "https://www.kaigokensaku.mhlw.go.jp/40/index.php?action_kouhyou_detail_004_kani=true&JigyosyoCd=4070705407-00&ServiceCd=210&Type=search", "url2": "https://moyai.or.jp/" }, "geometry": { "type": "Point", "coordinates": [ 130.741881299999932, 33.8490663 ] } },
{ "type": "Feature", "properties": { "内容": "地域密着型特別養護老人ホーム　杜の家　別館【短期入所生活介護】福岡県北九州市八幡西区大字畑696-12", "url": "https://www.kaigokensaku.mhlw.go.jp/40/index.php?action_kouhyou_detail_004_kani=true&JigyosyoCd=4070707767-00&ServiceCd=210&Type=search", "url2": "http://www.mukauno-sato.com" }, "geometry": { "type": "Point", "coordinates": [ 130.7567465, 33.7997301 ] } },
{ "type": "Feature", "properties": { "内容": "ショートステイ第二わかば【短期入所生活介護】福岡県北九州市八幡西区香月中央一丁目3番1号", "url": "https://www.kaigokensaku.mhlw.go.jp/40/index.php?action_kouhyou_detail_004_kani=true&JigyosyoCd=4070708120-00&ServiceCd=210&Type=search", "url2": "https://kenbikai.org/" }, "geometry": { "type": "Point", "coordinates": [ 130.7357164, 33.8047105 ] } },
{ "type": "Feature", "properties": { "内容": "短期入所生活介護　ゆい【短期入所生活介護】福岡県北九州市八幡西区鉄王2-2-36銀杏庵穴生俱楽部内", "url": "https://www.kaigokensaku.mhlw.go.jp/40/index.php?action_kouhyou_detail_004_kani=true&JigyosyoCd=4070706355-00&ServiceCd=210&Type=search", "url2": "http://www.moyai.or.jp/" }, "geometry": { "type": "Point", "coordinates": [ 130.750905971163974, 33.848413989897942 ] } },
{ "type": "Feature", "properties": { "内容": "特別養護老人ホームいきいき箱崎【短期入所生活介護】福岡県福岡市東区箱崎6丁目18番7号", "url": "https://www.kaigokensaku.mhlw.go.jp/40/index.php?action_kouhyou_detail_004_kani=true&JigyosyoCd=4090800139-00&ServiceCd=210&Type=search", "url2": "http//chidorifukushi.jp" }, "geometry": { "type": "Point", "coordinates": [ 130.4214801, 33.6256466 ] } },
{ "type": "Feature", "properties": { "内容": "特別養護老人ホームさんすまいる唐原【短期入所生活介護】福岡県福岡市東区唐原7-15-51", "url": "https://www.kaigokensaku.mhlw.go.jp/40/index.php?action_kouhyou_detail_004_kani=true&JigyosyoCd=4070804408-00&ServiceCd=210&Type=search", "url2": "http://tounoharu.sunsmile.or.jp/" }, "geometry": { "type": "Point", "coordinates": [ 130.448789300000044, 33.6757544 ] } },
{ "type": "Feature", "properties": { "内容": "介護老人福祉施設　奈多創生園【短期入所生活介護】福岡県福岡市東区雁の巣1丁目7番25号", "url": "https://www.kaigokensaku.mhlw.go.jp/40/index.php?action_kouhyou_detail_004_kani=true&JigyosyoCd=4070800240-00&ServiceCd=210&Type=search", "url2": "http://www.souseikai.or.jp" }, "geometry": { "type": "Point", "coordinates": [ 130.408469841139208, 33.687653686750657 ] } },
{ "type": "Feature", "properties": { "内容": "光薫寺ビハーラ【短期入所生活介護】福岡市東区蒲田5丁目7番1号", "url": "https://www.kaigokensaku.mhlw.go.jp/40/index.php?action_kouhyou_detail_004_kani=true&JigyosyoCd=4070800257-00&ServiceCd=210&Type=search", "url2": "http://kokun-fukushikai/com" }, "geometry": { "type": "Point", "coordinates": [ 130.492945599999985, 33.6446892 ] } },
{ "type": "Feature", "properties": { "内容": "特別養護老人ホーム　サンシャイン【短期入所生活介護】福岡市東区原田１丁目４１番１号", "url": "https://www.kaigokensaku.mhlw.go.jp/40/index.php?action_kouhyou_detail_004_kani=true&JigyosyoCd=4070800265-00&ServiceCd=210&Type=search", "url2": "http://www.sunshine.or.jp" }, "geometry": { "type": "Point", "coordinates": [ 130.438014899999985, 33.6165358 ] } },
{ "type": "Feature", "properties": { "内容": "特別養護老人ホームいきいき八田【短期入所生活介護】福岡県福岡市東区八田１丁目4番15号", "url": "https://www.kaigokensaku.mhlw.go.jp/40/index.php?action_kouhyou_detail_004_kani=true&JigyosyoCd=4070801420-00&ServiceCd=210&Type=search", "url2": "http://chidorifukushi.jp" }, "geometry": { "type": "Point", "coordinates": [ 130.457179900000028, 33.6331679 ] } },
{ "type": "Feature", "properties": { "内容": "特別養護老人ホームいきいき箱崎【短期入所生活介護】福岡県福岡市東区箱崎6丁目18番7号", "url": "https://www.kaigokensaku.mhlw.go.jp/40/index.php?action_kouhyou_detail_004_kani=true&JigyosyoCd=4070802956-00&ServiceCd=210&Type=search", "url2": "http//chidorifukushi.jp" }, "geometry": { "type": "Point", "coordinates": [ 130.421485100000041, 33.6256289 ] } },
{ "type": "Feature", "properties": { "内容": "短期入所生活介護　シエル名島【短期入所生活介護】福岡市東区名島３丁目５２番５号（特別養護老人ホームシエル名島に併設）", "url": "https://www.kaigokensaku.mhlw.go.jp/40/index.php?action_kouhyou_detail_004_kani=true&JigyosyoCd=4070803111-00&ServiceCd=210&Type=search", "url2": "http://www.kouwakai-ciel.jp" }, "geometry": { "type": "Point", "coordinates": [ 130.433528, 33.6437437 ] } },
{ "type": "Feature", "properties": { "内容": "光薫寺ビハーラ【短期入所生活介護】福岡市東区蒲田5丁目7番1号", "url": "https://www.kaigokensaku.mhlw.go.jp/40/index.php?action_kouhyou_detail_004_kani=true&JigyosyoCd=4070803939-00&ServiceCd=210&Type=search", "url2": "http://kokun-fukushikai.com" }, "geometry": { "type": "Point", "coordinates": [ 130.492957199999978, 33.6446564 ] } },
{ "type": "Feature", "properties": { "内容": "地域密着型介護老人福祉施設照葉【短期入所生活介護】福岡市東区香椎照葉3-4-3", "url": "https://www.kaigokensaku.mhlw.go.jp/40/index.php?action_kouhyou_detail_004_kani=true&JigyosyoCd=4090800261-00&ServiceCd=210&Type=search", "url2": "https://itofukushikai.com/" }, "geometry": { "type": "Point", "coordinates": [ 130.421591600000056, 33.6605775 ] } },
{ "type": "Feature", "properties": { "内容": "特別養護老人ホームなごみの里【短期入所生活介護】福岡市東区名子3丁目23番50号", "url": "https://www.kaigokensaku.mhlw.go.jp/40/index.php?action_kouhyou_detail_004_kani=true&JigyosyoCd=4070801040-00&ServiceCd=210&Type=search", "url2": "www.tatara-fukushikai.com" }, "geometry": { "type": "Point", "coordinates": [ 130.471481, 33.6420753 ] } },
{ "type": "Feature", "properties": { "内容": "特別養護老人ホーム　さんすまいる唐原【短期入所生活介護】福岡県福岡市東区唐原７－１５－５１", "url": "https://www.kaigokensaku.mhlw.go.jp/40/index.php?action_kouhyou_detail_004_kani=true&JigyosyoCd=4070801354-00&ServiceCd=210&Type=search", "url2": "http//www.sunsmile-t.or.jp" }, "geometry": { "type": "Point", "coordinates": [ 130.44887540000002, 33.6757878 ] } },
{ "type": "Feature", "properties": { "内容": "特別養護老人ホーム　つくしの里　ショートステイ【短期入所生活介護】福岡県福岡市東区名子1丁目16番10号つくしの里1丁目ユニット、2丁目ユニット、3丁目ユニット、新町ユニット", "url": "https://www.kaigokensaku.mhlw.go.jp/40/index.php?action_kouhyou_detail_004_kani=true&JigyosyoCd=4070803277-00&ServiceCd=210&Type=search", "url2": "http://www.tatara-fukushikai.com" }, "geometry": { "type": "Point", "coordinates": [ 130.475928100000033, 33.6358232 ] } },
{ "type": "Feature", "properties": { "内容": "特別養護老人ホームすこやか【短期入所生活介護】福岡市東区下原４丁目１８番２５号", "url": "https://www.kaigokensaku.mhlw.go.jp/40/index.php?action_kouhyou_detail_004_kani=true&JigyosyoCd=4070803483-00&ServiceCd=210&Type=search", "url2": "http://www.hanabusa.or.jp" }, "geometry": { "type": "Point", "coordinates": [ 130.454180599999972, 33.6756935 ] } },
{ "type": "Feature", "properties": { "内容": "ショートステイフレンドピーチちはや【短期入所生活介護】福岡県福岡市東区千早1丁目17番16号", "url": "https://www.kaigokensaku.mhlw.go.jp/40/index.php?action_kouhyou_detail_004_kani=true&JigyosyoCd=4070805215-00&ServiceCd=210&Type=search", "url2": "www.friendpeach.or.jp" }, "geometry": { "type": "Point", "coordinates": [ 130.430382799999961, 33.6500769 ] } },
{ "type": "Feature", "properties": { "内容": "ラ・ナシカ　みとま【短期入所生活介護】福岡県福岡市東区三苫五丁目4番39号ラ・ナシカ　みとま", "url": "https://www.kaigokensaku.mhlw.go.jp/40/index.php?action_kouhyou_detail_004_kani=true&JigyosyoCd=4070801966-00&ServiceCd=210&Type=search", "url2": "https://www.cedar-group.co.jp/" }, "geometry": { "type": "Point", "coordinates": [ 130.421384499999931, 33.7037502 ] } },
{ "type": "Feature", "properties": { "内容": "月隈愛心の丘ショートステイ【短期入所生活介護】福岡市博多区月隈6-16-11", "url": "https://www.kaigokensaku.mhlw.go.jp/40/index.php?action_kouhyou_detail_004_kani=true&JigyosyoCd=4070903697-00&ServiceCd=210&Type=search", "url2": "http://aishinnooka.com" }, "geometry": { "type": "Point", "coordinates": [ 130.466819699999974, 33.5714886 ] } },
{ "type": "Feature", "properties": { "内容": "特別養護老人ホーム　洸寿園【短期入所生活介護】福岡県福岡市博多区金の隈3丁目24番55号", "url": "https://www.kaigokensaku.mhlw.go.jp/40/index.php?action_kouhyou_detail_004_kani=true&JigyosyoCd=4070900370-00&ServiceCd=210&Type=search", "url2": "https://www.seifu-kai.jp/kojuen/" }, "geometry": { "type": "Point", "coordinates": [ 130.480506, 33.5560116 ] } },
{ "type": "Feature", "properties": { "内容": "特別養護老人ホーム　博多さくら園【短期入所生活介護】福岡市博多区古門戸町４番２３号", "url": "https://www.kaigokensaku.mhlw.go.jp/40/index.php?action_kouhyou_detail_004_kani=true&JigyosyoCd=4070900388-00&ServiceCd=210&Type=search", "url2": "http://hakata-sakuraen.jp/" }, "geometry": { "type": "Point", "coordinates": [ 130.404704, 33.5980706 ] } },
{ "type": "Feature", "properties": { "内容": "シティケア博多【短期入所生活介護】福岡市博多区博多駅前4-22-2", "url": "https://www.kaigokensaku.mhlw.go.jp/40/index.php?action_kouhyou_detail_004_kani=true&JigyosyoCd=4070901584-00&ServiceCd=210&Type=search", "url2": "http://www.citycare.jp" }, "geometry": { "type": "Point", "coordinates": [ 130.418567100000018, 33.5847972 ] } },
{ "type": "Feature", "properties": { "内容": "特別養護老人ホーム　薔薇の樹苑【短期入所生活介護】福岡市博多区元町2丁目1番7号", "url": "https://www.kaigokensaku.mhlw.go.jp/40/index.php?action_kouhyou_detail_004_kani=true&JigyosyoCd=4070902079-00&ServiceCd=210&Type=search", "url2": "http://tokuwa.net" }, "geometry": { "type": "Point", "coordinates": [ 130.462764600000014, 33.5420309 ] } },
{ "type": "Feature", "properties": { "内容": "アットホーム諸岡【短期入所生活介護】福岡市博多区諸岡2-13-32", "url": "https://www.kaigokensaku.mhlw.go.jp/40/index.php?action_kouhyou_detail_004_kani=true&JigyosyoCd=4070903184-00&ServiceCd=210&Type=search", "url2": "http://www.keiaien.org/" }, "geometry": { "type": "Point", "coordinates": [ 130.452112700000043, 33.558448 ] } },
{ "type": "Feature", "properties": { "内容": "特別養護老人ホーム　りんごの家【短期入所生活介護】福岡市博多区井相田3-8-1", "url": "https://www.kaigokensaku.mhlw.go.jp/40/index.php?action_kouhyou_detail_004_kani=true&JigyosyoCd=4070903275-00&ServiceCd=210&Type=search", "url2": "http:/www:nposoyokaze.com/ringo" }, "geometry": { "type": "Point", "coordinates": [ 130.46669510000001, 33.5507183 ] } },
{ "type": "Feature", "properties": { "内容": "アットホーム福岡【短期入所生活介護】福岡県福岡市博多区千代1丁目1番55号複合型高齢者福祉施設　アットホーム福岡", "url": "https://www.kaigokensaku.mhlw.go.jp/40/index.php?action_kouhyou_detail_004_kani=true&JigyosyoCd=4070903804-00&ServiceCd=210&Type=search", "url2": "http://www.keiaien.org" }, "geometry": { "type": "Point", "coordinates": [ 130.420969199999945, 33.6002347 ] } },
{ "type": "Feature", "properties": { "内容": "ショートステイ　りんごの丘【短期入所生活介護】福岡市博多区光丘町1-2-41", "url": "https://www.kaigokensaku.mhlw.go.jp/40/index.php?action_kouhyou_detail_004_kani=true&JigyosyoCd=4070904315-00&ServiceCd=210&Type=search", "url2": "http://www.shafuku-soyokaze.com" }, "geometry": { "type": "Point", "coordinates": [ 130.465067200000021, 33.539859 ] } },
{ "type": "Feature", "properties": { "内容": "マザーハートショートステイサービス【短期入所生活介護】東光2-8-23", "url": "https://www.kaigokensaku.mhlw.go.jp/40/index.php?action_kouhyou_detail_004_kani=true&JigyosyoCd=4070904620-00&ServiceCd=210&Type=search", "url2": null }, "geometry": { "type": "Point", "coordinates": [ 130.426561699999979, 33.5942108 ] } },
{ "type": "Feature", "properties": { "内容": "アットホーム板付【短期入所生活介護】福岡市博多区板付6-1-17", "url": "https://www.kaigokensaku.mhlw.go.jp/40/index.php?action_kouhyou_detail_004_kani=true&JigyosyoCd=4070905221-00&ServiceCd=210&Type=search", "url2": "http://www.keiaien.org" }, "geometry": { "type": "Point", "coordinates": [ 130.4572447, 33.5583971 ] } },
{ "type": "Feature", "properties": { "内容": "アットホーム博多の森【短期入所生活介護】福岡県福岡市博多区大字下月隈73番１アットホーム博多の森", "url": "https://www.kaigokensaku.mhlw.go.jp/40/index.php?action_kouhyou_detail_004_kani=true&JigyosyoCd=4070901782-00&ServiceCd=210&Type=search", "url2": "http//www.keiaien.org/" }, "geometry": { "type": "Point", "coordinates": [ 130.466022299999963, 33.5808097 ] } },
{ "type": "Feature", "properties": { "内容": "月隈愛心の丘【短期入所生活介護】福岡市博多区月隈６丁目１６番１１号", "url": "https://www.kaigokensaku.mhlw.go.jp/40/index.php?action_kouhyou_detail_004_kani=true&JigyosyoCd=4070900420-00&ServiceCd=210&Type=search", "url2": "http://www.aishinnooka.com" }, "geometry": { "type": "Point", "coordinates": [ 130.466819699999974, 33.5714886 ] } },
{ "type": "Feature", "properties": { "内容": "ケアイン博多ショートステイサービス【短期入所生活介護】東那珂一丁目８番８号", "url": "https://www.kaigokensaku.mhlw.go.jp/40/index.php?action_kouhyou_detail_004_kani=true&JigyosyoCd=4070904885-00&ServiceCd=210&Type=search", "url2": "kouryokukai-fukuoka.jimdofree.com" }, "geometry": { "type": "Point", "coordinates": [ 130.439125072352567, 33.577317215081194 ] } },
{ "type": "Feature", "properties": { "内容": "さわやか立花館【短期入所生活介護】福岡県福岡市博多区立花寺173-15", "url": "https://www.kaigokensaku.mhlw.go.jp/40/index.php?action_kouhyou_detail_004_kani=true&JigyosyoCd=4070901873-00&ServiceCd=210&Type=search", "url2": "http://sawayakaclub.jp" }, "geometry": { "type": "Point", "coordinates": [ 130.4754524, 33.5691974 ] } },
{ "type": "Feature", "properties": { "内容": "ライフケア大手門　短期入所生活介護事業所【短期入所生活介護】福岡市中央区大手門2丁目5番15号ライフケア大手門", "url": "https://www.kaigokensaku.mhlw.go.jp/40/index.php?action_kouhyou_detail_004_kani=true&JigyosyoCd=4071000469-00&ServiceCd=210&Type=search", "url2": "http://www.o-lifecare.com" }, "geometry": { "type": "Point", "coordinates": [ 130.3832538416641, 33.591881505676064 ] } },
{ "type": "Feature", "properties": { "内容": "特別養護老人ホームはなみずき園【短期入所生活介護】福岡市中央区鳥飼二丁目４番８号", "url": "https://www.kaigokensaku.mhlw.go.jp/40/index.php?action_kouhyou_detail_004_kani=true&JigyosyoCd=4071000618-00&ServiceCd=210&Type=search", "url2": null }, "geometry": { "type": "Point", "coordinates": [ 130.370773399999962, 33.5835716 ] } },
{ "type": "Feature", "properties": { "内容": "梅光園短期入所生活介護【短期入所生活介護】福岡県福岡市中央区梅光園３－４－１", "url": "https://www.kaigokensaku.mhlw.go.jp/40/index.php?action_kouhyou_detail_004_kani=true&JigyosyoCd=4071001715-00&ServiceCd=210&Type=search", "url2": "http://www.tenjyukai.com" }, "geometry": { "type": "Point", "coordinates": [ 130.376495400000067, 33.5686983 ] } },
{ "type": "Feature", "properties": { "内容": "短期入所生活介護おざさ【短期入所生活介護】福岡市中央区小笹1丁目14-27", "url": "https://www.kaigokensaku.mhlw.go.jp/40/index.php?action_kouhyou_detail_004_kani=true&JigyosyoCd=4071002069-00&ServiceCd=210&Type=search", "url2": "http://tachiarai-kouseien.jp/" }, "geometry": { "type": "Point", "coordinates": [ 130.389773500000047, 33.5631118 ] } },
{ "type": "Feature", "properties": { "内容": "早稲田イーライフ福岡ドーム南ショートステイ【短期入所生活介護】地行2-13-16", "url": "https://www.kaigokensaku.mhlw.go.jp/40/index.php?action_kouhyou_detail_004_kani=true&JigyosyoCd=4071002697-00&ServiceCd=210&Type=search", "url2": "http://www.waseda-elife.com/" }, "geometry": { "type": "Point", "coordinates": [ 130.364307199999985, 33.5888071 ] } },
{ "type": "Feature", "properties": { "内容": "ショートステイ煌奏館【短期入所生活介護】福岡県福岡市中央区清川2丁目17番17号", "url": "https://www.kaigokensaku.mhlw.go.jp/40/index.php?action_kouhyou_detail_004_kani=true&JigyosyoCd=4071002945-00&ServiceCd=210&Type=search", "url2": "http://asukafukushikai.com" }, "geometry": { "type": "Point", "coordinates": [ 130.410084486209939, 33.578337046635475 ] } },
{ "type": "Feature", "properties": { "内容": "南折立病院　短期入所生活介護【短期入所生活介護】横手１丁目１４－１", "url": "https://www.kaigokensaku.mhlw.go.jp/40/index.php?action_kouhyou_detail_004_kani=true&JigyosyoCd=4071104477-00&ServiceCd=210&Type=search", "url2": null }, "geometry": { "type": "Point", "coordinates": [ 130.437775674205028, 33.551123168065281 ] } },
{ "type": "Feature", "properties": { "内容": "回生園ショートステイ【短期入所生活介護】福岡市南区的場２丁目３番３号", "url": "https://www.kaigokensaku.mhlw.go.jp/40/index.php?action_kouhyou_detail_004_kani=true&JigyosyoCd=4071100087-00&ServiceCd=210&Type=search", "url2": "http://care-net.biz/40/seishinkai/" }, "geometry": { "type": "Point", "coordinates": [ 130.431839696002214, 33.54367999401628 ] } },
{ "type": "Feature", "properties": { "内容": "社会福祉法人福岡白百合会　花畑ホームアイナリーケア【短期入所生活介護】福岡県福岡市南区大平寺2丁目37-18", "url": "https://www.kaigokensaku.mhlw.go.jp/40/index.php?action_kouhyou_detail_004_kani=true&JigyosyoCd=4071100244-00&ServiceCd=210&Type=search", "url2": "http:/fukuokashirayurikai.com/hanahata/" }, "geometry": { "type": "Point", "coordinates": [ 130.390580093350962, 33.529013756160445 ] } },
{ "type": "Feature", "properties": { "内容": "特別養護老人ホーム　花の季苑【短期入所生活介護】福岡県福岡市南区和田4-16-1", "url": "https://www.kaigokensaku.mhlw.go.jp/40/index.php?action_kouhyou_detail_004_kani=true&JigyosyoCd=4071100251-00&ServiceCd=210&Type=search", "url2": "http://tokuwa.net" }, "geometry": { "type": "Point", "coordinates": [ 130.421498499999984, 33.5489011 ] } },
{ "type": "Feature", "properties": { "内容": "第２花畑ホームアイナリーケア【短期入所生活介護】福岡市南区柏原715-13", "url": "https://www.kaigokensaku.mhlw.go.jp/40/index.php?action_kouhyou_detail_004_kani=true&JigyosyoCd=4071100269-00&ServiceCd=210&Type=search", "url2": "http://fukuokashirayurikai.com/dai2hanahata/" }, "geometry": { "type": "Point", "coordinates": [ 130.383791699999961, 33.5132567 ] } },
{ "type": "Feature", "properties": { "内容": "特別養護老人ホーム　シティケア　長住【短期入所生活介護】福岡市南区長住3丁目7番1号", "url": "https://www.kaigokensaku.mhlw.go.jp/40/index.php?action_kouhyou_detail_004_kani=true&JigyosyoCd=4071100699-00&ServiceCd=210&Type=search", "url2": "http://citycare.jp" }, "geometry": { "type": "Point", "coordinates": [ 130.393639399999984, 33.5524729 ] } },
{ "type": "Feature", "properties": { "内容": "原病院短期入所生活介護事業所ショートステイ若草【短期入所生活介護】福岡県福岡市南区若久2-7-12", "url": "https://www.kaigokensaku.mhlw.go.jp/40/index.php?action_kouhyou_detail_004_kani=true&JigyosyoCd=4071101481-00&ServiceCd=210&Type=search", "url2": "http://www.hara-hospital.com/" }, "geometry": { "type": "Point", "coordinates": [ 130.418015299999979, 33.5533061 ] } },
{ "type": "Feature", "properties": { "内容": "特別養護老人ホーム鹿助荘【短期入所生活介護】福岡県福岡市南区西長住2丁目1-57", "url": "https://www.kaigokensaku.mhlw.go.jp/40/index.php?action_kouhyou_detail_004_kani=true&JigyosyoCd=4071101994-00&ServiceCd=210&Type=search", "url2": "http://www.nagao.or.jp" }, "geometry": { "type": "Point", "coordinates": [ 130.392103499999962, 33.5508286 ] } },
{ "type": "Feature", "properties": { "内容": "ふくよかケアプラザ大平寺の森短期入所一期多会【短期入所生活介護】福岡市南区大平寺２丁目１３番３０号ふくよかケアプラザ大平寺の森", "url": "https://www.kaigokensaku.mhlw.go.jp/40/index.php?action_kouhyou_detail_004_kani=true&JigyosyoCd=4071102208-00&ServiceCd=210&Type=search", "url2": "http://www.fukuyoka.com" }, "geometry": { "type": "Point", "coordinates": [ 130.3933849, 33.5303974 ] } },
{ "type": "Feature", "properties": { "内容": "特別養護老人ホームウィステリア福岡【短期入所生活介護】福岡県福岡市南区野多目3丁目3番1号特別養護老人ホームウィステリア福岡", "url": "https://www.kaigokensaku.mhlw.go.jp/40/index.php?action_kouhyou_detail_004_kani=true&JigyosyoCd=4071106373-00&ServiceCd=210&Type=search", "url2": "https://www.tokuwa.net/about" }, "geometry": { "type": "Point", "coordinates": [ 130.4181027, 33.5415396 ] } },
{ "type": "Feature", "properties": { "内容": "おおはし徳巣【短期入所生活介護】福岡市南区大橋団地５－１", "url": "https://www.kaigokensaku.mhlw.go.jp/40/index.php?action_kouhyou_detail_004_kani=true&JigyosyoCd=4071103149-00&ServiceCd=210&Type=search", "url2": null }, "geometry": { "type": "Point", "coordinates": [ 130.431605900000022, 33.5568976 ] } },
{ "type": "Feature", "properties": { "内容": "特別養護老人ホーム　藤ヶ丘荘【短期入所生活介護】福岡市南区桧原1丁目18-11", "url": "https://www.kaigokensaku.mhlw.go.jp/40/index.php?action_kouhyou_detail_004_kani=true&JigyosyoCd=4071103636-00&ServiceCd=210&Type=search", "url2": "http://www.nagao.or.jp/fujigaokaso/" }, "geometry": { "type": "Point", "coordinates": [ 130.393854, 33.5398272 ] } },
{ "type": "Feature", "properties": { "内容": "ムーンシャドウ　ショートステイサービス【短期入所生活介護】福岡県福岡市南区柳瀬１丁目１５番１号", "url": "https://www.kaigokensaku.mhlw.go.jp/40/index.php?action_kouhyou_detail_004_kani=true&JigyosyoCd=4071104436-00&ServiceCd=210&Type=search", "url2": "https://www.tokuwa.net/moon" }, "geometry": { "type": "Point", "coordinates": [ 130.435436500000037, 33.5356419 ] } },
{ "type": "Feature", "properties": { "内容": "ショートステイ　さかいの樹【短期入所生活介護】福岡県福岡市南区向新町1-14-12堺メディカルケアビル", "url": "https://www.kaigokensaku.mhlw.go.jp/40/index.php?action_kouhyou_detail_004_kani=true&JigyosyoCd=4071104774-00&ServiceCd=210&Type=search", "url2": "http://www.med-sakai.jp/sakainoki/wp-content/themes/sakainoki/images/pdf/med-build2015.pdf" }, "geometry": { "type": "Point", "coordinates": [ 130.42865089999998, 33.5427714 ] } },
{ "type": "Feature", "properties": { "内容": "ショートステイグッドライフ野間【短期入所生活介護】福岡県福岡市南区野間3-15-1", "url": "https://www.kaigokensaku.mhlw.go.jp/40/index.php?action_kouhyou_detail_004_kani=true&JigyosyoCd=4071105300-00&ServiceCd=210&Type=search", "url2": "https://good-life.or.jp/" }, "geometry": { "type": "Point", "coordinates": [ 130.414817155819719, 33.561216967280977 ] } },
{ "type": "Feature", "properties": { "内容": "市崎の杜（ショートステイ）【短期入所生活介護】福岡県福岡市南区市崎１丁目１５－１１", "url": "https://www.kaigokensaku.mhlw.go.jp/40/index.php?action_kouhyou_detail_004_kani=true&JigyosyoCd=4071105854-00&ServiceCd=210&Type=search", "url2": "http://www.nanokakai.jp" }, "geometry": { "type": "Point", "coordinates": [ 130.40364790000001, 33.5713541 ] } },
{ "type": "Feature", "properties": { "内容": "ショートステイ　恵【短期入所生活介護】福岡県福岡市南区花畑1丁目1番24号", "url": "https://www.kaigokensaku.mhlw.go.jp/40/index.php?action_kouhyou_detail_004_kani=true&JigyosyoCd=4071104675-00&ServiceCd=210&Type=search", "url2": "http://www.keikoukai-megumi.jp/" }, "geometry": { "type": "Point", "coordinates": [ 130.40655, 33.5409659 ] } },
{ "type": "Feature", "properties": { "内容": "特別養護老人ホーム　松月園【短期入所生活介護】福岡市南区老司5-12-4", "url": "https://www.kaigokensaku.mhlw.go.jp/40/index.php?action_kouhyou_detail_004_kani=true&JigyosyoCd=4071100202-00&ServiceCd=210&Type=search", "url2": "matudukien2@msd.biglobe.ne.jp" }, "geometry": { "type": "Point", "coordinates": [ 130.417957600000022, 33.528706 ] } },
{ "type": "Feature", "properties": { "内容": "ケア・ラポート野間　短期入所生活介護【短期入所生活介護】福岡県福岡市南区大池1－26－20", "url": "https://www.kaigokensaku.mhlw.go.jp/40/index.php?action_kouhyou_detail_004_kani=true&JigyosyoCd=4071101937-00&ServiceCd=210&Type=search", "url2": "http://www.117294.jp" }, "geometry": { "type": "Point", "coordinates": [ 130.4054827, 33.5565779 ] } },
{ "type": "Feature", "properties": { "内容": "ライフケア柏原【短期入所生活介護】福岡県福岡市南区柏原４－２９－５", "url": "https://www.kaigokensaku.mhlw.go.jp/40/index.php?action_kouhyou_detail_004_kani=true&JigyosyoCd=4071104014-00&ServiceCd=210&Type=search", "url2": "http://www.o-lifecare.com" }, "geometry": { "type": "Point", "coordinates": [ 130.396873599999907, 33.5241923 ] } },
{ "type": "Feature", "properties": { "内容": "ショートステイ　光の丘【短期入所生活介護】福岡県福岡市南区若久団地9番1号", "url": "https://www.kaigokensaku.mhlw.go.jp/40/index.php?action_kouhyou_detail_004_kani=true&JigyosyoCd=4071105474-00&ServiceCd=210&Type=search", "url2": null }, "geometry": { "type": "Point", "coordinates": [ 130.419876434736096, 33.553548675076762 ] } },
{ "type": "Feature", "properties": { "内容": "ショートステイ　歴史の里【短期入所生活介護】福岡市西区徳永397番地の46", "url": "https://www.kaigokensaku.mhlw.go.jp/40/index.php?action_kouhyou_detail_004_kani=true&JigyosyoCd=4071200275-00&ServiceCd=210&Type=search", "url2": "https://rekishinosato.jp" }, "geometry": { "type": "Point", "coordinates": [ 130.2617818, 33.5661769 ] } },
{ "type": "Feature", "properties": { "内容": "特別養護老人ホーム　愛信園【短期入所生活介護】福岡県福岡市西区吉武297番地", "url": "https://www.kaigokensaku.mhlw.go.jp/40/index.php?action_kouhyou_detail_004_kani=true&JigyosyoCd=4071200325-00&ServiceCd=210&Type=search", "url2": null }, "geometry": { "type": "Point", "coordinates": [ 130.312059500000032, 33.5355868 ] } },
{ "type": "Feature", "properties": { "内容": "特別養護老人ホーム　七樹苑【短期入所生活介護】福岡県福岡市西区今宿上ノ原１６番地の１", "url": "https://www.kaigokensaku.mhlw.go.jp/40/index.php?action_kouhyou_detail_004_kani=true&JigyosyoCd=4071200358-00&ServiceCd=210&Type=search", "url2": "http://www.fujinomikai.com/" }, "geometry": { "type": "Point", "coordinates": [ 130.283891499999982, 33.5668142 ] } },
{ "type": "Feature", "properties": { "内容": "寿生苑ショートステイ【短期入所生活介護】福岡市西区大字田尻東3丁目2705番地1", "url": "https://www.kaigokensaku.mhlw.go.jp/40/index.php?action_kouhyou_detail_004_kani=true&JigyosyoCd=4071200390-00&ServiceCd=210&Type=search", "url2": "http://www.imayamakai.or.jp/" }, "geometry": { "type": "Point", "coordinates": [ 130.259428399999933, 33.5896662 ] } },
{ "type": "Feature", "properties": { "内容": "日赤大寿園ショートステイサービスセンター【短期入所生活介護】福岡市西区今津520", "url": "https://www.kaigokensaku.mhlw.go.jp/40/index.php?action_kouhyou_detail_004_kani=true&JigyosyoCd=4071200416-00&ServiceCd=210&Type=search", "url2": "http://www.taijuen.jrc.or.jp/taijuen" }, "geometry": { "type": "Point", "coordinates": [ 130.272480099999939, 33.6016187 ] } },
{ "type": "Feature", "properties": { "内容": "指定短期入所生活介護事業所　リハモール福岡【短期入所生活介護】福岡市西区野方7丁目780番1", "url": "https://www.kaigokensaku.mhlw.go.jp/40/index.php?action_kouhyou_detail_004_kani=true&JigyosyoCd=4071201091-00&ServiceCd=210&Type=search", "url2": "http://www18.ocn.ne.jp/^rmf/" }, "geometry": { "type": "Point", "coordinates": [ 130.303917899999988, 33.5577989 ] } },
{ "type": "Feature", "properties": { "内容": "ショートステイ　フラワーガーデン【短期入所生活介護】福岡市西区拾六町1丁目２１－１１", "url": "https://www.kaigokensaku.mhlw.go.jp/40/index.php?action_kouhyou_detail_004_kani=true&JigyosyoCd=4071201489-00&ServiceCd=210&Type=search", "url2": "http://www.flowergarden-web.com/" }, "geometry": { "type": "Point", "coordinates": [ 130.316324900000041, 33.5645126 ] } },
{ "type": "Feature", "properties": { "内容": "特別養護老人ホーム　能古清和園【短期入所生活介護】福岡市西区能古７７７番地１", "url": "https://www.kaigokensaku.mhlw.go.jp/40/index.php?action_kouhyou_detail_004_kani=true&JigyosyoCd=4071201604-00&ServiceCd=210&Type=search", "url2": "https://seiwaen-care.jp" }, "geometry": { "type": "Point", "coordinates": [ 130.306569500000023, 33.6090333 ] } },
{ "type": "Feature", "properties": { "内容": "ショートステイ美の里【短期入所生活介護】福岡県福岡市西区田尻東2丁目２５３５", "url": "https://www.kaigokensaku.mhlw.go.jp/40/index.php?action_kouhyou_detail_004_kani=true&JigyosyoCd=4071202008-00&ServiceCd=210&Type=search", "url2": "https://imayamakai.or.jp/" }, "geometry": { "type": "Point", "coordinates": [ 130.255853699999989, 33.5883661 ] } },
{ "type": "Feature", "properties": { "内容": "ショートステイ　あおい【短期入所生活介護】福岡県福岡市西区室見が丘2丁目22番1号", "url": "https://www.kaigokensaku.mhlw.go.jp/40/index.php?action_kouhyou_detail_004_kani=true&JigyosyoCd=4071202693-00&ServiceCd=210&Type=search", "url2": "http://www.fukushi-aoi.jp/" }, "geometry": { "type": "Point", "coordinates": [ 130.320667500000013, 33.5211214 ] } },
{ "type": "Feature", "properties": { "内容": "介護老人福祉施設下山門【短期入所生活介護】福岡市西区下山門4-6-1", "url": "https://www.kaigokensaku.mhlw.go.jp/40/index.php?action_kouhyou_detail_004_kani=true&JigyosyoCd=4071202925-00&ServiceCd=210&Type=search", "url2": "https://itofukushikai.com/" }, "geometry": { "type": "Point", "coordinates": [ 130.308128000317907, 33.579496982033646 ] } },
{ "type": "Feature", "properties": { "内容": "ショートステイなのくに【短期入所生活介護】福岡県福岡市西区拾六町団地２番１８号", "url": "https://www.kaigokensaku.mhlw.go.jp/40/index.php?action_kouhyou_detail_004_kani=true&JigyosyoCd=4071203220-00&ServiceCd=210&Type=search", "url2": "http://www.keitokukai.jp/" }, "geometry": { "type": "Point", "coordinates": [ 130.30783120000001, 33.565979 ] } },
{ "type": "Feature", "properties": { "内容": "ショートステイ　いと楽し【短期入所生活介護】福岡県福岡市西区徳永北1-52地域複合福祉センター　いと楽し", "url": "https://www.kaigokensaku.mhlw.go.jp/40/index.php?action_kouhyou_detail_004_kani=true&JigyosyoCd=4071203527-00&ServiceCd=210&Type=search", "url2": "https://ito.fukuwel.or.jp" }, "geometry": { "type": "Point", "coordinates": [ 130.258717627508531, 33.576196123888003 ] } },
{ "type": "Feature", "properties": { "内容": "短期入所生活介護　今津創生園【短期入所生活介護】福岡県福岡市西区今津5324-5", "url": "https://www.kaigokensaku.mhlw.go.jp/40/index.php?action_kouhyou_detail_004_kani=true&JigyosyoCd=4071203634-00&ServiceCd=210&Type=search", "url2": "http://www.souseikai.or.jp/company.html" }, "geometry": { "type": "Point", "coordinates": [ 130.251510315808105, 33.605118841366789 ] } },
{ "type": "Feature", "properties": { "内容": "ショートステイ　海の花【短期入所生活介護】福岡県福岡市西区今津6015番地", "url": "https://www.kaigokensaku.mhlw.go.jp/40/index.php?action_kouhyou_detail_004_kani=true&JigyosyoCd=4071204202-00&ServiceCd=210&Type=search", "url2": "https://saiunnouta.com/" }, "geometry": { "type": "Point", "coordinates": [ 130.2706823, 33.5976543 ] } },
{ "type": "Feature", "properties": { "内容": "ショートステイ　かあむ茜月【短期入所生活介護】福岡県福岡市西区大字飯盛23-1", "url": "https://www.kaigokensaku.mhlw.go.jp/40/index.php?action_kouhyou_detail_004_kani=true&JigyosyoCd=4091200586-00&ServiceCd=210&Type=search", "url2": "https://kaeikai.jp/" }, "geometry": { "type": "Point", "coordinates": [ 130.32271486788909, 33.539611300389637 ] } },
{ "type": "Feature", "properties": { "内容": "ショートステイ　ディグニティ内浜【短期入所生活介護】福岡県福岡市西区内浜2丁目９－２３", "url": "https://www.kaigokensaku.mhlw.go.jp/40/index.php?action_kouhyou_detail_004_kani=true&JigyosyoCd=4071203071-00&ServiceCd=210&Type=search", "url2": "http://asukafukushikai.com/" }, "geometry": { "type": "Point", "coordinates": [ 130.315408100000013, 33.5833999 ] } },
{ "type": "Feature", "properties": { "内容": "ショートステイ松生園【短期入所生活介護】福岡市西区今宿青木1093-22", "url": "https://www.kaigokensaku.mhlw.go.jp/40/index.php?action_kouhyou_detail_004_kani=true&JigyosyoCd=4071200424-00&ServiceCd=210&Type=search", "url2": "http://www.shoseien.jp/" }, "geometry": { "type": "Point", "coordinates": [ 130.291176899999982, 33.5768692 ] } },
{ "type": "Feature", "properties": { "内容": "ショートステイ松生園【短期入所生活介護】福岡県福岡市西区今宿青木1093-22", "url": "https://www.kaigokensaku.mhlw.go.jp/40/index.php?action_kouhyou_detail_004_kani=true&JigyosyoCd=4071203345-00&ServiceCd=210&Type=search", "url2": "http://www.shoseien.jp/" }, "geometry": { "type": "Point", "coordinates": [ 130.291165699999965, 33.5769553 ] } },
{ "type": "Feature", "properties": { "内容": "マナハウス短期入所生活介護事業所【短期入所生活介護】福岡市西区戸切3丁目20番8号", "url": "https://www.kaigokensaku.mhlw.go.jp/40/index.php?action_kouhyou_detail_004_kani=true&JigyosyoCd=4071201075-00&ServiceCd=210&Type=search", "url2": "http://www.sawara-fukushikai.org/manahouse/" }, "geometry": { "type": "Point", "coordinates": [ 130.313672799999949, 33.5523773 ] } },
{ "type": "Feature", "properties": { "内容": "地域密着型特別養護老人ホームサンガーデン短期入所生活介護【短期入所生活介護】福岡県福岡市西区羽根戸５２１", "url": "https://www.kaigokensaku.mhlw.go.jp/40/index.php?action_kouhyou_detail_004_kani=true&JigyosyoCd=4071202347-00&ServiceCd=210&Type=search", "url2": "https://www.iimorikai.jp" }, "geometry": { "type": "Point", "coordinates": [ 130.309209499999952, 33.5444722 ] } },
{ "type": "Feature", "properties": { "内容": "ショートステイサービス初花【短期入所生活介護】福岡県福岡市西区姪浜駅南4丁目18番8号", "url": "https://www.kaigokensaku.mhlw.go.jp/40/index.php?action_kouhyou_detail_004_kani=true&JigyosyoCd=4071203105-00&ServiceCd=210&Type=search", "url2": "http://www.fcs.or.jp/" }, "geometry": { "type": "Point", "coordinates": [ 130.33002369999997, 33.5790447 ] } },
{ "type": "Feature", "properties": { "内容": "ショートステイ飛鳥【短期入所生活介護】福岡市城南区鳥飼6丁目2番16号", "url": "https://www.kaigokensaku.mhlw.go.jp/40/index.php?action_kouhyou_detail_004_kani=true&JigyosyoCd=4071300182-00&ServiceCd=210&Type=search", "url2": "https://www.torikai.org" }, "geometry": { "type": "Point", "coordinates": [ 130.368501499999979, 33.5756307 ] } },
{ "type": "Feature", "properties": { "内容": "油山福祉の里【短期入所生活介護】福岡市城南区大字東油山字黒の原４９９番地１６", "url": "https://www.kaigokensaku.mhlw.go.jp/40/index.php?action_kouhyou_detail_004_kani=true&JigyosyoCd=4071300224-00&ServiceCd=210&Type=search", "url2": "http://www.fukusikai.or.jp" }, "geometry": { "type": "Point", "coordinates": [ 130.376091836553996, 33.528324523946843 ] } },
{ "type": "Feature", "properties": { "内容": "特別養護老人ホーム　油山緑寿園【短期入所生活介護】福岡市城南区南片江4-14-1", "url": "https://www.kaigokensaku.mhlw.go.jp/40/index.php?action_kouhyou_detail_004_kani=true&JigyosyoCd=4071300331-00&ServiceCd=210&Type=search", "url2": "http://www.jyounan-fk.com/" }, "geometry": { "type": "Point", "coordinates": [ 130.3748554, 33.5359716 ] } },
{ "type": "Feature", "properties": { "内容": "白熊園ショートステイサービス【短期入所生活介護】福岡市城南区別府7-5-45", "url": "https://www.kaigokensaku.mhlw.go.jp/40/index.php?action_kouhyou_detail_004_kani=true&JigyosyoCd=4071300810-00&ServiceCd=210&Type=search", "url2": "http://www.hakuyuu.or.jp/" }, "geometry": { "type": "Point", "coordinates": [ 130.368262800000025, 33.5693091 ] } },
{ "type": "Feature", "properties": { "内容": "短期入所生活介護　陽だまり【短期入所生活介護】福岡市城南区東油山1丁目33番11号", "url": "https://www.kaigokensaku.mhlw.go.jp/40/index.php?action_kouhyou_detail_004_kani=true&JigyosyoCd=4071301529-00&ServiceCd=210&Type=search", "url2": "http://hinoki-kai.com/hidamari/" }, "geometry": { "type": "Point", "coordinates": [ 130.382499400000029, 33.5362163 ] } },
{ "type": "Feature", "properties": { "内容": "城南の杜ショートステイ【短期入所生活介護】福岡県福岡市城南区梅林３丁目１０番８号", "url": "https://www.kaigokensaku.mhlw.go.jp/40/index.php?action_kouhyou_detail_004_kani=true&JigyosyoCd=4071302410-00&ServiceCd=210&Type=search", "url2": "http://www.keishinkai-s.or.jp" }, "geometry": { "type": "Point", "coordinates": [ 130.356492300000014, 33.5478613 ] } },
{ "type": "Feature", "properties": { "内容": "ケアタウン茶山短期入所生活介護【短期入所生活介護】福岡県福岡市城南区茶山3丁目9番1号", "url": "https://www.kaigokensaku.mhlw.go.jp/40/index.php?action_kouhyou_detail_004_kani=true&JigyosyoCd=4071302493-00&ServiceCd=210&Type=search", "url2": "https://chayama.fukusiminsei.or.jp/" }, "geometry": { "type": "Point", "coordinates": [ 130.365194, 33.560835 ] } },
{ "type": "Feature", "properties": { "内容": "特別養護老人ホームよりあいの森【短期入所生活介護】福岡県福岡市城南区別府7丁目9-22", "url": "https://www.kaigokensaku.mhlw.go.jp/40/index.php?action_kouhyou_detail_004_kani=true&JigyosyoCd=4091300113-00&ServiceCd=210&Type=search", "url2": "http://yoriainomori.com" }, "geometry": { "type": "Point", "coordinates": [ 130.367529699999977, 33.56639 ] } },
{ "type": "Feature", "properties": { "内容": "特別養護老人ホーム恵風苑【短期入所生活介護】福岡市早良区内野７丁目２５－１０", "url": "https://www.kaigokensaku.mhlw.go.jp/40/index.php?action_kouhyou_detail_004_kani=true&JigyosyoCd=4071400230-00&ServiceCd=210&Type=search", "url2": "http://www.keifuuen.jp" }, "geometry": { "type": "Point", "coordinates": [ 130.343736199999967, 33.4937243 ] } },
{ "type": "Feature", "properties": { "内容": "特別養護老人ホーム　たちばな【短期入所生活介護】福岡市早良区干隈4丁目18-10", "url": "https://www.kaigokensaku.mhlw.go.jp/40/index.php?action_kouhyou_detail_004_kani=true&JigyosyoCd=4071400255-00&ServiceCd=210&Type=search", "url2": "http://www.seiwakai-muta-hp.or.jp/welfare/" }, "geometry": { "type": "Point", "coordinates": [ 130.345565, 33.5546633 ] } },
{ "type": "Feature", "properties": { "内容": "ショートステイ　香楠荘【短期入所生活介護】福岡県福岡市早良区東入部2丁目16番17号", "url": "https://www.kaigokensaku.mhlw.go.jp/40/index.php?action_kouhyou_detail_004_kani=true&JigyosyoCd=4071400495-00&ServiceCd=210&Type=search", "url2": "https://www.kounansou.jp" }, "geometry": { "type": "Point", "coordinates": [ 130.33609720000004, 33.517252700000014 ] } },
{ "type": "Feature", "properties": { "内容": "特別養護老人ホーム　あおぞら【短期入所生活介護】福岡市早良区城西2丁目6番27号", "url": "https://www.kaigokensaku.mhlw.go.jp/40/index.php?action_kouhyou_detail_004_kani=true&JigyosyoCd=4071401162-00&ServiceCd=210&Type=search", "url2": "http://shafukuaratam.wix.com/shafukuaratahp" }, "geometry": { "type": "Point", "coordinates": [ 130.362127, 33.5781081 ] } },
{ "type": "Feature", "properties": { "内容": "特別養護老人ホーム　サンシャインプラザ【短期入所生活介護】福岡市早良区田村2丁目15番2号", "url": "https://www.kaigokensaku.mhlw.go.jp/40/index.php?action_kouhyou_detail_004_kani=true&JigyosyoCd=4071401329-00&ServiceCd=210&Type=search", "url2": "http//sunshine-plaza.or.jp/sun_plaza/" }, "geometry": { "type": "Point", "coordinates": [ 130.332327099999929, 33.5461973 ] } },
{ "type": "Feature", "properties": { "内容": "介護老人福祉施設　けやき【短期入所生活介護】福岡市早良区荒江3丁目20番1号", "url": "https://www.kaigokensaku.mhlw.go.jp/40/index.php?action_kouhyou_detail_004_kani=true&JigyosyoCd=4071401600-00&ServiceCd=210&Type=search", "url2": "https://seiwakai-care.jp/" }, "geometry": { "type": "Point", "coordinates": [ 130.351347499999946, 33.570256 ] } },
{ "type": "Feature", "properties": { "内容": "ショートステイ　なでしこ【短期入所生活介護】福岡市早良区干隈4丁目10番12号", "url": "https://www.kaigokensaku.mhlw.go.jp/40/index.php?action_kouhyou_detail_004_kani=true&JigyosyoCd=4071403176-00&ServiceCd=210&Type=search", "url2": "https://seiwakai-care.jp" }, "geometry": { "type": "Point", "coordinates": [ 130.348942500000021, 33.5555271 ] } },
{ "type": "Feature", "properties": { "内容": "ショートステイ　香楠荘【短期入所生活介護】福岡県福岡市早良区東入部2-16-17", "url": "https://www.kaigokensaku.mhlw.go.jp/40/index.php?action_kouhyou_detail_004_kani=true&JigyosyoCd=4071403473-00&ServiceCd=210&Type=search", "url2": "http://www.kounansou.jp" }, "geometry": { "type": "Point", "coordinates": [ 130.33609720000004, 33.5172527 ] } },
{ "type": "Feature", "properties": { "内容": "短期入所生活介護　ラ･ポール有田【短期入所生活介護】有田7丁目2－4", "url": "https://www.kaigokensaku.mhlw.go.jp/40/index.php?action_kouhyou_detail_004_kani=true&JigyosyoCd=4071403739-00&ServiceCd=210&Type=search", "url2": "http://www.a-mizuhokai.jp" }, "geometry": { "type": "Point", "coordinates": [ 130.329899, 33.5641376 ] } },
{ "type": "Feature", "properties": { "内容": "（介護予防）短期入所生活介護　サンシャインセンター【短期入所生活介護】福岡県福岡市早良区干隈６丁目１０番２０号", "url": "https://www.kaigokensaku.mhlw.go.jp/40/index.php?action_kouhyou_detail_004_kani=true&JigyosyoCd=4071404000-00&ServiceCd=210&Type=search", "url2": "http://http://sunshine-plaza.or.jp" }, "geometry": { "type": "Point", "coordinates": [ 130.346513209786963, 33.54894955970876 ] } },
{ "type": "Feature", "properties": { "内容": "特別養護老人ホーム　次郎丸の里【短期入所生活介護】次郎丸4-7-8", "url": "https://www.kaigokensaku.mhlw.go.jp/40/index.php?action_kouhyou_detail_004_kani=true&JigyosyoCd=4071404216-00&ServiceCd=210&Type=search", "url2": "http://www.jiroumarunosato.com/" }, "geometry": { "type": "Point", "coordinates": [ 130.330156183467125, 33.549357433689146 ] } },
{ "type": "Feature", "properties": { "内容": "さわらふれあいの里【短期入所生活介護】福岡県福岡市早良区早良1丁目5番33号さわらふれあいの里", "url": "https://www.kaigokensaku.mhlw.go.jp/40/index.php?action_kouhyou_detail_004_kani=true&JigyosyoCd=4071404133-00&ServiceCd=210&Type=search", "url2": "http://fureaino-sato.net/" }, "geometry": { "type": "Point", "coordinates": [ 130.337222500000053, 33.5070536 ] } },
{ "type": "Feature", "properties": { "内容": "介護老人福祉施設高取【短期入所生活介護】福岡県福岡市早良区昭代2-14-11", "url": "https://www.kaigokensaku.mhlw.go.jp/40/index.php?action_kouhyou_detail_004_kani=true&JigyosyoCd=4071404166-00&ServiceCd=210&Type=search", "url2": "https://itofukushikai.com/guide/takatori/" }, "geometry": { "type": "Point", "coordinates": [ 130.352972200000067, 33.5754583 ] } },
{ "type": "Feature", "properties": { "内容": "ライフケアしかた【短期入所生活介護】福岡県福岡市早良区四箇６丁目１２番４１号", "url": "https://www.kaigokensaku.mhlw.go.jp/40/index.php?action_kouhyou_detail_004_kani=true&JigyosyoCd=4071402053-00&ServiceCd=210&Type=search", "url2": "http://www.o-lifecare.com" }, "geometry": { "type": "Point", "coordinates": [ 130.331094300000018, 33.530243 ] } },
{ "type": "Feature", "properties": { "内容": "介護老人福祉施設　ユニット型短期入所生活介護【短期入所生活介護】福岡県大牟田市中町１丁目４－１", "url": "https://www.kaigokensaku.mhlw.go.jp/40/index.php?action_kouhyou_detail_004_kani=true&JigyosyoCd=4071503983-00&ServiceCd=210&Type=search", "url2": "s-soreiyu.com" }, "geometry": { "type": "Point", "coordinates": [ 130.44364490000001, 33.0405558 ] } },
{ "type": "Feature", "properties": { "内容": "介護老人福祉施設美さと【短期入所生活介護】福岡県大牟田市南船津町1丁目10番地", "url": "https://www.kaigokensaku.mhlw.go.jp/40/index.php?action_kouhyou_detail_004_kani=true&JigyosyoCd=4071501276-00&ServiceCd=210&Type=search", "url2": "http://www.kenkougroup.or.jp/" }, "geometry": { "type": "Point", "coordinates": [ 130.4357913, 33.008661 ] } },
{ "type": "Feature", "properties": { "内容": "特別養護老人ホーム天光園「かみうち」【短期入所生活介護】岩本新町2丁目4番地3", "url": "https://www.kaigokensaku.mhlw.go.jp/40/index.php?action_kouhyou_detail_004_kani=true&JigyosyoCd=4071503322-00&ServiceCd=210&Type=search", "url2": "http://www.tenkouen.com/" }, "geometry": { "type": "Point", "coordinates": [ 130.490487115344166, 33.071544898168291 ] } },
{ "type": "Feature", "properties": { "内容": "ショートステイサービスすぎの木【短期入所生活介護】福岡県大牟田市甘木４４番地１", "url": "https://www.kaigokensaku.mhlw.go.jp/40/index.php?action_kouhyou_detail_004_kani=true&JigyosyoCd=4071502993-00&ServiceCd=210&Type=search", "url2": "http://sugi-no-ki.jp" }, "geometry": { "type": "Point", "coordinates": [ 130.46516195886079, 33.06033072719206 ] } },
{ "type": "Feature", "properties": { "内容": "アルフォンス・メロウ【短期入所生活介護】福岡県大牟田市城町１丁目７番地５アルフォンス・メロウ", "url": "https://www.kaigokensaku.mhlw.go.jp/40/index.php?action_kouhyou_detail_004_kani=true&JigyosyoCd=4071503264-00&ServiceCd=210&Type=search", "url2": "http：//www.s-soreiyu.com" }, "geometry": { "type": "Point", "coordinates": [ 130.443583686508191, 33.044314018637863 ] } },
{ "type": "Feature", "properties": { "内容": "サン久福木短期入所生活介護施設【短期入所生活介護】福岡県大牟田市大字久福木894番地", "url": "https://www.kaigokensaku.mhlw.go.jp/40/index.php?action_kouhyou_detail_004_kani=true&JigyosyoCd=4071500781-00&ServiceCd=210&Type=search", "url2": "http://www.genkokai.or.jp" }, "geometry": { "type": "Point", "coordinates": [ 130.490761799999973, 33.0559018 ] } },
{ "type": "Feature", "properties": { "内容": "延寿苑短期入所生活介護サービス【短期入所生活介護】福岡県大牟田市大字今山4345－1", "url": "https://www.kaigokensaku.mhlw.go.jp/40/index.php?action_kouhyou_detail_004_kani=true&JigyosyoCd=4071500419-00&ServiceCd=210&Type=search", "url2": "https://enjuen.or.jp" }, "geometry": { "type": "Point", "coordinates": [ 130.485737455819731, 33.02782744394041 ] } },
{ "type": "Feature", "properties": { "内容": "特別養護老人ホーム天光園【短期入所生活介護】福岡県大牟田市大字倉永693番地", "url": "https://www.kaigokensaku.mhlw.go.jp/40/index.php?action_kouhyou_detail_004_kani=true&JigyosyoCd=4071500476-00&ServiceCd=210&Type=search", "url2": "http://www.tenkouen.com" }, "geometry": { "type": "Point", "coordinates": [ 130.464220365327122, 33.076430812238591 ] } },
{ "type": "Feature", "properties": { "内容": "特別養護老人ホーム　サンフレンズ【短期入所生活介護】福岡県大牟田市沖田町510番地", "url": "https://www.kaigokensaku.mhlw.go.jp/40/index.php?action_kouhyou_detail_004_kani=true&JigyosyoCd=4071500690-00&ServiceCd=210&Type=search", "url2": "http://sunfriends.net/" }, "geometry": { "type": "Point", "coordinates": [ 130.449082200000021, 33.0117361 ] } },
{ "type": "Feature", "properties": { "内容": "特別養護老人ホーム天光園「たちばな」【短期入所生活介護】福岡県大牟田市大字橘字原ノ前1494番地1", "url": "https://www.kaigokensaku.mhlw.go.jp/40/index.php?action_kouhyou_detail_004_kani=true&JigyosyoCd=4071502480-00&ServiceCd=210&Type=search", "url2": "http://www.tenkouen.com/" }, "geometry": { "type": "Point", "coordinates": [ 130.477946402621455, 33.069862213414275 ] } },
{ "type": "Feature", "properties": { "内容": "老人短期入所事業所サンホリデー【短期入所生活介護】福岡県大牟田市岬2860-2", "url": "https://www.kaigokensaku.mhlw.go.jp/40/index.php?action_kouhyou_detail_004_kani=true&JigyosyoCd=4071501946-00&ServiceCd=210&Type=search", "url2": "https://sunholiday.jp/" }, "geometry": { "type": "Point", "coordinates": [ 130.43736709999996, 33.0684381 ] } },
{ "type": "Feature", "properties": { "内容": "ショートステイ昌普久苑【短期入所生活介護】福岡県大牟田市上白川町２丁目３１－３", "url": "https://www.kaigokensaku.mhlw.go.jp/40/index.php?action_kouhyou_detail_004_kani=true&JigyosyoCd=4071502258-00&ServiceCd=210&Type=search", "url2": "https://omuta-shofukuen.com" }, "geometry": { "type": "Point", "coordinates": [ 130.465291900000011, 33.044336 ] } },
{ "type": "Feature", "properties": { "内容": "特別養護老人ホーム山翠園【短期入所生活介護】福岡県久留米市山本町耳納２００５番地", "url": "https://www.kaigokensaku.mhlw.go.jp/40/index.php?action_kouhyou_detail_004_kani=true&JigyosyoCd=4071600268-00&ServiceCd=210&Type=search", "url2": "http://sansuien-kurume.net/" }, "geometry": { "type": "Point", "coordinates": [ 130.613767899999971, 33.3118692 ] } },
{ "type": "Feature", "properties": { "内容": "マ・メゾン湯乃坂【短期入所生活介護】福岡県久留米市野中町1198-1", "url": "https://www.kaigokensaku.mhlw.go.jp/40/index.php?action_kouhyou_detail_004_kani=true&JigyosyoCd=4071603742-00&ServiceCd=210&Type=search", "url2": "http://www.mamaison.jp" }, "geometry": { "type": "Point", "coordinates": [ 130.5307434, 33.3072932 ] } },
{ "type": "Feature", "properties": { "内容": "ショートステイなごみの森【短期入所生活介護】福岡県久留米市城島町大依315番地1", "url": "https://www.kaigokensaku.mhlw.go.jp/40/index.php?action_kouhyou_detail_004_kani=true&JigyosyoCd=4071604963-00&ServiceCd=210&Type=search", "url2": "http://www.swc-hohoemi.or.jp" }, "geometry": { "type": "Point", "coordinates": [ 130.434296192698667, 33.256764522848272 ] } },
{ "type": "Feature", "properties": { "内容": "ショートステイ第２なごみの森【短期入所生活介護】福岡県久留米市城島町大依306番地", "url": "https://www.kaigokensaku.mhlw.go.jp/40/index.php?action_kouhyou_detail_004_kani=true&JigyosyoCd=4071606083-00&ServiceCd=210&Type=search", "url2": "http://www.swc-hohoemi.or.jp" }, "geometry": { "type": "Point", "coordinates": [ 130.4345918, 33.2562267 ] } },
{ "type": "Feature", "properties": { "内容": "第２ひじり園　ショートステイサービス【短期入所生活介護】福岡県久留米市善導寺町飯田1393-11", "url": "https://www.kaigokensaku.mhlw.go.jp/40/index.php?action_kouhyou_detail_004_kani=true&JigyosyoCd=4071604153-00&ServiceCd=210&Type=search", "url2": "http://hijirikai.com/" }, "geometry": { "type": "Point", "coordinates": [ 130.616972700000019, 33.3254986 ] } },
{ "type": "Feature", "properties": { "内容": "すみれショートステイサービス【短期入所生活介護】久留米市津福本町１３００－１", "url": "https://www.kaigokensaku.mhlw.go.jp/40/index.php?action_kouhyou_detail_004_kani=true&JigyosyoCd=4071605069-00&ServiceCd=210&Type=search", "url2": "https://viola-societa.com/" }, "geometry": { "type": "Point", "coordinates": [ 130.499886668400507, 33.302470945568182 ] } },
{ "type": "Feature", "properties": { "内容": "老人短期入所事業桜花台園【短期入所生活介護】福岡県久留米市高良内町字丸深田3919-7", "url": "https://www.kaigokensaku.mhlw.go.jp/40/index.php?action_kouhyou_detail_004_kani=true&JigyosyoCd=4071603023-00&ServiceCd=210&Type=search", "url2": "http://www.keifukukai.jp" }, "geometry": { "type": "Point", "coordinates": [ 130.551831399999969, 33.2875261 ] } },
{ "type": "Feature", "properties": { "内容": "介護老人福祉施設ひじり園　短期入所生活介護【短期入所生活介護】福岡県久留米市田主丸町石垣1291-6", "url": "https://www.kaigokensaku.mhlw.go.jp/40/index.php?action_kouhyou_detail_004_kani=true&JigyosyoCd=4077400036-00&ServiceCd=210&Type=search", "url2": "http://hijirikai.com/" }, "geometry": { "type": "Point", "coordinates": [ 130.70652670000004, 33.3265335 ] } },
{ "type": "Feature", "properties": { "内容": "介護老人保健施設　こが２１【短期入所生活介護】福岡県久留米市宮ノ陣3丁目3番9号", "url": "https://www.kaigokensaku.mhlw.go.jp/40/index.php?action_kouhyou_detail_004_kani=true&JigyosyoCd=4071605952-00&ServiceCd=210&Type=search", "url2": "http://www.tenjinkai.or.jp/page/kaigo/index.html" }, "geometry": { "type": "Point", "coordinates": [ 130.536145199999964, 33.335991 ] } },
{ "type": "Feature", "properties": { "内容": "みづま敬和苑ショートステイ【短期入所生活介護】福岡県久留米市三潴町西牟田6128－1", "url": "https://www.kaigokensaku.mhlw.go.jp/40/index.php?action_kouhyou_detail_004_kani=true&JigyosyoCd=4071602520-00&ServiceCd=210&Type=search", "url2": "http://www.keiwaen.com/miduma_keiwaen/" }, "geometry": { "type": "Point", "coordinates": [ 130.482893500000046, 33.2432652 ] } },
{ "type": "Feature", "properties": { "内容": "第三みづま敬和苑ショートステイ【短期入所生活介護】福岡県久留米市西牟田6128-1", "url": "https://www.kaigokensaku.mhlw.go.jp/40/index.php?action_kouhyou_detail_004_kani=true&JigyosyoCd=4071606919-00&ServiceCd=210&Type=search", "url2": "http://www.keiwaen.com/miduma_keiwaen/" }, "geometry": { "type": "Point", "coordinates": [ 130.4796364, 33.2352863 ] } },
{ "type": "Feature", "properties": { "内容": "唐孔雀園ケアプランサービス【短期入所生活介護】福岡県久留米市青峰三丁目12番1号", "url": "https://www.kaigokensaku.mhlw.go.jp/40/index.php?action_kouhyou_detail_004_kani=true&JigyosyoCd=4071600326-00&ServiceCd=210&Type=search", "url2": "http://keifukukai.jp/index.html" }, "geometry": { "type": "Point", "coordinates": [ 130.556292399999961, 33.2813212 ] } },
{ "type": "Feature", "properties": { "内容": "特別養護老人ホームショートステイ　光の杜【短期入所生活介護】福岡県久留米市宮ノ陣町大杜460-1", "url": "https://www.kaigokensaku.mhlw.go.jp/40/index.php?action_kouhyou_detail_004_kani=true&JigyosyoCd=4071604161-00&ServiceCd=210&Type=search", "url2": "https://kojyuen.net" }, "geometry": { "type": "Point", "coordinates": [ 130.545034399999963, 33.3366357 ] } },
{ "type": "Feature", "properties": { "内容": "ショートステイサービス　共生の里　荒木【短期入所生活介護】久留米市荒木町白口1515", "url": "https://www.kaigokensaku.mhlw.go.jp/40/index.php?action_kouhyou_detail_004_kani=true&JigyosyoCd=4071605077-00&ServiceCd=210&Type=search", "url2": "http://ks-kyousei.jp/" }, "geometry": { "type": "Point", "coordinates": [ 130.511189027986148, 33.280878084127991 ] } },
{ "type": "Feature", "properties": { "内容": "かみつショートステイ【短期入所生活介護】福岡県久留米市上津町新井手1870-1", "url": "https://www.kaigokensaku.mhlw.go.jp/40/index.php?action_kouhyou_detail_004_kani=true&JigyosyoCd=4071606158-00&ServiceCd=210&Type=search", "url2": "http://www.youfukukai.or.jp/" }, "geometry": { "type": "Point", "coordinates": [ 130.539948461019122, 33.279108334069896 ] } },
{ "type": "Feature", "properties": { "内容": "特別養護老人ホームふれあいの園【短期入所生活介護】福岡県久留米市城島町上青木165番地", "url": "https://www.kaigokensaku.mhlw.go.jp/40/index.php?action_kouhyou_detail_004_kani=true&JigyosyoCd=4077800045-00&ServiceCd=210&Type=search", "url2": "http://www.fureainosono.com/" }, "geometry": { "type": "Point", "coordinates": [ 130.411226700000043, 33.2438193 ] } },
{ "type": "Feature", "properties": { "内容": "短期入所生活介護　光寿苑【短期入所生活介護】久留米市宮ノ陣町大杜467-1", "url": "https://www.kaigokensaku.mhlw.go.jp/40/index.php?action_kouhyou_detail_004_kani=true&JigyosyoCd=4071600367-00&ServiceCd=210&Type=search", "url2": "http://www.kojyuen.com/kojyuen/tokuyou/" }, "geometry": { "type": "Point", "coordinates": [ 130.545542699999942, 33.3370801 ] } },
{ "type": "Feature", "properties": { "内容": "ショートステイセンター耳納さんぽみち【短期入所生活介護】福岡県久留米市山川町1084番地1", "url": "https://www.kaigokensaku.mhlw.go.jp/40/index.php?action_kouhyou_detail_004_kani=true&JigyosyoCd=4071604104-00&ServiceCd=210&Type=search", "url2": null }, "geometry": { "type": "Point", "coordinates": [ 130.575793299999987, 33.3092326 ] } },
{ "type": "Feature", "properties": { "内容": "医療法人秋吉内科　ショートステイこもれび【短期入所生活介護】福岡県久留米市荘島町17-67", "url": "https://www.kaigokensaku.mhlw.go.jp/40/index.php?action_kouhyou_detail_004_kani=true&JigyosyoCd=4071605218-00&ServiceCd=210&Type=search", "url2": "https://sites.google.com/kurumeakiyoshi.org/main/ショートステイこもれび" }, "geometry": { "type": "Point", "coordinates": [ 130.507681025795023, 33.315060852028054 ] } },
{ "type": "Feature", "properties": { "内容": "長生園ショートステイサービス【短期入所生活介護】福岡県久留米市荒木町下荒木１２５０－２", "url": "https://www.kaigokensaku.mhlw.go.jp/40/index.php?action_kouhyou_detail_004_kani=true&JigyosyoCd=4071600672-00&ServiceCd=210&Type=search", "url2": "http://www.k-tyouseien.com" }, "geometry": { "type": "Point", "coordinates": [ 130.480718300000035, 33.2671323 ] } },
{ "type": "Feature", "properties": { "内容": "ショートステイ　銀の庵【短期入所生活介護】福岡県久留米市北野町十郎丸１５２９－２", "url": "https://www.kaigokensaku.mhlw.go.jp/40/index.php?action_kouhyou_detail_004_kani=true&JigyosyoCd=4071604179-00&ServiceCd=210&Type=search", "url2": "http://ginnoan.jp/" }, "geometry": { "type": "Point", "coordinates": [ 130.57352620000006, 33.3434434 ] } },
{ "type": "Feature", "properties": { "内容": "特別養護老人ホームやまかわショートステイ【短期入所生活介護】福岡県久留米市山川安居野1丁目6番21特別養護老人ホーム　やまかわ", "url": "https://www.kaigokensaku.mhlw.go.jp/40/index.php?action_kouhyou_detail_004_kani=true&JigyosyoCd=4071606505-00&ServiceCd=210&Type=search", "url2": "http://www．houseien．net/" }, "geometry": { "type": "Point", "coordinates": [ 130.568494580425948, 33.318332089097524 ] } },
{ "type": "Feature", "properties": { "内容": "ショートステイサービス　ふじの郷【短期入所生活介護】福岡県久留米市白山町３９０齋藤醫院　２階３階", "url": "https://www.kaigokensaku.mhlw.go.jp/40/index.php?action_kouhyou_detail_004_kani=true&JigyosyoCd=4071607677-00&ServiceCd=210&Type=search", "url2": "hibikinomori@nifty.com" }, "geometry": { "type": "Point", "coordinates": [ 130.4996165, 33.3165104 ] } },
{ "type": "Feature", "properties": { "内容": "特別養護老人ホーム　宝生園【短期入所生活介護】福岡県久留米市北野町鳥巣字浜36番地1特別養護老人ホーム　宝生園", "url": "https://www.kaigokensaku.mhlw.go.jp/40/index.php?action_kouhyou_detail_004_kani=true&JigyosyoCd=4077600015-00&ServiceCd=210&Type=search", "url2": "http://www.houseien.net/" }, "geometry": { "type": "Point", "coordinates": [ 130.5803674, 33.3330999 ] } },
{ "type": "Feature", "properties": { "内容": "さわやかこすもす館【短期入所生活介護】久留米市北野町今山２", "url": "https://www.kaigokensaku.mhlw.go.jp/40/index.php?action_kouhyou_detail_004_kani=true&JigyosyoCd=4071602587-00&ServiceCd=210&Type=search", "url2": "http://www.sawayakaclub.jp" }, "geometry": { "type": "Point", "coordinates": [ 130.57503440000005, 33.3413547 ] } },
{ "type": "Feature", "properties": { "内容": "特別養護老人ホーム紅葉樹【短期入所生活介護】福岡県久留米市山本町豊田1567-1", "url": "https://www.kaigokensaku.mhlw.go.jp/40/index.php?action_kouhyou_detail_004_kani=true&JigyosyoCd=4071601886-00&ServiceCd=210&Type=search", "url2": "http://www.hazenomikai.or.jp" }, "geometry": { "type": "Point", "coordinates": [ 130.593578168122804, 33.309009148421644 ] } },
{ "type": "Feature", "properties": { "内容": "明星苑コスモス　短期入所生活介護【短期入所生活介護】福岡県久留米市国分町991番地1介護老人保健施設　明星苑コスモス", "url": "https://www.kaigokensaku.mhlw.go.jp/40/index.php?action_kouhyou_detail_004_kani=true&JigyosyoCd=4071604740-00&ServiceCd=210&Type=search", "url2": "http://www.tsuji-i.com/cosmos.html" }, "geometry": { "type": "Point", "coordinates": [ 130.534366144457948, 33.291870758902313 ] } },
{ "type": "Feature", "properties": { "内容": "特別養護老人ホーム　陽だまりの樹【短期入所生活介護】福岡県久留米市山本町豊田2352-1", "url": "https://www.kaigokensaku.mhlw.go.jp/40/index.php?action_kouhyou_detail_004_kani=true&JigyosyoCd=4071604989-00&ServiceCd=210&Type=search", "url2": "www.hazenomikai.or.jp" }, "geometry": { "type": "Point", "coordinates": [ 130.595464, 33.3103327 ] } },
{ "type": "Feature", "properties": { "内容": "特別養護老人ホーム久留米昌普久苑【短期入所生活介護】福岡県久留米市上津町1890‐1", "url": "https://www.kaigokensaku.mhlw.go.jp/40/index.php?action_kouhyou_detail_004_kani=true&JigyosyoCd=4071606927-00&ServiceCd=210&Type=search", "url2": "https://kurumeshoufukuen.jp/" }, "geometry": { "type": "Point", "coordinates": [ 130.536954, 33.277027 ] } },
{ "type": "Feature", "properties": { "内容": "若久短期入所生活介護荒木【短期入所生活介護】福岡県久留米市荒木町荒木1984-1", "url": "https://www.kaigokensaku.mhlw.go.jp/40/index.php?action_kouhyou_detail_004_kani=true&JigyosyoCd=4071605127-00&ServiceCd=210&Type=search", "url2": "https://www.kyueikai.jp" }, "geometry": { "type": "Point", "coordinates": [ 130.510060709292588, 33.263597558632434 ] } },
{ "type": "Feature", "properties": { "内容": "特別養護老人ホームすみれそうのおがた【短期入所生活介護】福岡県直方市大字上境2027番1", "url": "https://www.kaigokensaku.mhlw.go.jp/40/index.php?action_kouhyou_detail_004_kani=true&JigyosyoCd=4071702601-00&ServiceCd=210&Type=search", "url2": "https://hanabusakai.jp/" }, "geometry": { "type": "Point", "coordinates": [ 130.752965100000011, 33.7272792 ] } },
{ "type": "Feature", "properties": { "内容": "さわやか直方館【短期入所生活介護】福岡県直方市大字山部442番地１", "url": "https://www.kaigokensaku.mhlw.go.jp/40/index.php?action_kouhyou_detail_004_kani=true&JigyosyoCd=4071700886-00&ServiceCd=210&Type=search", "url2": "http://sawayakaclub.jp" }, "geometry": { "type": "Point", "coordinates": [ 130.721396700000014, 33.7517912 ] } },
{ "type": "Feature", "properties": { "内容": "特別養護老人ホーム長光園【短期入所生活介護】福岡県直方市大字頓野２５９番地の５３", "url": "https://www.kaigokensaku.mhlw.go.jp/40/index.php?action_kouhyou_detail_004_kani=true&JigyosyoCd=4071701124-00&ServiceCd=210&Type=search", "url2": "http://www.seikou-kai.net/" }, "geometry": { "type": "Point", "coordinates": [ 130.765290400000026, 33.7530192 ] } },
{ "type": "Feature", "properties": { "内容": "青見ショートステイ【短期入所生活介護】直方市大字上新入2490番地14", "url": "https://www.kaigokensaku.mhlw.go.jp/40/index.php?action_kouhyou_detail_004_kani=true&JigyosyoCd=4071701561-00&ServiceCd=210&Type=search", "url2": "http://www.kenmeikai.jp/kenmeikai/index.html" }, "geometry": { "type": "Point", "coordinates": [ 130.71439220000002, 33.7416589 ] } },
{ "type": "Feature", "properties": { "内容": "特別養護老人ホーム愛和園・ユニット【短期入所生活介護】福岡県直方市大字中泉1182番地25", "url": "https://www.kaigokensaku.mhlw.go.jp/40/index.php?action_kouhyou_detail_004_kani=true&JigyosyoCd=4071702536-00&ServiceCd=210&Type=search", "url2": null }, "geometry": { "type": "Point", "coordinates": [ 130.7372803, 33.715434 ] } },
{ "type": "Feature", "properties": { "内容": "有料老人ホーム　すみの苑【短期入所生活介護】福岡県直方市知古1408-5", "url": "https://www.kaigokensaku.mhlw.go.jp/40/index.php?action_kouhyou_detail_004_kani=true&JigyosyoCd=4071700878-00&ServiceCd=210&Type=search", "url2": "https://suminoen.com/" }, "geometry": { "type": "Point", "coordinates": [ 130.71837238626938, 33.758697961809631 ] } },
{ "type": "Feature", "properties": { "内容": "短期入所生活介護　植木ひかり苑【短期入所生活介護】福岡県直方市大字植木1932-5", "url": "https://www.kaigokensaku.mhlw.go.jp/40/index.php?action_kouhyou_detail_004_kani=true&JigyosyoCd=4071701967-00&ServiceCd=210&Type=search", "url2": "http://suzunonekai.jp" }, "geometry": { "type": "Point", "coordinates": [ 130.6987977, 33.7824591 ] } },
{ "type": "Feature", "properties": { "内容": "ショートステイ　天空の杜【短期入所生活介護】福岡県飯塚市平恒181-1", "url": "https://www.kaigokensaku.mhlw.go.jp/40/index.php?action_kouhyou_detail_004_kani=true&JigyosyoCd=4071802013-00&ServiceCd=210&Type=search", "url2": "http://www.9-10.jp" }, "geometry": { "type": "Point", "coordinates": [ 130.686682799999971, 33.611422 ] } },
{ "type": "Feature", "properties": { "内容": "特別養護老人ホーム太陽の郷【短期入所生活介護】福岡県飯塚市下三緒６９０番地", "url": "https://www.kaigokensaku.mhlw.go.jp/40/index.php?action_kouhyou_detail_004_kani=true&JigyosyoCd=4071800397-00&ServiceCd=210&Type=search", "url2": "http://taiyonosato.jp/" }, "geometry": { "type": "Point", "coordinates": [ 130.701261100000011, 33.6328812 ] } },
{ "type": "Feature", "properties": { "内容": "特別養護老人ホーム本陣園【短期入所生活介護】福岡県飯塚市長尾884番地1", "url": "https://www.kaigokensaku.mhlw.go.jp/40/index.php?action_kouhyou_detail_004_kani=true&JigyosyoCd=4076100033-00&ServiceCd=210&Type=search", "url2": "https://care-net.biz/40/honjinen/" }, "geometry": { "type": "Point", "coordinates": [ 130.644122735009745, 33.575136577226885 ] } },
{ "type": "Feature", "properties": { "内容": "多田の里　短期入所生活介護事業所【短期入所生活介護】福岡県飯塚市多田309番地11", "url": "https://www.kaigokensaku.mhlw.go.jp/40/index.php?action_kouhyou_detail_004_kani=true&JigyosyoCd=4076300096-00&ServiceCd=210&Type=search", "url2": "http://tadanosato.jp/" }, "geometry": { "type": "Point", "coordinates": [ 130.741997399999946, 33.6439695 ] } },
{ "type": "Feature", "properties": { "内容": "ショートステイ　コスモス苑【短期入所生活介護】福岡県飯塚市伊川１２６２番地１", "url": "https://www.kaigokensaku.mhlw.go.jp/40/index.php?action_kouhyou_detail_004_kani=true&JigyosyoCd=4071801981-00&ServiceCd=210&Type=search", "url2": "http://f-shinwakai.or.jp/" }, "geometry": { "type": "Point", "coordinates": [ 130.65506419999997, 33.656483 ] } },
{ "type": "Feature", "properties": { "内容": "第二いずみ苑短期入所施設【短期入所生活介護】福岡県飯塚市庄司2003番地の4", "url": "https://www.kaigokensaku.mhlw.go.jp/40/index.php?action_kouhyou_detail_004_kani=true&JigyosyoCd=4071800413-00&ServiceCd=210&Type=search", "url2": "http://www.izumifukushikai.com/" }, "geometry": { "type": "Point", "coordinates": [ 130.661387949784853, 33.673003927534815 ] } },
{ "type": "Feature", "properties": { "内容": "第二いずみ苑短期入所施設(ユニット)【短期入所生活介護】福岡県飯塚市庄司2003-4", "url": "https://www.kaigokensaku.mhlw.go.jp/40/index.php?action_kouhyou_detail_004_kani=true&JigyosyoCd=4071803060-00&ServiceCd=210&Type=search", "url2": "https://izumifukushikai.com/" }, "geometry": { "type": "Point", "coordinates": [ 130.6612809, 33.6730004 ] } },
{ "type": "Feature", "properties": { "内容": "特別養護老人ホーム　かいた苑【短期入所生活介護】福岡県飯塚市勢田２５９３番地６５", "url": "https://www.kaigokensaku.mhlw.go.jp/40/index.php?action_kouhyou_detail_004_kani=true&JigyosyoCd=4076400045-00&ServiceCd=210&Type=search", "url2": null }, "geometry": { "type": "Point", "coordinates": [ 130.727075900000045, 33.7037573 ] } },
{ "type": "Feature", "properties": { "内容": "短期入所生活介護　わかつき菰田【短期入所生活介護】福岡県飯塚市菰田115番地2", "url": "https://www.kaigokensaku.mhlw.go.jp/40/index.php?action_kouhyou_detail_004_kani=true&JigyosyoCd=4071802633-00&ServiceCd=210&Type=search", "url2": "http://www.fcom.ne.jp/men/fureai-h" }, "geometry": { "type": "Point", "coordinates": [ 130.690989899999977, 33.6261013 ] } },
{ "type": "Feature", "properties": { "内容": "特別養護老人ホーム　つばき苑【短期入所生活介護】福岡県飯塚市椿623番地8", "url": "https://www.kaigokensaku.mhlw.go.jp/40/index.php?action_kouhyou_detail_004_kani=true&JigyosyoCd=4076200015-00&ServiceCd=210&Type=search", "url2": "https://tbk-en.jp" }, "geometry": { "type": "Point", "coordinates": [ 130.652126599999974, 33.6190342 ] } },
{ "type": "Feature", "properties": { "内容": "はくりゅう園ショートステイサービス【短期入所生活介護】福岡県飯塚市綱分192番地1", "url": "https://www.kaigokensaku.mhlw.go.jp/40/index.php?action_kouhyou_detail_004_kani=true&JigyosyoCd=4076300138-00&ServiceCd=210&Type=search", "url2": "http://www.hakuryuen.net/" }, "geometry": { "type": "Point", "coordinates": [ 130.737479991571007, 33.628051725714364 ] } },
{ "type": "Feature", "properties": { "内容": "ショートステイいいづか【短期入所生活介護】福岡県飯塚市花瀬157番地の1", "url": "https://www.kaigokensaku.mhlw.go.jp/40/index.php?action_kouhyou_detail_004_kani=true&JigyosyoCd=4071800272-00&ServiceCd=210&Type=search", "url2": "http://iihokai.com/" }, "geometry": { "type": "Point", "coordinates": [ 130.65925029999994, 33.6422154 ] } },
{ "type": "Feature", "properties": { "内容": "ショートステイ　くぬぎ苑【短期入所生活介護】福岡県飯塚市相田１１４－１", "url": "https://www.kaigokensaku.mhlw.go.jp/40/index.php?action_kouhyou_detail_004_kani=true&JigyosyoCd=4071801536-00&ServiceCd=210&Type=search", "url2": "http://kunugien.com/new/" }, "geometry": { "type": "Point", "coordinates": [ 130.661780200000067, 33.6570109 ] } },
{ "type": "Feature", "properties": { "内容": "ショートステイ　ことぶきの森【短期入所生活介護】福岡県飯塚市鯰田６９６－２１", "url": "https://www.kaigokensaku.mhlw.go.jp/40/index.php?action_kouhyou_detail_004_kani=true&JigyosyoCd=4071803169-00&ServiceCd=210&Type=search", "url2": "www.sayo-fukushikai.or.jp" }, "geometry": { "type": "Point", "coordinates": [ 130.706843599999956, 33.6638748 ] } },
{ "type": "Feature", "properties": { "内容": "特別養護老人ホーム　筑穂桜の園【短期入所生活介護】福岡県飯塚市長尾1428番地1", "url": "https://www.kaigokensaku.mhlw.go.jp/40/index.php?action_kouhyou_detail_004_kani=true&JigyosyoCd=4071803466-00&ServiceCd=210&Type=search", "url2": "http://www.iizuka-shakyo.net" }, "geometry": { "type": "Point", "coordinates": [ 130.643037199999981, 33.5728473 ] } },
{ "type": "Feature", "properties": { "内容": "社会福祉法人　特別養護老人ホーム　サミック飯塚【短期入所生活介護】福岡県飯塚市太郎丸712番地1", "url": "https://www.kaigokensaku.mhlw.go.jp/40/index.php?action_kouhyou_detail_004_kani=true&JigyosyoCd=4071804233-00&ServiceCd=210&Type=search", "url2": "https://summick.or.jp/iizuka/" }, "geometry": { "type": "Point", "coordinates": [ 130.668943399999989, 33.6047062 ] } },
{ "type": "Feature", "properties": { "内容": "特別養護老人ホーム寿楽園ショートステイ【短期入所生活介護】福岡県田川市大字伊加利2091-8", "url": "https://www.kaigokensaku.mhlw.go.jp/40/index.php?action_kouhyou_detail_004_kani=true&JigyosyoCd=4071900387-00&ServiceCd=210&Type=search", "url2": "http://jyurakuen.or.jp/" }, "geometry": { "type": "Point", "coordinates": [ 130.833601043435948, 33.617596692357225 ] } },
{ "type": "Feature", "properties": { "内容": "特別養護老人ホーム　ことぶき園短期入所生活介護【短期入所生活介護】福岡県田川市大字伊田431-1", "url": "https://www.kaigokensaku.mhlw.go.jp/40/index.php?action_kouhyou_detail_004_kani=true&JigyosyoCd=4071900189-00&ServiceCd=210&Type=search", "url2": "http://www.tagawafukushikai.com/" }, "geometry": { "type": "Point", "coordinates": [ 130.814466, 33.6433849 ] } },
{ "type": "Feature", "properties": { "内容": "むつみ園短期入所生活介護事業所【短期入所生活介護】田川市大字大字弓削田2838番地49特別養護老人ホーム　むつみ園", "url": "https://www.kaigokensaku.mhlw.go.jp/40/index.php?action_kouhyou_detail_004_kani=true&JigyosyoCd=4071900452-00&ServiceCd=210&Type=search", "url2": "http://fukuoka-mutsumien.com/" }, "geometry": { "type": "Point", "coordinates": [ 130.773476332889487, 33.633654095310526 ] } },
{ "type": "Feature", "properties": { "内容": "ふれ愛ビレッジ短期入所専用施設【短期入所生活介護】福岡県田川市大字糒字棚木7-1", "url": "https://www.kaigokensaku.mhlw.go.jp/40/index.php?action_kouhyou_detail_004_kani=true&JigyosyoCd=4071900460-00&ServiceCd=210&Type=search", "url2": "http://www.tagawafukushikai.com" }, "geometry": { "type": "Point", "coordinates": [ 130.814392406806945, 33.658907707647046 ] } },
{ "type": "Feature", "properties": { "内容": "さわやか田川館【短期入所生活介護】福岡県田川市大字伊田３９３－１", "url": "https://www.kaigokensaku.mhlw.go.jp/40/index.php?action_kouhyou_detail_004_kani=true&JigyosyoCd=4071901583-00&ServiceCd=210&Type=search", "url2": "http://www.sawayakaclub.jp" }, "geometry": { "type": "Point", "coordinates": [ 130.840376139083872, 33.641732505372964 ] } },
{ "type": "Feature", "properties": { "内容": "第二敬和苑ショートステイ事業【短期入所生活介護】福岡県柳川市大和町塩塚　1378", "url": "https://www.kaigokensaku.mhlw.go.jp/40/index.php?action_kouhyou_detail_004_kani=true&JigyosyoCd=4072000591-00&ServiceCd=210&Type=search", "url2": "http://www.keiwaen.or.jp" }, "geometry": { "type": "Point", "coordinates": [ 130.4349985, 33.1363874 ] } },
{ "type": "Feature", "properties": { "内容": "特別養護老人ホーム敬和苑【短期入所生活介護】福岡県柳川市大和町栄220-2", "url": "https://www.kaigokensaku.mhlw.go.jp/40/index.php?action_kouhyou_detail_004_kani=true&JigyosyoCd=4078800069-00&ServiceCd=210&Type=search", "url2": "http://www.keiwaen.com/" }, "geometry": { "type": "Point", "coordinates": [ 130.428707199999963, 33.1341485 ] } },
{ "type": "Feature", "properties": { "内容": "特別養護老人ホーム　ありあけ園【短期入所生活介護】柳川市三橋町五拾町547番地", "url": "https://www.kaigokensaku.mhlw.go.jp/40/index.php?action_kouhyou_detail_004_kani=true&JigyosyoCd=4078900042-00&ServiceCd=210&Type=search", "url2": "http://ariakeen.or.jp" }, "geometry": { "type": "Point", "coordinates": [ 130.458315979396701, 33.155694787362641 ] } },
{ "type": "Feature", "properties": { "内容": "特別養護老人ホーム　エルンテハイム【短期入所生活介護】福岡県柳川市三橋町蒲船津１９４－２", "url": "https://www.kaigokensaku.mhlw.go.jp/40/index.php?action_kouhyou_detail_004_kani=true&JigyosyoCd=4078900190-00&ServiceCd=210&Type=search", "url2": "http://ernteheim.shafuku.com" }, "geometry": { "type": "Point", "coordinates": [ 130.426048199999968, 33.1627784 ] } },
{ "type": "Feature", "properties": { "内容": "特別養護老人ホーム　ふるさとホーム【短期入所生活介護】福岡県柳川市東蒲池564-1", "url": "https://www.kaigokensaku.mhlw.go.jp/40/index.php?action_kouhyou_detail_004_kani=true&JigyosyoCd=4072000153-00&ServiceCd=210&Type=search", "url2": "https://www.gakuseikai.jp/service/furusatohome/" }, "geometry": { "type": "Point", "coordinates": [ 130.409638296295157, 33.185937178949239 ] } },
{ "type": "Feature", "properties": { "内容": "第二おやさと短期入所生活介護【短期入所生活介護】柳川市東蒲池225", "url": "https://www.kaigokensaku.mhlw.go.jp/40/index.php?action_kouhyou_detail_004_kani=true&JigyosyoCd=4072000187-00&ServiceCd=210&Type=search", "url2": "http://gakuseikai.or.jp/" }, "geometry": { "type": "Point", "coordinates": [ 130.4130437, 33.1868727 ] } },
{ "type": "Feature", "properties": { "内容": "星寿園ショートステイ【短期入所生活介護】福岡県八女市星野村２４００－１", "url": "https://www.kaigokensaku.mhlw.go.jp/40/index.php?action_kouhyou_detail_004_kani=true&JigyosyoCd=4078600055-00&ServiceCd=210&Type=search", "url2": "http://seijyuen.jp/" }, "geometry": { "type": "Point", "coordinates": [ 130.712248937482201, 33.257633541109776 ] } },
{ "type": "Feature", "properties": { "内容": "介護老人福祉施設　八女の里【短期入所生活介護】福岡県八女市柳島８６３番地", "url": "https://www.kaigokensaku.mhlw.go.jp/40/index.php?action_kouhyou_detail_004_kani=true&JigyosyoCd=4072300215-00&ServiceCd=210&Type=search", "url2": "http://www.yame-sato.com/" }, "geometry": { "type": "Point", "coordinates": [ 130.6072762, 33.2159011 ] } },
{ "type": "Feature", "properties": { "内容": "八女市特別養護老人ホームゆいのもり【短期入所生活介護】福岡県八女市矢部村矢部４０５８番地１", "url": "https://www.kaigokensaku.mhlw.go.jp/40/index.php?action_kouhyou_detail_004_kani=true&JigyosyoCd=4072300884-00&ServiceCd=210&Type=search", "url2": "yamesyakyo.jp/" }, "geometry": { "type": "Point", "coordinates": [ 130.828544700000066, 33.1447307 ] } },
{ "type": "Feature", "properties": { "内容": "ユニット型介護老人福祉施設　八女の里【短期入所生活介護】福岡県八女市柳島８６３", "url": "https://www.kaigokensaku.mhlw.go.jp/40/index.php?action_kouhyou_detail_004_kani=true&JigyosyoCd=4072301288-00&ServiceCd=210&Type=search", "url2": "http://www.yame-sato.com" }, "geometry": { "type": "Point", "coordinates": [ 130.607474683467075, 33.216112032841515 ] } },
{ "type": "Feature", "properties": { "内容": "桜の里ショートステイ【短期入所生活介護】福岡県八女市黒木町木屋２，８３０番地", "url": "https://www.kaigokensaku.mhlw.go.jp/40/index.php?action_kouhyou_detail_004_kani=true&JigyosyoCd=4078100049-00&ServiceCd=210&Type=search", "url2": "https://kurokifukushi.com" }, "geometry": { "type": "Point", "coordinates": [ 130.693122200000062, 33.2100898 ] } },
{ "type": "Feature", "properties": { "内容": "光陽の郷ショートステイ【短期入所生活介護】福岡県八女市上陽町北川内2818番地の1", "url": "https://www.kaigokensaku.mhlw.go.jp/40/index.php?action_kouhyou_detail_004_kani=true&JigyosyoCd=4078200047-00&ServiceCd=210&Type=search", "url2": null }, "geometry": { "type": "Point", "coordinates": [ 130.647959883467138, 33.232920290983436 ] } },
{ "type": "Feature", "properties": { "内容": "特別養護老人ホーム梅花園【短期入所生活介護】福岡県八女市立花町下辺春5460番地1", "url": "https://www.kaigokensaku.mhlw.go.jp/40/index.php?action_kouhyou_detail_004_kani=true&JigyosyoCd=4078300052-00&ServiceCd=210&Type=search", "url2": "http://www.baikaen/jp" }, "geometry": { "type": "Point", "coordinates": [ 130.612825363198226, 33.194848505518742 ] } },
{ "type": "Feature", "properties": { "内容": "第二光陽の郷ショートステイ【短期入所生活介護】福岡県八女市鵜池414番地", "url": "https://www.kaigokensaku.mhlw.go.jp/40/index.php?action_kouhyou_detail_004_kani=true&JigyosyoCd=4072301197-00&ServiceCd=210&Type=search", "url2": "http://kouyounosato.com" }, "geometry": { "type": "Point", "coordinates": [ 130.522615514372347, 33.208079213608144 ] } },
{ "type": "Feature", "properties": { "内容": "短期入所生活介護　芳樹園【短期入所生活介護】筑後市大字鶴田555番地1", "url": "https://www.kaigokensaku.mhlw.go.jp/40/index.php?action_kouhyou_detail_004_kani=true&JigyosyoCd=4072400080-00&ServiceCd=210&Type=search", "url2": "http://kourinfukushi..or.jp/" }, "geometry": { "type": "Point", "coordinates": [ 130.505187400000068, 33.1925271 ] } },
{ "type": "Feature", "properties": { "内容": "特別養護老人ホーム　桜の丘【短期入所生活介護】福岡県筑後市西牟田6365-8", "url": "https://www.kaigokensaku.mhlw.go.jp/40/index.php?action_kouhyou_detail_004_kani=true&JigyosyoCd=4072400114-00&ServiceCd=210&Type=search", "url2": "http://www.sakuraen.biz" }, "geometry": { "type": "Point", "coordinates": [ 130.498989400000028, 33.2419851 ] } },
{ "type": "Feature", "properties": { "内容": "短期入所生活介護明笑園【短期入所生活介護】福岡県筑後市大字鶴田606番地", "url": "https://www.kaigokensaku.mhlw.go.jp/40/index.php?action_kouhyou_detail_004_kani=true&JigyosyoCd=4072400858-00&ServiceCd=210&Type=search", "url2": "http://kourinfukushi.or.jp" }, "geometry": { "type": "Point", "coordinates": [ 130.503541515344267, 33.193812868633515 ] } },
{ "type": "Feature", "properties": { "内容": "特別養護老人ホーム　木もれ日苑【短期入所生活介護】福岡県大川市中木室934番地", "url": "https://www.kaigokensaku.mhlw.go.jp/40/index.php?action_kouhyou_detail_004_kani=true&JigyosyoCd=4072500723-00&ServiceCd=210&Type=search", "url2": "http://komorebien.kouhoukai.org" }, "geometry": { "type": "Point", "coordinates": [ 130.4196705, 33.2111511 ] } },
{ "type": "Feature", "properties": { "内容": "特別養護老人ホーム　永寿園【短期入所生活介護】福岡県大川市大字鐘ヶ江7-1", "url": "https://www.kaigokensaku.mhlw.go.jp/40/index.php?action_kouhyou_detail_004_kani=true&JigyosyoCd=4072500012-00&ServiceCd=210&Type=search", "url2": "http://www.eijunosato.com" }, "geometry": { "type": "Point", "coordinates": [ 130.376417, 33.2320473 ] } },
{ "type": "Feature", "properties": { "内容": "特別養護老人ホーム大川荘【短期入所生活介護】福岡県大川市大字大野島字笹の下８５７番１", "url": "https://www.kaigokensaku.mhlw.go.jp/40/index.php?action_kouhyou_detail_004_kani=true&JigyosyoCd=4072500152-00&ServiceCd=210&Type=search", "url2": "http://care-net.biz/40/ookawakakureikai/" }, "geometry": { "type": "Point", "coordinates": [ 130.383957600000031, 33.2065943 ] } },
{ "type": "Feature", "properties": { "内容": "特別養護老人ホームみやこの苑【短期入所生活介護】福岡県行橋市大字二塚584番地", "url": "https://www.kaigokensaku.mhlw.go.jp/40/index.php?action_kouhyou_detail_004_kani=true&JigyosyoCd=4072600242-00&ServiceCd=210&Type=search", "url2": "http://sbnsl.wp-x.jp/" }, "geometry": { "type": "Point", "coordinates": [ 130.937070700000049, 33.7282054 ] } },
{ "type": "Feature", "properties": { "内容": "特別養護老人ホーム　石並園【短期入所生活介護】福岡県行橋市大字稲童字塚原３９２７番地", "url": "https://www.kaigokensaku.mhlw.go.jp/40/index.php?action_kouhyou_detail_004_kani=true&JigyosyoCd=4072600051-00&ServiceCd=210&Type=search", "url2": "http://ishinami-en.jp/" }, "geometry": { "type": "Point", "coordinates": [ 131.029733996383726, 33.705079107421859 ] } },
{ "type": "Feature", "properties": { "内容": "さわやか行橋弐番館【短期入所生活介護】福岡県行橋市北泉3丁目11-4", "url": "https://www.kaigokensaku.mhlw.go.jp/40/index.php?action_kouhyou_detail_004_kani=true&JigyosyoCd=4072601604-00&ServiceCd=210&Type=search", "url2": "http://yukuhashinibankan.sawayakaclub.jp/" }, "geometry": { "type": "Point", "coordinates": [ 130.990158400000041, 33.7169572 ] } },
{ "type": "Feature", "properties": { "内容": "さわやか行橋館【短期入所生活介護】行橋市北泉3丁目11－3", "url": "https://www.kaigokensaku.mhlw.go.jp/40/index.php?action_kouhyou_detail_004_kani=true&JigyosyoCd=4072600929-00&ServiceCd=210&Type=search", "url2": "https://www.sawayakaclub.jp" }, "geometry": { "type": "Point", "coordinates": [ 130.990277800000058, 33.7177766 ] } },
{ "type": "Feature", "properties": { "内容": "特別養護老人ホーム　亀保の里【短期入所生活介護】福岡県豊前市大字鬼木63番地の1", "url": "https://www.kaigokensaku.mhlw.go.jp/40/index.php?action_kouhyou_detail_004_kani=true&JigyosyoCd=4072700091-00&ServiceCd=210&Type=search", "url2": "http://www.kibounosato.jp" }, "geometry": { "type": "Point", "coordinates": [ 131.127542992849499, 33.57728929886806 ] } },
{ "type": "Feature", "properties": { "内容": "豊前サンビレッヂ　ショートステイ【短期入所生活介護】福岡県豊前市大字下川底170", "url": "https://www.kaigokensaku.mhlw.go.jp/40/index.php?action_kouhyou_detail_004_kani=true&JigyosyoCd=4072700075-00&ServiceCd=210&Type=search", "url2": "https://www.fukuoka-houseikai.or.jp" }, "geometry": { "type": "Point", "coordinates": [ 131.091908600000011, 33.5549897 ] } },
{ "type": "Feature", "properties": { "内容": "第2智美園ショートステイサービス【短期入所生活介護】福岡県中間市大字垣生2017番地3", "url": "https://www.kaigokensaku.mhlw.go.jp/40/index.php?action_kouhyou_detail_004_kani=true&JigyosyoCd=4072800651-00&ServiceCd=210&Type=search", "url2": "http://www.tomomien.com" }, "geometry": { "type": "Point", "coordinates": [ 130.698402887619068, 33.823692147286472 ] } },
{ "type": "Feature", "properties": { "内容": "短期入所生活介護　垣生の里【短期入所生活介護】福岡県中間市大字上底井野787-1", "url": "https://www.kaigokensaku.mhlw.go.jp/40/index.php?action_kouhyou_detail_004_kani=true&JigyosyoCd=4072801220-00&ServiceCd=210&Type=search", "url2": "http://habunosato.jp/habunosato.html" }, "geometry": { "type": "Point", "coordinates": [ 130.695230148934911, 33.812489493687245 ] } },
{ "type": "Feature", "properties": { "内容": "特別養護老人ホーム　智美園【短期入所生活介護】福岡県中間市通谷６丁目７－１", "url": "https://www.kaigokensaku.mhlw.go.jp/40/index.php?action_kouhyou_detail_004_kani=true&JigyosyoCd=4072800115-00&ServiceCd=210&Type=search", "url2": "http://www.tomomien.com/" }, "geometry": { "type": "Point", "coordinates": [ 130.742221200000017, 33.816556 ] } },
{ "type": "Feature", "properties": { "内容": "ショートステイ弥生の里【短期入所生活介護】福岡県小郡市山隈字弥八郎273番地の1", "url": "https://www.kaigokensaku.mhlw.go.jp/40/index.php?action_kouhyou_detail_004_kani=true&JigyosyoCd=4072900790-00&ServiceCd=210&Type=search", "url2": "https://wakakusa-kai.or.jp" }, "geometry": { "type": "Point", "coordinates": [ 130.5964624, 33.4084875 ] } },
{ "type": "Feature", "properties": { "内容": "特別養護老人ホーム　青寿苑【短期入所生活介護】福岡県小郡市井上５３１番地", "url": "https://www.kaigokensaku.mhlw.go.jp/40/index.php?action_kouhyou_detail_004_kani=true&JigyosyoCd=4072900170-00&ServiceCd=210&Type=search", "url2": "https://www.seijukai-ogori.com" }, "geometry": { "type": "Point", "coordinates": [ 130.577508200000011, 33.4054538 ] } },
{ "type": "Feature", "properties": { "内容": "特別養護老人ホーム青寿苑ユニット型【短期入所生活介護】福岡県小郡市井上531番地", "url": "https://www.kaigokensaku.mhlw.go.jp/40/index.php?action_kouhyou_detail_004_kani=true&JigyosyoCd=4072900600-00&ServiceCd=210&Type=search", "url2": "http://www.seijukai-ogori.com" }, "geometry": { "type": "Point", "coordinates": [ 130.577508200000011, 33.4054538 ] } },
{ "type": "Feature", "properties": { "内容": "ショートたんたん【短期入所生活介護】福岡県筑紫野市美咲1023番地2", "url": "https://www.kaigokensaku.mhlw.go.jp/40/index.php?action_kouhyou_detail_004_kani=true&JigyosyoCd=4073001515-00&ServiceCd=210&Type=search", "url2": "http://www.tantan.life" }, "geometry": { "type": "Point", "coordinates": [ 130.5609821, 33.4622033 ] } },
{ "type": "Feature", "properties": { "内容": "二日市温泉長寿苑そよ風【短期入所生活介護】福岡県筑紫野市武蔵1丁目1-24", "url": "https://www.kaigokensaku.mhlw.go.jp/40/index.php?action_kouhyou_detail_004_kani=true&JigyosyoCd=4073000871-00&ServiceCd=210&Type=search", "url2": "https://www.sykz.co.jp/" }, "geometry": { "type": "Point", "coordinates": [ 130.511602100000033, 33.49061780000001 ] } },
{ "type": "Feature", "properties": { "内容": "ちくしの荘ショートステイ【短期入所生活介護】福岡県筑紫野市原田462番地", "url": "https://www.kaigokensaku.mhlw.go.jp/40/index.php?action_kouhyou_detail_004_kani=true&JigyosyoCd=4073000335-00&ServiceCd=210&Type=search", "url2": "http://homan.or.jp/" }, "geometry": { "type": "Point", "coordinates": [ 130.541265100000032, 33.4521243 ] } },
{ "type": "Feature", "properties": { "内容": "むさし苑ショートステイ【短期入所生活介護】福岡県筑紫野市湯町二丁目9番2号", "url": "https://www.kaigokensaku.mhlw.go.jp/40/index.php?action_kouhyou_detail_004_kani=true&JigyosyoCd=4073000152-00&ServiceCd=210&Type=search", "url2": "http://www.musashien.com/" }, "geometry": { "type": "Point", "coordinates": [ 130.515971199999967, 33.4906318 ] } },
{ "type": "Feature", "properties": { "内容": "ショートステイ　天拝の園【短期入所生活介護】福岡県筑紫野市立明寺６１８－１", "url": "https://www.kaigokensaku.mhlw.go.jp/40/index.php?action_kouhyou_detail_004_kani=true&JigyosyoCd=4073000459-00&ServiceCd=210&Type=search", "url2": "http://www.tennpainosono.or.jp/" }, "geometry": { "type": "Point", "coordinates": [ 130.530437200000051, 33.4806939 ] } },
{ "type": "Feature", "properties": { "内容": "ショートステイサービスたんたん【短期入所生活介護】福岡県筑紫野市美咲1023番地2", "url": "https://www.kaigokensaku.mhlw.go.jp/40/index.php?action_kouhyou_detail_004_kani=true&JigyosyoCd=4073001317-00&ServiceCd=210&Type=search", "url2": "http://www.tantan.life" }, "geometry": { "type": "Point", "coordinates": [ 130.558541399999967, 33.4624178 ] } },
{ "type": "Feature", "properties": { "内容": "かすがの郷ショートステイセンター【短期入所生活介護】福岡県春日市塚原台3丁目129番", "url": "https://www.kaigokensaku.mhlw.go.jp/40/index.php?action_kouhyou_detail_004_kani=true&JigyosyoCd=4073100135-00&ServiceCd=210&Type=search", "url2": "http://www.otogane.or.jp/kasuga/" }, "geometry": { "type": "Point", "coordinates": [ 130.466772600000013, 33.5090758 ] } },
{ "type": "Feature", "properties": { "内容": "ショートステイ　さかいの樹　春日南【短期入所生活介護】春日市春日10丁目51-1", "url": "https://www.kaigokensaku.mhlw.go.jp/40/index.php?action_kouhyou_detail_004_kani=true&JigyosyoCd=4073101190-00&ServiceCd=210&Type=search", "url2": "http://www.med-sakai.jp/sakainoki/" }, "geometry": { "type": "Point", "coordinates": [ 130.463312103041062, 33.514021518671647 ] } },
{ "type": "Feature", "properties": { "内容": "桜ヶ丘ショートステイセンター【短期入所生活介護】福岡県春日市桜ケ丘4丁目28番地1特別養護老人ホーム桜ヶ丘", "url": "https://www.kaigokensaku.mhlw.go.jp/40/index.php?action_kouhyou_detail_004_kani=true&JigyosyoCd=4073101695-00&ServiceCd=210&Type=search", "url2": "http://www.tokuwa.net" }, "geometry": { "type": "Point", "coordinates": [ 130.448768199999989, 33.5438396 ] } },
{ "type": "Feature", "properties": { "内容": "さわやか春日館【短期入所生活介護】福岡県春日市上白水4丁目11", "url": "https://www.kaigokensaku.mhlw.go.jp/40/index.php?action_kouhyou_detail_004_kani=true&JigyosyoCd=4073100556-00&ServiceCd=210&Type=search", "url2": "http://www.sawayakaclub.jp" }, "geometry": { "type": "Point", "coordinates": [ 130.442996900000026, 33.5189936 ] } },
{ "type": "Feature", "properties": { "内容": "ショートステイグレイシャス春日【短期入所生活介護】福岡県春日市星見ヶ丘2丁目55-1", "url": "https://www.kaigokensaku.mhlw.go.jp/40/index.php?action_kouhyou_detail_004_kani=true&JigyosyoCd=4073101604-00&ServiceCd=210&Type=search", "url2": "https://asukafukushikai.com/" }, "geometry": { "type": "Point", "coordinates": [ 130.4577263, 33.5038226 ] } },
{ "type": "Feature", "properties": { "内容": "パナソニックエイジフリーケアセンター福岡大野城・ショートステイ【短期入所生活介護】福岡県大野城市乙金２丁目９番１号", "url": "https://www.kaigokensaku.mhlw.go.jp/40/index.php?action_kouhyou_detail_004_kani=true&JigyosyoCd=4073201347-00&ServiceCd=210&Type=search", "url2": "http://sumai.panasonic.jp/agefree/" }, "geometry": { "type": "Point", "coordinates": [ 130.495220689649187, 33.549987226775734 ] } },
{ "type": "Feature", "properties": { "内容": "特別養護老人ホーム　悠生園【短期入所生活介護】福岡県大野城市中２丁目５番５号", "url": "https://www.kaigokensaku.mhlw.go.jp/40/index.php?action_kouhyou_detail_004_kani=true&JigyosyoCd=4073200034-00&ServiceCd=210&Type=search", "url2": "http://www.yuseikai.jp" }, "geometry": { "type": "Point", "coordinates": [ 130.483032200000025, 33.5515942 ] } },
{ "type": "Feature", "properties": { "内容": "特別養護老人ホーム悠生園ユニット【短期入所生活介護】福岡県大野城市中2丁目5番5号", "url": "https://www.kaigokensaku.mhlw.go.jp/40/index.php?action_kouhyou_detail_004_kani=true&JigyosyoCd=4073201438-00&ServiceCd=210&Type=search", "url2": "http://www.yuseikai.jp" }, "geometry": { "type": "Point", "coordinates": [ 130.4830564, 33.5516684 ] } },
{ "type": "Feature", "properties": { "内容": "カーサフェリーチェ【短期入所生活介護】福岡県宗像市東郷６丁目５番２４号", "url": "https://www.kaigokensaku.mhlw.go.jp/40/index.php?action_kouhyou_detail_004_kani=true&JigyosyoCd=4073301014-00&ServiceCd=210&Type=search", "url2": "http://marishi.or.jp/casa/" }, "geometry": { "type": "Point", "coordinates": [ 130.5394268, 33.8004041 ] } },
{ "type": "Feature", "properties": { "内容": "特別養護老人ホーム　みどり苑宗像【短期入所生活介護】福岡県宗像市河東1072-1", "url": "https://www.kaigokensaku.mhlw.go.jp/40/index.php?action_kouhyou_detail_004_kani=true&JigyosyoCd=4073301634-00&ServiceCd=210&Type=search", "url2": "http://www.kitakyu-hp.or.jp/keiaikai/" }, "geometry": { "type": "Point", "coordinates": [ 130.540800011825581, 33.818922508377803 ] } },
{ "type": "Feature", "properties": { "内容": "ショートステイ　サミック宗像【短期入所生活介護】福岡県宗像市田野1285-8", "url": "https://www.kaigokensaku.mhlw.go.jp/40/index.php?action_kouhyou_detail_004_kani=true&JigyosyoCd=4073302103-00&ServiceCd=210&Type=search", "url2": "https://summick.or.jp/munakata/" }, "geometry": { "type": "Point", "coordinates": [ 130.526913765772065, 33.860078400737223 ] } },
{ "type": "Feature", "properties": { "内容": "特別養護老人ホームあかまショートステイ【短期入所生活介護】福岡県宗像市田久３丁目１１番１号", "url": "https://www.kaigokensaku.mhlw.go.jp/40/index.php?action_kouhyou_detail_004_kani=true&JigyosyoCd=4073300396-00&ServiceCd=210&Type=search", "url2": "http://kyujyufukusikai.jp/" }, "geometry": { "type": "Point", "coordinates": [ 130.575324099999989, 33.8033876 ] } },
{ "type": "Feature", "properties": { "内容": "特別養護老人ホーム　宗像わかば苑【短期入所生活介護】福岡県宗像市大井2065番地1", "url": "https://www.kaigokensaku.mhlw.go.jp/40/index.php?action_kouhyou_detail_004_kani=true&JigyosyoCd=4073300131-00&ServiceCd=210&Type=search", "url2": "http://hikari-fukushi.com/" }, "geometry": { "type": "Point", "coordinates": [ 130.513469449737613, 33.79288694788562 ] } },
{ "type": "Feature", "properties": { "内容": "特別養護老人ホーム城山之荘【短期入所生活介護】福岡県宗像市石丸一丁目3番1号", "url": "https://www.kaigokensaku.mhlw.go.jp/40/index.php?action_kouhyou_detail_004_kani=true&JigyosyoCd=4073301626-00&ServiceCd=210&Type=search", "url2": "http://www.sizukanoumi.org/" }, "geometry": { "type": "Point", "coordinates": [ 130.594348682942154, 33.80462550399988 ] } },
{ "type": "Feature", "properties": { "内容": "さわやか宗像館【短期入所生活介護】福岡県宗像市石丸1丁目13番地2", "url": "https://www.kaigokensaku.mhlw.go.jp/40/index.php?action_kouhyou_detail_004_kani=true&JigyosyoCd=4073300727-00&ServiceCd=210&Type=search", "url2": "http://www.sawayakaclub.jp" }, "geometry": { "type": "Point", "coordinates": [ 130.59276460000001, 33.8016685 ] } },
{ "type": "Feature", "properties": { "内容": "特別養護老人ホーム　ケアポート玄海ショートステイ【短期入所生活介護】福岡県宗像市神湊１１８番地２", "url": "https://www.kaigokensaku.mhlw.go.jp/40/index.php?action_kouhyou_detail_004_kani=true&JigyosyoCd=4074700073-00&ServiceCd=210&Type=search", "url2": "http://www.aso-group.co.jp/genkai/" }, "geometry": { "type": "Point", "coordinates": [ 130.4911078, 33.8457006 ] } },
{ "type": "Feature", "properties": { "内容": "むなかた短期入所生活介護サービス【短期入所生活介護】福岡県宗像市用山４７１－５", "url": "https://www.kaigokensaku.mhlw.go.jp/40/index.php?action_kouhyou_detail_004_kani=true&JigyosyoCd=4073300578-00&ServiceCd=210&Type=search", "url2": "http://kitatikuzen.net" }, "geometry": { "type": "Point", "coordinates": [ 130.508962800000063, 33.8032867 ] } },
{ "type": "Feature", "properties": { "内容": "ユニット型特別養護老人ホーム同朋園【短期入所生活介護】福岡県太宰府市大字向佐野５１５番地", "url": "https://www.kaigokensaku.mhlw.go.jp/40/index.php?action_kouhyou_detail_004_kani=true&JigyosyoCd=4073401152-00&ServiceCd=210&Type=search", "url2": "http://www.dohogroup.jp/" }, "geometry": { "type": "Point", "coordinates": [ 130.498812675424233, 33.512229641928208 ] } },
{ "type": "Feature", "properties": { "内容": "サンケア太宰府ショートステイ【短期入所生活介護】太宰府市高雄３丁目4227－267", "url": "https://www.kaigokensaku.mhlw.go.jp/40/index.php?action_kouhyou_detail_004_kani=true&JigyosyoCd=4073400121-00&ServiceCd=210&Type=search", "url2": "http://baikou.or.jp/" }, "geometry": { "type": "Point", "coordinates": [ 130.546199500000057, 33.5025919 ] } },
{ "type": "Feature", "properties": { "内容": "短期入所生活介護あおぞら梅ヶ丘【短期入所生活介護】福岡県太宰府市梅ケ丘２ー１５ー３０", "url": "https://www.kaigokensaku.mhlw.go.jp/40/index.php?action_kouhyou_detail_004_kani=true&JigyosyoCd=4073401640-00&ServiceCd=210&Type=search", "url2": "https://www.aozora-cg.com" }, "geometry": { "type": "Point", "coordinates": [ 130.5448623, 33.4955314 ] } },
{ "type": "Feature", "properties": { "内容": "短期入所生活介護ひまわり【短期入所生活介護】福岡県古賀市千鳥1丁目3番5号特別養護老人ホーム秋桜の郷", "url": "https://www.kaigokensaku.mhlw.go.jp/40/index.php?action_kouhyou_detail_004_kani=true&JigyosyoCd=4073601033-00&ServiceCd=210&Type=search", "url2": "https://sites.google.com/view/seizankai/%E3%83%9B%E3%83%BC%E3%83%A0" }, "geometry": { "type": "Point", "coordinates": [ 130.472078600000032, 33.7400687 ] } },
{ "type": "Feature", "properties": { "内容": "特別養護老人ホームみどり苑【短期入所生活介護】福岡県古賀市新原８４０番地", "url": "https://www.kaigokensaku.mhlw.go.jp/40/index.php?action_kouhyou_detail_004_kani=true&JigyosyoCd=4073600118-00&ServiceCd=210&Type=search", "url2": "www.kitakyu-hp.or.jp/contents/keiaikai/shisetsu/" }, "geometry": { "type": "Point", "coordinates": [ 130.480500399999954, 33.723687199999979 ] } },
{ "type": "Feature", "properties": { "内容": "特別養護老人ホームみどり苑ユニット棟【短期入所生活介護】福岡県古賀市新原840", "url": "https://www.kaigokensaku.mhlw.go.jp/40/index.php?action_kouhyou_detail_004_kani=true&JigyosyoCd=4073600795-00&ServiceCd=210&Type=search", "url2": "https://www.kitakyu-hp.or.jp/keiaikai/" }, "geometry": { "type": "Point", "coordinates": [ 130.4804715, 33.723541 ] } },
{ "type": "Feature", "properties": { "内容": "清滝の郷【短期入所生活介護】古賀市薦野1413番6", "url": "https://www.kaigokensaku.mhlw.go.jp/40/index.php?action_kouhyou_detail_004_kani=true&JigyosyoCd=4073601165-00&ServiceCd=210&Type=search", "url2": null }, "geometry": { "type": "Point", "coordinates": [ 130.5282526, 33.7362474 ] } },
{ "type": "Feature", "properties": { "内容": "介護付有料老人ホーム　水と光の園【短期入所生活介護】福岡県福津市日蒔野5丁目8番地の7", "url": "https://www.kaigokensaku.mhlw.go.jp/40/index.php?action_kouhyou_detail_004_kani=true&JigyosyoCd=4074500390-00&ServiceCd=210&Type=search", "url2": "http://www.suikokai.or.jp" }, "geometry": { "type": "Point", "coordinates": [ 130.4976345, 33.7601696 ] } },
{ "type": "Feature", "properties": { "内容": "ショートステイ　いずみ【短期入所生活介護】福岡県福津市上西郷827番地の2", "url": "https://www.kaigokensaku.mhlw.go.jp/40/index.php?action_kouhyou_detail_004_kani=true&JigyosyoCd=4074500556-00&ServiceCd=210&Type=search", "url2": "http://www.keｎjien.com/" }, "geometry": { "type": "Point", "coordinates": [ 130.5101694, 33.7582282 ] } },
{ "type": "Feature", "properties": { "内容": "特別養護老人ホーム津屋崎園【短期入所生活介護】福岡県福津市奴山１１７４番地", "url": "https://www.kaigokensaku.mhlw.go.jp/40/index.php?action_kouhyou_detail_004_kani=true&JigyosyoCd=4074600042-00&ServiceCd=210&Type=search", "url2": "http://www.kitatikuzen.net./pri/index.html" }, "geometry": { "type": "Point", "coordinates": [ 130.491191699999945, 33.8200036 ] } },
{ "type": "Feature", "properties": { "内容": "ショートステイ筑前顕慈園【短期入所生活介護】福岡県福津市上西郷734-3", "url": "https://www.kaigokensaku.mhlw.go.jp/40/index.php?action_kouhyou_detail_004_kani=true&JigyosyoCd=4074500176-00&ServiceCd=210&Type=search", "url2": "http://www.kenjien.com/" }, "geometry": { "type": "Point", "coordinates": [ 130.510621010975683, 33.757928586674822 ] } },
{ "type": "Feature", "properties": { "内容": "ひじり園うきはショートステイサービス【短期入所生活介護】福岡県うきは市吉井町富永１７４４－１", "url": "https://www.kaigokensaku.mhlw.go.jp/40/index.php?action_kouhyou_detail_004_kani=true&JigyosyoCd=4077300525-00&ServiceCd=210&Type=search", "url2": "https://hijirikai.com" }, "geometry": { "type": "Point", "coordinates": [ 130.734664845297601, 33.342130890238685 ] } },
{ "type": "Feature", "properties": { "内容": "特別養護老人ホーム　水月吉井【短期入所生活介護】福岡県うきは市吉井町新治176-1", "url": "https://www.kaigokensaku.mhlw.go.jp/40/index.php?action_kouhyou_detail_004_kani=true&JigyosyoCd=4077300038-00&ServiceCd=210&Type=search", "url2": "http://tachiarai-kouseien.jp/" }, "geometry": { "type": "Point", "coordinates": [ 130.7601029, 33.3484192 ] } },
{ "type": "Feature", "properties": { "内容": "特別養護老人ホーム　えびね荘【短期入所生活介護】福岡県うきは市浮羽町古川707-3", "url": "https://www.kaigokensaku.mhlw.go.jp/40/index.php?action_kouhyou_detail_004_kani=true&JigyosyoCd=4077500033-00&ServiceCd=210&Type=search", "url2": "http://ebine.jp" }, "geometry": { "type": "Point", "coordinates": [ 130.794714500000026, 33.3512864 ] } },
{ "type": "Feature", "properties": { "内容": "ショートステイセンターかわせみ翡翠館【短期入所生活介護】福岡県うきは市浮羽町古川901番地", "url": "https://www.kaigokensaku.mhlw.go.jp/40/index.php?action_kouhyou_detail_004_kani=true&JigyosyoCd=4077300459-00&ServiceCd=210&Type=search", "url2": "https://kawasemi-care.com" }, "geometry": { "type": "Point", "coordinates": [ 130.812085, 33.3576948 ] } },
{ "type": "Feature", "properties": { "内容": "特別養護老人ホーム照陽園【短期入所生活介護】福岡県宮若市磯光2159-1", "url": "https://www.kaigokensaku.mhlw.go.jp/40/index.php?action_kouhyou_detail_004_kani=true&JigyosyoCd=4075500050-00&ServiceCd=210&Type=search", "url2": "http://shoyouen.or.jp" }, "geometry": { "type": "Point", "coordinates": [ 130.6703827, 33.7008198 ] } },
{ "type": "Feature", "properties": { "内容": "ケアハウス笠松の郷【短期入所生活介護】福岡県宮若市上有木320番地", "url": "https://www.kaigokensaku.mhlw.go.jp/40/index.php?action_kouhyou_detail_004_kani=true&JigyosyoCd=4075500977-00&ServiceCd=210&Type=search", "url2": null }, "geometry": { "type": "Point", "coordinates": [ 130.622903800000017, 33.7623822 ] } },
{ "type": "Feature", "properties": { "内容": "ショートステイ　わきたの里【短期入所生活介護】福岡県宮若市脇田805番地", "url": "https://www.kaigokensaku.mhlw.go.jp/40/index.php?action_kouhyou_detail_004_kani=true&JigyosyoCd=4075600074-00&ServiceCd=210&Type=search", "url2": "wakitanosato.jp" }, "geometry": { "type": "Point", "coordinates": [ 130.5813628, 33.6958643 ] } },
{ "type": "Feature", "properties": { "内容": "ユニット型特別養護老人ホーム　照陽園【短期入所生活介護】福岡県宮若市磯光2159-1", "url": "https://www.kaigokensaku.mhlw.go.jp/40/index.php?action_kouhyou_detail_004_kani=true&JigyosyoCd=4075500993-00&ServiceCd=210&Type=search", "url2": "http://shoyouen.or.jp" }, "geometry": { "type": "Point", "coordinates": [ 130.670173274729933, 33.700958565303154 ] } },
{ "type": "Feature", "properties": { "内容": "第二稲穂園ショートステイ【短期入所生活介護】福岡県嘉麻市山野2373番地145", "url": "https://www.kaigokensaku.mhlw.go.jp/40/index.php?action_kouhyou_detail_004_kani=true&JigyosyoCd=4075800278-00&ServiceCd=210&Type=search", "url2": "http://daini-inaho.jp" }, "geometry": { "type": "Point", "coordinates": [ 130.70682, 33.6011147 ] } },
{ "type": "Feature", "properties": { "内容": "特別養護老人ホーム松寿園【短期入所生活介護】福岡県嘉麻市漆生２３３８番地１特別養護老人ホーム松寿園", "url": "https://www.kaigokensaku.mhlw.go.jp/40/index.php?action_kouhyou_detail_004_kani=true&JigyosyoCd=4075800070-00&ServiceCd=210&Type=search", "url2": "http://www.shoujyuen.jp/" }, "geometry": { "type": "Point", "coordinates": [ 130.70845, 33.5895978 ] } },
{ "type": "Feature", "properties": { "内容": "特別養護老人ホームひまわり園【短期入所生活介護】福岡県嘉麻市馬見６４番地２", "url": "https://www.kaigokensaku.mhlw.go.jp/40/index.php?action_kouhyou_detail_004_kani=true&JigyosyoCd=4076000035-00&ServiceCd=210&Type=search", "url2": "http://www.himawarikai.net/" }, "geometry": { "type": "Point", "coordinates": [ 130.754119100000025, 33.5301257 ] } },
{ "type": "Feature", "properties": { "内容": "筑豊園　短期入所生活介護【短期入所生活介護】福岡県嘉麻市平山548番地", "url": "https://www.kaigokensaku.mhlw.go.jp/40/index.php?action_kouhyou_detail_004_kani=true&JigyosyoCd=4075900037-00&ServiceCd=210&Type=search", "url2": "https://www.chikuhouen5020.jp" }, "geometry": { "type": "Point", "coordinates": [ 130.695541323942479, 33.55741890690048 ] } },
{ "type": "Feature", "properties": { "内容": "特別養護老人ホーム　　　　　　たちばな苑【短期入所生活介護】福岡県嘉麻市上山田818番地18", "url": "https://www.kaigokensaku.mhlw.go.jp/40/index.php?action_kouhyou_detail_004_kani=true&JigyosyoCd=4072100037-00&ServiceCd=210&Type=search", "url2": null }, "geometry": { "type": "Point", "coordinates": [ 130.770963599999959, 33.5646922 ] } },
{ "type": "Feature", "properties": { "内容": "きらく荘　ショートステイ【短期入所生活介護】福岡県朝倉市城８５９番地", "url": "https://www.kaigokensaku.mhlw.go.jp/40/index.php?action_kouhyou_detail_004_kani=true&JigyosyoCd=4072200191-00&ServiceCd=210&Type=search", "url2": "http://www.kirakuso.jp" }, "geometry": { "type": "Point", "coordinates": [ 130.718282400000021, 33.4140038 ] } },
{ "type": "Feature", "properties": { "内容": "介護老人福祉施設　甘木愛光園【短期入所生活介護】福岡県朝倉市山見４２９", "url": "https://www.kaigokensaku.mhlw.go.jp/40/index.php?action_kouhyou_detail_004_kani=true&JigyosyoCd=4072200100-00&ServiceCd=210&Type=search", "url2": "http://jusenkai.com/" }, "geometry": { "type": "Point", "coordinates": [ 130.707824100000039, 33.4507747 ] } },
{ "type": "Feature", "properties": { "内容": "介護老人福祉施設いしずえ荘【短期入所生活介護】福岡県朝倉市三奈木2466-1", "url": "https://www.kaigokensaku.mhlw.go.jp/40/index.php?action_kouhyou_detail_004_kani=true&JigyosyoCd=4076600073-00&ServiceCd=210&Type=search", "url2": "http://www.keiaikai.net/" }, "geometry": { "type": "Point", "coordinates": [ 130.7037451, 33.3997935 ] } },
{ "type": "Feature", "properties": { "内容": "短期入所生活介護　日迎の園【短期入所生活介護】福岡県朝倉市杷木志波92-1", "url": "https://www.kaigokensaku.mhlw.go.jp/40/index.php?action_kouhyou_detail_004_kani=true&JigyosyoCd=4076500091-00&ServiceCd=210&Type=search", "url2": "http://keiaikai.net/" }, "geometry": { "type": "Point", "coordinates": [ 130.777964584280568, 33.355273985693664 ] } },
{ "type": "Feature", "properties": { "内容": "特別養護老人ホーム　冨寿園テラス【短期入所生活介護】福岡県みやま市瀬高町松田481", "url": "https://www.kaigokensaku.mhlw.go.jp/40/index.php?action_kouhyou_detail_004_kani=true&JigyosyoCd=4078700665-00&ServiceCd=210&Type=search", "url2": null }, "geometry": { "type": "Point", "coordinates": [ 130.4849013, 33.1424089 ] } },
{ "type": "Feature", "properties": { "内容": "特別養護老人ホーム　竹里館【短期入所生活介護】福岡県みやま市山川町原町83-1", "url": "https://www.kaigokensaku.mhlw.go.jp/40/index.php?action_kouhyou_detail_004_kani=true&JigyosyoCd=4079000024-00&ServiceCd=210&Type=search", "url2": "https://www.ykta.jp/chikurikan" }, "geometry": { "type": "Point", "coordinates": [ 130.5283981, 33.1172963 ] } },
{ "type": "Feature", "properties": { "内容": "特別養護老人ホーム　冨寿園【短期入所生活介護】福岡県みやま市瀬高町松田481", "url": "https://www.kaigokensaku.mhlw.go.jp/40/index.php?action_kouhyou_detail_004_kani=true&JigyosyoCd=4078700061-00&ServiceCd=210&Type=search", "url2": null }, "geometry": { "type": "Point", "coordinates": [ 130.485169600000063, 33.1424013 ] } },
{ "type": "Feature", "properties": { "内容": "常照苑短期入所生活介護【短期入所生活介護】福岡県みやま市高田町上楠田1237", "url": "https://www.kaigokensaku.mhlw.go.jp/40/index.php?action_kouhyou_detail_004_kani=true&JigyosyoCd=4078700772-00&ServiceCd=210&Type=search", "url2": "http://www.kourinkai1237.org" }, "geometry": { "type": "Point", "coordinates": [ 130.480235200000038, 33.0933371 ] } },
{ "type": "Feature", "properties": { "内容": "特別養護老人ホーム第二竹里館【短期入所生活介護】福岡県みやま市瀬高町高柳256番地1", "url": "https://www.kaigokensaku.mhlw.go.jp/40/index.php?action_kouhyou_detail_004_kani=true&JigyosyoCd=4078700616-00&ServiceCd=210&Type=search", "url2": "http://www.myclinic.ne.jp/yamauchi-kcp/pc/free.html" }, "geometry": { "type": "Point", "coordinates": [ 130.466562895661951, 33.150062153432721 ] } },
{ "type": "Feature", "properties": { "内容": "富の里短期入所サービスセンター【短期入所生活介護】福岡県糸島市富508-4", "url": "https://www.kaigokensaku.mhlw.go.jp/40/index.php?action_kouhyou_detail_004_kani=true&JigyosyoCd=4073500151-00&ServiceCd=210&Type=search", "url2": "http://www.jiaikai-fuk.or.jp/" }, "geometry": { "type": "Point", "coordinates": [ 130.2094621, 33.5393289 ] } },
{ "type": "Feature", "properties": { "内容": "地域密着型介護老人福祉施設瑞梅苑【短期入所生活介護】福岡県糸島市池田382-1", "url": "https://www.kaigokensaku.mhlw.go.jp/40/index.php?action_kouhyou_detail_004_kani=true&JigyosyoCd=4073501779-00&ServiceCd=210&Type=search", "url2": "https://itofukushikai.com" }, "geometry": { "type": "Point", "coordinates": [ 130.2322014, 33.5584599 ] } },
{ "type": "Feature", "properties": { "内容": "医療法人至高会　ショートステイ潤の杜【短期入所生活介護】福岡県糸島市潤3丁目8-1", "url": "https://www.kaigokensaku.mhlw.go.jp/40/index.php?action_kouhyou_detail_004_kani=true&JigyosyoCd=4073501548-00&ServiceCd=210&Type=search", "url2": "http://www.shitama.or.jp/seikei/" }, "geometry": { "type": "Point", "coordinates": [ 130.2161001, 33.565505 ] } },
{ "type": "Feature", "properties": { "内容": "マイネスハウス　ショートステイサービス【短期入所生活介護】福岡県糸島市高上１７１番地", "url": "https://www.kaigokensaku.mhlw.go.jp/40/index.php?action_kouhyou_detail_004_kani=true&JigyosyoCd=4073500078-00&ServiceCd=210&Type=search", "url2": "http://www.m-h.jp" }, "geometry": { "type": "Point", "coordinates": [ 130.230382599999984, 33.5246063 ] } },
{ "type": "Feature", "properties": { "内容": "地域密着型特別養護老人ホームはまぼう【短期入所生活介護】福岡県糸島市二丈深江2291番地1地域密着型特別養護老人ホームはまぼう", "url": "https://www.kaigokensaku.mhlw.go.jp/40/index.php?action_kouhyou_detail_004_kani=true&JigyosyoCd=4073501332-00&ServiceCd=210&Type=search", "url2": "http://nijoufukusikai.com/hamabou.html" }, "geometry": { "type": "Point", "coordinates": [ 130.1323218, 33.509910600000019 ] } },
{ "type": "Feature", "properties": { "内容": "特別養護老人ホーム仙寿苑【短期入所生活介護】福岡県糸島市二丈深江２２９１番地の１", "url": "https://www.kaigokensaku.mhlw.go.jp/40/index.php?action_kouhyou_detail_004_kani=true&JigyosyoCd=4077100040-00&ServiceCd=210&Type=search", "url2": "nijoufukusikai.com" }, "geometry": { "type": "Point", "coordinates": [ 130.132292199999938, 33.5100685 ] } },
{ "type": "Feature", "properties": { "内容": "ケア・ラポート南風台短期入所生活介護【短期入所生活介護】福岡県糸島市南風台7丁目1番8号", "url": "https://www.kaigokensaku.mhlw.go.jp/40/index.php?action_kouhyou_detail_004_kani=true&JigyosyoCd=4073500995-00&ServiceCd=210&Type=search", "url2": "http://www.117294,jp" }, "geometry": { "type": "Point", "coordinates": [ 130.195279561377021, 33.548526358394696 ] } },
{ "type": "Feature", "properties": { "内容": "ショートステイ　みなかぜ【短期入所生活介護】福岡県糸島市南風台7-1-10", "url": "https://www.kaigokensaku.mhlw.go.jp/40/index.php?action_kouhyou_detail_004_kani=true&JigyosyoCd=4073501068-00&ServiceCd=210&Type=search", "url2": "http://imayamakai.or.jp/" }, "geometry": { "type": "Point", "coordinates": [ 130.195708481753513, 33.548568936548456 ] } },
{ "type": "Feature", "properties": { "内容": "特別養護老人ホーム志摩園【短期入所生活介護】福岡県糸島市志摩久家２５２７番地の２", "url": "https://www.kaigokensaku.mhlw.go.jp/40/index.php?action_kouhyou_detail_004_kani=true&JigyosyoCd=4077200063-00&ServiceCd=210&Type=search", "url2": "http://www.shimaen.or.jp" }, "geometry": { "type": "Point", "coordinates": [ 130.13668789999997, 33.5650783 ] } },
{ "type": "Feature", "properties": { "内容": "ショートステイやまと【短期入所生活介護】福岡県筑紫郡那珂川市安徳５５５番地", "url": "https://www.kaigokensaku.mhlw.go.jp/40/index.php?action_kouhyou_detail_004_kani=true&JigyosyoCd=4073700439-00&ServiceCd=210&Type=search", "url2": "info@casework-nakagawa.com" }, "geometry": { "type": "Point", "coordinates": [ 130.426462300000026, 33.5004504 ] } },
{ "type": "Feature", "properties": { "内容": "ショートステイ「凪の郷」【短期入所生活介護】大字山田１１１５番地１", "url": "https://www.kaigokensaku.mhlw.go.jp/40/index.php?action_kouhyou_detail_004_kani=true&JigyosyoCd=4073700926-00&ServiceCd=210&Type=search", "url2": "https://www.naginosato.jp/" }, "geometry": { "type": "Point", "coordinates": [ 130.415015783992004, 33.488800881672603 ] } },
{ "type": "Feature", "properties": { "内容": "ねむのき【短期入所生活介護】福岡県那珂川市下梶原2丁目6番3号", "url": "https://www.kaigokensaku.mhlw.go.jp/40/index.php?action_kouhyou_detail_004_kani=true&JigyosyoCd=4073700074-00&ServiceCd=210&Type=search", "url2": "http://www.nakafuku.jp" }, "geometry": { "type": "Point", "coordinates": [ 130.439369400000032, 33.4997286 ] } },
{ "type": "Feature", "properties": { "内容": "ユニット型特別養護老人ホーム同行園【短期入所生活介護】福岡県糟屋郡宇美町貴船１丁目２番３号", "url": "https://www.kaigokensaku.mhlw.go.jp/40/index.php?action_kouhyou_detail_004_kani=true&JigyosyoCd=4073800668-00&ServiceCd=210&Type=search", "url2": "http://www.dohogroup.jp" }, "geometry": { "type": "Point", "coordinates": [ 130.5126813, 33.5656191 ] } },
{ "type": "Feature", "properties": { "内容": "特別養護老人ホーム篠栗荘（併設ショートステイ事業）【短期入所生活介護】福岡県糟屋郡篠栗町津波黒450-1", "url": "https://www.kaigokensaku.mhlw.go.jp/40/index.php?action_kouhyou_detail_004_kani=true&JigyosyoCd=4073900062-00&ServiceCd=210&Type=search", "url2": "http://sasaguri.fk-sinaikai.or.jp" }, "geometry": { "type": "Point", "coordinates": [ 130.511571499999945, 33.6330408 ] } },
{ "type": "Feature", "properties": { "内容": "特別養護老人ホームつくも苑【短期入所生活介護】福岡県糟屋郡篠栗町大字金出３２２６番地", "url": "https://www.kaigokensaku.mhlw.go.jp/40/index.php?action_kouhyou_detail_004_kani=true&JigyosyoCd=4073900344-00&ServiceCd=210&Type=search", "url2": "https://tsukumo-kai.jp/" }, "geometry": { "type": "Point", "coordinates": [ 130.545773200000014, 33.6311847 ] } },
{ "type": "Feature", "properties": { "内容": "日本赤十字社福岡県支部　特別養護老人ホームやすらぎの郷【短期入所生活介護】福岡県粕屋郡志免町大字吉原600番地", "url": "https://www.kaigokensaku.mhlw.go.jp/40/index.php?action_kouhyou_detail_004_kani=true&JigyosyoCd=4074000136-00&ServiceCd=210&Type=search", "url2": "http://yasuraginosato.org/cgi-bin/index.cgi" }, "geometry": { "type": "Point", "coordinates": [ 130.489151099999958, 33.5720781 ] } },
{ "type": "Feature", "properties": { "内容": "特別養護老人ホーム　恵昭園短期入所【短期入所生活介護】福岡県糟屋郡須恵町大字上須恵１１２－３", "url": "https://www.kaigokensaku.mhlw.go.jp/40/index.php?action_kouhyou_detail_004_kani=true&JigyosyoCd=4074100043-00&ServiceCd=210&Type=search", "url2": "http://www.keitokukai.jp/" }, "geometry": { "type": "Point", "coordinates": [ 130.522560399999946, 33.5890483 ] } },
{ "type": "Feature", "properties": { "内容": "特別養護老人ホーム　新宮偕同園【短期入所生活介護】福岡県糟屋郡新宮町大字上府545番地1", "url": "https://www.kaigokensaku.mhlw.go.jp/40/index.php?action_kouhyou_detail_004_kani=true&JigyosyoCd=4074200041-00&ServiceCd=210&Type=search", "url2": "www.kaidoen.com" }, "geometry": { "type": "Point", "coordinates": [ 130.457418500000017, 33.7049577 ] } },
{ "type": "Feature", "properties": { "内容": "介護老人福祉施設　ムネしんぐう【短期入所生活介護】福岡県糟屋郡新宮町大字立花口２１７６－１８５", "url": "https://www.kaigokensaku.mhlw.go.jp/40/index.php?action_kouhyou_detail_004_kani=true&JigyosyoCd=4074200488-00&ServiceCd=210&Type=search", "url2": null }, "geometry": { "type": "Point", "coordinates": [ 130.483178734393277, 33.678030535611683 ] } },
{ "type": "Feature", "properties": { "内容": "短期入所生活介護　レイクウッド久山【短期入所生活介護】福岡県糟屋郡久山町大字猪野字池ノ浦1610-40", "url": "https://www.kaigokensaku.mhlw.go.jp/40/index.php?action_kouhyou_detail_004_kani=true&JigyosyoCd=4074300080-00&ServiceCd=210&Type=search", "url2": "http://www.lakewoodhisayama.com/" }, "geometry": { "type": "Point", "coordinates": [ 130.499833599999988, 33.6468086 ] } },
{ "type": "Feature", "properties": { "内容": "ショートステイ　グッドライフ粕屋【短期入所生活介護】戸原東2丁目11-12グッドライフ粕屋", "url": "https://www.kaigokensaku.mhlw.go.jp/40/index.php?action_kouhyou_detail_004_kani=true&JigyosyoCd=4074400690-00&ServiceCd=210&Type=search", "url2": "https://good-life.or.jp" }, "geometry": { "type": "Point", "coordinates": [ 130.475982964418023, 33.622047404952006 ] } },
{ "type": "Feature", "properties": { "内容": "緑の里ショートステイKizuna【短期入所生活介護】福岡県糟屋郡粕屋町酒殿3丁目22番2号", "url": "https://www.kaigokensaku.mhlw.go.jp/40/index.php?action_kouhyou_detail_004_kani=true&JigyosyoCd=4074400393-00&ServiceCd=210&Type=search", "url2": "http://www.mikatsukai.or.jp/" }, "geometry": { "type": "Point", "coordinates": [ 130.486211599999933, 33.5984859 ] } },
{ "type": "Feature", "properties": { "内容": "特別養護老人ホーム緑の里【短期入所生活介護】福岡県糟屋郡粕屋町酒殿三丁目22番1号", "url": "https://www.kaigokensaku.mhlw.go.jp/40/index.php?action_kouhyou_detail_004_kani=true&JigyosyoCd=4074400088-00&ServiceCd=210&Type=search", "url2": "http://www.mikatsukai.or.jp/" }, "geometry": { "type": "Point", "coordinates": [ 130.486056100000042, 33.5988442 ] } },
{ "type": "Feature", "properties": { "内容": "青洲の里　ショートステイハーモニー【短期入所生活介護】福岡県糟屋郡粕屋町長者原西3-13-1介護老人保健施設　青洲の里", "url": "https://www.kaigokensaku.mhlw.go.jp/40/index.php?action_kouhyou_detail_004_kani=true&JigyosyoCd=4074400435-00&ServiceCd=210&Type=search", "url2": "www.seisyukai-st.jp" }, "geometry": { "type": "Point", "coordinates": [ 130.463675897761533, 33.618350610940368 ] } },
{ "type": "Feature", "properties": { "内容": "特別養護老人ホーム　まつかぜ荘【短期入所生活介護】福岡県遠賀郡芦屋町緑ヶ丘2-2", "url": "https://www.kaigokensaku.mhlw.go.jp/40/index.php?action_kouhyou_detail_004_kani=true&JigyosyoCd=4074900061-00&ServiceCd=210&Type=search", "url2": null }, "geometry": { "type": "Point", "coordinates": [ 130.667228900000026, 33.8868015 ] } },
{ "type": "Feature", "properties": { "内容": "水卷松快園短期入所生活介護事業所【短期入所生活介護】福岡県遠賀郡水巻町吉田南二丁目9番1号", "url": "https://www.kaigokensaku.mhlw.go.jp/40/index.php?action_kouhyou_detail_004_kani=true&JigyosyoCd=4075000093-00&ServiceCd=210&Type=search", "url2": "http://www.shokaien.com" }, "geometry": { "type": "Point", "coordinates": [ 130.709909599999946, 33.8366196 ] } },
{ "type": "Feature", "properties": { "内容": "特別養護老人ホーム　スマイル・岡垣【短期入所生活介護】福岡県遠賀郡岡垣町大字内浦155番2", "url": "https://www.kaigokensaku.mhlw.go.jp/40/index.php?action_kouhyou_detail_004_kani=true&JigyosyoCd=4075100919-00&ServiceCd=210&Type=search", "url2": "www.okagaki@smile-2525.jp" }, "geometry": { "type": "Point", "coordinates": [ 130.575562909786953, 33.873988427118441 ] } },
{ "type": "Feature", "properties": { "内容": "介護老人福祉施設　恵の家　短期入所生活施設【短期入所生活介護】福岡県遠賀郡岡垣町大字高倉578－1", "url": "https://www.kaigokensaku.mhlw.go.jp/40/index.php?action_kouhyou_detail_004_kani=true&JigyosyoCd=4075100158-00&ServiceCd=210&Type=search", "url2": "https://nihonsyouisya.jp/" }, "geometry": { "type": "Point", "coordinates": [ 130.604952, 33.8488832 ] } },
{ "type": "Feature", "properties": { "内容": "ショートステイ「ふれ愛」【短期入所生活介護】福岡県遠賀郡岡垣町野間南4番7号", "url": "https://www.kaigokensaku.mhlw.go.jp/40/index.php?action_kouhyou_detail_004_kani=true&JigyosyoCd=4075100448-00&ServiceCd=210&Type=search", "url2": "https://nihonsyouisya.jp/publics/index/75/" }, "geometry": { "type": "Point", "coordinates": [ 130.615606699999944, 33.844206 ] } },
{ "type": "Feature", "properties": { "内容": "ショートステイおかがき【短期入所生活介護】福岡県遠賀郡岡垣町大字手野145", "url": "https://www.kaigokensaku.mhlw.go.jp/40/index.php?action_kouhyou_detail_004_kani=true&JigyosyoCd=4075100893-00&ServiceCd=210&Type=search", "url2": "http://www.onnaka-med.or.jp/" }, "geometry": { "type": "Point", "coordinates": [ 130.588905599999947, 33.8738525 ] } },
{ "type": "Feature", "properties": { "内容": "指定介護老人福祉施設　あゆみの里【短期入所生活介護】福岡県遠賀郡岡垣町鍋田2丁目1-6", "url": "https://www.kaigokensaku.mhlw.go.jp/40/index.php?action_kouhyou_detail_004_kani=true&JigyosyoCd=4075100497-00&ServiceCd=210&Type=search", "url2": "www.tsutsumikai-ayumi.com" }, "geometry": { "type": "Point", "coordinates": [ 130.6326302, 33.8455755 ] } },
{ "type": "Feature", "properties": { "内容": "遠賀園指定短期入所生活介護事業所【短期入所生活介護】福岡県遠賀郡遠賀町浅木三丁目18-1", "url": "https://www.kaigokensaku.mhlw.go.jp/40/index.php?action_kouhyou_detail_004_kani=true&JigyosyoCd=4075200099-00&ServiceCd=210&Type=search", "url2": null }, "geometry": { "type": "Point", "coordinates": [ 130.667205200000012, 33.8256312 ] } },
{ "type": "Feature", "properties": { "内容": "遠賀園指定短期入所生活介護事業所（ユニット）【短期入所生活介護】福岡県遠賀郡遠賀町浅木3-18-1", "url": "https://www.kaigokensaku.mhlw.go.jp/40/index.php?action_kouhyou_detail_004_kani=true&JigyosyoCd=4075200669-00&ServiceCd=210&Type=search", "url2": "http://ongaen.net/" }, "geometry": { "type": "Point", "coordinates": [ 130.6673896, 33.8254849 ] } },
{ "type": "Feature", "properties": { "内容": "ショートステイきもり【短期入所生活介護】福岡県遠賀郡遠賀町大字浅木576番地", "url": "https://www.kaigokensaku.mhlw.go.jp/40/index.php?action_kouhyou_detail_004_kani=true&JigyosyoCd=4075200461-00&ServiceCd=210&Type=search", "url2": "siruberkeakimori2505@crest.ocn.ne.jp" }, "geometry": { "type": "Point", "coordinates": [ 130.668644399861137, 33.835494639062873 ] } },
{ "type": "Feature", "properties": { "内容": "新多園短期入所生活介護事業【短期入所生活介護】福岡県鞍手郡小竹町大字新多上日177-8", "url": "https://www.kaigokensaku.mhlw.go.jp/40/index.php?action_kouhyou_detail_004_kani=true&JigyosyoCd=4075300063-00&ServiceCd=210&Type=search", "url2": "http://niidaen.jp/" }, "geometry": { "type": "Point", "coordinates": [ 130.712771299999986, 33.6924997 ] } },
{ "type": "Feature", "properties": { "内容": "ショートステイきんもくせい【短期入所生活介護】福岡県鞍手郡小竹町大字勝野４２０４－１５１", "url": "https://www.kaigokensaku.mhlw.go.jp/40/index.php?action_kouhyou_detail_004_kani=true&JigyosyoCd=4075300212-00&ServiceCd=210&Type=search", "url2": "f-shinwakai.or.jp/" }, "geometry": { "type": "Point", "coordinates": [ 130.699499599999967, 33.6854391 ] } },
{ "type": "Feature", "properties": { "内容": "特別養護老人ホームやすらぎ園ショートステイ【短期入所生活介護】福岡県鞍手郡鞍手町木月1826番地1", "url": "https://www.kaigokensaku.mhlw.go.jp/40/index.php?action_kouhyou_detail_004_kani=true&JigyosyoCd=4075400038-00&ServiceCd=210&Type=search", "url2": "http://www.yasuragi-en.or.jp" }, "geometry": { "type": "Point", "coordinates": [ 130.67672382516173, 33.800002939411264 ] } },
{ "type": "Feature", "properties": { "内容": "白藤の苑短期入所生活介護事業所【短期入所生活介護】福岡県嘉穂郡桂川町大字吉隈字ヲベ田13番96", "url": "https://www.kaigokensaku.mhlw.go.jp/40/index.php?action_kouhyou_detail_004_kani=true&JigyosyoCd=4075700114-00&ServiceCd=210&Type=search", "url2": "https://chikuzen-fukushi.jp/" }, "geometry": { "type": "Point", "coordinates": [ 130.697205176071179, 33.585390994189524 ] } },
{ "type": "Feature", "properties": { "内容": "特別養護老人ホーム　明日香園【短期入所生活介護】福岡県嘉穂郡桂川町大字土師4502-1", "url": "https://www.kaigokensaku.mhlw.go.jp/40/index.php?action_kouhyou_detail_004_kani=true&JigyosyoCd=4075700056-00&ServiceCd=210&Type=search", "url2": "http://www.asukaen.or.jp/" }, "geometry": { "type": "Point", "coordinates": [ 130.674799, 33.564093 ] } },
{ "type": "Feature", "properties": { "内容": "社会福祉法人朝倉社会事業協会　朝倉苑短期入所生活介護事業所【短期入所生活介護】福岡県朝倉郡筑前町原地蔵２２２６－３", "url": "https://www.kaigokensaku.mhlw.go.jp/40/index.php?action_kouhyou_detail_004_kani=true&JigyosyoCd=4076700071-00&ServiceCd=210&Type=search", "url2": "http://www.asakuraen.or.jp/" }, "geometry": { "type": "Point", "coordinates": [ 130.615789041664129, 33.411332306330635 ] } },
{ "type": "Feature", "properties": { "内容": "社会福祉法人　朝倉社会事業協会　美和の里短期入所生活介護事業所【短期入所生活介護】福岡県朝倉郡筑前町2227-5", "url": "https://www.kaigokensaku.mhlw.go.jp/40/index.php?action_kouhyou_detail_004_kani=true&JigyosyoCd=4076700360-00&ServiceCd=210&Type=search", "url2": "https//www.asakuraen.or.jp" }, "geometry": { "type": "Point", "coordinates": [ 130.61531453155925, 33.410749163579034 ] } },
{ "type": "Feature", "properties": { "内容": "特別養護老人ホーム　朝老園【短期入所生活介護】福岡県朝倉郡筑前町朝日586番地", "url": "https://www.kaigokensaku.mhlw.go.jp/40/index.php?action_kouhyou_detail_004_kani=true&JigyosyoCd=4076800038-00&ServiceCd=210&Type=search", "url2": "http://www.chourouen.or.jp" }, "geometry": { "type": "Point", "coordinates": [ 130.569346099999962, 33.4746528 ] } },
{ "type": "Feature", "properties": { "内容": "特別養護老人ホーム　朝老園ひさみつ【短期入所生活介護】福岡県朝倉郡筑前町久光1380番地1特別養護老人ホーム　朝老園ひさみつ", "url": "https://www.kaigokensaku.mhlw.go.jp/40/index.php?action_kouhyou_detail_004_kani=true&JigyosyoCd=4076700378-00&ServiceCd=210&Type=search", "url2": "http://chourouen.or.jp" }, "geometry": { "type": "Point", "coordinates": [ 130.635475300000053, 33.4350106 ] } },
{ "type": "Feature", "properties": { "内容": "特別養護老人ホーム　清和園【短期入所生活介護】福岡県朝倉郡東峰村大字小石原708番地13", "url": "https://www.kaigokensaku.mhlw.go.jp/40/index.php?action_kouhyou_detail_004_kani=true&JigyosyoCd=4076900036-00&ServiceCd=210&Type=search", "url2": "http://seiwaen-care.jp" }, "geometry": { "type": "Point", "coordinates": [ 130.832496399999968, 33.4711139 ] } },
{ "type": "Feature", "properties": { "内容": "宝珠の郷短期入所生活介護事業所【短期入所生活介護】福岡県朝倉郡東峰村大字福井９４２－１", "url": "https://www.kaigokensaku.mhlw.go.jp/40/index.php?action_kouhyou_detail_004_kani=true&JigyosyoCd=4077000059-00&ServiceCd=210&Type=search", "url2": "https://www.e-housyu.jp/" }, "geometry": { "type": "Point", "coordinates": [ 130.878739900000028, 33.3803188 ] } },
{ "type": "Feature", "properties": { "内容": "聖母園ショートステイ【短期入所生活介護】福岡県三井郡大刀洗町大字上高橋1173番地1", "url": "https://www.kaigokensaku.mhlw.go.jp/40/index.php?action_kouhyou_detail_004_kani=true&JigyosyoCd=4077700062-00&ServiceCd=210&Type=search", "url2": "https://www.kibou-no-oka.org" }, "geometry": { "type": "Point", "coordinates": [ 130.597559499999988, 33.371991 ] } },
{ "type": "Feature", "properties": { "内容": "特別養護老人ホーム大刀洗幸生苑【短期入所生活介護】福岡県三井郡大刀洗町大字高樋１２４５番地の1", "url": "https://www.kaigokensaku.mhlw.go.jp/40/index.php?action_kouhyou_detail_004_kani=true&JigyosyoCd=4077700039-00&ServiceCd=210&Type=search", "url2": "http://www.tachiarai-kouseien.jp/index.html" }, "geometry": { "type": "Point", "coordinates": [ 130.60078969999995, 33.3882199 ] } },
{ "type": "Feature", "properties": { "内容": "ショートステイ大刀洗昌普久苑【短期入所生活介護】福岡県三井郡大刀洗町大字本郷3279特別養護老人ホーム大刀洗昌普久苑", "url": "https://www.kaigokensaku.mhlw.go.jp/40/index.php?action_kouhyou_detail_004_kani=true&JigyosyoCd=4077700286-00&ServiceCd=210&Type=search", "url2": "http://shofukuen.com/" }, "geometry": { "type": "Point", "coordinates": [ 130.626954208212283, 33.389710617246564 ] } },
{ "type": "Feature", "properties": { "内容": "特別養護老人ホーム　いちご【短期入所生活介護】福岡県三潴郡大木町大字大角1133番地1", "url": "https://www.kaigokensaku.mhlw.go.jp/40/index.php?action_kouhyou_detail_004_kani=true&JigyosyoCd=4077900118-00&ServiceCd=210&Type=search", "url2": "https://www.ichigo.or.jp" }, "geometry": { "type": "Point", "coordinates": [ 130.4456434, 33.2241532 ] } },
{ "type": "Feature", "properties": { "内容": "山ノ井荘ショートステイサービス【短期入所生活介護】福岡県三潴郡大木町大字笹渕３９番地の１", "url": "https://www.kaigokensaku.mhlw.go.jp/40/index.php?action_kouhyou_detail_004_kani=true&JigyosyoCd=4077900050-00&ServiceCd=210&Type=search", "url2": "https://care-net.biz/40/yamanoikai/" }, "geometry": { "type": "Point", "coordinates": [ 130.4517845, 33.23933210000002 ] } },
{ "type": "Feature", "properties": { "内容": "特別養護老人ホーム　ゆめ広川【短期入所生活介護】福岡県八女郡広川町大字広川2567-1", "url": "https://www.kaigokensaku.mhlw.go.jp/40/index.php?action_kouhyou_detail_004_kani=true&JigyosyoCd=4078400340-00&ServiceCd=210&Type=search", "url2": "http://yumehirokawa.com/" }, "geometry": { "type": "Point", "coordinates": [ 130.524176656825489, 33.236948210226842 ] } },
{ "type": "Feature", "properties": { "内容": "若久　短期入所生活介護【短期入所生活介護】福岡県八女郡広川町大字新代１３８９－8", "url": "https://www.kaigokensaku.mhlw.go.jp/40/index.php?action_kouhyou_detail_004_kani=true&JigyosyoCd=4078400019-00&ServiceCd=210&Type=search", "url2": "https://www.kyueikai.jp/group/kyueikai-sv/" }, "geometry": { "type": "Point", "coordinates": [ 130.540327299999944, 33.2601371 ] } },
{ "type": "Feature", "properties": { "内容": "特別養護老人ホーム　彌栄苑【短期入所生活介護】福岡県八女郡広川町大字新代１４３２－１", "url": "https://www.kaigokensaku.mhlw.go.jp/40/index.php?action_kouhyou_detail_004_kani=true&JigyosyoCd=4078400050-00&ServiceCd=210&Type=search", "url2": "http://www.iyasakaen.com/" }, "geometry": { "type": "Point", "coordinates": [ 130.544044, 33.252763 ] } },
{ "type": "Feature", "properties": { "内容": "ショートステイ　望岳園【短期入所生活介護】福岡県田川郡香春町大字鏡山433", "url": "https://www.kaigokensaku.mhlw.go.jp/40/index.php?action_kouhyou_detail_004_kani=true&JigyosyoCd=4079200061-00&ServiceCd=210&Type=search", "url2": "http:/bougakukai.main.jp/" }, "geometry": { "type": "Point", "coordinates": [ 130.854401300000063, 33.6806071 ] } },
{ "type": "Feature", "properties": { "内容": "介護老人福祉施設　添寿園【短期入所生活介護】福岡県田川郡添田町大字庄１１３４－１", "url": "https://www.kaigokensaku.mhlw.go.jp/40/index.php?action_kouhyou_detail_004_kani=true&JigyosyoCd=4079300010-00&ServiceCd=210&Type=search", "url2": "E-mail:tenju99@gold.ocn.ne.jp" }, "geometry": { "type": "Point", "coordinates": [ 130.852596100000028, 33.57684 ] } },
{ "type": "Feature", "properties": { "内容": "社会福祉法人　光和苑　特別養護老人ホーム　そえだ【短期入所生活介護】福岡県田川郡添田町大字添田1148-3", "url": "https://www.kaigokensaku.mhlw.go.jp/40/index.php?action_kouhyou_detail_004_kani=true&JigyosyoCd=4079300408-00&ServiceCd=210&Type=search", "url2": "http://www.kouwaen.or.jp" }, "geometry": { "type": "Point", "coordinates": [ 130.853476699999959, 33.5674873 ] } },
{ "type": "Feature", "properties": { "内容": "サンハイム豊寿園ショートステイ【短期入所生活介護】福岡県田川郡糸田町1704番地", "url": "https://www.kaigokensaku.mhlw.go.jp/40/index.php?action_kouhyou_detail_004_kani=true&JigyosyoCd=4079500379-00&ServiceCd=210&Type=search", "url2": "http//hojuen.sakura.ne.jp" }, "geometry": { "type": "Point", "coordinates": [ 130.774812, 33.6549214 ] } },
{ "type": "Feature", "properties": { "内容": "特別養護老人ホーム長寿園　短期入所生活介護事業所【短期入所生活介護】福岡県田川郡糸田町４１５４－２", "url": "https://www.kaigokensaku.mhlw.go.jp/40/index.php?action_kouhyou_detail_004_kani=true&JigyosyoCd=4079500023-00&ServiceCd=210&Type=search", "url2": "http://www5.ocn.ne.jp/^choju" }, "geometry": { "type": "Point", "coordinates": [ 130.761683799999986, 33.648225 ] } },
{ "type": "Feature", "properties": { "内容": "特別養護老人ホーム　恵愛園【短期入所生活介護】福岡県田川郡川崎町大字川崎3205-1", "url": "https://www.kaigokensaku.mhlw.go.jp/40/index.php?action_kouhyou_detail_004_kani=true&JigyosyoCd=4079600039-00&ServiceCd=210&Type=search", "url2": null }, "geometry": { "type": "Point", "coordinates": [ 130.807637900000032, 33.58312990000001 ] } },
{ "type": "Feature", "properties": { "内容": "第二恵愛園ショートステイ【短期入所生活介護】大字川崎3205番地1特別養護老人ホーム第二恵愛園", "url": "https://www.kaigokensaku.mhlw.go.jp/40/index.php?action_kouhyou_detail_004_kani=true&JigyosyoCd=4079601110-00&ServiceCd=210&Type=search", "url2": "http://keishinkai.org/" }, "geometry": { "type": "Point", "coordinates": [ 130.807738, 33.583071 ] } },
{ "type": "Feature", "properties": { "内容": "短期入所生活介護　ライフ【短期入所生活介護】田川郡川崎町大字田原２０１番地４", "url": "https://www.kaigokensaku.mhlw.go.jp/40/index.php?action_kouhyou_detail_004_kani=true&JigyosyoCd=4079600898-00&ServiceCd=210&Type=search", "url2": null }, "geometry": { "type": "Point", "coordinates": [ 130.825185799999986, 33.6038701 ] } },
{ "type": "Feature", "properties": { "内容": "特別養護老人ホームよろこび【短期入所生活介護】福岡県田川郡大任町大字大行事4126", "url": "https://www.kaigokensaku.mhlw.go.jp/40/index.php?action_kouhyou_detail_004_kani=true&JigyosyoCd=4079900389-00&ServiceCd=210&Type=search", "url2": "http/:yorokobi-home.com" }, "geometry": { "type": "Point", "coordinates": [ 130.846828823621451, 33.613705436810854 ] } },
{ "type": "Feature", "properties": { "内容": "特別養護老人ホームグッドライフ【短期入所生活介護】大字今任原3486-3", "url": "https://www.kaigokensaku.mhlw.go.jp/40/index.php?action_kouhyou_detail_004_kani=true&JigyosyoCd=4079900413-00&ServiceCd=210&Type=search", "url2": null }, "geometry": { "type": "Point", "coordinates": [ 130.84403, 33.6429762 ] } },
{ "type": "Feature", "properties": { "内容": "ショートステイ　サミック【短期入所生活介護】福岡県田川郡赤村大字赤4538番地2", "url": "https://www.kaigokensaku.mhlw.go.jp/40/index.php?action_kouhyou_detail_004_kani=true&JigyosyoCd=4077800284-00&ServiceCd=210&Type=search", "url2": null }, "geometry": { "type": "Point", "coordinates": [ 130.868586764665196, 33.609412423625287 ] } },
{ "type": "Feature", "properties": { "内容": "社会福祉法人　慶寿会【短期入所生活介護】福岡県田川郡福智町上野3175番地3", "url": "https://www.kaigokensaku.mhlw.go.jp/40/index.php?action_kouhyou_detail_004_kani=true&JigyosyoCd=4079400778-00&ServiceCd=210&Type=search", "url2": "http://keijyuen-fukuchi．org/" }, "geometry": { "type": "Point", "coordinates": [ 130.7782833, 33.7202507 ] } },
{ "type": "Feature", "properties": { "内容": "特別養護老人ホーム　いなほ【短期入所生活介護】福岡県田川郡福智町伊方４１３８", "url": "https://www.kaigokensaku.mhlw.go.jp/40/index.php?action_kouhyou_detail_004_kani=true&JigyosyoCd=4079400919-00&ServiceCd=210&Type=search", "url2": "https://seihoukai-hukusi.com/" }, "geometry": { "type": "Point", "coordinates": [ 130.799690607868939, 33.688058896504117 ] } },
{ "type": "Feature", "properties": { "内容": "第二長寿園ショートスティサービスセンター【短期入所生活介護】福岡県田川郡福智町金田１２５７番地２の１", "url": "https://www.kaigokensaku.mhlw.go.jp/40/index.php?action_kouhyou_detail_004_kani=true&JigyosyoCd=4079400075-00&ServiceCd=210&Type=search", "url2": "https://daini-choujuen.jp/" }, "geometry": { "type": "Point", "coordinates": [ 130.418297, 33.6065756 ] } },
{ "type": "Feature", "properties": { "内容": "特別養護老人ホーム福智園【短期入所生活介護】福岡県田川郡福智町弁城4193番地28", "url": "https://www.kaigokensaku.mhlw.go.jp/40/index.php?action_kouhyou_detail_004_kani=true&JigyosyoCd=4079800043-00&ServiceCd=210&Type=search", "url2": "http://www.fukuchikai.jp" }, "geometry": { "type": "Point", "coordinates": [ 130.7801538, 33.696993 ] } },
{ "type": "Feature", "properties": { "内容": "ユニットケア慶寿園ショートステイ【短期入所生活介護】福岡県田川郡福智町上野3175番地3", "url": "https://www.kaigokensaku.mhlw.go.jp/40/index.php?action_kouhyou_detail_004_kani=true&JigyosyoCd=4079400760-00&ServiceCd=210&Type=search", "url2": "http://keijuen-fukuchi.org/" }, "geometry": { "type": "Point", "coordinates": [ 130.778281600000014, 33.7202318 ] } },
{ "type": "Feature", "properties": { "内容": "特別養護老人ホーム　方信園【短期入所生活介護】福岡県田川郡福智町伊方２６１１－１", "url": "https://www.kaigokensaku.mhlw.go.jp/40/index.php?action_kouhyou_detail_004_kani=true&JigyosyoCd=4079800050-00&ServiceCd=210&Type=search", "url2": "https://www.fukujukai-chikuho.com" }, "geometry": { "type": "Point", "coordinates": [ 130.803249, 33.6759764 ] } },
{ "type": "Feature", "properties": { "内容": "特別養護老人ホーム白川園【短期入所生活介護】福岡県京都郡苅田町与原1585-3特別養護老人ホーム白川園", "url": "https://www.kaigokensaku.mhlw.go.jp/40/index.php?action_kouhyou_detail_004_kani=true&JigyosyoCd=4070000171-00&ServiceCd=210&Type=search", "url2": "https://www.shirakawaen.jp/" }, "geometry": { "type": "Point", "coordinates": [ 130.982849656630833, 33.755132991450161 ] } },
{ "type": "Feature", "properties": { "内容": "いなみつ苑【短期入所生活介護】福岡県京都郡苅田町大字稲光1236番地", "url": "https://www.kaigokensaku.mhlw.go.jp/40/index.php?action_kouhyou_detail_004_kani=true&JigyosyoCd=4078000249-00&ServiceCd=210&Type=search", "url2": "http://www.kouwaen.or.jp" }, "geometry": { "type": "Point", "coordinates": [ 130.9432209, 33.7527271 ] } },
{ "type": "Feature", "properties": { "内容": "特別養護老人ホーム犀川園【短期入所生活介護】福岡県京都郡みやこ町犀川谷口759番地", "url": "https://www.kaigokensaku.mhlw.go.jp/40/index.php?action_kouhyou_detail_004_kani=true&JigyosyoCd=4070000247-00&ServiceCd=210&Type=search", "url2": null }, "geometry": { "type": "Point", "coordinates": [ 130.929604199999972, 33.6598101 ] } },
{ "type": "Feature", "properties": { "内容": "聖家族の家ショートステイ【短期入所生活介護】福岡県京都郡みやこ町豊津566番地の2", "url": "https://www.kaigokensaku.mhlw.go.jp/40/index.php?action_kouhyou_detail_004_kani=true&JigyosyoCd=4070000379-00&ServiceCd=210&Type=search", "url2": "http://www.seikazoku.jp/" }, "geometry": { "type": "Point", "coordinates": [ 130.971330699999953, 33.6773116 ] } },
{ "type": "Feature", "properties": { "内容": "勝山苑短期入所生活介護事業所【短期入所生活介護】福岡県京都郡みやこ町勝山大久保3224-1", "url": "https://www.kaigokensaku.mhlw.go.jp/40/index.php?action_kouhyou_detail_004_kani=true&JigyosyoCd=4070000304-00&ServiceCd=210&Type=search", "url2": "https://keayuku.com/" }, "geometry": { "type": "Point", "coordinates": [ 130.928639699999962, 33.6897153 ] } },
{ "type": "Feature", "properties": { "内容": "特別養護老人ホーム吉富鳳寿園【短期入所生活介護】福岡県築上郡吉富町大字幸子803番地1", "url": "https://www.kaigokensaku.mhlw.go.jp/40/index.php?action_kouhyou_detail_004_kani=true&JigyosyoCd=4070000528-00&ServiceCd=210&Type=search", "url2": "http://ryokufu-k.jp/" }, "geometry": { "type": "Point", "coordinates": [ 131.164449, 33.5937017 ] } },
{ "type": "Feature", "properties": { "内容": "さくら苑　ショートステイ【短期入所生活介護】福岡県築上郡吉富町大字別府655番地1特別養護老人ホームさくら苑", "url": "https://www.kaigokensaku.mhlw.go.jp/40/index.php?action_kouhyou_detail_004_kani=true&JigyosyoCd=4078800176-00&ServiceCd=210&Type=search", "url2": "http://hatsuhanakai.jp/" }, "geometry": { "type": "Point", "coordinates": [ 131.1578884, 33.599518 ] } },
{ "type": "Feature", "properties": { "内容": "ショートステイ　たいへい苑【短期入所生活介護】福岡県築上郡上毛町大字西友枝1938番地1", "url": "https://www.kaigokensaku.mhlw.go.jp/40/index.php?action_kouhyou_detail_004_kani=true&JigyosyoCd=4078900281-00&ServiceCd=210&Type=search", "url2": "taiheien@kei-ai-kai.com" }, "geometry": { "type": "Point", "coordinates": [ 131.130246599999964, 33.541991 ] } },
{ "type": "Feature", "properties": { "内容": "特別養護老人ホーム　安雲拓心苑【短期入所生活介護】福岡県築上郡上毛町大字安雲585－4", "url": "https://www.kaigokensaku.mhlw.go.jp/40/index.php?action_kouhyou_detail_004_kani=true&JigyosyoCd=4070000627-00&ServiceCd=210&Type=search", "url2": "http//minori-kai.or.jp/" }, "geometry": { "type": "Point", "coordinates": [ 131.143731300000013, 33.5734576 ] } },
{ "type": "Feature", "properties": { "内容": "特別養護老人ホ－ム誠松園【短期入所生活介護】福岡県築上郡築上町大字安武990番地", "url": "https://www.kaigokensaku.mhlw.go.jp/40/index.php?action_kouhyou_detail_004_kani=true&JigyosyoCd=4070000585-00&ServiceCd=210&Type=search", "url2": "http://seisyoen.jp/" }, "geometry": { "type": "Point", "coordinates": [ 131.006436399999984, 33.6594279 ] } },
{ "type": "Feature", "properties": { "内容": "特別養護老人ホーム愛翠苑【短期入所生活介護】福岡県築上郡築上町大字上ノ河内１０４８番地", "url": "https://www.kaigokensaku.mhlw.go.jp/40/index.php?action_kouhyou_detail_004_kani=true&JigyosyoCd=4070000445-00&ServiceCd=210&Type=search", "url2": "http://wakasugikai.com" }, "geometry": { "type": "Point", "coordinates": [ 131.075897700000041, 33.6296337 ] } },
{ "type": "Feature", "properties": { "内容": "ショートステイ　やまぼうし【短期入所生活介護】福岡県築上郡築上町東築城１３５－１", "url": "https://www.kaigokensaku.mhlw.go.jp/40/index.php?action_kouhyou_detail_004_kani=true&JigyosyoCd=4079800399-00&ServiceCd=210&Type=search", "url2": "http://hakuai-kai.net/" }, "geometry": { "type": "Point", "coordinates": [ 131.035585855680893, 33.670502184990617 ] } }
]
}
