{
"type": "FeatureCollection",
"name": "geo_40_通所リハビリテーション",
"crs": { "type": "name", "properties": { "name": "urn:ogc:def:crs:OGC:1.3:CRS84" } },
"features": [
{ "type": "Feature", "properties": { "内容": "医療法人　　　安藤内科循環器科医院デイケアふれあい【通所リハビリテーション】北九州市門司区寺内1丁目１－３", "url": "https://www.kaigokensaku.mhlw.go.jp/40/index.php?action_kouhyou_detail_004_kani=true&JigyosyoCd=4070100013-00&ServiceCd=160&Type=search", "url2": null }, "geometry": { "type": "Point", "coordinates": [ 130.946526, 33.9090859 ] } },
{ "type": "Feature", "properties": { "内容": "北九州市立門司病院【通所リハビリテーション】福岡県北九州市門司区南本町3番1号", "url": "https://www.kaigokensaku.mhlw.go.jp/40/index.php?action_kouhyou_detail_004_kani=true&JigyosyoCd=4017619067-00&ServiceCd=160&Type=search", "url2": "www.akanekai-moji.com/" }, "geometry": { "type": "Point", "coordinates": [ 130.941404, 33.916130585553724 ] } },
{ "type": "Feature", "properties": { "内容": "デイケア　おおつか【通所リハビリテーション】福岡県北九州市門司区栄町8-18ユタカビルユタカビル", "url": "https://www.kaigokensaku.mhlw.go.jp/40/index.php?action_kouhyou_detail_004_kani=true&JigyosyoCd=4070101466-00&ServiceCd=160&Type=search", "url2": null }, "geometry": { "type": "Point", "coordinates": [ 130.965445600000066, 33.9438103 ] } },
{ "type": "Feature", "properties": { "内容": "医療法人社団響会　緑ヶ丘病院【通所リハビリテーション】北九州市門司区緑ヶ丘3番5号", "url": "https://www.kaigokensaku.mhlw.go.jp/40/index.php?action_kouhyou_detail_004_kani=true&JigyosyoCd=4017619141-00&ServiceCd=160&Type=search", "url2": null }, "geometry": { "type": "Point", "coordinates": [ 130.930380499999956, 33.8850743 ] } },
{ "type": "Feature", "properties": { "内容": "晴山会クリニック【通所リハビリテーション】福岡県北九州市門司区柳町1-2-1", "url": "https://www.kaigokensaku.mhlw.go.jp/40/index.php?action_kouhyou_detail_004_kani=true&JigyosyoCd=4017619877-00&ServiceCd=160&Type=search", "url2": "nttbj.itp.ne.jp/0933811388/index.html" }, "geometry": { "type": "Point", "coordinates": [ 130.935732599999938, 33.9055779 ] } },
{ "type": "Feature", "properties": { "内容": "介護老人保健施設　春幸苑【通所リハビリテーション】北九州市門司区春日町12番8号", "url": "https://www.kaigokensaku.mhlw.go.jp/40/index.php?action_kouhyou_detail_004_kani=true&JigyosyoCd=4057680086-00&ServiceCd=160&Type=search", "url2": "http://www3.ocn.ne.jp/~shunkou/" }, "geometry": { "type": "Point", "coordinates": [ 130.972423, 33.9297703 ] } },
{ "type": "Feature", "properties": { "内容": "松恒園通所リハビリテーション【通所リハビリテーション】福岡県北九州市門司区吉志5-5-10", "url": "https://www.kaigokensaku.mhlw.go.jp/40/index.php?action_kouhyou_detail_004_kani=true&JigyosyoCd=4057680102-00&ServiceCd=160&Type=search", "url2": "http://www.torisu-hp.or.jp" }, "geometry": { "type": "Point", "coordinates": [ 130.96094549999998, 33.8651967 ] } },
{ "type": "Feature", "properties": { "内容": "医療法人　今光会　今光ホームケアクリニック【通所リハビリテーション】福岡県北九州市若松区今光1-9-10今光ホームケアクリニック", "url": "https://www.kaigokensaku.mhlw.go.jp/40/index.php?action_kouhyou_detail_004_kani=true&JigyosyoCd=4016511836-00&ServiceCd=160&Type=search", "url2": "https://med-ihcc.jp" }, "geometry": { "type": "Point", "coordinates": [ 130.775493899999987, 33.8924627 ] } },
{ "type": "Feature", "properties": { "内容": "萩原クリニック　通所リハビリテーション【通所リハビリテーション】福岡県北九州市若松区高須南二丁目3番8号", "url": "https://www.kaigokensaku.mhlw.go.jp/40/index.php?action_kouhyou_detail_004_kani=true&JigyosyoCd=4016511877-00&ServiceCd=160&Type=search", "url2": null }, "geometry": { "type": "Point", "coordinates": [ 130.6880665, 33.8891924 ] } },
{ "type": "Feature", "properties": { "内容": "医療法人　秀英会　新庄整形外科医院通所リハビリテーション【通所リハビリテーション】北九州市若松区東二島４丁目４－１", "url": "https://www.kaigokensaku.mhlw.go.jp/40/index.php?action_kouhyou_detail_004_kani=true&JigyosyoCd=4016519318-00&ServiceCd=160&Type=search", "url2": "http://www.shinjoh-cl-or.jp/index.htm" }, "geometry": { "type": "Point", "coordinates": [ 130.751873599999954, 33.8883981 ] } },
{ "type": "Feature", "properties": { "内容": "医療法人さいとう＆さめしまクリニック【通所リハビリテーション】福岡県北九州市若松区棚田町11-13", "url": "https://www.kaigokensaku.mhlw.go.jp/40/index.php?action_kouhyou_detail_004_kani=true&JigyosyoCd=4016519375-00&ServiceCd=160&Type=search", "url2": "https://www.saitoclinic.com/pc/" }, "geometry": { "type": "Point", "coordinates": [ 130.7897448, 33.9138211 ] } },
{ "type": "Feature", "properties": { "内容": "三好内科循環器内科クリニック通所リハビリテーション【通所リハビリテーション】北九州市若松区塩屋二丁目１番７号", "url": "https://www.kaigokensaku.mhlw.go.jp/40/index.php?action_kouhyou_detail_004_kani=true&JigyosyoCd=4016511786-00&ServiceCd=160&Type=search", "url2": "https://www.miyoshi-cl.com/" }, "geometry": { "type": "Point", "coordinates": [ 130.721155122753856, 33.893738443168871 ] } },
{ "type": "Feature", "properties": { "内容": "山内クリニック　リハビリセンターけやき【通所リハビリテーション】福岡県北九州市若松区下原町9番12－1号", "url": "https://www.kaigokensaku.mhlw.go.jp/40/index.php?action_kouhyou_detail_004_kani=true&JigyosyoCd=4016519144-00&ServiceCd=160&Type=search", "url2": "http://www.e-keyaki.jp" }, "geometry": { "type": "Point", "coordinates": [ 130.789883700000019, 33.9172207 ] } },
{ "type": "Feature", "properties": { "内容": "芳野病院【通所リハビリテーション】福岡県北九州市若松区本町２丁目15－6", "url": "https://www.kaigokensaku.mhlw.go.jp/40/index.php?action_kouhyou_detail_004_kani=true&JigyosyoCd=4016519490-00&ServiceCd=160&Type=search", "url2": "http://www.yoshino-hp.com" }, "geometry": { "type": "Point", "coordinates": [ 130.810143, 33.9024536 ] } },
{ "type": "Feature", "properties": { "内容": "グリーン・ヒル若松　通所リハビリテーション【通所リハビリテーション】福岡県北九州市若松区小敷ひびきの1丁目10番1号介護老人保健施設　グリーン・ヒル若松", "url": "https://www.kaigokensaku.mhlw.go.jp/40/index.php?action_kouhyou_detail_004_kani=true&JigyosyoCd=4056580071-00&ServiceCd=160&Type=search", "url2": "http://www.wakato.or.jp/green_hil/index.html" }, "geometry": { "type": "Point", "coordinates": [ 130.705112555155921, 33.896852811813019 ] } },
{ "type": "Feature", "properties": { "内容": "こが医院通所リハビリテーション【通所リハビリテーション】福岡県北九州市若松区下原町4-11", "url": "https://www.kaigokensaku.mhlw.go.jp/40/index.php?action_kouhyou_detail_004_kani=true&JigyosyoCd=4070201233-00&ServiceCd=160&Type=search", "url2": "http://www.kogaiin.com/" }, "geometry": { "type": "Point", "coordinates": [ 130.7912864, 33.916668 ] } },
{ "type": "Feature", "properties": { "内容": "介護老人保健施設　けやき【通所リハビリテーション】福岡県北九州市若松区西畑町９番７２号", "url": "https://www.kaigokensaku.mhlw.go.jp/40/index.php?action_kouhyou_detail_004_kani=true&JigyosyoCd=4056580105-00&ServiceCd=160&Type=search", "url2": "http://www.e-keyaki.jp" }, "geometry": { "type": "Point", "coordinates": [ 130.791858499999989, 33.9107104 ] } },
{ "type": "Feature", "properties": { "内容": "介護老人保健施設　グリーンライフ【通所リハビリテーション】北九州市若松区童子丸2丁目7番7号", "url": "https://www.kaigokensaku.mhlw.go.jp/40/index.php?action_kouhyou_detail_004_kani=true&JigyosyoCd=4056580089-00&ServiceCd=160&Type=search", "url2": null }, "geometry": { "type": "Point", "coordinates": [ 130.763256, 33.8896204 ] } },
{ "type": "Feature", "properties": { "内容": "戸畑けんわ病院通所リハビリテーション【通所リハビリテーション】福岡県北九州市戸畑区新池1-5-5", "url": "https://www.kaigokensaku.mhlw.go.jp/40/index.php?action_kouhyou_detail_004_kani=true&JigyosyoCd=4016419162-00&ServiceCd=160&Type=search", "url2": "https://tobata.kenwakai.gr.jp/" }, "geometry": { "type": "Point", "coordinates": [ 130.8274778, 33.8956768 ] } },
{ "type": "Feature", "properties": { "内容": "介護老人保健施設　牧山いわき苑【通所リハビリテーション】福岡県北九州市戸畑区牧山1丁目1-1", "url": "https://www.kaigokensaku.mhlw.go.jp/40/index.php?action_kouhyou_detail_004_kani=true&JigyosyoCd=4056480009-00&ServiceCd=160&Type=search", "url2": "http://www.iwakikai.com" }, "geometry": { "type": "Point", "coordinates": [ 130.8196815, 33.8924574 ] } },
{ "type": "Feature", "properties": { "内容": "介護老人保健施設　あやめの里【通所リハビリテーション】北九州市戸畑区小芝２丁目４番１８号", "url": "https://www.kaigokensaku.mhlw.go.jp/40/index.php?action_kouhyou_detail_004_kani=true&JigyosyoCd=4056480017-00&ServiceCd=160&Type=search", "url2": "https://www.kyoaikai.com/ayame/" }, "geometry": { "type": "Point", "coordinates": [ 130.8366992, 33.8954547 ] } },
{ "type": "Feature", "properties": { "内容": "デイケアセンター　シュポール【通所リハビリテーション】福岡県北九州市小倉北区真鶴一丁目4番11号シニアハウスおおごう2F", "url": "https://www.kaigokensaku.mhlw.go.jp/40/index.php?action_kouhyou_detail_004_kani=true&JigyosyoCd=4017910102-00&ServiceCd=160&Type=search", "url2": "http://www.ohgokai.or.jp/" }, "geometry": { "type": "Point", "coordinates": [ 130.8552274, 33.8735362 ] } },
{ "type": "Feature", "properties": { "内容": "医療法人　貞元内科医院通所リハビリテーション【通所リハビリテーション】福岡県北九州市小倉北区馬借1丁目10番8号", "url": "https://www.kaigokensaku.mhlw.go.jp/40/index.php?action_kouhyou_detail_004_kani=true&JigyosyoCd=4017719529-00&ServiceCd=160&Type=search", "url2": "https://sadamoto-naika.com/" }, "geometry": { "type": "Point", "coordinates": [ 130.877729899999963, 33.8809623 ] } },
{ "type": "Feature", "properties": { "内容": "小倉第一病院　通所リハビリテーション　ハッピーチャレンジ【通所リハビリテーション】福岡県北九州市小倉北区下到津1丁目12-14", "url": "https://www.kaigokensaku.mhlw.go.jp/40/index.php?action_kouhyou_detail_004_kani=true&JigyosyoCd=4017910656-00&ServiceCd=160&Type=search", "url2": "https://www.kdh.gr.jp" }, "geometry": { "type": "Point", "coordinates": [ 130.8551443, 33.8723881 ] } },
{ "type": "Feature", "properties": { "内容": "大手町リハビリテーション病院【通所リハビリテーション】福岡県北九州市小倉北区大手町１４－１８", "url": "https://www.kaigokensaku.mhlw.go.jp/40/index.php?action_kouhyou_detail_004_kani=true&JigyosyoCd=4017911597-00&ServiceCd=160&Type=search", "url2": "https://riha.kenwakai.gr.jp/" }, "geometry": { "type": "Point", "coordinates": [ 130.870178309262116, 33.875192660848121 ] } },
{ "type": "Feature", "properties": { "内容": "トレーニング特化型デイケアセンター　ムーブグラッチャ【通所リハビリテーション】福岡県北九州市小倉北区東篠崎1-9-8", "url": "https://www.kaigokensaku.mhlw.go.jp/40/index.php?action_kouhyou_detail_004_kani=true&JigyosyoCd=4017911662-00&ServiceCd=160&Type=search", "url2": "http://kms-clinic.com/daycare/" }, "geometry": { "type": "Point", "coordinates": [ 130.879263600000058, 33.86615 ] } },
{ "type": "Feature", "properties": { "内容": "伸寿苑デイケアセンター【通所リハビリテーション】福岡県北九州市小倉北区篠崎1丁目5-1", "url": "https://www.kaigokensaku.mhlw.go.jp/40/index.php?action_kouhyou_detail_004_kani=true&JigyosyoCd=4057780001-00&ServiceCd=160&Type=search", "url2": "http://www.kyouwakai.com" }, "geometry": { "type": "Point", "coordinates": [ 130.869078, 33.8681414 ] } },
{ "type": "Feature", "properties": { "内容": "介護老人保健施設　エメロード三萩野【通所リハビリテーション】北九州市小倉北区東篠崎１丁目９番３号", "url": "https://www.kaigokensaku.mhlw.go.jp/40/index.php?action_kouhyou_detail_004_kani=true&JigyosyoCd=4057780126-00&ServiceCd=160&Type=search", "url2": "http://www.tensuikai.or.jp/tensui/mihagino.html" }, "geometry": { "type": "Point", "coordinates": [ 130.878766400000018, 33.8661139 ] } },
{ "type": "Feature", "properties": { "内容": "介護老人保健施設　「ハーモニー」【通所リハビリテーション】福岡県北九州市小倉北区熊谷2-1-4", "url": "https://www.kaigokensaku.mhlw.go.jp/40/index.php?action_kouhyou_detail_004_kani=true&JigyosyoCd=4057780175-00&ServiceCd=160&Type=search", "url2": "http://www.sinai.or.jp/" }, "geometry": { "type": "Point", "coordinates": [ 130.865636900000027, 33.8582065 ] } },
{ "type": "Feature", "properties": { "内容": "南小倉デイケアセンター【通所リハビリテーション】福岡県北九州市小倉北区篠崎1丁目5-1", "url": "https://www.kaigokensaku.mhlw.go.jp/40/index.php?action_kouhyou_detail_004_kani=true&JigyosyoCd=4070400603-00&ServiceCd=160&Type=search", "url2": "http://www.kyouwakai.com" }, "geometry": { "type": "Point", "coordinates": [ 130.869078, 33.8681414 ] } },
{ "type": "Feature", "properties": { "内容": "介護老人保健施設　エバーグリーン【通所リハビリテーション】福岡県北九州市小倉北区片野新町1丁目11-7介護老人保健施設　エバーグリーン", "url": "https://www.kaigokensaku.mhlw.go.jp/40/index.php?action_kouhyou_detail_004_kani=true&JigyosyoCd=4070404373-00&ServiceCd=160&Type=search", "url2": null }, "geometry": { "type": "Point", "coordinates": [ 130.884096445406414, 33.863107117788637 ] } },
{ "type": "Feature", "properties": { "内容": "介護老人保健施設みやこ【通所リハビリテーション】北九州市小倉北区都二丁目１３番８号", "url": "https://www.kaigokensaku.mhlw.go.jp/40/index.php?action_kouhyou_detail_004_kani=true&JigyosyoCd=4057780142-00&ServiceCd=160&Type=search", "url2": "http://r-miyako.com/" }, "geometry": { "type": "Point", "coordinates": [ 130.845476700000063, 33.8785316 ] } },
{ "type": "Feature", "properties": { "内容": "医療法人　北愛会　桜丘デイケアセンター【通所リハビリテーション】福岡県北九州市小倉北区上富野3丁目17-1", "url": "https://www.kaigokensaku.mhlw.go.jp/40/index.php?action_kouhyou_detail_004_kani=true&JigyosyoCd=4057780167-00&ServiceCd=160&Type=search", "url2": "http://hoku-i.jp" }, "geometry": { "type": "Point", "coordinates": [ 130.902994300000046, 33.8851903 ] } },
{ "type": "Feature", "properties": { "内容": "医療法人聖心会　久能整形外科消化器科医院【通所リハビリテーション】福岡県北九州市小倉南区葛原東３丁目１４－４９", "url": "https://www.kaigokensaku.mhlw.go.jp/40/index.php?action_kouhyou_detail_004_kani=true&JigyosyoCd=4017716988-00&ServiceCd=160&Type=search", "url2": "http://www.kunou.or.jp" }, "geometry": { "type": "Point", "coordinates": [ 130.935389500000042, 33.841921 ] } },
{ "type": "Feature", "properties": { "内容": "短時間通所リハビリテーション【通所リハビリテーション】朽網西1丁目６番６号", "url": "https://www.kaigokensaku.mhlw.go.jp/40/index.php?action_kouhyou_detail_004_kani=true&JigyosyoCd=4017719503-00&ServiceCd=160&Type=search", "url2": "ｈｔｔｐ://ｗｗｗ.sakurakai52.or.jp" }, "geometry": { "type": "Point", "coordinates": [ 130.952771097206096, 33.811998509511319 ] } },
{ "type": "Feature", "properties": { "内容": "医療法人　あさひ松本病院【通所リハビリテーション】北九州市小倉南区津田5-1-5", "url": "https://www.kaigokensaku.mhlw.go.jp/40/index.php?action_kouhyou_detail_004_kani=true&JigyosyoCd=4017810393-00&ServiceCd=160&Type=search", "url2": "http://www.asahimatumoto.or.jp" }, "geometry": { "type": "Point", "coordinates": [ 130.928334800000016, 33.8266281 ] } },
{ "type": "Feature", "properties": { "内容": "医療法人　聖和クリニック　通所リハビリテーション【通所リハビリテーション】北九州市小倉南区守恒本町2丁目19番1号", "url": "https://www.kaigokensaku.mhlw.go.jp/40/index.php?action_kouhyou_detail_004_kani=true&JigyosyoCd=4017718547-00&ServiceCd=160&Type=search", "url2": "http://www.mikku.co.jp/seiwa/index.htm" }, "geometry": { "type": "Point", "coordinates": [ 130.871609499999977, 33.8339955 ] } },
{ "type": "Feature", "properties": { "内容": "医療法人花繚会　しもそね整形外科・骨粗しょう症クリニック　短時間デイケア　フィオーレ【通所リハビリテーション】福岡県北九州市小倉南区曽根北町2－26", "url": "https://www.kaigokensaku.mhlw.go.jp/40/index.php?action_kouhyou_detail_004_kani=true&JigyosyoCd=4017811276-00&ServiceCd=160&Type=search", "url2": "www.shimosoneclinic.com" }, "geometry": { "type": "Point", "coordinates": [ 130.939506, 33.838213199999984 ] } },
{ "type": "Feature", "properties": { "内容": "医療法人敬天会東和病院【通所リハビリテーション】福岡県北九州市小倉南区守恒本町1-3-1", "url": "https://www.kaigokensaku.mhlw.go.jp/40/index.php?action_kouhyou_detail_004_kani=true&JigyosyoCd=4017716921-00&ServiceCd=160&Type=search", "url2": "https://tohwa-hospital.or.jp" }, "geometry": { "type": "Point", "coordinates": [ 130.872998199999984, 33.8372396 ] } },
{ "type": "Feature", "properties": { "内容": "医療法人都留内科医院　通所リハビリテーション【通所リハビリテーション】福岡県北九州市小倉南区徳吉西3丁目5番25", "url": "https://www.kaigokensaku.mhlw.go.jp/40/index.php?action_kouhyou_detail_004_kani=true&JigyosyoCd=4017719768-00&ServiceCd=160&Type=search", "url2": null }, "geometry": { "type": "Point", "coordinates": [ 130.856288799999987, 33.81091840000002 ] } },
{ "type": "Feature", "properties": { "内容": "うえだ通所リハビリテーション葛原【通所リハビリテーション】福岡県北九州市小倉南区葛原本町1-1-11ビッグファミリー葛原２　2階", "url": "https://www.kaigokensaku.mhlw.go.jp/40/index.php?action_kouhyou_detail_004_kani=true&JigyosyoCd=4017811474-00&ServiceCd=160&Type=search", "url2": null }, "geometry": { "type": "Point", "coordinates": [ 130.9173279, 33.8415457 ] } },
{ "type": "Feature", "properties": { "内容": "介護老人保健施設　さくら苑【通所リハビリテーション】福岡県北九州市小倉南区朽網西１丁目６番６号", "url": "https://www.kaigokensaku.mhlw.go.jp/40/index.php?action_kouhyou_detail_004_kani=true&JigyosyoCd=4057780092-00&ServiceCd=160&Type=search", "url2": "http:/www.sakurakai52.or.jp" }, "geometry": { "type": "Point", "coordinates": [ 130.952792100000011, 33.811964 ] } },
{ "type": "Feature", "properties": { "内容": "介護老人保健施設博慈苑【通所リハビリテーション】福岡県北九州市小倉南区大字堀越358番", "url": "https://www.kaigokensaku.mhlw.go.jp/40/index.php?action_kouhyou_detail_004_kani=true&JigyosyoCd=4057780100-00&ServiceCd=160&Type=search", "url2": "http://www.tsutsumikokura.com/" }, "geometry": { "type": "Point", "coordinates": [ 130.88213159999998, 33.8170364 ] } },
{ "type": "Feature", "properties": { "内容": "小倉南ヴィラガーデン【通所リハビリテーション】北九州市　小倉南区　葛原東2-14-2", "url": "https://www.kaigokensaku.mhlw.go.jp/40/index.php?action_kouhyou_detail_004_kani=true&JigyosyoCd=4057780118-00&ServiceCd=160&Type=search", "url2": "http//www.jojinkai.com/villa/" }, "geometry": { "type": "Point", "coordinates": [ 130.929428244935622, 33.840020144818503 ] } },
{ "type": "Feature", "properties": { "内容": "介護老人保健施設わかくさ【通所リハビリテーション】福岡県北九州市小倉南区沼本町4丁目2番19号", "url": "https://www.kaigokensaku.mhlw.go.jp/40/index.php?action_kouhyou_detail_004_kani=true&JigyosyoCd=4057780134-00&ServiceCd=160&Type=search", "url2": "http://www.jikeikai.jp" }, "geometry": { "type": "Point", "coordinates": [ 130.944446865081773, 33.845937289857353 ] } },
{ "type": "Feature", "properties": { "内容": "介護老人保健施設あけぼの苑【通所リハビリテーション】福岡県北九州市小倉南区大字湯川139番地の21", "url": "https://www.kaigokensaku.mhlw.go.jp/40/index.php?action_kouhyou_detail_004_kani=true&JigyosyoCd=4057780159-00&ServiceCd=160&Type=search", "url2": "http:/www.akebonoen@kitakyu-hp.or.jp" }, "geometry": { "type": "Point", "coordinates": [ 130.9097693, 33.8506108 ] } },
{ "type": "Feature", "properties": { "内容": "(医)仁風会　上田惠亮整形外科医院通所リハビリテーションセンター【通所リハビリテーション】北九州市小倉南区田原新町３－１２－６", "url": "https://www.kaigokensaku.mhlw.go.jp/40/index.php?action_kouhyou_detail_004_kani=true&JigyosyoCd=4070501087-00&ServiceCd=160&Type=search", "url2": "http://www.y-ueda2000.com" }, "geometry": { "type": "Point", "coordinates": [ 130.9322151, 33.8299779 ] } },
{ "type": "Feature", "properties": { "内容": "沼本町病院通所リハビリテーション【通所リハビリテーション】福岡県北九州市小倉南区沼本町１丁目９番３９号", "url": "https://www.kaigokensaku.mhlw.go.jp/40/index.php?action_kouhyou_detail_004_kani=true&JigyosyoCd=4070502408-00&ServiceCd=160&Type=search", "url2": "http://www.jikeikai.jp" }, "geometry": { "type": "Point", "coordinates": [ 130.9412807, 33.8450846 ] } },
{ "type": "Feature", "properties": { "内容": "介護老人保健施設　正寿園デイケアセンター【通所リハビリテーション】福岡県北九州市八幡東区大蔵3丁目2番1号", "url": "https://www.kaigokensaku.mhlw.go.jp/40/index.php?action_kouhyou_detail_004_kani=true&JigyosyoCd=4056680087-00&ServiceCd=160&Type=search", "url2": "http://n-sato.com/" }, "geometry": { "type": "Point", "coordinates": [ 130.816939820901553, 33.856664932450109 ] } },
{ "type": "Feature", "properties": { "内容": "介護老人保健施設済生会くれたけ荘【通所リハビリテーション】北九州市八幡東区中尾1丁目22-18", "url": "https://www.kaigokensaku.mhlw.go.jp/40/index.php?action_kouhyou_detail_004_kani=true&JigyosyoCd=4056680129-00&ServiceCd=160&Type=search", "url2": "http://www.saiseikai-kuretakesou.jp" }, "geometry": { "type": "Point", "coordinates": [ 130.829423099999985, 33.8600944 ] } },
{ "type": "Feature", "properties": { "内容": "介護老人保健施設やすらぎ【通所リハビリテーション】福岡県北九州市八幡東区槻田一丁目16-12", "url": "https://www.kaigokensaku.mhlw.go.jp/40/index.php?action_kouhyou_detail_004_kani=true&JigyosyoCd=4056680137-00&ServiceCd=160&Type=search", "url2": "http://www.furate.net/" }, "geometry": { "type": "Point", "coordinates": [ 130.846196500000019, 33.8627362 ] } },
{ "type": "Feature", "properties": { "内容": "医療法人　原内科循環器科クリニック指定通所リハビリテーション【通所リハビリテーション】福岡県北九州市八幡東区祇園2丁目12番16号", "url": "https://www.kaigokensaku.mhlw.go.jp/40/index.php?action_kouhyou_detail_004_kani=true&JigyosyoCd=4016616783-00&ServiceCd=160&Type=search", "url2": "https://haraclinic-daycare.com/" }, "geometry": { "type": "Point", "coordinates": [ 130.786868499999969, 33.8629325 ] } },
{ "type": "Feature", "properties": { "内容": "たなか整形外科デイケア【通所リハビリテーション】福岡県北九州市八幡東区大蔵1丁目14－2", "url": "https://www.kaigokensaku.mhlw.go.jp/40/index.php?action_kouhyou_detail_004_kani=true&JigyosyoCd=4016710685-00&ServiceCd=160&Type=search", "url2": "http://tanaka-seikeigeka.net/" }, "geometry": { "type": "Point", "coordinates": [ 130.82278969999993, 33.8635834 ] } },
{ "type": "Feature", "properties": { "内容": "平田クリニックデイケアセンター【通所リハビリテーション】町上津役東2丁目19番7号", "url": "https://www.kaigokensaku.mhlw.go.jp/40/index.php?action_kouhyou_detail_004_kani=true&JigyosyoCd=4016619498-00&ServiceCd=160&Type=search", "url2": null }, "geometry": { "type": "Point", "coordinates": [ 130.754238184655719, 33.820533136837952 ] } },
{ "type": "Feature", "properties": { "内容": "谷内科デイケア【通所リハビリテーション】福岡県北九州市八幡西区西神原町1-27", "url": "https://www.kaigokensaku.mhlw.go.jp/40/index.php?action_kouhyou_detail_004_kani=true&JigyosyoCd=4070700341-00&ServiceCd=160&Type=search", "url2": "http://tani-naika.com/" }, "geometry": { "type": "Point", "coordinates": [ 130.769009, 33.8623515 ] } },
{ "type": "Feature", "properties": { "内容": "医療法人慈恵睦会八幡慈恵病院【通所リハビリテーション】福岡県北九州市八幡西区木屋瀬1丁目12-23", "url": "https://www.kaigokensaku.mhlw.go.jp/40/index.php?action_kouhyou_detail_004_kani=true&JigyosyoCd=4016629802-00&ServiceCd=160&Type=search", "url2": "http://mutsumi.or.jp" }, "geometry": { "type": "Point", "coordinates": [ 130.727714600000013, 33.7816766 ] } },
{ "type": "Feature", "properties": { "内容": "すずみ医院デイケア【通所リハビリテーション】福岡県北九州市八幡西区木屋瀬3-16-15", "url": "https://www.kaigokensaku.mhlw.go.jp/40/index.php?action_kouhyou_detail_004_kani=true&JigyosyoCd=4070701141-00&ServiceCd=160&Type=search", "url2": null }, "geometry": { "type": "Point", "coordinates": [ 130.7195319, 33.7798434 ] } },
{ "type": "Feature", "properties": { "内容": "健和会町上津役診療所　通所リハビリテーション【通所リハビリテーション】福岡県北九州市八幡西区町上津役東１丁目7-38", "url": "https://www.kaigokensaku.mhlw.go.jp/40/index.php?action_kouhyou_detail_004_kani=true&JigyosyoCd=4016619118-00&ServiceCd=160&Type=search", "url2": "http://www.kenwakai.gr.jp/grp/" }, "geometry": { "type": "Point", "coordinates": [ 130.756572399999982, 33.8253609 ] } },
{ "type": "Feature", "properties": { "内容": "聖ヨハネ病院　通所リハビリテーション【通所リハビリテーション】北九州市八幡西区陣山1丁目4番28号", "url": "https://www.kaigokensaku.mhlw.go.jp/40/index.php?action_kouhyou_detail_004_kani=true&JigyosyoCd=4016711006-00&ServiceCd=160&Type=search", "url2": "https://haruka-mc.jp/" }, "geometry": { "type": "Point", "coordinates": [ 130.780221899999987, 33.8672415 ] } },
{ "type": "Feature", "properties": { "内容": "東筑病院通所リハビリテーション【通所リハビリテーション】福岡県北九州市八幡西区八枝1丁目7番20号", "url": "https://www.kaigokensaku.mhlw.go.jp/40/index.php?action_kouhyou_detail_004_kani=true&JigyosyoCd=4016616304-00&ServiceCd=160&Type=search", "url2": "http://www.touchiku-hospital.com/" }, "geometry": { "type": "Point", "coordinates": [ 130.7249134, 33.8499157 ] } },
{ "type": "Feature", "properties": { "内容": "介護老人保健施設　翡翠苑【通所リハビリテーション】北九州市八幡西区森下町２７番４３号", "url": "https://www.kaigokensaku.mhlw.go.jp/40/index.php?action_kouhyou_detail_004_kani=true&JigyosyoCd=4056680103-00&ServiceCd=160&Type=search", "url2": "http://www.touchiku-hospital.com/" }, "geometry": { "type": "Point", "coordinates": [ 130.742075263229367, 33.84954718286459 ] } },
{ "type": "Feature", "properties": { "内容": "大平メディカルケア病院【通所リハビリテーション】福岡県北九州市八幡西区大平3丁目14番7号", "url": "https://www.kaigokensaku.mhlw.go.jp/40/index.php?action_kouhyou_detail_004_kani=true&JigyosyoCd=4070703949-00&ServiceCd=160&Type=search", "url2": "http://www.jojinkai.com/ohira/" }, "geometry": { "type": "Point", "coordinates": [ 130.746656799999982, 33.8194363 ] } },
{ "type": "Feature", "properties": { "内容": "神原クリニック【通所リハビリテーション】福岡県北九州市八幡西区西神原町9-19", "url": "https://www.kaigokensaku.mhlw.go.jp/40/index.php?action_kouhyou_detail_004_kani=true&JigyosyoCd=4016618045-00&ServiceCd=160&Type=search", "url2": "http://www.kanbara-clinic.or.jp/" }, "geometry": { "type": "Point", "coordinates": [ 130.768600800000058, 33.8598796 ] } },
{ "type": "Feature", "properties": { "内容": "青山整形外科　通所リハビリテーション【通所リハビリテーション】穴生2丁目8番12号", "url": "https://www.kaigokensaku.mhlw.go.jp/40/index.php?action_kouhyou_detail_004_kani=true&JigyosyoCd=4016619746-00&ServiceCd=160&Type=search", "url2": "https://www.aoyama-seikei.jp/" }, "geometry": { "type": "Point", "coordinates": [ 130.742466700000023, 33.8601047 ] } },
{ "type": "Feature", "properties": { "内容": "医療法人　新生会　介護老人保健施設　ひまわり【通所リハビリテーション】福岡県北九州市八幡西区町上津役東3丁目17番10号", "url": "https://www.kaigokensaku.mhlw.go.jp/40/index.php?action_kouhyou_detail_004_kani=true&JigyosyoCd=4056680152-00&ServiceCd=160&Type=search", "url2": "http://www.shinseikai-hos.or.jp" }, "geometry": { "type": "Point", "coordinates": [ 130.760574899999938, 33.8207558 ] } },
{ "type": "Feature", "properties": { "内容": "フェリシア福岡病院　通所リハ　ラ・フォンテーヌ【通所リハビリテーション】福岡県北九州市八幡西区陣原１丁目２番１１号", "url": "https://www.kaigokensaku.mhlw.go.jp/40/index.php?action_kouhyou_detail_004_kani=true&JigyosyoCd=4016616965-00&ServiceCd=160&Type=search", "url2": "https://www.showa-felicia.com/" }, "geometry": { "type": "Point", "coordinates": [ 130.74332846494292, 33.867759251918301 ] } },
{ "type": "Feature", "properties": { "内容": "医療法人後藤外科胃腸科医院通所リハビリテーション【通所リハビリテーション】浅川二丁目15番20号", "url": "https://www.kaigokensaku.mhlw.go.jp/40/index.php?action_kouhyou_detail_004_kani=true&JigyosyoCd=4016616734-00&ServiceCd=160&Type=search", "url2": "https://gotoh-geka.jp/" }, "geometry": { "type": "Point", "coordinates": [ 130.701500600000031, 33.8804364 ] } },
{ "type": "Feature", "properties": { "内容": "佐々木病院デイケアセンター【通所リハビリテーション】福岡県北九州市八幡西区吉祥寺町9番36号", "url": "https://www.kaigokensaku.mhlw.go.jp/40/index.php?action_kouhyou_detail_004_kani=true&JigyosyoCd=4016617609-00&ServiceCd=160&Type=search", "url2": "http://www.sasaki-hsp.jp/" }, "geometry": { "type": "Point", "coordinates": [ 130.733166799999907, 33.8047433 ] } },
{ "type": "Feature", "properties": { "内容": "新王子病院通所リハビリテーション【通所リハビリテーション】福岡県北九州市八幡西区鉄王2丁目20-1", "url": "https://www.kaigokensaku.mhlw.go.jp/40/index.php?action_kouhyou_detail_004_kani=true&JigyosyoCd=4016619332-00&ServiceCd=160&Type=search", "url2": "http://www.hamayuukai.or.jp" }, "geometry": { "type": "Point", "coordinates": [ 130.753148894581614, 33.849542667115315 ] } },
{ "type": "Feature", "properties": { "内容": "介護老人保健施設　サンフラワーズ北九州【通所リハビリテーション】福岡県北九州市八幡西区塔野三丁目16番２号", "url": "https://www.kaigokensaku.mhlw.go.jp/40/index.php?action_kouhyou_detail_004_kani=true&JigyosyoCd=4056680079-00&ServiceCd=160&Type=search", "url2": "http://www.sunflowers-k.com" }, "geometry": { "type": "Point", "coordinates": [ 130.734388299999978, 33.8230579 ] } },
{ "type": "Feature", "properties": { "内容": "介護老人保健施設　ナーシングセンター八幡【通所リハビリテーション】福岡県北九州市八幡西区里中3-12-12", "url": "https://www.kaigokensaku.mhlw.go.jp/40/index.php?action_kouhyou_detail_004_kani=true&JigyosyoCd=4056680095-00&ServiceCd=160&Type=search", "url2": "http://www.yahata-hp.com" }, "geometry": { "type": "Point", "coordinates": [ 130.736057074112125, 33.84222918990659 ] } },
{ "type": "Feature", "properties": { "内容": "介護老人保健施設サングレース【通所リハビリテーション】北九州市八幡西区大字則松１０３番地の１", "url": "https://www.kaigokensaku.mhlw.go.jp/40/index.php?action_kouhyou_detail_004_kani=true&JigyosyoCd=4056680111-00&ServiceCd=160&Type=search", "url2": "https://kitakyu-fukushi.or.jp/" }, "geometry": { "type": "Point", "coordinates": [ 130.729343500000027, 33.8526238 ] } },
{ "type": "Feature", "properties": { "内容": "介護老人保健施設　しんわ苑【通所リハビリテーション】北九州市八幡西区楠橋南2丁目19-6", "url": "https://www.kaigokensaku.mhlw.go.jp/40/index.php?action_kouhyou_detail_004_kani=true&JigyosyoCd=4056680145-00&ServiceCd=160&Type=search", "url2": "http//shinwakai-gr.jp/" }, "geometry": { "type": "Point", "coordinates": [ 130.731825399999906, 33.7844013 ] } },
{ "type": "Feature", "properties": { "内容": "介護老人保健施設　宗寿苑【通所リハビリテーション】福岡県北九州市八幡西区友田二丁目4番1号", "url": "https://www.kaigokensaku.mhlw.go.jp/40/index.php?action_kouhyou_detail_004_kani=true&JigyosyoCd=4056680160-00&ServiceCd=160&Type=search", "url2": "www.soujyuen.com" }, "geometry": { "type": "Point", "coordinates": [ 130.723421199999962, 33.871102 ] } },
{ "type": "Feature", "properties": { "内容": "介護老人保健施設　香月の杜【通所リハビリテーション】福岡県北九州市八幡西区香月西三丁目10番20号", "url": "https://www.kaigokensaku.mhlw.go.jp/40/index.php?action_kouhyou_detail_004_kani=true&JigyosyoCd=4056680178-00&ServiceCd=160&Type=search", "url2": null }, "geometry": { "type": "Point", "coordinates": [ 130.724480827647426, 33.802356445756303 ] } },
{ "type": "Feature", "properties": { "内容": "医療法人新生会　新生会病院デイケアセンター【通所リハビリテーション】下上津役1-5-1", "url": "https://www.kaigokensaku.mhlw.go.jp/40/index.php?action_kouhyou_detail_004_kani=true&JigyosyoCd=4070701455-00&ServiceCd=160&Type=search", "url2": "http//www.shinseikai-hos.or.jp/" }, "geometry": { "type": "Point", "coordinates": [ 130.741096800000037, 33.8309041 ] } },
{ "type": "Feature", "properties": { "内容": "萩原中央病院　通所リハビリテーション【通所リハビリテーション】福岡県北九州市八幡西区萩原１丁目１０番１号", "url": "https://www.kaigokensaku.mhlw.go.jp/40/index.php?action_kouhyou_detail_004_kani=true&JigyosyoCd=4070701000-00&ServiceCd=160&Type=search", "url2": "http://www.hagiwara.or.jp/section/kaigo.html" }, "geometry": { "type": "Point", "coordinates": [ 130.7479416, 33.860054 ] } },
{ "type": "Feature", "properties": { "内容": "医療法人今村クリニック【通所リハビリテーション】北九州市八幡西区金剛2丁目2番1号", "url": "https://www.kaigokensaku.mhlw.go.jp/40/index.php?action_kouhyou_detail_004_kani=true&JigyosyoCd=4016617070-00&ServiceCd=160&Type=search", "url2": null }, "geometry": { "type": "Point", "coordinates": [ 130.743670900000041, 33.789147700000029 ] } },
{ "type": "Feature", "properties": { "内容": "千寿クリニック　デイケアサービス【通所リハビリテーション】福岡県北九州市八幡西区紅梅３－１－５", "url": "https://www.kaigokensaku.mhlw.go.jp/40/index.php?action_kouhyou_detail_004_kani=true&JigyosyoCd=4070702560-00&ServiceCd=160&Type=search", "url2": null }, "geometry": { "type": "Point", "coordinates": [ 130.776863899999967, 33.8623351 ] } },
{ "type": "Feature", "properties": { "内容": "松崎クリニック【通所リハビリテーション】福岡市東区松崎2丁目22番6号", "url": "https://www.kaigokensaku.mhlw.go.jp/40/index.php?action_kouhyou_detail_004_kani=true&JigyosyoCd=4010210054-00&ServiceCd=160&Type=search", "url2": "http://matuzakiclinic.com" }, "geometry": { "type": "Point", "coordinates": [ 130.439258600000016, 33.6374253 ] } },
{ "type": "Feature", "properties": { "内容": "医療法人　暁会【通所リハビリテーション】福岡県福岡市東区若宮5丁目３－４５", "url": "https://www.kaigokensaku.mhlw.go.jp/40/index.php?action_kouhyou_detail_004_kani=true&JigyosyoCd=4010210062-00&ServiceCd=160&Type=search", "url2": null }, "geometry": { "type": "Point", "coordinates": [ 130.443241299999954, 33.6449606 ] } },
{ "type": "Feature", "properties": { "内容": "おくだクリニック　デイケア【通所リハビリテーション】福岡県福岡市東区千早2丁目4－18", "url": "https://www.kaigokensaku.mhlw.go.jp/40/index.php?action_kouhyou_detail_004_kani=true&JigyosyoCd=4010210245-00&ServiceCd=160&Type=search", "url2": null }, "geometry": { "type": "Point", "coordinates": [ 130.433289100000025, 33.6451075 ] } },
{ "type": "Feature", "properties": { "内容": "たたらリハビリテーション病院　通所リハビリ【通所リハビリテーション】福岡県福岡市東区八田1-4-66", "url": "https://www.kaigokensaku.mhlw.go.jp/40/index.php?action_kouhyou_detail_004_kani=true&JigyosyoCd=4010210393-00&ServiceCd=160&Type=search", "url2": "http://tatara-reha.jp" }, "geometry": { "type": "Point", "coordinates": [ 130.4565632, 33.6338817 ] } },
{ "type": "Feature", "properties": { "内容": "永野外科デイケア【通所リハビリテーション】福岡市東区高美台２丁目４－２７", "url": "https://www.kaigokensaku.mhlw.go.jp/40/index.php?action_kouhyou_detail_004_kani=true&JigyosyoCd=4010211003-00&ServiceCd=160&Type=search", "url2": null }, "geometry": { "type": "Point", "coordinates": [ 130.443658599999907, 33.689214 ] } },
{ "type": "Feature", "properties": { "内容": "福岡輝栄会病院【通所リハビリテーション】福岡県福岡市東区千早4丁目14‐40", "url": "https://www.kaigokensaku.mhlw.go.jp/40/index.php?action_kouhyou_detail_004_kani=true&JigyosyoCd=4010211698-00&ServiceCd=160&Type=search", "url2": "http://www.kieikai.ne.jp" }, "geometry": { "type": "Point", "coordinates": [ 130.4376121, 33.6477008 ] } },
{ "type": "Feature", "properties": { "内容": "みどりのクリニックデイケアセンター【通所リハビリテーション】福岡県福岡市東区名子1－18－9", "url": "https://www.kaigokensaku.mhlw.go.jp/40/index.php?action_kouhyou_detail_004_kani=true&JigyosyoCd=4010211938-00&ServiceCd=160&Type=search", "url2": null }, "geometry": { "type": "Point", "coordinates": [ 130.474934107934558, 33.636962723159655 ] } },
{ "type": "Feature", "properties": { "内容": "医療法人高原医院　タカハラ整形外科クリニック【通所リハビリテーション】福岡県福岡市東区香椎浜3-2-8", "url": "https://www.kaigokensaku.mhlw.go.jp/40/index.php?action_kouhyou_detail_004_kani=true&JigyosyoCd=4010212233-00&ServiceCd=160&Type=search", "url2": "http://takahara-clinic.com" }, "geometry": { "type": "Point", "coordinates": [ 130.428020122228986, 33.656660364862816 ] } },
{ "type": "Feature", "properties": { "内容": "福岡市東区城浜団地8番3号【通所リハビリテーション】福岡県福岡市東区城浜団地8番3号", "url": "https://www.kaigokensaku.mhlw.go.jp/40/index.php?action_kouhyou_detail_004_kani=true&JigyosyoCd=4010212316-00&ServiceCd=160&Type=search", "url2": "https://website2.infomity.net/8050162/" }, "geometry": { "type": "Point", "coordinates": [ 130.42582043995057, 33.649694884742992 ] } },
{ "type": "Feature", "properties": { "内容": "まつもと整形外科クリニック【通所リハビリテーション】福岡県福岡市東区和白丘３丁目２７−６４", "url": "https://www.kaigokensaku.mhlw.go.jp/40/index.php?action_kouhyou_detail_004_kani=true&JigyosyoCd=4010212753-00&ServiceCd=160&Type=search", "url2": "http;//matsumoto-seikeigeka.com" }, "geometry": { "type": "Point", "coordinates": [ 130.431225660049449, 33.690730799162282 ] } },
{ "type": "Feature", "properties": { "内容": "秋山とおる整形外科医院　デイケア　もみじ【通所リハビリテーション】福岡県福岡市東区和白丘3丁目22−1", "url": "https://www.kaigokensaku.mhlw.go.jp/40/index.php?action_kouhyou_detail_004_kani=true&JigyosyoCd=4010212894-00&ServiceCd=160&Type=search", "url2": null }, "geometry": { "type": "Point", "coordinates": [ 130.4366837, 33.6992265 ] } },
{ "type": "Feature", "properties": { "内容": "正弘リハビリテーション【通所リハビリテーション】福岡県福岡市東区名島3丁目52番25号", "url": "https://www.kaigokensaku.mhlw.go.jp/40/index.php?action_kouhyou_detail_004_kani=true&JigyosyoCd=4010213116-00&ServiceCd=160&Type=search", "url2": null }, "geometry": { "type": "Point", "coordinates": [ 130.434163799999965, 33.6441652 ] } },
{ "type": "Feature", "properties": { "内容": "ほそかわ整形外科　通所リハビリテーション【通所リハビリテーション】福岡県福岡市東区青葉7-5-2", "url": "https://www.kaigokensaku.mhlw.go.jp/40/index.php?action_kouhyou_detail_004_kani=true&JigyosyoCd=4010213991-00&ServiceCd=160&Type=search", "url2": "http://h-oc.net/" }, "geometry": { "type": "Point", "coordinates": [ 130.464933969311517, 33.63793792937615 ] } },
{ "type": "Feature", "properties": { "内容": "清泉クリニック整形外科　通所リハビリテーションせいせん【通所リハビリテーション】福岡県福岡市東区香椎1-1-1ニシコーリビング香椎1階", "url": "https://www.kaigokensaku.mhlw.go.jp/40/index.php?action_kouhyou_detail_004_kani=true&JigyosyoCd=4010214585-00&ServiceCd=160&Type=search", "url2": "https://seisen.info/fukuoka/" }, "geometry": { "type": "Point", "coordinates": [ 130.4438423, 33.6556288 ] } },
{ "type": "Feature", "properties": { "内容": "田辺整形外科デイケア【通所リハビリテーション】福岡県福岡市東区青葉2-1-16田辺整形外科医院", "url": "https://www.kaigokensaku.mhlw.go.jp/40/index.php?action_kouhyou_detail_004_kani=true&JigyosyoCd=4010317412-00&ServiceCd=160&Type=search", "url2": "http://tanabe-orth.com/" }, "geometry": { "type": "Point", "coordinates": [ 130.458444899999989, 33.6423728 ] } },
{ "type": "Feature", "properties": { "内容": "石橋整形外科【通所リハビリテーション】福岡県福岡市東区土井２－８－６石橋整形外科", "url": "https://www.kaigokensaku.mhlw.go.jp/40/index.php?action_kouhyou_detail_004_kani=true&JigyosyoCd=4010318691-00&ServiceCd=160&Type=search", "url2": "http://isibasi-seikei.jp" }, "geometry": { "type": "Point", "coordinates": [ 130.461258357286027, 33.632595150608047 ] } },
{ "type": "Feature", "properties": { "内容": "香椎原病院【通所リハビリテーション】福岡県福岡市東区香椎３丁目３番１号", "url": "https://www.kaigokensaku.mhlw.go.jp/40/index.php?action_kouhyou_detail_004_kani=true&JigyosyoCd=4010319061-00&ServiceCd=160&Type=search", "url2": "http://www.kashiihara.or.jp/" }, "geometry": { "type": "Point", "coordinates": [ 130.450890100000038, 33.6571538 ] } },
{ "type": "Feature", "properties": { "内容": "千鳥橋病院附属城浜診療所【通所リハビリテーション】福岡市東区千早１－６－８", "url": "https://www.kaigokensaku.mhlw.go.jp/40/index.php?action_kouhyou_detail_004_kani=true&JigyosyoCd=4010319376-00&ServiceCd=160&Type=search", "url2": "http://www.sfid.jp/shinryosho/shirohama/" }, "geometry": { "type": "Point", "coordinates": [ 130.427172599999949, 33.6481736 ] } },
{ "type": "Feature", "properties": { "内容": "福岡みらい病院　通所リハビリテーション【通所リハビリテーション】福岡県福岡市東区香椎照葉3丁目4番8号福岡みらい病院　高度リハビリテーション施設内", "url": "https://www.kaigokensaku.mhlw.go.jp/40/index.php?action_kouhyou_detail_004_kani=true&JigyosyoCd=4010319426-00&ServiceCd=160&Type=search", "url2": "http://www.fukuoka-mirai.jp/" }, "geometry": { "type": "Point", "coordinates": [ 130.421386900000016, 33.6605612 ] } },
{ "type": "Feature", "properties": { "内容": "かもりクリニック　デイケア【通所リハビリテーション】福岡市東区舞松原1-13-8", "url": "https://www.kaigokensaku.mhlw.go.jp/40/index.php?action_kouhyou_detail_004_kani=true&JigyosyoCd=4010319608-00&ServiceCd=160&Type=search", "url2": "http://kamori-clinic.com/" }, "geometry": { "type": "Point", "coordinates": [ 130.4490634, 33.6408418 ] } },
{ "type": "Feature", "properties": { "内容": "医療法人　神戸整形外科医院　通所リハビリテーション【通所リハビリテーション】福岡県福岡市東区原田１丁目２番23号", "url": "https://www.kaigokensaku.mhlw.go.jp/40/index.php?action_kouhyou_detail_004_kani=true&JigyosyoCd=4010319632-00&ServiceCd=160&Type=search", "url2": null }, "geometry": { "type": "Point", "coordinates": [ 130.43111250000004, 33.6182522 ] } },
{ "type": "Feature", "properties": { "内容": "MT奈多ケア院　デイケアセンター【通所リハビリテーション】福岡県福岡市東区雁ノ巣1丁目７－３０", "url": "https://www.kaigokensaku.mhlw.go.jp/40/index.php?action_kouhyou_detail_004_kani=true&JigyosyoCd=4050380064-00&ServiceCd=160&Type=search", "url2": "http//www.souseikai.or.jp" }, "geometry": { "type": "Point", "coordinates": [ 130.40848040000003, 33.6881241 ] } },
{ "type": "Feature", "properties": { "内容": "介護老人保健施設ローズガーデンＭ．Ｋ．【通所リハビリテーション】福岡市東区名子１丁目１番5号", "url": "https://www.kaigokensaku.mhlw.go.jp/40/index.php?action_kouhyou_detail_004_kani=true&JigyosyoCd=4050380130-00&ServiceCd=160&Type=search", "url2": null }, "geometry": { "type": "Point", "coordinates": [ 130.473081, 33.6385257 ] } },
{ "type": "Feature", "properties": { "内容": "デイケアセンター和仁会【通所リハビリテーション】福岡県福岡市東区奈多1丁目4-1", "url": "https://www.kaigokensaku.mhlw.go.jp/40/index.php?action_kouhyou_detail_004_kani=true&JigyosyoCd=4070800299-00&ServiceCd=160&Type=search", "url2": "http://higasihukuoka-wajinkai-hp.jp/" }, "geometry": { "type": "Point", "coordinates": [ 130.419060100000024, 33.6912961 ] } },
{ "type": "Feature", "properties": { "内容": "三善病院　おおなデイケアセンター【通所リハビリテーション】福岡県福岡市東区唐原4丁目18番15号", "url": "https://www.kaigokensaku.mhlw.go.jp/40/index.php?action_kouhyou_detail_004_kani=true&JigyosyoCd=4070800448-00&ServiceCd=160&Type=search", "url2": null }, "geometry": { "type": "Point", "coordinates": [ 130.440031299999987, 33.6793954 ] } },
{ "type": "Feature", "properties": { "内容": "医療法人　貝塚病院通所リハビリテーション【通所リハビリテーション】福岡県福岡市東区箱崎7-7-27", "url": "https://www.kaigokensaku.mhlw.go.jp/40/index.php?action_kouhyou_detail_004_kani=true&JigyosyoCd=4010318618-00&ServiceCd=160&Type=search", "url2": "http://kaizuka-hosp.or.jp/" }, "geometry": { "type": "Point", "coordinates": [ 130.424984499999937, 33.6358417 ] } },
{ "type": "Feature", "properties": { "内容": "医療法人　相生会　新吉塚病院　通所リハビリテーション【通所リハビリテーション】福岡県福岡市博多区吉塚7丁目6番29号", "url": "https://www.kaigokensaku.mhlw.go.jp/40/index.php?action_kouhyou_detail_004_kani=true&JigyosyoCd=4010213876-00&ServiceCd=160&Type=search", "url2": "http://www.lta-yoshizuka-g.jp/" }, "geometry": { "type": "Point", "coordinates": [ 130.432409900000039, 33.6080672 ] } },
{ "type": "Feature", "properties": { "内容": "金隈病院【通所リハビリテーション】福岡市博多区金の隈3丁目24-16", "url": "https://www.kaigokensaku.mhlw.go.jp/40/index.php?action_kouhyou_detail_004_kani=true&JigyosyoCd=4010211615-00&ServiceCd=160&Type=search", "url2": "http:www.kanenokuma.jp/" }, "geometry": { "type": "Point", "coordinates": [ 130.481179600000019, 33.556488 ] } },
{ "type": "Feature", "properties": { "内容": "医療法人山口整形外科医院【通所リハビリテーション】福岡県福岡市博多区那珂3丁目11番15号", "url": "https://www.kaigokensaku.mhlw.go.jp/40/index.php?action_kouhyou_detail_004_kani=true&JigyosyoCd=4010213488-00&ServiceCd=160&Type=search", "url2": "http://yamaguchiseikei.net/" }, "geometry": { "type": "Point", "coordinates": [ 130.4393696, 33.5687567 ] } },
{ "type": "Feature", "properties": { "内容": "まえだ整形外科　博多ひざスポーツクリニック【通所リハビリテーション】福岡県福岡市博多区下呉服町5−7", "url": "https://www.kaigokensaku.mhlw.go.jp/40/index.php?action_kouhyou_detail_004_kani=true&JigyosyoCd=4010214387-00&ServiceCd=160&Type=search", "url2": "https://www.maedaseikei.com" }, "geometry": { "type": "Point", "coordinates": [ 130.4081792, 33.6006667 ] } },
{ "type": "Feature", "properties": { "内容": "医療法人ながら医院通所リハビリテーション【通所リハビリテーション】福岡県福岡市博多区東比恵3-20-1", "url": "https://www.kaigokensaku.mhlw.go.jp/40/index.php?action_kouhyou_detail_004_kani=true&JigyosyoCd=4010317446-00&ServiceCd=160&Type=search", "url2": "http://www.nagara-clinic.jp" }, "geometry": { "type": "Point", "coordinates": [ 130.432654899999989, 33.5884859 ] } },
{ "type": "Feature", "properties": { "内容": "医療法人　山本外科医院【通所リハビリテーション】福岡県福岡市博多区吉塚２丁目７－２７", "url": "https://www.kaigokensaku.mhlw.go.jp/40/index.php?action_kouhyou_detail_004_kani=true&JigyosyoCd=4010317867-00&ServiceCd=160&Type=search", "url2": null }, "geometry": { "type": "Point", "coordinates": [ 130.425071600000024, 33.6030845 ] } },
{ "type": "Feature", "properties": { "内容": "千鳥橋病院【通所リハビリテーション】福岡県福岡市博多区千代５丁目１８番１号", "url": "https://www.kaigokensaku.mhlw.go.jp/40/index.php?action_kouhyou_detail_004_kani=true&JigyosyoCd=4010319269-00&ServiceCd=160&Type=search", "url2": "http://www.chidoribashi-hp.or.jp/" }, "geometry": { "type": "Point", "coordinates": [ 130.412225300000046, 33.608253 ] } },
{ "type": "Feature", "properties": { "内容": "社会医療法人社団　至誠会　木村病院通所リハビリ【通所リハビリテーション】福岡市博多区千代２丁目１３番１９号木村病院", "url": "https://www.kaigokensaku.mhlw.go.jp/40/index.php?action_kouhyou_detail_004_kani=true&JigyosyoCd=4010319491-00&ServiceCd=160&Type=search", "url2": "http://www.kimura-hosp.or.jp" }, "geometry": { "type": "Point", "coordinates": [ 130.414792, 33.600976100000011 ] } },
{ "type": "Feature", "properties": { "内容": "くまクリニック　デイケア【通所リハビリテーション】福岡県福岡市博多区銀天町二丁目２番６号メディケアホーム南福岡", "url": "https://www.kaigokensaku.mhlw.go.jp/40/index.php?action_kouhyou_detail_004_kani=true&JigyosyoCd=4010319830-00&ServiceCd=160&Type=search", "url2": null }, "geometry": { "type": "Point", "coordinates": [ 130.463397900000018, 33.544861099999984 ] } },
{ "type": "Feature", "properties": { "内容": "金隈老人保健施設フラワーハウス博多【通所リハビリテーション】福岡県福岡市博多区金の隈3-24-8", "url": "https://www.kaigokensaku.mhlw.go.jp/40/index.php?action_kouhyou_detail_004_kani=true&JigyosyoCd=4050380072-00&ServiceCd=160&Type=search", "url2": "http://www.seifu-kai.jp" }, "geometry": { "type": "Point", "coordinates": [ 130.480485199999947, 33.5562825 ] } },
{ "type": "Feature", "properties": { "内容": "ケアセンター　サンハウス【通所リハビリテーション】福岡県福岡市博多区諸岡４丁目28-32", "url": "https://www.kaigokensaku.mhlw.go.jp/40/index.php?action_kouhyou_detail_004_kani=true&JigyosyoCd=4050380122-00&ServiceCd=160&Type=search", "url2": "http://yuaikai-tomoda.or.jp/" }, "geometry": { "type": "Point", "coordinates": [ 130.447243599999979, 33.5591672 ] } },
{ "type": "Feature", "properties": { "内容": "介護老人保健施設　光【通所リハビリテーション】福岡市博多区吉塚7丁目6‐40", "url": "https://www.kaigokensaku.mhlw.go.jp/40/index.php?action_kouhyou_detail_004_kani=true&JigyosyoCd=4050380189-00&ServiceCd=160&Type=search", "url2": "https://www.lta-yoshizuka-g.jp/nursing-facility/" }, "geometry": { "type": "Point", "coordinates": [ 130.431787699999973, 33.6083561 ] } },
{ "type": "Feature", "properties": { "内容": "デイケアセンター　たんぽぽ【通所リハビリテーション】福岡市博多区美野島2番地２６－３", "url": "https://www.kaigokensaku.mhlw.go.jp/40/index.php?action_kouhyou_detail_004_kani=true&JigyosyoCd=4070900339-00&ServiceCd=160&Type=search", "url2": null }, "geometry": { "type": "Point", "coordinates": [ 130.415909100000022, 33.5790421 ] } },
{ "type": "Feature", "properties": { "内容": "医療法人れぐと会　せいわ整形外科・内科医院　通所リハビリテーション【通所リハビリテーション】福岡県福岡市博多区吉塚８－１－１２せいわMSビル", "url": "https://www.kaigokensaku.mhlw.go.jp/40/index.php?action_kouhyou_detail_004_kani=true&JigyosyoCd=4070900594-00&ServiceCd=160&Type=search", "url2": "https://seiwa-cl-sakura.doctorsfile.jp/" }, "geometry": { "type": "Point", "coordinates": [ 130.432490599999937, 33.6057619 ] } },
{ "type": "Feature", "properties": { "内容": "友田病院【通所リハビリテーション】福岡県福岡市博多区諸岡４丁目２８番２４号", "url": "https://www.kaigokensaku.mhlw.go.jp/40/index.php?action_kouhyou_detail_004_kani=true&JigyosyoCd=4010317537-00&ServiceCd=160&Type=search", "url2": "http://homepage3.nifty.com/yuaikai/." }, "geometry": { "type": "Point", "coordinates": [ 130.447318212897443, 33.558900241538169 ] } },
{ "type": "Feature", "properties": { "内容": "医療法人　光安整形外科【通所リハビリテーション】福岡県福岡市中央区荒戸2丁目3-26", "url": "https://www.kaigokensaku.mhlw.go.jp/40/index.php?action_kouhyou_detail_004_kani=true&JigyosyoCd=4011016914-00&ServiceCd=160&Type=search", "url2": "www.mitsuyasu.org" }, "geometry": { "type": "Point", "coordinates": [ 130.375811, 33.5924554 ] } },
{ "type": "Feature", "properties": { "内容": "博愛会地域リハビリテーションセンター【通所リハビリテーション】福岡市中央区笹丘１丁目２５番７号フィランソレイユ笹丘１階", "url": "https://www.kaigokensaku.mhlw.go.jp/40/index.php?action_kouhyou_detail_004_kani=true&JigyosyoCd=4071001954-00&ServiceCd=160&Type=search", "url2": "http://www.hakuaikai.or.jp" }, "geometry": { "type": "Point", "coordinates": [ 130.376784499999985, 33.5635712 ] } },
{ "type": "Feature", "properties": { "内容": "スポーツ・栄養クリニック薬院通所リハビリテーションセンター【通所リハビリテーション】薬院1-5-6ハイヒルズビル6Ｆ", "url": "https://www.kaigokensaku.mhlw.go.jp/40/index.php?action_kouhyou_detail_004_kani=true&JigyosyoCd=4011022078-00&ServiceCd=160&Type=search", "url2": "http://www.clinicsn.com/" }, "geometry": { "type": "Point", "coordinates": [ 130.4001101, 33.581963899999955 ] } },
{ "type": "Feature", "properties": { "内容": "後藤整形外科医院デイケア【通所リハビリテーション】福岡県福岡市中央区鳥飼1丁目5−45鳥飼中央ビル１階", "url": "https://www.kaigokensaku.mhlw.go.jp/40/index.php?action_kouhyou_detail_004_kani=true&JigyosyoCd=4011024579-00&ServiceCd=160&Type=search", "url2": "https://goto-ortho.jp" }, "geometry": { "type": "Point", "coordinates": [ 130.3684862, 33.5821466 ] } },
{ "type": "Feature", "properties": { "内容": "医療法人　山田整形外科【通所リハビリテーション】福岡県福岡市中央区那の川2丁目5－9平尾Y＆Hビル3F", "url": "https://www.kaigokensaku.mhlw.go.jp/40/index.php?action_kouhyou_detail_004_kani=true&JigyosyoCd=4011025006-00&ServiceCd=160&Type=search", "url2": "https://www.yamada-seikeigeka.com/" }, "geometry": { "type": "Point", "coordinates": [ 130.409417499999989, 33.5750761 ] } },
{ "type": "Feature", "properties": { "内容": "桜十字大手門病院デイケアセンター【通所リハビリテーション】福岡県福岡市中央区大手門3丁目15-1", "url": "https://www.kaigokensaku.mhlw.go.jp/40/index.php?action_kouhyou_detail_004_kani=true&JigyosyoCd=4011025303-00&ServiceCd=160&Type=search", "url2": "https://sj-otemon.jp/inhome/daycare/" }, "geometry": { "type": "Point", "coordinates": [ 130.3827608, 33.5919207 ] } },
{ "type": "Feature", "properties": { "内容": "たかお整形外科デイケアセンター【通所リハビリテーション】福岡県福岡市中央区地行3丁目1-24", "url": "https://www.kaigokensaku.mhlw.go.jp/40/index.php?action_kouhyou_detail_004_kani=true&JigyosyoCd=4011025881-00&ServiceCd=160&Type=search", "url2": "https://takao-seikei.jp" }, "geometry": { "type": "Point", "coordinates": [ 130.3646204, 33.5898451 ] } },
{ "type": "Feature", "properties": { "内容": "介護老人保健施設レ・ハビリス桜十字　デイケアセンター【通所リハビリテーション】福岡県福岡市中央区渡辺通３丁目５番１１号メディカルスクエア　10階", "url": "https://www.kaigokensaku.mhlw.go.jp/40/index.php?action_kouhyou_detail_004_kani=true&JigyosyoCd=4050380114-00&ServiceCd=160&Type=search", "url2": "http://www.sj-fukuoka.or.jp/" }, "geometry": { "type": "Point", "coordinates": [ 130.404343041078164, 33.585197206743217 ] } },
{ "type": "Feature", "properties": { "内容": "老健センターささおか【通所リハビリテーション】福岡市中央区笹丘１丁目２８番２５号", "url": "https://www.kaigokensaku.mhlw.go.jp/40/index.php?action_kouhyou_detail_004_kani=true&JigyosyoCd=4051180141-00&ServiceCd=160&Type=search", "url2": "http://www.hakuaikai.or.jp" }, "geometry": { "type": "Point", "coordinates": [ 130.377542158860763, 33.563828660095005 ] } },
{ "type": "Feature", "properties": { "内容": "デイケア　まつかぜ【通所リハビリテーション】福岡県福岡市中央区笹丘1-34-2", "url": "https://www.kaigokensaku.mhlw.go.jp/40/index.php?action_kouhyou_detail_004_kani=true&JigyosyoCd=4071001996-00&ServiceCd=160&Type=search", "url2": "http://matsumoto-seikei.com" }, "geometry": { "type": "Point", "coordinates": [ 130.376803800000062, 33.5674874 ] } },
{ "type": "Feature", "properties": { "内容": "百年橋リハビリテーション病院通所リハビリテーション【通所リハビリテーション】福岡県福岡市中央区清川3丁目17番11号", "url": "https://www.kaigokensaku.mhlw.go.jp/40/index.php?action_kouhyou_detail_004_kani=true&JigyosyoCd=4011023365-00&ServiceCd=160&Type=search", "url2": "https://h.seisyukai.jp/" }, "geometry": { "type": "Point", "coordinates": [ 130.4122902, 33.5766612 ] } },
{ "type": "Feature", "properties": { "内容": "医療法人星子整形外科医院【通所リハビリテーション】赤坂1-7-6", "url": "https://www.kaigokensaku.mhlw.go.jp/40/index.php?action_kouhyou_detail_004_kani=true&JigyosyoCd=4011011642-00&ServiceCd=160&Type=search", "url2": "hoshiko-clinic" }, "geometry": { "type": "Point", "coordinates": [ 139.741811500000011, 35.6692923 ] } },
{ "type": "Feature", "properties": { "内容": "山下整形外科医院【通所リハビリテーション】玉川町18-7", "url": "https://www.kaigokensaku.mhlw.go.jp/40/index.php?action_kouhyou_detail_004_kani=true&JigyosyoCd=4011213859-00&ServiceCd=160&Type=search", "url2": null }, "geometry": { "type": "Point", "coordinates": [ 130.419206, 33.567196 ] } },
{ "type": "Feature", "properties": { "内容": "藤田整形外科医院【通所リハビリテーション】福岡市南区大橋3-31-19奥山ビル3階", "url": "https://www.kaigokensaku.mhlw.go.jp/40/index.php?action_kouhyou_detail_004_kani=true&JigyosyoCd=4011212406-00&ServiceCd=160&Type=search", "url2": "https://fujitaseikei.com/" }, "geometry": { "type": "Point", "coordinates": [ 130.4286669, 33.5515224 ] } },
{ "type": "Feature", "properties": { "内容": "医療法人堺整形外科医院　さかい内科クリニック　通所リハビリテーション【通所リハビリテーション】福岡県福岡市南区向新町1-13-43Bはりきゅうビル", "url": "https://www.kaigokensaku.mhlw.go.jp/40/index.php?action_kouhyou_detail_004_kani=true&JigyosyoCd=4011213271-00&ServiceCd=160&Type=search", "url2": "http://www.med-sakai.jp/clinic/fukushi/daycare" }, "geometry": { "type": "Point", "coordinates": [ 130.4288703, 33.5421308 ] } },
{ "type": "Feature", "properties": { "内容": "ユニタクリニック【通所リハビリテーション】福岡県福岡市南区老司1-27-12", "url": "https://www.kaigokensaku.mhlw.go.jp/40/index.php?action_kouhyou_detail_004_kani=true&JigyosyoCd=4011213396-00&ServiceCd=160&Type=search", "url2": "https://www.unita.co.jp" }, "geometry": { "type": "Point", "coordinates": [ 130.422609030059391, 33.536010396197881 ] } },
{ "type": "Feature", "properties": { "内容": "みやにし整形外科リウマチ科【通所リハビリテーション】桧原３－１３－１７", "url": "https://www.kaigokensaku.mhlw.go.jp/40/index.php?action_kouhyou_detail_004_kani=true&JigyosyoCd=4011214063-00&ServiceCd=160&Type=search", "url2": "https://miyanishiseikei.com/" }, "geometry": { "type": "Point", "coordinates": [ 130.395779, 33.5358887 ] } },
{ "type": "Feature", "properties": { "内容": "医療法人　石井リハビリクリニック　デイケア三宅【通所リハビリテーション】福岡県福岡市南区三宅1丁目25-13", "url": "https://www.kaigokensaku.mhlw.go.jp/40/index.php?action_kouhyou_detail_004_kani=true&JigyosyoCd=4011214154-00&ServiceCd=160&Type=search", "url2": "http://ishii-riha.com/" }, "geometry": { "type": "Point", "coordinates": [ 130.423831599999971, 33.5499149 ] } },
{ "type": "Feature", "properties": { "内容": "福岡信和病院通所リハビリテーション【通所リハビリテーション】福岡県福岡市南区皿山2丁目1番53号福岡信和病院", "url": "https://www.kaigokensaku.mhlw.go.jp/40/index.php?action_kouhyou_detail_004_kani=true&JigyosyoCd=4011214253-00&ServiceCd=160&Type=search", "url2": "http://www.f-shinwa.jp" }, "geometry": { "type": "Point", "coordinates": [ 130.405132962565631, 33.547278352811169 ] } },
{ "type": "Feature", "properties": { "内容": "うえはら整形リハビリクリニック【通所リハビリテーション】福岡県福岡市南区西長住2-29-32", "url": "https://www.kaigokensaku.mhlw.go.jp/40/index.php?action_kouhyou_detail_004_kani=true&JigyosyoCd=4011214279-00&ServiceCd=160&Type=search", "url2": null }, "geometry": { "type": "Point", "coordinates": [ 130.390309399999978, 33.547804 ] } },
{ "type": "Feature", "properties": { "内容": "原病院通所リハビリテーション事業所【通所リハビリテーション】福岡県福岡市南区若久団地6番1号", "url": "https://www.kaigokensaku.mhlw.go.jp/40/index.php?action_kouhyou_detail_004_kani=true&JigyosyoCd=4011219229-00&ServiceCd=160&Type=search", "url2": "http:www.hara-hospital.com/" }, "geometry": { "type": "Point", "coordinates": [ 130.4182022, 33.5546638 ] } },
{ "type": "Feature", "properties": { "内容": "夫婦石病院　通所リハビリテーション【通所リハビリテーション】福岡県福岡市南区大字桧原853-9夫婦石病院", "url": "https://www.kaigokensaku.mhlw.go.jp/40/index.php?action_kouhyou_detail_004_kani=true&JigyosyoCd=4011219443-00&ServiceCd=160&Type=search", "url2": "http://www.meotoiwa.com" }, "geometry": { "type": "Point", "coordinates": [ 130.379876799999977, 33.523325700000029 ] } },
{ "type": "Feature", "properties": { "内容": "医療法人野口整形外科・外科医院【通所リハビリテーション】福岡県福岡市南区長丘1-1-10", "url": "https://www.kaigokensaku.mhlw.go.jp/40/index.php?action_kouhyou_detail_004_kani=true&JigyosyoCd=4011219542-00&ServiceCd=160&Type=search", "url2": "https://sites.google.com/view/noguchiseikei/kaigo/dc" }, "geometry": { "type": "Point", "coordinates": [ 130.39891119999993, 33.5530284 ] } },
{ "type": "Feature", "properties": { "内容": "南折立病院通所リハビリテーション【通所リハビリテーション】横手１丁目１４－１", "url": "https://www.kaigokensaku.mhlw.go.jp/40/index.php?action_kouhyou_detail_004_kani=true&JigyosyoCd=4011219641-00&ServiceCd=160&Type=search", "url2": "www.seikokai-mc.or.jp" }, "geometry": { "type": "Point", "coordinates": [ 130.437725, 33.5510652 ] } },
{ "type": "Feature", "properties": { "内容": "医療法人　大森整形外科医院【通所リハビリテーション】福岡県福岡市南区弥永4丁目6番15号", "url": "https://www.kaigokensaku.mhlw.go.jp/40/index.php?action_kouhyou_detail_004_kani=true&JigyosyoCd=4011219724-00&ServiceCd=160&Type=search", "url2": "http://www.o-moriseikei.jp" }, "geometry": { "type": "Point", "coordinates": [ 130.433933900000056, 33.527562 ] } },
{ "type": "Feature", "properties": { "内容": "医療法人　イースタンクリニック　野間医院【通所リハビリテーション】福岡市南区多賀２丁目４番６号", "url": "https://www.kaigokensaku.mhlw.go.jp/40/index.php?action_kouhyou_detail_004_kani=true&JigyosyoCd=4011219757-00&ServiceCd=160&Type=search", "url2": "http://konohano-sato.com" }, "geometry": { "type": "Point", "coordinates": [ 130.411276600000065, 33.5597164 ] } },
{ "type": "Feature", "properties": { "内容": "通所リハビリ　ケア・ＧＯ・ハピネス【通所リハビリテーション】福岡市南区警弥郷1丁目17-13", "url": "https://www.kaigokensaku.mhlw.go.jp/40/index.php?action_kouhyou_detail_004_kani=true&JigyosyoCd=4011219765-00&ServiceCd=160&Type=search", "url2": "https://www.keyagou-naika.com/" }, "geometry": { "type": "Point", "coordinates": [ 130.430703599999987, 33.532917 ] } },
{ "type": "Feature", "properties": { "内容": "医療法人　うらた整形外科デイケア【通所リハビリテーション】福岡県福岡市南区若久６丁目８番１号", "url": "https://www.kaigokensaku.mhlw.go.jp/40/index.php?action_kouhyou_detail_004_kani=true&JigyosyoCd=4011219898-00&ServiceCd=160&Type=search", "url2": "http://www.urataclinic.com" }, "geometry": { "type": "Point", "coordinates": [ 130.410585500000025, 33.5479595 ] } },
{ "type": "Feature", "properties": { "内容": "古川整形外科通所リハビリテーション【通所リハビリテーション】福岡県福岡市南区長丘5丁目24番17号古川整形外科", "url": "https://www.kaigokensaku.mhlw.go.jp/40/index.php?action_kouhyou_detail_004_kani=true&JigyosyoCd=4011229475-00&ServiceCd=160&Type=search", "url2": "https://furukawa-seikeigeka.com" }, "geometry": { "type": "Point", "coordinates": [ 130.3883107, 33.5571258 ] } },
{ "type": "Feature", "properties": { "内容": "老人保健施設　木の葉の里【通所リハビリテーション】福岡県福岡市南区多賀２丁目４番６号", "url": "https://www.kaigokensaku.mhlw.go.jp/40/index.php?action_kouhyou_detail_004_kani=true&JigyosyoCd=4051280073-00&ServiceCd=160&Type=search", "url2": "http://konohano-sato.com" }, "geometry": { "type": "Point", "coordinates": [ 130.411276600000065, 33.5597164 ] } },
{ "type": "Feature", "properties": { "内容": "介護老人保健施設　湯の里まとば【通所リハビリテーション】福岡市南区的場2丁目32-17", "url": "https://www.kaigokensaku.mhlw.go.jp/40/index.php?action_kouhyou_detail_004_kani=true&JigyosyoCd=4051280081-00&ServiceCd=160&Type=search", "url2": "https://www.fukukoukai.or.jp/" }, "geometry": { "type": "Point", "coordinates": [ 130.433758799999964, 33.5408829 ] } },
{ "type": "Feature", "properties": { "内容": "原病院介護老人保健施設花菖蒲通所リハビリテーション事業所【通所リハビリテーション】福岡県福岡市南区若久２丁目６－１介護老人保健施設花菖蒲", "url": "https://www.kaigokensaku.mhlw.go.jp/40/index.php?action_kouhyou_detail_004_kani=true&JigyosyoCd=4051280107-00&ServiceCd=160&Type=search", "url2": ":http://www.hara-hospital.com/" }, "geometry": { "type": "Point", "coordinates": [ 130.417618100000027, 33.5538866 ] } },
{ "type": "Feature", "properties": { "内容": "医療法人財団友朋会ものわすれメンタルクリニック【通所リハビリテーション】福岡県福岡市南区大楠２丁目15-28", "url": "https://www.kaigokensaku.mhlw.go.jp/40/index.php?action_kouhyou_detail_004_kani=true&JigyosyoCd=4071100210-00&ServiceCd=160&Type=search", "url2": "http://www.monowasure-mc.dr-clinic.jp/" }, "geometry": { "type": "Point", "coordinates": [ 130.409814386953684, 33.572651760457411 ] } },
{ "type": "Feature", "properties": { "内容": "いちざきデイケアセンター【通所リハビリテーション】福岡県福岡市南区市崎1丁目15-20", "url": "https://www.kaigokensaku.mhlw.go.jp/40/index.php?action_kouhyou_detail_004_kani=true&JigyosyoCd=4071100475-00&ServiceCd=160&Type=search", "url2": "http://www.terasawa-h.jp" }, "geometry": { "type": "Point", "coordinates": [ 130.403273899999931, 33.571290099999985 ] } },
{ "type": "Feature", "properties": { "内容": "医療法人　大石整形外科眼科クリニックデイケア【通所リハビリテーション】福岡県福岡市南区大楠３丁目１２－１７", "url": "https://www.kaigokensaku.mhlw.go.jp/40/index.php?action_kouhyou_detail_004_kani=true&JigyosyoCd=4071101887-00&ServiceCd=160&Type=search", "url2": null }, "geometry": { "type": "Point", "coordinates": [ 130.413020599999982, 33.5698347 ] } },
{ "type": "Feature", "properties": { "内容": "デイケア　みなみ桜【通所リハビリテーション】福岡県福岡市南区警弥郷３－４－７", "url": "https://www.kaigokensaku.mhlw.go.jp/40/index.php?action_kouhyou_detail_004_kani=true&JigyosyoCd=4071102455-00&ServiceCd=160&Type=search", "url2": "http://www.daycare-minamisakura.info/" }, "geometry": { "type": "Point", "coordinates": [ 130.431631299999907, 33.5316616 ] } },
{ "type": "Feature", "properties": { "内容": "デイケアひのき【通所リハビリテーション】福岡県福岡市南区桧原6-44-20", "url": "https://www.kaigokensaku.mhlw.go.jp/40/index.php?action_kouhyou_detail_004_kani=true&JigyosyoCd=4051280099-00&ServiceCd=160&Type=search", "url2": "http://hinoki-kai.com/" }, "geometry": { "type": "Point", "coordinates": [ 130.384430100000031, 33.5283057 ] } },
{ "type": "Feature", "properties": { "内容": "早良病院　さわら通所リハビリテーション【通所リハビリテーション】福岡県福岡市西区姪の浜２丁目２－５０早良病院　別館１階", "url": "https://www.kaigokensaku.mhlw.go.jp/40/index.php?action_kouhyou_detail_004_kani=true&JigyosyoCd=4071200481-00&ServiceCd=160&Type=search", "url2": "http://www.sawara-hp.jp" }, "geometry": { "type": "Point", "coordinates": [ 130.331646057594298, 33.587758519514459 ] } },
{ "type": "Feature", "properties": { "内容": "デイケア三愛【通所リハビリテーション】福岡県福岡市西区周船寺2丁目12-39", "url": "https://www.kaigokensaku.mhlw.go.jp/40/index.php?action_kouhyou_detail_004_kani=true&JigyosyoCd=4011022474-00&ServiceCd=160&Type=search", "url2": "http://www.san-ai-clinic.jp/" }, "geometry": { "type": "Point", "coordinates": [ 130.247474300000022, 33.5741199 ] } },
{ "type": "Feature", "properties": { "内容": "医療法人堺整形外科医院　福岡スポーツクリニック　西都【通所リハビリテーション】福岡県福岡市西区西都2-4-8", "url": "https://www.kaigokensaku.mhlw.go.jp/40/index.php?action_kouhyou_detail_004_kani=true&JigyosyoCd=4011023902-00&ServiceCd=160&Type=search", "url2": "http://www.med-sakai.jp/clinic/saito/" }, "geometry": { "type": "Point", "coordinates": [ 130.264973, 33.576951 ] } },
{ "type": "Feature", "properties": { "内容": "かつの整形外科　通所リハセンターアシスト【通所リハビリテーション】福岡県福岡市西区福重4丁目7-6　2階勝野クリニックビル", "url": "https://www.kaigokensaku.mhlw.go.jp/40/index.php?action_kouhyou_detail_004_kani=true&JigyosyoCd=4011024421-00&ServiceCd=160&Type=search", "url2": "katsunoseikei.com" }, "geometry": { "type": "Point", "coordinates": [ 130.3230038, 33.5701725 ] } },
{ "type": "Feature", "properties": { "内容": "福岡ハートネット病院　さわら通所リハビリテーション【通所リハビリテーション】福岡県福岡市西区姪の浜2-2-50福岡ハートネット病院　別館1階", "url": "https://www.kaigokensaku.mhlw.go.jp/40/index.php?action_kouhyou_detail_004_kani=true&JigyosyoCd=4011025824-00&ServiceCd=160&Type=search", "url2": "https://heartnet-hp.jp" }, "geometry": { "type": "Point", "coordinates": [ 130.3317046, 33.587169 ] } },
{ "type": "Feature", "properties": { "内容": "福リハデイケア西都【通所リハビリテーション】福岡県福岡市西区北原2丁目8番13号", "url": "https://www.kaigokensaku.mhlw.go.jp/40/index.php?action_kouhyou_detail_004_kani=true&JigyosyoCd=4011026434-00&ServiceCd=160&Type=search", "url2": "https://saito-seikei.frh.or.jp/" }, "geometry": { "type": "Point", "coordinates": [ 130.2538223, 33.581029 ] } },
{ "type": "Feature", "properties": { "内容": "短時間デイケアセンター【通所リハビリテーション】福岡県福岡市西区生の松原３丁目１８番８号", "url": "https://www.kaigokensaku.mhlw.go.jp/40/index.php?action_kouhyou_detail_004_kani=true&JigyosyoCd=4011119056-00&ServiceCd=160&Type=search", "url2": "http://www.nishifukuhp.or.jp" }, "geometry": { "type": "Point", "coordinates": [ 130.296751399999948, 33.577261 ] } },
{ "type": "Feature", "properties": { "内容": "福リハ　デイケア【通所リハビリテーション】福岡県福岡市西区野方７丁目７７０番地", "url": "https://www.kaigokensaku.mhlw.go.jp/40/index.php?action_kouhyou_detail_004_kani=true&JigyosyoCd=4011119767-00&ServiceCd=160&Type=search", "url2": "http://frh.or.jp/" }, "geometry": { "type": "Point", "coordinates": [ 130.302779644566328, 33.558164531575358 ] } },
{ "type": "Feature", "properties": { "内容": "社会医療法人財団白十字会　白十字リハビリテーション病院　通所リハビリテーション【通所リハビリテーション】福岡県福岡市西区石丸3-3-9", "url": "https://www.kaigokensaku.mhlw.go.jp/40/index.php?action_kouhyou_detail_004_kani=true&JigyosyoCd=4011119817-00&ServiceCd=160&Type=search", "url2": "http://www.fukuoka.hakujyujikai.or.jp/" }, "geometry": { "type": "Point", "coordinates": [ 130.3155597, 33.5735172 ] } },
{ "type": "Feature", "properties": { "内容": "松寿苑通所リハビリテーション【通所リハビリテーション】福岡県福岡市西区今宿町379-1", "url": "https://www.kaigokensaku.mhlw.go.jp/40/index.php?action_kouhyou_detail_004_kani=true&JigyosyoCd=4051180083-00&ServiceCd=160&Type=search", "url2": "http://www.kisyoukai.jp" }, "geometry": { "type": "Point", "coordinates": [ 130.268856199999959, 33.5720989 ] } },
{ "type": "Feature", "properties": { "内容": "春風通所リハビリテーション【通所リハビリテーション】福岡市西区大字飯氏２４３－１", "url": "https://www.kaigokensaku.mhlw.go.jp/40/index.php?action_kouhyou_detail_004_kani=true&JigyosyoCd=4051180109-00&ServiceCd=160&Type=search", "url2": "http://kaiyokai.jp/" }, "geometry": { "type": "Point", "coordinates": [ 130.247938, 33.562579 ] } },
{ "type": "Feature", "properties": { "内容": "介護老人保健施設　ケアプラザ北原【通所リハビリテーション】福岡市西区北原2−2−15", "url": "https://www.kaigokensaku.mhlw.go.jp/40/index.php?action_kouhyou_detail_004_kani=true&JigyosyoCd=4051180174-00&ServiceCd=160&Type=search", "url2": "https://www.tomogiku.or.jp/about/care_plaza_kitabaru" }, "geometry": { "type": "Point", "coordinates": [ 130.255919205893179, 33.580509493992203 ] } },
{ "type": "Feature", "properties": { "内容": "介護老人保健施設西寿【通所リハビリテーション】福岡県福岡市西区生の松原3-18-9", "url": "https://www.kaigokensaku.mhlw.go.jp/40/index.php?action_kouhyou_detail_004_kani=true&JigyosyoCd=4051180182-00&ServiceCd=160&Type=search", "url2": "http://www.nishifukuhp.or.jp" }, "geometry": { "type": "Point", "coordinates": [ 130.296545899999956, 33.5763277 ] } },
{ "type": "Feature", "properties": { "内容": "シーサイド通所リハビリテーションセンター【通所リハビリテーション】福岡県福岡市西区今津　3810番地", "url": "https://www.kaigokensaku.mhlw.go.jp/40/index.php?action_kouhyou_detail_004_kani=true&JigyosyoCd=4071200051-00&ServiceCd=160&Type=search", "url2": "https://www.seaside-hp.or.jp/" }, "geometry": { "type": "Point", "coordinates": [ 130.228548969172579, 33.611852412879166 ] } },
{ "type": "Feature", "properties": { "内容": "村上華林堂病院通所リハビリテーション事業所【通所リハビリテーション】福岡県福岡市西区戸切２丁目１４番４５号", "url": "https://www.kaigokensaku.mhlw.go.jp/40/index.php?action_kouhyou_detail_004_kani=true&JigyosyoCd=4071200473-00&ServiceCd=160&Type=search", "url2": "http://www.karindoh.or.jp" }, "geometry": { "type": "Point", "coordinates": [ 130.315536400000042, 33.5541855 ] } },
{ "type": "Feature", "properties": { "内容": "指定通所リハビリテーション　デイケア２１【通所リハビリテーション】福岡県福岡市西区田尻東3丁目２７０３－１", "url": "https://www.kaigokensaku.mhlw.go.jp/40/index.php?action_kouhyou_detail_004_kani=true&JigyosyoCd=4071200564-00&ServiceCd=160&Type=search", "url2": "http://www.houeikai.or.jp" }, "geometry": { "type": "Point", "coordinates": [ 130.25934584484412, 33.58918448552096 ] } },
{ "type": "Feature", "properties": { "内容": "福岡和仁会デイケアセンター【通所リハビリテーション】福岡県福岡市西区生の松原１丁目３３番１号福岡和仁会病院", "url": "https://www.kaigokensaku.mhlw.go.jp/40/index.php?action_kouhyou_detail_004_kani=true&JigyosyoCd=4071200580-00&ServiceCd=160&Type=search", "url2": "http://fukuoka-wajinkai-hp.or.jp/" }, "geometry": { "type": "Point", "coordinates": [ 130.29414037063782, 33.579828488167109 ] } },
{ "type": "Feature", "properties": { "内容": "ふかほり整形外科デイケアセンター【通所リハビリテーション】福岡市西区拾六町5-16-11", "url": "https://www.kaigokensaku.mhlw.go.jp/40/index.php?action_kouhyou_detail_004_kani=true&JigyosyoCd=4071201570-00&ServiceCd=160&Type=search", "url2": "http://fukahoriseikei.sakura.ne.jp/" }, "geometry": { "type": "Point", "coordinates": [ 130.309142100000031, 33.5697315 ] } },
{ "type": "Feature", "properties": { "内容": "あさのひ整形外科クリニック【通所リハビリテーション】福岡県福岡市西区富士見2-14-7", "url": "https://www.kaigokensaku.mhlw.go.jp/40/index.php?action_kouhyou_detail_004_kani=true&JigyosyoCd=4011018738-00&ServiceCd=160&Type=search", "url2": "http://website2.infomity.net/8050000170/" }, "geometry": { "type": "Point", "coordinates": [ 130.239644510450745, 33.582888850545203 ] } },
{ "type": "Feature", "properties": { "内容": "介護老人保健施設　サンライズ壱岐　通所リハビリテーション【通所リハビリテーション】福岡県福岡市西区野方1丁目16番26号", "url": "https://www.kaigokensaku.mhlw.go.jp/40/index.php?action_kouhyou_detail_004_kani=true&JigyosyoCd=4071204335-00&ServiceCd=160&Type=search", "url2": "http://sunrise-iki.jp/" }, "geometry": { "type": "Point", "coordinates": [ 130.3119853, 33.5575483 ] } },
{ "type": "Feature", "properties": { "内容": "公益社団法人福岡医療団　千鳥橋病院附属新室見診療所【通所リハビリテーション】福岡市西区福重5-1-27", "url": "https://www.kaigokensaku.mhlw.go.jp/40/index.php?action_kouhyou_detail_004_kani=true&JigyosyoCd=4011119791-00&ServiceCd=160&Type=search", "url2": "http://www.iryodan-net.jp/shinmuromi.html" }, "geometry": { "type": "Point", "coordinates": [ 130.324482399999965, 33.5738231 ] } },
{ "type": "Feature", "properties": { "内容": "茂木病院通所リハビリテーション【通所リハビリテーション】福岡市西区姪の浜６丁目１－２０", "url": "https://www.kaigokensaku.mhlw.go.jp/40/index.php?action_kouhyou_detail_004_kani=true&JigyosyoCd=4011129386-00&ServiceCd=160&Type=search", "url2": "http://www.mo-gi.jp" }, "geometry": { "type": "Point", "coordinates": [ 130.322040900000047, 33.5883052 ] } },
{ "type": "Feature", "properties": { "内容": "志田整形外科リウマチ科【通所リハビリテーション】福岡県福岡市城南区堤1丁目１１－１８", "url": "https://www.kaigokensaku.mhlw.go.jp/40/index.php?action_kouhyou_detail_004_kani=true&JigyosyoCd=4071302337-00&ServiceCd=160&Type=search", "url2": "www.shida-seikeigeka.jp" }, "geometry": { "type": "Point", "coordinates": [ 130.3806296, 33.5475843 ] } },
{ "type": "Feature", "properties": { "内容": "医療法人社団江頭会さくら病院【通所リハビリテーション】福岡県福岡市城南区南片江６丁目２-３２", "url": "https://www.kaigokensaku.mhlw.go.jp/40/index.php?action_kouhyou_detail_004_kani=true&JigyosyoCd=4011118751-00&ServiceCd=160&Type=search", "url2": "http://www.sakurahp.or.jp/" }, "geometry": { "type": "Point", "coordinates": [ 130.369738022615024, 33.545349288286246 ] } },
{ "type": "Feature", "properties": { "内容": "医療法人原クリニック通所リハビリテーション【通所リハビリテーション】福岡市城南区梅林4丁目21‐23", "url": "https://www.kaigokensaku.mhlw.go.jp/40/index.php?action_kouhyou_detail_004_kani=true&JigyosyoCd=4011018050-00&ServiceCd=160&Type=search", "url2": "https://fukuoka-haraclinic.jp/" }, "geometry": { "type": "Point", "coordinates": [ 130.3532205, 33.5452771 ] } },
{ "type": "Feature", "properties": { "内容": "やまぐち整形外科【通所リハビリテーション】福岡県福岡市城南区別府2-16-21", "url": "https://www.kaigokensaku.mhlw.go.jp/40/index.php?action_kouhyou_detail_004_kani=true&JigyosyoCd=4011018464-00&ServiceCd=160&Type=search", "url2": null }, "geometry": { "type": "Point", "coordinates": [ 130.3682762, 33.5716701 ] } },
{ "type": "Feature", "properties": { "内容": "長尾病院【通所リハビリテーション】福岡市城南区樋井川3丁目47－1", "url": "https://www.kaigokensaku.mhlw.go.jp/40/index.php?action_kouhyou_detail_004_kani=true&JigyosyoCd=4011119239-00&ServiceCd=160&Type=search", "url2": "http://www.nagao.or.jp" }, "geometry": { "type": "Point", "coordinates": [ 130.38791249999997, 33.5441849 ] } },
{ "type": "Feature", "properties": { "内容": "介護老人保健施設「いこいの森」【通所リハビリテーション】福岡県福岡市城南区東油山6丁目19番23号", "url": "https://www.kaigokensaku.mhlw.go.jp/40/index.php?action_kouhyou_detail_004_kani=true&JigyosyoCd=4051180125-00&ServiceCd=160&Type=search", "url2": "http://www.ikoinomori-8717.or.jp" }, "geometry": { "type": "Point", "coordinates": [ 130.382471900000041, 33.5278501 ] } },
{ "type": "Feature", "properties": { "内容": "とりかい介護老人保健施設【通所リハビリテーション】福岡市城南区鳥飼6丁目3番7号", "url": "https://www.kaigokensaku.mhlw.go.jp/40/index.php?action_kouhyou_detail_004_kani=true&JigyosyoCd=4051180158-00&ServiceCd=160&Type=search", "url2": "http://www.kouikai.jp/roken/index.html" }, "geometry": { "type": "Point", "coordinates": [ 130.366898900000024, 33.5754168 ] } },
{ "type": "Feature", "properties": { "内容": "介護老人保健施設　老健センターながお【通所リハビリテーション】福岡市城南区樋井川3丁目47-1", "url": "https://www.kaigokensaku.mhlw.go.jp/40/index.php?action_kouhyou_detail_004_kani=true&JigyosyoCd=4051180190-00&ServiceCd=160&Type=search", "url2": "http://www.nagao.or.jp/rouken/" }, "geometry": { "type": "Point", "coordinates": [ 130.387823600000047, 33.5441322 ] } },
{ "type": "Feature", "properties": { "内容": "進藤整形外科デイケア【通所リハビリテーション】福岡県福岡市城南区茶山5-2-6", "url": "https://www.kaigokensaku.mhlw.go.jp/40/index.php?action_kouhyou_detail_004_kani=true&JigyosyoCd=4011014919-00&ServiceCd=160&Type=search", "url2": "www.shintou-clinic.jp" }, "geometry": { "type": "Point", "coordinates": [ 130.363763400000039, 33.5639068 ] } },
{ "type": "Feature", "properties": { "内容": "こうづき内科デイケアセンター【通所リハビリテーション】福岡市早良区荒江３丁目１５番２１号", "url": "https://www.kaigokensaku.mhlw.go.jp/40/index.php?action_kouhyou_detail_004_kani=true&JigyosyoCd=4071401725-00&ServiceCd=160&Type=search", "url2": "passeo2005274@yahoo.co.jp" }, "geometry": { "type": "Point", "coordinates": [ 130.3515059, 33.5685451 ] } },
{ "type": "Feature", "properties": { "内容": "医療法人　そうゆう会【通所リハビリテーション】福岡県福岡市早良区四箇１丁目６番１号", "url": "https://www.kaigokensaku.mhlw.go.jp/40/index.php?action_kouhyou_detail_004_kani=true&JigyosyoCd=4011010420-00&ServiceCd=160&Type=search", "url2": "https://kamura-oc.com/" }, "geometry": { "type": "Point", "coordinates": [ 130.32498350000003, 33.5330898 ] } },
{ "type": "Feature", "properties": { "内容": "医療法人太田整形外科クリニック【通所リハビリテーション】福岡県福岡市早良区高取１丁目１番２１号", "url": "https://www.kaigokensaku.mhlw.go.jp/40/index.php?action_kouhyou_detail_004_kani=true&JigyosyoCd=4011016971-00&ServiceCd=160&Type=search", "url2": "https://ortho-ota.com/" }, "geometry": { "type": "Point", "coordinates": [ 130.351494399999979, 33.5816605 ] } },
{ "type": "Feature", "properties": { "内容": "医療法人白石整形外科医院【通所リハビリテーション】福岡県福岡市早良区田村４丁目28-26", "url": "https://www.kaigokensaku.mhlw.go.jp/40/index.php?action_kouhyou_detail_004_kani=true&JigyosyoCd=4011019314-00&ServiceCd=160&Type=search", "url2": "http://www.shiraishi-seikei.jp" }, "geometry": { "type": "Point", "coordinates": [ 130.335188199999948, 33.5428171 ] } },
{ "type": "Feature", "properties": { "内容": "西新松口整形外科通所リハビリ【通所リハビリテーション】福岡県福岡市早良区西新４丁目９−３５真栄ビル３F", "url": "https://www.kaigokensaku.mhlw.go.jp/40/index.php?action_kouhyou_detail_004_kani=true&JigyosyoCd=4011019348-00&ServiceCd=160&Type=search", "url2": "https://www.matsuguchi-seikei.com" }, "geometry": { "type": "Point", "coordinates": [ 130.3584395, 33.5828564 ] } },
{ "type": "Feature", "properties": { "内容": "黒田整形外科医院【通所リハビリテーション】福岡市早良区次郎丸５丁目７番９号", "url": "https://www.kaigokensaku.mhlw.go.jp/40/index.php?action_kouhyou_detail_004_kani=true&JigyosyoCd=4011019355-00&ServiceCd=160&Type=search", "url2": "http://kousei-kai.org/kurodaseikei/" }, "geometry": { "type": "Point", "coordinates": [ 130.333179532540953, 33.55124874490896 ] } },
{ "type": "Feature", "properties": { "内容": "医療法人　あんのうら整形外科クリニック【通所リハビリテーション】福岡県福岡市早良区曙2丁目１－１１", "url": "https://www.kaigokensaku.mhlw.go.jp/40/index.php?action_kouhyou_detail_004_kani=true&JigyosyoCd=4011019777-00&ServiceCd=160&Type=search", "url2": "http://www.annoura-seikei.com/" }, "geometry": { "type": "Point", "coordinates": [ 130.3619275, 33.5754396 ] } },
{ "type": "Feature", "properties": { "内容": "こたべ整形外科通所リハビリセンター【通所リハビリテーション】小田部5-7-7ブライトヒルズ小田部101", "url": "https://www.kaigokensaku.mhlw.go.jp/40/index.php?action_kouhyou_detail_004_kani=true&JigyosyoCd=4011024116-00&ServiceCd=160&Type=search", "url2": "www.kotabe-seikei.com" }, "geometry": { "type": "Point", "coordinates": [ 130.3329728, 33.5684569 ] } },
{ "type": "Feature", "properties": { "内容": "医療法人健和会　おばた内科クリニック【通所リハビリテーション】福岡県福岡市早良区田村５丁目１６番３８号", "url": "https://www.kaigokensaku.mhlw.go.jp/40/index.php?action_kouhyou_detail_004_kani=true&JigyosyoCd=4011026269-00&ServiceCd=160&Type=search", "url2": "https://obata-naika.jp/" }, "geometry": { "type": "Point", "coordinates": [ 130.33384860000001, 33.5372142 ] } },
{ "type": "Feature", "properties": { "内容": "医療法人おがた整形外科医院【通所リハビリテーション】福岡県福岡市早良区原７丁目４番１８号", "url": "https://www.kaigokensaku.mhlw.go.jp/40/index.php?action_kouhyou_detail_004_kani=true&JigyosyoCd=4011118041-00&ServiceCd=160&Type=search", "url2": "http://www.ogata-sazan.jp/" }, "geometry": { "type": "Point", "coordinates": [ 130.344850899999983, 33.5608793 ] } },
{ "type": "Feature", "properties": { "内容": "医療法人　研和会　北島内科医院【通所リハビリテーション】福岡市早良区原1-6-5", "url": "https://www.kaigokensaku.mhlw.go.jp/40/index.php?action_kouhyou_detail_004_kani=true&JigyosyoCd=4011118231-00&ServiceCd=160&Type=search", "url2": "https://kitajimanaika.com" }, "geometry": { "type": "Point", "coordinates": [ 130.350416157672157, 33.573345729457614 ] } },
{ "type": "Feature", "properties": { "内容": "デイケア八田【通所リハビリテーション】福岡県福岡市早良区小田部４－７－１５DAYCAREHATTA", "url": "https://www.kaigokensaku.mhlw.go.jp/40/index.php?action_kouhyou_detail_004_kani=true&JigyosyoCd=4011118611-00&ServiceCd=160&Type=search", "url2": "http://www.hattanaika.or.jp/dch.html" }, "geometry": { "type": "Point", "coordinates": [ 130.327738237434346, 33.566972391309328 ] } },
{ "type": "Feature", "properties": { "内容": "ケアセンターひまわり苑【通所リハビリテーション】福岡市早良区早良１丁目５－５６", "url": "https://www.kaigokensaku.mhlw.go.jp/40/index.php?action_kouhyou_detail_004_kani=true&JigyosyoCd=4051180133-00&ServiceCd=160&Type=search", "url2": "k-himawari@fukuseikai-hp.or.jp" }, "geometry": { "type": "Point", "coordinates": [ 130.336950300000012, 33.5064898 ] } },
{ "type": "Feature", "properties": { "内容": "介護老人保健施設　からざステーション【通所リハビリテーション】福岡市早良区野芥５丁目６番３８号", "url": "https://www.kaigokensaku.mhlw.go.jp/40/index.php?action_kouhyou_detail_004_kani=true&JigyosyoCd=4051180166-00&ServiceCd=160&Type=search", "url2": "http://www.minkodo.com" }, "geometry": { "type": "Point", "coordinates": [ 130.348298600000021, 33.5391927 ] } },
{ "type": "Feature", "properties": { "内容": "介護老人保健施設　サンシャインシティ【通所リハビリテーション】福岡市早良区田村二丁目15番1号", "url": "https://www.kaigokensaku.mhlw.go.jp/40/index.php?action_kouhyou_detail_004_kani=true&JigyosyoCd=4051180208-00&ServiceCd=160&Type=search", "url2": "http://s.fdcnet.ac.jp" }, "geometry": { "type": "Point", "coordinates": [ 130.331573696460964, 33.546490016351115 ] } },
{ "type": "Feature", "properties": { "内容": "医療法人　楽天堂　廣橋病院リハビリテーション【通所リハビリテーション】福岡県福岡市早良区東入部６丁目２０番５６号", "url": "https://www.kaigokensaku.mhlw.go.jp/40/index.php?action_kouhyou_detail_004_kani=true&JigyosyoCd=4071400065-00&ServiceCd=160&Type=search", "url2": "http://www.rakutendo-grp.com/" }, "geometry": { "type": "Point", "coordinates": [ 130.333311200000026, 33.518808 ] } },
{ "type": "Feature", "properties": { "内容": "医療法人原信会　しんあいデイケアセンター【通所リハビリテーション】福岡市早良区小田部6丁目11-15", "url": "https://www.kaigokensaku.mhlw.go.jp/40/index.php?action_kouhyou_detail_004_kani=true&JigyosyoCd=4071400917-00&ServiceCd=160&Type=search", "url2": "http://www.haraguchi-hp.com" }, "geometry": { "type": "Point", "coordinates": [ 130.328112799999985, 33.5707011 ] } },
{ "type": "Feature", "properties": { "内容": "誠和会デイケアセンター花みずき【通所リハビリテーション】福岡県福岡市早良区干隈3丁目9番2号", "url": "https://www.kaigokensaku.mhlw.go.jp/40/index.php?action_kouhyou_detail_004_kani=true&JigyosyoCd=4071402087-00&ServiceCd=160&Type=search", "url2": "https://seiwakai-hp.jp" }, "geometry": { "type": "Point", "coordinates": [ 130.349192600000038, 33.5535856 ] } },
{ "type": "Feature", "properties": { "内容": "大木整形デイケア【通所リハビリテーション】福岡県福岡市早良区藤崎1-21-19", "url": "https://www.kaigokensaku.mhlw.go.jp/40/index.php?action_kouhyou_detail_004_kani=true&JigyosyoCd=4011118637-00&ServiceCd=160&Type=search", "url2": "http://ohki-clinic.jp/" }, "geometry": { "type": "Point", "coordinates": [ 130.346455900000024, 33.5794692 ] } },
{ "type": "Feature", "properties": { "内容": "福岡山王病院【通所リハビリテーション】百道浜三丁目6番45号", "url": "https://www.kaigokensaku.mhlw.go.jp/40/index.php?action_kouhyou_detail_004_kani=true&JigyosyoCd=4011015031-00&ServiceCd=160&Type=search", "url2": "http://f-sanno.kouhoukai.or.jp/" }, "geometry": { "type": "Point", "coordinates": [ 130.350288699999965, 33.5909708 ] } },
{ "type": "Feature", "properties": { "内容": "医療法人　吉村病院【通所リハビリテーション】福岡県福岡市早良区西新3-11-27", "url": "https://www.kaigokensaku.mhlw.go.jp/40/index.php?action_kouhyou_detail_004_kani=true&JigyosyoCd=4011025600-00&ServiceCd=160&Type=search", "url2": "https://www.hosp-yoshimura.com/" }, "geometry": { "type": "Point", "coordinates": [ 130.357649100000032, 33.58433260000001 ] } },
{ "type": "Feature", "properties": { "内容": "医療法人池田整形外科クリニック【通所リハビリテーション】有田7-19-33-1", "url": "https://www.kaigokensaku.mhlw.go.jp/40/index.php?action_kouhyou_detail_004_kani=true&JigyosyoCd=4011018860-00&ServiceCd=160&Type=search", "url2": null }, "geometry": { "type": "Point", "coordinates": [ 130.3319917, 33.5621712 ] } },
{ "type": "Feature", "properties": { "内容": "さわら老健センター【通所リハビリテーション】福岡市早良区早良１丁目１－６０", "url": "https://www.kaigokensaku.mhlw.go.jp/40/index.php?action_kouhyou_detail_004_kani=true&JigyosyoCd=4051180075-00&ServiceCd=160&Type=search", "url2": "http://www.fukuseikai.com/sub5.htm" }, "geometry": { "type": "Point", "coordinates": [ 130.337036300000022, 33.5084341 ] } },
{ "type": "Feature", "properties": { "内容": "重藤内科・外科【通所リハビリテーション】福岡県大牟田市日出町3丁目１－２１重藤内科・外科", "url": "https://www.kaigokensaku.mhlw.go.jp/40/index.php?action_kouhyou_detail_004_kani=true&JigyosyoCd=4014413340-00&ServiceCd=160&Type=search", "url2": null }, "geometry": { "type": "Point", "coordinates": [ 130.45466209999995, 33.0413502 ] } },
{ "type": "Feature", "properties": { "内容": "ありあけクリニック　デイケア【通所リハビリテーション】福岡県大牟田市船津町440番地3", "url": "https://www.kaigokensaku.mhlw.go.jp/40/index.php?action_kouhyou_detail_004_kani=true&JigyosyoCd=4014414504-00&ServiceCd=160&Type=search", "url2": "http://www.ariake.or.jp/" }, "geometry": { "type": "Point", "coordinates": [ 130.438064, 33.006894 ] } },
{ "type": "Feature", "properties": { "内容": "デイケア　アイプラス【通所リハビリテーション】福岡県大牟田市四ケ245", "url": "https://www.kaigokensaku.mhlw.go.jp/40/index.php?action_kouhyou_detail_004_kani=true&JigyosyoCd=4014419594-00&ServiceCd=160&Type=search", "url2": "https://ishizaki-clinic.com" }, "geometry": { "type": "Point", "coordinates": [ 130.529980599999959, 33.0740665 ] } },
{ "type": "Feature", "properties": { "内容": "南大牟田病院デイケアセンターやまぶき【通所リハビリテーション】福岡県大牟田市臼井町23番地の１", "url": "https://www.kaigokensaku.mhlw.go.jp/40/index.php?action_kouhyou_detail_004_kani=true&JigyosyoCd=4071502316-00&ServiceCd=160&Type=search", "url2": "http://www.zaidan-omtiryo.jp" }, "geometry": { "type": "Point", "coordinates": [ 130.460723199999961, 33.0059231 ] } },
{ "type": "Feature", "properties": { "内容": "介護老人保健施設はなぞの【通所リハビリテーション】福岡県大牟田市花園町６４－５", "url": "https://www.kaigokensaku.mhlw.go.jp/40/index.php?action_kouhyou_detail_004_kani=true&JigyosyoCd=4054480126-00&ServiceCd=160&Type=search", "url2": "http://www.i-shinwa.com/hanazono/" }, "geometry": { "type": "Point", "coordinates": [ 130.451071, 33.0211604 ] } },
{ "type": "Feature", "properties": { "内容": "通所リハビリテーションまごころ【通所リハビリテーション】福岡県大牟田市上白川町１丁目１４６番地", "url": "https://www.kaigokensaku.mhlw.go.jp/40/index.php?action_kouhyou_detail_004_kani=true&JigyosyoCd=4071502431-00&ServiceCd=160&Type=search", "url2": "http://www.shirakawa.or.jp/" }, "geometry": { "type": "Point", "coordinates": [ 130.461394700000028, 33.047594 ] } },
{ "type": "Feature", "properties": { "内容": "介護老人保健施設ハッピーランド【通所リハビリテーション】福岡県大牟田市大字宮部１７１－２", "url": "https://www.kaigokensaku.mhlw.go.jp/40/index.php?action_kouhyou_detail_004_kani=true&JigyosyoCd=4054480100-00&ServiceCd=160&Type=search", "url2": "http://www.fukuju.or.jp" }, "geometry": { "type": "Point", "coordinates": [ 130.480592699999988, 33.0621122 ] } },
{ "type": "Feature", "properties": { "内容": "医療法人　福岡輝生会　大牟田中央病院通所リハビリテーション【通所リハビリテーション】福岡県大牟田市大字歴木1841番地通所リハビリテーション", "url": "https://www.kaigokensaku.mhlw.go.jp/40/index.php?action_kouhyou_detail_004_kani=true&JigyosyoCd=4014414405-00&ServiceCd=160&Type=search", "url2": "http://omuta-chuou.jp" }, "geometry": { "type": "Point", "coordinates": [ 130.476824019573996, 33.036588944177915 ] } },
{ "type": "Feature", "properties": { "内容": "介護老人保健施設くろさき苑【通所リハビリテーション】福岡県大牟田市大字岬1254-1", "url": "https://www.kaigokensaku.mhlw.go.jp/40/index.php?action_kouhyou_detail_004_kani=true&JigyosyoCd=4054480092-00&ServiceCd=160&Type=search", "url2": "http://kurosakien.jp" }, "geometry": { "type": "Point", "coordinates": [ 130.441255800000022, 33.0683854 ] } },
{ "type": "Feature", "properties": { "内容": "福岡県済生会大牟田病院通所リハビリさんが【通所リハビリテーション】福岡県大牟田市田隈８０８－１", "url": "https://www.kaigokensaku.mhlw.go.jp/40/index.php?action_kouhyou_detail_004_kani=true&JigyosyoCd=4014419164-00&ServiceCd=160&Type=search", "url2": "https://omuta-saiseikai.jp" }, "geometry": { "type": "Point", "coordinates": [ 130.4661932, 33.05680060000001 ] } },
{ "type": "Feature", "properties": { "内容": "介護老人保健施設　サンファミリー【通所リハビリテーション】大牟田市大字甘木１１５８", "url": "https://www.kaigokensaku.mhlw.go.jp/40/index.php?action_kouhyou_detail_004_kani=true&JigyosyoCd=4054480084-00&ServiceCd=160&Type=search", "url2": "http://www.sunfamily-omuta.com" }, "geometry": { "type": "Point", "coordinates": [ 130.456146799999942, 33.0634309 ] } },
{ "type": "Feature", "properties": { "内容": "介護老人保健施設さんぽ　　通所リハビリテーション　さんぽ【通所リハビリテーション】福岡県大牟田市大字三池866", "url": "https://www.kaigokensaku.mhlw.go.jp/40/index.php?action_kouhyou_detail_004_kani=true&JigyosyoCd=4054480118-00&ServiceCd=160&Type=search", "url2": "http://www.miikehp.com/" }, "geometry": { "type": "Point", "coordinates": [ 130.47836, 33.0533435 ] } },
{ "type": "Feature", "properties": { "内容": "医療法人橘仁心会　たちばなクリニックデイケアさくら【通所リハビリテーション】福岡県大牟田市大字橘1365番地", "url": "https://www.kaigokensaku.mhlw.go.jp/40/index.php?action_kouhyou_detail_004_kani=true&JigyosyoCd=4014419628-00&ServiceCd=160&Type=search", "url2": "http//www.tachibana365.com" }, "geometry": { "type": "Point", "coordinates": [ 130.479594899999938, 33.0722917 ] } },
{ "type": "Feature", "properties": { "内容": "菅原病院　通所リハビリテーションすがはら【通所リハビリテーション】福岡県大牟田市小川町30番地1", "url": "https://www.kaigokensaku.mhlw.go.jp/40/index.php?action_kouhyou_detail_004_kani=true&JigyosyoCd=4014414330-00&ServiceCd=160&Type=search", "url2": "http://www.sugahara-hospital.com/" }, "geometry": { "type": "Point", "coordinates": [ 130.429258399999981, 33.0221596 ] } },
{ "type": "Feature", "properties": { "内容": "医療法人　くさかべ病院　通所リハビリ　吉野の里【通所リハビリテーション】福岡県大牟田市大字吉野８５９", "url": "https://www.kaigokensaku.mhlw.go.jp/40/index.php?action_kouhyou_detail_004_kani=true&JigyosyoCd=4014419065-00&ServiceCd=160&Type=search", "url2": "http://www.soga-hospital.jp/index.html" }, "geometry": { "type": "Point", "coordinates": [ 130.47920309999995, 33.0750553 ] } },
{ "type": "Feature", "properties": { "内容": "社会保険大牟田天領病院デイケアセンター【通所リハビリテーション】福岡県大牟田市天領町１丁目１００番地", "url": "https://www.kaigokensaku.mhlw.go.jp/40/index.php?action_kouhyou_detail_004_kani=true&JigyosyoCd=4014419750-00&ServiceCd=160&Type=search", "url2": "https://omutatenryo-hp.jp/" }, "geometry": { "type": "Point", "coordinates": [ 130.435063600000035, 33.0189406 ] } },
{ "type": "Feature", "properties": { "内容": "重藤内科・外科【通所リハビリテーション】福岡県大牟田市日出町3丁目1番地21", "url": "https://www.kaigokensaku.mhlw.go.jp/40/index.php?action_kouhyou_detail_004_kani=true&JigyosyoCd=4014429536-00&ServiceCd=160&Type=search", "url2": "https://www.shigetouhp.com" }, "geometry": { "type": "Point", "coordinates": [ 130.454646200000013, 33.0413627 ] } },
{ "type": "Feature", "properties": { "内容": "済生会大牟田ライフケア院【通所リハビリテーション】福岡県大牟田市大字田隈５９９－１８", "url": "https://www.kaigokensaku.mhlw.go.jp/40/index.php?action_kouhyou_detail_004_kani=true&JigyosyoCd=4054480076-00&ServiceCd=160&Type=search", "url2": "https://omuta-saiseikai.jp/lifecarein/" }, "geometry": { "type": "Point", "coordinates": [ 130.469572641030965, 33.058079001210942 ] } },
{ "type": "Feature", "properties": { "内容": "医療法人けんこう　兼行病院　通所リハビリテーション【通所リハビリテーション】福岡県大牟田市大字歴木９７７番地４", "url": "https://www.kaigokensaku.mhlw.go.jp/40/index.php?action_kouhyou_detail_004_kani=true&JigyosyoCd=4014419768-00&ServiceCd=160&Type=search", "url2": "http://kenkougroup.or.jp/kaneyuki.html" }, "geometry": { "type": "Point", "coordinates": [ 130.4669447, 33.0413336 ] } },
{ "type": "Feature", "properties": { "内容": "米の山病院付属中央診療所【通所リハビリテーション】大牟田市笹林町2-6-3", "url": "https://www.kaigokensaku.mhlw.go.jp/40/index.php?action_kouhyou_detail_004_kani=true&JigyosyoCd=4014419131-00&ServiceCd=160&Type=search", "url2": "http://www.kome-net.or.jp" }, "geometry": { "type": "Point", "coordinates": [ 130.447951699999976, 33.0269292 ] } },
{ "type": "Feature", "properties": { "内容": "社会医療法人　親仁会　中友診療所【通所リハビリテーション】福岡県大牟田市新地町6-1", "url": "https://www.kaigokensaku.mhlw.go.jp/40/index.php?action_kouhyou_detail_004_kani=true&JigyosyoCd=4014419396-00&ServiceCd=160&Type=search", "url2": "https://www.nakatomo-s.com/" }, "geometry": { "type": "Point", "coordinates": [ 130.435757827600696, 33.034269895520964 ] } },
{ "type": "Feature", "properties": { "内容": "医療法人睦月会　堀整形外科麻酔科クリニック【通所リハビリテーション】福岡県大牟田市明治町2丁目18番地1", "url": "https://www.kaigokensaku.mhlw.go.jp/40/index.php?action_kouhyou_detail_004_kani=true&JigyosyoCd=4014419669-00&ServiceCd=160&Type=search", "url2": null }, "geometry": { "type": "Point", "coordinates": [ 130.446776600000049, 33.039811200000017 ] } },
{ "type": "Feature", "properties": { "内容": "医療法人鷹取会　緒方クリニック【通所リハビリテーション】福岡県久留米市田主丸町上原60", "url": "https://www.kaigokensaku.mhlw.go.jp/40/index.php?action_kouhyou_detail_004_kani=true&JigyosyoCd=4012711158-00&ServiceCd=160&Type=search", "url2": null }, "geometry": { "type": "Point", "coordinates": [ 130.677625427647399, 33.342793922695336 ] } },
{ "type": "Feature", "properties": { "内容": "医療法人　善志会　久留米南病院　通所リハビリテーション【通所リハビリテーション】福岡県久留米市荒木町下荒木1616番地１", "url": "https://www.kaigokensaku.mhlw.go.jp/40/index.php?action_kouhyou_detail_004_kani=true&JigyosyoCd=4071601035-00&ServiceCd=160&Type=search", "url2": "http://www.kurume-minami.com/" }, "geometry": { "type": "Point", "coordinates": [ 130.482707, 33.2657853 ] } },
{ "type": "Feature", "properties": { "内容": "医療法人　三井会　神代病院デイケア【通所リハビリテーション】福岡県久留米市北野町中川900-1", "url": "https://www.kaigokensaku.mhlw.go.jp/40/index.php?action_kouhyou_detail_004_kani=true&JigyosyoCd=4077600049-00&ServiceCd=160&Type=search", "url2": null }, "geometry": { "type": "Point", "coordinates": [ 130.623509615869125, 33.36071038142061 ] } },
{ "type": "Feature", "properties": { "内容": "なご整形外科【通所リハビリテーション】福岡県久留米市大橋町合楽534-1", "url": "https://www.kaigokensaku.mhlw.go.jp/40/index.php?action_kouhyou_detail_004_kani=true&JigyosyoCd=4012215333-00&ServiceCd=160&Type=search", "url2": "http://nago-clinic.com" }, "geometry": { "type": "Point", "coordinates": [ 130.641262500000039, 33.3349396 ] } },
{ "type": "Feature", "properties": { "内容": "リハビリステーション　らくら【通所リハビリテーション】北野町今山516-1", "url": "https://www.kaigokensaku.mhlw.go.jp/40/index.php?action_kouhyou_detail_004_kani=true&JigyosyoCd=4012215739-00&ServiceCd=160&Type=search", "url2": "http://www.tanakamasaharu-clinic.jp/" }, "geometry": { "type": "Point", "coordinates": [ 130.5810394, 33.3436934 ] } },
{ "type": "Feature", "properties": { "内容": "通所リハビリテーション事業所楠病院くすデイケアセンター【通所リハビリテーション】福岡県久留米市日吉町115番地", "url": "https://www.kaigokensaku.mhlw.go.jp/40/index.php?action_kouhyou_detail_004_kani=true&JigyosyoCd=4071600136-00&ServiceCd=160&Type=search", "url2": "http://kusu.or.jp" }, "geometry": { "type": "Point", "coordinates": [ 130.516294799999969, 33.3154841 ] } },
{ "type": "Feature", "properties": { "内容": "上津中央クリニック　デイケアセンター順風【通所リハビリテーション】福岡県久留米市藤山町1841-1", "url": "https://www.kaigokensaku.mhlw.go.jp/40/index.php?action_kouhyou_detail_004_kani=true&JigyosyoCd=4012711604-00&ServiceCd=160&Type=search", "url2": "http://kamitsuchuo.net/Junpu/index.html" }, "geometry": { "type": "Point", "coordinates": [ 130.5338607, 33.2709277 ] } },
{ "type": "Feature", "properties": { "内容": "介護老人保健施設　サンライフ聖峰【通所リハビリテーション】福岡県久留米市田主丸町田主丸1001-2", "url": "https://www.kaigokensaku.mhlw.go.jp/40/index.php?action_kouhyou_detail_004_kani=true&JigyosyoCd=4052780006-00&ServiceCd=160&Type=search", "url2": "https://seihoukai.or.jp/facility/himawari_daycare/" }, "geometry": { "type": "Point", "coordinates": [ 130.691013092065418, 33.336595053064791 ] } },
{ "type": "Feature", "properties": { "内容": "宮﨑整形外科通所リハビリテーション【通所リハビリテーション】福岡県久留米市田主丸町殖木240-1", "url": "https://www.kaigokensaku.mhlw.go.jp/40/index.php?action_kouhyou_detail_004_kani=true&JigyosyoCd=4012710887-00&ServiceCd=160&Type=search", "url2": null }, "geometry": { "type": "Point", "coordinates": [ 130.7016549, 33.3453661 ] } },
{ "type": "Feature", "properties": { "内容": "医療法人　松風海　内藤クリニック【通所リハビリテーション】福岡県久留米市西町1164-1", "url": "https://www.kaigokensaku.mhlw.go.jp/40/index.php?action_kouhyou_detail_004_kani=true&JigyosyoCd=4012711919-00&ServiceCd=160&Type=search", "url2": "http://www.shoufukai.or.jp" }, "geometry": { "type": "Point", "coordinates": [ 130.517336099999966, 33.3089679 ] } },
{ "type": "Feature", "properties": { "内容": "通所リハビリテーション　じゅうれん【通所リハビリテーション】福岡県久留米市三潴町西牟田6557-89", "url": "https://www.kaigokensaku.mhlw.go.jp/40/index.php?action_kouhyou_detail_004_kani=true&JigyosyoCd=4012712412-00&ServiceCd=160&Type=search", "url2": "https://jyuuren.or.jp/" }, "geometry": { "type": "Point", "coordinates": [ 130.4880243, 33.2525736 ] } },
{ "type": "Feature", "properties": { "内容": "介護老人保健施設　高良台【通所リハビリテーション】福岡県久留米荒木町荒木2020", "url": "https://www.kaigokensaku.mhlw.go.jp/40/index.php?action_kouhyou_detail_004_kani=true&JigyosyoCd=4052280072-00&ServiceCd=160&Type=search", "url2": "http://www.kyueikai.jp/" }, "geometry": { "type": "Point", "coordinates": [ 130.509100255150258, 33.263467030112558 ] } },
{ "type": "Feature", "properties": { "内容": "介護老人保健施設　聖母の家【通所リハビリテーション】福岡県久留米市津福本町387-1", "url": "https://www.kaigokensaku.mhlw.go.jp/40/index.php?action_kouhyou_detail_004_kani=true&JigyosyoCd=4052280080-00&ServiceCd=160&Type=search", "url2": "http:/www.st-mary-med.or.jp" }, "geometry": { "type": "Point", "coordinates": [ 130.507550433204642, 33.304245046805121 ] } },
{ "type": "Feature", "properties": { "内容": "介護老人保健施設　サンダイヤル【通所リハビリテーション】福岡県久留米市西町６３６番地", "url": "https://www.kaigokensaku.mhlw.go.jp/40/index.php?action_kouhyou_detail_004_kani=true&JigyosyoCd=4052280106-00&ServiceCd=160&Type=search", "url2": "http://horikawa.or.jp" }, "geometry": { "type": "Point", "coordinates": [ 130.516977600000018, 33.3037099 ] } },
{ "type": "Feature", "properties": { "内容": "医療法人淡河医院　デイケア輝雲【通所リハビリテーション】福岡県久留米市安武町武島399番地", "url": "https://www.kaigokensaku.mhlw.go.jp/40/index.php?action_kouhyou_detail_004_kani=true&JigyosyoCd=4012711372-00&ServiceCd=160&Type=search", "url2": "https://ogou-care.jp/" }, "geometry": { "type": "Point", "coordinates": [ 130.477807, 33.2968907 ] } },
{ "type": "Feature", "properties": { "内容": "医療法人みらい　今立内科クリニック【通所リハビリテーション】福岡県久留米市西町178-1", "url": "https://www.kaigokensaku.mhlw.go.jp/40/index.php?action_kouhyou_detail_004_kani=true&JigyosyoCd=4012219772-00&ServiceCd=160&Type=search", "url2": "http://imadachinaika/com/" }, "geometry": { "type": "Point", "coordinates": [ 130.521034800000052, 33.2963039 ] } },
{ "type": "Feature", "properties": { "内容": "矢取クリニック通所リハビリテーション【通所リハビリテーション】福岡県久留米市御井町2404-1", "url": "https://www.kaigokensaku.mhlw.go.jp/40/index.php?action_kouhyou_detail_004_kani=true&JigyosyoCd=4012712396-00&ServiceCd=160&Type=search", "url2": "www.tenjinkai.or.jp" }, "geometry": { "type": "Point", "coordinates": [ 130.553616615344254, 33.298987989940777 ] } },
{ "type": "Feature", "properties": { "内容": "いきいき通所リハビリテーションセンター【通所リハビリテーション】福岡県久留米市荒木町白口2018－1", "url": "https://www.kaigokensaku.mhlw.go.jp/40/index.php?action_kouhyou_detail_004_kani=true&JigyosyoCd=4012712669-00&ServiceCd=160&Type=search", "url2": "https://iki2clinic.com/" }, "geometry": { "type": "Point", "coordinates": [ 130.5014837, 33.2787561 ] } },
{ "type": "Feature", "properties": { "内容": "（医）かぶとやま会　久留米リハビリテーション病院【通所リハビリテーション】久留米市山本町豊田1887", "url": "https://www.kaigokensaku.mhlw.go.jp/40/index.php?action_kouhyou_detail_004_kani=true&JigyosyoCd=4012219103-00&ServiceCd=160&Type=search", "url2": "http://www.kurume-reha.or.jp" }, "geometry": { "type": "Point", "coordinates": [ 130.589970200000039, 33.3064023 ] } },
{ "type": "Feature", "properties": { "内容": "安本病院デイセンター【通所リハビリテーション】久留米市三潴町玉満2371", "url": "https://www.kaigokensaku.mhlw.go.jp/40/index.php?action_kouhyou_detail_004_kani=true&JigyosyoCd=4012710465-00&ServiceCd=160&Type=search", "url2": "www.yasumoto.or.jp" }, "geometry": { "type": "Point", "coordinates": [ 130.460584399999988, 33.247987 ] } },
{ "type": "Feature", "properties": { "内容": "にのみや整形外科デイケアきたの【通所リハビリテーション】福岡県久留米市北野町中29-1", "url": "https://www.kaigokensaku.mhlw.go.jp/40/index.php?action_kouhyou_detail_004_kani=true&JigyosyoCd=4077600098-00&ServiceCd=160&Type=search", "url2": "yn.2i2.op.1000r@wak.bbiq.jp" }, "geometry": { "type": "Point", "coordinates": [ 130.586605572901931, 33.348490596795152 ] } },
{ "type": "Feature", "properties": { "内容": "高良台リハビリテーション病院【通所リハビリテーション】福岡県久留米市藤光町965-2", "url": "https://www.kaigokensaku.mhlw.go.jp/40/index.php?action_kouhyou_detail_004_kani=true&JigyosyoCd=4012219202-00&ServiceCd=160&Type=search", "url2": "https://www.kyueikai.jp/pages/30" }, "geometry": { "type": "Point", "coordinates": [ 130.5100989, 33.2632474 ] } },
{ "type": "Feature", "properties": { "内容": "三宮整形外科医院　通所リハビリテーションあおぞら【通所リハビリテーション】福岡県久留米市諏訪野町1775-2", "url": "https://www.kaigokensaku.mhlw.go.jp/40/index.php?action_kouhyou_detail_004_kani=true&JigyosyoCd=4012711539-00&ServiceCd=160&Type=search", "url2": "http://sannomiya-seikei.com/" }, "geometry": { "type": "Point", "coordinates": [ 130.5250936, 33.3018633 ] } },
{ "type": "Feature", "properties": { "内容": "介護老人保健施設　ヴィラくしはら【通所リハビリテーション】福岡県久留米市東櫛原町１３５６", "url": "https://www.kaigokensaku.mhlw.go.jp/40/index.php?action_kouhyou_detail_004_kani=true&JigyosyoCd=4052280098-00&ServiceCd=160&Type=search", "url2": "http://www.villa-kushihara.or.jp/" }, "geometry": { "type": "Point", "coordinates": [ 130.522530500000016, 33.3242614 ] } },
{ "type": "Feature", "properties": { "内容": "独立行政法人地域医療機能推進機構　久留米総合病院附属介護老人保健施設【通所リハビリテーション】久留米市櫛原町21番地", "url": "https://www.kaigokensaku.mhlw.go.jp/40/index.php?action_kouhyou_detail_004_kani=true&JigyosyoCd=4052280114-00&ServiceCd=160&Type=search", "url2": "http://kurume.jcho.go.jp/" }, "geometry": { "type": "Point", "coordinates": [ 130.513673542991683, 33.318837603503937 ] } },
{ "type": "Feature", "properties": { "内容": "社会医療法人天神会野伏間クリニック通所リハビリテーション【通所リハビリテーション】福岡県久留米市野伏間1-9-3", "url": "https://www.kaigokensaku.mhlw.go.jp/40/index.php?action_kouhyou_detail_004_kani=true&JigyosyoCd=4012711737-00&ServiceCd=160&Type=search", "url2": "www.tenjinkai.or.jp" }, "geometry": { "type": "Point", "coordinates": [ 130.511947427647442, 33.284754943801801 ] } },
{ "type": "Feature", "properties": { "内容": "社会医療法人天神会　介護老人保健施設　こが２１　通所リハビリテーション【通所リハビリテーション】宮ノ陣3-3-9介護老人保健施設　こが２１", "url": "https://www.kaigokensaku.mhlw.go.jp/40/index.php?action_kouhyou_detail_004_kani=true&JigyosyoCd=4052280130-00&ServiceCd=160&Type=search", "url2": "http://www.tenjinkai.or.jp/page/nursing_care/daycare_miyanojin.html" }, "geometry": { "type": "Point", "coordinates": [ 130.536088995372211, 33.336245614180925 ] } },
{ "type": "Feature", "properties": { "内容": "医療法人聖峰会田主丸中央病院　通所リハビリテ-ション　パワ－デイケア燦ふらわー【通所リハビリテーション】久留米市田主丸町田主丸1001-4", "url": "https://www.kaigokensaku.mhlw.go.jp/40/index.php?action_kouhyou_detail_004_kani=true&JigyosyoCd=4012710077-00&ServiceCd=160&Type=search", "url2": "http://www.seihoukai.or.jp" }, "geometry": { "type": "Point", "coordinates": [ 130.690322299999906, 33.3366405 ] } },
{ "type": "Feature", "properties": { "内容": "介護老人保健施設　明星苑コスモス【通所リハビリテーション】福岡県久留米市国分町991-1介護老人保健施設　明星苑コスモス", "url": "https://www.kaigokensaku.mhlw.go.jp/40/index.php?action_kouhyou_detail_004_kani=true&JigyosyoCd=4052280122-00&ServiceCd=160&Type=search", "url2": "http://www.tsuji-i.com/cosmos.html" }, "geometry": { "type": "Point", "coordinates": [ 130.534382237712038, 33.291866274871666 ] } },
{ "type": "Feature", "properties": { "内容": "富田病院通所リハビリテーション【通所リハビリテーション】城島町四郎丸261番地", "url": "https://www.kaigokensaku.mhlw.go.jp/40/index.php?action_kouhyou_detail_004_kani=true&JigyosyoCd=4012712743-00&ServiceCd=160&Type=search", "url2": "https://tomita-hp-johjima.jp/" }, "geometry": { "type": "Point", "coordinates": [ 130.40352, 33.2435493 ] } },
{ "type": "Feature", "properties": { "内容": "医療法人オーエヌシー岡田脳神経外科通所リハビリテーションらぴす【通所リハビリテーション】福岡県久留米市太郎原町１５１５－１", "url": "https://www.kaigokensaku.mhlw.go.jp/40/index.php?action_kouhyou_detail_004_kani=true&JigyosyoCd=4071600698-00&ServiceCd=160&Type=search", "url2": null }, "geometry": { "type": "Point", "coordinates": [ 130.586239500000033, 33.3182429 ] } },
{ "type": "Feature", "properties": { "内容": "医療法人福岡桜十字　花畑病院【通所リハビリテーション】福岡県久留米市西町914", "url": "https://www.kaigokensaku.mhlw.go.jp/40/index.php?action_kouhyou_detail_004_kani=true&JigyosyoCd=4012712354-00&ServiceCd=160&Type=search", "url2": "https://www.sj-hanabatake.jp/" }, "geometry": { "type": "Point", "coordinates": [ 130.518968737068946, 33.304735456872393 ] } },
{ "type": "Feature", "properties": { "内容": "(医）松浦整形外科医院【通所リハビリテーション】福岡県久留米市上津１丁目１６－３２", "url": "https://www.kaigokensaku.mhlw.go.jp/40/index.php?action_kouhyou_detail_004_kani=true&JigyosyoCd=4012218089-00&ServiceCd=160&Type=search", "url2": "https://matsu-orthop.com/" }, "geometry": { "type": "Point", "coordinates": [ 130.524438599999939, 33.2869619 ] } },
{ "type": "Feature", "properties": { "内容": "医療法人古賀整形外科医院【通所リハビリテーション】福岡県直方市知古１丁目１－１", "url": "https://www.kaigokensaku.mhlw.go.jp/40/index.php?action_kouhyou_detail_004_kani=true&JigyosyoCd=4015419445-00&ServiceCd=160&Type=search", "url2": "http://kogaseikei.com/" }, "geometry": { "type": "Point", "coordinates": [ 130.726326800000038, 33.7531411 ] } },
{ "type": "Feature", "properties": { "内容": "介護老人保健施設すこやか【通所リハビリテーション】福岡県直方市大字頓野975番地", "url": "https://www.kaigokensaku.mhlw.go.jp/40/index.php?action_kouhyou_detail_004_kani=true&JigyosyoCd=4055480091-00&ServiceCd=160&Type=search", "url2": "http://www.onkokai.jp" }, "geometry": { "type": "Point", "coordinates": [ 130.758657500000027, 33.7602959 ] } },
{ "type": "Feature", "properties": { "内容": "介護老人保健施設　ゆうあい福智【通所リハビリテーション】福岡県直方市大字上頓野字堂山2761番地1", "url": "https://www.kaigokensaku.mhlw.go.jp/40/index.php?action_kouhyou_detail_004_kani=true&JigyosyoCd=4055480109-00&ServiceCd=160&Type=search", "url2": "http://yuuai.ichiju-kai.jp" }, "geometry": { "type": "Point", "coordinates": [ 130.76718846056292, 33.769100475480123 ] } },
{ "type": "Feature", "properties": { "内容": "西尾病院【通所リハビリテーション】福岡県直方市津田町9番38号", "url": "https://www.kaigokensaku.mhlw.go.jp/40/index.php?action_kouhyou_detail_004_kani=true&JigyosyoCd=4015419247-00&ServiceCd=160&Type=search", "url2": "http://ichiju-kai.jp" }, "geometry": { "type": "Point", "coordinates": [ 130.729035450364478, 33.74730832705756 ] } },
{ "type": "Feature", "properties": { "内容": "青見通所リハビリテーション【通所リハビリテーション】福岡県直方市大字上新入2490番地14", "url": "https://www.kaigokensaku.mhlw.go.jp/40/index.php?action_kouhyou_detail_004_kani=true&JigyosyoCd=4055480075-00&ServiceCd=160&Type=search", "url2": "http://www.kenmeikai.jp/index.html" }, "geometry": { "type": "Point", "coordinates": [ 130.71439220000002, 33.7416589 ] } },
{ "type": "Feature", "properties": { "内容": "介護老人保健施設サンシルバー直方【通所リハビリテーション】福岡県直方市大字永満寺1347番地", "url": "https://www.kaigokensaku.mhlw.go.jp/40/index.php?action_kouhyou_detail_004_kani=true&JigyosyoCd=4055480083-00&ServiceCd=160&Type=search", "url2": null }, "geometry": { "type": "Point", "coordinates": [ 130.768176899999958, 33.7282611 ] } },
{ "type": "Feature", "properties": { "内容": "柴田みえこ内科・神経内科クリニック【通所リハビリテーション】福岡県飯塚市鶴三緒１５４７－１０", "url": "https://www.kaigokensaku.mhlw.go.jp/40/index.php?action_kouhyou_detail_004_kani=true&JigyosyoCd=4015519798-00&ServiceCd=160&Type=search", "url2": "https://mieko-neurologyclinic.com/" }, "geometry": { "type": "Point", "coordinates": [ 130.700693300000012, 33.6238498 ] } },
{ "type": "Feature", "properties": { "内容": "介護老人保健施設　すみれ園【通所リハビリテーション】福岡県飯塚市秋松７０２番地", "url": "https://www.kaigokensaku.mhlw.go.jp/40/index.php?action_kouhyou_detail_004_kani=true&JigyosyoCd=4055580106-00&ServiceCd=160&Type=search", "url2": "https://sumireen3363.jp/" }, "geometry": { "type": "Point", "coordinates": [ 130.672941499999979, 33.6238399 ] } },
{ "type": "Feature", "properties": { "内容": "介護老人保健施設　コスモス苑【通所リハビリテーション】福岡県飯塚市伊川１２６２番地１", "url": "https://www.kaigokensaku.mhlw.go.jp/40/index.php?action_kouhyou_detail_004_kani=true&JigyosyoCd=4055580072-00&ServiceCd=160&Type=search", "url2": "http://f-shinwakai.or.jp/careservice/group/cosmos.html" }, "geometry": { "type": "Point", "coordinates": [ 130.65506419999997, 33.656483 ] } },
{ "type": "Feature", "properties": { "内容": "短時間通所リハビリテーションはばたき【通所リハビリテーション】福岡県飯塚市鶴三緒1452-2飯塚記念病院6F", "url": "https://www.kaigokensaku.mhlw.go.jp/40/index.php?action_kouhyou_detail_004_kani=true&JigyosyoCd=4015519095-00&ServiceCd=160&Type=search", "url2": "https://www.iizukakinen.jp/" }, "geometry": { "type": "Point", "coordinates": [ 130.6966643, 33.6248001 ] } },
{ "type": "Feature", "properties": { "内容": "医療法人洗心会　児嶋病院【通所リハビリテーション】福岡県飯塚市花瀬87番地1", "url": "https://www.kaigokensaku.mhlw.go.jp/40/index.php?action_kouhyou_detail_004_kani=true&JigyosyoCd=4015519541-00&ServiceCd=160&Type=search", "url2": "http://www.kojima-hospital.com/" }, "geometry": { "type": "Point", "coordinates": [ 130.660240858070722, 33.641761648237335 ] } },
{ "type": "Feature", "properties": { "内容": "中野医院指定通所リハビリテーション【通所リハビリテーション】福岡県飯塚市新飯塚５番７号（中野医院２階）", "url": "https://www.kaigokensaku.mhlw.go.jp/40/index.php?action_kouhyou_detail_004_kani=true&JigyosyoCd=4015519434-00&ServiceCd=160&Type=search", "url2": null }, "geometry": { "type": "Point", "coordinates": [ 130.692795700000033, 33.6441457 ] } },
{ "type": "Feature", "properties": { "内容": "介護老人保健施設　ベスト・シルバー飯塚　通所リハビリテーション【通所リハビリテーション】福岡県飯塚市新飯塚1903", "url": "https://www.kaigokensaku.mhlw.go.jp/40/index.php?action_kouhyou_detail_004_kani=true&JigyosyoCd=4055580098-00&ServiceCd=160&Type=search", "url2": "best@mx22.tiki.ne.jp" }, "geometry": { "type": "Point", "coordinates": [ 130.688650400000029, 33.644202200000016 ] } },
{ "type": "Feature", "properties": { "内容": "社会保険二瀬病院介護老人保健施設【通所リハビリテーション】福岡県飯塚市伊川１２４３番地１", "url": "https://www.kaigokensaku.mhlw.go.jp/40/index.php?action_kouhyou_detail_004_kani=true&JigyosyoCd=4055580130-00&ServiceCd=160&Type=search", "url2": "http://futase-hp.jp" }, "geometry": { "type": "Point", "coordinates": [ 130.655301852114889, 33.657715922850365 ] } },
{ "type": "Feature", "properties": { "内容": "介護老人保健施設　和泉の澤【通所リハビリテーション】福岡県飯塚市勢田1806-1", "url": "https://www.kaigokensaku.mhlw.go.jp/40/index.php?action_kouhyou_detail_004_kani=true&JigyosyoCd=4055580114-00&ServiceCd=160&Type=search", "url2": "http://www.kouwagroup.or.jp/" }, "geometry": { "type": "Point", "coordinates": [ 130.721441300000038, 33.6959945 ] } },
{ "type": "Feature", "properties": { "内容": "いりょうほうじん　はくあいかい　かいたびょういん　りらいふ【通所リハビリテーション】福岡県飯塚市口原1061番地1", "url": "https://www.kaigokensaku.mhlw.go.jp/40/index.php?action_kouhyou_detail_004_kani=true&JigyosyoCd=4015519681-00&ServiceCd=160&Type=search", "url2": "http://www.kaita-hospital.jp/" }, "geometry": { "type": "Point", "coordinates": [ 130.720518099999907, 33.6852199 ] } },
{ "type": "Feature", "properties": { "内容": "共立病院デイケアセンター【通所リハビリテーション】福岡県飯塚市横田770番地3", "url": "https://www.kaigokensaku.mhlw.go.jp/40/index.php?action_kouhyou_detail_004_kani=true&JigyosyoCd=4071800694-00&ServiceCd=160&Type=search", "url2": "http://fukuoka-shinwakai.jp/kyouritsu/index.html" }, "geometry": { "type": "Point", "coordinates": [ 130.668110399999932, 33.6493176 ] } },
{ "type": "Feature", "properties": { "内容": "医療法人穂波整形外科医院【通所リハビリテーション】福岡県飯塚市太郎丸742", "url": "https://www.kaigokensaku.mhlw.go.jp/40/index.php?action_kouhyou_detail_004_kani=true&JigyosyoCd=4015512546-00&ServiceCd=160&Type=search", "url2": "https://honami-or.com/" }, "geometry": { "type": "Point", "coordinates": [ 130.6714541, 33.6059362 ] } },
{ "type": "Feature", "properties": { "内容": "医療法人田中医院デイケアセンター【通所リハビリテーション】福岡県田川市春日町1番7号", "url": "https://www.kaigokensaku.mhlw.go.jp/40/index.php?action_kouhyou_detail_004_kani=true&JigyosyoCd=4071901922-00&ServiceCd=160&Type=search", "url2": null }, "geometry": { "type": "Point", "coordinates": [ 130.798156799999987, 33.6300746 ] } },
{ "type": "Feature", "properties": { "内容": "介護老人保健施設　サンドリーム田川【通所リハビリテーション】福岡県田川市大字伊加利　２０４７－４", "url": "https://www.kaigokensaku.mhlw.go.jp/40/index.php?action_kouhyou_detail_004_kani=true&JigyosyoCd=4055680096-00&ServiceCd=160&Type=search", "url2": "sundreamtagawa.sakura.ne.jp" }, "geometry": { "type": "Point", "coordinates": [ 130.825643600000035, 33.6220486 ] } },
{ "type": "Feature", "properties": { "内容": "田川新生病院通所リハビリテーション【通所リハビリテーション】福岡県田川市大字夏吉3638番地", "url": "https://www.kaigokensaku.mhlw.go.jp/40/index.php?action_kouhyou_detail_004_kani=true&JigyosyoCd=4015619432-00&ServiceCd=160&Type=search", "url2": "http://www.tagawasinsei.jp/" }, "geometry": { "type": "Point", "coordinates": [ 130.815995499999985, 33.6796537 ] } },
{ "type": "Feature", "properties": { "内容": "介護老人保健施設　明寿苑【通所リハビリテーション】福岡県田川市大字川宮1569番地の2", "url": "https://www.kaigokensaku.mhlw.go.jp/40/index.php?action_kouhyou_detail_004_kani=true&JigyosyoCd=4055680088-00&ServiceCd=160&Type=search", "url2": "http://meijuen.jp/" }, "geometry": { "type": "Point", "coordinates": [ 130.800445099999934, 33.6400459 ] } },
{ "type": "Feature", "properties": { "内容": "介護老人保健施設あけぼの荘【通所リハビリテーション】福岡県田川市大字夏吉４６番地", "url": "https://www.kaigokensaku.mhlw.go.jp/40/index.php?action_kouhyou_detail_004_kani=true&JigyosyoCd=4055680070-00&ServiceCd=160&Type=search", "url2": "http://www.wakoukai.or.jo/" }, "geometry": { "type": "Point", "coordinates": [ 130.835586400000011, 33.657550600000015 ] } },
{ "type": "Feature", "properties": { "内容": "佐々木整形外科医院【通所リハビリテーション】福岡県田川市本町9-27", "url": "https://www.kaigokensaku.mhlw.go.jp/40/index.php?action_kouhyou_detail_004_kani=true&JigyosyoCd=4015619366-00&ServiceCd=160&Type=search", "url2": null }, "geometry": { "type": "Point", "coordinates": [ 130.799081800000067, 33.6284776 ] } },
{ "type": "Feature", "properties": { "内容": "藤下医院【通所リハビリテーション】大字奈良1587番地92", "url": "https://www.kaigokensaku.mhlw.go.jp/40/index.php?action_kouhyou_detail_004_kani=true&JigyosyoCd=4015619515-00&ServiceCd=160&Type=search", "url2": null }, "geometry": { "type": "Point", "coordinates": [ 130.8034953, 33.6277834 ] } },
{ "type": "Feature", "properties": { "内容": "金子病院デイケアセンター【通所リハビリテーション】福岡県柳川市久々原65番地", "url": "https://www.kaigokensaku.mhlw.go.jp/40/index.php?action_kouhyou_detail_004_kani=true&JigyosyoCd=4072000195-00&ServiceCd=160&Type=search", "url2": "http://www.kaneko-hp.or.jp" }, "geometry": { "type": "Point", "coordinates": [ 130.382108600000038, 33.1682348 ] } },
{ "type": "Feature", "properties": { "内容": "津留医院デイケアセンター【通所リハビリテーション】福岡県柳川市大和町豊原130-9", "url": "https://www.kaigokensaku.mhlw.go.jp/40/index.php?action_kouhyou_detail_004_kani=true&JigyosyoCd=4078800150-00&ServiceCd=160&Type=search", "url2": null }, "geometry": { "type": "Point", "coordinates": [ 130.42690140000002, 33.1475219 ] } },
{ "type": "Feature", "properties": { "内容": "わたなべ内科クリニック　デイケアセンター【通所リハビリテーション】福岡県柳川市立石890番地", "url": "https://www.kaigokensaku.mhlw.go.jp/40/index.php?action_kouhyou_detail_004_kani=true&JigyosyoCd=4072000377-00&ServiceCd=160&Type=search", "url2": null }, "geometry": { "type": "Point", "coordinates": [ 130.423973981914344, 33.18919679635377 ] } },
{ "type": "Feature", "properties": { "内容": "柳川やすらぎの里　通所リハビリテーション【通所リハビリテーション】福岡県柳川市西浜武1076-5介護老人保健施設　柳川やすらぎの里", "url": "https://www.kaigokensaku.mhlw.go.jp/40/index.php?action_kouhyou_detail_004_kani=true&JigyosyoCd=4054380086-00&ServiceCd=160&Type=search", "url2": "http://y-jikeikai.jp" }, "geometry": { "type": "Point", "coordinates": [ 130.385977599999933, 33.170318 ] } },
{ "type": "Feature", "properties": { "内容": "やまとリハケアセンター【通所リハビリテーション】大和町中島４９４－１", "url": "https://www.kaigokensaku.mhlw.go.jp/40/index.php?action_kouhyou_detail_004_kani=true&JigyosyoCd=4014310975-00&ServiceCd=160&Type=search", "url2": null }, "geometry": { "type": "Point", "coordinates": [ 130.4346712, 33.125197 ] } },
{ "type": "Feature", "properties": { "内容": "介護老人保健施設　水郷苑【通所リハビリテーション】福岡県柳川市上宮永町２６９番地", "url": "https://www.kaigokensaku.mhlw.go.jp/40/index.php?action_kouhyou_detail_004_kani=true&JigyosyoCd=4054380078-00&ServiceCd=160&Type=search", "url2": "http://www.kouhoukai.org/suigouen/" }, "geometry": { "type": "Point", "coordinates": [ 130.4064032, 33.1553676 ] } },
{ "type": "Feature", "properties": { "内容": "柳川リハビリテーション病院デイケアセンター【通所リハビリテーション】柳川市上宮永町113番地2", "url": "https://www.kaigokensaku.mhlw.go.jp/40/index.php?action_kouhyou_detail_004_kani=true&JigyosyoCd=4072000179-00&ServiceCd=160&Type=search", "url2": "http://www.kouhoukai.org/" }, "geometry": { "type": "Point", "coordinates": [ 130.404197899999986, 33.1549926 ] } },
{ "type": "Feature", "properties": { "内容": "介護老人保健施設シャンティ【通所リハビリテーション】柳川市大和町豊原521-7", "url": "https://www.kaigokensaku.mhlw.go.jp/40/index.php?action_kouhyou_detail_004_kani=true&JigyosyoCd=4054380094-00&ServiceCd=160&Type=search", "url2": "http://www.seiwakai.info" }, "geometry": { "type": "Point", "coordinates": [ 130.423476599999958, 33.147844 ] } },
{ "type": "Feature", "properties": { "内容": "介護老人保健施設　回寿苑【通所リハビリテーション】福岡県八女市黒木町湯辺田270番地介護老人保健施設　回寿苑", "url": "https://www.kaigokensaku.mhlw.go.jp/40/index.php?action_kouhyou_detail_004_kani=true&JigyosyoCd=4052180108-00&ServiceCd=160&Type=search", "url2": "http://www.yamehp.jp/hpmain" }, "geometry": { "type": "Point", "coordinates": [ 130.630705300000045, 33.2108381 ] } },
{ "type": "Feature", "properties": { "内容": "介護老人保健施設　ビハーラ光風【通所リハビリテーション】八女市津江513-1", "url": "https://www.kaigokensaku.mhlw.go.jp/40/index.php?action_kouhyou_detail_004_kani=true&JigyosyoCd=4052180082-00&ServiceCd=160&Type=search", "url2": null }, "geometry": { "type": "Point", "coordinates": [ 130.574984399999948, 33.2140259 ] } },
{ "type": "Feature", "properties": { "内容": "医療法人　角整形外科医院　通所リハビリテーションそよ風くろぎ【通所リハビリテーション】福岡県八女市黒木町今10-1", "url": "https://www.kaigokensaku.mhlw.go.jp/40/index.php?action_kouhyou_detail_004_kani=true&JigyosyoCd=4078100098-00&ServiceCd=160&Type=search", "url2": "sumi-seikeigeka.com" }, "geometry": { "type": "Point", "coordinates": [ 130.660388900000044, 33.2117942 ] } },
{ "type": "Feature", "properties": { "内容": "八女リハビリ病院通所リハビリテーション【通所リハビリテーション】福岡県八女市吉田2220-1", "url": "https://www.kaigokensaku.mhlw.go.jp/40/index.php?action_kouhyou_detail_004_kani=true&JigyosyoCd=4072300637-00&ServiceCd=160&Type=search", "url2": "http://www.ryuuikukai.com/rihabiri/ri_triha.html" }, "geometry": { "type": "Point", "coordinates": [ 130.562305380426096, 33.232377677395938 ] } },
{ "type": "Feature", "properties": { "内容": "介護老人保健施設　グリーンビュー希望ヶ丘【通所リハビリテーション】福岡県八女市吉田2221-2", "url": "https://www.kaigokensaku.mhlw.go.jp/40/index.php?action_kouhyou_detail_004_kani=true&JigyosyoCd=4052180090-00&ServiceCd=160&Type=search", "url2": "http://www.ryuuikukai.com/green/index.html/" }, "geometry": { "type": "Point", "coordinates": [ 130.562696100000039, 33.2324433 ] } },
{ "type": "Feature", "properties": { "内容": "しばた医院指定通所リハビリテーション事業所【通所リハビリテーション】福岡県八女市上陽町北川内１８６－２", "url": "https://www.kaigokensaku.mhlw.go.jp/40/index.php?action_kouhyou_detail_004_kani=true&JigyosyoCd=4078200054-00&ServiceCd=160&Type=search", "url2": "http://www.shibata-daycare.com" }, "geometry": { "type": "Point", "coordinates": [ 130.634703700000046, 33.2363161 ] } },
{ "type": "Feature", "properties": { "内容": "セロリ【通所リハビリテーション】福岡県筑後市前津90-1", "url": "https://www.kaigokensaku.mhlw.go.jp/40/index.php?action_kouhyou_detail_004_kani=true&JigyosyoCd=4012319291-00&ServiceCd=160&Type=search", "url2": "daycare.serori2022@gmai.com" }, "geometry": { "type": "Point", "coordinates": [ 130.518874399999987, 33.214164700000033 ] } },
{ "type": "Feature", "properties": { "内容": "介護老人保健施設　のぞみ船小屋【通所リハビリテーション】福岡県筑後市大字志55", "url": "https://www.kaigokensaku.mhlw.go.jp/40/index.php?action_kouhyou_detail_004_kani=true&JigyosyoCd=4052380088-00&ServiceCd=160&Type=search", "url2": "http://www.youzankai.net" }, "geometry": { "type": "Point", "coordinates": [ 130.498629599999958, 33.1852666 ] } },
{ "type": "Feature", "properties": { "内容": "介護老人保健施設　クリーンパル・ゆう【通所リハビリテーション】福岡県筑後市大字西牟田６３６３－２", "url": "https://www.kaigokensaku.mhlw.go.jp/40/index.php?action_kouhyou_detail_004_kani=true&JigyosyoCd=4052380070-00&ServiceCd=160&Type=search", "url2": "http://www.cleanpal.jp" }, "geometry": { "type": "Point", "coordinates": [ 130.50014770000007, 33.2407658 ] } },
{ "type": "Feature", "properties": { "内容": "介護老人保健施設　ハッピーライフ【通所リハビリテーション】福岡県大川市向島１５５５－１", "url": "https://www.kaigokensaku.mhlw.go.jp/40/index.php?action_kouhyou_detail_004_kani=true&JigyosyoCd=4052580083-00&ServiceCd=160&Type=search", "url2": "http://fukuda-hp.net" }, "geometry": { "type": "Point", "coordinates": [ 130.373373099999981, 33.211791 ] } },
{ "type": "Feature", "properties": { "内容": "ひさしたかし整形外科クリニック【通所リハビリテーション】福岡県大川市幡保157", "url": "https://www.kaigokensaku.mhlw.go.jp/40/index.php?action_kouhyou_detail_004_kani=true&JigyosyoCd=4012511111-00&ServiceCd=160&Type=search", "url2": "http://www.hisashi-takashi.com" }, "geometry": { "type": "Point", "coordinates": [ 130.3829201, 33.19424 ] } },
{ "type": "Feature", "properties": { "内容": "白髭会　足達消化器科整形外科医院　通所リハビリテーション【通所リハビリテーション】福岡県大川市榎津332-2", "url": "https://www.kaigokensaku.mhlw.go.jp/40/index.php?action_kouhyou_detail_004_kani=true&JigyosyoCd=4012519189-00&ServiceCd=160&Type=search", "url2": null }, "geometry": { "type": "Point", "coordinates": [ 130.37423960000001, 33.2045001 ] } },
{ "type": "Feature", "properties": { "内容": "ふれあいの里道海　温泉デイケアセンター【通所リハビリテーション】福岡県大川市大字道海島８６１", "url": "https://www.kaigokensaku.mhlw.go.jp/40/index.php?action_kouhyou_detail_004_kani=true&JigyosyoCd=4052580075-00&ServiceCd=160&Type=search", "url2": "http://www.eijyunosato.com" }, "geometry": { "type": "Point", "coordinates": [ 130.3774502, 33.2319918 ] } },
{ "type": "Feature", "properties": { "内容": "有明クリニック【通所リハビリテーション】福岡県大川市大字酒見215番地1おおかわ交流プラザ3階", "url": "https://www.kaigokensaku.mhlw.go.jp/40/index.php?action_kouhyou_detail_004_kani=true&JigyosyoCd=4012519197-00&ServiceCd=160&Type=search", "url2": "http://www.ariakeclinic.okawa-kouryuplaza.jp/" }, "geometry": { "type": "Point", "coordinates": [ 130.381605199999967, 33.20585 ] } },
{ "type": "Feature", "properties": { "内容": "福田病院通所リハビリテーション【通所リハビリテーション】福岡県大川市向島1717－3", "url": "https://www.kaigokensaku.mhlw.go.jp/40/index.php?action_kouhyou_detail_004_kani=true&JigyosyoCd=4012519130-00&ServiceCd=160&Type=search", "url2": "http://www.fukuda-hp.net/" }, "geometry": { "type": "Point", "coordinates": [ 130.3730804, 33.2123686 ] } },
{ "type": "Feature", "properties": { "内容": "新田原聖母病院通所リハビリ【通所リハビリテーション】東徳永382番地", "url": "https://www.kaigokensaku.mhlw.go.jp/40/index.php?action_kouhyou_detail_004_kani=true&JigyosyoCd=4017519200-00&ServiceCd=160&Type=search", "url2": "http://www.s-seibo.or.jp/" }, "geometry": { "type": "Point", "coordinates": [ 131.009502800000064, 33.6870628 ] } },
{ "type": "Feature", "properties": { "内容": "行橋整形外科デイケア【通所リハビリテーション】福岡県行橋市東泉５丁目１－４", "url": "https://www.kaigokensaku.mhlw.go.jp/40/index.php?action_kouhyou_detail_004_kani=true&JigyosyoCd=4017519473-00&ServiceCd=160&Type=search", "url2": "https://y-oc.com/" }, "geometry": { "type": "Point", "coordinates": [ 130.988297100000011, 33.6975788 ] } },
{ "type": "Feature", "properties": { "内容": "大原病院デイケア【通所リハビリテーション】福岡県行橋市宮市町2番5号", "url": "https://www.kaigokensaku.mhlw.go.jp/40/index.php?action_kouhyou_detail_004_kani=true&JigyosyoCd=4017519028-00&ServiceCd=160&Type=search", "url2": "http://www.kisei-kai.net/" }, "geometry": { "type": "Point", "coordinates": [ 130.972081560049418, 33.729394004543877 ] } },
{ "type": "Feature", "properties": { "内容": "介護老人保健施設　行橋園　通所リハビリテーション【通所リハビリテーション】福岡県行橋市北泉3丁目11-1", "url": "https://www.kaigokensaku.mhlw.go.jp/40/index.php?action_kouhyou_detail_004_kani=true&JigyosyoCd=4057580039-00&ServiceCd=160&Type=search", "url2": "http://www.yukuhashi-hp.or.jp/yukuhashien/" }, "geometry": { "type": "Point", "coordinates": [ 130.990062699876262, 33.716259463176833 ] } },
{ "type": "Feature", "properties": { "内容": "介護老人保健施設ほうらい山荘【通所リハビリテーション】福岡県豊前市四郎丸1690-3", "url": "https://www.kaigokensaku.mhlw.go.jp/40/index.php?action_kouhyou_detail_004_kani=true&JigyosyoCd=4057480081-00&ServiceCd=160&Type=search", "url2": "http://www.houraisansou.com/" }, "geometry": { "type": "Point", "coordinates": [ 131.092123799999968, 33.6044603 ] } },
{ "type": "Feature", "properties": { "内容": "介護老人保健施設　　ケアハイツぶぜん【通所リハビリテーション】福岡県豊前市大字千束157-2", "url": "https://www.kaigokensaku.mhlw.go.jp/40/index.php?action_kouhyou_detail_004_kani=true&JigyosyoCd=4057480073-00&ServiceCd=160&Type=search", "url2": null }, "geometry": { "type": "Point", "coordinates": [ 131.128126400000042, 33.6014338 ] } },
{ "type": "Feature", "properties": { "内容": "中村整形外科　デイケアセンター【通所リハビリテーション】福岡県中間市長津2丁目16-47", "url": "https://www.kaigokensaku.mhlw.go.jp/40/index.php?action_kouhyou_detail_004_kani=true&JigyosyoCd=4072800446-00&ServiceCd=160&Type=search", "url2": "http://www1.odn.ne.jp/nakamuraseikei" }, "geometry": { "type": "Point", "coordinates": [ 130.708096100000034, 33.8289538 ] } },
{ "type": "Feature", "properties": { "内容": "新中間病院【通所リハビリテーション】福岡県中間市通谷1丁目36-1通所リハビリテーション", "url": "https://www.kaigokensaku.mhlw.go.jp/40/index.php?action_kouhyou_detail_004_kani=true&JigyosyoCd=4016219091-00&ServiceCd=160&Type=search", "url2": "http://www.shinnakama.or.jp/" }, "geometry": { "type": "Point", "coordinates": [ 130.731221900000037, 33.8241828 ] } },
{ "type": "Feature", "properties": { "内容": "介護老人保健施設ガーデンヒルズ【通所リハビリテーション】福岡県中間市扇ヶ浦1丁目１４－１", "url": "https://www.kaigokensaku.mhlw.go.jp/40/index.php?action_kouhyou_detail_004_kani=true&JigyosyoCd=4056280086-00&ServiceCd=160&Type=search", "url2": "http:www.ejkai-noda.com/" }, "geometry": { "type": "Point", "coordinates": [ 130.720189800000071, 33.8175639 ] } },
{ "type": "Feature", "properties": { "内容": "医療法人　協和病院【通所リハビリテーション】福岡県小郡市祇園2-1-10", "url": "https://www.kaigokensaku.mhlw.go.jp/40/index.php?action_kouhyou_detail_004_kani=true&JigyosyoCd=4012619286-00&ServiceCd=160&Type=search", "url2": "http://www.kyowahp.jp" }, "geometry": { "type": "Point", "coordinates": [ 130.549456, 33.394403 ] } },
{ "type": "Feature", "properties": { "内容": "嶋田病院【通所リハビリテーション】福岡県小郡市小郡２１７－１", "url": "https://www.kaigokensaku.mhlw.go.jp/40/index.php?action_kouhyou_detail_004_kani=true&JigyosyoCd=4012619120-00&ServiceCd=160&Type=search", "url2": "http://www.shimadahp.jp" }, "geometry": { "type": "Point", "coordinates": [ 130.553974599999947, 33.3959943 ] } },
{ "type": "Feature", "properties": { "内容": "しらさぎ苑通所リハビリテーション【通所リハビリテーション】福岡県小郡市三沢字花聳８５１－１", "url": "https://www.kaigokensaku.mhlw.go.jp/40/index.php?action_kouhyou_detail_004_kani=true&JigyosyoCd=4052680016-00&ServiceCd=160&Type=search", "url2": "http://www.chouseikai.jp/" }, "geometry": { "type": "Point", "coordinates": [ 130.543489099999988, 33.4199806 ] } },
{ "type": "Feature", "properties": { "内容": "介護老人保健施設　弥生園　通所リハビリテーション【通所リハビリテーション】福岡県小郡市山隈273-8", "url": "https://www.kaigokensaku.mhlw.go.jp/40/index.php?action_kouhyou_detail_004_kani=true&JigyosyoCd=4052980035-00&ServiceCd=160&Type=search", "url2": "https://www.tenjinkai.or.jp/welfare/service/yayoien" }, "geometry": { "type": "Point", "coordinates": [ 130.5963188, 33.408469 ] } },
{ "type": "Feature", "properties": { "内容": "医療法人　西本内科医院【通所リハビリテーション】福岡県筑紫野市原田6丁目8番地1", "url": "https://www.kaigokensaku.mhlw.go.jp/40/index.php?action_kouhyou_detail_004_kani=true&JigyosyoCd=4011719202-00&ServiceCd=160&Type=search", "url2": "http//www.c-map.net/clinic/chikusino/nisimotod.htmd" }, "geometry": { "type": "Point", "coordinates": [ 130.541934500000025, 33.4513799 ] } },
{ "type": "Feature", "properties": { "内容": "どい内科クリニック【通所リハビリテーション】福岡県筑紫野市光が丘4-5-3", "url": "https://www.kaigokensaku.mhlw.go.jp/40/index.php?action_kouhyou_detail_004_kani=true&JigyosyoCd=4011719384-00&ServiceCd=160&Type=search", "url2": "http://www.sanshukai.or.jp" }, "geometry": { "type": "Point", "coordinates": [ 130.560741300000018, 33.4501356 ] } },
{ "type": "Feature", "properties": { "内容": "医療法人つかさ会よこみぞ医院デイケアセンターつかさ【通所リハビリテーション】福岡県筑紫野市大字立明寺506番地の5", "url": "https://www.kaigokensaku.mhlw.go.jp/40/index.php?action_kouhyou_detail_004_kani=true&JigyosyoCd=4073000020-00&ServiceCd=160&Type=search", "url2": "http://yokomizo-clinic.com/" }, "geometry": { "type": "Point", "coordinates": [ 130.523843100000022, 33.483627 ] } },
{ "type": "Feature", "properties": { "内容": "デイケアセンターあけぼの【通所リハビリテーション】福岡県筑紫野市紫４－６－１５", "url": "https://www.kaigokensaku.mhlw.go.jp/40/index.php?action_kouhyou_detail_004_kani=true&JigyosyoCd=4073000038-00&ServiceCd=160&Type=search", "url2": "https://care-akebono.com/" }, "geometry": { "type": "Point", "coordinates": [ 130.533481100000017, 33.4940316 ] } },
{ "type": "Feature", "properties": { "内容": "介護老人保健施設　ハーモニー聖和【通所リハビリテーション】福岡県筑紫野市大字西小田991番地の3", "url": "https://www.kaigokensaku.mhlw.go.jp/40/index.php?action_kouhyou_detail_004_kani=true&JigyosyoCd=4051780072-00&ServiceCd=160&Type=search", "url2": "www.seiwa-kai.com" }, "geometry": { "type": "Point", "coordinates": [ 130.567943600000035, 33.445411 ] } },
{ "type": "Feature", "properties": { "内容": "医療法人社団邦生会高山病院通所リハビリテーション【通所リハビリテーション】福岡県筑紫野市針摺中央2丁目11-10", "url": "https://www.kaigokensaku.mhlw.go.jp/40/index.php?action_kouhyou_detail_004_kani=true&JigyosyoCd=4011719251-00&ServiceCd=160&Type=search", "url2": "https://takayama-hosp.org/" }, "geometry": { "type": "Point", "coordinates": [ 130.5366835, 33.4840187 ] } },
{ "type": "Feature", "properties": { "内容": "二日市整形外科クリニック【通所リハビリテーション】福岡県筑紫野市紫2丁目22番1号", "url": "https://www.kaigokensaku.mhlw.go.jp/40/index.php?action_kouhyou_detail_004_kani=true&JigyosyoCd=4011711407-00&ServiceCd=160&Type=search", "url2": null }, "geometry": { "type": "Point", "coordinates": [ 130.521571641000378, 33.496240978264474 ] } },
{ "type": "Feature", "properties": { "内容": "医療法人文杏堂　杉病院【通所リハビリテーション】福岡県筑紫野市二日市中央1丁目３－２", "url": "https://www.kaigokensaku.mhlw.go.jp/40/index.php?action_kouhyou_detail_004_kani=true&JigyosyoCd=4011719194-00&ServiceCd=160&Type=search", "url2": "http://sugi-hospital.jp/index.html" }, "geometry": { "type": "Point", "coordinates": [ 130.520101299999965, 33.4953037 ] } },
{ "type": "Feature", "properties": { "内容": "医療法人全晴会　寺本整形外科　デイケア・テラソル【通所リハビリテーション】福岡県筑紫野市二日市中央4丁目11番1号二日市ビル１F", "url": "https://www.kaigokensaku.mhlw.go.jp/40/index.php?action_kouhyou_detail_004_kani=true&JigyosyoCd=4011711431-00&ServiceCd=160&Type=search", "url2": "http://teramoto-seikei.jp/" }, "geometry": { "type": "Point", "coordinates": [ 130.517765300000065, 33.5010253 ] } },
{ "type": "Feature", "properties": { "内容": "平塚整形外科通所リハビリテーション【通所リハビリテーション】福岡県春日市小倉７丁目８番地", "url": "https://www.kaigokensaku.mhlw.go.jp/40/index.php?action_kouhyou_detail_004_kani=true&JigyosyoCd=4011619287-00&ServiceCd=160&Type=search", "url2": "http://www.hiratska-seikeigeka.jp" }, "geometry": { "type": "Point", "coordinates": [ 130.4565318, 33.5353065 ] } },
{ "type": "Feature", "properties": { "内容": "医療法人春成会　樋口病院　デイケアなでしこ【通所リハビリテーション】紅葉ヶ丘東三丁目１番地", "url": "https://www.kaigokensaku.mhlw.go.jp/40/index.php?action_kouhyou_detail_004_kani=true&JigyosyoCd=4011619170-00&ServiceCd=160&Type=search", "url2": "http:www.higuchi-hosp.or.jp" }, "geometry": { "type": "Point", "coordinates": [ 130.457794993254083, 33.521073694446166 ] } },
{ "type": "Feature", "properties": { "内容": "医療法人つくし会病院　介護老人保健施設はなつくし【通所リハビリテーション】福岡県春日市宝町３丁目２３番１号", "url": "https://www.kaigokensaku.mhlw.go.jp/40/index.php?action_kouhyou_detail_004_kani=true&JigyosyoCd=4051680074-00&ServiceCd=160&Type=search", "url2": "http://tsukushi-kai.com/hanatsukushi/index.html" }, "geometry": { "type": "Point", "coordinates": [ 130.461834100000033, 33.5339734 ] } },
{ "type": "Feature", "properties": { "内容": "医療法人徳洲会　福岡徳洲会介護センター【通所リハビリテーション】福岡県春日市須玖北4丁目5番地", "url": "https://www.kaigokensaku.mhlw.go.jp/40/index.php?action_kouhyou_detail_004_kani=true&JigyosyoCd=4073100424-00&ServiceCd=160&Type=search", "url2": "http://www.tokusyukai.or.jp./fukuoka/" }, "geometry": { "type": "Point", "coordinates": [ 130.447818699999971, 33.5433886 ] } },
{ "type": "Feature", "properties": { "内容": "こばやし整形外科リハビリセンター【通所リハビリテーション】福岡県春日市大字下白水25ｰ1", "url": "https://www.kaigokensaku.mhlw.go.jp/40/index.php?action_kouhyou_detail_004_kani=true&JigyosyoCd=4011611391-00&ServiceCd=160&Type=search", "url2": "https://kobayashi-cli.com" }, "geometry": { "type": "Point", "coordinates": [ 130.461857400000014, 33.5052751 ] } },
{ "type": "Feature", "properties": { "内容": "医療法人　社団　渡辺病院　通所リハビリテーション【通所リハビリテーション】福岡県春日市岡本1丁目105番地", "url": "https://www.kaigokensaku.mhlw.go.jp/40/index.php?action_kouhyou_detail_004_kani=true&JigyosyoCd=4073100176-00&ServiceCd=160&Type=search", "url2": "http://www.watanabe-byouin.jp/" }, "geometry": { "type": "Point", "coordinates": [ 130.4500574, 33.5414972 ] } },
{ "type": "Feature", "properties": { "内容": "毛利外科医院【通所リハビリテーション】福岡県大野城市下大利１－１７－１", "url": "https://www.kaigokensaku.mhlw.go.jp/40/index.php?action_kouhyou_detail_004_kani=true&JigyosyoCd=4011519115-00&ServiceCd=160&Type=search", "url2": null }, "geometry": { "type": "Point", "coordinates": [ 130.487762400000065, 33.521217 ] } },
{ "type": "Feature", "properties": { "内容": "介護老人保健施設　くすの郷【通所リハビリテーション】福岡県大野城市乙金東2丁目17-3", "url": "https://www.kaigokensaku.mhlw.go.jp/40/index.php?action_kouhyou_detail_004_kani=true&JigyosyoCd=4051580084-00&ServiceCd=160&Type=search", "url2": "http://www.otogane.or.jp" }, "geometry": { "type": "Point", "coordinates": [ 130.5001833, 33.5566577 ] } },
{ "type": "Feature", "properties": { "内容": "平田医院リハビリテーションクリニック【通所リハビリテーション】福岡県大野城市南ヶ丘3丁目2-7", "url": "https://www.kaigokensaku.mhlw.go.jp/40/index.php?action_kouhyou_detail_004_kani=true&JigyosyoCd=4011511138-00&ServiceCd=160&Type=search", "url2": "https://www.hiratariha.jp/" }, "geometry": { "type": "Point", "coordinates": [ 130.478363800000011, 33.5020515 ] } },
{ "type": "Feature", "properties": { "内容": "介護老人保健施設カトレア【通所リハビリテーション】福岡県大野城市南大利二丁目7番1号", "url": "https://www.kaigokensaku.mhlw.go.jp/40/index.php?action_kouhyou_detail_004_kani=true&JigyosyoCd=4051580076-00&ServiceCd=160&Type=search", "url2": "http://www.seiai-riha.com/catorea/" }, "geometry": { "type": "Point", "coordinates": [ 130.480216508598346, 33.510100936052197 ] } },
{ "type": "Feature", "properties": { "内容": "通所リハビリテーション誠愛【通所リハビリテーション】福岡県大野城市南大利２－７－２", "url": "https://www.kaigokensaku.mhlw.go.jp/40/index.php?action_kouhyou_detail_004_kani=true&JigyosyoCd=4073200463-00&ServiceCd=160&Type=search", "url2": "http://www.seiai-riha.com" }, "geometry": { "type": "Point", "coordinates": [ 130.479360300000053, 33.5096289 ] } },
{ "type": "Feature", "properties": { "内容": "金澤整形外科医院通所リハビリセンターかなりは【通所リハビリテーション】福岡県大野城市瑞穂町1丁目1番地5", "url": "https://www.kaigokensaku.mhlw.go.jp/40/index.php?action_kouhyou_detail_004_kani=true&JigyosyoCd=4011519081-00&ServiceCd=160&Type=search", "url2": "http://www.kanazawaseikei.com" }, "geometry": { "type": "Point", "coordinates": [ 130.4762926, 33.534137 ] } },
{ "type": "Feature", "properties": { "内容": "ハピタル通所リハビリ【通所リハビリテーション】筒井１丁目３番１号", "url": "https://www.kaigokensaku.mhlw.go.jp/40/index.php?action_kouhyou_detail_004_kani=true&JigyosyoCd=4011519354-00&ServiceCd=160&Type=search", "url2": "https://happital.jp/" }, "geometry": { "type": "Point", "coordinates": [ 130.474347, 33.5407831 ] } },
{ "type": "Feature", "properties": { "内容": "デイケアセンター　日の里クリニック【通所リハビリテーション】福岡県宗像市日の里1丁目30番地の6サービス付き高齢者向け住宅　はるかぜの郷", "url": "https://www.kaigokensaku.mhlw.go.jp/40/index.php?action_kouhyou_detail_004_kani=true&JigyosyoCd=4010619221-00&ServiceCd=160&Type=search", "url2": "hinosato-clinic.net" }, "geometry": { "type": "Point", "coordinates": [ 130.530883909262116, 33.791229531593466 ] } },
{ "type": "Feature", "properties": { "内容": "摩利支病院デイケアセンター【通所リハビリテーション】東郷6丁目2番10号", "url": "https://www.kaigokensaku.mhlw.go.jp/40/index.php?action_kouhyou_detail_004_kani=true&JigyosyoCd=4010619080-00&ServiceCd=160&Type=search", "url2": "https://marishi.or.jp/" }, "geometry": { "type": "Point", "coordinates": [ 130.539449, 33.8020984 ] } },
{ "type": "Feature", "properties": { "内容": "介護老人保健施設宗像アコール【通所リハビリテーション】福岡県宗像市光岡１３０", "url": "https://www.kaigokensaku.mhlw.go.jp/40/index.php?action_kouhyou_detail_004_kani=true&JigyosyoCd=4050680075-00&ServiceCd=160&Type=search", "url2": "http://www.ako-ru.jp" }, "geometry": { "type": "Point", "coordinates": [ 130.5593199, 33.787678 ] } },
{ "type": "Feature", "properties": { "内容": "赤間病院デイケアセンター【通所リハビリテーション】福岡県宗像市石丸一丁目6番7号", "url": "https://www.kaigokensaku.mhlw.go.jp/40/index.php?action_kouhyou_detail_004_kani=true&JigyosyoCd=4010619247-00&ServiceCd=160&Type=search", "url2": "http://www.akama-hp.or.jp" }, "geometry": { "type": "Point", "coordinates": [ 130.595256, 33.8049905 ] } },
{ "type": "Feature", "properties": { "内容": "東郷外科はつらつデイケア【通所リハビリテーション】宗像市田熊４丁目２番６号", "url": "https://www.kaigokensaku.mhlw.go.jp/40/index.php?action_kouhyou_detail_004_kani=true&JigyosyoCd=4073300693-00&ServiceCd=160&Type=search", "url2": "togogeka.jp" }, "geometry": { "type": "Point", "coordinates": [ 130.529738899999984, 33.7973598 ] } },
{ "type": "Feature", "properties": { "内容": "渡辺整形外科クリニック　リハビリセンター【通所リハビリテーション】福岡県太宰府市五条２丁目５-１８", "url": "https://www.kaigokensaku.mhlw.go.jp/40/index.php?action_kouhyou_detail_004_kani=true&JigyosyoCd=4011419159-00&ServiceCd=160&Type=search", "url2": null }, "geometry": { "type": "Point", "coordinates": [ 130.527050599999939, 33.5123463 ] } },
{ "type": "Feature", "properties": { "内容": "別府病院通所リハビリテーション【通所リハビリテーション】福岡県太宰府市宰府１丁目６−２３", "url": "https://www.kaigokensaku.mhlw.go.jp/40/index.php?action_kouhyou_detail_004_kani=true&JigyosyoCd=4011410836-00&ServiceCd=160&Type=search", "url2": "https://houshikai.info/rehabilitation/#tusho" }, "geometry": { "type": "Point", "coordinates": [ 130.5306367, 33.518059 ] } },
{ "type": "Feature", "properties": { "内容": "みずき指定通所リハビリセンター【通所リハビリテーション】福岡県太宰府市通古賀３丁目１０番１号", "url": "https://www.kaigokensaku.mhlw.go.jp/40/index.php?action_kouhyou_detail_004_kani=true&JigyosyoCd=4073400113-00&ServiceCd=160&Type=search", "url2": "http://www.mizuki.or.jp" }, "geometry": { "type": "Point", "coordinates": [ 130.506574600000022, 33.511585 ] } },
{ "type": "Feature", "properties": { "内容": "医療法人　健成会　鹿子生整形外科医院　通所リハビリテーション【通所リハビリテーション】福岡県太宰府市五条3丁目4番14号", "url": "https://www.kaigokensaku.mhlw.go.jp/40/index.php?action_kouhyou_detail_004_kani=true&JigyosyoCd=4011419076-00&ServiceCd=160&Type=search", "url2": "http://www.kako.or.jp" }, "geometry": { "type": "Point", "coordinates": [ 130.525431300000037, 33.5096522 ] } },
{ "type": "Feature", "properties": { "内容": "丸山病院デイケアさくら園【通所リハビリテーション】福岡県太宰府市坂本1丁目4番6号", "url": "https://www.kaigokensaku.mhlw.go.jp/40/index.php?action_kouhyou_detail_004_kani=true&JigyosyoCd=4073400352-00&ServiceCd=160&Type=search", "url2": "https://maruyamahosp.jp" }, "geometry": { "type": "Point", "coordinates": [ 130.50638570000001, 33.5139875 ] } },
{ "type": "Feature", "properties": { "内容": "デイケア同朋【通所リハビリテーション】福岡県太宰府市宰都2丁目8-12", "url": "https://www.kaigokensaku.mhlw.go.jp/40/index.php?action_kouhyou_detail_004_kani=true&JigyosyoCd=4051480079-00&ServiceCd=160&Type=search", "url2": "http://www.dohogroup.jp/" }, "geometry": { "type": "Point", "coordinates": [ 130.496611600000051, 33.5178647 ] } },
{ "type": "Feature", "properties": { "内容": "加野クリニック【通所リハビリテーション】古賀市花見南1-2-15", "url": "https://www.kaigokensaku.mhlw.go.jp/40/index.php?action_kouhyou_detail_004_kani=true&JigyosyoCd=4010719401-00&ServiceCd=160&Type=search", "url2": "http://www.houshikai.or.jp" }, "geometry": { "type": "Point", "coordinates": [ 130.468426, 33.7416268 ] } },
{ "type": "Feature", "properties": { "内容": "福岡聖恵病院　デイケア聖恵【通所リハビリテーション】福岡県古賀市鹿部482番地", "url": "https://www.kaigokensaku.mhlw.go.jp/40/index.php?action_kouhyou_detail_004_kani=true&JigyosyoCd=4010719336-00&ServiceCd=160&Type=search", "url2": "http://www.megumi-kai.or.jp/" }, "geometry": { "type": "Point", "coordinates": [ 130.461448799999971, 33.7171289 ] } },
{ "type": "Feature", "properties": { "内容": "古賀中央病院　通所リハビリテーション【通所リハビリテーション】福岡県古賀市天神1丁目13-30古賀中央病院4階", "url": "https://www.kaigokensaku.mhlw.go.jp/40/index.php?action_kouhyou_detail_004_kani=true&JigyosyoCd=4010719104-00&ServiceCd=160&Type=search", "url2": "www.koga-c-hp.or.jp" }, "geometry": { "type": "Point", "coordinates": [ 130.463369, 33.7316679 ] } },
{ "type": "Feature", "properties": { "内容": "介護老人保健施設　水光苑【通所リハビリテーション】福岡県福津市日蒔野５丁目７-２", "url": "https://www.kaigokensaku.mhlw.go.jp/40/index.php?action_kouhyou_detail_004_kani=true&JigyosyoCd=4050580077-00&ServiceCd=160&Type=search", "url2": "http://www.suikokai.or.jp" }, "geometry": { "type": "Point", "coordinates": [ 130.497081699999967, 33.7599363 ] } },
{ "type": "Feature", "properties": { "内容": "津屋崎中央病院デイケアセンター【通所リハビリテーション】福岡県福津市渡1564番地", "url": "https://www.kaigokensaku.mhlw.go.jp/40/index.php?action_kouhyou_detail_004_kani=true&JigyosyoCd=4074500366-00&ServiceCd=160&Type=search", "url2": "http://www.tuyazaki-hp.jp/" }, "geometry": { "type": "Point", "coordinates": [ 130.455167599999982, 33.788412399999963 ] } },
{ "type": "Feature", "properties": { "内容": "デイケアセンターおたっしゃクラブ東福間【通所リハビリテーション】福岡県福津市津丸1164-3", "url": "https://www.kaigokensaku.mhlw.go.jp/40/index.php?action_kouhyou_detail_004_kani=true&JigyosyoCd=4074500242-00&ServiceCd=160&Type=search", "url2": "https://www.souseikai-hp.or.jp/" }, "geometry": { "type": "Point", "coordinates": [ 130.505072400000017, 33.7723237 ] } },
{ "type": "Feature", "properties": { "内容": "ナーシング・ケア宗像【通所リハビリテーション】福岡県福津市上西郷734-3", "url": "https://www.kaigokensaku.mhlw.go.jp/40/index.php?action_kouhyou_detail_004_kani=true&JigyosyoCd=4050580085-00&ServiceCd=160&Type=search", "url2": "http://www.kenjien.com/" }, "geometry": { "type": "Point", "coordinates": [ 130.5107137, 33.7581615 ] } },
{ "type": "Feature", "properties": { "内容": "介護老人保健施設うきは【通所リハビリテーション】福岡県うきは市浮羽町古川１０５３番地８", "url": "https://www.kaigokensaku.mhlw.go.jp/40/index.php?action_kouhyou_detail_004_kani=true&JigyosyoCd=4053380079-00&ServiceCd=160&Type=search", "url2": "https://onsen-hp.or.jp" }, "geometry": { "type": "Point", "coordinates": [ 130.810076799999933, 33.3575308 ] } },
{ "type": "Feature", "properties": { "内容": "医療法人蘇芳会　菊池医院通所リハビリテーション【通所リハビリテーション】福岡県うきは市吉井町新治362-1　362-2　363-1", "url": "https://www.kaigokensaku.mhlw.go.jp/40/index.php?action_kouhyou_detail_004_kani=true&JigyosyoCd=4077300293-00&ServiceCd=160&Type=search", "url2": null }, "geometry": { "type": "Point", "coordinates": [ 130.7522242, 33.3481523 ] } },
{ "type": "Feature", "properties": { "内容": "原鶴温泉病院　通所リハビリテーション【通所リハビリテーション】福岡県うきは市吉井町千年628番地", "url": "https://www.kaigokensaku.mhlw.go.jp/40/index.php?action_kouhyou_detail_004_kani=true&JigyosyoCd=4013319126-00&ServiceCd=160&Type=search", "url2": "http://harazuru-hp.or.jp" }, "geometry": { "type": "Point", "coordinates": [ 130.7750853, 33.3523385 ] } },
{ "type": "Feature", "properties": { "内容": "浮羽クリニック通所リハビリテーション【通所リハビリテーション】福岡県うきは市浮羽町東隈上342-9", "url": "https://www.kaigokensaku.mhlw.go.jp/40/index.php?action_kouhyou_detail_004_kani=true&JigyosyoCd=4077300251-00&ServiceCd=160&Type=search", "url2": "www.ukihacliic.jp" }, "geometry": { "type": "Point", "coordinates": [ 130.801081, 33.3376548 ] } },
{ "type": "Feature", "properties": { "内容": "医療法人　宮若整形外科医院【通所リハビリテーション】福岡県宮若市龍徳1106-17", "url": "https://www.kaigokensaku.mhlw.go.jp/40/index.php?action_kouhyou_detail_004_kani=true&JigyosyoCd=4015810148-00&ServiceCd=160&Type=search", "url2": "miyawaka-seikei.com/" }, "geometry": { "type": "Point", "coordinates": [ 130.686183799999981, 33.7317271 ] } },
{ "type": "Feature", "properties": { "内容": "介護老人保健施設なびき苑【通所リハビリテーション】福岡県宮若市下有木1517-1", "url": "https://www.kaigokensaku.mhlw.go.jp/40/index.php?action_kouhyou_detail_004_kani=true&JigyosyoCd=4055880092-00&ServiceCd=160&Type=search", "url2": "nabiki.mints.ne.jp/" }, "geometry": { "type": "Point", "coordinates": [ 130.623540199999979, 33.7509722 ] } },
{ "type": "Feature", "properties": { "内容": "けいあいクリニックデイ・ケア【通所リハビリテーション】福岡県宮若市宮田4795番地", "url": "https://www.kaigokensaku.mhlw.go.jp/40/index.php?action_kouhyou_detail_004_kani=true&JigyosyoCd=4075500779-00&ServiceCd=160&Type=search", "url2": "https://keiaiclinic.or.jp/" }, "geometry": { "type": "Point", "coordinates": [ 130.662724499999968, 33.7256284 ] } },
{ "type": "Feature", "properties": { "内容": "医療法人　志成会　祷若宮医院【通所リハビリテーション】福岡県宮若市沼口967番地1", "url": "https://www.kaigokensaku.mhlw.go.jp/40/index.php?action_kouhyou_detail_004_kani=true&JigyosyoCd=4015810114-00&ServiceCd=160&Type=search", "url2": "www.shiseikai.jp" }, "geometry": { "type": "Point", "coordinates": [ 130.611446900000033, 33.736779 ] } },
{ "type": "Feature", "properties": { "内容": "医療法人　安倍病院　通所リハビリテーション【通所リハビリテーション】福岡県宮若市長井鶴２５０番地３", "url": "https://www.kaigokensaku.mhlw.go.jp/40/index.php?action_kouhyou_detail_004_kani=true&JigyosyoCd=4015810155-00&ServiceCd=160&Type=search", "url2": "http://www.abe-hp.or.jp" }, "geometry": { "type": "Point", "coordinates": [ 130.654123913491816, 33.730125765049657 ] } },
{ "type": "Feature", "properties": { "内容": "介護老人保健施設シルバーケア嘉穂【通所リハビリテーション】嘉麻市鴨生480番地1", "url": "https://www.kaigokensaku.mhlw.go.jp/40/index.php?action_kouhyou_detail_004_kani=true&JigyosyoCd=4055780086-00&ServiceCd=160&Type=search", "url2": "http://care-net.biz/40/silvercarekaho/" }, "geometry": { "type": "Point", "coordinates": [ 130.7240124, 33.6079752 ] } },
{ "type": "Feature", "properties": { "内容": "医療法人金丸医院　リハステーションファーム【通所リハビリテーション】福岡県嘉麻市漆生1605-2", "url": "https://www.kaigokensaku.mhlw.go.jp/40/index.php?action_kouhyou_detail_004_kani=true&JigyosyoCd=4015719208-00&ServiceCd=160&Type=search", "url2": "http://www.kanamaruiin.or.jp/" }, "geometry": { "type": "Point", "coordinates": [ 130.72049370000002, 33.5882107 ] } },
{ "type": "Feature", "properties": { "内容": "社会保険稲築病院介護サービスセンターいなつきデイケアセンター【通所リハビリテーション】嘉麻市口春７４４番地１", "url": "https://www.kaigokensaku.mhlw.go.jp/40/index.php?action_kouhyou_detail_004_kani=true&JigyosyoCd=4072100706-00&ServiceCd=160&Type=search", "url2": "http://www.inatsukihospital.jp/" }, "geometry": { "type": "Point", "coordinates": [ 130.7135581, 33.6004509 ] } },
{ "type": "Feature", "properties": { "内容": "健康リハビリテーション内田病院【通所リハビリテーション】福岡県嘉麻市牛隈2510-4", "url": "https://www.kaigokensaku.mhlw.go.jp/40/index.php?action_kouhyou_detail_004_kani=true&JigyosyoCd=4076000050-00&ServiceCd=160&Type=search", "url2": "http://www.uchida-reha.jp" }, "geometry": { "type": "Point", "coordinates": [ 130.723577100000057, 33.5756594 ] } },
{ "type": "Feature", "properties": { "内容": "介護老人保健施設　ほ乃ぼの園　通所リハビリテーション【通所リハビリテーション】福岡県嘉麻市馬見64番地2", "url": "https://www.kaigokensaku.mhlw.go.jp/40/index.php?action_kouhyou_detail_004_kani=true&JigyosyoCd=4055780078-00&ServiceCd=160&Type=search", "url2": "http://www.himawarikai.net" }, "geometry": { "type": "Point", "coordinates": [ 130.754119100000025, 33.5301257 ] } },
{ "type": "Feature", "properties": { "内容": "嘉麻赤十字病院デイケアセンター【通所リハビリテーション】福岡県嘉麻市上山田１２３７番地", "url": "https://www.kaigokensaku.mhlw.go.jp/40/index.php?action_kouhyou_detail_004_kani=true&JigyosyoCd=4072100300-00&ServiceCd=160&Type=search", "url2": "http://www.kama-jrc.jp/" }, "geometry": { "type": "Point", "coordinates": [ 130.7621504, 33.561723 ] } },
{ "type": "Feature", "properties": { "内容": "朝倉医師会介護老人保健施設アスピア【通所リハビリテーション】福岡県朝倉市三奈木２４２０－１５", "url": "https://www.kaigokensaku.mhlw.go.jp/40/index.php?action_kouhyou_detail_004_kani=true&JigyosyoCd=4052480102-00&ServiceCd=160&Type=search", "url2": "http://www.asakura-med.or.jp/aspia/" }, "geometry": { "type": "Point", "coordinates": [ 130.7046451, 33.3997741 ] } },
{ "type": "Feature", "properties": { "内容": "医療法人　社団　医王会　朝倉健生病院　通所リハビリテーションけんせい【通所リハビリテーション】朝倉市来春132番地", "url": "https://www.kaigokensaku.mhlw.go.jp/40/index.php?action_kouhyou_detail_004_kani=true&JigyosyoCd=4012419166-00&ServiceCd=160&Type=search", "url2": "http://www.a-kensei.jp/" }, "geometry": { "type": "Point", "coordinates": [ 130.662492899999961, 33.4151131 ] } },
{ "type": "Feature", "properties": { "内容": "アルファ俊聖【通所リハビリテーション】福岡県朝倉市甘木１９９－１", "url": "https://www.kaigokensaku.mhlw.go.jp/40/index.php?action_kouhyou_detail_004_kani=true&JigyosyoCd=4052480094-00&ServiceCd=160&Type=search", "url2": "http//www.amagichuuou-hp.jp" }, "geometry": { "type": "Point", "coordinates": [ 130.659221, 33.416524 ] } },
{ "type": "Feature", "properties": { "内容": "通所リハビリ　だんらん【通所リハビリテーション】福岡県朝倉市下浦715番地", "url": "https://www.kaigokensaku.mhlw.go.jp/40/index.php?action_kouhyou_detail_004_kani=true&JigyosyoCd=4072200498-00&ServiceCd=160&Type=search", "url2": "http：//www.katuki-kai.com" }, "geometry": { "type": "Point", "coordinates": [ 130.635689700000057, 33.397334 ] } },
{ "type": "Feature", "properties": { "内容": "介護老人保健施設　ラ・パス【通所リハビリテーション】福岡県朝倉市菩提寺183-53", "url": "https://www.kaigokensaku.mhlw.go.jp/40/index.php?action_kouhyou_detail_004_kani=true&JigyosyoCd=4052480078-00&ServiceCd=160&Type=search", "url2": "https://jusenkai.com" }, "geometry": { "type": "Point", "coordinates": [ 130.6668671, 33.4311118 ] } },
{ "type": "Feature", "properties": { "内容": "デイケア大川【通所リハビリテーション】福岡県朝倉市甘木2402-3", "url": "https://www.kaigokensaku.mhlw.go.jp/40/index.php?action_kouhyou_detail_004_kani=true&JigyosyoCd=4012411254-00&ServiceCd=160&Type=search", "url2": "http://daycare-okawa.jp" }, "geometry": { "type": "Point", "coordinates": [ 130.6491007, 33.4241545 ] } },
{ "type": "Feature", "properties": { "内容": "こうわか苑　通所リハビリテーション【通所リハビリテーション】福岡県みやま市瀬高町大江1687番地2", "url": "https://www.kaigokensaku.mhlw.go.jp/40/index.php?action_kouhyou_detail_004_kani=true&JigyosyoCd=4054280070-00&ServiceCd=160&Type=search", "url2": "http://www.ykta.jp/kouwakaen" }, "geometry": { "type": "Point", "coordinates": [ 130.4841113, 33.1421486 ] } },
{ "type": "Feature", "properties": { "内容": "船小屋病院通所リハビリテーションすみれ【通所リハビリテーション】福岡県みやま市瀬高町長田１６０４", "url": "https://www.kaigokensaku.mhlw.go.jp/40/index.php?action_kouhyou_detail_004_kani=true&JigyosyoCd=4014219135-00&ServiceCd=160&Type=search", "url2": "https://funagoya.or.jp/" }, "geometry": { "type": "Point", "coordinates": [ 130.4962571, 33.1732086 ] } },
{ "type": "Feature", "properties": { "内容": "介護老人保健施設　寿苑【通所リハビリテーション】福岡県みやま市瀬高町坂田59-1", "url": "https://www.kaigokensaku.mhlw.go.jp/40/index.php?action_kouhyou_detail_004_kani=true&JigyosyoCd=4054280047-00&ServiceCd=160&Type=search", "url2": "http://www.k-kotobukien.com" }, "geometry": { "type": "Point", "coordinates": [ 130.498374199999944, 33.1663409 ] } },
{ "type": "Feature", "properties": { "内容": "医療法人　前原整形外科リハビリクリニック　通所ﾘﾊﾋﾞﾘﾃｰｼｮﾝ　せたか【通所リハビリテーション】福岡県みやま市瀬高町下庄590番地", "url": "https://www.kaigokensaku.mhlw.go.jp/40/index.php?action_kouhyou_detail_004_kani=true&JigyosyoCd=4014219184-00&ServiceCd=160&Type=search", "url2": "https://maeharaseikei.jp/" }, "geometry": { "type": "Point", "coordinates": [ 130.4727428, 33.1473758 ] } },
{ "type": "Feature", "properties": { "内容": "アルテンハイムヨコクラ【通所リハビリテーション】福岡県みやま市高田町濃施４０９", "url": "https://www.kaigokensaku.mhlw.go.jp/40/index.php?action_kouhyou_detail_004_kani=true&JigyosyoCd=4054280096-00&ServiceCd=160&Type=search", "url2": "https://yokokura-hp.or.jp" }, "geometry": { "type": "Point", "coordinates": [ 130.45964170000002, 33.0992526 ] } },
{ "type": "Feature", "properties": { "内容": "医療法人　親和会【通所リハビリテーション】福岡県糸島市二丈深江2359-2", "url": "https://www.kaigokensaku.mhlw.go.jp/40/index.php?action_kouhyou_detail_004_kani=true&JigyosyoCd=4052080118-00&ServiceCd=160&Type=search", "url2": "http://furusato1995.com/" }, "geometry": { "type": "Point", "coordinates": [ 130.132572799999906, 33.5084687 ] } },
{ "type": "Feature", "properties": { "内容": "医療法人社団昭友会　たなかクリニック【通所リハビリテーション】福岡県糸島市神在西一丁目１番１５号", "url": "https://www.kaigokensaku.mhlw.go.jp/40/index.php?action_kouhyou_detail_004_kani=true&JigyosyoCd=4012010890-00&ServiceCd=160&Type=search", "url2": "http://www.itoshima-tanakaclinic.jp/" }, "geometry": { "type": "Point", "coordinates": [ 130.177043, 33.5476207 ] } },
{ "type": "Feature", "properties": { "内容": "医療法人福生会フクヨ内科医院【通所リハビリテーション】福岡県糸島市高田４丁目２４－１", "url": "https://www.kaigokensaku.mhlw.go.jp/40/index.php?action_kouhyou_detail_004_kani=true&JigyosyoCd=4012019065-00&ServiceCd=160&Type=search", "url2": "http://fukuyo-naika.com/" }, "geometry": { "type": "Point", "coordinates": [ 130.2393085, 33.572692 ] } },
{ "type": "Feature", "properties": { "内容": "医療法人　至高会　舌間整形外科【通所リハビリテーション】福岡県糸島市潤３丁目８－１", "url": "https://www.kaigokensaku.mhlw.go.jp/40/index.php?action_kouhyou_detail_004_kani=true&JigyosyoCd=4012019057-00&ServiceCd=160&Type=search", "url2": "http://www.shitama.or.jp/seikei/index.html" }, "geometry": { "type": "Point", "coordinates": [ 130.216104010428865, 33.56563847074235 ] } },
{ "type": "Feature", "properties": { "内容": "医療法人　恵真会　渡辺整形外科病院【通所リハビリテーション】福岡県糸島市前原1811番地1", "url": "https://www.kaigokensaku.mhlw.go.jp/40/index.php?action_kouhyou_detail_004_kani=true&JigyosyoCd=4012019123-00&ServiceCd=160&Type=search", "url2": "http://www.keishin.or.jp/watanabe-hp/" }, "geometry": { "type": "Point", "coordinates": [ 130.189456899999982, 33.5582536 ] } },
{ "type": "Feature", "properties": { "内容": "志摩老健センター・パキス【通所リハビリテーション】福岡県糸島市志摩小富士257", "url": "https://www.kaigokensaku.mhlw.go.jp/40/index.php?action_kouhyou_detail_004_kani=true&JigyosyoCd=4052080100-00&ServiceCd=160&Type=search", "url2": "http://www.pacis-itoshima.com/" }, "geometry": { "type": "Point", "coordinates": [ 130.182695, 33.5643744 ] } },
{ "type": "Feature", "properties": { "内容": "医療法人　波多江外科医院【通所リハビリテーション】前原中央２丁目１０－５３", "url": "https://www.kaigokensaku.mhlw.go.jp/40/index.php?action_kouhyou_detail_004_kani=true&JigyosyoCd=4012019164-00&ServiceCd=160&Type=search", "url2": "https://hataegeka.or.jp" }, "geometry": { "type": "Point", "coordinates": [ 130.202057, 33.558776 ] } },
{ "type": "Feature", "properties": { "内容": "介護老人保健施設　まえばる老健センター【通所リハビリテーション】福岡県糸島市志登567-1", "url": "https://www.kaigokensaku.mhlw.go.jp/40/index.php?action_kouhyou_detail_004_kani=true&JigyosyoCd=4052080084-00&ServiceCd=160&Type=search", "url2": "http://www.keishin.or.jp/maebarurouken/" }, "geometry": { "type": "Point", "coordinates": [ 130.2180105, 33.5718442 ] } },
{ "type": "Feature", "properties": { "内容": "医療法人　誠心会　井上病院　通所リハビリテーション　いきいき【通所リハビリテーション】福岡県糸島市波多江696-1", "url": "https://www.kaigokensaku.mhlw.go.jp/40/index.php?action_kouhyou_detail_004_kani=true&JigyosyoCd=4073500607-00&ServiceCd=160&Type=search", "url2": "http://www.sih.or.jp/" }, "geometry": { "type": "Point", "coordinates": [ 130.225729399999977, 33.560843200000022 ] } },
{ "type": "Feature", "properties": { "内容": "クリニック・パキス【通所リハビリテーション】福岡県糸島市志摩小富士258", "url": "https://www.kaigokensaku.mhlw.go.jp/40/index.php?action_kouhyou_detail_004_kani=true&JigyosyoCd=4012019487-00&ServiceCd=160&Type=search", "url2": null }, "geometry": { "type": "Point", "coordinates": [ 130.1829036, 33.5640834 ] } },
{ "type": "Feature", "properties": { "内容": "リハビリテーションセンターおおた【通所リハビリテーション】福岡県糸島市浦志2丁目21番20号", "url": "https://www.kaigokensaku.mhlw.go.jp/40/index.php?action_kouhyou_detail_004_kani=true&JigyosyoCd=4073500532-00&ServiceCd=160&Type=search", "url2": "http://otaneuro.com/" }, "geometry": { "type": "Point", "coordinates": [ 130.210347700000057, 33.5617731 ] } },
{ "type": "Feature", "properties": { "内容": "介護老人保健施設　ケアプラザ伊都【通所リハビリテーション】福岡県糸島市波多江223-1", "url": "https://www.kaigokensaku.mhlw.go.jp/40/index.php?action_kouhyou_detail_004_kani=true&JigyosyoCd=4052080076-00&ServiceCd=160&Type=search", "url2": "https://www.tomogiku.or.jp/about/care_plaza_ito" }, "geometry": { "type": "Point", "coordinates": [ 130.231484499999965, 33.5582798 ] } },
{ "type": "Feature", "properties": { "内容": "医療法人　鎮寿会　デイケア希望の実【通所リハビリテーション】福岡県那珂川市仲1丁目56番前野クリニック　２F", "url": "https://www.kaigokensaku.mhlw.go.jp/40/index.php?action_kouhyou_detail_004_kani=true&JigyosyoCd=4011819085-00&ServiceCd=160&Type=search", "url2": "https://maeno-clinic.jp/" }, "geometry": { "type": "Point", "coordinates": [ 130.426115808598325, 33.509006861640565 ] } },
{ "type": "Feature", "properties": { "内容": "介護老人保健施設あじさい【通所リハビリテーション】福岡県那珂川市下梶原二丁目６番１号", "url": "https://www.kaigokensaku.mhlw.go.jp/40/index.php?action_kouhyou_detail_004_kani=true&JigyosyoCd=4051880088-00&ServiceCd=160&Type=search", "url2": "https://www.nakafuku.jp/about/ajisai/" }, "geometry": { "type": "Point", "coordinates": [ 130.4393374, 33.4989517 ] } },
{ "type": "Feature", "properties": { "内容": "ごう脳神経外科クリニック　デイケアセンター錬【通所リハビリテーション】福岡県那珂川市大字山田1150番1", "url": "https://www.kaigokensaku.mhlw.go.jp/40/index.php?action_kouhyou_detail_004_kani=true&JigyosyoCd=4011819184-00&ServiceCd=160&Type=search", "url2": "http://www.kouchikukai.or.jp/ren/" }, "geometry": { "type": "Point", "coordinates": [ 130.415782900000067, 33.4882261 ] } },
{ "type": "Feature", "properties": { "内容": "竹田胃腸科外科医院【通所リハビリテーション】福岡県那珂川市中原3-29", "url": "https://www.kaigokensaku.mhlw.go.jp/40/index.php?action_kouhyou_detail_004_kani=true&JigyosyoCd=4011819135-00&ServiceCd=160&Type=search", "url2": "http://www18.ocn.ne.jp/~takedahp/11.html" }, "geometry": { "type": "Point", "coordinates": [ 130.432717300000036, 33.5157575 ] } },
{ "type": "Feature", "properties": { "内容": "老人デイケア菜の花【通所リハビリテーション】福岡県糟屋郡宇美町明神坂１－２－１", "url": "https://www.kaigokensaku.mhlw.go.jp/40/index.php?action_kouhyou_detail_004_kani=true&JigyosyoCd=4073800064-00&ServiceCd=160&Type=search", "url2": "http://www.okabe-hospital.or.jp" }, "geometry": { "type": "Point", "coordinates": [ 130.512640271163974, 33.572593178150221 ] } },
{ "type": "Feature", "properties": { "内容": "医療法人みなみ粕屋南病院【通所リハビリテーション】神武原６丁目2番7号", "url": "https://www.kaigokensaku.mhlw.go.jp/40/index.php?action_kouhyou_detail_004_kani=true&JigyosyoCd=4010419747-00&ServiceCd=160&Type=search", "url2": "http://www.kasuya-minami.or.jp" }, "geometry": { "type": "Point", "coordinates": [ 130.549347399999988, 33.5756979 ] } },
{ "type": "Feature", "properties": { "内容": "医療法人泯江堂三野原病院　介護老人保健施設　ささぐり泯江苑【通所リハビリテーション】福岡県糟屋郡篠栗町大字金出宮ノ前3558-2", "url": "https://www.kaigokensaku.mhlw.go.jp/40/index.php?action_kouhyou_detail_004_kani=true&JigyosyoCd=4050480096-00&ServiceCd=160&Type=search", "url2": "http://www.minkodo-minohara.com" }, "geometry": { "type": "Point", "coordinates": [ 130.536680956036435, 33.624157510495408 ] } },
{ "type": "Feature", "properties": { "内容": "医療法人井上会　介護老人保健施設サンライフ陽光苑【通所リハビリテーション】福岡県糟屋郡篠栗町田中1丁目10番1号", "url": "https://www.kaigokensaku.mhlw.go.jp/40/index.php?action_kouhyou_detail_004_kani=true&JigyosyoCd=4050480112-00&ServiceCd=160&Type=search", "url2": "http://www.sasaguri.or.jp" }, "geometry": { "type": "Point", "coordinates": [ 130.521462299999939, 33.6243696 ] } },
{ "type": "Feature", "properties": { "内容": "みやふさ整形外科　通所リハビリテーション【通所リハビリテーション】福岡県糟屋郡志免町志免中央２丁目４番１号", "url": "https://www.kaigokensaku.mhlw.go.jp/40/index.php?action_kouhyou_detail_004_kani=true&JigyosyoCd=4010419945-00&ServiceCd=160&Type=search", "url2": null }, "geometry": { "type": "Point", "coordinates": [ 130.482459899999981, 33.5894028 ] } },
{ "type": "Feature", "properties": { "内容": "社会医療法人　　栄光会ファミリークリニック　通所リハビリテーション【通所リハビリテーション】福岡県糟屋郡志免町別府2-2-1医療・介護施設かめやま", "url": "https://www.kaigokensaku.mhlw.go.jp/40/index.php?action_kouhyou_detail_004_kani=true&JigyosyoCd=4010412544-00&ServiceCd=160&Type=search", "url2": "www.eikoh.or.jp" }, "geometry": { "type": "Point", "coordinates": [ 130.46376680000003, 33.6008512 ] } },
{ "type": "Feature", "properties": { "内容": "久恒病院　通所リハビリテーション　レインボーボディ【通所リハビリテーション】福岡県糟屋郡志免町大字田富字牛丸152の１", "url": "https://www.kaigokensaku.mhlw.go.jp/40/index.php?action_kouhyou_detail_004_kani=true&JigyosyoCd=4010419432-00&ServiceCd=160&Type=search", "url2": "https://hisatsune.or.jp/" }, "geometry": { "type": "Point", "coordinates": [ 130.498083427539086, 33.574781441555182 ] } },
{ "type": "Feature", "properties": { "内容": "通所リハビリセンターレインボー【通所リハビリテーション】福岡県糟屋郡志免町別府１丁目1番6号", "url": "https://www.kaigokensaku.mhlw.go.jp/40/index.php?action_kouhyou_detail_004_kani=true&JigyosyoCd=4074000227-00&ServiceCd=160&Type=search", "url2": "http://mc-yms.com" }, "geometry": { "type": "Point", "coordinates": [ 130.464183, 33.6019626 ] } },
{ "type": "Feature", "properties": { "内容": "青洲会クリニック　通所リハビリテーション【通所リハビリテーション】福岡県糟屋郡志免町志免4丁目1-7", "url": "https://www.kaigokensaku.mhlw.go.jp/40/index.php?action_kouhyou_detail_004_kani=true&JigyosyoCd=4010419804-00&ServiceCd=160&Type=search", "url2": "http://www.seisyukai.jp/sc.html" }, "geometry": { "type": "Point", "coordinates": [ 130.481940942327782, 33.58666038703165 ] } },
{ "type": "Feature", "properties": { "内容": "デイケアたかさき【通所リハビリテーション】福岡県糟屋郡須恵町須恵５０８−１", "url": "https://www.kaigokensaku.mhlw.go.jp/40/index.php?action_kouhyou_detail_004_kani=true&JigyosyoCd=4010413401-00&ServiceCd=160&Type=search", "url2": "https://takasaki.or.jp/related/daycare/" }, "geometry": { "type": "Point", "coordinates": [ 130.5048684, 33.5958401 ] } },
{ "type": "Feature", "properties": { "内容": "介護老人保健施設　ニューライフ須恵　通所リハビリテーション【通所リハビリテーション】福岡県糟屋郡須恵町大字旅石１１５－４８３", "url": "https://www.kaigokensaku.mhlw.go.jp/40/index.php?action_kouhyou_detail_004_kani=true&JigyosyoCd=4050480104-00&ServiceCd=160&Type=search", "url2": "http://www.s-mito.org" }, "geometry": { "type": "Point", "coordinates": [ 130.496463700000049, 33.5842405 ] } },
{ "type": "Feature", "properties": { "内容": "永寿苑【通所リハビリテーション】福岡県須恵町大字新原14-7", "url": "https://www.kaigokensaku.mhlw.go.jp/40/index.php?action_kouhyou_detail_004_kani=true&JigyosyoCd=4050480088-00&ServiceCd=160&Type=search", "url2": "http://www.taihei.or.jp" }, "geometry": { "type": "Point", "coordinates": [ 130.514381899999989, 33.5795702 ] } },
{ "type": "Feature", "properties": { "内容": "泰平病院【通所リハビリテーション】福岡県粕屋郡須恵町大字新原14-7", "url": "https://www.kaigokensaku.mhlw.go.jp/40/index.php?action_kouhyou_detail_004_kani=true&JigyosyoCd=4010419499-00&ServiceCd=160&Type=search", "url2": "http://www.taihei.or.jp/index.htm" }, "geometry": { "type": "Point", "coordinates": [ 130.5143835, 33.579582 ] } },
{ "type": "Feature", "properties": { "内容": "太田整形外科通所リハビリテーション【通所リハビリテーション】福岡県糟屋郡須惠町大字須惠777-5", "url": "https://www.kaigokensaku.mhlw.go.jp/40/index.php?action_kouhyou_detail_004_kani=true&JigyosyoCd=4010419887-00&ServiceCd=160&Type=search", "url2": "https://otaseikeigeka.info/" }, "geometry": { "type": "Point", "coordinates": [ 130.508222700000033, 33.5862865 ] } },
{ "type": "Feature", "properties": { "内容": "正信会　水戸病院【通所リハビリテーション】福岡県粕屋郡須恵町大字旅石１１５－４８３", "url": "https://www.kaigokensaku.mhlw.go.jp/40/index.php?action_kouhyou_detail_004_kani=true&JigyosyoCd=4010419101-00&ServiceCd=160&Type=search", "url2": "http://www.s-mito.org" }, "geometry": { "type": "Point", "coordinates": [ 130.496882124606373, 33.584428195867872 ] } },
{ "type": "Feature", "properties": { "内容": "医療法人　豊資会　加野病院【通所リハビリテーション】糟屋郡新宮町中央駅前１－２－１加野病院１階", "url": "https://www.kaigokensaku.mhlw.go.jp/40/index.php?action_kouhyou_detail_004_kani=true&JigyosyoCd=4010413013-00&ServiceCd=160&Type=search", "url2": "http://www.houshikai.or.jp/kano/" }, "geometry": { "type": "Point", "coordinates": [ 130.451307700000029, 33.7129956 ] } },
{ "type": "Feature", "properties": { "内容": "じんばやし整形外科リウマチ科医院【通所リハビリテーション】福岡県糟屋郡新宮町原上1574-1", "url": "https://www.kaigokensaku.mhlw.go.jp/40/index.php?action_kouhyou_detail_004_kani=true&JigyosyoCd=4010413153-00&ServiceCd=160&Type=search", "url2": "http://jinbayasi.6.ql.bz/index.html" }, "geometry": { "type": "Point", "coordinates": [ 130.447883199999978, 33.6948248 ] } },
{ "type": "Feature", "properties": { "内容": "医療法人　宏洲整形外科医院【通所リハビリテーション】福岡県糟屋郡久山町大字久原3133番1", "url": "https://www.kaigokensaku.mhlw.go.jp/40/index.php?action_kouhyou_detail_004_kani=true&JigyosyoCd=4010412981-00&ServiceCd=160&Type=search", "url2": "https://www.hiroshima-seikeigekaiin.jp/" }, "geometry": { "type": "Point", "coordinates": [ 130.4980493, 33.6410447 ] } },
{ "type": "Feature", "properties": { "内容": "医療法人　志方医院【通所リハビリテーション】糟屋郡久山町久原３５１２－１", "url": "https://www.kaigokensaku.mhlw.go.jp/40/index.php?action_kouhyou_detail_004_kani=true&JigyosyoCd=4010419507-00&ServiceCd=160&Type=search", "url2": "http://www.shikataiin.com" }, "geometry": { "type": "Point", "coordinates": [ 130.503633199999967, 33.647392 ] } },
{ "type": "Feature", "properties": { "内容": "ひまわりデイケアセンター【通所リハビリテーション】福岡県糟屋郡粕屋町長者原東一丁目１０番３号", "url": "https://www.kaigokensaku.mhlw.go.jp/40/index.php?action_kouhyou_detail_004_kani=true&JigyosyoCd=4074400237-00&ServiceCd=160&Type=search", "url2": null }, "geometry": { "type": "Point", "coordinates": [ 130.4778119, 33.6142283 ] } },
{ "type": "Feature", "properties": { "内容": "医療法人　芳生会　整形外科形成外科　よしだクリニック【通所リハビリテーション】福岡県糟屋郡粕屋町仲原2539-4", "url": "https://www.kaigokensaku.mhlw.go.jp/40/index.php?action_kouhyou_detail_004_kani=true&JigyosyoCd=4010412999-00&ServiceCd=160&Type=search", "url2": "http://www.yoshida-cli.jp/" }, "geometry": { "type": "Point", "coordinates": [ 130.455592071827681, 33.609933154982997 ] } },
{ "type": "Feature", "properties": { "内容": "さくらクリニック【通所リハビリテーション】福岡県糟屋郡粕屋町長者原２－６－１", "url": "https://www.kaigokensaku.mhlw.go.jp/40/index.php?action_kouhyou_detail_004_kani=true&JigyosyoCd=4010419960-00&ServiceCd=160&Type=search", "url2": null }, "geometry": { "type": "Point", "coordinates": [ 130.470229199999949, 33.6181472 ] } },
{ "type": "Feature", "properties": { "内容": "千鳥橋病院附属粕屋診療所【通所リハビリテーション】福岡県糟屋郡粕屋町大字仲原2531-1", "url": "https://www.kaigokensaku.mhlw.go.jp/40/index.php?action_kouhyou_detail_004_kani=true&JigyosyoCd=4074400385-00&ServiceCd=160&Type=search", "url2": "http://www.iryodan-net.jp/kasuya.html" }, "geometry": { "type": "Point", "coordinates": [ 130.457088900000031, 33.6105699 ] } },
{ "type": "Feature", "properties": { "内容": "青洲の里通所リハビリ【通所リハビリテーション】福岡県糟屋郡粕屋町長者原西3-13-1青洲の里1F", "url": "https://www.kaigokensaku.mhlw.go.jp/40/index.php?action_kouhyou_detail_004_kani=true&JigyosyoCd=4050480138-00&ServiceCd=160&Type=search", "url2": "http://www.seisyukai-st.jp/" }, "geometry": { "type": "Point", "coordinates": [ 130.463683011778272, 33.618351767701235 ] } },
{ "type": "Feature", "properties": { "内容": "福岡青洲会病院　通所リハビリセンター【通所リハビリテーション】福岡県糟屋郡粕屋町大字長者原西4-11-8総合健康センター4階", "url": "https://www.kaigokensaku.mhlw.go.jp/40/index.php?action_kouhyou_detail_004_kani=true&JigyosyoCd=4010419697-00&ServiceCd=160&Type=search", "url2": "https://f.seisyukai.jp/kaigo_service/tsusyo_riha/" }, "geometry": { "type": "Point", "coordinates": [ 130.461862724467494, 33.619681822294737 ] } },
{ "type": "Feature", "properties": { "内容": "芦屋中央病院　通所リハビリテーション【通所リハビリテーション】福岡県遠賀郡芦屋町大字山鹿283番地7", "url": "https://www.kaigokensaku.mhlw.go.jp/40/index.php?action_kouhyou_detail_004_kani=true&JigyosyoCd=4016111504-00&ServiceCd=160&Type=search", "url2": "www.ashiya-central-hospital.jp/" }, "geometry": { "type": "Point", "coordinates": [ 130.678102756736052, 33.903473928839617 ] } },
{ "type": "Feature", "properties": { "内容": "介護老人保健施設リカバリーセンターひびき【通所リハビリテーション】福岡県遠賀郡芦屋町大字芦屋1145-3", "url": "https://www.kaigokensaku.mhlw.go.jp/40/index.php?action_kouhyou_detail_004_kani=true&JigyosyoCd=4056180096-00&ServiceCd=160&Type=search", "url2": "http://www.hibiki.or.jp" }, "geometry": { "type": "Point", "coordinates": [ 130.649861200000032, 33.8713257 ] } },
{ "type": "Feature", "properties": { "内容": "水巻共立病院　通所リハビリテーション【通所リハビリテーション】遠賀郡水巻町吉田西４－２－１", "url": "https://www.kaigokensaku.mhlw.go.jp/40/index.php?action_kouhyou_detail_004_kani=true&JigyosyoCd=4016119176-00&ServiceCd=160&Type=search", "url2": "http://www.care-net.biz/40/seishukai/" }, "geometry": { "type": "Point", "coordinates": [ 130.7036627, 33.844138 ] } },
{ "type": "Feature", "properties": { "内容": "介護老人保健施設　友和松快園【通所リハビリテーション】遠賀郡水巻町吉田南2丁目1190番1", "url": "https://www.kaigokensaku.mhlw.go.jp/40/index.php?action_kouhyou_detail_004_kani=true&JigyosyoCd=4056180104-00&ServiceCd=160&Type=search", "url2": "http://www.shokaien.com/" }, "geometry": { "type": "Point", "coordinates": [ 130.709284600000046, 33.8373223 ] } },
{ "type": "Feature", "properties": { "内容": "吉田中央クリニック【通所リハビリテーション】福岡県遠賀郡水巻町吉田南２丁目９番１号", "url": "https://www.kaigokensaku.mhlw.go.jp/40/index.php?action_kouhyou_detail_004_kani=true&JigyosyoCd=4016111314-00&ServiceCd=160&Type=search", "url2": "http://www.shokaien.com" }, "geometry": { "type": "Point", "coordinates": [ 130.709909599999946, 33.8366196 ] } },
{ "type": "Feature", "properties": { "内容": "遠賀中間医師会おかがき病院【通所リハビリテーション】福岡県遠賀郡岡垣町大字手野145番地", "url": "https://www.kaigokensaku.mhlw.go.jp/40/index.php?action_kouhyou_detail_004_kani=true&JigyosyoCd=4016111298-00&ServiceCd=160&Type=search", "url2": "http://www.onmah.jp" }, "geometry": { "type": "Point", "coordinates": [ 130.588905599999947, 33.8738525 ] } },
{ "type": "Feature", "properties": { "内容": "高倉苑【通所リハビリテーション】福岡県遠賀郡岡垣町公園通り１－７－１", "url": "https://www.kaigokensaku.mhlw.go.jp/40/index.php?action_kouhyou_detail_004_kani=true&JigyosyoCd=4056180088-00&ServiceCd=160&Type=search", "url2": "http://www.takakuraen.com" }, "geometry": { "type": "Point", "coordinates": [ 130.611132, 33.8488887 ] } },
{ "type": "Feature", "properties": { "内容": "医療法人松寿会松永整形外科医院【通所リハビリテーション】福岡県遠賀郡岡垣町中央台３丁目１番１５号", "url": "https://www.kaigokensaku.mhlw.go.jp/40/index.php?action_kouhyou_detail_004_kani=true&JigyosyoCd=4016119192-00&ServiceCd=160&Type=search", "url2": null }, "geometry": { "type": "Point", "coordinates": [ 130.624705899999981, 33.8452226 ] } },
{ "type": "Feature", "properties": { "内容": "通所リハビリテーション　更生会にじの郷【通所リハビリテーション】福岡県遠賀郡岡垣町中央台3丁目22番1号", "url": "https://www.kaigokensaku.mhlw.go.jp/40/index.php?action_kouhyou_detail_004_kani=true&JigyosyoCd=4056180112-00&ServiceCd=160&Type=search", "url2": "https://nihonsyouisya.jp/" }, "geometry": { "type": "Point", "coordinates": [ 130.622447882061806, 33.847918846374981 ] } },
{ "type": "Feature", "properties": { "内容": "介護老人保健施設　すずらん【通所リハビリテーション】福岡県遠賀郡遠賀町大字木守１１８９番地", "url": "https://www.kaigokensaku.mhlw.go.jp/40/index.php?action_kouhyou_detail_004_kani=true&JigyosyoCd=4056180127-00&ServiceCd=160&Type=search", "url2": null }, "geometry": { "type": "Point", "coordinates": [ 130.667600476607618, 33.836207196732495 ] } },
{ "type": "Feature", "properties": { "内容": "浅木病院通所リハビリテーション【通所リハビリテーション】福岡県遠賀郡遠賀町浅木二丁目30番1号", "url": "https://www.kaigokensaku.mhlw.go.jp/40/index.php?action_kouhyou_detail_004_kani=true&JigyosyoCd=4075200149-00&ServiceCd=160&Type=search", "url2": "http://www.asagi-hospital.or.jp/" }, "geometry": { "type": "Point", "coordinates": [ 130.666921900000034, 33.82642 ] } },
{ "type": "Feature", "properties": { "内容": "介護老人保健施設きんもくせい【通所リハビリテーション】福岡県鞍手郡小竹町大字勝野４２０４－１５１", "url": "https://www.kaigokensaku.mhlw.go.jp/40/index.php?action_kouhyou_detail_004_kani=true&JigyosyoCd=4055180089-00&ServiceCd=160&Type=search", "url2": "f-shinwakai.or.jp/" }, "geometry": { "type": "Point", "coordinates": [ 130.699499599999967, 33.6854391 ] } },
{ "type": "Feature", "properties": { "内容": "鞍寿クリニック【通所リハビリテーション】福岡県鞍手郡鞍手町中山2425-8", "url": "https://www.kaigokensaku.mhlw.go.jp/40/index.php?action_kouhyou_detail_004_kani=true&JigyosyoCd=4015119383-00&ServiceCd=160&Type=search", "url2": "http://kurate-hp.com/anjucl" }, "geometry": { "type": "Point", "coordinates": [ 130.687610400000011, 33.7852502 ] } },
{ "type": "Feature", "properties": { "内容": "医療法人木原医院【通所リハビリテーション】福岡県鞍手郡鞍手町大字中山3660番地1", "url": "https://www.kaigokensaku.mhlw.go.jp/40/index.php?action_kouhyou_detail_004_kani=true&JigyosyoCd=4015119250-00&ServiceCd=160&Type=search", "url2": "kiharafk@hotmail.com" }, "geometry": { "type": "Point", "coordinates": [ 130.674371800000017, 33.7910185 ] } },
{ "type": "Feature", "properties": { "内容": "地方独立行政法人くらて病院　介護老人保健施設　鞍寿の里【通所リハビリテーション】福岡県鞍手郡鞍手町大字中山2425-8地方独立行政法人くらて病院　介護老人保健施設　鞍寿の里", "url": "https://www.kaigokensaku.mhlw.go.jp/40/index.php?action_kouhyou_detail_004_kani=true&JigyosyoCd=4055180113-00&ServiceCd=160&Type=search", "url2": "http://kurate-hp.com/anju_no_sato/index.html" }, "geometry": { "type": "Point", "coordinates": [ 130.6876737, 33.7852529 ] } },
{ "type": "Feature", "properties": { "内容": "介護老人保健施設さくら園【通所リハビリテーション】福岡県嘉穂郡桂川町大字土居８７７番地", "url": "https://www.kaigokensaku.mhlw.go.jp/40/index.php?action_kouhyou_detail_004_kani=true&JigyosyoCd=4055280111-00&ServiceCd=160&Type=search", "url2": "https://sakuraen5550.jp/" }, "geometry": { "type": "Point", "coordinates": [ 130.673231699999974, 33.5889405 ] } },
{ "type": "Feature", "properties": { "内容": "嘉穂信和病院デイケアセンター【通所リハビリテーション】福岡県嘉穂郡桂川町大字土師28番地", "url": "https://www.kaigokensaku.mhlw.go.jp/40/index.php?action_kouhyou_detail_004_kani=true&JigyosyoCd=4015219357-00&ServiceCd=160&Type=search", "url2": "http://www.kaho-shinwa.jp" }, "geometry": { "type": "Point", "coordinates": [ 130.701135523783677, 33.580319221278003 ] } },
{ "type": "Feature", "properties": { "内容": "太刀洗病院【通所リハビリテーション】福岡県朝倉郡筑前町山隈842番地の1", "url": "https://www.kaigokensaku.mhlw.go.jp/40/index.php?action_kouhyou_detail_004_kani=true&JigyosyoCd=4013119021-00&ServiceCd=160&Type=search", "url2": "http://www.kouikai.jp/" }, "geometry": { "type": "Point", "coordinates": [ 130.617732299999943, 33.424964 ] } },
{ "type": "Feature", "properties": { "内容": "介護老人保健施設　城山荘【通所リハビリテーション】福岡県朝倉郡筑前町大久保５０１番地", "url": "https://www.kaigokensaku.mhlw.go.jp/40/index.php?action_kouhyou_detail_004_kani=true&JigyosyoCd=4053180073-00&ServiceCd=160&Type=search", "url2": "https://uraume.jp/" }, "geometry": { "type": "Point", "coordinates": [ 130.613027099999954, 33.4322463 ] } },
{ "type": "Feature", "properties": { "内容": "介護老人保健施設　サンビレッヂ朝日ヶ丘　通所リハビリテーション【通所リハビリテーション】福岡県朝倉郡筑前町朝日568番地", "url": "https://www.kaigokensaku.mhlw.go.jp/40/index.php?action_kouhyou_detail_004_kani=true&JigyosyoCd=4053180081-00&ServiceCd=160&Type=search", "url2": "http://www.chourouen.or.jp/" }, "geometry": { "type": "Point", "coordinates": [ 130.569993299999965, 33.4748222 ] } },
{ "type": "Feature", "properties": { "内容": "医療法人　しのくま整形外科クリニック【通所リハビリテーション】福岡県朝倉郡筑前町篠隈141-1", "url": "https://www.kaigokensaku.mhlw.go.jp/40/index.php?action_kouhyou_detail_004_kani=true&JigyosyoCd=4013119161-00&ServiceCd=160&Type=search", "url2": "http://www.shinokuma-seikei.com" }, "geometry": { "type": "Point", "coordinates": [ 130.6016803, 33.4541659 ] } },
{ "type": "Feature", "properties": { "内容": "みずま通所リハビリテーションセンター【通所リハビリテーション】福岡県三潴郡大木町大字八町牟田1621番地1", "url": "https://www.kaigokensaku.mhlw.go.jp/40/index.php?action_kouhyou_detail_004_kani=true&JigyosyoCd=4077900068-00&ServiceCd=160&Type=search", "url2": "http://mizuma.kouhoukai.or.jp/" }, "geometry": { "type": "Point", "coordinates": [ 130.420942599999989, 33.21082340000001 ] } },
{ "type": "Feature", "properties": { "内容": "通所リハビリテーション　舞風台【通所リハビリテーション】福岡県八女郡広川町大字水原1498番地", "url": "https://www.kaigokensaku.mhlw.go.jp/40/index.php?action_kouhyou_detail_004_kani=true&JigyosyoCd=4053580082-00&ServiceCd=160&Type=search", "url2": "https://www.yh-bufudai.jp/" }, "geometry": { "type": "Point", "coordinates": [ 130.589796299999989, 33.242734 ] } },
{ "type": "Feature", "properties": { "内容": "姫野病院通所リハビリテーションセンター【通所リハビリテーション】福岡県八女郡広川町大字新代2316番地", "url": "https://www.kaigokensaku.mhlw.go.jp/40/index.php?action_kouhyou_detail_004_kani=true&JigyosyoCd=4013519089-00&ServiceCd=160&Type=search", "url2": null }, "geometry": { "type": "Point", "coordinates": [ 130.553032799999983, 33.2365845 ] } },
{ "type": "Feature", "properties": { "内容": "馬場病院通所リハビリテーション【通所リハビリテーション】福岡県八女郡広川町大字新代1389－409", "url": "https://www.kaigokensaku.mhlw.go.jp/40/index.php?action_kouhyou_detail_004_kani=true&JigyosyoCd=4078400191-00&ServiceCd=160&Type=search", "url2": "http://www.baba-hsp.jp" }, "geometry": { "type": "Point", "coordinates": [ 130.538755300000048, 33.2582373 ] } },
{ "type": "Feature", "properties": { "内容": "佐柳医院指定通所リハビリテーション【通所リハビリテーション】福岡県田川郡香春町大字中津原507の3", "url": "https://www.kaigokensaku.mhlw.go.jp/40/index.php?action_kouhyou_detail_004_kani=true&JigyosyoCd=4079200053-00&ServiceCd=160&Type=search", "url2": null }, "geometry": { "type": "Point", "coordinates": [ 130.843649699999986, 33.6603643 ] } },
{ "type": "Feature", "properties": { "内容": "サングリーンそえだ　通所リハビリテーション【通所リハビリテーション】福岡県田川郡添田町大字庄1134-1", "url": "https://www.kaigokensaku.mhlw.go.jp/40/index.php?action_kouhyou_detail_004_kani=true&JigyosyoCd=4055380051-00&ServiceCd=160&Type=search", "url2": "http://www.tenjyu-kai.com/" }, "geometry": { "type": "Point", "coordinates": [ 130.853325541353769, 33.578158598303702 ] } },
{ "type": "Feature", "properties": { "内容": "介護老人保健施設レイクヴィラたぎり【通所リハビリテーション】福岡県田川郡糸田町字木実浦870-3介護老人保健施設レイクヴィラたぎり", "url": "https://www.kaigokensaku.mhlw.go.jp/40/index.php?action_kouhyou_detail_004_kani=true&JigyosyoCd=4059580011-00&ServiceCd=160&Type=search", "url2": "http://www.lakevillatagiri.sakura.ne.jp/" }, "geometry": { "type": "Point", "coordinates": [ 130.766820051173397, 33.648886343616283 ] } },
{ "type": "Feature", "properties": { "内容": "恵の里　通所リハビリテーション【通所リハビリテーション】福岡県田川郡川崎町川崎3204番地１", "url": "https://www.kaigokensaku.mhlw.go.jp/40/index.php?action_kouhyou_detail_004_kani=true&JigyosyoCd=4055380077-00&ServiceCd=160&Type=search", "url2": "meguminosato4044@yahoo.co.jp" }, "geometry": { "type": "Point", "coordinates": [ 130.825752700000066, 33.5964625 ] } },
{ "type": "Feature", "properties": { "内容": "松本病院デイケアセンター【通所リハビリテーション】福岡県田川郡川崎町大字川崎１６９５番地の３", "url": "https://www.kaigokensaku.mhlw.go.jp/40/index.php?action_kouhyou_detail_004_kani=true&JigyosyoCd=4079600666-00&ServiceCd=160&Type=search", "url2": "http://www.matsumoto-hospital.or.jp" }, "geometry": { "type": "Point", "coordinates": [ 130.815447899999981, 33.59739 ] } },
{ "type": "Feature", "properties": { "内容": "医療法人　赤池協同医院【通所リハビリテーション】福岡県田川郡福智町赤池５２１番地１８号", "url": "https://www.kaigokensaku.mhlw.go.jp/40/index.php?action_kouhyou_detail_004_kani=true&JigyosyoCd=4015319330-00&ServiceCd=160&Type=search", "url2": "https://akaikekyodo-hp.com/" }, "geometry": { "type": "Point", "coordinates": [ 130.763897600000064, 33.6950509 ] } },
{ "type": "Feature", "properties": { "内容": "医療法人壽仁会方城中央クリニック【通所リハビリテーション】福岡県田川郡福智町伊方4451-2", "url": "https://www.kaigokensaku.mhlw.go.jp/40/index.php?action_kouhyou_detail_004_kani=true&JigyosyoCd=4015319413-00&ServiceCd=160&Type=search", "url2": null }, "geometry": { "type": "Point", "coordinates": [ 130.794895079762256, 33.687931049386762 ] } },
{ "type": "Feature", "properties": { "内容": "介護老人保健施設　笑寿の森【通所リハビリテーション】福岡県田川郡福智町赤池510番地131", "url": "https://www.kaigokensaku.mhlw.go.jp/40/index.php?action_kouhyou_detail_004_kani=true&JigyosyoCd=4055380085-00&ServiceCd=160&Type=search", "url2": "http://www.kyuwakai.or.jp" }, "geometry": { "type": "Point", "coordinates": [ 130.760642400000052, 33.6955396 ] } },
{ "type": "Feature", "properties": { "内容": "介護老人保健施設　慈恵苑　通所リハビリテーション【通所リハビリテーション】福岡県田川郡福智町弁城３５５７番地", "url": "https://www.kaigokensaku.mhlw.go.jp/40/index.php?action_kouhyou_detail_004_kani=true&JigyosyoCd=4055380028-00&ServiceCd=160&Type=search", "url2": "http://keiwakai-group.or.jp/jikeien/" }, "geometry": { "type": "Point", "coordinates": [ 130.786100300000044, 33.6927659 ] } },
{ "type": "Feature", "properties": { "内容": "健和会京町病院【通所リハビリテーション】福岡県京都郡苅田町京町２－２１－１", "url": "https://www.kaigokensaku.mhlw.go.jp/40/index.php?action_kouhyou_detail_004_kani=true&JigyosyoCd=4017319031-00&ServiceCd=160&Type=search", "url2": "http://www.kenwakai.gr.jp" }, "geometry": { "type": "Point", "coordinates": [ 130.982046200000013, 33.7784346 ] } },
{ "type": "Feature", "properties": { "内容": "博愛苑通所リハビリテーション【通所リハビリテーション】福岡県京都郡苅田町大字提字唐松２７８１番地", "url": "https://www.kaigokensaku.mhlw.go.jp/40/index.php?action_kouhyou_detail_004_kani=true&JigyosyoCd=4057380091-00&ServiceCd=160&Type=search", "url2": "http://www.hakuaikai-group.jp/hakuaien/" }, "geometry": { "type": "Point", "coordinates": [ 130.9805103, 33.7759209 ] } },
{ "type": "Feature", "properties": { "内容": "御所病院　通所リハビリテーション【通所リハビリテーション】福岡県京都郡苅田町大字新津1400", "url": "https://www.kaigokensaku.mhlw.go.jp/40/index.php?action_kouhyou_detail_004_kani=true&JigyosyoCd=4017319189-00&ServiceCd=160&Type=search", "url2": "http://ｗｗｗ.youmeikai.jp" }, "geometry": { "type": "Point", "coordinates": [ 130.971409347993472, 33.752827636719331 ] } },
{ "type": "Feature", "properties": { "内容": "アデリーヌみやこ【通所リハビリテーション】福岡県京都郡みやこ町豊津２１２８", "url": "https://www.kaigokensaku.mhlw.go.jp/40/index.php?action_kouhyou_detail_004_kani=true&JigyosyoCd=4057380083-00&ServiceCd=160&Type=search", "url2": "http://www5ocn.ne.jp/^a-miyako" }, "geometry": { "type": "Point", "coordinates": [ 130.973583700000063, 33.6638187 ] } },
{ "type": "Feature", "properties": { "内容": "デイケアセンターけやきの森【通所リハビリテーション】福岡県築上郡吉富町大字広津６１１－７", "url": "https://www.kaigokensaku.mhlw.go.jp/40/index.php?action_kouhyou_detail_004_kani=true&JigyosyoCd=4070000957-00&ServiceCd=160&Type=search", "url2": "http://www.higashi-hosp.net" }, "geometry": { "type": "Point", "coordinates": [ 131.173220300000025, 33.6021596 ] } },
{ "type": "Feature", "properties": { "内容": "医療法人　宮崎リハビリテーション医院【通所リハビリテーション】福岡県築上郡築上町大字東八田845-1", "url": "https://www.kaigokensaku.mhlw.go.jp/40/index.php?action_kouhyou_detail_004_kani=true&JigyosyoCd=4017219124-00&ServiceCd=160&Type=search", "url2": null }, "geometry": { "type": "Point", "coordinates": [ 131.044168, 33.6705989 ] } },
{ "type": "Feature", "properties": { "内容": "介護老人保健施設　青海山荘【通所リハビリテーション】福岡県築上郡築上町大字湊1277-3", "url": "https://www.kaigokensaku.mhlw.go.jp/40/index.php?action_kouhyou_detail_004_kani=true&JigyosyoCd=4057280077-00&ServiceCd=160&Type=search", "url2": "http://mamorukai.biz/" }, "geometry": { "type": "Point", "coordinates": [ 131.07316979999996, 33.6507774 ] } },
{ "type": "Feature", "properties": { "内容": "社会福祉法人　清心福祉会　介護老人保健施設　ピア・ハート【通所リハビリテーション】福岡県築上郡築上町大字安武８４４－２", "url": "https://www.kaigokensaku.mhlw.go.jp/40/index.php?action_kouhyou_detail_004_kani=true&JigyosyoCd=4057280093-00&ServiceCd=160&Type=search", "url2": null }, "geometry": { "type": "Point", "coordinates": [ 131.0047922, 33.657942 ] } }
]
}
