{
"type": "FeatureCollection",
"name": "geo_40_訪問看護",
"crs": { "type": "name", "properties": { "name": "urn:ogc:def:crs:OGC:1.3:CRS84" } },
"features": [
{ "type": "Feature", "properties": { "内容": "訪問看護ステーション　F-abdec【訪問看護】福岡県北九州市門司区二タ松町1-27オーシャンビル201号室", "url": "https://www.kaigokensaku.mhlw.go.jp/40/index.php?action_kouhyou_detail_004_kani=true&JigyosyoCd=4067690133-00&ServiceCd=130&Type=search", "url2": "http://reha-mahalo.com/" }, "geometry": { "type": "Point", "coordinates": [ 130.944425384655773, 33.929511609923502 ] } },
{ "type": "Feature", "properties": { "内容": "みろく訪問看護ステーション【訪問看護】福岡県北九州市門司区吉志4丁目19－35ファミール宮ノ前102号", "url": "https://www.kaigokensaku.mhlw.go.jp/40/index.php?action_kouhyou_detail_004_kani=true&JigyosyoCd=4067690059-00&ServiceCd=130&Type=search", "url2": "https://www.miroku-fukushi-service.com" }, "geometry": { "type": "Point", "coordinates": [ 130.967055984733634, 33.867056386239021 ] } },
{ "type": "Feature", "properties": { "内容": "訪問看護ステーション　デューン門司【訪問看護】福岡県北九州市門司区西海岸1-4-7門司港センタービル602号", "url": "https://www.kaigokensaku.mhlw.go.jp/40/index.php?action_kouhyou_detail_004_kani=true&JigyosyoCd=4067690091-00&ServiceCd=130&Type=search", "url2": null }, "geometry": { "type": "Point", "coordinates": [ 130.9610946, 33.945581 ] } },
{ "type": "Feature", "properties": { "内容": "訪問看護ステ－ション門司【訪問看護】北九州市門司区鳴竹1丁目14-17", "url": "https://www.kaigokensaku.mhlw.go.jp/40/index.php?action_kouhyou_detail_004_kani=true&JigyosyoCd=4060190016-00&ServiceCd=130&Type=search", "url2": "http://ｗｗｗ.yojuen.com/kangomoji/about/index.htmi" }, "geometry": { "type": "Point", "coordinates": [ 130.987288379341038, 33.953369223337724 ] } },
{ "type": "Feature", "properties": { "内容": "訪問看護　ケアステーション笑顔【訪問看護】北九州市門司区東本町1丁目2-3ラフォンテ門司", "url": "https://www.kaigokensaku.mhlw.go.jp/40/index.php?action_kouhyou_detail_004_kani=true&JigyosyoCd=4067690042-00&ServiceCd=130&Type=search", "url2": null }, "geometry": { "type": "Point", "coordinates": [ 130.966895499999964, 33.9477988 ] } },
{ "type": "Feature", "properties": { "内容": "SJR別院訪問看護ステーション【訪問看護】福岡県北九州市門司区柳原町11-30", "url": "https://www.kaigokensaku.mhlw.go.jp/40/index.php?action_kouhyou_detail_004_kani=true&JigyosyoCd=4067690109-00&ServiceCd=130&Type=search", "url2": "https://www.sjr-jr.co.jp/betsuin/visit/" }, "geometry": { "type": "Point", "coordinates": [ 130.932995436907333, 33.895646779706169 ] } },
{ "type": "Feature", "properties": { "内容": "訪問看護ステーションはな門司【訪問看護】福岡県北九州市門司区大里戸ノ上2丁目5-18", "url": "https://www.kaigokensaku.mhlw.go.jp/40/index.php?action_kouhyou_detail_004_kani=true&JigyosyoCd=4067690158-00&ServiceCd=130&Type=search", "url2": "https://www.hana-moji.com/" }, "geometry": { "type": "Point", "coordinates": [ 130.9373015, 33.9050249 ] } },
{ "type": "Feature", "properties": { "内容": "訪問看護ステーションあす花【訪問看護】福岡県北九州市門司区吉志一丁目2-7メゾン・ド・ルミエール502", "url": "https://www.kaigokensaku.mhlw.go.jp/40/index.php?action_kouhyou_detail_004_kani=true&JigyosyoCd=4067690182-00&ServiceCd=130&Type=search", "url2": null }, "geometry": { "type": "Point", "coordinates": [ 130.9732234, 33.871085 ] } },
{ "type": "Feature", "properties": { "内容": "訪問看護ステーション　えきさい門司【訪問看護】福岡県北九州市門司区清滝１丁目3-1", "url": "https://www.kaigokensaku.mhlw.go.jp/40/index.php?action_kouhyou_detail_004_kani=true&JigyosyoCd=4067690190-00&ServiceCd=130&Type=search", "url2": null }, "geometry": { "type": "Point", "coordinates": [ 130.961259001852426, 33.942466917296713 ] } },
{ "type": "Feature", "properties": { "内容": "訪問看護ステーションお結び【訪問看護】福岡県北九州市門司区中二十町6番16号　シーガルコーポ1階", "url": "https://www.kaigokensaku.mhlw.go.jp/40/index.php?action_kouhyou_detail_004_kani=true&JigyosyoCd=4067690208-00&ServiceCd=130&Type=search", "url2": "www.prologue-luciaz.com" }, "geometry": { "type": "Point", "coordinates": [ 130.9411347, 33.9083168 ] } },
{ "type": "Feature", "properties": { "内容": "門司区医師会訪問看護ステーション「やすらぎ」【訪問看護】福岡県北九州市門司区小森江三丁目12番11号", "url": "https://www.kaigokensaku.mhlw.go.jp/40/index.php?action_kouhyou_detail_004_kani=true&JigyosyoCd=4067690000-00&ServiceCd=130&Type=search", "url2": "http://www.moji-med.or.jp/02_doc4.html" }, "geometry": { "type": "Point", "coordinates": [ 130.939145899999971, 33.9148963 ] } },
{ "type": "Feature", "properties": { "内容": "訪問看護ステーションすみれ【訪問看護】福岡県北九州市門司区風師4丁目12-31", "url": "https://www.kaigokensaku.mhlw.go.jp/40/index.php?action_kouhyou_detail_004_kani=true&JigyosyoCd=4067690125-00&ServiceCd=130&Type=search", "url2": "hanabusakai.jp" }, "geometry": { "type": "Point", "coordinates": [ 130.9453719, 33.9298474 ] } },
{ "type": "Feature", "properties": { "内容": "ひまわりハウス訪問看護ステーション【訪問看護】葛葉3丁目8-6", "url": "https://www.kaigokensaku.mhlw.go.jp/40/index.php?action_kouhyou_detail_004_kani=true&JigyosyoCd=4067690224-00&ServiceCd=130&Type=search", "url2": null }, "geometry": { "type": "Point", "coordinates": [ 130.9436197, 33.9273857 ] } },
{ "type": "Feature", "properties": { "内容": "アンブレラ訪問看護ステーション【訪問看護】黒川西2丁目8－5", "url": "https://www.kaigokensaku.mhlw.go.jp/40/index.php?action_kouhyou_detail_004_kani=true&JigyosyoCd=4067690232-00&ServiceCd=130&Type=search", "url2": null }, "geometry": { "type": "Point", "coordinates": [ 130.9826802, 33.919456 ] } },
{ "type": "Feature", "properties": { "内容": "ほうもんかんごすてーしょん　もじっこ【訪問看護】東門司2丁目2－8", "url": "https://www.kaigokensaku.mhlw.go.jp/40/index.php?action_kouhyou_detail_004_kani=true&JigyosyoCd=4067690141-00&ServiceCd=130&Type=search", "url2": null }, "geometry": { "type": "Point", "coordinates": [ 130.972368828836068, 33.948061849583553 ] } },
{ "type": "Feature", "properties": { "内容": "訪問看護ステーションわかまつ【訪問看護】福岡県北九州市若松区花野路1－3－1ナーシングホームわかまつ", "url": "https://www.kaigokensaku.mhlw.go.jp/40/index.php?action_kouhyou_detail_004_kani=true&JigyosyoCd=4066590102-00&ServiceCd=130&Type=search", "url2": "https://www.iwasaki-group.co.jp/" }, "geometry": { "type": "Point", "coordinates": [ 130.681705063615482, 33.906870036492485 ] } },
{ "type": "Feature", "properties": { "内容": "訪問看護ステーションHIBISU若戸【訪問看護】福岡県北九州市若松区浜町一丁目4-11", "url": "https://www.kaigokensaku.mhlw.go.jp/40/index.php?action_kouhyou_detail_004_kani=true&JigyosyoCd=4066590151-00&ServiceCd=130&Type=search", "url2": null }, "geometry": { "type": "Point", "coordinates": [ 130.8144179, 33.9042482 ] } },
{ "type": "Feature", "properties": { "内容": "訪問看護ステーション四つ葉【訪問看護】福岡県北九州市若松区東二島5丁目2番19号フレンテ二島１０３", "url": "https://www.kaigokensaku.mhlw.go.jp/40/index.php?action_kouhyou_detail_004_kani=true&JigyosyoCd=4066590078-00&ServiceCd=130&Type=search", "url2": "http://envrac5103.s1008.xrea.com/yotsuba.com/" }, "geometry": { "type": "Point", "coordinates": [ 130.749610231378426, 33.889606780736251 ] } },
{ "type": "Feature", "properties": { "内容": "訪問看護ステーション彩生【訪問看護】福岡県北九州市若松区上原町8-1", "url": "https://www.kaigokensaku.mhlw.go.jp/40/index.php?action_kouhyou_detail_004_kani=true&JigyosyoCd=4066590128-00&ServiceCd=130&Type=search", "url2": null }, "geometry": { "type": "Point", "coordinates": [ 130.792524500000013, 33.9140791 ] } },
{ "type": "Feature", "properties": { "内容": "訪問看護ステーションだから安心【訪問看護】東小石町６－３６", "url": "https://www.kaigokensaku.mhlw.go.jp/40/index.php?action_kouhyou_detail_004_kani=true&JigyosyoCd=4066590052-00&ServiceCd=130&Type=search", "url2": null }, "geometry": { "type": "Point", "coordinates": [ 130.794824899999981, 33.9183096 ] } },
{ "type": "Feature", "properties": { "内容": "訪問看護ステーション　リアライズ【訪問看護】福岡県北九州市若松区白山１丁目７番８号", "url": "https://www.kaigokensaku.mhlw.go.jp/40/index.php?action_kouhyou_detail_004_kani=true&JigyosyoCd=4066590177-00&ServiceCd=130&Type=search", "url2": "https://realize8778.com" }, "geometry": { "type": "Point", "coordinates": [ 130.8040139, 33.9030708 ] } },
{ "type": "Feature", "properties": { "内容": "若松区医師会訪問看護ステーション【訪問看護】北九州市若松区藤ノ木二丁目1番29号", "url": "https://www.kaigokensaku.mhlw.go.jp/40/index.php?action_kouhyou_detail_004_kani=true&JigyosyoCd=4066590011-00&ServiceCd=130&Type=search", "url2": "http://www.mmjp.or.jp/wakamatsu-med/bekkan/houkan.htm" }, "geometry": { "type": "Point", "coordinates": [ 130.782137499999976, 33.8927039 ] } },
{ "type": "Feature", "properties": { "内容": "医療法人　寿芳会　訪問看護ステーション【訪問看護】福岡県北九州市若松区本町2丁目14-7", "url": "https://www.kaigokensaku.mhlw.go.jp/40/index.php?action_kouhyou_detail_004_kani=true&JigyosyoCd=4066590060-00&ServiceCd=130&Type=search", "url2": "http:/www.yoshino-hp.com" }, "geometry": { "type": "Point", "coordinates": [ 130.809738858474674, 33.902142706087488 ] } },
{ "type": "Feature", "properties": { "内容": "産業医科大学若松病院訪問看護ステーション【訪問看護】浜町1丁目17-1", "url": "https://www.kaigokensaku.mhlw.go.jp/40/index.php?action_kouhyou_detail_004_kani=true&JigyosyoCd=4066590086-00&ServiceCd=130&Type=search", "url2": "https://www.uoeh-u.ac.jp/wakamatsu/hospital_intro/homonkango.html" }, "geometry": { "type": "Point", "coordinates": [ 130.8119067, 33.9076003 ] } },
{ "type": "Feature", "properties": { "内容": "訪問看護・リハビリステーション　在宅看護センター北九州【訪問看護】福岡県北九州市若松区小敷ひびきの三丁目４－１３－１０２クレイントータス", "url": "https://www.kaigokensaku.mhlw.go.jp/40/index.php?action_kouhyou_detail_004_kani=true&JigyosyoCd=4066590094-00&ServiceCd=130&Type=search", "url2": "https://nurse‐kitakyu.com/" }, "geometry": { "type": "Point", "coordinates": [ 130.703958100000023, 33.8887716 ] } },
{ "type": "Feature", "properties": { "内容": "訪問看護ステーションリアリゼ【訪問看護】福岡県北九州市若松区塩谷３丁目７－５", "url": "https://www.kaigokensaku.mhlw.go.jp/40/index.php?action_kouhyou_detail_004_kani=true&JigyosyoCd=4066590110-00&ServiceCd=130&Type=search", "url2": "https://www.riarize.jp/nursing-riarize/" }, "geometry": { "type": "Point", "coordinates": [ 139.981731599999989, 36.6171774 ] } },
{ "type": "Feature", "properties": { "内容": "住田病院老人訪問看護ステーション【訪問看護】福岡県北九州市若松区大字蜑住1435番地", "url": "https://www.kaigokensaku.mhlw.go.jp/40/index.php?action_kouhyou_detail_004_kani=true&JigyosyoCd=4066590003-00&ServiceCd=130&Type=search", "url2": null }, "geometry": { "type": "Point", "coordinates": [ 130.709675299999986, 33.902112600000045 ] } },
{ "type": "Feature", "properties": { "内容": "訪問看護ステーションCoplé【訪問看護】中川町3-11エスポワール中川302号", "url": "https://www.kaigokensaku.mhlw.go.jp/40/index.php?action_kouhyou_detail_004_kani=true&JigyosyoCd=4066590169-00&ServiceCd=130&Type=search", "url2": "https://connect-place.co.jp/" }, "geometry": { "type": "Point", "coordinates": [ 137.0213828, 36.7437557 ] } },
{ "type": "Feature", "properties": { "内容": "若戸病院訪問看護ステーション　ひびきの【訪問看護】福岡県北九州市若松区小敷ひびきの１丁目１０番１号若戸病院内", "url": "https://www.kaigokensaku.mhlw.go.jp/40/index.php?action_kouhyou_detail_004_kani=true&JigyosyoCd=4066590193-00&ServiceCd=130&Type=search", "url2": "https://www.wakato.or.jp/" }, "geometry": { "type": "Point", "coordinates": [ 130.705079520237774, 33.898317083982946 ] } },
{ "type": "Feature", "properties": { "内容": "訪問看護ステーション　ナースケア北九州【訪問看護】福岡県北九州市戸畑区境川２丁目１４－３１", "url": "https://www.kaigokensaku.mhlw.go.jp/40/index.php?action_kouhyou_detail_004_kani=true&JigyosyoCd=4066490105-00&ServiceCd=130&Type=search", "url2": "http://fukuoka-zaitaku.com/nurse_care/" }, "geometry": { "type": "Point", "coordinates": [ 130.844833599999987, 33.8936437 ] } },
{ "type": "Feature", "properties": { "内容": "訪問看護　IRODORI+care【訪問看護】福岡県北九州市戸畑区新池1-10-16ロイヤルプラザ206号室", "url": "https://www.kaigokensaku.mhlw.go.jp/40/index.php?action_kouhyou_detail_004_kani=true&JigyosyoCd=4066490154-00&ServiceCd=130&Type=search", "url2": "http://way9ii.com" }, "geometry": { "type": "Point", "coordinates": [ 130.826169099999987, 33.8967781 ] } },
{ "type": "Feature", "properties": { "内容": "訪問看護ステーション　はな　戸畑【訪問看護】福岡県北九州市戸畑区幸町11-17-2階", "url": "https://www.kaigokensaku.mhlw.go.jp/40/index.php?action_kouhyou_detail_004_kani=true&JigyosyoCd=4066490188-00&ServiceCd=130&Type=search", "url2": null }, "geometry": { "type": "Point", "coordinates": [ 130.8268388, 33.8995893 ] } },
{ "type": "Feature", "properties": { "内容": "健和会老人訪問看護ステーション・コスモス【訪問看護】北九州市戸畑区新池2丁目2番4号　重松ビル201", "url": "https://www.kaigokensaku.mhlw.go.jp/40/index.php?action_kouhyou_detail_004_kani=true&JigyosyoCd=4066490006-00&ServiceCd=130&Type=search", "url2": "http://www.kenwakai.gr.jp/grp/houmonkango.html" }, "geometry": { "type": "Point", "coordinates": [ 130.829186063090475, 33.8962015449329 ] } },
{ "type": "Feature", "properties": { "内容": "北九州市戸畑区医師会訪問看護ステーション【訪問看護】福岡県北九州市戸畑区正津町2-4", "url": "https://www.kaigokensaku.mhlw.go.jp/40/index.php?action_kouhyou_detail_004_kani=true&JigyosyoCd=4066490022-00&ServiceCd=130&Type=search", "url2": "http://tobata.net/visit/" }, "geometry": { "type": "Point", "coordinates": [ 130.8310207509262, 33.891333920543595 ] } },
{ "type": "Feature", "properties": { "内容": "社会医療人共愛会あやめ訪問看護ステーション【訪問看護】北九州市戸畑区明治町10番18号明治町クリニック４階", "url": "https://www.kaigokensaku.mhlw.go.jp/40/index.php?action_kouhyou_detail_004_kani=true&JigyosyoCd=4066490030-00&ServiceCd=130&Type=search", "url2": "http/www.kyoaikai.com/" }, "geometry": { "type": "Point", "coordinates": [ 130.823536399999966, 33.899282 ] } },
{ "type": "Feature", "properties": { "内容": "とばた訪問看護ステーション【訪問看護】福岡県北九州市戸畑区牧山２‐8‐１", "url": "https://www.kaigokensaku.mhlw.go.jp/40/index.php?action_kouhyou_detail_004_kani=true&JigyosyoCd=4066490089-00&ServiceCd=130&Type=search", "url2": "https://www.lotustobata.com" }, "geometry": { "type": "Point", "coordinates": [ 130.816983599999986, 33.8916694 ] } },
{ "type": "Feature", "properties": { "内容": "心の花訪問看護ステーション【訪問看護】福岡県北九州市戸畑区中原東三丁目7番15号", "url": "https://www.kaigokensaku.mhlw.go.jp/40/index.php?action_kouhyou_detail_004_kani=true&JigyosyoCd=4066490097-00&ServiceCd=130&Type=search", "url2": "https://konohana-kango.com" }, "geometry": { "type": "Point", "coordinates": [ 130.8491976, 33.8960129 ] } },
{ "type": "Feature", "properties": { "内容": "あおぞら訪問看護ステーション【訪問看護】福岡県北九州市戸畑区元宮町１番６", "url": "https://www.kaigokensaku.mhlw.go.jp/40/index.php?action_kouhyou_detail_004_kani=true&JigyosyoCd=4066490113-00&ServiceCd=130&Type=search", "url2": "https://sites.google.com/view/ziletomo0202" }, "geometry": { "type": "Point", "coordinates": [ 130.8243157, 33.8992164 ] } },
{ "type": "Feature", "properties": { "内容": "訪問看護リハビリステーション歩【訪問看護】福岡県北九州市戸畑区浅生三丁目2-20-201", "url": "https://www.kaigokensaku.mhlw.go.jp/40/index.php?action_kouhyou_detail_004_kani=true&JigyosyoCd=4066490147-00&ServiceCd=130&Type=search", "url2": "https://www.day-activehome.com/" }, "geometry": { "type": "Point", "coordinates": [ 130.826524299999988, 33.8925612 ] } },
{ "type": "Feature", "properties": { "内容": "医療法人藤誠会後藤クリニック【訪問看護】福岡県北九州市戸畑区千防1丁目1－20－101", "url": "https://www.kaigokensaku.mhlw.go.jp/40/index.php?action_kouhyou_detail_004_kani=true&JigyosyoCd=4016419329-00&ServiceCd=130&Type=search", "url2": "toseikai-goto.com" }, "geometry": { "type": "Point", "coordinates": [ 130.8301116, 33.8924336 ] } },
{ "type": "Feature", "properties": { "内容": "訪問看護ステーション　おひさまはぁと【訪問看護】北九州市戸畑区中原西三丁目３番２６号", "url": "https://www.kaigokensaku.mhlw.go.jp/40/index.php?action_kouhyou_detail_004_kani=true&JigyosyoCd=4066490071-00&ServiceCd=130&Type=search", "url2": null }, "geometry": { "type": "Point", "coordinates": [ 130.843466299999989, 33.8954927 ] } },
{ "type": "Feature", "properties": { "内容": "訪問看護ステーション　ハートケア・いこい【訪問看護】北九州市戸畑区観音寺町8番11号", "url": "https://www.kaigokensaku.mhlw.go.jp/40/index.php?action_kouhyou_detail_004_kani=true&JigyosyoCd=4066490055-00&ServiceCd=130&Type=search", "url2": "http://ikoi.shichihuku.com/" }, "geometry": { "type": "Point", "coordinates": [ 130.831138834393272, 33.883435796558928 ] } },
{ "type": "Feature", "properties": { "内容": "訪問看護ステーションひだまりテラス【訪問看護】北九州市小倉北区東篠崎三丁目2番28号", "url": "https://www.kaigokensaku.mhlw.go.jp/40/index.php?action_kouhyou_detail_004_kani=true&JigyosyoCd=4067790776-00&ServiceCd=130&Type=search", "url2": "http://www.senrikai.or.jp" }, "geometry": { "type": "Point", "coordinates": [ 130.871991799999932, 33.8678359 ] } },
{ "type": "Feature", "properties": { "内容": "株式会社ソウレン【訪問看護】福岡県北九州市小倉北区大畠一丁目３－１２", "url": "https://www.kaigokensaku.mhlw.go.jp/40/index.php?action_kouhyou_detail_004_kani=true&JigyosyoCd=4067790651-00&ServiceCd=130&Type=search", "url2": null }, "geometry": { "type": "Point", "coordinates": [ 130.896628599999985, 33.8736883 ] } },
{ "type": "Feature", "properties": { "内容": "ＳＳＩ訪問看護ステーション【訪問看護】福岡県北九州市小倉北区黒住町４番１４号", "url": "https://www.kaigokensaku.mhlw.go.jp/40/index.php?action_kouhyou_detail_004_kani=true&JigyosyoCd=4067790412-00&ServiceCd=130&Type=search", "url2": null }, "geometry": { "type": "Point", "coordinates": [ 130.895241543577669, 33.862677281683311 ] } },
{ "type": "Feature", "properties": { "内容": "訪問看護ステーション　つむぎ【訪問看護】北九州市小倉北区下富野二丁目10番31号", "url": "https://www.kaigokensaku.mhlw.go.jp/40/index.php?action_kouhyou_detail_004_kani=true&JigyosyoCd=4067790511-00&ServiceCd=130&Type=search", "url2": "http://kaneko-clinic-2011.jp/homecare/houmonkango.html" }, "geometry": { "type": "Point", "coordinates": [ 130.898579175393706, 33.881538512013279 ] } },
{ "type": "Feature", "properties": { "内容": "訪問看護ステーションこくら【訪問看護】下到津3丁目5番8号", "url": "https://www.kaigokensaku.mhlw.go.jp/40/index.php?action_kouhyou_detail_004_kani=true&JigyosyoCd=4067790883-00&ServiceCd=130&Type=search", "url2": null }, "geometry": { "type": "Point", "coordinates": [ 130.854531900000012, 33.8781037 ] } },
{ "type": "Feature", "properties": { "内容": "訪問看護ステーション　いこい【訪問看護】紺屋町６番２５－２０２", "url": "https://www.kaigokensaku.mhlw.go.jp/40/index.php?action_kouhyou_detail_004_kani=true&JigyosyoCd=4067790941-00&ServiceCd=130&Type=search", "url2": null }, "geometry": { "type": "Point", "coordinates": [ 130.882172, 33.880647 ] } },
{ "type": "Feature", "properties": { "内容": "訪問看護ステーションナースケア北九州【訪問看護】井堀四丁目8番17号ロイヤルアネックス306", "url": "https://www.kaigokensaku.mhlw.go.jp/40/index.php?action_kouhyou_detail_004_kani=true&JigyosyoCd=4067790925-00&ServiceCd=130&Type=search", "url2": null }, "geometry": { "type": "Point", "coordinates": [ 130.8429644, 33.8811759 ] } },
{ "type": "Feature", "properties": { "内容": "訪問看護ステーション　ライフスタイル【訪問看護】三萩野2丁目1-24メグミビル105号", "url": "https://www.kaigokensaku.mhlw.go.jp/40/index.php?action_kouhyou_detail_004_kani=true&JigyosyoCd=4067790727-00&ServiceCd=130&Type=search", "url2": null }, "geometry": { "type": "Point", "coordinates": [ 130.88378886744178, 33.871143834315724 ] } },
{ "type": "Feature", "properties": { "内容": "訪問看護ステーション　みらい【訪問看護】江南町３－１内山第２７ビル９０２号室", "url": "https://www.kaigokensaku.mhlw.go.jp/40/index.php?action_kouhyou_detail_004_kani=true&JigyosyoCd=4067791097-00&ServiceCd=130&Type=search", "url2": "http://www9.plala.or.jp/taramoyan/miraihome/itemlist.html" }, "geometry": { "type": "Point", "coordinates": [ 130.88129072698365, 33.875933046210875 ] } },
{ "type": "Feature", "properties": { "内容": "医療法人清陵会　　訪問看護ステーション　こころとくらしのケアセンター【訪問看護】北九州市小倉北区今町3丁目13番1号", "url": "https://www.kaigokensaku.mhlw.go.jp/40/index.php?action_kouhyou_detail_004_kani=true&JigyosyoCd=4067790503-00&ServiceCd=130&Type=search", "url2": null }, "geometry": { "type": "Point", "coordinates": [ 130.870914399999947, 33.8551069 ] } },
{ "type": "Feature", "properties": { "内容": "訪問看護ステーション　えみゅ【訪問看護】福岡県北九州市小倉北区三郎丸1－7－5　2F", "url": "https://www.kaigokensaku.mhlw.go.jp/40/index.php?action_kouhyou_detail_004_kani=true&JigyosyoCd=4067790958-00&ServiceCd=130&Type=search", "url2": "https://home-n-5go5.com" }, "geometry": { "type": "Point", "coordinates": [ 130.8896666, 33.8656876 ] } },
{ "type": "Feature", "properties": { "内容": "訪問看護ステーションおはなコネクション【訪問看護】室町３丁目２－２７グローカルビル６０２号", "url": "https://www.kaigokensaku.mhlw.go.jp/40/index.php?action_kouhyou_detail_004_kani=true&JigyosyoCd=4067791287-00&ServiceCd=130&Type=search", "url2": null }, "geometry": { "type": "Point", "coordinates": [ 130.8753213, 33.8877452 ] } },
{ "type": "Feature", "properties": { "内容": "訪問看護ステーションair【訪問看護】片野1-1-48リビオン片野601", "url": "https://www.kaigokensaku.mhlw.go.jp/40/index.php?action_kouhyou_detail_004_kani=true&JigyosyoCd=4067791295-00&ServiceCd=130&Type=search", "url2": null }, "geometry": { "type": "Point", "coordinates": [ 130.88263, 33.86516 ] } },
{ "type": "Feature", "properties": { "内容": "訪問看護ステーションサポートハウス小倉【訪問看護】福岡県北九州市小倉北区宇佐町1-5-11", "url": "https://www.kaigokensaku.mhlw.go.jp/40/index.php?action_kouhyou_detail_004_kani=true&JigyosyoCd=4067790875-00&ServiceCd=130&Type=search", "url2": "https://www.supporthouse-kokura.com/houmon.php" }, "geometry": { "type": "Point", "coordinates": [ 130.8902709, 33.8763229 ] } },
{ "type": "Feature", "properties": { "内容": "かなえ訪問看護ステーション【訪問看護】福岡県北九州市小倉北区中井口3番44号", "url": "https://www.kaigokensaku.mhlw.go.jp/40/index.php?action_kouhyou_detail_004_kani=true&JigyosyoCd=4067790974-00&ServiceCd=130&Type=search", "url2": null }, "geometry": { "type": "Point", "coordinates": [ 130.8528538, 33.8954656 ] } },
{ "type": "Feature", "properties": { "内容": "ことぶき訪問看護ステーション【訪問看護】福岡県北九州市小倉北区古船場町７－８コンプレート古船場２０９", "url": "https://www.kaigokensaku.mhlw.go.jp/40/index.php?action_kouhyou_detail_004_kani=true&JigyosyoCd=4067791006-00&ServiceCd=130&Type=search", "url2": "https://destiny-kitakyushu.com/nurse.html" }, "geometry": { "type": "Point", "coordinates": [ 130.8835062, 33.8793482 ] } },
{ "type": "Feature", "properties": { "内容": "訪問看護ステーション奏葉【訪問看護】福岡県北九州市小倉北区霧ヶ丘3丁目3番4号サンラプロ霧ヶ丘　A棟", "url": "https://www.kaigokensaku.mhlw.go.jp/40/index.php?action_kouhyou_detail_004_kani=true&JigyosyoCd=4067791337-00&ServiceCd=130&Type=search", "url2": null }, "geometry": { "type": "Point", "coordinates": [ 130.8964565, 33.8539765 ] } },
{ "type": "Feature", "properties": { "内容": "訪問看護ステーション　コスモ【訪問看護】福岡県北九州市小倉北区東篠崎2丁目6-3", "url": "https://www.kaigokensaku.mhlw.go.jp/40/index.php?action_kouhyou_detail_004_kani=true&JigyosyoCd=4067790545-00&ServiceCd=130&Type=search", "url2": null }, "geometry": { "type": "Point", "coordinates": [ 130.874859094619751, 33.8637238 ] } },
{ "type": "Feature", "properties": { "内容": "訪問看護ステーション　いわさき【訪問看護】福岡県北九州市小倉北区篠崎2丁目48-10", "url": "https://www.kaigokensaku.mhlw.go.jp/40/index.php?action_kouhyou_detail_004_kani=true&JigyosyoCd=4067790461-00&ServiceCd=130&Type=search", "url2": null }, "geometry": { "type": "Point", "coordinates": [ 130.871755098225435, 33.861814281636804 ] } },
{ "type": "Feature", "properties": { "内容": "あったか看護　株式会社【訪問看護】福岡県北九州市小倉北区吉野町３番１０号", "url": "https://www.kaigokensaku.mhlw.go.jp/40/index.php?action_kouhyou_detail_004_kani=true&JigyosyoCd=4067790594-00&ServiceCd=130&Type=search", "url2": "http://attakakango.jimdo.com/" }, "geometry": { "type": "Point", "coordinates": [ 130.876524600000039, 33.8744463 ] } },
{ "type": "Feature", "properties": { "内容": "北九州福祉サービス株式会社【訪問看護】北九州市小倉北区馬借1丁目3-21きたふくビル5F", "url": "https://www.kaigokensaku.mhlw.go.jp/40/index.php?action_kouhyou_detail_004_kani=true&JigyosyoCd=4067790784-00&ServiceCd=130&Type=search", "url2": "http://www.kitafuku.co.jp" }, "geometry": { "type": "Point", "coordinates": [ 130.877541, 33.8817123 ] } },
{ "type": "Feature", "properties": { "内容": "ソフィアメディ訪問看護ステーション小倉【訪問看護】福岡県北九州市小倉北区片野4-23-15サージュ片野201号201号", "url": "https://www.kaigokensaku.mhlw.go.jp/40/index.php?action_kouhyou_detail_004_kani=true&JigyosyoCd=4067791071-00&ServiceCd=130&Type=search", "url2": null }, "geometry": { "type": "Point", "coordinates": [ 130.882104199999986, 33.8610307 ] } },
{ "type": "Feature", "properties": { "内容": "訪問看護ステーション　FamBear【訪問看護】福岡県北九州市小倉北区砂津3丁目4-4ウィングス砂津802号", "url": "https://www.kaigokensaku.mhlw.go.jp/40/index.php?action_kouhyou_detail_004_kani=true&JigyosyoCd=4067791436-00&ServiceCd=130&Type=search", "url2": "http://fambear.jp" }, "geometry": { "type": "Point", "coordinates": [ 130.8907551, 33.883585 ] } },
{ "type": "Feature", "properties": { "内容": "医療法人MGRひいらぎこころクリニック小倉院【訪問看護】福岡県北九州市小倉北区浅野一丁目1-1アミュプラザ小倉東館4階", "url": "https://www.kaigokensaku.mhlw.go.jp/40/index.php?action_kouhyou_detail_004_kani=true&JigyosyoCd=4017912405-00&ServiceCd=130&Type=search", "url2": "https://hiiragikokoro.com/" }, "geometry": { "type": "Point", "coordinates": [ 130.8816205, 33.8872711 ] } },
{ "type": "Feature", "properties": { "内容": "訪問看護よりそう【訪問看護】北九州市小倉北区片野新町2丁目8-2101号", "url": "https://www.kaigokensaku.mhlw.go.jp/40/index.php?action_kouhyou_detail_004_kani=true&JigyosyoCd=4067791394-00&ServiceCd=130&Type=search", "url2": null }, "geometry": { "type": "Point", "coordinates": [ 130.886033599999962, 33.8611104 ] } },
{ "type": "Feature", "properties": { "内容": "南小倉訪問看護ステーション【訪問看護】福岡県北九州市小倉北区篠崎１丁目５番１号", "url": "https://www.kaigokensaku.mhlw.go.jp/40/index.php?action_kouhyou_detail_004_kani=true&JigyosyoCd=4067790016-00&ServiceCd=130&Type=search", "url2": "http://www.kyouwakai.net" }, "geometry": { "type": "Point", "coordinates": [ 130.869078, 33.8681414 ] } },
{ "type": "Feature", "properties": { "内容": "みどり訪問看護ステーション【訪問看護】福岡県北九州市小倉北区貴船町3番6号", "url": "https://www.kaigokensaku.mhlw.go.jp/40/index.php?action_kouhyou_detail_004_kani=true&JigyosyoCd=4067790057-00&ServiceCd=130&Type=search", "url2": "http://www.tensuikai.or.jp/shiencenter/kango.html" }, "geometry": { "type": "Point", "coordinates": [ 130.871331110639204, 33.870985094659751 ] } },
{ "type": "Feature", "properties": { "内容": "株式会社フジケア訪問看護ステーション【訪問看護】福岡県北九州市小倉北区高峰町３番３号", "url": "https://www.kaigokensaku.mhlw.go.jp/40/index.php?action_kouhyou_detail_004_kani=true&JigyosyoCd=4067790313-00&ServiceCd=130&Type=search", "url2": null }, "geometry": { "type": "Point", "coordinates": [ 130.855487751537908, 33.889603566776806 ] } },
{ "type": "Feature", "properties": { "内容": "アップルハート訪問看護ステーション小倉【訪問看護】福岡県北九州市小倉北区片野2-2-16村田ビル２階", "url": "https://www.kaigokensaku.mhlw.go.jp/40/index.php?action_kouhyou_detail_004_kani=true&JigyosyoCd=4067790370-00&ServiceCd=130&Type=search", "url2": "http:/www.aso-kaigo.jp" }, "geometry": { "type": "Point", "coordinates": [ 130.883597411621537, 33.868643706447763 ] } },
{ "type": "Feature", "properties": { "内容": "訪問看護ステーションはんずあい【訪問看護】福岡県北九州市小倉北区上富野５丁目１番１０号", "url": "https://www.kaigokensaku.mhlw.go.jp/40/index.php?action_kouhyou_detail_004_kani=true&JigyosyoCd=4067790636-00&ServiceCd=130&Type=search", "url2": null }, "geometry": { "type": "Point", "coordinates": [ 130.903473752114905, 33.882578758708057 ] } },
{ "type": "Feature", "properties": { "内容": "アイアス訪問看護ステーション【訪問看護】福岡県北九州市小倉北区浅野2丁目3-1スズキビル浅野202", "url": "https://www.kaigokensaku.mhlw.go.jp/40/index.php?action_kouhyou_detail_004_kani=true&JigyosyoCd=4067790685-00&ServiceCd=130&Type=search", "url2": "http://www.aiasu.co.jp/" }, "geometry": { "type": "Point", "coordinates": [ 130.879023699999976, 33.8887929 ] } },
{ "type": "Feature", "properties": { "内容": "訪問看護ステーション三萩野【訪問看護】福岡県北九州市小倉北区白銀二丁目11-4", "url": "https://www.kaigokensaku.mhlw.go.jp/40/index.php?action_kouhyou_detail_004_kani=true&JigyosyoCd=4067790768-00&ServiceCd=130&Type=search", "url2": "http://n-sato.com/" }, "geometry": { "type": "Point", "coordinates": [ 130.877144199999975, 33.8680534 ] } },
{ "type": "Feature", "properties": { "内容": "アイビー訪問看護ステーション【訪問看護】高峰町17-10", "url": "https://www.kaigokensaku.mhlw.go.jp/40/index.php?action_kouhyou_detail_004_kani=true&JigyosyoCd=4067790800-00&ServiceCd=130&Type=search", "url2": "https://ivy-day.co.jp/" }, "geometry": { "type": "Point", "coordinates": [ 130.853822900000068, 33.88627810000002 ] } },
{ "type": "Feature", "properties": { "内容": "さわやか訪問看護ステーション北九州【訪問看護】福岡県北九州市小倉北区熊本2丁目10番10号206号室", "url": "https://www.kaigokensaku.mhlw.go.jp/40/index.php?action_kouhyou_detail_004_kani=true&JigyosyoCd=4067790834-00&ServiceCd=130&Type=search", "url2": "houkan2@sawayakaclub.jp" }, "geometry": { "type": "Point", "coordinates": [ 130.894496686475264, 33.87073470968015 ] } },
{ "type": "Feature", "properties": { "内容": "訪問看護2mugi～紬～【訪問看護】福岡県北九州市小倉北区三郎丸3丁目5-1-606号", "url": "https://www.kaigokensaku.mhlw.go.jp/40/index.php?action_kouhyou_detail_004_kani=true&JigyosyoCd=4067791014-00&ServiceCd=130&Type=search", "url2": null }, "geometry": { "type": "Point", "coordinates": [ 130.888853300000022, 33.8777593 ] } },
{ "type": "Feature", "properties": { "内容": "訪問看護ステーション　トップシップ【訪問看護】北九州市小倉北区三郎丸3-5-10SHIRAISHI.BLD１101", "url": "https://www.kaigokensaku.mhlw.go.jp/40/index.php?action_kouhyou_detail_004_kani=true&JigyosyoCd=4067791154-00&ServiceCd=130&Type=search", "url2": null }, "geometry": { "type": "Point", "coordinates": [ 130.889299365953377, 33.867834378644005 ] } },
{ "type": "Feature", "properties": { "内容": "訪問看護ステーション　はなはな【訪問看護】福岡県北九州市小倉北区高尾1丁目5-1", "url": "https://www.kaigokensaku.mhlw.go.jp/40/index.php?action_kouhyou_detail_004_kani=true&JigyosyoCd=4067791162-00&ServiceCd=130&Type=search", "url2": "https://preview.studio.site/live/v7qGR19MOL/page" }, "geometry": { "type": "Point", "coordinates": [ 130.860329499999978, 33.866478400000041 ] } },
{ "type": "Feature", "properties": { "内容": "あべりあ浅野訪問看護ステーション【訪問看護】浅野3丁目1番26号サービス付高齢者向け住宅あべりあ浅野", "url": "https://www.kaigokensaku.mhlw.go.jp/40/index.php?action_kouhyou_detail_004_kani=true&JigyosyoCd=4067791212-00&ServiceCd=130&Type=search", "url2": "https://soreiyugroup.or.jp" }, "geometry": { "type": "Point", "coordinates": [ 130.88200550000002, 33.8914315 ] } },
{ "type": "Feature", "properties": { "内容": "クラッチケア訪問看護ステーション三萩野【訪問看護】福岡県北九州市小倉北区吉野町10-193F", "url": "https://www.kaigokensaku.mhlw.go.jp/40/index.php?action_kouhyou_detail_004_kani=true&JigyosyoCd=4067791238-00&ServiceCd=130&Type=search", "url2": "https://www.clutchcare.fun/wp/" }, "geometry": { "type": "Point", "coordinates": [ 130.8768318, 33.8723918 ] } },
{ "type": "Feature", "properties": { "内容": "訪問看護イーミルケア【訪問看護】福岡県北九州市小倉北区東篠崎1丁目12-10第12エルザビル　301号", "url": "https://www.kaigokensaku.mhlw.go.jp/40/index.php?action_kouhyou_detail_004_kani=true&JigyosyoCd=4067791279-00&ServiceCd=130&Type=search", "url2": null }, "geometry": { "type": "Point", "coordinates": [ 130.8781651, 33.866303 ] } },
{ "type": "Feature", "properties": { "内容": "ｾﾝﾄｹｱ訪問看護ステーション北九州【訪問看護】福岡県北九州市上富野5-7-6", "url": "https://www.kaigokensaku.mhlw.go.jp/40/index.php?action_kouhyou_detail_004_kani=true&JigyosyoCd=4067790859-00&ServiceCd=130&Type=search", "url2": null }, "geometry": { "type": "Point", "coordinates": [ 130.904597400000057, 33.8842336 ] } },
{ "type": "Feature", "properties": { "内容": "公益財団法人健和会老人訪問看護ステーションのぞみ【訪問看護】北九州市小倉北区大手町14－22", "url": "https://www.kaigokensaku.mhlw.go.jp/40/index.php?action_kouhyou_detail_004_kani=true&JigyosyoCd=4067790123-00&ServiceCd=130&Type=search", "url2": "http://www.kenwakai.gr.jp/grp/houmonkango.html" }, "geometry": { "type": "Point", "coordinates": [ 130.8698028, 33.874774 ] } },
{ "type": "Feature", "properties": { "内容": "訪問看護ステーション　りあん【訪問看護】福岡県北九州市小倉北区片野三丁目1番22号Bergamotto黄金　1001号室", "url": "https://www.kaigokensaku.mhlw.go.jp/40/index.php?action_kouhyou_detail_004_kani=true&JigyosyoCd=4067790891-00&ServiceCd=130&Type=search", "url2": null }, "geometry": { "type": "Point", "coordinates": [ 130.880663949519914, 33.868980643239674 ] } },
{ "type": "Feature", "properties": { "内容": "恵友会訪問看護ステーション【訪問看護】北九州市小倉北区霧ヶ丘3丁目9番20号", "url": "https://www.kaigokensaku.mhlw.go.jp/40/index.php?action_kouhyou_detail_004_kani=true&JigyosyoCd=4067790073-00&ServiceCd=130&Type=search", "url2": "www.k-you/or/jp" }, "geometry": { "type": "Point", "coordinates": [ 130.896212600000013, 33.8525324 ] } },
{ "type": "Feature", "properties": { "内容": "大郷内科クリニック【訪問看護】福岡県北九州市小倉北区真鶴1-4-12大郷ビル１階", "url": "https://www.kaigokensaku.mhlw.go.jp/40/index.php?action_kouhyou_detail_004_kani=true&JigyosyoCd=4017910102-00&ServiceCd=130&Type=search", "url2": "https://www.ohgokai.or.jp/works/clinic/" }, "geometry": { "type": "Point", "coordinates": [ 130.8549965, 33.8735932 ] } },
{ "type": "Feature", "properties": { "内容": "訪問看護ステーション　デューン北九州【訪問看護】北九州市小倉北区馬借１丁目13-29村上ビル202号", "url": "https://www.kaigokensaku.mhlw.go.jp/40/index.php?action_kouhyou_detail_004_kani=true&JigyosyoCd=4067790446-00&ServiceCd=130&Type=search", "url2": "https://www.nfield.co.jp" }, "geometry": { "type": "Point", "coordinates": [ 130.8765986, 33.8795051 ] } },
{ "type": "Feature", "properties": { "内容": "訪問看護ステーション　むぎ【訪問看護】足立２丁目３－３７", "url": "https://www.kaigokensaku.mhlw.go.jp/40/index.php?action_kouhyou_detail_004_kani=true&JigyosyoCd=4066691074-00&ServiceCd=130&Type=search", "url2": null }, "geometry": { "type": "Point", "coordinates": [ 139.7992012, 35.7991045 ] } },
{ "type": "Feature", "properties": { "内容": "モナトリエ・訪問看護ステーション【訪問看護】福岡県北九州市小倉北区魚町4-3-8モナトリエ2F", "url": "https://www.kaigokensaku.mhlw.go.jp/40/index.php?action_kouhyou_detail_004_kani=true&JigyosyoCd=4067790719-00&ServiceCd=130&Type=search", "url2": "http://monatelier.jp/" }, "geometry": { "type": "Point", "coordinates": [ 130.8803614, 33.8813244 ] } },
{ "type": "Feature", "properties": { "内容": "セントバーナード北九州訪問看護ステーション【訪問看護】福岡県北九州市小倉北区馬借1-9-8CPタワー　２４０３号", "url": "https://www.kaigokensaku.mhlw.go.jp/40/index.php?action_kouhyou_detail_004_kani=true&JigyosyoCd=4067790990-00&ServiceCd=130&Type=search", "url2": "st-bernard-home-visit-nursing-station.jimdosite.com" }, "geometry": { "type": "Point", "coordinates": [ 130.87741546820348, 33.880449983004063 ] } },
{ "type": "Feature", "properties": { "内容": "訪問看護ステーションぴーす【訪問看護】福岡県北九州市小倉北区篠崎1-6-5第3吉宗ビル104号", "url": "https://www.kaigokensaku.mhlw.go.jp/40/index.php?action_kouhyou_detail_004_kani=true&JigyosyoCd=4067791022-00&ServiceCd=130&Type=search", "url2": "peace2021.com" }, "geometry": { "type": "Point", "coordinates": [ 130.8667017, 33.8655187 ] } },
{ "type": "Feature", "properties": { "内容": "ツクイ北九州訪問看護ステーション【訪問看護】福岡県北九州市小倉北区紺屋町12番4号大樹生命北九州小倉ビル1階", "url": "https://www.kaigokensaku.mhlw.go.jp/40/index.php?action_kouhyou_detail_004_kani=true&JigyosyoCd=4067791345-00&ServiceCd=130&Type=search", "url2": null }, "geometry": { "type": "Point", "coordinates": [ 130.8849304, 33.8807274 ] } },
{ "type": "Feature", "properties": { "内容": "あおぞらの里　小文字訪問看護ステーション【訪問看護】福岡県北九州市小倉北区大畠１丁目７－２０", "url": "https://www.kaigokensaku.mhlw.go.jp/40/index.php?action_kouhyou_detail_004_kani=true&JigyosyoCd=4067790172-00&ServiceCd=130&Type=search", "url2": "https://cedar-group.co.jp/" }, "geometry": { "type": "Point", "coordinates": [ 130.894653799999986, 33.8724689 ] } },
{ "type": "Feature", "properties": { "内容": "小倉南メディカルケア病院【訪問看護】福岡県北九州市小倉南区葛原東二丁目１４番２号", "url": "https://www.kaigokensaku.mhlw.go.jp/40/index.php?action_kouhyou_detail_004_kani=true&JigyosyoCd=4017719537-00&ServiceCd=130&Type=search", "url2": "http://www.jojinkai.com/kokura/" }, "geometry": { "type": "Point", "coordinates": [ 130.929425700000024, 33.840095 ] } },
{ "type": "Feature", "properties": { "内容": "アイアス訪問看護ステーション　小倉東【訪問看護】朽網東1丁目1-22103", "url": "https://www.kaigokensaku.mhlw.go.jp/40/index.php?action_kouhyou_detail_004_kani=true&JigyosyoCd=4067791048-00&ServiceCd=130&Type=search", "url2": "http://kokura-higashi.aiasu.co.jp/" }, "geometry": { "type": "Point", "coordinates": [ 130.9548475, 33.8068705 ] } },
{ "type": "Feature", "properties": { "内容": "訪問看護ステーション　たすかる【訪問看護】蒲生二丁目12-12エコ倶楽部蒲生Ⅱ　2号室", "url": "https://www.kaigokensaku.mhlw.go.jp/40/index.php?action_kouhyou_detail_004_kani=true&JigyosyoCd=4067790495-00&ServiceCd=130&Type=search", "url2": null }, "geometry": { "type": "Point", "coordinates": [ 130.868195835581901, 33.848481576109705 ] } },
{ "type": "Feature", "properties": { "内容": "医療法人　岩本内科医院【訪問看護】下石田1-2-8", "url": "https://www.kaigokensaku.mhlw.go.jp/40/index.php?action_kouhyou_detail_004_kani=true&JigyosyoCd=4017717440-00&ServiceCd=130&Type=search", "url2": "https://iwamoto-clinic.jp/" }, "geometry": { "type": "Point", "coordinates": [ 130.890627022090143, 33.839442786193082 ] } },
{ "type": "Feature", "properties": { "内容": "訪問看護ステーション　ブライトケア【訪問看護】福岡県北九州市小倉南区湯川新町二丁目３５ー２４", "url": "https://www.kaigokensaku.mhlw.go.jp/40/index.php?action_kouhyou_detail_004_kani=true&JigyosyoCd=4067791170-00&ServiceCd=130&Type=search", "url2": null }, "geometry": { "type": "Point", "coordinates": [ 130.8976678, 33.841394300000019 ] } },
{ "type": "Feature", "properties": { "内容": "訪問看護ステーションすなお【訪問看護】福岡県北九州市小倉南区沼緑町4丁目21－1", "url": "https://www.kaigokensaku.mhlw.go.jp/40/index.php?action_kouhyou_detail_004_kani=true&JigyosyoCd=4067790818-00&ServiceCd=130&Type=search", "url2": "http//www.toki-wa.jp/" }, "geometry": { "type": "Point", "coordinates": [ 130.9348837, 33.8505477 ] } },
{ "type": "Feature", "properties": { "内容": "サニー訪問看護ステーション　小倉【訪問看護】福岡県北九州市小倉南区湯川新町1丁目5番48号エスポワール堀101号", "url": "https://www.kaigokensaku.mhlw.go.jp/40/index.php?action_kouhyou_detail_004_kani=true&JigyosyoCd=4067791261-00&ServiceCd=130&Type=search", "url2": null }, "geometry": { "type": "Point", "coordinates": [ 130.896003900000011, 33.8480484 ] } },
{ "type": "Feature", "properties": { "内容": "穂門看護センター　サプライ【訪問看護】北九州市小倉南区沼本町1丁目4－5シャトレ沼本町Ⅱ302号", "url": "https://www.kaigokensaku.mhlw.go.jp/40/index.php?action_kouhyou_detail_004_kani=true&JigyosyoCd=4067790842-00&ServiceCd=130&Type=search", "url2": null }, "geometry": { "type": "Point", "coordinates": [ 130.9404839, 33.8464709 ] } },
{ "type": "Feature", "properties": { "内容": "訪問看護ステーション　キタキュウ【訪問看護】福岡県北九州市小倉南区湯川新町4丁目20-16", "url": "https://www.kaigokensaku.mhlw.go.jp/40/index.php?action_kouhyou_detail_004_kani=true&JigyosyoCd=4067790743-00&ServiceCd=130&Type=search", "url2": null }, "geometry": { "type": "Point", "coordinates": [ 130.905551107212887, 33.838587604211469 ] } },
{ "type": "Feature", "properties": { "内容": "チョッパー訪問看護ステーション小倉南【訪問看護】福岡県北九州市小倉南区葛原1丁目2-35エクセル安部山505", "url": "https://www.kaigokensaku.mhlw.go.jp/40/index.php?action_kouhyou_detail_004_kani=true&JigyosyoCd=4067791246-00&ServiceCd=130&Type=search", "url2": null }, "geometry": { "type": "Point", "coordinates": [ 130.907729100000012, 33.8437132 ] } },
{ "type": "Feature", "properties": { "内容": "合同会社　JOB　訪問看護ステーション　継【訪問看護】福岡県北九州市小倉南区八重洲町11‐27２F", "url": "https://www.kaigokensaku.mhlw.go.jp/40/index.php?action_kouhyou_detail_004_kani=true&JigyosyoCd=4067791204-00&ServiceCd=130&Type=search", "url2": "https://support.kaipoke.biz/faq/show/7175?site_domain=default" }, "geometry": { "type": "Point", "coordinates": [ 130.892417200000011, 33.8402081 ] } },
{ "type": "Feature", "properties": { "内容": "はるよし訪問看護ステーション【訪問看護】福岡県北九州市小倉南区南方3丁目1-9", "url": "https://www.kaigokensaku.mhlw.go.jp/40/index.php?action_kouhyou_detail_004_kani=true&JigyosyoCd=4067791089-00&ServiceCd=130&Type=search", "url2": null }, "geometry": { "type": "Point", "coordinates": [ 130.8628682, 33.8323783 ] } },
{ "type": "Feature", "properties": { "内容": "訪問看護ステーション「しあわせ」【訪問看護】北九州市小倉南区蒲生5丁目5番1号", "url": "https://www.kaigokensaku.mhlw.go.jp/40/index.php?action_kouhyou_detail_004_kani=true&JigyosyoCd=4067790115-00&ServiceCd=130&Type=search", "url2": "http://www.kokura-gamou.jp" }, "geometry": { "type": "Point", "coordinates": [ 130.859868399999982, 33.8379506 ] } },
{ "type": "Feature", "properties": { "内容": "マイナビ訪問看護ステーション小倉【訪問看護】福岡県北九州市小倉南区下城野1丁目９ー１８KM第5ビル1階", "url": "https://www.kaigokensaku.mhlw.go.jp/40/index.php?action_kouhyou_detail_004_kani=true&JigyosyoCd=4067790966-00&ServiceCd=130&Type=search", "url2": "https://mynavi-nursecare.jp/" }, "geometry": { "type": "Point", "coordinates": [ 130.8768318, 33.8553823 ] } },
{ "type": "Feature", "properties": { "内容": "訪問看護ステーションみちくさ【訪問看護】福岡県北九州市小倉南区重住二丁目４番２０号", "url": "https://www.kaigokensaku.mhlw.go.jp/40/index.php?action_kouhyou_detail_004_kani=true&JigyosyoCd=4067791253-00&ServiceCd=130&Type=search", "url2": null }, "geometry": { "type": "Point", "coordinates": [ 130.8896666, 33.8548577 ] } },
{ "type": "Feature", "properties": { "内容": "訪問看護ステーションtrue【訪問看護】徳力新町2-7-32フォンテーヌS101号", "url": "https://www.kaigokensaku.mhlw.go.jp/40/index.php?action_kouhyou_detail_004_kani=true&JigyosyoCd=4067791378-00&ServiceCd=130&Type=search", "url2": null }, "geometry": { "type": "Point", "coordinates": [ 130.865716600000013, 33.8353279 ] } },
{ "type": "Feature", "properties": { "内容": "セノーテ訪問看護北九州南部ステーション【訪問看護】福岡県北九州市小倉南区葛原元町3丁目3-24オフィスパレア小倉南Ⅲ-2", "url": "https://www.kaigokensaku.mhlw.go.jp/40/index.php?action_kouhyou_detail_004_kani=true&JigyosyoCd=4067791196-00&ServiceCd=130&Type=search", "url2": "https://www.bgmgroup.co.jp" }, "geometry": { "type": "Point", "coordinates": [ 130.9156428, 33.8379064 ] } },
{ "type": "Feature", "properties": { "内容": "訪問看護ステーションびり～ぶ【訪問看護】北九州市小倉南区志井4-12-1", "url": "https://www.kaigokensaku.mhlw.go.jp/40/index.php?action_kouhyou_detail_004_kani=true&JigyosyoCd=4067791352-00&ServiceCd=130&Type=search", "url2": "fstabeberelieve@gmail.com" }, "geometry": { "type": "Point", "coordinates": [ 130.8715588, 33.8201015 ] } },
{ "type": "Feature", "properties": { "内容": "訪問看護ステーションこもれび【訪問看護】福岡県北九州市小倉南区沼新町2-6-15", "url": "https://www.kaigokensaku.mhlw.go.jp/40/index.php?action_kouhyou_detail_004_kani=true&JigyosyoCd=4067790420-00&ServiceCd=130&Type=search", "url2": null }, "geometry": { "type": "Point", "coordinates": [ 130.945050081555081, 33.852894757377264 ] } },
{ "type": "Feature", "properties": { "内容": "訪問看護ステーションいこいの里若園【訪問看護】北九州市小倉南区若園3-11-1", "url": "https://www.kaigokensaku.mhlw.go.jp/40/index.php?action_kouhyou_detail_004_kani=true&JigyosyoCd=4067790388-00&ServiceCd=130&Type=search", "url2": "http://www.ukishiro.com/care/" }, "geometry": { "type": "Point", "coordinates": [ 130.890891099999976, 33.8481328 ] } },
{ "type": "Feature", "properties": { "内容": "訪問看護ステーション　たけてん【訪問看護】福岡県北九州市小倉南区田原新町2-5-5井上興産ビル202号", "url": "https://www.kaigokensaku.mhlw.go.jp/40/index.php?action_kouhyou_detail_004_kani=true&JigyosyoCd=4067791105-00&ServiceCd=130&Type=search", "url2": "http://www.bridge-taketen.co.jp" }, "geometry": { "type": "Point", "coordinates": [ 130.9300456, 33.829708100000019 ] } },
{ "type": "Feature", "properties": { "内容": "訪問看護ステーション　デューン小倉南【訪問看護】日の出町1丁目2-1ネッツ小倉南2階1-2号室", "url": "https://www.kaigokensaku.mhlw.go.jp/40/index.php?action_kouhyou_detail_004_kani=true&JigyosyoCd=4067790701-00&ServiceCd=130&Type=search", "url2": null }, "geometry": { "type": "Point", "coordinates": [ 141.62448950000001, 42.6500725 ] } },
{ "type": "Feature", "properties": { "内容": "（医）かん養生クリニック訪問看護【訪問看護】福岡県北九州市小倉南区湯川新町3-7-1", "url": "https://www.kaigokensaku.mhlw.go.jp/40/index.php?action_kouhyou_detail_004_kani=true&JigyosyoCd=4017810492-00&ServiceCd=130&Type=search", "url2": null }, "geometry": { "type": "Point", "coordinates": [ 130.90275840000001, 33.842001 ] } },
{ "type": "Feature", "properties": { "内容": "かぶしきがいしゃしばつかい　ほうもんかんごすてーしょんよつばこくら【訪問看護】福岡県北九州市小倉南区大字貫１８６６番地の2包囲門看護ステーションよつば小倉", "url": "https://www.kaigokensaku.mhlw.go.jp/40/index.php?action_kouhyou_detail_004_kani=true&JigyosyoCd=4067791402-00&ServiceCd=130&Type=search", "url2": "https://shibatsu-care.com/" }, "geometry": { "type": "Point", "coordinates": [ 130.9212, 33.8035755 ] } },
{ "type": "Feature", "properties": { "内容": "にこさく訪問看護ステーション【訪問看護】福岡県北九州市小倉南区志井６丁目２番７号", "url": "https://www.kaigokensaku.mhlw.go.jp/40/index.php?action_kouhyou_detail_004_kani=true&JigyosyoCd=4067791410-00&ServiceCd=130&Type=search", "url2": "http://nikosakuen.com/" }, "geometry": { "type": "Point", "coordinates": [ 130.875917, 33.8156783 ] } },
{ "type": "Feature", "properties": { "内容": "北九州市小倉医師会訪問看護ステーション【訪問看護】福岡県北九州市小倉南区春ケ丘10-14小倉医師会介護サービス総合センター", "url": "https://www.kaigokensaku.mhlw.go.jp/40/index.php?action_kouhyou_detail_004_kani=true&JigyosyoCd=4067790008-00&ServiceCd=130&Type=search", "url2": "http://www.kokura-med.or.jp" }, "geometry": { "type": "Point", "coordinates": [ 130.884404839294774, 33.848312853272922 ] } },
{ "type": "Feature", "properties": { "内容": "医療法人　慈恵会　訪問看護ステーションほほえみ【訪問看護】福岡県北九州市小倉南区沼本町4丁目2番19号", "url": "https://www.kaigokensaku.mhlw.go.jp/40/index.php?action_kouhyou_detail_004_kani=true&JigyosyoCd=4067790081-00&ServiceCd=130&Type=search", "url2": "http://www14.ocn.ne.jp/~jikeikai/index.html" }, "geometry": { "type": "Point", "coordinates": [ 130.944171180106764, 33.845999189072955 ] } },
{ "type": "Feature", "properties": { "内容": "北九州ヘルスケアサービス湯川訪問看護ステーション【訪問看護】福岡県北九州市小倉南区湯川5丁目9-17", "url": "https://www.kaigokensaku.mhlw.go.jp/40/index.php?action_kouhyou_detail_004_kani=true&JigyosyoCd=4067790248-00&ServiceCd=130&Type=search", "url2": "http://www.kitakyushu-hcs.co.jp" }, "geometry": { "type": "Point", "coordinates": [ 130.906333732540929, 33.844055390903485 ] } },
{ "type": "Feature", "properties": { "内容": "訪問看護ステーション　ふれあい家族【訪問看護】徳力団地２番２号３号室", "url": "https://www.kaigokensaku.mhlw.go.jp/40/index.php?action_kouhyou_detail_004_kani=true&JigyosyoCd=4067790537-00&ServiceCd=130&Type=search", "url2": "http://fureai-web.net" }, "geometry": { "type": "Point", "coordinates": [ 130.865554400000065, 33.8307515 ] } },
{ "type": "Feature", "properties": { "内容": "訪問看護リハビリステーションとうわ【訪問看護】福岡県北九州市小倉南区守恒本町1丁目3番1号", "url": "https://www.kaigokensaku.mhlw.go.jp/40/index.php?action_kouhyou_detail_004_kani=true&JigyosyoCd=4067790552-00&ServiceCd=130&Type=search", "url2": null }, "geometry": { "type": "Point", "coordinates": [ 130.872855689549226, 33.837280552094157 ] } },
{ "type": "Feature", "properties": { "内容": "はぁーと訪問看護リハビリステーション【訪問看護】下貫2-9-1サンカープタチバナ　105", "url": "https://www.kaigokensaku.mhlw.go.jp/40/index.php?action_kouhyou_detail_004_kani=true&JigyosyoCd=4067790560-00&ServiceCd=130&Type=search", "url2": null }, "geometry": { "type": "Point", "coordinates": [ 130.93551530000002, 33.8164768 ] } },
{ "type": "Feature", "properties": { "内容": "訪問看護ステーション　にじ色【訪問看護】北九州市小倉南区舞ヶ丘二丁目３番８号", "url": "https://www.kaigokensaku.mhlw.go.jp/40/index.php?action_kouhyou_detail_004_kani=true&JigyosyoCd=4067790586-00&ServiceCd=130&Type=search", "url2": null }, "geometry": { "type": "Point", "coordinates": [ 130.900740600000063, 33.8254219 ] } },
{ "type": "Feature", "properties": { "内容": "まごころ訪問看護ステーション【訪問看護】福岡県北九州市小倉南区上葛原2-22-25オフィスパレア小倉南ⅡＢ2", "url": "https://www.kaigokensaku.mhlw.go.jp/40/index.php?action_kouhyou_detail_004_kani=true&JigyosyoCd=4067790669-00&ServiceCd=130&Type=search", "url2": "http://magokoro.s1008.xrea.com" }, "geometry": { "type": "Point", "coordinates": [ 130.913941499999964, 33.8367515 ] } },
{ "type": "Feature", "properties": { "内容": "温心訪問看護ステーション【訪問看護】横代北町三丁目16-30-2", "url": "https://www.kaigokensaku.mhlw.go.jp/40/index.php?action_kouhyou_detail_004_kani=true&JigyosyoCd=4067791113-00&ServiceCd=130&Type=search", "url2": "https://www.cocoro-hk.com" }, "geometry": { "type": "Point", "coordinates": [ 130.8970699, 33.8331554 ] } },
{ "type": "Feature", "properties": { "内容": "訪問看護ステーション　ハグ【訪問看護】湯川4-20-5-101", "url": "https://www.kaigokensaku.mhlw.go.jp/40/index.php?action_kouhyou_detail_004_kani=true&JigyosyoCd=4067791147-00&ServiceCd=130&Type=search", "url2": "https://hug-houkan.com/" }, "geometry": { "type": "Point", "coordinates": [ 130.914518399999963, 33.847205800000033 ] } },
{ "type": "Feature", "properties": { "内容": "訪問看護ステーションEvery【訪問看護】福岡県北九州市小倉南区下城野2-6-22-103", "url": "https://www.kaigokensaku.mhlw.go.jp/40/index.php?action_kouhyou_detail_004_kani=true&JigyosyoCd=4067791329-00&ServiceCd=130&Type=search", "url2": null }, "geometry": { "type": "Point", "coordinates": [ 130.8788458, 33.8516166 ] } },
{ "type": "Feature", "properties": { "内容": "ゆうひ訪問看護ステーション【訪問看護】福岡県北九州市小倉南区若園3-2-45", "url": "https://www.kaigokensaku.mhlw.go.jp/40/index.php?action_kouhyou_detail_004_kani=true&JigyosyoCd=4067790867-00&ServiceCd=130&Type=search", "url2": "http://almenectyouhi.wixsite.com/youhi" }, "geometry": { "type": "Point", "coordinates": [ 130.888390050388182, 33.849139497645041 ] } },
{ "type": "Feature", "properties": { "内容": "ぽかぽか訪問看護ステーション【訪問看護】福岡県北九州市下石田３丁目７－１０", "url": "https://www.kaigokensaku.mhlw.go.jp/40/index.php?action_kouhyou_detail_004_kani=true&JigyosyoCd=4067791451-00&ServiceCd=130&Type=search", "url2": null }, "geometry": { "type": "Point", "coordinates": [ 130.8864078, 33.8360293 ] } },
{ "type": "Feature", "properties": { "内容": "訪問看護ステーション　スマイル【訪問看護】北九州市　小倉南区　津田1丁目9-50", "url": "https://www.kaigokensaku.mhlw.go.jp/40/index.php?action_kouhyou_detail_004_kani=true&JigyosyoCd=4067790198-00&ServiceCd=130&Type=search", "url2": null }, "geometry": { "type": "Point", "coordinates": [ 130.921408206082106, 33.828776106476248 ] } },
{ "type": "Feature", "properties": { "内容": "訪問看護ステーション　ハレレココ【訪問看護】福岡県北九州市小倉南区葛原一丁目２番３５号エクセル安部山602号", "url": "https://www.kaigokensaku.mhlw.go.jp/40/index.php?action_kouhyou_detail_004_kani=true&JigyosyoCd=4067791121-00&ServiceCd=130&Type=search", "url2": "https://hp.kaipoke.biz/ahu/" }, "geometry": { "type": "Point", "coordinates": [ 130.907729100000012, 33.8437132 ] } },
{ "type": "Feature", "properties": { "内容": "楽多多訪問看護ステーション【訪問看護】若園３丁目１５－４０若園ニューエコート　２０８", "url": "https://www.kaigokensaku.mhlw.go.jp/40/index.php?action_kouhyou_detail_004_kani=true&JigyosyoCd=4067791055-00&ServiceCd=130&Type=search", "url2": "https://r.goope.jp/lattatta" }, "geometry": { "type": "Point", "coordinates": [ 130.8875868, 33.8461864 ] } },
{ "type": "Feature", "properties": { "内容": "訪問看護ステーションきさく　小倉南【訪問看護】福岡県北九州市小倉南区下城野2丁目6番10号テクノプラザ城野C棟1号室", "url": "https://www.kaigokensaku.mhlw.go.jp/40/index.php?action_kouhyou_detail_004_kani=true&JigyosyoCd=4067791469-00&ServiceCd=130&Type=search", "url2": "https://medicallabo.jp/" }, "geometry": { "type": "Point", "coordinates": [ 130.87944109999998, 33.8521289 ] } },
{ "type": "Feature", "properties": { "内容": "訪問看護ステーションCoharu小倉【訪問看護】城野4丁目7-5ロイヤルマキシム101", "url": "https://www.kaigokensaku.mhlw.go.jp/40/index.php?action_kouhyou_detail_004_kani=true&JigyosyoCd=4067791444-00&ServiceCd=130&Type=search", "url2": "https://reve-coharu.co.jp/service/" }, "geometry": { "type": "Point", "coordinates": [ 130.8819613, 33.8525016 ] } },
{ "type": "Feature", "properties": { "内容": "訪問看護ステーション　めぐり【訪問看護】福岡県北九州市小倉南区若園2丁目17-28リビオン中村2号", "url": "https://www.kaigokensaku.mhlw.go.jp/40/index.php?action_kouhyou_detail_004_kani=true&JigyosyoCd=4067790750-00&ServiceCd=130&Type=search", "url2": null }, "geometry": { "type": "Point", "coordinates": [ 130.8895997, 33.8500301 ] } },
{ "type": "Feature", "properties": { "内容": "訪問看護みつば【訪問看護】福岡県北九州市小倉南区下南方一丁目3-11ヒューメリア22　701号", "url": "https://www.kaigokensaku.mhlw.go.jp/40/index.php?action_kouhyou_detail_004_kani=true&JigyosyoCd=4067791428-00&ServiceCd=130&Type=search", "url2": null }, "geometry": { "type": "Point", "coordinates": [ 130.8580239, 33.8351152 ] } },
{ "type": "Feature", "properties": { "内容": "訪問看護ステーションなのはな【訪問看護】朽網西一丁目１３番２２号", "url": "https://www.kaigokensaku.mhlw.go.jp/40/index.php?action_kouhyou_detail_004_kani=true&JigyosyoCd=4067791501-00&ServiceCd=130&Type=search", "url2": "https://stb-kitakyushu.com" }, "geometry": { "type": "Point", "coordinates": [ 130.9537914, 33.8092352 ] } },
{ "type": "Feature", "properties": { "内容": "訪問看護ステーション徳力【訪問看護】徳力5-10-8大教庁", "url": "https://www.kaigokensaku.mhlw.go.jp/40/index.php?action_kouhyou_detail_004_kani=true&JigyosyoCd=4067791535-00&ServiceCd=130&Type=search", "url2": null }, "geometry": { "type": "Point", "coordinates": [ 130.864680571163944, 33.825959063967169 ] } },
{ "type": "Feature", "properties": { "内容": "訪問看護デージー【訪問看護】福岡県北九州市小倉南区湯川5丁目5－7ル・ヴァンヴェールあべ山202", "url": "https://www.kaigokensaku.mhlw.go.jp/40/index.php?action_kouhyou_detail_004_kani=true&JigyosyoCd=4067791493-00&ServiceCd=130&Type=search", "url2": "https://www.watanabe-sangyo.com/daisy/company" }, "geometry": { "type": "Point", "coordinates": [ 130.903465555819707, 33.845460782100446 ] } },
{ "type": "Feature", "properties": { "内容": "訪問看護ステーションつむぐ【訪問看護】北九州市小倉南区沼緑町2丁目9-1", "url": "https://www.kaigokensaku.mhlw.go.jp/40/index.php?action_kouhyou_detail_004_kani=true&JigyosyoCd=4067791303-00&ServiceCd=130&Type=search", "url2": "https://www.kitaq-houwakai.com/" }, "geometry": { "type": "Point", "coordinates": [ 130.9283647, 33.8493668 ] } },
{ "type": "Feature", "properties": { "内容": "訪問看護ステーションLino【訪問看護】福岡県北九州市小倉南区中吉田1-20-21グラシューズ・エール403号", "url": "https://www.kaigokensaku.mhlw.go.jp/40/index.php?action_kouhyou_detail_004_kani=true&JigyosyoCd=4067791527-00&ServiceCd=130&Type=search", "url2": "https://lino-houkan.jp" }, "geometry": { "type": "Point", "coordinates": [ 130.9506254, 33.846469 ] } },
{ "type": "Feature", "properties": { "内容": "医療法人ひがしだクリニック【訪問看護】福岡県北九州市八幡東区東田１丁目６番２号", "url": "https://www.kaigokensaku.mhlw.go.jp/40/index.php?action_kouhyou_detail_004_kani=true&JigyosyoCd=4016619795-00&ServiceCd=130&Type=search", "url2": "http://higashida-cl.com" }, "geometry": { "type": "Point", "coordinates": [ 130.7958095, 33.8714907 ] } },
{ "type": "Feature", "properties": { "内容": "訪問看護ステーション　ファースト【訪問看護】前田2丁目１３－１０レイ前田403号", "url": "https://www.kaigokensaku.mhlw.go.jp/40/index.php?action_kouhyou_detail_004_kani=true&JigyosyoCd=4066690647-00&ServiceCd=130&Type=search", "url2": null }, "geometry": { "type": "Point", "coordinates": [ 130.788995900000032, 33.8661606 ] } },
{ "type": "Feature", "properties": { "内容": "訪問看護ステーション桃園【訪問看護】福岡県北九州市八幡東区桃園1-5-1", "url": "https://www.kaigokensaku.mhlw.go.jp/40/index.php?action_kouhyou_detail_004_kani=true&JigyosyoCd=4066691124-00&ServiceCd=130&Type=search", "url2": null }, "geometry": { "type": "Point", "coordinates": [ 130.7844524, 33.8632985 ] } },
{ "type": "Feature", "properties": { "内容": "訪問看護ステーション　ファースト【訪問看護】前田2丁目13-10レイ前田403号", "url": "https://www.kaigokensaku.mhlw.go.jp/40/index.php?action_kouhyou_detail_004_kani=true&JigyosyoCd=4066691132-00&ServiceCd=130&Type=search", "url2": null }, "geometry": { "type": "Point", "coordinates": [ 127.7352292, 26.2451208 ] } },
{ "type": "Feature", "properties": { "内容": "TLC訪問看護ステーション【訪問看護】福岡県北九州市八幡東区大蔵２丁目４番３号１階", "url": "https://www.kaigokensaku.mhlw.go.jp/40/index.php?action_kouhyou_detail_004_kani=true&JigyosyoCd=4066690696-00&ServiceCd=130&Type=search", "url2": null }, "geometry": { "type": "Point", "coordinates": [ 130.821807, 33.8627982 ] } },
{ "type": "Feature", "properties": { "内容": "せいてつ訪問看護ステーション【訪問看護】福岡県北九州市八幡東区春の町一丁目1番1号", "url": "https://www.kaigokensaku.mhlw.go.jp/40/index.php?action_kouhyou_detail_004_kani=true&JigyosyoCd=4066690456-00&ServiceCd=130&Type=search", "url2": "http://www.ns.yawata-mhp.or.jp" }, "geometry": { "type": "Point", "coordinates": [ 130.806905987359386, 33.865780353688251 ] } },
{ "type": "Feature", "properties": { "内容": "訪問看護ステーションＭＯＲＥＰＬＵＳ【訪問看護】荒生田3-5-1WAVE高見604号", "url": "https://www.kaigokensaku.mhlw.go.jp/40/index.php?action_kouhyou_detail_004_kani=true&JigyosyoCd=4066691199-00&ServiceCd=130&Type=search", "url2": null }, "geometry": { "type": "Point", "coordinates": [ 130.8367284, 33.8667623 ] } },
{ "type": "Feature", "properties": { "内容": "八幡医師会訪問看護ステーション【訪問看護】福岡県北九州市八幡東区平野２丁目１番１号", "url": "https://www.kaigokensaku.mhlw.go.jp/40/index.php?action_kouhyou_detail_004_kani=true&JigyosyoCd=4066690027-00&ServiceCd=130&Type=search", "url2": "https://yahata-care.or.jp/" }, "geometry": { "type": "Point", "coordinates": [ 130.792884599999979, 33.8640963 ] } },
{ "type": "Feature", "properties": { "内容": "訪問看護ステーション　ふらて【訪問看護】福岡県北九州市八幡東区昭和1-2-28ふらて会在宅支援センター", "url": "https://www.kaigokensaku.mhlw.go.jp/40/index.php?action_kouhyou_detail_004_kani=true&JigyosyoCd=4066690035-00&ServiceCd=130&Type=search", "url2": "http;//www.furate.net/" }, "geometry": { "type": "Point", "coordinates": [ 130.838058300000057, 33.8667161 ] } },
{ "type": "Feature", "properties": { "内容": "年長者の里　訪問看護ステーション【訪問看護】北九州市八幡東区大蔵３丁目２番１号", "url": "https://www.kaigokensaku.mhlw.go.jp/40/index.php?action_kouhyou_detail_004_kani=true&JigyosyoCd=4066690142-00&ServiceCd=130&Type=search", "url2": "http://ｎ-sato.com/" }, "geometry": { "type": "Point", "coordinates": [ 130.816671600000063, 33.856264 ] } },
{ "type": "Feature", "properties": { "内容": "北九州ヘルスケアサービス八幡訪問看護ステーション【訪問看護】北九州市八幡東区中央2丁目22番16号", "url": "https://www.kaigokensaku.mhlw.go.jp/40/index.php?action_kouhyou_detail_004_kani=true&JigyosyoCd=4066690191-00&ServiceCd=130&Type=search", "url2": "http://ｗｗｗ.kitakyusｈu-hcs.co.jp" }, "geometry": { "type": "Point", "coordinates": [ 130.811674499999981, 33.8666683 ] } },
{ "type": "Feature", "properties": { "内容": "アップルハート訪問看護ステーション八幡【訪問看護】北九州市八幡東区山王一丁目11-1　1階", "url": "https://www.kaigokensaku.mhlw.go.jp/40/index.php?action_kouhyou_detail_004_kani=true&JigyosyoCd=4066690365-00&ServiceCd=130&Type=search", "url2": "http://www.aso-kaigo.jp/" }, "geometry": { "type": "Point", "coordinates": [ 130.815346555541964, 33.868759248560842 ] } },
{ "type": "Feature", "properties": { "内容": "株式会社カルサイト訪問看護ステーションはるか【訪問看護】中央2‐1－1レインボープラザ1F", "url": "https://www.kaigokensaku.mhlw.go.jp/40/index.php?action_kouhyou_detail_004_kani=true&JigyosyoCd=4066690555-00&ServiceCd=130&Type=search", "url2": "calcite.jp" }, "geometry": { "type": "Point", "coordinates": [ 139.7693918, 35.6798271 ] } },
{ "type": "Feature", "properties": { "内容": "訪問看護ステーションなでしこ【訪問看護】福岡県北九州市八幡東区宮の町1丁目2-20", "url": "https://www.kaigokensaku.mhlw.go.jp/40/index.php?action_kouhyou_detail_004_kani=true&JigyosyoCd=4066690837-00&ServiceCd=130&Type=search", "url2": "nadeshiko-yahata.com" }, "geometry": { "type": "Point", "coordinates": [ 130.831590799999987, 33.8603598 ] } },
{ "type": "Feature", "properties": { "内容": "訪問看護ステーション　プーラビダ桜通り店【訪問看護】福岡県北九州市八幡東区祇園二丁目２番２号　１階", "url": "https://www.kaigokensaku.mhlw.go.jp/40/index.php?action_kouhyou_detail_004_kani=true&JigyosyoCd=4066690860-00&ServiceCd=130&Type=search", "url2": "http://hp.kaipoke.biz/4t6/index.html" }, "geometry": { "type": "Point", "coordinates": [ 130.7891821, 33.8634283 ] } },
{ "type": "Feature", "properties": { "内容": "ソフィアメディ訪問看護ステーション八幡東【訪問看護】福岡県北九州市八幡東区枝光3丁目13-11", "url": "https://www.kaigokensaku.mhlw.go.jp/40/index.php?action_kouhyou_detail_004_kani=true&JigyosyoCd=4066691173-00&ServiceCd=130&Type=search", "url2": null }, "geometry": { "type": "Point", "coordinates": [ 130.817664, 33.8803801 ] } },
{ "type": "Feature", "properties": { "内容": "訪問看護ステーションゆうあい【訪問看護】枝光三丁目1番3号コーポ角田枝光Ａ棟1階店舗", "url": "https://www.kaigokensaku.mhlw.go.jp/40/index.php?action_kouhyou_detail_004_kani=true&JigyosyoCd=4066690464-00&ServiceCd=130&Type=search", "url2": "you-i-rings.co.jp" }, "geometry": { "type": "Point", "coordinates": [ 130.814482199999929, 33.8788032 ] } },
{ "type": "Feature", "properties": { "内容": "あったかハート訪問看護ステーション【訪問看護】北九州市八幡西区上上津役2丁目20番10号", "url": "https://www.kaigokensaku.mhlw.go.jp/40/index.php?action_kouhyou_detail_004_kani=true&JigyosyoCd=4066690282-00&ServiceCd=130&Type=search", "url2": null }, "geometry": { "type": "Point", "coordinates": [ 130.7611329, 33.8307521 ] } },
{ "type": "Feature", "properties": { "内容": "訪問看護ステーション　木屋瀬の杜【訪問看護】福岡県北九州市八幡西区木屋瀬四丁目5番1号", "url": "https://www.kaigokensaku.mhlw.go.jp/40/index.php?action_kouhyou_detail_004_kani=true&JigyosyoCd=4066690308-00&ServiceCd=130&Type=search", "url2": null }, "geometry": { "type": "Point", "coordinates": [ 130.739641500000062, 33.7839069 ] } },
{ "type": "Feature", "properties": { "内容": "北九州ヘルスケアサービス黒崎訪問看護ST【訪問看護】福岡県北九州市八幡西区東王子町7-8", "url": "https://www.kaigokensaku.mhlw.go.jp/40/index.php?action_kouhyou_detail_004_kani=true&JigyosyoCd=4066690332-00&ServiceCd=130&Type=search", "url2": "http://www.kitakyushu-hcs.co.jp" }, "geometry": { "type": "Point", "coordinates": [ 130.759176700000012, 33.8589739 ] } },
{ "type": "Feature", "properties": { "内容": "訪問看護あや【訪問看護】福岡県八幡西区椋枝1-1-15", "url": "https://www.kaigokensaku.mhlw.go.jp/40/index.php?action_kouhyou_detail_004_kani=true&JigyosyoCd=4066690761-00&ServiceCd=130&Type=search", "url2": "ayanoie.com" }, "geometry": { "type": "Point", "coordinates": [ 130.739944, 33.8113805 ] } },
{ "type": "Feature", "properties": { "内容": "いろは訪問看護ステーション【訪問看護】福岡県北九州市八幡西区町上津役東二丁目1番7号", "url": "https://www.kaigokensaku.mhlw.go.jp/40/index.php?action_kouhyou_detail_004_kani=true&JigyosyoCd=4066690688-00&ServiceCd=130&Type=search", "url2": null }, "geometry": { "type": "Point", "coordinates": [ 130.753824399999985, 33.822185900000029 ] } },
{ "type": "Feature", "properties": { "内容": "訪問看護ステーションおじゃましま～す【訪問看護】福岡県北九州市八幡西区折尾1丁目5‐6", "url": "https://www.kaigokensaku.mhlw.go.jp/40/index.php?action_kouhyou_detail_004_kani=true&JigyosyoCd=4066690845-00&ServiceCd=130&Type=search", "url2": null }, "geometry": { "type": "Point", "coordinates": [ 130.715431637434421, 33.865759350698845 ] } },
{ "type": "Feature", "properties": { "内容": "ほほえみ訪問看護ステーション【訪問看護】福岡県北九州市八幡西区永犬丸南町2丁目2-41", "url": "https://www.kaigokensaku.mhlw.go.jp/40/index.php?action_kouhyou_detail_004_kani=true&JigyosyoCd=4066690639-00&ServiceCd=130&Type=search", "url2": "http://www.hohoemi-gr.com" }, "geometry": { "type": "Point", "coordinates": [ 130.729919, 33.8339955 ] } },
{ "type": "Feature", "properties": { "内容": "サポートやはた訪問看護ステーション【訪問看護】福岡県北九州市八幡西区永犬丸東町3丁目14番8号", "url": "https://www.kaigokensaku.mhlw.go.jp/40/index.php?action_kouhyou_detail_004_kani=true&JigyosyoCd=4066690068-00&ServiceCd=130&Type=search", "url2": "http://www.yahata-hp.com" }, "geometry": { "type": "Point", "coordinates": [ 130.741204, 33.8347485 ] } },
{ "type": "Feature", "properties": { "内容": "訪問看護ステーションわかば【訪問看護】吉祥寺町9番36号", "url": "https://www.kaigokensaku.mhlw.go.jp/40/index.php?action_kouhyou_detail_004_kani=true&JigyosyoCd=4016617609-00&ServiceCd=130&Type=search", "url2": "http://sasaki-hsp.jp/" }, "geometry": { "type": "Point", "coordinates": [ 130.7331839, 33.8048578 ] } },
{ "type": "Feature", "properties": { "内容": "医療法人香林会香月中央病院【訪問看護】福岡県北九州市八幡西区香月中央1-14-18", "url": "https://www.kaigokensaku.mhlw.go.jp/40/index.php?action_kouhyou_detail_004_kani=true&JigyosyoCd=4016619969-00&ServiceCd=130&Type=search", "url2": "https://kourinkai-katsuki.or.jp/" }, "geometry": { "type": "Point", "coordinates": [ 130.73541940000004, 33.8010196 ] } },
{ "type": "Feature", "properties": { "内容": "北九州市八幡西区陣山1丁目4-28【訪問看護】北九州市八幡西区陣山1丁目4-28", "url": "https://www.kaigokensaku.mhlw.go.jp/40/index.php?action_kouhyou_detail_004_kani=true&JigyosyoCd=4016711006-00&ServiceCd=130&Type=search", "url2": "https://haruka-mc.jp/" }, "geometry": { "type": "Point", "coordinates": [ 130.780221899999987, 33.8672415 ] } },
{ "type": "Feature", "properties": { "内容": "訪問看護ステーションみんなのキュア【訪問看護】福岡県北九州市八幡西区南八千代町3番22号アビタシオン・ドゥ403", "url": "https://www.kaigokensaku.mhlw.go.jp/40/index.php?action_kouhyou_detail_004_kani=true&JigyosyoCd=4066690977-00&ServiceCd=130&Type=search", "url2": null }, "geometry": { "type": "Point", "coordinates": [ 130.7719696, 33.8623551 ] } },
{ "type": "Feature", "properties": { "内容": "訪問看護　テレサ【訪問看護】石坂3-1-1", "url": "https://www.kaigokensaku.mhlw.go.jp/40/index.php?action_kouhyou_detail_004_kani=true&JigyosyoCd=4066690407-00&ServiceCd=130&Type=search", "url2": "http://www.e-65.jp/" }, "geometry": { "type": "Point", "coordinates": [ 130.749868903765702, 33.806446770912686 ] } },
{ "type": "Feature", "properties": { "内容": "訪問看護　結び【訪問看護】三ヶ森四丁目8番8号2F", "url": "https://www.kaigokensaku.mhlw.go.jp/40/index.php?action_kouhyou_detail_004_kani=true&JigyosyoCd=4066690803-00&ServiceCd=130&Type=search", "url2": "http://bestbiz.jp/preview/sachihomonkangomusubi.hp.gogo.jp/pc/" }, "geometry": { "type": "Point", "coordinates": [ 130.737963299999961, 33.835319 ] } },
{ "type": "Feature", "properties": { "内容": "訪問看護ステーションわかば【訪問看護】吉祥寺町9番36号", "url": "https://www.kaigokensaku.mhlw.go.jp/40/index.php?action_kouhyou_detail_004_kani=true&JigyosyoCd=4066690878-00&ServiceCd=130&Type=search", "url2": "http://www.sasaki-hsp.jp" }, "geometry": { "type": "Point", "coordinates": [ 130.7332022, 33.8048921 ] } },
{ "type": "Feature", "properties": { "内容": "合同会社プラス【訪問看護】福岡県北九州市八幡西区鉄王1-19-2", "url": "https://www.kaigokensaku.mhlw.go.jp/40/index.php?action_kouhyou_detail_004_kani=true&JigyosyoCd=4066690886-00&ServiceCd=130&Type=search", "url2": "http://hp.kaipoke.biz/znb/" }, "geometry": { "type": "Point", "coordinates": [ 130.7535306, 33.848798 ] } },
{ "type": "Feature", "properties": { "内容": "サンウェルズ陣原訪問看護ステーション【訪問看護】福岡県北九州市八幡西区陣原2丁目14番31号", "url": "https://www.kaigokensaku.mhlw.go.jp/40/index.php?action_kouhyou_detail_004_kani=true&JigyosyoCd=4066691066-00&ServiceCd=130&Type=search", "url2": "http://www.sunwels.jp" }, "geometry": { "type": "Point", "coordinates": [ 130.741458099999988, 33.8655154 ] } },
{ "type": "Feature", "properties": { "内容": "訪問看護ステーションひよこ【訪問看護】馬場山東二丁目１番１号プランドール馬場山１０２号", "url": "https://www.kaigokensaku.mhlw.go.jp/40/index.php?action_kouhyou_detail_004_kani=true&JigyosyoCd=4066691025-00&ServiceCd=130&Type=search", "url2": null }, "geometry": { "type": "Point", "coordinates": [ 130.7476715, 33.7961458 ] } },
{ "type": "Feature", "properties": { "内容": "訪問看護ステーションあまね【訪問看護】福岡県北九州市八幡西区上上津役5-10-2", "url": "https://www.kaigokensaku.mhlw.go.jp/40/index.php?action_kouhyou_detail_004_kani=true&JigyosyoCd=4066690951-00&ServiceCd=130&Type=search", "url2": null }, "geometry": { "type": "Point", "coordinates": [ 130.762484199999989, 33.8254514 ] } },
{ "type": "Feature", "properties": { "内容": "訪問看護ステーションこころ【訪問看護】鷹の巣3丁目3-21アイディール109号室", "url": "https://www.kaigokensaku.mhlw.go.jp/40/index.php?action_kouhyou_detail_004_kani=true&JigyosyoCd=4066691090-00&ServiceCd=130&Type=search", "url2": null }, "geometry": { "type": "Point", "coordinates": [ 130.7446318, 33.8550177 ] } },
{ "type": "Feature", "properties": { "内容": "訪問看護サンライフ【訪問看護】野面2丁目5-5", "url": "https://www.kaigokensaku.mhlw.go.jp/40/index.php?action_kouhyou_detail_004_kani=true&JigyosyoCd=4066691157-00&ServiceCd=130&Type=search", "url2": null }, "geometry": { "type": "Point", "coordinates": [ 130.7398121, 33.7809548 ] } },
{ "type": "Feature", "properties": { "内容": "ほほえみ訪問看護ステーション【訪問看護】永犬丸南町２丁目２番４１号", "url": "https://www.kaigokensaku.mhlw.go.jp/40/index.php?action_kouhyou_detail_004_kani=true&JigyosyoCd=4066690928-00&ServiceCd=130&Type=search", "url2": "https://www.hohoemi-gr.com/" }, "geometry": { "type": "Point", "coordinates": [ 130.729897, 33.8340433 ] } },
{ "type": "Feature", "properties": { "内容": "やはた訪問看護ステーション【訪問看護】福岡県北九州市八幡西区大平三丁目１４番７号", "url": "https://www.kaigokensaku.mhlw.go.jp/40/index.php?action_kouhyou_detail_004_kani=true&JigyosyoCd=4066690084-00&ServiceCd=130&Type=search", "url2": "http://www.jojinkai.com/ohira/" }, "geometry": { "type": "Point", "coordinates": [ 130.746656799999982, 33.8194363 ] } },
{ "type": "Feature", "properties": { "内容": "訪問看護　キュア【訪問看護】福岡県北九州市八幡西区上香月三丁目１番１２－１０２号", "url": "https://www.kaigokensaku.mhlw.go.jp/40/index.php?action_kouhyou_detail_004_kani=true&JigyosyoCd=4066690738-00&ServiceCd=130&Type=search", "url2": "https://www.amviloi.net/" }, "geometry": { "type": "Point", "coordinates": [ 130.7363852, 33.8002275 ] } },
{ "type": "Feature", "properties": { "内容": "訪問看護ステーションぷれあ【訪問看護】則松1丁目3－11", "url": "https://www.kaigokensaku.mhlw.go.jp/40/index.php?action_kouhyou_detail_004_kani=true&JigyosyoCd=4066691181-00&ServiceCd=130&Type=search", "url2": null }, "geometry": { "type": "Point", "coordinates": [ 130.7223391, 33.8609908 ] } },
{ "type": "Feature", "properties": { "内容": "ひすい訪問看護ステーション【訪問看護】福岡県北九州市八幡西区八枝一丁目７番３０号", "url": "https://www.kaigokensaku.mhlw.go.jp/40/index.php?action_kouhyou_detail_004_kani=true&JigyosyoCd=4066690043-00&ServiceCd=130&Type=search", "url2": "http://www.touchiku-hospital.com/" }, "geometry": { "type": "Point", "coordinates": [ 130.725364011114493, 33.85009390567734 ] } },
{ "type": "Feature", "properties": { "内容": "訪問看護ステーション　プーラビダ折尾【訪問看護】北九州市八幡西区光明二丁目７番２５号", "url": "https://www.kaigokensaku.mhlw.go.jp/40/index.php?action_kouhyou_detail_004_kani=true&JigyosyoCd=4066690399-00&ServiceCd=130&Type=search", "url2": "https://www.houmon-puravida.jp/" }, "geometry": { "type": "Point", "coordinates": [ 130.719366269975239, 33.867363773703779 ] } },
{ "type": "Feature", "properties": { "内容": "医療法人MGRひいらぎこころクリニック折尾院【訪問看護】福岡県北九州市八幡西区北鷹見町13-18", "url": "https://www.kaigokensaku.mhlw.go.jp/40/index.php?action_kouhyou_detail_004_kani=true&JigyosyoCd=4016711329-00&ServiceCd=130&Type=search", "url2": "https://hiiragikokoroclinic-orio.com/" }, "geometry": { "type": "Point", "coordinates": [ 130.713486, 33.8639502 ] } },
{ "type": "Feature", "properties": { "内容": "ウィーブ訪問看護ステーション【訪問看護】福岡県北九州市八幡西区鷹の巣三丁目8番29号", "url": "https://www.kaigokensaku.mhlw.go.jp/40/index.php?action_kouhyou_detail_004_kani=true&JigyosyoCd=4066691165-00&ServiceCd=130&Type=search", "url2": "https://www.fweave.com/" }, "geometry": { "type": "Point", "coordinates": [ 130.7427725, 33.85387020000001 ] } },
{ "type": "Feature", "properties": { "内容": "訪問看護ステーションタック幸神【訪問看護】福岡県北九州市八幡西区幸神2-3-16", "url": "https://www.kaigokensaku.mhlw.go.jp/40/index.php?action_kouhyou_detail_004_kani=true&JigyosyoCd=4066690571-00&ServiceCd=130&Type=search", "url2": null }, "geometry": { "type": "Point", "coordinates": [ 130.764604, 33.8519765 ] } },
{ "type": "Feature", "properties": { "内容": "医療法人　慈恵睦会　訪問看護ステーションむつみ【訪問看護】福岡県北九州市八幡西区木屋瀬三丁目　２番３０号", "url": "https://www.kaigokensaku.mhlw.go.jp/40/index.php?action_kouhyou_detail_004_kani=true&JigyosyoCd=4066690001-00&ServiceCd=130&Type=search", "url2": "http://www.mutsumi.or.jp" }, "geometry": { "type": "Point", "coordinates": [ 130.719825849327322, 33.782544768729245 ] } },
{ "type": "Feature", "properties": { "内容": "訪問看護ステーションひまわり【訪問看護】北九州市八幡西区大字則松275番地", "url": "https://www.kaigokensaku.mhlw.go.jp/40/index.php?action_kouhyou_detail_004_kani=true&JigyosyoCd=4066690241-00&ServiceCd=130&Type=search", "url2": "http://www.yahata.saiseikai.or.jp" }, "geometry": { "type": "Point", "coordinates": [ 130.729796899999968, 33.8511763 ] } },
{ "type": "Feature", "properties": { "内容": "アップルハート訪問看護ステーション八幡西【訪問看護】福岡県北九州市八幡西区本城4丁目6-6", "url": "https://www.kaigokensaku.mhlw.go.jp/40/index.php?action_kouhyou_detail_004_kani=true&JigyosyoCd=4066690274-00&ServiceCd=130&Type=search", "url2": null }, "geometry": { "type": "Point", "coordinates": [ 130.736513415435724, 33.884416292985762 ] } },
{ "type": "Feature", "properties": { "内容": "ファーストライフ青山訪問看護ステーション【訪問看護】福岡県北九州市八幡西区南王子町２－２１", "url": "https://www.kaigokensaku.mhlw.go.jp/40/index.php?action_kouhyou_detail_004_kani=true&JigyosyoCd=4066690290-00&ServiceCd=130&Type=search", "url2": "http://.first-life1.jp/" }, "geometry": { "type": "Point", "coordinates": [ 130.758393599999977, 33.8545272 ] } },
{ "type": "Feature", "properties": { "内容": "訪問看護ステーション　こがねむし【訪問看護】福岡県北九州市八幡西区馬場山緑9番10号", "url": "https://www.kaigokensaku.mhlw.go.jp/40/index.php?action_kouhyou_detail_004_kani=true&JigyosyoCd=4066690506-00&ServiceCd=130&Type=search", "url2": "htpps://www.koganemushi-yahata.com" }, "geometry": { "type": "Point", "coordinates": [ 130.736938900000041, 33.7900589 ] } },
{ "type": "Feature", "properties": { "内容": "訪問看護ステーション　きのこハウス【訪問看護】福岡県北九州市八幡西区千代3丁目1-6", "url": "https://www.kaigokensaku.mhlw.go.jp/40/index.php?action_kouhyou_detail_004_kani=true&JigyosyoCd=4066690597-00&ServiceCd=130&Type=search", "url2": "https://colorshouse.jp/" }, "geometry": { "type": "Point", "coordinates": [ 130.744626700000026, 33.81024 ] } },
{ "type": "Feature", "properties": { "内容": "きゆ訪問看護ステーション【訪問看護】福岡県北九州市八幡西区木屋瀬東三丁目6番2号", "url": "https://www.kaigokensaku.mhlw.go.jp/40/index.php?action_kouhyou_detail_004_kani=true&JigyosyoCd=4066690621-00&ServiceCd=130&Type=search", "url2": "https://kiyu-kango.com/" }, "geometry": { "type": "Point", "coordinates": [ 130.729499877054621, 33.775523858910233 ] } },
{ "type": "Feature", "properties": { "内容": "えんふく訪問看護【訪問看護】福岡県北九州市八幡西区大浦１丁目１３−５−２０６号エルカミノ２０６号", "url": "https://www.kaigokensaku.mhlw.go.jp/40/index.php?action_kouhyou_detail_004_kani=true&JigyosyoCd=4066690662-00&ServiceCd=130&Type=search", "url2": null }, "geometry": { "type": "Point", "coordinates": [ 130.7131434, 33.8741214 ] } },
{ "type": "Feature", "properties": { "内容": "訪問看護ステーション　ぽっぽスマイル【訪問看護】福岡県北九州市八幡西区浅川２丁目１０番２２号本村荘　５号室", "url": "https://www.kaigokensaku.mhlw.go.jp/40/index.php?action_kouhyou_detail_004_kani=true&JigyosyoCd=4066690720-00&ServiceCd=130&Type=search", "url2": "https://heartcare.work" }, "geometry": { "type": "Point", "coordinates": [ 130.7024485, 33.8802855 ] } },
{ "type": "Feature", "properties": { "内容": "訪問看護ステーション木輪館【訪問看護】福岡県北九州市八幡西区下上津役3-3-6", "url": "https://www.kaigokensaku.mhlw.go.jp/40/index.php?action_kouhyou_detail_004_kani=true&JigyosyoCd=4066690746-00&ServiceCd=130&Type=search", "url2": "httｐ：//ｗｗｗ.kirinkan.ｃo.ｊｐ" }, "geometry": { "type": "Point", "coordinates": [ 130.741864112966937, 33.826009164702249 ] } },
{ "type": "Feature", "properties": { "内容": "年長者の里　訪問看護ステーション穴生【訪問看護】福岡県北九州市八幡西区鉄竜1-1-10", "url": "https://www.kaigokensaku.mhlw.go.jp/40/index.php?action_kouhyou_detail_004_kani=true&JigyosyoCd=4066690787-00&ServiceCd=130&Type=search", "url2": "http://n-sato.com/" }, "geometry": { "type": "Point", "coordinates": [ 130.7524908, 33.8549859 ] } },
{ "type": "Feature", "properties": { "内容": "アイアス訪問看護ステーション　八幡西【訪問看護】福岡県北九州市八幡西区本城東2丁目2-4", "url": "https://www.kaigokensaku.mhlw.go.jp/40/index.php?action_kouhyou_detail_004_kani=true&JigyosyoCd=4066690795-00&ServiceCd=130&Type=search", "url2": "http://aiasu.co.jp" }, "geometry": { "type": "Point", "coordinates": [ 130.73442561671601, 33.876673464949846 ] } },
{ "type": "Feature", "properties": { "内容": "いろは訪問看護ステーション【訪問看護】福岡県北九州市八幡西区小嶺二丁目４番２６号", "url": "https://www.kaigokensaku.mhlw.go.jp/40/index.php?action_kouhyou_detail_004_kani=true&JigyosyoCd=4066690894-00&ServiceCd=130&Type=search", "url2": "https://iroha-group.jp" }, "geometry": { "type": "Point", "coordinates": [ 130.753241949598703, 33.818091193741168 ] } },
{ "type": "Feature", "properties": { "内容": "訪問看護ステーションにこTOMO【訪問看護】福岡県北九州市八幡西区上上津役３丁目14-8メゾン21かわなみ1F", "url": "https://www.kaigokensaku.mhlw.go.jp/40/index.php?action_kouhyou_detail_004_kani=true&JigyosyoCd=4066690944-00&ServiceCd=130&Type=search", "url2": "https://niko-tomo.com" }, "geometry": { "type": "Point", "coordinates": [ 130.755129712825209, 33.827777485865319 ] } },
{ "type": "Feature", "properties": { "内容": "訪問看護ステーション出会い茶屋の原【訪問看護】福岡県北九州市八幡西区茶屋の原２－５－１３", "url": "https://www.kaigokensaku.mhlw.go.jp/40/index.php?action_kouhyou_detail_004_kani=true&JigyosyoCd=4066690969-00&ServiceCd=130&Type=search", "url2": null }, "geometry": { "type": "Point", "coordinates": [ 130.7419328, 33.7950989 ] } },
{ "type": "Feature", "properties": { "内容": "訪問看護ステーション　ここっちゃ【訪問看護】中三丁３丁目1番10号", "url": "https://www.kaigokensaku.mhlw.go.jp/40/index.php?action_kouhyou_detail_004_kani=true&JigyosyoCd=4066690985-00&ServiceCd=130&Type=search", "url2": null }, "geometry": { "type": "Point", "coordinates": [ 135.482481, 34.5829758 ] } },
{ "type": "Feature", "properties": { "内容": "訪問看護リハステーション　プーラビダ香月【訪問看護】福岡県北九州市八幡西区高江五丁目4番26号", "url": "https://www.kaigokensaku.mhlw.go.jp/40/index.php?action_kouhyou_detail_004_kani=true&JigyosyoCd=4066690993-00&ServiceCd=130&Type=search", "url2": null }, "geometry": { "type": "Point", "coordinates": [ 130.7133023, 33.8033242 ] } },
{ "type": "Feature", "properties": { "内容": "BLOOM一訪問看護一【訪問看護】別所町13－23フォレストヴィラ別所町207号室", "url": "https://www.kaigokensaku.mhlw.go.jp/40/index.php?action_kouhyou_detail_004_kani=true&JigyosyoCd=4066691041-00&ServiceCd=130&Type=search", "url2": "https//bloom2024.com/" }, "geometry": { "type": "Point", "coordinates": [ 130.757328, 33.8478131 ] } },
{ "type": "Feature", "properties": { "内容": "訪問看護ステーション　フィット【訪問看護】福岡県北九州市八幡西区御開2丁目1-4", "url": "https://www.kaigokensaku.mhlw.go.jp/40/index.php?action_kouhyou_detail_004_kani=true&JigyosyoCd=4066691058-00&ServiceCd=130&Type=search", "url2": null }, "geometry": { "type": "Point", "coordinates": [ 130.737021383466754, 33.885019077339059 ] } },
{ "type": "Feature", "properties": { "内容": "ケアリング訪問看護ステーション黒崎【訪問看護】福岡県北九州市八幡西区八千代町９－３０", "url": "https://www.kaigokensaku.mhlw.go.jp/40/index.php?action_kouhyou_detail_004_kani=true&JigyosyoCd=4066691116-00&ServiceCd=130&Type=search", "url2": null }, "geometry": { "type": "Point", "coordinates": [ 130.7740102, 33.863354 ] } },
{ "type": "Feature", "properties": { "内容": "医療法人社団誠心会　萩原中央病院【訪問看護】福岡県北九州市八幡西区萩原１丁目１０番１号", "url": "https://www.kaigokensaku.mhlw.go.jp/40/index.php?action_kouhyou_detail_004_kani=true&JigyosyoCd=4016619274-00&ServiceCd=130&Type=search", "url2": "http://www.hagiwara.or.jp/html/intro.html" }, "geometry": { "type": "Point", "coordinates": [ 130.7479416, 33.860054 ] } },
{ "type": "Feature", "properties": { "内容": "訪問看護ステーション　なずな【訪問看護】福岡県北九州市八幡西則松七丁目22番1-201号", "url": "https://www.kaigokensaku.mhlw.go.jp/40/index.php?action_kouhyou_detail_004_kani=true&JigyosyoCd=4066690357-00&ServiceCd=130&Type=search", "url2": "https://houkan-nazuna.com/houkan/" }, "geometry": { "type": "Point", "coordinates": [ 130.722866295615404, 33.851412694977626 ] } },
{ "type": "Feature", "properties": { "内容": "訪問看護LLC【訪問看護】北九州市八幡西区則松６丁目３-２８ヴィラ則松Ｃ棟201", "url": "https://www.kaigokensaku.mhlw.go.jp/40/index.php?action_kouhyou_detail_004_kani=true&JigyosyoCd=4066690829-00&ServiceCd=130&Type=search", "url2": null }, "geometry": { "type": "Point", "coordinates": [ 130.721504905518771, 33.854530543116795 ] } },
{ "type": "Feature", "properties": { "内容": "一般社団法人みのり会　訪問看護ステ－ション　ウェルビ－イング【訪問看護】福岡県北九州市馬場山緑1-5", "url": "https://www.kaigokensaku.mhlw.go.jp/40/index.php?action_kouhyou_detail_004_kani=true&JigyosyoCd=4066690423-00&ServiceCd=130&Type=search", "url2": "http://minori2009.com/" }, "geometry": { "type": "Point", "coordinates": [ 130.738650727605574, 33.791709386478033 ] } },
{ "type": "Feature", "properties": { "内容": "訪問看護ステーション　言の葉【訪問看護】福岡県北九州市八幡西区鷹の巣1丁目8-7ギャラン鷹の巣206", "url": "https://www.kaigokensaku.mhlw.go.jp/40/index.php?action_kouhyou_detail_004_kani=true&JigyosyoCd=4066691207-00&ServiceCd=130&Type=search", "url2": "https://www.houkan-kotonoha.com/" }, "geometry": { "type": "Point", "coordinates": [ 130.7465928, 33.8567048 ] } },
{ "type": "Feature", "properties": { "内容": "タカラ訪問看護ステーション北九州【訪問看護】福岡県北九州市八幡西区割子川2丁目4番10号", "url": "https://www.kaigokensaku.mhlw.go.jp/40/index.php?action_kouhyou_detail_004_kani=true&JigyosyoCd=4066691215-00&ServiceCd=130&Type=search", "url2": "https://takara-houkan.jp/" }, "geometry": { "type": "Point", "coordinates": [ 130.7592152, 33.839169 ] } },
{ "type": "Feature", "properties": { "内容": "ソフィアメディ訪問看護ステーション八幡西【訪問看護】福岡県北九州市八幡西区本城1-12-27", "url": "https://www.kaigokensaku.mhlw.go.jp/40/index.php?action_kouhyou_detail_004_kani=true&JigyosyoCd=4066691264-00&ServiceCd=130&Type=search", "url2": null }, "geometry": { "type": "Point", "coordinates": [ 130.7316534, 33.8807409 ] } },
{ "type": "Feature", "properties": { "内容": "看護クラーク八幡西【訪問看護】浅川学園台3丁目18-1　シャルダン学園台202", "url": "https://www.kaigokensaku.mhlw.go.jp/40/index.php?action_kouhyou_detail_004_kani=true&JigyosyoCd=4066691256-00&ServiceCd=130&Type=search", "url2": "https://cuc-hospice.com/" }, "geometry": { "type": "Point", "coordinates": [ 130.7071958, 33.8853634 ] } },
{ "type": "Feature", "properties": { "内容": "訪問看護ステーションリアライズ北九州【訪問看護】福岡県北九州市八幡西区幸神2－1－21Aスタービル１階", "url": "https://www.kaigokensaku.mhlw.go.jp/40/index.php?action_kouhyou_detail_004_kani=true&JigyosyoCd=4066691249-00&ServiceCd=130&Type=search", "url2": null }, "geometry": { "type": "Point", "coordinates": [ 130.764789, 33.8532755 ] } },
{ "type": "Feature", "properties": { "内容": "訪問看護ステーションメハナ【訪問看護】福岡県北九州市八幡西区割子川2丁目16-10ｋビル202", "url": "https://www.kaigokensaku.mhlw.go.jp/40/index.php?action_kouhyou_detail_004_kani=true&JigyosyoCd=4066690712-00&ServiceCd=130&Type=search", "url2": "https://www.mehana-kango.com" }, "geometry": { "type": "Point", "coordinates": [ 130.756637, 33.8400489 ] } },
{ "type": "Feature", "properties": { "内容": "訪問看護ステーション　よりそい【訪問看護】福岡県八幡西区相生町6番19号", "url": "https://www.kaigokensaku.mhlw.go.jp/40/index.php?action_kouhyou_detail_004_kani=true&JigyosyoCd=4066690811-00&ServiceCd=130&Type=search", "url2": "https://www.uenoclinic-yahata.jp" }, "geometry": { "type": "Point", "coordinates": [ 130.749326599999961, 33.849102299999984 ] } },
{ "type": "Feature", "properties": { "内容": "訪問看護ステーション陽葵【訪問看護】楠橋東２丁目8-26101", "url": "https://www.kaigokensaku.mhlw.go.jp/40/index.php?action_kouhyou_detail_004_kani=true&JigyosyoCd=4066690936-00&ServiceCd=130&Type=search", "url2": null }, "geometry": { "type": "Point", "coordinates": [ 130.732430099999988, 33.7884648 ] } },
{ "type": "Feature", "properties": { "内容": "きらめき訪問看護ステーション【訪問看護】福岡県北九州市八幡西区本城一丁目20-20きらめき本城ビル", "url": "https://www.kaigokensaku.mhlw.go.jp/40/index.php?action_kouhyou_detail_004_kani=true&JigyosyoCd=4066691082-00&ServiceCd=130&Type=search", "url2": null }, "geometry": { "type": "Point", "coordinates": [ 130.7288953, 33.8819255 ] } },
{ "type": "Feature", "properties": { "内容": "訪問看護ステーションkobito【訪問看護】福岡県福岡市東区多の津5丁目10番5号", "url": "https://www.kaigokensaku.mhlw.go.jp/40/index.php?action_kouhyou_detail_004_kani=true&JigyosyoCd=4060391390-00&ServiceCd=130&Type=search", "url2": "http://kobito-station.com" }, "geometry": { "type": "Point", "coordinates": [ 130.4487483, 33.6212229 ] } },
{ "type": "Feature", "properties": { "内容": "りふれ訪問看護ステーション【訪問看護】福岡市東区和白東4丁目1-17", "url": "https://www.kaigokensaku.mhlw.go.jp/40/index.php?action_kouhyou_detail_004_kani=true&JigyosyoCd=4060391143-00&ServiceCd=130&Type=search", "url2": null }, "geometry": { "type": "Point", "coordinates": [ 130.4427428, 33.6973068 ] } },
{ "type": "Feature", "properties": { "内容": "訪問看護ステーション　ミーテ【訪問看護】福岡市東区二又瀬１２－２セントラルビル７０５号", "url": "https://www.kaigokensaku.mhlw.go.jp/40/index.php?action_kouhyou_detail_004_kani=true&JigyosyoCd=4060391440-00&ServiceCd=130&Type=search", "url2": "https://mite.japanmac.or.jp" }, "geometry": { "type": "Point", "coordinates": [ 130.44038, 33.6078267 ] } },
{ "type": "Feature", "properties": { "内容": "訪問看護ステーション　クリーンケア【訪問看護】福岡県福岡市東区香椎駅前１丁目１７－４３ベリタスビル９０２号", "url": "https://www.kaigokensaku.mhlw.go.jp/40/index.php?action_kouhyou_detail_004_kani=true&JigyosyoCd=4060390863-00&ServiceCd=130&Type=search", "url2": "http://www.ils-j.com/cleancare.html" }, "geometry": { "type": "Point", "coordinates": [ 130.442268199999944, 33.6597255 ] } },
{ "type": "Feature", "properties": { "内容": "chill訪問看護【訪問看護】福岡県福岡市東区馬出4丁目5番8号グレースコート九大病院前103号室", "url": "https://www.kaigokensaku.mhlw.go.jp/40/index.php?action_kouhyou_detail_004_kani=true&JigyosyoCd=4060391556-00&ServiceCd=130&Type=search", "url2": null }, "geometry": { "type": "Point", "coordinates": [ 130.415865299999979, 33.6141768 ] } },
{ "type": "Feature", "properties": { "内容": "訪問看護ステーションプラタナス【訪問看護】若宮三丁目１番２９号コスモ若宮２０２", "url": "https://www.kaigokensaku.mhlw.go.jp/40/index.php?action_kouhyou_detail_004_kani=true&JigyosyoCd=4060391572-00&ServiceCd=130&Type=search", "url2": null }, "geometry": { "type": "Point", "coordinates": [ 130.450536579579733, 33.638360339621514 ] } },
{ "type": "Feature", "properties": { "内容": "あまね訪問看護ステーション【訪問看護】香椎照葉3-2-1シーマークビル208", "url": "https://www.kaigokensaku.mhlw.go.jp/40/index.php?action_kouhyou_detail_004_kani=true&JigyosyoCd=4060391580-00&ServiceCd=130&Type=search", "url2": null }, "geometry": { "type": "Point", "coordinates": [ 130.4221609, 33.6626971 ] } },
{ "type": "Feature", "properties": { "内容": "訪問看護ステーション　デューン福岡東【訪問看護】福岡県福岡市東区和白東3丁目29-40ヒューマンズ新宮駅前109号", "url": "https://www.kaigokensaku.mhlw.go.jp/40/index.php?action_kouhyou_detail_004_kani=true&JigyosyoCd=4060390988-00&ServiceCd=130&Type=search", "url2": "https://www.nfield.co.jp/" }, "geometry": { "type": "Point", "coordinates": [ 130.4411054, 33.6987938 ] } },
{ "type": "Feature", "properties": { "内容": "おひさま訪問看護ステーション【訪問看護】福岡県福岡市東区千早５丁目１３番２３－９０３", "url": "https://www.kaigokensaku.mhlw.go.jp/40/index.php?action_kouhyou_detail_004_kani=true&JigyosyoCd=4060391838-00&ServiceCd=130&Type=search", "url2": "https://ohisama-hcs.com/" }, "geometry": { "type": "Point", "coordinates": [ 130.442133, 33.657261700000014 ] } },
{ "type": "Feature", "properties": { "内容": "ナースケアステーションえにし【訪問看護】福岡県福岡市東区香椎駅前3丁目12番1-2号", "url": "https://www.kaigokensaku.mhlw.go.jp/40/index.php?action_kouhyou_detail_004_kani=true&JigyosyoCd=4060391903-00&ServiceCd=130&Type=search", "url2": null }, "geometry": { "type": "Point", "coordinates": [ 130.4422256, 33.6635574 ] } },
{ "type": "Feature", "properties": { "内容": "こころ訪問看護ステーション福岡【訪問看護】福岡県福岡市東区千早2-10-8快田ハイツ203", "url": "https://www.kaigokensaku.mhlw.go.jp/40/index.php?action_kouhyou_detail_004_kani=true&JigyosyoCd=4060391945-00&ServiceCd=130&Type=search", "url2": "https://lifecare-ltd.com/" }, "geometry": { "type": "Point", "coordinates": [ 130.430681871163927, 33.64593815212767 ] } },
{ "type": "Feature", "properties": { "内容": "訪問看護ステーションウィズ【訪問看護】福岡県福岡市東区和白丘2-15-4アトラクティ和白丘201", "url": "https://www.kaigokensaku.mhlw.go.jp/40/index.php?action_kouhyou_detail_004_kani=true&JigyosyoCd=4060391994-00&ServiceCd=130&Type=search", "url2": null }, "geometry": { "type": "Point", "coordinates": [ 130.43046240000001, 33.6928304 ] } },
{ "type": "Feature", "properties": { "内容": "訪問看護ステーションふぁみりあ【訪問看護】香椎駅東3丁目24-62F", "url": "https://www.kaigokensaku.mhlw.go.jp/40/index.php?action_kouhyou_detail_004_kani=true&JigyosyoCd=4060392018-00&ServiceCd=130&Type=search", "url2": null }, "geometry": { "type": "Point", "coordinates": [ 130.4500371, 33.6664786 ] } },
{ "type": "Feature", "properties": { "内容": "ソライエ訪問看護ステーション【訪問看護】福岡県福岡市東区千早2丁目16-34エムズ千早Ⅰ号館202号", "url": "https://www.kaigokensaku.mhlw.go.jp/40/index.php?action_kouhyou_detail_004_kani=true&JigyosyoCd=4060392042-00&ServiceCd=130&Type=search", "url2": null }, "geometry": { "type": "Point", "coordinates": [ 130.4302289, 33.646606 ] } },
{ "type": "Feature", "properties": { "内容": "訪問看護ステーション　ウェルビー多々良【訪問看護】福岡県福岡市東区多々良１丁目56-3ウェルビーメディハウス多々良", "url": "https://www.kaigokensaku.mhlw.go.jp/40/index.php?action_kouhyou_detail_004_kani=true&JigyosyoCd=4060392026-00&ServiceCd=130&Type=search", "url2": null }, "geometry": { "type": "Point", "coordinates": [ 130.4590327, 33.6300912 ] } },
{ "type": "Feature", "properties": { "内容": "看護クラーク福岡東【訪問看護】福岡県福岡市東区舞松原1‐5‐7", "url": "https://www.kaigokensaku.mhlw.go.jp/40/index.php?action_kouhyou_detail_004_kani=true&JigyosyoCd=4060392034-00&ServiceCd=130&Type=search", "url2": null }, "geometry": { "type": "Point", "coordinates": [ 130.4510833, 33.6383004 ] } },
{ "type": "Feature", "properties": { "内容": "VisitNursingガジュマルキッズ【訪問看護】福岡県福岡市東区箱崎4-5-19-303げんきビル303", "url": "https://www.kaigokensaku.mhlw.go.jp/40/index.php?action_kouhyou_detail_004_kani=true&JigyosyoCd=4060390947-00&ServiceCd=130&Type=search", "url2": "http://www.hs-hakata.com/index.html" }, "geometry": { "type": "Point", "coordinates": [ 130.416971660391567, 33.618619749022258 ] } },
{ "type": "Feature", "properties": { "内容": "かんわ訪問看護ステーション【訪問看護】福岡県福岡市東区若宮４丁目3-32大津アパート102号", "url": "https://www.kaigokensaku.mhlw.go.jp/40/index.php?action_kouhyou_detail_004_kani=true&JigyosyoCd=4060391853-00&ServiceCd=130&Type=search", "url2": "http://www.itoclinic-owl.com" }, "geometry": { "type": "Point", "coordinates": [ 130.4452913, 33.6425628 ] } },
{ "type": "Feature", "properties": { "内容": "訪問看護ステーション　まる【訪問看護】福岡県福岡市東区香椎駅東3丁目6－5サンルーム香椎Ⅰ　103", "url": "https://www.kaigokensaku.mhlw.go.jp/40/index.php?action_kouhyou_detail_004_kani=true&JigyosyoCd=4060392059-00&ServiceCd=130&Type=search", "url2": "connected-in-a-circle.jp" }, "geometry": { "type": "Point", "coordinates": [ 130.4496502, 33.6630846 ] } },
{ "type": "Feature", "properties": { "内容": "訪問看護ステーションととのい福岡東【訪問看護】福岡県福岡市東区土井2丁目13-12エスポワール21　202号室", "url": "https://www.kaigokensaku.mhlw.go.jp/40/index.php?action_kouhyou_detail_004_kani=true&JigyosyoCd=4060392067-00&ServiceCd=130&Type=search", "url2": "https://totonoihoukan.jp/" }, "geometry": { "type": "Point", "coordinates": [ 130.4613989, 33.631485 ] } },
{ "type": "Feature", "properties": { "内容": "こども訪問看護ステーションマーガレット【訪問看護】福岡県福岡市東区多々良1丁目48-13", "url": "https://www.kaigokensaku.mhlw.go.jp/40/index.php?action_kouhyou_detail_004_kani=true&JigyosyoCd=4060392083-00&ServiceCd=130&Type=search", "url2": null }, "geometry": { "type": "Point", "coordinates": [ 130.4564669, 33.6310631 ] } },
{ "type": "Feature", "properties": { "内容": "あいず訪問看護ステーション香椎【訪問看護】福岡県福岡市東区香椎駅前2丁目19-25ラクレイス香椎駅前1F-A", "url": "https://www.kaigokensaku.mhlw.go.jp/40/index.php?action_kouhyou_detail_004_kani=true&JigyosyoCd=4060392117-00&ServiceCd=130&Type=search", "url2": "https://www.aizu-company.co.jp" }, "geometry": { "type": "Point", "coordinates": [ 130.4411333, 33.6602487 ] } },
{ "type": "Feature", "properties": { "内容": "訪問看護ステーション太陽の丘【訪問看護】福岡県福岡市東区蒲田５丁目７番30号", "url": "https://www.kaigokensaku.mhlw.go.jp/40/index.php?action_kouhyou_detail_004_kani=true&JigyosyoCd=4060392141-00&ServiceCd=130&Type=search", "url2": null }, "geometry": { "type": "Point", "coordinates": [ 130.492987199999988, 33.6469875 ] } },
{ "type": "Feature", "properties": { "内容": "訪問看護ステーション彩り【訪問看護】福岡県福岡市東区箱崎1-30-17上小寺ハイツ1号室", "url": "https://www.kaigokensaku.mhlw.go.jp/40/index.php?action_kouhyou_detail_004_kani=true&JigyosyoCd=4060392158-00&ServiceCd=130&Type=search", "url2": "https://starfield-irodori.com" }, "geometry": { "type": "Point", "coordinates": [ 130.423347400000011, 33.6193954 ] } },
{ "type": "Feature", "properties": { "内容": "あゆみ訪問看護ステーション福岡東【訪問看護】福岡県福岡市東区箱崎3丁目11－11プレミエール箱崎103", "url": "https://www.kaigokensaku.mhlw.go.jp/40/index.php?action_kouhyou_detail_004_kani=true&JigyosyoCd=4060392166-00&ServiceCd=130&Type=search", "url2": "ayumi-houmon.com" }, "geometry": { "type": "Point", "coordinates": [ 130.423837, 33.620729 ] } },
{ "type": "Feature", "properties": { "内容": "東福岡訪問看護ステーション【訪問看護】福岡県福岡市東区香椎駅前3丁目24番344よろい坂団地", "url": "https://www.kaigokensaku.mhlw.go.jp/40/index.php?action_kouhyou_detail_004_kani=true&JigyosyoCd=4060392182-00&ServiceCd=130&Type=search", "url2": null }, "geometry": { "type": "Point", "coordinates": [ 130.4420833, 33.6644211 ] } },
{ "type": "Feature", "properties": { "内容": "八木病院【訪問看護】福岡県福岡市東区馬出２丁目２１番２５号", "url": "https://www.kaigokensaku.mhlw.go.jp/40/index.php?action_kouhyou_detail_004_kani=true&JigyosyoCd=4010319293-00&ServiceCd=130&Type=search", "url2": "http://www.yagi.or.jp" }, "geometry": { "type": "Point", "coordinates": [ 130.41991059999998, 33.6121277 ] } },
{ "type": "Feature", "properties": { "内容": "訪問看護ステーションそよかぜ【訪問看護】福岡県福岡市東区八田1-4-48アピアリ八田B棟内", "url": "https://www.kaigokensaku.mhlw.go.jp/40/index.php?action_kouhyou_detail_004_kani=true&JigyosyoCd=4060390087-00&ServiceCd=130&Type=search", "url2": "https://www.sfid.jp/houmonkangostation/soyokaze/" }, "geometry": { "type": "Point", "coordinates": [ 130.4268602, 33.64807780000001 ] } },
{ "type": "Feature", "properties": { "内容": "原土井訪問看護リハステーション【訪問看護】福岡市東区青葉7丁目26番1号みどりの在宅総合支援センター", "url": "https://www.kaigokensaku.mhlw.go.jp/40/index.php?action_kouhyou_detail_004_kani=true&JigyosyoCd=4060390111-00&ServiceCd=130&Type=search", "url2": "http://www.haradoi-hospital.com" }, "geometry": { "type": "Point", "coordinates": [ 130.467691987557942, 33.64107822982325 ] } },
{ "type": "Feature", "properties": { "内容": "訪問看護ステーションにしこう博多【訪問看護】福岡県福岡市東区箱崎1丁目28－6", "url": "https://www.kaigokensaku.mhlw.go.jp/40/index.php?action_kouhyou_detail_004_kani=true&JigyosyoCd=4060390400-00&ServiceCd=130&Type=search", "url2": "http://www.nisiko.jp/" }, "geometry": { "type": "Point", "coordinates": [ 130.424663, 33.6140887 ] } },
{ "type": "Feature", "properties": { "内容": "訪問看護ステーションき・ら・ら【訪問看護】福岡県福岡市東区若宮四丁目6番14号", "url": "https://www.kaigokensaku.mhlw.go.jp/40/index.php?action_kouhyou_detail_004_kani=true&JigyosyoCd=4060390475-00&ServiceCd=130&Type=search", "url2": "kagayaki-yuyu.jp" }, "geometry": { "type": "Point", "coordinates": [ 130.447073575224294, 33.640480595927954 ] } },
{ "type": "Feature", "properties": { "内容": "ケアリング訪問看護ステーション【訪問看護】福岡県福岡市東区馬出4丁目3-8", "url": "https://www.kaigokensaku.mhlw.go.jp/40/index.php?action_kouhyou_detail_004_kani=true&JigyosyoCd=4060390582-00&ServiceCd=130&Type=search", "url2": null }, "geometry": { "type": "Point", "coordinates": [ 130.417033, 33.6146635 ] } },
{ "type": "Feature", "properties": { "内容": "訪問看護ステーション　渚【訪問看護】福岡県福岡市箱崎３丁目３２－１１", "url": "https://www.kaigokensaku.mhlw.go.jp/40/index.php?action_kouhyou_detail_004_kani=true&JigyosyoCd=4060390616-00&ServiceCd=130&Type=search", "url2": null }, "geometry": { "type": "Point", "coordinates": [ 130.422305611639416, 33.622288293417121 ] } },
{ "type": "Feature", "properties": { "内容": "在宅リハビリ訪問看護ステーションRe`sela【訪問看護】香住ケ丘2-48-5", "url": "https://www.kaigokensaku.mhlw.go.jp/40/index.php?action_kouhyou_detail_004_kani=true&JigyosyoCd=4060390673-00&ServiceCd=130&Type=search", "url2": null }, "geometry": { "type": "Point", "coordinates": [ 130.4385456, 33.6704269 ] } },
{ "type": "Feature", "properties": { "内容": "訪問看護ステーション　いぶきの風【訪問看護】福岡県福岡市東区千早1丁目6番10号", "url": "https://www.kaigokensaku.mhlw.go.jp/40/index.php?action_kouhyou_detail_004_kani=true&JigyosyoCd=4060390699-00&ServiceCd=130&Type=search", "url2": "https://ibukino-kaze.com/" }, "geometry": { "type": "Point", "coordinates": [ 130.42737539999996, 33.6481181 ] } },
{ "type": "Feature", "properties": { "内容": "カラーズ訪問看護ステーション【訪問看護】福岡県福岡市東区松島4-1-15", "url": "https://www.kaigokensaku.mhlw.go.jp/40/index.php?action_kouhyou_detail_004_kani=true&JigyosyoCd=4060390756-00&ServiceCd=130&Type=search", "url2": "https://colorshouse.jp/" }, "geometry": { "type": "Point", "coordinates": [ 130.432400461116003, 33.628795078271402 ] } },
{ "type": "Feature", "properties": { "内容": "テポーレ訪問看護ステーション【訪問看護】千早2丁目4－10野仲ビル参号館103号室", "url": "https://www.kaigokensaku.mhlw.go.jp/40/index.php?action_kouhyou_detail_004_kani=true&JigyosyoCd=4060390772-00&ServiceCd=130&Type=search", "url2": null }, "geometry": { "type": "Point", "coordinates": [ 130.4328918, 33.6454241 ] } },
{ "type": "Feature", "properties": { "内容": "アップルハート訪問看護ステーション福岡東【訪問看護】福岡県福岡市東区唐原1-2-42LBビル2階", "url": "https://www.kaigokensaku.mhlw.go.jp/40/index.php?action_kouhyou_detail_004_kani=true&JigyosyoCd=4060390822-00&ServiceCd=130&Type=search", "url2": "https://www.aso-kaigo.jp/" }, "geometry": { "type": "Point", "coordinates": [ 130.440028257060476, 33.674458247279432 ] } },
{ "type": "Feature", "properties": { "内容": "香住ヶ丘リハビリ訪問看護ステーション【訪問看護】福岡県福岡市東区香住ヶ丘一丁目7番5号", "url": "https://www.kaigokensaku.mhlw.go.jp/40/index.php?action_kouhyou_detail_004_kani=true&JigyosyoCd=4060390996-00&ServiceCd=130&Type=search", "url2": "http://care-net.biz/40/kasumigaoka_houkan/" }, "geometry": { "type": "Point", "coordinates": [ 130.439926199999945, 33.6678466 ] } },
{ "type": "Feature", "properties": { "内容": "福岡みらい病院訪問看護ステーション【訪問看護】福岡県福岡市東区香椎照葉3丁目5番1号", "url": "https://www.kaigokensaku.mhlw.go.jp/40/index.php?action_kouhyou_detail_004_kani=true&JigyosyoCd=4060391002-00&ServiceCd=130&Type=search", "url2": "https://www.fukuoka-m" }, "geometry": { "type": "Point", "coordinates": [ 130.418299700000034, 33.6606706 ] } },
{ "type": "Feature", "properties": { "内容": "香椎原病院訪問看護ステーション【訪問看護】香椎3丁目3番1号", "url": "https://www.kaigokensaku.mhlw.go.jp/40/index.php?action_kouhyou_detail_004_kani=true&JigyosyoCd=4060391044-00&ServiceCd=130&Type=search", "url2": "http://www.kashiihara.or.jp/" }, "geometry": { "type": "Point", "coordinates": [ 130.450890100000038, 33.6571538 ] } },
{ "type": "Feature", "properties": { "内容": "夕焼け訪問看護ステーション【訪問看護】福岡県福岡市東区舞松原6丁目16-7サンティール舞松原Ａ棟101号", "url": "https://www.kaigokensaku.mhlw.go.jp/40/index.php?action_kouhyou_detail_004_kani=true&JigyosyoCd=4060391101-00&ServiceCd=130&Type=search", "url2": null }, "geometry": { "type": "Point", "coordinates": [ 130.452899200000047, 33.6421612 ] } },
{ "type": "Feature", "properties": { "内容": "たいよう訪問看護ステーション【訪問看護】福岡県福岡市東区多の津４丁目２０－１２", "url": "https://www.kaigokensaku.mhlw.go.jp/40/index.php?action_kouhyou_detail_004_kani=true&JigyosyoCd=4060391226-00&ServiceCd=130&Type=search", "url2": "http://hp.kaipoke.biz/13p/" }, "geometry": { "type": "Point", "coordinates": [ 130.4460426, 33.6228351 ] } },
{ "type": "Feature", "properties": { "内容": "アメリ訪問看護ステーション香椎下原【訪問看護】福岡県福岡市東区下原3-15-3", "url": "https://www.kaigokensaku.mhlw.go.jp/40/index.php?action_kouhyou_detail_004_kani=true&JigyosyoCd=4060391234-00&ServiceCd=130&Type=search", "url2": "https://gracehome-ameri.jp" }, "geometry": { "type": "Point", "coordinates": [ 130.459512965606706, 33.674310179120226 ] } },
{ "type": "Feature", "properties": { "内容": "訪問看護ステーション暖母【訪問看護】箱崎5-11-10-9貝塚ガーデンシティー", "url": "https://www.kaigokensaku.mhlw.go.jp/40/index.php?action_kouhyou_detail_004_kani=true&JigyosyoCd=4060391242-00&ServiceCd=130&Type=search", "url2": "ｂｉｇｔｏｗｎーｆｕｋｕｏｋａ.ｃｏｍ" }, "geometry": { "type": "Point", "coordinates": [ 130.421822533868436, 33.630651713788403 ] } },
{ "type": "Feature", "properties": { "内容": "SJR千早訪問看護ステーション【訪問看護】水谷二丁目50番1号SJR千早", "url": "https://www.kaigokensaku.mhlw.go.jp/40/index.php?action_kouhyou_detail_004_kani=true&JigyosyoCd=4060391432-00&ServiceCd=130&Type=search", "url2": "https://www.sjr-jr.co.jp/" }, "geometry": { "type": "Point", "coordinates": [ 130.440003100000041, 33.6480461 ] } },
{ "type": "Feature", "properties": { "内容": "ソフィアメディ訪問看護ステーション福岡東【訪問看護】福岡県福岡市東区香椎駅前3-8-3香椎駅前ビル2階", "url": "https://www.kaigokensaku.mhlw.go.jp/40/index.php?action_kouhyou_detail_004_kani=true&JigyosyoCd=4060391531-00&ServiceCd=130&Type=search", "url2": "https://www.sophiamedi.co.jp/station/fukuokahigashi/" }, "geometry": { "type": "Point", "coordinates": [ 130.440005899999989, 33.6636115 ] } },
{ "type": "Feature", "properties": { "内容": "訪問看護ステーションクリーンケア【訪問看護】福岡県福岡市東区香椎駅前1丁目17-43-801ベリタスビル", "url": "https://www.kaigokensaku.mhlw.go.jp/40/index.php?action_kouhyou_detail_004_kani=true&JigyosyoCd=4060391622-00&ServiceCd=130&Type=search", "url2": "https://cleancare-fukuoka.com/" }, "geometry": { "type": "Point", "coordinates": [ 130.44226230000001, 33.6597249 ] } },
{ "type": "Feature", "properties": { "内容": "すずらん訪問看護ステーション【訪問看護】福岡県福岡市東区名島1-1-28", "url": "https://www.kaigokensaku.mhlw.go.jp/40/index.php?action_kouhyou_detail_004_kani=true&JigyosyoCd=4060391630-00&ServiceCd=130&Type=search", "url2": null }, "geometry": { "type": "Point", "coordinates": [ 130.4249624, 33.6480092 ] } },
{ "type": "Feature", "properties": { "内容": "訪問看護ステーションひおり【訪問看護】福岡県福岡市東区三苫3丁目10番4号", "url": "https://www.kaigokensaku.mhlw.go.jp/40/index.php?action_kouhyou_detail_004_kani=true&JigyosyoCd=4060391663-00&ServiceCd=130&Type=search", "url2": "https://hiori.info" }, "geometry": { "type": "Point", "coordinates": [ 130.416953, 33.6987485 ] } },
{ "type": "Feature", "properties": { "内容": "りはぷる訪問看護ステーション【訪問看護】福岡県福岡市東区和白丘1丁目22番22号金島ビル3階", "url": "https://www.kaigokensaku.mhlw.go.jp/40/index.php?action_kouhyou_detail_004_kani=true&JigyosyoCd=4060391812-00&ServiceCd=130&Type=search", "url2": "rehapro.nursingcare.improboth.com" }, "geometry": { "type": "Point", "coordinates": [ 130.440276899999986, 33.6988928 ] } },
{ "type": "Feature", "properties": { "内容": "訪問看護ステーションさくらガーデン【訪問看護】福岡県福岡市東区和白2丁目5－28レントハウス和白ビル２階", "url": "https://www.kaigokensaku.mhlw.go.jp/40/index.php?action_kouhyou_detail_004_kani=true&JigyosyoCd=4060391259-00&ServiceCd=130&Type=search", "url2": null }, "geometry": { "type": "Point", "coordinates": [ 130.4345419, 33.6861151 ] } },
{ "type": "Feature", "properties": { "内容": "ますとみ訪問看護ステーシヨン【訪問看護】福岡県福岡市東区香椎駅前2丁目４－９－２F「百年はもう」2階事務所", "url": "https://www.kaigokensaku.mhlw.go.jp/40/index.php?action_kouhyou_detail_004_kani=true&JigyosyoCd=4060390467-00&ServiceCd=130&Type=search", "url2": null }, "geometry": { "type": "Point", "coordinates": [ 130.438677423942579, 33.658085469748691 ] } },
{ "type": "Feature", "properties": { "内容": "訪問看護ステーションTOMO照葉【訪問看護】福岡市東区香椎照葉5-1-15", "url": "https://www.kaigokensaku.mhlw.go.jp/40/index.php?action_kouhyou_detail_004_kani=true&JigyosyoCd=4060391796-00&ServiceCd=130&Type=search", "url2": "https://hhn-tomo.life/office/tomo-teriha.html" }, "geometry": { "type": "Point", "coordinates": [ 130.4166098, 33.6627308 ] } },
{ "type": "Feature", "properties": { "内容": "訪問看護ステーション　さんすまいるいちご【訪問看護】福岡県福岡市東区唐原7丁目15番地51号", "url": "https://www.kaigokensaku.mhlw.go.jp/40/index.php?action_kouhyou_detail_004_kani=true&JigyosyoCd=4060392075-00&ServiceCd=130&Type=search", "url2": null }, "geometry": { "type": "Point", "coordinates": [ 130.448694499999988, 33.6756476 ] } },
{ "type": "Feature", "properties": { "内容": "貝塚病院　訪問看護ステーション【訪問看護】福岡市東区箱崎７丁目７番３４号", "url": "https://www.kaigokensaku.mhlw.go.jp/40/index.php?action_kouhyou_detail_004_kani=true&JigyosyoCd=4060390509-00&ServiceCd=130&Type=search", "url2": "www.kaizuka-hosp.or.jp/" }, "geometry": { "type": "Point", "coordinates": [ 130.4252028465271, 33.635372241022274 ] } },
{ "type": "Feature", "properties": { "内容": "アイエック訪問看護ステーション東部【訪問看護】福岡県福岡市東区箱崎ふ頭3-3-21レクサスガーデン箱崎タワーズEAST1403", "url": "https://www.kaigokensaku.mhlw.go.jp/40/index.php?action_kouhyou_detail_004_kani=true&JigyosyoCd=4060391010-00&ServiceCd=130&Type=search", "url2": "http://evidencecare.jp" }, "geometry": { "type": "Point", "coordinates": [ 130.421081586991505, 33.636386263826175 ] } },
{ "type": "Feature", "properties": { "内容": "ライズ訪問看護ステーション吉塚【訪問看護】馬出1-2-23岡部ビル　202号室", "url": "https://www.kaigokensaku.mhlw.go.jp/40/index.php?action_kouhyou_detail_004_kani=true&JigyosyoCd=4060391473-00&ServiceCd=130&Type=search", "url2": "https://www.rise-visit.jp/" }, "geometry": { "type": "Point", "coordinates": [ 130.422798614068768, 33.607830780342262 ] } },
{ "type": "Feature", "properties": { "内容": "母子・小児訪問看護ステーションオリーブエイドふくおか【訪問看護】福岡市東区二又瀬１丁目33大丸マンション1階", "url": "https://www.kaigokensaku.mhlw.go.jp/40/index.php?action_kouhyou_detail_004_kani=true&JigyosyoCd=4060392224-00&ServiceCd=130&Type=search", "url2": "https://shusikai-group.jp/" }, "geometry": { "type": "Point", "coordinates": [ 130.4384221, 33.6077756 ] } },
{ "type": "Feature", "properties": { "内容": "訪問看護ステーション花火東店【訪問看護】福岡県福岡市東区美和台新町32‐10ニュージーコートB　102号", "url": "https://www.kaigokensaku.mhlw.go.jp/40/index.php?action_kouhyou_detail_004_kani=true&JigyosyoCd=4060392000-00&ServiceCd=130&Type=search", "url2": "https://hanabi-nurse.co.jp/" }, "geometry": { "type": "Point", "coordinates": [ 130.42395, 33.707191500000015 ] } },
{ "type": "Feature", "properties": { "内容": "つばめ訪問看護ステーション【訪問看護】多の津5丁目23-18オフィスパレア多の津ⅡC-1", "url": "https://www.kaigokensaku.mhlw.go.jp/40/index.php?action_kouhyou_detail_004_kani=true&JigyosyoCd=4060392174-00&ServiceCd=130&Type=search", "url2": "https://tsubame-v.com/" }, "geometry": { "type": "Point", "coordinates": [ 130.450777996958948, 33.623593555538385 ] } },
{ "type": "Feature", "properties": { "内容": "訪問看護ステーション　しんゆう【訪問看護】香椎駅前2丁目9－22レクサスガーデン香椎駅前8階1801号", "url": "https://www.kaigokensaku.mhlw.go.jp/40/index.php?action_kouhyou_detail_004_kani=true&JigyosyoCd=4060391895-00&ServiceCd=130&Type=search", "url2": null }, "geometry": { "type": "Point", "coordinates": [ 130.440150499999987, 33.6581701 ] } },
{ "type": "Feature", "properties": { "内容": "訪問看護ステーションＮＲＦ【訪問看護】香椎６丁目１番９号リバーストーン香椎Ⅱ６０２号", "url": "https://www.kaigokensaku.mhlw.go.jp/40/index.php?action_kouhyou_detail_004_kani=true&JigyosyoCd=4060392091-00&ServiceCd=130&Type=search", "url2": null }, "geometry": { "type": "Point", "coordinates": [ 130.4522599, 33.6510139 ] } },
{ "type": "Feature", "properties": { "内容": "NewGate訪問看護ステーション　東福岡支店【訪問看護】福岡県福岡市東区名島1-10-1ガレット名島2号室", "url": "https://www.kaigokensaku.mhlw.go.jp/40/index.php?action_kouhyou_detail_004_kani=true&JigyosyoCd=4060392190-00&ServiceCd=130&Type=search", "url2": "https://new-gate.jp/" }, "geometry": { "type": "Point", "coordinates": [ 130.4248387, 33.6462339 ] } },
{ "type": "Feature", "properties": { "内容": "なごみ訪問看護ステーション【訪問看護】福岡県福岡市東区千早2丁目２１－１１", "url": "https://www.kaigokensaku.mhlw.go.jp/40/index.php?action_kouhyou_detail_004_kani=true&JigyosyoCd=4060390152-00&ServiceCd=130&Type=search", "url2": "http://www.nagomikango.com" }, "geometry": { "type": "Point", "coordinates": [ 130.4327806, 33.6474989 ] } },
{ "type": "Feature", "properties": { "内容": "ライフスタイル訪問看護ステーション【訪問看護】福岡県福岡市東区松崎3-30-12ヴェルデヒルズ105号", "url": "https://www.kaigokensaku.mhlw.go.jp/40/index.php?action_kouhyou_detail_004_kani=true&JigyosyoCd=4060391028-00&ServiceCd=130&Type=search", "url2": "https://lifestyle310.net/" }, "geometry": { "type": "Point", "coordinates": [ 130.438919599999963, 33.6390001 ] } },
{ "type": "Feature", "properties": { "内容": "エデュコ訪問看護ステーション東【訪問看護】下原1-11-17ビューテラス香椎102号", "url": "https://www.kaigokensaku.mhlw.go.jp/40/index.php?action_kouhyou_detail_004_kani=true&JigyosyoCd=4060391408-00&ServiceCd=130&Type=search", "url2": "https://educo-care.com/" }, "geometry": { "type": "Point", "coordinates": [ 130.453094, 33.670226400000011 ] } },
{ "type": "Feature", "properties": { "内容": "スマイルケア訪問看護ステーション東【訪問看護】福岡県福岡市東区八田3-4-13サクラテラス八田壱番館101", "url": "https://www.kaigokensaku.mhlw.go.jp/40/index.php?action_kouhyou_detail_004_kani=true&JigyosyoCd=4060391416-00&ServiceCd=130&Type=search", "url2": "http://smile-kaigo.com/" }, "geometry": { "type": "Point", "coordinates": [ 130.4536936, 33.6391815 ] } },
{ "type": "Feature", "properties": { "内容": "あおぞらの里　和白訪問看護ステーション【訪問看護】福岡市東区和白東一丁目16番10号", "url": "https://www.kaigokensaku.mhlw.go.jp/40/index.php?action_kouhyou_detail_004_kani=true&JigyosyoCd=4060390186-00&ServiceCd=130&Type=search", "url2": "https://www.cedar-group.co.jp" }, "geometry": { "type": "Point", "coordinates": [ 130.435314699999907, 33.6884804 ] } },
{ "type": "Feature", "properties": { "内容": "在宅看護センターReirChihaya【訪問看護】福岡県福岡市東区千早2丁目30番1号", "url": "https://www.kaigokensaku.mhlw.go.jp/40/index.php?action_kouhyou_detail_004_kani=true&JigyosyoCd=4060390814-00&ServiceCd=130&Type=search", "url2": "https://reir2016.org" }, "geometry": { "type": "Point", "coordinates": [ 130.434688749858282, 33.64870231037051 ] } },
{ "type": "Feature", "properties": { "内容": "訪問看護ステーション海【訪問看護】名島3丁目4番7号多賀興産ビル3階", "url": "https://www.kaigokensaku.mhlw.go.jp/40/index.php?action_kouhyou_detail_004_kani=true&JigyosyoCd=4060392257-00&ServiceCd=130&Type=search", "url2": null }, "geometry": { "type": "Point", "coordinates": [ 130.430188, 33.6430383 ] } },
{ "type": "Feature", "properties": { "内容": "訪問看護ステーションmam【訪問看護】福岡県福岡市博多区東那珂2丁目10-55原まるまん第一ビル405", "url": "https://www.kaigokensaku.mhlw.go.jp/40/index.php?action_kouhyou_detail_004_kani=true&JigyosyoCd=4060391135-00&ServiceCd=130&Type=search", "url2": null }, "geometry": { "type": "Point", "coordinates": [ 130.445849299999963, 33.575823 ] } },
{ "type": "Feature", "properties": { "内容": "住マイル訪問看護ステーション【訪問看護】福岡県福岡市博多区祇園町3-6", "url": "https://www.kaigokensaku.mhlw.go.jp/40/index.php?action_kouhyou_detail_004_kani=true&JigyosyoCd=4060391366-00&ServiceCd=130&Type=search", "url2": null }, "geometry": { "type": "Point", "coordinates": [ 130.4142656, 33.592167199999984 ] } },
{ "type": "Feature", "properties": { "内容": "訪問看護ステーション　デューン福岡南【訪問看護】諸岡3-6-15KSJビル3階302号", "url": "https://www.kaigokensaku.mhlw.go.jp/40/index.php?action_kouhyou_detail_004_kani=true&JigyosyoCd=4060391457-00&ServiceCd=130&Type=search", "url2": "https://www.nfield.co.jp/" }, "geometry": { "type": "Point", "coordinates": [ 130.4459556, 33.5620982 ] } },
{ "type": "Feature", "properties": { "内容": "訪問看護ステーション　フォーリーフ【訪問看護】福岡県福岡市博多区博多駅東2－4－16福泉第一ビル4階C号", "url": "https://www.kaigokensaku.mhlw.go.jp/40/index.php?action_kouhyou_detail_004_kani=true&JigyosyoCd=4060391655-00&ServiceCd=130&Type=search", "url2": "http://hp.kaipoke.biz/zyw/" }, "geometry": { "type": "Point", "coordinates": [ 130.4237952, 33.5885079 ] } },
{ "type": "Feature", "properties": { "内容": "訪問看護ステーション　福【訪問看護】福岡県福岡市博多区東光2-17-17コーポラス東光403", "url": "https://www.kaigokensaku.mhlw.go.jp/40/index.php?action_kouhyou_detail_004_kani=true&JigyosyoCd=4060391614-00&ServiceCd=130&Type=search", "url2": null }, "geometry": { "type": "Point", "coordinates": [ 130.4275199, 33.5922358 ] } },
{ "type": "Feature", "properties": { "内容": "訪問看護ステーション陽花【訪問看護】福岡県福岡市博多区東比恵2丁目17番23号1007ローズマンション第一博多ローズマンション第一博多1007号", "url": "https://www.kaigokensaku.mhlw.go.jp/40/index.php?action_kouhyou_detail_004_kani=true&JigyosyoCd=4060390921-00&ServiceCd=130&Type=search", "url2": null }, "geometry": { "type": "Point", "coordinates": [ 130.4452427, 33.5747983 ] } },
{ "type": "Feature", "properties": { "内容": "株式会社ドリームホールディングス【訪問看護】福岡県福岡市博多区御供所町1-9博多セントラルビル　8F", "url": "https://www.kaigokensaku.mhlw.go.jp/40/index.php?action_kouhyou_detail_004_kani=true&JigyosyoCd=4060391697-00&ServiceCd=130&Type=search", "url2": null }, "geometry": { "type": "Point", "coordinates": [ 130.414807700000011, 33.5942103 ] } },
{ "type": "Feature", "properties": { "内容": "なないろ訪問看護ステーション【訪問看護】福岡県福岡市博多区博多駅南6‐4‐23　2F", "url": "https://www.kaigokensaku.mhlw.go.jp/40/index.php?action_kouhyou_detail_004_kani=true&JigyosyoCd=4060391721-00&ServiceCd=130&Type=search", "url2": "https://nanairo-h.my.canva.site/" }, "geometry": { "type": "Point", "coordinates": [ 130.433527, 33.576727 ] } },
{ "type": "Feature", "properties": { "内容": "ナーシングスター福岡訪問看護ステーション【訪問看護】福岡県福岡市博多区住吉2丁目12-13OHbldNo.5811号室", "url": "https://www.kaigokensaku.mhlw.go.jp/40/index.php?action_kouhyou_detail_004_kani=true&JigyosyoCd=4060391382-00&ServiceCd=130&Type=search", "url2": "jmw.co.jp" }, "geometry": { "type": "Point", "coordinates": [ 130.4116914, 33.5862422 ] } },
{ "type": "Feature", "properties": { "内容": "株式会社VNS訪問看護ステーションタブリス【訪問看護】福岡県福岡市博多区博多駅前３丁目２５番２１号博多駅前ビジネスセンター５階", "url": "https://www.kaigokensaku.mhlw.go.jp/40/index.php?action_kouhyou_detail_004_kani=true&JigyosyoCd=4060391713-00&ServiceCd=130&Type=search", "url2": "http://vns-japan.com" }, "geometry": { "type": "Point", "coordinates": [ 130.417082134206595, 33.589362962138296 ] } },
{ "type": "Feature", "properties": { "内容": "HomeNursingStationからふる【訪問看護】東光2丁目5-14第5平野ビル302", "url": "https://www.kaigokensaku.mhlw.go.jp/40/index.php?action_kouhyou_detail_004_kani=true&JigyosyoCd=4060391861-00&ServiceCd=130&Type=search", "url2": "https://hns-colorful.com" }, "geometry": { "type": "Point", "coordinates": [ 130.4277931, 33.5957383 ] } },
{ "type": "Feature", "properties": { "内容": "PDハウス福岡訪問看護ステーション【訪問看護】福岡市博多区博多駅前3丁目27-24博多タナカビル5階", "url": "https://www.kaigokensaku.mhlw.go.jp/40/index.php?action_kouhyou_detail_004_kani=true&JigyosyoCd=4060391879-00&ServiceCd=130&Type=search", "url2": "https://sunwels.jp/pdh/" }, "geometry": { "type": "Point", "coordinates": [ 130.4152253, 33.5895738 ] } },
{ "type": "Feature", "properties": { "内容": "訪問看護ステーションみくり【訪問看護】吉塚本町２番４４号３０５", "url": "https://www.kaigokensaku.mhlw.go.jp/40/index.php?action_kouhyou_detail_004_kani=true&JigyosyoCd=4060391887-00&ServiceCd=130&Type=search", "url2": "https://mikuri.biz" }, "geometry": { "type": "Point", "coordinates": [ 130.4239651, 33.6043217 ] } },
{ "type": "Feature", "properties": { "内容": "訪問看護ステーションメローナ【訪問看護】福岡県福岡市博多区５丁目13-24エスポアール笹原103", "url": "https://www.kaigokensaku.mhlw.go.jp/40/index.php?action_kouhyou_detail_004_kani=true&JigyosyoCd=4060391911-00&ServiceCd=130&Type=search", "url2": "https://www.melo-na.cresia-n.co.jp" }, "geometry": { "type": "Point", "coordinates": [ 130.437270899999987, 33.5835196 ] } },
{ "type": "Feature", "properties": { "内容": "セノーテ訪問看護　福岡空港ステーション【訪問看護】福岡県福岡市博多区吉塚4-10-48福岡インタービル　3-B号室", "url": "https://www.kaigokensaku.mhlw.go.jp/40/index.php?action_kouhyou_detail_004_kani=true&JigyosyoCd=4060391937-00&ServiceCd=130&Type=search", "url2": "https://www.bgmgroup.co.jp/fusion/fukuoka/" }, "geometry": { "type": "Point", "coordinates": [ 130.4334639, 33.6002515 ] } },
{ "type": "Feature", "properties": { "内容": "タカラ訪問看護ステーション【訪問看護】那珂１丁目2-5", "url": "https://www.kaigokensaku.mhlw.go.jp/40/index.php?action_kouhyou_detail_004_kani=true&JigyosyoCd=4060391960-00&ServiceCd=130&Type=search", "url2": "https://takara-houkan.jp/" }, "geometry": { "type": "Point", "coordinates": [ 130.437474, 33.5737664 ] } },
{ "type": "Feature", "properties": { "内容": "看護クラーク博多筑紫【訪問看護】東光寺町一丁目24番1号", "url": "https://www.kaigokensaku.mhlw.go.jp/40/index.php?action_kouhyou_detail_004_kani=true&JigyosyoCd=4060391846-00&ServiceCd=130&Type=search", "url2": "https://cuc-hospice.com/" }, "geometry": { "type": "Point", "coordinates": [ 130.4321562, 33.5754212 ] } },
{ "type": "Feature", "properties": { "内容": "アムナス博多　訪問看護ステーション【訪問看護】福岡県福岡市博多区住吉3-9-1カワイアーバンビルⅡ　711号", "url": "https://www.kaigokensaku.mhlw.go.jp/40/index.php?action_kouhyou_detail_004_kani=true&JigyosyoCd=4060390301-00&ServiceCd=130&Type=search", "url2": "https://amnus-hakata.com" }, "geometry": { "type": "Point", "coordinates": [ 130.4109118, 33.5851889 ] } },
{ "type": "Feature", "properties": { "内容": "訪問看護ステーションアロアロ～aloalo～【訪問看護】福岡県福岡市博多区立花寺２丁目20-20", "url": "https://www.kaigokensaku.mhlw.go.jp/40/index.php?action_kouhyou_detail_004_kani=true&JigyosyoCd=4060391770-00&ServiceCd=130&Type=search", "url2": null }, "geometry": { "type": "Point", "coordinates": [ 130.4708364, 33.566365500000018 ] } },
{ "type": "Feature", "properties": { "内容": "柏愛会訪問看護ステーション【訪問看護】福岡県福岡市博多区浦田1丁目11-15", "url": "https://www.kaigokensaku.mhlw.go.jp/40/index.php?action_kouhyou_detail_004_kani=true&JigyosyoCd=4060390954-00&ServiceCd=130&Type=search", "url2": null }, "geometry": { "type": "Point", "coordinates": [ 130.478138, 33.5761634 ] } },
{ "type": "Feature", "properties": { "内容": "訪問看護ステーションふくの木　博多【訪問看護】福岡県福岡市博多区吉塚1-39-9MFビル2号室", "url": "https://www.kaigokensaku.mhlw.go.jp/40/index.php?action_kouhyou_detail_004_kani=true&JigyosyoCd=4060392109-00&ServiceCd=130&Type=search", "url2": null }, "geometry": { "type": "Point", "coordinates": [ 130.4249098, 33.6001841 ] } },
{ "type": "Feature", "properties": { "内容": "ナースステーション博多【訪問看護】福岡県福岡市博多区月隈3丁目23番4号", "url": "https://www.kaigokensaku.mhlw.go.jp/40/index.php?action_kouhyou_detail_004_kani=true&JigyosyoCd=4060392133-00&ServiceCd=130&Type=search", "url2": "https://heartbeat-2010.co.jp" }, "geometry": { "type": "Point", "coordinates": [ 130.465069637434397, 33.571817695301782 ] } },
{ "type": "Feature", "properties": { "内容": "クムケア訪問看護福岡ステーション【訪問看護】福岡市博多区中洲五丁目6番24号第6ガーデンビル5階A号室", "url": "https://www.kaigokensaku.mhlw.go.jp/40/index.php?action_kouhyou_detail_004_kani=true&JigyosyoCd=4061192573-00&ServiceCd=130&Type=search", "url2": "https://houkan.kumucare.jp/" }, "geometry": { "type": "Point", "coordinates": [ 130.4047749, 33.5944745 ] } },
{ "type": "Feature", "properties": { "内容": "福岡市医師会訪問看護ステーション東部【訪問看護】福岡市博多区千代４丁目２９番２４号三原第３ビル　６Ｆ", "url": "https://www.kaigokensaku.mhlw.go.jp/40/index.php?action_kouhyou_detail_004_kani=true&JigyosyoCd=4060390012-00&ServiceCd=130&Type=search", "url2": "http://www.city.fukuoka.med.or.jp" }, "geometry": { "type": "Point", "coordinates": [ 130.416294500000049, 33.6058423 ] } },
{ "type": "Feature", "properties": { "内容": "公益社団法人福岡医療団　訪問看護ステーションわかば【訪問看護】福岡市博多区千代3丁目3-4第15岡部ビル2階", "url": "https://www.kaigokensaku.mhlw.go.jp/40/index.php?action_kouhyou_detail_004_kani=true&JigyosyoCd=4060390046-00&ServiceCd=130&Type=search", "url2": "www.iryoudan-net.jp" }, "geometry": { "type": "Point", "coordinates": [ 130.411636700000031, 33.601489800000017 ] } },
{ "type": "Feature", "properties": { "内容": "友田病院訪問看護リハビリステーション【訪問看護】福岡県福岡市博多区諸岡3丁目10番18号ゆうあいデンタルクリニック3階", "url": "https://www.kaigokensaku.mhlw.go.jp/40/index.php?action_kouhyou_detail_004_kani=true&JigyosyoCd=4060390145-00&ServiceCd=130&Type=search", "url2": "houmonsimizu@gmail.com" }, "geometry": { "type": "Point", "coordinates": [ 130.447263, 33.5597422 ] } },
{ "type": "Feature", "properties": { "内容": "訪問看護ステーション吉塚【訪問看護】福岡県福岡市博多区吉塚7丁目６番２９号", "url": "https://www.kaigokensaku.mhlw.go.jp/40/index.php?action_kouhyou_detail_004_kani=true&JigyosyoCd=4060390459-00&ServiceCd=130&Type=search", "url2": "http://www.lta-med.com/" }, "geometry": { "type": "Point", "coordinates": [ 130.432409900000039, 33.60807 ] } },
{ "type": "Feature", "properties": { "内容": "訪問看護ステーションＴＯＭＯ博多【訪問看護】福岡市博多区奈良屋町9-18", "url": "https://www.kaigokensaku.mhlw.go.jp/40/index.php?action_kouhyou_detail_004_kani=true&JigyosyoCd=4060390483-00&ServiceCd=130&Type=search", "url2": "http://human-loop.com" }, "geometry": { "type": "Point", "coordinates": [ 130.405076802200227, 33.599559767589014 ] } },
{ "type": "Feature", "properties": { "内容": "訪問看護ステーションＴＯＭＯ南【訪問看護】福岡市博多区春町1丁目4番5号", "url": "https://www.kaigokensaku.mhlw.go.jp/40/index.php?action_kouhyou_detail_004_kani=true&JigyosyoCd=4060390491-00&ServiceCd=130&Type=search", "url2": "http://human-loop.com/" }, "geometry": { "type": "Point", "coordinates": [ 130.468497399999933, 33.5439975 ] } },
{ "type": "Feature", "properties": { "内容": "ケア21メディカル訪問看護ステーションぴ～す月隈【訪問看護】福岡県福岡市博多区東月隈4-2-15", "url": "https://www.kaigokensaku.mhlw.go.jp/40/index.php?action_kouhyou_detail_004_kani=true&JigyosyoCd=4060390681-00&ServiceCd=130&Type=search", "url2": null }, "geometry": { "type": "Point", "coordinates": [ 130.472316299999989, 33.5781407 ] } },
{ "type": "Feature", "properties": { "内容": "かねのくま訪問看護ステーション【訪問看護】福岡市博多区金の隈3丁目24-16", "url": "https://www.kaigokensaku.mhlw.go.jp/40/index.php?action_kouhyou_detail_004_kani=true&JigyosyoCd=4060390848-00&ServiceCd=130&Type=search", "url2": "http://kanenokuma-hp.jp" }, "geometry": { "type": "Point", "coordinates": [ 130.481179600000047, 33.556488 ] } },
{ "type": "Feature", "properties": { "内容": "さわやか訪問看護ステーション福岡【訪問看護】福岡県福岡市博多区立花寺173-15介護付き有料老人ホーム　さわやか立花館　２F", "url": "https://www.kaigokensaku.mhlw.go.jp/40/index.php?action_kouhyou_detail_004_kani=true&JigyosyoCd=4060390855-00&ServiceCd=130&Type=search", "url2": "houkan_fukuoka@sawayakaclub.jp" }, "geometry": { "type": "Point", "coordinates": [ 130.4754524, 33.5691974 ] } },
{ "type": "Feature", "properties": { "内容": "アップルハート訪問看護ステーション博多【訪問看護】福岡県福岡市博多区諸岡1-23-5", "url": "https://www.kaigokensaku.mhlw.go.jp/40/index.php?action_kouhyou_detail_004_kani=true&JigyosyoCd=4060390970-00&ServiceCd=130&Type=search", "url2": "http://www.aso-kaigo.jp" }, "geometry": { "type": "Point", "coordinates": [ 130.447468942746269, 33.561946495365959 ] } },
{ "type": "Feature", "properties": { "内容": "エデュコ訪問看護ステーション博多【訪問看護】月隈２丁目６ー３　YKフラット２", "url": "https://www.kaigokensaku.mhlw.go.jp/40/index.php?action_kouhyou_detail_004_kani=true&JigyosyoCd=4060391051-00&ServiceCd=130&Type=search", "url2": "https://educo-care.com/" }, "geometry": { "type": "Point", "coordinates": [ 130.469954703551849, 33.578545332826138 ] } },
{ "type": "Feature", "properties": { "内容": "訪問看護ステーションラぺ博多【訪問看護】福岡県福岡市博多区博多駅南3-15-20", "url": "https://www.kaigokensaku.mhlw.go.jp/40/index.php?action_kouhyou_detail_004_kani=true&JigyosyoCd=4060391069-00&ServiceCd=130&Type=search", "url2": null }, "geometry": { "type": "Point", "coordinates": [ 130.423766800000067, 33.5811059 ] } },
{ "type": "Feature", "properties": { "内容": "訪問看護ステーションあおぞら福岡【訪問看護】福岡県福岡市博多区東光2丁目2番22号第一ヒラノビル203号室", "url": "https://www.kaigokensaku.mhlw.go.jp/40/index.php?action_kouhyou_detail_004_kani=true&JigyosyoCd=4060391200-00&ServiceCd=130&Type=search", "url2": "https://www.aozora-gp.com/" }, "geometry": { "type": "Point", "coordinates": [ 130.426303032908976, 33.595336151780216 ] } },
{ "type": "Feature", "properties": { "内容": "桜十字訪問看護ステーション博多駅南【訪問看護】福岡県福岡市博多区博多駅南4-17-6F-6D第五西田ビル2階-H号室", "url": "https://www.kaigokensaku.mhlw.go.jp/40/index.php?action_kouhyou_detail_004_kani=true&JigyosyoCd=4060391267-00&ServiceCd=130&Type=search", "url2": null }, "geometry": { "type": "Point", "coordinates": [ 130.429040004260258, 33.581756945379112 ] } },
{ "type": "Feature", "properties": { "内容": "訪問看護ステーション翔【訪問看護】福岡市博多区博多駅南2丁目13-18ヒルクレスト博多駅南304号", "url": "https://www.kaigokensaku.mhlw.go.jp/40/index.php?action_kouhyou_detail_004_kani=true&JigyosyoCd=4060391325-00&ServiceCd=130&Type=search", "url2": "https://care-style.jp/" }, "geometry": { "type": "Point", "coordinates": [ 130.4211802, 33.5825475 ] } },
{ "type": "Feature", "properties": { "内容": "プラチナ訪問看護ステーション博多【訪問看護】福岡市博多区竹下四丁目14番37号", "url": "https://www.kaigokensaku.mhlw.go.jp/40/index.php?action_kouhyou_detail_004_kani=true&JigyosyoCd=4060391333-00&ServiceCd=130&Type=search", "url2": null }, "geometry": { "type": "Point", "coordinates": [ 130.432886200000013, 33.5680693 ] } },
{ "type": "Feature", "properties": { "内容": "ほほえみ訪問看護リハビリステーション【訪問看護】光丘町1-3-5-406第一光ヶ丘ハイツ", "url": "https://www.kaigokensaku.mhlw.go.jp/40/index.php?action_kouhyou_detail_004_kani=true&JigyosyoCd=4060391358-00&ServiceCd=130&Type=search", "url2": "https://shin-hohoemi.com/" }, "geometry": { "type": "Point", "coordinates": [ 130.466308699999985, 33.5392207 ] } },
{ "type": "Feature", "properties": { "内容": "訪問看護ナーシングプラス土屋　福岡【訪問看護】福岡県福岡市博多区浦田1-11-10第5元木ビル206号室", "url": "https://www.kaigokensaku.mhlw.go.jp/40/index.php?action_kouhyou_detail_004_kani=true&JigyosyoCd=4060391374-00&ServiceCd=130&Type=search", "url2": "https://ns-tcy.com/" }, "geometry": { "type": "Point", "coordinates": [ 130.4777187, 33.5766036 ] } },
{ "type": "Feature", "properties": { "内容": "クラッチケア訪問看護ステーション博多【訪問看護】福岡市博多区住吉5丁目3-28", "url": "https://www.kaigokensaku.mhlw.go.jp/40/index.php?action_kouhyou_detail_004_kani=true&JigyosyoCd=4060391424-00&ServiceCd=130&Type=search", "url2": "https://www.clutchcare.fun/wp/" }, "geometry": { "type": "Point", "coordinates": [ 130.416893023201141, 33.583780319591888 ] } },
{ "type": "Feature", "properties": { "内容": "つつみクリニック福岡訪問看護ステーション【訪問看護】福岡県福岡市博多区店屋町1番31号博多アーバンスクエア2階", "url": "https://www.kaigokensaku.mhlw.go.jp/40/index.php?action_kouhyou_detail_004_kani=true&JigyosyoCd=4060391549-00&ServiceCd=130&Type=search", "url2": "http://tsutsumiclnic.net/" }, "geometry": { "type": "Point", "coordinates": [ 130.406258, 33.5981538 ] } },
{ "type": "Feature", "properties": { "内容": "エルモス訪問看護ステーション美野島【訪問看護】福岡県福岡市博多区美野島二丁目27番14号", "url": "https://www.kaigokensaku.mhlw.go.jp/40/index.php?action_kouhyou_detail_004_kani=true&JigyosyoCd=4060391606-00&ServiceCd=130&Type=search", "url2": null }, "geometry": { "type": "Point", "coordinates": [ 130.414621899999986, 33.578601 ] } },
{ "type": "Feature", "properties": { "内容": "ハートライフ訪問看護ステーション【訪問看護】福岡県福岡市博多区西月隈1-14-75-1", "url": "https://www.kaigokensaku.mhlw.go.jp/40/index.php?action_kouhyou_detail_004_kani=true&JigyosyoCd=4060391804-00&ServiceCd=130&Type=search", "url2": null }, "geometry": { "type": "Point", "coordinates": [ 130.449981800000018, 33.572625500000015 ] } },
{ "type": "Feature", "properties": { "内容": "訪問看護ステーション　リボーン博多【訪問看護】博多駅南2丁目7番13号ルネスロワール博多駅南101号室", "url": "https://www.kaigokensaku.mhlw.go.jp/40/index.php?action_kouhyou_detail_004_kani=true&JigyosyoCd=4060391929-00&ServiceCd=130&Type=search", "url2": "http://reborn-corp.com/" }, "geometry": { "type": "Point", "coordinates": [ 130.4238748, 33.583133 ] } },
{ "type": "Feature", "properties": { "内容": "訪問看護ステーション結笑【訪問看護】上牟田３丁目７－６さかいコーポ１０１", "url": "https://www.kaigokensaku.mhlw.go.jp/40/index.php?action_kouhyou_detail_004_kani=true&JigyosyoCd=4060391952-00&ServiceCd=130&Type=search", "url2": null }, "geometry": { "type": "Point", "coordinates": [ 130.43588452392521, 33.584320760895729 ] } },
{ "type": "Feature", "properties": { "内容": "訪問看護ステーション　おおはま【訪問看護】福岡県福岡市博多区大博町1-8原三信病院本館7階", "url": "https://www.kaigokensaku.mhlw.go.jp/40/index.php?action_kouhyou_detail_004_kani=true&JigyosyoCd=4060390020-00&ServiceCd=130&Type=search", "url2": "http://www.harasanshin.or.jp" }, "geometry": { "type": "Point", "coordinates": [ 130.405899650007427, 33.601960831320824 ] } },
{ "type": "Feature", "properties": { "内容": "まんぷく訪問看護リハビリステーション【訪問看護】福岡市博多区光丘町1-1-36フィールド南福岡104", "url": "https://www.kaigokensaku.mhlw.go.jp/40/index.php?action_kouhyou_detail_004_kani=true&JigyosyoCd=4060390871-00&ServiceCd=130&Type=search", "url2": "https://www.manpukuhakata.com/" }, "geometry": { "type": "Point", "coordinates": [ 130.465961500000049, 33.5400784 ] } },
{ "type": "Feature", "properties": { "内容": "訪問看護ステーション東風【訪問看護】福岡県福岡市博多区比恵町1-9", "url": "https://www.kaigokensaku.mhlw.go.jp/40/index.php?action_kouhyou_detail_004_kani=true&JigyosyoCd=4060391507-00&ServiceCd=130&Type=search", "url2": null }, "geometry": { "type": "Point", "coordinates": [ 130.4272781, 33.5843408 ] } },
{ "type": "Feature", "properties": { "内容": "訪問看護ステーションスマイルサポート【訪問看護】銀天町2丁目2－21－202LIFE　FIELD銀天町", "url": "https://www.kaigokensaku.mhlw.go.jp/40/index.php?action_kouhyou_detail_004_kani=true&JigyosyoCd=4060391648-00&ServiceCd=130&Type=search", "url2": "https://smile-spt.co.jp/" }, "geometry": { "type": "Point", "coordinates": [ 130.463612415344244, 33.544830170012418 ] } },
{ "type": "Feature", "properties": { "内容": "訪問看護ステーション　Soelu　～そえる～【訪問看護】福岡県福岡市博多区板付5丁目7番2号", "url": "https://www.kaigokensaku.mhlw.go.jp/40/index.php?action_kouhyou_detail_004_kani=true&JigyosyoCd=4060390590-00&ServiceCd=130&Type=search", "url2": null }, "geometry": { "type": "Point", "coordinates": [ 130.452532099999985, 33.5631336 ] } },
{ "type": "Feature", "properties": { "内容": "メディケア訪問看護リハビリステーション福岡博多【訪問看護】福岡県福岡市博多区博多駅南4-1-17岩保ビル駅南4A", "url": "https://www.kaigokensaku.mhlw.go.jp/40/index.php?action_kouhyou_detail_004_kani=true&JigyosyoCd=4060391523-00&ServiceCd=130&Type=search", "url2": "http://medicare-fukuoka.com" }, "geometry": { "type": "Point", "coordinates": [ 130.4290934, 33.5817294 ] } },
{ "type": "Feature", "properties": { "内容": "訪問看護ステーション　YM【訪問看護】福岡市博多区吉塚7丁目2番16号", "url": "https://www.kaigokensaku.mhlw.go.jp/40/index.php?action_kouhyou_detail_004_kani=true&JigyosyoCd=4060391978-00&ServiceCd=130&Type=search", "url2": null }, "geometry": { "type": "Point", "coordinates": [ 130.431401598147573, 33.60747609675002 ] } },
{ "type": "Feature", "properties": { "内容": "あいず訪問看護ステーション博多【訪問看護】東雲町2-1-27", "url": "https://www.kaigokensaku.mhlw.go.jp/40/index.php?action_kouhyou_detail_004_kani=true&JigyosyoCd=4060392208-00&ServiceCd=130&Type=search", "url2": "https://www.aizu-company.co.jp" }, "geometry": { "type": "Point", "coordinates": [ 138.2452824, 37.1698989 ] } },
{ "type": "Feature", "properties": { "内容": "訪問看護ステーションＣＯＬＯＲＳ【訪問看護】麦野6丁目17番12号Ｎハイツ103", "url": "https://www.kaigokensaku.mhlw.go.jp/40/index.php?action_kouhyou_detail_004_kani=true&JigyosyoCd=4060392125-00&ServiceCd=130&Type=search", "url2": "https://houmonkangocolors.hp.peraichi.com" }, "geometry": { "type": "Point", "coordinates": [ 130.46497020000001, 33.5497306 ] } },
{ "type": "Feature", "properties": { "内容": "WillHomeNursing【訪問看護】福岡県福岡市博多区板付7丁目2-37マンハイム板付102号室", "url": "https://www.kaigokensaku.mhlw.go.jp/40/index.php?action_kouhyou_detail_004_kani=true&JigyosyoCd=4060391291-00&ServiceCd=130&Type=search", "url2": "https://l-cart.net/" }, "geometry": { "type": "Point", "coordinates": [ 130.4532422, 33.5596511 ] } },
{ "type": "Feature", "properties": { "内容": "訪問看護ステーションよつば【訪問看護】福岡県福岡市博多区竹下4丁目2番16号ルッシェ竹下駅前403号", "url": "https://www.kaigokensaku.mhlw.go.jp/40/index.php?action_kouhyou_detail_004_kani=true&JigyosyoCd=4060391986-00&ServiceCd=130&Type=search", "url2": "https://houmonkango-yotsuba.my.canva.site/" }, "geometry": { "type": "Point", "coordinates": [ 130.431386, 33.570265 ] } },
{ "type": "Feature", "properties": { "内容": "訪問看護ステーションリアライズ博多【訪問看護】福岡県福岡市博多区博多駅南2丁目7番13号ルネスロワール博多駅南101号室", "url": "https://www.kaigokensaku.mhlw.go.jp/40/index.php?action_kouhyou_detail_004_kani=true&JigyosyoCd=4060392232-00&ServiceCd=130&Type=search", "url2": "https://realize-corp.com/" }, "geometry": { "type": "Point", "coordinates": [ 130.4238748, 33.583133 ] } },
{ "type": "Feature", "properties": { "内容": "しまnimo訪問看護ステーション【訪問看護】板付4-4-36コーポ諸岡506", "url": "https://www.kaigokensaku.mhlw.go.jp/40/index.php?action_kouhyou_detail_004_kani=true&JigyosyoCd=4060391309-00&ServiceCd=130&Type=search", "url2": "https://egaoshima.com/" }, "geometry": { "type": "Point", "coordinates": [ 130.4507377, 33.5619714 ] } },
{ "type": "Feature", "properties": { "内容": "ふるーる訪問看護ステーション南福岡【訪問看護】元町2-1-6アンリ南福岡内", "url": "https://www.kaigokensaku.mhlw.go.jp/40/index.php?action_kouhyou_detail_004_kani=true&JigyosyoCd=4060390707-00&ServiceCd=130&Type=search", "url2": null }, "geometry": { "type": "Point", "coordinates": [ 130.462911800000029, 33.5424947 ] } },
{ "type": "Feature", "properties": { "内容": "訪問看護ステーションよつば福岡【訪問看護】福岡県福岡市博多区中呉服町3番10号勝冶呉服町ビル2F", "url": "https://www.kaigokensaku.mhlw.go.jp/40/index.php?action_kouhyou_detail_004_kani=true&JigyosyoCd=4060392240-00&ServiceCd=130&Type=search", "url2": "https://yotsuba-care.com/companyprofile/" }, "geometry": { "type": "Point", "coordinates": [ 130.4083934, 33.5992077 ] } },
{ "type": "Feature", "properties": { "内容": "HALECARE訪問看護福岡【訪問看護】福岡市中央区長浜2丁目5-22Fビル3階", "url": "https://www.kaigokensaku.mhlw.go.jp/40/index.php?action_kouhyou_detail_004_kani=true&JigyosyoCd=4061191591-00&ServiceCd=130&Type=search", "url2": null }, "geometry": { "type": "Point", "coordinates": [ 130.386429442327881, 33.592365411203616 ] } },
{ "type": "Feature", "properties": { "内容": "訪問看護ステーションひとぷら【訪問看護】福岡県福岡市中央区小笹4-19-39", "url": "https://www.kaigokensaku.mhlw.go.jp/40/index.php?action_kouhyou_detail_004_kani=true&JigyosyoCd=4061191641-00&ServiceCd=130&Type=search", "url2": null }, "geometry": { "type": "Point", "coordinates": [ 130.3848022, 33.5690319 ] } },
{ "type": "Feature", "properties": { "内容": "リカバリ―サポートふくおか【訪問看護】福岡県福岡市中央区平和5丁目20-15", "url": "https://www.kaigokensaku.mhlw.go.jp/40/index.php?action_kouhyou_detail_004_kani=true&JigyosyoCd=4061191963-00&ServiceCd=130&Type=search", "url2": null }, "geometry": { "type": "Point", "coordinates": [ 130.396123499999987, 33.5633036 ] } },
{ "type": "Feature", "properties": { "内容": "医療法人心信会　池田バスキュラーアクセス・透析・内科【訪問看護】福岡県福岡市中央区白金1-20-3紙与薬院ビル1・2階", "url": "https://www.kaigokensaku.mhlw.go.jp/40/index.php?action_kouhyou_detail_004_kani=true&JigyosyoCd=4011022896-00&ServiceCd=130&Type=search", "url2": "https://www.fukuoka-vaccess.jp" }, "geometry": { "type": "Point", "coordinates": [ 130.4022641, 33.5811331 ] } },
{ "type": "Feature", "properties": { "内容": "Lucky訪問看護ステーション【訪問看護】唐人町3-8-16103号", "url": "https://www.kaigokensaku.mhlw.go.jp/40/index.php?action_kouhyou_detail_004_kani=true&JigyosyoCd=4061192243-00&ServiceCd=130&Type=search", "url2": "https://lucky-ns.com/" }, "geometry": { "type": "Point", "coordinates": [ 130.3701321, 33.595076 ] } },
{ "type": "Feature", "properties": { "内容": "LE在宅・施設訪問看護リハビリステーション平尾本店【訪問看護】福岡県福岡市中央区平尾2-7-2ひらお横丁103号室", "url": "https://www.kaigokensaku.mhlw.go.jp/40/index.php?action_kouhyou_detail_004_kani=true&JigyosyoCd=4061192326-00&ServiceCd=130&Type=search", "url2": "https://www.lovei.co.jp/hiraohonten" }, "geometry": { "type": "Point", "coordinates": [ 130.4048843, 33.5736721 ] } },
{ "type": "Feature", "properties": { "内容": "医心館訪問看護ステーション六本松【訪問看護】福岡県福岡市中央区谷一丁目14番16号", "url": "https://www.kaigokensaku.mhlw.go.jp/40/index.php?action_kouhyou_detail_004_kani=true&JigyosyoCd=4061192409-00&ServiceCd=130&Type=search", "url2": null }, "geometry": { "type": "Point", "coordinates": [ 130.379813, 33.5777707 ] } },
{ "type": "Feature", "properties": { "内容": "訪問看護ステーション　紙ふうせん【訪問看護】福岡県福岡市中央区唐人町3丁目2－41", "url": "https://www.kaigokensaku.mhlw.go.jp/40/index.php?action_kouhyou_detail_004_kani=true&JigyosyoCd=4061190585-00&ServiceCd=130&Type=search", "url2": null }, "geometry": { "type": "Point", "coordinates": [ 130.370990134298438, 33.593277552407926 ] } },
{ "type": "Feature", "properties": { "内容": "訪問看護ステーションここらぽ【訪問看護】舞鶴３丁目8-10ライオンズマンション舞鶴第2　202号", "url": "https://www.kaigokensaku.mhlw.go.jp/40/index.php?action_kouhyou_detail_004_kani=true&JigyosyoCd=4061192516-00&ServiceCd=130&Type=search", "url2": "https://cocorapo.com" }, "geometry": { "type": "Point", "coordinates": [ 130.3890289, 33.5918952 ] } },
{ "type": "Feature", "properties": { "内容": "インマイライフあらと　訪問看護ステーション【訪問看護】荒戸三丁目3-13", "url": "https://www.kaigokensaku.mhlw.go.jp/40/index.php?action_kouhyou_detail_004_kani=true&JigyosyoCd=4061192532-00&ServiceCd=130&Type=search", "url2": "https://shimakai.jp/" }, "geometry": { "type": "Point", "coordinates": [ 130.374127100000038, 33.5921148 ] } },
{ "type": "Feature", "properties": { "内容": "医療法人佐田厚生会佐田病院【訪問看護】福岡県福岡市中央区渡辺通２丁目４番２８号", "url": "https://www.kaigokensaku.mhlw.go.jp/40/index.php?action_kouhyou_detail_004_kani=true&JigyosyoCd=4011010735-00&ServiceCd=130&Type=search", "url2": "https://www.sada.or.jp" }, "geometry": { "type": "Point", "coordinates": [ 130.4031472, 33.5822822 ] } },
{ "type": "Feature", "properties": { "内容": "博愛訪問看護ステーションささおか【訪問看護】福岡市中央区笹丘1丁目28番15号ピアステージ笹丘2階", "url": "https://www.kaigokensaku.mhlw.go.jp/40/index.php?action_kouhyou_detail_004_kani=true&JigyosyoCd=4061190015-00&ServiceCd=130&Type=search", "url2": "http://www.hakuaikai.or.jp" }, "geometry": { "type": "Point", "coordinates": [ 130.377856599999973, 33.5643378 ] } },
{ "type": "Feature", "properties": { "内容": "福岡市医師会　訪問看護ステーション中部【訪問看護】福岡市中央区大宮1丁目3番1号", "url": "https://www.kaigokensaku.mhlw.go.jp/40/index.php?action_kouhyou_detail_004_kani=true&JigyosyoCd=4061190064-00&ServiceCd=130&Type=search", "url2": "http://www.city.fukuoka.med.or.jp" }, "geometry": { "type": "Point", "coordinates": [ 130.40296, 33.5791031 ] } },
{ "type": "Feature", "properties": { "内容": "桜十字福岡病院　訪問看護ステーション【訪問看護】福岡県福岡市中央区渡辺通3丁目3-7　2Fクリーンビル・２F", "url": "https://www.kaigokensaku.mhlw.go.jp/40/index.php?action_kouhyou_detail_004_kani=true&JigyosyoCd=4061190569-00&ServiceCd=130&Type=search", "url2": "http://www.sj-fukuoka.or.jp/" }, "geometry": { "type": "Point", "coordinates": [ 130.405163061446387, 33.585611186996942 ] } },
{ "type": "Feature", "properties": { "内容": "訪問看護ステーション　とうにん【訪問看護】福岡県福岡市中央区荒戸三丁目８番22号シャトレ２１大濠３０６号", "url": "https://www.kaigokensaku.mhlw.go.jp/40/index.php?action_kouhyou_detail_004_kani=true&JigyosyoCd=4061190759-00&ServiceCd=130&Type=search", "url2": "http://tounin.net/index.html" }, "geometry": { "type": "Point", "coordinates": [ 130.37240369999995, 33.59344 ] } },
{ "type": "Feature", "properties": { "内容": "メディケア訪問看護リハビリステーション【訪問看護】福岡県福岡市中央区薬院3-3-5オフィスニューガイアLAPIS薬院5F", "url": "https://www.kaigokensaku.mhlw.go.jp/40/index.php?action_kouhyou_detail_004_kani=true&JigyosyoCd=4061190833-00&ServiceCd=130&Type=search", "url2": "http://www.medicare-fukuoka.com" }, "geometry": { "type": "Point", "coordinates": [ 130.400746734137783, 33.580998320975702 ] } },
{ "type": "Feature", "properties": { "内容": "ウエルケア訪問看護ステーション【訪問看護】福岡県福岡市中央区薬院２丁目６-１", "url": "https://www.kaigokensaku.mhlw.go.jp/40/index.php?action_kouhyou_detail_004_kani=true&JigyosyoCd=4061190957-00&ServiceCd=130&Type=search", "url2": "http://www.sejimapharmacy.co.jp/visit" }, "geometry": { "type": "Point", "coordinates": [ 130.394224399999985, 33.579939099999983 ] } },
{ "type": "Feature", "properties": { "内容": "訪問看護RAINBOWEARTH【訪問看護】福岡県福岡市中央区大手門1丁目１番30号ポルグラシア大手門601号", "url": "https://www.kaigokensaku.mhlw.go.jp/40/index.php?action_kouhyou_detail_004_kani=true&JigyosyoCd=4061191070-00&ServiceCd=130&Type=search", "url2": "https://www.rainbowearth.website/" }, "geometry": { "type": "Point", "coordinates": [ 130.386747199999974, 33.5888379 ] } },
{ "type": "Feature", "properties": { "内容": "訪問看護ステーション都葦　福岡【訪問看護】福岡県福岡市中央区渡辺通2丁目6番12号八千代ビルYA55　807号室", "url": "https://www.kaigokensaku.mhlw.go.jp/40/index.php?action_kouhyou_detail_004_kani=true&JigyosyoCd=4061191278-00&ServiceCd=130&Type=search", "url2": "https://ce-kuniyoshi.com/" }, "geometry": { "type": "Point", "coordinates": [ 130.4014082, 33.5824172 ] } },
{ "type": "Feature", "properties": { "内容": "ソフィアメディ訪問看護ステーション福岡中央【訪問看護】福岡県福岡市中央区平和3丁目15-12", "url": "https://www.kaigokensaku.mhlw.go.jp/40/index.php?action_kouhyou_detail_004_kani=true&JigyosyoCd=4061191757-00&ServiceCd=130&Type=search", "url2": "www.sophiamedi.co.jp" }, "geometry": { "type": "Point", "coordinates": [ 130.396760699999987, 33.5654705 ] } },
{ "type": "Feature", "properties": { "内容": "桜十字訪問看護ステーション黒門【訪問看護】唐人町三丁目11番30号F･H･Eビル2階", "url": "https://www.kaigokensaku.mhlw.go.jp/40/index.php?action_kouhyou_detail_004_kani=true&JigyosyoCd=4061192151-00&ServiceCd=130&Type=search", "url2": null }, "geometry": { "type": "Point", "coordinates": [ 130.3718154, 33.5937848 ] } },
{ "type": "Feature", "properties": { "内容": "リバティ訪問看護ステーション福岡中央【訪問看護】福岡県福岡市中央区小笹１−１２−１９", "url": "https://www.kaigokensaku.mhlw.go.jp/40/index.php?action_kouhyou_detail_004_kani=true&JigyosyoCd=4061192185-00&ServiceCd=130&Type=search", "url2": "https://www.liberty-fukuoka.jp/" }, "geometry": { "type": "Point", "coordinates": [ 130.3902125, 33.5651702 ] } },
{ "type": "Feature", "properties": { "内容": "訪問看護ステーションはな博多【訪問看護】白金1-14-11ホワイトスクエア薬院1階", "url": "https://www.kaigokensaku.mhlw.go.jp/40/index.php?action_kouhyou_detail_004_kani=true&JigyosyoCd=4061192250-00&ServiceCd=130&Type=search", "url2": "www.hana-kango.com" }, "geometry": { "type": "Point", "coordinates": [ 139.7333395, 35.6453131 ] } },
{ "type": "Feature", "properties": { "内容": "リバティ訪問看護ステーション大濠【訪問看護】福岡県福岡市中央区荒戸1-9-21仙成ビル　601", "url": "https://www.kaigokensaku.mhlw.go.jp/40/index.php?action_kouhyou_detail_004_kani=true&JigyosyoCd=4061192375-00&ServiceCd=130&Type=search", "url2": "https://www.liberty-fukuoka.jp/" }, "geometry": { "type": "Point", "coordinates": [ 130.3790731, 33.5930965 ] } },
{ "type": "Feature", "properties": { "内容": "陽〜はる～訪問看護ステーション【訪問看護】福岡県福岡市中央区那の川２丁目７番２号グローリー平尾４０１号室", "url": "https://www.kaigokensaku.mhlw.go.jp/40/index.php?action_kouhyou_detail_004_kani=true&JigyosyoCd=4061192383-00&ServiceCd=130&Type=search", "url2": "https://www.haru-houmonkango.com" }, "geometry": { "type": "Point", "coordinates": [ 130.408698513926197, 33.574472144083451 ] } },
{ "type": "Feature", "properties": { "内容": "福岡中央訪問看護ステーション【訪問看護】福岡県福岡市中央区薬院2-5-17福岡中央病院東館2階", "url": "https://www.kaigokensaku.mhlw.go.jp/40/index.php?action_kouhyou_detail_004_kani=true&JigyosyoCd=4061191831-00&ServiceCd=130&Type=search", "url2": "https://f-central.kouhoukai.or.jp/" }, "geometry": { "type": "Point", "coordinates": [ 130.3942657, 33.5807117 ] } },
{ "type": "Feature", "properties": { "内容": "ツクイ福岡訪問看護ステーション【訪問看護】福岡県福岡市中央区六本松２丁目２番５号storefront601号室", "url": "https://www.kaigokensaku.mhlw.go.jp/40/index.php?action_kouhyou_detail_004_kani=true&JigyosyoCd=4061191351-00&ServiceCd=130&Type=search", "url2": null }, "geometry": { "type": "Point", "coordinates": [ 130.38010673699722, 33.579238794740576 ] } },
{ "type": "Feature", "properties": { "内容": "訪問看護ステーション　ふんわり【訪問看護】福岡県福岡市中央区港１丁目３-３エンクレスト大手門Ⅲ601", "url": "https://www.kaigokensaku.mhlw.go.jp/40/index.php?action_kouhyou_detail_004_kani=true&JigyosyoCd=4061191526-00&ServiceCd=130&Type=search", "url2": "http://funwari8.com" }, "geometry": { "type": "Point", "coordinates": [ 130.384548631354704, 33.592206772394746 ] } },
{ "type": "Feature", "properties": { "内容": "ライズ訪問看護ステーション大濠【訪問看護】唐人町3丁目2-51", "url": "https://www.kaigokensaku.mhlw.go.jp/40/index.php?action_kouhyou_detail_004_kani=true&JigyosyoCd=4061191856-00&ServiceCd=130&Type=search", "url2": "https://www.rise-visit.jp" }, "geometry": { "type": "Point", "coordinates": [ 130.3711879, 33.5923006 ] } },
{ "type": "Feature", "properties": { "内容": "訪問看護ステーションさんらいと【訪問看護】平尾2丁目2－22MAYコーポ一本木501", "url": "https://www.kaigokensaku.mhlw.go.jp/40/index.php?action_kouhyou_detail_004_kani=true&JigyosyoCd=4061191898-00&ServiceCd=130&Type=search", "url2": "https://vns-sunlight.com" }, "geometry": { "type": "Point", "coordinates": [ 130.4033712, 33.5753272 ] } },
{ "type": "Feature", "properties": { "内容": "訪問看護Kindcare【訪問看護】福岡県福岡市中央区舞鶴1丁目3-31-1211", "url": "https://www.kaigokensaku.mhlw.go.jp/40/index.php?action_kouhyou_detail_004_kani=true&JigyosyoCd=4061192045-00&ServiceCd=130&Type=search", "url2": null }, "geometry": { "type": "Point", "coordinates": [ 130.393300900000014, 33.5918146 ] } },
{ "type": "Feature", "properties": { "内容": "リノ訪問看護ステーション【訪問看護】福岡県福岡市中央区大名2-2-1", "url": "https://www.kaigokensaku.mhlw.go.jp/40/index.php?action_kouhyou_detail_004_kani=true&JigyosyoCd=4061192581-00&ServiceCd=130&Type=search", "url2": "https://lead-staff.com/" }, "geometry": { "type": "Point", "coordinates": [ 130.3936344, 33.5880603 ] } },
{ "type": "Feature", "properties": { "内容": "エデュコ訪問看護ステーション中央【訪問看護】福岡県福岡市中央区小笹2丁目13-1LAX小笹B", "url": "https://www.kaigokensaku.mhlw.go.jp/40/index.php?action_kouhyou_detail_004_kani=true&JigyosyoCd=4061191419-00&ServiceCd=130&Type=search", "url2": "https://educo-care.com/" }, "geometry": { "type": "Point", "coordinates": [ 130.387986, 33.5600996 ] } },
{ "type": "Feature", "properties": { "内容": "訪問看護ステーションりあん【訪問看護】福岡県福岡市中央区谷1丁目15-28-302ホレブ六本松302号", "url": "https://www.kaigokensaku.mhlw.go.jp/40/index.php?action_kouhyou_detail_004_kani=true&JigyosyoCd=4061191583-00&ServiceCd=130&Type=search", "url2": "https://kango-lien.com/" }, "geometry": { "type": "Point", "coordinates": [ 130.381107900000018, 33.5778333 ] } },
{ "type": "Feature", "properties": { "内容": "訪問看護ステーションひかり【訪問看護】福岡県福岡市中央区清川3丁目17-11", "url": "https://www.kaigokensaku.mhlw.go.jp/40/index.php?action_kouhyou_detail_004_kani=true&JigyosyoCd=4061191286-00&ServiceCd=130&Type=search", "url2": "https://h.seisyukai.jp/" }, "geometry": { "type": "Point", "coordinates": [ 130.412303683467087, 33.576694903242114 ] } },
{ "type": "Feature", "properties": { "内容": "裕生堂訪問看護ステーション【訪問看護】赤坂1-11-13赤坂塚田ビル4F", "url": "https://www.kaigokensaku.mhlw.go.jp/40/index.php?action_kouhyou_detail_004_kani=true&JigyosyoCd=4061191468-00&ServiceCd=130&Type=search", "url2": "https://www.yuseido.co.jp/" }, "geometry": { "type": "Point", "coordinates": [ 139.7418913, 35.6679614 ] } },
{ "type": "Feature", "properties": { "内容": "ぺリキュール訪問看護【訪問看護】舞鶴2丁目1-10天神フロントスクエアビル5階EF", "url": "https://www.kaigokensaku.mhlw.go.jp/40/index.php?action_kouhyou_detail_004_kani=true&JigyosyoCd=4061191864-00&ServiceCd=130&Type=search", "url2": "https://www.pellicule.co/" }, "geometry": { "type": "Point", "coordinates": [ 130.391673728836054, 33.590871370866473 ] } },
{ "type": "Feature", "properties": { "内容": "訪問看護ステーションもぐもぐ【訪問看護】福岡県福岡市中央区大手門１丁目６−３大手門館３０２号", "url": "https://www.kaigokensaku.mhlw.go.jp/40/index.php?action_kouhyou_detail_004_kani=true&JigyosyoCd=4061192193-00&ServiceCd=130&Type=search", "url2": null }, "geometry": { "type": "Point", "coordinates": [ 130.3840649, 33.589491599999981 ] } },
{ "type": "Feature", "properties": { "内容": "訪問看護ステーション花火　中央店【訪問看護】福岡県福岡市中央区六本松２−3−21ルポ六本松616", "url": "https://www.kaigokensaku.mhlw.go.jp/40/index.php?action_kouhyou_detail_004_kani=true&JigyosyoCd=4061192219-00&ServiceCd=130&Type=search", "url2": null }, "geometry": { "type": "Point", "coordinates": [ 130.378805, 33.5787576 ] } },
{ "type": "Feature", "properties": { "内容": "メンタルヘルスラボの訪問看護福岡【訪問看護】福岡県福岡市中央区警固2丁目11-10高橋ビル401号", "url": "https://www.kaigokensaku.mhlw.go.jp/40/index.php?action_kouhyou_detail_004_kani=true&JigyosyoCd=4061192698-00&ServiceCd=130&Type=search", "url2": null }, "geometry": { "type": "Point", "coordinates": [ 130.3901296, 33.5835766 ] } },
{ "type": "Feature", "properties": { "内容": "Ｌｉｂｅｒｔａ訪問看護ステーション【訪問看護】福岡県福岡市中央区六本松２丁目３番２１号ルポ六本松８１２号", "url": "https://www.kaigokensaku.mhlw.go.jp/40/index.php?action_kouhyou_detail_004_kani=true&JigyosyoCd=4061192706-00&ServiceCd=130&Type=search", "url2": "https://www.liberta-web.com/" }, "geometry": { "type": "Point", "coordinates": [ 130.378805, 33.5787576 ] } },
{ "type": "Feature", "properties": { "内容": "パルスケア訪問看護ステーション【訪問看護】福岡県福岡市中央区笹丘１丁目6-2クロスステージ笹丘306号", "url": "https://www.kaigokensaku.mhlw.go.jp/40/index.php?action_kouhyou_detail_004_kani=true&JigyosyoCd=4061192458-00&ServiceCd=130&Type=search", "url2": "https://pulsecare.jp" }, "geometry": { "type": "Point", "coordinates": [ 130.3802583, 33.56777748116496 ] } },
{ "type": "Feature", "properties": { "内容": "医療法人社団西田内科消化器科医院【訪問看護】福岡県福岡市南区井尻2丁目20番11号西田内科消化器科医院", "url": "https://www.kaigokensaku.mhlw.go.jp/40/index.php?action_kouhyou_detail_004_kani=true&JigyosyoCd=4011219492-00&ServiceCd=130&Type=search", "url2": null }, "geometry": { "type": "Point", "coordinates": [ 130.4435449, 33.5549176 ] } },
{ "type": "Feature", "properties": { "内容": "悠愛訪問看護ステーション【訪問看護】福岡県福岡市南区日佐4丁目39番28号", "url": "https://www.kaigokensaku.mhlw.go.jp/40/index.php?action_kouhyou_detail_004_kani=true&JigyosyoCd=4061290500-00&ServiceCd=130&Type=search", "url2": "http://yu-ai-group.jp/" }, "geometry": { "type": "Point", "coordinates": [ 130.434567099999981, 33.5376 ] } },
{ "type": "Feature", "properties": { "内容": "訪問看護ステーションてんご【訪問看護】清水3丁目22－14", "url": "https://www.kaigokensaku.mhlw.go.jp/40/index.php?action_kouhyou_detail_004_kani=true&JigyosyoCd=4061290682-00&ServiceCd=130&Type=search", "url2": "https://donmai.co.jp/" }, "geometry": { "type": "Point", "coordinates": [ 130.4204514, 33.5678581 ] } },
{ "type": "Feature", "properties": { "内容": "訪問看護ステーションみつわ【訪問看護】福岡県福岡市南区桧原6丁目4番1アベニール油山306号", "url": "https://www.kaigokensaku.mhlw.go.jp/40/index.php?action_kouhyou_detail_004_kani=true&JigyosyoCd=4061290732-00&ServiceCd=130&Type=search", "url2": null }, "geometry": { "type": "Point", "coordinates": [ 130.3849926, 33.534815700000017 ] } },
{ "type": "Feature", "properties": { "内容": "訪問看護ステーションコアサポート【訪問看護】日佐５－３－８パルク１０２号", "url": "https://www.kaigokensaku.mhlw.go.jp/40/index.php?action_kouhyou_detail_004_kani=true&JigyosyoCd=4061290534-00&ServiceCd=130&Type=search", "url2": null }, "geometry": { "type": "Point", "coordinates": [ 130.431128599999965, 33.5365473 ] } },
{ "type": "Feature", "properties": { "内容": "オリーブ訪問看護ステーション【訪問看護】福岡県福岡市南区桧原5丁目18-12", "url": "https://www.kaigokensaku.mhlw.go.jp/40/index.php?action_kouhyou_detail_004_kani=true&JigyosyoCd=4061290716-00&ServiceCd=130&Type=search", "url2": null }, "geometry": { "type": "Point", "coordinates": [ 130.3901296, 33.534211 ] } },
{ "type": "Feature", "properties": { "内容": "ニチイケアセンター大橋訪問看護ステーション【訪問看護】福岡県福岡市南区塩原3丁目15-11岡ビル102号", "url": "https://www.kaigokensaku.mhlw.go.jp/40/index.php?action_kouhyou_detail_004_kani=true&JigyosyoCd=4061290203-00&ServiceCd=130&Type=search", "url2": "http://www.nichii-kaigo.jp/base-result/05N63" }, "geometry": { "type": "Point", "coordinates": [ 130.4281949, 33.5622663 ] } },
{ "type": "Feature", "properties": { "内容": "訪問看護ステーション桃花【訪問看護】福岡県福岡市南区三宅1-2-12-202", "url": "https://www.kaigokensaku.mhlw.go.jp/40/index.php?action_kouhyou_detail_004_kani=true&JigyosyoCd=4061290526-00&ServiceCd=130&Type=search", "url2": "https://www.nld-touka.com/" }, "geometry": { "type": "Point", "coordinates": [ 130.4281896, 33.5516398 ] } },
{ "type": "Feature", "properties": { "内容": "すまいりんぐ訪問看護ステーション高宮【訪問看護】野間3-18-34メゾンクラッセ南高宮101号", "url": "https://www.kaigokensaku.mhlw.go.jp/40/index.php?action_kouhyou_detail_004_kani=true&JigyosyoCd=4061290641-00&ServiceCd=130&Type=search", "url2": null }, "geometry": { "type": "Point", "coordinates": [ 130.414081699999969, 33.56017940000001 ] } },
{ "type": "Feature", "properties": { "内容": "訪問看護ステーションぬくもりの家【訪問看護】福岡県福岡市南区弥永３丁目２０番８号", "url": "https://www.kaigokensaku.mhlw.go.jp/40/index.php?action_kouhyou_detail_004_kani=true&JigyosyoCd=4061290807-00&ServiceCd=130&Type=search", "url2": "https://nukumorino-ie.studio.site/" }, "geometry": { "type": "Point", "coordinates": [ 130.433239, 33.5236308 ] } },
{ "type": "Feature", "properties": { "内容": "訪問看護ステーションあいあい曰佐【訪問看護】福岡県福岡市南区日佐1-18-15", "url": "https://www.kaigokensaku.mhlw.go.jp/40/index.php?action_kouhyou_detail_004_kani=true&JigyosyoCd=4061290831-00&ServiceCd=130&Type=search", "url2": null }, "geometry": { "type": "Point", "coordinates": [ 130.436470542327896, 33.542278751438083 ] } },
{ "type": "Feature", "properties": { "内容": "福岡市南区長丘2－10－25－204【訪問看護】福岡市南区長丘2－10－25－204", "url": "https://www.kaigokensaku.mhlw.go.jp/40/index.php?action_kouhyou_detail_004_kani=true&JigyosyoCd=4061290781-00&ServiceCd=130&Type=search", "url2": "https://plainface-ns.com/" }, "geometry": { "type": "Point", "coordinates": [ 130.399498019643403, 33.558236063628215 ] } },
{ "type": "Feature", "properties": { "内容": "訪問看護ステーションいとわ【訪問看護】福岡県福岡市南区鶴田１丁目１番21号そらとぶくじらやよい館106号", "url": "https://www.kaigokensaku.mhlw.go.jp/40/index.php?action_kouhyou_detail_004_kani=true&JigyosyoCd=4061290898-00&ServiceCd=130&Type=search", "url2": null }, "geometry": { "type": "Point", "coordinates": [ 130.407572, 33.5303059 ] } },
{ "type": "Feature", "properties": { "内容": "アバンセ訪問看護ステーションはかた【訪問看護】福岡県福岡市南区日佐4丁目39番28号", "url": "https://www.kaigokensaku.mhlw.go.jp/40/index.php?action_kouhyou_detail_004_kani=true&JigyosyoCd=4061290906-00&ServiceCd=130&Type=search", "url2": null }, "geometry": { "type": "Point", "coordinates": [ 130.4346769, 33.5375697 ] } },
{ "type": "Feature", "properties": { "内容": "訪問看護ステーションakari【訪問看護】福岡県福岡市南区塩原1丁目19-31-501シティビル塩原", "url": "https://www.kaigokensaku.mhlw.go.jp/40/index.php?action_kouhyou_detail_004_kani=true&JigyosyoCd=4061290914-00&ServiceCd=130&Type=search", "url2": "https://akari20230501.wixsite.com/sio-connect" }, "geometry": { "type": "Point", "coordinates": [ 130.4281914, 33.5661529 ] } },
{ "type": "Feature", "properties": { "内容": "訪問看護ステーション　ひばる【訪問看護】福岡県福岡市南区西長住2丁目15-7", "url": "https://www.kaigokensaku.mhlw.go.jp/40/index.php?action_kouhyou_detail_004_kani=true&JigyosyoCd=4061290195-00&ServiceCd=130&Type=search", "url2": null }, "geometry": { "type": "Point", "coordinates": [ 130.3921011, 33.54895010000002 ] } },
{ "type": "Feature", "properties": { "内容": "訪問看護リハビリステーションずっと【訪問看護】三宅2-1-5小林事務所201", "url": "https://www.kaigokensaku.mhlw.go.jp/40/index.php?action_kouhyou_detail_004_kani=true&JigyosyoCd=4061291003-00&ServiceCd=130&Type=search", "url2": "https://atatakasobani.com/" }, "geometry": { "type": "Point", "coordinates": [ 130.428259710657727, 33.551106424612136 ] } },
{ "type": "Feature", "properties": { "内容": "訪問看護ステーション楓【訪問看護】福岡県福岡市南区長丘3-20-18", "url": "https://www.kaigokensaku.mhlw.go.jp/40/index.php?action_kouhyou_detail_004_kani=true&JigyosyoCd=4061290989-00&ServiceCd=130&Type=search", "url2": null }, "geometry": { "type": "Point", "coordinates": [ 130.39180540000001, 33.5550886 ] } },
{ "type": "Feature", "properties": { "内容": "あいでぃーる訪問看護ステーション【訪問看護】福岡県福岡市南区的場2丁目10‐23ハイムTOH403号", "url": "https://www.kaigokensaku.mhlw.go.jp/40/index.php?action_kouhyou_detail_004_kani=true&JigyosyoCd=4061291029-00&ServiceCd=130&Type=search", "url2": "https://www.ideal-kk.jp/" }, "geometry": { "type": "Point", "coordinates": [ 130.4308283, 33.5425185 ] } },
{ "type": "Feature", "properties": { "内容": "Heartwell【訪問看護】福岡県福岡市南区長住2-15-32", "url": "https://www.kaigokensaku.mhlw.go.jp/40/index.php?action_kouhyou_detail_004_kani=true&JigyosyoCd=4061290955-00&ServiceCd=130&Type=search", "url2": "https://heartwell.jp/" }, "geometry": { "type": "Point", "coordinates": [ 130.3971823, 33.5509347 ] } },
{ "type": "Feature", "properties": { "内容": "訪問看護ステーション「街の看護師さん」【訪問看護】福岡県福岡市南区三宅３丁目５－１２リスタ南大橋105", "url": "https://www.kaigokensaku.mhlw.go.jp/40/index.php?action_kouhyou_detail_004_kani=true&JigyosyoCd=4061290948-00&ServiceCd=130&Type=search", "url2": null }, "geometry": { "type": "Point", "coordinates": [ 130.4293462, 33.5496633 ] } },
{ "type": "Feature", "properties": { "内容": "ソフィアメディ訪問看護ステーション福岡南【訪問看護】福岡県福岡市南区横手南町25-6-2K-HOUSE２号棟", "url": "https://www.kaigokensaku.mhlw.go.jp/40/index.php?action_kouhyou_detail_004_kani=true&JigyosyoCd=4061291037-00&ServiceCd=130&Type=search", "url2": "https://www.sophiamedi.co.jp/station/fukuokaminami/" }, "geometry": { "type": "Point", "coordinates": [ 130.4388002, 33.5443665 ] } },
{ "type": "Feature", "properties": { "内容": "訪問看護ステーション月道みなみ【訪問看護】福岡県福岡市南区若久1-23-1-２階", "url": "https://www.kaigokensaku.mhlw.go.jp/40/index.php?action_kouhyou_detail_004_kani=true&JigyosyoCd=4061291052-00&ServiceCd=130&Type=search", "url2": "https://www.nexttsukimi.com/" }, "geometry": { "type": "Point", "coordinates": [ 130.413303444305313, 33.55309529033017 ] } },
{ "type": "Feature", "properties": { "内容": "訪問看護ステーションみつばち【訪問看護】野間1丁目1番2‐601号", "url": "https://www.kaigokensaku.mhlw.go.jp/40/index.php?action_kouhyou_detail_004_kani=true&JigyosyoCd=4061291060-00&ServiceCd=130&Type=search", "url2": "https://symbol-mitsubachi.com/service/kango/" }, "geometry": { "type": "Point", "coordinates": [ 130.4162409, 33.565375 ] } },
{ "type": "Feature", "properties": { "内容": "大石整形外科眼科クリニック訪問看護【訪問看護】福岡県福岡市南区大楠3丁目25－1", "url": "https://www.kaigokensaku.mhlw.go.jp/40/index.php?action_kouhyou_detail_004_kani=true&JigyosyoCd=4011219625-00&ServiceCd=130&Type=search", "url2": null }, "geometry": { "type": "Point", "coordinates": [ 130.412976100000037, 33.5695097 ] } },
{ "type": "Feature", "properties": { "内容": "訪問看護ステーション　宝満【訪問看護】福岡県福岡市南区高木１丁目16-37宝満ヴィラ大橋南", "url": "https://www.kaigokensaku.mhlw.go.jp/40/index.php?action_kouhyou_detail_004_kani=true&JigyosyoCd=4061191732-00&ServiceCd=130&Type=search", "url2": null }, "geometry": { "type": "Point", "coordinates": [ 130.434925, 33.561281 ] } },
{ "type": "Feature", "properties": { "内容": "訪問看護ステーションすみれ【訪問看護】福岡県福岡市南区大楠1丁目17-7FIG大楠医療介護総合センター", "url": "https://www.kaigokensaku.mhlw.go.jp/40/index.php?action_kouhyou_detail_004_kani=true&JigyosyoCd=4061290062-00&ServiceCd=130&Type=search", "url2": "http://www.fid.jp/index.htm" }, "geometry": { "type": "Point", "coordinates": [ 130.4165342, 33.5730538 ] } },
{ "type": "Feature", "properties": { "内容": "訪問看護ステーションにしこう【訪問看護】福岡県福岡市南区塩原３丁目２４－１３", "url": "https://www.kaigokensaku.mhlw.go.jp/40/index.php?action_kouhyou_detail_004_kani=true&JigyosyoCd=4061290120-00&ServiceCd=130&Type=search", "url2": "http://www.nisiko.jp/" }, "geometry": { "type": "Point", "coordinates": [ 130.425975599999987, 33.5617163 ] } },
{ "type": "Feature", "properties": { "内容": "訪問看護ステーションおひさま【訪問看護】平和1丁目26－18－101", "url": "https://www.kaigokensaku.mhlw.go.jp/40/index.php?action_kouhyou_detail_004_kani=true&JigyosyoCd=4061290211-00&ServiceCd=130&Type=search", "url2": "mailto@ohisama.biz" }, "geometry": { "type": "Point", "coordinates": [ 130.4029332, 33.5645517 ] } },
{ "type": "Feature", "properties": { "内容": "那珂川病院　訪問看護ステーション【訪問看護】福岡市南区向新町2丁目18-20在宅支援センター3階", "url": "https://www.kaigokensaku.mhlw.go.jp/40/index.php?action_kouhyou_detail_004_kani=true&JigyosyoCd=4061290260-00&ServiceCd=130&Type=search", "url2": "http://zaitaku-center.nakagawa-hp.com" }, "geometry": { "type": "Point", "coordinates": [ 130.427764900000057, 33.5387358 ] } },
{ "type": "Feature", "properties": { "内容": "訪問看護ステーション優凪【訪問看護】福岡市南区和田2丁目4番35号", "url": "https://www.kaigokensaku.mhlw.go.jp/40/index.php?action_kouhyou_detail_004_kani=true&JigyosyoCd=4061290286-00&ServiceCd=130&Type=search", "url2": "http://www.yunagi-kango.com/riyou.php" }, "geometry": { "type": "Point", "coordinates": [ 130.420298699999989, 33.5445877 ] } },
{ "type": "Feature", "properties": { "内容": "エフコープ訪問看護ステーション福岡南【訪問看護】弥永４丁目２２－２", "url": "https://www.kaigokensaku.mhlw.go.jp/40/index.php?action_kouhyou_detail_004_kani=true&JigyosyoCd=4061290294-00&ServiceCd=130&Type=search", "url2": "http://www.fcoop.or.jp/" }, "geometry": { "type": "Point", "coordinates": [ 130.4332839, 33.5278148 ] } },
{ "type": "Feature", "properties": { "内容": "訪問看護ちょうちょ大橋【訪問看護】福岡県福岡市南区大橋2丁目15－8", "url": "https://www.kaigokensaku.mhlw.go.jp/40/index.php?action_kouhyou_detail_004_kani=true&JigyosyoCd=4061290302-00&ServiceCd=130&Type=search", "url2": null }, "geometry": { "type": "Point", "coordinates": [ 130.429318600000016, 33.5558994 ] } },
{ "type": "Feature", "properties": { "内容": "アップルハート訪問看護ステーション福岡南【訪問看護】福岡県福岡市南区中尾3丁目36-2", "url": "https://www.kaigokensaku.mhlw.go.jp/40/index.php?action_kouhyou_detail_004_kani=true&JigyosyoCd=4061290344-00&ServiceCd=130&Type=search", "url2": "http://www.aso-kaigo.jp" }, "geometry": { "type": "Point", "coordinates": [ 130.408206699171359, 33.543040327452083 ] } },
{ "type": "Feature", "properties": { "内容": "南折立ナーシングステーション【訪問看護】福岡県福岡市南区横手1丁目13-13202号", "url": "https://www.kaigokensaku.mhlw.go.jp/40/index.php?action_kouhyou_detail_004_kani=true&JigyosyoCd=4061290351-00&ServiceCd=130&Type=search", "url2": null }, "geometry": { "type": "Point", "coordinates": [ 130.437506444180258, 33.551240736460301 ] } },
{ "type": "Feature", "properties": { "内容": "スマイルケア訪問看護ステーション【訪問看護】福岡県福岡市南区的場2-25-1", "url": "https://www.kaigokensaku.mhlw.go.jp/40/index.php?action_kouhyou_detail_004_kani=true&JigyosyoCd=4061290377-00&ServiceCd=130&Type=search", "url2": "http://www.smile-kaigo.com/" }, "geometry": { "type": "Point", "coordinates": [ 130.432746349073795, 33.542468935735805 ] } },
{ "type": "Feature", "properties": { "内容": "エリーゼ訪問看護ステーション【訪問看護】向新町2丁目9番21号住宅型有料老人ホーム　エリーゼロイヤル　併設", "url": "https://www.kaigokensaku.mhlw.go.jp/40/index.php?action_kouhyou_detail_004_kani=true&JigyosyoCd=4061290393-00&ServiceCd=130&Type=search", "url2": "http://elise-ohashi.jp" }, "geometry": { "type": "Point", "coordinates": [ 130.428270399999974, 33.5398968 ] } },
{ "type": "Feature", "properties": { "内容": "楽らくサポートセンター　レスピケアナース【訪問看護】福岡市南区野多目1-10-1", "url": "https://www.kaigokensaku.mhlw.go.jp/40/index.php?action_kouhyou_detail_004_kani=true&JigyosyoCd=4061290419-00&ServiceCd=130&Type=search", "url2": "https://rakusapo.net/respcar/" }, "geometry": { "type": "Point", "coordinates": [ 130.425157267489595, 33.542147067147809 ] } },
{ "type": "Feature", "properties": { "内容": "セントケア訪問看護ステーション福岡【訪問看護】和田１丁目４－１７ハミングコート大橋南Ⅱ１０１号", "url": "https://www.kaigokensaku.mhlw.go.jp/40/index.php?action_kouhyou_detail_004_kani=true&JigyosyoCd=4061290443-00&ServiceCd=130&Type=search", "url2": "http://www.saint－care.com/" }, "geometry": { "type": "Point", "coordinates": [ 130.427896060987393, 33.545244482170354 ] } },
{ "type": "Feature", "properties": { "内容": "訪問看護ステーション穏【訪問看護】福岡県福岡市南区警弥郷1-14-8大長ビル205号", "url": "https://www.kaigokensaku.mhlw.go.jp/40/index.php?action_kouhyou_detail_004_kani=true&JigyosyoCd=4061290484-00&ServiceCd=130&Type=search", "url2": "https://www.keyagou-naika.com/yasuki" }, "geometry": { "type": "Point", "coordinates": [ 130.430412721209592, 33.533201018685844 ] } },
{ "type": "Feature", "properties": { "内容": "ほほえみ訪問看護ステーション【訪問看護】福岡県福岡市南区寺塚2丁目8番15号金子アベニュー311号室", "url": "https://www.kaigokensaku.mhlw.go.jp/40/index.php?action_kouhyou_detail_004_kani=true&JigyosyoCd=4061290518-00&ServiceCd=130&Type=search", "url2": null }, "geometry": { "type": "Point", "coordinates": [ 130.403099500000053, 33.5581416 ] } },
{ "type": "Feature", "properties": { "内容": "九州がんセンター訪問看護ステーション【訪問看護】福岡県福岡市南区野多目3丁目1-1九州がんセンター訪問看護ステーション", "url": "https://www.kaigokensaku.mhlw.go.jp/40/index.php?action_kouhyou_detail_004_kani=true&JigyosyoCd=4061290542-00&ServiceCd=130&Type=search", "url2": "https://kyushu-cc.hosp.go.jp/information/detail/708.htm" }, "geometry": { "type": "Point", "coordinates": [ 130.42090989999997, 33.5425741 ] } },
{ "type": "Feature", "properties": { "内容": "あなぶきケアサービス福岡　訪問看護事業所【訪問看護】福岡県福岡市南区弥永３－３－１アルファリビング博多南内", "url": "https://www.kaigokensaku.mhlw.go.jp/40/index.php?action_kouhyou_detail_004_kani=true&JigyosyoCd=4061290583-00&ServiceCd=130&Type=search", "url2": null }, "geometry": { "type": "Point", "coordinates": [ 130.432134, 33.5258066 ] } },
{ "type": "Feature", "properties": { "内容": "ひらお訪問看護ステーション【訪問看護】福岡県福岡市南区市崎1-15-20", "url": "https://www.kaigokensaku.mhlw.go.jp/40/index.php?action_kouhyou_detail_004_kani=true&JigyosyoCd=4061290633-00&ServiceCd=130&Type=search", "url2": "http://www.terasawa-h.jp" }, "geometry": { "type": "Point", "coordinates": [ 130.403271600000039, 33.5713207 ] } },
{ "type": "Feature", "properties": { "内容": "訪問看護ステーションあしあと【訪問看護】福岡市南区皿山4丁目14-11藤和ライブタウン長住丘213", "url": "https://www.kaigokensaku.mhlw.go.jp/40/index.php?action_kouhyou_detail_004_kani=true&JigyosyoCd=4061290690-00&ServiceCd=130&Type=search", "url2": "ashiatorbg.com" }, "geometry": { "type": "Point", "coordinates": [ 130.401358332700397, 33.541076802020889 ] } },
{ "type": "Feature", "properties": { "内容": "訪問看護ステーションるる【訪問看護】福岡県福岡市南区柏原3丁目33番37号", "url": "https://www.kaigokensaku.mhlw.go.jp/40/index.php?action_kouhyou_detail_004_kani=true&JigyosyoCd=4061290765-00&ServiceCd=130&Type=search", "url2": null }, "geometry": { "type": "Point", "coordinates": [ 130.4041277, 33.524239 ] } },
{ "type": "Feature", "properties": { "内容": "リンク訪問看護ステーション大楠【訪問看護】福岡県福岡市南区大楠3丁目12番27号", "url": "https://www.kaigokensaku.mhlw.go.jp/40/index.php?action_kouhyou_detail_004_kani=true&JigyosyoCd=4061290823-00&ServiceCd=130&Type=search", "url2": "https://care-net.biz/40/healthcare/" }, "geometry": { "type": "Point", "coordinates": [ 130.413166100000012, 33.5701673 ] } },
{ "type": "Feature", "properties": { "内容": "カラーズ南訪問看護ステーション【訪問看護】福岡県福岡市南区横手3丁目14-8", "url": "https://www.kaigokensaku.mhlw.go.jp/40/index.php?action_kouhyou_detail_004_kani=true&JigyosyoCd=4061290849-00&ServiceCd=130&Type=search", "url2": "https://colorshouse.jp/" }, "geometry": { "type": "Point", "coordinates": [ 130.4352145, 33.5456986 ] } },
{ "type": "Feature", "properties": { "内容": "福岡県福岡市中央区清川1丁目9番20【訪問看護】福岡県福岡市南区三宅3丁目23番18号メデイカルケアレジデンス福岡南", "url": "https://www.kaigokensaku.mhlw.go.jp/40/index.php?action_kouhyou_detail_004_kani=true&JigyosyoCd=4061290880-00&ServiceCd=130&Type=search", "url2": "http://mcr-fukuoka.net" }, "geometry": { "type": "Point", "coordinates": [ 130.430117769311522, 33.54793941671133 ] } },
{ "type": "Feature", "properties": { "内容": "株式会社日向　訪問看護ステーション日向【訪問看護】福岡県福岡市南区警弥郷2丁目11-20シャトル香貴202号", "url": "https://www.kaigokensaku.mhlw.go.jp/40/index.php?action_kouhyou_detail_004_kani=true&JigyosyoCd=4061290401-00&ServiceCd=130&Type=search", "url2": "https://hinatahome.com/eidkeahoumonkango" }, "geometry": { "type": "Point", "coordinates": [ 130.429325899999981, 33.5333475 ] } },
{ "type": "Feature", "properties": { "内容": "あいず訪問看護ステーション横手南【訪問看護】福岡県福岡市南区横手南町32-1DOGシャンテ1階A号室", "url": "https://www.kaigokensaku.mhlw.go.jp/40/index.php?action_kouhyou_detail_004_kani=true&JigyosyoCd=4061290740-00&ServiceCd=130&Type=search", "url2": "http://aizu-company.co.jp" }, "geometry": { "type": "Point", "coordinates": [ 130.440660900000012, 33.5432717 ] } },
{ "type": "Feature", "properties": { "内容": "訪問看護ステーションととのい【訪問看護】福岡県福岡市南区若久1丁目32－20ユニバースマンション筑紫ヶ丘701", "url": "https://www.kaigokensaku.mhlw.go.jp/40/index.php?action_kouhyou_detail_004_kani=true&JigyosyoCd=4061290773-00&ServiceCd=130&Type=search", "url2": "https://totonoihoukan.jp/" }, "geometry": { "type": "Point", "coordinates": [ 130.415315900000024, 33.556693 ] } },
{ "type": "Feature", "properties": { "内容": "博多みずほ訪問看護ステーション【訪問看護】福岡県福岡市南区高宮5-3-9エルソール高宮701", "url": "https://www.kaigokensaku.mhlw.go.jp/40/index.php?action_kouhyou_detail_004_kani=true&JigyosyoCd=4061290856-00&ServiceCd=130&Type=search", "url2": "https://www.teijin-phama.co.jp" }, "geometry": { "type": "Point", "coordinates": [ 130.414121599999987, 33.5665342 ] } },
{ "type": "Feature", "properties": { "内容": "メディケア訪問看護リハビリステーション福岡南【訪問看護】福岡県福岡市南区横手2-5-10メゾン清水101", "url": "https://www.kaigokensaku.mhlw.go.jp/40/index.php?action_kouhyou_detail_004_kani=true&JigyosyoCd=4061290666-00&ServiceCd=130&Type=search", "url2": "http://medicare-fukuoka.com" }, "geometry": { "type": "Point", "coordinates": [ 130.437901399999987, 33.5493906 ] } },
{ "type": "Feature", "properties": { "内容": "アイエック訪問看護ステーション【訪問看護】福岡市南区花畑1丁目20-17", "url": "https://www.kaigokensaku.mhlw.go.jp/40/index.php?action_kouhyou_detail_004_kani=true&JigyosyoCd=4061290245-00&ServiceCd=130&Type=search", "url2": "http://evidencecare.jp" }, "geometry": { "type": "Point", "coordinates": [ 130.405074323942614, 33.539932491383112 ] } },
{ "type": "Feature", "properties": { "内容": "訪問看護ステーション　ICONIQ【訪問看護】塩原3丁目17-5パストラルミキ", "url": "https://www.kaigokensaku.mhlw.go.jp/40/index.php?action_kouhyou_detail_004_kani=true&JigyosyoCd=4061291045-00&ServiceCd=130&Type=search", "url2": "https://houmon-i.coniq.jp/" }, "geometry": { "type": "Point", "coordinates": [ 130.428472699999986, 33.5618628 ] } },
{ "type": "Feature", "properties": { "内容": "訪問看護ステーション　ひのき【訪問看護】福岡市南区桧原6-44-20", "url": "https://www.kaigokensaku.mhlw.go.jp/40/index.php?action_kouhyou_detail_004_kani=true&JigyosyoCd=4061290047-00&ServiceCd=130&Type=search", "url2": "www.hinoki-kai.com" }, "geometry": { "type": "Point", "coordinates": [ 130.384430100000031, 33.5283057 ] } },
{ "type": "Feature", "properties": { "内容": "訪問看護ステーション花笑み【訪問看護】福岡県福岡市南区横手2-16-3ハピネス岡村1階", "url": "https://www.kaigokensaku.mhlw.go.jp/40/index.php?action_kouhyou_detail_004_kani=true&JigyosyoCd=4061290476-00&ServiceCd=130&Type=search", "url2": "https://hanaemi.biz/" }, "geometry": { "type": "Point", "coordinates": [ 130.439772286673218, 33.549977248123149 ] } },
{ "type": "Feature", "properties": { "内容": "訪問看護ステーション花火【訪問看護】福岡県福岡市南区的場2-14-9", "url": "https://www.kaigokensaku.mhlw.go.jp/40/index.php?action_kouhyou_detail_004_kani=true&JigyosyoCd=4061290591-00&ServiceCd=130&Type=search", "url2": "https://hanabi-nurse.co.jp" }, "geometry": { "type": "Point", "coordinates": [ 130.43252102656183, 33.541556161205648 ] } },
{ "type": "Feature", "properties": { "内容": "ウィル訪問看護ステーション福岡【訪問看護】福岡県福岡市南区日佐5丁目3－8パルク302号", "url": "https://www.kaigokensaku.mhlw.go.jp/40/index.php?action_kouhyou_detail_004_kani=true&JigyosyoCd=4061290617-00&ServiceCd=130&Type=search", "url2": "www.wyl.co.jp" }, "geometry": { "type": "Point", "coordinates": [ 130.431170299999962, 33.5365296 ] } },
{ "type": "Feature", "properties": { "内容": "Bloom訪問看護ステーション【訪問看護】福岡県福岡市南区清水３丁目20-10武末第三ビル302", "url": "https://www.kaigokensaku.mhlw.go.jp/40/index.php?action_kouhyou_detail_004_kani=true&JigyosyoCd=4061290930-00&ServiceCd=130&Type=search", "url2": null }, "geometry": { "type": "Point", "coordinates": [ 130.4195159, 33.5690489 ] } },
{ "type": "Feature", "properties": { "内容": "レスプロ福岡訪問看護ステーション【訪問看護】柏原4－10－12鶴田店舗1階", "url": "https://www.kaigokensaku.mhlw.go.jp/40/index.php?action_kouhyou_detail_004_kani=true&JigyosyoCd=4061290336-00&ServiceCd=130&Type=search", "url2": "http://respro-fukuoka.com/" }, "geometry": { "type": "Point", "coordinates": [ 130.393659899999989, 33.5275948 ] } },
{ "type": "Feature", "properties": { "内容": "誠心訪問看護リハビリステーション福岡南【訪問看護】福岡県福岡市南区野多目5丁目2-16203号室", "url": "https://www.kaigokensaku.mhlw.go.jp/40/index.php?action_kouhyou_detail_004_kani=true&JigyosyoCd=4061290724-00&ServiceCd=130&Type=search", "url2": "https://houmonkango-seishin.com/" }, "geometry": { "type": "Point", "coordinates": [ 130.4163711, 33.5413851 ] } },
{ "type": "Feature", "properties": { "内容": "テルコ訪問看護ステーション【訪問看護】福岡県福岡市南区三宅2-7-27", "url": "https://www.kaigokensaku.mhlw.go.jp/40/index.php?action_kouhyou_detail_004_kani=true&JigyosyoCd=4061290922-00&ServiceCd=130&Type=search", "url2": "https://shun-corporation.com/" }, "geometry": { "type": "Point", "coordinates": [ 130.42665191534428, 33.551102048051924 ] } },
{ "type": "Feature", "properties": { "内容": "訪問看護ステーションあったかんご【訪問看護】三宅1丁目2番12号コーポすみれ301号", "url": "https://www.kaigokensaku.mhlw.go.jp/40/index.php?action_kouhyou_detail_004_kani=true&JigyosyoCd=4061290963-00&ServiceCd=130&Type=search", "url2": "https://www.attakai5.jp" }, "geometry": { "type": "Point", "coordinates": [ 132.349580300000014, 34.3697124 ] } },
{ "type": "Feature", "properties": { "内容": "NewGate訪問看護ステーション　福岡支店【訪問看護】福岡県福岡市南区井尻5-26-50アートビルⅡ　206号室", "url": "https://www.kaigokensaku.mhlw.go.jp/40/index.php?action_kouhyou_detail_004_kani=true&JigyosyoCd=4061290971-00&ServiceCd=130&Type=search", "url2": "https://new-gate.jp/" }, "geometry": { "type": "Point", "coordinates": [ 130.4402088, 33.550255 ] } },
{ "type": "Feature", "properties": { "内容": "マイナビ訪問看護ステーション福岡【訪問看護】福岡県福岡市南区野間１－１－１９高宮駅前ビル202号", "url": "https://www.kaigokensaku.mhlw.go.jp/40/index.php?action_kouhyou_detail_004_kani=true&JigyosyoCd=4061291086-00&ServiceCd=130&Type=search", "url2": "https://houmon-kango.mynavi.jp/" }, "geometry": { "type": "Point", "coordinates": [ 130.4157937, 33.5658782 ] } },
{ "type": "Feature", "properties": { "内容": "ナースステーション　せおり津【訪問看護】福岡県福岡市南区長丘5-8-18ベルメゾン長丘エミネンス601", "url": "https://www.kaigokensaku.mhlw.go.jp/40/index.php?action_kouhyou_detail_004_kani=true&JigyosyoCd=4061291094-00&ServiceCd=130&Type=search", "url2": "sites.google.com/view/seorits" }, "geometry": { "type": "Point", "coordinates": [ 130.3897134, 33.5568024 ] } },
{ "type": "Feature", "properties": { "内容": "訪問看護ステーションりぼん【訪問看護】福岡市南区大平寺1-50-16", "url": "https://www.kaigokensaku.mhlw.go.jp/40/index.php?action_kouhyou_detail_004_kani=true&JigyosyoCd=4061291102-00&ServiceCd=130&Type=search", "url2": null }, "geometry": { "type": "Point", "coordinates": [ 130.3981686, 33.5311721 ] } },
{ "type": "Feature", "properties": { "内容": "訪問看護ステーションユーフィット　福岡【訪問看護】福岡県福岡市南区和田3丁目26-7グランドマスト大橋南1F", "url": "https://www.kaigokensaku.mhlw.go.jp/40/index.php?action_kouhyou_detail_004_kani=true&JigyosyoCd=4061290757-00&ServiceCd=130&Type=search", "url2": "http://you-fit.me" }, "geometry": { "type": "Point", "coordinates": [ 130.4339414, 33.5477657 ] } },
{ "type": "Feature", "properties": { "内容": "訪問看護ステーションふくくる大橋【訪問看護】福岡県福岡市南区三宅3丁目7-9-502パークテラス大橋", "url": "https://www.kaigokensaku.mhlw.go.jp/40/index.php?action_kouhyou_detail_004_kani=true&JigyosyoCd=4061290799-00&ServiceCd=130&Type=search", "url2": "https://fukukuru0701.com/" }, "geometry": { "type": "Point", "coordinates": [ 130.4320146, 33.5486953 ] } },
{ "type": "Feature", "properties": { "内容": "メンタルケア訪問看護SAKURA【訪問看護】福岡県福岡市南区井尻2丁目28-6コーポレートハウス井尻301", "url": "https://www.kaigokensaku.mhlw.go.jp/40/index.php?action_kouhyou_detail_004_kani=true&JigyosyoCd=4061291078-00&ServiceCd=130&Type=search", "url2": "https://mentalcare-sakura.com/" }, "geometry": { "type": "Point", "coordinates": [ 130.444912499999987, 33.556678 ] } },
{ "type": "Feature", "properties": { "内容": "訪問看護ウィズナースステーション福岡【訪問看護】長丘3丁目21－5", "url": "https://www.kaigokensaku.mhlw.go.jp/40/index.php?action_kouhyou_detail_004_kani=true&JigyosyoCd=4061290161-00&ServiceCd=130&Type=search", "url2": "https://www.with-g.com" }, "geometry": { "type": "Point", "coordinates": [ 130.392342837320513, 33.555436535972945 ] } },
{ "type": "Feature", "properties": { "内容": "サンウェルズ今宿訪問看護ステーション【訪問看護】福岡県福岡市西区今宿1丁目3番17号", "url": "https://www.kaigokensaku.mhlw.go.jp/40/index.php?action_kouhyou_detail_004_kani=true&JigyosyoCd=4061191559-00&ServiceCd=130&Type=search", "url2": "sunwels.jp/pdh/" }, "geometry": { "type": "Point", "coordinates": [ 130.2716792, 33.580498 ] } },
{ "type": "Feature", "properties": { "内容": "三丁目の花や　訪問看護ステーション【訪問看護】福岡市西区今宿東2丁目2番10号", "url": "https://www.kaigokensaku.mhlw.go.jp/40/index.php?action_kouhyou_detail_004_kani=true&JigyosyoCd=4061191161-00&ServiceCd=130&Type=search", "url2": "http://kanwa-care.jp/" }, "geometry": { "type": "Point", "coordinates": [ 130.277973771163943, 33.579376353376823 ] } },
{ "type": "Feature", "properties": { "内容": "訪問看護ステーションしもやまと【訪問看護】福岡市西区生の松原2丁目5-1コーポシャルム302", "url": "https://www.kaigokensaku.mhlw.go.jp/40/index.php?action_kouhyou_detail_004_kani=true&JigyosyoCd=4061191724-00&ServiceCd=130&Type=search", "url2": null }, "geometry": { "type": "Point", "coordinates": [ 130.304318200000012, 33.5778453 ] } },
{ "type": "Feature", "properties": { "内容": "訪問看護ステーションもも【訪問看護】福岡県福岡市西区下山門4-14-35-105", "url": "https://www.kaigokensaku.mhlw.go.jp/40/index.php?action_kouhyou_detail_004_kani=true&JigyosyoCd=4061191815-00&ServiceCd=130&Type=search", "url2": "http://lifeassist-2022.com" }, "geometry": { "type": "Point", "coordinates": [ 130.309238776057441, 33.577033514714557 ] } },
{ "type": "Feature", "properties": { "内容": "訪問看護ステーション　月道【訪問看護】福岡県福岡市西区下山門１丁目２７番１８－１－１０２", "url": "https://www.kaigokensaku.mhlw.go.jp/40/index.php?action_kouhyou_detail_004_kani=true&JigyosyoCd=4061191906-00&ServiceCd=130&Type=search", "url2": null }, "geometry": { "type": "Point", "coordinates": [ 130.318322099999989, 33.577879 ] } },
{ "type": "Feature", "properties": { "内容": "訪問看護ステーションGREEN　FOREST【訪問看護】福岡市西区北原２－１５－４８", "url": "https://www.kaigokensaku.mhlw.go.jp/40/index.php?action_kouhyou_detail_004_kani=true&JigyosyoCd=4061192052-00&ServiceCd=130&Type=search", "url2": null }, "geometry": { "type": "Point", "coordinates": [ 130.258460500000012, 33.5818268 ] } },
{ "type": "Feature", "properties": { "内容": "訪問看護ステーション花の香【訪問看護】福岡県福岡市西区生の松原4-17-14", "url": "https://www.kaigokensaku.mhlw.go.jp/40/index.php?action_kouhyou_detail_004_kani=true&JigyosyoCd=4061192144-00&ServiceCd=130&Type=search", "url2": "hananoka-care.com" }, "geometry": { "type": "Point", "coordinates": [ 130.29919, 33.572044099999985 ] } },
{ "type": "Feature", "properties": { "内容": "訪問看護ステーション　いまじゅく【訪問看護】福岡県福岡市西区今宿２丁目１２番７号", "url": "https://www.kaigokensaku.mhlw.go.jp/40/index.php?action_kouhyou_detail_004_kani=true&JigyosyoCd=4061192284-00&ServiceCd=130&Type=search", "url2": null }, "geometry": { "type": "Point", "coordinates": [ 130.2660559, 33.58251 ] } },
{ "type": "Feature", "properties": { "内容": "PDハウス福岡訪問看護ステーション【訪問看護】姪の浜2丁目13番22号アドヴァン姪浜　205号", "url": "https://www.kaigokensaku.mhlw.go.jp/40/index.php?action_kouhyou_detail_004_kani=true&JigyosyoCd=4061192490-00&ServiceCd=130&Type=search", "url2": "https:/sunwels.jp/" }, "geometry": { "type": "Point", "coordinates": [ 130.3280287, 33.5877896 ] } },
{ "type": "Feature", "properties": { "内容": "訪問看護ステーション　あかり家【訪問看護】姪の浜６丁目１－７ウエストハイツナラサキ１０９", "url": "https://www.kaigokensaku.mhlw.go.jp/40/index.php?action_kouhyou_detail_004_kani=true&JigyosyoCd=4061192565-00&ServiceCd=130&Type=search", "url2": null }, "geometry": { "type": "Point", "coordinates": [ 130.3227167, 33.588004300000016 ] } },
{ "type": "Feature", "properties": { "内容": "医療法人　政裕会　ときつ医院【訪問看護】福岡県福岡市西区内浜２丁目６番7号", "url": "https://www.kaigokensaku.mhlw.go.jp/40/index.php?action_kouhyou_detail_004_kani=true&JigyosyoCd=4011118470-00&ServiceCd=130&Type=search", "url2": null }, "geometry": { "type": "Point", "coordinates": [ 130.31846070000006, 33.5837583 ] } },
{ "type": "Feature", "properties": { "内容": "訪問看護ステーション　ふよう【訪問看護】福岡県福岡市西区生の松原3丁目18番8号", "url": "https://www.kaigokensaku.mhlw.go.jp/40/index.php?action_kouhyou_detail_004_kani=true&JigyosyoCd=4061190114-00&ServiceCd=130&Type=search", "url2": "fuyou@nishifukuhp.or.jp" }, "geometry": { "type": "Point", "coordinates": [ 130.296751399999948, 33.577261 ] } },
{ "type": "Feature", "properties": { "内容": "医療法人博仁会　訪問看護ステーションわたぼうし【訪問看護】福岡県福岡市西区野方7-770", "url": "https://www.kaigokensaku.mhlw.go.jp/40/index.php?action_kouhyou_detail_004_kani=true&JigyosyoCd=4061190163-00&ServiceCd=130&Type=search", "url2": null }, "geometry": { "type": "Point", "coordinates": [ 130.303081900000052, 33.5583544 ] } },
{ "type": "Feature", "properties": { "内容": "訪問看護ステーションコスモス【訪問看護】福岡市西区福重5-1-27", "url": "https://www.kaigokensaku.mhlw.go.jp/40/index.php?action_kouhyou_detail_004_kani=true&JigyosyoCd=4061190189-00&ServiceCd=130&Type=search", "url2": "www.iryoudan-net.jp" }, "geometry": { "type": "Point", "coordinates": [ 130.324482399999965, 33.5738231 ] } },
{ "type": "Feature", "properties": { "内容": "訪問看護ステーションかりん【訪問看護】福岡市西区戸切2-14-45", "url": "https://www.kaigokensaku.mhlw.go.jp/40/index.php?action_kouhyou_detail_004_kani=true&JigyosyoCd=4061190304-00&ServiceCd=130&Type=search", "url2": "http://www.karindoh.or.jp" }, "geometry": { "type": "Point", "coordinates": [ 130.315536400000042, 33.554185500000024 ] } },
{ "type": "Feature", "properties": { "内容": "今津赤十字訪問看護ステーション【訪問看護】福岡県福岡市西区今津３７７今津赤十字病院内　１階", "url": "https://www.kaigokensaku.mhlw.go.jp/40/index.php?action_kouhyou_detail_004_kani=true&JigyosyoCd=4061190361-00&ServiceCd=130&Type=search", "url2": "https://imazu-med-jrc.jp" }, "geometry": { "type": "Point", "coordinates": [ 130.272013499999957, 33.6001577 ] } },
{ "type": "Feature", "properties": { "内容": "アップルハート訪問看護ステーション福岡西【訪問看護】福岡県福岡市西区姪浜駅南1丁目2番1号テーラベルデ３０２号", "url": "https://www.kaigokensaku.mhlw.go.jp/40/index.php?action_kouhyou_detail_004_kani=true&JigyosyoCd=4061190445-00&ServiceCd=130&Type=search", "url2": "http://www.aso-kaigo.jp/" }, "geometry": { "type": "Point", "coordinates": [ 130.327146811114545, 33.583379558552522 ] } },
{ "type": "Feature", "properties": { "内容": "訪問看護ステーション　テラシス桜花【訪問看護】福岡県福岡市西区姪の浜２丁目２８番43号", "url": "https://www.kaigokensaku.mhlw.go.jp/40/index.php?action_kouhyou_detail_004_kani=true&JigyosyoCd=4061190668-00&ServiceCd=130&Type=search", "url2": "http://terrasis-ohka.jp" }, "geometry": { "type": "Point", "coordinates": [ 130.332151299999964, 33.5887743 ] } },
{ "type": "Feature", "properties": { "内容": "かがやき訪問看護ステーション【訪問看護】福岡県福岡市西区今宿町５８３", "url": "https://www.kaigokensaku.mhlw.go.jp/40/index.php?action_kouhyou_detail_004_kani=true&JigyosyoCd=4061190700-00&ServiceCd=130&Type=search", "url2": "http://www.kisyoukai.jp/kagayaki/" }, "geometry": { "type": "Point", "coordinates": [ 130.267075699999964, 33.57205440000002 ] } },
{ "type": "Feature", "properties": { "内容": "社会医療法人財団白十字会　訪問看護ステーション白十字【訪問看護】福岡県福岡市西区石丸3丁目3－9白十字リハビリテーション病院1階", "url": "https://www.kaigokensaku.mhlw.go.jp/40/index.php?action_kouhyou_detail_004_kani=true&JigyosyoCd=4061190791-00&ServiceCd=130&Type=search", "url2": "http://www.fukuoka.hakujyujikai.or.jp/" }, "geometry": { "type": "Point", "coordinates": [ 130.315939483605916, 33.574197160403699 ] } },
{ "type": "Feature", "properties": { "内容": "訪問看護ステーション杜の樹【訪問看護】福岡県福岡市西区野方6丁目33-18", "url": "https://www.kaigokensaku.mhlw.go.jp/40/index.php?action_kouhyou_detail_004_kani=true&JigyosyoCd=4061190858-00&ServiceCd=130&Type=search", "url2": "https://www.care-morinoki.com/" }, "geometry": { "type": "Point", "coordinates": [ 130.307731500000045, 33.5582045 ] } },
{ "type": "Feature", "properties": { "内容": "訪問看護ステーション　デューン姪浜【訪問看護】福岡県福岡市西区石丸1丁目2-10古賀ハイツ1階1号室", "url": "https://www.kaigokensaku.mhlw.go.jp/40/index.php?action_kouhyou_detail_004_kani=true&JigyosyoCd=4061190932-00&ServiceCd=130&Type=search", "url2": null }, "geometry": { "type": "Point", "coordinates": [ 130.3227365, 33.573839700000022 ] } },
{ "type": "Feature", "properties": { "内容": "アフィニティーつばき　訪問看護ステーション【訪問看護】福岡県福岡市西区拾六町5丁目16番29号住宅型有料老人ホームアフィニティー　つばき", "url": "https://www.kaigokensaku.mhlw.go.jp/40/index.php?action_kouhyou_detail_004_kani=true&JigyosyoCd=4061191021-00&ServiceCd=130&Type=search", "url2": null }, "geometry": { "type": "Point", "coordinates": [ 130.3084199, 33.5698287 ] } },
{ "type": "Feature", "properties": { "内容": "新生堂薬局　訪問看護ステーション　（旧名称：ビュートゾルフ福岡）【訪問看護】福岡県福岡市西区姪の浜3-5-8グリーンリーフ姪浜１階", "url": "https://www.kaigokensaku.mhlw.go.jp/40/index.php?action_kouhyou_detail_004_kani=true&JigyosyoCd=4061191039-00&ServiceCd=130&Type=search", "url2": "https://sinseido-nursing.com/" }, "geometry": { "type": "Point", "coordinates": [ 130.323360982880132, 33.588391508199535 ] } },
{ "type": "Feature", "properties": { "内容": "訪問看護ステーション福岡和仁会【訪問看護】福岡県福岡市西区生の松原1丁目33番18号福岡和仁会病院", "url": "https://www.kaigokensaku.mhlw.go.jp/40/index.php?action_kouhyou_detail_004_kani=true&JigyosyoCd=4061191245-00&ServiceCd=130&Type=search", "url2": "http://fukuoka-wajinkai-hp.or.jp/" }, "geometry": { "type": "Point", "coordinates": [ 130.2950612, 33.5797958 ] } },
{ "type": "Feature", "properties": { "内容": "福岡ハートネット病院さわら訪問看護ステーション【訪問看護】福岡県福岡市西区姪の浜2丁目2番50号福岡ハートネット病院別館", "url": "https://www.kaigokensaku.mhlw.go.jp/40/index.php?action_kouhyou_detail_004_kani=true&JigyosyoCd=4061191252-00&ServiceCd=130&Type=search", "url2": null }, "geometry": { "type": "Point", "coordinates": [ 130.331704599999966, 33.587169 ] } },
{ "type": "Feature", "properties": { "内容": "サザン訪問看護ステーション【訪問看護】橋本1丁目34番40号", "url": "https://www.kaigokensaku.mhlw.go.jp/40/index.php?action_kouhyou_detail_004_kani=true&JigyosyoCd=4061191302-00&ServiceCd=130&Type=search", "url2": "http://www.ogata-sazan.jp/" }, "geometry": { "type": "Point", "coordinates": [ 139.34539190000001, 35.5913614 ] } },
{ "type": "Feature", "properties": { "内容": "カラフル訪問看護ステーション【訪問看護】福岡県福岡市西区福重５-4-21302号室", "url": "https://www.kaigokensaku.mhlw.go.jp/40/index.php?action_kouhyou_detail_004_kani=true&JigyosyoCd=4061191369-00&ServiceCd=130&Type=search", "url2": "http://colorshouse.jp" }, "geometry": { "type": "Point", "coordinates": [ 130.323299200000037, 33.57566139999998 ] } },
{ "type": "Feature", "properties": { "内容": "室見が丘訪問看護ステーション【訪問看護】福岡市西区室見が丘1丁目４番３号", "url": "https://www.kaigokensaku.mhlw.go.jp/40/index.php?action_kouhyou_detail_004_kani=true&JigyosyoCd=4061191492-00&ServiceCd=130&Type=search", "url2": null }, "geometry": { "type": "Point", "coordinates": [ 130.3167291, 33.5207942 ] } },
{ "type": "Feature", "properties": { "内容": "ソフィアメディ訪問看護ステーション福岡西【訪問看護】下山門3‐3‐1リファインドビル103", "url": "https://www.kaigokensaku.mhlw.go.jp/40/index.php?action_kouhyou_detail_004_kani=true&JigyosyoCd=4061191740-00&ServiceCd=130&Type=search", "url2": "https://www.sophiamedi.co.jp/" }, "geometry": { "type": "Point", "coordinates": [ 130.3151852, 33.5780981 ] } },
{ "type": "Feature", "properties": { "内容": "ケアライフ野方訪問看護ステーション【訪問看護】福岡県福岡市西区野方1丁目13番1号", "url": "https://www.kaigokensaku.mhlw.go.jp/40/index.php?action_kouhyou_detail_004_kani=true&JigyosyoCd=4061192086-00&ServiceCd=130&Type=search", "url2": "https://bestlife1165.com/" }, "geometry": { "type": "Point", "coordinates": [ 130.3102984, 33.5574967 ] } },
{ "type": "Feature", "properties": { "内容": "＆あ～ばん訪問看護ステーション【訪問看護】福岡県福岡市西区西都一丁目2番31号", "url": "https://www.kaigokensaku.mhlw.go.jp/40/index.php?action_kouhyou_detail_004_kani=true&JigyosyoCd=4061192094-00&ServiceCd=130&Type=search", "url2": "https://a-ban.com/" }, "geometry": { "type": "Point", "coordinates": [ 130.2621232, 33.5780988 ] } },
{ "type": "Feature", "properties": { "内容": "フクオカ訪問看護ステーション【訪問看護】福岡県福岡市西区内浜２丁目１－１７プレスト姪浜２ー１０１", "url": "https://www.kaigokensaku.mhlw.go.jp/40/index.php?action_kouhyou_detail_004_kani=true&JigyosyoCd=4061192102-00&ServiceCd=130&Type=search", "url2": null }, "geometry": { "type": "Point", "coordinates": [ 130.3192115, 33.5838217 ] } },
{ "type": "Feature", "properties": { "内容": "フローシス訪問看護ステーション【訪問看護】石丸2丁目39-10ザ・フローシス", "url": "https://www.kaigokensaku.mhlw.go.jp/40/index.php?action_kouhyou_detail_004_kani=true&JigyosyoCd=4061192300-00&ServiceCd=130&Type=search", "url2": "https://www.frowsisi.jp" }, "geometry": { "type": "Point", "coordinates": [ 130.3165995, 33.5748955 ] } },
{ "type": "Feature", "properties": { "内容": "おうち訪問看護ステーション【訪問看護】福岡県福岡市西区福重5丁目4番11号2F", "url": "https://www.kaigokensaku.mhlw.go.jp/40/index.php?action_kouhyou_detail_004_kani=true&JigyosyoCd=4061191971-00&ServiceCd=130&Type=search", "url2": "info01@ouchi-hanamaru.com" }, "geometry": { "type": "Point", "coordinates": [ 130.3232389, 33.574919 ] } },
{ "type": "Feature", "properties": { "内容": "訪問看護ステーション都　ナース福岡【訪問看護】福岡県福岡市西区周船寺2-7-8", "url": "https://www.kaigokensaku.mhlw.go.jp/40/index.php?action_kouhyou_detail_004_kani=true&JigyosyoCd=4061191484-00&ServiceCd=130&Type=search", "url2": "https://www.medicare-j.com" }, "geometry": { "type": "Point", "coordinates": [ 130.2454473, 33.5722252 ] } },
{ "type": "Feature", "properties": { "内容": "SOMPOケア　姪浜　訪問看護【訪問看護】福岡県福岡市西区石丸三丁目38-7", "url": "https://www.kaigokensaku.mhlw.go.jp/40/index.php?action_kouhyou_detail_004_kani=true&JigyosyoCd=4061191799-00&ServiceCd=130&Type=search", "url2": "https://www.sompocare.com" }, "geometry": { "type": "Point", "coordinates": [ 130.3116544, 33.5756562 ] } },
{ "type": "Feature", "properties": { "内容": "訪問看護ステーションはな【訪問看護】福岡県福岡市西区今宿東2-2-10", "url": "https://www.kaigokensaku.mhlw.go.jp/40/index.php?action_kouhyou_detail_004_kani=true&JigyosyoCd=4061190395-00&ServiceCd=130&Type=search", "url2": "http://kanwa-care.jp/" }, "geometry": { "type": "Point", "coordinates": [ 130.277832200000034, 33.579349300000011 ] } },
{ "type": "Feature", "properties": { "内容": "訪問看護ステーショングッドファイブ福岡【訪問看護】福岡県福岡市西区九大新町1-2アイレーン・サプライ1F", "url": "https://www.kaigokensaku.mhlw.go.jp/40/index.php?action_kouhyou_detail_004_kani=true&JigyosyoCd=4061192177-00&ServiceCd=130&Type=search", "url2": null }, "geometry": { "type": "Point", "coordinates": [ 130.227885341004736, 33.595001955398047 ] } },
{ "type": "Feature", "properties": { "内容": "訪問看護ステーション　cocoro【訪問看護】福岡県福岡市西区大字千里480番地8", "url": "https://www.kaigokensaku.mhlw.go.jp/40/index.php?action_kouhyou_detail_004_kani=true&JigyosyoCd=4061190692-00&ServiceCd=130&Type=search", "url2": null }, "geometry": { "type": "Point", "coordinates": [ 130.238711926001201, 33.565200068248167 ] } },
{ "type": "Feature", "properties": { "内容": "訪問看護ステーションラララ【訪問看護】今宿東1丁目13-5徳島コーポ101号", "url": "https://www.kaigokensaku.mhlw.go.jp/40/index.php?action_kouhyou_detail_004_kani=true&JigyosyoCd=4061192466-00&ServiceCd=130&Type=search", "url2": "https://lalala.withlalala.com/" }, "geometry": { "type": "Point", "coordinates": [ 130.2762697, 33.5749952 ] } },
{ "type": "Feature", "properties": { "内容": "訪問看護　SORA【訪問看護】福岡県福岡市大字千里465-10102", "url": "https://www.kaigokensaku.mhlw.go.jp/40/index.php?action_kouhyou_detail_004_kani=true&JigyosyoCd=4061192474-00&ServiceCd=130&Type=search", "url2": null }, "geometry": { "type": "Point", "coordinates": [ 130.2388451, 33.5676253 ] } },
{ "type": "Feature", "properties": { "内容": "茂木病院　訪問看護【訪問看護】姪の浜6-1-20", "url": "https://www.kaigokensaku.mhlw.go.jp/40/index.php?action_kouhyou_detail_004_kani=true&JigyosyoCd=4011129386-00&ServiceCd=130&Type=search", "url2": "https://mo-gi.jp" }, "geometry": { "type": "Point", "coordinates": [ 130.3220691, 33.5883128 ] } },
{ "type": "Feature", "properties": { "内容": "あすか訪問看護ステーション【訪問看護】福岡市西区姪の浜4-22-6高田ビル2Ｆ", "url": "https://www.kaigokensaku.mhlw.go.jp/40/index.php?action_kouhyou_detail_004_kani=true&JigyosyoCd=4061190197-00&ServiceCd=130&Type=search", "url2": "http://www.kaiyokai.jp/h-asuka" }, "geometry": { "type": "Point", "coordinates": [ 130.325262899999984, 33.5846083 ] } },
{ "type": "Feature", "properties": { "内容": "誠心訪問看護リハビリステーション姪浜【訪問看護】姪の浜４丁目２２番３１－５０号", "url": "https://www.kaigokensaku.mhlw.go.jp/40/index.php?action_kouhyou_detail_004_kani=true&JigyosyoCd=4061191203-00&ServiceCd=130&Type=search", "url2": "https://houmonkango-seishin.com/" }, "geometry": { "type": "Point", "coordinates": [ 130.324261799999931, 33.5849677 ] } },
{ "type": "Feature", "properties": { "内容": "はるいろ訪問看護ステーション【訪問看護】福岡県福岡市西区姪の浜4丁目22番18-1304", "url": "https://www.kaigokensaku.mhlw.go.jp/40/index.php?action_kouhyou_detail_004_kani=true&JigyosyoCd=4061191534-00&ServiceCd=130&Type=search", "url2": "https://user.toriaez-hp.jp/97fd5b3e-0cc2-4a0f-a60c-be649a28b19b" }, "geometry": { "type": "Point", "coordinates": [ 130.324684400000024, 33.584323500000011 ] } },
{ "type": "Feature", "properties": { "内容": "訪問看護ステーション　つばめ【訪問看護】福岡県福岡市西区姪の浜2丁目3番11ビブロス207号", "url": "https://www.kaigokensaku.mhlw.go.jp/40/index.php?action_kouhyou_detail_004_kani=true&JigyosyoCd=4061192607-00&ServiceCd=130&Type=search", "url2": null }, "geometry": { "type": "Point", "coordinates": [ 130.330615200000011, 33.5865048 ] } },
{ "type": "Feature", "properties": { "内容": "訪問看護おとなりさん。【訪問看護】福岡県福岡市西区上山門3丁目10-56", "url": "https://www.kaigokensaku.mhlw.go.jp/40/index.php?action_kouhyou_detail_004_kani=true&JigyosyoCd=4061192631-00&ServiceCd=130&Type=search", "url2": "https://otonari30.com/archives/office/houkan" }, "geometry": { "type": "Point", "coordinates": [ 130.3012167, 33.5729542 ] } },
{ "type": "Feature", "properties": { "内容": "まごころ訪問看護ステーション【訪問看護】福岡県福岡市城南区飯倉1-6-25", "url": "https://www.kaigokensaku.mhlw.go.jp/40/index.php?action_kouhyou_detail_004_kani=true&JigyosyoCd=4061190981-00&ServiceCd=130&Type=search", "url2": null }, "geometry": { "type": "Point", "coordinates": [ 130.355686200000036, 33.5662008 ] } },
{ "type": "Feature", "properties": { "内容": "訪問看護ステーション　メディケアジャパン福岡【訪問看護】福岡県福岡市城南区樋井川6丁目12番15号勝栄ビル602号", "url": "https://www.kaigokensaku.mhlw.go.jp/40/index.php?action_kouhyou_detail_004_kani=true&JigyosyoCd=4061191112-00&ServiceCd=130&Type=search", "url2": null }, "geometry": { "type": "Point", "coordinates": [ 130.386182400000052, 33.5393632 ] } },
{ "type": "Feature", "properties": { "内容": "訪看ケアFUKUOKA【訪問看護】福岡県福岡市城南区長尾5－11－15－101サニーハウス", "url": "https://www.kaigokensaku.mhlw.go.jp/40/index.php?action_kouhyou_detail_004_kani=true&JigyosyoCd=4061290575-00&ServiceCd=130&Type=search", "url2": "https://nishi-health.com" }, "geometry": { "type": "Point", "coordinates": [ 130.380567232223854, 33.55336124876078 ] } },
{ "type": "Feature", "properties": { "内容": "訪問看護ステーション　ナナクマ【訪問看護】福岡県福岡市城南区片江5丁目1-45-401福大前エクセルアベニュー　401号", "url": "https://www.kaigokensaku.mhlw.go.jp/40/index.php?action_kouhyou_detail_004_kani=true&JigyosyoCd=4061191872-00&ServiceCd=130&Type=search", "url2": null }, "geometry": { "type": "Point", "coordinates": [ 130.368787437434406, 33.551827047601755 ] } },
{ "type": "Feature", "properties": { "内容": "ビーズ訪問看護ステーション南片江【訪問看護】福岡県福岡市城南区南片江2丁目31-9", "url": "https://www.kaigokensaku.mhlw.go.jp/40/index.php?action_kouhyou_detail_004_kani=true&JigyosyoCd=4061192110-00&ServiceCd=130&Type=search", "url2": "https://beads-hospice.jp/" }, "geometry": { "type": "Point", "coordinates": [ 130.371379461376961, 33.545010596163671 ] } },
{ "type": "Feature", "properties": { "内容": "セントケア訪問看護ステーション福岡城南【訪問看護】福岡県福岡市城南区別府6丁目4番1号ノザワ貸事務所202号", "url": "https://www.kaigokensaku.mhlw.go.jp/40/index.php?action_kouhyou_detail_004_kani=true&JigyosyoCd=4061190775-00&ServiceCd=130&Type=search", "url2": null }, "geometry": { "type": "Point", "coordinates": [ 130.366251899999952, 33.5679453 ] } },
{ "type": "Feature", "properties": { "内容": "ピース訪問看護ステーション【訪問看護】福岡県福岡市城南区友丘6丁目21‐40サクセス127　101号", "url": "https://www.kaigokensaku.mhlw.go.jp/40/index.php?action_kouhyou_detail_004_kani=true&JigyosyoCd=4061192292-00&ServiceCd=130&Type=search", "url2": null }, "geometry": { "type": "Point", "coordinates": [ 130.3710501, 33.555463 ] } },
{ "type": "Feature", "properties": { "内容": "訪問看護ルピナス【訪問看護】福岡県福岡市城南区友丘六丁目７番１０号サニーサイド２０３号室", "url": "https://www.kaigokensaku.mhlw.go.jp/40/index.php?action_kouhyou_detail_004_kani=true&JigyosyoCd=4061192367-00&ServiceCd=130&Type=search", "url2": null }, "geometry": { "type": "Point", "coordinates": [ 130.3684498, 33.5575869 ] } },
{ "type": "Feature", "properties": { "内容": "訪問看護ステーションあかいはし【訪問看護】福岡市城南区友丘3-1-16103号", "url": "https://www.kaigokensaku.mhlw.go.jp/40/index.php?action_kouhyou_detail_004_kani=true&JigyosyoCd=4061192417-00&ServiceCd=130&Type=search", "url2": "https://akai-hasi.com/" }, "geometry": { "type": "Point", "coordinates": [ 130.376458769975301, 33.558383977369353 ] } },
{ "type": "Feature", "properties": { "内容": "訪問看護ステーションRin【訪問看護】福岡県福岡市城南区七隈4丁目20-2ユゥ＆ミィ金山駅前C棟303号", "url": "https://www.kaigokensaku.mhlw.go.jp/40/index.php?action_kouhyou_detail_004_kani=true&JigyosyoCd=4061192425-00&ServiceCd=130&Type=search", "url2": "https://www.rin-houkan2025.com" }, "geometry": { "type": "Point", "coordinates": [ 130.3607883, 33.557662 ] } },
{ "type": "Feature", "properties": { "内容": "訪問看護ステーション　リブ福岡【訪問看護】福岡県福岡市城南区別府1-16-10103号", "url": "https://www.kaigokensaku.mhlw.go.jp/40/index.php?action_kouhyou_detail_004_kani=true&JigyosyoCd=4061192433-00&ServiceCd=130&Type=search", "url2": null }, "geometry": { "type": "Point", "coordinates": [ 130.3722109, 33.5732048 ] } },
{ "type": "Feature", "properties": { "内容": "ありす訪問看護リハビリステーション【訪問看護】福岡県福岡市城南区堤1-11-23505号", "url": "https://www.kaigokensaku.mhlw.go.jp/40/index.php?action_kouhyou_detail_004_kani=true&JigyosyoCd=4060390889-00&ServiceCd=130&Type=search", "url2": "https://www.alice-houmon.com/" }, "geometry": { "type": "Point", "coordinates": [ 130.38049060000003, 33.5480704 ] } },
{ "type": "Feature", "properties": { "内容": "医療法人社団江頭会　さくら病院　訪問看護ステーションさくら【訪問看護】福岡市城南区南片江6丁目2-32", "url": "https://www.kaigokensaku.mhlw.go.jp/40/index.php?action_kouhyou_detail_004_kani=true&JigyosyoCd=4061190031-00&ServiceCd=130&Type=search", "url2": "http://www.sakurahp.or.jp" }, "geometry": { "type": "Point", "coordinates": [ 130.369702293779, 33.545737220456544 ] } },
{ "type": "Feature", "properties": { "内容": "とりかい訪問看護ステーション【訪問看護】福岡県福岡市城南区鳥飼6丁目7番14号", "url": "https://www.kaigokensaku.mhlw.go.jp/40/index.php?action_kouhyou_detail_004_kani=true&JigyosyoCd=4061190106-00&ServiceCd=130&Type=search", "url2": "https://www.kouikai.jp/torikaizaitaku/st/" }, "geometry": { "type": "Point", "coordinates": [ 130.368390399999953, 33.5762306 ] } },
{ "type": "Feature", "properties": { "内容": "訪問看護ステーション　　ホームケアながお【訪問看護】福岡県福岡市城南区樋井川３－４６－５", "url": "https://www.kaigokensaku.mhlw.go.jp/40/index.php?action_kouhyou_detail_004_kani=true&JigyosyoCd=4061190205-00&ServiceCd=130&Type=search", "url2": "http://www.nagao.or.jp" }, "geometry": { "type": "Point", "coordinates": [ 130.388379204368533, 33.543487416894486 ] } },
{ "type": "Feature", "properties": { "内容": "訪問看護ステーションめおといわ【訪問看護】福岡市城南区松山２丁目８－３", "url": "https://www.kaigokensaku.mhlw.go.jp/40/index.php?action_kouhyou_detail_004_kani=true&JigyosyoCd=4061190221-00&ServiceCd=130&Type=search", "url2": "https://www.meotoiwa.com/zaitakubu/" }, "geometry": { "type": "Point", "coordinates": [ 130.364094199999954, 33.5564633 ] } },
{ "type": "Feature", "properties": { "内容": "訪問看護ステーションみやび【訪問看護】片江2丁目23番5号", "url": "https://www.kaigokensaku.mhlw.go.jp/40/index.php?action_kouhyou_detail_004_kani=true&JigyosyoCd=4061190643-00&ServiceCd=130&Type=search", "url2": "https://y-miyabi.co.jp" }, "geometry": { "type": "Point", "coordinates": [ 130.375249571511063, 33.54801074994176 ] } },
{ "type": "Feature", "properties": { "内容": "医療法人社団江頭会さくら病院　訪問看護ステーションさくらんぼ【訪問看護】福岡県福岡市城南区長尾5丁目8番10号アリヨシ城南ビル1階", "url": "https://www.kaigokensaku.mhlw.go.jp/40/index.php?action_kouhyou_detail_004_kani=true&JigyosyoCd=4061191344-00&ServiceCd=130&Type=search", "url2": null }, "geometry": { "type": "Point", "coordinates": [ 130.380752675249227, 33.552907453174534 ] } },
{ "type": "Feature", "properties": { "内容": "訪問看護ステーション縁【訪問看護】樋井川3丁目29-27ラヴィタ城南B棟101号", "url": "https://www.kaigokensaku.mhlw.go.jp/40/index.php?action_kouhyou_detail_004_kani=true&JigyosyoCd=4061191401-00&ServiceCd=130&Type=search", "url2": null }, "geometry": { "type": "Point", "coordinates": [ 130.3877967, 33.5465661 ] } },
{ "type": "Feature", "properties": { "内容": "ウエストライフ訪問看護ｽﾃｰｼｮﾝ【訪問看護】福岡県福岡市城南区南片江6丁目12番1号", "url": "https://www.kaigokensaku.mhlw.go.jp/40/index.php?action_kouhyou_detail_004_kani=true&JigyosyoCd=4061191427-00&ServiceCd=130&Type=search", "url2": "https://www.saibugasls.co.jp/w_minamikatae/index.html" }, "geometry": { "type": "Point", "coordinates": [ 130.3706985, 33.5439136 ] } },
{ "type": "Feature", "properties": { "内容": "アスター訪問看護ステーション【訪問看護】梅林2丁目18-8コンドミニアム福大前609", "url": "https://www.kaigokensaku.mhlw.go.jp/40/index.php?action_kouhyou_detail_004_kani=true&JigyosyoCd=4061191476-00&ServiceCd=130&Type=search", "url2": null }, "geometry": { "type": "Point", "coordinates": [ 130.3572491, 33.5446066 ] } },
{ "type": "Feature", "properties": { "内容": "プラチナ訪問看護ステーション田島【訪問看護】福岡県福岡市城南区田島5丁目１１番１号", "url": "https://www.kaigokensaku.mhlw.go.jp/40/index.php?action_kouhyou_detail_004_kani=true&JigyosyoCd=4061191518-00&ServiceCd=130&Type=search", "url2": null }, "geometry": { "type": "Point", "coordinates": [ 130.3694635, 33.562619 ] } },
{ "type": "Feature", "properties": { "内容": "訪問看護ステーション5星【訪問看護】福岡県福岡市城南区樋井川4丁目2-3メイプルタウン樋井川201号", "url": "https://www.kaigokensaku.mhlw.go.jp/40/index.php?action_kouhyou_detail_004_kani=true&JigyosyoCd=4061191690-00&ServiceCd=130&Type=search", "url2": "https://fiveten-nursing.net" }, "geometry": { "type": "Point", "coordinates": [ 130.386933199999987, 33.5474499 ] } },
{ "type": "Feature", "properties": { "内容": "訪問看護ステーションTOMO城南【訪問看護】福岡市城南区樋井川2-26-39エンゼルハイツ1階", "url": "https://www.kaigokensaku.mhlw.go.jp/40/index.php?action_kouhyou_detail_004_kani=true&JigyosyoCd=4061191708-00&ServiceCd=130&Type=search", "url2": "https://human-loop.com/" }, "geometry": { "type": "Point", "coordinates": [ 130.382690349847564, 33.552715331885175 ] } },
{ "type": "Feature", "properties": { "内容": "クオリア訪問看護リハビリステーション福岡城南【訪問看護】堤１丁目11-22第2堤ハイツ107号室", "url": "https://www.kaigokensaku.mhlw.go.jp/40/index.php?action_kouhyou_detail_004_kani=true&JigyosyoCd=4061192268-00&ServiceCd=130&Type=search", "url2": "https://www.qualia-houmonkango.com/" }, "geometry": { "type": "Point", "coordinates": [ 130.3804077, 33.5477917 ] } },
{ "type": "Feature", "properties": { "内容": "あかり訪問看護ステーション【訪問看護】長尾5丁目18-13-206", "url": "https://www.kaigokensaku.mhlw.go.jp/40/index.php?action_kouhyou_detail_004_kani=true&JigyosyoCd=4061192623-00&ServiceCd=130&Type=search", "url2": "https://akarinurse1001.com/" }, "geometry": { "type": "Point", "coordinates": [ 130.3797329, 33.5543587 ] } },
{ "type": "Feature", "properties": { "内容": "訪問看護ステーション神松寺【訪問看護】片江1丁目4-37", "url": "https://www.kaigokensaku.mhlw.go.jp/40/index.php?action_kouhyou_detail_004_kani=true&JigyosyoCd=4061192482-00&ServiceCd=130&Type=search", "url2": null }, "geometry": { "type": "Point", "coordinates": [ 130.3789162, 33.5519385 ] } },
{ "type": "Feature", "properties": { "内容": "訪問看護ステーション玉手箱【訪問看護】福岡県福岡市城南区片江1-11-1", "url": "https://www.kaigokensaku.mhlw.go.jp/40/index.php?action_kouhyou_detail_004_kani=true&JigyosyoCd=4061192615-00&ServiceCd=130&Type=search", "url2": "https://www.full-love-yuyu.jp/about/" }, "geometry": { "type": "Point", "coordinates": [ 130.37902840000001, 33.5495348 ] } },
{ "type": "Feature", "properties": { "内容": "訪看ケアFUKUOKA【訪問看護】福岡県福岡市城南区神松寺2ｰ19ｰ21安田ハイツ103", "url": "https://www.kaigokensaku.mhlw.go.jp/40/index.php?action_kouhyou_detail_004_kani=true&JigyosyoCd=4061191765-00&ServiceCd=130&Type=search", "url2": "https://nishi-health.com" }, "geometry": { "type": "Point", "coordinates": [ 130.375093151467496, 33.552936096853699 ] } },
{ "type": "Feature", "properties": { "内容": "マリンケア訪問看護ステーション【訪問看護】福岡県福岡市城南区飯倉1丁目5-35", "url": "https://www.kaigokensaku.mhlw.go.jp/40/index.php?action_kouhyou_detail_004_kani=true&JigyosyoCd=4061191880-00&ServiceCd=130&Type=search", "url2": null }, "geometry": { "type": "Point", "coordinates": [ 130.35661461406346, 33.566964651961683 ] } },
{ "type": "Feature", "properties": { "内容": "訪問看護ステーション　ウィークケア【訪問看護】福岡県福岡市城南区東油山2丁目7-15ルパ椿山203", "url": "https://www.kaigokensaku.mhlw.go.jp/40/index.php?action_kouhyou_detail_004_kani=true&JigyosyoCd=4061192011-00&ServiceCd=130&Type=search", "url2": null }, "geometry": { "type": "Point", "coordinates": [ 130.3780816, 33.5380902 ] } },
{ "type": "Feature", "properties": { "内容": "訪問看護ステーションＮＩＣＥ【訪問看護】福岡市城南区樋井川4丁目9番15号", "url": "https://www.kaigokensaku.mhlw.go.jp/40/index.php?action_kouhyou_detail_004_kani=true&JigyosyoCd=4061192136-00&ServiceCd=130&Type=search", "url2": "https://nice-comfort.jp/" }, "geometry": { "type": "Point", "coordinates": [ 130.3865446, 33.5455048 ] } },
{ "type": "Feature", "properties": { "内容": "リバティ訪問看護ステーション堤【訪問看護】福岡県福岡市城南区片江1-4-8-305ラフォーレ城南305", "url": "https://www.kaigokensaku.mhlw.go.jp/40/index.php?action_kouhyou_detail_004_kani=true&JigyosyoCd=4061192664-00&ServiceCd=130&Type=search", "url2": null }, "geometry": { "type": "Point", "coordinates": [ 130.3792516, 33.5519007 ] } },
{ "type": "Feature", "properties": { "内容": "メディケア訪問看護リハビリステーション福岡城南【訪問看護】福岡県福岡市城南区長尾5丁目9−10−201号", "url": "https://www.kaigokensaku.mhlw.go.jp/40/index.php?action_kouhyou_detail_004_kani=true&JigyosyoCd=4061192078-00&ServiceCd=130&Type=search", "url2": null }, "geometry": { "type": "Point", "coordinates": [ 130.380052181098705, 33.55285023694865 ] } },
{ "type": "Feature", "properties": { "内容": "サリフェ訪問看護ステーション福岡【訪問看護】福岡県福岡市城南区樋井川6丁目32番7号エクレール城南東101", "url": "https://www.kaigokensaku.mhlw.go.jp/40/index.php?action_kouhyou_detail_004_kani=true&JigyosyoCd=4061192680-00&ServiceCd=130&Type=search", "url2": null }, "geometry": { "type": "Point", "coordinates": [ 130.38545160000001, 33.5420282 ] } },
{ "type": "Feature", "properties": { "内容": "訪問看護リハビリステーションみかん【訪問看護】福岡県福岡市城南区鳥飼5丁目13-45-2F", "url": "https://www.kaigokensaku.mhlw.go.jp/40/index.php?action_kouhyou_detail_004_kani=true&JigyosyoCd=4061191179-00&ServiceCd=130&Type=search", "url2": "http://askmedi46493.Jimdofree.com" }, "geometry": { "type": "Point", "coordinates": [ 130.3737553, 33.5765796 ] } },
{ "type": "Feature", "properties": { "内容": "りそら訪問看護ステーション【訪問看護】片江１丁目4-54ふくふくビル４階", "url": "https://www.kaigokensaku.mhlw.go.jp/40/index.php?action_kouhyou_detail_004_kani=true&JigyosyoCd=4061192060-00&ServiceCd=130&Type=search", "url2": "www.risola-ns.jp/" }, "geometry": { "type": "Point", "coordinates": [ 130.379115899999988, 33.5524628 ] } },
{ "type": "Feature", "properties": { "内容": "ひのひかり訪問看護ステーション【訪問看護】別府１丁目２番１号３階", "url": "https://www.kaigokensaku.mhlw.go.jp/40/index.php?action_kouhyou_detail_004_kani=true&JigyosyoCd=4061192169-00&ServiceCd=130&Type=search", "url2": null }, "geometry": { "type": "Point", "coordinates": [ 130.374202200000013, 33.575543 ] } },
{ "type": "Feature", "properties": { "内容": "ルミナス訪問看護ステーション【訪問看護】堤1-30-1", "url": "https://www.kaigokensaku.mhlw.go.jp/40/index.php?action_kouhyou_detail_004_kani=true&JigyosyoCd=4061192649-00&ServiceCd=130&Type=search", "url2": null }, "geometry": { "type": "Point", "coordinates": [ 130.3804943, 33.5448568 ] } },
{ "type": "Feature", "properties": { "内容": "サンウェルズ有田訪問看護ステーション【訪問看護】福岡県福岡市早良区有田７丁目7番7号福岡市早良区有田７丁目7番7号", "url": "https://www.kaigokensaku.mhlw.go.jp/40/index.php?action_kouhyou_detail_004_kani=true&JigyosyoCd=4061191567-00&ServiceCd=130&Type=search", "url2": null }, "geometry": { "type": "Point", "coordinates": [ 130.330667286508174, 33.564061910703685 ] } },
{ "type": "Feature", "properties": { "内容": "訪問看護ステ－ション紺然想【訪問看護】福岡県福岡市早良区賀茂1丁目25-5ブラン・コ－ト賀茂D101", "url": "https://www.kaigokensaku.mhlw.go.jp/40/index.php?action_kouhyou_detail_004_kani=true&JigyosyoCd=4061191609-00&ServiceCd=130&Type=search", "url2": "http://www.konzenso.com/" }, "geometry": { "type": "Point", "coordinates": [ 130.341287599999987, 33.5541614 ] } },
{ "type": "Feature", "properties": { "内容": "アクティアス訪問看護ステーション【訪問看護】有田5丁目8-15", "url": "https://www.kaigokensaku.mhlw.go.jp/40/index.php?action_kouhyou_detail_004_kani=true&JigyosyoCd=4061191096-00&ServiceCd=130&Type=search", "url2": null }, "geometry": { "type": "Point", "coordinates": [ 130.33480794232787, 33.55735875761269 ] } },
{ "type": "Feature", "properties": { "内容": "ネクストリンク訪問看護【訪問看護】梅林6-22-2", "url": "https://www.kaigokensaku.mhlw.go.jp/40/index.php?action_kouhyou_detail_004_kani=true&JigyosyoCd=4061191682-00&ServiceCd=130&Type=search", "url2": "https://nextlink-f.com/" }, "geometry": { "type": "Point", "coordinates": [ 130.358881, 33.54435 ] } },
{ "type": "Feature", "properties": { "内容": "訪問看護ステーションOCCI【訪問看護】昭代3-5-20", "url": "https://www.kaigokensaku.mhlw.go.jp/40/index.php?action_kouhyou_detail_004_kani=true&JigyosyoCd=4061191823-00&ServiceCd=130&Type=search", "url2": "https://clinic-fujimoto.jp/" }, "geometry": { "type": "Point", "coordinates": [ 130.425181, 33.508253 ] } },
{ "type": "Feature", "properties": { "内容": "ネクストリンク訪問看護【訪問看護】梅林6-22-2", "url": "https://www.kaigokensaku.mhlw.go.jp/40/index.php?action_kouhyou_detail_004_kani=true&JigyosyoCd=4061191849-00&ServiceCd=130&Type=search", "url2": "https://nextlink-f.com/" }, "geometry": { "type": "Point", "coordinates": [ 130.358881, 33.54435 ] } },
{ "type": "Feature", "properties": { "内容": "訪問看護ステーション１５【訪問看護】福岡県福岡市早良区飯倉2-11-2アールズテラス荒江601", "url": "https://www.kaigokensaku.mhlw.go.jp/40/index.php?action_kouhyou_detail_004_kani=true&JigyosyoCd=4061191948-00&ServiceCd=130&Type=search", "url2": "https://houkan15.com/" }, "geometry": { "type": "Point", "coordinates": [ 130.354757, 33.5653917 ] } },
{ "type": "Feature", "properties": { "内容": "医療法人　吉村病院【訪問看護】福岡圏福岡市早良区西新3丁目11番27号", "url": "https://www.kaigokensaku.mhlw.go.jp/40/index.php?action_kouhyou_detail_004_kani=true&JigyosyoCd=4011025600-00&ServiceCd=130&Type=search", "url2": "https://www.hosp‐yoshimura.com/" }, "geometry": { "type": "Point", "coordinates": [ 130.357649100000032, 33.58433260000001 ] } },
{ "type": "Feature", "properties": { "内容": "訪問看護ステーション　ウェルビー早良【訪問看護】次郎丸一丁目29番18号", "url": "https://www.kaigokensaku.mhlw.go.jp/40/index.php?action_kouhyou_detail_004_kani=true&JigyosyoCd=4061191989-00&ServiceCd=130&Type=search", "url2": "https://welbe-nursing.co.jp/" }, "geometry": { "type": "Point", "coordinates": [ 130.335693316008019, 33.552135296121314 ] } },
{ "type": "Feature", "properties": { "内容": "日の出ナースステーション【訪問看護】福岡県福岡市早良区原2丁目15-25第二ヤギビル106", "url": "https://www.kaigokensaku.mhlw.go.jp/40/index.php?action_kouhyou_detail_004_kani=true&JigyosyoCd=4061190742-00&ServiceCd=130&Type=search", "url2": "https://hinode-hs.com" }, "geometry": { "type": "Point", "coordinates": [ 130.347178399999962, 33.568319399999979 ] } },
{ "type": "Feature", "properties": { "内容": "ふわり訪問看護ステーション【訪問看護】原六丁目4-26松原ビル　301号", "url": "https://www.kaigokensaku.mhlw.go.jp/40/index.php?action_kouhyou_detail_004_kani=true&JigyosyoCd=4061192318-00&ServiceCd=130&Type=search", "url2": "http://cocokaracl.com/" }, "geometry": { "type": "Point", "coordinates": [ 130.34502280000001, 33.5655487 ] } },
{ "type": "Feature", "properties": { "内容": "訪問看護ステーション　心のいっぽ【訪問看護】福岡県福岡市早良区室見1丁目3-7寺田ビル201", "url": "https://www.kaigokensaku.mhlw.go.jp/40/index.php?action_kouhyou_detail_004_kani=true&JigyosyoCd=4061192359-00&ServiceCd=130&Type=search", "url2": null }, "geometry": { "type": "Point", "coordinates": [ 130.3415781, 33.5809329 ] } },
{ "type": "Feature", "properties": { "内容": "訪看OHGA福岡早良【訪問看護】福岡県福岡市早良区原4丁目8-45-2F", "url": "https://www.kaigokensaku.mhlw.go.jp/40/index.php?action_kouhyou_detail_004_kani=true&JigyosyoCd=4061192342-00&ServiceCd=130&Type=search", "url2": "https://www.ohga-wsc.com/" }, "geometry": { "type": "Point", "coordinates": [ 130.341619900000012, 33.5696253 ] } },
{ "type": "Feature", "properties": { "内容": "訪問看護ステーションRibbon【訪問看護】福岡県福岡市早良区野芥1丁目14-15", "url": "https://www.kaigokensaku.mhlw.go.jp/40/index.php?action_kouhyou_detail_004_kani=true&JigyosyoCd=4061192391-00&ServiceCd=130&Type=search", "url2": "https://nico-13.jimdosite.com/" }, "geometry": { "type": "Point", "coordinates": [ 130.3479729, 33.5466256 ] } },
{ "type": "Feature", "properties": { "内容": "山口内科医院【訪問看護】福岡県福岡市早良区西新5丁目14-45", "url": "https://www.kaigokensaku.mhlw.go.jp/40/index.php?action_kouhyou_detail_004_kani=true&JigyosyoCd=4011024538-00&ServiceCd=130&Type=search", "url2": "https://www.yamaguchinaikaclinic.net/" }, "geometry": { "type": "Point", "coordinates": [ 130.3547508, 33.5816571 ] } },
{ "type": "Feature", "properties": { "内容": "ふれあい訪問看護ステーション【訪問看護】福岡県福岡市早良区野芥１丁目２番３６号", "url": "https://www.kaigokensaku.mhlw.go.jp/40/index.php?action_kouhyou_detail_004_kani=true&JigyosyoCd=4061190007-00&ServiceCd=130&Type=search", "url2": "fukuseikai-group.com/hn-fukuseikai" }, "geometry": { "type": "Point", "coordinates": [ 130.34814, 33.5484584 ] } },
{ "type": "Feature", "properties": { "内容": "すこやか訪問看護ステーション【訪問看護】福岡市早良区干隈3丁目11番14号パークハイツ1号館102", "url": "https://www.kaigokensaku.mhlw.go.jp/40/index.php?action_kouhyou_detail_004_kani=true&JigyosyoCd=4061190049-00&ServiceCd=130&Type=search", "url2": "https:/seiwakai-hp.jp" }, "geometry": { "type": "Point", "coordinates": [ 130.349573473680124, 33.553067015677989 ] } },
{ "type": "Feature", "properties": { "内容": "福岡市医師会訪問看護ステーション西部【訪問看護】福岡県福岡市早良区南庄２丁目１２番６号", "url": "https://www.kaigokensaku.mhlw.go.jp/40/index.php?action_kouhyou_detail_004_kani=true&JigyosyoCd=4061190080-00&ServiceCd=130&Type=search", "url2": "http://www.city.fukuoka.med.or.jp" }, "geometry": { "type": "Point", "coordinates": [ 130.3380982, 33.5751393 ] } },
{ "type": "Feature", "properties": { "内容": "訪問看護ステーションゆい【訪問看護】福岡市早良区田村七丁目22番20号", "url": "https://www.kaigokensaku.mhlw.go.jp/40/index.php?action_kouhyou_detail_004_kani=true&JigyosyoCd=4061190577-00&ServiceCd=130&Type=search", "url2": "https://yui25.com" }, "geometry": { "type": "Point", "coordinates": [ 130.322800299999983, 33.535146400000038 ] } },
{ "type": "Feature", "properties": { "内容": "福西会訪問看護ステーション【訪問看護】野芥1丁目2番36号福西会病院", "url": "https://www.kaigokensaku.mhlw.go.jp/40/index.php?action_kouhyou_detail_004_kani=true&JigyosyoCd=4061190635-00&ServiceCd=130&Type=search", "url2": "fukuseikai-group.com" }, "geometry": { "type": "Point", "coordinates": [ 130.34814, 33.5484584 ] } },
{ "type": "Feature", "properties": { "内容": "リバティ訪問看護ステーション【訪問看護】福岡県早良区小田部5丁目12-9", "url": "https://www.kaigokensaku.mhlw.go.jp/40/index.php?action_kouhyou_detail_004_kani=true&JigyosyoCd=4061191138-00&ServiceCd=130&Type=search", "url2": "https://www.liberty-fukuoka.jp/" }, "geometry": { "type": "Point", "coordinates": [ 130.3313727, 33.56979590000001 ] } },
{ "type": "Feature", "properties": { "内容": "訪問看護ステーションツーハーツ【訪問看護】福岡県福岡市早良区次郎丸5-18-30", "url": "https://www.kaigokensaku.mhlw.go.jp/40/index.php?action_kouhyou_detail_004_kani=true&JigyosyoCd=4061191542-00&ServiceCd=130&Type=search", "url2": "https://www.kousei-kai.org/twohearts/" }, "geometry": { "type": "Point", "coordinates": [ 130.3314312, 33.5468685 ] } },
{ "type": "Feature", "properties": { "内容": "アップルハート訪問看護ステーション早良【訪問看護】福岡県福岡市早良区四箇田団地9番1号ともてらす早良", "url": "https://www.kaigokensaku.mhlw.go.jp/40/index.php?action_kouhyou_detail_004_kani=true&JigyosyoCd=4061191633-00&ServiceCd=130&Type=search", "url2": "https://www.aso-kaigo.jp/" }, "geometry": { "type": "Point", "coordinates": [ 130.32955519449979, 33.532896087749471 ] } },
{ "type": "Feature", "properties": { "内容": "訪問看護ステーションつなぐ【訪問看護】福岡市早良区飯倉6丁目25-12大産飯倉ビル603", "url": "https://www.kaigokensaku.mhlw.go.jp/40/index.php?action_kouhyou_detail_004_kani=true&JigyosyoCd=4061191658-00&ServiceCd=130&Type=search", "url2": "https://www.tsunagu-kangoshi.com/" }, "geometry": { "type": "Point", "coordinates": [ 130.351963271140733, 33.557596658140035 ] } },
{ "type": "Feature", "properties": { "内容": "訪問看護リハビリステーションはる【訪問看護】福岡県福岡市早良区次郎丸3丁目28-16", "url": "https://www.kaigokensaku.mhlw.go.jp/40/index.php?action_kouhyou_detail_004_kani=true&JigyosyoCd=4061191674-00&ServiceCd=130&Type=search", "url2": null }, "geometry": { "type": "Point", "coordinates": [ 130.326118116718476, 33.547591055696614 ] } },
{ "type": "Feature", "properties": { "内容": "ゆう訪問看護ステーション【訪問看護】有田3-7-7大森店舗2階", "url": "https://www.kaigokensaku.mhlw.go.jp/40/index.php?action_kouhyou_detail_004_kani=true&JigyosyoCd=4061191781-00&ServiceCd=130&Type=search", "url2": "https://www.u-care-station.com/" }, "geometry": { "type": "Point", "coordinates": [ 130.339378, 33.557181 ] } },
{ "type": "Feature", "properties": { "内容": "訪問看護ステーション　やまびこ【訪問看護】福岡県福岡市早良区有田5丁目8-15", "url": "https://www.kaigokensaku.mhlw.go.jp/40/index.php?action_kouhyou_detail_004_kani=true&JigyosyoCd=4061191914-00&ServiceCd=130&Type=search", "url2": "https://s-brillant.co.jp" }, "geometry": { "type": "Point", "coordinates": [ 130.3348411, 33.5573741 ] } },
{ "type": "Feature", "properties": { "内容": "訪問看護リハビリステーションCoco【訪問看護】福岡県福岡市早良区田村6丁目2番47号A102ファミール辻の花A　102", "url": "https://www.kaigokensaku.mhlw.go.jp/40/index.php?action_kouhyou_detail_004_kani=true&JigyosyoCd=4061191955-00&ServiceCd=130&Type=search", "url2": null }, "geometry": { "type": "Point", "coordinates": [ 130.3274596, 33.5376479 ] } },
{ "type": "Feature", "properties": { "内容": "訪問看護ステーションHonu【訪問看護】福岡県福岡市早良区西新3丁目11番18早良コーポ101", "url": "https://www.kaigokensaku.mhlw.go.jp/40/index.php?action_kouhyou_detail_004_kani=true&JigyosyoCd=4061192029-00&ServiceCd=130&Type=search", "url2": "https://www.hosp-yoshimura.com" }, "geometry": { "type": "Point", "coordinates": [ 130.357470071163959, 33.584508196242446 ] } },
{ "type": "Feature", "properties": { "内容": "訪問看護ステーションCruto早良【訪問看護】重留6丁目6-10メディケア癒し弐番館", "url": "https://www.kaigokensaku.mhlw.go.jp/40/index.php?action_kouhyou_detail_004_kani=true&JigyosyoCd=4061192128-00&ServiceCd=130&Type=search", "url2": "cruto.net/index.html" }, "geometry": { "type": "Point", "coordinates": [ 130.3390469, 33.5304626 ] } },
{ "type": "Feature", "properties": { "内容": "うめはな訪問看護【訪問看護】福岡市早良区田村６丁目７番１０号スマートケアホーム早良内", "url": "https://www.kaigokensaku.mhlw.go.jp/40/index.php?action_kouhyou_detail_004_kani=true&JigyosyoCd=4061192276-00&ServiceCd=130&Type=search", "url2": "https://umehana.net/" }, "geometry": { "type": "Point", "coordinates": [ 130.3288483, 33.5375522 ] } },
{ "type": "Feature", "properties": { "内容": "あいず訪問看護ステーション西新【訪問看護】福岡県福岡市早良区西新5-15-55マンションアベニュー202-B", "url": "https://www.kaigokensaku.mhlw.go.jp/40/index.php?action_kouhyou_detail_004_kani=true&JigyosyoCd=4061192334-00&ServiceCd=130&Type=search", "url2": "http://aizu-company.co.jp" }, "geometry": { "type": "Point", "coordinates": [ 130.3558668, 33.5825001 ] } },
{ "type": "Feature", "properties": { "内容": "訪問看護ステーションOhana【訪問看護】福岡県福岡市早良区田村6-1-19", "url": "https://www.kaigokensaku.mhlw.go.jp/40/index.php?action_kouhyou_detail_004_kani=true&JigyosyoCd=4061190817-00&ServiceCd=130&Type=search", "url2": "https://www.facebook.com" }, "geometry": { "type": "Point", "coordinates": [ 130.32679454284002, 33.537915062580616 ] } },
{ "type": "Feature", "properties": { "内容": "アイエック訪問看護ステーション西【訪問看護】福岡県福岡市早良区賀茂３丁目１７－２７", "url": "https://www.kaigokensaku.mhlw.go.jp/40/index.php?action_kouhyou_detail_004_kani=true&JigyosyoCd=4061191211-00&ServiceCd=130&Type=search", "url2": "http://evidencecare.jp" }, "geometry": { "type": "Point", "coordinates": [ 130.3370337, 33.5484919 ] } },
{ "type": "Feature", "properties": { "内容": "ココファンナーシング福岡【訪問看護】福岡県福岡市早良区高取1-1-49ココファン福岡西新", "url": "https://www.kaigokensaku.mhlw.go.jp/40/index.php?action_kouhyou_detail_004_kani=true&JigyosyoCd=4061191377-00&ServiceCd=130&Type=search", "url2": "https://www.cocofump.co.jp/facilities/detail/fukuokanishijin/" }, "geometry": { "type": "Point", "coordinates": [ 130.3527383, 33.5818388 ] } },
{ "type": "Feature", "properties": { "内容": "ライズ訪問看護ステーション原【訪問看護】原5-2-2ライフピア原302号", "url": "https://www.kaigokensaku.mhlw.go.jp/40/index.php?action_kouhyou_detail_004_kani=true&JigyosyoCd=4061191666-00&ServiceCd=130&Type=search", "url2": "https://www.rise-visit.jp/" }, "geometry": { "type": "Point", "coordinates": [ 130.3420123, 33.5662017 ] } },
{ "type": "Feature", "properties": { "内容": "訪問看護ステーションGｒｏｗｔｈ【訪問看護】有田7丁目２０－１０野田ビル102", "url": "https://www.kaigokensaku.mhlw.go.jp/40/index.php?action_kouhyou_detail_004_kani=true&JigyosyoCd=4061192235-00&ServiceCd=130&Type=search", "url2": "https://hksg.jp/" }, "geometry": { "type": "Point", "coordinates": [ 130.3325184, 33.5605009 ] } },
{ "type": "Feature", "properties": { "内容": "ふくろう訪問看護リハビリステーション【訪問看護】田村7-24-7モルティ三田村201号", "url": "https://www.kaigokensaku.mhlw.go.jp/40/index.php?action_kouhyou_detail_004_kani=true&JigyosyoCd=4061192656-00&ServiceCd=130&Type=search", "url2": "https://nurse-fukurou.jp/" }, "geometry": { "type": "Point", "coordinates": [ 130.327239, 33.544411 ] } },
{ "type": "Feature", "properties": { "内容": "訪問看護ステーション絆　早良南【訪問看護】重留五丁目12番8号", "url": "https://www.kaigokensaku.mhlw.go.jp/40/index.php?action_kouhyou_detail_004_kani=true&JigyosyoCd=4061192672-00&ServiceCd=130&Type=search", "url2": null }, "geometry": { "type": "Point", "coordinates": [ 130.343621899999988, 33.5265275 ] } },
{ "type": "Feature", "properties": { "内容": "福あーる訪問看護リハビリステーション【訪問看護】福岡県福岡市早良区荒江3丁目１５番２１号", "url": "https://www.kaigokensaku.mhlw.go.jp/40/index.php?action_kouhyou_detail_004_kani=true&JigyosyoCd=4061192003-00&ServiceCd=130&Type=search", "url2": "https://www.fuku-r.co.jp" }, "geometry": { "type": "Point", "coordinates": [ 130.351556098145153, 33.56845936014399 ] } },
{ "type": "Feature", "properties": { "内容": "ファミリア訪問看護ステーション【訪問看護】賀茂2丁目6‐38", "url": "https://www.kaigokensaku.mhlw.go.jp/40/index.php?action_kouhyou_detail_004_kani=true&JigyosyoCd=4061192441-00&ServiceCd=130&Type=search", "url2": "https://cuore-famiglia.my.canva.site/dagyghlt2pu" }, "geometry": { "type": "Point", "coordinates": [ 130.3427939, 33.5512037 ] } },
{ "type": "Feature", "properties": { "内容": "訪問看護ステーションあいりす【訪問看護】福岡市早良区野芥５－６－３７", "url": "https://www.kaigokensaku.mhlw.go.jp/40/index.php?action_kouhyou_detail_004_kani=true&JigyosyoCd=4061190130-00&ServiceCd=130&Type=search", "url2": "http://www.minkodo.com" }, "geometry": { "type": "Point", "coordinates": [ 130.348843, 33.539015 ] } },
{ "type": "Feature", "properties": { "内容": "訪問看護ステーション花火　次郎丸店【訪問看護】次郎丸1−14−21−203", "url": "https://www.kaigokensaku.mhlw.go.jp/40/index.php?action_kouhyou_detail_004_kani=true&JigyosyoCd=4061191500-00&ServiceCd=130&Type=search", "url2": null }, "geometry": { "type": "Point", "coordinates": [ 130.3323096, 33.5550481 ] } },
{ "type": "Feature", "properties": { "内容": "訪問看護ステーション花笑み早良【訪問看護】福岡県福岡市早良区梅林7丁目5-8", "url": "https://www.kaigokensaku.mhlw.go.jp/40/index.php?action_kouhyou_detail_004_kani=true&JigyosyoCd=4061192227-00&ServiceCd=130&Type=search", "url2": "https://hanaemi.biz/" }, "geometry": { "type": "Point", "coordinates": [ 130.355685519520563, 33.541570167846963 ] } },
{ "type": "Feature", "properties": { "内容": "ARKA訪問看護ステーション福岡【訪問看護】百道浜2丁目1番22号福岡SRPセンタービル301号", "url": "https://www.kaigokensaku.mhlw.go.jp/40/index.php?action_kouhyou_detail_004_kani=true&JigyosyoCd=4061192508-00&ServiceCd=130&Type=search", "url2": null }, "geometry": { "type": "Point", "coordinates": [ 130.3558064, 33.593009 ] } },
{ "type": "Feature", "properties": { "内容": "訪問看護ステーションゆいなす【訪問看護】荒江3-11-15ざ・荒江302号", "url": "https://www.kaigokensaku.mhlw.go.jp/40/index.php?action_kouhyou_detail_004_kani=true&JigyosyoCd=4061192599-00&ServiceCd=130&Type=search", "url2": null }, "geometry": { "type": "Point", "coordinates": [ 130.3545351, 33.5687708 ] } },
{ "type": "Feature", "properties": { "内容": "ヒカリエ訪問看護ステーション【訪問看護】福岡県福岡市早良区次郎丸4-14-62サニーガーデン次郎丸201", "url": "https://www.kaigokensaku.mhlw.go.jp/40/index.php?action_kouhyou_detail_004_kani=true&JigyosyoCd=4061191146-00&ServiceCd=130&Type=search", "url2": null }, "geometry": { "type": "Point", "coordinates": [ 130.3302364, 33.5475039 ] } },
{ "type": "Feature", "properties": { "内容": "訪問看護ステーションそうしーず【訪問看護】飯倉2丁目11－2アールズテラス荒江501", "url": "https://www.kaigokensaku.mhlw.go.jp/40/index.php?action_kouhyou_detail_004_kani=true&JigyosyoCd=4061191922-00&ServiceCd=130&Type=search", "url2": "https://www.sohshis.com" }, "geometry": { "type": "Point", "coordinates": [ 130.354757, 33.5653917 ] } },
{ "type": "Feature", "properties": { "内容": "訪問看護ステーションここね【訪問看護】飯倉３丁目22-37ジュネス飯倉103", "url": "https://www.kaigokensaku.mhlw.go.jp/40/index.php?action_kouhyou_detail_004_kani=true&JigyosyoCd=4061192714-00&ServiceCd=130&Type=search", "url2": null }, "geometry": { "type": "Point", "coordinates": [ 130.349123100000014, 33.5666497 ] } },
{ "type": "Feature", "properties": { "内容": "緩和ケア訪問看護ステーションむらお【訪問看護】福岡県大牟田市大字岬2905-2", "url": "https://www.kaigokensaku.mhlw.go.jp/40/index.php?action_kouhyou_detail_004_kani=true&JigyosyoCd=4064490347-00&ServiceCd=130&Type=search", "url2": "https://muraozaitaku.jp/visiting/" }, "geometry": { "type": "Point", "coordinates": [ 130.4343103, 33.0711676 ] } },
{ "type": "Feature", "properties": { "内容": "訪問看護ステーションはなぞの【訪問看護】福岡県大牟田市花園町６４番地５", "url": "https://www.kaigokensaku.mhlw.go.jp/40/index.php?action_kouhyou_detail_004_kani=true&JigyosyoCd=4064490065-00&ServiceCd=130&Type=search", "url2": "www.shinwa/hanazono/" }, "geometry": { "type": "Point", "coordinates": [ 130.451071, 33.0211604 ] } },
{ "type": "Feature", "properties": { "内容": "訪問看護リハビリステーションなないろ【訪問看護】福岡県大牟田市大字宮崎2492-1ハイツ中嶋102号", "url": "https://www.kaigokensaku.mhlw.go.jp/40/index.php?action_kouhyou_detail_004_kani=true&JigyosyoCd=4064490354-00&ServiceCd=130&Type=search", "url2": null }, "geometry": { "type": "Point", "coordinates": [ 130.4815026, 33.0778196 ] } },
{ "type": "Feature", "properties": { "内容": "訪問看護ステーション　アムール【訪問看護】福岡県大牟田市上白川町1丁目246番地メゾン・ド・アムール", "url": "https://www.kaigokensaku.mhlw.go.jp/40/index.php?action_kouhyou_detail_004_kani=true&JigyosyoCd=4064490370-00&ServiceCd=130&Type=search", "url2": null }, "geometry": { "type": "Point", "coordinates": [ 130.4623043, 33.0479704 ] } },
{ "type": "Feature", "properties": { "内容": "訪問看護ステイドリーム【訪問看護】福岡県大牟田市中島町3-4　2F", "url": "https://www.kaigokensaku.mhlw.go.jp/40/index.php?action_kouhyou_detail_004_kani=true&JigyosyoCd=4064490362-00&ServiceCd=130&Type=search", "url2": "https://kango-staydream.com/" }, "geometry": { "type": "Point", "coordinates": [ 130.4438341, 33.0366131 ] } },
{ "type": "Feature", "properties": { "内容": "白川病院訪問看護ステーション【訪問看護】福岡県大牟田市久福木82-1", "url": "https://www.kaigokensaku.mhlw.go.jp/40/index.php?action_kouhyou_detail_004_kani=true&JigyosyoCd=4064490248-00&ServiceCd=130&Type=search", "url2": "https://shirakawa.or.jp" }, "geometry": { "type": "Point", "coordinates": [ 130.47570228356571, 33.057336777358586 ] } },
{ "type": "Feature", "properties": { "内容": "大牟田中央病院訪問看護ステーション【訪問看護】福岡県大牟田市大字歴木1841番地", "url": "https://www.kaigokensaku.mhlw.go.jp/40/index.php?action_kouhyou_detail_004_kani=true&JigyosyoCd=4064490172-00&ServiceCd=130&Type=search", "url2": null }, "geometry": { "type": "Point", "coordinates": [ 130.477188800000022, 33.035239800000021 ] } },
{ "type": "Feature", "properties": { "内容": "社会保険大牟田天領病院訪問看護ステーション【訪問看護】福岡県大牟田市天領町1丁目100番5福祉センター", "url": "https://www.kaigokensaku.mhlw.go.jp/40/index.php?action_kouhyou_detail_004_kani=true&JigyosyoCd=4064490271-00&ServiceCd=130&Type=search", "url2": "home-nursing@omutatenryo-hp.jp" }, "geometry": { "type": "Point", "coordinates": [ 130.4361044, 33.0191221 ] } },
{ "type": "Feature", "properties": { "内容": "あっとほーむ訪問看護ステーション【訪問看護】福岡県大牟田右京町５０番１", "url": "https://www.kaigokensaku.mhlw.go.jp/40/index.php?action_kouhyou_detail_004_kani=true&JigyosyoCd=4064490164-00&ServiceCd=130&Type=search", "url2": "https://athome7.jp" }, "geometry": { "type": "Point", "coordinates": [ 130.438806776443499, 33.018274175066594 ] } },
{ "type": "Feature", "properties": { "内容": "坂本内科訪問看護ステーション【訪問看護】福岡県大牟田市黄金町1丁目294番地", "url": "https://www.kaigokensaku.mhlw.go.jp/40/index.php?action_kouhyou_detail_004_kani=true&JigyosyoCd=4064490255-00&ServiceCd=130&Type=search", "url2": "https://sakamoto-naika.amebaownd.com" }, "geometry": { "type": "Point", "coordinates": [ 130.450882900000011, 33.0184534 ] } },
{ "type": "Feature", "properties": { "内容": "訪問看護　とーとぅがなし【訪問看護】福岡県大牟田市三池962-2", "url": "https://www.kaigokensaku.mhlw.go.jp/40/index.php?action_kouhyou_detail_004_kani=true&JigyosyoCd=4064490297-00&ServiceCd=130&Type=search", "url2": null }, "geometry": { "type": "Point", "coordinates": [ 130.483581188360631, 33.048377079070285 ] } },
{ "type": "Feature", "properties": { "内容": "訪問看護ステーション　スマイル【訪問看護】福岡県大牟田市明治町３－７－３", "url": "https://www.kaigokensaku.mhlw.go.jp/40/index.php?action_kouhyou_detail_004_kani=true&JigyosyoCd=4064490057-00&ServiceCd=130&Type=search", "url2": "http://www.omutakyoritsu.com" }, "geometry": { "type": "Point", "coordinates": [ 130.446738505418352, 33.041038120643975 ] } },
{ "type": "Feature", "properties": { "内容": "医療法人シーエムエス　すぎ訪問看護ステーション【訪問看護】福岡県大牟田市大字田隈950-1", "url": "https://www.kaigokensaku.mhlw.go.jp/40/index.php?action_kouhyou_detail_004_kani=true&JigyosyoCd=4064490198-00&ServiceCd=130&Type=search", "url2": "http://www.sugi-hosp.jp/" }, "geometry": { "type": "Point", "coordinates": [ 130.465821936770681, 33.060001132668681 ] } },
{ "type": "Feature", "properties": { "内容": "訪問看護リハビリステーションあすなろの樹【訪問看護】福岡県大牟田市小川町30番地１おにぎりべんち棟2F", "url": "https://www.kaigokensaku.mhlw.go.jp/40/index.php?action_kouhyou_detail_004_kani=true&JigyosyoCd=4064490206-00&ServiceCd=130&Type=search", "url2": "http://www.sugahara-hospital.com" }, "geometry": { "type": "Point", "coordinates": [ 130.42908569259032, 33.021924602138931 ] } },
{ "type": "Feature", "properties": { "内容": "サンフレンズ訪問看護ステーション【訪問看護】福岡県大牟田市沖田町510番地", "url": "https://www.kaigokensaku.mhlw.go.jp/40/index.php?action_kouhyou_detail_004_kani=true&JigyosyoCd=4064490099-00&ServiceCd=130&Type=search", "url2": "https：//www.sunfriends.net/" }, "geometry": { "type": "Point", "coordinates": [ 130.449082200000021, 33.0117361 ] } },
{ "type": "Feature", "properties": { "内容": "福岡県済生会訪問看護ステ－ションなでしこ【訪問看護】福岡県大牟田市田隈８１０", "url": "https://www.kaigokensaku.mhlw.go.jp/40/index.php?action_kouhyou_detail_004_kani=true&JigyosyoCd=4064490024-00&ServiceCd=130&Type=search", "url2": "http://www.omuta-saiseikai.jp/" }, "geometry": { "type": "Point", "coordinates": [ 130.46574962074294, 33.056503697274394 ] } },
{ "type": "Feature", "properties": { "内容": "永田訪問看護ステーション【訪問看護】福岡県大牟田市原山町3番地1", "url": "https://www.kaigokensaku.mhlw.go.jp/40/index.php?action_kouhyou_detail_004_kani=true&JigyosyoCd=4064490115-00&ServiceCd=130&Type=search", "url2": null }, "geometry": { "type": "Point", "coordinates": [ 130.446274, 33.0271319 ] } },
{ "type": "Feature", "properties": { "内容": "アップルハート訪問看護ステーション大牟田【訪問看護】福岡県大牟田市藤田町54-3藤田貸店舗", "url": "https://www.kaigokensaku.mhlw.go.jp/40/index.php?action_kouhyou_detail_004_kani=true&JigyosyoCd=4064490149-00&ServiceCd=130&Type=search", "url2": "http://www.aso-kaigo.jp/" }, "geometry": { "type": "Point", "coordinates": [ 130.4390022, 33.0098721 ] } },
{ "type": "Feature", "properties": { "内容": "おおむた訪問看護ステーション【訪問看護】福岡県大牟田市笹林町2-6-3中央診療所3階", "url": "https://www.kaigokensaku.mhlw.go.jp/40/index.php?action_kouhyou_detail_004_kani=true&JigyosyoCd=4064490008-00&ServiceCd=130&Type=search", "url2": "www.kome-net.or.jp" }, "geometry": { "type": "Point", "coordinates": [ 130.447951699999976, 33.0269292 ] } },
{ "type": "Feature", "properties": { "内容": "訪問看護ステーション結～musubi～【訪問看護】福岡県大牟田市大字岬1886番地", "url": "https://www.kaigokensaku.mhlw.go.jp/40/index.php?action_kouhyou_detail_004_kani=true&JigyosyoCd=4064490339-00&ServiceCd=130&Type=search", "url2": null }, "geometry": { "type": "Point", "coordinates": [ 130.4358393, 33.0718886 ] } },
{ "type": "Feature", "properties": { "内容": "大牟田医師会訪問看護ステーション【訪問看護】福岡県大牟田市不知火町2丁目144番地", "url": "https://www.kaigokensaku.mhlw.go.jp/40/index.php?action_kouhyou_detail_004_kani=true&JigyosyoCd=4064490016-00&ServiceCd=130&Type=search", "url2": null }, "geometry": { "type": "Point", "coordinates": [ 130.44182150000006, 33.0259985 ] } },
{ "type": "Feature", "properties": { "内容": "訪問看護ステーションサンメディカル【訪問看護】福岡県大牟田市大黒町1-30-7プレステージ大黒町E号室", "url": "https://www.kaigokensaku.mhlw.go.jp/40/index.php?action_kouhyou_detail_004_kani=true&JigyosyoCd=4064490388-00&ServiceCd=130&Type=search", "url2": null }, "geometry": { "type": "Point", "coordinates": [ 130.448423700000035, 33.042804 ] } },
{ "type": "Feature", "properties": { "内容": "Kuon訪問看護ステーション【訪問看護】福岡県久留米市津福今町500-2グリーンコーポ近藤202号室", "url": "https://www.kaigokensaku.mhlw.go.jp/40/index.php?action_kouhyou_detail_004_kani=true&JigyosyoCd=4062791076-00&ServiceCd=130&Type=search", "url2": null }, "geometry": { "type": "Point", "coordinates": [ 130.5049505, 33.2915399 ] } },
{ "type": "Feature", "properties": { "内容": "久留米南病院【訪問看護】荒木町下荒木1616-1", "url": "https://www.kaigokensaku.mhlw.go.jp/40/index.php?action_kouhyou_detail_004_kani=true&JigyosyoCd=4012219178-00&ServiceCd=130&Type=search", "url2": "www.kurume-minami.com" }, "geometry": { "type": "Point", "coordinates": [ 130.482714900000019, 33.2656595 ] } },
{ "type": "Feature", "properties": { "内容": "訪問看護ステーション　デューン久留米【訪問看護】天神町61番1号グランコート天神101号", "url": "https://www.kaigokensaku.mhlw.go.jp/40/index.php?action_kouhyou_detail_004_kani=true&JigyosyoCd=4062790243-00&ServiceCd=130&Type=search", "url2": null }, "geometry": { "type": "Point", "coordinates": [ 130.5222776, 33.3102826 ] } },
{ "type": "Feature", "properties": { "内容": "マイナビ訪問看護ステーション　久留米【訪問看護】福岡県久留米市小頭町128-1　1F", "url": "https://www.kaigokensaku.mhlw.go.jp/40/index.php?action_kouhyou_detail_004_kani=true&JigyosyoCd=4062790771-00&ServiceCd=130&Type=search", "url2": "https://mynavi-nursecare.jp/" }, "geometry": { "type": "Point", "coordinates": [ 130.514834400000012, 33.3081583 ] } },
{ "type": "Feature", "properties": { "内容": "訪問看護ステーションTRY【訪問看護】福岡県久留米市長門石5‐5‐3セジュール宮前2F", "url": "https://www.kaigokensaku.mhlw.go.jp/40/index.php?action_kouhyou_detail_004_kani=true&JigyosyoCd=4062791092-00&ServiceCd=130&Type=search", "url2": "https://try-station.jp" }, "geometry": { "type": "Point", "coordinates": [ 130.482042299999989, 33.330695 ] } },
{ "type": "Feature", "properties": { "内容": "訪問看護かがやき【訪問看護】荒木町荒木１０８４－５", "url": "https://www.kaigokensaku.mhlw.go.jp/40/index.php?action_kouhyou_detail_004_kani=true&JigyosyoCd=4062791118-00&ServiceCd=130&Type=search", "url2": null }, "geometry": { "type": "Point", "coordinates": [ 130.501501926244373, 33.272744968186032 ] } },
{ "type": "Feature", "properties": { "内容": "訪問看護ステーションつぼみ【訪問看護】福岡県久留米市西町687‐6ハッピーフォーエバー花畑北棟", "url": "https://www.kaigokensaku.mhlw.go.jp/40/index.php?action_kouhyou_detail_004_kani=true&JigyosyoCd=4062791167-00&ServiceCd=130&Type=search", "url2": "https://tsubomi-kango.com/" }, "geometry": { "type": "Point", "coordinates": [ 130.5221431, 33.2989053 ] } },
{ "type": "Feature", "properties": { "内容": "訪問看護ステーションなごみ【訪問看護】久留米市城島町大依310番地13", "url": "https://www.kaigokensaku.mhlw.go.jp/40/index.php?action_kouhyou_detail_004_kani=true&JigyosyoCd=4062791183-00&ServiceCd=130&Type=search", "url2": "h-nagomi@swc-hohoemi.or.jp" }, "geometry": { "type": "Point", "coordinates": [ 130.4379324, 33.2543393 ] } },
{ "type": "Feature", "properties": { "内容": "訪問看護ステーションホークアップ【訪問看護】福岡県久留米市東櫛原町2633-1のばらビル206号", "url": "https://www.kaigokensaku.mhlw.go.jp/40/index.php?action_kouhyou_detail_004_kani=true&JigyosyoCd=4062791191-00&ServiceCd=130&Type=search", "url2": "現在作成中" }, "geometry": { "type": "Point", "coordinates": [ 130.5247559, 33.3258421 ] } },
{ "type": "Feature", "properties": { "内容": "ありす訪問看護久留米ステーション【訪問看護】福岡県久留米市合川町20-1グランデシェチオ千本杉301", "url": "https://www.kaigokensaku.mhlw.go.jp/40/index.php?action_kouhyou_detail_004_kani=true&JigyosyoCd=4062790912-00&ServiceCd=130&Type=search", "url2": "branches.co.jp" }, "geometry": { "type": "Point", "coordinates": [ 130.5430574, 33.3100428 ] } },
{ "type": "Feature", "properties": { "内容": "ChezMoi訪問看護ステーション【訪問看護】福岡県久留米市中央町２番地２５", "url": "https://www.kaigokensaku.mhlw.go.jp/40/index.php?action_kouhyou_detail_004_kani=true&JigyosyoCd=4062790185-00&ServiceCd=130&Type=search", "url2": "http://www.chezmoi.jp" }, "geometry": { "type": "Point", "coordinates": [ 130.5026408, 33.3194086 ] } },
{ "type": "Feature", "properties": { "内容": "訪問看護ステーション・福来【訪問看護】福岡県久留米市天神80てんじんコーポ305", "url": "https://www.kaigokensaku.mhlw.go.jp/40/index.php?action_kouhyou_detail_004_kani=true&JigyosyoCd=4062790896-00&ServiceCd=130&Type=search", "url2": null }, "geometry": { "type": "Point", "coordinates": [ 130.5219985, 33.3103494 ] } },
{ "type": "Feature", "properties": { "内容": "訪問看護ステーション　クローバー【訪問看護】福岡県久留米市梅満町994番6", "url": "https://www.kaigokensaku.mhlw.go.jp/40/index.php?action_kouhyou_detail_004_kani=true&JigyosyoCd=4062790094-00&ServiceCd=130&Type=search", "url2": null }, "geometry": { "type": "Point", "coordinates": [ 130.504748127897983, 33.3069891691541 ] } },
{ "type": "Feature", "properties": { "内容": "ぐっど訪問看護ステーション【訪問看護】荒木町荒木1313-93", "url": "https://www.kaigokensaku.mhlw.go.jp/40/index.php?action_kouhyou_detail_004_kani=true&JigyosyoCd=4062791175-00&ServiceCd=130&Type=search", "url2": null }, "geometry": { "type": "Point", "coordinates": [ 130.508952099999988, 33.267898 ] } },
{ "type": "Feature", "properties": { "内容": "合同会社あいなーす　訪問看護ステーションあいなーす【訪問看護】福岡県久留米市西町108番14号", "url": "https://www.kaigokensaku.mhlw.go.jp/40/index.php?action_kouhyou_detail_004_kani=true&JigyosyoCd=4062791217-00&ServiceCd=130&Type=search", "url2": "https://i-nurse.jp/" }, "geometry": { "type": "Point", "coordinates": [ 130.5137177, 33.2944909 ] } },
{ "type": "Feature", "properties": { "内容": "ナーシングステーションここね【訪問看護】福岡県久留米市上津町2203-335", "url": "https://www.kaigokensaku.mhlw.go.jp/40/index.php?action_kouhyou_detail_004_kani=true&JigyosyoCd=4062791274-00&ServiceCd=130&Type=search", "url2": null }, "geometry": { "type": "Point", "coordinates": [ 130.535553, 33.2733523 ] } },
{ "type": "Feature", "properties": { "内容": "まこ訪問看護ステーション【訪問看護】田主丸町田主丸517-2", "url": "https://www.kaigokensaku.mhlw.go.jp/40/index.php?action_kouhyou_detail_004_kani=true&JigyosyoCd=4062791241-00&ServiceCd=130&Type=search", "url2": "https://mako-visiting-nursing-station.com/" }, "geometry": { "type": "Point", "coordinates": [ 130.692543599999965, 33.3434948 ] } },
{ "type": "Feature", "properties": { "内容": "訪問看護ステーションHINATA【訪問看護】福岡県久留米市篠山町277番地", "url": "https://www.kaigokensaku.mhlw.go.jp/40/index.php?action_kouhyou_detail_004_kani=true&JigyosyoCd=4062791233-00&ServiceCd=130&Type=search", "url2": "https://kty-support.com/" }, "geometry": { "type": "Point", "coordinates": [ 130.508561, 33.3230639 ] } },
{ "type": "Feature", "properties": { "内容": "あいず訪問看護ステーション南久留米【訪問看護】福岡県久留米市諏訪野町1617-5梶原店舗", "url": "https://www.kaigokensaku.mhlw.go.jp/40/index.php?action_kouhyou_detail_004_kani=true&JigyosyoCd=4062791324-00&ServiceCd=130&Type=search", "url2": "https://www.aizu-company.co.jp/" }, "geometry": { "type": "Point", "coordinates": [ 130.526961199999988, 33.2988576 ] } },
{ "type": "Feature", "properties": { "内容": "訪問看護ステーションYOKA【訪問看護】福岡県久留米市小森野４丁目１−２２", "url": "https://www.kaigokensaku.mhlw.go.jp/40/index.php?action_kouhyou_detail_004_kani=true&JigyosyoCd=4062791332-00&ServiceCd=130&Type=search", "url2": null }, "geometry": { "type": "Point", "coordinates": [ 130.5152267, 33.3343145 ] } },
{ "type": "Feature", "properties": { "内容": "訪問看護ステーション　木守柿【訪問看護】田主丸町益生田888-8耳納ハイツ106号", "url": "https://www.kaigokensaku.mhlw.go.jp/40/index.php?action_kouhyou_detail_004_kani=true&JigyosyoCd=4062790292-00&ServiceCd=130&Type=search", "url2": "http://komorigaki.jp/" }, "geometry": { "type": "Point", "coordinates": [ 130.68919470000003, 33.3357683 ] } },
{ "type": "Feature", "properties": { "内容": "訪問看護ステーション・えいと【訪問看護】福岡県久留米市三潴町生岩1209", "url": "https://www.kaigokensaku.mhlw.go.jp/40/index.php?action_kouhyou_detail_004_kani=true&JigyosyoCd=4062791308-00&ServiceCd=130&Type=search", "url2": null }, "geometry": { "type": "Point", "coordinates": [ 130.4547225, 33.2403122 ] } },
{ "type": "Feature", "properties": { "内容": "訪問看護つくし【訪問看護】福岡県久留米市上津町2289番地598", "url": "https://www.kaigokensaku.mhlw.go.jp/40/index.php?action_kouhyou_detail_004_kani=true&JigyosyoCd=4062791316-00&ServiceCd=130&Type=search", "url2": null }, "geometry": { "type": "Point", "coordinates": [ 130.5305175, 33.2763982 ] } },
{ "type": "Feature", "properties": { "内容": "訪問看護ステーション「野いちご」【訪問看護】福岡県久留米市北野町八重亀382番地1高齢者複合施設かねしま館　西棟1階", "url": "https://www.kaigokensaku.mhlw.go.jp/40/index.php?action_kouhyou_detail_004_kani=true&JigyosyoCd=4062790003-00&ServiceCd=130&Type=search", "url2": "http://kumashiro-hospital.or.jp" }, "geometry": { "type": "Point", "coordinates": [ 130.625253284123744, 33.354017591302664 ] } },
{ "type": "Feature", "properties": { "内容": "訪問看護ステーション　友愛【訪問看護】福岡県久留米市荒木町荒木1961-32", "url": "https://www.kaigokensaku.mhlw.go.jp/40/index.php?action_kouhyou_detail_004_kani=true&JigyosyoCd=4062790656-00&ServiceCd=130&Type=search", "url2": "https://yu-ai-care.com/company/" }, "geometry": { "type": "Point", "coordinates": [ 130.511211954117016, 33.266527126265601 ] } },
{ "type": "Feature", "properties": { "内容": "ツクイ久留米訪問看護ステーション【訪問看護】福岡県久留米市通町8⁻6　太陽生命久留米ビル2階", "url": "https://www.kaigokensaku.mhlw.go.jp/40/index.php?action_kouhyou_detail_004_kani=true&JigyosyoCd=4062791340-00&ServiceCd=130&Type=search", "url2": null }, "geometry": { "type": "Point", "coordinates": [ 130.514440900000011, 33.3173399 ] } },
{ "type": "Feature", "properties": { "内容": "訪問看護ステーション　プーラビダ久留米【訪問看護】福岡県久留米市御井町1804-2エステート御井A201", "url": "https://www.kaigokensaku.mhlw.go.jp/40/index.php?action_kouhyou_detail_004_kani=true&JigyosyoCd=4062791357-00&ServiceCd=130&Type=search", "url2": null }, "geometry": { "type": "Point", "coordinates": [ 130.549009435582008, 33.303475101313865 ] } },
{ "type": "Feature", "properties": { "内容": "訪問看護ステーション寿寿苑【訪問看護】福岡県久留米市北野町高良260番地23号", "url": "https://www.kaigokensaku.mhlw.go.jp/40/index.php?action_kouhyou_detail_004_kani=true&JigyosyoCd=4062791365-00&ServiceCd=130&Type=search", "url2": null }, "geometry": { "type": "Point", "coordinates": [ 130.583474, 33.3401679 ] } },
{ "type": "Feature", "properties": { "内容": "みずいろ訪問看護ステーション【訪問看護】津福本町337番地5", "url": "https://www.kaigokensaku.mhlw.go.jp/40/index.php?action_kouhyou_detail_004_kani=true&JigyosyoCd=4062791266-00&ServiceCd=130&Type=search", "url2": null }, "geometry": { "type": "Point", "coordinates": [ 130.5089978, 33.3066726 ] } },
{ "type": "Feature", "properties": { "内容": "ホリカワ訪問看護ステーション【訪問看護】福岡県久留米市花畑3丁目18番１スパビレッジ　ホリカワ", "url": "https://www.kaigokensaku.mhlw.go.jp/40/index.php?action_kouhyou_detail_004_kani=true&JigyosyoCd=4062790334-00&ServiceCd=130&Type=search", "url2": "http://spavillage.jp/" }, "geometry": { "type": "Point", "coordinates": [ 130.515280599999983, 33.3040237 ] } },
{ "type": "Feature", "properties": { "内容": "訪問看護リハビリステーションまほろば【訪問看護】福岡県久留米市国分町1382－2鶴久コーポB棟104", "url": "https://www.kaigokensaku.mhlw.go.jp/40/index.php?action_kouhyou_detail_004_kani=true&JigyosyoCd=4062790417-00&ServiceCd=130&Type=search", "url2": "http://hp.kaipoke.biz/9s0/" }, "geometry": { "type": "Point", "coordinates": [ 130.53315045211491, 33.299923476086583 ] } },
{ "type": "Feature", "properties": { "内容": "訪問看護ステーションほとめき【訪問看護】福岡県久留米市諏訪野町２３６３－１", "url": "https://www.kaigokensaku.mhlw.go.jp/40/index.php?action_kouhyou_detail_004_kani=true&JigyosyoCd=4062790540-00&ServiceCd=130&Type=search", "url2": null }, "geometry": { "type": "Point", "coordinates": [ 130.5247982, 33.3049366 ] } },
{ "type": "Feature", "properties": { "内容": "訪問看護ステーションGreen【訪問看護】福岡県久留米市大善寺町宮本342-23", "url": "https://www.kaigokensaku.mhlw.go.jp/40/index.php?action_kouhyou_detail_004_kani=true&JigyosyoCd=4062790961-00&ServiceCd=130&Type=search", "url2": null }, "geometry": { "type": "Point", "coordinates": [ 130.4851193, 33.2836202 ] } },
{ "type": "Feature", "properties": { "内容": "在宅看護ぷらす【訪問看護】福岡県久留米市高良内町769番地１", "url": "https://www.kaigokensaku.mhlw.go.jp/40/index.php?action_kouhyou_detail_004_kani=true&JigyosyoCd=4062790995-00&ServiceCd=130&Type=search", "url2": null }, "geometry": { "type": "Point", "coordinates": [ 130.5626332, 33.2962558 ] } },
{ "type": "Feature", "properties": { "内容": "訪問看護ステーション　OneHeart【訪問看護】福岡県久留米市東合川7丁目5-23305号", "url": "https://www.kaigokensaku.mhlw.go.jp/40/index.php?action_kouhyou_detail_004_kani=true&JigyosyoCd=4062791068-00&ServiceCd=130&Type=search", "url2": "https://acnltd777.wixsite.com/oneheart" }, "geometry": { "type": "Point", "coordinates": [ 130.555403899999988, 33.324123899999989 ] } },
{ "type": "Feature", "properties": { "内容": "医療法人玄和会ひまわりAクリニック【訪問看護】福岡県久留米市宮ノ陣４丁目４－７", "url": "https://www.kaigokensaku.mhlw.go.jp/40/index.php?action_kouhyou_detail_004_kani=true&JigyosyoCd=4012711588-00&ServiceCd=130&Type=search", "url2": "http://www.himawari-a.jp/" }, "geometry": { "type": "Point", "coordinates": [ 130.533311, 33.3327424 ] } },
{ "type": "Feature", "properties": { "内容": "アップルハート訪問看護ステーション久留米【訪問看護】福岡県久留米市城南町13-13", "url": "https://www.kaigokensaku.mhlw.go.jp/40/index.php?action_kouhyou_detail_004_kani=true&JigyosyoCd=4062790110-00&ServiceCd=130&Type=search", "url2": "http://www.aso-kaigo.jp" }, "geometry": { "type": "Point", "coordinates": [ 130.507024599148906, 33.31997350211077 ] } },
{ "type": "Feature", "properties": { "内容": "訪問看護ステーションえーる【訪問看護】福岡県久留米市通町103番地15", "url": "https://www.kaigokensaku.mhlw.go.jp/40/index.php?action_kouhyou_detail_004_kani=true&JigyosyoCd=4062790839-00&ServiceCd=130&Type=search", "url2": "http://www.kusu.or.jp/" }, "geometry": { "type": "Point", "coordinates": [ 130.516264, 33.31637 ] } },
{ "type": "Feature", "properties": { "内容": "プラチナ訪問看護ステーション久留米壱番館【訪問看護】福岡県久留米市御井旗崎三丁目2番26号", "url": "https://www.kaigokensaku.mhlw.go.jp/40/index.php?action_kouhyou_detail_004_kani=true&JigyosyoCd=4062790854-00&ServiceCd=130&Type=search", "url2": null }, "geometry": { "type": "Point", "coordinates": [ 130.559786, 33.3178327 ] } },
{ "type": "Feature", "properties": { "内容": "あいず訪問看護ステーション久留米【訪問看護】福岡県久留米市通町362パティオ通町1階B号室", "url": "https://www.kaigokensaku.mhlw.go.jp/40/index.php?action_kouhyou_detail_004_kani=true&JigyosyoCd=4062791126-00&ServiceCd=130&Type=search", "url2": "http://aizu-company.co.jp/" }, "geometry": { "type": "Point", "coordinates": [ 130.5236631, 33.316172100000017 ] } },
{ "type": "Feature", "properties": { "内容": "福岡県看護協会訪問看護ステーション「くるめ」【訪問看護】福岡県久留米市西町105番地18", "url": "https://www.kaigokensaku.mhlw.go.jp/40/index.php?action_kouhyou_detail_004_kani=true&JigyosyoCd=4062290046-00&ServiceCd=130&Type=search", "url2": "http://www.fukuoka-kango.or.jp/" }, "geometry": { "type": "Point", "coordinates": [ 130.514005900000029, 33.2947636 ] } },
{ "type": "Feature", "properties": { "内容": "訪問看護ステーション千歳２４【訪問看護】久留米市合川町１８１０番地１", "url": "https://www.kaigokensaku.mhlw.go.jp/40/index.php?action_kouhyou_detail_004_kani=true&JigyosyoCd=4062790128-00&ServiceCd=130&Type=search", "url2": "https://chitose-gr.com/kurume/kurume03/" }, "geometry": { "type": "Point", "coordinates": [ 130.533338500000013, 33.3177821 ] } },
{ "type": "Feature", "properties": { "内容": "こころ訪問看護ステーション【訪問看護】福岡県久留米市津福今町310-4", "url": "https://www.kaigokensaku.mhlw.go.jp/40/index.php?action_kouhyou_detail_004_kani=true&JigyosyoCd=4062790144-00&ServiceCd=130&Type=search", "url2": "cocoro.01@ari.bbiq.jp" }, "geometry": { "type": "Point", "coordinates": [ 130.508053600000039, 33.29678 ] } },
{ "type": "Feature", "properties": { "内容": "訪問看護ステーション　ちとせ【訪問看護】福岡県久留米市北野町今山370-5", "url": "https://www.kaigokensaku.mhlw.go.jp/40/index.php?action_kouhyou_detail_004_kani=true&JigyosyoCd=4062790276-00&ServiceCd=130&Type=search", "url2": "www.tanakamasaharu-clinic.jp" }, "geometry": { "type": "Point", "coordinates": [ 130.581584273016347, 33.343380830441113 ] } },
{ "type": "Feature", "properties": { "内容": "一般社団法人専心会　なないろのたね訪問看護ステーション【訪問看護】福岡県久留米市津福本町1904-1", "url": "https://www.kaigokensaku.mhlw.go.jp/40/index.php?action_kouhyou_detail_004_kani=true&JigyosyoCd=4062790888-00&ServiceCd=130&Type=search", "url2": "http://nanaironotane.jimdosite.com" }, "geometry": { "type": "Point", "coordinates": [ 130.498915050556121, 33.30036472120149 ] } },
{ "type": "Feature", "properties": { "内容": "花畑病院訪問看護ステーション【訪問看護】福岡県久留米市西町914番地", "url": "https://www.kaigokensaku.mhlw.go.jp/40/index.php?action_kouhyou_detail_004_kani=true&JigyosyoCd=4062791209-00&ServiceCd=130&Type=search", "url2": "https://www.sj-hanabatake.jp/" }, "geometry": { "type": "Point", "coordinates": [ 130.5188918, 33.3048034 ] } },
{ "type": "Feature", "properties": { "内容": "訪問看護ステーション高良台【訪問看護】福岡県久留米市藤山町1651番地267", "url": "https://www.kaigokensaku.mhlw.go.jp/40/index.php?action_kouhyou_detail_004_kani=true&JigyosyoCd=4062290103-00&ServiceCd=130&Type=search", "url2": "http://www.kyueikai.jp/" }, "geometry": { "type": "Point", "coordinates": [ 130.5409161, 33.2632007 ] } },
{ "type": "Feature", "properties": { "内容": "訪問看護ステーション敬愛【訪問看護】福岡県久留米市大善寺町宮本103番地8", "url": "https://www.kaigokensaku.mhlw.go.jp/40/index.php?action_kouhyou_detail_004_kani=true&JigyosyoCd=4062790722-00&ServiceCd=130&Type=search", "url2": null }, "geometry": { "type": "Point", "coordinates": [ 130.490154386508152, 33.28174848455815 ] } },
{ "type": "Feature", "properties": { "内容": "聖マリア訪問看護ステーション【訪問看護】福岡県久留米市津福本町422", "url": "https://www.kaigokensaku.mhlw.go.jp/40/index.php?action_kouhyou_detail_004_kani=true&JigyosyoCd=4062290012-00&ServiceCd=130&Type=search", "url2": "http://www.st-mary-med.or.jp" }, "geometry": { "type": "Point", "coordinates": [ 130.506958816918996, 33.304496494131442 ] } },
{ "type": "Feature", "properties": { "内容": "訪問看護ステーションスイ【訪問看護】福岡県久留米市東櫛原町５０６－１", "url": "https://www.kaigokensaku.mhlw.go.jp/40/index.php?action_kouhyou_detail_004_kani=true&JigyosyoCd=4062790151-00&ServiceCd=130&Type=search", "url2": "https://houmonkango-sui.jimdofree.com" }, "geometry": { "type": "Point", "coordinates": [ 130.518426928747516, 33.327119936080976 ] } },
{ "type": "Feature", "properties": { "内容": "あおぞら訪問看護ステーション【訪問看護】上津町105番地9", "url": "https://www.kaigokensaku.mhlw.go.jp/40/index.php?action_kouhyou_detail_004_kani=true&JigyosyoCd=4062790474-00&ServiceCd=130&Type=search", "url2": "https://asahi-clinic.or.jp/home_medical/nursing/" }, "geometry": { "type": "Point", "coordinates": [ 130.519353, 33.2817541 ] } },
{ "type": "Feature", "properties": { "内容": "プラチナ訪問看護ステーション久留米弐番館【訪問看護】福岡県久留米市津福本町1227-3", "url": "https://www.kaigokensaku.mhlw.go.jp/40/index.php?action_kouhyou_detail_004_kani=true&JigyosyoCd=4062790862-00&ServiceCd=130&Type=search", "url2": null }, "geometry": { "type": "Point", "coordinates": [ 130.5012783, 33.3025699 ] } },
{ "type": "Feature", "properties": { "内容": "リハビリ訪問看護ステーションMoana【訪問看護】福岡県久留米市国分町１６２２番地１サンコーポシライシ106号", "url": "https://www.kaigokensaku.mhlw.go.jp/40/index.php?action_kouhyou_detail_004_kani=true&JigyosyoCd=4062791159-00&ServiceCd=130&Type=search", "url2": "https://www.rehanowa-inc.com/" }, "geometry": { "type": "Point", "coordinates": [ 130.527217, 33.2945225 ] } },
{ "type": "Feature", "properties": { "内容": "やすたけ訪問看護ステーション【訪問看護】福岡県久留米市安武町住吉１７６６番地", "url": "https://www.kaigokensaku.mhlw.go.jp/40/index.php?action_kouhyou_detail_004_kani=true&JigyosyoCd=4062290079-00&ServiceCd=130&Type=search", "url2": "http://www.kurume-matsuoka.or.jp/" }, "geometry": { "type": "Point", "coordinates": [ 130.4673496, 33.2831085 ] } },
{ "type": "Feature", "properties": { "内容": "訪問看護ゆう【訪問看護】福岡県久留米市山川町326番地", "url": "https://www.kaigokensaku.mhlw.go.jp/40/index.php?action_kouhyou_detail_004_kani=true&JigyosyoCd=4062790458-00&ServiceCd=130&Type=search", "url2": "www.ichounomori.com" }, "geometry": { "type": "Point", "coordinates": [ 130.565505, 33.3113435 ] } },
{ "type": "Feature", "properties": { "内容": "ＴＡＳＵＫＩリレー訪問看護ステーション三潴センター【訪問看護】福岡県久留米市三潴町高三潴288番地2", "url": "https://www.kaigokensaku.mhlw.go.jp/40/index.php?action_kouhyou_detail_004_kani=true&JigyosyoCd=4062790599-00&ServiceCd=130&Type=search", "url2": "https://tasuki.wixsite.com/tasuki-homepage-" }, "geometry": { "type": "Point", "coordinates": [ 130.46132030000004, 33.263205 ] } },
{ "type": "Feature", "properties": { "内容": "訪問看護らいと【訪問看護】福岡県久留米市小森野1-3-30エパル小森野　東棟", "url": "https://www.kaigokensaku.mhlw.go.jp/40/index.php?action_kouhyou_detail_004_kani=true&JigyosyoCd=4062790946-00&ServiceCd=130&Type=search", "url2": "https://r.goope.jp/e-plus" }, "geometry": { "type": "Point", "coordinates": [ 130.512139942508782, 33.334110517392538 ] } },
{ "type": "Feature", "properties": { "内容": "訪問看護ステーションももゆめ【訪問看護】福岡県久留米市三潴町玉満3061-1-101", "url": "https://www.kaigokensaku.mhlw.go.jp/40/index.php?action_kouhyou_detail_004_kani=true&JigyosyoCd=4062791035-00&ServiceCd=130&Type=search", "url2": null }, "geometry": { "type": "Point", "coordinates": [ 130.462502038677997, 33.252176289651608 ] } },
{ "type": "Feature", "properties": { "内容": "訪問看護ひびき【訪問看護】福岡県久留米市荒木町白口2500番地2", "url": "https://www.kaigokensaku.mhlw.go.jp/40/index.php?action_kouhyou_detail_004_kani=true&JigyosyoCd=4062790169-00&ServiceCd=130&Type=search", "url2": "www.kurume-hibiki.com" }, "geometry": { "type": "Point", "coordinates": [ 130.493789600000014, 33.277015100000014 ] } },
{ "type": "Feature", "properties": { "内容": "訪問看護ステーション　たんがく【訪問看護】福岡県久留米市上津1丁目２３－１０", "url": "https://www.kaigokensaku.mhlw.go.jp/40/index.php?action_kouhyou_detail_004_kani=true&JigyosyoCd=4062790193-00&ServiceCd=130&Type=search", "url2": null }, "geometry": { "type": "Point", "coordinates": [ 130.5307216, 33.2870786 ] } },
{ "type": "Feature", "properties": { "内容": "ニチイケアセンター　くるめ　訪問看護ステーション【訪問看護】福岡県久留米市長門石２丁目１番５号", "url": "https://www.kaigokensaku.mhlw.go.jp/40/index.php?action_kouhyou_detail_004_kani=true&JigyosyoCd=4062790201-00&ServiceCd=130&Type=search", "url2": null }, "geometry": { "type": "Point", "coordinates": [ 130.492106299999932, 33.3281772 ] } },
{ "type": "Feature", "properties": { "内容": "訪問看護ステーションつばさ【訪問看護】福岡県久留米市梅満町4-1", "url": "https://www.kaigokensaku.mhlw.go.jp/40/index.php?action_kouhyou_detail_004_kani=true&JigyosyoCd=4062790235-00&ServiceCd=130&Type=search", "url2": "www.ginnoan-tsubasa.com" }, "geometry": { "type": "Point", "coordinates": [ 130.4969797, 33.3080012 ] } },
{ "type": "Feature", "properties": { "内容": "在宅看護センターピスケア【訪問看護】福岡県久留米市江戸屋敷一丁目4番46号", "url": "https://www.kaigokensaku.mhlw.go.jp/40/index.php?action_kouhyou_detail_004_kani=true&JigyosyoCd=4062790607-00&ServiceCd=130&Type=search", "url2": "piscare.co,jp" }, "geometry": { "type": "Point", "coordinates": [ 130.511501899999985, 33.2904367 ] } },
{ "type": "Feature", "properties": { "内容": "訪問看護ステーションゆかり【訪問看護】福岡県久留米市三潴町西牟田6556-6", "url": "https://www.kaigokensaku.mhlw.go.jp/40/index.php?action_kouhyou_detail_004_kani=true&JigyosyoCd=4062790706-00&ServiceCd=130&Type=search", "url2": "https://en-kurume.com" }, "geometry": { "type": "Point", "coordinates": [ 130.49036651594929, 33.252232524713882 ] } },
{ "type": "Feature", "properties": { "内容": "訪問看護ステーション国分【訪問看護】福岡県久留米市国分町793", "url": "https://www.kaigokensaku.mhlw.go.jp/40/index.php?action_kouhyou_detail_004_kani=true&JigyosyoCd=4062790755-00&ServiceCd=130&Type=search", "url2": "h_n_s_kokubu@yahoo.co.jp" }, "geometry": { "type": "Point", "coordinates": [ 130.536743514972585, 33.292527819801641 ] } },
{ "type": "Feature", "properties": { "内容": "訪問看護ステーションエバーガーデン久留米中央町【訪問看護】福岡県久留米市中央町16番地33有料老人ホームエバーガーデン久留米中央町", "url": "https://www.kaigokensaku.mhlw.go.jp/40/index.php?action_kouhyou_detail_004_kani=true&JigyosyoCd=4062790987-00&ServiceCd=130&Type=search", "url2": "https://evergarden-kurume.jp" }, "geometry": { "type": "Point", "coordinates": [ 130.506354499999986, 33.3175535 ] } },
{ "type": "Feature", "properties": { "内容": "三宮整形外科医院　訪問看護ステーション【訪問看護】福岡県久留米市諏訪野町1760-10", "url": "https://www.kaigokensaku.mhlw.go.jp/40/index.php?action_kouhyou_detail_004_kani=true&JigyosyoCd=4062791001-00&ServiceCd=130&Type=search", "url2": null }, "geometry": { "type": "Point", "coordinates": [ 130.5251317, 33.3023279 ] } },
{ "type": "Feature", "properties": { "内容": "訪問看護ステーション　共生の里【訪問看護】福岡県久留米市荒木町白口1515番地", "url": "https://www.kaigokensaku.mhlw.go.jp/40/index.php?action_kouhyou_detail_004_kani=true&JigyosyoCd=4062790748-00&ServiceCd=130&Type=search", "url2": "http://www.ks-araki.jp" }, "geometry": { "type": "Point", "coordinates": [ 130.511611702214026, 33.281252544889405 ] } },
{ "type": "Feature", "properties": { "内容": "訪問看護ステーション虹いろの風【訪問看護】福岡県久留米市山川安居野３丁目１３番３号ふくま荘１０２号室", "url": "https://www.kaigokensaku.mhlw.go.jp/40/index.php?action_kouhyou_detail_004_kani=true&JigyosyoCd=4062791142-00&ServiceCd=130&Type=search", "url2": "https://niji-kaze.com/" }, "geometry": { "type": "Point", "coordinates": [ 130.5707389, 33.3162729 ] } },
{ "type": "Feature", "properties": { "内容": "アップルハート訪問看護ステーション久留米南【訪問看護】福岡県久留米市荒木町白口2264-13", "url": "https://www.kaigokensaku.mhlw.go.jp/40/index.php?action_kouhyou_detail_004_kani=true&JigyosyoCd=4062790508-00&ServiceCd=130&Type=search", "url2": "houmonkango-kurumeminami-p01@aso-group.co.jp" }, "geometry": { "type": "Point", "coordinates": [ 130.50128620000001, 33.2763229 ] } },
{ "type": "Feature", "properties": { "内容": "訪問看護リハビリステーションリリー【訪問看護】福岡県久留米市国分町1188-7", "url": "https://www.kaigokensaku.mhlw.go.jp/40/index.php?action_kouhyou_detail_004_kani=true&JigyosyoCd=4062791043-00&ServiceCd=130&Type=search", "url2": "https://houmonkango-miyaki.jimdofree.com/" }, "geometry": { "type": "Point", "coordinates": [ 130.5352168, 33.2972263 ] } },
{ "type": "Feature", "properties": { "内容": "訪問看護ステーション　おむすび【訪問看護】福岡県久留米市三瀦町高三潴115-1-Dグレイス高三瀦D", "url": "https://www.kaigokensaku.mhlw.go.jp/40/index.php?action_kouhyou_detail_004_kani=true&JigyosyoCd=4062791373-00&ServiceCd=130&Type=search", "url2": "https://www.cocomirai-2025.com/" }, "geometry": { "type": "Point", "coordinates": [ 130.455452400000013, 33.2600136 ] } },
{ "type": "Feature", "properties": { "内容": "よもぎ訪問看護【訪問看護】福岡県久留米市田主丸町秋成847-1", "url": "https://www.kaigokensaku.mhlw.go.jp/40/index.php?action_kouhyou_detail_004_kani=true&JigyosyoCd=4062790680-00&ServiceCd=130&Type=search", "url2": "https://www.u-416.com/" }, "geometry": { "type": "Point", "coordinates": [ 130.719164099999944, 33.3456002 ] } },
{ "type": "Feature", "properties": { "内容": "エムサポート訪問看護【訪問看護】福岡県久留米市東合川４丁目9-20パシフィックパーク202", "url": "https://www.kaigokensaku.mhlw.go.jp/40/index.php?action_kouhyou_detail_004_kani=true&JigyosyoCd=4062790789-00&ServiceCd=130&Type=search", "url2": "https://ms-medicalcare.com/index.html" }, "geometry": { "type": "Point", "coordinates": [ 130.5548889, 33.3157529 ] } },
{ "type": "Feature", "properties": { "内容": "訪問看護ステーション～真心～【訪問看護】福岡県久留米市宮の陣1-9-15辻ビル206号", "url": "https://www.kaigokensaku.mhlw.go.jp/40/index.php?action_kouhyou_detail_004_kani=true&JigyosyoCd=4062791134-00&ServiceCd=130&Type=search", "url2": "https://smile-homecare.com/" }, "geometry": { "type": "Point", "coordinates": [ 130.530880200000013, 33.3298914 ] } },
{ "type": "Feature", "properties": { "内容": "訪問看護ステーションきずな【訪問看護】福岡県久留米市宮ノ陣町大杜３３２番地２", "url": "https://www.kaigokensaku.mhlw.go.jp/40/index.php?action_kouhyou_detail_004_kani=true&JigyosyoCd=4062790250-00&ServiceCd=130&Type=search", "url2": "https://cherish-kizuna.com/" }, "geometry": { "type": "Point", "coordinates": [ 130.5449232, 33.332842 ] } },
{ "type": "Feature", "properties": { "内容": "訪問看護ステーション　ふきのはなれ【訪問看護】福岡県久留米市荒木町荒木1404-1", "url": "https://www.kaigokensaku.mhlw.go.jp/40/index.php?action_kouhyou_detail_004_kani=true&JigyosyoCd=4062790284-00&ServiceCd=130&Type=search", "url2": "https://kiccho.org/" }, "geometry": { "type": "Point", "coordinates": [ 130.5045034, 33.2675541 ] } },
{ "type": "Feature", "properties": { "内容": "田主丸訪問看護ステーション【訪問看護】福岡県久留米市田主丸町益生田892", "url": "https://www.kaigokensaku.mhlw.go.jp/40/index.php?action_kouhyou_detail_004_kani=true&JigyosyoCd=4062790060-00&ServiceCd=130&Type=search", "url2": null }, "geometry": { "type": "Point", "coordinates": [ 130.691097300000024, 33.3366211 ] } },
{ "type": "Feature", "properties": { "内容": "スカイメディカル訪問看護ステーション【訪問看護】福岡県久留米市中央町35番地18", "url": "https://www.kaigokensaku.mhlw.go.jp/40/index.php?action_kouhyou_detail_004_kani=true&JigyosyoCd=4062790813-00&ServiceCd=130&Type=search", "url2": "http://skymedical.jp/" }, "geometry": { "type": "Point", "coordinates": [ 130.5092237, 33.3174774 ] } },
{ "type": "Feature", "properties": { "内容": "エデュコ訪問看護ステーション久留米【訪問看護】津福本町１６０８－３大橋ビル２０１", "url": "https://www.kaigokensaku.mhlw.go.jp/40/index.php?action_kouhyou_detail_004_kani=true&JigyosyoCd=4062791084-00&ServiceCd=130&Type=search", "url2": "https://educo-care.com/" }, "geometry": { "type": "Point", "coordinates": [ 130.4991096, 33.2971734 ] } },
{ "type": "Feature", "properties": { "内容": "訪問看護ステーションいろの環【訪問看護】福岡県久留米市津福本町867-1サンライトビル105", "url": "https://www.kaigokensaku.mhlw.go.jp/40/index.php?action_kouhyou_detail_004_kani=true&JigyosyoCd=4062791381-00&ServiceCd=130&Type=search", "url2": "https://www.ironowa.org/" }, "geometry": { "type": "Point", "coordinates": [ 130.5056112, 33.3010373 ] } },
{ "type": "Feature", "properties": { "内容": "元気館訪問看護ステーション【訪問看護】福岡県久留米市田主丸町牧1082-6", "url": "https://www.kaigokensaku.mhlw.go.jp/40/index.php?action_kouhyou_detail_004_kani=true&JigyosyoCd=4062790805-00&ServiceCd=130&Type=search", "url2": null }, "geometry": { "type": "Point", "coordinates": [ 130.6507005, 33.3395797 ] } },
{ "type": "Feature", "properties": { "内容": "結訪問看護【訪問看護】福岡県久留米市東町340-2-305", "url": "https://www.kaigokensaku.mhlw.go.jp/40/index.php?action_kouhyou_detail_004_kani=true&JigyosyoCd=4062791019-00&ServiceCd=130&Type=search", "url2": "https://link0928.com/" }, "geometry": { "type": "Point", "coordinates": [ 130.51966920000001, 33.3111218 ] } },
{ "type": "Feature", "properties": { "内容": "あいず訪問看護ステーション久留米インター【訪問看護】福岡県久留米市御井旗崎2丁目20-7", "url": "https://www.kaigokensaku.mhlw.go.jp/40/index.php?action_kouhyou_detail_004_kani=true&JigyosyoCd=4062791415-00&ServiceCd=130&Type=search", "url2": "https://www.aizu-company.co.jp/" }, "geometry": { "type": "Point", "coordinates": [ 130.5574207, 33.3128128 ] } },
{ "type": "Feature", "properties": { "内容": "訪問看護ステーションりえぞん＋(プラス)【訪問看護】西町741グリーンキャッスル103号", "url": "https://www.kaigokensaku.mhlw.go.jp/40/index.php?action_kouhyou_detail_004_kani=true&JigyosyoCd=4062791407-00&ServiceCd=130&Type=search", "url2": null }, "geometry": { "type": "Point", "coordinates": [ 139.7911576, 35.8316184 ] } },
{ "type": "Feature", "properties": { "内容": "訪問看護ステ－ション高良台【訪問看護】福岡県久留米市荒木町荒木1993-2地域包括ケアステ－ション高良台", "url": "https://www.kaigokensaku.mhlw.go.jp/40/index.php?action_kouhyou_detail_004_kani=true&JigyosyoCd=4062791399-00&ServiceCd=130&Type=search", "url2": "kouradai-web＠kyueikai.jp" }, "geometry": { "type": "Point", "coordinates": [ 130.5107968, 33.2631592 ] } },
{ "type": "Feature", "properties": { "内容": "訪問看護ステーションわかくさ【訪問看護】福岡県久留米市天神町152番地１", "url": "https://www.kaigokensaku.mhlw.go.jp/40/index.php?action_kouhyou_detail_004_kani=true&JigyosyoCd=4062290020-00&ServiceCd=130&Type=search", "url2": "http://www.tenjinkai.or.jp/kaigo_wakakusa" }, "geometry": { "type": "Point", "coordinates": [ 130.519457499999987, 33.309617500000016 ] } },
{ "type": "Feature", "properties": { "内容": "ライフ訪問看護リハビリステーション【訪問看護】梅満町1120-27", "url": "https://www.kaigokensaku.mhlw.go.jp/40/index.php?action_kouhyou_detail_004_kani=true&JigyosyoCd=4062790441-00&ServiceCd=130&Type=search", "url2": "https://totalcare-life.com" }, "geometry": { "type": "Point", "coordinates": [ 130.511800468484779, 33.30763528384616 ] } },
{ "type": "Feature", "properties": { "内容": "訪問看護ステーション　あおば【訪問看護】福岡県久留米市田主丸町豊城483-1", "url": "https://www.kaigokensaku.mhlw.go.jp/40/index.php?action_kouhyou_detail_004_kani=true&JigyosyoCd=4062790565-00&ServiceCd=130&Type=search", "url2": "https://fuchsias.jp" }, "geometry": { "type": "Point", "coordinates": [ 130.685983, 33.34707 ] } },
{ "type": "Feature", "properties": { "内容": "ＭＭＳ訪問看護ステーション【訪問看護】福岡県久留米市瀬下町351", "url": "https://www.kaigokensaku.mhlw.go.jp/40/index.php?action_kouhyou_detail_004_kani=true&JigyosyoCd=4062790920-00&ServiceCd=130&Type=search", "url2": null }, "geometry": { "type": "Point", "coordinates": [ 130.494218632515981, 33.317709325199949 ] } },
{ "type": "Feature", "properties": { "内容": "訪問看護ステーション　アンサンブル【訪問看護】福岡県久留米市野中町954‐2松柏ハイツ202", "url": "https://www.kaigokensaku.mhlw.go.jp/40/index.php?action_kouhyou_detail_004_kani=true&JigyosyoCd=4062790953-00&ServiceCd=130&Type=search", "url2": null }, "geometry": { "type": "Point", "coordinates": [ 130.531665970979219, 33.310514672882583 ] } },
{ "type": "Feature", "properties": { "内容": "合同会社　愛京　訪問看護ステーション　謝恩【訪問看護】北野町高良260-2", "url": "https://www.kaigokensaku.mhlw.go.jp/40/index.php?action_kouhyou_detail_004_kani=true&JigyosyoCd=4062791100-00&ServiceCd=130&Type=search", "url2": null }, "geometry": { "type": "Point", "coordinates": [ 130.5836842, 33.340387 ] } },
{ "type": "Feature", "properties": { "内容": "にじいろ訪問間看護ステーション【訪問看護】福岡県久留米市三瀦町高三潴147-1", "url": "https://www.kaigokensaku.mhlw.go.jp/40/index.php?action_kouhyou_detail_004_kani=true&JigyosyoCd=4062791050-00&ServiceCd=130&Type=search", "url2": null }, "geometry": { "type": "Point", "coordinates": [ 130.457046, 33.2644218 ] } },
{ "type": "Feature", "properties": { "内容": "小児訪問看護ステーション　アクアキッズ【訪問看護】福岡県直方市大字感田3564-1", "url": "https://www.kaigokensaku.mhlw.go.jp/40/index.php?action_kouhyou_detail_004_kani=true&JigyosyoCd=4065490213-00&ServiceCd=130&Type=search", "url2": "http://aqua-vhn.com" }, "geometry": { "type": "Point", "coordinates": [ 130.736416486216427, 33.756603559837615 ] } },
{ "type": "Feature", "properties": { "内容": "合同会社　キミドリ【訪問看護】福岡県直方市山部487-1（１号室）", "url": "https://www.kaigokensaku.mhlw.go.jp/40/index.php?action_kouhyou_detail_004_kani=true&JigyosyoCd=4065490239-00&ServiceCd=130&Type=search", "url2": null }, "geometry": { "type": "Point", "coordinates": [ 130.7183918, 33.7356633 ] } },
{ "type": "Feature", "properties": { "内容": "Link訪問看護ステーション【訪問看護】福岡県直方市感田354－5阿部アパート6号室", "url": "https://www.kaigokensaku.mhlw.go.jp/40/index.php?action_kouhyou_detail_004_kani=true&JigyosyoCd=4065490247-00&ServiceCd=130&Type=search", "url2": null }, "geometry": { "type": "Point", "coordinates": [ 130.747406399999988, 33.7580774 ] } },
{ "type": "Feature", "properties": { "内容": "笑み訪問看護ステーション【訪問看護】福岡県直方市頓野1058-1メセナ105", "url": "https://www.kaigokensaku.mhlw.go.jp/40/index.php?action_kouhyou_detail_004_kani=true&JigyosyoCd=4065490254-00&ServiceCd=130&Type=search", "url2": null }, "geometry": { "type": "Point", "coordinates": [ 130.756722200000013, 33.7618734 ] } },
{ "type": "Feature", "properties": { "内容": "まちの訪問看護リハビリステーション【訪問看護】福岡県直方市殿町4-34", "url": "https://www.kaigokensaku.mhlw.go.jp/40/index.php?action_kouhyou_detail_004_kani=true&JigyosyoCd=4065490106-00&ServiceCd=130&Type=search", "url2": "http://www.machino-hokenshitsu.net/" }, "geometry": { "type": "Point", "coordinates": [ 130.729259201730883, 33.745755497936621 ] } },
{ "type": "Feature", "properties": { "内容": "森の母屋　訪問看護ステーション【訪問看護】福岡県直方市大字上境2631－1", "url": "https://www.kaigokensaku.mhlw.go.jp/40/index.php?action_kouhyou_detail_004_kani=true&JigyosyoCd=4065490056-00&ServiceCd=130&Type=search", "url2": null }, "geometry": { "type": "Point", "coordinates": [ 130.7563252, 33.7318409 ] } },
{ "type": "Feature", "properties": { "内容": "エミエル訪問看護ステーション【訪問看護】福岡県直方市下新入2965-1サンパワーマンションⅢ301", "url": "https://www.kaigokensaku.mhlw.go.jp/40/index.php?action_kouhyou_detail_004_kani=true&JigyosyoCd=4065490221-00&ServiceCd=130&Type=search", "url2": "https://nogata.emiel.co.jp" }, "geometry": { "type": "Point", "coordinates": [ 130.717806281475816, 33.761157675899682 ] } },
{ "type": "Feature", "properties": { "内容": "訪問看護ステーション　Sally【訪問看護】福岡県直方市中泉827-4", "url": "https://www.kaigokensaku.mhlw.go.jp/40/index.php?action_kouhyou_detail_004_kani=true&JigyosyoCd=4065490197-00&ServiceCd=130&Type=search", "url2": null }, "geometry": { "type": "Point", "coordinates": [ 130.740784100000013, 33.7191611 ] } },
{ "type": "Feature", "properties": { "内容": "山季訪問看護ステーション【訪問看護】福岡県直方市感田2567-17グレーハイムフジタ102号", "url": "https://www.kaigokensaku.mhlw.go.jp/40/index.php?action_kouhyou_detail_004_kani=true&JigyosyoCd=4065490130-00&ServiceCd=130&Type=search", "url2": null }, "geometry": { "type": "Point", "coordinates": [ 130.727392799999961, 33.7648008 ] } },
{ "type": "Feature", "properties": { "内容": "芳寿園訪問看護ステーション【訪問看護】福岡県直方市下境1794番地", "url": "https://www.kaigokensaku.mhlw.go.jp/40/index.php?action_kouhyou_detail_004_kani=true&JigyosyoCd=4065490155-00&ServiceCd=130&Type=search", "url2": null }, "geometry": { "type": "Point", "coordinates": [ 130.73805570602417, 33.729033225909312 ] } },
{ "type": "Feature", "properties": { "内容": "訪問看護ステーションかなで【訪問看護】福岡県直方市感田527－4", "url": "https://www.kaigokensaku.mhlw.go.jp/40/index.php?action_kouhyou_detail_004_kani=true&JigyosyoCd=4065490163-00&ServiceCd=130&Type=search", "url2": "https://kanade7.webnode.jp/?_ga=2.33622563.326163516.1695689608-1452513936.1667358495&_gl=1*7tp4rs*_ga*MTQ1MjUxMzkzNi4xNjY3MzU4NDk1*_ga_YSX1HV0KT8*MTY5NTY4OTU4Ni4xLjEuMTY5NTY4OTY2OC42MC4wLjA." }, "geometry": { "type": "Point", "coordinates": [ 130.736236400000024, 33.7598156 ] } },
{ "type": "Feature", "properties": { "内容": "訪問看護ステーション　あおぞら【訪問看護】植木509", "url": "https://www.kaigokensaku.mhlw.go.jp/40/index.php?action_kouhyou_detail_004_kani=true&JigyosyoCd=4065490064-00&ServiceCd=130&Type=search", "url2": null }, "geometry": { "type": "Point", "coordinates": [ 130.713618600000018, 33.7732745 ] } },
{ "type": "Feature", "properties": { "内容": "西尾病院訪問看護ステーション【訪問看護】福岡県直方市津田町９番５号", "url": "https://www.kaigokensaku.mhlw.go.jp/40/index.php?action_kouhyou_detail_004_kani=true&JigyosyoCd=4065490148-00&ServiceCd=130&Type=search", "url2": "http://ichiju-kai.jp" }, "geometry": { "type": "Point", "coordinates": [ 130.729365699999988, 33.7475636 ] } },
{ "type": "Feature", "properties": { "内容": "一般社団法人直方鞍手医師会訪問看護ステーション【訪問看護】福岡県直方市大字山部　８０８番地１３", "url": "https://www.kaigokensaku.mhlw.go.jp/40/index.php?action_kouhyou_detail_004_kani=true&JigyosyoCd=4065490007-00&ServiceCd=130&Type=search", "url2": "http://www17.ocn.ne.jp/~chokuan/manabi.htm" }, "geometry": { "type": "Point", "coordinates": [ 130.717486300000019, 33.7438699 ] } },
{ "type": "Feature", "properties": { "内容": "りふれる訪問看護ステーション【訪問看護】知古1-6-1", "url": "https://www.kaigokensaku.mhlw.go.jp/40/index.php?action_kouhyou_detail_004_kani=true&JigyosyoCd=4065490098-00&ServiceCd=130&Type=search", "url2": "http://www.helperstation.jp/" }, "geometry": { "type": "Point", "coordinates": [ 130.727374, 33.7535105 ] } },
{ "type": "Feature", "properties": { "内容": "晴弘訪問看護ステーション【訪問看護】福岡県直方市上境289番地1", "url": "https://www.kaigokensaku.mhlw.go.jp/40/index.php?action_kouhyou_detail_004_kani=true&JigyosyoCd=4065490080-00&ServiceCd=130&Type=search", "url2": null }, "geometry": { "type": "Point", "coordinates": [ 130.759734913530394, 33.726070863610765 ] } },
{ "type": "Feature", "properties": { "内容": "あべりあ福智の丘訪問看護ステーション【訪問看護】福岡県直方市湯野原二丁目15番1号", "url": "https://www.kaigokensaku.mhlw.go.jp/40/index.php?action_kouhyou_detail_004_kani=true&JigyosyoCd=4065490205-00&ServiceCd=130&Type=search", "url2": "https://soreiyugroup.or.jp/service/nursinghome" }, "geometry": { "type": "Point", "coordinates": [ 130.752006799999975, 33.7677235 ] } },
{ "type": "Feature", "properties": { "内容": "アイアス訪問看護ステーション　直方【訪問看護】福岡県直方市大字感田1486-2", "url": "https://www.kaigokensaku.mhlw.go.jp/40/index.php?action_kouhyou_detail_004_kani=true&JigyosyoCd=4065490262-00&ServiceCd=130&Type=search", "url2": "https://aiasu.co.jp/" }, "geometry": { "type": "Point", "coordinates": [ 130.7346078, 33.767637 ] } },
{ "type": "Feature", "properties": { "内容": "訪問看護ステーション　あずのわ【訪問看護】福岡県直方市大字山部1474-1", "url": "https://www.kaigokensaku.mhlw.go.jp/40/index.php?action_kouhyou_detail_004_kani=true&JigyosyoCd=4065490270-00&ServiceCd=130&Type=search", "url2": null }, "geometry": { "type": "Point", "coordinates": [ 130.717557235581978, 33.740054039238096 ] } },
{ "type": "Feature", "properties": { "内容": "訪問看護ステーションきさく本町【訪問看護】福岡県飯塚市本町14−7", "url": "https://www.kaigokensaku.mhlw.go.jp/40/index.php?action_kouhyou_detail_004_kani=true&JigyosyoCd=4065590509-00&ServiceCd=130&Type=search", "url2": "https://medicallabo.jp" }, "geometry": { "type": "Point", "coordinates": [ 130.684942414155614, 33.637950717572302 ] } },
{ "type": "Feature", "properties": { "内容": "訪問看護ステーションライフ【訪問看護】福岡県飯塚市有井356番地54スエルテタウン有井", "url": "https://www.kaigokensaku.mhlw.go.jp/40/index.php?action_kouhyou_detail_004_kani=true&JigyosyoCd=4065590533-00&ServiceCd=130&Type=search", "url2": null }, "geometry": { "type": "Point", "coordinates": [ 130.719312800000012, 33.6481152 ] } },
{ "type": "Feature", "properties": { "内容": "訪問看護ステーション　いいづか【訪問看護】福岡県飯塚市菰田627-1", "url": "https://www.kaigokensaku.mhlw.go.jp/40/index.php?action_kouhyou_detail_004_kani=true&JigyosyoCd=4065590210-00&ServiceCd=130&Type=search", "url2": null }, "geometry": { "type": "Point", "coordinates": [ 130.6964543, 33.625277 ] } },
{ "type": "Feature", "properties": { "内容": "訪問看護ステーション　エルム【訪問看護】福岡県飯塚市明星寺45番1号", "url": "https://www.kaigokensaku.mhlw.go.jp/40/index.php?action_kouhyou_detail_004_kani=true&JigyosyoCd=4065590079-00&ServiceCd=130&Type=search", "url2": "http://www18.ocn.ne.jp./^erumu/" }, "geometry": { "type": "Point", "coordinates": [ 130.6450549, 33.6229309 ] } },
{ "type": "Feature", "properties": { "内容": "訪問看護ステーション　しんしん【訪問看護】福岡県飯塚市有井148-2", "url": "https://www.kaigokensaku.mhlw.go.jp/40/index.php?action_kouhyou_detail_004_kani=true&JigyosyoCd=4065590335-00&ServiceCd=130&Type=search", "url2": null }, "geometry": { "type": "Point", "coordinates": [ 130.691823, 33.6484431 ] } },
{ "type": "Feature", "properties": { "内容": "あい訪問看護ステーション【訪問看護】菰田西3丁目18-11", "url": "https://www.kaigokensaku.mhlw.go.jp/40/index.php?action_kouhyou_detail_004_kani=true&JigyosyoCd=4065590426-00&ServiceCd=130&Type=search", "url2": "https://ani-ai.com/" }, "geometry": { "type": "Point", "coordinates": [ 130.6898964, 33.6366123 ] } },
{ "type": "Feature", "properties": { "内容": "訪問看護ステーション　Nalu【訪問看護】福岡県飯塚市目尾618-1", "url": "https://www.kaigokensaku.mhlw.go.jp/40/index.php?action_kouhyou_detail_004_kani=true&JigyosyoCd=4065590582-00&ServiceCd=130&Type=search", "url2": "https://www.nalu-station2025.com" }, "geometry": { "type": "Point", "coordinates": [ 130.6991277, 33.6744819 ] } },
{ "type": "Feature", "properties": { "内容": "訪問看護ステーションここれ【訪問看護】福岡県飯塚市綱分689-19第2松本コーポ102", "url": "https://www.kaigokensaku.mhlw.go.jp/40/index.php?action_kouhyou_detail_004_kani=true&JigyosyoCd=4065590541-00&ServiceCd=130&Type=search", "url2": null }, "geometry": { "type": "Point", "coordinates": [ 130.7305129, 33.6401775 ] } },
{ "type": "Feature", "properties": { "内容": "心愛訪問看護ステーション【訪問看護】徳前3－1オフィスパレア飯塚Ⅱ4号室", "url": "https://www.kaigokensaku.mhlw.go.jp/40/index.php?action_kouhyou_detail_004_kani=true&JigyosyoCd=4065590608-00&ServiceCd=130&Type=search", "url2": "https://coa-kango.com/" }, "geometry": { "type": "Point", "coordinates": [ 136.9243478, 36.9725521 ] } },
{ "type": "Feature", "properties": { "内容": "訪問看護ステーションラパン【訪問看護】福岡県飯塚市堀池418‐1SEIBU-4　103号", "url": "https://www.kaigokensaku.mhlw.go.jp/40/index.php?action_kouhyou_detail_004_kani=true&JigyosyoCd=4065590483-00&ServiceCd=130&Type=search", "url2": null }, "geometry": { "type": "Point", "coordinates": [ 130.6816265, 33.6277148 ] } },
{ "type": "Feature", "properties": { "内容": "社会保険二瀬病院【訪問看護】福岡県飯塚市伊川1243番地1", "url": "https://www.kaigokensaku.mhlw.go.jp/40/index.php?action_kouhyou_detail_004_kani=true&JigyosyoCd=4015519129-00&ServiceCd=130&Type=search", "url2": "http//futase-hp.jp" }, "geometry": { "type": "Point", "coordinates": [ 130.654978487033048, 33.657719439422308 ] } },
{ "type": "Feature", "properties": { "内容": "訪問看護ステーションおもてなし【訪問看護】福岡県飯塚市楽市229", "url": "https://www.kaigokensaku.mhlw.go.jp/40/index.php?action_kouhyou_detail_004_kani=true&JigyosyoCd=4065590384-00&ServiceCd=130&Type=search", "url2": null }, "geometry": { "type": "Point", "coordinates": [ 130.679419200000012, 33.6131737 ] } },
{ "type": "Feature", "properties": { "内容": "児嶋病院【訪問看護】福岡県飯塚市花瀬８７番地１", "url": "https://www.kaigokensaku.mhlw.go.jp/40/index.php?action_kouhyou_detail_004_kani=true&JigyosyoCd=4015519541-00&ServiceCd=130&Type=search", "url2": "http://www.kojima-hospital.com/" }, "geometry": { "type": "Point", "coordinates": [ 130.682767799999965, 33.6382444 ] } },
{ "type": "Feature", "properties": { "内容": "東ヶ丘訪問看護ステーション【訪問看護】福岡県飯塚市有安1025-7", "url": "https://www.kaigokensaku.mhlw.go.jp/40/index.php?action_kouhyou_detail_004_kani=true&JigyosyoCd=4065590236-00&ServiceCd=130&Type=search", "url2": "hkango@fukushi.co.jp" }, "geometry": { "type": "Point", "coordinates": [ 130.72053040000003, 33.6454843 ] } },
{ "type": "Feature", "properties": { "内容": "なでしこほっと訪問看護ステーション【訪問看護】福岡県飯塚市太郎丸265なでしこほっと館", "url": "https://www.kaigokensaku.mhlw.go.jp/40/index.php?action_kouhyou_detail_004_kani=true&JigyosyoCd=4065590400-00&ServiceCd=130&Type=search", "url2": "http://hot.iizuka-kaho.jp/" }, "geometry": { "type": "Point", "coordinates": [ 130.666653545299539, 33.601842465153098 ] } },
{ "type": "Feature", "properties": { "内容": "アフィニティーきんもくせい頴田　訪問看護ステーション【訪問看護】福岡県飯塚市口原347-1", "url": "https://www.kaigokensaku.mhlw.go.jp/40/index.php?action_kouhyou_detail_004_kani=true&JigyosyoCd=4065590467-00&ServiceCd=130&Type=search", "url2": null }, "geometry": { "type": "Point", "coordinates": [ 130.7189305, 33.6837451 ] } },
{ "type": "Feature", "properties": { "内容": "訪問看護ステーションあみ【訪問看護】福岡県飯塚市横田568-3オオサワコーポ2-F", "url": "https://www.kaigokensaku.mhlw.go.jp/40/index.php?action_kouhyou_detail_004_kani=true&JigyosyoCd=4065590251-00&ServiceCd=130&Type=search", "url2": null }, "geometry": { "type": "Point", "coordinates": [ 130.66668390000001, 33.6398044 ] } },
{ "type": "Feature", "properties": { "内容": "訪問看護はぴねステーション【訪問看護】福岡県飯塚市下三緒35-726", "url": "https://www.kaigokensaku.mhlw.go.jp/40/index.php?action_kouhyou_detail_004_kani=true&JigyosyoCd=4065590392-00&ServiceCd=130&Type=search", "url2": null }, "geometry": { "type": "Point", "coordinates": [ 130.7112228, 33.6363745 ] } },
{ "type": "Feature", "properties": { "内容": "医療法人　広瀬医院【訪問看護】福岡県飯塚市綱分756番地", "url": "https://www.kaigokensaku.mhlw.go.jp/40/index.php?action_kouhyou_detail_004_kani=true&JigyosyoCd=4015512561-00&ServiceCd=130&Type=search", "url2": "http://www.myclinic.ne.jp/hiroseclinic/" }, "geometry": { "type": "Point", "coordinates": [ 130.7290898, 33.6391891 ] } },
{ "type": "Feature", "properties": { "内容": "飯塚医師会訪問看護ステーション【訪問看護】福岡県飯塚市吉原町1番1号", "url": "https://www.kaigokensaku.mhlw.go.jp/40/index.php?action_kouhyou_detail_004_kani=true&JigyosyoCd=4065590004-00&ServiceCd=130&Type=search", "url2": "ima-houmonkango-st@iizuka-med.or.jp" }, "geometry": { "type": "Point", "coordinates": [ 130.685869214047244, 33.641178404947425 ] } },
{ "type": "Feature", "properties": { "内容": "アップルハート飯塚訪問看護ステーション【訪問看護】福岡県飯塚市芳雄町６番９号アップルハートリビング飯塚1号館1階", "url": "https://www.kaigokensaku.mhlw.go.jp/40/index.php?action_kouhyou_detail_004_kani=true&JigyosyoCd=4065590038-00&ServiceCd=130&Type=search", "url2": "http://www.aso-group.co.jp/ams" }, "geometry": { "type": "Point", "coordinates": [ 130.69270900740969, 33.640785335425207 ] } },
{ "type": "Feature", "properties": { "内容": "アフィニティーつつじの丘　訪問看護ステーション【訪問看護】福岡県飯塚市横田823番地1", "url": "https://www.kaigokensaku.mhlw.go.jp/40/index.php?action_kouhyou_detail_004_kani=true&JigyosyoCd=4065590442-00&ServiceCd=130&Type=search", "url2": null }, "geometry": { "type": "Point", "coordinates": [ 130.66743954603271, 33.649608524533157 ] } },
{ "type": "Feature", "properties": { "内容": "りはぷる訪問看護ステーション飯塚【訪問看護】福岡県飯塚市佐與1399-1", "url": "https://www.kaigokensaku.mhlw.go.jp/40/index.php?action_kouhyou_detail_004_kani=true&JigyosyoCd=4065590558-00&ServiceCd=130&Type=search", "url2": "rehapro.nursingcare.improboth.com" }, "geometry": { "type": "Point", "coordinates": [ 130.7192037, 33.6773945 ] } },
{ "type": "Feature", "properties": { "内容": "ハッピーライフ訪問看護ステーション【訪問看護】福岡県飯塚市楽市315番地1", "url": "https://www.kaigokensaku.mhlw.go.jp/40/index.php?action_kouhyou_detail_004_kani=true&JigyosyoCd=4065590103-00&ServiceCd=130&Type=search", "url2": null }, "geometry": { "type": "Point", "coordinates": [ 130.679154007131956, 33.612021324930225 ] } },
{ "type": "Feature", "properties": { "内容": "訪問看護ステーションせらび【訪問看護】福岡県飯塚市鯰田2278-1ブルーマリヌC-102", "url": "https://www.kaigokensaku.mhlw.go.jp/40/index.php?action_kouhyou_detail_004_kani=true&JigyosyoCd=4065590368-00&ServiceCd=130&Type=search", "url2": "http:/forsiem-yumeshien.com/station" }, "geometry": { "type": "Point", "coordinates": [ 130.6978628, 33.6627707 ] } },
{ "type": "Feature", "properties": { "内容": "アース訪問看護ステーション【訪問看護】福岡県飯塚市口原50−7", "url": "https://www.kaigokensaku.mhlw.go.jp/40/index.php?action_kouhyou_detail_004_kani=true&JigyosyoCd=4065590475-00&ServiceCd=130&Type=search", "url2": null }, "geometry": { "type": "Point", "coordinates": [ 130.719461572022084, 33.679184445552806 ] } },
{ "type": "Feature", "properties": { "内容": "訪問看護ステーションきさく【訪問看護】福岡県飯塚市中８２５番地", "url": "https://www.kaigokensaku.mhlw.go.jp/40/index.php?action_kouhyou_detail_004_kani=true&JigyosyoCd=4065590319-00&ServiceCd=130&Type=search", "url2": "https://medicallabo.jp/" }, "geometry": { "type": "Point", "coordinates": [ 130.682170500000012, 33.6660825 ] } },
{ "type": "Feature", "properties": { "内容": "デイジー訪問看護ステーション【訪問看護】福岡県飯塚市立岩1213番地2", "url": "https://www.kaigokensaku.mhlw.go.jp/40/index.php?action_kouhyou_detail_004_kani=true&JigyosyoCd=4065590459-00&ServiceCd=130&Type=search", "url2": null }, "geometry": { "type": "Point", "coordinates": [ 130.695386678239089, 33.646772421092926 ] } },
{ "type": "Feature", "properties": { "内容": "訪問看護ステーション　ベル【訪問看護】中475-3", "url": "https://www.kaigokensaku.mhlw.go.jp/40/index.php?action_kouhyou_detail_004_kani=true&JigyosyoCd=4065590590-00&ServiceCd=130&Type=search", "url2": "https://hope-links11.com/" }, "geometry": { "type": "Point", "coordinates": [ 130.684658, 33.664494 ] } },
{ "type": "Feature", "properties": { "内容": "訪問看護ステーション　友心【訪問看護】福岡県飯塚市立岩９６４番地３５セントロイヤル新飯塚駅１０１号", "url": "https://www.kaigokensaku.mhlw.go.jp/40/index.php?action_kouhyou_detail_004_kani=true&JigyosyoCd=4065590491-00&ServiceCd=130&Type=search", "url2": null }, "geometry": { "type": "Point", "coordinates": [ 130.6956936, 33.6440679 ] } },
{ "type": "Feature", "properties": { "内容": "訪問看護　ナースステーションゆめの樹【訪問看護】福岡県飯塚市綱分1170-4", "url": "https://www.kaigokensaku.mhlw.go.jp/40/index.php?action_kouhyou_detail_004_kani=true&JigyosyoCd=4065590525-00&ServiceCd=130&Type=search", "url2": "https://www.yumenoki.jp/" }, "geometry": { "type": "Point", "coordinates": [ 130.728762386438774, 33.624276048686184 ] } },
{ "type": "Feature", "properties": { "内容": "良創夢訪問看護ステーション【訪問看護】福岡県飯塚市幸袋61番地1", "url": "https://www.kaigokensaku.mhlw.go.jp/40/index.php?action_kouhyou_detail_004_kani=true&JigyosyoCd=4065590061-00&ServiceCd=130&Type=search", "url2": "http://park2.wakwak.com/~rasoumu/" }, "geometry": { "type": "Point", "coordinates": [ 130.687632931959996, 33.663378771445537 ] } },
{ "type": "Feature", "properties": { "内容": "訪問看護ステーションいろは【訪問看護】福岡県飯塚市鯰田2359番地2", "url": "https://www.kaigokensaku.mhlw.go.jp/40/index.php?action_kouhyou_detail_004_kani=true&JigyosyoCd=4065590327-00&ServiceCd=130&Type=search", "url2": null }, "geometry": { "type": "Point", "coordinates": [ 130.664682, 33.6027611 ] } },
{ "type": "Feature", "properties": { "内容": "みずいろ訪問看護ステーション【訪問看護】福岡県飯塚市潤野815‐4", "url": "https://www.kaigokensaku.mhlw.go.jp/40/index.php?action_kouhyou_detail_004_kani=true&JigyosyoCd=4065590566-00&ServiceCd=130&Type=search", "url2": null }, "geometry": { "type": "Point", "coordinates": [ 130.655898799999989, 33.6321905 ] } },
{ "type": "Feature", "properties": { "内容": "株式会社　NOA　訪問看護ステーション　NOA【訪問看護】福岡県飯塚市枝国422-18", "url": "https://www.kaigokensaku.mhlw.go.jp/40/index.php?action_kouhyou_detail_004_kani=true&JigyosyoCd=4065590178-00&ServiceCd=130&Type=search", "url2": null }, "geometry": { "type": "Point", "coordinates": [ 130.6699496, 33.6340583 ] } },
{ "type": "Feature", "properties": { "内容": "訪問看護ステーション悠【訪問看護】福岡県飯塚市若菜259-81", "url": "https://www.kaigokensaku.mhlw.go.jp/40/index.php?action_kouhyou_detail_004_kani=true&JigyosyoCd=4065590111-00&ServiceCd=130&Type=search", "url2": "https://www.facebook.com/iizuka.jin" }, "geometry": { "type": "Point", "coordinates": [ 130.672351074205011, 33.629909336423189 ] } },
{ "type": "Feature", "properties": { "内容": "MCC訪問看護ステーション【訪問看護】福岡県飯塚市菰田655番地1木の花ベース1号室", "url": "https://www.kaigokensaku.mhlw.go.jp/40/index.php?action_kouhyou_detail_004_kani=true&JigyosyoCd=4065590434-00&ServiceCd=130&Type=search", "url2": "https://mcc-st.com/" }, "geometry": { "type": "Point", "coordinates": [ 130.692114822090133, 33.63478259700841 ] } },
{ "type": "Feature", "properties": { "内容": "ぴぃす訪問看護ステーション【訪問看護】幸袋471-1めぐみテナント5", "url": "https://www.kaigokensaku.mhlw.go.jp/40/index.php?action_kouhyou_detail_004_kani=true&JigyosyoCd=4065590616-00&ServiceCd=130&Type=search", "url2": "piece_station1201.com" }, "geometry": { "type": "Point", "coordinates": [ 130.684551022090147, 33.658349130283803 ] } },
{ "type": "Feature", "properties": { "内容": "訪問看護ステーションあいあい飯塚【訪問看護】福岡県飯塚市幸袋575-12", "url": "https://www.kaigokensaku.mhlw.go.jp/40/index.php?action_kouhyou_detail_004_kani=true&JigyosyoCd=4065590640-00&ServiceCd=130&Type=search", "url2": null }, "geometry": { "type": "Point", "coordinates": [ 130.6798487, 33.6593044 ] } },
{ "type": "Feature", "properties": { "内容": "訪問看護ステーション鈴【訪問看護】忠隈１２０番地１", "url": "https://www.kaigokensaku.mhlw.go.jp/40/index.php?action_kouhyou_detail_004_kani=true&JigyosyoCd=4065590574-00&ServiceCd=130&Type=search", "url2": null }, "geometry": { "type": "Point", "coordinates": [ 130.6861745, 33.6219804 ] } },
{ "type": "Feature", "properties": { "内容": "訪問看護ステーションつむぎ【訪問看護】福岡県飯塚市赤坂499-2", "url": "https://www.kaigokensaku.mhlw.go.jp/40/index.php?action_kouhyou_detail_004_kani=true&JigyosyoCd=4065590624-00&ServiceCd=130&Type=search", "url2": null }, "geometry": { "type": "Point", "coordinates": [ 130.736641, 33.6207046 ] } },
{ "type": "Feature", "properties": { "内容": "訪問看護ステーション　ゆいのわ【訪問看護】福岡県飯塚市立岩1203-3アリエス立岩206号", "url": "https://www.kaigokensaku.mhlw.go.jp/40/index.php?action_kouhyou_detail_004_kani=true&JigyosyoCd=4065590632-00&ServiceCd=130&Type=search", "url2": null }, "geometry": { "type": "Point", "coordinates": [ 130.695481, 33.6482944 ] } },
{ "type": "Feature", "properties": { "内容": "柴田みえこ内科・神経内科クリニック【訪問看護】福岡県飯塚市鶴三緒1547-10", "url": "https://www.kaigokensaku.mhlw.go.jp/40/index.php?action_kouhyou_detail_004_kani=true&JigyosyoCd=4015519798-00&ServiceCd=130&Type=search", "url2": "https://www.mieko-neurologyclinic.com" }, "geometry": { "type": "Point", "coordinates": [ 130.700693300000012, 33.6238498 ] } },
{ "type": "Feature", "properties": { "内容": "訪問看護ステーションはな【訪問看護】福岡県田川市弓削田1459", "url": "https://www.kaigokensaku.mhlw.go.jp/40/index.php?action_kouhyou_detail_004_kani=true&JigyosyoCd=4065690473-00&ServiceCd=130&Type=search", "url2": null }, "geometry": { "type": "Point", "coordinates": [ 130.7812307, 33.6317371 ] } },
{ "type": "Feature", "properties": { "内容": "訪問看護ステーション　リリ【訪問看護】福岡県田川市大字夏吉1362-5", "url": "https://www.kaigokensaku.mhlw.go.jp/40/index.php?action_kouhyou_detail_004_kani=true&JigyosyoCd=4065690275-00&ServiceCd=130&Type=search", "url2": null }, "geometry": { "type": "Point", "coordinates": [ 130.825767061803532, 33.661218504360704 ] } },
{ "type": "Feature", "properties": { "内容": "訪問看護ステーションカルム【訪問看護】福岡県田川市大字糒2279番地5", "url": "https://www.kaigokensaku.mhlw.go.jp/40/index.php?action_kouhyou_detail_004_kani=true&JigyosyoCd=4065690374-00&ServiceCd=130&Type=search", "url2": "ｈｔｔｐｓ：//ｈｏｕｋａｇｏ-ｄａｙ.ｗｉｘｓｉｔｅ.ｃｏｍ/ｃａｌｍｅ" }, "geometry": { "type": "Point", "coordinates": [ 130.7951153, 33.661643 ] } },
{ "type": "Feature", "properties": { "内容": "リハビリ訪問看護ステーションすばる【訪問看護】福岡県田川市弓削田341-1", "url": "https://www.kaigokensaku.mhlw.go.jp/40/index.php?action_kouhyou_detail_004_kani=true&JigyosyoCd=4065690135-00&ServiceCd=130&Type=search", "url2": "http://www.subaru-rehab.net/" }, "geometry": { "type": "Point", "coordinates": [ 130.790419083588347, 33.635348618966205 ] } },
{ "type": "Feature", "properties": { "内容": "訪問看護ステーションくじら【訪問看護】福岡県田川市上本町9-28クオリティウエスト1F", "url": "https://www.kaigokensaku.mhlw.go.jp/40/index.php?action_kouhyou_detail_004_kani=true&JigyosyoCd=4065690424-00&ServiceCd=130&Type=search", "url2": null }, "geometry": { "type": "Point", "coordinates": [ 130.798526465892479, 33.625582830919839 ] } },
{ "type": "Feature", "properties": { "内容": "訪問看護ステーションあすてら【訪問看護】福岡県田川市大字伊田76番地MKハイツ伊田1C-10号室", "url": "https://www.kaigokensaku.mhlw.go.jp/40/index.php?action_kouhyou_detail_004_kani=true&JigyosyoCd=4065690515-00&ServiceCd=130&Type=search", "url2": null }, "geometry": { "type": "Point", "coordinates": [ 130.8360505, 33.637909 ] } },
{ "type": "Feature", "properties": { "内容": "ほうもんかんごすてーしょん【訪問看護】福岡県田川市魚町14-26C102", "url": "https://www.kaigokensaku.mhlw.go.jp/40/index.php?action_kouhyou_detail_004_kani=true&JigyosyoCd=4065690499-00&ServiceCd=130&Type=search", "url2": null }, "geometry": { "type": "Point", "coordinates": [ 130.819682, 33.643832 ] } },
{ "type": "Feature", "properties": { "内容": "アクアリハビリ訪問看護ステーション【訪問看護】田川市新町１７－４", "url": "https://www.kaigokensaku.mhlw.go.jp/40/index.php?action_kouhyou_detail_004_kani=true&JigyosyoCd=4065690143-00&ServiceCd=130&Type=search", "url2": "http://aqua-reha.ciao.jp/" }, "geometry": { "type": "Point", "coordinates": [ 130.808755361953899, 33.644622043510672 ] } },
{ "type": "Feature", "properties": { "内容": "訪問看護一会【訪問看護】福岡県田川市大字夏吉1205番地11", "url": "https://www.kaigokensaku.mhlw.go.jp/40/index.php?action_kouhyou_detail_004_kani=true&JigyosyoCd=4065690184-00&ServiceCd=130&Type=search", "url2": "https://muyuugen.org/" }, "geometry": { "type": "Point", "coordinates": [ 130.820808592377091, 33.658694588705018 ] } },
{ "type": "Feature", "properties": { "内容": "訪問看護ステーション　りひと【訪問看護】福岡県田川市夏吉331-10-2レアルワイズマンションB棟１１２号", "url": "https://www.kaigokensaku.mhlw.go.jp/40/index.php?action_kouhyou_detail_004_kani=true&JigyosyoCd=4065690440-00&ServiceCd=130&Type=search", "url2": null }, "geometry": { "type": "Point", "coordinates": [ 130.821199341356532, 33.656047284671871 ] } },
{ "type": "Feature", "properties": { "内容": "訪問看護ステーションわんず【訪問看護】福岡県田川市大字伊加利１９５５番地５６", "url": "https://www.kaigokensaku.mhlw.go.jp/40/index.php?action_kouhyou_detail_004_kani=true&JigyosyoCd=4065690309-00&ServiceCd=130&Type=search", "url2": null }, "geometry": { "type": "Point", "coordinates": [ 130.82537240000002, 33.6295429 ] } },
{ "type": "Feature", "properties": { "内容": "訪問看護ステーションライフズ【訪問看護】福岡県田川市糒600番地2", "url": "https://www.kaigokensaku.mhlw.go.jp/40/index.php?action_kouhyou_detail_004_kani=true&JigyosyoCd=4065690465-00&ServiceCd=130&Type=search", "url2": null }, "geometry": { "type": "Point", "coordinates": [ 130.8076965, 33.6662394 ] } },
{ "type": "Feature", "properties": { "内容": "暖家の丘訪問看護ステーション【訪問看護】福岡県田川市大字糒824-20", "url": "https://www.kaigokensaku.mhlw.go.jp/40/index.php?action_kouhyou_detail_004_kani=true&JigyosyoCd=4065690077-00&ServiceCd=130&Type=search", "url2": "http://dankenooka.net/" }, "geometry": { "type": "Point", "coordinates": [ 130.80531697420497, 33.657492427548483 ] } },
{ "type": "Feature", "properties": { "内容": "訪問看護ステーション慈愛【訪問看護】福岡県田川市大字伊加利1955-26", "url": "https://www.kaigokensaku.mhlw.go.jp/40/index.php?action_kouhyou_detail_004_kani=true&JigyosyoCd=4065690267-00&ServiceCd=130&Type=search", "url2": null }, "geometry": { "type": "Point", "coordinates": [ 130.824438234037501, 33.630430635062744 ] } },
{ "type": "Feature", "properties": { "内容": "訪問看護ステーション優【訪問看護】福岡県田川市伊田4191‐１", "url": "https://www.kaigokensaku.mhlw.go.jp/40/index.php?action_kouhyou_detail_004_kani=true&JigyosyoCd=4065690291-00&ServiceCd=130&Type=search", "url2": null }, "geometry": { "type": "Point", "coordinates": [ 130.8120017, 33.655829 ] } },
{ "type": "Feature", "properties": { "内容": "社会福祉法人柏芳会田川新生病院訪問看護ステーション【訪問看護】福岡県田川市夏吉3638番地", "url": "https://www.kaigokensaku.mhlw.go.jp/40/index.php?action_kouhyou_detail_004_kani=true&JigyosyoCd=4065690382-00&ServiceCd=130&Type=search", "url2": "http//www.tagawasinsei.jp" }, "geometry": { "type": "Point", "coordinates": [ 130.8159458, 33.6808281 ] } },
{ "type": "Feature", "properties": { "内容": "けいほうもんかんごすてーしょん【訪問看護】福岡県田川市大字弓削田４７６番地", "url": "https://www.kaigokensaku.mhlw.go.jp/40/index.php?action_kouhyou_detail_004_kani=true&JigyosyoCd=4065690432-00&ServiceCd=130&Type=search", "url2": "http://ww71.tiki.ne.jp/~s-yasutake/" }, "geometry": { "type": "Point", "coordinates": [ 130.783558, 33.6364788 ] } },
{ "type": "Feature", "properties": { "内容": "訪問看護あえる【訪問看護】福岡県田川市大字夏吉4412", "url": "https://www.kaigokensaku.mhlw.go.jp/40/index.php?action_kouhyou_detail_004_kani=true&JigyosyoCd=4065690481-00&ServiceCd=130&Type=search", "url2": "https://nursinghouse-aeru.com/" }, "geometry": { "type": "Point", "coordinates": [ 130.809746600000011, 33.6830765 ] } },
{ "type": "Feature", "properties": { "内容": "ひな訪問看護ステーション【訪問看護】田川市伊田1126-6", "url": "https://www.kaigokensaku.mhlw.go.jp/40/index.php?action_kouhyou_detail_004_kani=true&JigyosyoCd=4065690119-00&ServiceCd=130&Type=search", "url2": null }, "geometry": { "type": "Point", "coordinates": [ 130.8310037, 33.64551 ] } },
{ "type": "Feature", "properties": { "内容": "訪問看護ステーションここあ【訪問看護】福岡県田川市弓削田3299番地", "url": "https://www.kaigokensaku.mhlw.go.jp/40/index.php?action_kouhyou_detail_004_kani=true&JigyosyoCd=4065690283-00&ServiceCd=130&Type=search", "url2": null }, "geometry": { "type": "Point", "coordinates": [ 130.7757313, 33.638956 ] } },
{ "type": "Feature", "properties": { "内容": "あいむ訪問看護ステーション【訪問看護】福岡県田川市白鳥町4-2", "url": "https://www.kaigokensaku.mhlw.go.jp/40/index.php?action_kouhyou_detail_004_kani=true&JigyosyoCd=4065690457-00&ServiceCd=130&Type=search", "url2": "https://www.aim-2024.com/" }, "geometry": { "type": "Point", "coordinates": [ 130.821885900000012, 33.6423912 ] } },
{ "type": "Feature", "properties": { "内容": "えくぼ訪問看護ステーション　田川糒営業所【訪問看護】福岡県田川市大字糒1892番地", "url": "https://www.kaigokensaku.mhlw.go.jp/40/index.php?action_kouhyou_detail_004_kani=true&JigyosyoCd=4065690317-00&ServiceCd=130&Type=search", "url2": null }, "geometry": { "type": "Point", "coordinates": [ 130.801462500000014, 33.6550818 ] } },
{ "type": "Feature", "properties": { "内容": "訪問看護ステーションみつばち【訪問看護】福岡県田川市大字位登1596-3", "url": "https://www.kaigokensaku.mhlw.go.jp/40/index.php?action_kouhyou_detail_004_kani=true&JigyosyoCd=4065690523-00&ServiceCd=130&Type=search", "url2": null }, "geometry": { "type": "Point", "coordinates": [ 130.7910657, 33.6180507 ] } },
{ "type": "Feature", "properties": { "内容": "訪問看護ステーションみらい【訪問看護】福岡県田川市大字奈良1587-95石川ハイツⅠ　104", "url": "https://www.kaigokensaku.mhlw.go.jp/40/index.php?action_kouhyou_detail_004_kani=true&JigyosyoCd=4065690390-00&ServiceCd=130&Type=search", "url2": null }, "geometry": { "type": "Point", "coordinates": [ 130.8067623, 33.6280841 ] } },
{ "type": "Feature", "properties": { "内容": "訪問看護ステーションほっと【訪問看護】田川市大字伊田3414-4原田テナントビル103号", "url": "https://www.kaigokensaku.mhlw.go.jp/40/index.php?action_kouhyou_detail_004_kani=true&JigyosyoCd=4065690531-00&ServiceCd=130&Type=search", "url2": "https://www.houkan-hott.jp" }, "geometry": { "type": "Point", "coordinates": [ 130.813103659524558, 33.648686362911178 ] } },
{ "type": "Feature", "properties": { "内容": "訪問看護　一縁【訪問看護】福岡県田川市伊加利808-2スマイルホーム101号", "url": "https://www.kaigokensaku.mhlw.go.jp/40/index.php?action_kouhyou_detail_004_kani=true&JigyosyoCd=4065690507-00&ServiceCd=130&Type=search", "url2": null }, "geometry": { "type": "Point", "coordinates": [ 130.835868596958932, 33.626416544429617 ] } },
{ "type": "Feature", "properties": { "内容": "訪問看護ステーションはなえみ柳川【訪問看護】福岡県柳川市三橋町柳河983-1コーポHARA矢ヶ部D102", "url": "https://www.kaigokensaku.mhlw.go.jp/40/index.php?action_kouhyou_detail_004_kani=true&JigyosyoCd=4064390109-00&ServiceCd=130&Type=search", "url2": null }, "geometry": { "type": "Point", "coordinates": [ 130.4053369, 33.1730614 ] } },
{ "type": "Feature", "properties": { "内容": "生き活き訪問看護ステーション【訪問看護】福岡県柳川市三橋町吉開745-1", "url": "https://www.kaigokensaku.mhlw.go.jp/40/index.php?action_kouhyou_detail_004_kani=true&JigyosyoCd=4064390125-00&ServiceCd=130&Type=search", "url2": "https://yanagawa-kaigo.com/shintatku-kaigo-honsya" }, "geometry": { "type": "Point", "coordinates": [ 130.449039, 33.1786122 ] } },
{ "type": "Feature", "properties": { "内容": "訪問看護ステーションマーベラス【訪問看護】福岡県柳川市三橋町高畑204-2SEIビル103", "url": "https://www.kaigokensaku.mhlw.go.jp/40/index.php?action_kouhyou_detail_004_kani=true&JigyosyoCd=4064390133-00&ServiceCd=130&Type=search", "url2": "https://marvelous-yanagawa.com/visiting-nursing/" }, "geometry": { "type": "Point", "coordinates": [ 130.4162714, 33.169241 ] } },
{ "type": "Feature", "properties": { "内容": "訪問看護ステーション　ひなた【訪問看護】福岡県柳川市筑紫町29", "url": "https://www.kaigokensaku.mhlw.go.jp/40/index.php?action_kouhyou_detail_004_kani=true&JigyosyoCd=4064390141-00&ServiceCd=130&Type=search", "url2": null }, "geometry": { "type": "Point", "coordinates": [ 130.402540774598151, 33.167602490793001 ] } },
{ "type": "Feature", "properties": { "内容": "訪問看護ステーション花水木【訪問看護】福岡県柳川市下宮永町523番地1医療法人清和会　長田病院", "url": "https://www.kaigokensaku.mhlw.go.jp/40/index.php?action_kouhyou_detail_004_kani=true&JigyosyoCd=4064390000-00&ServiceCd=130&Type=search", "url2": "http://www.seiwakai.info" }, "geometry": { "type": "Point", "coordinates": [ 130.40278570662386, 33.142764026179385 ] } },
{ "type": "Feature", "properties": { "内容": "訪問看護ステーション　デューン柳川【訪問看護】福岡県柳川市三橋町高畑104番地1荻島第一ビル103号室", "url": "https://www.kaigokensaku.mhlw.go.jp/40/index.php?action_kouhyou_detail_004_kani=true&JigyosyoCd=4064390075-00&ServiceCd=130&Type=search", "url2": null }, "geometry": { "type": "Point", "coordinates": [ 130.417167100000029, 33.1686896 ] } },
{ "type": "Feature", "properties": { "内容": "株式会社IGNITY【訪問看護】福岡県柳川市大和町中島586　森田アパート3号森田アパート３", "url": "https://www.kaigokensaku.mhlw.go.jp/40/index.php?action_kouhyou_detail_004_kani=true&JigyosyoCd=4064390117-00&ServiceCd=130&Type=search", "url2": null }, "geometry": { "type": "Point", "coordinates": [ 130.4381538, 33.1234145 ] } },
{ "type": "Feature", "properties": { "内容": "やながわ訪問看護ステーション【訪問看護】福岡県柳川市上宮永町277番地2", "url": "https://www.kaigokensaku.mhlw.go.jp/40/index.php?action_kouhyou_detail_004_kani=true&JigyosyoCd=4064390018-00&ServiceCd=130&Type=search", "url2": "http://www.kouhoukai.org/ariakehomepage" }, "geometry": { "type": "Point", "coordinates": [ 130.4041423, 33.1534511 ] } },
{ "type": "Feature", "properties": { "内容": "訪問看護ステーションくろき【訪問看護】福岡県八女市黒木町本分2117-3", "url": "https://www.kaigokensaku.mhlw.go.jp/40/index.php?action_kouhyou_detail_004_kani=true&JigyosyoCd=4062190022-00&ServiceCd=130&Type=search", "url2": null }, "geometry": { "type": "Point", "coordinates": [ 130.656911972352674, 33.215251860145663 ] } },
{ "type": "Feature", "properties": { "内容": "訪問看護ステーション　サクラ八女【訪問看護】本村５３５－２ＨＯＮＤＡビル３Ｆ", "url": "https://www.kaigokensaku.mhlw.go.jp/40/index.php?action_kouhyou_detail_004_kani=true&JigyosyoCd=4062190154-00&ServiceCd=130&Type=search", "url2": "https://sakura-yame.jp" }, "geometry": { "type": "Point", "coordinates": [ 130.558597, 33.217911 ] } },
{ "type": "Feature", "properties": { "内容": "訪問看護ステーションかたり【訪問看護】福岡県八女市納楚310番地", "url": "https://www.kaigokensaku.mhlw.go.jp/40/index.php?action_kouhyou_detail_004_kani=true&JigyosyoCd=4062190162-00&ServiceCd=130&Type=search", "url2": null }, "geometry": { "type": "Point", "coordinates": [ 130.5724861, 33.218421 ] } },
{ "type": "Feature", "properties": { "内容": "毎日訪問看護ステーション【訪問看護】福岡県八女市本町553-2", "url": "https://www.kaigokensaku.mhlw.go.jp/40/index.php?action_kouhyou_detail_004_kani=true&JigyosyoCd=4062190121-00&ServiceCd=130&Type=search", "url2": null }, "geometry": { "type": "Point", "coordinates": [ 130.5551041, 33.2113709 ] } },
{ "type": "Feature", "properties": { "内容": "訪問看護ステーションライト【訪問看護】福岡県八女市長野406", "url": "https://www.kaigokensaku.mhlw.go.jp/40/index.php?action_kouhyou_detail_004_kani=true&JigyosyoCd=4062190139-00&ServiceCd=130&Type=search", "url2": "https://www.tomoshibi-yame.com/" }, "geometry": { "type": "Point", "coordinates": [ 130.623042500000054, 33.226023774201096 ] } },
{ "type": "Feature", "properties": { "内容": "八女筑後訪問看護ステーション【訪問看護】福岡県八女市本村６５６－１", "url": "https://www.kaigokensaku.mhlw.go.jp/40/index.php?action_kouhyou_detail_004_kani=true&JigyosyoCd=4062190006-00&ServiceCd=130&Type=search", "url2": "https://yamechikugo5.jp" }, "geometry": { "type": "Point", "coordinates": [ 130.558169099999986, 33.218519600000029 ] } },
{ "type": "Feature", "properties": { "内容": "いきいき稲富訪問看護ステーション【訪問看護】稲富60-1", "url": "https://www.kaigokensaku.mhlw.go.jp/40/index.php?action_kouhyou_detail_004_kani=true&JigyosyoCd=4062190048-00&ServiceCd=130&Type=search", "url2": "www.iki2‐ｋ.com" }, "geometry": { "type": "Point", "coordinates": [ 130.552780900000016, 33.2081871 ] } },
{ "type": "Feature", "properties": { "内容": "医療法人　社団　慶仁会　川﨑病院【訪問看護】福岡県　八女市　津江　538番地", "url": "https://www.kaigokensaku.mhlw.go.jp/40/index.php?action_kouhyou_detail_004_kani=true&JigyosyoCd=4012119162-00&ServiceCd=130&Type=search", "url2": "https://kawasaki-h.or.jp/" }, "geometry": { "type": "Point", "coordinates": [ 130.57508150000001, 33.2145421 ] } },
{ "type": "Feature", "properties": { "内容": "柳育会訪問看護ステーション【訪問看護】福岡県八女市吉田137番地1", "url": "https://www.kaigokensaku.mhlw.go.jp/40/index.php?action_kouhyou_detail_004_kani=true&JigyosyoCd=4063590006-00&ServiceCd=130&Type=search", "url2": "http://www.ryuuikukai.com/houmonkango/index.html" }, "geometry": { "type": "Point", "coordinates": [ 130.558593288885533, 33.222295179510112 ] } },
{ "type": "Feature", "properties": { "内容": "訪問看護ステーションFlower【訪問看護】福岡県八女市本町2-559本町コーポC", "url": "https://www.kaigokensaku.mhlw.go.jp/40/index.php?action_kouhyou_detail_004_kani=true&JigyosyoCd=4062190105-00&ServiceCd=130&Type=search", "url2": "https://houmon-flower.com" }, "geometry": { "type": "Point", "coordinates": [ 130.561440405050348, 33.209578331648601 ] } },
{ "type": "Feature", "properties": { "内容": "在宅ホスピス訪問看護ステーション彩り【訪問看護】本村90-3（西側）", "url": "https://www.kaigokensaku.mhlw.go.jp/40/index.php?action_kouhyou_detail_004_kani=true&JigyosyoCd=4062190097-00&ServiceCd=130&Type=search", "url2": "https://www.beautiful-gliders.com/" }, "geometry": { "type": "Point", "coordinates": [ 133.3499828, 33.5568912 ] } },
{ "type": "Feature", "properties": { "内容": "訪問看護ステーションぱーそなるケア【訪問看護】福岡県八女市吉田942-1", "url": "https://www.kaigokensaku.mhlw.go.jp/40/index.php?action_kouhyou_detail_004_kani=true&JigyosyoCd=4062190030-00&ServiceCd=130&Type=search", "url2": "https://personalcare.work/houmon/" }, "geometry": { "type": "Point", "coordinates": [ 130.558191099999931, 33.2268132 ] } },
{ "type": "Feature", "properties": { "内容": "あかり訪問看護ステーション【訪問看護】福岡県筑後市大字西牟田2019番地4", "url": "https://www.kaigokensaku.mhlw.go.jp/40/index.php?action_kouhyou_detail_004_kani=true&JigyosyoCd=4062390101-00&ServiceCd=130&Type=search", "url2": null }, "geometry": { "type": "Point", "coordinates": [ 130.4769921, 33.236639 ] } },
{ "type": "Feature", "properties": { "内容": "福岡県筑後市西牟田6070‐2モントーレA202号室【訪問看護】福岡県筑後市西牟田6070‐2モントーレA202号室", "url": "https://www.kaigokensaku.mhlw.go.jp/40/index.php?action_kouhyou_detail_004_kani=true&JigyosyoCd=4062390119-00&ServiceCd=130&Type=search", "url2": "esora-fukuoka.com" }, "geometry": { "type": "Point", "coordinates": [ 130.5079912, 33.2453431 ] } },
{ "type": "Feature", "properties": { "内容": "訪問看護ステーション　心の花【訪問看護】山ノ井320-1サウンドヨネクラビル1F", "url": "https://www.kaigokensaku.mhlw.go.jp/40/index.php?action_kouhyou_detail_004_kani=true&JigyosyoCd=4062390036-00&ServiceCd=130&Type=search", "url2": "https:houmon-konoha.com" }, "geometry": { "type": "Point", "coordinates": [ 130.5025207, 33.2070032 ] } },
{ "type": "Feature", "properties": { "内容": "筑後訪問看護ステーション【訪問看護】福岡県筑後市野町389-1", "url": "https://www.kaigokensaku.mhlw.go.jp/40/index.php?action_kouhyou_detail_004_kani=true&JigyosyoCd=4062390077-00&ServiceCd=130&Type=search", "url2": "https://mi-kikaku.com/" }, "geometry": { "type": "Point", "coordinates": [ 130.501783100000011, 33.1961936 ] } },
{ "type": "Feature", "properties": { "内容": "あいず訪問看護ステーション筑後【訪問看護】福岡県筑後市熊野1435番地13101号", "url": "https://www.kaigokensaku.mhlw.go.jp/40/index.php?action_kouhyou_detail_004_kani=true&JigyosyoCd=4062390127-00&ServiceCd=130&Type=search", "url2": "https://www.aizu-company.co.jp/" }, "geometry": { "type": "Point", "coordinates": [ 130.5043372, 33.2265084 ] } },
{ "type": "Feature", "properties": { "内容": "株式会社エムアイ企画【訪問看護】福岡県筑後市長浜2072-1", "url": "https://www.kaigokensaku.mhlw.go.jp/40/index.php?action_kouhyou_detail_004_kani=true&JigyosyoCd=4062190147-00&ServiceCd=130&Type=search", "url2": "https://mi-kikaku.com" }, "geometry": { "type": "Point", "coordinates": [ 130.509782399999978, 33.210702 ] } },
{ "type": "Feature", "properties": { "内容": "訪問看護ステーションセロリ【訪問看護】福岡県筑後市前津90-1", "url": "https://www.kaigokensaku.mhlw.go.jp/40/index.php?action_kouhyou_detail_004_kani=true&JigyosyoCd=4062390085-00&ServiceCd=130&Type=search", "url2": "https://seroricare.com/" }, "geometry": { "type": "Point", "coordinates": [ 130.518953900000014, 33.2141336 ] } },
{ "type": "Feature", "properties": { "内容": "地方独立行政法人　筑後市立病院【訪問看護】福岡県筑後市大字和泉917-1", "url": "https://www.kaigokensaku.mhlw.go.jp/40/index.php?action_kouhyou_detail_004_kani=true&JigyosyoCd=4012311017-00&ServiceCd=130&Type=search", "url2": "https://www.chikugocity-hp.jp" }, "geometry": { "type": "Point", "coordinates": [ 130.491168, 33.2047151 ] } },
{ "type": "Feature", "properties": { "内容": "訪問看護ステーションももえ【訪問看護】福岡県筑後市大字西牟田4003-1", "url": "https://www.kaigokensaku.mhlw.go.jp/40/index.php?action_kouhyou_detail_004_kani=true&JigyosyoCd=4062390044-00&ServiceCd=130&Type=search", "url2": "momoe-kango.com" }, "geometry": { "type": "Point", "coordinates": [ 130.515744700000027, 33.2351028 ] } },
{ "type": "Feature", "properties": { "内容": "訪問看護ステーションLuke【訪問看護】福岡県筑後市上北島367-1プレステージⅡ206号", "url": "https://www.kaigokensaku.mhlw.go.jp/40/index.php?action_kouhyou_detail_004_kani=true&JigyosyoCd=4062390135-00&ServiceCd=130&Type=search", "url2": null }, "geometry": { "type": "Point", "coordinates": [ 130.4884178, 33.1951452 ] } },
{ "type": "Feature", "properties": { "内容": "Etoile訪問看護ステーション【訪問看護】福岡県筑後市熊野67-8グリーンタウン筑後105", "url": "https://www.kaigokensaku.mhlw.go.jp/40/index.php?action_kouhyou_detail_004_kani=true&JigyosyoCd=4062390143-00&ServiceCd=130&Type=search", "url2": null }, "geometry": { "type": "Point", "coordinates": [ 130.50795260000001, 33.234547 ] } },
{ "type": "Feature", "properties": { "内容": "メンタルケア訪問看護ふらっと【訪問看護】福岡県大川市大字大野島2871番地１山口オートサービス内", "url": "https://www.kaigokensaku.mhlw.go.jp/40/index.php?action_kouhyou_detail_004_kani=true&JigyosyoCd=4062590114-00&ServiceCd=130&Type=search", "url2": "retry-flat.com" }, "geometry": { "type": "Point", "coordinates": [ 130.3532365, 33.1953998 ] } },
{ "type": "Feature", "properties": { "内容": "かなめ訪問看護ステーション【訪問看護】福岡県大川市大字郷原290-7", "url": "https://www.kaigokensaku.mhlw.go.jp/40/index.php?action_kouhyou_detail_004_kani=true&JigyosyoCd=4062590130-00&ServiceCd=130&Type=search", "url2": "https://www.jmns-kaname.com/" }, "geometry": { "type": "Point", "coordinates": [ 130.3916551, 33.2097793 ] } },
{ "type": "Feature", "properties": { "内容": "株式会社フェリーズメディカル【訪問看護】福岡県大川市小保521-1", "url": "https://www.kaigokensaku.mhlw.go.jp/40/index.php?action_kouhyou_detail_004_kani=true&JigyosyoCd=4062590148-00&ServiceCd=130&Type=search", "url2": "https://felizcompanylimite.wixsite.com/my-site-4" }, "geometry": { "type": "Point", "coordinates": [ 130.36297110000001, 33.2044524 ] } },
{ "type": "Feature", "properties": { "内容": "訪問看護ステーションeight【訪問看護】福岡県大川市小保467番地1", "url": "https://www.kaigokensaku.mhlw.go.jp/40/index.php?action_kouhyou_detail_004_kani=true&JigyosyoCd=4062590064-00&ServiceCd=130&Type=search", "url2": "https://peraichi.com/landing_pages/view/eightokawa" }, "geometry": { "type": "Point", "coordinates": [ 130.3662473, 33.2037673 ] } },
{ "type": "Feature", "properties": { "内容": "おおかわ訪問看護ステーション【訪問看護】福岡県大川市大字榎津160番地1ケアサポートハウス大川", "url": "https://www.kaigokensaku.mhlw.go.jp/40/index.php?action_kouhyou_detail_004_kani=true&JigyosyoCd=4062590015-00&ServiceCd=130&Type=search", "url2": "htttp://csh-okawa.or.jp/" }, "geometry": { "type": "Point", "coordinates": [ 130.380608100000018, 33.2053667 ] } },
{ "type": "Feature", "properties": { "内容": "有限会社ハートフル訪問看護ステーションみな和【訪問看護】福岡県大川市大野島98-1", "url": "https://www.kaigokensaku.mhlw.go.jp/40/index.php?action_kouhyou_detail_004_kani=true&JigyosyoCd=4062590122-00&ServiceCd=130&Type=search", "url2": null }, "geometry": { "type": "Point", "coordinates": [ 130.354145858938864, 33.204038321711103 ] } },
{ "type": "Feature", "properties": { "内容": "訪問看護ステーションのぶなが【訪問看護】行橋市大字延永208", "url": "https://www.kaigokensaku.mhlw.go.jp/40/index.php?action_kouhyou_detail_004_kani=true&JigyosyoCd=4067590242-00&ServiceCd=130&Type=search", "url2": null }, "geometry": { "type": "Point", "coordinates": [ 130.940125093254096, 33.738584903681449 ] } },
{ "type": "Feature", "properties": { "内容": "サンふくし合同会社【訪問看護】福岡県行橋市南大橋1丁目1番25号", "url": "https://www.kaigokensaku.mhlw.go.jp/40/index.php?action_kouhyou_detail_004_kani=true&JigyosyoCd=4067590267-00&ServiceCd=130&Type=search", "url2": "http://hp.kaipoke.biz/fut/" }, "geometry": { "type": "Point", "coordinates": [ 130.9861904, 33.728721299999989 ] } },
{ "type": "Feature", "properties": { "内容": "訪問看護ステーションりーしゅ【訪問看護】行橋市東大橋2丁目5-29サンヴィレッジ若山B棟102", "url": "https://www.kaigokensaku.mhlw.go.jp/40/index.php?action_kouhyou_detail_004_kani=true&JigyosyoCd=4067590275-00&ServiceCd=130&Type=search", "url2": null }, "geometry": { "type": "Point", "coordinates": [ 130.9856385, 33.735559 ] } },
{ "type": "Feature", "properties": { "内容": "いちご訪問看護【訪問看護】福岡県行橋市中央一丁目7-41", "url": "https://www.kaigokensaku.mhlw.go.jp/40/index.php?action_kouhyou_detail_004_kani=true&JigyosyoCd=4067590192-00&ServiceCd=130&Type=search", "url2": null }, "geometry": { "type": "Point", "coordinates": [ 130.980937399999988, 33.728293 ] } },
{ "type": "Feature", "properties": { "内容": "訪問看護ステーション　心の駅【訪問看護】福岡県行橋市流末1277-5", "url": "https://www.kaigokensaku.mhlw.go.jp/40/index.php?action_kouhyou_detail_004_kani=true&JigyosyoCd=4067590226-00&ServiceCd=130&Type=search", "url2": "https://kyouseinosato.or.jp/visit-care/2022071469.html" }, "geometry": { "type": "Point", "coordinates": [ 130.964347299999986, 33.7014812 ] } },
{ "type": "Feature", "properties": { "内容": "訪問看護サービスすまいる【訪問看護】福岡県行橋市前田292-8", "url": "https://www.kaigokensaku.mhlw.go.jp/40/index.php?action_kouhyou_detail_004_kani=true&JigyosyoCd=4067590234-00&ServiceCd=130&Type=search", "url2": "https://peaceful-fukuoka.jp" }, "geometry": { "type": "Point", "coordinates": [ 130.9448036, 33.7094025 ] } },
{ "type": "Feature", "properties": { "内容": "あいくる訪問看護ステーション【訪問看護】福岡県行橋市大字下津熊1080-4", "url": "https://www.kaigokensaku.mhlw.go.jp/40/index.php?action_kouhyou_detail_004_kani=true&JigyosyoCd=4067590283-00&ServiceCd=130&Type=search", "url2": null }, "geometry": { "type": "Point", "coordinates": [ 130.960393566934243, 33.732712925038086 ] } },
{ "type": "Feature", "properties": { "内容": "のぞみ訪問看護ステーション【訪問看護】行橋市中津熊８１２－１", "url": "https://www.kaigokensaku.mhlw.go.jp/40/index.php?action_kouhyou_detail_004_kani=true&JigyosyoCd=4067590119-00&ServiceCd=130&Type=search", "url2": null }, "geometry": { "type": "Point", "coordinates": [ 130.960468788127173, 33.734021794251021 ] } },
{ "type": "Feature", "properties": { "内容": "株）シダー　あおぞらの里　行橋訪問看護ステーション【訪問看護】福岡県行橋市大字道場寺１４０９－５　２F", "url": "https://www.kaigokensaku.mhlw.go.jp/40/index.php?action_kouhyou_detail_004_kani=true&JigyosyoCd=4067590077-00&ServiceCd=130&Type=search", "url2": "https://www.cedar-group.co.jp" }, "geometry": { "type": "Point", "coordinates": [ 131.0124932, 33.6929298 ] } },
{ "type": "Feature", "properties": { "内容": "ゆくはし訪問看護ステーション【訪問看護】福岡県行橋市南泉3丁目5番1号", "url": "https://www.kaigokensaku.mhlw.go.jp/40/index.php?action_kouhyou_detail_004_kani=true&JigyosyoCd=4067590010-00&ServiceCd=130&Type=search", "url2": "https://www.migiwakai-swc.com/yukuhasi.php" }, "geometry": { "type": "Point", "coordinates": [ 130.979565873541219, 33.696315527659394 ] } },
{ "type": "Feature", "properties": { "内容": "訪問看護医生縁【訪問看護】福岡県行橋市東徳永167番地13", "url": "https://www.kaigokensaku.mhlw.go.jp/40/index.php?action_kouhyou_detail_004_kani=true&JigyosyoCd=4067590176-00&ServiceCd=130&Type=search", "url2": "E-maiI:zuiｈoukai＠ｍｘ36.tiki.ne.jp" }, "geometry": { "type": "Point", "coordinates": [ 131.007643899999948, 33.6860694 ] } },
{ "type": "Feature", "properties": { "内容": "大原病院訪問看護ステーション【訪問看護】福岡県行橋市宮市町2-5", "url": "https://www.kaigokensaku.mhlw.go.jp/40/index.php?action_kouhyou_detail_004_kani=true&JigyosyoCd=4067590036-00&ServiceCd=130&Type=search", "url2": null }, "geometry": { "type": "Point", "coordinates": [ 130.972099042297401, 33.729395496483583 ] } },
{ "type": "Feature", "properties": { "内容": "ひと息の村訪問看護ステーション【訪問看護】行事７丁目25-3", "url": "https://www.kaigokensaku.mhlw.go.jp/40/index.php?action_kouhyou_detail_004_kani=true&JigyosyoCd=4067590069-00&ServiceCd=130&Type=search", "url2": "https://www.yazz-clinic.jp/" }, "geometry": { "type": "Point", "coordinates": [ 130.9659183, 33.7366436 ] } },
{ "type": "Feature", "properties": { "内容": "リハビリ訪問看護ステーション　りふる【訪問看護】福岡県行橋市道場寺1589-1", "url": "https://www.kaigokensaku.mhlw.go.jp/40/index.php?action_kouhyou_detail_004_kani=true&JigyosyoCd=4067590184-00&ServiceCd=130&Type=search", "url2": "https://re-full.com/" }, "geometry": { "type": "Point", "coordinates": [ 131.007594823131285, 33.697499662376366 ] } },
{ "type": "Feature", "properties": { "内容": "新田原訪問看護ステーション【訪問看護】福岡県行橋市東徳永３３９－１", "url": "https://www.kaigokensaku.mhlw.go.jp/40/index.php?action_kouhyou_detail_004_kani=true&JigyosyoCd=4067590002-00&ServiceCd=130&Type=search", "url2": "https://www.s-seibo.or.jp/" }, "geometry": { "type": "Point", "coordinates": [ 131.008577100000025, 33.6871082 ] } },
{ "type": "Feature", "properties": { "内容": "訪問看護ステーションリリー【訪問看護】福岡県行橋市東泉四丁目15-38", "url": "https://www.kaigokensaku.mhlw.go.jp/40/index.php?action_kouhyou_detail_004_kani=true&JigyosyoCd=4067590218-00&ServiceCd=130&Type=search", "url2": "http://hp.kaipoke.biz/8fp/" }, "geometry": { "type": "Point", "coordinates": [ 130.990033429611344, 33.701510865741959 ] } },
{ "type": "Feature", "properties": { "内容": "訪問看護　あさがお【訪問看護】福岡県行橋市中央１丁目11-24メゾンパンテーラ101", "url": "https://www.kaigokensaku.mhlw.go.jp/40/index.php?action_kouhyou_detail_004_kani=true&JigyosyoCd=4067590291-00&ServiceCd=130&Type=search", "url2": null }, "geometry": { "type": "Point", "coordinates": [ 130.9787265, 33.7259995 ] } },
{ "type": "Feature", "properties": { "内容": "老人訪問看護ステ－ションくぼて【訪問看護】福岡県豊前市大字赤熊1330", "url": "https://www.kaigokensaku.mhlw.go.jp/40/index.php?action_kouhyou_detail_004_kani=true&JigyosyoCd=4067490005-00&ServiceCd=130&Type=search", "url2": null }, "geometry": { "type": "Point", "coordinates": [ 131.1318367, 33.6196879 ] } },
{ "type": "Feature", "properties": { "内容": "あんず訪問看護ステーション【訪問看護】久松109番地5", "url": "https://www.kaigokensaku.mhlw.go.jp/40/index.php?action_kouhyou_detail_004_kani=true&JigyosyoCd=4067490054-00&ServiceCd=130&Type=search", "url2": null }, "geometry": { "type": "Point", "coordinates": [ 131.147321745006877, 33.615799883225101 ] } },
{ "type": "Feature", "properties": { "内容": "訪問看護ステーション　ほうらい【訪問看護】大字四郎丸1690-3", "url": "https://www.kaigokensaku.mhlw.go.jp/40/index.php?action_kouhyou_detail_004_kani=true&JigyosyoCd=4067490047-00&ServiceCd=130&Type=search", "url2": "http://www.houraisansou.com/" }, "geometry": { "type": "Point", "coordinates": [ 131.092124, 33.604463 ] } },
{ "type": "Feature", "properties": { "内容": "らんぷ訪問看護ステーション【訪問看護】福岡県中間市中尾2−19−21ヴァルト中尾Ⅱ102", "url": "https://www.kaigokensaku.mhlw.go.jp/40/index.php?action_kouhyou_detail_004_kani=true&JigyosyoCd=4066290158-00&ServiceCd=130&Type=search", "url2": null }, "geometry": { "type": "Point", "coordinates": [ 130.714624500000014, 33.8112766 ] } },
{ "type": "Feature", "properties": { "内容": "訪問看護ステーションビブレ福岡【訪問看護】蓮花寺3丁目9-16桜館101", "url": "https://www.kaigokensaku.mhlw.go.jp/40/index.php?action_kouhyou_detail_004_kani=true&JigyosyoCd=4066290109-00&ServiceCd=130&Type=search", "url2": "https://www.brave-mc.co.jp/" }, "geometry": { "type": "Point", "coordinates": [ 130.717764100000011, 33.8292243 ] } },
{ "type": "Feature", "properties": { "内容": "訪問看護ステーション暮愛【訪問看護】東中間3-3-6コンビムラタ202号", "url": "https://www.kaigokensaku.mhlw.go.jp/40/index.php?action_kouhyou_detail_004_kani=true&JigyosyoCd=4066290166-00&ServiceCd=130&Type=search", "url2": null }, "geometry": { "type": "Point", "coordinates": [ 130.7217195, 33.8204267 ] } },
{ "type": "Feature", "properties": { "内容": "訪問看護リハビリステーション　ここは【訪問看護】福岡県中間市中尾1丁目12-17ふぁみりぃビル２階", "url": "https://www.kaigokensaku.mhlw.go.jp/40/index.php?action_kouhyou_detail_004_kani=true&JigyosyoCd=4066290091-00&ServiceCd=130&Type=search", "url2": null }, "geometry": { "type": "Point", "coordinates": [ 130.7156689, 33.8159039 ] } },
{ "type": "Feature", "properties": { "内容": "すずらん訪問看護ステーション【訪問看護】福岡県中間市岩瀬西町55-5", "url": "https://www.kaigokensaku.mhlw.go.jp/40/index.php?action_kouhyou_detail_004_kani=true&JigyosyoCd=4066290083-00&ServiceCd=130&Type=search", "url2": null }, "geometry": { "type": "Point", "coordinates": [ 130.7075389, 33.8382665 ] } },
{ "type": "Feature", "properties": { "内容": "訪問看護ステーション　コピーヌ【訪問看護】福岡県中間市中鶴1丁目24-1", "url": "https://www.kaigokensaku.mhlw.go.jp/40/index.php?action_kouhyou_detail_004_kani=true&JigyosyoCd=4066290042-00&ServiceCd=130&Type=search", "url2": "https://www.crane-n.jp/visit-nursing/" }, "geometry": { "type": "Point", "coordinates": [ 130.703743700000018, 33.8288398 ] } },
{ "type": "Feature", "properties": { "内容": "訪問看護ステーション　あおい【訪問看護】福岡県中間市通谷6-21-10", "url": "https://www.kaigokensaku.mhlw.go.jp/40/index.php?action_kouhyou_detail_004_kani=true&JigyosyoCd=4066290141-00&ServiceCd=130&Type=search", "url2": null }, "geometry": { "type": "Point", "coordinates": [ 130.7408378, 33.8183738 ] } },
{ "type": "Feature", "properties": { "内容": "アウル訪問看護ステーション【訪問看護】福岡県中間市通谷4丁目1-8", "url": "https://www.kaigokensaku.mhlw.go.jp/40/index.php?action_kouhyou_detail_004_kani=true&JigyosyoCd=4066290075-00&ServiceCd=130&Type=search", "url2": "http://omg-co-ltd.com" }, "geometry": { "type": "Point", "coordinates": [ 130.7364291, 33.8195379 ] } },
{ "type": "Feature", "properties": { "内容": "訪問看護ステーション　リップル【訪問看護】福岡県中間市大字垣生1417-1", "url": "https://www.kaigokensaku.mhlw.go.jp/40/index.php?action_kouhyou_detail_004_kani=true&JigyosyoCd=4066290125-00&ServiceCd=130&Type=search", "url2": "https://www.rippulu.com" }, "geometry": { "type": "Point", "coordinates": [ 130.6959115, 33.8238274 ] } },
{ "type": "Feature", "properties": { "内容": "小児訪問看護ステーション　りんく【訪問看護】福岡県中間市長津2丁目4-26", "url": "https://www.kaigokensaku.mhlw.go.jp/40/index.php?action_kouhyou_detail_004_kani=true&JigyosyoCd=4066290174-00&ServiceCd=130&Type=search", "url2": "http://www.stepforward-rink.website" }, "geometry": { "type": "Point", "coordinates": [ 130.707425, 33.8264084 ] } },
{ "type": "Feature", "properties": { "内容": "ガイド訪問看護ステーション【訪問看護】福岡県中間市岩瀬西町5-1", "url": "https://www.kaigokensaku.mhlw.go.jp/40/index.php?action_kouhyou_detail_004_kani=true&JigyosyoCd=4066290117-00&ServiceCd=130&Type=search", "url2": "https://www.gaidohoumon.com/" }, "geometry": { "type": "Point", "coordinates": [ 130.706196739803488, 33.834963834144375 ] } },
{ "type": "Feature", "properties": { "内容": "訪問看護ステーションLuNa【訪問看護】福岡県小郡市祇園1-8-8第二延ビル3階", "url": "https://www.kaigokensaku.mhlw.go.jp/40/index.php?action_kouhyou_detail_004_kani=true&JigyosyoCd=4062690112-00&ServiceCd=130&Type=search", "url2": "https://startend.fukuoka.jp" }, "geometry": { "type": "Point", "coordinates": [ 130.5527394, 33.3954605 ] } },
{ "type": "Feature", "properties": { "内容": "訪問看護ステーション和【訪問看護】福岡県小郡市松崎756-3-5skyfirst小郡", "url": "https://www.kaigokensaku.mhlw.go.jp/40/index.php?action_kouhyou_detail_004_kani=true&JigyosyoCd=4062690120-00&ServiceCd=130&Type=search", "url2": null }, "geometry": { "type": "Point", "coordinates": [ 130.5837476, 33.3957941 ] } },
{ "type": "Feature", "properties": { "内容": "訪問看護あすのトビラ【訪問看護】福岡県小郡市三沢2425番地1ラフテル小郡207", "url": "https://www.kaigokensaku.mhlw.go.jp/40/index.php?action_kouhyou_detail_004_kani=true&JigyosyoCd=4062690138-00&ServiceCd=130&Type=search", "url2": null }, "geometry": { "type": "Point", "coordinates": [ 130.55852790000003, 33.416837 ] } },
{ "type": "Feature", "properties": { "内容": "グリュック訪問看護ステーション【訪問看護】福岡県小郡市小郡2476トレンディITO　A-101", "url": "https://www.kaigokensaku.mhlw.go.jp/40/index.php?action_kouhyou_detail_004_kani=true&JigyosyoCd=4062690039-00&ServiceCd=130&Type=search", "url2": null }, "geometry": { "type": "Point", "coordinates": [ 130.551240600000028, 33.4078533 ] } },
{ "type": "Feature", "properties": { "内容": "ハートフルシマダ訪問看護ステーション【訪問看護】福岡県小郡市小板井468-11", "url": "https://www.kaigokensaku.mhlw.go.jp/40/index.php?action_kouhyou_detail_004_kani=true&JigyosyoCd=4062690013-00&ServiceCd=130&Type=search", "url2": "http://www.shimadahp.jp" }, "geometry": { "type": "Point", "coordinates": [ 130.554674101991282, 33.395444360171822 ] } },
{ "type": "Feature", "properties": { "内容": "聖和訪問看護ステーション【訪問看護】小郡市津古1470番地の1", "url": "https://www.kaigokensaku.mhlw.go.jp/40/index.php?action_kouhyou_detail_004_kani=true&JigyosyoCd=4062690054-00&ServiceCd=130&Type=search", "url2": "https：//www.seiwa-kai.com" }, "geometry": { "type": "Point", "coordinates": [ 130.566744, 33.444919 ] } },
{ "type": "Feature", "properties": { "内容": "アップルハート訪問看護ステーション小郡【訪問看護】小郡市稲吉1350-10", "url": "https://www.kaigokensaku.mhlw.go.jp/40/index.php?action_kouhyou_detail_004_kani=true&JigyosyoCd=4062690021-00&ServiceCd=130&Type=search", "url2": null }, "geometry": { "type": "Point", "coordinates": [ 130.5537359, 33.3915641 ] } },
{ "type": "Feature", "properties": { "内容": "ひばり訪問看護ステーション【訪問看護】福岡県小郡市小郡1246-1", "url": "https://www.kaigokensaku.mhlw.go.jp/40/index.php?action_kouhyou_detail_004_kani=true&JigyosyoCd=4062690047-00&ServiceCd=130&Type=search", "url2": "http://wing-hibari.jp" }, "geometry": { "type": "Point", "coordinates": [ 130.548389000175916, 33.393751748561058 ] } },
{ "type": "Feature", "properties": { "内容": "医療法人みらい　訪問看護ステーション「まもるん」【訪問看護】大字天山37番地筑紫野病院内", "url": "https://www.kaigokensaku.mhlw.go.jp/40/index.php?action_kouhyou_detail_004_kani=true&JigyosyoCd=4061790160-00&ServiceCd=130&Type=search", "url2": null }, "geometry": { "type": "Point", "coordinates": [ 130.563020583478988, 33.479661908745499 ] } },
{ "type": "Feature", "properties": { "内容": "訪問看護ステーション　Ｒｅａｆちくしの【訪問看護】福岡県筑紫野市美しが丘北１丁目１１―６", "url": "https://www.kaigokensaku.mhlw.go.jp/40/index.php?action_kouhyou_detail_004_kani=true&JigyosyoCd=4061790186-00&ServiceCd=130&Type=search", "url2": "https://care-rapport.jp" }, "geometry": { "type": "Point", "coordinates": [ 130.5495666, 33.4542719 ] } },
{ "type": "Feature", "properties": { "内容": "みどりの風訪問看護ステーション【訪問看護】福岡県筑紫野市二日市中央３丁目7-19", "url": "https://www.kaigokensaku.mhlw.go.jp/40/index.php?action_kouhyou_detail_004_kani=true&JigyosyoCd=4061790087-00&ServiceCd=130&Type=search", "url2": "http://solasto-carenetwork.co.jp/" }, "geometry": { "type": "Point", "coordinates": [ 130.517183842327881, 33.498470046782941 ] } },
{ "type": "Feature", "properties": { "内容": "訪問看護ステーションつばき【訪問看護】福岡県筑紫野市大字筑紫1519エクセレント筑紫202号", "url": "https://www.kaigokensaku.mhlw.go.jp/40/index.php?action_kouhyou_detail_004_kani=true&JigyosyoCd=4061790202-00&ServiceCd=130&Type=search", "url2": null }, "geometry": { "type": "Point", "coordinates": [ 130.5356032, 33.4619801 ] } },
{ "type": "Feature", "properties": { "内容": "医療法人　つかさ会　よこみぞ医院【訪問看護】福岡県筑紫野市大字立明寺506番地の5", "url": "https://www.kaigokensaku.mhlw.go.jp/40/index.php?action_kouhyou_detail_004_kani=true&JigyosyoCd=4011719293-00&ServiceCd=130&Type=search", "url2": "http://yokomizo-dinic.com" }, "geometry": { "type": "Point", "coordinates": [ 130.5240509, 33.4837683 ] } },
{ "type": "Feature", "properties": { "内容": "福岡県済生会訪問看護ステーション芦田鶴【訪問看護】福岡県筑紫野市湯町2丁目9番2号", "url": "https://www.kaigokensaku.mhlw.go.jp/40/index.php?action_kouhyou_detail_004_kani=true&JigyosyoCd=4061790012-00&ServiceCd=130&Type=search", "url2": "http://www.musashien.com/" }, "geometry": { "type": "Point", "coordinates": [ 130.515971199999967, 33.4906318 ] } },
{ "type": "Feature", "properties": { "内容": "訪問看護ステーションタイム【訪問看護】福岡県筑紫野市永岡1286番2有料老人ホームラベンダーヴィレッジ内", "url": "https://www.kaigokensaku.mhlw.go.jp/40/index.php?action_kouhyou_detail_004_kani=true&JigyosyoCd=4061790079-00&ServiceCd=130&Type=search", "url2": null }, "geometry": { "type": "Point", "coordinates": [ 130.532120163229337, 33.474806365412704 ] } },
{ "type": "Feature", "properties": { "内容": "訪問看護ステーションアリス【訪問看護】福岡県筑紫野市針摺中央1丁目17-18", "url": "https://www.kaigokensaku.mhlw.go.jp/40/index.php?action_kouhyou_detail_004_kani=true&JigyosyoCd=4061790129-00&ServiceCd=130&Type=search", "url2": null }, "geometry": { "type": "Point", "coordinates": [ 130.534905159524527, 33.487765547647797 ] } },
{ "type": "Feature", "properties": { "内容": "訪問看護ステーション花笑み筑紫野【訪問看護】福岡県筑紫野市杉塚1丁目2-2オフィスパレア筑紫野ⅤＢ－１", "url": "https://www.kaigokensaku.mhlw.go.jp/40/index.php?action_kouhyou_detail_004_kani=true&JigyosyoCd=4061790152-00&ServiceCd=130&Type=search", "url2": "https://hanaemi.biz" }, "geometry": { "type": "Point", "coordinates": [ 130.507785500000011, 33.4997134 ] } },
{ "type": "Feature", "properties": { "内容": "四季のいずみ　訪問看護ステーション【訪問看護】福岡県筑紫野市二日市北3-1-23", "url": "https://www.kaigokensaku.mhlw.go.jp/40/index.php?action_kouhyou_detail_004_kani=true&JigyosyoCd=4061790046-00&ServiceCd=130&Type=search", "url2": "http://www.minauta.com/" }, "geometry": { "type": "Point", "coordinates": [ 130.523512720056374, 33.504571274198454 ] } },
{ "type": "Feature", "properties": { "内容": "二日市温泉翔裕園訪問看護ステーション【訪問看護】福岡県筑紫野市湯町1－15－25", "url": "https://www.kaigokensaku.mhlw.go.jp/40/index.php?action_kouhyou_detail_004_kani=true&JigyosyoCd=4061790194-00&ServiceCd=130&Type=search", "url2": "https://www.genkimuragroup.jp/facilitylist/futsukaichi/" }, "geometry": { "type": "Point", "coordinates": [ 130.5142233, 33.4911115 ] } },
{ "type": "Feature", "properties": { "内容": "医療法人文杏堂　　杉病院　訪問看護部【訪問看護】福岡県筑紫野市二日市中央１ー２ー８", "url": "https://www.kaigokensaku.mhlw.go.jp/40/index.php?action_kouhyou_detail_004_kani=true&JigyosyoCd=4011719194-00&ServiceCd=130&Type=search", "url2": "http://sugi-hospital.jp/index.html" }, "geometry": { "type": "Point", "coordinates": [ 130.519491300000027, 33.495089 ] } },
{ "type": "Feature", "properties": { "内容": "小西第一病院訪問看護ステーション【訪問看護】福岡県筑紫野市石崎1丁目3-1", "url": "https://www.kaigokensaku.mhlw.go.jp/40/index.php?action_kouhyou_detail_004_kani=true&JigyosyoCd=4061790210-00&ServiceCd=130&Type=search", "url2": "https://www.konishidaiichi-hp.or.jp/care_services/home_care/" }, "geometry": { "type": "Point", "coordinates": [ 130.5269664, 33.4868758 ] } },
{ "type": "Feature", "properties": { "内容": "訪問看護ステーションととのい筑紫野【訪問看護】福岡県筑紫野市針摺中央2丁目15-5松尾ビル202号室", "url": "https://www.kaigokensaku.mhlw.go.jp/40/index.php?action_kouhyou_detail_004_kani=true&JigyosyoCd=4061790228-00&ServiceCd=130&Type=search", "url2": "https://totonoihoukan.jp/" }, "geometry": { "type": "Point", "coordinates": [ 130.534337099999988, 33.4839453 ] } },
{ "type": "Feature", "properties": { "内容": "福岡プライマリケア訪問看護ステーション【訪問看護】福岡県春日市天神山７丁目９１番地", "url": "https://www.kaigokensaku.mhlw.go.jp/40/index.php?action_kouhyou_detail_004_kani=true&JigyosyoCd=4061690030-00&ServiceCd=130&Type=search", "url2": "http://www." }, "geometry": { "type": "Point", "coordinates": [ 130.446319566162146, 33.516492128825512 ] } },
{ "type": "Feature", "properties": { "内容": "訪問看護ステーションココエル　昇町【訪問看護】福岡県春日市昇町5丁目33", "url": "https://www.kaigokensaku.mhlw.go.jp/40/index.php?action_kouhyou_detail_004_kani=true&JigyosyoCd=4061690204-00&ServiceCd=130&Type=search", "url2": null }, "geometry": { "type": "Point", "coordinates": [ 130.4495043, 33.5280833 ] } },
{ "type": "Feature", "properties": { "内容": "心芽訪問看護ステーション【訪問看護】岡本3丁目16林コーポ101", "url": "https://www.kaigokensaku.mhlw.go.jp/40/index.php?action_kouhyou_detail_004_kani=true&JigyosyoCd=4061690253-00&ServiceCd=130&Type=search", "url2": null }, "geometry": { "type": "Point", "coordinates": [ 139.6166815, 35.627245 ] } },
{ "type": "Feature", "properties": { "内容": "あや訪問看護ステーション【訪問看護】福岡県春日市宝町4-1ラインビル西村105", "url": "https://www.kaigokensaku.mhlw.go.jp/40/index.php?action_kouhyou_detail_004_kani=true&JigyosyoCd=4061690147-00&ServiceCd=130&Type=search", "url2": "https://www.ayamedicalcareplan.com/" }, "geometry": { "type": "Point", "coordinates": [ 130.459260829113731, 33.534978345969378 ] } },
{ "type": "Feature", "properties": { "内容": "訪問看護ステーションさんらいと南福岡【訪問看護】福岡県春日市宝町3丁目5-7スプリングヒルズ宝1階", "url": "https://www.kaigokensaku.mhlw.go.jp/40/index.php?action_kouhyou_detail_004_kani=true&JigyosyoCd=4061690295-00&ServiceCd=130&Type=search", "url2": "https://sunlight-vns.com/" }, "geometry": { "type": "Point", "coordinates": [ 130.460502100000014, 33.5355996 ] } },
{ "type": "Feature", "properties": { "内容": "ゆう訪問看護ステーション大野城【訪問看護】福岡県春日市春日公園７丁目７１原大ビルⅡ", "url": "https://www.kaigokensaku.mhlw.go.jp/40/index.php?action_kouhyou_detail_004_kani=true&JigyosyoCd=4061690287-00&ServiceCd=130&Type=search", "url2": "https://uhks-oonojyo.com/" }, "geometry": { "type": "Point", "coordinates": [ 130.4788179, 33.5272827 ] } },
{ "type": "Feature", "properties": { "内容": "訪問看護ステーションあん【訪問看護】福岡県春日市須玖南４－３７", "url": "https://www.kaigokensaku.mhlw.go.jp/40/index.php?action_kouhyou_detail_004_kani=true&JigyosyoCd=4061690311-00&ServiceCd=130&Type=search", "url2": null }, "geometry": { "type": "Point", "coordinates": [ 130.445094108581543, 33.537750129105163 ] } },
{ "type": "Feature", "properties": { "内容": "マーベラ春日訪問看護ステーション【訪問看護】福岡県春日市千歳町３丁目３４井村ビル301号", "url": "https://www.kaigokensaku.mhlw.go.jp/40/index.php?action_kouhyou_detail_004_kani=true&JigyosyoCd=4061690303-00&ServiceCd=130&Type=search", "url2": "https://marbera.care/" }, "geometry": { "type": "Point", "coordinates": [ 130.4646027, 33.5339412 ] } },
{ "type": "Feature", "properties": { "内容": "ケアライフ上白水訪問看護ステーション【訪問看護】福岡県春日市上白水6-30-1ケアライフ上白水", "url": "https://www.kaigokensaku.mhlw.go.jp/40/index.php?action_kouhyou_detail_004_kani=true&JigyosyoCd=4061690196-00&ServiceCd=130&Type=search", "url2": "https://www.bestlife1165.com/" }, "geometry": { "type": "Point", "coordinates": [ 130.4394553, 33.5209521 ] } },
{ "type": "Feature", "properties": { "内容": "福岡徳洲会訪問看護リハビリステーションやよい【訪問看護】福岡県春日市須玖北4丁目5番地", "url": "https://www.kaigokensaku.mhlw.go.jp/40/index.php?action_kouhyou_detail_004_kani=true&JigyosyoCd=4061690055-00&ServiceCd=130&Type=search", "url2": "http//:f-toku.jp/　（系列病院　福岡徳洲会病院のホームページ内にあり）" }, "geometry": { "type": "Point", "coordinates": [ 135.774815499999931, 34.7269651 ] } },
{ "type": "Feature", "properties": { "内容": "平塚整形外科訪問看護ステーション【訪問看護】福岡県春日市下白水北３丁目82番地1", "url": "https://www.kaigokensaku.mhlw.go.jp/40/index.php?action_kouhyou_detail_004_kani=true&JigyosyoCd=4061690162-00&ServiceCd=130&Type=search", "url2": "http：//www.hiratsuka-seikeigeka.jp" }, "geometry": { "type": "Point", "coordinates": [ 130.4438441, 33.5268543 ] } },
{ "type": "Feature", "properties": { "内容": "訪問看護ステーションあおいそら【訪問看護】福岡県春日市紅葉ヶ丘東三丁目１８番地", "url": "https://www.kaigokensaku.mhlw.go.jp/40/index.php?action_kouhyou_detail_004_kani=true&JigyosyoCd=4061690048-00&ServiceCd=130&Type=search", "url2": "http://www.higuchi-hosp.or.jp" }, "geometry": { "type": "Point", "coordinates": [ 130.457792901052471, 33.520918329260645 ] } },
{ "type": "Feature", "properties": { "内容": "訪問看護ステーション光【訪問看護】福岡県春日市春日1丁目40番地", "url": "https://www.kaigokensaku.mhlw.go.jp/40/index.php?action_kouhyou_detail_004_kani=true&JigyosyoCd=4061690105-00&ServiceCd=130&Type=search", "url2": "https://www.yuyu-group.co.jp/" }, "geometry": { "type": "Point", "coordinates": [ 130.469080624765184, 33.524953444149475 ] } },
{ "type": "Feature", "properties": { "内容": "訪問看護るーぷ【訪問看護】福岡県春日市小倉二丁目2番地1階C号室小倉不動産店舗", "url": "https://www.kaigokensaku.mhlw.go.jp/40/index.php?action_kouhyou_detail_004_kani=true&JigyosyoCd=4061690279-00&ServiceCd=130&Type=search", "url2": null }, "geometry": { "type": "Point", "coordinates": [ 130.455055261606532, 33.531722484168576 ] } },
{ "type": "Feature", "properties": { "内容": "訪問看護ステーションホークス【訪問看護】福岡県春日市昇町３丁目２４０トロント春日１０４号", "url": "https://www.kaigokensaku.mhlw.go.jp/40/index.php?action_kouhyou_detail_004_kani=true&JigyosyoCd=4061690170-00&ServiceCd=130&Type=search", "url2": "https://www.mediaction.co.jp/" }, "geometry": { "type": "Point", "coordinates": [ 130.446143299999989, 33.5280144 ] } },
{ "type": "Feature", "properties": { "内容": "訪問看護ステーション　ラポールほのぼの【訪問看護】福岡県春日市惣利2-32メゾン春日南　1階店舗A", "url": "https://www.kaigokensaku.mhlw.go.jp/40/index.php?action_kouhyou_detail_004_kani=true&JigyosyoCd=4061690071-00&ServiceCd=130&Type=search", "url2": "honobono@aria.ocn.ne.jp" }, "geometry": { "type": "Point", "coordinates": [ 130.467978, 33.5100702 ] } },
{ "type": "Feature", "properties": { "内容": "ふたば訪問看護ステーション【訪問看護】福岡県春日市小倉３丁目2番地Ｂ棟", "url": "https://www.kaigokensaku.mhlw.go.jp/40/index.php?action_kouhyou_detail_004_kani=true&JigyosyoCd=4061690212-00&ServiceCd=130&Type=search", "url2": null }, "geometry": { "type": "Point", "coordinates": [ 130.4528089, 33.531547600000025 ] } },
{ "type": "Feature", "properties": { "内容": "エデュコ訪問看護ステーション南【訪問看護】福岡県春日市平田台1丁目31パークサイド春日の杜101", "url": "https://www.kaigokensaku.mhlw.go.jp/40/index.php?action_kouhyou_detail_004_kani=true&JigyosyoCd=4061690329-00&ServiceCd=130&Type=search", "url2": null }, "geometry": { "type": "Point", "coordinates": [ 130.4739095, 33.5149303 ] } },
{ "type": "Feature", "properties": { "内容": "訪問看護ステーションはるか【訪問看護】福岡県春日市白水池3丁目126番地", "url": "https://www.kaigokensaku.mhlw.go.jp/40/index.php?action_kouhyou_detail_004_kani=true&JigyosyoCd=4061690188-00&ServiceCd=130&Type=search", "url2": "https://rainbowrose.info/staff.html" }, "geometry": { "type": "Point", "coordinates": [ 130.449281, 33.5110746 ] } },
{ "type": "Feature", "properties": { "内容": "Trust訪問看護【訪問看護】福岡県大野城市上大利2-7-14第二オリエンタル山繁101", "url": "https://www.kaigokensaku.mhlw.go.jp/40/index.php?action_kouhyou_detail_004_kani=true&JigyosyoCd=4061590164-00&ServiceCd=130&Type=search", "url2": "https://trust-hvn.com/" }, "geometry": { "type": "Point", "coordinates": [ 130.4833347, 33.5201222 ] } },
{ "type": "Feature", "properties": { "内容": "訪問看護ステーション　MERISE【訪問看護】福岡県大野城市筒井1丁目7−25アプリーレ101", "url": "https://www.kaigokensaku.mhlw.go.jp/40/index.php?action_kouhyou_detail_004_kani=true&JigyosyoCd=4061590214-00&ServiceCd=130&Type=search", "url2": "merise-fukuoka.com" }, "geometry": { "type": "Point", "coordinates": [ 130.4744203, 33.5430541 ] } },
{ "type": "Feature", "properties": { "内容": "結　訪問看護【訪問看護】福岡県大野城市南ヶ丘2-22-3服部アパート203号", "url": "https://www.kaigokensaku.mhlw.go.jp/40/index.php?action_kouhyou_detail_004_kani=true&JigyosyoCd=4061590206-00&ServiceCd=130&Type=search", "url2": null }, "geometry": { "type": "Point", "coordinates": [ 130.478363800000011, 33.5020515 ] } },
{ "type": "Feature", "properties": { "内容": "訪問看護ステーションゆり【訪問看護】福岡県大野城市山田３丁目６－１０宮川コーポ１０２", "url": "https://www.kaigokensaku.mhlw.go.jp/40/index.php?action_kouhyou_detail_004_kani=true&JigyosyoCd=4061590065-00&ServiceCd=130&Type=search", "url2": "mikuru.co.jp" }, "geometry": { "type": "Point", "coordinates": [ 130.474168, 33.5488499 ] } },
{ "type": "Feature", "properties": { "内容": "訪問看護ステーション　ラシクアーレ乙金【訪問看護】福岡県大野城市乙金3丁目23‐1イオン乙金ショッピングセンター", "url": "https://www.kaigokensaku.mhlw.go.jp/40/index.php?action_kouhyou_detail_004_kani=true&JigyosyoCd=4061590248-00&ServiceCd=130&Type=search", "url2": null }, "geometry": { "type": "Point", "coordinates": [ 130.496828099999988, 33.545687 ] } },
{ "type": "Feature", "properties": { "内容": "訪問看護ステーション　百合の会【訪問看護】福岡県大野城市乙金東2丁目17-10", "url": "https://www.kaigokensaku.mhlw.go.jp/40/index.php?action_kouhyou_detail_004_kani=true&JigyosyoCd=4061590008-00&ServiceCd=130&Type=search", "url2": "http://www.otogane.or.jp" }, "geometry": { "type": "Point", "coordinates": [ 130.500592596711726, 33.556714302024261 ] } },
{ "type": "Feature", "properties": { "内容": "ウェルフォース訪問看護ステーション福岡【訪問看護】福岡県大野城市乙金東3－4－14東風の郷", "url": "https://www.kaigokensaku.mhlw.go.jp/40/index.php?action_kouhyou_detail_004_kani=true&JigyosyoCd=4061590271-00&ServiceCd=130&Type=search", "url2": null }, "geometry": { "type": "Point", "coordinates": [ 130.4931224, 33.5534553 ] } },
{ "type": "Feature", "properties": { "内容": "訪問看護ステーションあじさい【訪問看護】福岡県大野城市中央２丁目4-22", "url": "https://www.kaigokensaku.mhlw.go.jp/40/index.php?action_kouhyou_detail_004_kani=true&JigyosyoCd=4061590263-00&ServiceCd=130&Type=search", "url2": "https://ajisaistation.com/setumei/" }, "geometry": { "type": "Point", "coordinates": [ 130.4830464, 33.5234656 ] } },
{ "type": "Feature", "properties": { "内容": "訪問看護ステーションととのい大野城【訪問看護】福岡県大野城市山田1-9-20ファミリーコート山田C棟", "url": "https://www.kaigokensaku.mhlw.go.jp/40/index.php?action_kouhyou_detail_004_kani=true&JigyosyoCd=4061590255-00&ServiceCd=130&Type=search", "url2": "https://totonoihoukan.jp/" }, "geometry": { "type": "Point", "coordinates": [ 130.472511, 33.5472654 ] } },
{ "type": "Feature", "properties": { "内容": "訪問看護ステーション誠愛【訪問看護】福岡県大野城市南大利２丁目７－２", "url": "https://www.kaigokensaku.mhlw.go.jp/40/index.php?action_kouhyou_detail_004_kani=true&JigyosyoCd=4061590016-00&ServiceCd=130&Type=search", "url2": "http://www.seiai-riha.com/" }, "geometry": { "type": "Point", "coordinates": [ 130.479020100000014, 33.5091711 ] } },
{ "type": "Feature", "properties": { "内容": "アップルハート訪問看護ステーション大野城【訪問看護】福岡県大野城市下大利団地２－６下大利団地2号棟1階", "url": "https://www.kaigokensaku.mhlw.go.jp/40/index.php?action_kouhyou_detail_004_kani=true&JigyosyoCd=4061590123-00&ServiceCd=130&Type=search", "url2": null }, "geometry": { "type": "Point", "coordinates": [ 130.491446399999973, 33.5230096 ] } },
{ "type": "Feature", "properties": { "内容": "訪問看護ステーションつくし【訪問看護】福岡県大野城市大城4丁目7番12-2", "url": "https://www.kaigokensaku.mhlw.go.jp/40/index.php?action_kouhyou_detail_004_kani=true&JigyosyoCd=4061590198-00&ServiceCd=130&Type=search", "url2": "http://tsukushi-care.net/" }, "geometry": { "type": "Point", "coordinates": [ 130.49264075767212, 33.534455300721405 ] } },
{ "type": "Feature", "properties": { "内容": "おおとり訪問看護ステーション【訪問看護】福岡県大野城市雑餉隈町1丁目8-28メゾン池田B棟101", "url": "https://www.kaigokensaku.mhlw.go.jp/40/index.php?action_kouhyou_detail_004_kani=true&JigyosyoCd=4061590289-00&ServiceCd=130&Type=search", "url2": "http://e3-care.com" }, "geometry": { "type": "Point", "coordinates": [ 130.471058007534509, 33.540463363503001 ] } },
{ "type": "Feature", "properties": { "内容": "訪問看護ステーションこよいの里【訪問看護】福岡県大野城市白木原3丁目2-6-102", "url": "https://www.kaigokensaku.mhlw.go.jp/40/index.php?action_kouhyou_detail_004_kani=true&JigyosyoCd=4061590172-00&ServiceCd=130&Type=search", "url2": "https://pmind-koyoi.com/" }, "geometry": { "type": "Point", "coordinates": [ 130.480790749598725, 33.531610834754112 ] } },
{ "type": "Feature", "properties": { "内容": "株式会社まどかケアリングサポート【訪問看護】福岡県大野城市中2-13-35", "url": "https://www.kaigokensaku.mhlw.go.jp/40/index.php?action_kouhyou_detail_004_kani=true&JigyosyoCd=4061590222-00&ServiceCd=130&Type=search", "url2": "https:sankubari.jp" }, "geometry": { "type": "Point", "coordinates": [ 130.486195900000013, 33.5509945 ] } },
{ "type": "Feature", "properties": { "内容": "アリスト訪問看護リハステーション【訪問看護】雑餉隈町1丁目5－24－203サザンハイツ春日", "url": "https://www.kaigokensaku.mhlw.go.jp/40/index.php?action_kouhyou_detail_004_kani=true&JigyosyoCd=4061590180-00&ServiceCd=130&Type=search", "url2": "http://aculass.com" }, "geometry": { "type": "Point", "coordinates": [ 130.4710528, 33.541687 ] } },
{ "type": "Feature", "properties": { "内容": "南ヶ丘訪問看護ステーション　ききょう【訪問看護】福岡県大野城市大字牛頸１０３４－５", "url": "https://www.kaigokensaku.mhlw.go.jp/40/index.php?action_kouhyou_detail_004_kani=true&JigyosyoCd=4061590024-00&ServiceCd=130&Type=search", "url2": "http://www.minamigaoka.jp/" }, "geometry": { "type": "Point", "coordinates": [ 130.475605099999939, 33.5062097 ] } },
{ "type": "Feature", "properties": { "内容": "愛訪問看護ステーション【訪問看護】大野城市川久保三丁目３番２３号", "url": "https://www.kaigokensaku.mhlw.go.jp/40/index.php?action_kouhyou_detail_004_kani=true&JigyosyoCd=4061590073-00&ServiceCd=130&Type=search", "url2": "ai-keapuran.com" }, "geometry": { "type": "Point", "coordinates": [ 130.489045600000054, 33.5476004 ] } },
{ "type": "Feature", "properties": { "内容": "リハビリ専門訪問看護ステーションHARERU【訪問看護】福岡県大野城市錦町４丁目3−8グリンデルワルト１F", "url": "https://www.kaigokensaku.mhlw.go.jp/40/index.php?action_kouhyou_detail_004_kani=true&JigyosyoCd=4061590149-00&ServiceCd=130&Type=search", "url2": null }, "geometry": { "type": "Point", "coordinates": [ 130.4778468, 33.5371386 ] } },
{ "type": "Feature", "properties": { "内容": "訪問看護ステーションいちご【訪問看護】福岡県大野城市仲畑4丁目16-1SUNS8　205号", "url": "https://www.kaigokensaku.mhlw.go.jp/40/index.php?action_kouhyou_detail_004_kani=true&JigyosyoCd=4061590131-00&ServiceCd=130&Type=search", "url2": "info@houmonkangoichigo.com" }, "geometry": { "type": "Point", "coordinates": [ 130.470626900000013, 33.5510985 ] } },
{ "type": "Feature", "properties": { "内容": "訪問看護ステーション　МＩＲＡＩ【訪問看護】福岡県宗像市石丸3丁目5番10号メゾン・ド・エスポワール207・203号室", "url": "https://www.kaigokensaku.mhlw.go.jp/40/index.php?action_kouhyou_detail_004_kani=true&JigyosyoCd=4060690171-00&ServiceCd=130&Type=search", "url2": "http://www9.plala.or.jp/taramoyan/miraihome/company.html" }, "geometry": { "type": "Point", "coordinates": [ 130.596762399999989, 33.8089757 ] } },
{ "type": "Feature", "properties": { "内容": "医療法人　庄正会　訪問看護ステーションはちすが【訪問看護】野坂2650蜂須賀病院", "url": "https://www.kaigokensaku.mhlw.go.jp/40/index.php?action_kouhyou_detail_004_kani=true&JigyosyoCd=4060690163-00&ServiceCd=130&Type=search", "url2": null }, "geometry": { "type": "Point", "coordinates": [ 130.564539, 33.786725 ] } },
{ "type": "Feature", "properties": { "内容": "アップルハート訪問看護ステーション宗像【訪問看護】福岡県宗像市栄町1-12", "url": "https://www.kaigokensaku.mhlw.go.jp/40/index.php?action_kouhyou_detail_004_kani=true&JigyosyoCd=4060690080-00&ServiceCd=130&Type=search", "url2": "houmonkango-munakata-p01＠aso-group.co.jp" }, "geometry": { "type": "Point", "coordinates": [ 130.56865378581395, 33.807825650073703 ] } },
{ "type": "Feature", "properties": { "内容": "宗像医師会訪問看護ステーション【訪問看護】福岡県宗像市田熊五丁目5-1宗像医師会在宅総合支援センター　１F", "url": "https://www.kaigokensaku.mhlw.go.jp/40/index.php?action_kouhyou_detail_004_kani=true&JigyosyoCd=4060690015-00&ServiceCd=130&Type=search", "url2": "http://www.munakata-med.or.jp" }, "geometry": { "type": "Point", "coordinates": [ 130.526925099999971, 33.8006871 ] } },
{ "type": "Feature", "properties": { "内容": "赤間病院訪問看護ステーション【訪問看護】福岡県宗像市石丸1丁目6番7号", "url": "https://www.kaigokensaku.mhlw.go.jp/40/index.php?action_kouhyou_detail_004_kani=true&JigyosyoCd=4060690031-00&ServiceCd=130&Type=search", "url2": "http://www.akama-hp.or.jp" }, "geometry": { "type": "Point", "coordinates": [ 130.594907312828127, 33.805200001685499 ] } },
{ "type": "Feature", "properties": { "内容": "林外科・内科クリニック【訪問看護】福岡県宗像市田久四丁目15番12号", "url": "https://www.kaigokensaku.mhlw.go.jp/40/index.php?action_kouhyou_detail_004_kani=true&JigyosyoCd=4010619122-00&ServiceCd=130&Type=search", "url2": "http://www.hayashi-cl.jp/" }, "geometry": { "type": "Point", "coordinates": [ 130.571554900000024, 33.7996464 ] } },
{ "type": "Feature", "properties": { "内容": "訪問看護ステーションむなかた【訪問看護】福岡県宗像市東郷6丁目1番10号", "url": "https://www.kaigokensaku.mhlw.go.jp/40/index.php?action_kouhyou_detail_004_kani=true&JigyosyoCd=4060690049-00&ServiceCd=130&Type=search", "url2": null }, "geometry": { "type": "Point", "coordinates": [ 130.539879739950521, 33.80287694437483 ] } },
{ "type": "Feature", "properties": { "内容": "訪問看護ステーション　いろどり【訪問看護】福岡県宗像市土穴3-2-37ヴィラージュ集1F", "url": "https://www.kaigokensaku.mhlw.go.jp/40/index.php?action_kouhyou_detail_004_kani=true&JigyosyoCd=4060690130-00&ServiceCd=130&Type=search", "url2": "https://www.irodori-group.com/" }, "geometry": { "type": "Point", "coordinates": [ 130.5712752, 33.8097435 ] } },
{ "type": "Feature", "properties": { "内容": "訪問看護ステーションOHANA【訪問看護】福岡県宗像市平井3丁目8-18セジュール平井202", "url": "https://www.kaigokensaku.mhlw.go.jp/40/index.php?action_kouhyou_detail_004_kani=true&JigyosyoCd=4060690197-00&ServiceCd=130&Type=search", "url2": "https://ohana-heruper-station.com" }, "geometry": { "type": "Point", "coordinates": [ 130.525453199999987, 33.7933104 ] } },
{ "type": "Feature", "properties": { "内容": "訪問看護ステーション唄【訪問看護】福岡県宗像市陵厳寺1-7-1N208", "url": "https://www.kaigokensaku.mhlw.go.jp/40/index.php?action_kouhyou_detail_004_kani=true&JigyosyoCd=4060690189-00&ServiceCd=130&Type=search", "url2": "https://uta-youth.com/" }, "geometry": { "type": "Point", "coordinates": [ 130.5853636, 33.8070646 ] } },
{ "type": "Feature", "properties": { "内容": "訪問看護センター阿部【訪問看護】福岡県宗像市日の里五丁目1番地１７", "url": "https://www.kaigokensaku.mhlw.go.jp/40/index.php?action_kouhyou_detail_004_kani=true&JigyosyoCd=4060690114-00&ServiceCd=130&Type=search", "url2": "http://houkan-abe.jp" }, "geometry": { "type": "Point", "coordinates": [ 130.535464100000013, 33.7930218 ] } },
{ "type": "Feature", "properties": { "内容": "在宅看護センターミモザ【訪問看護】宗像市日の里1－31－1ここから日の里", "url": "https://www.kaigokensaku.mhlw.go.jp/40/index.php?action_kouhyou_detail_004_kani=true&JigyosyoCd=4060690098-00&ServiceCd=130&Type=search", "url2": "https://mimosa-hinosato.com" }, "geometry": { "type": "Point", "coordinates": [ 130.529055699999958, 33.7943684 ] } },
{ "type": "Feature", "properties": { "内容": "訪問看護ステーション愛夢HOPE【訪問看護】福岡県太宰府市水城３丁目２番8号", "url": "https://www.kaigokensaku.mhlw.go.jp/40/index.php?action_kouhyou_detail_004_kani=true&JigyosyoCd=4061490233-00&ServiceCd=130&Type=search", "url2": null }, "geometry": { "type": "Point", "coordinates": [ 130.4971112, 33.5236931 ] } },
{ "type": "Feature", "properties": { "内容": "訪問看護ステーションななと【訪問看護】福岡県太宰府市国分1丁目8-31松島第二ビル405", "url": "https://www.kaigokensaku.mhlw.go.jp/40/index.php?action_kouhyou_detail_004_kani=true&JigyosyoCd=4061490266-00&ServiceCd=130&Type=search", "url2": null }, "geometry": { "type": "Point", "coordinates": [ 130.5007689, 33.5175368 ] } },
{ "type": "Feature", "properties": { "内容": "訪問看護ステーションてんまんぐう【訪問看護】福岡県太宰府市向佐野四丁目10番1号", "url": "https://www.kaigokensaku.mhlw.go.jp/40/index.php?action_kouhyou_detail_004_kani=true&JigyosyoCd=4061490191-00&ServiceCd=130&Type=search", "url2": null }, "geometry": { "type": "Point", "coordinates": [ 130.4937922, 33.5096068 ] } },
{ "type": "Feature", "properties": { "内容": "丸山病院訪問看護ステーション【訪問看護】福岡県太宰府市坂本1丁目4番6号", "url": "https://www.kaigokensaku.mhlw.go.jp/40/index.php?action_kouhyou_detail_004_kani=true&JigyosyoCd=4061490258-00&ServiceCd=130&Type=search", "url2": null }, "geometry": { "type": "Point", "coordinates": [ 130.5064817, 33.5139423 ] } },
{ "type": "Feature", "properties": { "内容": "福あーる訪問看護リハビリステーション太宰府【訪問看護】都府楼南4丁目13-16都府楼南4丁目借家A-1", "url": "https://www.kaigokensaku.mhlw.go.jp/40/index.php?action_kouhyou_detail_004_kani=true&JigyosyoCd=4061490274-00&ServiceCd=130&Type=search", "url2": "fuku-r.co.jp" }, "geometry": { "type": "Point", "coordinates": [ 130.510487500000011, 33.5023191 ] } },
{ "type": "Feature", "properties": { "内容": "医療法人悠水会みずき訪問看護ステーション【訪問看護】福岡県太宰府市通古賀3丁目9番13号はるかビル2階", "url": "https://www.kaigokensaku.mhlw.go.jp/40/index.php?action_kouhyou_detail_004_kani=true&JigyosyoCd=4061490001-00&ServiceCd=130&Type=search", "url2": "http://www.mizuki.or.jp" }, "geometry": { "type": "Point", "coordinates": [ 130.506652300000042, 33.5111128 ] } },
{ "type": "Feature", "properties": { "内容": "アクラス訪問看護ステーション【訪問看護】福岡県太宰府市五条二丁目18-16アクラスタウン３F", "url": "https://www.kaigokensaku.mhlw.go.jp/40/index.php?action_kouhyou_detail_004_kani=true&JigyosyoCd=4061490027-00&ServiceCd=130&Type=search", "url2": "https://aclass-seishin.jp/" }, "geometry": { "type": "Point", "coordinates": [ 130.520165, 33.5109381 ] } },
{ "type": "Feature", "properties": { "内容": "訪問看護ステーション　ひまわり【訪問看護】五条2丁目23番21号", "url": "https://www.kaigokensaku.mhlw.go.jp/40/index.php?action_kouhyou_detail_004_kani=true&JigyosyoCd=4061490118-00&ServiceCd=130&Type=search", "url2": "https://houshikai.info/related-facilities/visit-nursing/" }, "geometry": { "type": "Point", "coordinates": [ 130.523215299236995, 33.509258201932496 ] } },
{ "type": "Feature", "properties": { "内容": "訪問看護ステーション　ユーフィット【訪問看護】福岡県太宰府市通古賀5丁目1-1", "url": "https://www.kaigokensaku.mhlw.go.jp/40/index.php?action_kouhyou_detail_004_kani=true&JigyosyoCd=4061490126-00&ServiceCd=130&Type=search", "url2": null }, "geometry": { "type": "Point", "coordinates": [ 130.51137970000002, 33.508765900000014 ] } },
{ "type": "Feature", "properties": { "内容": "訪問看護ステーション梅の里【訪問看護】石坂1-21-3", "url": "https://www.kaigokensaku.mhlw.go.jp/40/index.php?action_kouhyou_detail_004_kani=true&JigyosyoCd=4061490241-00&ServiceCd=130&Type=search", "url2": null }, "geometry": { "type": "Point", "coordinates": [ 130.5309451, 33.5155454 ] } },
{ "type": "Feature", "properties": { "内容": "筑紫医師会立訪問看護ステーション【訪問看護】福岡県太宰府市国分三丁目１３番１号", "url": "https://www.kaigokensaku.mhlw.go.jp/40/index.php?action_kouhyou_detail_004_kani=true&JigyosyoCd=4061490019-00&ServiceCd=130&Type=search", "url2": "http://www.ishikai.org/houmon/" }, "geometry": { "type": "Point", "coordinates": [ 130.501933300000019, 33.518948 ] } },
{ "type": "Feature", "properties": { "内容": "医療法人　雅円会【訪問看護】福岡県太宰府市通古賀3丁目12番6号", "url": "https://www.kaigokensaku.mhlw.go.jp/40/index.php?action_kouhyou_detail_004_kani=true&JigyosyoCd=4061490217-00&ServiceCd=130&Type=search", "url2": "https://gaenkai.jp" }, "geometry": { "type": "Point", "coordinates": [ 130.5075095, 33.5108996 ] } },
{ "type": "Feature", "properties": { "内容": "訪問看護　ハピネス【訪問看護】五条2-6-15ジョイナス五条１階", "url": "https://www.kaigokensaku.mhlw.go.jp/40/index.php?action_kouhyou_detail_004_kani=true&JigyosyoCd=4061490175-00&ServiceCd=130&Type=search", "url2": "https://carenext.jp/" }, "geometry": { "type": "Point", "coordinates": [ 130.526232800217684, 33.512213489164552 ] } },
{ "type": "Feature", "properties": { "内容": "みのり訪問看護ステーション【訪問看護】福岡県太宰府市通古賀4丁目4-16リバーサイド陶山101号室", "url": "https://www.kaigokensaku.mhlw.go.jp/40/index.php?action_kouhyou_detail_004_kani=true&JigyosyoCd=4061490167-00&ServiceCd=130&Type=search", "url2": "https://www.houmonkanngo.com/" }, "geometry": { "type": "Point", "coordinates": [ 130.5073681, 33.5076549 ] } },
{ "type": "Feature", "properties": { "内容": "訪問看護ステーション　あいてらす太宰府【訪問看護】福岡県太宰府市通古賀1丁目12番20号オフィスパレア太宰府Ⅳ　A棟2号", "url": "https://www.kaigokensaku.mhlw.go.jp/40/index.php?action_kouhyou_detail_004_kani=true&JigyosyoCd=4061490159-00&ServiceCd=130&Type=search", "url2": "https://www.aiterasu2019.com" }, "geometry": { "type": "Point", "coordinates": [ 130.508522900111501, 33.512328650844537 ] } },
{ "type": "Feature", "properties": { "内容": "訪問看護ステーション　ふくの木【訪問看護】福岡県太宰府市国分1−18−38203", "url": "https://www.kaigokensaku.mhlw.go.jp/40/index.php?action_kouhyou_detail_004_kani=true&JigyosyoCd=4061490225-00&ServiceCd=130&Type=search", "url2": "https://fukunoki.fun" }, "geometry": { "type": "Point", "coordinates": [ 130.498223700000011, 33.5193355 ] } },
{ "type": "Feature", "properties": { "内容": "株式会社オリーブヘルスケア【訪問看護】福岡県太宰府市青山3丁目12-23", "url": "https://www.kaigokensaku.mhlw.go.jp/40/index.php?action_kouhyou_detail_004_kani=true&JigyosyoCd=4061490209-00&ServiceCd=130&Type=search", "url2": null }, "geometry": { "type": "Point", "coordinates": [ 130.535727452917513, 33.506182433563211 ] } },
{ "type": "Feature", "properties": { "内容": "訪問看護ステーション　テラコッタ【訪問看護】福岡県古賀市花見東七丁目14－1－1302", "url": "https://www.kaigokensaku.mhlw.go.jp/40/index.php?action_kouhyou_detail_004_kani=true&JigyosyoCd=4060790088-00&ServiceCd=130&Type=search", "url2": null }, "geometry": { "type": "Point", "coordinates": [ 130.4737088, 33.751937 ] } },
{ "type": "Feature", "properties": { "内容": "あいわ訪問看護ステーション【訪問看護】福岡県古賀市天神1丁目13-30古賀中央病院", "url": "https://www.kaigokensaku.mhlw.go.jp/40/index.php?action_kouhyou_detail_004_kani=true&JigyosyoCd=4060790054-00&ServiceCd=130&Type=search", "url2": "www:koga-c-hp.or.jp/" }, "geometry": { "type": "Point", "coordinates": [ 130.45034110000006, 33.7109763 ] } },
{ "type": "Feature", "properties": { "内容": "福岡聖恵病院　聖恵訪問看護【訪問看護】福岡県古賀市鹿部482番地", "url": "https://www.kaigokensaku.mhlw.go.jp/40/index.php?action_kouhyou_detail_004_kani=true&JigyosyoCd=4010719336-00&ServiceCd=130&Type=search", "url2": "http://www.megumi-kai.or.jp/" }, "geometry": { "type": "Point", "coordinates": [ 130.461448799999971, 33.7171289 ] } },
{ "type": "Feature", "properties": { "内容": "福岡県看護協会　訪問看護ステーション「こが」【訪問看護】福岡県古賀市庄205番地古賀市保健福祉総合センター内", "url": "https://www.kaigokensaku.mhlw.go.jp/40/index.php?action_kouhyou_detail_004_kani=true&JigyosyoCd=4060790005-00&ServiceCd=130&Type=search", "url2": "http://www.fukuoka-kango.or.jp" }, "geometry": { "type": "Point", "coordinates": [ 130.478950699336252, 33.729496413665977 ] } },
{ "type": "Feature", "properties": { "内容": "株式会社シダー　あおぞらの里古賀訪問看護ステーション【訪問看護】福岡県　古賀市　今の庄２－8-２８", "url": "https://www.kaigokensaku.mhlw.go.jp/40/index.php?action_kouhyou_detail_004_kani=true&JigyosyoCd=4060790021-00&ServiceCd=130&Type=search", "url2": "https://cedar-group.co.jp" }, "geometry": { "type": "Point", "coordinates": [ 130.476689099357031, 33.727416743622541 ] } },
{ "type": "Feature", "properties": { "内容": "訪問看護ステーションやまびこ【訪問看護】福岡県古賀市花見南2-11-1ルーエハイム", "url": "https://www.kaigokensaku.mhlw.go.jp/40/index.php?action_kouhyou_detail_004_kani=true&JigyosyoCd=4060790039-00&ServiceCd=130&Type=search", "url2": "http://www.houshikai.or.jp/" }, "geometry": { "type": "Point", "coordinates": [ 130.468331364417907, 33.742110410127985 ] } },
{ "type": "Feature", "properties": { "内容": "訪問看護ステーション向日葵【訪問看護】福間駅東1丁目6－5メゾン・ド・プレジール202号", "url": "https://www.kaigokensaku.mhlw.go.jp/40/index.php?action_kouhyou_detail_004_kani=true&JigyosyoCd=4060590124-00&ServiceCd=130&Type=search", "url2": null }, "geometry": { "type": "Point", "coordinates": [ 130.4900864, 33.7640785 ] } },
{ "type": "Feature", "properties": { "内容": "CareLink訪問看護ステーション【訪問看護】福岡県福津市福間南2-17-11ガーデンハイツ福間A　202", "url": "https://www.kaigokensaku.mhlw.go.jp/40/index.php?action_kouhyou_detail_004_kani=true&JigyosyoCd=4060590132-00&ServiceCd=130&Type=search", "url2": null }, "geometry": { "type": "Point", "coordinates": [ 130.4887374, 33.752691 ] } },
{ "type": "Feature", "properties": { "内容": "訪問看護ステーション　しらゆり【訪問看護】福岡県福津市宮司浜2丁目35-11", "url": "https://www.kaigokensaku.mhlw.go.jp/40/index.php?action_kouhyou_detail_004_kani=true&JigyosyoCd=4060590058-00&ServiceCd=130&Type=search", "url2": "http://kaigo-sirayuri.co.jp/" }, "geometry": { "type": "Point", "coordinates": [ 130.473592651238562, 33.777245865471833 ] } },
{ "type": "Feature", "properties": { "内容": "水光会ふくま訪問看護ステーション【訪問看護】福岡県福津市日蒔野５丁目8-7水と光の園1階", "url": "https://www.kaigokensaku.mhlw.go.jp/40/index.php?action_kouhyou_detail_004_kani=true&JigyosyoCd=4060590009-00&ServiceCd=130&Type=search", "url2": "https://www.suikokai.or.jp" }, "geometry": { "type": "Point", "coordinates": [ 130.4976345, 33.7601696 ] } },
{ "type": "Feature", "properties": { "内容": "訪問看護ステーションころる【訪問看護】福岡県福津市西福間1丁目10-11恵愛の里A　102号", "url": "https://www.kaigokensaku.mhlw.go.jp/40/index.php?action_kouhyou_detail_004_kani=true&JigyosyoCd=4060590108-00&ServiceCd=130&Type=search", "url2": "https://colors-llc.1web.jp/" }, "geometry": { "type": "Point", "coordinates": [ 130.479696100000012, 33.7673298 ] } },
{ "type": "Feature", "properties": { "内容": "訪問看護ステーションまる【訪問看護】福岡県福津市小竹2-1-1コーポ沖A102", "url": "https://www.kaigokensaku.mhlw.go.jp/40/index.php?action_kouhyou_detail_004_kani=true&JigyosyoCd=4060590090-00&ServiceCd=130&Type=search", "url2": "houmonkangomaru06.wixsite.com" }, "geometry": { "type": "Point", "coordinates": [ 130.515139832135219, 33.778467846918105 ] } },
{ "type": "Feature", "properties": { "内容": "はなえみ訪問看護ステーション【訪問看護】福岡県福津市若木台4丁目１３－１１", "url": "https://www.kaigokensaku.mhlw.go.jp/40/index.php?action_kouhyou_detail_004_kani=true&JigyosyoCd=4060590074-00&ServiceCd=130&Type=search", "url2": null }, "geometry": { "type": "Point", "coordinates": [ 130.519435, 33.7728736 ] } },
{ "type": "Feature", "properties": { "内容": "訪問看護ステーション　オハナ【訪問看護】福岡県福津市若木台1-20-5", "url": "https://www.kaigokensaku.mhlw.go.jp/40/index.php?action_kouhyou_detail_004_kani=true&JigyosyoCd=4060590116-00&ServiceCd=130&Type=search", "url2": null }, "geometry": { "type": "Point", "coordinates": [ 130.511268, 33.7731393 ] } },
{ "type": "Feature", "properties": { "内容": "訪問看護センター福津の里【訪問看護】福岡県福津市中央5丁目10番7号", "url": "https://www.kaigokensaku.mhlw.go.jp/40/index.php?action_kouhyou_detail_004_kani=true&JigyosyoCd=4060590066-00&ServiceCd=130&Type=search", "url2": null }, "geometry": { "type": "Point", "coordinates": [ 130.48063060000004, 33.7676003 ] } },
{ "type": "Feature", "properties": { "内容": "りはなす訪問看護ステーション福津【訪問看護】福岡県福津市八並1539-5SORANONE　L号", "url": "https://www.kaigokensaku.mhlw.go.jp/40/index.php?action_kouhyou_detail_004_kani=true&JigyosyoCd=4060590140-00&ServiceCd=130&Type=search", "url2": "https://www.reha-nurse.com/" }, "geometry": { "type": "Point", "coordinates": [ 130.5356032, 33.7707608 ] } },
{ "type": "Feature", "properties": { "内容": "浮羽医師会訪問看護ステーション【訪問看護】福岡県うきは市吉井町347-17番地", "url": "https://www.kaigokensaku.mhlw.go.jp/40/index.php?action_kouhyou_detail_004_kani=true&JigyosyoCd=4063390001-00&ServiceCd=130&Type=search", "url2": "http//www.fukuoka.med.or.jp/ukiha/index2.htm" }, "geometry": { "type": "Point", "coordinates": [ 130.748396448548874, 33.342351033638202 ] } },
{ "type": "Feature", "properties": { "内容": "訪問看護ステーションかわせみ【訪問看護】福岡県うきは市浮羽町古川1023-1", "url": "https://www.kaigokensaku.mhlw.go.jp/40/index.php?action_kouhyou_detail_004_kani=true&JigyosyoCd=4063390076-00&ServiceCd=130&Type=search", "url2": "https://kawasemi-care.com" }, "geometry": { "type": "Point", "coordinates": [ 130.811777299999989, 33.3581971 ] } },
{ "type": "Feature", "properties": { "内容": "訪問看護ステーション　紬【訪問看護】福岡県うきは市吉井町新治1317-1", "url": "https://www.kaigokensaku.mhlw.go.jp/40/index.php?action_kouhyou_detail_004_kani=true&JigyosyoCd=4063390068-00&ServiceCd=130&Type=search", "url2": "http://www.vns-tsumugi.com" }, "geometry": { "type": "Point", "coordinates": [ 130.751298078504163, 33.353118477559725 ] } },
{ "type": "Feature", "properties": { "内容": "訪問看護リハステーション　アソシオール【訪問看護】福岡県うきは市吉井町富永1864-2", "url": "https://www.kaigokensaku.mhlw.go.jp/40/index.php?action_kouhyou_detail_004_kani=true&JigyosyoCd=4063390050-00&ServiceCd=130&Type=search", "url2": null }, "geometry": { "type": "Point", "coordinates": [ 130.736838377758147, 33.33330831265414 ] } },
{ "type": "Feature", "properties": { "内容": "筑後川温泉病院訪問看護ステーション【訪問看護】福岡県うきは市浮羽町古川1129番地2", "url": "https://www.kaigokensaku.mhlw.go.jp/40/index.php?action_kouhyou_detail_004_kani=true&JigyosyoCd=4063390035-00&ServiceCd=130&Type=search", "url2": "http://www.onsen-hp.or.jp/" }, "geometry": { "type": "Point", "coordinates": [ 130.809260200000068, 33.3578808 ] } },
{ "type": "Feature", "properties": { "内容": "セノーテ訪問看護ステーション【訪問看護】福岡県宮若市竹原３５５－１", "url": "https://www.kaigokensaku.mhlw.go.jp/40/index.php?action_kouhyou_detail_004_kani=true&JigyosyoCd=4065890032-00&ServiceCd=130&Type=search", "url2": "https://www.bgmgroup/co/jp/fusion" }, "geometry": { "type": "Point", "coordinates": [ 130.619988299999989, 33.72809 ] } },
{ "type": "Feature", "properties": { "内容": "訪問看護ステーション颯【訪問看護】福岡県宮若市鶴田1891-44KHメゾンⅢ2号室", "url": "https://www.kaigokensaku.mhlw.go.jp/40/index.php?action_kouhyou_detail_004_kani=true&JigyosyoCd=4065890081-00&ServiceCd=130&Type=search", "url2": null }, "geometry": { "type": "Point", "coordinates": [ 130.691797772491498, 33.717149290141073 ] } },
{ "type": "Feature", "properties": { "内容": "みやわか訪問看護ステーション【訪問看護】福岡県宮若市本城７２３番地サービス付き高齢者向け住宅山桜内", "url": "https://www.kaigokensaku.mhlw.go.jp/40/index.php?action_kouhyou_detail_004_kani=true&JigyosyoCd=4065890008-00&ServiceCd=130&Type=search", "url2": "https://www.miyata-hospital.com/" }, "geometry": { "type": "Point", "coordinates": [ 130.670460741494736, 33.728962569171664 ] } },
{ "type": "Feature", "properties": { "内容": "ひなた訪問看護ステーション【訪問看護】宮田３６７３－３宮田商工会議所4階", "url": "https://www.kaigokensaku.mhlw.go.jp/40/index.php?action_kouhyou_detail_004_kani=true&JigyosyoCd=4065890040-00&ServiceCd=130&Type=search", "url2": null }, "geometry": { "type": "Point", "coordinates": [ 130.6633134, 33.7243202 ] } },
{ "type": "Feature", "properties": { "内容": "訪問看護ステーションめーぷる【訪問看護】福岡県嘉麻市漆生885-5", "url": "https://www.kaigokensaku.mhlw.go.jp/40/index.php?action_kouhyou_detail_004_kani=true&JigyosyoCd=4065790133-00&ServiceCd=130&Type=search", "url2": "https://houju-co.jp/" }, "geometry": { "type": "Point", "coordinates": [ 130.724441399999989, 33.5853911 ] } },
{ "type": "Feature", "properties": { "内容": "クローバー訪問看護ステーション【訪問看護】福岡県嘉麻市飯田146番地4", "url": "https://www.kaigokensaku.mhlw.go.jp/40/index.php?action_kouhyou_detail_004_kani=true&JigyosyoCd=4065790091-00&ServiceCd=130&Type=search", "url2": null }, "geometry": { "type": "Point", "coordinates": [ 130.702699199999984, 33.569754 ] } },
{ "type": "Feature", "properties": { "内容": "訪問看護ステーションかまだ【訪問看護】福岡県嘉麻市中益420番地1", "url": "https://www.kaigokensaku.mhlw.go.jp/40/index.php?action_kouhyou_detail_004_kani=true&JigyosyoCd=4065790018-00&ServiceCd=130&Type=search", "url2": "kamada-ho@bloom.ocn.ne.jp" }, "geometry": { "type": "Point", "coordinates": [ 130.745677399999977, 33.5449047 ] } },
{ "type": "Feature", "properties": { "内容": "社会保険稲築病院訪問看護ステーション【訪問看護】福岡県嘉麻市口春744番地1", "url": "https://www.kaigokensaku.mhlw.go.jp/40/index.php?action_kouhyou_detail_004_kani=true&JigyosyoCd=4065790083-00&ServiceCd=130&Type=search", "url2": "http://www.inatsukihospital.jp/" }, "geometry": { "type": "Point", "coordinates": [ 130.713438600000018, 33.600487 ] } },
{ "type": "Feature", "properties": { "内容": "嘉麻赤十字訪問看護ステーション【訪問看護】福岡県嘉麻市上山田１２３７", "url": "https://www.kaigokensaku.mhlw.go.jp/40/index.php?action_kouhyou_detail_004_kani=true&JigyosyoCd=4065790000-00&ServiceCd=130&Type=search", "url2": "http://www.kama-jrc.jp" }, "geometry": { "type": "Point", "coordinates": [ 130.7621504, 33.561723 ] } },
{ "type": "Feature", "properties": { "内容": "訪問看護ステーション　ちぇろっと【訪問看護】福岡県嘉麻市口春４０５番地の４", "url": "https://www.kaigokensaku.mhlw.go.jp/40/index.php?action_kouhyou_detail_004_kani=true&JigyosyoCd=4065790067-00&ServiceCd=130&Type=search", "url2": "http://homenursingcerotto.wix.com/cerotto" }, "geometry": { "type": "Point", "coordinates": [ 130.716297425886552, 33.606743405307746 ] } },
{ "type": "Feature", "properties": { "内容": "西野病院訪問看護ステーション【訪問看護】福岡県嘉麻市鴨生５３２番地医療法人ユーアイ西野病院（3階）", "url": "https://www.kaigokensaku.mhlw.go.jp/40/index.php?action_kouhyou_detail_004_kani=true&JigyosyoCd=4065790141-00&ServiceCd=130&Type=search", "url2": null }, "geometry": { "type": "Point", "coordinates": [ 130.7276472, 33.6058715 ] } },
{ "type": "Feature", "properties": { "内容": "くおーれ訪問看護ステーション【訪問看護】福岡県嘉麻市山野135-137コーポカトレアA号室", "url": "https://www.kaigokensaku.mhlw.go.jp/40/index.php?action_kouhyou_detail_004_kani=true&JigyosyoCd=4065790109-00&ServiceCd=130&Type=search", "url2": null }, "geometry": { "type": "Point", "coordinates": [ 130.721293361762946, 33.6164184381593 ] } },
{ "type": "Feature", "properties": { "内容": "でんでん訪問看護ステーション【訪問看護】福岡県朝倉市甘木112", "url": "https://www.kaigokensaku.mhlw.go.jp/40/index.php?action_kouhyou_detail_004_kani=true&JigyosyoCd=4062490091-00&ServiceCd=130&Type=search", "url2": null }, "geometry": { "type": "Point", "coordinates": [ 130.6625065, 33.4185953 ] } },
{ "type": "Feature", "properties": { "内容": "訪問看護ステーションリアンド甘木【訪問看護】福岡県朝倉市甘木1785-1201号", "url": "https://www.kaigokensaku.mhlw.go.jp/40/index.php?action_kouhyou_detail_004_kani=true&JigyosyoCd=4062490083-00&ServiceCd=130&Type=search", "url2": "info@reand.jp" }, "geometry": { "type": "Point", "coordinates": [ 130.656911699999966, 33.4211075 ] } },
{ "type": "Feature", "properties": { "内容": "訪問看護ステーション　てとて【訪問看護】福岡県朝倉市来春116-2チェリーメイトA棟", "url": "https://www.kaigokensaku.mhlw.go.jp/40/index.php?action_kouhyou_detail_004_kani=true&JigyosyoCd=4062490059-00&ServiceCd=130&Type=search", "url2": null }, "geometry": { "type": "Point", "coordinates": [ 130.663749796295178, 33.416384072405755 ] } },
{ "type": "Feature", "properties": { "内容": "朝倉医師会　訪問看護ステーション【訪問看護】福岡県朝倉市来春422-1介護支援センター", "url": "https://www.kaigokensaku.mhlw.go.jp/40/index.php?action_kouhyou_detail_004_kani=true&JigyosyoCd=4062490000-00&ServiceCd=130&Type=search", "url2": "www.asakura-med.or.jp/center/nurse_about.html" }, "geometry": { "type": "Point", "coordinates": [ 130.666625362040691, 33.410638560184033 ] } },
{ "type": "Feature", "properties": { "内容": "甘木中央病院訪問看護ステーション【訪問看護】福岡県朝倉市甘木667甘木中央病院", "url": "https://www.kaigokensaku.mhlw.go.jp/40/index.php?action_kouhyou_detail_004_kani=true&JigyosyoCd=4062490026-00&ServiceCd=130&Type=search", "url2": "https://www.amagichuuou-hp.lp" }, "geometry": { "type": "Point", "coordinates": [ 130.658801997367959, 33.416373009542568 ] } },
{ "type": "Feature", "properties": { "内容": "シルバートライ訪問看護【訪問看護】福岡県朝倉市堤960番地7グリーンハイツ堤A棟101", "url": "https://www.kaigokensaku.mhlw.go.jp/40/index.php?action_kouhyou_detail_004_kani=true&JigyosyoCd=4062490034-00&ServiceCd=130&Type=search", "url2": "http://silvertry.com" }, "geometry": { "type": "Point", "coordinates": [ 130.67025609999996, 33.4168077 ] } },
{ "type": "Feature", "properties": { "内容": "訪問看護ステーションらいは【訪問看護】朝倉市来春150", "url": "https://www.kaigokensaku.mhlw.go.jp/40/index.php?action_kouhyou_detail_004_kani=true&JigyosyoCd=4062490075-00&ServiceCd=130&Type=search", "url2": null }, "geometry": { "type": "Point", "coordinates": [ 130.6645231, 33.4158955 ] } },
{ "type": "Feature", "properties": { "内容": "医療法人社団医王会　訪問看護ステーションけんせい【訪問看護】朝倉市甘木１５１番地4朝倉健生病院", "url": "https://www.kaigokensaku.mhlw.go.jp/40/index.php?action_kouhyou_detail_004_kani=true&JigyosyoCd=4062490018-00&ServiceCd=130&Type=search", "url2": null }, "geometry": { "type": "Point", "coordinates": [ 130.662095933065757, 33.415444448712712 ] } },
{ "type": "Feature", "properties": { "内容": "訪問看護ステーション優木【訪問看護】福岡県みやま市瀬高町高柳1017-13大誠アパート1F", "url": "https://www.kaigokensaku.mhlw.go.jp/40/index.php?action_kouhyou_detail_004_kani=true&JigyosyoCd=4064290077-00&ServiceCd=130&Type=search", "url2": null }, "geometry": { "type": "Point", "coordinates": [ 130.45925170000001, 33.1461134 ] } },
{ "type": "Feature", "properties": { "内容": "訪問看護ステーション　はなちゃんち【訪問看護】福岡県みやま市瀬高町松田166番地-1", "url": "https://www.kaigokensaku.mhlw.go.jp/40/index.php?action_kouhyou_detail_004_kani=true&JigyosyoCd=4064290085-00&ServiceCd=130&Type=search", "url2": null }, "geometry": { "type": "Point", "coordinates": [ 130.4929407, 33.1403338 ] } },
{ "type": "Feature", "properties": { "内容": "訪問看護ステーション　すいせん【訪問看護】福岡県みやま市高田町濃施480番地2", "url": "https://www.kaigokensaku.mhlw.go.jp/40/index.php?action_kouhyou_detail_004_kani=true&JigyosyoCd=4064290028-00&ServiceCd=130&Type=search", "url2": "https://yokokura-hp.or.jp" }, "geometry": { "type": "Point", "coordinates": [ 130.456941786230487, 33.101089902819737 ] } },
{ "type": "Feature", "properties": { "内容": "訪問看護ステーション蒼空【訪問看護】福岡県みやま市瀬高町下庄1528-6中川ビル502号", "url": "https://www.kaigokensaku.mhlw.go.jp/40/index.php?action_kouhyou_detail_004_kani=true&JigyosyoCd=4064290069-00&ServiceCd=130&Type=search", "url2": "https://www.houmonkango-aozora.com" }, "geometry": { "type": "Point", "coordinates": [ 130.4805421, 33.1590917 ] } },
{ "type": "Feature", "properties": { "内容": "訪問看護ステーションみやま【訪問看護】福岡県みやま市瀬高町小川570番地1", "url": "https://www.kaigokensaku.mhlw.go.jp/40/index.php?action_kouhyou_detail_004_kani=true&JigyosyoCd=4064290044-00&ServiceCd=130&Type=search", "url2": "https://kyoseinosato-life.com" }, "geometry": { "type": "Point", "coordinates": [ 130.483872615508176, 33.152647997480514 ] } },
{ "type": "Feature", "properties": { "内容": "とらいふ訪問看護ステーション【訪問看護】福岡県糸島市志摩稲留３５６番地の１", "url": "https://www.kaigokensaku.mhlw.go.jp/40/index.php?action_kouhyou_detail_004_kani=true&JigyosyoCd=4062090131-00&ServiceCd=130&Type=search", "url2": "https://try-life-kango.com/" }, "geometry": { "type": "Point", "coordinates": [ 130.1730026, 33.58652 ] } },
{ "type": "Feature", "properties": { "内容": "ビーズ訪問看護ステーション伊都の杜【訪問看護】福岡県糸島市伊都の杜三丁目７番２８号", "url": "https://www.kaigokensaku.mhlw.go.jp/40/index.php?action_kouhyou_detail_004_kani=true&JigyosyoCd=4062090172-00&ServiceCd=130&Type=search", "url2": "https://beads-hospice.jp/" }, "geometry": { "type": "Point", "coordinates": [ 130.2125848, 33.5580707 ] } },
{ "type": "Feature", "properties": { "内容": "訪問看護ステーション　えむ【訪問看護】福岡県糸島市前原駅南１丁目６番５号キャメロット前原駅南２０１号室", "url": "https://www.kaigokensaku.mhlw.go.jp/40/index.php?action_kouhyou_detail_004_kani=true&JigyosyoCd=4062090164-00&ServiceCd=130&Type=search", "url2": null }, "geometry": { "type": "Point", "coordinates": [ 130.1966132, 33.5538056 ] } },
{ "type": "Feature", "properties": { "内容": "訪問看護ステーションなかま【訪問看護】福岡県糸島市高田2丁目15番１０号101号", "url": "https://www.kaigokensaku.mhlw.go.jp/40/index.php?action_kouhyou_detail_004_kani=true&JigyosyoCd=4062090156-00&ServiceCd=130&Type=search", "url2": null }, "geometry": { "type": "Point", "coordinates": [ 130.232984499999986, 33.5707365 ] } },
{ "type": "Feature", "properties": { "内容": "みなかぜ訪問看護ステーション【訪問看護】篠原西１丁目１４番１号", "url": "https://www.kaigokensaku.mhlw.go.jp/40/index.php?action_kouhyou_detail_004_kani=true&JigyosyoCd=4062090149-00&ServiceCd=130&Type=search", "url2": "http://www.minakaze.jp" }, "geometry": { "type": "Point", "coordinates": [ 130.202317099999988, 33.5508058 ] } },
{ "type": "Feature", "properties": { "内容": "訪問看護ステーションれんと【訪問看護】福岡県福岡県糸島市志摩師吉5番地10", "url": "https://www.kaigokensaku.mhlw.go.jp/40/index.php?action_kouhyou_detail_004_kani=true&JigyosyoCd=4062090024-00&ServiceCd=130&Type=search", "url2": "https://rento-vns.com" }, "geometry": { "type": "Point", "coordinates": [ 130.184403131482696, 33.565266341163856 ] } },
{ "type": "Feature", "properties": { "内容": "Smile訪問看護ステーション【訪問看護】福岡県糸島市前原東1-6-8", "url": "https://www.kaigokensaku.mhlw.go.jp/40/index.php?action_kouhyou_detail_004_kani=true&JigyosyoCd=4062090198-00&ServiceCd=130&Type=search", "url2": null }, "geometry": { "type": "Point", "coordinates": [ 130.2063724, 33.560324800000018 ] } },
{ "type": "Feature", "properties": { "内容": "訪問看護ステーションつむぎ【訪問看護】福岡県糸島市篠原東2丁目1-35井手ビル2階", "url": "https://www.kaigokensaku.mhlw.go.jp/40/index.php?action_kouhyou_detail_004_kani=true&JigyosyoCd=4062090206-00&ServiceCd=130&Type=search", "url2": "https://itokoto.com/" }, "geometry": { "type": "Point", "coordinates": [ 130.20913250000001, 33.5506983 ] } },
{ "type": "Feature", "properties": { "内容": "訪問看護ステーションGrowth糸島【訪問看護】福岡県糸島市篠原西2－16－1　ウインズ前原A棟202", "url": "https://www.kaigokensaku.mhlw.go.jp/40/index.php?action_kouhyou_detail_004_kani=true&JigyosyoCd=4062090180-00&ServiceCd=130&Type=search", "url2": "https://hksg.jp/" }, "geometry": { "type": "Point", "coordinates": [ 130.205867500000011, 33.5503164 ] } },
{ "type": "Feature", "properties": { "内容": "糸島医師会訪問看護ステーション【訪問看護】福岡県糸島市浦志５３２－１", "url": "https://www.kaigokensaku.mhlw.go.jp/40/index.php?action_kouhyou_detail_004_kani=true&JigyosyoCd=4062090008-00&ServiceCd=130&Type=search", "url2": "http://www.itosima-med.or.jp/houmon/index.htm" }, "geometry": { "type": "Point", "coordinates": [ 130.202949104229674, 33.567589830184005 ] } },
{ "type": "Feature", "properties": { "内容": "井上病院訪問看護ステーション【訪問看護】福岡県糸島市波多江699-1", "url": "https://www.kaigokensaku.mhlw.go.jp/40/index.php?action_kouhyou_detail_004_kani=true&JigyosyoCd=4062090032-00&ServiceCd=130&Type=search", "url2": "https://www.sih.or.jp" }, "geometry": { "type": "Point", "coordinates": [ 130.226337699999931, 33.5609571 ] } },
{ "type": "Feature", "properties": { "内容": "医療法人社団　昭友会　たなかクリニック【訪問看護】福岡県糸島市神在西一丁目１番15号", "url": "https://www.kaigokensaku.mhlw.go.jp/40/index.php?action_kouhyou_detail_004_kani=true&JigyosyoCd=4012010890-00&ServiceCd=130&Type=search", "url2": "http://www.itoshima-tanakaclinic.jp/" }, "geometry": { "type": "Point", "coordinates": [ 130.17714273068853, 33.54737246568159 ] } },
{ "type": "Feature", "properties": { "内容": "訪問看護ステーションten波多江【訪問看護】福岡県糸島市波多江駅北2-13-3REGIS波多江301号室", "url": "https://www.kaigokensaku.mhlw.go.jp/40/index.php?action_kouhyou_detail_004_kani=true&JigyosyoCd=4062090081-00&ServiceCd=130&Type=search", "url2": "https://ten100.jp/" }, "geometry": { "type": "Point", "coordinates": [ 130.2240289, 33.5654419 ] } },
{ "type": "Feature", "properties": { "内容": "訪問看護ステーションマイレ【訪問看護】福岡県糸島市二丈深江七丁目23番11号", "url": "https://www.kaigokensaku.mhlw.go.jp/40/index.php?action_kouhyou_detail_004_kani=true&JigyosyoCd=4062090065-00&ServiceCd=130&Type=search", "url2": "https://mairenurse0501.wixsite.com/home" }, "geometry": { "type": "Point", "coordinates": [ 130.139511399999947, 33.5143849 ] } },
{ "type": "Feature", "properties": { "内容": "naturalflow訪問看護ステーション【訪問看護】前原中央3-18-20ローズマンション402号", "url": "https://www.kaigokensaku.mhlw.go.jp/40/index.php?action_kouhyou_detail_004_kani=true&JigyosyoCd=4062090123-00&ServiceCd=130&Type=search", "url2": "https//naturalflowp.wixsit5e.com/naturalflow" }, "geometry": { "type": "Point", "coordinates": [ 130.201704799999987, 33.5600901 ] } },
{ "type": "Feature", "properties": { "内容": "訪問看護リハビリステーション　よもぎ【訪問看護】福岡県糸島市前原中央3-3-3", "url": "https://www.kaigokensaku.mhlw.go.jp/40/index.php?action_kouhyou_detail_004_kani=true&JigyosyoCd=4062090073-00&ServiceCd=130&Type=search", "url2": "https://yomogi2019.wixsite.com/yomogi" }, "geometry": { "type": "Point", "coordinates": [ 130.198106753550718, 33.560452922410633 ] } },
{ "type": "Feature", "properties": { "内容": "ホーム訪問看護リハビリステーション【訪問看護】福岡県糸島市前原駅南2丁目21-18タナカメディカルビル2F", "url": "https://www.kaigokensaku.mhlw.go.jp/40/index.php?action_kouhyou_detail_004_kani=true&JigyosyoCd=4062090115-00&ServiceCd=130&Type=search", "url2": "https://www.medicalstyle.co.jp/" }, "geometry": { "type": "Point", "coordinates": [ 130.198056231800194, 33.55524150477261 ] } },
{ "type": "Feature", "properties": { "内容": "訪問看護ステーションTOMO西【訪問看護】前原中央2-3-561階1号", "url": "https://www.kaigokensaku.mhlw.go.jp/40/index.php?action_kouhyou_detail_004_kani=true&JigyosyoCd=4062090016-00&ServiceCd=130&Type=search", "url2": "http://human-loop.com" }, "geometry": { "type": "Point", "coordinates": [ 130.199235374343857, 33.558741654574369 ] } },
{ "type": "Feature", "properties": { "内容": "Sumire訪問看護ステーション【訪問看護】福岡県那珂川市片縄東1-15-9ソレアード401", "url": "https://www.kaigokensaku.mhlw.go.jp/40/index.php?action_kouhyou_detail_004_kani=true&JigyosyoCd=4061890077-00&ServiceCd=130&Type=search", "url2": "https://sumire-hns.jp" }, "geometry": { "type": "Point", "coordinates": [ 130.426794300000012, 33.5262674 ] } },
{ "type": "Feature", "properties": { "内容": "まるいえ訪問看護ステーション【訪問看護】福岡県那珂川市中原３丁目３７ピア博多南303号", "url": "https://www.kaigokensaku.mhlw.go.jp/40/index.php?action_kouhyou_detail_004_kani=true&JigyosyoCd=4061890085-00&ServiceCd=130&Type=search", "url2": null }, "geometry": { "type": "Point", "coordinates": [ 130.4339728, 33.5163338 ] } },
{ "type": "Feature", "properties": { "内容": "有限会社ケースワーク　訪問看護ステーション【訪問看護】福岡県那珂川市大字安徳554番地１", "url": "https://www.kaigokensaku.mhlw.go.jp/40/index.php?action_kouhyou_detail_004_kani=true&JigyosyoCd=4061890010-00&ServiceCd=130&Type=search", "url2": "http://www.casework-nakagawa.com/" }, "geometry": { "type": "Point", "coordinates": [ 130.42609010000001, 33.5001198 ] } },
{ "type": "Feature", "properties": { "内容": "すこやか訪問看護ステーション【訪問看護】福岡県糟屋郡宇美町障子岳南2-22-10", "url": "https://www.kaigokensaku.mhlw.go.jp/40/index.php?action_kouhyou_detail_004_kani=true&JigyosyoCd=4060490333-00&ServiceCd=130&Type=search", "url2": null }, "geometry": { "type": "Point", "coordinates": [ 130.5383048, 33.562075154811403 ] } },
{ "type": "Feature", "properties": { "内容": "訪問看護ステーション菜の花【訪問看護】福岡県糟屋郡宇美町明神坂1丁目2番5号フォレストヴィラ進103号", "url": "https://www.kaigokensaku.mhlw.go.jp/40/index.php?action_kouhyou_detail_004_kani=true&JigyosyoCd=4060490366-00&ServiceCd=130&Type=search", "url2": null }, "geometry": { "type": "Point", "coordinates": [ 130.5120981, 33.5727833 ] } },
{ "type": "Feature", "properties": { "内容": "粕屋南訪問看護ステーション【訪問看護】福岡県糟屋郡宇美町宇美東1丁目19番18号", "url": "https://www.kaigokensaku.mhlw.go.jp/40/index.php?action_kouhyou_detail_004_kani=true&JigyosyoCd=4060490093-00&ServiceCd=130&Type=search", "url2": "http://www.kasuya-minami.or.jp" }, "geometry": { "type": "Point", "coordinates": [ 130.529007699999966, 33.5687231 ] } },
{ "type": "Feature", "properties": { "内容": "なな色訪問看護ステーション【訪問看護】福岡県糟屋郡宇美町光正寺2丁目6-22ゆうき荘1号", "url": "https://www.kaigokensaku.mhlw.go.jp/40/index.php?action_kouhyou_detail_004_kani=true&JigyosyoCd=4060490481-00&ServiceCd=130&Type=search", "url2": "https://www.nanairohoumonumi.com/" }, "geometry": { "type": "Point", "coordinates": [ 130.5014253, 33.5753932 ] } },
{ "type": "Feature", "properties": { "内容": "訪問看護ステーション　ライフケア宇美【訪問看護】福岡県糟屋郡宇美町宇美4丁目2番22号安河内ビル102号", "url": "https://www.kaigokensaku.mhlw.go.jp/40/index.php?action_kouhyou_detail_004_kani=true&JigyosyoCd=4060490291-00&ServiceCd=130&Type=search", "url2": null }, "geometry": { "type": "Point", "coordinates": [ 130.50984870000002, 33.5683702 ] } },
{ "type": "Feature", "properties": { "内容": "福岡あい訪問看護ステーション【訪問看護】福岡県糟屋郡宇美町ひばりが丘3-27-21", "url": "https://www.kaigokensaku.mhlw.go.jp/40/index.php?action_kouhyou_detail_004_kani=true&JigyosyoCd=4060490473-00&ServiceCd=130&Type=search", "url2": "https://ai-houkan.idellc.jp/" }, "geometry": { "type": "Point", "coordinates": [ 130.4898445, 33.561538 ] } },
{ "type": "Feature", "properties": { "内容": "ひよこ訪問看護ステーション福岡【訪問看護】福岡県糟屋郡篠栗町大字尾仲863-31", "url": "https://www.kaigokensaku.mhlw.go.jp/40/index.php?action_kouhyou_detail_004_kani=true&JigyosyoCd=4060490408-00&ServiceCd=130&Type=search", "url2": "https://hiyokohoumon.wixsite.com/my-site-5" }, "geometry": { "type": "Point", "coordinates": [ 130.5186658, 33.6153278 ] } },
{ "type": "Feature", "properties": { "内容": "ささぐり訪問看護ステーション【訪問看護】福岡県糟屋郡篠栗町大字金出3553", "url": "https://www.kaigokensaku.mhlw.go.jp/40/index.php?action_kouhyou_detail_004_kani=true&JigyosyoCd=4060490002-00&ServiceCd=130&Type=search", "url2": "http://www.minkodo-minohara.com/" }, "geometry": { "type": "Point", "coordinates": [ 130.535468734007281, 33.623683425858871 ] } },
{ "type": "Feature", "properties": { "内容": "訪問看護ステーション大地【訪問看護】福岡県粕屋郡篠栗町和田4丁目17-32", "url": "https://www.kaigokensaku.mhlw.go.jp/40/index.php?action_kouhyou_detail_004_kani=true&JigyosyoCd=4060490192-00&ServiceCd=130&Type=search", "url2": "https://www.daichi-guri.com" }, "geometry": { "type": "Point", "coordinates": [ 130.500363441924492, 33.632595179461582 ] } },
{ "type": "Feature", "properties": { "内容": "医療法人井上会　訪問看護ステーションさわやか【訪問看護】福岡県糟屋郡篠栗町田中1丁目10番1号", "url": "https://www.kaigokensaku.mhlw.go.jp/40/index.php?action_kouhyou_detail_004_kani=true&JigyosyoCd=4060490051-00&ServiceCd=130&Type=search", "url2": "http://www.sasaguri.or.jp" }, "geometry": { "type": "Point", "coordinates": [ 130.521462299999939, 33.6243696 ] } },
{ "type": "Feature", "properties": { "内容": "訪問看護ステーション　ラシク【訪問看護】福岡県糟屋郡志免町南里2-19-10サルヴェK都紀和501", "url": "https://www.kaigokensaku.mhlw.go.jp/40/index.php?action_kouhyou_detail_004_kani=true&JigyosyoCd=4060490523-00&ServiceCd=130&Type=search", "url2": "https://houmonkango-rasik.com" }, "geometry": { "type": "Point", "coordinates": [ 130.4730114, 33.5955155 ] } },
{ "type": "Feature", "properties": { "内容": "Calm訪問看護ステーション【訪問看護】福岡県糟屋郡志免町田富４丁目６ー３Calm101", "url": "https://www.kaigokensaku.mhlw.go.jp/40/index.php?action_kouhyou_detail_004_kani=true&JigyosyoCd=4060490531-00&ServiceCd=130&Type=search", "url2": "https://www.hospice-mind.com/" }, "geometry": { "type": "Point", "coordinates": [ 130.4790271, 33.5913508 ] } },
{ "type": "Feature", "properties": { "内容": "こころの訪問看護かすや【訪問看護】福岡県糟屋郡志免町志免東3−7−33ワイズタウンA棟102", "url": "https://www.kaigokensaku.mhlw.go.jp/40/index.php?action_kouhyou_detail_004_kani=true&JigyosyoCd=4060490465-00&ServiceCd=130&Type=search", "url2": "https://www.enishiasu.com/" }, "geometry": { "type": "Point", "coordinates": [ 130.491289249212656, 33.58224299058697 ] } },
{ "type": "Feature", "properties": { "内容": "社会医療法人栄光会　栄光会訪問看護ステーション【訪問看護】福岡県糟屋郡志免町別府西３丁目８番１５号", "url": "https://www.kaigokensaku.mhlw.go.jp/40/index.php?action_kouhyou_detail_004_kani=true&JigyosyoCd=4060490036-00&ServiceCd=130&Type=search", "url2": "http://www.eikoh.or.jp" }, "geometry": { "type": "Point", "coordinates": [ 130.463424700000019, 33.6008016 ] } },
{ "type": "Feature", "properties": { "内容": "アップルハート訪問看護ステーション糟屋【訪問看護】糟屋郡志免町南里11-5", "url": "https://www.kaigokensaku.mhlw.go.jp/40/index.php?action_kouhyou_detail_004_kani=true&JigyosyoCd=4060490168-00&ServiceCd=130&Type=search", "url2": "http://www.aso-kaigo.jp" }, "geometry": { "type": "Point", "coordinates": [ 130.477687599999967, 33.59335020000001 ] } },
{ "type": "Feature", "properties": { "内容": "社会医療法人青洲会　訪問看護ステーションあかり【訪問看護】福岡県糟屋郡志免町志免4丁目1番7号", "url": "https://www.kaigokensaku.mhlw.go.jp/40/index.php?action_kouhyou_detail_004_kani=true&JigyosyoCd=4060490341-00&ServiceCd=130&Type=search", "url2": "akari.vn@seisyukai.jp" }, "geometry": { "type": "Point", "coordinates": [ 130.4819827, 33.586591 ] } },
{ "type": "Feature", "properties": { "内容": "うえの訪問看護ステーション【訪問看護】志免2丁目10-20", "url": "https://www.kaigokensaku.mhlw.go.jp/40/index.php?action_kouhyou_detail_004_kani=true&JigyosyoCd=4060490432-00&ServiceCd=130&Type=search", "url2": "https://www.uenohospital.jp/" }, "geometry": { "type": "Point", "coordinates": [ 130.488504, 33.583294 ] } },
{ "type": "Feature", "properties": { "内容": "からだ訪問看護リハビリステーション【訪問看護】福岡県糟屋郡志免町別府北1-8-20カーサ・アヴィエント　１階", "url": "https://www.kaigokensaku.mhlw.go.jp/40/index.php?action_kouhyou_detail_004_kani=true&JigyosyoCd=4060490275-00&ServiceCd=130&Type=search", "url2": "http://karada-kk.com/" }, "geometry": { "type": "Point", "coordinates": [ 130.4555752, 33.6088339 ] } },
{ "type": "Feature", "properties": { "内容": "訪問看護ステーション　安寿【訪問看護】福岡県糟屋郡須恵町大字旅石72番地176", "url": "https://www.kaigokensaku.mhlw.go.jp/40/index.php?action_kouhyou_detail_004_kani=true&JigyosyoCd=4060490549-00&ServiceCd=130&Type=search", "url2": "yourhappiness-anjyu.com" }, "geometry": { "type": "Point", "coordinates": [ 130.4994202, 33.5839984 ] } },
{ "type": "Feature", "properties": { "内容": "あすなろ訪問看護ステーション【訪問看護】福岡県糟屋郡須恵町大字旅石115-483", "url": "https://www.kaigokensaku.mhlw.go.jp/40/index.php?action_kouhyou_detail_004_kani=true&JigyosyoCd=4060490010-00&ServiceCd=130&Type=search", "url2": "http://www.s-mito.org" }, "geometry": { "type": "Point", "coordinates": [ 130.495953999805124, 33.584250632090168 ] } },
{ "type": "Feature", "properties": { "内容": "みかさの里訪問看護ステーション【訪問看護】福岡県糟屋郡須恵町大字旅石887-7オフィスパレア須恵ⅢB-3", "url": "https://www.kaigokensaku.mhlw.go.jp/40/index.php?action_kouhyou_detail_004_kani=true&JigyosyoCd=4060490424-00&ServiceCd=130&Type=search", "url2": null }, "geometry": { "type": "Point", "coordinates": [ 130.5010976, 33.5884954 ] } },
{ "type": "Feature", "properties": { "内容": "訪問看護ステーションあんco-【訪問看護】福岡県粕屋郡新宮町大字三代４９９－１ハイライズMISHIRO101", "url": "https://www.kaigokensaku.mhlw.go.jp/40/index.php?action_kouhyou_detail_004_kani=true&JigyosyoCd=4060490374-00&ServiceCd=130&Type=search", "url2": null }, "geometry": { "type": "Point", "coordinates": [ 130.4546169, 33.6974746 ] } },
{ "type": "Feature", "properties": { "内容": "訪問看護ステーションはるうた【訪問看護】下府5-5-10", "url": "https://www.kaigokensaku.mhlw.go.jp/40/index.php?action_kouhyou_detail_004_kani=true&JigyosyoCd=4060490515-00&ServiceCd=130&Type=search", "url2": "https://houkan-haruuta.com/" }, "geometry": { "type": "Point", "coordinates": [ 130.478375, 33.737517 ] } },
{ "type": "Feature", "properties": { "内容": "訪問看護ステーション十和【訪問看護】福岡県糟屋郡新宮町三代西1丁目2番27号", "url": "https://www.kaigokensaku.mhlw.go.jp/40/index.php?action_kouhyou_detail_004_kani=true&JigyosyoCd=4060490556-00&ServiceCd=130&Type=search", "url2": "collective-towa.com/visitingnursing" }, "geometry": { "type": "Point", "coordinates": [ 130.4502343, 33.7011605 ] } },
{ "type": "Feature", "properties": { "内容": "訪問看護ステーション新宮【訪問看護】福岡県粕屋郡新宮町緑ケ浜四丁目１７番１２号メディカルホーム新宮", "url": "https://www.kaigokensaku.mhlw.go.jp/40/index.php?action_kouhyou_detail_004_kani=true&JigyosyoCd=4060490507-00&ServiceCd=130&Type=search", "url2": "https://houshikai.info/related-facilities/medical-home-singu/" }, "geometry": { "type": "Point", "coordinates": [ 130.447362600000019, 33.711361899999986 ] } },
{ "type": "Feature", "properties": { "内容": "粕屋医師会訪問看護ステーション【訪問看護】福岡県糟屋郡久山町久原3168-1", "url": "https://www.kaigokensaku.mhlw.go.jp/40/index.php?action_kouhyou_detail_004_kani=true&JigyosyoCd=4060490069-00&ServiceCd=130&Type=search", "url2": "http://www.kasuya.fukuoka.med.or.jp" }, "geometry": { "type": "Point", "coordinates": [ 130.496095400000058, 33.6401313 ] } },
{ "type": "Feature", "properties": { "内容": "彩り訪問看護ステーション【訪問看護】福岡県糟屋郡久山町大字山田1606-1", "url": "https://www.kaigokensaku.mhlw.go.jp/40/index.php?action_kouhyou_detail_004_kani=true&JigyosyoCd=4060490564-00&ServiceCd=130&Type=search", "url2": "https://irodori-houkan.com" }, "geometry": { "type": "Point", "coordinates": [ 130.4854047, 33.6553274 ] } },
{ "type": "Feature", "properties": { "内容": "訪問看護ステーション　おおぞら【訪問看護】福岡県糟屋郡粕屋町長者原西3丁目13－1", "url": "https://www.kaigokensaku.mhlw.go.jp/40/index.php?action_kouhyou_detail_004_kani=true&JigyosyoCd=4060490077-00&ServiceCd=130&Type=search", "url2": "http://www.seisyukai.jp/fukuoka/zaitaku" }, "geometry": { "type": "Point", "coordinates": [ 130.461988199999951, 33.6191637 ] } },
{ "type": "Feature", "properties": { "内容": "えん訪問看護ステーション福岡粕屋町【訪問看護】福岡県糟屋郡粕屋町長者原東4-3-20エバーライフ長者原304", "url": "https://www.kaigokensaku.mhlw.go.jp/40/index.php?action_kouhyou_detail_004_kani=true&JigyosyoCd=4060490572-00&ServiceCd=130&Type=search", "url2": "https://en-houkan.com/" }, "geometry": { "type": "Point", "coordinates": [ 130.479653399999989, 33.6192773 ] } },
{ "type": "Feature", "properties": { "内容": "スマイルケア訪問看護ステーション粕屋【訪問看護】福岡県糟屋郡粕屋町大隈1055番1", "url": "https://www.kaigokensaku.mhlw.go.jp/40/index.php?action_kouhyou_detail_004_kani=true&JigyosyoCd=4060490358-00&ServiceCd=130&Type=search", "url2": "http://www.smile-kaigo.com/" }, "geometry": { "type": "Point", "coordinates": [ 130.48981619999995, 33.6204835 ] } },
{ "type": "Feature", "properties": { "内容": "訪問看護ステーションひとごころ【訪問看護】福岡県糟屋郡粕屋町原町４丁目８番２２号１戸建て", "url": "https://www.kaigokensaku.mhlw.go.jp/40/index.php?action_kouhyou_detail_004_kani=true&JigyosyoCd=4060490325-00&ServiceCd=130&Type=search", "url2": "https://hitogokoro.com" }, "geometry": { "type": "Point", "coordinates": [ 130.464336379061336, 33.613790074076896 ] } },
{ "type": "Feature", "properties": { "内容": "訪問看護ステーション翔【訪問看護】福岡県遠賀郡芦屋町幸町2-31", "url": "https://www.kaigokensaku.mhlw.go.jp/40/index.php?action_kouhyou_detail_004_kani=true&JigyosyoCd=4066190234-00&ServiceCd=130&Type=search", "url2": null }, "geometry": { "type": "Point", "coordinates": [ 130.6629806, 33.893687200000024 ] } },
{ "type": "Feature", "properties": { "内容": "この葉訪問看護ステーション【訪問看護】大字山鹿109-2", "url": "https://www.kaigokensaku.mhlw.go.jp/40/index.php?action_kouhyou_detail_004_kani=true&JigyosyoCd=4066190093-00&ServiceCd=130&Type=search", "url2": null }, "geometry": { "type": "Point", "coordinates": [ 130.68232450000005, 33.8907929 ] } },
{ "type": "Feature", "properties": { "内容": "芦屋町訪問看護ステーション【訪問看護】福岡県遠賀郡芦屋町大字山鹿283番地7", "url": "https://www.kaigokensaku.mhlw.go.jp/40/index.php?action_kouhyou_detail_004_kani=true&JigyosyoCd=4066190119-00&ServiceCd=130&Type=search", "url2": null }, "geometry": { "type": "Point", "coordinates": [ 130.678285911367652, 33.903184610418847 ] } },
{ "type": "Feature", "properties": { "内容": "訪問看護ステーションこころ【訪問看護】福岡県遠賀郡芦屋町正門町7-11", "url": "https://www.kaigokensaku.mhlw.go.jp/40/index.php?action_kouhyou_detail_004_kani=true&JigyosyoCd=4066190176-00&ServiceCd=130&Type=search", "url2": null }, "geometry": { "type": "Point", "coordinates": [ 130.6658416, 33.8893626 ] } },
{ "type": "Feature", "properties": { "内容": "パステル訪問看護ステーション水巻【訪問看護】福岡県遠賀郡水巻町頃末北1丁目6-7", "url": "https://www.kaigokensaku.mhlw.go.jp/40/index.php?action_kouhyou_detail_004_kani=true&JigyosyoCd=4066190259-00&ServiceCd=130&Type=search", "url2": "https://pastelkango.com/" }, "geometry": { "type": "Point", "coordinates": [ 130.695580400000011, 33.8562648 ] } },
{ "type": "Feature", "properties": { "内容": "訪問看護ステーションオレンジ【訪問看護】福岡県遠賀郡水巻町猪熊5丁目2-10", "url": "https://www.kaigokensaku.mhlw.go.jp/40/index.php?action_kouhyou_detail_004_kani=true&JigyosyoCd=4066190275-00&ServiceCd=130&Type=search", "url2": null }, "geometry": { "type": "Point", "coordinates": [ 130.6870061, 33.8741359 ] } },
{ "type": "Feature", "properties": { "内容": "遠賀中間医師会訪問看護ステーション【訪問看護】福岡県遠賀郡水巻町下二西二丁目１番３３号", "url": "https://www.kaigokensaku.mhlw.go.jp/40/index.php?action_kouhyou_detail_004_kani=true&JigyosyoCd=4066190002-00&ServiceCd=130&Type=search", "url2": "http://onnaka-st.com/" }, "geometry": { "type": "Point", "coordinates": [ 130.693082900000036, 33.8496009 ] } },
{ "type": "Feature", "properties": { "内容": "株式会社シダー　あおぞらの里水巻訪問看護ステーション【訪問看護】福岡県遠賀郡水巻町頃末北２－３－１－２F", "url": "https://www.kaigokensaku.mhlw.go.jp/40/index.php?action_kouhyou_detail_004_kani=true&JigyosyoCd=4066190226-00&ServiceCd=130&Type=search", "url2": "https://cedar-group.co.jp" }, "geometry": { "type": "Point", "coordinates": [ 130.6934153, 33.8552652 ] } },
{ "type": "Feature", "properties": { "内容": "訪問看護心暖【訪問看護】福岡県遠賀郡水巻町猪熊８丁目8-7", "url": "https://www.kaigokensaku.mhlw.go.jp/40/index.php?action_kouhyou_detail_004_kani=true&JigyosyoCd=4066190200-00&ServiceCd=130&Type=search", "url2": "https://www.houmonkango-koharu.com/" }, "geometry": { "type": "Point", "coordinates": [ 130.6825974, 33.8795943 ] } },
{ "type": "Feature", "properties": { "内容": "パステル訪問看護ステーション【訪問看護】福岡県遠賀郡岡垣町東松原1-12-9クロスロードⅡ2号", "url": "https://www.kaigokensaku.mhlw.go.jp/40/index.php?action_kouhyou_detail_004_kani=true&JigyosyoCd=4066190184-00&ServiceCd=130&Type=search", "url2": "https://pastelkango.com/" }, "geometry": { "type": "Point", "coordinates": [ 130.611962799999986, 33.8537037 ] } },
{ "type": "Feature", "properties": { "内容": "訪問看護ステーション　よりそい【訪問看護】福岡県遠賀郡岡垣町旭南17－12", "url": "https://www.kaigokensaku.mhlw.go.jp/40/index.php?action_kouhyou_detail_004_kani=true&JigyosyoCd=4066190267-00&ServiceCd=130&Type=search", "url2": "yorisoihoumonn.com" }, "geometry": { "type": "Point", "coordinates": [ 130.6245902, 33.8525989 ] } },
{ "type": "Feature", "properties": { "内容": "ウィナース訪問看護ステーション【訪問看護】福岡県遠賀郡岡垣町吉木東1-25-2", "url": "https://www.kaigokensaku.mhlw.go.jp/40/index.php?action_kouhyou_detail_004_kani=true&JigyosyoCd=4066190192-00&ServiceCd=130&Type=search", "url2": "https://winurse.net" }, "geometry": { "type": "Point", "coordinates": [ 130.606894899999986, 33.857506 ] } },
{ "type": "Feature", "properties": { "内容": "高倉苑訪問看護ステーション【訪問看護】福岡県遠賀郡岡垣町公園通り１丁目7番１号", "url": "https://www.kaigokensaku.mhlw.go.jp/40/index.php?action_kouhyou_detail_004_kani=true&JigyosyoCd=4066190010-00&ServiceCd=130&Type=search", "url2": "http://www.takakuraen.com" }, "geometry": { "type": "Point", "coordinates": [ 130.611132, 33.8488887 ] } },
{ "type": "Feature", "properties": { "内容": "訪問看護ステーション　一人ひとり【訪問看護】福岡県遠賀郡遠賀町浅木三丁目10番33号", "url": "https://www.kaigokensaku.mhlw.go.jp/40/index.php?action_kouhyou_detail_004_kani=true&JigyosyoCd=4066190242-00&ServiceCd=130&Type=search", "url2": "https://onga-ongaeshi.com/" }, "geometry": { "type": "Point", "coordinates": [ 130.6699566, 33.8282943 ] } },
{ "type": "Feature", "properties": { "内容": "おんが病院　訪問看護リハビリステーション【訪問看護】福岡県遠賀郡遠賀町大字尾崎1725番地の2在宅総合支援センター内", "url": "https://www.kaigokensaku.mhlw.go.jp/40/index.php?action_kouhyou_detail_004_kani=true&JigyosyoCd=4066190127-00&ServiceCd=130&Type=search", "url2": "http://www.onnaka-med.or.jp/zaitaku/" }, "geometry": { "type": "Point", "coordinates": [ 130.639296097483793, 33.851680264973162 ] } },
{ "type": "Feature", "properties": { "内容": "浅木病院訪問看護ステーション【訪問看護】福岡県遠賀郡遠賀町浅木二丁目30番1号", "url": "https://www.kaigokensaku.mhlw.go.jp/40/index.php?action_kouhyou_detail_004_kani=true&JigyosyoCd=4066190036-00&ServiceCd=130&Type=search", "url2": "http://www.asagi-hospital.or.jp/" }, "geometry": { "type": "Point", "coordinates": [ 130.666921900000034, 33.82642 ] } },
{ "type": "Feature", "properties": { "内容": "健愛訪問看護ステーション【訪問看護】福岡県遠賀郡遠賀町木守１１９１番地", "url": "https://www.kaigokensaku.mhlw.go.jp/40/index.php?action_kouhyou_detail_004_kani=true&JigyosyoCd=4066190044-00&ServiceCd=130&Type=search", "url2": "www.kenai.or.jp" }, "geometry": { "type": "Point", "coordinates": [ 130.66736620000006, 33.8356219 ] } },
{ "type": "Feature", "properties": { "内容": "看護ステーションひまわり【訪問看護】福岡県鞍手郡小竹町大字勝野2651番地", "url": "https://www.kaigokensaku.mhlw.go.jp/40/index.php?action_kouhyou_detail_004_kani=true&JigyosyoCd=4065190086-00&ServiceCd=130&Type=search", "url2": null }, "geometry": { "type": "Point", "coordinates": [ 130.699804742282794, 33.693143066993549 ] } },
{ "type": "Feature", "properties": { "内容": "訪問看護ステーションさくらんぼ【訪問看護】福岡県鞍手郡鞍手町大字中山2225番2", "url": "https://www.kaigokensaku.mhlw.go.jp/40/index.php?action_kouhyou_detail_004_kani=true&JigyosyoCd=4065190078-00&ServiceCd=130&Type=search", "url2": null }, "geometry": { "type": "Point", "coordinates": [ 130.690503, 33.7770679 ] } },
{ "type": "Feature", "properties": { "内容": "たくみ訪問看護ステーション【訪問看護】鞍手郡鞍手町室木138-1", "url": "https://www.kaigokensaku.mhlw.go.jp/40/index.php?action_kouhyou_detail_004_kani=true&JigyosyoCd=4065190094-00&ServiceCd=130&Type=search", "url2": null }, "geometry": { "type": "Point", "coordinates": [ 130.6688604, 33.742884 ] } },
{ "type": "Feature", "properties": { "内容": "くらて病院訪問看護ステーション【訪問看護】福岡県鞍手郡鞍手町大字小牧2226番地2", "url": "https://www.kaigokensaku.mhlw.go.jp/40/index.php?action_kouhyou_detail_004_kani=true&JigyosyoCd=4065190052-00&ServiceCd=130&Type=search", "url2": "http://kurate-hp.com" }, "geometry": { "type": "Point", "coordinates": [ 130.690757791895379, 33.792032849867006 ] } },
{ "type": "Feature", "properties": { "内容": "訪問看護ステーションととと【訪問看護】福岡県朝倉郡筑前町依井943-7", "url": "https://www.kaigokensaku.mhlw.go.jp/40/index.php?action_kouhyou_detail_004_kani=true&JigyosyoCd=4063190039-00&ServiceCd=130&Type=search", "url2": null }, "geometry": { "type": "Point", "coordinates": [ 130.641128879779586, 33.431851924492314 ] } },
{ "type": "Feature", "properties": { "内容": "在宅看護センター日向ぼっこ【訪問看護】福岡県朝倉郡筑前町東小田3403番地５", "url": "https://www.kaigokensaku.mhlw.go.jp/40/index.php?action_kouhyou_detail_004_kani=true&JigyosyoCd=4063190047-00&ServiceCd=130&Type=search", "url2": "https://r.goope.jp/kohinata" }, "geometry": { "type": "Point", "coordinates": [ 130.5947471, 33.4540827 ] } },
{ "type": "Feature", "properties": { "内容": "訪問看護ステーション笑顔・ネット【訪問看護】福岡県朝倉郡筑前町東小田3450", "url": "https://www.kaigokensaku.mhlw.go.jp/40/index.php?action_kouhyou_detail_004_kani=true&JigyosyoCd=4063190054-00&ServiceCd=130&Type=search", "url2": null }, "geometry": { "type": "Point", "coordinates": [ 130.5916916, 33.452893 ] } },
{ "type": "Feature", "properties": { "内容": "おはな訪問看護ステーション【訪問看護】福岡県朝倉郡筑前町野町1788-6コーポシャトレ102号", "url": "https://www.kaigokensaku.mhlw.go.jp/40/index.php?action_kouhyou_detail_004_kani=true&JigyosyoCd=4063190021-00&ServiceCd=130&Type=search", "url2": null }, "geometry": { "type": "Point", "coordinates": [ 130.616343899999947, 33.4163355 ] } },
{ "type": "Feature", "properties": { "内容": "訪問看護きくち【訪問看護】福岡県三井郡大刀洗町山隈23番地3", "url": "https://www.kaigokensaku.mhlw.go.jp/40/index.php?action_kouhyou_detail_004_kani=true&JigyosyoCd=4063290045-00&ServiceCd=130&Type=search", "url2": null }, "geometry": { "type": "Point", "coordinates": [ 130.610310700000014, 33.4063951 ] } },
{ "type": "Feature", "properties": { "内容": "特定非営利活動法人ホームホスピスあいのさと【訪問看護】福岡県八女郡広川町大字吉常578番地3", "url": "https://www.kaigokensaku.mhlw.go.jp/40/index.php?action_kouhyou_detail_004_kani=true&JigyosyoCd=4063590055-00&ServiceCd=130&Type=search", "url2": "http://www.ai-sato.or.jp/" }, "geometry": { "type": "Point", "coordinates": [ 130.5741783, 33.2431229 ] } },
{ "type": "Feature", "properties": { "内容": "愛の手訪問看護ステーション【訪問看護】八女郡広川町新代1348-11広川ゆのそアパート204号室", "url": "https://www.kaigokensaku.mhlw.go.jp/40/index.php?action_kouhyou_detail_004_kani=true&JigyosyoCd=4063590048-00&ServiceCd=130&Type=search", "url2": "https://mi-kikaku.com" }, "geometry": { "type": "Point", "coordinates": [ 130.539293088360608, 33.258549169702206 ] } },
{ "type": "Feature", "properties": { "内容": "訪問看護ステーションひめの【訪問看護】福岡県八女郡広川町新代２３１６番地", "url": "https://www.kaigokensaku.mhlw.go.jp/40/index.php?action_kouhyou_detail_004_kani=true&JigyosyoCd=4063590022-00&ServiceCd=130&Type=search", "url2": null }, "geometry": { "type": "Point", "coordinates": [ 130.552860600000031, 33.2372733 ] } },
{ "type": "Feature", "properties": { "内容": "広川病院訪問看護ステーション　ひろかわ【訪問看護】福岡県八女郡広川町大字新代930番地", "url": "https://www.kaigokensaku.mhlw.go.jp/40/index.php?action_kouhyou_detail_004_kani=true&JigyosyoCd=4063590014-00&ServiceCd=130&Type=search", "url2": "http://www.hirokawa-hp.com/" }, "geometry": { "type": "Point", "coordinates": [ 130.5438802, 33.2506132 ] } },
{ "type": "Feature", "properties": { "内容": "さん愛訪問看護ステーション【訪問看護】福岡県田川郡香春町大字香春1660-1", "url": "https://www.kaigokensaku.mhlw.go.jp/40/index.php?action_kouhyou_detail_004_kani=true&JigyosyoCd=4065390322-00&ServiceCd=130&Type=search", "url2": "sanai_gh_0315@yahoo.co.jp" }, "geometry": { "type": "Point", "coordinates": [ 130.826251103041074, 33.666818492661847 ] } },
{ "type": "Feature", "properties": { "内容": "訪問看護ステーションみんと【訪問看護】福岡県田川郡香春町大字中津原2724仲江アパート101号", "url": "https://www.kaigokensaku.mhlw.go.jp/40/index.php?action_kouhyou_detail_004_kani=true&JigyosyoCd=4065390363-00&ServiceCd=130&Type=search", "url2": null }, "geometry": { "type": "Point", "coordinates": [ 130.8530831, 33.6470376 ] } },
{ "type": "Feature", "properties": { "内容": "訪問看護ステーション　あけぼの【訪問看護】福岡県田川郡香春町大字中津原1251-1", "url": "https://www.kaigokensaku.mhlw.go.jp/40/index.php?action_kouhyou_detail_004_kani=true&JigyosyoCd=4065390025-00&ServiceCd=130&Type=search", "url2": "https://wakoukai-gr.jp" }, "geometry": { "type": "Point", "coordinates": [ 130.8354051, 33.65685 ] } },
{ "type": "Feature", "properties": { "内容": "はろうず訪問看護ステーション【訪問看護】福岡県田川郡香春町大字中津原1246番地17", "url": "https://www.kaigokensaku.mhlw.go.jp/40/index.php?action_kouhyou_detail_004_kani=true&JigyosyoCd=4065390157-00&ServiceCd=130&Type=search", "url2": null }, "geometry": { "type": "Point", "coordinates": [ 130.837194599999947, 33.656709 ] } },
{ "type": "Feature", "properties": { "内容": "訪問看護ステーションはれるや【訪問看護】福岡県田川郡香春町大字高野1213-1", "url": "https://www.kaigokensaku.mhlw.go.jp/40/index.php?action_kouhyou_detail_004_kani=true&JigyosyoCd=4065390355-00&ServiceCd=130&Type=search", "url2": null }, "geometry": { "type": "Point", "coordinates": [ 130.844907400000011, 33.6642371 ] } },
{ "type": "Feature", "properties": { "内容": "株式会社眞希訪問看護ステーション【訪問看護】福岡県田川郡添田町大字庄2180-1", "url": "https://www.kaigokensaku.mhlw.go.jp/40/index.php?action_kouhyou_detail_004_kani=true&JigyosyoCd=4065390280-00&ServiceCd=130&Type=search", "url2": null }, "geometry": { "type": "Point", "coordinates": [ 130.840960900000027, 33.5859256 ] } },
{ "type": "Feature", "properties": { "内容": "スズラン訪問看護ステーション【訪問看護】福岡県田川郡添田町大字添田１１４６番地の１", "url": "https://www.kaigokensaku.mhlw.go.jp/40/index.php?action_kouhyou_detail_004_kani=true&JigyosyoCd=4065390371-00&ServiceCd=130&Type=search", "url2": "http://www.lifesupport-kizuna.or.jp" }, "geometry": { "type": "Point", "coordinates": [ 130.853465, 33.5665219 ] } },
{ "type": "Feature", "properties": { "内容": "りはなす訪問看護ステーション【訪問看護】福岡県田川郡糸田町２３８５", "url": "https://www.kaigokensaku.mhlw.go.jp/40/index.php?action_kouhyou_detail_004_kani=true&JigyosyoCd=4065390207-00&ServiceCd=130&Type=search", "url2": "http://www.reha-nurse.com/" }, "geometry": { "type": "Point", "coordinates": [ 130.77989041995616, 33.657158783027064 ] } },
{ "type": "Feature", "properties": { "内容": "訪問看護ステーションいいとこ【訪問看護】福岡県田川郡川崎町大字川崎１０６１－２岩口ビル１F", "url": "https://www.kaigokensaku.mhlw.go.jp/40/index.php?action_kouhyou_detail_004_kani=true&JigyosyoCd=4065390389-00&ServiceCd=130&Type=search", "url2": "http://hp.kaipoke.biz/0e7/" }, "geometry": { "type": "Point", "coordinates": [ 130.8182093, 33.5975524 ] } },
{ "type": "Feature", "properties": { "内容": "合同会社JIN　訪問看護ステーションりぼん【訪問看護】福岡県田川郡川崎町大字川崎字古大日823-4", "url": "https://www.kaigokensaku.mhlw.go.jp/40/index.php?action_kouhyou_detail_004_kani=true&JigyosyoCd=4065390306-00&ServiceCd=130&Type=search", "url2": null }, "geometry": { "type": "Point", "coordinates": [ 130.8121006, 33.5887356 ] } },
{ "type": "Feature", "properties": { "内容": "訪問看護さんきナースセンター【訪問看護】福岡県田川郡川崎町大字田原742番地の1", "url": "https://www.kaigokensaku.mhlw.go.jp/40/index.php?action_kouhyou_detail_004_kani=true&JigyosyoCd=4065390124-00&ServiceCd=130&Type=search", "url2": null }, "geometry": { "type": "Point", "coordinates": [ 130.815688963229377, 33.602732092027246 ] } },
{ "type": "Feature", "properties": { "内容": "社会保険田川病院訪問看護ステーション【訪問看護】福岡県田川郡川崎町池尻595-1", "url": "https://www.kaigokensaku.mhlw.go.jp/40/index.php?action_kouhyou_detail_004_kani=true&JigyosyoCd=4065390215-00&ServiceCd=130&Type=search", "url2": "http://www.s-tagawa-hp.tagawa.fukuoka.jp" }, "geometry": { "type": "Point", "coordinates": [ 130.799154199999947, 33.6235837 ] } },
{ "type": "Feature", "properties": { "内容": "訪問看護ステーション心【訪問看護】福岡県田川郡大任町大字今任原291番地", "url": "https://www.kaigokensaku.mhlw.go.jp/40/index.php?action_kouhyou_detail_004_kani=true&JigyosyoCd=4065390108-00&ServiceCd=130&Type=search", "url2": null }, "geometry": { "type": "Point", "coordinates": [ 130.853714399999944, 33.6124777 ] } },
{ "type": "Feature", "properties": { "内容": "リハビリ訪問看護ステーション　くるみ【訪問看護】福岡県田川郡大任町今任原２９４８番地", "url": "https://www.kaigokensaku.mhlw.go.jp/40/index.php?action_kouhyou_detail_004_kani=true&JigyosyoCd=4065390140-00&ServiceCd=130&Type=search", "url2": "https://kurumi-houkan.com/" }, "geometry": { "type": "Point", "coordinates": [ 130.844746831267912, 33.632107604437422 ] } },
{ "type": "Feature", "properties": { "内容": "ユートピア訪問看護リハビリステーション【訪問看護】福岡県田川郡赤村大字内田346−5", "url": "https://www.kaigokensaku.mhlw.go.jp/40/index.php?action_kouhyou_detail_004_kani=true&JigyosyoCd=4065690325-00&ServiceCd=130&Type=search", "url2": "http://www.utopia-gakuen.or.jp" }, "geometry": { "type": "Point", "coordinates": [ 130.8904958, 33.634449 ] } },
{ "type": "Feature", "properties": { "内容": "訪問看護ステーションすなお【訪問看護】福岡県田川郡福智町神崎1098-237", "url": "https://www.kaigokensaku.mhlw.go.jp/40/index.php?action_kouhyou_detail_004_kani=true&JigyosyoCd=4065390298-00&ServiceCd=130&Type=search", "url2": null }, "geometry": { "type": "Point", "coordinates": [ 130.758874600000013, 33.6765235 ] } },
{ "type": "Feature", "properties": { "内容": "訪問看護ステーション花楓【訪問看護】福岡県田川郡福智町伊方4845番地1", "url": "https://www.kaigokensaku.mhlw.go.jp/40/index.php?action_kouhyou_detail_004_kani=true&JigyosyoCd=4065690341-00&ServiceCd=130&Type=search", "url2": "https://kaede-houkan.amebaownd.com" }, "geometry": { "type": "Point", "coordinates": [ 130.78477860000001, 33.6799281 ] } },
{ "type": "Feature", "properties": { "内容": "あやめ訪問看護ステーション【訪問看護】福岡県田川郡福智町弁城2127-2", "url": "https://www.kaigokensaku.mhlw.go.jp/40/index.php?action_kouhyou_detail_004_kani=true&JigyosyoCd=4065390165-00&ServiceCd=130&Type=search", "url2": null }, "geometry": { "type": "Point", "coordinates": [ 130.794251, 33.6936774 ] } },
{ "type": "Feature", "properties": { "内容": "福岡県田川郡福智町伊方4233番地4【訪問看護】福岡県田川郡福智町伊方4233番地4", "url": "https://www.kaigokensaku.mhlw.go.jp/40/index.php?action_kouhyou_detail_004_kani=true&JigyosyoCd=4065390330-00&ServiceCd=130&Type=search", "url2": null }, "geometry": { "type": "Point", "coordinates": [ 130.7996142, 33.6888477 ] } },
{ "type": "Feature", "properties": { "内容": "訪問看護　リヴ【訪問看護】福岡県田川郡福智町赤池1017番地206", "url": "https://www.kaigokensaku.mhlw.go.jp/40/index.php?action_kouhyou_detail_004_kani=true&JigyosyoCd=4065390116-00&ServiceCd=130&Type=search", "url2": null }, "geometry": { "type": "Point", "coordinates": [ 130.760129537165739, 33.700003659898435 ] } },
{ "type": "Feature", "properties": { "内容": "訪問看護ステーション　にちりん【訪問看護】福岡県田川郡福智町金田952番地1", "url": "https://www.kaigokensaku.mhlw.go.jp/40/index.php?action_kouhyou_detail_004_kani=true&JigyosyoCd=4065390348-00&ServiceCd=130&Type=search", "url2": null }, "geometry": { "type": "Point", "coordinates": [ 130.781164038810459, 33.68237012826696 ] } },
{ "type": "Feature", "properties": { "内容": "Lux（ルークス）訪問看護ステーション【訪問看護】福岡県田川郡福智町伊方２８１１", "url": "https://www.kaigokensaku.mhlw.go.jp/40/index.php?action_kouhyou_detail_004_kani=true&JigyosyoCd=4065390272-00&ServiceCd=130&Type=search", "url2": "hp.kaipoke.biz/4bc/" }, "geometry": { "type": "Point", "coordinates": [ 130.80488390000005, 33.6737137 ] } },
{ "type": "Feature", "properties": { "内容": "訪問看護ステーションかわせみ【訪問看護】福岡県京都郡苅田町富久町１丁目6番地14", "url": "https://www.kaigokensaku.mhlw.go.jp/40/index.php?action_kouhyou_detail_004_kani=true&JigyosyoCd=4067390114-00&ServiceCd=130&Type=search", "url2": null }, "geometry": { "type": "Point", "coordinates": [ 130.981694, 33.77173 ] } },
{ "type": "Feature", "properties": { "内容": "訪問看護ステーション　すぺーすしっぷ【訪問看護】新津1丁目4-6カリブ202号", "url": "https://www.kaigokensaku.mhlw.go.jp/40/index.php?action_kouhyou_detail_004_kani=true&JigyosyoCd=4067390148-00&ServiceCd=130&Type=search", "url2": null }, "geometry": { "type": "Point", "coordinates": [ 130.9768056, 33.7521002 ] } },
{ "type": "Feature", "properties": { "内容": "訪問看護ステーションTAO【訪問看護】福岡県京都郡苅田町京町一丁目15-11", "url": "https://www.kaigokensaku.mhlw.go.jp/40/index.php?action_kouhyou_detail_004_kani=true&JigyosyoCd=4067390155-00&ServiceCd=130&Type=search", "url2": "https://kanda-tao.jp" }, "geometry": { "type": "Point", "coordinates": [ 130.9810043, 33.7827873 ] } },
{ "type": "Feature", "properties": { "内容": "つくし訪問看護ステーション【訪問看護】福岡県京都郡苅田町大字新津1597番地介護付き有料老人ホームメゾン・ド・プレール内1階", "url": "https://www.kaigokensaku.mhlw.go.jp/40/index.php?action_kouhyou_detail_004_kani=true&JigyosyoCd=4067390031-00&ServiceCd=130&Type=search", "url2": "http://www.youmeikai.jp/tukusi/t001.html" }, "geometry": { "type": "Point", "coordinates": [ 130.971491158225348, 33.753129505608285 ] } },
{ "type": "Feature", "properties": { "内容": "訪問看護ひかり【訪問看護】福岡県京都郡苅田町若久町2丁目1番地9", "url": "https://www.kaigokensaku.mhlw.go.jp/40/index.php?action_kouhyou_detail_004_kani=true&JigyosyoCd=4067390072-00&ServiceCd=130&Type=search", "url2": null }, "geometry": { "type": "Point", "coordinates": [ 130.974113127612668, 33.797552326374579 ] } },
{ "type": "Feature", "properties": { "内容": "ラシック訪問看護ステーション【訪問看護】福岡県京都郡苅田町与原３丁目５番地5", "url": "https://www.kaigokensaku.mhlw.go.jp/40/index.php?action_kouhyou_detail_004_kani=true&JigyosyoCd=4067390106-00&ServiceCd=130&Type=search", "url2": null }, "geometry": { "type": "Point", "coordinates": [ 130.9796857, 33.7524151 ] } },
{ "type": "Feature", "properties": { "内容": "はーとふる訪問看護ステーション【訪問看護】福岡県京都郡苅田町若久町2-18-3", "url": "https://www.kaigokensaku.mhlw.go.jp/40/index.php?action_kouhyou_detail_004_kani=true&JigyosyoCd=4067390064-00&ServiceCd=130&Type=search", "url2": null }, "geometry": { "type": "Point", "coordinates": [ 130.971124300000042, 33.7985184 ] } },
{ "type": "Feature", "properties": { "内容": "小春日和訪問看護ステーション【訪問看護】福岡県京都郡苅田町若久町1丁目7－9", "url": "https://www.kaigokensaku.mhlw.go.jp/40/index.php?action_kouhyou_detail_004_kani=true&JigyosyoCd=4067390163-00&ServiceCd=130&Type=search", "url2": null }, "geometry": { "type": "Point", "coordinates": [ 130.97629390000003, 33.79636 ] } },
{ "type": "Feature", "properties": { "内容": "はるかぜ訪問看護ステーション【訪問看護】福岡県京都郡みやこ町犀川本庄334-1", "url": "https://www.kaigokensaku.mhlw.go.jp/40/index.php?action_kouhyou_detail_004_kani=true&JigyosyoCd=4067390080-00&ServiceCd=130&Type=search", "url2": "http://hp.kaipoke.biz/2te" }, "geometry": { "type": "Point", "coordinates": [ 130.939643943377632, 33.651909741220287 ] } },
{ "type": "Feature", "properties": { "内容": "みやこ訪問看護ステーション【訪問看護】福岡県京都郡みやこ町国作６０８番地３", "url": "https://www.kaigokensaku.mhlw.go.jp/40/index.php?action_kouhyou_detail_004_kani=true&JigyosyoCd=4067390098-00&ServiceCd=130&Type=search", "url2": null }, "geometry": { "type": "Point", "coordinates": [ 130.983104531918372, 33.688639180209798 ] } },
{ "type": "Feature", "properties": { "内容": "訪問看護リハビリステーション　ライト【訪問看護】福岡県京都郡みやこ町勝山上田953-1エクセルAi　102号", "url": "https://www.kaigokensaku.mhlw.go.jp/40/index.php?action_kouhyou_detail_004_kani=true&JigyosyoCd=4067390122-00&ServiceCd=130&Type=search", "url2": null }, "geometry": { "type": "Point", "coordinates": [ 130.919805, 33.6995129 ] } },
{ "type": "Feature", "properties": { "内容": "訪問看護ステーション　さくら【訪問看護】福岡県京都郡みやこ町勝山黒田871-1恵ビル102", "url": "https://www.kaigokensaku.mhlw.go.jp/40/index.php?action_kouhyou_detail_004_kani=true&JigyosyoCd=4067390130-00&ServiceCd=130&Type=search", "url2": null }, "geometry": { "type": "Point", "coordinates": [ 130.9268218, 33.706229 ] } },
{ "type": "Feature", "properties": { "内容": "よしとみ訪問看護ステーション【訪問看護】福岡県築上郡吉富町広津611-7", "url": "https://www.kaigokensaku.mhlw.go.jp/40/index.php?action_kouhyou_detail_004_kani=true&JigyosyoCd=4067290017-00&ServiceCd=130&Type=search", "url2": "http://www.higashi-hosp.net" }, "geometry": { "type": "Point", "coordinates": [ 131.173220300000025, 33.6021596 ] } },
{ "type": "Feature", "properties": { "内容": "社会福祉法人敬愛会　訪問看護ステーションひびき【訪問看護】福岡県築上郡上毛町大字西友枝1938-1", "url": "https://www.kaigokensaku.mhlw.go.jp/40/index.php?action_kouhyou_detail_004_kani=true&JigyosyoCd=4067290041-00&ServiceCd=130&Type=search", "url2": "http://www.kei-ai-kai.com/" }, "geometry": { "type": "Point", "coordinates": [ 131.153786399999944, 33.5529098 ] } },
{ "type": "Feature", "properties": { "内容": "ほうもんかんごすてーしょん　やまもも【訪問看護】福岡県築上郡築上町大字東八田817-3", "url": "https://www.kaigokensaku.mhlw.go.jp/40/index.php?action_kouhyou_detail_004_kani=true&JigyosyoCd=4067290082-00&ServiceCd=130&Type=search", "url2": null }, "geometry": { "type": "Point", "coordinates": [ 131.045703800000013, 33.6712543 ] } },
{ "type": "Feature", "properties": { "内容": "ついき訪問看護ステーション【訪問看護】福岡県築上郡築上町上別府２５７番地3沖代アパート5号室", "url": "https://www.kaigokensaku.mhlw.go.jp/40/index.php?action_kouhyou_detail_004_kani=true&JigyosyoCd=4067290074-00&ServiceCd=130&Type=search", "url2": "tsuiki-houkan.0167@dra.bbiq.jp" }, "geometry": { "type": "Point", "coordinates": [ 131.0244226, 33.6665831 ] } },
{ "type": "Feature", "properties": { "内容": "MARSOL訪問看護ステーション【訪問看護】福岡県築上郡築上町大字湊581番地7", "url": "https://www.kaigokensaku.mhlw.go.jp/40/index.php?action_kouhyou_detail_004_kani=true&JigyosyoCd=4067290090-00&ServiceCd=130&Type=search", "url2": "mozuku-3.jimdosite.com" }, "geometry": { "type": "Point", "coordinates": [ 131.067810544801119, 33.648272406065317 ] } }
]
}
