{
"type": "FeatureCollection",
"name": "geo_40_居宅介護支援",
"crs": { "type": "name", "properties": { "name": "urn:ogc:def:crs:OGC:1.3:CRS84" } },
"features": [
{ "type": "Feature", "properties": { "内容": "ふれんどケアプランセンター【居宅介護支援】北九州市門司区永黒2丁目5-16", "url": "https://www.kaigokensaku.mhlw.go.jp/40/index.php?action_kouhyou_detail_004_kani=true&JigyosyoCd=4070101672-00&ServiceCd=430&Type=search", "url2": null }, "geometry": { "type": "Point", "coordinates": [ 130.949787506820712, 33.908221416064329 ] } },
{ "type": "Feature", "properties": { "内容": "ニチイケアセンター大里【居宅介護支援】福岡県北九州市門司区社ノ木1-17-10コーポランド社ノ木　１Ｆ", "url": "https://www.kaigokensaku.mhlw.go.jp/40/index.php?action_kouhyou_detail_004_kani=true&JigyosyoCd=4070102720-00&ServiceCd=430&Type=search", "url2": "http://www.nichiigakkan.co.jp/" }, "geometry": { "type": "Point", "coordinates": [ 130.927719600000046, 33.8932229 ] } },
{ "type": "Feature", "properties": { "内容": "ニチイケアセンター早鞆【居宅介護支援】福岡県北九州市門司区清見４丁目13-6", "url": "https://www.kaigokensaku.mhlw.go.jp/40/index.php?action_kouhyou_detail_004_kani=true&JigyosyoCd=4070101078-00&ServiceCd=430&Type=search", "url2": "http:www.nichiigakkan.co.jp" }, "geometry": { "type": "Point", "coordinates": [ 130.982757699999979, 33.9491125 ] } },
{ "type": "Feature", "properties": { "内容": "ケアプラン　泉【居宅介護支援】大里東一丁目6番25", "url": "https://www.kaigokensaku.mhlw.go.jp/40/index.php?action_kouhyou_detail_004_kani=true&JigyosyoCd=4070102969-00&ServiceCd=430&Type=search", "url2": null }, "geometry": { "type": "Point", "coordinates": [ 130.940391814911493, 33.914691755039918 ] } },
{ "type": "Feature", "properties": { "内容": "ケアプランセンターおのクリハウス【居宅介護支援】北九州市門司区吉志1丁目40-42住宅型有料老人ホームおのクリハウス", "url": "https://www.kaigokensaku.mhlw.go.jp/40/index.php?action_kouhyou_detail_004_kani=true&JigyosyoCd=4070102035-00&ServiceCd=430&Type=search", "url2": "http://onoclihouse.com/" }, "geometry": { "type": "Point", "coordinates": [ 130.972710799999959, 33.8737155 ] } },
{ "type": "Feature", "properties": { "内容": "北九州市立ふれあいむら社ノ木デイサービスセンター【居宅介護支援】北九州市門司区社ノ木二丁目4番1号", "url": "https://www.kaigokensaku.mhlw.go.jp/40/index.php?action_kouhyou_detail_004_kani=true&JigyosyoCd=4070100138-00&ServiceCd=430&Type=search", "url2": null }, "geometry": { "type": "Point", "coordinates": [ 130.928633031352234, 33.892785495406763 ] } },
{ "type": "Feature", "properties": { "内容": "有限会社　　あかりケアプランセンター【居宅介護支援】福岡県北九州市門司区吉志383-28", "url": "https://www.kaigokensaku.mhlw.go.jp/40/index.php?action_kouhyou_detail_004_kani=true&JigyosyoCd=4070101144-00&ServiceCd=430&Type=search", "url2": null }, "geometry": { "type": "Point", "coordinates": [ 130.96267320000004, 33.8603612 ] } },
{ "type": "Feature", "properties": { "内容": "合同会社ケアプランセンターさとう【居宅介護支援】福岡県北九州市門司区東本町1丁目2ｰ18", "url": "https://www.kaigokensaku.mhlw.go.jp/40/index.php?action_kouhyou_detail_004_kani=true&JigyosyoCd=4070103157-00&ServiceCd=430&Type=search", "url2": null }, "geometry": { "type": "Point", "coordinates": [ 130.9673013, 33.9480526 ] } },
{ "type": "Feature", "properties": { "内容": "居宅介護支援センターもじ【居宅介護支援】北九州市門司区黒川西二丁目6番2号", "url": "https://www.kaigokensaku.mhlw.go.jp/40/index.php?action_kouhyou_detail_004_kani=true&JigyosyoCd=4070102019-00&ServiceCd=430&Type=search", "url2": null }, "geometry": { "type": "Point", "coordinates": [ 130.9808504, 33.9194604 ] } },
{ "type": "Feature", "properties": { "内容": "北九州福祉サービス株式会社ケアプランサービスセンター門司【居宅介護支援】福岡県北九州市門司区小森江三丁目12番10号", "url": "https://www.kaigokensaku.mhlw.go.jp/40/index.php?action_kouhyou_detail_004_kani=true&JigyosyoCd=4070102258-00&ServiceCd=430&Type=search", "url2": "http://www.kitafuku.co.jp/" }, "geometry": { "type": "Point", "coordinates": [ 130.939433863855044, 33.915630349548913 ] } },
{ "type": "Feature", "properties": { "内容": "ニチイケアセンター門司【居宅介護支援】福岡県北九州市門司区錦町4番22号", "url": "https://www.kaigokensaku.mhlw.go.jp/40/index.php?action_kouhyou_detail_004_kani=true&JigyosyoCd=4070100260-00&ServiceCd=430&Type=search", "url2": "http://www.nichiigakkan.co.jp" }, "geometry": { "type": "Point", "coordinates": [ 130.967728699999952, 33.9444242 ] } },
{ "type": "Feature", "properties": { "内容": "ケアライフ門司ケアプランセンター【居宅介護支援】福岡県北九州市門司区寺内5丁目2番1号", "url": "https://www.kaigokensaku.mhlw.go.jp/40/index.php?action_kouhyou_detail_004_kani=true&JigyosyoCd=4070101557-00&ServiceCd=430&Type=search", "url2": "https://bestlife1165.com/" }, "geometry": { "type": "Point", "coordinates": [ 130.949037, 33.9037753 ] } },
{ "type": "Feature", "properties": { "内容": "さわやかケアプランセンター門司【居宅介護支援】福岡県北九州市門司区大字畑1543-1", "url": "https://www.kaigokensaku.mhlw.go.jp/40/index.php?action_kouhyou_detail_004_kani=true&JigyosyoCd=4070101508-00&ServiceCd=430&Type=search", "url2": "http://www.sawayakaclub.jp" }, "geometry": { "type": "Point", "coordinates": [ 130.974860499999977, 33.876493 ] } },
{ "type": "Feature", "properties": { "内容": "日赤豊寿園ケアプランセンター【居宅介護支援】福岡県北九州市門司区大字畑1808-5", "url": "https://www.kaigokensaku.mhlw.go.jp/40/index.php?action_kouhyou_detail_004_kani=true&JigyosyoCd=4070100054-00&ServiceCd=430&Type=search", "url2": "http://nissekihoujuen.jp" }, "geometry": { "type": "Point", "coordinates": [ 130.97223716328017, 33.876683781247401 ] } },
{ "type": "Feature", "properties": { "内容": "鳥巣病院居宅介護支援センター【居宅介護支援】福岡県北九州市門司区吉志５丁目２番２号", "url": "https://www.kaigokensaku.mhlw.go.jp/40/index.php?action_kouhyou_detail_004_kani=true&JigyosyoCd=4070100088-00&ServiceCd=430&Type=search", "url2": "http://www.torisu-hp.or.jp" }, "geometry": { "type": "Point", "coordinates": [ 130.96094549999998, 33.8651967 ] } },
{ "type": "Feature", "properties": { "内容": "松和園在宅介護支援センター【居宅介護支援】北九州市門司区中町1番33号松栄ビル", "url": "https://www.kaigokensaku.mhlw.go.jp/40/index.php?action_kouhyou_detail_004_kani=true&JigyosyoCd=4070100096-00&ServiceCd=430&Type=search", "url2": "http://www.showaen.or.jp" }, "geometry": { "type": "Point", "coordinates": [ 130.9337765, 33.9048631 ] } },
{ "type": "Feature", "properties": { "内容": "居宅介護支援センター　かすが【居宅介護支援】福岡県北九州市門司春日町22番1号", "url": "https://www.kaigokensaku.mhlw.go.jp/40/index.php?action_kouhyou_detail_004_kani=true&JigyosyoCd=4070100278-00&ServiceCd=430&Type=search", "url2": "http://www.yojuen.com/kasuga/" }, "geometry": { "type": "Point", "coordinates": [ 130.97274637905582, 33.929571909173752 ] } },
{ "type": "Feature", "properties": { "内容": "介護支援センター　だんらん【居宅介護支援】北九州市門司区大里東二丁目15番17号エクレール大里　１０７", "url": "https://www.kaigokensaku.mhlw.go.jp/40/index.php?action_kouhyou_detail_004_kani=true&JigyosyoCd=4070100708-00&ServiceCd=430&Type=search", "url2": null }, "geometry": { "type": "Point", "coordinates": [ 130.943159653689577, 33.911896237402672 ] } },
{ "type": "Feature", "properties": { "内容": "ケアハウス好日苑ケアプランセンター【居宅介護支援】福岡県北九州市門司区大里戸ノ上４丁目１番40号", "url": "https://www.kaigokensaku.mhlw.go.jp/40/index.php?action_kouhyou_detail_004_kani=true&JigyosyoCd=4070101052-00&ServiceCd=430&Type=search", "url2": "https://www.koujitsuen.com/" }, "geometry": { "type": "Point", "coordinates": [ 130.945967900000028, 33.9025476 ] } },
{ "type": "Feature", "properties": { "内容": "ケアステーション笑顔【居宅介護支援】北九州市門司区東本町１丁目2-3ラフォンテ門司", "url": "https://www.kaigokensaku.mhlw.go.jp/40/index.php?action_kouhyou_detail_004_kani=true&JigyosyoCd=4070101177-00&ServiceCd=430&Type=search", "url2": null }, "geometry": { "type": "Point", "coordinates": [ 130.966895499999964, 33.9477988 ] } },
{ "type": "Feature", "properties": { "内容": "ケアプランセンターしあわせ【居宅介護支援】福岡県北九州市門司区錦町4番26号", "url": "https://www.kaigokensaku.mhlw.go.jp/40/index.php?action_kouhyou_detail_004_kani=true&JigyosyoCd=4070101201-00&ServiceCd=430&Type=search", "url2": null }, "geometry": { "type": "Point", "coordinates": [ 130.967518423160755, 33.944326800137965 ] } },
{ "type": "Feature", "properties": { "内容": "晴山会ケアプランセンター【居宅介護支援】福岡県北九州市門司区柳町１-2-1", "url": "https://www.kaigokensaku.mhlw.go.jp/40/index.php?action_kouhyou_detail_004_kani=true&JigyosyoCd=4070101458-00&ServiceCd=430&Type=search", "url2": "http://www.seizankaiｰclinic.com" }, "geometry": { "type": "Point", "coordinates": [ 130.935732599999938, 33.9055779 ] } },
{ "type": "Feature", "properties": { "内容": "ケアプランセンターさみどり【居宅介護支援】福岡県北九州市門司区大里戸ノ上一丁目１５番６号", "url": "https://www.kaigokensaku.mhlw.go.jp/40/index.php?action_kouhyou_detail_004_kani=true&JigyosyoCd=4070101789-00&ServiceCd=430&Type=search", "url2": null }, "geometry": { "type": "Point", "coordinates": [ 130.939671667984044, 33.906644541026054 ] } },
{ "type": "Feature", "properties": { "内容": "ケアプランセンターなごみ【居宅介護支援】福岡県北九州市門司区大里戸の上１丁目９－２６－２０５丸正ビル", "url": "https://www.kaigokensaku.mhlw.go.jp/40/index.php?action_kouhyou_detail_004_kani=true&JigyosyoCd=4070101847-00&ServiceCd=430&Type=search", "url2": null }, "geometry": { "type": "Point", "coordinates": [ 130.938215200000059, 33.9062216 ] } },
{ "type": "Feature", "properties": { "内容": "ケアプラン　グリーン　合同会社【居宅介護支援】福岡県北九州市門司区柳原町２番１８号", "url": "https://www.kaigokensaku.mhlw.go.jp/40/index.php?action_kouhyou_detail_004_kani=true&JigyosyoCd=4070102902-00&ServiceCd=430&Type=search", "url2": null }, "geometry": { "type": "Point", "coordinates": [ 130.932750599999963, 33.8972136 ] } },
{ "type": "Feature", "properties": { "内容": "居宅支援センターえーる【居宅介護支援】福岡県北九州市門司区清見一丁目１０番３号（第１ユタカビル３０３）", "url": "https://www.kaigokensaku.mhlw.go.jp/40/index.php?action_kouhyou_detail_004_kani=true&JigyosyoCd=4070102910-00&ServiceCd=430&Type=search", "url2": null }, "geometry": { "type": "Point", "coordinates": [ 130.974140900000066, 33.9498269 ] } },
{ "type": "Feature", "properties": { "内容": "ケアプランセンターもじっこ【居宅介護支援】福岡県北九州市門司区東門司2丁目4-18あきたけ医院", "url": "https://www.kaigokensaku.mhlw.go.jp/40/index.php?action_kouhyou_detail_004_kani=true&JigyosyoCd=4070102951-00&ServiceCd=430&Type=search", "url2": "https://akitake-iin.com/related_facilities03.html" }, "geometry": { "type": "Point", "coordinates": [ 130.9723581, 33.9487872 ] } },
{ "type": "Feature", "properties": { "内容": "ケアプラン　オリジン【居宅介護支援】福岡県北九州市門司区原町別院4-15アスティー別院303", "url": "https://www.kaigokensaku.mhlw.go.jp/40/index.php?action_kouhyou_detail_004_kani=true&JigyosyoCd=4070103009-00&ServiceCd=430&Type=search", "url2": null }, "geometry": { "type": "Point", "coordinates": [ 130.9279187, 33.8978655 ] } },
{ "type": "Feature", "properties": { "内容": "アイリスケアプランセンター【居宅介護支援】福岡県北九州市門司区上馬寄1丁目3番28号", "url": "https://www.kaigokensaku.mhlw.go.jp/40/index.php?action_kouhyou_detail_004_kani=true&JigyosyoCd=4070103082-00&ServiceCd=430&Type=search", "url2": null }, "geometry": { "type": "Point", "coordinates": [ 130.9281892, 33.8913239 ] } },
{ "type": "Feature", "properties": { "内容": "サポートセンター門司　ケアプランサービス【居宅介護支援】福岡県北九州市門司区松原１丁目３番８号", "url": "https://www.kaigokensaku.mhlw.go.jp/40/index.php?action_kouhyou_detail_004_kani=true&JigyosyoCd=4070102530-00&ServiceCd=430&Type=search", "url2": "http://www.hibiki.or.jp/hibikitop.html" }, "geometry": { "type": "Point", "coordinates": [ 130.92459759999997, 33.9008589 ] } },
{ "type": "Feature", "properties": { "内容": "門司区医師会ケア・マネージサービス【居宅介護支援】福岡県北九州市門司区小森江三丁目12番11号", "url": "https://www.kaigokensaku.mhlw.go.jp/40/index.php?action_kouhyou_detail_004_kani=true&JigyosyoCd=4070100070-00&ServiceCd=430&Type=search", "url2": "http://www.moji-med.or.jp" }, "geometry": { "type": "Point", "coordinates": [ 130.939145899999971, 33.9148963 ] } },
{ "type": "Feature", "properties": { "内容": "社会福祉法人陽光会居宅介護支援センター【居宅介護支援】福岡県北九州市門司区大字田野浦1024番地6", "url": "https://www.kaigokensaku.mhlw.go.jp/40/index.php?action_kouhyou_detail_004_kani=true&JigyosyoCd=4070100245-00&ServiceCd=430&Type=search", "url2": null }, "geometry": { "type": "Point", "coordinates": [ 130.99893265297851, 33.960883012950362 ] } },
{ "type": "Feature", "properties": { "内容": "パナソニック　エイジフリーケアセンター門司・ケアマネジメント【居宅介護支援】下二十町11-10ロイヤルレッドビル1階", "url": "https://www.kaigokensaku.mhlw.go.jp/40/index.php?action_kouhyou_detail_004_kani=true&JigyosyoCd=4070102746-00&ServiceCd=430&Type=search", "url2": null }, "geometry": { "type": "Point", "coordinates": [ 130.940951400000017, 33.9108245 ] } },
{ "type": "Feature", "properties": { "内容": "青葉ケアプランサービス【居宅介護支援】青葉台9番6号", "url": "https://www.kaigokensaku.mhlw.go.jp/40/index.php?action_kouhyou_detail_004_kani=true&JigyosyoCd=4070102134-00&ServiceCd=430&Type=search", "url2": null }, "geometry": { "type": "Point", "coordinates": [ 138.031581599999981, 34.7719583 ] } },
{ "type": "Feature", "properties": { "内容": "プラン学研都市【居宅介護支援】北九州市若松区小敷ひびきの二丁目23-13PASEOA棟", "url": "https://www.kaigokensaku.mhlw.go.jp/40/index.php?action_kouhyou_detail_004_kani=true&JigyosyoCd=4070201977-00&ServiceCd=430&Type=search", "url2": null }, "geometry": { "type": "Point", "coordinates": [ 130.703244814294408, 33.894943273221408 ] } },
{ "type": "Feature", "properties": { "内容": "ケアプランセンター　ともしび【居宅介護支援】福岡県北九州市若松区東小石町6-36", "url": "https://www.kaigokensaku.mhlw.go.jp/40/index.php?action_kouhyou_detail_004_kani=true&JigyosyoCd=4070200623-00&ServiceCd=430&Type=search", "url2": null }, "geometry": { "type": "Point", "coordinates": [ 130.794906597700447, 33.918338303047797 ] } },
{ "type": "Feature", "properties": { "内容": "居宅介護支援センター　　ライフポート若松【居宅介護支援】北九州市若松区藤ノ木２丁目１番２２号", "url": "https://www.kaigokensaku.mhlw.go.jp/40/index.php?action_kouhyou_detail_004_kani=true&JigyosyoCd=4070200235-00&ServiceCd=430&Type=search", "url2": "http://www.lifeport.or.jp" }, "geometry": { "type": "Point", "coordinates": [ 130.781265399999938, 33.89279 ] } },
{ "type": "Feature", "properties": { "内容": "ケアサポートやわらぎ【居宅介護支援】福岡県北九州市若松区大字頓田736番地5", "url": "https://www.kaigokensaku.mhlw.go.jp/40/index.php?action_kouhyou_detail_004_kani=true&JigyosyoCd=4070201803-00&ServiceCd=430&Type=search", "url2": null }, "geometry": { "type": "Point", "coordinates": [ 130.729958099999976, 33.8968303 ] } },
{ "type": "Feature", "properties": { "内容": "医療法人松島医院　遊友館ケアプランセンター【居宅介護支援】福岡県北九州市若松区高須北3丁目1番46号", "url": "https://www.kaigokensaku.mhlw.go.jp/40/index.php?action_kouhyou_detail_004_kani=true&JigyosyoCd=4070202058-00&ServiceCd=430&Type=search", "url2": null }, "geometry": { "type": "Point", "coordinates": [ 130.689265400000068, 33.8907125 ] } },
{ "type": "Feature", "properties": { "内容": "こいしの郷ケアプランセンター【居宅介護支援】福岡県北九州市若松区原町8-26", "url": "https://www.kaigokensaku.mhlw.go.jp/40/index.php?action_kouhyou_detail_004_kani=true&JigyosyoCd=4070202223-00&ServiceCd=430&Type=search", "url2": null }, "geometry": { "type": "Point", "coordinates": [ 130.793533199999956, 33.916421 ] } },
{ "type": "Feature", "properties": { "内容": "麻の葉ケアプランセンター【居宅介護支援】東二島５丁目２番１９号フレンテ二島１０３", "url": "https://www.kaigokensaku.mhlw.go.jp/40/index.php?action_kouhyou_detail_004_kani=true&JigyosyoCd=4070202280-00&ServiceCd=430&Type=search", "url2": "http://hp.kaipoke.biz/5us/" }, "geometry": { "type": "Point", "coordinates": [ 130.749583, 33.889663 ] } },
{ "type": "Feature", "properties": { "内容": "玄海介護保険支援センター【居宅介護支援】福岡県北九州市若松区大字有毛2924", "url": "https://www.kaigokensaku.mhlw.go.jp/40/index.php?action_kouhyou_detail_004_kani=true&JigyosyoCd=4070200110-00&ServiceCd=430&Type=search", "url2": "ｈｔｔｐ；//www.seishukai.jp" }, "geometry": { "type": "Point", "coordinates": [ 130.689030799999955, 33.9340499 ] } },
{ "type": "Feature", "properties": { "内容": "なでしこ館ケアプランセンター【居宅介護支援】福岡県北九州市若松区片山１丁目５番33号", "url": "https://www.kaigokensaku.mhlw.go.jp/40/index.php?action_kouhyou_detail_004_kani=true&JigyosyoCd=4070201704-00&ServiceCd=430&Type=search", "url2": null }, "geometry": { "type": "Point", "coordinates": [ 130.7424294, 33.89963 ] } },
{ "type": "Feature", "properties": { "内容": "月うさぎケアプランセンター【居宅介護支援】福岡県北九州市若松区畠田3-5-36-102", "url": "https://www.kaigokensaku.mhlw.go.jp/40/index.php?action_kouhyou_detail_004_kani=true&JigyosyoCd=4070704913-00&ServiceCd=430&Type=search", "url2": null }, "geometry": { "type": "Point", "coordinates": [ 130.742772008598337, 33.902608414518035 ] } },
{ "type": "Feature", "properties": { "内容": "ケアプランめぐり【居宅介護支援】福岡県北九州市若松区畠田３丁目７４９番１", "url": "https://www.kaigokensaku.mhlw.go.jp/40/index.php?action_kouhyou_detail_004_kani=true&JigyosyoCd=4070202363-00&ServiceCd=430&Type=search", "url2": "www.nozomi-sogopuran.com" }, "geometry": { "type": "Point", "coordinates": [ 130.746267100000011, 33.8993416 ] } },
{ "type": "Feature", "properties": { "内容": "北九州福祉サービス株式会社ケアプランサービスセンター若松【居宅介護支援】北九州市若松区二島６丁目４－３７", "url": "https://www.kaigokensaku.mhlw.go.jp/40/index.php?action_kouhyou_detail_004_kani=true&JigyosyoCd=4070201985-00&ServiceCd=430&Type=search", "url2": "http://www.kitafuku.co.jp" }, "geometry": { "type": "Point", "coordinates": [ 130.736644890552611, 33.892597488389306 ] } },
{ "type": "Feature", "properties": { "内容": "いきいき青葉台ケアプランセンター【居宅介護支援】北九州市若松区青葉台西６丁目２－１１", "url": "https://www.kaigokensaku.mhlw.go.jp/40/index.php?action_kouhyou_detail_004_kani=true&JigyosyoCd=4070200490-00&ServiceCd=430&Type=search", "url2": "http://kaigo-ikik.com/" }, "geometry": { "type": "Point", "coordinates": [ 130.68095738536681, 33.903903689900339 ] } },
{ "type": "Feature", "properties": { "内容": "社会福祉法人八健会　ケアプランセンター若松【居宅介護支援】福岡県北九州市若松区西園町9-21", "url": "https://www.kaigokensaku.mhlw.go.jp/40/index.php?action_kouhyou_detail_004_kani=true&JigyosyoCd=4070200383-00&ServiceCd=430&Type=search", "url2": null }, "geometry": { "type": "Point", "coordinates": [ 130.802022446032623, 33.910378463855551 ] } },
{ "type": "Feature", "properties": { "内容": "Ｓ＆Ｓケアプランセンター【居宅介護支援】福岡県北九州市若松区棚田町１１番１６号", "url": "https://www.kaigokensaku.mhlw.go.jp/40/index.php?action_kouhyou_detail_004_kani=true&JigyosyoCd=4070202041-00&ServiceCd=430&Type=search", "url2": null }, "geometry": { "type": "Point", "coordinates": [ 130.789628673016267, 33.913797781344201 ] } },
{ "type": "Feature", "properties": { "内容": "たんぽぽケアプランサービス【居宅介護支援】福岡県北九州市若松区赤島町6-6", "url": "https://www.kaigokensaku.mhlw.go.jp/40/index.php?action_kouhyou_detail_004_kani=true&JigyosyoCd=4070500394-00&ServiceCd=430&Type=search", "url2": null }, "geometry": { "type": "Point", "coordinates": [ 130.782559699999979, 33.893739900000014 ] } },
{ "type": "Feature", "properties": { "内容": "ケアサポートふりぃ【居宅介護支援】福岡県北九州市若松区高須南１丁目11-7-102", "url": "https://www.kaigokensaku.mhlw.go.jp/40/index.php?action_kouhyou_detail_004_kani=true&JigyosyoCd=4070707700-00&ServiceCd=430&Type=search", "url2": null }, "geometry": { "type": "Point", "coordinates": [ 130.7100345, 33.8781569 ] } },
{ "type": "Feature", "properties": { "内容": "ケアプランセンターすずらんの家【居宅介護支援】福岡県北九州市若松区大字畠田25-1すずらんの家", "url": "https://www.kaigokensaku.mhlw.go.jp/40/index.php?action_kouhyou_detail_004_kani=true&JigyosyoCd=4070201688-00&ServiceCd=430&Type=search", "url2": null }, "geometry": { "type": "Point", "coordinates": [ 130.743232387388616, 33.901391099518776 ] } },
{ "type": "Feature", "properties": { "内容": "芳野病院【居宅介護支援】福岡県北九州市若松区本町2丁目１５－６", "url": "https://www.kaigokensaku.mhlw.go.jp/40/index.php?action_kouhyou_detail_004_kani=true&JigyosyoCd=4016519490-00&ServiceCd=430&Type=search", "url2": "http://www.yoshino-hp.com" }, "geometry": { "type": "Point", "coordinates": [ 130.810143, 33.9024536 ] } },
{ "type": "Feature", "properties": { "内容": "グリーン・ヒル若松　居宅介護支援事業所【居宅介護支援】福岡県北九州市若松区小敷ひびきの1丁目10番1号介護老人保健施設　グリーン・ヒル若松", "url": "https://www.kaigokensaku.mhlw.go.jp/40/index.php?action_kouhyou_detail_004_kani=true&JigyosyoCd=4056580071-00&ServiceCd=430&Type=search", "url2": "http://www.wakato.or.jp/green_hil/index.html" }, "geometry": { "type": "Point", "coordinates": [ 130.705128648409982, 33.896866169903809 ] } },
{ "type": "Feature", "properties": { "内容": "医療法人　秀英会　新庄整形外科医院居宅介護支援事業所【居宅介護支援】福岡県北九州市若松区東二島４丁目４－１", "url": "https://www.kaigokensaku.mhlw.go.jp/40/index.php?action_kouhyou_detail_004_kani=true&JigyosyoCd=4070200029-00&ServiceCd=430&Type=search", "url2": null }, "geometry": { "type": "Point", "coordinates": [ 130.751873599999954, 33.8883981 ] } },
{ "type": "Feature", "properties": { "内容": "ケアプランセンターひびき【居宅介護支援】北九州市若松区大字安屋3310-3", "url": "https://www.kaigokensaku.mhlw.go.jp/40/index.php?action_kouhyou_detail_004_kani=true&JigyosyoCd=4070200037-00&ServiceCd=430&Type=search", "url2": "http://www.hibiki.or.jp" }, "geometry": { "type": "Point", "coordinates": [ 130.700818199999958, 33.9358334 ] } },
{ "type": "Feature", "properties": { "内容": "若松区医師会トータルケアコーディネーション【居宅介護支援】北九州市若松区藤ノ木二丁目1番29号", "url": "https://www.kaigokensaku.mhlw.go.jp/40/index.php?action_kouhyou_detail_004_kani=true&JigyosyoCd=4070200052-00&ServiceCd=430&Type=search", "url2": "http://www.mmjp.or.jp/wakamatsu-med/bekkan/total.htm" }, "geometry": { "type": "Point", "coordinates": [ 130.782137499999976, 33.8927039 ] } },
{ "type": "Feature", "properties": { "内容": "株式会社芳野ケアサポートケアプランセンター【居宅介護支援】福岡県北九州市若松区本町2丁目3-1", "url": "https://www.kaigokensaku.mhlw.go.jp/40/index.php?action_kouhyou_detail_004_kani=true&JigyosyoCd=4070200243-00&ServiceCd=430&Type=search", "url2": "http//www.yoshino-care.com" }, "geometry": { "type": "Point", "coordinates": [ 130.808970899999963, 33.9046977 ] } },
{ "type": "Feature", "properties": { "内容": "ケアプランセンターめぐみ【居宅介護支援】福岡県北九州市若松区大字安瀬64番地の131", "url": "https://www.kaigokensaku.mhlw.go.jp/40/index.php?action_kouhyou_detail_004_kani=true&JigyosyoCd=4070200672-00&ServiceCd=430&Type=search", "url2": "http://www16.ocn.ne.jp/~wakataku/" }, "geometry": { "type": "Point", "coordinates": [ 130.797641399999947, 33.9215843 ] } },
{ "type": "Feature", "properties": { "内容": "ひびき荘第２ケアプランセンター【居宅介護支援】北九州若松区西園町11-28", "url": "https://www.kaigokensaku.mhlw.go.jp/40/index.php?action_kouhyou_detail_004_kani=true&JigyosyoCd=4070200763-00&ServiceCd=430&Type=search", "url2": "http://www.hibikisoudai2@hibiki．or．jp" }, "geometry": { "type": "Point", "coordinates": [ 130.801913199999944, 33.9092803 ] } },
{ "type": "Feature", "properties": { "内容": "医療法人　優和会　こが医院　しあわせケアプランセンター【居宅介護支援】福岡県北九州市若松区下原町4-11", "url": "https://www.kaigokensaku.mhlw.go.jp/40/index.php?action_kouhyou_detail_004_kani=true&JigyosyoCd=4070201217-00&ServiceCd=430&Type=search", "url2": "http://www.kogaiin.com/" }, "geometry": { "type": "Point", "coordinates": [ 130.7912864, 33.916668 ] } },
{ "type": "Feature", "properties": { "内容": "ケアプランサービス　けやき【居宅介護支援】福岡県北九州市若松区原町16番11号", "url": "https://www.kaigokensaku.mhlw.go.jp/40/index.php?action_kouhyou_detail_004_kani=true&JigyosyoCd=4070201407-00&ServiceCd=430&Type=search", "url2": "http://www.e-keyaki.jp" }, "geometry": { "type": "Point", "coordinates": [ 130.790893054769896, 33.917756974738445 ] } },
{ "type": "Feature", "properties": { "内容": "株式会社こぐま　ケアプランセンターこぐま【居宅介護支援】福岡県北九州市若松区鴨生田３丁目３－１４", "url": "https://www.kaigokensaku.mhlw.go.jp/40/index.php?action_kouhyou_detail_004_kani=true&JigyosyoCd=4070201431-00&ServiceCd=430&Type=search", "url2": "koguma4475@yahoo.co.jp" }, "geometry": { "type": "Point", "coordinates": [ 130.737293799999946, 33.8965415 ] } },
{ "type": "Feature", "properties": { "内容": "ケアプランセンター　マーガレット【居宅介護支援】福岡県北九州市若松区高須南5丁目4－26", "url": "https://www.kaigokensaku.mhlw.go.jp/40/index.php?action_kouhyou_detail_004_kani=true&JigyosyoCd=4070201829-00&ServiceCd=430&Type=search", "url2": null }, "geometry": { "type": "Point", "coordinates": [ 130.688502, 33.8860186 ] } },
{ "type": "Feature", "properties": { "内容": "ケアチームそら【居宅介護支援】福岡県北九州市若松区ひびきの南二丁目２１番２８－２０８号", "url": "https://www.kaigokensaku.mhlw.go.jp/40/index.php?action_kouhyou_detail_004_kani=true&JigyosyoCd=4070202025-00&ServiceCd=430&Type=search", "url2": null }, "geometry": { "type": "Point", "coordinates": [ 130.7046388, 33.8873969 ] } },
{ "type": "Feature", "properties": { "内容": "産業医科大学若松病院居宅介護支援事業所【居宅介護支援】福岡県北九州市若松区浜町1丁目17番1号", "url": "https://www.kaigokensaku.mhlw.go.jp/40/index.php?action_kouhyou_detail_004_kani=true&JigyosyoCd=4070202074-00&ServiceCd=430&Type=search", "url2": "https://www.uoeh-u.ac.jp/wakamatsu/hospital_intro/homonkango.html" }, "geometry": { "type": "Point", "coordinates": [ 130.8119067, 33.9076003 ] } },
{ "type": "Feature", "properties": { "内容": "ツクイ若松青葉台【居宅介護支援】青葉台南三丁目1番2号", "url": "https://www.kaigokensaku.mhlw.go.jp/40/index.php?action_kouhyou_detail_004_kani=true&JigyosyoCd=4070202322-00&ServiceCd=430&Type=search", "url2": null }, "geometry": { "type": "Point", "coordinates": [ 130.696882200000033, 33.885722800000018 ] } },
{ "type": "Feature", "properties": { "内容": "アップルハート北九州ケアステーション【居宅介護支援】福岡県北九州市若松区桜町６－３", "url": "https://www.kaigokensaku.mhlw.go.jp/40/index.php?action_kouhyou_detail_004_kani=true&JigyosyoCd=4070600038-00&ServiceCd=430&Type=search", "url2": "http://www.aso-group.co.jp/ams" }, "geometry": { "type": "Point", "coordinates": [ 130.807315499999959, 33.9087611 ] } },
{ "type": "Feature", "properties": { "内容": "ケアプランつくし【居宅介護支援】福岡県北九州市若松区中畑町２０番４１号", "url": "https://www.kaigokensaku.mhlw.go.jp/40/index.php?action_kouhyou_detail_004_kani=true&JigyosyoCd=4070202132-00&ServiceCd=430&Type=search", "url2": null }, "geometry": { "type": "Point", "coordinates": [ 130.786447899999985, 33.9086049 ] } },
{ "type": "Feature", "properties": { "内容": "アピス【居宅介護支援】北九州市若松区大字蜑住１６３４－１", "url": "https://www.kaigokensaku.mhlw.go.jp/40/index.php?action_kouhyou_detail_004_kani=true&JigyosyoCd=4070704061-00&ServiceCd=430&Type=search", "url2": "http://www.kaigoaoba.com" }, "geometry": { "type": "Point", "coordinates": [ 130.712526100000019, 33.9023986 ] } },
{ "type": "Feature", "properties": { "内容": "あゆみケアプランサービス【居宅介護支援】福岡県北九州市若松区大字頓田1431番地３２", "url": "https://www.kaigokensaku.mhlw.go.jp/40/index.php?action_kouhyou_detail_004_kani=true&JigyosyoCd=4070201415-00&ServiceCd=430&Type=search", "url2": null }, "geometry": { "type": "Point", "coordinates": [ 130.730024599999979, 33.9060273 ] } },
{ "type": "Feature", "properties": { "内容": "こいしの郷ケアプランセンター【居宅介護支援】原町8-26", "url": "https://www.kaigokensaku.mhlw.go.jp/40/index.php?action_kouhyou_detail_004_kani=true&JigyosyoCd=4070202421-00&ServiceCd=430&Type=search", "url2": null }, "geometry": { "type": "Point", "coordinates": [ 139.7236915, 35.6993838 ] } },
{ "type": "Feature", "properties": { "内容": "ケアプランセンターなずな【居宅介護支援】北九州市若松区畠田3丁目2-29", "url": "https://www.kaigokensaku.mhlw.go.jp/40/index.php?action_kouhyou_detail_004_kani=true&JigyosyoCd=4070200508-00&ServiceCd=430&Type=search", "url2": "http://nazuna.fukuoka.jp/" }, "geometry": { "type": "Point", "coordinates": [ 130.760006299999986, 33.8880122 ] } },
{ "type": "Feature", "properties": { "内容": "みさき企画ケアサービス【居宅介護支援】畠田3丁目5-50", "url": "https://www.kaigokensaku.mhlw.go.jp/40/index.php?action_kouhyou_detail_004_kani=true&JigyosyoCd=4070202546-00&ServiceCd=430&Type=search", "url2": null }, "geometry": { "type": "Point", "coordinates": [ 135.704812, 34.5784154 ] } },
{ "type": "Feature", "properties": { "内容": "ケアプランセンターエール【居宅介護支援】福岡県北九州市若松区今光3丁目5-15", "url": "https://www.kaigokensaku.mhlw.go.jp/40/index.php?action_kouhyou_detail_004_kani=true&JigyosyoCd=4070202256-00&ServiceCd=430&Type=search", "url2": "http://hp.kaipoke.biz/k1f/" }, "geometry": { "type": "Point", "coordinates": [ 130.7747422, 33.8983274 ] } },
{ "type": "Feature", "properties": { "内容": "ケアプラン　あさひ【居宅介護支援】福岡県北九州市若松区青葉台南二丁目4番13号", "url": "https://www.kaigokensaku.mhlw.go.jp/40/index.php?action_kouhyou_detail_004_kani=true&JigyosyoCd=4070202298-00&ServiceCd=430&Type=search", "url2": null }, "geometry": { "type": "Point", "coordinates": [ 130.6934847, 33.8972578 ] } },
{ "type": "Feature", "properties": { "内容": "ケアプランセンターひより【居宅介護支援】福岡県北九州市若松区高須南1丁目11-72パレーシャルエルA101", "url": "https://www.kaigokensaku.mhlw.go.jp/40/index.php?action_kouhyou_detail_004_kani=true&JigyosyoCd=4070202504-00&ServiceCd=430&Type=search", "url2": "hiyorikaigo38.com" }, "geometry": { "type": "Point", "coordinates": [ 130.692239006745893, 33.884334406996416 ] } },
{ "type": "Feature", "properties": { "内容": "医療法人医和基会　金刀比羅ケアプランサービスセンター【居宅介護支援】福岡県北九州市戸畑区金比羅町4番19号", "url": "https://www.kaigokensaku.mhlw.go.jp/40/index.php?action_kouhyou_detail_004_kani=true&JigyosyoCd=4070300530-00&ServiceCd=430&Type=search", "url2": "http://www.iwakikai.com/konpira/index.html" }, "geometry": { "type": "Point", "coordinates": [ 130.841893700000014, 33.8781732 ] } },
{ "type": "Feature", "properties": { "内容": "小芝倶楽部ケアプランセンター【居宅介護支援】福岡県北九州市戸畑区小芝1丁目２－１３", "url": "https://www.kaigokensaku.mhlw.go.jp/40/index.php?action_kouhyou_detail_004_kani=true&JigyosyoCd=4070300829-00&ServiceCd=430&Type=search", "url2": null }, "geometry": { "type": "Point", "coordinates": [ 130.834920734996132, 33.891100852276978 ] } },
{ "type": "Feature", "properties": { "内容": "いきいきくらぶ【居宅介護支援】福岡県北九州市戸畑区幸町1番11号", "url": "https://www.kaigokensaku.mhlw.go.jp/40/index.php?action_kouhyou_detail_004_kani=true&JigyosyoCd=4070300902-00&ServiceCd=430&Type=search", "url2": null }, "geometry": { "type": "Point", "coordinates": [ 130.826275856097482, 33.898259018689309 ] } },
{ "type": "Feature", "properties": { "内容": "ケアプランセンター　ウェル65【居宅介護支援】福岡県北九州市戸畑区小芝一丁目2番13号", "url": "https://www.kaigokensaku.mhlw.go.jp/40/index.php?action_kouhyou_detail_004_kani=true&JigyosyoCd=4070405099-00&ServiceCd=430&Type=search", "url2": null }, "geometry": { "type": "Point", "coordinates": [ 130.834953456967668, 33.891109110079675 ] } },
{ "type": "Feature", "properties": { "内容": "どんぐりケアセンター【居宅介護支援】福岡県北九州市戸畑区一枝一丁目３－１０", "url": "https://www.kaigokensaku.mhlw.go.jp/40/index.php?action_kouhyou_detail_004_kani=true&JigyosyoCd=4070301520-00&ServiceCd=430&Type=search", "url2": null }, "geometry": { "type": "Point", "coordinates": [ 130.8390116, 33.8871404 ] } },
{ "type": "Feature", "properties": { "内容": "中井ケアプランセンター【居宅介護支援】福岡県北九州市戸畑区一枝2丁目3-20エスパレス一枝内1階", "url": "https://www.kaigokensaku.mhlw.go.jp/40/index.php?action_kouhyou_detail_004_kani=true&JigyosyoCd=4070405321-00&ServiceCd=430&Type=search", "url2": null }, "geometry": { "type": "Point", "coordinates": [ 130.84118019036481, 33.885213635193878 ] } },
{ "type": "Feature", "properties": { "内容": "ケアプランセンター　よつ葉【居宅介護支援】北九州市戸畑区元宮町1番6号", "url": "https://www.kaigokensaku.mhlw.go.jp/40/index.php?action_kouhyou_detail_004_kani=true&JigyosyoCd=4070300951-00&ServiceCd=430&Type=search", "url2": null }, "geometry": { "type": "Point", "coordinates": [ 130.824425199999951, 33.899232 ] } },
{ "type": "Feature", "properties": { "内容": "いわき福祉会ケアプランサービスセンター【居宅介護支援】福岡県北九州市戸畑区新川町3番33号", "url": "https://www.kaigokensaku.mhlw.go.jp/40/index.php?action_kouhyou_detail_004_kani=true&JigyosyoCd=4070300019-00&ServiceCd=430&Type=search", "url2": "http://www.iwakifukushikai.jp" }, "geometry": { "type": "Point", "coordinates": [ 130.821989499999972, 33.8916244 ] } },
{ "type": "Feature", "properties": { "内容": "社会医療法人　共愛会　あやめケアプランサービスステーション【居宅介護支援】福岡県北九州市戸畑区明治町１０－１８明治町クリニック4階", "url": "https://www.kaigokensaku.mhlw.go.jp/40/index.php?action_kouhyou_detail_004_kani=true&JigyosyoCd=4070300050-00&ServiceCd=430&Type=search", "url2": "http://www.kyoaikai.com" }, "geometry": { "type": "Point", "coordinates": [ 130.823489099999961, 33.8992681 ] } },
{ "type": "Feature", "properties": { "内容": "戸畑けんわケアプランセンター【居宅介護支援】福岡県北九州市戸畑区新池2-2-4重松ビル201号室", "url": "https://www.kaigokensaku.mhlw.go.jp/40/index.php?action_kouhyou_detail_004_kani=true&JigyosyoCd=4070300076-00&ServiceCd=430&Type=search", "url2": null }, "geometry": { "type": "Point", "coordinates": [ 130.829169969836386, 33.896210450394918 ] } },
{ "type": "Feature", "properties": { "内容": "医療法人　医和基会　ケアプランサービスセンター【居宅介護支援】福岡県北九州市戸畑区牧山1丁目1番1号", "url": "https://www.kaigokensaku.mhlw.go.jp/40/index.php?action_kouhyou_detail_004_kani=true&JigyosyoCd=4070300084-00&ServiceCd=430&Type=search", "url2": "http://www.iwakikai.com" }, "geometry": { "type": "Point", "coordinates": [ 130.819584099999929, 33.8924353 ] } },
{ "type": "Feature", "properties": { "内容": "戸畑大谷園ケアプランサービス【居宅介護支援】福岡県北九州市戸畑区西大谷１－６－２２", "url": "https://www.kaigokensaku.mhlw.go.jp/40/index.php?action_kouhyou_detail_004_kani=true&JigyosyoCd=4070300142-00&ServiceCd=430&Type=search", "url2": "http://www.tobata-minsei.or.jp/" }, "geometry": { "type": "Point", "coordinates": [ 130.826318617196648, 33.88024877861433 ] } },
{ "type": "Feature", "properties": { "内容": "ケアプランセンターとばた【居宅介護支援】福岡県北九州市戸畑区千防一丁目1番6号高齢者複合施設　ふれあいの里とばた", "url": "https://www.kaigokensaku.mhlw.go.jp/40/index.php?action_kouhyou_detail_004_kani=true&JigyosyoCd=4070300803-00&ServiceCd=430&Type=search", "url2": "https://www.fureainosato-tobata.jp/" }, "geometry": { "type": "Point", "coordinates": [ 130.830367749737547, 33.893345890281985 ] } },
{ "type": "Feature", "properties": { "内容": "北九州福祉サービス株式会社ケアプランサービスセンター戸畑【居宅介護支援】福岡県北九州市戸畑区中原西3‐3‐31サンライフ中原102", "url": "https://www.kaigokensaku.mhlw.go.jp/40/index.php?action_kouhyou_detail_004_kani=true&JigyosyoCd=4070300845-00&ServiceCd=430&Type=search", "url2": "http://www.kitafuku.co.jp" }, "geometry": { "type": "Point", "coordinates": [ 130.842946517338845, 33.89570045013869 ] } },
{ "type": "Feature", "properties": { "内容": "西戸畑ケアプランセンター【居宅介護支援】元宮町7番16-802号", "url": "https://www.kaigokensaku.mhlw.go.jp/40/index.php?action_kouhyou_detail_004_kani=true&JigyosyoCd=4070301116-00&ServiceCd=430&Type=search", "url2": null }, "geometry": { "type": "Point", "coordinates": [ 130.8241362, 33.9013485 ] } },
{ "type": "Feature", "properties": { "内容": "チームケア・マハロ【居宅介護支援】福岡県北九州市戸畑区新川町５－５", "url": "https://www.kaigokensaku.mhlw.go.jp/40/index.php?action_kouhyou_detail_004_kani=true&JigyosyoCd=4070301173-00&ServiceCd=430&Type=search", "url2": null }, "geometry": { "type": "Point", "coordinates": [ 130.8212979, 33.8917243 ] } },
{ "type": "Feature", "properties": { "内容": "共愛会ケアプランサービス【居宅介護支援】福岡県北九州市戸畑区小芝２－２－６３０１号", "url": "https://www.kaigokensaku.mhlw.go.jp/40/index.php?action_kouhyou_detail_004_kani=true&JigyosyoCd=4070301322-00&ServiceCd=430&Type=search", "url2": "https://www.kyoaikai.com" }, "geometry": { "type": "Point", "coordinates": [ 130.835712699999988, 33.8950949 ] } },
{ "type": "Feature", "properties": { "内容": "株式会社　ホットウィル　ケアプランセンター【居宅介護支援】中原西3-3-36", "url": "https://www.kaigokensaku.mhlw.go.jp/40/index.php?action_kouhyou_detail_004_kani=true&JigyosyoCd=4070301470-00&ServiceCd=430&Type=search", "url2": "https://www.hot-will.com/" }, "geometry": { "type": "Point", "coordinates": [ 130.842499299999986, 33.8960586 ] } },
{ "type": "Feature", "properties": { "内容": "ケアプランセンターうりずん【居宅介護支援】福岡県北九州市戸畑区千防3-17-10", "url": "https://www.kaigokensaku.mhlw.go.jp/40/index.php?action_kouhyou_detail_004_kani=true&JigyosyoCd=4070301488-00&ServiceCd=430&Type=search", "url2": null }, "geometry": { "type": "Point", "coordinates": [ 130.832997135581962, 33.901168818292639 ] } },
{ "type": "Feature", "properties": { "内容": "ぽのぽのケアプランセンター【居宅介護支援】福岡県北九州市戸畑区銀座1丁目8-37508号", "url": "https://www.kaigokensaku.mhlw.go.jp/40/index.php?action_kouhyou_detail_004_kani=true&JigyosyoCd=4070301504-00&ServiceCd=430&Type=search", "url2": null }, "geometry": { "type": "Point", "coordinates": [ 130.8168057, 33.8969576 ] } },
{ "type": "Feature", "properties": { "内容": "ケアプランセンターらいふ【居宅介護支援】福岡県北九州市戸畑区新池1丁目5－4", "url": "https://www.kaigokensaku.mhlw.go.jp/40/index.php?action_kouhyou_detail_004_kani=true&JigyosyoCd=4070601374-00&ServiceCd=430&Type=search", "url2": "hpps://www.kitakyulife.com" }, "geometry": { "type": "Point", "coordinates": [ 130.827965594928884, 33.895261274001243 ] } },
{ "type": "Feature", "properties": { "内容": "ケアプランセンター仁寿【居宅介護支援】福岡県北九州市戸畑区中原西一丁目13番16号中原スカイマンション606号", "url": "https://www.kaigokensaku.mhlw.go.jp/40/index.php?action_kouhyou_detail_004_kani=true&JigyosyoCd=4070301553-00&ServiceCd=430&Type=search", "url2": null }, "geometry": { "type": "Point", "coordinates": [ 130.839103099999988, 33.8998531 ] } },
{ "type": "Feature", "properties": { "内容": "ｹｱﾌﾟﾗﾝｾﾝﾀｰ　Ｋｉｎｔａｒｏｕ【居宅介護支援】福岡県北九州市小倉北区緑ヶ丘1丁目15-13", "url": "https://www.kaigokensaku.mhlw.go.jp/40/index.php?action_kouhyou_detail_004_kani=true&JigyosyoCd=4070405024-00&ServiceCd=430&Type=search", "url2": null }, "geometry": { "type": "Point", "coordinates": [ 130.8569781, 33.8897694 ] } },
{ "type": "Feature", "properties": { "内容": "ニチイケアセンター足立【居宅介護支援】福岡県北九州市小倉北区足原１－５－９　妙見ビル２Ｆ", "url": "https://www.kaigokensaku.mhlw.go.jp/40/index.php?action_kouhyou_detail_004_kani=true&JigyosyoCd=4070402153-00&ServiceCd=430&Type=search", "url2": "http://www.nichiigakkan.co.jp" }, "geometry": { "type": "Point", "coordinates": [ 130.89721469999995, 33.8704581 ] } },
{ "type": "Feature", "properties": { "内容": "ツクイ小倉三郎丸【居宅介護支援】福岡県北九州市小倉北区三郎丸３丁目１０－５０", "url": "https://www.kaigokensaku.mhlw.go.jp/40/index.php?action_kouhyou_detail_004_kani=true&JigyosyoCd=4070403607-00&ServiceCd=430&Type=search", "url2": "http://www.tsukui.net/search/detail.php?officeid=307" }, "geometry": { "type": "Point", "coordinates": [ 130.885577099999978, 33.8666805 ] } },
{ "type": "Feature", "properties": { "内容": "りぼん・りぼん【居宅介護支援】福岡県北九州市小倉北区宇佐町二丁目５番１７号", "url": "https://www.kaigokensaku.mhlw.go.jp/40/index.php?action_kouhyou_detail_004_kani=true&JigyosyoCd=4070402914-00&ServiceCd=430&Type=search", "url2": "http//www.reborn-liveonjp/" }, "geometry": { "type": "Point", "coordinates": [ 130.893670499999985, 33.8754547 ] } },
{ "type": "Feature", "properties": { "内容": "ソレイユ浅野ケアプランセンター【居宅介護支援】福岡県北九州市小倉北区浅野三丁目１番26号サービス付き高齢者向け住宅あべりあ浅野内", "url": "https://www.kaigokensaku.mhlw.go.jp/40/index.php?action_kouhyou_detail_004_kani=true&JigyosyoCd=4070404779-00&ServiceCd=430&Type=search", "url2": "http:/www.soreiyugroup.or.jp" }, "geometry": { "type": "Point", "coordinates": [ 130.881922992065483, 33.891548813784155 ] } },
{ "type": "Feature", "properties": { "内容": "ケアプランしのざき【居宅介護支援】福岡県北九州市小倉北区篠崎2丁目４７－１２　サンフェリカ篠崎１０１号室", "url": "https://www.kaigokensaku.mhlw.go.jp/40/index.php?action_kouhyou_detail_004_kani=true&JigyosyoCd=4070404894-00&ServiceCd=430&Type=search", "url2": null }, "geometry": { "type": "Point", "coordinates": [ 130.871714747556894, 33.863241406622336 ] } },
{ "type": "Feature", "properties": { "内容": "とみのケアプランセンター【居宅介護支援】福岡県北九州市小倉北区富野台５－２", "url": "https://www.kaigokensaku.mhlw.go.jp/40/index.php?action_kouhyou_detail_004_kani=true&JigyosyoCd=4070401833-00&ServiceCd=430&Type=search", "url2": null }, "geometry": { "type": "Point", "coordinates": [ 130.912804400000027, 33.8851905 ] } },
{ "type": "Feature", "properties": { "内容": "日明ケアプラン市場【居宅介護支援】緑ヶ丘1丁目4番25-202号", "url": "https://www.kaigokensaku.mhlw.go.jp/40/index.php?action_kouhyou_detail_004_kani=true&JigyosyoCd=4070405032-00&ServiceCd=430&Type=search", "url2": null }, "geometry": { "type": "Point", "coordinates": [ 130.862163900000041, 33.8903694 ] } },
{ "type": "Feature", "properties": { "内容": "福慈会ケアプランセンター【居宅介護支援】福岡県北九州市小倉北区片野三丁目11番1号江本ビル201号", "url": "https://www.kaigokensaku.mhlw.go.jp/40/index.php?action_kouhyou_detail_004_kani=true&JigyosyoCd=4070405206-00&ServiceCd=430&Type=search", "url2": null }, "geometry": { "type": "Point", "coordinates": [ 130.881532900000025, 33.8656389 ] } },
{ "type": "Feature", "properties": { "内容": "小倉第一病院ハッピープロジェクト【居宅介護支援】小倉北区下到津1丁目12-14", "url": "https://www.kaigokensaku.mhlw.go.jp/40/index.php?action_kouhyou_detail_004_kani=true&JigyosyoCd=4070405669-00&ServiceCd=430&Type=search", "url2": null }, "geometry": { "type": "Point", "coordinates": [ 130.858399314256701, 33.881792356040847 ] } },
{ "type": "Feature", "properties": { "内容": "ＬＩＫＥ　ＭＥ　ケアプランセンター【居宅介護支援】小倉北区上到津２丁目７－２９１０１号", "url": "https://www.kaigokensaku.mhlw.go.jp/40/index.php?action_kouhyou_detail_004_kani=true&JigyosyoCd=4070403508-00&ServiceCd=430&Type=search", "url2": null }, "geometry": { "type": "Point", "coordinates": [ 130.851187399999958, 33.875146 ] } },
{ "type": "Feature", "properties": { "内容": "介護オフィス　真ごころ【居宅介護支援】中島一丁目９－４", "url": "https://www.kaigokensaku.mhlw.go.jp/40/index.php?action_kouhyou_detail_004_kani=true&JigyosyoCd=4070405677-00&ServiceCd=430&Type=search", "url2": null }, "geometry": { "type": "Point", "coordinates": [ 135.5021409, 34.7302493 ] } },
{ "type": "Feature", "properties": { "内容": "（有）医事研ヘルパーステーションHOT（ケアプランセンター）【居宅介護支援】福岡県北九州市小倉北区浅野３丁目８－１AIMビル４階", "url": "https://www.kaigokensaku.mhlw.go.jp/40/index.php?action_kouhyou_detail_004_kani=true&JigyosyoCd=4070400090-00&ServiceCd=430&Type=search", "url2": "hot@iryojimu.co.jp" }, "geometry": { "type": "Point", "coordinates": [ 130.88187389999996, 33.8884505 ] } },
{ "type": "Feature", "properties": { "内容": "ケアマネの木葉野詩【居宅介護支援】福岡県北九州市小倉北区東篠崎1-2-26-702グリーンパレス山内702号", "url": "https://www.kaigokensaku.mhlw.go.jp/40/index.php?action_kouhyou_detail_004_kani=true&JigyosyoCd=4070406154-00&ServiceCd=430&Type=search", "url2": null }, "geometry": { "type": "Point", "coordinates": [ 130.8791422, 33.8675596 ] } },
{ "type": "Feature", "properties": { "内容": "けあぷらんせんたー　もも【居宅介護支援】緑ヶ丘1丁目15-13", "url": "https://www.kaigokensaku.mhlw.go.jp/40/index.php?action_kouhyou_detail_004_kani=true&JigyosyoCd=4070406295-00&ServiceCd=430&Type=search", "url2": null }, "geometry": { "type": "Point", "coordinates": [ 139.6771, 35.610099 ] } },
{ "type": "Feature", "properties": { "内容": "ケアプランセンター　よりそう【居宅介護支援】片野新町2丁目8－2－101", "url": "https://www.kaigokensaku.mhlw.go.jp/40/index.php?action_kouhyou_detail_004_kani=true&JigyosyoCd=4070406394-00&ServiceCd=430&Type=search", "url2": null }, "geometry": { "type": "Point", "coordinates": [ 130.885800403581271, 33.861130834488534 ] } },
{ "type": "Feature", "properties": { "内容": "ケアプランセンター　足原のぞみ苑【居宅介護支援】福岡県北九州市小倉北区熊本三丁目１２番９号", "url": "https://www.kaigokensaku.mhlw.go.jp/40/index.php?action_kouhyou_detail_004_kani=true&JigyosyoCd=4070400314-00&ServiceCd=430&Type=search", "url2": "http://www.nozomi-en.jp" }, "geometry": { "type": "Point", "coordinates": [ 130.8952928, 33.8668057 ] } },
{ "type": "Feature", "properties": { "内容": "恵友会ケアプランステーション【居宅介護支援】福岡県北九州市小倉北区霧ケ丘3丁目9-20", "url": "https://www.kaigokensaku.mhlw.go.jp/40/index.php?action_kouhyou_detail_004_kani=true&JigyosyoCd=4070400397-00&ServiceCd=430&Type=search", "url2": "http://www.k-you.or.jp" }, "geometry": { "type": "Point", "coordinates": [ 130.896212600000013, 33.8525324 ] } },
{ "type": "Feature", "properties": { "内容": "ケアプランしんあい【居宅介護支援】北九州市小倉北区熊谷2丁目1-18", "url": "https://www.kaigokensaku.mhlw.go.jp/40/index.php?action_kouhyou_detail_004_kani=true&JigyosyoCd=4070400900-00&ServiceCd=430&Type=search", "url2": "http://www.sinai.or.jp/" }, "geometry": { "type": "Point", "coordinates": [ 130.864269666062228, 33.85796949626863 ] } },
{ "type": "Feature", "properties": { "内容": "シルバーサンホームエスエム介護支援センター【居宅介護支援】福岡県北九州市小倉北区大手町17-21", "url": "https://www.kaigokensaku.mhlw.go.jp/40/index.php?action_kouhyou_detail_004_kani=true&JigyosyoCd=4070400108-00&ServiceCd=430&Type=search", "url2": "http://www.silversunhome.or.jp/" }, "geometry": { "type": "Point", "coordinates": [ 130.86933339999996, 33.8738686 ] } },
{ "type": "Feature", "properties": { "内容": "有限会社小倉ケアプランセンター【居宅介護支援】北九州市小倉北区真鶴一丁目5番15号真鶴会館3階", "url": "https://www.kaigokensaku.mhlw.go.jp/40/index.php?action_kouhyou_detail_004_kani=true&JigyosyoCd=4070401502-00&ServiceCd=430&Type=search", "url2": null }, "geometry": { "type": "Point", "coordinates": [ 130.85618947196653, 33.873108022283446 ] } },
{ "type": "Feature", "properties": { "内容": "サニーライフ小倉居宅介護支援事業所【居宅介護支援】福岡県北九州市小倉北区黄金1-6-32サニーライフ小倉", "url": "https://www.kaigokensaku.mhlw.go.jp/40/index.php?action_kouhyou_detail_004_kani=true&JigyosyoCd=4070405859-00&ServiceCd=430&Type=search", "url2": "http://www.sunnylife-group.co.jp" }, "geometry": { "type": "Point", "coordinates": [ 130.8799124, 33.8707945 ] } },
{ "type": "Feature", "properties": { "内容": "ハピネスケアプラン【居宅介護支援】福岡県北九州市小倉北区赤坂1丁目8-7", "url": "https://www.kaigokensaku.mhlw.go.jp/40/index.php?action_kouhyou_detail_004_kani=true&JigyosyoCd=4070404712-00&ServiceCd=430&Type=search", "url2": "http://wonder2002.co.jp/hana/" }, "geometry": { "type": "Point", "coordinates": [ 130.904944099999966, 33.8863097 ] } },
{ "type": "Feature", "properties": { "内容": "ツクイ小倉三郎丸【居宅介護支援】福岡県北九州市小倉北区三郎丸3-10-50", "url": "https://www.kaigokensaku.mhlw.go.jp/40/index.php?action_kouhyou_detail_004_kani=true&JigyosyoCd=4070405628-00&ServiceCd=430&Type=search", "url2": null }, "geometry": { "type": "Point", "coordinates": [ 130.8855797, 33.8666368 ] } },
{ "type": "Feature", "properties": { "内容": "夢空間ケアプランセンター【居宅介護支援】福岡県北九州市小倉北区日明４丁目１－７", "url": "https://www.kaigokensaku.mhlw.go.jp/40/index.php?action_kouhyou_detail_004_kani=true&JigyosyoCd=4070403144-00&ServiceCd=430&Type=search", "url2": null }, "geometry": { "type": "Point", "coordinates": [ 130.860880599999973, 33.8922303 ] } },
{ "type": "Feature", "properties": { "内容": "風花会ケアプランサービス【居宅介護支援】北九州市小倉北区浅野3丁目1番3号ハイコート浅野2階", "url": "https://www.kaigokensaku.mhlw.go.jp/40/index.php?action_kouhyou_detail_004_kani=true&JigyosyoCd=4070403979-00&ServiceCd=430&Type=search", "url2": "kazahanakai.com" }, "geometry": { "type": "Point", "coordinates": [ 130.881449261238117, 33.890141348841155 ] } },
{ "type": "Feature", "properties": { "内容": "介護プランセンターあんず【居宅介護支援】船場町5番16-401号", "url": "https://www.kaigokensaku.mhlw.go.jp/40/index.php?action_kouhyou_detail_004_kani=true&JigyosyoCd=4070406469-00&ServiceCd=430&Type=search", "url2": null }, "geometry": { "type": "Point", "coordinates": [ 130.877799399999958, 33.8831425 ] } },
{ "type": "Feature", "properties": { "内容": "ケアプランセンター　スマイル【居宅介護支援】福岡県北九州市小倉北区東篠崎３丁目５番４８号小倉北区東篠崎３丁目5番４８号", "url": "https://www.kaigokensaku.mhlw.go.jp/40/index.php?action_kouhyou_detail_004_kani=true&JigyosyoCd=4070100484-00&ServiceCd=430&Type=search", "url2": null }, "geometry": { "type": "Point", "coordinates": [ 130.872715383625746, 33.86664582825513 ] } },
{ "type": "Feature", "properties": { "内容": "みどりケアプランサービスセンター【居宅介護支援】福岡県北九州市小倉北区貴船町3番6号", "url": "https://www.kaigokensaku.mhlw.go.jp/40/index.php?action_kouhyou_detail_004_kani=true&JigyosyoCd=4070400074-00&ServiceCd=430&Type=search", "url2": "http://www.tensuikai.or.jp/shiencenter/careplan.html" }, "geometry": { "type": "Point", "coordinates": [ 130.871695449012833, 33.870994002754202 ] } },
{ "type": "Feature", "properties": { "内容": "大手町ケアプランセンター【居宅介護支援】福岡県北九州市小倉北区大手町14-22", "url": "https://www.kaigokensaku.mhlw.go.jp/40/index.php?action_kouhyou_detail_004_kani=true&JigyosyoCd=4070400173-00&ServiceCd=430&Type=search", "url2": "http://www.kenwakai.gr.jp/grp/plancenter.html" }, "geometry": { "type": "Point", "coordinates": [ 130.8698028, 33.874774 ] } },
{ "type": "Feature", "properties": { "内容": "しんえい居宅介護支援事業所【居宅介護支援】福岡県北九州市小倉北区弁天町6-13新栄きよみずの杜1階", "url": "https://www.kaigokensaku.mhlw.go.jp/40/index.php?action_kouhyou_detail_004_kani=true&JigyosyoCd=4070400181-00&ServiceCd=430&Type=search", "url2": "http://www.shin-eikai.com/" }, "geometry": { "type": "Point", "coordinates": [ 130.8630422, 33.870410600000014 ] } },
{ "type": "Feature", "properties": { "内容": "南小倉ケアマネジメントセンター【居宅介護支援】福岡県北九州市小倉北区篠崎1-5-1", "url": "https://www.kaigokensaku.mhlw.go.jp/40/index.php?action_kouhyou_detail_004_kani=true&JigyosyoCd=4070400215-00&ServiceCd=430&Type=search", "url2": "http://www.kyouwakai.com/" }, "geometry": { "type": "Point", "coordinates": [ 130.869078, 33.8681414 ] } },
{ "type": "Feature", "properties": { "内容": "ヘルシーハイム介護支援サービス【居宅介護支援】福岡県北九州市小倉北区南丘１丁目７番２４号", "url": "https://www.kaigokensaku.mhlw.go.jp/40/index.php?action_kouhyou_detail_004_kani=true&JigyosyoCd=4070400553-00&ServiceCd=430&Type=search", "url2": "http://www.healthyhaim.or.jp/" }, "geometry": { "type": "Point", "coordinates": [ 130.871200600000066, 33.8522267 ] } },
{ "type": "Feature", "properties": { "内容": "NPO法人生活支援館「パートナー」ケアプランセンター【居宅介護支援】北九州市小倉北区下到津四丁目6-4毛利ビル2Ｆ", "url": "https://www.kaigokensaku.mhlw.go.jp/40/index.php?action_kouhyou_detail_004_kani=true&JigyosyoCd=4070401296-00&ServiceCd=430&Type=search", "url2": "http://www.ss-partner.com" }, "geometry": { "type": "Point", "coordinates": [ 130.8574423, 33.8773292 ] } },
{ "type": "Feature", "properties": { "内容": "医療法人　北愛会　居宅介護支援事業所　桜丘ケアプランセンター【居宅介護支援】福岡県北九州市小倉北区上富野４丁目13-23", "url": "https://www.kaigokensaku.mhlw.go.jp/40/index.php?action_kouhyou_detail_004_kani=true&JigyosyoCd=4070401304-00&ServiceCd=430&Type=search", "url2": "http://hoku-i.jp" }, "geometry": { "type": "Point", "coordinates": [ 130.903771311659824, 33.884519707434222 ] } },
{ "type": "Feature", "properties": { "内容": "北九州ヘルスケアサービス中央【居宅介護支援】福岡県北九州市小倉北区香春口1丁目13-1-301", "url": "https://www.kaigokensaku.mhlw.go.jp/40/index.php?action_kouhyou_detail_004_kani=true&JigyosyoCd=4070401908-00&ServiceCd=430&Type=search", "url2": "http://www.kitakyushu-hcs.co.jp" }, "geometry": { "type": "Point", "coordinates": [ 130.880168899999944, 33.8734825 ] } },
{ "type": "Feature", "properties": { "内容": "有限会社　コーラスケアプランセンター【居宅介護支援】北九州市小倉北区小文字1丁目2-38", "url": "https://www.kaigokensaku.mhlw.go.jp/40/index.php?action_kouhyou_detail_004_kani=true&JigyosyoCd=4070401999-00&ServiceCd=430&Type=search", "url2": null }, "geometry": { "type": "Point", "coordinates": [ 130.904676233799819, 33.880042481138858 ] } },
{ "type": "Feature", "properties": { "内容": "麻生介護サービス株式会社　アップルハート小倉ケアプランセンター【居宅介護支援】福岡県北九州市小倉北区片野2－2－16村田ビル２F", "url": "https://www.kaigokensaku.mhlw.go.jp/40/index.php?action_kouhyou_detail_004_kani=true&JigyosyoCd=4070403169-00&ServiceCd=430&Type=search", "url2": "http://ｗｗｗ.acs-kaigo.jp" }, "geometry": { "type": "Point", "coordinates": [ 130.8835999, 33.868667600000016 ] } },
{ "type": "Feature", "properties": { "内容": "ふじケアプランセンター【居宅介護支援】福岡県北九州市小倉北区三萩野二丁目４番６号", "url": "https://www.kaigokensaku.mhlw.go.jp/40/index.php?action_kouhyou_detail_004_kani=true&JigyosyoCd=4070403631-00&ServiceCd=430&Type=search", "url2": null }, "geometry": { "type": "Point", "coordinates": [ 130.884168700000032, 33.8708578 ] } },
{ "type": "Feature", "properties": { "内容": "いち樹ケアプランセンター【居宅介護支援】福岡県北九州市小倉北区片野2丁目15-12", "url": "https://www.kaigokensaku.mhlw.go.jp/40/index.php?action_kouhyou_detail_004_kani=true&JigyosyoCd=4070403649-00&ServiceCd=430&Type=search", "url2": "https://ichiki-ai.com" }, "geometry": { "type": "Point", "coordinates": [ 130.885254322753866, 33.865909 ] } },
{ "type": "Feature", "properties": { "内容": "SSIケアプランセンター【居宅介護支援】福岡県北九州市小倉北区黒住町4番14号", "url": "https://www.kaigokensaku.mhlw.go.jp/40/index.php?action_kouhyou_detail_004_kani=true&JigyosyoCd=4070403672-00&ServiceCd=430&Type=search", "url2": null }, "geometry": { "type": "Point", "coordinates": [ 130.895236179159639, 33.862672827204527 ] } },
{ "type": "Feature", "properties": { "内容": "ケアプランセンター大洋【居宅介護支援】白銀1丁目12番５号", "url": "https://www.kaigokensaku.mhlw.go.jp/40/index.php?action_kouhyou_detail_004_kani=true&JigyosyoCd=4070404985-00&ServiceCd=430&Type=search", "url2": null }, "geometry": { "type": "Point", "coordinates": [ 130.876977500000066, 33.8698607 ] } },
{ "type": "Feature", "properties": { "内容": "もーたいケアプランセンター【居宅介護支援】福岡県北九州市小倉北区下富野三丁目1番12号", "url": "https://www.kaigokensaku.mhlw.go.jp/40/index.php?action_kouhyou_detail_004_kani=true&JigyosyoCd=4070405537-00&ServiceCd=430&Type=search", "url2": "http://hp.kaipoke.biz/2c2/" }, "geometry": { "type": "Point", "coordinates": [ 130.8941203, 33.8801167 ] } },
{ "type": "Feature", "properties": { "内容": "居宅介護支援フルリストケア【居宅介護支援】福岡県北九州市小倉北区真鶴1丁目6-11リード真鶴", "url": "https://www.kaigokensaku.mhlw.go.jp/40/index.php?action_kouhyou_detail_004_kani=true&JigyosyoCd=4070405545-00&ServiceCd=430&Type=search", "url2": null }, "geometry": { "type": "Point", "coordinates": [ 130.855278700000014, 33.8730714 ] } },
{ "type": "Feature", "properties": { "内容": "居宅介護支援事業所寄り添い【居宅介護支援】福岡県北九州市小倉北区東篠崎3丁目4番17号オフィスパレア小倉北Ⅰ-A3号", "url": "https://www.kaigokensaku.mhlw.go.jp/40/index.php?action_kouhyou_detail_004_kani=true&JigyosyoCd=4070405685-00&ServiceCd=430&Type=search", "url2": null }, "geometry": { "type": "Point", "coordinates": [ 130.873852906082107, 33.866987620213528 ] } },
{ "type": "Feature", "properties": { "内容": "桜倶楽部ケアプランセンター【居宅介護支援】北九州市小倉北区須賀町1-26", "url": "https://www.kaigokensaku.mhlw.go.jp/40/index.php?action_kouhyou_detail_004_kani=true&JigyosyoCd=4070405701-00&ServiceCd=430&Type=search", "url2": "http://hoku-i.jp/" }, "geometry": { "type": "Point", "coordinates": [ 130.9067215, 33.8833055 ] } },
{ "type": "Feature", "properties": { "内容": "ケアプラン　いわさき【居宅介護支援】福岡県北九州市小倉北区片野新町1丁目1-34", "url": "https://www.kaigokensaku.mhlw.go.jp/40/index.php?action_kouhyou_detail_004_kani=true&JigyosyoCd=4070405743-00&ServiceCd=430&Type=search", "url2": "https://iw-style.info/portfolio-items/cpi/" }, "geometry": { "type": "Point", "coordinates": [ 130.882843217964819, 33.864809225507166 ] } },
{ "type": "Feature", "properties": { "内容": "サンカルナ小倉大手町　居宅介護支援事業所【居宅介護支援】小倉北区大手町12番6号", "url": "https://www.kaigokensaku.mhlw.go.jp/40/index.php?action_kouhyou_detail_004_kani=true&JigyosyoCd=4070405917-00&ServiceCd=430&Type=search", "url2": "http://suncarna.com/kokura_otemachi/" }, "geometry": { "type": "Point", "coordinates": [ 130.8667321, 33.876828600000017 ] } },
{ "type": "Feature", "properties": { "内容": "合同会社パレット【居宅介護支援】福岡県北九州市小倉北区大田町14-50-101", "url": "https://www.kaigokensaku.mhlw.go.jp/40/index.php?action_kouhyou_detail_004_kani=true&JigyosyoCd=4070406121-00&ServiceCd=430&Type=search", "url2": null }, "geometry": { "type": "Point", "coordinates": [ 130.8923222, 33.8791338 ] } },
{ "type": "Feature", "properties": { "内容": "ひかりケアプランセンター【居宅介護支援】福岡県北九州市小倉北区田町10番38-201号", "url": "https://www.kaigokensaku.mhlw.go.jp/40/index.php?action_kouhyou_detail_004_kani=true&JigyosyoCd=4070406147-00&ServiceCd=430&Type=search", "url2": null }, "geometry": { "type": "Point", "coordinates": [ 130.869208500000013, 33.8828223 ] } },
{ "type": "Feature", "properties": { "内容": "ケアステージ【居宅介護支援】片野1丁目15-9クレベール片野204号", "url": "https://www.kaigokensaku.mhlw.go.jp/40/index.php?action_kouhyou_detail_004_kani=true&JigyosyoCd=4070406220-00&ServiceCd=430&Type=search", "url2": "https://carestage.jp/" }, "geometry": { "type": "Point", "coordinates": [ 130.8824597, 33.8684477 ] } },
{ "type": "Feature", "properties": { "内容": "ケアプランえがおの和【居宅介護支援】福岡県北九州市小倉北区黒原1丁目1-13", "url": "https://www.kaigokensaku.mhlw.go.jp/40/index.php?action_kouhyou_detail_004_kani=true&JigyosyoCd=4070406402-00&ServiceCd=430&Type=search", "url2": null }, "geometry": { "type": "Point", "coordinates": [ 130.898147676057448, 33.864214894450321 ] } },
{ "type": "Feature", "properties": { "内容": "ケアマネージメントステーション菜の花【居宅介護支援】福岡県北九州市小倉北区片野新町2丁目13-16朝日イーストビル202", "url": "https://www.kaigokensaku.mhlw.go.jp/40/index.php?action_kouhyou_detail_004_kani=true&JigyosyoCd=4070701158-00&ServiceCd=430&Type=search", "url2": "http://cmmiyazaki.wixsite.com/seiunkai" }, "geometry": { "type": "Point", "coordinates": [ 130.884842082846831, 33.860159072347315 ] } },
{ "type": "Feature", "properties": { "内容": "ケアプランセンター三萩野【居宅介護支援】福岡県北九州市小倉北区白銀2丁目11-4", "url": "https://www.kaigokensaku.mhlw.go.jp/40/index.php?action_kouhyou_detail_004_kani=true&JigyosyoCd=4070404688-00&ServiceCd=430&Type=search", "url2": "https://n-sato.com" }, "geometry": { "type": "Point", "coordinates": [ 130.877133100000037, 33.8681831 ] } },
{ "type": "Feature", "properties": { "内容": "ケアプランセンター温家【居宅介護支援】福岡県北九州市小倉北区緑ヶ丘1丁目4番25201号", "url": "https://www.kaigokensaku.mhlw.go.jp/40/index.php?action_kouhyou_detail_004_kani=true&JigyosyoCd=4070406014-00&ServiceCd=430&Type=search", "url2": null }, "geometry": { "type": "Point", "coordinates": [ 130.8575552, 33.890243 ] } },
{ "type": "Feature", "properties": { "内容": "ケアプランセンター　るぴなす【居宅介護支援】福岡県北九州市小倉北区熊本3-14-46201号", "url": "https://www.kaigokensaku.mhlw.go.jp/40/index.php?action_kouhyou_detail_004_kani=true&JigyosyoCd=4070406410-00&ServiceCd=430&Type=search", "url2": null }, "geometry": { "type": "Point", "coordinates": [ 130.8924194, 33.8654897 ] } },
{ "type": "Feature", "properties": { "内容": "ケアプランカラー【居宅介護支援】三郎丸二丁目10-16-101", "url": "https://www.kaigokensaku.mhlw.go.jp/40/index.php?action_kouhyou_detail_004_kani=true&JigyosyoCd=4070405511-00&ServiceCd=430&Type=search", "url2": "hp.kaipoke.biz/zw4" }, "geometry": { "type": "Point", "coordinates": [ 130.8924935, 33.8637092 ] } },
{ "type": "Feature", "properties": { "内容": "株式会社フジケアマネジメントセンター【居宅介護支援】福岡県北九州市小倉北区高峰町３番３号", "url": "https://www.kaigokensaku.mhlw.go.jp/40/index.php?action_kouhyou_detail_004_kani=true&JigyosyoCd=4070402708-00&ServiceCd=430&Type=search", "url2": "http://www.fujicare.co.jp" }, "geometry": { "type": "Point", "coordinates": [ 130.855522699999938, 33.8896 ] } },
{ "type": "Feature", "properties": { "内容": "薫会ケアプランサービス【居宅介護支援】福岡県北九州市小倉北区萩崎町１番32号", "url": "https://www.kaigokensaku.mhlw.go.jp/40/index.php?action_kouhyou_detail_004_kani=true&JigyosyoCd=4070400082-00&ServiceCd=430&Type=search", "url2": "http://www.kaorukai.jp" }, "geometry": { "type": "Point", "coordinates": [ 130.883868600000028, 33.8740547 ] } },
{ "type": "Feature", "properties": { "内容": "社会福祉法人　一樹会　ハートフル片野ケアプランセンター　愛【居宅介護支援】北九州市小倉北区片野３丁目１３－１５", "url": "https://www.kaigokensaku.mhlw.go.jp/40/index.php?action_kouhyou_detail_004_kani=true&JigyosyoCd=4070402104-00&ServiceCd=430&Type=search", "url2": "http://www.heartful-katano.jp/" }, "geometry": { "type": "Point", "coordinates": [ 130.881460699999934, 33.8663666 ] } },
{ "type": "Feature", "properties": { "内容": "あおぞらの里　小文字ケアプランセンター【居宅介護支援】福岡県北九州市小倉北区大畠１丁目７－２０", "url": "https://www.kaigokensaku.mhlw.go.jp/40/index.php?action_kouhyou_detail_004_kani=true&JigyosyoCd=4070400959-00&ServiceCd=430&Type=search", "url2": "https://cedar-group.co.jp/" }, "geometry": { "type": "Point", "coordinates": [ 130.894653799999986, 33.8724689 ] } },
{ "type": "Feature", "properties": { "内容": "北九州福祉サービス株式会社ケアプランサービスセンター小倉北【居宅介護支援】福岡県北九州市小倉北区馬借一丁目３番２１号", "url": "https://www.kaigokensaku.mhlw.go.jp/40/index.php?action_kouhyou_detail_004_kani=true&JigyosyoCd=4070400371-00&ServiceCd=430&Type=search", "url2": "http://www.kitafuku.co.jp" }, "geometry": { "type": "Point", "coordinates": [ 130.877541, 33.8817261 ] } },
{ "type": "Feature", "properties": { "内容": "モナトリエ・ケアプランセンター【居宅介護支援】福岡県北九州市小倉北区魚町4-3-8", "url": "https://www.kaigokensaku.mhlw.go.jp/40/index.php?action_kouhyou_detail_004_kani=true&JigyosyoCd=4070403870-00&ServiceCd=430&Type=search", "url2": "ｗｗｗ.ｍｏｎaｔeｌieｒ.ｊｐ" }, "geometry": { "type": "Point", "coordinates": [ 130.88056030000007, 33.8814123 ] } },
{ "type": "Feature", "properties": { "内容": "合同会社こはく　ケアプランセンターこはく【居宅介護支援】福岡県北九州市小倉北区黒住町１番16号", "url": "https://www.kaigokensaku.mhlw.go.jp/40/index.php?action_kouhyou_detail_004_kani=true&JigyosyoCd=4070406113-00&ServiceCd=430&Type=search", "url2": null }, "geometry": { "type": "Point", "coordinates": [ 130.893753299999986, 33.8636685 ] } },
{ "type": "Feature", "properties": { "内容": "妙香ケアプランセンター【居宅介護支援】福岡県北九州市小倉南区津田一丁目3番2号", "url": "https://www.kaigokensaku.mhlw.go.jp/40/index.php?action_kouhyou_detail_004_kani=true&JigyosyoCd=4070404837-00&ServiceCd=430&Type=search", "url2": "myo-kou.com/" }, "geometry": { "type": "Point", "coordinates": [ 130.922429500000021, 33.8301331 ] } },
{ "type": "Feature", "properties": { "内容": "ライフケアサポートなかよし【居宅介護支援】福岡県北九州市小倉南区東水町6-7", "url": "https://www.kaigokensaku.mhlw.go.jp/40/index.php?action_kouhyou_detail_004_kani=true&JigyosyoCd=4070503679-00&ServiceCd=430&Type=search", "url2": null }, "geometry": { "type": "Point", "coordinates": [ 130.895515499999988, 33.8499993 ] } },
{ "type": "Feature", "properties": { "内容": "ｹｱﾌﾟﾗﾝｾﾝﾀｰわかば【居宅介護支援】北九州市小倉南区田原２丁目１７－１０", "url": "https://www.kaigokensaku.mhlw.go.jp/40/index.php?action_kouhyou_detail_004_kani=true&JigyosyoCd=4070503935-00&ServiceCd=430&Type=search", "url2": null }, "geometry": { "type": "Point", "coordinates": [ 130.9354816, 33.8291642 ] } },
{ "type": "Feature", "properties": { "内容": "ことぶきケアプラン【居宅介護支援】北九州市小倉南区北方4-3-21", "url": "https://www.kaigokensaku.mhlw.go.jp/40/index.php?action_kouhyou_detail_004_kani=true&JigyosyoCd=4070500352-00&ServiceCd=430&Type=search", "url2": "http://care￣net.biz/40/ch￣kotobuki" }, "geometry": { "type": "Point", "coordinates": [ 130.877617099999952, 33.8449859 ] } },
{ "type": "Feature", "properties": { "内容": "ケアプランセンターいこいの里若園【居宅介護支援】福岡県北九州市小倉南区若園３丁目１１－１", "url": "https://www.kaigokensaku.mhlw.go.jp/40/index.php?action_kouhyou_detail_004_kani=true&JigyosyoCd=4070503323-00&ServiceCd=430&Type=search", "url2": "http://www.ukishiro.co.jp/" }, "geometry": { "type": "Point", "coordinates": [ 130.890891099999976, 33.8481328 ] } },
{ "type": "Feature", "properties": { "内容": "ニチイケアセンター広徳【居宅介護支援】福岡県北九州市小倉南区南方2-5-23", "url": "https://www.kaigokensaku.mhlw.go.jp/40/index.php?action_kouhyou_detail_004_kani=true&JigyosyoCd=4070504016-00&ServiceCd=430&Type=search", "url2": "http://www.nichiigakkan.co.jp" }, "geometry": { "type": "Point", "coordinates": [ 130.864312700000028, 33.8345816 ] } },
{ "type": "Feature", "properties": { "内容": "小倉南ケアセンターそよ風【居宅介護支援】北九州市小倉南区横代北町4-21-12", "url": "https://www.kaigokensaku.mhlw.go.jp/40/index.php?action_kouhyou_detail_004_kani=true&JigyosyoCd=4070504222-00&ServiceCd=430&Type=search", "url2": null }, "geometry": { "type": "Point", "coordinates": [ 130.896863100000019, 33.8327098 ] } },
{ "type": "Feature", "properties": { "内容": "福祉サービスセンター聖和【居宅介護支援】北九州市小倉南区守恒本町2-19-1", "url": "https://www.kaigokensaku.mhlw.go.jp/40/index.php?action_kouhyou_detail_004_kani=true&JigyosyoCd=4070500543-00&ServiceCd=430&Type=search", "url2": "http//www.mikku.co.jp/seiwa/index.htm" }, "geometry": { "type": "Point", "coordinates": [ 130.871609499999977, 33.8339955 ] } },
{ "type": "Feature", "properties": { "内容": "ケアプランセンター楽々【居宅介護支援】福岡県北九州市小倉南区志井６丁目２番７号", "url": "https://www.kaigokensaku.mhlw.go.jp/40/index.php?action_kouhyou_detail_004_kani=true&JigyosyoCd=4070500774-00&ServiceCd=430&Type=search", "url2": "http://rakurakuservice.wixsite.com/rakuraku" }, "geometry": { "type": "Point", "coordinates": [ 130.875912500000027, 33.8156644 ] } },
{ "type": "Feature", "properties": { "内容": "ケアマネジメントステーションきらら【居宅介護支援】福岡県北九州市小倉南区若園1丁目3-2", "url": "https://www.kaigokensaku.mhlw.go.jp/40/index.php?action_kouhyou_detail_004_kani=true&JigyosyoCd=4070600608-00&ServiceCd=430&Type=search", "url2": null }, "geometry": { "type": "Point", "coordinates": [ 130.8861506, 33.8527194 ] } },
{ "type": "Feature", "properties": { "内容": "ミック健康の森　下曽根ケアプランセンター【居宅介護支援】北九州市小倉南区田原新町２－１０－１５", "url": "https://www.kaigokensaku.mhlw.go.jp/40/index.php?action_kouhyou_detail_004_kani=true&JigyosyoCd=4070505062-00&ServiceCd=430&Type=search", "url2": "http://www.un-mik.co.jp" }, "geometry": { "type": "Point", "coordinates": [ 130.931636439881117, 33.830830661428543 ] } },
{ "type": "Feature", "properties": { "内容": "ケアプランあいりす【居宅介護支援】下貫2-9-1サンカープタチバナ105", "url": "https://www.kaigokensaku.mhlw.go.jp/40/index.php?action_kouhyou_detail_004_kani=true&JigyosyoCd=4070505146-00&ServiceCd=430&Type=search", "url2": null }, "geometry": { "type": "Point", "coordinates": [ 130.93551530000002, 33.8164768 ] } },
{ "type": "Feature", "properties": { "内容": "melyのケアプラン【居宅介護支援】福岡県北九州市小倉南区重住2丁目6-58", "url": "https://www.kaigokensaku.mhlw.go.jp/40/index.php?action_kouhyou_detail_004_kani=true&JigyosyoCd=4070504164-00&ServiceCd=430&Type=search", "url2": null }, "geometry": { "type": "Point", "coordinates": [ 130.890369348186113, 33.853041292100919 ] } },
{ "type": "Feature", "properties": { "内容": "エムケイケアプラン【居宅介護支援】福岡県北九州市小倉南区日の出町１丁目６番４７号", "url": "https://www.kaigokensaku.mhlw.go.jp/40/index.php?action_kouhyou_detail_004_kani=true&JigyosyoCd=4070504784-00&ServiceCd=430&Type=search", "url2": null }, "geometry": { "type": "Point", "coordinates": [ 130.87540910000007, 33.8385977 ] } },
{ "type": "Feature", "properties": { "内容": "ケアプラン　エール【居宅介護支援】守恒本町２丁目2-27サンシャインシティ101号", "url": "https://www.kaigokensaku.mhlw.go.jp/40/index.php?action_kouhyou_detail_004_kani=true&JigyosyoCd=4070506128-00&ServiceCd=430&Type=search", "url2": null }, "geometry": { "type": "Point", "coordinates": [ 130.8743952, 33.8372396 ] } },
{ "type": "Feature", "properties": { "内容": "care-managementofficeサムスタ.【居宅介護支援】福岡県北九州市小倉南区東貫一丁目12番25-303号", "url": "https://www.kaigokensaku.mhlw.go.jp/40/index.php?action_kouhyou_detail_004_kani=true&JigyosyoCd=4070506144-00&ServiceCd=430&Type=search", "url2": null }, "geometry": { "type": "Point", "coordinates": [ 130.9372289, 33.8194755 ] } },
{ "type": "Feature", "properties": { "内容": "ケアラボレディバグ【居宅介護支援】福岡県北九州市小倉南区若園２丁目5-26-37牧野ビル2階", "url": "https://www.kaigokensaku.mhlw.go.jp/40/index.php?action_kouhyou_detail_004_kani=true&JigyosyoCd=4070505542-00&ServiceCd=430&Type=search", "url2": "https://goodwill2018.com" }, "geometry": { "type": "Point", "coordinates": [ 130.8885836, 33.8528131 ] } },
{ "type": "Feature", "properties": { "内容": "マネジメント　里【居宅介護支援】福岡県北九州市小倉南区長行東２丁目８番１２号", "url": "https://www.kaigokensaku.mhlw.go.jp/40/index.php?action_kouhyou_detail_004_kani=true&JigyosyoCd=4070506169-00&ServiceCd=430&Type=search", "url2": null }, "geometry": { "type": "Point", "coordinates": [ 130.860535700000014, 33.8211479 ] } },
{ "type": "Feature", "properties": { "内容": "ケアプランセンターtrue【居宅介護支援】福岡県北九州市小倉南区徳力新町2丁目7-32101号", "url": "https://www.kaigokensaku.mhlw.go.jp/40/index.php?action_kouhyou_detail_004_kani=true&JigyosyoCd=4070506185-00&ServiceCd=430&Type=search", "url2": null }, "geometry": { "type": "Point", "coordinates": [ 130.865716600000013, 33.8353279 ] } },
{ "type": "Feature", "properties": { "内容": "ケアプランありうむ【居宅介護支援】福岡県北九州市小倉南区横代北町2-8-12", "url": "https://www.kaigokensaku.mhlw.go.jp/40/index.php?action_kouhyou_detail_004_kani=true&JigyosyoCd=4070506201-00&ServiceCd=430&Type=search", "url2": null }, "geometry": { "type": "Point", "coordinates": [ 130.8998724, 33.8379079 ] } },
{ "type": "Feature", "properties": { "内容": "ケアプランゆう【居宅介護支援】福岡県北九州市小倉南区沼緑町二丁目3番64号", "url": "https://www.kaigokensaku.mhlw.go.jp/40/index.php?action_kouhyou_detail_004_kani=true&JigyosyoCd=4070505021-00&ServiceCd=430&Type=search", "url2": null }, "geometry": { "type": "Point", "coordinates": [ 130.929945299999986, 33.8445483 ] } },
{ "type": "Feature", "properties": { "内容": "ふれあいケアプランセンター【居宅介護支援】北九州市小倉南区沼本町4-4-21", "url": "https://www.kaigokensaku.mhlw.go.jp/40/index.php?action_kouhyou_detail_004_kani=true&JigyosyoCd=4070501483-00&ServiceCd=430&Type=search", "url2": "https://www.jionkai.jp/" }, "geometry": { "type": "Point", "coordinates": [ 130.946632708875995, 33.845904099973403 ] } },
{ "type": "Feature", "properties": { "内容": "ケアステーションねむの木【居宅介護支援】北九州市小倉南区徳吉西１丁目８番１号", "url": "https://www.kaigokensaku.mhlw.go.jp/40/index.php?action_kouhyou_detail_004_kani=true&JigyosyoCd=4070502051-00&ServiceCd=430&Type=search", "url2": null }, "geometry": { "type": "Point", "coordinates": [ 130.858701300594362, 33.814202763791286 ] } },
{ "type": "Feature", "properties": { "内容": "地域介護支援センターおきなの杜【居宅介護支援】福岡県北九州市小倉南区大字長野455番地の３５", "url": "https://www.kaigokensaku.mhlw.go.jp/40/index.php?action_kouhyou_detail_004_kani=true&JigyosyoCd=4070502507-00&ServiceCd=430&Type=search", "url2": "http://care-net.biz/40/okinanomori/" }, "geometry": { "type": "Point", "coordinates": [ 130.915880600000037, 33.8195314 ] } },
{ "type": "Feature", "properties": { "内容": "医療法人社団秀和会ケアプランセンターデュエット【居宅介護支援】福岡県北九州市小倉南区大字貫３６６４－２", "url": "https://www.kaigokensaku.mhlw.go.jp/40/index.php?action_kouhyou_detail_004_kani=true&JigyosyoCd=4070502697-00&ServiceCd=430&Type=search", "url2": "http://www.syuwakai.or.jp/" }, "geometry": { "type": "Point", "coordinates": [ 130.941059499999938, 33.8125663 ] } },
{ "type": "Feature", "properties": { "内容": "ケアプランセンターリーフ【居宅介護支援】福岡県北九州市小倉南区中曽根三丁目6番18号", "url": "https://www.kaigokensaku.mhlw.go.jp/40/index.php?action_kouhyou_detail_004_kani=true&JigyosyoCd=4070503315-00&ServiceCd=430&Type=search", "url2": "https://leafkaigo.my.canva.site/jp" }, "geometry": { "type": "Point", "coordinates": [ 130.939020667748906, 33.825051455177153 ] } },
{ "type": "Feature", "properties": { "内容": "ケアプランセンターとうわ【居宅介護支援】福岡県北九州市小倉南区守恒本町1-2-11", "url": "https://www.kaigokensaku.mhlw.go.jp/40/index.php?action_kouhyou_detail_004_kani=true&JigyosyoCd=4070504891-00&ServiceCd=430&Type=search", "url2": "http://www.tohwa.sakura.ne.jp/" }, "geometry": { "type": "Point", "coordinates": [ 130.872989800000028, 33.8375479 ] } },
{ "type": "Feature", "properties": { "内容": "はるよしケアプランセンター【居宅介護支援】徳力団地2-2-31-10", "url": "https://www.kaigokensaku.mhlw.go.jp/40/index.php?action_kouhyou_detail_004_kani=true&JigyosyoCd=4070505161-00&ServiceCd=430&Type=search", "url2": "http://www.haruyoshien.jp" }, "geometry": { "type": "Point", "coordinates": [ 130.865690251306347, 33.830959662055719 ] } },
{ "type": "Feature", "properties": { "内容": "ふれあい家族ケアプランサービス【居宅介護支援】北九州市小倉南区長行西3-17-2", "url": "https://www.kaigokensaku.mhlw.go.jp/40/index.php?action_kouhyou_detail_004_kani=true&JigyosyoCd=4070501749-00&ServiceCd=430&Type=search", "url2": "http://www.fureai-web.net" }, "geometry": { "type": "Point", "coordinates": [ 130.851317688343215, 33.814655471648194 ] } },
{ "type": "Feature", "properties": { "内容": "ケアプラン高野【居宅介護支援】福岡県北九州市小倉南区高野５丁目１１番１号", "url": "https://www.kaigokensaku.mhlw.go.jp/40/index.php?action_kouhyou_detail_004_kani=true&JigyosyoCd=4070503786-00&ServiceCd=430&Type=search", "url2": "http://www.tensuikai.or.jp/" }, "geometry": { "type": "Point", "coordinates": [ 130.84726969999997, 33.8294375 ] } },
{ "type": "Feature", "properties": { "内容": "好日苑徳力の郷ケアプランセンター【居宅介護支援】北九州市小倉南区南方3-5-6", "url": "https://www.kaigokensaku.mhlw.go.jp/40/index.php?action_kouhyou_detail_004_kani=true&JigyosyoCd=4070506219-00&ServiceCd=430&Type=search", "url2": "hhttps://www.koujitsuen。com/tokuriki/" }, "geometry": { "type": "Point", "coordinates": [ 133.924004599999989, 34.6753789 ] } },
{ "type": "Feature", "properties": { "内容": "けんわ南ケアプランセンター【居宅介護支援】福岡県北九州市小倉南区徳力1丁目1番8号高嶋ビル1階", "url": "https://www.kaigokensaku.mhlw.go.jp/40/index.php?action_kouhyou_detail_004_kani=true&JigyosyoCd=4070000148-00&ServiceCd=430&Type=search", "url2": "http://www.kenwakai.gr.jp/grp/" }, "geometry": { "type": "Point", "coordinates": [ 130.868645857578571, 33.832918637849566 ] } },
{ "type": "Feature", "properties": { "内容": "小倉医師会ケアプランサービスセンター【居宅介護支援】福岡県北九州市小倉南区春ケ丘10-14小倉医師会介護サービス総合センター", "url": "https://www.kaigokensaku.mhlw.go.jp/40/index.php?action_kouhyou_detail_004_kani=true&JigyosyoCd=4070400199-00&ServiceCd=430&Type=search", "url2": "http://www.kokura-med.or.jp" }, "geometry": { "type": "Point", "coordinates": [ 130.884476454656095, 33.848346713287405 ] } },
{ "type": "Feature", "properties": { "内容": "(株)介護福祉サービスセンターひまわり【居宅介護支援】福岡県北九州市小倉南区富士見2丁目2-6", "url": "https://www.kaigokensaku.mhlw.go.jp/40/index.php?action_kouhyou_detail_004_kani=true&JigyosyoCd=4070401163-00&ServiceCd=430&Type=search", "url2": "http://www.kokusai-g.jp/biz06.html" }, "geometry": { "type": "Point", "coordinates": [ 130.882783, 33.8596202 ] } },
{ "type": "Feature", "properties": { "内容": "さくら居宅介護支援サービス【居宅介護支援】福岡県北九州市小倉南区朽網西１丁目６番６号", "url": "https://www.kaigokensaku.mhlw.go.jp/40/index.php?action_kouhyou_detail_004_kani=true&JigyosyoCd=4070500030-00&ServiceCd=430&Type=search", "url2": "http://www.sakurakai52.or.jp/" }, "geometry": { "type": "Point", "coordinates": [ 130.952792100000011, 33.811964 ] } },
{ "type": "Feature", "properties": { "内容": "ケアプランセンター舞ヶ丘明静苑【居宅介護支援】福岡県北九州市小倉南区大字横代380-2", "url": "https://www.kaigokensaku.mhlw.go.jp/40/index.php?action_kouhyou_detail_004_kani=true&JigyosyoCd=4070500105-00&ServiceCd=430&Type=search", "url2": "hhtp://www./meiseien.com/" }, "geometry": { "type": "Point", "coordinates": [ 130.898365460713194, 33.825543935839683 ] } },
{ "type": "Feature", "properties": { "内容": "こくら総合介護サービス【居宅介護支援】北九州市小倉南区葛原東二丁目１４番２号", "url": "https://www.kaigokensaku.mhlw.go.jp/40/index.php?action_kouhyou_detail_004_kani=true&JigyosyoCd=4070500154-00&ServiceCd=430&Type=search", "url2": "http://www.jojinkai.com/kokura/01/02_1/" }, "geometry": { "type": "Point", "coordinates": [ 130.929294743746965, 33.839946689698728 ] } },
{ "type": "Feature", "properties": { "内容": "医療法人　慈恵会　在宅医療福祉サービス部　ジケイホームヘルプそね【居宅介護支援】福岡県北九州市小倉南区葛原本町6丁目10番3号", "url": "https://www.kaigokensaku.mhlw.go.jp/40/index.php?action_kouhyou_detail_004_kani=true&JigyosyoCd=4070500170-00&ServiceCd=430&Type=search", "url2": "http://www14.ocn.ne.jp/^jikeikai/index.html" }, "geometry": { "type": "Point", "coordinates": [ 130.925004100000024, 33.8407597 ] } },
{ "type": "Feature", "properties": { "内容": "社会福祉法人　双葉会　　　双葉苑居宅介護支援事業所【居宅介護支援】北九州小倉南区長行東三丁目13-17", "url": "https://www.kaigokensaku.mhlw.go.jp/40/index.php?action_kouhyou_detail_004_kani=true&JigyosyoCd=4070500337-00&ServiceCd=430&Type=search", "url2": "http://www.futaba-kai.or.ip" }, "geometry": { "type": "Point", "coordinates": [ 130.857844099999966, 33.8173114 ] } },
{ "type": "Feature", "properties": { "内容": "美咲ヶ丘居宅介護支援センター「こころ」【居宅介護支援】福岡県北九州市小倉南区大字新道寺１０８５番地１号", "url": "https://www.kaigokensaku.mhlw.go.jp/40/index.php?action_kouhyou_detail_004_kani=true&JigyosyoCd=4070500345-00&ServiceCd=430&Type=search", "url2": "http://www.misakigaoka.com" }, "geometry": { "type": "Point", "coordinates": [ 130.866630399999963, 33.7927697 ] } },
{ "type": "Feature", "properties": { "内容": "ケアサプライ介護プランセンター【居宅介護支援】北九州市小倉南区葛原東３－１２－３９", "url": "https://www.kaigokensaku.mhlw.go.jp/40/index.php?action_kouhyou_detail_004_kani=true&JigyosyoCd=4070500485-00&ServiceCd=430&Type=search", "url2": "http://www1.bbiq.jp/care/" }, "geometry": { "type": "Point", "coordinates": [ 130.93340360000002, 33.8407571 ] } },
{ "type": "Feature", "properties": { "内容": "ケアプランセンター好日苑【居宅介護支援】福岡県北九州市小倉南区曽根新田北3丁目2-1", "url": "https://www.kaigokensaku.mhlw.go.jp/40/index.php?action_kouhyou_detail_004_kani=true&JigyosyoCd=4070500600-00&ServiceCd=430&Type=search", "url2": "http://www.koujitsuen.com/" }, "geometry": { "type": "Point", "coordinates": [ 130.953686199999964, 33.8224794 ] } },
{ "type": "Feature", "properties": { "内容": "あだち園居宅介護支援センター【居宅介護支援】北九州市小倉南区沼緑町二丁目9番1号", "url": "https://www.kaigokensaku.mhlw.go.jp/40/index.php?action_kouhyou_detail_004_kani=true&JigyosyoCd=4070500758-00&ServiceCd=430&Type=search", "url2": "http://www.kitaq-houwakai.com" }, "geometry": { "type": "Point", "coordinates": [ 130.928409200000033, 33.8492893 ] } },
{ "type": "Feature", "properties": { "内容": "北九州ヘルスケアサービス湯川【居宅介護支援】福岡県北九州市小倉南区湯川5丁目9-17", "url": "https://www.kaigokensaku.mhlw.go.jp/40/index.php?action_kouhyou_detail_004_kani=true&JigyosyoCd=4070501798-00&ServiceCd=430&Type=search", "url2": "http://www.kitakyushu-hcs.co..jp" }, "geometry": { "type": "Point", "coordinates": [ 130.906274723942602, 33.844104400862989 ] } },
{ "type": "Feature", "properties": { "内容": "医療法人かん養生クリニックケアプランセンターこもれび【居宅介護支援】福岡県北九州市小倉南区湯川新町3丁目7-1", "url": "https://www.kaigokensaku.mhlw.go.jp/40/index.php?action_kouhyou_detail_004_kani=true&JigyosyoCd=4070501921-00&ServiceCd=430&Type=search", "url2": "http://kanclinic.jp/" }, "geometry": { "type": "Point", "coordinates": [ 130.902795400000059, 33.8420005 ] } },
{ "type": "Feature", "properties": { "内容": "時和ケアプラン【居宅介護支援】福岡県北九州市小倉南区沼緑町4丁目21-2", "url": "https://www.kaigokensaku.mhlw.go.jp/40/index.php?action_kouhyou_detail_004_kani=true&JigyosyoCd=4070503521-00&ServiceCd=430&Type=search", "url2": "http://www.toki-wa.jp/" }, "geometry": { "type": "Point", "coordinates": [ 130.934990715838694, 33.850661710737235 ] } },
{ "type": "Feature", "properties": { "内容": "北九州福祉サービス株式会社ケアプランサービスセンター小倉南【居宅介護支援】福岡県北九州市小倉南区北方1-16-242F軸丸ビル　２階", "url": "https://www.kaigokensaku.mhlw.go.jp/40/index.php?action_kouhyou_detail_004_kani=true&JigyosyoCd=4070503547-00&ServiceCd=430&Type=search", "url2": "http://www.kitafuku.co.jp" }, "geometry": { "type": "Point", "coordinates": [ 130.879926594170314, 33.845287614547125 ] } },
{ "type": "Feature", "properties": { "内容": "ケアプランセンター　ポピー【居宅介護支援】福岡県北九州市小倉南区上石田２－４－３８", "url": "https://www.kaigokensaku.mhlw.go.jp/40/index.php?action_kouhyou_detail_004_kani=true&JigyosyoCd=4070503612-00&ServiceCd=430&Type=search", "url2": null }, "geometry": { "type": "Point", "coordinates": [ 130.8833922, 33.8300821 ] } },
{ "type": "Feature", "properties": { "内容": "北九州ヘルスケアサービス曽根【居宅介護支援】福岡県北九州市小倉南区田原１丁目3-26", "url": "https://www.kaigokensaku.mhlw.go.jp/40/index.php?action_kouhyou_detail_004_kani=true&JigyosyoCd=4070503794-00&ServiceCd=430&Type=search", "url2": "http://www.kitakyushu-hcs.co.jp" }, "geometry": { "type": "Point", "coordinates": [ 130.93309279999994, 33.8297251 ] } },
{ "type": "Feature", "properties": { "内容": "徳寿園ケアプランセンタ-【居宅介護支援】福岡県北九州市小倉南区徳力4丁目13-1", "url": "https://www.kaigokensaku.mhlw.go.jp/40/index.php?action_kouhyou_detail_004_kani=true&JigyosyoCd=4070503802-00&ServiceCd=430&Type=search", "url2": "http://www1.bbiq.jp/j-kyokai/" }, "geometry": { "type": "Point", "coordinates": [ 130.869096, 33.824305 ] } },
{ "type": "Feature", "properties": { "内容": "ケアプラン　ヒューマン【居宅介護支援】福岡県北九州市小倉南区中曽根東2丁目10番5号クオーレ三光", "url": "https://www.kaigokensaku.mhlw.go.jp/40/index.php?action_kouhyou_detail_004_kani=true&JigyosyoCd=4070504347-00&ServiceCd=430&Type=search", "url2": "https://cuore.humanbridge.co.jp/" }, "geometry": { "type": "Point", "coordinates": [ 130.943528199999946, 33.832139 ] } },
{ "type": "Feature", "properties": { "内容": "ケアプラン　大空【居宅介護支援】舞ヶ丘二丁目３番８号", "url": "https://www.kaigokensaku.mhlw.go.jp/40/index.php?action_kouhyou_detail_004_kani=true&JigyosyoCd=4070504438-00&ServiceCd=430&Type=search", "url2": null }, "geometry": { "type": "Point", "coordinates": [ 130.900569430783094, 33.825499432037461 ] } },
{ "type": "Feature", "properties": { "内容": "スローケア【居宅介護支援】下吉田3-29-1", "url": "https://www.kaigokensaku.mhlw.go.jp/40/index.php?action_kouhyou_detail_004_kani=true&JigyosyoCd=4070504610-00&ServiceCd=430&Type=search", "url2": null }, "geometry": { "type": "Point", "coordinates": [ 130.96649, 33.8467991 ] } },
{ "type": "Feature", "properties": { "内容": "企救丘ケアプランセンター【居宅介護支援】福岡県北九州市小倉南区石田南一丁目2番13号", "url": "https://www.kaigokensaku.mhlw.go.jp/40/index.php?action_kouhyou_detail_004_kani=true&JigyosyoCd=4070505054-00&ServiceCd=430&Type=search", "url2": null }, "geometry": { "type": "Point", "coordinates": [ 130.8824813, 33.8250577 ] } },
{ "type": "Feature", "properties": { "内容": "ケアプランセンター博慈苑【居宅介護支援】福岡県北九州市小倉南区大字堀越358", "url": "https://www.kaigokensaku.mhlw.go.jp/40/index.php?action_kouhyou_detail_004_kani=true&JigyosyoCd=4070505070-00&ServiceCd=430&Type=search", "url2": "http://tsutsumikokura.com/care_plan/index.html" }, "geometry": { "type": "Point", "coordinates": [ 130.882106600000043, 33.8173725 ] } },
{ "type": "Feature", "properties": { "内容": "医療法人社団　天翠会　ケアプラン吉田【居宅介護支援】福岡県北九州市小倉南区上吉田３丁目16-1", "url": "https://www.kaigokensaku.mhlw.go.jp/40/index.php?action_kouhyou_detail_004_kani=true&JigyosyoCd=4070505377-00&ServiceCd=430&Type=search", "url2": "http://www.tensuikai.or.jp" }, "geometry": { "type": "Point", "coordinates": [ 130.946641199999931, 33.8564168 ] } },
{ "type": "Feature", "properties": { "内容": "ケアプランセンターらび【居宅介護支援】福岡県北九州市小倉南区長行東1-11-16", "url": "https://www.kaigokensaku.mhlw.go.jp/40/index.php?action_kouhyou_detail_004_kani=true&JigyosyoCd=4070505468-00&ServiceCd=430&Type=search", "url2": "http://hp.kaipoke.biz/zau/index.html" }, "geometry": { "type": "Point", "coordinates": [ 130.863063636148951, 33.817893702923143 ] } },
{ "type": "Feature", "properties": { "内容": "ｸﾞﾚｰｽｹｱﾌﾟﾗﾝｾﾝﾀｰ【居宅介護支援】福岡県北九州市小倉南区南方1丁目8‐27", "url": "https://www.kaigokensaku.mhlw.go.jp/40/index.php?action_kouhyou_detail_004_kani=true&JigyosyoCd=4070505559-00&ServiceCd=430&Type=search", "url2": null }, "geometry": { "type": "Point", "coordinates": [ 130.86458602284506, 33.837390769995309 ] } },
{ "type": "Feature", "properties": { "内容": "ケアプランセンター　四季風【居宅介護支援】福岡県北九州市小倉南区沼南町一丁目１５番１３号", "url": "https://www.kaigokensaku.mhlw.go.jp/40/index.php?action_kouhyou_detail_004_kani=true&JigyosyoCd=4070505609-00&ServiceCd=430&Type=search", "url2": null }, "geometry": { "type": "Point", "coordinates": [ 130.943002450138891, 33.844783307503526 ] } },
{ "type": "Feature", "properties": { "内容": "ケアプランセンター和（あい）【居宅介護支援】横代北町4-21-28メゾンドソレイユ107号室", "url": "https://www.kaigokensaku.mhlw.go.jp/40/index.php?action_kouhyou_detail_004_kani=true&JigyosyoCd=4070505708-00&ServiceCd=430&Type=search", "url2": null }, "geometry": { "type": "Point", "coordinates": [ 130.8968133, 33.8356753 ] } },
{ "type": "Feature", "properties": { "内容": "居宅介護支援事業所　アリエル【居宅介護支援】福岡県北九州市小倉南区春ケ丘９番４号ハイツ春ケ丘２０５号", "url": "https://www.kaigokensaku.mhlw.go.jp/40/index.php?action_kouhyou_detail_004_kani=true&JigyosyoCd=4070505757-00&ServiceCd=430&Type=search", "url2": null }, "geometry": { "type": "Point", "coordinates": [ 130.882956288647392, 33.851772955992367 ] } },
{ "type": "Feature", "properties": { "内容": "うさぎケアプランセンター【居宅介護支援】福岡県北九州市小倉南区八重洲町5-15", "url": "https://www.kaigokensaku.mhlw.go.jp/40/index.php?action_kouhyou_detail_004_kani=true&JigyosyoCd=4070505997-00&ServiceCd=430&Type=search", "url2": null }, "geometry": { "type": "Point", "coordinates": [ 130.8908762, 33.8401482 ] } },
{ "type": "Feature", "properties": { "内容": "ケアプランセンターとも【居宅介護支援】福岡県北九州市小倉南区城野4丁目1番26号", "url": "https://www.kaigokensaku.mhlw.go.jp/40/index.php?action_kouhyou_detail_004_kani=true&JigyosyoCd=4070506110-00&ServiceCd=430&Type=search", "url2": null }, "geometry": { "type": "Point", "coordinates": [ 130.8802579, 33.8550371 ] } },
{ "type": "Feature", "properties": { "内容": "ミック健康の森　下曽根　ケアプランセンター【居宅介護支援】福岡県北九州市小倉南区田原新町2-10-15", "url": "https://www.kaigokensaku.mhlw.go.jp/40/index.php?action_kouhyou_detail_004_kani=true&JigyosyoCd=4070506136-00&ServiceCd=430&Type=search", "url2": "https://mik-kenkonomori.com/" }, "geometry": { "type": "Point", "coordinates": [ 130.93162, 33.83079080000001 ] } },
{ "type": "Feature", "properties": { "内容": "介護プランセンターハートtoハート【居宅介護支援】福岡県北九州市小倉南区下城野三丁目1-26オフィスパレア下城野ⅠA棟２号室", "url": "https://www.kaigokensaku.mhlw.go.jp/40/index.php?action_kouhyou_detail_004_kani=true&JigyosyoCd=4070702172-00&ServiceCd=430&Type=search", "url2": "http://hotheart-kaigo.com/" }, "geometry": { "type": "Point", "coordinates": [ 130.875959673224628, 33.855986214536721 ] } },
{ "type": "Feature", "properties": { "内容": "ケアプラン川西【居宅介護支援】福岡県北九州市小倉南区葛原本町3丁目5-2", "url": "https://www.kaigokensaku.mhlw.go.jp/40/index.php?action_kouhyou_detail_004_kani=true&JigyosyoCd=4070500550-00&ServiceCd=430&Type=search", "url2": null }, "geometry": { "type": "Point", "coordinates": [ 130.922934700000042, 33.8424205 ] } },
{ "type": "Feature", "properties": { "内容": "ケアプラン　結【居宅介護支援】福岡県北九州市小倉南区徳力新町1-17-25", "url": "https://www.kaigokensaku.mhlw.go.jp/40/index.php?action_kouhyou_detail_004_kani=true&JigyosyoCd=4070505765-00&ServiceCd=430&Type=search", "url2": null }, "geometry": { "type": "Point", "coordinates": [ 130.8669371, 33.8380584 ] } },
{ "type": "Feature", "properties": { "内容": "合同会社ケアプランセンター倫【居宅介護支援】福岡県北九州市小倉南区湯川新町2丁目1-9", "url": "https://www.kaigokensaku.mhlw.go.jp/40/index.php?action_kouhyou_detail_004_kani=true&JigyosyoCd=4070506102-00&ServiceCd=430&Type=search", "url2": null }, "geometry": { "type": "Point", "coordinates": [ 130.897297, 33.8448499 ] } },
{ "type": "Feature", "properties": { "内容": "ニチイケアセンター小倉南【居宅介護支援】福岡県北九州市小倉南区湯川５丁目8-18　第二平野ビル1Ｆ", "url": "https://www.kaigokensaku.mhlw.go.jp/40/index.php?action_kouhyou_detail_004_kani=true&JigyosyoCd=4070500618-00&ServiceCd=430&Type=search", "url2": "http://www.nichiigakkan.co.jp" }, "geometry": { "type": "Point", "coordinates": [ 130.904906200000028, 33.8445114 ] } },
{ "type": "Feature", "properties": { "内容": "andケアプランセンター【居宅介護支援】福岡県北九州市小倉南区重住２丁目6-58", "url": "https://www.kaigokensaku.mhlw.go.jp/40/index.php?action_kouhyou_detail_004_kani=true&JigyosyoCd=4070506227-00&ServiceCd=430&Type=search", "url2": null }, "geometry": { "type": "Point", "coordinates": [ 130.8903439, 33.8530312 ] } },
{ "type": "Feature", "properties": { "内容": "グリーンコープケアプランセンター小倉南【居宅介護支援】田原4丁目4番2号2階", "url": "https://www.kaigokensaku.mhlw.go.jp/40/index.php?action_kouhyou_detail_004_kani=true&JigyosyoCd=4070505435-00&ServiceCd=430&Type=search", "url2": "http://greencoop.or.jp" }, "geometry": { "type": "Point", "coordinates": [ 130.931640300000026, 33.8226232 ] } },
{ "type": "Feature", "properties": { "内容": "あおぞらの里　徳力ケアプランセンター【居宅介護支援】福岡県北九州市小倉南区南方一丁目5番9号", "url": "https://www.kaigokensaku.mhlw.go.jp/40/index.php?action_kouhyou_detail_004_kani=true&JigyosyoCd=4070505666-00&ServiceCd=430&Type=search", "url2": "https://www.cedar-group.co.jp" }, "geometry": { "type": "Point", "coordinates": [ 130.8642122, 33.8357275 ] } },
{ "type": "Feature", "properties": { "内容": "高齢者・障がい者相談支援センターＥＰＯ【居宅介護支援】福岡県北九州市小倉南区舞ヶ丘５丁目１３番１号", "url": "https://www.kaigokensaku.mhlw.go.jp/40/index.php?action_kouhyou_detail_004_kani=true&JigyosyoCd=4070503745-00&ServiceCd=430&Type=search", "url2": "www.emiko-planning-office" }, "geometry": { "type": "Point", "coordinates": [ 130.908058641741974, 33.824704151480084 ] } },
{ "type": "Feature", "properties": { "内容": "あおいケアプランセンター【居宅介護支援】守恒5丁目5-311階", "url": "https://www.kaigokensaku.mhlw.go.jp/40/index.php?action_kouhyou_detail_004_kani=true&JigyosyoCd=4070506011-00&ServiceCd=430&Type=search", "url2": "https://prism0501.com" }, "geometry": { "type": "Point", "coordinates": [ 130.878295700000024, 33.831411199999984 ] } },
{ "type": "Feature", "properties": { "内容": "ケアプランサンロータス【居宅介護支援】福岡県北九州市小倉南区若園３丁目18-27", "url": "https://www.kaigokensaku.mhlw.go.jp/40/index.php?action_kouhyou_detail_004_kani=true&JigyosyoCd=4070506268-00&ServiceCd=430&Type=search", "url2": null }, "geometry": { "type": "Point", "coordinates": [ 130.8907183, 33.8458272 ] } },
{ "type": "Feature", "properties": { "内容": "あさひ松本病院　居宅支援事業所【居宅介護支援】福岡県北九州市小倉南区津田５－１－５", "url": "https://www.kaigokensaku.mhlw.go.jp/40/index.php?action_kouhyou_detail_004_kani=true&JigyosyoCd=4017810393-00&ServiceCd=430&Type=search", "url2": "http://www.asahimaｔumoto.or.jp" }, "geometry": { "type": "Point", "coordinates": [ 130.928334800000016, 33.8266281 ] } },
{ "type": "Feature", "properties": { "内容": "ケアプラン　えんず【居宅介護支援】福岡県北九州市小倉南区湯川新町1-5-48-201", "url": "https://www.kaigokensaku.mhlw.go.jp/40/index.php?action_kouhyou_detail_004_kani=true&JigyosyoCd=4070405495-00&ServiceCd=430&Type=search", "url2": null }, "geometry": { "type": "Point", "coordinates": [ 130.896003900000011, 33.848048399999989 ] } },
{ "type": "Feature", "properties": { "内容": "ケアプランセンター　まちかど【居宅介護支援】福岡県北九州市小倉南区下石田1丁目16番1号サービス付き高齢者向け住宅まちかど四番館", "url": "https://www.kaigokensaku.mhlw.go.jp/40/index.php?action_kouhyou_detail_004_kani=true&JigyosyoCd=4070501525-00&ServiceCd=430&Type=search", "url2": "https://www.machikado-kaigo.co.jp" }, "geometry": { "type": "Point", "coordinates": [ 130.891598492951374, 33.838496901559459 ] } },
{ "type": "Feature", "properties": { "内容": "ケアプランさやか【居宅介護支援】福岡県北九州市小倉南区葛原東５丁目７番２７号", "url": "https://www.kaigokensaku.mhlw.go.jp/40/index.php?action_kouhyou_detail_004_kani=true&JigyosyoCd=4070503885-00&ServiceCd=430&Type=search", "url2": null }, "geometry": { "type": "Point", "coordinates": [ 130.928415099999938, 33.8373241 ] } },
{ "type": "Feature", "properties": { "内容": "よかとこケアプラン【居宅介護支援】日の出町1-6-1", "url": "https://www.kaigokensaku.mhlw.go.jp/40/index.php?action_kouhyou_detail_004_kani=true&JigyosyoCd=4070504909-00&ServiceCd=430&Type=search", "url2": null }, "geometry": { "type": "Point", "coordinates": [ 130.87614480000002, 33.8394024 ] } },
{ "type": "Feature", "properties": { "内容": "ハッピービーケアプラン【居宅介護支援】福岡県北九州市小倉南区田原新町1-1-3-１F", "url": "https://www.kaigokensaku.mhlw.go.jp/40/index.php?action_kouhyou_detail_004_kani=true&JigyosyoCd=4070505500-00&ServiceCd=430&Type=search", "url2": null }, "geometry": { "type": "Point", "coordinates": [ 130.92720495092621, 33.831999649463391 ] } },
{ "type": "Feature", "properties": { "内容": "ケアプランセンター小春日和【居宅介護支援】福岡県北九州市小倉南区若園2丁目19番5号", "url": "https://www.kaigokensaku.mhlw.go.jp/40/index.php?action_kouhyou_detail_004_kani=true&JigyosyoCd=4070506029-00&ServiceCd=430&Type=search", "url2": null }, "geometry": { "type": "Point", "coordinates": [ 130.891262500000011, 33.8512212 ] } },
{ "type": "Feature", "properties": { "内容": "ニチイケアセンター八幡【居宅介護支援】福岡県北九州市八幡東区西本町3-4-25宮原ビル202号", "url": "https://www.kaigokensaku.mhlw.go.jp/40/index.php?action_kouhyou_detail_004_kani=true&JigyosyoCd=4070600822-00&ServiceCd=430&Type=search", "url2": "http://www/nichiigakkan.co.jp" }, "geometry": { "type": "Point", "coordinates": [ 130.793756673155258, 33.86831139941097 ] } },
{ "type": "Feature", "properties": { "内容": "シルバーケアプランセンター【居宅介護支援】福岡県北九州市八幡東区西本町２丁目９－２５コスモビル301号", "url": "https://www.kaigokensaku.mhlw.go.jp/40/index.php?action_kouhyou_detail_004_kani=true&JigyosyoCd=4070601945-00&ServiceCd=430&Type=search", "url2": null }, "geometry": { "type": "Point", "coordinates": [ 130.79746739999996, 33.8683959 ] } },
{ "type": "Feature", "properties": { "内容": "ケアプランセンターなでしこ八幡【居宅介護支援】福岡県北九州市八幡東区宮の町1丁目２-20", "url": "https://www.kaigokensaku.mhlw.go.jp/40/index.php?action_kouhyou_detail_004_kani=true&JigyosyoCd=4070601986-00&ServiceCd=430&Type=search", "url2": null }, "geometry": { "type": "Point", "coordinates": [ 130.831645604893566, 33.860353517820769 ] } },
{ "type": "Feature", "properties": { "内容": "介護事業所　しおん【居宅介護支援】松尾町3-15", "url": "https://www.kaigokensaku.mhlw.go.jp/40/index.php?action_kouhyou_detail_004_kani=true&JigyosyoCd=4070601648-00&ServiceCd=430&Type=search", "url2": null }, "geometry": { "type": "Point", "coordinates": [ 130.839030277154507, 33.868267424144726 ] } },
{ "type": "Feature", "properties": { "内容": "医療法人　原内科循環器科クリニック居宅介護支援事業所【居宅介護支援】福岡県北九州市八幡東区祇園二丁目12番16号", "url": "https://www.kaigokensaku.mhlw.go.jp/40/index.php?action_kouhyou_detail_004_kani=true&JigyosyoCd=4016616783-00&ServiceCd=430&Type=search", "url2": null }, "geometry": { "type": "Point", "coordinates": [ 130.786868499999969, 33.8629325 ] } },
{ "type": "Feature", "properties": { "内容": "かしの樹ケアプランサービス【居宅介護支援】春の町1丁目4-13", "url": "https://www.kaigokensaku.mhlw.go.jp/40/index.php?action_kouhyou_detail_004_kani=true&JigyosyoCd=4070708328-00&ServiceCd=430&Type=search", "url2": null }, "geometry": { "type": "Point", "coordinates": [ 130.80505740000001, 33.8652565 ] } },
{ "type": "Feature", "properties": { "内容": "リンクケアセンター八幡　ケアプランセンター【居宅介護支援】福岡県北九州市八幡東区祇園１－６－２", "url": "https://www.kaigokensaku.mhlw.go.jp/40/index.php?action_kouhyou_detail_004_kani=true&JigyosyoCd=4070601838-00&ServiceCd=430&Type=search", "url2": "http://hp.kaipoke.biz/3y2/index.html" }, "geometry": { "type": "Point", "coordinates": [ 130.789796, 33.8649101 ] } },
{ "type": "Feature", "properties": { "内容": "ケアプラン　温（つつむ）【居宅介護支援】福岡県北九州市八幡東区山王2丁目12番2号", "url": "https://www.kaigokensaku.mhlw.go.jp/40/index.php?action_kouhyou_detail_004_kani=true&JigyosyoCd=4070602117-00&ServiceCd=430&Type=search", "url2": null }, "geometry": { "type": "Point", "coordinates": [ 130.8189209, 33.8697336 ] } },
{ "type": "Feature", "properties": { "内容": "メディックケアプランセンター【居宅介護支援】諏訪1-6-20", "url": "https://www.kaigokensaku.mhlw.go.jp/40/index.php?action_kouhyou_detail_004_kani=true&JigyosyoCd=4070707916-00&ServiceCd=430&Type=search", "url2": null }, "geometry": { "type": "Point", "coordinates": [ 138.1140545, 36.0391525 ] } },
{ "type": "Feature", "properties": { "内容": "ふくし生協ケアプランセンター夢千帆【居宅介護支援】福岡県北九州市八幡東区尾倉1-14-25-2F", "url": "https://www.kaigokensaku.mhlw.go.jp/40/index.php?action_kouhyou_detail_004_kani=true&JigyosyoCd=4070701182-00&ServiceCd=430&Type=search", "url2": null }, "geometry": { "type": "Point", "coordinates": [ 130.8001229, 33.8628048 ] } },
{ "type": "Feature", "properties": { "内容": "年長者の里　在宅介護支援センター【居宅介護支援】福岡県北九州市八幡東区大蔵3-2-1", "url": "https://www.kaigokensaku.mhlw.go.jp/40/index.php?action_kouhyou_detail_004_kani=true&JigyosyoCd=4070600012-00&ServiceCd=430&Type=search", "url2": "http://n-sato.com/" }, "geometry": { "type": "Point", "coordinates": [ 130.816671600000063, 33.856264 ] } },
{ "type": "Feature", "properties": { "内容": "ふらて会介護保険センター【居宅介護支援】福岡県北九州市八幡東区昭和１丁目2-28", "url": "https://www.kaigokensaku.mhlw.go.jp/40/index.php?action_kouhyou_detail_004_kani=true&JigyosyoCd=4070600103-00&ServiceCd=430&Type=search", "url2": "http://www.furate.net/" }, "geometry": { "type": "Point", "coordinates": [ 130.838058300000057, 33.8667161 ] } },
{ "type": "Feature", "properties": { "内容": "居宅介護支援事業所　誠光園【居宅介護支援】北九州市八幡東区藤見町３番１号", "url": "https://www.kaigokensaku.mhlw.go.jp/40/index.php?action_kouhyou_detail_004_kani=true&JigyosyoCd=4070600129-00&ServiceCd=430&Type=search", "url2": "http://seikouen01.blog.ocn.ne.jp/" }, "geometry": { "type": "Point", "coordinates": [ 130.822912299999984, 33.8697736 ] } },
{ "type": "Feature", "properties": { "内容": "済生会くれたけ荘居宅介護支援事業所【居宅介護支援】北九州市八幡東区中尾1丁目22-18", "url": "https://www.kaigokensaku.mhlw.go.jp/40/index.php?action_kouhyou_detail_004_kani=true&JigyosyoCd=4070600194-00&ServiceCd=430&Type=search", "url2": "http://www.saiseikai-kuretakesou.jp" }, "geometry": { "type": "Point", "coordinates": [ 130.829423099999985, 33.8600944 ] } },
{ "type": "Feature", "properties": { "内容": "八幡医師会介護保険総合センター【居宅介護支援】福岡県北九州市八幡東区平野二丁目1番1号", "url": "https://www.kaigokensaku.mhlw.go.jp/40/index.php?action_kouhyou_detail_004_kani=true&JigyosyoCd=4070600228-00&ServiceCd=430&Type=search", "url2": "https://yahata-care.or.jp/" }, "geometry": { "type": "Point", "coordinates": [ 130.792884599999979, 33.8640963 ] } },
{ "type": "Feature", "properties": { "内容": "ケアステ－ション　すみれ【居宅介護支援】福岡県北九州市八幡東区尾倉一丁目4番21号", "url": "https://www.kaigokensaku.mhlw.go.jp/40/index.php?action_kouhyou_detail_004_kani=true&JigyosyoCd=4070600590-00&ServiceCd=430&Type=search", "url2": null }, "geometry": { "type": "Point", "coordinates": [ 130.799011800000017, 33.8643824 ] } },
{ "type": "Feature", "properties": { "内容": "北九州ヘルスケアサービス八幡【居宅介護支援】福岡県北九州市八幡東区中央2丁目22番16号", "url": "https://www.kaigokensaku.mhlw.go.jp/40/index.php?action_kouhyou_detail_004_kani=true&JigyosyoCd=4070600699-00&ServiceCd=430&Type=search", "url2": "http://ｗｗｗ.kitakyusｈu-hcs.co.jp" }, "geometry": { "type": "Point", "coordinates": [ 130.811674499999981, 33.8666683 ] } },
{ "type": "Feature", "properties": { "内容": "ケアプランセンターまごころの手【居宅介護支援】福岡県北九州市八幡東区東台良町５－４９", "url": "https://www.kaigokensaku.mhlw.go.jp/40/index.php?action_kouhyou_detail_004_kani=true&JigyosyoCd=4070600772-00&ServiceCd=430&Type=search", "url2": null }, "geometry": { "type": "Point", "coordinates": [ 130.792484800000011, 33.8608383 ] } },
{ "type": "Feature", "properties": { "内容": "アップルハート八幡東ケアプランセンター【居宅介護支援】福岡県北九州市八幡東区山王一丁目11-1　1階", "url": "https://www.kaigokensaku.mhlw.go.jp/40/index.php?action_kouhyou_detail_004_kani=true&JigyosyoCd=4070601150-00&ServiceCd=430&Type=search", "url2": "http:/www.aso-kaigo.jp" }, "geometry": { "type": "Point", "coordinates": [ 130.815509085866552, 33.868768175632134 ] } },
{ "type": "Feature", "properties": { "内容": "ケアプランセンターまごころ【居宅介護支援】北九州市八幡東区石坪町１－８", "url": "https://www.kaigokensaku.mhlw.go.jp/40/index.php?action_kouhyou_detail_004_kani=true&JigyosyoCd=4070601200-00&ServiceCd=430&Type=search", "url2": null }, "geometry": { "type": "Point", "coordinates": [ 130.839290892243156, 33.865689802626008 ] } },
{ "type": "Feature", "properties": { "内容": "株式会社カルサイトケアプランセンターはるか【居宅介護支援】福岡県北九州市八幡東区中央２－１－１　レインボープラザ１F", "url": "https://www.kaigokensaku.mhlw.go.jp/40/index.php?action_kouhyou_detail_004_kani=true&JigyosyoCd=4070601234-00&ServiceCd=430&Type=search", "url2": "calcite.jp" }, "geometry": { "type": "Point", "coordinates": [ 130.810756199999986, 33.8639231 ] } },
{ "type": "Feature", "properties": { "内容": "ケアプランセンターさらん【居宅介護支援】福岡県北九州市八幡東区尾倉2丁目3番3号301号室", "url": "https://www.kaigokensaku.mhlw.go.jp/40/index.php?action_kouhyou_detail_004_kani=true&JigyosyoCd=4070601366-00&ServiceCd=430&Type=search", "url2": null }, "geometry": { "type": "Point", "coordinates": [ 130.797988787696795, 33.863682792059777 ] } },
{ "type": "Feature", "properties": { "内容": "ケアプランセンター桃園【居宅介護支援】福岡県北九州市八幡東区桃園1-5-1", "url": "https://www.kaigokensaku.mhlw.go.jp/40/index.php?action_kouhyou_detail_004_kani=true&JigyosyoCd=4070601721-00&ServiceCd=430&Type=search", "url2": "https://haruka-mc.jp/" }, "geometry": { "type": "Point", "coordinates": [ 130.784692299999961, 33.8633836 ] } },
{ "type": "Feature", "properties": { "内容": "うさぎケアプランサービス【居宅介護支援】福岡県北九州市八幡東区末広町12-7", "url": "https://www.kaigokensaku.mhlw.go.jp/40/index.php?action_kouhyou_detail_004_kani=true&JigyosyoCd=4070601853-00&ServiceCd=430&Type=search", "url2": null }, "geometry": { "type": "Point", "coordinates": [ 130.817924615158972, 33.862366453583711 ] } },
{ "type": "Feature", "properties": { "内容": "あべりあケアプランセンター【居宅介護支援】福岡県北九州市八幡東区前田1丁目7番26号", "url": "https://www.kaigokensaku.mhlw.go.jp/40/index.php?action_kouhyou_detail_004_kani=true&JigyosyoCd=4070602042-00&ServiceCd=430&Type=search", "url2": null }, "geometry": { "type": "Point", "coordinates": [ 130.791891699999951, 33.868730200000016 ] } },
{ "type": "Feature", "properties": { "内容": "ふじケアプランセンター八幡【居宅介護支援】福岡県北九州市八幡東区上本町一丁目6番2-101号", "url": "https://www.kaigokensaku.mhlw.go.jp/40/index.php?action_kouhyou_detail_004_kani=true&JigyosyoCd=4070602216-00&ServiceCd=430&Type=search", "url2": null }, "geometry": { "type": "Point", "coordinates": [ 130.818442, 33.8655861 ] } },
{ "type": "Feature", "properties": { "内容": "なかむら整骨院介護支援【居宅介護支援】福岡県北九州市八幡東区祇園4丁目8－34", "url": "https://www.kaigokensaku.mhlw.go.jp/40/index.php?action_kouhyou_detail_004_kani=true&JigyosyoCd=4070700861-00&ServiceCd=430&Type=search", "url2": "http://www.aity-k.jp" }, "geometry": { "type": "Point", "coordinates": [ 130.784936274695326, 33.860250774354888 ] } },
{ "type": "Feature", "properties": { "内容": "ライズ・ケアプランセンター【居宅介護支援】福岡県北九州市八幡東区祇園原町３番２８号エスペランサ祇園原町１０３号", "url": "https://www.kaigokensaku.mhlw.go.jp/40/index.php?action_kouhyou_detail_004_kani=true&JigyosyoCd=4070602091-00&ServiceCd=430&Type=search", "url2": null }, "geometry": { "type": "Point", "coordinates": [ 130.788061125725591, 33.858354365721183 ] } },
{ "type": "Feature", "properties": { "内容": "北九州福祉サービス株式会社ケアプランサービスセンター八幡東【居宅介護支援】福岡県北九州市八幡東区帆柱一丁目7番50号", "url": "https://www.kaigokensaku.mhlw.go.jp/40/index.php?action_kouhyou_detail_004_kani=true&JigyosyoCd=4070601259-00&ServiceCd=430&Type=search", "url2": "http://www.kitafuku.co.jp" }, "geometry": { "type": "Point", "coordinates": [ 130.800372862070049, 33.862047338708088 ] } },
{ "type": "Feature", "properties": { "内容": "ケアプランセンターちよがさき【居宅介護支援】北九州市八幡西区千代ケ崎2-7-37", "url": "https://www.kaigokensaku.mhlw.go.jp/40/index.php?action_kouhyou_detail_004_kani=true&JigyosyoCd=4070201522-00&ServiceCd=430&Type=search", "url2": null }, "geometry": { "type": "Point", "coordinates": [ 130.71623818300327, 33.875377031802437 ] } },
{ "type": "Feature", "properties": { "内容": "キューウン・ケアサービス【居宅介護支援】福岡県北九州市八幡西区本城四丁目７－４６", "url": "https://www.kaigokensaku.mhlw.go.jp/40/index.php?action_kouhyou_detail_004_kani=true&JigyosyoCd=4070700143-00&ServiceCd=430&Type=search", "url2": "http://www.kyuun.com" }, "geometry": { "type": "Point", "coordinates": [ 130.73821369999996, 33.884492700000017 ] } },
{ "type": "Feature", "properties": { "内容": "ケアプランセンター・はたの里【居宅介護支援】福岡県北九州市八幡西区大字畑329番地1", "url": "https://www.kaigokensaku.mhlw.go.jp/40/index.php?action_kouhyou_detail_004_kani=true&JigyosyoCd=4070703972-00&ServiceCd=430&Type=search", "url2": "http://www.geocities.jp/katuki_roujnhome/index.html" }, "geometry": { "type": "Point", "coordinates": [ 130.780712699999981, 33.7965172 ] } },
{ "type": "Feature", "properties": { "内容": "ケアプランセンターしふく【居宅介護支援】福岡県北九州市八幡西区塔野三丁目16番2号サンフラワーズ北九州内", "url": "https://www.kaigokensaku.mhlw.go.jp/40/index.php?action_kouhyou_detail_004_kani=true&JigyosyoCd=4070707403-00&ServiceCd=430&Type=search", "url2": null }, "geometry": { "type": "Point", "coordinates": [ 130.733843900000011, 33.8230663 ] } },
{ "type": "Feature", "properties": { "内容": "ケアプランセンターほがらか【居宅介護支援】福岡県北九州市八幡西区中の原1-13-39", "url": "https://www.kaigokensaku.mhlw.go.jp/40/index.php?action_kouhyou_detail_004_kani=true&JigyosyoCd=4070707015-00&ServiceCd=430&Type=search", "url2": null }, "geometry": { "type": "Point", "coordinates": [ 130.754958399999964, 33.833038 ] } },
{ "type": "Feature", "properties": { "内容": "アースサポート北九州【居宅介護支援】福岡県北九州市八幡西区永犬丸4丁目6番30号", "url": "https://www.kaigokensaku.mhlw.go.jp/40/index.php?action_kouhyou_detail_004_kani=true&JigyosyoCd=4070701570-00&ServiceCd=430&Type=search", "url2": "http://www.earthsupport.co.jp" }, "geometry": { "type": "Point", "coordinates": [ 130.733146199999965, 33.8416086 ] } },
{ "type": "Feature", "properties": { "内容": "ケアプラン　いちご一会【居宅介護支援】福岡県北九州市八幡西区大字本城２７７０－２", "url": "https://www.kaigokensaku.mhlw.go.jp/40/index.php?action_kouhyou_detail_004_kani=true&JigyosyoCd=4070707023-00&ServiceCd=430&Type=search", "url2": null }, "geometry": { "type": "Point", "coordinates": [ 130.725967299999979, 33.8871839 ] } },
{ "type": "Feature", "properties": { "内容": "産業医科大学介護施設「虹の丘」ケアプランセンター【居宅介護支援】福岡県北九州市八幡西区光貞台3丁目13番10号", "url": "https://www.kaigokensaku.mhlw.go.jp/40/index.php?action_kouhyou_detail_004_kani=true&JigyosyoCd=4070703410-00&ServiceCd=430&Type=search", "url2": "https://www.uoeh-u.ac.jp/facilities/nijinooka.html" }, "geometry": { "type": "Point", "coordinates": [ 130.718018, 33.8864893 ] } },
{ "type": "Feature", "properties": { "内容": "花笑みケアプランセンター【居宅介護支援】福岡県北九州市八幡西区本城東１丁目２－１０コンフォート本城１階", "url": "https://www.kaigokensaku.mhlw.go.jp/40/index.php?action_kouhyou_detail_004_kani=true&JigyosyoCd=4070707874-00&ServiceCd=430&Type=search", "url2": null }, "geometry": { "type": "Point", "coordinates": [ 130.7389234, 33.8742916 ] } },
{ "type": "Feature", "properties": { "内容": "あすなろ館ケアプランセンター【居宅介護支援】福岡県北九州市八幡西区則松四丁目21番3号", "url": "https://www.kaigokensaku.mhlw.go.jp/40/index.php?action_kouhyou_detail_004_kani=true&JigyosyoCd=4070705787-00&ServiceCd=430&Type=search", "url2": null }, "geometry": { "type": "Point", "coordinates": [ 130.719029888361661, 33.85720063824283 ] } },
{ "type": "Feature", "properties": { "内容": "総合システムケアプランセンター【居宅介護支援】福岡県北九州市八幡西区医生ヶ丘3番5号アミューズメント2階アミューズメント2階", "url": "https://www.kaigokensaku.mhlw.go.jp/40/index.php?action_kouhyou_detail_004_kani=true&JigyosyoCd=4070703857-00&ServiceCd=430&Type=search", "url2": "http://www.sogo-system.co.jp" }, "geometry": { "type": "Point", "coordinates": [ 130.714760205696166, 33.880127608669675 ] } },
{ "type": "Feature", "properties": { "内容": "ケアプラン　むつみ【居宅介護支援】福岡県北九州市八幡西区永犬丸東町3丁目10番14号", "url": "https://www.kaigokensaku.mhlw.go.jp/40/index.php?action_kouhyou_detail_004_kani=true&JigyosyoCd=4070704087-00&ServiceCd=430&Type=search", "url2": null }, "geometry": { "type": "Point", "coordinates": [ 130.742720599999984, 33.8349791 ] } },
{ "type": "Feature", "properties": { "内容": "ケアプランセンターつなぐ【居宅介護支援】福岡県北九州市八幡西区市瀬一丁目１３番２号", "url": "https://www.kaigokensaku.mhlw.go.jp/40/index.php?action_kouhyou_detail_004_kani=true&JigyosyoCd=4070706116-00&ServiceCd=430&Type=search", "url2": "http://www.tunagu2013.com" }, "geometry": { "type": "Point", "coordinates": [ 130.762378851886751, 33.836341540706044 ] } },
{ "type": "Feature", "properties": { "内容": "介護サービス　愛【居宅介護支援】北九州市八幡西区千代５丁目１０－８", "url": "https://www.kaigokensaku.mhlw.go.jp/40/index.php?action_kouhyou_detail_004_kani=true&JigyosyoCd=4070701299-00&ServiceCd=430&Type=search", "url2": null }, "geometry": { "type": "Point", "coordinates": [ 130.7401605, 33.8082457 ] } },
{ "type": "Feature", "properties": { "内容": "ケアプランセンターいぶき【居宅介護支援】北九州市八幡西区町上津役東二丁目１番7号", "url": "https://www.kaigokensaku.mhlw.go.jp/40/index.php?action_kouhyou_detail_004_kani=true&JigyosyoCd=4070704079-00&ServiceCd=430&Type=search", "url2": null }, "geometry": { "type": "Point", "coordinates": [ 130.753811600000063, 33.8222111 ] } },
{ "type": "Feature", "properties": { "内容": "ケアプラン　べっきー【居宅介護支援】福岡県北九州市八幡西区陣山二丁目2番1号", "url": "https://www.kaigokensaku.mhlw.go.jp/40/index.php?action_kouhyou_detail_004_kani=true&JigyosyoCd=4070707338-00&ServiceCd=430&Type=search", "url2": "https://berryfinn.jp/" }, "geometry": { "type": "Point", "coordinates": [ 130.7793024, 33.8678929 ] } },
{ "type": "Feature", "properties": { "内容": "ケアプランセンター　ハピネス【居宅介護支援】福岡県北九州市八幡西区上上津役2-20-22", "url": "https://www.kaigokensaku.mhlw.go.jp/40/index.php?action_kouhyou_detail_004_kani=true&JigyosyoCd=4070706025-00&ServiceCd=430&Type=search", "url2": null }, "geometry": { "type": "Point", "coordinates": [ 130.7299911, 33.8384561 ] } },
{ "type": "Feature", "properties": { "内容": "サポートやはた介護相談センター【居宅介護支援】福岡県北九州市八幡西区永犬丸東町３丁目１４番８号", "url": "https://www.kaigokensaku.mhlw.go.jp/40/index.php?action_kouhyou_detail_004_kani=true&JigyosyoCd=4070700606-00&ServiceCd=430&Type=search", "url2": "http://www.yahata-hp.com/" }, "geometry": { "type": "Point", "coordinates": [ 130.741226699050117, 33.834733800922592 ] } },
{ "type": "Feature", "properties": { "内容": "ひろき苑ケアプランセンター【居宅介護支援】本城四丁目7-46", "url": "https://www.kaigokensaku.mhlw.go.jp/40/index.php?action_kouhyou_detail_004_kani=true&JigyosyoCd=4070707734-00&ServiceCd=430&Type=search", "url2": "http://kawamura-fs.com/yahata.html" }, "geometry": { "type": "Point", "coordinates": [ 130.738176855819688, 33.884570980188741 ] } },
{ "type": "Feature", "properties": { "内容": "ケアプランセンタースマイル【居宅介護支援】福岡県北九州市八幡西区香月西三丁目9番10号", "url": "https://www.kaigokensaku.mhlw.go.jp/40/index.php?action_kouhyou_detail_004_kani=true&JigyosyoCd=4070703519-00&ServiceCd=430&Type=search", "url2": null }, "geometry": { "type": "Point", "coordinates": [ 130.728495, 33.8027046 ] } },
{ "type": "Feature", "properties": { "内容": "ケアプランセンターほほえみ【居宅介護支援】福岡県北九州市八幡西区永犬丸南町２丁目２番４１号", "url": "https://www.kaigokensaku.mhlw.go.jp/40/index.php?action_kouhyou_detail_004_kani=true&JigyosyoCd=4070705084-00&ServiceCd=430&Type=search", "url2": null }, "geometry": { "type": "Point", "coordinates": [ 130.729938400000037, 33.8340233 ] } },
{ "type": "Feature", "properties": { "内容": "ケアプランセンターかがやき【居宅介護支援】福岡県北九州市八幡西区木屋瀬1丁目18-9グランドハイツ木屋瀬１０５", "url": "https://www.kaigokensaku.mhlw.go.jp/40/index.php?action_kouhyou_detail_004_kani=true&JigyosyoCd=4070706512-00&ServiceCd=430&Type=search", "url2": "http://asunaro-f.jp/" }, "geometry": { "type": "Point", "coordinates": [ 130.725579200096405, 33.781880668907561 ] } },
{ "type": "Feature", "properties": { "内容": "華里おひさま園ケアプランサービス【居宅介護支援】北九州市八幡西区永犬丸2-10-10医療法人権頭クリニック", "url": "https://www.kaigokensaku.mhlw.go.jp/40/index.php?action_kouhyou_detail_004_kani=true&JigyosyoCd=4070702008-00&ServiceCd=430&Type=search", "url2": "http://www.goncli.net/" }, "geometry": { "type": "Point", "coordinates": [ 130.726582975314955, 33.845017281408353 ] } },
{ "type": "Feature", "properties": { "内容": "すずみ医院介護保険相談センター【居宅介護支援】北九州市八幡西区木屋瀬３－１６－１５", "url": "https://www.kaigokensaku.mhlw.go.jp/40/index.php?action_kouhyou_detail_004_kani=true&JigyosyoCd=4070701034-00&ServiceCd=430&Type=search", "url2": null }, "geometry": { "type": "Point", "coordinates": [ 130.719552970222509, 33.779861372151608 ] } },
{ "type": "Feature", "properties": { "内容": "ケアプランセンターさくら【居宅介護支援】福岡県北九州市八幡西区永犬丸東町三丁目１５－２９", "url": "https://www.kaigokensaku.mhlw.go.jp/40/index.php?action_kouhyou_detail_004_kani=true&JigyosyoCd=4070704673-00&ServiceCd=430&Type=search", "url2": "www.sakuracl.jp/index2.html" }, "geometry": { "type": "Point", "coordinates": [ 130.741079, 33.835051300000025 ] } },
{ "type": "Feature", "properties": { "内容": "ケアプランセンタータイム【居宅介護支援】福岡県北九州市八幡西区永犬丸西町４丁目１８番６号", "url": "https://www.kaigokensaku.mhlw.go.jp/40/index.php?action_kouhyou_detail_004_kani=true&JigyosyoCd=4070707601-00&ServiceCd=430&Type=search", "url2": null }, "geometry": { "type": "Point", "coordinates": [ 130.728985200000011, 33.8350996 ] } },
{ "type": "Feature", "properties": { "内容": "ケアプラン松竹梅【居宅介護支援】福岡県北九州市八幡西区熊手一丁目2－22福寿ハイツ405号室", "url": "https://www.kaigokensaku.mhlw.go.jp/40/index.php?action_kouhyou_detail_004_kani=true&JigyosyoCd=4070708393-00&ServiceCd=430&Type=search", "url2": "https://hp.kaipoke.biz/k3c/183542/index_0001.html" }, "geometry": { "type": "Point", "coordinates": [ 130.7692839, 33.8626487 ] } },
{ "type": "Feature", "properties": { "内容": "みどりケアプランセンタ－【居宅介護支援】福岡県北九州市八幡西区馬場山緑2番25号", "url": "https://www.kaigokensaku.mhlw.go.jp/40/index.php?action_kouhyou_detail_004_kani=true&JigyosyoCd=4070703063-00&ServiceCd=430&Type=search", "url2": null }, "geometry": { "type": "Point", "coordinates": [ 130.73812769999995, 33.7905755 ] } },
{ "type": "Feature", "properties": { "内容": "ウェルネスケアプランセンター【居宅介護支援】福岡県北九州市八幡西区鉄竜２丁目２１－８", "url": "https://www.kaigokensaku.mhlw.go.jp/40/index.php?action_kouhyou_detail_004_kani=true&JigyosyoCd=4070707841-00&ServiceCd=430&Type=search", "url2": null }, "geometry": { "type": "Point", "coordinates": [ 130.751651900000013, 33.8519713 ] } },
{ "type": "Feature", "properties": { "内容": "あんゆにーくケアプランセンター【居宅介護支援】福岡県北九州市八幡西区泉ケ浦2丁目14番地11号", "url": "https://www.kaigokensaku.mhlw.go.jp/40/index.php?action_kouhyou_detail_004_kani=true&JigyosyoCd=4070708153-00&ServiceCd=430&Type=search", "url2": null }, "geometry": { "type": "Point", "coordinates": [ 130.720985899999988, 33.8442556 ] } },
{ "type": "Feature", "properties": { "内容": "ケアプランかなで【居宅介護支援】福岡県北九州市八幡西区馬場山緑14-12メルベーユⅡ103", "url": "https://www.kaigokensaku.mhlw.go.jp/40/index.php?action_kouhyou_detail_004_kani=true&JigyosyoCd=4070708526-00&ServiceCd=430&Type=search", "url2": "https://minori2009.com/" }, "geometry": { "type": "Point", "coordinates": [ 130.7401237, 33.7919529 ] } },
{ "type": "Feature", "properties": { "内容": "ケアプランセンター　花【居宅介護支援】竹末2丁目１０－１", "url": "https://www.kaigokensaku.mhlw.go.jp/40/index.php?action_kouhyou_detail_004_kani=true&JigyosyoCd=4070706413-00&ServiceCd=430&Type=search", "url2": null }, "geometry": { "type": "Point", "coordinates": [ 130.747614, 33.853652 ] } },
{ "type": "Feature", "properties": { "内容": "ケアプランセンター茶の間【居宅介護支援】福岡県北九州市八幡西区楠橋南2－11－1", "url": "https://www.kaigokensaku.mhlw.go.jp/40/index.php?action_kouhyou_detail_004_kani=true&JigyosyoCd=4070704228-00&ServiceCd=430&Type=search", "url2": null }, "geometry": { "type": "Point", "coordinates": [ 130.733222500000011, 33.7877203 ] } },
{ "type": "Feature", "properties": { "内容": "けあぷらんアクア【居宅介護支援】福岡県北九州市八幡西区楠木二丁目１０－９", "url": "https://www.kaigokensaku.mhlw.go.jp/40/index.php?action_kouhyou_detail_004_kani=true&JigyosyoCd=4070706181-00&ServiceCd=430&Type=search", "url2": null }, "geometry": { "type": "Point", "coordinates": [ 130.720110400000067, 33.8703298 ] } },
{ "type": "Feature", "properties": { "内容": "北九州福祉サービス株式会社ケアプランサービスセンター八幡西【居宅介護支援】福岡県北九州市八幡西区幸神2丁目6-22　　2F", "url": "https://www.kaigokensaku.mhlw.go.jp/40/index.php?action_kouhyou_detail_004_kani=true&JigyosyoCd=4070704533-00&ServiceCd=430&Type=search", "url2": "http://www.kitafuku.co.jp" }, "geometry": { "type": "Point", "coordinates": [ 130.766304, 33.8518471 ] } },
{ "type": "Feature", "properties": { "内容": "あーるケアプランセンター【居宅介護支援】皇后崎町1番10号皇后崎スカイマンション408号", "url": "https://www.kaigokensaku.mhlw.go.jp/40/index.php?action_kouhyou_detail_004_kani=true&JigyosyoCd=4070708294-00&ServiceCd=430&Type=search", "url2": null }, "geometry": { "type": "Point", "coordinates": [ 130.7522504, 33.8659901 ] } },
{ "type": "Feature", "properties": { "内容": "やはた総合介護サービス【居宅介護支援】福岡県北九州市八幡西区大平3丁目14番7号大平メディカルケア病院", "url": "https://www.kaigokensaku.mhlw.go.jp/40/index.php?action_kouhyou_detail_004_kani=true&JigyosyoCd=4070600145-00&ServiceCd=430&Type=search", "url2": "http://www.jojinkai.com/ohira/" }, "geometry": { "type": "Point", "coordinates": [ 130.746656799999982, 33.8194363 ] } },
{ "type": "Feature", "properties": { "内容": "グローバルケアケアプランセンター【居宅介護支援】藤原三丁目１０－１５・２Ｆグループホームグローバルケア２階", "url": "https://www.kaigokensaku.mhlw.go.jp/40/index.php?action_kouhyou_detail_004_kani=true&JigyosyoCd=4070706090-00&ServiceCd=430&Type=search", "url2": "www.gl-care.org" }, "geometry": { "type": "Point", "coordinates": [ 130.707416800000033, 33.8771981 ] } },
{ "type": "Feature", "properties": { "内容": "ケアプランセンターあや【居宅介護支援】八幡西区椋枝1-1-15", "url": "https://www.kaigokensaku.mhlw.go.jp/40/index.php?action_kouhyou_detail_004_kani=true&JigyosyoCd=4070705209-00&ServiceCd=430&Type=search", "url2": null }, "geometry": { "type": "Point", "coordinates": [ 130.740019884130817, 33.811371642582891 ] } },
{ "type": "Feature", "properties": { "内容": "ケアプランセンター白馬【居宅介護支援】福岡県北九州市八幡西区市瀬二丁目１２番６４号", "url": "https://www.kaigokensaku.mhlw.go.jp/40/index.php?action_kouhyou_detail_004_kani=true&JigyosyoCd=4070702404-00&ServiceCd=430&Type=search", "url2": "http://hakuba5.com" }, "geometry": { "type": "Point", "coordinates": [ 130.764926815568629, 33.836267084905394 ] } },
{ "type": "Feature", "properties": { "内容": "和泉の里黒崎ケアプランセンター【居宅介護支援】福岡県北九州市八幡西区岡田町10-10", "url": "https://www.kaigokensaku.mhlw.go.jp/40/index.php?action_kouhyou_detail_004_kani=true&JigyosyoCd=4070703618-00&ServiceCd=430&Type=search", "url2": "http://www.shokaien.com" }, "geometry": { "type": "Point", "coordinates": [ 130.7703616, 33.8653013 ] } },
{ "type": "Feature", "properties": { "内容": "ケアプランセンターほほえみ【居宅介護支援】福岡県北九州市八幡西区永犬丸南町2丁目2-41", "url": "https://www.kaigokensaku.mhlw.go.jp/40/index.php?action_kouhyou_detail_004_kani=true&JigyosyoCd=4070708187-00&ServiceCd=430&Type=search", "url2": null }, "geometry": { "type": "Point", "coordinates": [ 130.729897, 33.8340433 ] } },
{ "type": "Feature", "properties": { "内容": "医療法人慈恵睦会ケアプランサービスむつみ【居宅介護支援】福岡県北九州市八幡西区木屋瀬三丁目2番30号", "url": "https://www.kaigokensaku.mhlw.go.jp/40/index.php?action_kouhyou_detail_004_kani=true&JigyosyoCd=4070700390-00&ServiceCd=430&Type=search", "url2": "http://www.mutsumi.or.jp" }, "geometry": { "type": "Point", "coordinates": [ 130.727714600000013, 33.7816766 ] } },
{ "type": "Feature", "properties": { "内容": "エフコープ介護サービス北九州【居宅介護支援】福岡県北九州市八幡西区下上津役４丁目19-12", "url": "https://www.kaigokensaku.mhlw.go.jp/40/index.php?action_kouhyou_detail_004_kani=true&JigyosyoCd=4070701596-00&ServiceCd=430&Type=search", "url2": "http://www.fcoop.or.jp/" }, "geometry": { "type": "Point", "coordinates": [ 130.744048499999963, 33.8265522 ] } },
{ "type": "Feature", "properties": { "内容": "ケアプランセンター福の里【居宅介護支援】北九州市八幡西区楠橋上方2丁目11-27", "url": "https://www.kaigokensaku.mhlw.go.jp/40/index.php?action_kouhyou_detail_004_kani=true&JigyosyoCd=4070702701-00&ServiceCd=430&Type=search", "url2": "fukunosato-kyotaku@1i1y.ocn.ne.jp" }, "geometry": { "type": "Point", "coordinates": [ 130.729558150777024, 33.79322189556985 ] } },
{ "type": "Feature", "properties": { "内容": "ケアプランライフサポートなごみ【居宅介護支援】東折尾町１９－２１", "url": "https://www.kaigokensaku.mhlw.go.jp/40/index.php?action_kouhyou_detail_004_kani=true&JigyosyoCd=4070705829-00&ServiceCd=430&Type=search", "url2": null }, "geometry": { "type": "Point", "coordinates": [ 130.718666399999961, 33.8610281 ] } },
{ "type": "Feature", "properties": { "内容": "ケアプランセンターテンダー【居宅介護支援】金剛１丁目１６－２５", "url": "https://www.kaigokensaku.mhlw.go.jp/40/index.php?action_kouhyou_detail_004_kani=true&JigyosyoCd=4070706041-00&ServiceCd=430&Type=search", "url2": null }, "geometry": { "type": "Point", "coordinates": [ 130.7468493, 33.7847707 ] } },
{ "type": "Feature", "properties": { "内容": "もみじ苑居宅介護支援センター【居宅介護支援】福岡県北九州市八幡西区藤原4丁目15番33号", "url": "https://www.kaigokensaku.mhlw.go.jp/40/index.php?action_kouhyou_detail_004_kani=true&JigyosyoCd=4070700325-00&ServiceCd=430&Type=search", "url2": "http://www.honjyoukai.com/" }, "geometry": { "type": "Point", "coordinates": [ 130.710105200000044, 33.88112 ] } },
{ "type": "Feature", "properties": { "内容": "ケアプランセンターいやし【居宅介護支援】福岡県北九州市八幡西区東鳴水三丁目6番28号", "url": "https://www.kaigokensaku.mhlw.go.jp/40/index.php?action_kouhyou_detail_004_kani=true&JigyosyoCd=4070301272-00&ServiceCd=430&Type=search", "url2": "https://careplan-iyashi.net" }, "geometry": { "type": "Point", "coordinates": [ 130.769624404214028, 33.854983146143326 ] } },
{ "type": "Feature", "properties": { "内容": "ケアプランセンターここあ【居宅介護支援】則松6丁目9-41", "url": "https://www.kaigokensaku.mhlw.go.jp/40/index.php?action_kouhyou_detail_004_kani=true&JigyosyoCd=4070707692-00&ServiceCd=430&Type=search", "url2": "https://www.cocoa-kaigo.com" }, "geometry": { "type": "Point", "coordinates": [ 130.718011585419191, 33.85214042003944 ] } },
{ "type": "Feature", "properties": { "内容": "ケアプランセンター雪割草【居宅介護支援】福岡県北九州市八幡西区上の原4丁目4番20号", "url": "https://www.kaigokensaku.mhlw.go.jp/40/index.php?action_kouhyou_detail_004_kani=true&JigyosyoCd=4070708344-00&ServiceCd=430&Type=search", "url2": null }, "geometry": { "type": "Point", "coordinates": [ 130.7488908, 33.8363693 ] } },
{ "type": "Feature", "properties": { "内容": "あしびきケアプラン【居宅介護支援】福岡県北九州市八幡西区木屋瀬東1丁目3番23号", "url": "https://www.kaigokensaku.mhlw.go.jp/40/index.php?action_kouhyou_detail_004_kani=true&JigyosyoCd=4070708567-00&ServiceCd=430&Type=search", "url2": null }, "geometry": { "type": "Point", "coordinates": [ 130.728659599999986, 33.7813915 ] } },
{ "type": "Feature", "properties": { "内容": "ケアプランサービス　四方来【居宅介護支援】福岡県北九州市八幡西区本城2丁目7－13－101", "url": "https://www.kaigokensaku.mhlw.go.jp/40/index.php?action_kouhyou_detail_004_kani=true&JigyosyoCd=4070201738-00&ServiceCd=430&Type=search", "url2": null }, "geometry": { "type": "Point", "coordinates": [ 130.688420700000052, 33.9021833 ] } },
{ "type": "Feature", "properties": { "内容": "医療法人親和会　ケアプランサービス天神【居宅介護支援】福岡県八幡西区楠橋南2-19-6", "url": "https://www.kaigokensaku.mhlw.go.jp/40/index.php?action_kouhyou_detail_004_kani=true&JigyosyoCd=4070300449-00&ServiceCd=430&Type=search", "url2": "kaigo-tenjin@ymt.bbiq.jp" }, "geometry": { "type": "Point", "coordinates": [ 130.831847977246042, 33.894490073929752 ] } },
{ "type": "Feature", "properties": { "内容": "倫尚園在宅介護支援センター【居宅介護支援】北九州市八幡西区馬場山東1丁目3番22号", "url": "https://www.kaigokensaku.mhlw.go.jp/40/index.php?action_kouhyou_detail_004_kani=true&JigyosyoCd=4070700028-00&ServiceCd=430&Type=search", "url2": "http://rinsyoukai.or.jp" }, "geometry": { "type": "Point", "coordinates": [ 130.749576599999955, 33.7975386 ] } },
{ "type": "Feature", "properties": { "内容": "指定居宅介護支援事業所　聖ヨゼフの園【居宅介護支援】福岡県北九州市八幡西区青山二丁目１－１", "url": "https://www.kaigokensaku.mhlw.go.jp/40/index.php?action_kouhyou_detail_004_kani=true&JigyosyoCd=4070700036-00&ServiceCd=430&Type=search", "url2": "http://www.st-joseph.or.jp" }, "geometry": { "type": "Point", "coordinates": [ 130.753435500000023, 33.8595682 ] } },
{ "type": "Feature", "properties": { "内容": "ケアプランゆうゆう【居宅介護支援】福岡県北九州市八幡西区光貞台三丁目17-13", "url": "https://www.kaigokensaku.mhlw.go.jp/40/index.php?action_kouhyou_detail_004_kani=true&JigyosyoCd=4070700051-00&ServiceCd=430&Type=search", "url2": null }, "geometry": { "type": "Point", "coordinates": [ 130.7168848, 33.886667 ] } },
{ "type": "Feature", "properties": { "内容": "サングリーン　ケアプランセンター【居宅介護支援】北九州市八幡西区大字則松103番地", "url": "https://www.kaigokensaku.mhlw.go.jp/40/index.php?action_kouhyou_detail_004_kani=true&JigyosyoCd=4070700184-00&ServiceCd=430&Type=search", "url2": "https://kitakyu-fukushi.or.jp" }, "geometry": { "type": "Point", "coordinates": [ 130.720177599999943, 33.8548538 ] } },
{ "type": "Feature", "properties": { "内容": "ニチイケアセンター永犬丸【居宅介護支援】福岡県北九州市八幡西区永犬丸3丁目1番4号", "url": "https://www.kaigokensaku.mhlw.go.jp/40/index.php?action_kouhyou_detail_004_kani=true&JigyosyoCd=4070700267-00&ServiceCd=430&Type=search", "url2": "http://www.nichiigakkan.co.jp" }, "geometry": { "type": "Point", "coordinates": [ 130.728660499999933, 33.8430166 ] } },
{ "type": "Feature", "properties": { "内容": "健康サポートセンター居宅介護支援サービス「いつくしみ」【居宅介護支援】福岡県北九州市八幡西区浅川2丁目9番13号", "url": "https://www.kaigokensaku.mhlw.go.jp/40/index.php?action_kouhyou_detail_004_kani=true&JigyosyoCd=4070700622-00&ServiceCd=430&Type=search", "url2": "https://kenkou-s-c.com" }, "geometry": { "type": "Point", "coordinates": [ 130.704950199999985, 33.88088650000001 ] } },
{ "type": "Feature", "properties": { "内容": "折尾ケアプランセンター【居宅介護支援】福岡県北九州市八幡西区里中2丁目1-1", "url": "https://www.kaigokensaku.mhlw.go.jp/40/index.php?action_kouhyou_detail_004_kani=true&JigyosyoCd=4070701380-00&ServiceCd=430&Type=search", "url2": "http://www.elder-s.co.jp" }, "geometry": { "type": "Point", "coordinates": [ 130.738762803163127, 33.84055765287777 ] } },
{ "type": "Feature", "properties": { "内容": "株式会社ケアリング北九州支店【居宅介護支援】福岡県北九州市八幡西区八千代町9-30", "url": "https://www.kaigokensaku.mhlw.go.jp/40/index.php?action_kouhyou_detail_004_kani=true&JigyosyoCd=4070701422-00&ServiceCd=430&Type=search", "url2": "http://www.caring.jp/" }, "geometry": { "type": "Point", "coordinates": [ 130.773983152050732, 33.863230117711517 ] } },
{ "type": "Feature", "properties": { "内容": "しみずケアプランサービス【居宅介護支援】福岡県北九州市八幡西区上上津役4丁目7-2", "url": "https://www.kaigokensaku.mhlw.go.jp/40/index.php?action_kouhyou_detail_004_kani=true&JigyosyoCd=4070702362-00&ServiceCd=430&Type=search", "url2": null }, "geometry": { "type": "Point", "coordinates": [ 130.758794299999977, 33.8286023 ] } },
{ "type": "Feature", "properties": { "内容": "佐々木病院ケアプランセンンター【居宅介護支援】福岡県北九州市八幡西区吉祥寺９番３６号", "url": "https://www.kaigokensaku.mhlw.go.jp/40/index.php?action_kouhyou_detail_004_kani=true&JigyosyoCd=4070702826-00&ServiceCd=430&Type=search", "url2": "http:/www.sasaki-hsp.jp/" }, "geometry": { "type": "Point", "coordinates": [ 130.733166799999907, 33.8047433 ] } },
{ "type": "Feature", "properties": { "内容": "ケアプランセンター出会い茶屋の原【居宅介護支援】福岡県北九州市八幡西区茶屋の原2-5-13", "url": "https://www.kaigokensaku.mhlw.go.jp/40/index.php?action_kouhyou_detail_004_kani=true&JigyosyoCd=4070703246-00&ServiceCd=430&Type=search", "url2": null }, "geometry": { "type": "Point", "coordinates": [ 130.743434039525596, 33.794262018606055 ] } },
{ "type": "Feature", "properties": { "内容": "ケアプランセンターらくす【居宅介護支援】北九州市八幡西区楠橋南2丁目16-2", "url": "https://www.kaigokensaku.mhlw.go.jp/40/index.php?action_kouhyou_detail_004_kani=true&JigyosyoCd=4070703345-00&ServiceCd=430&Type=search", "url2": "http://www.e-65.jp" }, "geometry": { "type": "Point", "coordinates": [ 130.734065294320658, 33.785387448599977 ] } },
{ "type": "Feature", "properties": { "内容": "ふじの木園ケアプランセンター【居宅介護支援】福岡県北九州市八幡西区椋枝二丁目11番20号", "url": "https://www.kaigokensaku.mhlw.go.jp/40/index.php?action_kouhyou_detail_004_kani=true&JigyosyoCd=4070703386-00&ServiceCd=430&Type=search", "url2": null }, "geometry": { "type": "Point", "coordinates": [ 130.732258399999978, 33.80884 ] } },
{ "type": "Feature", "properties": { "内容": "ファーストライフ青山ケアプランセンター【居宅介護支援】福岡県北九州市八幡西区南王子町2-15", "url": "https://www.kaigokensaku.mhlw.go.jp/40/index.php?action_kouhyou_detail_004_kani=true&JigyosyoCd=4070703923-00&ServiceCd=430&Type=search", "url2": "http://www.sakurakan.net/" }, "geometry": { "type": "Point", "coordinates": [ 130.7585269, 33.8533468 ] } },
{ "type": "Feature", "properties": { "内容": "北九州ヘルスケアサービス黒崎【居宅介護支援】福岡県北九州市八幡西区東王子町7番8号", "url": "https://www.kaigokensaku.mhlw.go.jp/40/index.php?action_kouhyou_detail_004_kani=true&JigyosyoCd=4070703998-00&ServiceCd=430&Type=search", "url2": "http://www.kitakyushu-hcs.co.jp" }, "geometry": { "type": "Point", "coordinates": [ 130.759176700000012, 33.8589739 ] } },
{ "type": "Feature", "properties": { "内容": "麻生介護サービス株式会社　アップルハート八幡西ケアプランセンター【居宅介護支援】福岡県北九州市八幡西区本城４－６－６", "url": "https://www.kaigokensaku.mhlw.go.jp/40/index.php?action_kouhyou_detail_004_kani=true&JigyosyoCd=4070704152-00&ServiceCd=430&Type=search", "url2": "http://www.aso-group.co.jp" }, "geometry": { "type": "Point", "coordinates": [ 130.736814903796358, 33.884168543252528 ] } },
{ "type": "Feature", "properties": { "内容": "医療法人西田医院　湧水館ケアプランセンター【居宅介護支援】福岡県北九州市八幡西区木屋瀬東１丁目7番28号", "url": "https://www.kaigokensaku.mhlw.go.jp/40/index.php?action_kouhyou_detail_004_kani=true&JigyosyoCd=4070704236-00&ServiceCd=430&Type=search", "url2": "http://yuusuikan.com/" }, "geometry": { "type": "Point", "coordinates": [ 130.729991801026387, 33.780281807574362 ] } },
{ "type": "Feature", "properties": { "内容": "ケアプランセンターハッピーハウス【居宅介護支援】福岡県北九州市八幡西区浅川町1番21号", "url": "https://www.kaigokensaku.mhlw.go.jp/40/index.php?action_kouhyou_detail_004_kani=true&JigyosyoCd=4070704277-00&ServiceCd=430&Type=search", "url2": "https://happyhouse-kaigo.jp/" }, "geometry": { "type": "Point", "coordinates": [ 130.6966648, 33.8850691 ] } },
{ "type": "Feature", "properties": { "内容": "ケアプランサービスあんず【居宅介護支援】北九州市八幡西区森下町18-15-101", "url": "https://www.kaigokensaku.mhlw.go.jp/40/index.php?action_kouhyou_detail_004_kani=true&JigyosyoCd=4070704467-00&ServiceCd=430&Type=search", "url2": null }, "geometry": { "type": "Point", "coordinates": [ 130.749486199999978, 33.847725 ] } },
{ "type": "Feature", "properties": { "内容": "ケアプランセンター和が家【居宅介護支援】福岡県北九州市八幡西区御開3-9-53", "url": "https://www.kaigokensaku.mhlw.go.jp/40/index.php?action_kouhyou_detail_004_kani=true&JigyosyoCd=4070704574-00&ServiceCd=430&Type=search", "url2": "http://www.care-wagaya.com/index.html" }, "geometry": { "type": "Point", "coordinates": [ 130.7351721, 33.8887561 ] } },
{ "type": "Feature", "properties": { "内容": "ケアプランセンターえがお【居宅介護支援】福岡県北九州市八幡西区則松7丁目4-15コーポ則松102", "url": "https://www.kaigokensaku.mhlw.go.jp/40/index.php?action_kouhyou_detail_004_kani=true&JigyosyoCd=4070704590-00&ServiceCd=430&Type=search", "url2": null }, "geometry": { "type": "Point", "coordinates": [ 130.720177599999943, 33.8548538 ] } },
{ "type": "Feature", "properties": { "内容": "智美園ケアプランセンター【居宅介護支援】福岡県北九州市八幡西区三ヶ森4丁目13番11号", "url": "https://www.kaigokensaku.mhlw.go.jp/40/index.php?action_kouhyou_detail_004_kani=true&JigyosyoCd=4070704780-00&ServiceCd=430&Type=search", "url2": "http://www.tomomien.com/" }, "geometry": { "type": "Point", "coordinates": [ 130.739598036241205, 33.83235331127068 ] } },
{ "type": "Feature", "properties": { "内容": "ケアプランセンター　ワールド【居宅介護支援】福岡県北九州市八幡西区市瀬１丁目３番１３号", "url": "https://www.kaigokensaku.mhlw.go.jp/40/index.php?action_kouhyou_detail_004_kani=true&JigyosyoCd=4070704947-00&ServiceCd=430&Type=search", "url2": null }, "geometry": { "type": "Point", "coordinates": [ 130.7613854, 33.8409399 ] } },
{ "type": "Feature", "properties": { "内容": "ケアプランセンター　リアリゼ【居宅介護支援】福岡県北九州市八幡西区黒崎5丁目2番14号", "url": "https://www.kaigokensaku.mhlw.go.jp/40/index.php?action_kouhyou_detail_004_kani=true&JigyosyoCd=4070705118-00&ServiceCd=430&Type=search", "url2": "httpｓ://www.riarize.jp/" }, "geometry": { "type": "Point", "coordinates": [ 130.761881799999969, 33.8642845 ] } },
{ "type": "Feature", "properties": { "内容": "ケア・プランセンター結愛【居宅介護支援】福岡県北九州市八幡西区岩崎二丁目18番10号", "url": "https://www.kaigokensaku.mhlw.go.jp/40/index.php?action_kouhyou_detail_004_kani=true&JigyosyoCd=4070705191-00&ServiceCd=430&Type=search", "url2": "kizuna@energy.ocn.ne.jp" }, "geometry": { "type": "Point", "coordinates": [ 130.719373900000022, 33.8051991 ] } },
{ "type": "Feature", "properties": { "内容": "協和別所ケアプランセンター【居宅介護支援】福岡県北九州市八幡西区別所町１９番３１号", "url": "https://www.kaigokensaku.mhlw.go.jp/40/index.php?action_kouhyou_detail_004_kani=true&JigyosyoCd=4070705258-00&ServiceCd=430&Type=search", "url2": null }, "geometry": { "type": "Point", "coordinates": [ 130.75598279999997, 33.8488251 ] } },
{ "type": "Feature", "properties": { "内容": "サポートセンター本城ケアプランサービス【居宅介護支援】北九州市八幡西区本城東6丁目1-16", "url": "https://www.kaigokensaku.mhlw.go.jp/40/index.php?action_kouhyou_detail_004_kani=true&JigyosyoCd=4070705316-00&ServiceCd=430&Type=search", "url2": "http://www.hibiki.or.jp" }, "geometry": { "type": "Point", "coordinates": [ 130.730077516532873, 33.874220925966355 ] } },
{ "type": "Feature", "properties": { "内容": "ベルの郷　ケアプランセンター【居宅介護支援】星ヶ丘5丁目5-1", "url": "https://www.kaigokensaku.mhlw.go.jp/40/index.php?action_kouhyou_detail_004_kani=true&JigyosyoCd=4070705456-00&ServiceCd=430&Type=search", "url2": "http://bellnosato.com/" }, "geometry": { "type": "Point", "coordinates": [ 130.749424500000032, 33.7707529 ] } },
{ "type": "Feature", "properties": { "内容": "フォレスタ　ケアマネステーション【居宅介護支援】陣原一丁目2番10号医療法人しょうわ会　正和なみき病院", "url": "https://www.kaigokensaku.mhlw.go.jp/40/index.php?action_kouhyou_detail_004_kani=true&JigyosyoCd=4070706033-00&ServiceCd=430&Type=search", "url2": "https://www.showa-felicia.com" }, "geometry": { "type": "Point", "coordinates": [ 130.743463157071687, 33.867383345857959 ] } },
{ "type": "Feature", "properties": { "内容": "ケアプランセンターきらめき【居宅介護支援】本城一丁目20番20号きらめき本城ビル", "url": "https://www.kaigokensaku.mhlw.go.jp/40/index.php?action_kouhyou_detail_004_kani=true&JigyosyoCd=4070706280-00&ServiceCd=430&Type=search", "url2": "https://www.pro-kirameki.com/care-plan-center" }, "geometry": { "type": "Point", "coordinates": [ 130.728924694551068, 33.881977034793955 ] } },
{ "type": "Feature", "properties": { "内容": "東筑病院ケアプランセンター【居宅介護支援】福岡県北九州市八幡西区八枝1丁目7番30号", "url": "https://www.kaigokensaku.mhlw.go.jp/40/index.php?action_kouhyou_detail_004_kani=true&JigyosyoCd=4070706579-00&ServiceCd=430&Type=search", "url2": "http://www.touchiku-hospital.com/" }, "geometry": { "type": "Point", "coordinates": [ 130.725404090213004, 33.850034356814874 ] } },
{ "type": "Feature", "properties": { "内容": "ケアプランセンターGreen【居宅介護支援】楠橋上方2-15-19", "url": "https://www.kaigokensaku.mhlw.go.jp/40/index.php?action_kouhyou_detail_004_kani=true&JigyosyoCd=4070706975-00&ServiceCd=430&Type=search", "url2": null }, "geometry": { "type": "Point", "coordinates": [ 130.729397800000015, 33.7946167 ] } },
{ "type": "Feature", "properties": { "内容": "株式会社ハイライフ　福祉事業センター【居宅介護支援】福岡県北九州市八幡西区茶屋の原２丁目５番２０号", "url": "https://www.kaigokensaku.mhlw.go.jp/40/index.php?action_kouhyou_detail_004_kani=true&JigyosyoCd=4070707007-00&ServiceCd=430&Type=search", "url2": null }, "geometry": { "type": "Point", "coordinates": [ 130.742318899999987, 33.7936001 ] } },
{ "type": "Feature", "properties": { "内容": "ケアプランもえぎ【居宅介護支援】八枝3丁目2番8号カレントⅡ207号", "url": "https://www.kaigokensaku.mhlw.go.jp/40/index.php?action_kouhyou_detail_004_kani=true&JigyosyoCd=4070707312-00&ServiceCd=430&Type=search", "url2": null }, "geometry": { "type": "Point", "coordinates": [ 130.729738099999963, 33.8440082 ] } },
{ "type": "Feature", "properties": { "内容": "ケアプラン　りあん【居宅介護支援】福岡県北九州市八幡西区楠木二丁目17番36-101号ウイング楠木", "url": "https://www.kaigokensaku.mhlw.go.jp/40/index.php?action_kouhyou_detail_004_kani=true&JigyosyoCd=4070707858-00&ServiceCd=430&Type=search", "url2": null }, "geometry": { "type": "Point", "coordinates": [ 130.7197071, 33.8699706 ] } },
{ "type": "Feature", "properties": { "内容": "ケアプランセンター穴生【居宅介護支援】福岡県北九州市八幡西区鉄竜1丁目1-10", "url": "https://www.kaigokensaku.mhlw.go.jp/40/index.php?action_kouhyou_detail_004_kani=true&JigyosyoCd=4070707866-00&ServiceCd=430&Type=search", "url2": "http://n-sato.com/" }, "geometry": { "type": "Point", "coordinates": [ 130.7524908, 33.8549859 ] } },
{ "type": "Feature", "properties": { "内容": "ケアプランセンターいぶき【居宅介護支援】福岡県北九州市八幡西区小嶺二丁目４番２６号", "url": "https://www.kaigokensaku.mhlw.go.jp/40/index.php?action_kouhyou_detail_004_kani=true&JigyosyoCd=4070708112-00&ServiceCd=430&Type=search", "url2": "https://iroha-group.jp/careplan-ibuki.html" }, "geometry": { "type": "Point", "coordinates": [ 130.753241687731219, 33.818097155248026 ] } },
{ "type": "Feature", "properties": { "内容": "つくしケアプランセンター【居宅介護支援】福岡県北九州市八幡西区陣原１－１－５１", "url": "https://www.kaigokensaku.mhlw.go.jp/40/index.php?action_kouhyou_detail_004_kani=true&JigyosyoCd=4070708443-00&ServiceCd=430&Type=search", "url2": "https://kitakyu-sakuraservice.jp/pages/44/" }, "geometry": { "type": "Point", "coordinates": [ 130.7466269, 33.8672217 ] } },
{ "type": "Feature", "properties": { "内容": "株式会社さわやかケアサービス【居宅介護支援】福岡県北九州市八幡西区永犬丸3丁目10番17号", "url": "https://www.kaigokensaku.mhlw.go.jp/40/index.php?action_kouhyou_detail_004_kani=true&JigyosyoCd=4072800255-00&ServiceCd=430&Type=search", "url2": "https://care-net.biz/40/sawayaka/" }, "geometry": { "type": "Point", "coordinates": [ 130.728827200000069, 33.8417918 ] } },
{ "type": "Feature", "properties": { "内容": "ケアプランセンターえんふく【居宅介護支援】福岡県北九州市八幡西区西川頭町7-3", "url": "https://www.kaigokensaku.mhlw.go.jp/40/index.php?action_kouhyou_detail_004_kani=true&JigyosyoCd=4070707882-00&ServiceCd=430&Type=search", "url2": null }, "geometry": { "type": "Point", "coordinates": [ 130.7827143, 33.8589346 ] } },
{ "type": "Feature", "properties": { "内容": "介護ﾌﾟﾗﾝｾﾝﾀｰ　ﾊｰﾄtoﾊｰﾄ八幡【居宅介護支援】鷹ノ巣一丁目４番４号沖口ビルⅡ１階１０１号", "url": "https://www.kaigokensaku.mhlw.go.jp/40/index.php?action_kouhyou_detail_004_kani=true&JigyosyoCd=4070708500-00&ServiceCd=430&Type=search", "url2": "http://hotheart-kaigo.com/." }, "geometry": { "type": "Point", "coordinates": [ 139.765095699999989, 35.6841983 ] } },
{ "type": "Feature", "properties": { "内容": "あおぞらの里　黒崎ケアプランセンター【居宅介護支援】福岡県北九州市八幡西区黒崎4丁目4番8号レーベント黒崎", "url": "https://www.kaigokensaku.mhlw.go.jp/40/index.php?action_kouhyou_detail_004_kani=true&JigyosyoCd=4075000325-00&ServiceCd=430&Type=search", "url2": "https://cedar-group.co.jp/" }, "geometry": { "type": "Point", "coordinates": [ 130.764620499999978, 33.863829 ] } },
{ "type": "Feature", "properties": { "内容": "ケアプランセンター木輪館【居宅介護支援】北九州市八幡西区下上津役3-3-6", "url": "https://www.kaigokensaku.mhlw.go.jp/40/index.php?action_kouhyou_detail_004_kani=true&JigyosyoCd=4070706827-00&ServiceCd=430&Type=search", "url2": "http://www.kirinkan.co.jp/" }, "geometry": { "type": "Point", "coordinates": [ 130.741982, 33.825852200000014 ] } },
{ "type": "Feature", "properties": { "内容": "医療法人社団誠心会　萩原中央病院介護支援センター【居宅介護支援】福岡県北九州市八幡西区萩原１丁目１０番１号", "url": "https://www.kaigokensaku.mhlw.go.jp/40/index.php?action_kouhyou_detail_004_kani=true&JigyosyoCd=4070700317-00&ServiceCd=430&Type=search", "url2": "http://www.hagiwara.or.jp/html/intro.html" }, "geometry": { "type": "Point", "coordinates": [ 130.7479416, 33.860054 ] } },
{ "type": "Feature", "properties": { "内容": "きゆケアプランセンター【居宅介護支援】木屋瀬東３丁目６-２", "url": "https://www.kaigokensaku.mhlw.go.jp/40/index.php?action_kouhyou_detail_004_kani=true&JigyosyoCd=4070708575-00&ServiceCd=430&Type=search", "url2": null }, "geometry": { "type": "Point", "coordinates": [ 130.723461, 33.7802867 ] } },
{ "type": "Feature", "properties": { "内容": "善興会ケアプランセンター・ゴクラク【居宅介護支援】福岡県北九州市八幡西区永犬丸南町２－３－２５", "url": "https://www.kaigokensaku.mhlw.go.jp/40/index.php?action_kouhyou_detail_004_kani=true&JigyosyoCd=4070700069-00&ServiceCd=430&Type=search", "url2": "http://www.zenkokai.or.jp" }, "geometry": { "type": "Point", "coordinates": [ 130.729380200000037, 33.8331289 ] } },
{ "type": "Feature", "properties": { "内容": "社会福祉法人グリーンコープケアプランセンター北九州【居宅介護支援】福岡県北九州市八幡西区御開三丁目40-47", "url": "https://www.kaigokensaku.mhlw.go.jp/40/index.php?action_kouhyou_detail_004_kani=true&JigyosyoCd=4070703683-00&ServiceCd=430&Type=search", "url2": "http://www.greencoop.or.jp" }, "geometry": { "type": "Point", "coordinates": [ 130.737671800000044, 33.890481 ] } },
{ "type": "Feature", "properties": { "内容": "きわだ福祉サービス【居宅介護支援】北九州市八幡西区里中１－７－１５サンライズ永犬丸３０１", "url": "https://www.kaigokensaku.mhlw.go.jp/40/index.php?action_kouhyou_detail_004_kani=true&JigyosyoCd=4070703782-00&ServiceCd=430&Type=search", "url2": null }, "geometry": { "type": "Point", "coordinates": [ 130.735625778454221, 33.837260930502609 ] } },
{ "type": "Feature", "properties": { "内容": "ケアマネジャー紹介所【居宅介護支援】上の原三丁目27番3号", "url": "https://www.kaigokensaku.mhlw.go.jp/40/index.php?action_kouhyou_detail_004_kani=true&JigyosyoCd=4070708641-00&ServiceCd=430&Type=search", "url2": null }, "geometry": { "type": "Point", "coordinates": [ 130.7532962, 33.8339726 ] } },
{ "type": "Feature", "properties": { "内容": "花笑みケアプランセンター【居宅介護支援】福岡県北九州市八幡西区香月西1丁目10-10ソレイユ吉祥寺102", "url": "https://www.kaigokensaku.mhlw.go.jp/40/index.php?action_kouhyou_detail_004_kani=true&JigyosyoCd=4070708583-00&ServiceCd=430&Type=search", "url2": null }, "geometry": { "type": "Point", "coordinates": [ 130.7280295, 33.8056311 ] } },
{ "type": "Feature", "properties": { "内容": "ケアプランセンター暖【居宅介護支援】福岡県北九州市八幡西区上上津役二丁目21-2クレール上津役101号", "url": "https://www.kaigokensaku.mhlw.go.jp/40/index.php?action_kouhyou_detail_004_kani=true&JigyosyoCd=4070708609-00&ServiceCd=430&Type=search", "url2": null }, "geometry": { "type": "Point", "coordinates": [ 130.7612461, 33.8301111 ] } },
{ "type": "Feature", "properties": { "内容": "愛careマネジメントサービス【居宅介護支援】福岡県北九州市八幡西区本城東5-12-22", "url": "https://www.kaigokensaku.mhlw.go.jp/40/index.php?action_kouhyou_detail_004_kani=true&JigyosyoCd=4070708591-00&ServiceCd=430&Type=search", "url2": "https://sclcorp.co.jp/nursing/" }, "geometry": { "type": "Point", "coordinates": [ 130.7309147, 33.8705153 ] } },
{ "type": "Feature", "properties": { "内容": "医療法人　愛明会　アプランセンター【居宅介護支援】福岡県北九州市八幡西区上上津役2丁目14番17号", "url": "https://www.kaigokensaku.mhlw.go.jp/40/index.php?action_kouhyou_detail_004_kani=true&JigyosyoCd=4070704129-00&ServiceCd=430&Type=search", "url2": null }, "geometry": { "type": "Point", "coordinates": [ 130.757122200000026, 33.8296438 ] } },
{ "type": "Feature", "properties": { "内容": "ケアプラン　ソフィア【居宅介護支援】福岡県北九州市八幡西区香月中央二丁目10番7号", "url": "https://www.kaigokensaku.mhlw.go.jp/40/index.php?action_kouhyou_detail_004_kani=true&JigyosyoCd=4070705076-00&ServiceCd=430&Type=search", "url2": null }, "geometry": { "type": "Point", "coordinates": [ 130.722270334371274, 33.850658109519316 ] } },
{ "type": "Feature", "properties": { "内容": "あいあいケアプラン【居宅介護支援】福岡県北九州市八幡西区星ヶ丘7丁目11番2号", "url": "https://www.kaigokensaku.mhlw.go.jp/40/index.php?action_kouhyou_detail_004_kani=true&JigyosyoCd=4070706223-00&ServiceCd=430&Type=search", "url2": null }, "geometry": { "type": "Point", "coordinates": [ 130.74738560000003, 33.775538400000016 ] } },
{ "type": "Feature", "properties": { "内容": "ケアプランセンターここね【居宅介護支援】北九州市八幡西区陣原五丁目３番７号", "url": "https://www.kaigokensaku.mhlw.go.jp/40/index.php?action_kouhyou_detail_004_kani=true&JigyosyoCd=4070706462-00&ServiceCd=430&Type=search", "url2": null }, "geometry": { "type": "Point", "coordinates": [ 130.737947299999973, 33.7809489 ] } },
{ "type": "Feature", "properties": { "内容": "ケアプランセンター青山【居宅介護支援】福岡県北九州市八幡西区穴生2丁目8-12", "url": "https://www.kaigokensaku.mhlw.go.jp/40/index.php?action_kouhyou_detail_004_kani=true&JigyosyoCd=4070707361-00&ServiceCd=430&Type=search", "url2": null }, "geometry": { "type": "Point", "coordinates": [ 130.743320406745852, 33.858290420672489 ] } },
{ "type": "Feature", "properties": { "内容": "ケアプランLaneige【居宅介護支援】福岡県北九州市八幡西区熊西2丁目5番40-105号", "url": "https://www.kaigokensaku.mhlw.go.jp/40/index.php?action_kouhyou_detail_004_kani=true&JigyosyoCd=4070708260-00&ServiceCd=430&Type=search", "url2": null }, "geometry": { "type": "Point", "coordinates": [ 130.7548368, 33.8623241 ] } },
{ "type": "Feature", "properties": { "内容": "ケアプランセンターエリー【居宅介護支援】福岡県北九州市八幡西区高江1丁目9番18号", "url": "https://www.kaigokensaku.mhlw.go.jp/40/index.php?action_kouhyou_detail_004_kani=true&JigyosyoCd=4070708450-00&ServiceCd=430&Type=search", "url2": null }, "geometry": { "type": "Point", "coordinates": [ 130.7189507, 33.8022115 ] } },
{ "type": "Feature", "properties": { "内容": "かんべケアプランサービス【居宅介護支援】福岡県福岡市東区原田１丁目２－２３", "url": "https://www.kaigokensaku.mhlw.go.jp/40/index.php?action_kouhyou_detail_004_kani=true&JigyosyoCd=4070800281-00&ServiceCd=430&Type=search", "url2": null }, "geometry": { "type": "Point", "coordinates": [ 130.43111250000004, 33.6182522 ] } },
{ "type": "Feature", "properties": { "内容": "八木病院介護支援事業所【居宅介護支援】福岡県福岡市東区馬出2-21-25", "url": "https://www.kaigokensaku.mhlw.go.jp/40/index.php?action_kouhyou_detail_004_kani=true&JigyosyoCd=4070800109-00&ServiceCd=430&Type=search", "url2": null }, "geometry": { "type": "Point", "coordinates": [ 130.41991059999998, 33.6121277 ] } },
{ "type": "Feature", "properties": { "内容": "アップルハート福岡ケアプランセンター【居宅介護支援】福岡市東区馬出2-2-48パティオス東公園101", "url": "https://www.kaigokensaku.mhlw.go.jp/40/index.php?action_kouhyou_detail_004_kani=true&JigyosyoCd=4070802394-00&ServiceCd=430&Type=search", "url2": "http://www.aso-kaigo.jp/" }, "geometry": { "type": "Point", "coordinates": [ 130.4195413, 33.6098919 ] } },
{ "type": "Feature", "properties": { "内容": "株式会社河村福祉サービス福岡支店【居宅介護支援】福岡県福岡市東区松島3丁目14番7号オフィスパレア松島ⅠＡ3号室", "url": "https://www.kaigokensaku.mhlw.go.jp/40/index.php?action_kouhyou_detail_004_kani=true&JigyosyoCd=4070804390-00&ServiceCd=430&Type=search", "url2": "http://www.kawamura-fs.com/com/company.html" }, "geometry": { "type": "Point", "coordinates": [ 130.436023, 33.6277568 ] } },
{ "type": "Feature", "properties": { "内容": "ケアサポートソフィア【居宅介護支援】福岡県福岡市東区和白東4丁目6-11サニーハイツ青葉102号", "url": "https://www.kaigokensaku.mhlw.go.jp/40/index.php?action_kouhyou_detail_004_kani=true&JigyosyoCd=4070804838-00&ServiceCd=430&Type=search", "url2": null }, "geometry": { "type": "Point", "coordinates": [ 130.4438242, 33.696376 ] } },
{ "type": "Feature", "properties": { "内容": "ニチイケアセンター松崎【居宅介護支援】福岡県福岡市東区松崎3丁目4-20", "url": "https://www.kaigokensaku.mhlw.go.jp/40/index.php?action_kouhyou_detail_004_kani=true&JigyosyoCd=4074400153-00&ServiceCd=430&Type=search", "url2": "http://www.nichii-kaigo.jp/base/base-result/05M37/" }, "geometry": { "type": "Point", "coordinates": [ 130.438194800000019, 33.6367503 ] } },
{ "type": "Feature", "properties": { "内容": "ケアプランセンター香椎ヶ丘【居宅介護支援】福岡県福岡市東区舞松原２丁目１７－３０", "url": "https://www.kaigokensaku.mhlw.go.jp/40/index.php?action_kouhyou_detail_004_kani=true&JigyosyoCd=4070802451-00&ServiceCd=430&Type=search", "url2": null }, "geometry": { "type": "Point", "coordinates": [ 130.44657170000005, 33.6437942 ] } },
{ "type": "Feature", "properties": { "内容": "銀のすずケアプランサービス【居宅介護支援】福岡市東区二又瀬新町12-13", "url": "https://www.kaigokensaku.mhlw.go.jp/40/index.php?action_kouhyou_detail_004_kani=true&JigyosyoCd=4070805058-00&ServiceCd=430&Type=search", "url2": null }, "geometry": { "type": "Point", "coordinates": [ 130.4439894, 33.6085868 ] } },
{ "type": "Feature", "properties": { "内容": "海辺ケアプランサービス【居宅介護支援】福岡県福岡市東区名島1丁目5番19号", "url": "https://www.kaigokensaku.mhlw.go.jp/40/index.php?action_kouhyou_detail_004_kani=true&JigyosyoCd=4070805280-00&ServiceCd=430&Type=search", "url2": null }, "geometry": { "type": "Point", "coordinates": [ 130.422740400000066, 33.6467885 ] } },
{ "type": "Feature", "properties": { "内容": "菜の花ケアプランサービス【居宅介護支援】福岡県福岡市東区松島6丁目5番8号アバンセ松島103号", "url": "https://www.kaigokensaku.mhlw.go.jp/40/index.php?action_kouhyou_detail_004_kani=true&JigyosyoCd=4070801214-00&ServiceCd=430&Type=search", "url2": null }, "geometry": { "type": "Point", "coordinates": [ 130.435478500000045, 33.631723 ] } },
{ "type": "Feature", "properties": { "内容": "ケアプランサービス花束【居宅介護支援】原田４-31-18-305", "url": "https://www.kaigokensaku.mhlw.go.jp/40/index.php?action_kouhyou_detail_004_kani=true&JigyosyoCd=4070804846-00&ServiceCd=430&Type=search", "url2": "http://hp.kaipoke.biz/37u/access.html" }, "geometry": { "type": "Point", "coordinates": [ 130.440988899999979, 33.6233947 ] } },
{ "type": "Feature", "properties": { "内容": "太陽の丘ケアプランセンター【居宅介護支援】福岡県福岡市東区蒲田５丁目7-30", "url": "https://www.kaigokensaku.mhlw.go.jp/40/index.php?action_kouhyou_detail_004_kani=true&JigyosyoCd=4070806106-00&ServiceCd=430&Type=search", "url2": null }, "geometry": { "type": "Point", "coordinates": [ 130.493272142991628, 33.646451776938783 ] } },
{ "type": "Feature", "properties": { "内容": "スカイメディカルケアプランセンター福岡【居宅介護支援】福岡県福岡市東区箱崎４丁目１－２０カミノレアル箱崎宮前201号", "url": "https://www.kaigokensaku.mhlw.go.jp/40/index.php?action_kouhyou_detail_004_kani=true&JigyosyoCd=4070806031-00&ServiceCd=430&Type=search", "url2": null }, "geometry": { "type": "Point", "coordinates": [ 130.4165103, 33.6178631 ] } },
{ "type": "Feature", "properties": { "内容": "暖母ケアプランセンター【居宅介護支援】福岡市東区多の津４丁目15-13", "url": "https://www.kaigokensaku.mhlw.go.jp/40/index.php?action_kouhyou_detail_004_kani=true&JigyosyoCd=4070806247-00&ServiceCd=430&Type=search", "url2": null }, "geometry": { "type": "Point", "coordinates": [ 130.4467658, 33.6235889 ] } },
{ "type": "Feature", "properties": { "内容": "かもめケアプラン【居宅介護支援】福岡県福岡市東区多の津5-23-18オフィスパレアⅡC-1", "url": "https://www.kaigokensaku.mhlw.go.jp/40/index.php?action_kouhyou_detail_004_kani=true&JigyosyoCd=4070806296-00&ServiceCd=430&Type=search", "url2": "https://tsubame-v.com/" }, "geometry": { "type": "Point", "coordinates": [ 130.450792879762247, 33.623613966913965 ] } },
{ "type": "Feature", "properties": { "内容": "医療法人原三信病院香椎原病院ケアプランセンター【居宅介護支援】福岡県福岡市東区香椎３丁目３番１号", "url": "https://www.kaigokensaku.mhlw.go.jp/40/index.php?action_kouhyou_detail_004_kani=true&JigyosyoCd=4010319061-00&ServiceCd=430&Type=search", "url2": "htt://www.kashiihara.or.jp" }, "geometry": { "type": "Point", "coordinates": [ 130.451372897622718, 33.657202916902541 ] } },
{ "type": "Feature", "properties": { "内容": "社会福祉法人創生会　奈多介護支援サービス【居宅介護支援】福岡市東区雁の巣１丁目７－２５", "url": "https://www.kaigokensaku.mhlw.go.jp/40/index.php?action_kouhyou_detail_004_kani=true&JigyosyoCd=4070800018-00&ServiceCd=430&Type=search", "url2": "http://www.souseikai.or.jp" }, "geometry": { "type": "Point", "coordinates": [ 130.408249899999987, 33.687002 ] } },
{ "type": "Feature", "properties": { "内容": "光薫寺ビハーラケアプランサービス【居宅介護支援】福岡市東区蒲田５丁目７－２", "url": "https://www.kaigokensaku.mhlw.go.jp/40/index.php?action_kouhyou_detail_004_kani=true&JigyosyoCd=4070800034-00&ServiceCd=430&Type=search", "url2": "http://kokun-fukushikai.com/" }, "geometry": { "type": "Point", "coordinates": [ 130.492945599999985, 33.6446892 ] } },
{ "type": "Feature", "properties": { "内容": "おおな介護支援センター【居宅介護支援】福岡県福岡市東区唐原4丁目10番29号オーナハイツ101", "url": "https://www.kaigokensaku.mhlw.go.jp/40/index.php?action_kouhyou_detail_004_kani=true&JigyosyoCd=4070800067-00&ServiceCd=430&Type=search", "url2": null }, "geometry": { "type": "Point", "coordinates": [ 130.439909100000023, 33.6786427 ] } },
{ "type": "Feature", "properties": { "内容": "原土井病院ケアプランサービス【居宅介護支援】福岡市東区青葉7丁目26番1号", "url": "https://www.kaigokensaku.mhlw.go.jp/40/index.php?action_kouhyou_detail_004_kani=true&JigyosyoCd=4070800117-00&ServiceCd=430&Type=search", "url2": "http://www.haradoi-hospital.com/" }, "geometry": { "type": "Point", "coordinates": [ 130.467666652919092, 33.64114629360234 ] } },
{ "type": "Feature", "properties": { "内容": "介護サービスステーション　和仁会【居宅介護支援】福岡県福岡市東区塩浜1丁目4-14フレグランス塩浜A202", "url": "https://www.kaigokensaku.mhlw.go.jp/40/index.php?action_kouhyou_detail_004_kani=true&JigyosyoCd=4070800141-00&ServiceCd=430&Type=search", "url2": "http://higasihukuoka-wajinkai.jp/" }, "geometry": { "type": "Point", "coordinates": [ 130.419746745507837, 33.691679951697061 ] } },
{ "type": "Feature", "properties": { "内容": "永野外科ケアサポート【居宅介護支援】福岡県福岡市東区高美台２－４－２７", "url": "https://www.kaigokensaku.mhlw.go.jp/40/index.php?action_kouhyou_detail_004_kani=true&JigyosyoCd=4070800356-00&ServiceCd=430&Type=search", "url2": null }, "geometry": { "type": "Point", "coordinates": [ 130.443658599999907, 33.689214 ] } },
{ "type": "Feature", "properties": { "内容": "木の実介護センター【居宅介護支援】福岡市東区土井2丁目7番10号", "url": "https://www.kaigokensaku.mhlw.go.jp/40/index.php?action_kouhyou_detail_004_kani=true&JigyosyoCd=4070800893-00&ServiceCd=430&Type=search", "url2": null }, "geometry": { "type": "Point", "coordinates": [ 130.46135449999997, 33.6320569 ] } },
{ "type": "Feature", "properties": { "内容": "ＹＭケアプランサービス【居宅介護支援】福岡県福岡市東区若宮5丁目3-45", "url": "https://www.kaigokensaku.mhlw.go.jp/40/index.php?action_kouhyou_detail_004_kani=true&JigyosyoCd=4070800950-00&ServiceCd=430&Type=search", "url2": null }, "geometry": { "type": "Point", "coordinates": [ 130.4432385, 33.6449578 ] } },
{ "type": "Feature", "properties": { "内容": "ケアプランあかり【居宅介護支援】福岡県福岡市東区土井4丁目1番33ー402号サンコートDOI　　402号", "url": "https://www.kaigokensaku.mhlw.go.jp/40/index.php?action_kouhyou_detail_004_kani=true&JigyosyoCd=4070801610-00&ServiceCd=430&Type=search", "url2": null }, "geometry": { "type": "Point", "coordinates": [ 130.464031150617984, 33.636485485341389 ] } },
{ "type": "Feature", "properties": { "内容": "ケアステーション　にしこう　居宅支援センター博多【居宅介護支援】福岡県福岡市東区箱崎１丁目28－6", "url": "https://www.kaigokensaku.mhlw.go.jp/40/index.php?action_kouhyou_detail_004_kani=true&JigyosyoCd=4070801859-00&ServiceCd=430&Type=search", "url2": "http://www.nisiko.jp" }, "geometry": { "type": "Point", "coordinates": [ 130.4239685, 33.617874399999955 ] } },
{ "type": "Feature", "properties": { "内容": "ケアプランセンターラぺ名島【居宅介護支援】福岡県福岡市東区名島１丁目５－２２", "url": "https://www.kaigokensaku.mhlw.go.jp/40/index.php?action_kouhyou_detail_004_kani=true&JigyosyoCd=4070802295-00&ServiceCd=430&Type=search", "url2": null }, "geometry": { "type": "Point", "coordinates": [ 130.422706713393893, 33.646865118751059 ] } },
{ "type": "Feature", "properties": { "内容": "医療法人輝栄会　みゆきケアプランセンター【居宅介護支援】福岡県福岡市東区千早５丁目12-10荒津ビル401号", "url": "https://www.kaigokensaku.mhlw.go.jp/40/index.php?action_kouhyou_detail_004_kani=true&JigyosyoCd=4070802535-00&ServiceCd=430&Type=search", "url2": null }, "geometry": { "type": "Point", "coordinates": [ 130.442308423977238, 33.655516402735849 ] } },
{ "type": "Feature", "properties": { "内容": "ケアポート箱崎ケアプランセンター【居宅介護支援】福岡県福岡市東区原田２－２１－１０", "url": "https://www.kaigokensaku.mhlw.go.jp/40/index.php?action_kouhyou_detail_004_kani=true&JigyosyoCd=4070802626-00&ServiceCd=430&Type=search", "url2": "http://www.telwel-west.co.jp/kaigo/" }, "geometry": { "type": "Point", "coordinates": [ 130.432206800000017, 33.6197632 ] } },
{ "type": "Feature", "properties": { "内容": "にこにこケアプランサービス【居宅介護支援】福岡県福岡市東区香椎５丁目６番35号", "url": "https://www.kaigokensaku.mhlw.go.jp/40/index.php?action_kouhyou_detail_004_kani=true&JigyosyoCd=4070802907-00&ServiceCd=430&Type=search", "url2": null }, "geometry": { "type": "Point", "coordinates": [ 130.448087495675622, 33.653074455963754 ] } },
{ "type": "Feature", "properties": { "内容": "ケアプランセンター微笑園【居宅介護支援】福岡県福岡市東区三苫２丁目２８番４０号", "url": "https://www.kaigokensaku.mhlw.go.jp/40/index.php?action_kouhyou_detail_004_kani=true&JigyosyoCd=4070803012-00&ServiceCd=430&Type=search", "url2": "http://www.tensin-kai.or.jp/bishoen" }, "geometry": { "type": "Point", "coordinates": [ 130.412492254106155, 33.693257507593721 ] } },
{ "type": "Feature", "properties": { "内容": "居宅介護支援事業所シエル名島【居宅介護支援】福岡県福岡市東区名島３丁目５２番５号", "url": "https://www.kaigokensaku.mhlw.go.jp/40/index.php?action_kouhyou_detail_004_kani=true&JigyosyoCd=4070803137-00&ServiceCd=430&Type=search", "url2": "http：//kouwakai-ciel.jp/" }, "geometry": { "type": "Point", "coordinates": [ 130.4334169, 33.6436882 ] } },
{ "type": "Feature", "properties": { "内容": "ケアプランセンター花うさぎ千早【居宅介護支援】福岡県福岡市東区千早４－１３－２７", "url": "https://www.kaigokensaku.mhlw.go.jp/40/index.php?action_kouhyou_detail_004_kani=true&JigyosyoCd=4070803160-00&ServiceCd=430&Type=search", "url2": "http://www.hanausagi-daiwa.com" }, "geometry": { "type": "Point", "coordinates": [ 130.435897100000034, 33.6469657 ] } },
{ "type": "Feature", "properties": { "内容": "シニアサポート【居宅介護支援】福岡県福岡市東区青葉6丁目10番3号コーポ未奈103号", "url": "https://www.kaigokensaku.mhlw.go.jp/40/index.php?action_kouhyou_detail_004_kani=true&JigyosyoCd=4070803293-00&ServiceCd=430&Type=search", "url2": "co.taka@titan.ocn.ne.jp" }, "geometry": { "type": "Point", "coordinates": [ 130.468748900000037, 33.6438671 ] } },
{ "type": "Feature", "properties": { "内容": "ケアプランセンターしか【居宅介護支援】福岡市東区雁の巣1丁目25-2", "url": "https://www.kaigokensaku.mhlw.go.jp/40/index.php?action_kouhyou_detail_004_kani=true&JigyosyoCd=4070803509-00&ServiceCd=430&Type=search", "url2": "http://www.ceaplanshika.com" }, "geometry": { "type": "Point", "coordinates": [ 130.406553585411473, 33.684935825887749 ] } },
{ "type": "Feature", "properties": { "内容": "ケアプランセンターかがやき【居宅介護支援】福岡県福岡市東区若宮四丁目6-14", "url": "https://www.kaigokensaku.mhlw.go.jp/40/index.php?action_kouhyou_detail_004_kani=true&JigyosyoCd=4070803582-00&ServiceCd=430&Type=search", "url2": "kagayaki-yuyu.jp" }, "geometry": { "type": "Point", "coordinates": [ 130.447073575224294, 33.640485061967233 ] } },
{ "type": "Feature", "properties": { "内容": "ＳＪＲ千早ケアプランセンター【居宅介護支援】福岡県福岡市東区水谷２丁目５０番１号", "url": "https://www.kaigokensaku.mhlw.go.jp/40/index.php?action_kouhyou_detail_004_kani=true&JigyosyoCd=4070803871-00&ServiceCd=430&Type=search", "url2": "http://www.sjr-jr.co.jp/chihaya" }, "geometry": { "type": "Point", "coordinates": [ 130.440224599999965, 33.6484323 ] } },
{ "type": "Feature", "properties": { "内容": "社会福祉法人　ふくおか福祉サービス協会　ふくふく東ケアプランセンター【居宅介護支援】福岡県福岡市東区水谷一丁目30番22号", "url": "https://www.kaigokensaku.mhlw.go.jp/40/index.php?action_kouhyou_detail_004_kani=true&JigyosyoCd=4070804051-00&ServiceCd=430&Type=search", "url2": "http://www.fukuwel.or.jp" }, "geometry": { "type": "Point", "coordinates": [ 130.44487845092624, 33.649226818019137 ] } },
{ "type": "Feature", "properties": { "内容": "かもりクリニックケアプランセンター【居宅介護支援】福岡県福岡市東区舞松原1-13-8", "url": "https://www.kaigokensaku.mhlw.go.jp/40/index.php?action_kouhyou_detail_004_kani=true&JigyosyoCd=4070804200-00&ServiceCd=430&Type=search", "url2": "http://www009.upp.so-net.ne.jp/kamori-clinic/" }, "geometry": { "type": "Point", "coordinates": [ 130.419516299999913, 33.6090781 ] } },
{ "type": "Feature", "properties": { "内容": "ライラック　ケアプランセンター【居宅介護支援】福岡県福岡市東区箱崎３丁目32番11号入江内科小児科医院4階", "url": "https://www.kaigokensaku.mhlw.go.jp/40/index.php?action_kouhyou_detail_004_kani=true&JigyosyoCd=4070804481-00&ServiceCd=430&Type=search", "url2": null }, "geometry": { "type": "Point", "coordinates": [ 130.42245581534425, 33.6223821 ] } },
{ "type": "Feature", "properties": { "内容": "アップルハート福岡東ケアプランセンター【居宅介護支援】福岡県福岡市東区唐原1-2-42LBビル2FLBビル２階", "url": "https://www.kaigokensaku.mhlw.go.jp/40/index.php?action_kouhyou_detail_004_kani=true&JigyosyoCd=4070804614-00&ServiceCd=430&Type=search", "url2": "http://www.aso-kaigo.jp" }, "geometry": { "type": "Point", "coordinates": [ 130.439995, 33.674438 ] } },
{ "type": "Feature", "properties": { "内容": "ケアプランセンターきんしゃい【居宅介護支援】福岡県福岡市東区箱崎1丁目31番29号", "url": "https://www.kaigokensaku.mhlw.go.jp/40/index.php?action_kouhyou_detail_004_kani=true&JigyosyoCd=4070804655-00&ServiceCd=430&Type=search", "url2": "http://care-net.biz/40/kinshai" }, "geometry": { "type": "Point", "coordinates": [ 130.423143500000037, 33.6190298 ] } },
{ "type": "Feature", "properties": { "内容": "カラーズケアプランセンター【居宅介護支援】福岡市東区松島４丁目１番１５号", "url": "https://www.kaigokensaku.mhlw.go.jp/40/index.php?action_kouhyou_detail_004_kani=true&JigyosyoCd=4070804820-00&ServiceCd=430&Type=search", "url2": "http://colorshouse.jp" }, "geometry": { "type": "Point", "coordinates": [ 130.432439899999963, 33.62873440000002 ] } },
{ "type": "Feature", "properties": { "内容": "ケアプランセンター牧【居宅介護支援】福岡市東区美和台7丁目2-11105", "url": "https://www.kaigokensaku.mhlw.go.jp/40/index.php?action_kouhyou_detail_004_kani=true&JigyosyoCd=4070804911-00&ServiceCd=430&Type=search", "url2": null }, "geometry": { "type": "Point", "coordinates": [ 130.434193899999968, 33.702523 ] } },
{ "type": "Feature", "properties": { "内容": "福岡みらい病院ケアプランセンター【居宅介護支援】福岡県福岡市東区香椎照葉３－５－１福岡みらい病院", "url": "https://www.kaigokensaku.mhlw.go.jp/40/index.php?action_kouhyou_detail_004_kani=true&JigyosyoCd=4070804994-00&ServiceCd=430&Type=search", "url2": "http://www.fukuoka-mirai.jp" }, "geometry": { "type": "Point", "coordinates": [ 130.418299700000063, 33.66067060000001 ] } },
{ "type": "Feature", "properties": { "内容": "香住ヶ丘ケアプランセンター【居宅介護支援】福岡県福岡市東区香住ヶ丘一丁目7番5号", "url": "https://www.kaigokensaku.mhlw.go.jp/40/index.php?action_kouhyou_detail_004_kani=true&JigyosyoCd=4070805009-00&ServiceCd=430&Type=search", "url2": "https://care-net.biz/40/healthcare/" }, "geometry": { "type": "Point", "coordinates": [ 130.439926199999945, 33.667846600000011 ] } },
{ "type": "Feature", "properties": { "内容": "あとむケアプラン【居宅介護支援】福岡県福岡市東区千早３丁目４－８－１０７エリーナ千早", "url": "https://www.kaigokensaku.mhlw.go.jp/40/index.php?action_kouhyou_detail_004_kani=true&JigyosyoCd=4070805025-00&ServiceCd=430&Type=search", "url2": null }, "geometry": { "type": "Point", "coordinates": [ 130.433044019435101, 33.650274244274826 ] } },
{ "type": "Feature", "properties": { "内容": "ケアプランふじ【居宅介護支援】福岡県福岡市東区美和台3丁目３－７", "url": "https://www.kaigokensaku.mhlw.go.jp/40/index.php?action_kouhyou_detail_004_kani=true&JigyosyoCd=4070805090-00&ServiceCd=430&Type=search", "url2": null }, "geometry": { "type": "Point", "coordinates": [ 130.4362092, 33.6829477 ] } },
{ "type": "Feature", "properties": { "内容": "青洲の華ケアサポートＳはこざき【居宅介護支援】福岡県福岡市東区原田4丁目34-26青洲の華はこざき館", "url": "https://www.kaigokensaku.mhlw.go.jp/40/index.php?action_kouhyou_detail_004_kani=true&JigyosyoCd=4070805199-00&ServiceCd=430&Type=search", "url2": "https://hn.seisyukai.jp/" }, "geometry": { "type": "Point", "coordinates": [ 130.440366427073513, 33.620879034855072 ] } },
{ "type": "Feature", "properties": { "内容": "ケアプランみかんず【居宅介護支援】福岡県福岡市東区舞松原６丁目１６－７サンティール舞松原A棟１０１号", "url": "https://www.kaigokensaku.mhlw.go.jp/40/index.php?action_kouhyou_detail_004_kani=true&JigyosyoCd=4070805249-00&ServiceCd=430&Type=search", "url2": null }, "geometry": { "type": "Point", "coordinates": [ 130.452899200000047, 33.6421612 ] } },
{ "type": "Feature", "properties": { "内容": "正和ケアプランセンター【居宅介護支援】福岡県福岡市東区千早2丁目2番43号SANWAビル2階", "url": "https://www.kaigokensaku.mhlw.go.jp/40/index.php?action_kouhyou_detail_004_kani=true&JigyosyoCd=4070805264-00&ServiceCd=430&Type=search", "url2": null }, "geometry": { "type": "Point", "coordinates": [ 130.432146099999954, 33.6442877 ] } },
{ "type": "Feature", "properties": { "内容": "ケアプランセンターライフコネクト【居宅介護支援】福岡県福岡市東区和白５丁目15‐5‐302和白ハイツ", "url": "https://www.kaigokensaku.mhlw.go.jp/40/index.php?action_kouhyou_detail_004_kani=true&JigyosyoCd=4070805272-00&ServiceCd=430&Type=search", "url2": "http://www.miraiconnect-ltd.com/" }, "geometry": { "type": "Point", "coordinates": [ 130.4288866911279, 33.69161926344632 ] } },
{ "type": "Feature", "properties": { "内容": "ケアプランかのん【居宅介護支援】福岡県福岡市東区若宮4丁目15番21号", "url": "https://www.kaigokensaku.mhlw.go.jp/40/index.php?action_kouhyou_detail_004_kani=true&JigyosyoCd=4070805306-00&ServiceCd=430&Type=search", "url2": "http://hp.kaipoke.biz/zhw/" }, "geometry": { "type": "Point", "coordinates": [ 130.443456100000049, 33.6398727 ] } },
{ "type": "Feature", "properties": { "内容": "ケアプランひばり【居宅介護支援】福岡市東区奈多1-12-52TM奈多アネックス405", "url": "https://www.kaigokensaku.mhlw.go.jp/40/index.php?action_kouhyou_detail_004_kani=true&JigyosyoCd=4070805413-00&ServiceCd=430&Type=search", "url2": null }, "geometry": { "type": "Point", "coordinates": [ 130.4153567, 33.6893898 ] } },
{ "type": "Feature", "properties": { "内容": "ケアサポート　デイズ【居宅介護支援】福岡県福岡市東区舞松原1-1-5ドリームしんわ301号", "url": "https://www.kaigokensaku.mhlw.go.jp/40/index.php?action_kouhyou_detail_004_kani=true&JigyosyoCd=4070805439-00&ServiceCd=430&Type=search", "url2": "https://www.cs-days.com" }, "geometry": { "type": "Point", "coordinates": [ 130.452854249073823, 33.637039929748717 ] } },
{ "type": "Feature", "properties": { "内容": "アレンジケアプラン【居宅介護支援】福岡県福岡市東区下原1丁目21-11ウィンヒル西立花703号", "url": "https://www.kaigokensaku.mhlw.go.jp/40/index.php?action_kouhyou_detail_004_kani=true&JigyosyoCd=4070805777-00&ServiceCd=430&Type=search", "url2": null }, "geometry": { "type": "Point", "coordinates": [ 130.45255608898475, 33.67255069664521 ] } },
{ "type": "Feature", "properties": { "内容": "ケアプランＳＴＯＲＹ【居宅介護支援】福岡県福岡市東区香椎駅前三丁目33番33-504号ＭＪＲ香椎504号", "url": "https://www.kaigokensaku.mhlw.go.jp/40/index.php?action_kouhyou_detail_004_kani=true&JigyosyoCd=4070805884-00&ServiceCd=430&Type=search", "url2": null }, "geometry": { "type": "Point", "coordinates": [ 130.4439535, 33.6637222 ] } },
{ "type": "Feature", "properties": { "内容": "ライフケアプラン【居宅介護支援】福岡県福岡市東区土井4丁目29-1今井アパート１階", "url": "https://www.kaigokensaku.mhlw.go.jp/40/index.php?action_kouhyou_detail_004_kani=true&JigyosyoCd=4070805892-00&ServiceCd=430&Type=search", "url2": null }, "geometry": { "type": "Point", "coordinates": [ 130.467923500000012, 33.6346389 ] } },
{ "type": "Feature", "properties": { "内容": "ケアプランセンター陽なた【居宅介護支援】福岡県福岡市東区奈多3-3-22", "url": "https://www.kaigokensaku.mhlw.go.jp/40/index.php?action_kouhyou_detail_004_kani=true&JigyosyoCd=4070805983-00&ServiceCd=430&Type=search", "url2": null }, "geometry": { "type": "Point", "coordinates": [ 130.4123223, 33.6891412 ] } },
{ "type": "Feature", "properties": { "内容": "ありのままケアプラン【居宅介護支援】福岡県福岡市東区箱崎３丁目７番３号プレスタイル箱崎ステーション１２０１号", "url": "https://www.kaigokensaku.mhlw.go.jp/40/index.php?action_kouhyou_detail_004_kani=true&JigyosyoCd=4070806007-00&ServiceCd=430&Type=search", "url2": null }, "geometry": { "type": "Point", "coordinates": [ 130.426166599999988, 33.6197039 ] } },
{ "type": "Feature", "properties": { "内容": "ケアプランセンター　すいれん【居宅介護支援】福岡市東区奈多1-12-58-306プレアール奈多", "url": "https://www.kaigokensaku.mhlw.go.jp/40/index.php?action_kouhyou_detail_004_kani=true&JigyosyoCd=4070806114-00&ServiceCd=430&Type=search", "url2": null }, "geometry": { "type": "Point", "coordinates": [ 130.414960900000011, 33.6888888 ] } },
{ "type": "Feature", "properties": { "内容": "ケアプラン　てとて【居宅介護支援】松島2丁目3-31ハイツ松島403号", "url": "https://www.kaigokensaku.mhlw.go.jp/40/index.php?action_kouhyou_detail_004_kani=true&JigyosyoCd=4070806122-00&ServiceCd=430&Type=search", "url2": null }, "geometry": { "type": "Point", "coordinates": [ 139.860006, 35.7059245 ] } },
{ "type": "Feature", "properties": { "内容": "アイリスケアプラン【居宅介護支援】下原1-21-11ウインヒル西立花402号", "url": "https://www.kaigokensaku.mhlw.go.jp/40/index.php?action_kouhyou_detail_004_kani=true&JigyosyoCd=4070806130-00&ServiceCd=430&Type=search", "url2": null }, "geometry": { "type": "Point", "coordinates": [ 130.455452400000013, 33.6726175 ] } },
{ "type": "Feature", "properties": { "内容": "ケアプランサービスえにし【居宅介護支援】福岡県福岡市東区香椎駅前3丁目17番地21鎧坂ハイツ209号", "url": "https://www.kaigokensaku.mhlw.go.jp/40/index.php?action_kouhyou_detail_004_kani=true&JigyosyoCd=4070806163-00&ServiceCd=430&Type=search", "url2": null }, "geometry": { "type": "Point", "coordinates": [ 130.4423449, 33.6654053 ] } },
{ "type": "Feature", "properties": { "内容": "在宅介護相談支援センタークリーンケア【居宅介護支援】福岡県福岡市東区香椎駅前１丁目１７－４３－９０２ベリタスビル", "url": "https://www.kaigokensaku.mhlw.go.jp/40/index.php?action_kouhyou_detail_004_kani=true&JigyosyoCd=4070806171-00&ServiceCd=430&Type=search", "url2": "https://careplan.cleancare-fukuoka.com/" }, "geometry": { "type": "Point", "coordinates": [ 130.428884399999987, 33.6915599 ] } },
{ "type": "Feature", "properties": { "内容": "アップルケア福岡ケアプランセンター【居宅介護支援】福岡県福岡市東区香椎浜3丁目3番3号", "url": "https://www.kaigokensaku.mhlw.go.jp/40/index.php?action_kouhyou_detail_004_kani=true&JigyosyoCd=4070806205-00&ServiceCd=430&Type=search", "url2": "https://www.shinoken-lc.co.jp/" }, "geometry": { "type": "Point", "coordinates": [ 130.4270406, 33.6584687 ] } },
{ "type": "Feature", "properties": { "内容": "在宅ケア　Re'sela【居宅介護支援】福岡市東区香住ケ丘2－48－5", "url": "https://www.kaigokensaku.mhlw.go.jp/40/index.php?action_kouhyou_detail_004_kani=true&JigyosyoCd=4071104956-00&ServiceCd=430&Type=search", "url2": null }, "geometry": { "type": "Point", "coordinates": [ 137.965796300000022, 36.231423499999984 ] } },
{ "type": "Feature", "properties": { "内容": "訪問看護ステーション　そよかぜ【居宅介護支援】福岡市東区八田1-4-48アピアリ八田B棟", "url": "https://www.kaigokensaku.mhlw.go.jp/40/index.php?action_kouhyou_detail_004_kani=true&JigyosyoCd=4060390087-00&ServiceCd=430&Type=search", "url2": "www.iryodan-net.jp" }, "geometry": { "type": "Point", "coordinates": [ 130.426886500000023, 33.6481097 ] } },
{ "type": "Feature", "properties": { "内容": "なごみ居宅介護支援サービス【居宅介護支援】福岡県福岡市東区千早　２－２１－１１", "url": "https://www.kaigokensaku.mhlw.go.jp/40/index.php?action_kouhyou_detail_004_kani=true&JigyosyoCd=4070800463-00&ServiceCd=430&Type=search", "url2": "http://www.nagomikango.com" }, "geometry": { "type": "Point", "coordinates": [ 130.4327806, 33.6474989 ] } },
{ "type": "Feature", "properties": { "内容": "サードプレイスケアプランセンター【居宅介護支援】福岡県福岡市東区箱崎2-10-8藤野ビル2F藤野ビル2F", "url": "https://www.kaigokensaku.mhlw.go.jp/40/index.php?action_kouhyou_detail_004_kani=true&JigyosyoCd=4070805595-00&ServiceCd=430&Type=search", "url2": "https://third-plc.com/" }, "geometry": { "type": "Point", "coordinates": [ 130.421562384426608, 33.61890048021391 ] } },
{ "type": "Feature", "properties": { "内容": "心春ケアプラン【居宅介護支援】福岡県福岡市東区和白五丁目3-8エスポアール塩浜107号", "url": "https://www.kaigokensaku.mhlw.go.jp/40/index.php?action_kouhyou_detail_004_kani=true&JigyosyoCd=4070805678-00&ServiceCd=430&Type=search", "url2": null }, "geometry": { "type": "Point", "coordinates": [ 130.425357715344234, 33.69089927081103 ] } },
{ "type": "Feature", "properties": { "内容": "ケアプランセンターりあん【居宅介護支援】福岡市東区香椎台1丁目14-3", "url": "https://www.kaigokensaku.mhlw.go.jp/40/index.php?action_kouhyou_detail_004_kani=true&JigyosyoCd=4070805835-00&ServiceCd=430&Type=search", "url2": "http://palm-fukushi.com/" }, "geometry": { "type": "Point", "coordinates": [ 130.4547164, 33.6498904 ] } },
{ "type": "Feature", "properties": { "内容": "あおぞらの里　舞松原ケアプランセンター【居宅介護支援】福岡県福岡市東区若宮二丁目２番３５号", "url": "https://www.kaigokensaku.mhlw.go.jp/40/index.php?action_kouhyou_detail_004_kani=true&JigyosyoCd=4070804986-00&ServiceCd=430&Type=search", "url2": "htt://www.cedar-web.com" }, "geometry": { "type": "Point", "coordinates": [ 130.450930299999982, 33.6327705 ] } },
{ "type": "Feature", "properties": { "内容": "スマイルケア東ケアプランセンター【居宅介護支援】福岡県福岡市東区八田3-4-13サクラテラス八田壱番館101", "url": "https://www.kaigokensaku.mhlw.go.jp/40/index.php?action_kouhyou_detail_004_kani=true&JigyosyoCd=4070806320-00&ServiceCd=430&Type=search", "url2": "https://smile-kaigo.com" }, "geometry": { "type": "Point", "coordinates": [ 130.453589671163911, 33.638287556948043 ] } },
{ "type": "Feature", "properties": { "内容": "ケアプランセンターこぐま【居宅介護支援】唐原３丁目16-4ノーベルハウス103", "url": "https://www.kaigokensaku.mhlw.go.jp/40/index.php?action_kouhyou_detail_004_kani=true&JigyosyoCd=4070806338-00&ServiceCd=430&Type=search", "url2": null }, "geometry": { "type": "Point", "coordinates": [ 130.4369063, 33.6789745 ] } },
{ "type": "Feature", "properties": { "内容": "あおぞらの里　香住ケ丘ケアプランセンター【居宅介護支援】福岡県福岡市東区香住ケ丘三丁目9番3号", "url": "https://www.kaigokensaku.mhlw.go.jp/40/index.php?action_kouhyou_detail_004_kani=true&JigyosyoCd=4070805629-00&ServiceCd=430&Type=search", "url2": "https://www.cedar-group.co.jp" }, "geometry": { "type": "Point", "coordinates": [ 130.437331300000011, 33.6721971 ] } },
{ "type": "Feature", "properties": { "内容": "テポーレケアプランサービス【居宅介護支援】福岡県福岡市東区千早２丁目４－１０野仲ビル参号館１０３号", "url": "https://www.kaigokensaku.mhlw.go.jp/40/index.php?action_kouhyou_detail_004_kani=true&JigyosyoCd=4070802766-00&ServiceCd=430&Type=search", "url2": "http://www.tepore.jp" }, "geometry": { "type": "Point", "coordinates": [ 130.432425200000012, 33.64527409999998 ] } },
{ "type": "Feature", "properties": { "内容": "オリーブケアプランセンター【居宅介護支援】福岡県福岡市東区若宮4丁目17－14", "url": "https://www.kaigokensaku.mhlw.go.jp/40/index.php?action_kouhyou_detail_004_kani=true&JigyosyoCd=4070803327-00&ServiceCd=430&Type=search", "url2": null }, "geometry": { "type": "Point", "coordinates": [ 130.441087, 33.6732183 ] } },
{ "type": "Feature", "properties": { "内容": "ケアプランセンターYM【居宅介護支援】福岡県福岡市東区三苫４丁目３番１５号", "url": "https://www.kaigokensaku.mhlw.go.jp/40/index.php?action_kouhyou_detail_004_kani=true&JigyosyoCd=4070806353-00&ServiceCd=430&Type=search", "url2": null }, "geometry": { "type": "Point", "coordinates": [ 130.421921, 33.6973895 ] } },
{ "type": "Feature", "properties": { "内容": "社会福祉法人グリーンコープケアプランセンター福岡東【居宅介護支援】福岡市東区多の津5丁目5番1号", "url": "https://www.kaigokensaku.mhlw.go.jp/40/index.php?action_kouhyou_detail_004_kani=true&JigyosyoCd=4070901964-00&ServiceCd=430&Type=search", "url2": "https://www.fukushi-greencoop.or.jp/" }, "geometry": { "type": "Point", "coordinates": [ 130.447841628836045, 33.620325532915814 ] } },
{ "type": "Feature", "properties": { "内容": "ケアプラン秀【居宅介護支援】塩浜一丁目10番３６アーサー和白ディアコート２０９号", "url": "https://www.kaigokensaku.mhlw.go.jp/40/index.php?action_kouhyou_detail_004_kani=true&JigyosyoCd=4070805470-00&ServiceCd=430&Type=search", "url2": null }, "geometry": { "type": "Point", "coordinates": [ 130.42270368982696, 33.69312741164903 ] } },
{ "type": "Feature", "properties": { "内容": "ケアプランセンター　花よりだんご【居宅介護支援】福岡県福岡市東区青葉1丁目1番16号", "url": "https://www.kaigokensaku.mhlw.go.jp/40/index.php?action_kouhyou_detail_004_kani=true&JigyosyoCd=4070805868-00&ServiceCd=430&Type=search", "url2": "https://www.hanayoridango-careplan.com/" }, "geometry": { "type": "Point", "coordinates": [ 130.461772700000012, 33.6373632 ] } },
{ "type": "Feature", "properties": { "内容": "ケアプランセンター　ケアエイド【居宅介護支援】香椎駅前2丁目4番15号", "url": "https://www.kaigokensaku.mhlw.go.jp/40/index.php?action_kouhyou_detail_004_kani=true&JigyosyoCd=4070803913-00&ServiceCd=430&Type=search", "url2": "http://careaid.biz/" }, "geometry": { "type": "Point", "coordinates": [ 130.438743196958939, 33.658308695503109 ] } },
{ "type": "Feature", "properties": { "内容": "ケアプラン・LEAP【居宅介護支援】福岡市東区若宮4丁目18-16", "url": "https://www.kaigokensaku.mhlw.go.jp/40/index.php?action_kouhyou_detail_004_kani=true&JigyosyoCd=4070806049-00&ServiceCd=430&Type=search", "url2": null }, "geometry": { "type": "Point", "coordinates": [ 130.4503745, 33.6367723 ] } },
{ "type": "Feature", "properties": { "内容": "あおぞらの里　和白ケアプランセンター【居宅介護支援】福岡県福岡市東区和白東１丁目１６番１０号", "url": "https://www.kaigokensaku.mhlw.go.jp/40/index.php?action_kouhyou_detail_004_kani=true&JigyosyoCd=4070800653-00&ServiceCd=430&Type=search", "url2": "https://cedar-group.co.jp/" }, "geometry": { "type": "Point", "coordinates": [ 130.435314699999907, 33.6884804 ] } },
{ "type": "Feature", "properties": { "内容": "ライズケアプランサービス【居宅介護支援】福岡市東区馬出１丁目16番1号エンクレスト吉塚駅前Ⅱ　1206号", "url": "https://www.kaigokensaku.mhlw.go.jp/40/index.php?action_kouhyou_detail_004_kani=true&JigyosyoCd=4070806023-00&ServiceCd=430&Type=search", "url2": "rise‐visit.jp" }, "geometry": { "type": "Point", "coordinates": [ 130.4230672, 33.6086932 ] } },
{ "type": "Feature", "properties": { "内容": "ERケアプランサービス【居宅介護支援】福岡県福岡市博多区比恵町２−３２東峰マンション博多駅南604", "url": "https://www.kaigokensaku.mhlw.go.jp/40/index.php?action_kouhyou_detail_004_kani=true&JigyosyoCd=4070904299-00&ServiceCd=430&Type=search", "url2": "http://www.er-m.co.jp" }, "geometry": { "type": "Point", "coordinates": [ 130.427580400000011, 33.5847556 ] } },
{ "type": "Feature", "properties": { "内容": "ケアコネクト【居宅介護支援】福岡県福岡市博多区那珂6丁目25－5", "url": "https://www.kaigokensaku.mhlw.go.jp/40/index.php?action_kouhyou_detail_004_kani=true&JigyosyoCd=4070904687-00&ServiceCd=430&Type=search", "url2": null }, "geometry": { "type": "Point", "coordinates": [ 130.4427316, 33.564452 ] } },
{ "type": "Feature", "properties": { "内容": "ケアプランセンター　まつわ【居宅介護支援】福岡県福岡市博多区井相田3丁目12-27三愛シティライフ雑餉隈・203号室", "url": "https://www.kaigokensaku.mhlw.go.jp/40/index.php?action_kouhyou_detail_004_kani=true&JigyosyoCd=4070904547-00&ServiceCd=430&Type=search", "url2": null }, "geometry": { "type": "Point", "coordinates": [ 130.467997500000024, 33.5503828 ] } },
{ "type": "Feature", "properties": { "内容": "ウィズケアプランサービス博多【居宅介護支援】福岡県福岡市博多区奈良屋町７－４シティーガーデン奈良屋１００２", "url": "https://www.kaigokensaku.mhlw.go.jp/40/index.php?action_kouhyou_detail_004_kani=true&JigyosyoCd=4070904018-00&ServiceCd=430&Type=search", "url2": "http://www.ncs-net.org/" }, "geometry": { "type": "Point", "coordinates": [ 130.4061094, 33.5998343 ] } },
{ "type": "Feature", "properties": { "内容": "古森病院　ケアプランセンター【居宅介護支援】福岡県福岡市博多区対馬小路９番６号", "url": "https://www.kaigokensaku.mhlw.go.jp/40/index.php?action_kouhyou_detail_004_kani=true&JigyosyoCd=4070904513-00&ServiceCd=430&Type=search", "url2": "komori-hp.cloud-line.com/_m/" }, "geometry": { "type": "Point", "coordinates": [ 130.402067, 33.6000173 ] } },
{ "type": "Feature", "properties": { "内容": "木村内科医院ケアプランサービス【居宅介護支援】福岡県福岡市博多区吉塚1丁目33番17号", "url": "https://www.kaigokensaku.mhlw.go.jp/40/index.php?action_kouhyou_detail_004_kani=true&JigyosyoCd=4070904208-00&ServiceCd=430&Type=search", "url2": null }, "geometry": { "type": "Point", "coordinates": [ 130.423961299999974, 33.6002961 ] } },
{ "type": "Feature", "properties": { "内容": "シルバーライフコミュニケーション博多【居宅介護支援】福岡県福岡市博多区金の隈1丁目42－8", "url": "https://www.kaigokensaku.mhlw.go.jp/40/index.php?action_kouhyou_detail_004_kani=true&JigyosyoCd=4070902905-00&ServiceCd=430&Type=search", "url2": null }, "geometry": { "type": "Point", "coordinates": [ 130.473158099999978, 33.5625982 ] } },
{ "type": "Feature", "properties": { "内容": "ケアプランセンターあえて【居宅介護支援】相生3丁目2‐35₋5号相生ビル相生ビル", "url": "https://www.kaigokensaku.mhlw.go.jp/40/index.php?action_kouhyou_detail_004_kani=true&JigyosyoCd=4070905262-00&ServiceCd=430&Type=search", "url2": null }, "geometry": { "type": "Point", "coordinates": [ 130.459378075838458, 33.545250780098563 ] } },
{ "type": "Feature", "properties": { "内容": "あおぞら介護ステーション福岡居宅介護支援事業所【居宅介護支援】福岡県福岡市博多区東光2-2-22第一ヒラノビル203号室", "url": "https://www.kaigokensaku.mhlw.go.jp/40/index.php?action_kouhyou_detail_004_kani=true&JigyosyoCd=4070905270-00&ServiceCd=430&Type=search", "url2": "https://www.aozora-cg.com/" }, "geometry": { "type": "Point", "coordinates": [ 130.4263338, 33.5953333 ] } },
{ "type": "Feature", "properties": { "内容": "ケアプランサービスはるき【居宅介護支援】福岡県福岡市博多区新和町2丁目2-12新和ハイツ106号", "url": "https://www.kaigokensaku.mhlw.go.jp/40/index.php?action_kouhyou_detail_004_kani=true&JigyosyoCd=4070905304-00&ServiceCd=430&Type=search", "url2": null }, "geometry": { "type": "Point", "coordinates": [ 130.4638836, 33.5375227 ] } },
{ "type": "Feature", "properties": { "内容": "医療法人ながら医院　居宅介護支援事業所【居宅介護支援】福岡県福岡市博多区東比恵三丁目２０－１", "url": "https://www.kaigokensaku.mhlw.go.jp/40/index.php?action_kouhyou_detail_004_kani=true&JigyosyoCd=4010317446-00&ServiceCd=430&Type=search", "url2": "https://nagara-clinic.jp" }, "geometry": { "type": "Point", "coordinates": [ 130.432654899999989, 33.5884859 ] } },
{ "type": "Feature", "properties": { "内容": "公益社団法人福岡医療団　訪問看護ステーション　わかば【居宅介護支援】福岡県福岡市博多区千代3丁目3-4第15岡部ビル2階", "url": "https://www.kaigokensaku.mhlw.go.jp/40/index.php?action_kouhyou_detail_004_kani=true&JigyosyoCd=4060390046-00&ServiceCd=430&Type=search", "url2": "www.iryoudan-net.jp" }, "geometry": { "type": "Point", "coordinates": [ 130.4116531, 33.601508600000017 ] } },
{ "type": "Feature", "properties": { "内容": "福岡医療団　介護支援センター【居宅介護支援】福岡県福岡市博多区千代５－１８－１", "url": "https://www.kaigokensaku.mhlw.go.jp/40/index.php?action_kouhyou_detail_004_kani=true&JigyosyoCd=4070900065-00&ServiceCd=430&Type=search", "url2": "http://www.sfid.jp" }, "geometry": { "type": "Point", "coordinates": [ 130.412225300000046, 33.608253 ] } },
{ "type": "Feature", "properties": { "内容": "社会福祉法人　福岡愛心の丘　スマイルサポート愛心【居宅介護支援】福岡県福岡市博多区月隈６丁目１６番１１号", "url": "https://www.kaigokensaku.mhlw.go.jp/40/index.php?action_kouhyou_detail_004_kani=true&JigyosyoCd=4070900073-00&ServiceCd=430&Type=search", "url2": "http://www.aishinnooka.com" }, "geometry": { "type": "Point", "coordinates": [ 130.466819699999974, 33.5714886 ] } },
{ "type": "Feature", "properties": { "内容": "九州福祉情報サービス【居宅介護支援】福岡県福岡市博多区美野島２丁目２６番３号", "url": "https://www.kaigokensaku.mhlw.go.jp/40/index.php?action_kouhyou_detail_004_kani=true&JigyosyoCd=4070900164-00&ServiceCd=430&Type=search", "url2": null }, "geometry": { "type": "Point", "coordinates": [ 130.415909100000022, 33.5790421 ] } },
{ "type": "Feature", "properties": { "内容": "サンライフ【居宅介護支援】福岡県福岡市博多区諸岡3丁目10番18号", "url": "https://www.kaigokensaku.mhlw.go.jp/40/index.php?action_kouhyou_detail_004_kani=true&JigyosyoCd=4070900222-00&ServiceCd=430&Type=search", "url2": null }, "geometry": { "type": "Point", "coordinates": [ 130.447263, 33.5597422 ] } },
{ "type": "Feature", "properties": { "内容": "フラワー介護プランサービス【居宅介護支援】福岡市博多区金の隈3丁目24番8号", "url": "https://www.kaigokensaku.mhlw.go.jp/40/index.php?action_kouhyou_detail_004_kani=true&JigyosyoCd=4070900230-00&ServiceCd=430&Type=search", "url2": null }, "geometry": { "type": "Point", "coordinates": [ 130.480485199999947, 33.5562825 ] } },
{ "type": "Feature", "properties": { "内容": "福岡市医師会ケアプランセンター東部【居宅介護支援】福岡県福岡市博多区千代４丁目２９番２４号三原第３ビル６Ｆ", "url": "https://www.kaigokensaku.mhlw.go.jp/40/index.php?action_kouhyou_detail_004_kani=true&JigyosyoCd=4070900271-00&ServiceCd=430&Type=search", "url2": "http://www.city.fukuoka.med.or.jp" }, "geometry": { "type": "Point", "coordinates": [ 130.416294500000049, 33.6058423 ] } },
{ "type": "Feature", "properties": { "内容": "介護支援サービス　そよかぜ【居宅介護支援】福岡市博多区銀天町1丁目6番12号", "url": "https://www.kaigokensaku.mhlw.go.jp/40/index.php?action_kouhyou_detail_004_kani=true&JigyosyoCd=4070900453-00&ServiceCd=430&Type=search", "url2": "http://nposoyokaze.com" }, "geometry": { "type": "Point", "coordinates": [ 130.462603801188607, 33.54511182949075 ] } },
{ "type": "Feature", "properties": { "内容": "博多さくら園居宅サービスセンター【居宅介護支援】福岡県福岡市博多区古門戸町４番２３号特別養護老人ホーム博多さくら園", "url": "https://www.kaigokensaku.mhlw.go.jp/40/index.php?action_kouhyou_detail_004_kani=true&JigyosyoCd=4070900503-00&ServiceCd=430&Type=search", "url2": "hakata-sakuraen.jp" }, "geometry": { "type": "Point", "coordinates": [ 130.404704, 33.5980706 ] } },
{ "type": "Feature", "properties": { "内容": "株式会社ケアリング福岡支店【居宅介護支援】福岡県福岡市博多区千代3丁目6-3千代大学通2階", "url": "https://www.kaigokensaku.mhlw.go.jp/40/index.php?action_kouhyou_detail_004_kani=true&JigyosyoCd=4070900842-00&ServiceCd=430&Type=search", "url2": "http://www.caring.jp" }, "geometry": { "type": "Point", "coordinates": [ 130.4128350378204, 33.60292895330312 ] } },
{ "type": "Feature", "properties": { "内容": "まどかケアプランサービス【居宅介護支援】福岡市博多区銀天町３丁目１－１０シャトレ城戸2F", "url": "https://www.kaigokensaku.mhlw.go.jp/40/index.php?action_kouhyou_detail_004_kani=true&JigyosyoCd=4070901287-00&ServiceCd=430&Type=search", "url2": "www.madoka-care.com" }, "geometry": { "type": "Point", "coordinates": [ 130.463839499999949, 33.5464082 ] } },
{ "type": "Feature", "properties": { "内容": "薔薇の樹苑介護計画サービスセンター【居宅介護支援】福岡市博多区元町2-1-7", "url": "https://www.kaigokensaku.mhlw.go.jp/40/index.php?action_kouhyou_detail_004_kani=true&JigyosyoCd=4070902061-00&ServiceCd=430&Type=search", "url2": "http://tokuwa.net/baranoki.html" }, "geometry": { "type": "Point", "coordinates": [ 130.462764600000014, 33.5420309 ] } },
{ "type": "Feature", "properties": { "内容": "ケアプランセンターあとり【居宅介護支援】福岡県福岡市博多区博多駅南三丁目１７番１０号コアマンション博多駅南４０３", "url": "https://www.kaigokensaku.mhlw.go.jp/40/index.php?action_kouhyou_detail_004_kani=true&JigyosyoCd=4070902301-00&ServiceCd=430&Type=search", "url2": null }, "geometry": { "type": "Point", "coordinates": [ 130.427397299999939, 33.5771869 ] } },
{ "type": "Feature", "properties": { "内容": "アップルハート博多ケアプランセンター【居宅介護支援】福岡県福岡市博多区諸岡1-23-5", "url": "https://www.kaigokensaku.mhlw.go.jp/40/index.php?action_kouhyou_detail_004_kani=true&JigyosyoCd=4070902392-00&ServiceCd=430&Type=search", "url2": "https://www.aso-kaigo.jp/" }, "geometry": { "type": "Point", "coordinates": [ 130.44741149904371, 33.561860703100592 ] } },
{ "type": "Feature", "properties": { "内容": "ケア２１福岡【居宅介護支援】福岡県福岡市博多区博多駅前4丁目10番13号奥村第3ビル202号", "url": "https://www.kaigokensaku.mhlw.go.jp/40/index.php?action_kouhyou_detail_004_kani=true&JigyosyoCd=4070902434-00&ServiceCd=430&Type=search", "url2": null }, "geometry": { "type": "Point", "coordinates": [ 130.417786899999982, 33.5863091 ] } },
{ "type": "Feature", "properties": { "内容": "ケアプランきずな【居宅介護支援】福岡県福岡市博多区吉塚6-11-6アクロス吉塚ステーションプラザ606号", "url": "https://www.kaigokensaku.mhlw.go.jp/40/index.php?action_kouhyou_detail_004_kani=true&JigyosyoCd=4070902533-00&ServiceCd=430&Type=search", "url2": null }, "geometry": { "type": "Point", "coordinates": [ 130.425964599999986, 33.605972500000043 ] } },
{ "type": "Feature", "properties": { "内容": "美野島ケアプランセンター【居宅介護支援】福岡県福岡市博多区竹下５丁目２６番１７号ビーフリーワン　１０３号室", "url": "https://www.kaigokensaku.mhlw.go.jp/40/index.php?action_kouhyou_detail_004_kani=true&JigyosyoCd=4070902608-00&ServiceCd=430&Type=search", "url2": null }, "geometry": { "type": "Point", "coordinates": [ 130.436295243516497, 33.566911572865926 ] } },
{ "type": "Feature", "properties": { "内容": "すまいるプラン博多【居宅介護支援】福岡市博多区吉塚7丁目6-29", "url": "https://www.kaigokensaku.mhlw.go.jp/40/index.php?action_kouhyou_detail_004_kani=true&JigyosyoCd=4070903002-00&ServiceCd=430&Type=search", "url2": "https://www.lta-yoshizuka-g.jp/home-service/" }, "geometry": { "type": "Point", "coordinates": [ 130.432409900000039, 33.60807 ] } },
{ "type": "Feature", "properties": { "内容": "金隈介護プランサービス【居宅介護支援】金の隈３－２４－１６", "url": "https://www.kaigokensaku.mhlw.go.jp/40/index.php?action_kouhyou_detail_004_kani=true&JigyosyoCd=4070903010-00&ServiceCd=430&Type=search", "url2": "http://www.kanenokuma-hp.jp/" }, "geometry": { "type": "Point", "coordinates": [ 130.481182399999966, 33.5564769 ] } },
{ "type": "Feature", "properties": { "内容": "柏愛会ケアプランサービス【居宅介護支援】福岡市博多区浦田1丁目11番15号", "url": "https://www.kaigokensaku.mhlw.go.jp/40/index.php?action_kouhyou_detail_004_kani=true&JigyosyoCd=4070903358-00&ServiceCd=430&Type=search", "url2": "https://www.h-ortho.jp/careplan.html" }, "geometry": { "type": "Point", "coordinates": [ 130.4781408, 33.5760578 ] } },
{ "type": "Feature", "properties": { "内容": "ケアプランセンター太陽【居宅介護支援】福岡県福岡市博多区諸岡４丁目36‐42ルミエール井尻102号", "url": "https://www.kaigokensaku.mhlw.go.jp/40/index.php?action_kouhyou_detail_004_kani=true&JigyosyoCd=4070904182-00&ServiceCd=430&Type=search", "url2": null }, "geometry": { "type": "Point", "coordinates": [ 130.447268600000029, 33.5571508 ] } },
{ "type": "Feature", "properties": { "内容": "ケアプランセンターHIRO【居宅介護支援】福岡県福岡市博多区南八幡町2-8-5-101コスモウイングガーデン南福岡101号室", "url": "https://www.kaigokensaku.mhlw.go.jp/40/index.php?action_kouhyou_detail_004_kani=true&JigyosyoCd=4070904265-00&ServiceCd=430&Type=search", "url2": "https://www,care-hirocom" }, "geometry": { "type": "Point", "coordinates": [ 130.454821744611905, 33.547832746318917 ] } },
{ "type": "Feature", "properties": { "内容": "ケアプランセンターくおりてぃーらいふ【居宅介護支援】福岡県福岡市博多区那珂4丁目22-22アプローズ那珂202", "url": "https://www.kaigokensaku.mhlw.go.jp/40/index.php?action_kouhyou_detail_004_kani=true&JigyosyoCd=4070904356-00&ServiceCd=430&Type=search", "url2": null }, "geometry": { "type": "Point", "coordinates": [ 130.4448076, 33.5680967 ] } },
{ "type": "Feature", "properties": { "内容": "ケアプランセンター　にじ【居宅介護支援】福岡県福岡市博多区博多駅東2丁目９－２５－４１７アバンダント８４", "url": "https://www.kaigokensaku.mhlw.go.jp/40/index.php?action_kouhyou_detail_004_kani=true&JigyosyoCd=4070904430-00&ServiceCd=430&Type=search", "url2": null }, "geometry": { "type": "Point", "coordinates": [ 130.425110354203014, 33.587656212484802 ] } },
{ "type": "Feature", "properties": { "内容": "ケアプランセンター　梅の華【居宅介護支援】福岡県福岡市博多区東雲町3丁目4-2502号", "url": "https://www.kaigokensaku.mhlw.go.jp/40/index.php?action_kouhyou_detail_004_kani=true&JigyosyoCd=4070904562-00&ServiceCd=430&Type=search", "url2": null }, "geometry": { "type": "Point", "coordinates": [ 130.4676904, 33.546504400000011 ] } },
{ "type": "Feature", "properties": { "内容": "ケアプランセンターいろはな【居宅介護支援】福岡県福岡市博多区板付1-5-9-2階サービス付き高齢者向け住宅スマイル板付内", "url": "https://www.kaigokensaku.mhlw.go.jp/40/index.php?action_kouhyou_detail_004_kani=true&JigyosyoCd=4070904638-00&ServiceCd=430&Type=search", "url2": "http://smile-fukuoka.co.jp/" }, "geometry": { "type": "Point", "coordinates": [ 130.44869140000003, 33.5697901 ] } },
{ "type": "Feature", "properties": { "内容": "明日果ケアプランセンター【居宅介護支援】福岡県福岡市博多区西春町４丁目5番21アラキハイム202号", "url": "https://www.kaigokensaku.mhlw.go.jp/40/index.php?action_kouhyou_detail_004_kani=true&JigyosyoCd=4070904794-00&ServiceCd=430&Type=search", "url2": null }, "geometry": { "type": "Point", "coordinates": [ 130.4685259, 33.540508 ] } },
{ "type": "Feature", "properties": { "内容": "ケアプランセンターとくりん福岡【居宅介護支援】福岡県福岡市博多区店屋町1-31博多アーバンスクエア2階", "url": "https://www.kaigokensaku.mhlw.go.jp/40/index.php?action_kouhyou_detail_004_kani=true&JigyosyoCd=4070904810-00&ServiceCd=430&Type=search", "url2": "http://tsutsumiclinic.net/" }, "geometry": { "type": "Point", "coordinates": [ 130.407169848111096, 33.600471126683352 ] } },
{ "type": "Feature", "properties": { "内容": "ツインズケアプランサービス【居宅介護支援】福岡県博多区春町1-2-24ﾌﾞﾗｲﾄﾊｲﾑ５０７号室", "url": "https://www.kaigokensaku.mhlw.go.jp/40/index.php?action_kouhyou_detail_004_kani=true&JigyosyoCd=4070904893-00&ServiceCd=430&Type=search", "url2": "https://www.twins-helperstation.jp/service/" }, "geometry": { "type": "Point", "coordinates": [ 130.4682417, 33.5454696 ] } },
{ "type": "Feature", "properties": { "内容": "ケアプランセンターゆう【居宅介護支援】福岡県福岡市博多区浦田1丁目11-10第5元木ビル508号室", "url": "https://www.kaigokensaku.mhlw.go.jp/40/index.php?action_kouhyou_detail_004_kani=true&JigyosyoCd=4070905031-00&ServiceCd=430&Type=search", "url2": null }, "geometry": { "type": "Point", "coordinates": [ 130.477718700000054, 33.5766036 ] } },
{ "type": "Feature", "properties": { "内容": "ケアプランセンター未来【居宅介護支援】福岡県福岡市博多区諸岡４丁目３７番２５号", "url": "https://www.kaigokensaku.mhlw.go.jp/40/index.php?action_kouhyou_detail_004_kani=true&JigyosyoCd=4070905114-00&ServiceCd=430&Type=search", "url2": null }, "geometry": { "type": "Point", "coordinates": [ 130.446343618290626, 33.556741265430176 ] } },
{ "type": "Feature", "properties": { "内容": "あまいろケアプランサービス【居宅介護支援】福岡県福岡市博多区祇園町6-27ロマネスク祇園602号", "url": "https://www.kaigokensaku.mhlw.go.jp/40/index.php?action_kouhyou_detail_004_kani=true&JigyosyoCd=4070905189-00&ServiceCd=430&Type=search", "url2": null }, "geometry": { "type": "Point", "coordinates": [ 130.4123215, 33.5911973 ] } },
{ "type": "Feature", "properties": { "内容": "ケアプランセンターリボーン博多【居宅介護支援】福岡県福岡市博多区博多駅南2丁目7番13号ルネスロワール博多101号室", "url": "https://www.kaigokensaku.mhlw.go.jp/40/index.php?action_kouhyou_detail_004_kani=true&JigyosyoCd=4070905247-00&ServiceCd=430&Type=search", "url2": null }, "geometry": { "type": "Point", "coordinates": [ 130.4238748, 33.583133 ] } },
{ "type": "Feature", "properties": { "内容": "ケアサポート優芯【居宅介護支援】西月隈3-8-11-601", "url": "https://www.kaigokensaku.mhlw.go.jp/40/index.php?action_kouhyou_detail_004_kani=true&JigyosyoCd=4070905254-00&ServiceCd=430&Type=search", "url2": null }, "geometry": { "type": "Point", "coordinates": [ 130.4520296, 33.5698141 ] } },
{ "type": "Feature", "properties": { "内容": "ケアプランセンタ―ふれあい【居宅介護支援】福岡市博多区吉塚4丁目12-25老人ホーム桜寿のさと", "url": "https://www.kaigokensaku.mhlw.go.jp/40/index.php?action_kouhyou_detail_004_kani=true&JigyosyoCd=4070904596-00&ServiceCd=430&Type=search", "url2": "http://www.amenitylife-f.co.jp" }, "geometry": { "type": "Point", "coordinates": [ 130.432790699999941, 33.600309700000011 ] } },
{ "type": "Feature", "properties": { "内容": "医療法人　原三信病院　訪問看護ステーションおおはま【居宅介護支援】福岡県福岡市博多区大博町1-8医療法人原三信病院本館7階", "url": "https://www.kaigokensaku.mhlw.go.jp/40/index.php?action_kouhyou_detail_004_kani=true&JigyosyoCd=4070900289-00&ServiceCd=430&Type=search", "url2": "http://www.harasanshin.or.jp" }, "geometry": { "type": "Point", "coordinates": [ 130.405874756036184, 33.601895458457321 ] } },
{ "type": "Feature", "properties": { "内容": "ケアネット徳洲会南福岡ケアプランセンター【居宅介護支援】福岡市博多区元町２丁目１－６", "url": "https://www.kaigokensaku.mhlw.go.jp/40/index.php?action_kouhyou_detail_004_kani=true&JigyosyoCd=4070902202-00&ServiceCd=430&Type=search", "url2": null }, "geometry": { "type": "Point", "coordinates": [ 130.462911800000029, 33.5424947 ] } },
{ "type": "Feature", "properties": { "内容": "ケアセンター県庁口【居宅介護支援】福岡県福岡市博多区上牟田1-11-25", "url": "https://www.kaigokensaku.mhlw.go.jp/40/index.php?action_kouhyou_detail_004_kani=true&JigyosyoCd=4070902970-00&ServiceCd=430&Type=search", "url2": "http://www.keiaien.org/" }, "geometry": { "type": "Point", "coordinates": [ 130.434252128498656, 33.586301690554549 ] } },
{ "type": "Feature", "properties": { "内容": "居宅介護支援事業所　福ちゃんの家【居宅介護支援】福岡県福岡市博多区博多駅南5丁目8-37ＭＳビル2Ｆ", "url": "https://www.kaigokensaku.mhlw.go.jp/40/index.php?action_kouhyou_detail_004_kani=true&JigyosyoCd=4070903093-00&ServiceCd=430&Type=search", "url2": "http://fukuchan.client.jp" }, "geometry": { "type": "Point", "coordinates": [ 130.429230500000017, 33.5769925 ] } },
{ "type": "Feature", "properties": { "内容": "イレイトケアプランセンター【居宅介護支援】福岡市博多区金の隈1丁目36-15", "url": "https://www.kaigokensaku.mhlw.go.jp/40/index.php?action_kouhyou_detail_004_kani=true&JigyosyoCd=4070903242-00&ServiceCd=430&Type=search", "url2": "http://www.elate.jp" }, "geometry": { "type": "Point", "coordinates": [ 130.474270929800468, 33.559188910954141 ] } },
{ "type": "Feature", "properties": { "内容": "カイウェルケアプラン【居宅介護支援】福岡県福岡市博多区諸岡6丁目29番11号", "url": "https://www.kaigokensaku.mhlw.go.jp/40/index.php?action_kouhyou_detail_004_kani=true&JigyosyoCd=4070905346-00&ServiceCd=430&Type=search", "url2": null }, "geometry": { "type": "Point", "coordinates": [ 130.45189160000001, 33.5494033 ] } },
{ "type": "Feature", "properties": { "内容": "ケアプランセンター野の花【居宅介護支援】福岡市博多区光丘町１丁目１番８号第二光ヶ丘ハイツ１０２号", "url": "https://www.kaigokensaku.mhlw.go.jp/40/index.php?action_kouhyou_detail_004_kani=true&JigyosyoCd=4071103263-00&ServiceCd=430&Type=search", "url2": null }, "geometry": { "type": "Point", "coordinates": [ 130.466283699999963, 33.5401701 ] } },
{ "type": "Feature", "properties": { "内容": "ケアプランセンターリアライズ博多【居宅介護支援】博多駅南２丁目７番１３号ルネスロワール博多駅南１０１号室", "url": "https://www.kaigokensaku.mhlw.go.jp/40/index.php?action_kouhyou_detail_004_kani=true&JigyosyoCd=4070905379-00&ServiceCd=430&Type=search", "url2": null }, "geometry": { "type": "Point", "coordinates": [ 130.4238748, 33.583133 ] } },
{ "type": "Feature", "properties": { "内容": "さく病院ヘルスケアセンター竹下【居宅介護支援】福岡県福岡市博多区竹下４丁目６番２５号", "url": "https://www.kaigokensaku.mhlw.go.jp/40/index.php?action_kouhyou_detail_004_kani=true&JigyosyoCd=4070900347-00&ServiceCd=430&Type=search", "url2": null }, "geometry": { "type": "Point", "coordinates": [ 130.433016599999974, 33.5691378 ] } },
{ "type": "Feature", "properties": { "内容": "グランユニライフケアプランセンター福岡小笹【居宅介護支援】福岡市中央区小笹2丁目12-11グランメゾン迎賓館福岡小笹", "url": "https://www.kaigokensaku.mhlw.go.jp/40/index.php?action_kouhyou_detail_004_kani=true&JigyosyoCd=4071003216-00&ServiceCd=430&Type=search", "url2": "https://www.jsb.co.jp/company/group/gucare/" }, "geometry": { "type": "Point", "coordinates": [ 130.38771440000005, 33.5604552 ] } },
{ "type": "Feature", "properties": { "内容": "インマイライフあらと　ケアプラン【居宅介護支援】荒戸三丁目3-13", "url": "https://www.kaigokensaku.mhlw.go.jp/40/index.php?action_kouhyou_detail_004_kani=true&JigyosyoCd=4071003653-00&ServiceCd=430&Type=search", "url2": "https://shimakai.jp/" }, "geometry": { "type": "Point", "coordinates": [ 130.374127100000038, 33.5921148 ] } },
{ "type": "Feature", "properties": { "内容": "ケアプランセンターさや花【居宅介護支援】福岡市中央区平尾1-8-22ロマネスク平尾第3", "url": "https://www.kaigokensaku.mhlw.go.jp/40/index.php?action_kouhyou_detail_004_kani=true&JigyosyoCd=4071003679-00&ServiceCd=430&Type=search", "url2": null }, "geometry": { "type": "Point", "coordinates": [ 130.4025787, 33.5768409 ] } },
{ "type": "Feature", "properties": { "内容": "桜十字福岡病院ケアプランサービス【居宅介護支援】福岡市中央区渡辺通３丁目３－７　２Fクリーンビル２Ｆ", "url": "https://www.kaigokensaku.mhlw.go.jp/40/index.php?action_kouhyou_detail_004_kani=true&JigyosyoCd=4070900263-00&ServiceCd=430&Type=search", "url2": "http://www.sj-fukuoka.or.jp" }, "geometry": { "type": "Point", "coordinates": [ 130.405142339364602, 33.585639627158216 ] } },
{ "type": "Feature", "properties": { "内容": "ケアプランセンター　ラペ福浜【居宅介護支援】福岡県福岡市中央区福浜2丁目1番5号", "url": "https://www.kaigokensaku.mhlw.go.jp/40/index.php?action_kouhyou_detail_004_kani=true&JigyosyoCd=4071000048-00&ServiceCd=430&Type=search", "url2": null }, "geometry": { "type": "Point", "coordinates": [ 130.3692539, 33.5958314 ] } },
{ "type": "Feature", "properties": { "内容": "福岡市医師会　ケアプランセンター中部【居宅介護支援】福岡市中央区大宮１丁目３番１号", "url": "https://www.kaigokensaku.mhlw.go.jp/40/index.php?action_kouhyou_detail_004_kani=true&JigyosyoCd=4071000162-00&ServiceCd=430&Type=search", "url2": "http://www.city.fukuoka.med.or.jp" }, "geometry": { "type": "Point", "coordinates": [ 130.40296, 33.5791031 ] } },
{ "type": "Feature", "properties": { "内容": "いわさき一教　クリニック　ケアプランサービス【居宅介護支援】福岡市中央区大名２丁目７番１１号　斉藤ビル２０１号", "url": "https://www.kaigokensaku.mhlw.go.jp/40/index.php?action_kouhyou_detail_004_kani=true&JigyosyoCd=4071000196-00&ServiceCd=430&Type=search", "url2": "iwasaki@i-skin.jp" }, "geometry": { "type": "Point", "coordinates": [ 130.3945549, 33.5902434 ] } },
{ "type": "Feature", "properties": { "内容": "ライフケア大手門居宅介護支援事業所【居宅介護支援】福岡県福岡市中央区大手門２丁目５番１５号", "url": "https://www.kaigokensaku.mhlw.go.jp/40/index.php?action_kouhyou_detail_004_kani=true&JigyosyoCd=4071000360-00&ServiceCd=430&Type=search", "url2": "http://www.o-lifecare.com" }, "geometry": { "type": "Point", "coordinates": [ 130.383591799999977, 33.5918681 ] } },
{ "type": "Feature", "properties": { "内容": "ケアプランセンターはなみずき園【居宅介護支援】福岡市中央区鳥飼二丁目４番８号", "url": "https://www.kaigokensaku.mhlw.go.jp/40/index.php?action_kouhyou_detail_004_kani=true&JigyosyoCd=4071000675-00&ServiceCd=430&Type=search", "url2": "https://hanamizukien.or.jp" }, "geometry": { "type": "Point", "coordinates": [ 130.370773399999962, 33.5835716 ] } },
{ "type": "Feature", "properties": { "内容": "大名町高齢者支援センター【居宅介護支援】福岡県福岡市中央区大名1-2-20ライオンズマンション大名810", "url": "https://www.kaigokensaku.mhlw.go.jp/40/index.php?action_kouhyou_detail_004_kani=true&JigyosyoCd=4071000741-00&ServiceCd=430&Type=search", "url2": "https://www.heartpage.jp/fukuoka/facility/20010204" }, "geometry": { "type": "Point", "coordinates": [ 130.393441100000018, 33.5856884 ] } },
{ "type": "Feature", "properties": { "内容": "グッドタイム介護支援サービス【居宅介護支援】福岡県福岡市中央区薬院2丁目11番15号グッドタイムホーム3薬院", "url": "https://www.kaigokensaku.mhlw.go.jp/40/index.php?action_kouhyou_detail_004_kani=true&JigyosyoCd=4071001095-00&ServiceCd=430&Type=search", "url2": "http://www.goodtimehome.com/ngc/" }, "geometry": { "type": "Point", "coordinates": [ 130.392955822631876, 33.581733761476244 ] } },
{ "type": "Feature", "properties": { "内容": "社会福祉法人　ふくおか福祉サービス協会　ふくふく中央ケアプランセンター【居宅介護支援】福岡県福岡市中央区荒戸3-6-29クリエイト西公園6階", "url": "https://www.kaigokensaku.mhlw.go.jp/40/index.php?action_kouhyou_detail_004_kani=true&JigyosyoCd=4071001780-00&ServiceCd=430&Type=search", "url2": "http://www.fukuwel.or.jp" }, "geometry": { "type": "Point", "coordinates": [ 130.372797136267337, 33.594911026071642 ] } },
{ "type": "Feature", "properties": { "内容": "まいづるケアプランサービス【居宅介護支援】福岡県福岡市中央区舞鶴1-6-1ラフォーレ舞鶴302号", "url": "https://www.kaigokensaku.mhlw.go.jp/40/index.php?action_kouhyou_detail_004_kani=true&JigyosyoCd=4071001871-00&ServiceCd=430&Type=search", "url2": "http://goshogatani.com/" }, "geometry": { "type": "Point", "coordinates": [ 130.397613099999944, 33.5811001 ] } },
{ "type": "Feature", "properties": { "内容": "在宅介護支援センターよかよか！【居宅介護支援】福岡県福岡市中央区六本松1-6-7", "url": "https://www.kaigokensaku.mhlw.go.jp/40/index.php?action_kouhyou_detail_004_kani=true&JigyosyoCd=4071002036-00&ServiceCd=430&Type=search", "url2": "https://www.minidayyokayoka.com/" }, "geometry": { "type": "Point", "coordinates": [ 130.3781507, 33.5793666 ] } },
{ "type": "Feature", "properties": { "内容": "福岡中央ケアプラン【居宅介護支援】福岡市中央区草香江1-4-50パークヴィラ大濠101号", "url": "https://www.kaigokensaku.mhlw.go.jp/40/index.php?action_kouhyou_detail_004_kani=true&JigyosyoCd=4071002077-00&ServiceCd=430&Type=search", "url2": null }, "geometry": { "type": "Point", "coordinates": [ 130.376331400000026, 33.5806248 ] } },
{ "type": "Feature", "properties": { "内容": "赤坂介護プラン　Ｎａｎｏテックス【居宅介護支援】福岡市中央区平尾2－16－2グーフィー平尾201号", "url": "https://www.kaigokensaku.mhlw.go.jp/40/index.php?action_kouhyou_detail_004_kani=true&JigyosyoCd=4071002085-00&ServiceCd=430&Type=search", "url2": "https://www.nanotechss.co.jp/akasa_kaigo/akasaka_kaigo.html" }, "geometry": { "type": "Point", "coordinates": [ 130.403350097167504, 33.574093532884525 ] } },
{ "type": "Feature", "properties": { "内容": "ヒューマンライフケア大濠公園【居宅介護支援】福岡県福岡市中央区福浜２－４－１福浜公団106号", "url": "https://www.kaigokensaku.mhlw.go.jp/40/index.php?action_kouhyou_detail_004_kani=true&JigyosyoCd=4071002143-00&ServiceCd=430&Type=search", "url2": "http://hlc.athuman.com/" }, "geometry": { "type": "Point", "coordinates": [ 130.368045599999959, 33.5964452 ] } },
{ "type": "Feature", "properties": { "内容": "株式会社桜十字　桜十字ケアプランサービス黒門【居宅介護支援】福岡県福岡市中央区唐人町3－11－30F・H・Eビル2階", "url": "https://www.kaigokensaku.mhlw.go.jp/40/index.php?action_kouhyou_detail_004_kani=true&JigyosyoCd=4071002440-00&ServiceCd=430&Type=search", "url2": "http://www.sj-fukuoka.or.jp" }, "geometry": { "type": "Point", "coordinates": [ 130.371806500000048, 33.593815 ] } },
{ "type": "Feature", "properties": { "内容": "ケアプランセンター　とうにん【居宅介護支援】福岡市中央区荒戸３－８－２２シャトレ２１大濠305号", "url": "https://www.kaigokensaku.mhlw.go.jp/40/index.php?action_kouhyou_detail_004_kani=true&JigyosyoCd=4071002499-00&ServiceCd=430&Type=search", "url2": "tounin.net" }, "geometry": { "type": "Point", "coordinates": [ 130.37240369999995, 33.59344 ] } },
{ "type": "Feature", "properties": { "内容": "博愛居宅介護支援センターささおか【居宅介護支援】福岡県福岡市中央区笹丘1丁目28番15号ピアステージ笹丘2階", "url": "https://www.kaigokensaku.mhlw.go.jp/40/index.php?action_kouhyou_detail_004_kani=true&JigyosyoCd=4071002770-00&ServiceCd=430&Type=search", "url2": "http://www.hakuaikai.or.jp" }, "geometry": { "type": "Point", "coordinates": [ 130.377861, 33.5643632 ] } },
{ "type": "Feature", "properties": { "内容": "ケアプランセンター　夢【居宅介護支援】福岡県福岡市中央区六本松３－１３－３", "url": "https://www.kaigokensaku.mhlw.go.jp/40/index.php?action_kouhyou_detail_004_kani=true&JigyosyoCd=4071003026-00&ServiceCd=430&Type=search", "url2": null }, "geometry": { "type": "Point", "coordinates": [ 130.383123511639354, 33.579914739054814 ] } },
{ "type": "Feature", "properties": { "内容": "ケアプランセンタープレゼンス【居宅介護支援】福岡市中央区笹丘2丁目8-22", "url": "https://www.kaigokensaku.mhlw.go.jp/40/index.php?action_kouhyou_detail_004_kani=true&JigyosyoCd=4071003331-00&ServiceCd=430&Type=search", "url2": "https://sites.google.com/view/presence2018" }, "geometry": { "type": "Point", "coordinates": [ 130.384261305139944, 33.564332037410146 ] } },
{ "type": "Feature", "properties": { "内容": "アンピールケアプランセンター【居宅介護支援】福岡県福岡市中央区大名2丁目11-25新栄ビル", "url": "https://www.kaigokensaku.mhlw.go.jp/40/index.php?action_kouhyou_detail_004_kani=true&JigyosyoCd=4071003364-00&ServiceCd=430&Type=search", "url2": "https://www.sin-ei-kanri.co.jp" }, "geometry": { "type": "Point", "coordinates": [ 130.3914433, 33.5901403 ] } },
{ "type": "Feature", "properties": { "内容": "ジョウスイケアプラン【居宅介護支援】福岡県福岡市中央区薬院４丁目５番30コンシャスブルー浄水２０２号室", "url": "https://www.kaigokensaku.mhlw.go.jp/40/index.php?action_kouhyou_detail_004_kani=true&JigyosyoCd=4071003539-00&ServiceCd=430&Type=search", "url2": null }, "geometry": { "type": "Point", "coordinates": [ 130.3969817, 33.5789087 ] } },
{ "type": "Feature", "properties": { "内容": "西新介護サービスセンター【居宅介護支援】福岡県福岡市中央区鳥飼3-6-22-2F", "url": "https://www.kaigokensaku.mhlw.go.jp/40/index.php?action_kouhyou_detail_004_kani=true&JigyosyoCd=4071003554-00&ServiceCd=430&Type=search", "url2": null }, "geometry": { "type": "Point", "coordinates": [ 130.3680702, 33.5843034 ] } },
{ "type": "Feature", "properties": { "内容": "ケア２１ひらお【居宅介護支援】福岡県福岡市中央区平尾3丁目6番11-205号兒嶋ビル205号", "url": "https://www.kaigokensaku.mhlw.go.jp/40/index.php?action_kouhyou_detail_004_kani=true&JigyosyoCd=4071003588-00&ServiceCd=430&Type=search", "url2": null }, "geometry": { "type": "Point", "coordinates": [ 130.4023183, 33.575572 ] } },
{ "type": "Feature", "properties": { "内容": "早稲田イーライフ福岡ドーム南ケアプラン【居宅介護支援】福岡県福岡市中央区地行3-6-14-102サンバレー唐人町102号", "url": "https://www.kaigokensaku.mhlw.go.jp/40/index.php?action_kouhyou_detail_004_kani=true&JigyosyoCd=4071002713-00&ServiceCd=430&Type=search", "url2": "http://www.waseda-elife.com/" }, "geometry": { "type": "Point", "coordinates": [ 130.364573800000016, 33.5886099 ] } },
{ "type": "Feature", "properties": { "内容": "満天ケアプランサービス【居宅介護支援】小笹3丁目8-8ロマネスク小笹第2-501", "url": "https://www.kaigokensaku.mhlw.go.jp/40/index.php?action_kouhyou_detail_004_kani=true&JigyosyoCd=4071302295-00&ServiceCd=430&Type=search", "url2": null }, "geometry": { "type": "Point", "coordinates": [ 130.38899538814394, 33.563972884110342 ] } },
{ "type": "Feature", "properties": { "内容": "そうわケアプランセンター【居宅介護支援】福岡県福岡市中央区大名2丁目10-31　ネオハイツ天神902", "url": "https://www.kaigokensaku.mhlw.go.jp/40/index.php?action_kouhyou_detail_004_kani=true&JigyosyoCd=4071404893-00&ServiceCd=430&Type=search", "url2": null }, "geometry": { "type": "Point", "coordinates": [ 130.39253, 33.5903984 ] } },
{ "type": "Feature", "properties": { "内容": "平和ケアプランサービス【居宅介護支援】福岡県福岡市中央区小笹３丁目7-10　パラディス小笹703号", "url": "https://www.kaigokensaku.mhlw.go.jp/40/index.php?action_kouhyou_detail_004_kani=true&JigyosyoCd=4071002663-00&ServiceCd=430&Type=search", "url2": "http://care-net.biz/40/seishinkai" }, "geometry": { "type": "Point", "coordinates": [ 130.389340019567982, 33.563998508080815 ] } },
{ "type": "Feature", "properties": { "内容": "社会福祉法人　あすか福祉会　ケアマネジメントセンター　煌奏館【居宅介護支援】福岡県福岡市中央区清川２丁目１７番１７号", "url": "https://www.kaigokensaku.mhlw.go.jp/40/index.php?action_kouhyou_detail_004_kani=true&JigyosyoCd=4071002887-00&ServiceCd=430&Type=search", "url2": "https://asukafukushikai.com/" }, "geometry": { "type": "Point", "coordinates": [ 130.4101789, 33.5779366 ] } },
{ "type": "Feature", "properties": { "内容": "ライズケアプランサービス福岡中央【居宅介護支援】草香江2丁目5-20コモド大濠703", "url": "https://www.kaigokensaku.mhlw.go.jp/40/index.php?action_kouhyou_detail_004_kani=true&JigyosyoCd=4071003687-00&ServiceCd=430&Type=search", "url2": "https://www.rise-visit.jp/" }, "geometry": { "type": "Point", "coordinates": [ 130.375052399999987, 33.5789587 ] } },
{ "type": "Feature", "properties": { "内容": "メディケアプランニング【居宅介護支援】福岡県福岡市中央区薬院3-3-5オフィスニューガイアLAPIS薬院5F", "url": "https://www.kaigokensaku.mhlw.go.jp/40/index.php?action_kouhyou_detail_004_kani=true&JigyosyoCd=4071003711-00&ServiceCd=430&Type=search", "url2": "https://medicare-fukuoka.com" }, "geometry": { "type": "Point", "coordinates": [ 130.4007231, 33.5809604 ] } },
{ "type": "Feature", "properties": { "内容": "山荘通りケアプランサービス【居宅介護支援】平尾4丁目3番4-802号ダイナコート平尾山荘通り", "url": "https://www.kaigokensaku.mhlw.go.jp/40/index.php?action_kouhyou_detail_004_kani=true&JigyosyoCd=4071002747-00&ServiceCd=430&Type=search", "url2": null }, "geometry": { "type": "Point", "coordinates": [ 135.702161899999965, 34.6594044 ] } },
{ "type": "Feature", "properties": { "内容": "ケアプランセンター　花かご【居宅介護支援】薬院１丁目6-5ホワイティ薬院　208", "url": "https://www.kaigokensaku.mhlw.go.jp/40/index.php?action_kouhyou_detail_004_kani=true&JigyosyoCd=4071003471-00&ServiceCd=430&Type=search", "url2": "https://www.te22.jp/" }, "geometry": { "type": "Point", "coordinates": [ 130.399787300000014, 33.5822244 ] } },
{ "type": "Feature", "properties": { "内容": "ケアプランセンター光和【居宅介護支援】清川3丁目16番26号コモンハウス渡辺通り201", "url": "https://www.kaigokensaku.mhlw.go.jp/40/index.php?action_kouhyou_detail_004_kani=true&JigyosyoCd=4071002523-00&ServiceCd=430&Type=search", "url2": null }, "geometry": { "type": "Point", "coordinates": [ 130.411426099999971, 33.5769312 ] } },
{ "type": "Feature", "properties": { "内容": "青洲会ケアサポートSひかり【居宅介護支援】福岡県福岡市中央区清川3丁目17-11", "url": "https://www.kaigokensaku.mhlw.go.jp/40/index.php?action_kouhyou_detail_004_kani=true&JigyosyoCd=4071003307-00&ServiceCd=430&Type=search", "url2": "http://h.seisyukai.jp" }, "geometry": { "type": "Point", "coordinates": [ 130.412244674868759, 33.576525067971069 ] } },
{ "type": "Feature", "properties": { "内容": "居宅介護支援事業所くによしふくおか中央【居宅介護支援】渡辺通2-6-12八千代ビルYA552階", "url": "https://www.kaigokensaku.mhlw.go.jp/40/index.php?action_kouhyou_detail_004_kani=true&JigyosyoCd=4071003760-00&ServiceCd=430&Type=search", "url2": "https://ce-kuniyoshi.com/" }, "geometry": { "type": "Point", "coordinates": [ 130.4014486, 33.5824332 ] } },
{ "type": "Feature", "properties": { "内容": "ケアプランセンターすこやか【居宅介護支援】長丘5丁目9-8アベリア502号室", "url": "https://www.kaigokensaku.mhlw.go.jp/40/index.php?action_kouhyou_detail_004_kani=true&JigyosyoCd=4071104584-00&ServiceCd=430&Type=search", "url2": null }, "geometry": { "type": "Point", "coordinates": [ 130.38947, 33.5564252 ] } },
{ "type": "Feature", "properties": { "内容": "居宅介護支援事業所　つるのさと【居宅介護支援】福岡県福岡市南区弥永3-20-8", "url": "https://www.kaigokensaku.mhlw.go.jp/40/index.php?action_kouhyou_detail_004_kani=true&JigyosyoCd=4071103313-00&ServiceCd=430&Type=search", "url2": "www.exlife.biz" }, "geometry": { "type": "Point", "coordinates": [ 130.4332617, 33.5236624 ] } },
{ "type": "Feature", "properties": { "内容": "ケアプランセンター福祉館【居宅介護支援】福岡市南区西長住1丁目３－３５", "url": "https://www.kaigokensaku.mhlw.go.jp/40/index.php?action_kouhyou_detail_004_kani=true&JigyosyoCd=4071102711-00&ServiceCd=430&Type=search", "url2": null }, "geometry": { "type": "Point", "coordinates": [ 130.390584, 33.55297 ] } },
{ "type": "Feature", "properties": { "内容": "介護支援サービス野口整形外科・外科【居宅介護支援】福岡県福岡市南区長丘1丁目1番10号", "url": "https://www.kaigokensaku.mhlw.go.jp/40/index.php?action_kouhyou_detail_004_kani=true&JigyosyoCd=4071100327-00&ServiceCd=430&Type=search", "url2": "https://sites.google.com/view/noguchiseikei/kaigo/cm" }, "geometry": { "type": "Point", "coordinates": [ 130.39891119999993, 33.5530284 ] } },
{ "type": "Feature", "properties": { "内容": "ケアプラン　アソシエ【居宅介護支援】福岡市南区中尾３－９－１２", "url": "https://www.kaigokensaku.mhlw.go.jp/40/index.php?action_kouhyou_detail_004_kani=true&JigyosyoCd=4071101903-00&ServiceCd=430&Type=search", "url2": "http://associe-group.jp" }, "geometry": { "type": "Point", "coordinates": [ 130.409199599999965, 33.5456515 ] } },
{ "type": "Feature", "properties": { "内容": "社会福祉法人　ふくおか福祉サービス協会　ふくふく南ケアプランセンター【居宅介護支援】福岡県福岡市南区高宮一丁目３番２９号ライオンズマンション高宮第５　１階", "url": "https://www.kaigokensaku.mhlw.go.jp/40/index.php?action_kouhyou_detail_004_kani=true&JigyosyoCd=4071102497-00&ServiceCd=430&Type=search", "url2": "http://www.fukuwel.or.jp" }, "geometry": { "type": "Point", "coordinates": [ 130.408973491957084, 33.571276872298043 ] } },
{ "type": "Feature", "properties": { "内容": "ヒューマンライフケア福岡【居宅介護支援】福岡市南区大橋2丁目7-1", "url": "https://www.kaigokensaku.mhlw.go.jp/40/index.php?action_kouhyou_detail_004_kani=true&JigyosyoCd=4071103115-00&ServiceCd=430&Type=search", "url2": "hlc.athuman.com" }, "geometry": { "type": "Point", "coordinates": [ 130.431261400000039, 33.5573003 ] } },
{ "type": "Feature", "properties": { "内容": "ムーンシャドウ介護計画サービスセンター【居宅介護支援】福岡県福岡市南区柳瀬１丁目１５番１号", "url": "https://www.kaigokensaku.mhlw.go.jp/40/index.php?action_kouhyou_detail_004_kani=true&JigyosyoCd=4071104444-00&ServiceCd=430&Type=search", "url2": "http://www.tokuwa.net" }, "geometry": { "type": "Point", "coordinates": [ 130.435436500000037, 33.5356419 ] } },
{ "type": "Feature", "properties": { "内容": "ケアプランセンターフクミ【居宅介護支援】福岡県福岡市南区柏原1丁目36番17号", "url": "https://www.kaigokensaku.mhlw.go.jp/40/index.php?action_kouhyou_detail_004_kani=true&JigyosyoCd=4071104501-00&ServiceCd=430&Type=search", "url2": null }, "geometry": { "type": "Point", "coordinates": [ 130.404563892265315, 33.527590589946726 ] } },
{ "type": "Feature", "properties": { "内容": "ケアプラン栞【居宅介護支援】福岡県福岡市南区桧原5丁目5-23住宅型有料老人ホームしおり", "url": "https://www.kaigokensaku.mhlw.go.jp/40/index.php?action_kouhyou_detail_004_kani=true&JigyosyoCd=4071105912-00&ServiceCd=430&Type=search", "url2": "https://enikkimonogatari.com/" }, "geometry": { "type": "Point", "coordinates": [ 130.392479400000013, 33.5366969 ] } },
{ "type": "Feature", "properties": { "内容": "ケアプランセンターぬくもりの家【居宅介護支援】福岡県福岡市南区弥永３丁目２０番８号", "url": "https://www.kaigokensaku.mhlw.go.jp/40/index.php?action_kouhyou_detail_004_kani=true&JigyosyoCd=4071105987-00&ServiceCd=430&Type=search", "url2": "htttps//nukumorino-ie.sutudio.sitel/" }, "geometry": { "type": "Point", "coordinates": [ 130.433239, 33.5236308 ] } },
{ "type": "Feature", "properties": { "内容": "福岡赤十字ケアプランセンター【居宅介護支援】福岡県福岡市南区大楠３丁目1番1号", "url": "https://www.kaigokensaku.mhlw.go.jp/40/index.php?action_kouhyou_detail_004_kani=true&JigyosyoCd=4071102802-00&ServiceCd=430&Type=search", "url2": "http://fukuoka-med.jrc.or.jp" }, "geometry": { "type": "Point", "coordinates": [ 130.413762200000065, 33.5711679 ] } },
{ "type": "Feature", "properties": { "内容": "大池坂の上ケアプランセンター【居宅介護支援】福岡県福岡市南区大池1丁目15番15号第2大池マンション303号", "url": "https://www.kaigokensaku.mhlw.go.jp/40/index.php?action_kouhyou_detail_004_kani=true&JigyosyoCd=4071104873-00&ServiceCd=430&Type=search", "url2": null }, "geometry": { "type": "Point", "coordinates": [ 130.406716, 33.5585281 ] } },
{ "type": "Feature", "properties": { "内容": "ケアプランセンターふくくる【居宅介護支援】福岡県福岡市南区三宅3丁目7-9-502パークテラス大橋", "url": "https://www.kaigokensaku.mhlw.go.jp/40/index.php?action_kouhyou_detail_004_kani=true&JigyosyoCd=4071106092-00&ServiceCd=430&Type=search", "url2": "https://fukukuru0701.com/" }, "geometry": { "type": "Point", "coordinates": [ 130.4293834, 33.5491032 ] } },
{ "type": "Feature", "properties": { "内容": "ケアプランサービス薫風【居宅介護支援】福岡市南区三宅一丁目１７番７号", "url": "https://www.kaigokensaku.mhlw.go.jp/40/index.php?action_kouhyou_detail_004_kani=true&JigyosyoCd=4071104105-00&ServiceCd=430&Type=search", "url2": null }, "geometry": { "type": "Point", "coordinates": [ 130.42491, 33.5519532 ] } },
{ "type": "Feature", "properties": { "内容": "ケアプラン　ブルーム【居宅介護支援】福岡県福岡市南区若久４丁目１－２－３０２", "url": "https://www.kaigokensaku.mhlw.go.jp/40/index.php?action_kouhyou_detail_004_kani=true&JigyosyoCd=4071106324-00&ServiceCd=430&Type=search", "url2": "https://hionoatarubasyo2024.com/" }, "geometry": { "type": "Point", "coordinates": [ 130.413140199999987, 33.5534014 ] } },
{ "type": "Feature", "properties": { "内容": "医療法人社団たけや内科胃腸科医院【居宅介護支援】福岡県福岡市南区大橋１－２１－１０", "url": "https://www.kaigokensaku.mhlw.go.jp/40/index.php?action_kouhyou_detail_004_kani=true&JigyosyoCd=4011219294-00&ServiceCd=430&Type=search", "url2": "http://www16,0cm.ne.jp/~takeyacl/" }, "geometry": { "type": "Point", "coordinates": [ 130.426945100000012, 33.5571863 ] } },
{ "type": "Feature", "properties": { "内容": "福岡医療団　訪問看護ステーション　すみれ【居宅介護支援】福岡県福岡市南区大楠1-17-7", "url": "https://www.kaigokensaku.mhlw.go.jp/40/index.php?action_kouhyou_detail_004_kani=true&JigyosyoCd=4061290062-00&ServiceCd=430&Type=search", "url2": "http://www.fid.jp/index.htm" }, "geometry": { "type": "Point", "coordinates": [ 130.417036899999971, 33.572917700000019 ] } },
{ "type": "Feature", "properties": { "内容": "ケアプランリベラ【居宅介護支援】福岡県福岡市南区長丘5-16-16高原コーポ401号", "url": "https://www.kaigokensaku.mhlw.go.jp/40/index.php?action_kouhyou_detail_004_kani=true&JigyosyoCd=4070904273-00&ServiceCd=430&Type=search", "url2": null }, "geometry": { "type": "Point", "coordinates": [ 130.388269575003392, 33.553520812001395 ] } },
{ "type": "Feature", "properties": { "内容": "ビバーナム【居宅介護支援】福岡県福岡市南区日佐五丁目4番21号第二松尾ビル305号", "url": "https://www.kaigokensaku.mhlw.go.jp/40/index.php?action_kouhyou_detail_004_kani=true&JigyosyoCd=4070904828-00&ServiceCd=430&Type=search", "url2": "https://www.heartpage.jp/fukuoka/facility/20010764" }, "geometry": { "type": "Point", "coordinates": [ 130.431451417726322, 33.536191817018555 ] } },
{ "type": "Feature", "properties": { "内容": "ひらおケアプランサービス【居宅介護支援】福岡市南区市崎1丁目15-20", "url": "https://www.kaigokensaku.mhlw.go.jp/40/index.php?action_kouhyou_detail_004_kani=true&JigyosyoCd=4071000147-00&ServiceCd=430&Type=search", "url2": "http://www.terasawa-h.jp" }, "geometry": { "type": "Point", "coordinates": [ 130.403166123755767, 33.571388413252159 ] } },
{ "type": "Feature", "properties": { "内容": "社会福祉法人　福岡白百合会　花畑ホーム　アイナリーケア　ケアプランサービス【居宅介護支援】福岡市南区大平寺2丁目37番地18号", "url": "https://www.kaigokensaku.mhlw.go.jp/40/index.php?action_kouhyou_detail_004_kani=true&JigyosyoCd=4071100061-00&ServiceCd=430&Type=search", "url2": "http://fukuokashirayurikai.com/hanahata/" }, "geometry": { "type": "Point", "coordinates": [ 130.390582993627106, 33.529010520079218 ] } },
{ "type": "Feature", "properties": { "内容": "医療法人イースタンクリニック　居宅介護支援センター【居宅介護支援】福岡市南区多賀２丁目４番６号老人保健施設　木の葉の里", "url": "https://www.kaigokensaku.mhlw.go.jp/40/index.php?action_kouhyou_detail_004_kani=true&JigyosyoCd=4071100103-00&ServiceCd=430&Type=search", "url2": "http://konohano‐sato.com" }, "geometry": { "type": "Point", "coordinates": [ 130.411276600000065, 33.5597164 ] } },
{ "type": "Feature", "properties": { "内容": "居宅支援事業所　ひまわり【居宅介護支援】福岡市南区西長住１丁目８－２", "url": "https://www.kaigokensaku.mhlw.go.jp/40/index.php?action_kouhyou_detail_004_kani=true&JigyosyoCd=4071100160-00&ServiceCd=430&Type=search", "url2": "ttps://whww.fukujincare.com" }, "geometry": { "type": "Point", "coordinates": [ 130.389228262565666, 33.553008887594686 ] } },
{ "type": "Feature", "properties": { "内容": "花の季苑介護計画サービスセンター【居宅介護支援】福岡市南区和田4丁目16番1号", "url": "https://www.kaigokensaku.mhlw.go.jp/40/index.php?action_kouhyou_detail_004_kani=true&JigyosyoCd=4071100335-00&ServiceCd=430&Type=search", "url2": "http://tokuwa.net" }, "geometry": { "type": "Point", "coordinates": [ 130.421498499999984, 33.5489011 ] } },
{ "type": "Feature", "properties": { "内容": "ケアステーションにしこう居宅支援センター【居宅介護支援】福岡県福岡市南区塩原３丁目２４－１３", "url": "https://www.kaigokensaku.mhlw.go.jp/40/index.php?action_kouhyou_detail_004_kani=true&JigyosyoCd=4071100822-00&ServiceCd=430&Type=search", "url2": "http://www.nisiko.jp" }, "geometry": { "type": "Point", "coordinates": [ 130.425766387696854, 33.561747590836362 ] } },
{ "type": "Feature", "properties": { "内容": "さくらケアプランセンター【居宅介護支援】福岡県福岡市南区井尻2丁目25ー３－４０５号", "url": "https://www.kaigokensaku.mhlw.go.jp/40/index.php?action_kouhyou_detail_004_kani=true&JigyosyoCd=4071100855-00&ServiceCd=430&Type=search", "url2": null }, "geometry": { "type": "Point", "coordinates": [ 130.444831, 33.5555248 ] } },
{ "type": "Feature", "properties": { "内容": "ケアポート高宮【居宅介護支援】福岡県福岡市南区向野１丁目１７－２５", "url": "https://www.kaigokensaku.mhlw.go.jp/40/index.php?action_kouhyou_detail_004_kani=true&JigyosyoCd=4071101416-00&ServiceCd=430&Type=search", "url2": null }, "geometry": { "type": "Point", "coordinates": [ 130.417867699999988, 33.5638993 ] } },
{ "type": "Feature", "properties": { "内容": "ニチイケアセンター高宮【居宅介護支援】福岡県福岡市南区大楠2丁目12番24号Ｔグランド平尾201", "url": "https://www.kaigokensaku.mhlw.go.jp/40/index.php?action_kouhyou_detail_004_kani=true&JigyosyoCd=4071101515-00&ServiceCd=430&Type=search", "url2": "http://www.nichii-kaigo.jp/base/base-result/05K59/" }, "geometry": { "type": "Point", "coordinates": [ 130.411051929246184, 33.572208336936846 ] } },
{ "type": "Feature", "properties": { "内容": "温泉デイよこてケアプラン【居宅介護支援】福岡県福岡市南区横手４－１３－３１ことぶきマンション２０２", "url": "https://www.kaigokensaku.mhlw.go.jp/40/index.php?action_kouhyou_detail_004_kani=true&JigyosyoCd=4071101549-00&ServiceCd=430&Type=search", "url2": "http://www.onsenday.com/" }, "geometry": { "type": "Point", "coordinates": [ 130.433044800000062, 33.5482209 ] } },
{ "type": "Feature", "properties": { "内容": "アースケアケアプランセンター【居宅介護支援】福岡市南区若久４丁目２０番７号", "url": "https://www.kaigokensaku.mhlw.go.jp/40/index.php?action_kouhyou_detail_004_kani=true&JigyosyoCd=4071101630-00&ServiceCd=430&Type=search", "url2": null }, "geometry": { "type": "Point", "coordinates": [ 130.41060972513128, 33.552194276757966 ] } },
{ "type": "Feature", "properties": { "内容": "株式会社スマイルケア【居宅介護支援】福岡県福岡市南区的場2丁目25番1号", "url": "https://www.kaigokensaku.mhlw.go.jp/40/index.php?action_kouhyou_detail_004_kani=true&JigyosyoCd=4071101663-00&ServiceCd=430&Type=search", "url2": "http://www.smile-kaigo.com/" }, "geometry": { "type": "Point", "coordinates": [ 130.432750670986138, 33.542463239279201 ] } },
{ "type": "Feature", "properties": { "内容": "居宅介護支援事業所トゥモロウ【居宅介護支援】福岡県福岡市南区大楠2-15-28", "url": "https://www.kaigokensaku.mhlw.go.jp/40/index.php?action_kouhyou_detail_004_kani=true&JigyosyoCd=4071102141-00&ServiceCd=430&Type=search", "url2": "http://www.yuhokai.com" }, "geometry": { "type": "Point", "coordinates": [ 130.409720616949443, 33.572504980053189 ] } },
{ "type": "Feature", "properties": { "内容": "ささえあい太陽ケアプランセンター【居宅介護支援】福岡市南区老司1丁目28-27-302号ツインクルビル", "url": "https://www.kaigokensaku.mhlw.go.jp/40/index.php?action_kouhyou_detail_004_kani=true&JigyosyoCd=4071102174-00&ServiceCd=430&Type=search", "url2": "https://dearmind.com" }, "geometry": { "type": "Point", "coordinates": [ 130.421975970400467, 33.535820718234902 ] } },
{ "type": "Feature", "properties": { "内容": "松月園ケアプランセンター【居宅介護支援】福岡県福岡市南区老司５丁目１２番４号", "url": "https://www.kaigokensaku.mhlw.go.jp/40/index.php?action_kouhyou_detail_004_kani=true&JigyosyoCd=4071102364-00&ServiceCd=430&Type=search", "url2": "http://www.matudukien.com/" }, "geometry": { "type": "Point", "coordinates": [ 130.417957600000022, 33.528706 ] } },
{ "type": "Feature", "properties": { "内容": "ケアプランセンターやよい【居宅介護支援】福岡県福岡市南区長丘３丁目11-18ロワール長丘105号", "url": "https://www.kaigokensaku.mhlw.go.jp/40/index.php?action_kouhyou_detail_004_kani=true&JigyosyoCd=4071102539-00&ServiceCd=430&Type=search", "url2": null }, "geometry": { "type": "Point", "coordinates": [ 130.3932893, 33.5540505 ] } },
{ "type": "Feature", "properties": { "内容": "ケアプランこころ【居宅介護支援】寺塚１丁目１５番９号", "url": "https://www.kaigokensaku.mhlw.go.jp/40/index.php?action_kouhyou_detail_004_kani=true&JigyosyoCd=4071106332-00&ServiceCd=430&Type=search", "url2": null }, "geometry": { "type": "Point", "coordinates": [ 130.4020448, 33.5540385 ] } },
{ "type": "Feature", "properties": { "内容": "みのりケアサービス福岡【居宅介護支援】福岡市南区大楠1丁目１１－７リバージュ昭和　１０１号室", "url": "https://www.kaigokensaku.mhlw.go.jp/40/index.php?action_kouhyou_detail_004_kani=true&JigyosyoCd=4091100802-00&ServiceCd=430&Type=search", "url2": "https://juroujin-careservice.com/" }, "geometry": { "type": "Point", "coordinates": [ 130.4191549, 33.57242440000001 ] } },
{ "type": "Feature", "properties": { "内容": "ケアプランセンターのま【居宅介護支援】福岡市南区市崎1丁目2番8号福岡高宮マンション一階145号室", "url": "https://www.kaigokensaku.mhlw.go.jp/40/index.php?action_kouhyou_detail_004_kani=true&JigyosyoCd=4071103040-00&ServiceCd=430&Type=search", "url2": "http://hp.kaipoke.biz/3r1/index.html" }, "geometry": { "type": "Point", "coordinates": [ 130.405225117196665, 33.571781209659314 ] } },
{ "type": "Feature", "properties": { "内容": "ケアサポート伸和【居宅介護支援】福岡市南区横手1丁目13-13アップルビル201号室", "url": "https://www.kaigokensaku.mhlw.go.jp/40/index.php?action_kouhyou_detail_004_kani=true&JigyosyoCd=4071103156-00&ServiceCd=430&Type=search", "url2": null }, "geometry": { "type": "Point", "coordinates": [ 130.437798206776392, 33.551376165399297 ] } },
{ "type": "Feature", "properties": { "内容": "居宅介護支援　やよみ【居宅介護支援】福岡市南区柏原6丁目31-17-203ファミーユⅠ　203", "url": "https://www.kaigokensaku.mhlw.go.jp/40/index.php?action_kouhyou_detail_004_kani=true&JigyosyoCd=4071103172-00&ServiceCd=430&Type=search", "url2": null }, "geometry": { "type": "Point", "coordinates": [ 130.38846609999996, 33.523895 ] } },
{ "type": "Feature", "properties": { "内容": "柏原ケアプランサービス【居宅介護支援】福岡県福岡市南区柏原６丁目６２番３－２０３号", "url": "https://www.kaigokensaku.mhlw.go.jp/40/index.php?action_kouhyou_detail_004_kani=true&JigyosyoCd=4071103255-00&ServiceCd=430&Type=search", "url2": null }, "geometry": { "type": "Point", "coordinates": [ 130.393046199999958, 33.5232895 ] } },
{ "type": "Feature", "properties": { "内容": "おおはし徳巣【居宅介護支援】福岡市南区大橋団地5番1号", "url": "https://www.kaigokensaku.mhlw.go.jp/40/index.php?action_kouhyou_detail_004_kani=true&JigyosyoCd=4071103297-00&ServiceCd=430&Type=search", "url2": "http://fukuoka-houseikai.or.jp" }, "geometry": { "type": "Point", "coordinates": [ 130.431643900000012, 33.5568104 ] } },
{ "type": "Feature", "properties": { "内容": "ケアプランセンター　さかいの樹【居宅介護支援】福岡県福岡市南区野間４丁目１番１２号大神商会ビル2階", "url": "https://www.kaigokensaku.mhlw.go.jp/40/index.php?action_kouhyou_detail_004_kani=true&JigyosyoCd=4071103347-00&ServiceCd=430&Type=search", "url2": "http://www.med-sakai.jp/sakainoki/" }, "geometry": { "type": "Point", "coordinates": [ 130.411307299999976, 33.5583694 ] } },
{ "type": "Feature", "properties": { "内容": "大石クリニック介護サポートセンター【居宅介護支援】福岡県福岡市南区高宮2-19-16", "url": "https://www.kaigokensaku.mhlw.go.jp/40/index.php?action_kouhyou_detail_004_kani=true&JigyosyoCd=4071103420-00&ServiceCd=430&Type=search", "url2": "http://www1.bbiq.jp/ooishiclinic" }, "geometry": { "type": "Point", "coordinates": [ 130.413381699999974, 33.5698069 ] } },
{ "type": "Feature", "properties": { "内容": "ケアプランたけのこ【居宅介護支援】福岡市南区花畑2－21－33アンピール長住南609号", "url": "https://www.kaigokensaku.mhlw.go.jp/40/index.php?action_kouhyou_detail_004_kani=true&JigyosyoCd=4071103461-00&ServiceCd=430&Type=search", "url2": "http://takenokoplan.com" }, "geometry": { "type": "Point", "coordinates": [ 130.403193231599346, 33.538541046294235 ] } },
{ "type": "Feature", "properties": { "内容": "エフコープ介護サービス福岡南【居宅介護支援】福岡県福岡市南区弥永4丁目22-2", "url": "https://www.kaigokensaku.mhlw.go.jp/40/index.php?action_kouhyou_detail_004_kani=true&JigyosyoCd=4071103685-00&ServiceCd=430&Type=search", "url2": "http://www.fcoop.or.jp" }, "geometry": { "type": "Point", "coordinates": [ 130.4332839, 33.5278148 ] } },
{ "type": "Feature", "properties": { "内容": "ケアプランセンター宝満【居宅介護支援】福岡県福岡市南区向野1－13－29宝満ヴィラ高宮318号", "url": "https://www.kaigokensaku.mhlw.go.jp/40/index.php?action_kouhyou_detail_004_kani=true&JigyosyoCd=4071103743-00&ServiceCd=430&Type=search", "url2": "http://homan.or.jp" }, "geometry": { "type": "Point", "coordinates": [ 130.421101346696446, 33.562702330688474 ] } },
{ "type": "Feature", "properties": { "内容": "ケアプランサービス大池【居宅介護支援】福岡県福岡市南区寺塚1丁目4番3-406号", "url": "https://www.kaigokensaku.mhlw.go.jp/40/index.php?action_kouhyou_detail_004_kani=true&JigyosyoCd=4071104279-00&ServiceCd=430&Type=search", "url2": null }, "geometry": { "type": "Point", "coordinates": [ 130.40420789999996, 33.554081 ] } },
{ "type": "Feature", "properties": { "内容": "彩ケアサービス【居宅介護支援】南大橋2丁目37番10号", "url": "https://www.kaigokensaku.mhlw.go.jp/40/index.php?action_kouhyou_detail_004_kani=true&JigyosyoCd=4071104568-00&ServiceCd=430&Type=search", "url2": null }, "geometry": { "type": "Point", "coordinates": [ 130.418740299999968, 33.5498926 ] } },
{ "type": "Feature", "properties": { "内容": "医療法人　堺整形外科医院　居宅介護支援事業所【居宅介護支援】福岡県福岡市南区向新町１－１３－４３", "url": "https://www.kaigokensaku.mhlw.go.jp/40/index.php?action_kouhyou_detail_004_kani=true&JigyosyoCd=4071104717-00&ServiceCd=430&Type=search", "url2": "http://www.med-sakai.jp/clinic/sports_clinic/" }, "geometry": { "type": "Point", "coordinates": [ 130.428895300000022, 33.5424076 ] } },
{ "type": "Feature", "properties": { "内容": "楽らくサポートセンター　ケアプラン命【居宅介護支援】福岡県福岡市南区野多目1丁目10-1", "url": "https://www.kaigokensaku.mhlw.go.jp/40/index.php?action_kouhyou_detail_004_kani=true&JigyosyoCd=4071104832-00&ServiceCd=430&Type=search", "url2": "http：//www.rakusapo.net" }, "geometry": { "type": "Point", "coordinates": [ 130.42513729999996, 33.5420436 ] } },
{ "type": "Feature", "properties": { "内容": "スマイルケアプラン吉田【居宅介護支援】福岡県福岡市南区若久4丁目１８番16-1号", "url": "https://www.kaigokensaku.mhlw.go.jp/40/index.php?action_kouhyou_detail_004_kani=true&JigyosyoCd=4071104972-00&ServiceCd=430&Type=search", "url2": null }, "geometry": { "type": "Point", "coordinates": [ 130.411107500000071, 33.5529673 ] } },
{ "type": "Feature", "properties": { "内容": "介護支援センターアイポケット【居宅介護支援】福岡県福岡市南区清水1丁目２－１１", "url": "https://www.kaigokensaku.mhlw.go.jp/40/index.php?action_kouhyou_detail_004_kani=true&JigyosyoCd=4071105037-00&ServiceCd=430&Type=search", "url2": "http://www.i-pocket.jp" }, "geometry": { "type": "Point", "coordinates": [ 130.420438925131293, 33.573480764637914 ] } },
{ "type": "Feature", "properties": { "内容": "エリーゼケアプランサービス【居宅介護支援】福岡市南区新町２－９－２１", "url": "https://www.kaigokensaku.mhlw.go.jp/40/index.php?action_kouhyou_detail_004_kani=true&JigyosyoCd=4071105144-00&ServiceCd=430&Type=search", "url2": "http://elise-ohashi.jp" }, "geometry": { "type": "Point", "coordinates": [ 130.421068399999967, 33.5421157 ] } },
{ "type": "Feature", "properties": { "内容": "ケアプランセンター桃花【居宅介護支援】福岡県福岡市南区三宅1-2-12-202", "url": "https://www.kaigokensaku.mhlw.go.jp/40/index.php?action_kouhyou_detail_004_kani=true&JigyosyoCd=4071105268-00&ServiceCd=430&Type=search", "url2": null }, "geometry": { "type": "Point", "coordinates": [ 130.4281896, 33.5516398 ] } },
{ "type": "Feature", "properties": { "内容": "鶴田ケアプランセンター【居宅介護支援】鶴田４丁目４２－３", "url": "https://www.kaigokensaku.mhlw.go.jp/40/index.php?action_kouhyou_detail_004_kani=true&JigyosyoCd=4071105342-00&ServiceCd=430&Type=search", "url2": null }, "geometry": { "type": "Point", "coordinates": [ 130.4132469, 33.5302753 ] } },
{ "type": "Feature", "properties": { "内容": "ケアプラン桜【居宅介護支援】福岡県福岡市南区鶴田4丁目3-35", "url": "https://www.kaigokensaku.mhlw.go.jp/40/index.php?action_kouhyou_detail_004_kani=true&JigyosyoCd=4071105433-00&ServiceCd=430&Type=search", "url2": null }, "geometry": { "type": "Point", "coordinates": [ 130.412057686711876, 33.532476186410371 ] } },
{ "type": "Feature", "properties": { "内容": "ベネッセ介護センター福岡【居宅介護支援】福岡県福岡市南区多賀一丁目6番3号", "url": "https://www.kaigokensaku.mhlw.go.jp/40/index.php?action_kouhyou_detail_004_kani=true&JigyosyoCd=4071105466-00&ServiceCd=430&Type=search", "url2": "https://www.benesse-style-care.co.jp" }, "geometry": { "type": "Point", "coordinates": [ 130.4127082, 33.5614321 ] } },
{ "type": "Feature", "properties": { "内容": "リーフケアプランニング【居宅介護支援】福岡市南区大池1丁目21-25大池第一ハイツ206号", "url": "https://www.kaigokensaku.mhlw.go.jp/40/index.php?action_kouhyou_detail_004_kani=true&JigyosyoCd=4071105565-00&ServiceCd=430&Type=search", "url2": "https://leaf.ktm-care.com/" }, "geometry": { "type": "Point", "coordinates": [ 130.406295699999987, 33.5576383 ] } },
{ "type": "Feature", "properties": { "内容": "花鳥ケアプランサービス【居宅介護支援】福岡市南区南大橋２丁目２７番１７号", "url": "https://www.kaigokensaku.mhlw.go.jp/40/index.php?action_kouhyou_detail_004_kani=true&JigyosyoCd=4071105573-00&ServiceCd=430&Type=search", "url2": "https://care-style.jp/" }, "geometry": { "type": "Point", "coordinates": [ 130.419778799999989, 33.5510048 ] } },
{ "type": "Feature", "properties": { "内容": "ケアプランセンターリヴィエール【居宅介護支援】福岡県福岡市南区井尻5丁目26-50アートビルⅡ202", "url": "https://www.kaigokensaku.mhlw.go.jp/40/index.php?action_kouhyou_detail_004_kani=true&JigyosyoCd=4071105631-00&ServiceCd=430&Type=search", "url2": "https://hiro-llc.com/" }, "geometry": { "type": "Point", "coordinates": [ 130.440205810276041, 33.550232806301224 ] } },
{ "type": "Feature", "properties": { "内容": "オータカケアプランセンター【居宅介護支援】福岡県福岡市南区柏原1丁目2番5号101号ティアラ柏原101号室", "url": "https://www.kaigokensaku.mhlw.go.jp/40/index.php?action_kouhyou_detail_004_kani=true&JigyosyoCd=4071105649-00&ServiceCd=430&Type=search", "url2": "cca386258@aqr.bbiq.jp" }, "geometry": { "type": "Point", "coordinates": [ 130.4007215, 33.5322359 ] } },
{ "type": "Feature", "properties": { "内容": "ツクイ福岡【居宅介護支援】向野2-6-5", "url": "https://www.kaigokensaku.mhlw.go.jp/40/index.php?action_kouhyou_detail_004_kani=true&JigyosyoCd=4071105656-00&ServiceCd=430&Type=search", "url2": "http://www.tsukui.net/" }, "geometry": { "type": "Point", "coordinates": [ 130.42468740000001, 33.5611394 ] } },
{ "type": "Feature", "properties": { "内容": "サニーライフ福岡長丘　居宅介護支援事業所【居宅介護支援】福岡県福岡市南区長丘5-4-22サニーライフ福岡長丘", "url": "https://www.kaigokensaku.mhlw.go.jp/40/index.php?action_kouhyou_detail_004_kani=true&JigyosyoCd=4071105722-00&ServiceCd=430&Type=search", "url2": "https://www.sunnylife-group.co.jp/fukuokanagaoka" }, "geometry": { "type": "Point", "coordinates": [ 130.390906199999989, 33.5549118 ] } },
{ "type": "Feature", "properties": { "内容": "悠愛ケアプランサービスセンター【居宅介護支援】福岡県福岡市南区日佐4丁目39番28号", "url": "https://www.kaigokensaku.mhlw.go.jp/40/index.php?action_kouhyou_detail_004_kani=true&JigyosyoCd=4071105896-00&ServiceCd=430&Type=search", "url2": "https://www.a-lifesupport.co.jp/elder/yuai_careplan/" }, "geometry": { "type": "Point", "coordinates": [ 130.434532060713195, 33.537533929034851 ] } },
{ "type": "Feature", "properties": { "内容": "ケア２１おおはし【居宅介護支援】福岡県福岡市南区塩原３丁目2-12川上コーポ１０２号", "url": "https://www.kaigokensaku.mhlw.go.jp/40/index.php?action_kouhyou_detail_004_kani=true&JigyosyoCd=4071105904-00&ServiceCd=430&Type=search", "url2": "https://www.care21.co.jp/" }, "geometry": { "type": "Point", "coordinates": [ 130.429785699999968, 33.5643597 ] } },
{ "type": "Feature", "properties": { "内容": "ケアプラン樅の木【居宅介護支援】福岡県福岡市南区日佐2丁目8番1号", "url": "https://www.kaigokensaku.mhlw.go.jp/40/index.php?action_kouhyou_detail_004_kani=true&JigyosyoCd=4071106167-00&ServiceCd=430&Type=search", "url2": null }, "geometry": { "type": "Point", "coordinates": [ 130.438803605557212, 33.542253319743608 ] } },
{ "type": "Feature", "properties": { "内容": "ケアプランCareJam【居宅介護支援】福岡県福岡市南区若久1丁目26-9第一許斐コーポ101号", "url": "https://www.kaigokensaku.mhlw.go.jp/40/index.php?action_kouhyou_detail_004_kani=true&JigyosyoCd=4071106241-00&ServiceCd=430&Type=search", "url2": "https://colors-crew.com/" }, "geometry": { "type": "Point", "coordinates": [ 130.4144699, 33.5548921 ] } },
{ "type": "Feature", "properties": { "内容": "ケアプランセンター　フルハウス【居宅介護支援】柏原5丁目14-17", "url": "https://www.kaigokensaku.mhlw.go.jp/40/index.php?action_kouhyou_detail_004_kani=true&JigyosyoCd=4071106258-00&ServiceCd=430&Type=search", "url2": "https://colorshouse.jp/" }, "geometry": { "type": "Point", "coordinates": [ 130.3946228, 33.5282447 ] } },
{ "type": "Feature", "properties": { "内容": "ケアプランセンター折紙【居宅介護支援】福岡県福岡市南区的場2丁目14-9", "url": "https://www.kaigokensaku.mhlw.go.jp/40/index.php?action_kouhyou_detail_004_kani=true&JigyosyoCd=4071106308-00&ServiceCd=430&Type=search", "url2": null }, "geometry": { "type": "Point", "coordinates": [ 130.432517871163952, 33.541485591191915 ] } },
{ "type": "Feature", "properties": { "内容": "シティケアセンター　長住【居宅介護支援】福岡市南区長住３丁目７番１号シティケア長住", "url": "https://www.kaigokensaku.mhlw.go.jp/40/index.php?action_kouhyou_detail_004_kani=true&JigyosyoCd=4071300208-00&ServiceCd=430&Type=search", "url2": "http://www.citycare.jp/" }, "geometry": { "type": "Point", "coordinates": [ 130.393639399999984, 33.5524729 ] } },
{ "type": "Feature", "properties": { "内容": "あなぶきケアサービス福岡【居宅介護支援】福岡県福岡市南区弥永三丁目3番1号アルファリビング博多南内", "url": "https://www.kaigokensaku.mhlw.go.jp/40/index.php?action_kouhyou_detail_004_kani=true&JigyosyoCd=4071301875-00&ServiceCd=430&Type=search", "url2": "http://www.anabuki-medical.jp/" }, "geometry": { "type": "Point", "coordinates": [ 130.432204529684469, 33.52579482105142 ] } },
{ "type": "Feature", "properties": { "内容": "ウィズケアプランサービス【居宅介護支援】福岡県福岡市南区野間4丁目6-4フェア・ロザムンデ野間", "url": "https://www.kaigokensaku.mhlw.go.jp/40/index.php?action_kouhyou_detail_004_kani=true&JigyosyoCd=4071400800-00&ServiceCd=430&Type=search", "url2": "https://www.with-g.com/" }, "geometry": { "type": "Point", "coordinates": [ 130.4130855, 33.5585671 ] } },
{ "type": "Feature", "properties": { "内容": "えがおでケアプランサービス【居宅介護支援】福岡市南区寺塚２丁目８番１５－３１４号金子アベニュー300棟", "url": "https://www.kaigokensaku.mhlw.go.jp/40/index.php?action_kouhyou_detail_004_kani=true&JigyosyoCd=4071103610-00&ServiceCd=430&Type=search", "url2": "https://www.egaode-n.com/homesupport/" }, "geometry": { "type": "Point", "coordinates": [ 130.40313064047541, 33.558221579099964 ] } },
{ "type": "Feature", "properties": { "内容": "ケアプランサービス　KAKU家【居宅介護支援】福岡県福岡市南区鶴田3-21-37", "url": "https://www.kaigokensaku.mhlw.go.jp/40/index.php?action_kouhyou_detail_004_kani=true&JigyosyoCd=4071105755-00&ServiceCd=430&Type=search", "url2": "https：//kadoke-care.com" }, "geometry": { "type": "Point", "coordinates": [ 130.4120576, 33.5241207 ] } },
{ "type": "Feature", "properties": { "内容": "医療法人髙橋医院ケアサポートセンター【居宅介護支援】福岡県福岡市南区大平寺2-13-30", "url": "https://www.kaigokensaku.mhlw.go.jp/40/index.php?action_kouhyou_detail_004_kani=true&JigyosyoCd=4071000485-00&ServiceCd=430&Type=search", "url2": "http://www.fukuyoka.com" }, "geometry": { "type": "Point", "coordinates": [ 130.393309250150111, 33.530520024713766 ] } },
{ "type": "Feature", "properties": { "内容": "グリーンケアプランセンター【居宅介護支援】福岡県福岡市南区野間2丁目7-22", "url": "https://www.kaigokensaku.mhlw.go.jp/40/index.php?action_kouhyou_detail_004_kani=true&JigyosyoCd=4071100533-00&ServiceCd=430&Type=search", "url2": "http://www.green-care.co.jp" }, "geometry": { "type": "Point", "coordinates": [ 130.415840304368658, 33.561044909723222 ] } },
{ "type": "Feature", "properties": { "内容": "アップルハ－ト福岡南ケアプランセンタ－【居宅介護支援】福岡市南区中尾3丁目36-2", "url": "https://www.kaigokensaku.mhlw.go.jp/40/index.php?action_kouhyou_detail_004_kani=true&JigyosyoCd=4071102612-00&ServiceCd=430&Type=search", "url2": "http:/www.aso-group.co.jp/" }, "geometry": { "type": "Point", "coordinates": [ 130.408301457393691, 33.543121542391034 ] } },
{ "type": "Feature", "properties": { "内容": "ケアプランサービス　おおもり【居宅介護支援】福岡県福岡県福岡市南区弥永4丁目６－１５", "url": "https://www.kaigokensaku.mhlw.go.jp/40/index.php?action_kouhyou_detail_004_kani=true&JigyosyoCd=4071102943-00&ServiceCd=430&Type=search", "url2": null }, "geometry": { "type": "Point", "coordinates": [ 130.433933900000056, 33.527562 ] } },
{ "type": "Feature", "properties": { "内容": "ハートフィールド筑紫丘ケアプランセンター【居宅介護支援】福岡県福岡市南区向野2丁目19－20", "url": "https://www.kaigokensaku.mhlw.go.jp/40/index.php?action_kouhyou_detail_004_kani=true&JigyosyoCd=4071103180-00&ServiceCd=430&Type=search", "url2": "http://www.hoaloha.co.jp" }, "geometry": { "type": "Point", "coordinates": [ 130.420642600000065, 33.5606552 ] } },
{ "type": "Feature", "properties": { "内容": "ケアプランセンターたぬき【居宅介護支援】福岡県福岡市南区野間１−９−２９−６０２", "url": "https://www.kaigokensaku.mhlw.go.jp/40/index.php?action_kouhyou_detail_004_kani=true&JigyosyoCd=4071104220-00&ServiceCd=430&Type=search", "url2": "http://tanukino-heya.com/" }, "geometry": { "type": "Point", "coordinates": [ 130.415787300000034, 33.564052 ] } },
{ "type": "Feature", "properties": { "内容": "らいふけあぷらん戸花【居宅介護支援】福岡県福岡市南区大池1丁目11番15号コーポやすもり101号", "url": "https://www.kaigokensaku.mhlw.go.jp/40/index.php?action_kouhyou_detail_004_kani=true&JigyosyoCd=4071104907-00&ServiceCd=430&Type=search", "url2": null }, "geometry": { "type": "Point", "coordinates": [ 130.4075239, 33.5568806 ] } },
{ "type": "Feature", "properties": { "内容": "イレイトケアプランセンター南【居宅介護支援】福岡県福岡市南区桧原5丁目23-4", "url": "https://www.kaigokensaku.mhlw.go.jp/40/index.php?action_kouhyou_detail_004_kani=true&JigyosyoCd=4071106134-00&ServiceCd=430&Type=search", "url2": "http://www.elate.jp" }, "geometry": { "type": "Point", "coordinates": [ 130.3929972, 33.5352853 ] } },
{ "type": "Feature", "properties": { "内容": "ケアプランつくる【居宅介護支援】福岡県福岡市南区市崎1丁目2番8号福岡高宮マンション209号", "url": "https://www.kaigokensaku.mhlw.go.jp/40/index.php?action_kouhyou_detail_004_kani=true&JigyosyoCd=4071106431-00&ServiceCd=430&Type=search", "url2": "http://www.tsukurucare.co.jp" }, "geometry": { "type": "Point", "coordinates": [ 130.4050987, 33.5718235 ] } },
{ "type": "Feature", "properties": { "内容": "介護支援センター　ひのき【居宅介護支援】福岡市南区桧原6-44-20", "url": "https://www.kaigokensaku.mhlw.go.jp/40/index.php?action_kouhyou_detail_004_kani=true&JigyosyoCd=4071100137-00&ServiceCd=430&Type=search", "url2": "www.hinoki-kai.com" }, "geometry": { "type": "Point", "coordinates": [ 130.384430100000031, 33.5283057 ] } },
{ "type": "Feature", "properties": { "内容": "居宅介護支援いちごスマイル【居宅介護支援】福岡県福岡市南区大橋2丁目20番４サンティーメゾン大橋　201号", "url": "https://www.kaigokensaku.mhlw.go.jp/40/index.php?action_kouhyou_detail_004_kani=true&JigyosyoCd=4071105235-00&ServiceCd=430&Type=search", "url2": null }, "geometry": { "type": "Point", "coordinates": [ 130.4304886, 33.5564738 ] } },
{ "type": "Feature", "properties": { "内容": "ケアプランサービス花笑み【居宅介護支援】福岡県福岡市南区横手３丁目２－５横手ビル105号", "url": "https://www.kaigokensaku.mhlw.go.jp/40/index.php?action_kouhyou_detail_004_kani=true&JigyosyoCd=4071105367-00&ServiceCd=430&Type=search", "url2": "careplan@mi-solution.net" }, "geometry": { "type": "Point", "coordinates": [ 130.437542, 33.5480367 ] } },
{ "type": "Feature", "properties": { "内容": "ケアマネステーションことほぎ【居宅介護支援】福岡県福岡市南区西長住2丁目10番21－4号", "url": "https://www.kaigokensaku.mhlw.go.jp/40/index.php?action_kouhyou_detail_004_kani=true&JigyosyoCd=4071404141-00&ServiceCd=430&Type=search", "url2": "kotohogi_2016@outlook.jp" }, "geometry": { "type": "Point", "coordinates": [ 130.391542554596299, 33.549951314629311 ] } },
{ "type": "Feature", "properties": { "内容": "イレイトケアプランセンターNEXT【居宅介護支援】大橋3-2-28", "url": "https://www.kaigokensaku.mhlw.go.jp/40/index.php?action_kouhyou_detail_004_kani=true&JigyosyoCd=4071106407-00&ServiceCd=430&Type=search", "url2": "http://www.elate.jp" }, "geometry": { "type": "Point", "coordinates": [ 130.428711099999987, 33.5555198 ] } },
{ "type": "Feature", "properties": { "内容": "ココケアプラン【居宅介護支援】福岡県福岡市南区向新町１丁目８番３７号", "url": "https://www.kaigokensaku.mhlw.go.jp/40/index.php?action_kouhyou_detail_004_kani=true&JigyosyoCd=4071106456-00&ServiceCd=430&Type=search", "url2": null }, "geometry": { "type": "Point", "coordinates": [ 130.4287467, 33.5435222 ] } },
{ "type": "Feature", "properties": { "内容": "やながケアプランサービス【居宅介護支援】福岡県福岡市南区弥永2丁目32-22-206", "url": "https://www.kaigokensaku.mhlw.go.jp/40/index.php?action_kouhyou_detail_004_kani=true&JigyosyoCd=4071106472-00&ServiceCd=430&Type=search", "url2": null }, "geometry": { "type": "Point", "coordinates": [ 130.4289053, 33.5233041 ] } },
{ "type": "Feature", "properties": { "内容": "那珂川病院居宅介護支援事業所【居宅介護支援】福岡県福岡市南区向新町2丁目18番20号那珂川病院在宅支援センター１階", "url": "https://www.kaigokensaku.mhlw.go.jp/40/index.php?action_kouhyou_detail_004_kani=true&JigyosyoCd=4071100111-00&ServiceCd=430&Type=search", "url2": "http://www.nakagawa-hp.com" }, "geometry": { "type": "Point", "coordinates": [ 130.427764900000057, 33.538735799999969 ] } },
{ "type": "Feature", "properties": { "内容": "つなぐケアプラン【居宅介護支援】三宅3丁目7番9パークテラス大橋　402号", "url": "https://www.kaigokensaku.mhlw.go.jp/40/index.php?action_kouhyou_detail_004_kani=true&JigyosyoCd=4071105920-00&ServiceCd=430&Type=search", "url2": null }, "geometry": { "type": "Point", "coordinates": [ 130.4295797769106, 33.549491772326256 ] } },
{ "type": "Feature", "properties": { "内容": "ケアプランサービス森の家【居宅介護支援】福岡市南区柏原4丁目33番31号", "url": "https://www.kaigokensaku.mhlw.go.jp/40/index.php?action_kouhyou_detail_004_kani=true&JigyosyoCd=4071104576-00&ServiceCd=430&Type=search", "url2": null }, "geometry": { "type": "Point", "coordinates": [ 130.396158969311529, 33.526015073130566 ] } },
{ "type": "Feature", "properties": { "内容": "ケアセンター　美・ホーム【居宅介護支援】福岡県福岡市西区拾六町2-17-2", "url": "https://www.kaigokensaku.mhlw.go.jp/40/index.php?action_kouhyou_detail_004_kani=true&JigyosyoCd=4071200366-00&ServiceCd=430&Type=search", "url2": "www.bi-home.com" }, "geometry": { "type": "Point", "coordinates": [ 130.3119309, 33.5638237 ] } },
{ "type": "Feature", "properties": { "内容": "ケアプラセンタ―えんね【居宅介護支援】福岡県福岡市西区拾六町５丁目１８番１０号", "url": "https://www.kaigokensaku.mhlw.go.jp/40/index.php?action_kouhyou_detail_004_kani=true&JigyosyoCd=4071203774-00&ServiceCd=430&Type=search", "url2": "https://medicare-fukuokanishi.com/" }, "geometry": { "type": "Point", "coordinates": [ 130.309417100000019, 33.5707703 ] } },
{ "type": "Feature", "properties": { "内容": "おとなりさん。【居宅介護支援】福岡市西区上山門3－10－56", "url": "https://www.kaigokensaku.mhlw.go.jp/40/index.php?action_kouhyou_detail_004_kani=true&JigyosyoCd=4071203899-00&ServiceCd=430&Type=search", "url2": "otonari30.com" }, "geometry": { "type": "Point", "coordinates": [ 130.301206900000011, 33.5729502 ] } },
{ "type": "Feature", "properties": { "内容": "日の出会サンライズ壱岐居宅介護支援事業所【居宅介護支援】福岡県福岡市西区野方１丁目１６－２６", "url": "https://www.kaigokensaku.mhlw.go.jp/40/index.php?action_kouhyou_detail_004_kani=true&JigyosyoCd=4071200234-00&ServiceCd=430&Type=search", "url2": "https://hinodekai.or.jp/" }, "geometry": { "type": "Point", "coordinates": [ 130.3118978, 33.5575435 ] } },
{ "type": "Feature", "properties": { "内容": "合同会社ケアプランサービスおおつか【居宅介護支援】福岡県福岡市西区姪の浜5丁目19番11号Sハウス402", "url": "https://www.kaigokensaku.mhlw.go.jp/40/index.php?action_kouhyou_detail_004_kani=true&JigyosyoCd=4071204392-00&ServiceCd=430&Type=search", "url2": null }, "geometry": { "type": "Point", "coordinates": [ 130.3212071, 33.585971 ] } },
{ "type": "Feature", "properties": { "内容": "はるいろケアプラン【居宅介護支援】福岡県福岡市西区姪の浜4-22-181304", "url": "https://www.kaigokensaku.mhlw.go.jp/40/index.php?action_kouhyou_detail_004_kani=true&JigyosyoCd=4071204400-00&ServiceCd=430&Type=search", "url2": null }, "geometry": { "type": "Point", "coordinates": [ 130.3246744, 33.5843229 ] } },
{ "type": "Feature", "properties": { "内容": "ケアプランセンターウェル福岡西【居宅介護支援】福岡県福岡市西区姪浜駅南3丁目7番24号ヴィンテージ101号", "url": "https://www.kaigokensaku.mhlw.go.jp/40/index.php?action_kouhyou_detail_004_kani=true&JigyosyoCd=4071204376-00&ServiceCd=430&Type=search", "url2": null }, "geometry": { "type": "Point", "coordinates": [ 130.32777440000001, 33.5818006 ] } },
{ "type": "Feature", "properties": { "内容": "医療法人社団朝菊会昭和病院【居宅介護支援】福岡県福岡市西区北原2丁目2-6", "url": "https://www.kaigokensaku.mhlw.go.jp/40/index.php?action_kouhyou_detail_004_kani=true&JigyosyoCd=4011011204-00&ServiceCd=430&Type=search", "url2": null }, "geometry": { "type": "Point", "coordinates": [ 130.256217898147582, 33.580514310024661 ] } },
{ "type": "Feature", "properties": { "内容": "千鳥橋病院附属新室見診療所【居宅介護支援】福岡市西区福重５丁目１－２７", "url": "https://www.kaigokensaku.mhlw.go.jp/40/index.php?action_kouhyou_detail_004_kani=true&JigyosyoCd=4011119791-00&ServiceCd=430&Type=search", "url2": "www.iryoudan-net.jp" }, "geometry": { "type": "Point", "coordinates": [ 130.324482399999965, 33.5738231 ] } },
{ "type": "Feature", "properties": { "内容": "今津赤十字ケアプランセンター【居宅介護支援】福岡県福岡市西区今津３７７今津赤十字病院内　１階", "url": "https://www.kaigokensaku.mhlw.go.jp/40/index.php?action_kouhyou_detail_004_kani=true&JigyosyoCd=4061190361-00&ServiceCd=430&Type=search", "url2": "http://imazu-med-jrc.jp" }, "geometry": { "type": "Point", "coordinates": [ 130.272013499999957, 33.6001577 ] } },
{ "type": "Feature", "properties": { "内容": "なお　ケアプランセンター【居宅介護支援】福岡県福岡市西区生の松原２丁目８番１ー１", "url": "https://www.kaigokensaku.mhlw.go.jp/40/index.php?action_kouhyou_detail_004_kani=true&JigyosyoCd=4070904679-00&ServiceCd=430&Type=search", "url2": "https://nao-careplan.com" }, "geometry": { "type": "Point", "coordinates": [ 130.303230093157936, 33.577164395689046 ] } },
{ "type": "Feature", "properties": { "内容": "三日月ケアプランセンター【居宅介護支援】福岡県福岡市西区石丸3丁目11-1エレガンス青木303号", "url": "https://www.kaigokensaku.mhlw.go.jp/40/index.php?action_kouhyou_detail_004_kani=true&JigyosyoCd=4071204426-00&ServiceCd=430&Type=search", "url2": "https://wel-hope.jp/" }, "geometry": { "type": "Point", "coordinates": [ 130.313715, 33.5714678 ] } },
{ "type": "Feature", "properties": { "内容": "桜十字ケアプランサービス福岡西【居宅介護支援】福岡県福岡市西区愛宕3丁目15-6ブランシュ愛宕・102号", "url": "https://www.kaigokensaku.mhlw.go.jp/40/index.php?action_kouhyou_detail_004_kani=true&JigyosyoCd=4071204434-00&ServiceCd=430&Type=search", "url2": "https://sj-fukuoka.or.jp/" }, "geometry": { "type": "Point", "coordinates": [ 130.3368037, 33.5847511 ] } },
{ "type": "Feature", "properties": { "内容": "ケアプランあさがお【居宅介護支援】福岡県福岡市西区野方３丁目49-8", "url": "https://www.kaigokensaku.mhlw.go.jp/40/index.php?action_kouhyou_detail_004_kani=true&JigyosyoCd=4071204459-00&ServiceCd=430&Type=search", "url2": null }, "geometry": { "type": "Point", "coordinates": [ 130.3099169, 33.548735 ] } },
{ "type": "Feature", "properties": { "内容": "ケアプランセンターen【居宅介護支援】福岡県福岡市西区横浜1-9-40花ごよみビル201号", "url": "https://www.kaigokensaku.mhlw.go.jp/40/index.php?action_kouhyou_detail_004_kani=true&JigyosyoCd=4071204467-00&ServiceCd=430&Type=search", "url2": null }, "geometry": { "type": "Point", "coordinates": [ 130.265295499999979, 33.5872634 ] } },
{ "type": "Feature", "properties": { "内容": "寿生苑介護支援事業所【居宅介護支援】福岡県福岡市西区田尻東3丁目2705-１", "url": "https://www.kaigokensaku.mhlw.go.jp/40/index.php?action_kouhyou_detail_004_kani=true&JigyosyoCd=4071200010-00&ServiceCd=430&Type=search", "url2": "j-kyotaku@imayamakai.jp" }, "geometry": { "type": "Point", "coordinates": [ 130.259428399999933, 33.5896662 ] } },
{ "type": "Feature", "properties": { "内容": "ＪＡ福岡市ケアプランサービスセンター【居宅介護支援】福岡県福岡市西区福重1丁目10番7号", "url": "https://www.kaigokensaku.mhlw.go.jp/40/index.php?action_kouhyou_detail_004_kani=true&JigyosyoCd=4071200036-00&ServiceCd=430&Type=search", "url2": null }, "geometry": { "type": "Point", "coordinates": [ 130.323424299999942, 33.5662876 ] } },
{ "type": "Feature", "properties": { "内容": "七樹苑ケアプランサービス【居宅介護支援】福岡市西区今宿上ノ原１６番地の1", "url": "https://www.kaigokensaku.mhlw.go.jp/40/index.php?action_kouhyou_detail_004_kani=true&JigyosyoCd=4071200044-00&ServiceCd=430&Type=search", "url2": "http://care-net.biz/40/fujinomikai/" }, "geometry": { "type": "Point", "coordinates": [ 130.283891499999982, 33.5668142 ] } },
{ "type": "Feature", "properties": { "内容": "居宅介護支援事業所「かりん」【居宅介護支援】福岡市西区戸切２丁目１４番４５号", "url": "https://www.kaigokensaku.mhlw.go.jp/40/index.php?action_kouhyou_detail_004_kani=true&JigyosyoCd=4071200069-00&ServiceCd=430&Type=search", "url2": "http://www.karindoh.or.jp/" }, "geometry": { "type": "Point", "coordinates": [ 130.315536400000042, 33.5541855 ] } },
{ "type": "Feature", "properties": { "内容": "日赤大寿園ケアプランセンター【居宅介護支援】福岡市西区今津520特別養護老人ホーム　大寿園", "url": "https://www.kaigokensaku.mhlw.go.jp/40/index.php?action_kouhyou_detail_004_kani=true&JigyosyoCd=4071200077-00&ServiceCd=430&Type=search", "url2": "http//www.taijuen.jrc.or.jp/" }, "geometry": { "type": "Point", "coordinates": [ 130.272480099999939, 33.6016187 ] } },
{ "type": "Feature", "properties": { "内容": "介護サービスステーション福岡和仁会【居宅介護支援】福岡県福岡市西区生の松原1丁目33番18号", "url": "https://www.kaigokensaku.mhlw.go.jp/40/index.php?action_kouhyou_detail_004_kani=true&JigyosyoCd=4071200093-00&ServiceCd=430&Type=search", "url2": "http://wwwfukuoka-wajinkai-hp.or.jp" }, "geometry": { "type": "Point", "coordinates": [ 130.29511530000002, 33.5798246 ] } },
{ "type": "Feature", "properties": { "内容": "ケアマネジメント楽居【居宅介護支援】福岡県福岡市西区内浜２丁目6-8-101", "url": "https://www.kaigokensaku.mhlw.go.jp/40/index.php?action_kouhyou_detail_004_kani=true&JigyosyoCd=4071200150-00&ServiceCd=430&Type=search", "url2": null }, "geometry": { "type": "Point", "coordinates": [ 130.318315860713284, 33.583659982404704 ] } },
{ "type": "Feature", "properties": { "内容": "居宅介護支援センターわたぼうし【居宅介護支援】福岡市西区野方7丁目770番地", "url": "https://www.kaigokensaku.mhlw.go.jp/40/index.php?action_kouhyou_detail_004_kani=true&JigyosyoCd=4071200192-00&ServiceCd=430&Type=search", "url2": "http://www.frh.or.jp" }, "geometry": { "type": "Point", "coordinates": [ 130.303081900000052, 33.5583544 ] } },
{ "type": "Feature", "properties": { "内容": "医療法人　西福岡病院ケアプランサービス【居宅介護支援】福岡県福岡市西区生の松原3丁目18番8号", "url": "https://www.kaigokensaku.mhlw.go.jp/40/index.php?action_kouhyou_detail_004_kani=true&JigyosyoCd=4071200200-00&ServiceCd=430&Type=search", "url2": "http://www.nisifukuhp.or.jp" }, "geometry": { "type": "Point", "coordinates": [ 130.296751399999948, 33.577261 ] } },
{ "type": "Feature", "properties": { "内容": "社会医療法人財団白十字会　白十字会ケアプランセンター福岡【居宅介護支援】福岡県福岡市西区石丸3-3-9白十字リハビリテーション病院", "url": "https://www.kaigokensaku.mhlw.go.jp/40/index.php?action_kouhyou_detail_004_kani=true&JigyosyoCd=4071201406-00&ServiceCd=430&Type=search", "url2": "http://www.hakujyujikai.or.jp/" }, "geometry": { "type": "Point", "coordinates": [ 130.315720049212587, 33.574134096206905 ] } },
{ "type": "Feature", "properties": { "内容": "ケアプランサービス　のこ清和園【居宅介護支援】福岡県福岡市西区姪の浜３丁目４番２号シーロアー２F", "url": "https://www.kaigokensaku.mhlw.go.jp/40/index.php?action_kouhyou_detail_004_kani=true&JigyosyoCd=4071201653-00&ServiceCd=430&Type=search", "url2": "https://seiwaen-care.jp" }, "geometry": { "type": "Point", "coordinates": [ 130.324191613227867, 33.5875992251149 ] } },
{ "type": "Feature", "properties": { "内容": "輝松会ケアプランセンター【居宅介護支援】福岡県福岡市西区今宿町583", "url": "https://www.kaigokensaku.mhlw.go.jp/40/index.php?action_kouhyou_detail_004_kani=true&JigyosyoCd=4071201729-00&ServiceCd=430&Type=search", "url2": "http://www.kisyoukai.jp" }, "geometry": { "type": "Point", "coordinates": [ 130.267043026705892, 33.572049734575074 ] } },
{ "type": "Feature", "properties": { "内容": "ケアプランセンターハッピーライフ【居宅介護支援】福岡市西区姪浜駅南4丁目2-21", "url": "https://www.kaigokensaku.mhlw.go.jp/40/index.php?action_kouhyou_detail_004_kani=true&JigyosyoCd=4071201760-00&ServiceCd=430&Type=search", "url2": "https://www.happylife-ltd.jp/" }, "geometry": { "type": "Point", "coordinates": [ 130.33047369999997, 33.5830388 ] } },
{ "type": "Feature", "properties": { "内容": "さわやかケアプランセンター野方【居宅介護支援】福岡県福岡市西区野方4-34-1さわやかケアプランセンター野方", "url": "https://www.kaigokensaku.mhlw.go.jp/40/index.php?action_kouhyou_detail_004_kani=true&JigyosyoCd=4071201778-00&ServiceCd=430&Type=search", "url2": "http://www.sawayakaclub.jp" }, "geometry": { "type": "Point", "coordinates": [ 130.298593699999969, 33.548744 ] } },
{ "type": "Feature", "properties": { "内容": "アップルハート福岡西ケアプランセンター【居宅介護支援】福岡県福岡市西区姪浜駅南1丁目5-4-306アロッジオ54", "url": "https://www.kaigokensaku.mhlw.go.jp/40/index.php?action_kouhyou_detail_004_kani=true&JigyosyoCd=4071201927-00&ServiceCd=430&Type=search", "url2": "http://www.aso-kaigo.jp/" }, "geometry": { "type": "Point", "coordinates": [ 130.325159613656865, 33.582892297768275 ] } },
{ "type": "Feature", "properties": { "内容": "株式会社ケアリング西福岡支店【居宅介護支援】福岡県福岡市西区野方1丁目15-4", "url": "https://www.kaigokensaku.mhlw.go.jp/40/index.php?action_kouhyou_detail_004_kani=true&JigyosyoCd=4071201992-00&ServiceCd=430&Type=search", "url2": "http://www.caring.jp" }, "geometry": { "type": "Point", "coordinates": [ 130.311363150926269, 33.558199454560715 ] } },
{ "type": "Feature", "properties": { "内容": "スター福祉村ケアプランセンター【居宅介護支援】福岡県福岡市西区今津４８０９番４号", "url": "https://www.kaigokensaku.mhlw.go.jp/40/index.php?action_kouhyou_detail_004_kani=true&JigyosyoCd=4071202073-00&ServiceCd=430&Type=search", "url2": "https://sf-kaigo.com/" }, "geometry": { "type": "Point", "coordinates": [ 130.256061700000032, 33.6077644 ] } },
{ "type": "Feature", "properties": { "内容": "フローシスケアプランセンター【居宅介護支援】福岡県福岡市西区石丸2丁目39-10", "url": "https://www.kaigokensaku.mhlw.go.jp/40/index.php?action_kouhyou_detail_004_kani=true&JigyosyoCd=4071202230-00&ServiceCd=430&Type=search", "url2": "https://www.frowsis.jp" }, "geometry": { "type": "Point", "coordinates": [ 130.314680399999986, 33.5833388 ] } },
{ "type": "Feature", "properties": { "内容": "ケアサービス　フラワーガーデン【居宅介護支援】福岡県福岡市西区拾六町１丁目２１番１１号", "url": "https://www.kaigokensaku.mhlw.go.jp/40/index.php?action_kouhyou_detail_004_kani=true&JigyosyoCd=4071202297-00&ServiceCd=430&Type=search", "url2": "http://flowergarden-web.com/" }, "geometry": { "type": "Point", "coordinates": [ 130.316324900000041, 33.5645126 ] } },
{ "type": "Feature", "properties": { "内容": "ケアステーションつばさ【居宅介護支援】福岡県福岡市西区福重３丁目３３－１－２０１号", "url": "https://www.kaigokensaku.mhlw.go.jp/40/index.php?action_kouhyou_detail_004_kani=true&JigyosyoCd=4071202370-00&ServiceCd=430&Type=search", "url2": "https://www.carestationtsubasa.com/" }, "geometry": { "type": "Point", "coordinates": [ 130.319918280642668, 33.568445423530939 ] } },
{ "type": "Feature", "properties": { "内容": "ケアプランセンターテラシス桜花【居宅介護支援】福岡市西区姪の浜２丁目２８－４３", "url": "https://www.kaigokensaku.mhlw.go.jp/40/index.php?action_kouhyou_detail_004_kani=true&JigyosyoCd=4071202545-00&ServiceCd=430&Type=search", "url2": null }, "geometry": { "type": "Point", "coordinates": [ 130.332796546696471, 33.588254994418577 ] } },
{ "type": "Feature", "properties": { "内容": "ケアプランサービス　みなと【居宅介護支援】福岡県福岡市西区泉３丁目１４番９号", "url": "https://www.kaigokensaku.mhlw.go.jp/40/index.php?action_kouhyou_detail_004_kani=true&JigyosyoCd=4071203212-00&ServiceCd=430&Type=search", "url2": null }, "geometry": { "type": "Point", "coordinates": [ 130.2432873, 33.5788278 ] } },
{ "type": "Feature", "properties": { "内容": "ケアプランセンターなのくに【居宅介護支援】福岡県福岡市西区拾六町団地2番18号", "url": "https://www.kaigokensaku.mhlw.go.jp/40/index.php?action_kouhyou_detail_004_kani=true&JigyosyoCd=4071203246-00&ServiceCd=430&Type=search", "url2": "http://www.keitokukai.jp/" }, "geometry": { "type": "Point", "coordinates": [ 130.307883596958987, 33.565689785144656 ] } },
{ "type": "Feature", "properties": { "内容": "ケアプランサービスひゅうが　姪浜店【居宅介護支援】福岡県福岡市西区小戸１丁目３６－１２", "url": "https://www.kaigokensaku.mhlw.go.jp/40/index.php?action_kouhyou_detail_004_kani=true&JigyosyoCd=4071203329-00&ServiceCd=430&Type=search", "url2": "http://kirari3.com" }, "geometry": { "type": "Point", "coordinates": [ 130.32094170000002, 33.5932903 ] } },
{ "type": "Feature", "properties": { "内容": "ケアプランセンターいと楽し【居宅介護支援】福岡県福岡市西区徳永北1-52地域複合福祉センターいと楽し", "url": "https://www.kaigokensaku.mhlw.go.jp/40/index.php?action_kouhyou_detail_004_kani=true&JigyosyoCd=4071203519-00&ServiceCd=430&Type=search", "url2": "http//ito.fukuwel.or.jp" }, "geometry": { "type": "Point", "coordinates": [ 130.258556694967638, 33.576205062629235 ] } },
{ "type": "Feature", "properties": { "内容": "ケアプランセンター古里庵【居宅介護支援】福岡県福岡市西区生の松原2丁目６番１９号徳島コーポ２０５号", "url": "https://www.kaigokensaku.mhlw.go.jp/40/index.php?action_kouhyou_detail_004_kani=true&JigyosyoCd=4071203543-00&ServiceCd=430&Type=search", "url2": null }, "geometry": { "type": "Point", "coordinates": [ 130.304259099999939, 33.5769974 ] } },
{ "type": "Feature", "properties": { "内容": "ケアプラン　いとは【居宅介護支援】福岡県福岡市西区北原1丁目10番2-904号アーバンパレス九大学研都市904号", "url": "https://www.kaigokensaku.mhlw.go.jp/40/index.php?action_kouhyou_detail_004_kani=true&JigyosyoCd=4071203717-00&ServiceCd=430&Type=search", "url2": null }, "geometry": { "type": "Point", "coordinates": [ 130.2557536, 33.5789787 ] } },
{ "type": "Feature", "properties": { "内容": "グランユニライフケアプランセンター福岡周船寺【居宅介護支援】福岡市西区周船寺3丁目6番35号グランヴィル鳳凰館福岡周船寺", "url": "https://www.kaigokensaku.mhlw.go.jp/40/index.php?action_kouhyou_detail_004_kani=true&JigyosyoCd=4071203824-00&ServiceCd=430&Type=search", "url2": "https://grand-maison.jp/company.html" }, "geometry": { "type": "Point", "coordinates": [ 130.249093600000037, 33.574239400000032 ] } },
{ "type": "Feature", "properties": { "内容": "ケアサポート祐【居宅介護支援】福岡県福岡市西区橋本2丁目7番24号", "url": "https://www.kaigokensaku.mhlw.go.jp/40/index.php?action_kouhyou_detail_004_kani=true&JigyosyoCd=4071203840-00&ServiceCd=430&Type=search", "url2": null }, "geometry": { "type": "Point", "coordinates": [ 130.322521199999983, 33.5579412 ] } },
{ "type": "Feature", "properties": { "内容": "ｹｱﾌﾟﾗﾝｾﾝﾀｰ　ｲﾙｶ【居宅介護支援】福岡県福岡市西区上山門1丁目2番41号", "url": "https://www.kaigokensaku.mhlw.go.jp/40/index.php?action_kouhyou_detail_004_kani=true&JigyosyoCd=4071203915-00&ServiceCd=430&Type=search", "url2": "http://care-net.biz/40/iruka/" }, "geometry": { "type": "Point", "coordinates": [ 130.3081823, 33.5760357 ] } },
{ "type": "Feature", "properties": { "内容": "ケアプランセンターいなほ【居宅介護支援】福岡市西区室見が丘1丁目4番3号", "url": "https://www.kaigokensaku.mhlw.go.jp/40/index.php?action_kouhyou_detail_004_kani=true&JigyosyoCd=4071203931-00&ServiceCd=430&Type=search", "url2": null }, "geometry": { "type": "Point", "coordinates": [ 130.316729099999947, 33.5207942 ] } },
{ "type": "Feature", "properties": { "内容": "有限会社介護サービスいちばん【居宅介護支援】福岡県福岡市西区福重4丁目14-22ネオハイツ新室見1F", "url": "https://www.kaigokensaku.mhlw.go.jp/40/index.php?action_kouhyou_detail_004_kani=true&JigyosyoCd=4071203980-00&ServiceCd=430&Type=search", "url2": null }, "geometry": { "type": "Point", "coordinates": [ 130.3249822, 33.571425 ] } },
{ "type": "Feature", "properties": { "内容": "サザンケアプランセンター【居宅介護支援】橋本1丁目34番40号", "url": "https://www.kaigokensaku.mhlw.go.jp/40/index.php?action_kouhyou_detail_004_kani=true&JigyosyoCd=4071204012-00&ServiceCd=430&Type=search", "url2": "https://www.sazan-group.jp" }, "geometry": { "type": "Point", "coordinates": [ 130.325251400000013, 33.5627039 ] } },
{ "type": "Feature", "properties": { "内容": "リハモール福岡ケアプランセンター【居宅介護支援】福岡市西区野方７丁目７８０番１リハモール福岡", "url": "https://www.kaigokensaku.mhlw.go.jp/40/index.php?action_kouhyou_detail_004_kani=true&JigyosyoCd=4071204095-00&ServiceCd=430&Type=search", "url2": "https://reha-mall.jp/" }, "geometry": { "type": "Point", "coordinates": [ 130.3039377, 33.5577356 ] } },
{ "type": "Feature", "properties": { "内容": "ケアプランセンターゆずりは【居宅介護支援】福岡県福岡市西区下山門4丁目14-34ポラリス下山門Ⅲ105", "url": "https://www.kaigokensaku.mhlw.go.jp/40/index.php?action_kouhyou_detail_004_kani=true&JigyosyoCd=4071204137-00&ServiceCd=430&Type=search", "url2": null }, "geometry": { "type": "Point", "coordinates": [ 130.30935618798938, 33.577067252560752 ] } },
{ "type": "Feature", "properties": { "内容": "＆あ～ばんケアプランセンター【居宅介護支援】福岡県福岡市西区西都一丁目2番31号", "url": "https://www.kaigokensaku.mhlw.go.jp/40/index.php?action_kouhyou_detail_004_kani=true&JigyosyoCd=4071204285-00&ServiceCd=430&Type=search", "url2": "https://a-ban.com/" }, "geometry": { "type": "Point", "coordinates": [ 130.2621232, 33.5780988 ] } },
{ "type": "Feature", "properties": { "内容": "ツクイ福岡小戸【居宅介護支援】福岡市西区小戸4-28-7", "url": "https://www.kaigokensaku.mhlw.go.jp/40/index.php?action_kouhyou_detail_004_kani=true&JigyosyoCd=4071204293-00&ServiceCd=430&Type=search", "url2": null }, "geometry": { "type": "Point", "coordinates": [ 130.3146696, 33.5830654 ] } },
{ "type": "Feature", "properties": { "内容": "ケアプランサービス　シーサイド【居宅介護支援】福岡県福岡市西区今津3810番地", "url": "https://www.kaigokensaku.mhlw.go.jp/40/index.php?action_kouhyou_detail_004_kani=true&JigyosyoCd=4071200218-00&ServiceCd=430&Type=search", "url2": "https://www.seaside-hp.or.jp" }, "geometry": { "type": "Point", "coordinates": [ 130.229509199999939, 33.6117854 ] } },
{ "type": "Feature", "properties": { "内容": "愛信園ケアプランサービス【居宅介護支援】福岡県福岡市西区大字吉武297番地", "url": "https://www.kaigokensaku.mhlw.go.jp/40/index.php?action_kouhyou_detail_004_kani=true&JigyosyoCd=4071200739-00&ServiceCd=430&Type=search", "url2": "http://www.aishinen.jp/" }, "geometry": { "type": "Point", "coordinates": [ 130.312059500000032, 33.5355868 ] } },
{ "type": "Feature", "properties": { "内容": "ＳＯＭＰＯケア　姪浜　居宅介護支援【居宅介護支援】福岡県福岡市西区石丸３丁目３８－７そんぽの家Ｓ姪浜", "url": "https://www.kaigokensaku.mhlw.go.jp/40/index.php?action_kouhyou_detail_004_kani=true&JigyosyoCd=4071202107-00&ServiceCd=430&Type=search", "url2": "https://www.sompocare.com/" }, "geometry": { "type": "Point", "coordinates": [ 130.311319599999933, 33.5756338 ] } },
{ "type": "Feature", "properties": { "内容": "ケアプランすくすく【居宅介護支援】福岡県福岡市西区今宿駅前1丁目19-28ライオンズマンション今宿608号", "url": "https://www.kaigokensaku.mhlw.go.jp/40/index.php?action_kouhyou_detail_004_kani=true&JigyosyoCd=4071204228-00&ServiceCd=430&Type=search", "url2": null }, "geometry": { "type": "Point", "coordinates": [ 130.2779645, 33.5796751 ] } },
{ "type": "Feature", "properties": { "内容": "サンライズ壱岐居宅介護支援事業所【居宅介護支援】福岡県福岡市西区野方1丁目16番26号", "url": "https://www.kaigokensaku.mhlw.go.jp/40/index.php?action_kouhyou_detail_004_kani=true&JigyosyoCd=4071204327-00&ServiceCd=430&Type=search", "url2": "https://sunrise-iki.jp/" }, "geometry": { "type": "Point", "coordinates": [ 130.3119853, 33.5575483 ] } },
{ "type": "Feature", "properties": { "内容": "ケアマネジメントオフィスみのり【居宅介護支援】福岡県福岡市西区今宿2丁目12番3-505号スリーアイランド今宿505号", "url": "https://www.kaigokensaku.mhlw.go.jp/40/index.php?action_kouhyou_detail_004_kani=true&JigyosyoCd=4071203881-00&ServiceCd=430&Type=search", "url2": null }, "geometry": { "type": "Point", "coordinates": [ 130.26642830000003, 33.5822521 ] } },
{ "type": "Feature", "properties": { "内容": "ケアプランサービスひまわり【居宅介護支援】福岡市西区姪の浜3丁目11番30", "url": "https://www.kaigokensaku.mhlw.go.jp/40/index.php?action_kouhyou_detail_004_kani=true&JigyosyoCd=4071202776-00&ServiceCd=430&Type=search", "url2": "https://www.yumenohama.jp" }, "geometry": { "type": "Point", "coordinates": [ 130.325538153372889, 33.588646800000248 ] } },
{ "type": "Feature", "properties": { "内容": "ケアプランセンターはな【居宅介護支援】福岡県福岡市西区今宿東2丁目2-10", "url": "https://www.kaigokensaku.mhlw.go.jp/40/index.php?action_kouhyou_detail_004_kani=true&JigyosyoCd=4071201869-00&ServiceCd=430&Type=search", "url2": "http://www.kanwa-care.jp" }, "geometry": { "type": "Point", "coordinates": [ 130.277832200000034, 33.579349300000011 ] } },
{ "type": "Feature", "properties": { "内容": "福岡市西区大字飯盛23-1【居宅介護支援】福岡県福岡市西区大字飯盛23-1", "url": "https://www.kaigokensaku.mhlw.go.jp/40/index.php?action_kouhyou_detail_004_kani=true&JigyosyoCd=4071204343-00&ServiceCd=430&Type=search", "url2": "info@kaeikai.jp" }, "geometry": { "type": "Point", "coordinates": [ 130.3101388, 33.5398191 ] } },
{ "type": "Feature", "properties": { "内容": "あおぞらの里　福岡西ケアプランセンター【居宅介護支援】福岡県福岡市西区野方一丁目１６番３８号", "url": "https://www.kaigokensaku.mhlw.go.jp/40/index.php?action_kouhyou_detail_004_kani=true&JigyosyoCd=4071200861-00&ServiceCd=430&Type=search", "url2": "https://cedar-group.co.jp/" }, "geometry": { "type": "Point", "coordinates": [ 130.311733528836044, 33.558428867100417 ] } },
{ "type": "Feature", "properties": { "内容": "ケアプランセンターまごころ【居宅介護支援】福岡県福岡市城南区飯倉1-6-25", "url": "https://www.kaigokensaku.mhlw.go.jp/40/index.php?action_kouhyou_detail_004_kani=true&JigyosyoCd=4071302311-00&ServiceCd=430&Type=search", "url2": null }, "geometry": { "type": "Point", "coordinates": [ 130.355686200000036, 33.5662008 ] } },
{ "type": "Feature", "properties": { "内容": "ケアプランセンター　ぽけっと【居宅介護支援】樋井川２丁目５番３３号", "url": "https://www.kaigokensaku.mhlw.go.jp/40/index.php?action_kouhyou_detail_004_kani=true&JigyosyoCd=4071301321-00&ServiceCd=430&Type=search", "url2": "careplanpocket@yahoo.co.jp" }, "geometry": { "type": "Point", "coordinates": [ 130.38489011593856, 33.551175237390105 ] } },
{ "type": "Feature", "properties": { "内容": "あすもケアプランセンター【居宅介護支援】福岡市城南区樋井川1丁目12番4号", "url": "https://www.kaigokensaku.mhlw.go.jp/40/index.php?action_kouhyou_detail_004_kani=true&JigyosyoCd=4071301537-00&ServiceCd=430&Type=search", "url2": null }, "geometry": { "type": "Point", "coordinates": [ 130.381679299999973, 33.5491564 ] } },
{ "type": "Feature", "properties": { "内容": "飛鳥ケアプランサービス【居宅介護支援】福岡県福岡市城南区鳥飼６丁目２番１６号", "url": "https://www.kaigokensaku.mhlw.go.jp/40/index.php?action_kouhyou_detail_004_kani=true&JigyosyoCd=4071302360-00&ServiceCd=430&Type=search", "url2": "http://www.torikai.org" }, "geometry": { "type": "Point", "coordinates": [ 130.368501499999979, 33.5756307 ] } },
{ "type": "Feature", "properties": { "内容": "ケアプランやまねこ【居宅介護支援】福岡県福岡市城南区長尾4丁目6-37-202アメックス長尾ヒルズ202号", "url": "https://www.kaigokensaku.mhlw.go.jp/40/index.php?action_kouhyou_detail_004_kani=true&JigyosyoCd=4071302212-00&ServiceCd=430&Type=search", "url2": null }, "geometry": { "type": "Point", "coordinates": [ 130.383892128442596, 33.553395140862712 ] } },
{ "type": "Feature", "properties": { "内容": "ケアプランセンター　うらら【居宅介護支援】福岡市城南区堤１丁目10-21iビル１階", "url": "https://www.kaigokensaku.mhlw.go.jp/40/index.php?action_kouhyou_detail_004_kani=true&JigyosyoCd=4071105011-00&ServiceCd=430&Type=search", "url2": null }, "geometry": { "type": "Point", "coordinates": [ 130.380700457680092, 33.548289035407606 ] } },
{ "type": "Feature", "properties": { "内容": "ケアプランセンター　しのこ【居宅介護支援】福岡県福岡市城南区樋井川３丁目２９－２６ラヴィタ城南C２０１", "url": "https://www.kaigokensaku.mhlw.go.jp/40/index.php?action_kouhyou_detail_004_kani=true&JigyosyoCd=4071301388-00&ServiceCd=430&Type=search", "url2": "http://asahi-net.or.jp/~uj5k-isbs/shinoko/index.html" }, "geometry": { "type": "Point", "coordinates": [ 130.387793386260995, 33.546360896301969 ] } },
{ "type": "Feature", "properties": { "内容": "居宅介護サービス　わかたけ【居宅介護支援】福岡県福岡市城南区田島５丁目３番２３号", "url": "https://www.kaigokensaku.mhlw.go.jp/40/index.php?action_kouhyou_detail_004_kani=true&JigyosyoCd=4071300745-00&ServiceCd=430&Type=search", "url2": null }, "geometry": { "type": "Point", "coordinates": [ 130.370079499999946, 33.5637098 ] } },
{ "type": "Feature", "properties": { "内容": "NewCareplanningoffice【居宅介護支援】福岡市城南区堤1丁目13－1ステラ堤310号", "url": "https://www.kaigokensaku.mhlw.go.jp/40/index.php?action_kouhyou_detail_004_kani=true&JigyosyoCd=4071302956-00&ServiceCd=430&Type=search", "url2": null }, "geometry": { "type": "Point", "coordinates": [ 130.3809132, 33.5462137 ] } },
{ "type": "Feature", "properties": { "内容": "医療法人　松寿会　松永病院【居宅介護支援】福岡市城南区片江1丁目4-37", "url": "https://www.kaigokensaku.mhlw.go.jp/40/index.php?action_kouhyou_detail_004_kani=true&JigyosyoCd=4011019066-00&ServiceCd=430&Type=search", "url2": null }, "geometry": { "type": "Point", "coordinates": [ 130.378557199999904, 33.5518893 ] } },
{ "type": "Feature", "properties": { "内容": "介護支援センターであい【居宅介護支援】福岡県福岡市城南区東油山6丁目5-33", "url": "https://www.kaigokensaku.mhlw.go.jp/40/index.php?action_kouhyou_detail_004_kani=true&JigyosyoCd=4071100913-00&ServiceCd=430&Type=search", "url2": "http://www.kaigodeai.com/" }, "geometry": { "type": "Point", "coordinates": [ 130.384946600000035, 33.5327443 ] } },
{ "type": "Feature", "properties": { "内容": "介護事業所　しおん【居宅介護支援】樋井川2-2-25", "url": "https://www.kaigokensaku.mhlw.go.jp/40/index.php?action_kouhyou_detail_004_kani=true&JigyosyoCd=4071302980-00&ServiceCd=430&Type=search", "url2": null }, "geometry": { "type": "Point", "coordinates": [ 130.384973300000013, 33.5526003 ] } },
{ "type": "Feature", "properties": { "内容": "煌惺ライフサポート【居宅介護支援】長尾３丁目１３番１６号サンコーポ２０３号", "url": "https://www.kaigokensaku.mhlw.go.jp/40/index.php?action_kouhyou_detail_004_kani=true&JigyosyoCd=4071302998-00&ServiceCd=430&Type=search", "url2": "https://sites.google.com/view/kouseilife" }, "geometry": { "type": "Point", "coordinates": [ 130.3865514, 33.5538353 ] } },
{ "type": "Feature", "properties": { "内容": "ケアプランセンター心音【居宅介護支援】福岡県福岡市城南区片江2丁目14番25号", "url": "https://www.kaigokensaku.mhlw.go.jp/40/index.php?action_kouhyou_detail_004_kani=true&JigyosyoCd=4071303004-00&ServiceCd=430&Type=search", "url2": null }, "geometry": { "type": "Point", "coordinates": [ 130.374123, 33.5467073 ] } },
{ "type": "Feature", "properties": { "内容": "ひのひかりケアプランセンター【居宅介護支援】福岡県福岡市城南区別府1丁目2-302", "url": "https://www.kaigokensaku.mhlw.go.jp/40/index.php?action_kouhyou_detail_004_kani=true&JigyosyoCd=4071303012-00&ServiceCd=430&Type=search", "url2": null }, "geometry": { "type": "Point", "coordinates": [ 130.3720047, 33.5736525 ] } },
{ "type": "Feature", "properties": { "内容": "ケアステーションにしこう　居宅支援センター城南【居宅介護支援】福岡県福岡市城南区神松寺3丁目12-24-2Ｆ", "url": "https://www.kaigokensaku.mhlw.go.jp/40/index.php?action_kouhyou_detail_004_kani=true&JigyosyoCd=4071102877-00&ServiceCd=430&Type=search", "url2": "http://nisiko.jp/care/" }, "geometry": { "type": "Point", "coordinates": [ 130.372112480412284, 33.552321640239185 ] } },
{ "type": "Feature", "properties": { "内容": "ケアプランセンター　ふらっと【居宅介護支援】松山２丁目１６－１７七隈ビル２０２号", "url": "https://www.kaigokensaku.mhlw.go.jp/40/index.php?action_kouhyou_detail_004_kani=true&JigyosyoCd=4071104428-00&ServiceCd=430&Type=search", "url2": null }, "geometry": { "type": "Point", "coordinates": [ 130.36165358171192, 33.555663832389683 ] } },
{ "type": "Feature", "properties": { "内容": "ケアセンターめおといわ【居宅介護支援】福岡市城南区松山２丁目８－２", "url": "https://www.kaigokensaku.mhlw.go.jp/40/index.php?action_kouhyou_detail_004_kani=true&JigyosyoCd=4071300026-00&ServiceCd=430&Type=search", "url2": "https://www.meotoiwa.com/zaitakubu/" }, "geometry": { "type": "Point", "coordinates": [ 130.364094199999954, 33.5564633 ] } },
{ "type": "Feature", "properties": { "内容": "油山緑寿園居宅介護支援事業所【居宅介護支援】福岡市城南区南片江4-14-1", "url": "https://www.kaigokensaku.mhlw.go.jp/40/index.php?action_kouhyou_detail_004_kani=true&JigyosyoCd=4071300034-00&ServiceCd=430&Type=search", "url2": "http://www.mycaregarden.jp/jyounan_fk/" }, "geometry": { "type": "Point", "coordinates": [ 130.3748554, 33.5359716 ] } },
{ "type": "Feature", "properties": { "内容": "とりかい訪問看護ケアプランサービス【居宅介護支援】福岡県福岡市城南区鳥飼6丁目7番14号", "url": "https://www.kaigokensaku.mhlw.go.jp/40/index.php?action_kouhyou_detail_004_kani=true&JigyosyoCd=4071300067-00&ServiceCd=430&Type=search", "url2": "https://www.kouikai.jp/torikaizaitaku/houmon-careplan/" }, "geometry": { "type": "Point", "coordinates": [ 130.368390399999953, 33.5762306 ] } },
{ "type": "Feature", "properties": { "内容": "トータルケアプラン21【居宅介護支援】福岡市城南区樋井川3-46-5", "url": "https://www.kaigokensaku.mhlw.go.jp/40/index.php?action_kouhyou_detail_004_kani=true&JigyosyoCd=4071300091-00&ServiceCd=430&Type=search", "url2": "http://www.nagao.or.jp" }, "geometry": { "type": "Point", "coordinates": [ 130.388373839950532, 33.543465061573919 ] } },
{ "type": "Feature", "properties": { "内容": "居宅介護支援センター「いこいの森」【居宅介護支援】福岡市城南区東油山６丁目１９番２３号", "url": "https://www.kaigokensaku.mhlw.go.jp/40/index.php?action_kouhyou_detail_004_kani=true&JigyosyoCd=4071300158-00&ServiceCd=430&Type=search", "url2": "http://www.ikoinomori-8717.or.jp" }, "geometry": { "type": "Point", "coordinates": [ 130.382471900000041, 33.5278501 ] } },
{ "type": "Feature", "properties": { "内容": "白熊園ケアプランサービス【居宅介護支援】福岡県福岡市城南区別府７丁目5番４５号", "url": "https://www.kaigokensaku.mhlw.go.jp/40/index.php?action_kouhyou_detail_004_kani=true&JigyosyoCd=4071300851-00&ServiceCd=430&Type=search", "url2": "http://hakuyuu.or.jp/" }, "geometry": { "type": "Point", "coordinates": [ 130.368240600000036, 33.5692147 ] } },
{ "type": "Feature", "properties": { "内容": "社会福祉法人　ふくおか福祉サービス協会　ふくふく西ケアプランセンター【居宅介護支援】福岡県福岡市城南区別府三丁目６番１４号セレス別府　１階", "url": "https://www.kaigokensaku.mhlw.go.jp/40/index.php?action_kouhyou_detail_004_kani=true&JigyosyoCd=4071300992-00&ServiceCd=430&Type=search", "url2": "http://www.fukuwel.or.jp" }, "geometry": { "type": "Point", "coordinates": [ 130.368332410095235, 33.574062479939698 ] } },
{ "type": "Feature", "properties": { "内容": "ケアワーク九州　ケアプランサービス【居宅介護支援】福岡市城南区長尾４丁目５－５", "url": "https://www.kaigokensaku.mhlw.go.jp/40/index.php?action_kouhyou_detail_004_kani=true&JigyosyoCd=4071301016-00&ServiceCd=430&Type=search", "url2": "www.care-work.com" }, "geometry": { "type": "Point", "coordinates": [ 130.384953900000028, 33.5532365 ] } },
{ "type": "Feature", "properties": { "内容": "福岡ケアプランセンター椿【居宅介護支援】福岡県福岡市城南区大字東油山４９９番地１６", "url": "https://www.kaigokensaku.mhlw.go.jp/40/index.php?action_kouhyou_detail_004_kani=true&JigyosyoCd=4071301024-00&ServiceCd=430&Type=search", "url2": "http://www.fukusikai.or.jp" }, "geometry": { "type": "Point", "coordinates": [ 130.376093672778012, 33.528398068603984 ] } },
{ "type": "Feature", "properties": { "内容": "ケアプランセンターゆとり【居宅介護支援】福岡県福岡市城南区南片江2丁目20番16号", "url": "https://www.kaigokensaku.mhlw.go.jp/40/index.php?action_kouhyou_detail_004_kani=true&JigyosyoCd=4071301123-00&ServiceCd=430&Type=search", "url2": null }, "geometry": { "type": "Point", "coordinates": [ 130.372721899999988, 33.543279 ] } },
{ "type": "Feature", "properties": { "内容": "合同会社　堤ケアプランサービス【居宅介護支援】福岡市城南区堤1丁目32-9-102パオ堤Ⅱ　102", "url": "https://www.kaigokensaku.mhlw.go.jp/40/index.php?action_kouhyou_detail_004_kani=true&JigyosyoCd=4071301172-00&ServiceCd=430&Type=search", "url2": null }, "geometry": { "type": "Point", "coordinates": [ 130.380413099999942, 33.5431182 ] } },
{ "type": "Feature", "properties": { "内容": "サクラランケアプランセンター【居宅介護支援】福岡市城南区別府団地10番1-608ｻﾝｸﾞﾚｰﾄ別府の杜ｱﾙｶﾝﾌｫｰﾙ", "url": "https://www.kaigokensaku.mhlw.go.jp/40/index.php?action_kouhyou_detail_004_kani=true&JigyosyoCd=4071301370-00&ServiceCd=430&Type=search", "url2": null }, "geometry": { "type": "Point", "coordinates": [ 130.37412889999996, 33.5730367 ] } },
{ "type": "Feature", "properties": { "内容": "ｹｱﾌﾟﾗﾝｾﾝﾀｰ　みどり【居宅介護支援】福岡市城南区梅林5-21-12有料老人ホームレークサイドⅡ　1階", "url": "https://www.kaigokensaku.mhlw.go.jp/40/index.php?action_kouhyou_detail_004_kani=true&JigyosyoCd=4071301743-00&ServiceCd=430&Type=search", "url2": "http://fukuoka-haraclinic.jp" }, "geometry": { "type": "Point", "coordinates": [ 130.351813242852813, 33.544582615975891 ] } },
{ "type": "Feature", "properties": { "内容": "進藤整形外科ケアプランセンター【居宅介護支援】福岡市城南区片江5丁目14-15住宅型有料老人ホームグランジュテなの花参番館１階", "url": "https://www.kaigokensaku.mhlw.go.jp/40/index.php?action_kouhyou_detail_004_kani=true&JigyosyoCd=4071301800-00&ServiceCd=430&Type=search", "url2": null }, "geometry": { "type": "Point", "coordinates": [ 130.36710338204864, 33.563655049490194 ] } },
{ "type": "Feature", "properties": { "内容": "ありえすケアプランサービス【居宅介護支援】福岡県福岡市城南区七隈１丁目9-11", "url": "https://www.kaigokensaku.mhlw.go.jp/40/index.php?action_kouhyou_detail_004_kani=true&JigyosyoCd=4071302055-00&ServiceCd=430&Type=search", "url2": null }, "geometry": { "type": "Point", "coordinates": [ 130.359199799999942, 33.5665619 ] } },
{ "type": "Feature", "properties": { "内容": "ケアプランセンター梅林【居宅介護支援】福岡県福岡市城南区梅林４丁目６番１４号グランドハウス梅林", "url": "https://www.kaigokensaku.mhlw.go.jp/40/index.php?action_kouhyou_detail_004_kani=true&JigyosyoCd=4071302162-00&ServiceCd=430&Type=search", "url2": null }, "geometry": { "type": "Point", "coordinates": [ 130.355029779098487, 33.544228178012183 ] } },
{ "type": "Feature", "properties": { "内容": "ケアプランサービス　道しるべ【居宅介護支援】福岡県福岡市城南区七隈８丁目２－１ルエメゾンロワール・ユニバシティ１２２", "url": "https://www.kaigokensaku.mhlw.go.jp/40/index.php?action_kouhyou_detail_004_kani=true&JigyosyoCd=4071302196-00&ServiceCd=430&Type=search", "url2": null }, "geometry": { "type": "Point", "coordinates": [ 130.366583493103377, 33.551414553876974 ] } },
{ "type": "Feature", "properties": { "内容": "ケアプランセンター　らるご【居宅介護支援】七隈４丁目１３－２８パークハイツ七隈１０５", "url": "https://www.kaigokensaku.mhlw.go.jp/40/index.php?action_kouhyou_detail_004_kani=true&JigyosyoCd=4071302329-00&ServiceCd=430&Type=search", "url2": null }, "geometry": { "type": "Point", "coordinates": [ 130.359991300000047, 33.5533949 ] } },
{ "type": "Feature", "properties": { "内容": "サンカルナ福岡城南ケアプランセンター【居宅介護支援】茶山一丁目6-1", "url": "https://www.kaigokensaku.mhlw.go.jp/40/index.php?action_kouhyou_detail_004_kani=true&JigyosyoCd=4071302501-00&ServiceCd=430&Type=search", "url2": "http://nishitetsu-carnas.com/befu/" }, "geometry": { "type": "Point", "coordinates": [ 130.364148822097178, 33.565303438323312 ] } },
{ "type": "Feature", "properties": { "内容": "ｴﾀｰﾅﾙﾗｲﾌケアプランサービス【居宅介護支援】南片江3-13-38ドミール片江　205号", "url": "https://www.kaigokensaku.mhlw.go.jp/40/index.php?action_kouhyou_detail_004_kani=true&JigyosyoCd=4071302535-00&ServiceCd=430&Type=search", "url2": null }, "geometry": { "type": "Point", "coordinates": [ 130.373704299999986, 33.5404234 ] } },
{ "type": "Feature", "properties": { "内容": "ウエストライフ　ケアプランセンター【居宅介護支援】福岡県福岡市城南区南片江6丁目12番1号", "url": "https://www.kaigokensaku.mhlw.go.jp/40/index.php?action_kouhyou_detail_004_kani=true&JigyosyoCd=4071302618-00&ServiceCd=430&Type=search", "url2": "https://www.saibugasls.co.jp/w_minamikatae/" }, "geometry": { "type": "Point", "coordinates": [ 130.3706985, 33.5439136 ] } },
{ "type": "Feature", "properties": { "内容": "ケアプランセンターなごみ【居宅介護支援】福岡県福岡市城南区片江３丁目25-36-103オートアール城南１０３号", "url": "https://www.kaigokensaku.mhlw.go.jp/40/index.php?action_kouhyou_detail_004_kani=true&JigyosyoCd=4071302790-00&ServiceCd=430&Type=search", "url2": null }, "geometry": { "type": "Point", "coordinates": [ 130.3749728, 33.5494337 ] } },
{ "type": "Feature", "properties": { "内容": "ケアプランセンター茶山【居宅介護支援】福岡県福岡市城南区茶山3-9-1", "url": "https://www.kaigokensaku.mhlw.go.jp/40/index.php?action_kouhyou_detail_004_kani=true&JigyosyoCd=4071302816-00&ServiceCd=430&Type=search", "url2": "chayama.fukusiminsei.or.jp" }, "geometry": { "type": "Point", "coordinates": [ 130.36521110000001, 33.560904 ] } },
{ "type": "Feature", "properties": { "内容": "ケア２１ななくま【居宅介護支援】福岡県福岡市城南区七隈四丁目１３番２２号アイロード七隈1階", "url": "https://www.kaigokensaku.mhlw.go.jp/40/index.php?action_kouhyou_detail_004_kani=true&JigyosyoCd=4071302832-00&ServiceCd=430&Type=search", "url2": null }, "geometry": { "type": "Point", "coordinates": [ 130.3599515, 33.5528243 ] } },
{ "type": "Feature", "properties": { "内容": "紫ケアプランセンター【居宅介護支援】樋井川３丁目２９―２７ラヴィタ城南B棟１０１", "url": "https://www.kaigokensaku.mhlw.go.jp/40/index.php?action_kouhyou_detail_004_kani=true&JigyosyoCd=4071302857-00&ServiceCd=430&Type=search", "url2": null }, "geometry": { "type": "Point", "coordinates": [ 130.3877923, 33.5465663 ] } },
{ "type": "Feature", "properties": { "内容": "ことりすずケアプランサービス【居宅介護支援】福岡県福岡市城南区七隈７丁目３８－１５レジデンス和光116", "url": "https://www.kaigokensaku.mhlw.go.jp/40/index.php?action_kouhyou_detail_004_kani=true&JigyosyoCd=4071302865-00&ServiceCd=430&Type=search", "url2": "https://sites.google.com/view/kotorisuzu" }, "geometry": { "type": "Point", "coordinates": [ 130.3607086, 33.5499269 ] } },
{ "type": "Feature", "properties": { "内容": "医療法人社団江頭会　さくら病院　ケアプランセンターさくら【居宅介護支援】福岡市城南区南片江6丁目2-32", "url": "https://www.kaigokensaku.mhlw.go.jp/40/index.php?action_kouhyou_detail_004_kani=true&JigyosyoCd=4071300166-00&ServiceCd=430&Type=search", "url2": "http://www/sakurahp.or.jp" }, "geometry": { "type": "Point", "coordinates": [ 130.369670107270821, 33.545764046135744 ] } },
{ "type": "Feature", "properties": { "内容": "ケアプランセンターうさぎ【居宅介護支援】福岡市城南区堤2－3－35ヴェルデ城南３０７号室", "url": "https://www.kaigokensaku.mhlw.go.jp/40/index.php?action_kouhyou_detail_004_kani=true&JigyosyoCd=4071300976-00&ServiceCd=430&Type=search", "url2": null }, "geometry": { "type": "Point", "coordinates": [ 130.383069961080423, 33.542493375299408 ] } },
{ "type": "Feature", "properties": { "内容": "ユアホーム居宅介護支援事業所【居宅介護支援】鳥飼5-13-11モントーレ城南1階", "url": "https://www.kaigokensaku.mhlw.go.jp/40/index.php?action_kouhyou_detail_004_kani=true&JigyosyoCd=4071301966-00&ServiceCd=430&Type=search", "url2": null }, "geometry": { "type": "Point", "coordinates": [ 130.373242800000071, 33.5761919 ] } },
{ "type": "Feature", "properties": { "内容": "ひまわり介護支援サービス【居宅介護支援】福岡県福岡市城南区干隈2丁目50番5アムール飯倉南　402号", "url": "https://www.kaigokensaku.mhlw.go.jp/40/index.php?action_kouhyou_detail_004_kani=true&JigyosyoCd=4071403481-00&ServiceCd=430&Type=search", "url2": null }, "geometry": { "type": "Point", "coordinates": [ 130.350015800000023, 33.551900400000022 ] } },
{ "type": "Feature", "properties": { "内容": "よかとっこ応援隊SP【居宅介護支援】片江1丁目5-16コーキーハウス", "url": "https://www.kaigokensaku.mhlw.go.jp/40/index.php?action_kouhyou_detail_004_kani=true&JigyosyoCd=4071302626-00&ServiceCd=430&Type=search", "url2": null }, "geometry": { "type": "Point", "coordinates": [ 130.378956499999987, 33.5507671 ] } },
{ "type": "Feature", "properties": { "内容": "医療法人あんのうらクリニック【居宅介護支援】福岡県福岡市早良区原５丁目22の13", "url": "https://www.kaigokensaku.mhlw.go.jp/40/index.php?action_kouhyou_detail_004_kani=true&JigyosyoCd=4071401006-00&ServiceCd=430&Type=search", "url2": "http://www.annoura-clinic.com/" }, "geometry": { "type": "Point", "coordinates": [ 130.34112319999997, 33.5668955 ] } },
{ "type": "Feature", "properties": { "内容": "西新ケアプランセンター【居宅介護支援】福岡県福岡市早良区高取1-5-6レジデンス西新セスト1Ｆ", "url": "https://www.kaigokensaku.mhlw.go.jp/40/index.php?action_kouhyou_detail_004_kani=true&JigyosyoCd=4071403325-00&ServiceCd=430&Type=search", "url2": null }, "geometry": { "type": "Point", "coordinates": [ 130.354116500000032, 33.5806966 ] } },
{ "type": "Feature", "properties": { "内容": "グリーンコープケアプランセンター早良【居宅介護支援】次郎丸６丁目１１－３０", "url": "https://www.kaigokensaku.mhlw.go.jp/40/index.php?action_kouhyou_detail_004_kani=true&JigyosyoCd=4071404224-00&ServiceCd=430&Type=search", "url2": "http://www.fukushi-greencoop.jp" }, "geometry": { "type": "Point", "coordinates": [ 130.3365602, 33.5476917 ] } },
{ "type": "Feature", "properties": { "内容": "アクティアスケアプラン【居宅介護支援】福岡県福岡市早良区有田5丁目8-15", "url": "https://www.kaigokensaku.mhlw.go.jp/40/index.php?action_kouhyou_detail_004_kani=true&JigyosyoCd=4071404307-00&ServiceCd=430&Type=search", "url2": null }, "geometry": { "type": "Point", "coordinates": [ 130.334844764208697, 33.55737804338316 ] } },
{ "type": "Feature", "properties": { "内容": "株式会社　紺然想　ケアコミュニティ賀茂【居宅介護支援】福岡県福岡市早良区賀茂1丁目２５－５ブラン・コート賀茂D101号", "url": "https://www.kaigokensaku.mhlw.go.jp/40/index.php?action_kouhyou_detail_004_kani=true&JigyosyoCd=4071404638-00&ServiceCd=430&Type=search", "url2": null }, "geometry": { "type": "Point", "coordinates": [ 130.341287599999987, 33.5541614 ] } },
{ "type": "Feature", "properties": { "内容": "ひろき苑ケアプランセンター福岡【居宅介護支援】福岡県福岡市早良区田村５丁目３番２２", "url": "https://www.kaigokensaku.mhlw.go.jp/40/index.php?action_kouhyou_detail_004_kani=true&JigyosyoCd=4071404943-00&ServiceCd=430&Type=search", "url2": null }, "geometry": { "type": "Point", "coordinates": [ 130.333266400000014, 33.537059731459742 ] } },
{ "type": "Feature", "properties": { "内容": "白石整形外科医院ケアプランセンター【居宅介護支援】福岡市早良区田村４丁目28-28", "url": "https://www.kaigokensaku.mhlw.go.jp/40/index.php?action_kouhyou_detail_004_kani=true&JigyosyoCd=4071402178-00&ServiceCd=430&Type=search", "url2": "http://www.shiraishi-seikei.jp" }, "geometry": { "type": "Point", "coordinates": [ 130.335338200000024, 33.5426393 ] } },
{ "type": "Feature", "properties": { "内容": "ケアプランたんぽぽ【居宅介護支援】福岡市早良区田村7丁目24-86-101", "url": "https://www.kaigokensaku.mhlw.go.jp/40/index.php?action_kouhyou_detail_004_kani=true&JigyosyoCd=4071402418-00&ServiceCd=430&Type=search", "url2": "https://www.tanpoponoie.com" }, "geometry": { "type": "Point", "coordinates": [ 130.324391800000058, 33.5367089 ] } },
{ "type": "Feature", "properties": { "内容": "早良南ケアプランサービス【居宅介護支援】福岡県福岡市早良区四箇６丁目１４－５", "url": "https://www.kaigokensaku.mhlw.go.jp/40/index.php?action_kouhyou_detail_004_kani=true&JigyosyoCd=4071400164-00&ServiceCd=430&Type=search", "url2": null }, "geometry": { "type": "Point", "coordinates": [ 130.330944300000056, 33.5316929 ] } },
{ "type": "Feature", "properties": { "内容": "ケアプランセンターひだまり【居宅介護支援】福岡市早良区次郎丸4丁目14-64ハーベスト次郎丸102号", "url": "https://www.kaigokensaku.mhlw.go.jp/40/index.php?action_kouhyou_detail_004_kani=true&JigyosyoCd=4071405304-00&ServiceCd=430&Type=search", "url2": null }, "geometry": { "type": "Point", "coordinates": [ 130.3300171, 33.5472415 ] } },
{ "type": "Feature", "properties": { "内容": "ケアプランセンターサクラ田隈【居宅介護支援】福岡市早良区田隈2-22-18", "url": "https://www.kaigokensaku.mhlw.go.jp/40/index.php?action_kouhyou_detail_004_kani=true&JigyosyoCd=4071405296-00&ServiceCd=430&Type=search", "url2": null }, "geometry": { "type": "Point", "coordinates": [ 130.3364791, 33.545886 ] } },
{ "type": "Feature", "properties": { "内容": "ケアプランセンター双葉【居宅介護支援】福岡県福岡市早良区田村2丁目12-43-1-102号", "url": "https://www.kaigokensaku.mhlw.go.jp/40/index.php?action_kouhyou_detail_004_kani=true&JigyosyoCd=4071405320-00&ServiceCd=430&Type=search", "url2": null }, "geometry": { "type": "Point", "coordinates": [ 130.3308843, 33.5447678 ] } },
{ "type": "Feature", "properties": { "内容": "ケアプランセンターそえる【居宅介護支援】福岡県福岡市次郎丸6-13-10-101", "url": "https://www.kaigokensaku.mhlw.go.jp/40/index.php?action_kouhyou_detail_004_kani=true&JigyosyoCd=4071405015-00&ServiceCd=430&Type=search", "url2": null }, "geometry": { "type": "Point", "coordinates": [ 130.334374438174763, 33.547641812997931 ] } },
{ "type": "Feature", "properties": { "内容": "ライズケアプランサービス福岡【居宅介護支援】福岡県福岡市早良区原5丁目2番2号-302ライフピア原", "url": "https://www.kaigokensaku.mhlw.go.jp/40/index.php?action_kouhyou_detail_004_kani=true&JigyosyoCd=4071405312-00&ServiceCd=430&Type=search", "url2": null }, "geometry": { "type": "Point", "coordinates": [ 130.3419935, 33.5661872 ] } },
{ "type": "Feature", "properties": { "内容": "医療法人八田内科医院【居宅介護支援】福岡県福岡市早良区小田部4丁目7-13", "url": "https://www.kaigokensaku.mhlw.go.jp/40/index.php?action_kouhyou_detail_004_kani=true&JigyosyoCd=4011118611-00&ServiceCd=430&Type=search", "url2": "http://www.hattanaika.or.jp/" }, "geometry": { "type": "Point", "coordinates": [ 130.3277204, 33.566676 ] } },
{ "type": "Feature", "properties": { "内容": "ケアプランセンター優和【居宅介護支援】有田４丁目３０番１７号史翠館１０１", "url": "https://www.kaigokensaku.mhlw.go.jp/40/index.php?action_kouhyou_detail_004_kani=true&JigyosyoCd=4070904349-00&ServiceCd=430&Type=search", "url2": null }, "geometry": { "type": "Point", "coordinates": [ 130.337891441087578, 33.557106194292643 ] } },
{ "type": "Feature", "properties": { "内容": "居宅介護支援事業所くによし福岡【居宅介護支援】西新2-15-13ゼフィーロ西新201", "url": "https://www.kaigokensaku.mhlw.go.jp/40/index.php?action_kouhyou_detail_004_kani=true&JigyosyoCd=4071003299-00&ServiceCd=430&Type=search", "url2": "https://ce-kuniyoshi.com/" }, "geometry": { "type": "Point", "coordinates": [ 130.3604297, 33.5873969 ] } },
{ "type": "Feature", "properties": { "内容": "ケアプランセンターそら【居宅介護支援】福岡県福岡市早良区田村1-3-5コーポ曽根田107号", "url": "https://www.kaigokensaku.mhlw.go.jp/40/index.php?action_kouhyou_detail_004_kani=true&JigyosyoCd=4071405338-00&ServiceCd=430&Type=search", "url2": "https://iris-group.org/cp-sora.html" }, "geometry": { "type": "Point", "coordinates": [ 130.327924200000012, 33.5460217 ] } },
{ "type": "Feature", "properties": { "内容": "居宅介護支援事業所　ハレ【居宅介護支援】福岡市早良区西新3-11-18-203", "url": "https://www.kaigokensaku.mhlw.go.jp/40/index.php?action_kouhyou_detail_004_kani=true&JigyosyoCd=4071405361-00&ServiceCd=430&Type=search", "url2": "https://www.hosp-yoshimura.com/hale/" }, "geometry": { "type": "Point", "coordinates": [ 130.3574832, 33.5844652 ] } },
{ "type": "Feature", "properties": { "内容": "ケアプランセンター　ホームサポート【居宅介護支援】福岡県福岡市早良区有田1‐28‐21", "url": "https://www.kaigokensaku.mhlw.go.jp/40/index.php?action_kouhyou_detail_004_kani=true&JigyosyoCd=4071200465-00&ServiceCd=430&Type=search", "url2": "http://hm-support.co.jp" }, "geometry": { "type": "Point", "coordinates": [ 130.334257310884169, 33.565528401827315 ] } },
{ "type": "Feature", "properties": { "内容": "エフコープ介護サービス福岡西【居宅介護支援】次郎丸４丁目10-49", "url": "https://www.kaigokensaku.mhlw.go.jp/40/index.php?action_kouhyou_detail_004_kani=true&JigyosyoCd=4071200960-00&ServiceCd=430&Type=search", "url2": "http://www.fcoop.or.jp/" }, "geometry": { "type": "Point", "coordinates": [ 130.327471333265777, 33.547411372413514 ] } },
{ "type": "Feature", "properties": { "内容": "ニチイケアセンター姪浜【居宅介護支援】福岡県福岡市早良区室見1丁目22番15号コメジビル1階1号室", "url": "https://www.kaigokensaku.mhlw.go.jp/40/index.php?action_kouhyou_detail_004_kani=true&JigyosyoCd=4071204079-00&ServiceCd=430&Type=search", "url2": "http：//www.nichii-kaigo.jp/base/base-result05K06" }, "geometry": { "type": "Point", "coordinates": [ 130.339602899999988, 33.581347700000016 ] } },
{ "type": "Feature", "properties": { "内容": "ケアプランセンターつなぐ【居宅介護支援】福岡市早良区飯倉6丁目25番12号大産飯倉ビル603号", "url": "https://www.kaigokensaku.mhlw.go.jp/40/index.php?action_kouhyou_detail_004_kani=true&JigyosyoCd=4071204244-00&ServiceCd=430&Type=search", "url2": null }, "geometry": { "type": "Point", "coordinates": [ 130.3519603, 33.557583 ] } },
{ "type": "Feature", "properties": { "内容": "ケアプランセンターウェルネス【居宅介護支援】福岡県福岡市早良区早良2-22-37ルシオラージュ早良101号", "url": "https://www.kaigokensaku.mhlw.go.jp/40/index.php?action_kouhyou_detail_004_kani=true&JigyosyoCd=4071301065-00&ServiceCd=430&Type=search", "url2": null }, "geometry": { "type": "Point", "coordinates": [ 130.334912232906845, 33.503097428109541 ] } },
{ "type": "Feature", "properties": { "内容": "石西整形外科医院ケアプランサービス【居宅介護支援】福岡県福岡市早良区田村5-2-1", "url": "https://www.kaigokensaku.mhlw.go.jp/40/index.php?action_kouhyou_detail_004_kani=true&JigyosyoCd=4071400032-00&ServiceCd=430&Type=search", "url2": null }, "geometry": { "type": "Point", "coordinates": [ 130.33239679999997, 33.5376535 ] } },
{ "type": "Feature", "properties": { "内容": "社会福祉法人敬養会　香楠荘【居宅介護支援】福岡県福岡市早良区東入部2丁目16番17号", "url": "https://www.kaigokensaku.mhlw.go.jp/40/index.php?action_kouhyou_detail_004_kani=true&JigyosyoCd=4071400073-00&ServiceCd=430&Type=search", "url2": "http://www.kounansou.jp" }, "geometry": { "type": "Point", "coordinates": [ 130.33609720000004, 33.5172527 ] } },
{ "type": "Feature", "properties": { "内容": "福西会ケアプランセンター【居宅介護支援】福岡県福岡市早良区野芥1丁目2-36", "url": "https://www.kaigokensaku.mhlw.go.jp/40/index.php?action_kouhyou_detail_004_kani=true&JigyosyoCd=4071400115-00&ServiceCd=430&Type=search", "url2": "http://www.fukuseikai-group.com/careplan/" }, "geometry": { "type": "Point", "coordinates": [ 130.347914465745589, 33.548291674995312 ] } },
{ "type": "Feature", "properties": { "内容": "誠和会すこやか介護支援センター【居宅介護支援】福岡市早良区干隈3丁目11番14号ホワイトアベニュー飯倉南102", "url": "https://www.kaigokensaku.mhlw.go.jp/40/index.php?action_kouhyou_detail_004_kani=true&JigyosyoCd=4071400131-00&ServiceCd=430&Type=search", "url2": "http://www.seiwakai-muta-hp.or.jp" }, "geometry": { "type": "Point", "coordinates": [ 130.349342803704843, 33.552619957728091 ] } },
{ "type": "Feature", "properties": { "内容": "せふり介護支援事業所【居宅介護支援】福岡県福岡市早良区東入部6丁目15番9号広橋クリニック2階", "url": "https://www.kaigokensaku.mhlw.go.jp/40/index.php?action_kouhyou_detail_004_kani=true&JigyosyoCd=4071400149-00&ServiceCd=430&Type=search", "url2": "https://www.rakutendo-g.com" }, "geometry": { "type": "Point", "coordinates": [ 130.335574899999983, 33.5204635 ] } },
{ "type": "Feature", "properties": { "内容": "福岡市医師会ケアプランセンター西部【居宅介護支援】福岡県福岡市早良区南庄２丁目１２番６号", "url": "https://www.kaigokensaku.mhlw.go.jp/40/index.php?action_kouhyou_detail_004_kani=true&JigyosyoCd=4071400156-00&ServiceCd=430&Type=search", "url2": "http://www.city.fukuoka.med.or.jp" }, "geometry": { "type": "Point", "coordinates": [ 130.3381058, 33.575117 ] } },
{ "type": "Feature", "properties": { "内容": "医療法人泯江堂　居宅介護支援事業所　ケアセンター　のぞみ【居宅介護支援】福岡市早良区野芥5-6-38", "url": "https://www.kaigokensaku.mhlw.go.jp/40/index.php?action_kouhyou_detail_004_kani=true&JigyosyoCd=4071400172-00&ServiceCd=430&Type=search", "url2": "www.minkodo.com" }, "geometry": { "type": "Point", "coordinates": [ 130.348298600000021, 33.5391927 ] } },
{ "type": "Feature", "properties": { "内容": "恵風苑ケアプランサービス【居宅介護支援】福岡市早良区内野7丁目25-10", "url": "https://www.kaigokensaku.mhlw.go.jp/40/index.php?action_kouhyou_detail_004_kani=true&JigyosyoCd=4071400198-00&ServiceCd=430&Type=search", "url2": "http://www.keifuuen.jp/" }, "geometry": { "type": "Point", "coordinates": [ 130.343738732540913, 33.493765806472922 ] } },
{ "type": "Feature", "properties": { "内容": "ケアプラン信愛【居宅介護支援】百道1-1-4", "url": "https://www.kaigokensaku.mhlw.go.jp/40/index.php?action_kouhyou_detail_004_kani=true&JigyosyoCd=4071400404-00&ServiceCd=430&Type=search", "url2": null }, "geometry": { "type": "Point", "coordinates": [ 130.3458631, 33.5844754 ] } },
{ "type": "Feature", "properties": { "内容": "つくしんぼのケアプラン【居宅介護支援】福岡県福岡市早良区原5-22-30", "url": "https://www.kaigokensaku.mhlw.go.jp/40/index.php?action_kouhyou_detail_004_kani=true&JigyosyoCd=4071400529-00&ServiceCd=430&Type=search", "url2": "http://www.kaigoservice.jp" }, "geometry": { "type": "Point", "coordinates": [ 130.341638206501699, 33.566834863025193 ] } },
{ "type": "Feature", "properties": { "内容": "スターフィールドケアプランセンター【居宅介護支援】福岡県福岡市早良区原４丁目２１番８号", "url": "https://www.kaigokensaku.mhlw.go.jp/40/index.php?action_kouhyou_detail_004_kani=true&JigyosyoCd=4071400701-00&ServiceCd=430&Type=search", "url2": "https://sf-kaigo.com/" }, "geometry": { "type": "Point", "coordinates": [ 130.338839409539787, 33.568245317559793 ] } },
{ "type": "Feature", "properties": { "内容": "居宅介護支援センター　サンシャインシティ【居宅介護支援】福岡県福岡市早良区田村2丁目15番1号", "url": "https://www.kaigokensaku.mhlw.go.jp/40/index.php?action_kouhyou_detail_004_kani=true&JigyosyoCd=4071400834-00&ServiceCd=430&Type=search", "url2": "http://s.fdcnet.ac.jp" }, "geometry": { "type": "Point", "coordinates": [ 130.332305, 33.5442669 ] } },
{ "type": "Feature", "properties": { "内容": "在宅ケアふくおか【居宅介護支援】福岡市早良区西新5-14-44-2.3F中西原田ビル2.3F", "url": "https://www.kaigokensaku.mhlw.go.jp/40/index.php?action_kouhyou_detail_004_kani=true&JigyosyoCd=4071400883-00&ServiceCd=430&Type=search", "url2": "https://www.yamaguchinaikaclinic.net/home-care" }, "geometry": { "type": "Point", "coordinates": [ 130.354671547290764, 33.581722788108031 ] } },
{ "type": "Feature", "properties": { "内容": "ツーハーツケアプランサービス【居宅介護支援】福岡市早良区次郎丸5丁目18-30", "url": "https://www.kaigokensaku.mhlw.go.jp/40/index.php?action_kouhyou_detail_004_kani=true&JigyosyoCd=4071400974-00&ServiceCd=430&Type=search", "url2": "http://www.kousei-kai.org/twohearts/" }, "geometry": { "type": "Point", "coordinates": [ 130.331415628836083, 33.546867698738019 ] } },
{ "type": "Feature", "properties": { "内容": "ケアプランおあしすありた【居宅介護支援】福岡県福岡市早良区有田６丁目２－５", "url": "https://www.kaigokensaku.mhlw.go.jp/40/index.php?action_kouhyou_detail_004_kani=true&JigyosyoCd=4071401089-00&ServiceCd=430&Type=search", "url2": "http://www.nakayama-seikei.net" }, "geometry": { "type": "Point", "coordinates": [ 130.332510100000036, 33.559113 ] } },
{ "type": "Feature", "properties": { "内容": "ケアプランセンター　ふよう【居宅介護支援】福岡市早良区原３丁目１５－２６－６０８号ふよう原ハイツ６0８号", "url": "https://www.kaigokensaku.mhlw.go.jp/40/index.php?action_kouhyou_detail_004_kani=true&JigyosyoCd=4071401949-00&ServiceCd=430&Type=search", "url2": null }, "geometry": { "type": "Point", "coordinates": [ 130.343695199999956, 33.5684592 ] } },
{ "type": "Feature", "properties": { "内容": "祥合同会社　　居宅介護支援事業所【居宅介護支援】福岡市早良区有田8丁目18番13－406号", "url": "https://www.kaigokensaku.mhlw.go.jp/40/index.php?action_kouhyou_detail_004_kani=true&JigyosyoCd=4071402020-00&ServiceCd=430&Type=search", "url2": "http://www." }, "geometry": { "type": "Point", "coordinates": [ 130.3269077, 33.5566327 ] } },
{ "type": "Feature", "properties": { "内容": "野乃花ケアプラン事業所【居宅介護支援】福岡県福岡市早良区重留２丁目９－３１", "url": "https://www.kaigokensaku.mhlw.go.jp/40/index.php?action_kouhyou_detail_004_kani=true&JigyosyoCd=4071402699-00&ServiceCd=430&Type=search", "url2": null }, "geometry": { "type": "Point", "coordinates": [ 130.344732300000032, 33.5339598 ] } },
{ "type": "Feature", "properties": { "内容": "ケアプランサービスわたなべ【居宅介護支援】福岡県福岡市早良区野芥4丁目31番6－301号", "url": "https://www.kaigokensaku.mhlw.go.jp/40/index.php?action_kouhyou_detail_004_kani=true&JigyosyoCd=4071402996-00&ServiceCd=430&Type=search", "url2": null }, "geometry": { "type": "Point", "coordinates": [ 130.347045900000012, 33.5396149 ] } },
{ "type": "Feature", "properties": { "内容": "ニチイケアセンター星の原【居宅介護支援】福岡県福岡市早良区原8丁目36-13", "url": "https://www.kaigokensaku.mhlw.go.jp/40/index.php?action_kouhyou_detail_004_kani=true&JigyosyoCd=4071403044-00&ServiceCd=430&Type=search", "url2": "https://www.nichii-kaigo.jp/base/base-result/05N84/" }, "geometry": { "type": "Point", "coordinates": [ 130.341870699999959, 33.5575797 ] } },
{ "type": "Feature", "properties": { "内容": "さくらの家ケアセンター【居宅介護支援】福岡県福岡市早良区室見2丁目9番12号", "url": "https://www.kaigokensaku.mhlw.go.jp/40/index.php?action_kouhyou_detail_004_kani=true&JigyosyoCd=4071403093-00&ServiceCd=430&Type=search", "url2": null }, "geometry": { "type": "Point", "coordinates": [ 130.342802621549396, 33.577495565205119 ] } },
{ "type": "Feature", "properties": { "内容": "ケアプランセンターてふてふ【居宅介護支援】福岡県福岡市早良区弥生２丁目３－２５", "url": "https://www.kaigokensaku.mhlw.go.jp/40/index.php?action_kouhyou_detail_004_kani=true&JigyosyoCd=4071403663-00&ServiceCd=430&Type=search", "url2": "https://pinegarden.jp/" }, "geometry": { "type": "Point", "coordinates": [ 130.3457254, 33.5749518 ] } },
{ "type": "Feature", "properties": { "内容": "居宅介護支援事業所　ラ・ポール有田【居宅介護支援】有田7丁目2番4号", "url": "https://www.kaigokensaku.mhlw.go.jp/40/index.php?action_kouhyou_detail_004_kani=true&JigyosyoCd=4071403705-00&ServiceCd=430&Type=search", "url2": "https://a-mizuhokai.jp" }, "geometry": { "type": "Point", "coordinates": [ 130.329899, 33.5641376 ] } },
{ "type": "Feature", "properties": { "内容": "ケアプランセンターよかばい【居宅介護支援】福岡県福岡市早良区田村７丁目２０－６", "url": "https://www.kaigokensaku.mhlw.go.jp/40/index.php?action_kouhyou_detail_004_kani=true&JigyosyoCd=4071404117-00&ServiceCd=430&Type=search", "url2": "https://careplan.yokabai.co.jp/" }, "geometry": { "type": "Point", "coordinates": [ 130.324105700000018, 33.5350591 ] } },
{ "type": "Feature", "properties": { "内容": "介護計画百道【居宅介護支援】福岡県福岡市早良区百道1-25-10レジアス百道", "url": "https://www.kaigokensaku.mhlw.go.jp/40/index.php?action_kouhyou_detail_004_kani=true&JigyosyoCd=4071404463-00&ServiceCd=430&Type=search", "url2": "https://www.felio.life/resius-momochi/" }, "geometry": { "type": "Point", "coordinates": [ 130.349975200000017, 33.5857736 ] } },
{ "type": "Feature", "properties": { "内容": "ケアプランサービス　かえる【居宅介護支援】福岡市早良区野芥3丁目15-14-102", "url": "https://www.kaigokensaku.mhlw.go.jp/40/index.php?action_kouhyou_detail_004_kani=true&JigyosyoCd=4071404497-00&ServiceCd=430&Type=search", "url2": null }, "geometry": { "type": "Point", "coordinates": [ 130.345000300000038, 33.5424605 ] } },
{ "type": "Feature", "properties": { "内容": "ケアプランセンターひなた【居宅介護支援】福岡県福岡市早良区内野７丁目１３－８", "url": "https://www.kaigokensaku.mhlw.go.jp/40/index.php?action_kouhyou_detail_004_kani=true&JigyosyoCd=4071404521-00&ServiceCd=430&Type=search", "url2": null }, "geometry": { "type": "Point", "coordinates": [ 130.345404699999989, 33.4950432 ] } },
{ "type": "Feature", "properties": { "内容": "ケアプラン　ゆるり【居宅介護支援】原8丁目33番4号", "url": "https://www.kaigokensaku.mhlw.go.jp/40/index.php?action_kouhyou_detail_004_kani=true&JigyosyoCd=4071404661-00&ServiceCd=430&Type=search", "url2": null }, "geometry": { "type": "Point", "coordinates": [ 130.341189500000013, 33.5568235 ] } },
{ "type": "Feature", "properties": { "内容": "アップルハート早良ケアプランセンター【居宅介護支援】福岡県福岡市早良区四箇田団地9番1号ともてらす早良内", "url": "https://www.kaigokensaku.mhlw.go.jp/40/index.php?action_kouhyou_detail_004_kani=true&JigyosyoCd=4071404810-00&ServiceCd=430&Type=search", "url2": "https://www.aso-kaigo.jp/office/" }, "geometry": { "type": "Point", "coordinates": [ 130.329755635968013, 33.533038240182115 ] } },
{ "type": "Feature", "properties": { "内容": "リバケアプランセンター小田部【居宅介護支援】福岡県福岡市早良区小田部五丁目１２番９号", "url": "https://www.kaigokensaku.mhlw.go.jp/40/index.php?action_kouhyou_detail_004_kani=true&JigyosyoCd=4071404836-00&ServiceCd=430&Type=search", "url2": null }, "geometry": { "type": "Point", "coordinates": [ 130.3313727, 33.56979590000001 ] } },
{ "type": "Feature", "properties": { "内容": "ケアプランセンター風鈴【居宅介護支援】福岡県福岡市早良区小田部二丁目７番18‐1号", "url": "https://www.kaigokensaku.mhlw.go.jp/40/index.php?action_kouhyou_detail_004_kani=true&JigyosyoCd=4071404844-00&ServiceCd=430&Type=search", "url2": "http://hp.kaipoke.biz/uz5/" }, "geometry": { "type": "Point", "coordinates": [ 130.336217524048521, 33.566782856151349 ] } },
{ "type": "Feature", "properties": { "内容": "むすびケアプランサービス【居宅介護支援】福岡県福岡市早良区飯倉6-7-3-203Fステージ飯倉", "url": "https://www.kaigokensaku.mhlw.go.jp/40/index.php?action_kouhyou_detail_004_kani=true&JigyosyoCd=4071404919-00&ServiceCd=430&Type=search", "url2": null }, "geometry": { "type": "Point", "coordinates": [ 130.355455268748756, 33.557991541568079 ] } },
{ "type": "Feature", "properties": { "内容": "ケアプランセンターやまびこ【居宅介護支援】福岡県福岡市早良区有田５丁目8-15", "url": "https://www.kaigokensaku.mhlw.go.jp/40/index.php?action_kouhyou_detail_004_kani=true&JigyosyoCd=4071405064-00&ServiceCd=430&Type=search", "url2": "https://s-brillant.co.jp" }, "geometry": { "type": "Point", "coordinates": [ 130.3348411, 33.5573741 ] } },
{ "type": "Feature", "properties": { "内容": "ケアプランこはく【居宅介護支援】福岡市早良区野芥6丁目23－20", "url": "https://www.kaigokensaku.mhlw.go.jp/40/index.php?action_kouhyou_detail_004_kani=true&JigyosyoCd=4071405080-00&ServiceCd=430&Type=search", "url2": null }, "geometry": { "type": "Point", "coordinates": [ 130.347377200000011, 33.5344708 ] } },
{ "type": "Feature", "properties": { "内容": "桜川ケアプランセンター【居宅介護支援】福岡県福岡市早良区大字内野812-4", "url": "https://www.kaigokensaku.mhlw.go.jp/40/index.php?action_kouhyou_detail_004_kani=true&JigyosyoCd=4071405130-00&ServiceCd=430&Type=search", "url2": null }, "geometry": { "type": "Point", "coordinates": [ 130.33720550000001, 33.4952413 ] } },
{ "type": "Feature", "properties": { "内容": "ラララ薬局ケアセンター【居宅介護支援】福岡県福岡市早良区小田部4-7-19ラララ薬局", "url": "https://www.kaigokensaku.mhlw.go.jp/40/index.php?action_kouhyou_detail_004_kani=true&JigyosyoCd=4071405148-00&ServiceCd=430&Type=search", "url2": "http://sugiyama-pharmacy.jp" }, "geometry": { "type": "Point", "coordinates": [ 130.327760500000011, 33.5670856 ] } },
{ "type": "Feature", "properties": { "内容": "福あーるケアプランセンター早良【居宅介護支援】福岡県福岡市早良区重留2丁目19-5-1アニィ重留B101", "url": "https://www.kaigokensaku.mhlw.go.jp/40/index.php?action_kouhyou_detail_004_kani=true&JigyosyoCd=4071405189-00&ServiceCd=430&Type=search", "url2": "https://fuku-r.co.jp" }, "geometry": { "type": "Point", "coordinates": [ 130.342835799999989, 33.533166 ] } },
{ "type": "Feature", "properties": { "内容": "有限会社　ケアパルクたんぽぽ【居宅介護支援】福岡県福岡市早良区重留6丁目2-6メゾンド高岡202", "url": "https://www.kaigokensaku.mhlw.go.jp/40/index.php?action_kouhyou_detail_004_kani=true&JigyosyoCd=4071405197-00&ServiceCd=430&Type=search", "url2": null }, "geometry": { "type": "Point", "coordinates": [ 130.3402799161926, 33.531751384475456 ] } },
{ "type": "Feature", "properties": { "内容": "ケアプランCoco【居宅介護支援】福岡県福岡市早良区田村６丁目２番４７ファミール辻の花　A102", "url": "https://www.kaigokensaku.mhlw.go.jp/40/index.php?action_kouhyou_detail_004_kani=true&JigyosyoCd=4071405239-00&ServiceCd=430&Type=search", "url2": "life-coco.com" }, "geometry": { "type": "Point", "coordinates": [ 130.3274596, 33.5376479 ] } },
{ "type": "Feature", "properties": { "内容": "ケアプランセンター福運【居宅介護支援】福岡市早良区野芥２丁目１番１５号", "url": "https://www.kaigokensaku.mhlw.go.jp/40/index.php?action_kouhyou_detail_004_kani=true&JigyosyoCd=4071402111-00&ServiceCd=430&Type=search", "url2": "http://www.fukuun.jp/" }, "geometry": { "type": "Point", "coordinates": [ 130.346923400000037, 33.5476446 ] } },
{ "type": "Feature", "properties": { "内容": "ケアマネジメントどっこい【居宅介護支援】福岡県福岡市早良区百道2丁目1番612号", "url": "https://www.kaigokensaku.mhlw.go.jp/40/index.php?action_kouhyou_detail_004_kani=true&JigyosyoCd=4071402152-00&ServiceCd=430&Type=search", "url2": "http://www." }, "geometry": { "type": "Point", "coordinates": [ 130.348341799999957, 33.5822383 ] } },
{ "type": "Feature", "properties": { "内容": "マナ・ケアプランサービス【居宅介護支援】福岡県福岡市早良区原２丁目１５番２５号第２ヤギビル１０１号", "url": "https://www.kaigokensaku.mhlw.go.jp/40/index.php?action_kouhyou_detail_004_kani=true&JigyosyoCd=4071402723-00&ServiceCd=430&Type=search", "url2": null }, "geometry": { "type": "Point", "coordinates": [ 130.347445, 33.5683757 ] } },
{ "type": "Feature", "properties": { "内容": "ワンフォーワンケアプランセンター【居宅介護支援】福岡県福岡市早良区飯倉2丁目11番4号", "url": "https://www.kaigokensaku.mhlw.go.jp/40/index.php?action_kouhyou_detail_004_kani=true&JigyosyoCd=4071404711-00&ServiceCd=430&Type=search", "url2": "https://www.oneforone.co.jp/" }, "geometry": { "type": "Point", "coordinates": [ 130.354680423760954, 33.565178709020536 ] } },
{ "type": "Feature", "properties": { "内容": "総合ケアセンターももち【居宅介護支援】福岡県福岡市早良区百道浜3丁目6番40号", "url": "https://www.kaigokensaku.mhlw.go.jp/40/index.php?action_kouhyou_detail_004_kani=true&JigyosyoCd=4071402426-00&ServiceCd=430&Type=search", "url2": "http://f-sanno.kouhoukai.or.jp/fukushi/#careBox3" }, "geometry": { "type": "Point", "coordinates": [ 130.349080500000014, 33.5908542 ] } },
{ "type": "Feature", "properties": { "内容": "ケアプランサービス　すずな【居宅介護支援】福岡県福岡市早良区高取1-5-18-103エーワン高取103", "url": "https://www.kaigokensaku.mhlw.go.jp/40/index.php?action_kouhyou_detail_004_kani=true&JigyosyoCd=4071403549-00&ServiceCd=430&Type=search", "url2": null }, "geometry": { "type": "Point", "coordinates": [ 130.353949491926642, 33.579944102684955 ] } },
{ "type": "Feature", "properties": { "内容": "ケアプランセンターふくや【居宅介護支援】福岡市早良区野芥4丁目15-15", "url": "https://www.kaigokensaku.mhlw.go.jp/40/index.php?action_kouhyou_detail_004_kani=true&JigyosyoCd=4071405221-00&ServiceCd=430&Type=search", "url2": null }, "geometry": { "type": "Point", "coordinates": [ 130.3479046, 33.5415603 ] } },
{ "type": "Feature", "properties": { "内容": "あいずケアプランセンター西新【居宅介護支援】福岡市早良区西新5-15-55マンションアベニュー202-B", "url": "https://www.kaigokensaku.mhlw.go.jp/40/index.php?action_kouhyou_detail_004_kani=true&JigyosyoCd=4071405353-00&ServiceCd=430&Type=search", "url2": "https://www.aizu-company.co.jp/" }, "geometry": { "type": "Point", "coordinates": [ 130.3558668, 33.582500099999983 ] } },
{ "type": "Feature", "properties": { "内容": "ケアプランサービス花笑み早良【居宅介護支援】福岡県福岡市早良区梅林７丁目５－８リバーパーク梅林Ⅱ-１０５", "url": "https://www.kaigokensaku.mhlw.go.jp/40/index.php?action_kouhyou_detail_004_kani=true&JigyosyoCd=4071405379-00&ServiceCd=430&Type=search", "url2": "https://hanaemi.biz/" }, "geometry": { "type": "Point", "coordinates": [ 130.3556543, 33.5415011 ] } },
{ "type": "Feature", "properties": { "内容": "福岡ケアプランセンター春ル風【居宅介護支援】福岡県福岡市早良区原6-21-35", "url": "https://www.kaigokensaku.mhlw.go.jp/40/index.php?action_kouhyou_detail_004_kani=true&JigyosyoCd=4071405460-00&ServiceCd=430&Type=search", "url2": null }, "geometry": { "type": "Point", "coordinates": [ 130.3441182, 33.566905 ] } },
{ "type": "Feature", "properties": { "内容": "ケアプランセンター　きらら【居宅介護支援】福岡県福岡市早良区次郎丸1丁目14番21-201コーポISK201号", "url": "https://www.kaigokensaku.mhlw.go.jp/40/index.php?action_kouhyou_detail_004_kani=true&JigyosyoCd=4071402624-00&ServiceCd=430&Type=search", "url2": null }, "geometry": { "type": "Point", "coordinates": [ 130.332409, 33.5522394 ] } },
{ "type": "Feature", "properties": { "内容": "生活支援センターひがしはら【居宅介護支援】福岡県大牟田市田隈８３０-1", "url": "https://www.kaigokensaku.mhlw.go.jp/40/index.php?action_kouhyou_detail_004_kani=true&JigyosyoCd=4071500302-00&ServiceCd=430&Type=search", "url2": "http://user.ariakenet.com/^toushou" }, "geometry": { "type": "Point", "coordinates": [ 130.465099399999986, 33.0575957 ] } },
{ "type": "Feature", "properties": { "内容": "生活支援センターひがしはら【居宅介護支援】福岡県大牟田市田隈830-1", "url": "https://www.kaigokensaku.mhlw.go.jp/40/index.php?action_kouhyou_detail_004_kani=true&JigyosyoCd=4071503967-00&ServiceCd=430&Type=search", "url2": null }, "geometry": { "type": "Point", "coordinates": [ 130.4651179, 33.0576275 ] } },
{ "type": "Feature", "properties": { "内容": "ケアプランセンターマリーゴールド【居宅介護支援】福岡県大牟田市本町四丁目８－６コスモスコート５０３号", "url": "https://www.kaigokensaku.mhlw.go.jp/40/index.php?action_kouhyou_detail_004_kani=true&JigyosyoCd=4071503934-00&ServiceCd=430&Type=search", "url2": "https://marigoldomuta.wixsite.com/marigold" }, "geometry": { "type": "Point", "coordinates": [ 130.4410781, 33.029337400000024 ] } },
{ "type": "Feature", "properties": { "内容": "天光園ケアプランサービスセンター【居宅介護支援】福岡県大牟田市大字橘字原ノ前1494-1", "url": "https://www.kaigokensaku.mhlw.go.jp/40/index.php?action_kouhyou_detail_004_kani=true&JigyosyoCd=4071500047-00&ServiceCd=430&Type=search", "url2": "http://tenkouen.com/" }, "geometry": { "type": "Point", "coordinates": [ 130.478761794161983, 33.070028543561691 ] } },
{ "type": "Feature", "properties": { "内容": "居宅介護支援事業所　昌普久苑【居宅介護支援】福岡県大牟田市上白川町2丁目31-3", "url": "https://www.kaigokensaku.mhlw.go.jp/40/index.php?action_kouhyou_detail_004_kani=true&JigyosyoCd=4071502282-00&ServiceCd=430&Type=search", "url2": "https://omuta-shofukuen.com" }, "geometry": { "type": "Point", "coordinates": [ 130.465291900000011, 33.044336 ] } },
{ "type": "Feature", "properties": { "内容": "あっとほーむケアプランサービス【居宅介護支援】福岡県大牟田市右京町50番1", "url": "https://www.kaigokensaku.mhlw.go.jp/40/index.php?action_kouhyou_detail_004_kani=true&JigyosyoCd=4071502605-00&ServiceCd=430&Type=search", "url2": null }, "geometry": { "type": "Point", "coordinates": [ 130.438806776443499, 33.018314657484524 ] } },
{ "type": "Feature", "properties": { "内容": "延寿苑居宅介護支援事業所【居宅介護支援】福岡県大牟田市大字歴木1807-1291", "url": "https://www.kaigokensaku.mhlw.go.jp/40/index.php?action_kouhyou_detail_004_kani=true&JigyosyoCd=4071500039-00&ServiceCd=430&Type=search", "url2": "https://enjuen.or.jp" }, "geometry": { "type": "Point", "coordinates": [ 130.478026847912332, 33.037072859408781 ] } },
{ "type": "Feature", "properties": { "内容": "居宅介護支援事業所こもれび【居宅介護支援】福岡県大牟田市中町１丁目４番地１", "url": "https://www.kaigokensaku.mhlw.go.jp/40/index.php?action_kouhyou_detail_004_kani=true&JigyosyoCd=4071500385-00&ServiceCd=430&Type=search", "url2": "http://www.s-soreiyu.com/" }, "geometry": { "type": "Point", "coordinates": [ 130.443643400000042, 33.0406166 ] } },
{ "type": "Feature", "properties": { "内容": "∞無限大ケア【居宅介護支援】福岡県大牟田市天神町2-3山恵マンション113号", "url": "https://www.kaigokensaku.mhlw.go.jp/40/index.php?action_kouhyou_detail_004_kani=true&JigyosyoCd=4071503488-00&ServiceCd=430&Type=search", "url2": null }, "geometry": { "type": "Point", "coordinates": [ 130.4429388, 33.0406214 ] } },
{ "type": "Feature", "properties": { "内容": "ケアサービスさくら【居宅介護支援】福岡県大牟田市大字橘1365番地", "url": "https://www.kaigokensaku.mhlw.go.jp/40/index.php?action_kouhyou_detail_004_kani=true&JigyosyoCd=4071500260-00&ServiceCd=430&Type=search", "url2": "http://www.citydo.com/sp/0944-58-1230" }, "geometry": { "type": "Point", "coordinates": [ 130.479594899999938, 33.0722917 ] } },
{ "type": "Feature", "properties": { "内容": "介護サポートセンター　さんぽ【居宅介護支援】福岡県大牟田市三池８６６", "url": "https://www.kaigokensaku.mhlw.go.jp/40/index.php?action_kouhyou_detail_004_kani=true&JigyosyoCd=4071500567-00&ServiceCd=430&Type=search", "url2": "sanpo@cello.ocn.ne.jp" }, "geometry": { "type": "Point", "coordinates": [ 130.47836, 33.0533435 ] } },
{ "type": "Feature", "properties": { "内容": "ふれあいケアプランサービス【居宅介護支援】福岡県大牟田市大字田隈766番地5", "url": "https://www.kaigokensaku.mhlw.go.jp/40/index.php?action_kouhyou_detail_004_kani=true&JigyosyoCd=4071502191-00&ServiceCd=430&Type=search", "url2": "https://fureai.sakuraweb.com/" }, "geometry": { "type": "Point", "coordinates": [ 130.464955828189659, 33.055117436747963 ] } },
{ "type": "Feature", "properties": { "内容": "サンファミリー介護サービス【居宅介護支援】福岡県大牟田市大字甘木１１５８", "url": "https://www.kaigokensaku.mhlw.go.jp/40/index.php?action_kouhyou_detail_004_kani=true&JigyosyoCd=4071500344-00&ServiceCd=430&Type=search", "url2": "http://www.sunfamily-omuta.com/" }, "geometry": { "type": "Point", "coordinates": [ 130.456146799999942, 33.0634309 ] } },
{ "type": "Feature", "properties": { "内容": "美さとケアプラン【居宅介護支援】福岡県大牟田市南船津町１丁目１０番地", "url": "https://www.kaigokensaku.mhlw.go.jp/40/index.php?action_kouhyou_detail_004_kani=true&JigyosyoCd=4071501243-00&ServiceCd=430&Type=search", "url2": "http://www.kenkougroup.or.jp/" }, "geometry": { "type": "Point", "coordinates": [ 130.4357913, 33.008661 ] } },
{ "type": "Feature", "properties": { "内容": "白川病院ケアプランサービス【居宅介護支援】福岡県大牟田市上白川町1丁目146番地", "url": "https://www.kaigokensaku.mhlw.go.jp/40/index.php?action_kouhyou_detail_004_kani=true&JigyosyoCd=4071501649-00&ServiceCd=430&Type=search", "url2": null }, "geometry": { "type": "Point", "coordinates": [ 130.461394700000028, 33.047594 ] } },
{ "type": "Feature", "properties": { "内容": "アップルハート大牟田ケアプランセンター【居宅介護支援】福岡県大牟田市藤田町54-3", "url": "https://www.kaigokensaku.mhlw.go.jp/40/index.php?action_kouhyou_detail_004_kani=true&JigyosyoCd=4071502407-00&ServiceCd=430&Type=search", "url2": "http://www.aso-kaigo.jp" }, "geometry": { "type": "Point", "coordinates": [ 130.4390022, 33.0098721 ] } },
{ "type": "Feature", "properties": { "内容": "大牟田中央病院ケアプランセンター【居宅介護支援】福岡県大牟田市大字歴木1841番地", "url": "https://www.kaigokensaku.mhlw.go.jp/40/index.php?action_kouhyou_detail_004_kani=true&JigyosyoCd=4071502985-00&ServiceCd=430&Type=search", "url2": "http://omuta-chuou.jp/" }, "geometry": { "type": "Point", "coordinates": [ 130.477188800000022, 33.0352398 ] } },
{ "type": "Feature", "properties": { "内容": "居宅介護支援事業所　ブロッサム【居宅介護支援】福岡県大牟田市北磯町２－４９", "url": "https://www.kaigokensaku.mhlw.go.jp/40/index.php?action_kouhyou_detail_004_kani=true&JigyosyoCd=4071503504-00&ServiceCd=430&Type=search", "url2": "https://hc-b.com/" }, "geometry": { "type": "Point", "coordinates": [ 130.4415587, 33.0409 ] } },
{ "type": "Feature", "properties": { "内容": "居宅介護支援事業所　はなぞの【居宅介護支援】福岡県大牟田市黄金町1丁目237－1", "url": "https://www.kaigokensaku.mhlw.go.jp/40/index.php?action_kouhyou_detail_004_kani=true&JigyosyoCd=4071500278-00&ServiceCd=430&Type=search", "url2": "www.shinwa/hanazono/" }, "geometry": { "type": "Point", "coordinates": [ 130.450515399999972, 33.020241 ] } },
{ "type": "Feature", "properties": { "内容": "居宅介護支援センターよしの【居宅介護支援】大字吉野2159番地", "url": "https://www.kaigokensaku.mhlw.go.jp/40/index.php?action_kouhyou_detail_004_kani=true&JigyosyoCd=4071502878-00&ServiceCd=430&Type=search", "url2": "kyotakuyosino@pony.ocn.ne.jp" }, "geometry": { "type": "Point", "coordinates": [ 130.468824441355878, 33.068559695065751 ] } },
{ "type": "Feature", "properties": { "内容": "社会保険大牟田天領病院ケアプランセンター【居宅介護支援】福岡県大牟田市天領町1丁目100番地", "url": "https://www.kaigokensaku.mhlw.go.jp/40/index.php?action_kouhyou_detail_004_kani=true&JigyosyoCd=4071503454-00&ServiceCd=430&Type=search", "url2": "http://omutatenryo-hp.jp/" }, "geometry": { "type": "Point", "coordinates": [ 130.435063600000035, 33.0189406 ] } },
{ "type": "Feature", "properties": { "内容": "やぶつばきケアプランセンター【居宅介護支援】福岡県大牟田市青葉町１３０番地２", "url": "https://www.kaigokensaku.mhlw.go.jp/40/index.php?action_kouhyou_detail_004_kani=true&JigyosyoCd=4071500054-00&ServiceCd=430&Type=search", "url2": "http://www.yabutubaki.jp" }, "geometry": { "type": "Point", "coordinates": [ 130.461603700000069, 33.0159583 ] } },
{ "type": "Feature", "properties": { "内容": "大牟田医師会ケアプランサービスセンター【居宅介護支援】福岡県大牟田市不知火町２丁目１４４番地", "url": "https://www.kaigokensaku.mhlw.go.jp/40/index.php?action_kouhyou_detail_004_kani=true&JigyosyoCd=4071500153-00&ServiceCd=430&Type=search", "url2": "http://www.omuta.ｆukuoka.med.or.jp/" }, "geometry": { "type": "Point", "coordinates": [ 130.44182150000006, 33.0259985 ] } },
{ "type": "Feature", "properties": { "内容": "生活支援センター　サンフレンズ【居宅介護支援】福岡県大牟田市沖田町510番地", "url": "https://www.kaigokensaku.mhlw.go.jp/40/index.php?action_kouhyou_detail_004_kani=true&JigyosyoCd=4071500351-00&ServiceCd=430&Type=search", "url2": "https://www.sunfriends.net/" }, "geometry": { "type": "Point", "coordinates": [ 130.449082200000021, 33.0117361 ] } },
{ "type": "Feature", "properties": { "内容": "居宅介護支援　あすなろの郷【居宅介護支援】福岡県大牟田市小川町30番地１", "url": "https://www.kaigokensaku.mhlw.go.jp/40/index.php?action_kouhyou_detail_004_kani=true&JigyosyoCd=4071502951-00&ServiceCd=430&Type=search", "url2": "http://www.sugahara-hosupitaru.com" }, "geometry": { "type": "Point", "coordinates": [ 130.429059982139592, 33.021779801164087 ] } },
{ "type": "Feature", "properties": { "内容": "くさかべ病院【居宅介護支援】福岡県大牟田市大字吉野859", "url": "https://www.kaigokensaku.mhlw.go.jp/40/index.php?action_kouhyou_detail_004_kani=true&JigyosyoCd=4014419065-00&ServiceCd=430&Type=search", "url2": null }, "geometry": { "type": "Point", "coordinates": [ 130.47920309999995, 33.07505530000001 ] } },
{ "type": "Feature", "properties": { "内容": "社会福祉法人　大牟田市社会福祉協議会【居宅介護支援】福岡県大牟田市瓦町9番地３大牟田市総合福祉センター内", "url": "https://www.kaigokensaku.mhlw.go.jp/40/index.php?action_kouhyou_detail_004_kani=true&JigyosyoCd=4071500021-00&ServiceCd=430&Type=search", "url2": "http://www.omshakyo-kizuna.com/" }, "geometry": { "type": "Point", "coordinates": [ 130.462781026319817, 33.035531544521312 ] } },
{ "type": "Feature", "properties": { "内容": "居宅介護支援事業所そよかぜ【居宅介護支援】大字草木５８１−５住宅型有料老人ホーム羽山台ヒルズ内", "url": "https://www.kaigokensaku.mhlw.go.jp/40/index.php?action_kouhyou_detail_004_kani=true&JigyosyoCd=4071500120-00&ServiceCd=430&Type=search", "url2": null }, "geometry": { "type": "Point", "coordinates": [ 130.463090500000021, 33.0524957 ] } },
{ "type": "Feature", "properties": { "内容": "居宅介護支援事業所サン久福木【居宅介護支援】福岡県大牟田市大字久福木894番地", "url": "https://www.kaigokensaku.mhlw.go.jp/40/index.php?action_kouhyou_detail_004_kani=true&JigyosyoCd=4071500138-00&ServiceCd=430&Type=search", "url2": "http://www.genkokai.or.jp" }, "geometry": { "type": "Point", "coordinates": [ 130.490761799999973, 33.055901800000015 ] } },
{ "type": "Feature", "properties": { "内容": "こんのケアプランサービス【居宅介護支援】福岡県大牟田市青葉町12ー8シニアハウスめがね橋マンション", "url": "https://www.kaigokensaku.mhlw.go.jp/40/index.php?action_kouhyou_detail_004_kani=true&JigyosyoCd=4071500229-00&ServiceCd=430&Type=search", "url2": "http://konno-hp.jp/" }, "geometry": { "type": "Point", "coordinates": [ 130.45987880000007, 33.0186997 ] } },
{ "type": "Feature", "properties": { "内容": "介護老人保健施設ハッピーランド【居宅介護支援】福岡県大牟田市大字宮部171-2", "url": "https://www.kaigokensaku.mhlw.go.jp/40/index.php?action_kouhyou_detail_004_kani=true&JigyosyoCd=4054480100-00&ServiceCd=430&Type=search", "url2": "http://www.fukuju.or.jp" }, "geometry": { "type": "Point", "coordinates": [ 130.4459852, 33.0302622 ] } },
{ "type": "Feature", "properties": { "内容": "カワナミズケアプラン【居宅介護支援】福岡県大牟田市一本町2番地10禾家デイサービス2階", "url": "https://www.kaigokensaku.mhlw.go.jp/40/index.php?action_kouhyou_detail_004_kani=true&JigyosyoCd=4071503280-00&ServiceCd=430&Type=search", "url2": null }, "geometry": { "type": "Point", "coordinates": [ 130.450876500000049, 33.0334981 ] } },
{ "type": "Feature", "properties": { "内容": "福岡県済生会ケアプランサービスなでしこ【居宅介護支援】福岡県大牟田市田隈５９９番地１８", "url": "https://www.kaigokensaku.mhlw.go.jp/40/index.php?action_kouhyou_detail_004_kani=true&JigyosyoCd=4071500294-00&ServiceCd=430&Type=search", "url2": "https://omuta-saiseikai.jp/lifecarein/" }, "geometry": { "type": "Point", "coordinates": [ 130.469384886399922, 33.05800256891095 ] } },
{ "type": "Feature", "properties": { "内容": "永田病院ケアプランサービス【居宅介護支援】福岡県大牟田市原山町3番地1", "url": "https://www.kaigokensaku.mhlw.go.jp/40/index.php?action_kouhyou_detail_004_kani=true&JigyosyoCd=4071500369-00&ServiceCd=430&Type=search", "url2": null }, "geometry": { "type": "Point", "coordinates": [ 130.446274, 33.0271319 ] } },
{ "type": "Feature", "properties": { "内容": "あすか介護サービス【居宅介護支援】大牟田市諏訪町3丁目60番地", "url": "https://www.kaigokensaku.mhlw.go.jp/40/index.php?action_kouhyou_detail_004_kani=true&JigyosyoCd=4071500377-00&ServiceCd=430&Type=search", "url2": "www.asuka-kaigo-service.com" }, "geometry": { "type": "Point", "coordinates": [ 130.432620254631075, 33.016100212897229 ] } },
{ "type": "Feature", "properties": { "内容": "南大牟田居宅サービス支援センター【居宅介護支援】福岡県大牟田市野添町1番地8", "url": "https://www.kaigokensaku.mhlw.go.jp/40/index.php?action_kouhyou_detail_004_kani=true&JigyosyoCd=4071501581-00&ServiceCd=430&Type=search", "url2": "http://www.zaidan-omtiryo.jp" }, "geometry": { "type": "Point", "coordinates": [ 130.461720300000025, 33.0058232 ] } },
{ "type": "Feature", "properties": { "内容": "心介ケアプランサービス【居宅介護支援】福岡県大牟田市高砂町32番地10", "url": "https://www.kaigokensaku.mhlw.go.jp/40/index.php?action_kouhyou_detail_004_kani=true&JigyosyoCd=4071502308-00&ServiceCd=430&Type=search", "url2": null }, "geometry": { "type": "Point", "coordinates": [ 130.425491830488568, 33.013564558460928 ] } },
{ "type": "Feature", "properties": { "内容": "ケアプランサービス　まりん【居宅介護支援】福岡県大牟田市船津町４４０番地３", "url": "https://www.kaigokensaku.mhlw.go.jp/40/index.php?action_kouhyou_detail_004_kani=true&JigyosyoCd=4071501193-00&ServiceCd=430&Type=search", "url2": null }, "geometry": { "type": "Point", "coordinates": [ 130.438082799999989, 33.00683350000002 ] } },
{ "type": "Feature", "properties": { "内容": "やまなみ介適計画【居宅介護支援】福岡県大牟田市沖田町２１番地", "url": "https://www.kaigokensaku.mhlw.go.jp/40/index.php?action_kouhyou_detail_004_kani=true&JigyosyoCd=4071502464-00&ServiceCd=430&Type=search", "url2": "http://yamanamicare.net/" }, "geometry": { "type": "Point", "coordinates": [ 130.453065435581948, 33.008892435441808 ] } },
{ "type": "Feature", "properties": { "内容": "ケアプランサービス　フルーリィ【居宅介護支援】福岡県大牟田市久保田町２丁目２番地５", "url": "https://www.kaigokensaku.mhlw.go.jp/40/index.php?action_kouhyou_detail_004_kani=true&JigyosyoCd=4071503843-00&ServiceCd=430&Type=search", "url2": null }, "geometry": { "type": "Point", "coordinates": [ 130.4418246, 33.0277041 ] } },
{ "type": "Feature", "properties": { "内容": "ぴニャータケアプランサービス【居宅介護支援】福岡県大牟田市黄金町１丁目４１１－３黄金ハイツ１０１", "url": "https://www.kaigokensaku.mhlw.go.jp/40/index.php?action_kouhyou_detail_004_kani=true&JigyosyoCd=4071503991-00&ServiceCd=430&Type=search", "url2": "https://www.pinyahta-care2025.com/" }, "geometry": { "type": "Point", "coordinates": [ 130.451255, 33.0172995 ] } },
{ "type": "Feature", "properties": { "内容": "医）親仁会ケアプランセンター【居宅介護支援】大牟田市歴木4-51米の山ふれあいセンター２Ｆ", "url": "https://www.kaigokensaku.mhlw.go.jp/40/index.php?action_kouhyou_detail_004_kani=true&JigyosyoCd=4071502670-00&ServiceCd=430&Type=search", "url2": "http://www.kome-net.or.jp" }, "geometry": { "type": "Point", "coordinates": [ 130.482804006248443, 33.035846180728569 ] } },
{ "type": "Feature", "properties": { "内容": "ヘルパーステーション「ハーツ」【居宅介護支援】福岡県大牟田市左古町２－８", "url": "https://www.kaigokensaku.mhlw.go.jp/40/index.php?action_kouhyou_detail_004_kani=true&JigyosyoCd=4071500575-00&ServiceCd=430&Type=search", "url2": null }, "geometry": { "type": "Point", "coordinates": [ 130.450187699999987, 33.0315816 ] } },
{ "type": "Feature", "properties": { "内容": "ケアプランセンター孫の手【居宅介護支援】福岡県大牟田市沖田町312番地２", "url": "https://www.kaigokensaku.mhlw.go.jp/40/index.php?action_kouhyou_detail_004_kani=true&JigyosyoCd=4071503850-00&ServiceCd=430&Type=search", "url2": null }, "geometry": { "type": "Point", "coordinates": [ 130.450239399999987, 33.0076037 ] } },
{ "type": "Feature", "properties": { "内容": "久留米南ケアセンター【居宅介護支援】福岡県久留米市荒木町下荒木1616番地１", "url": "https://www.kaigokensaku.mhlw.go.jp/40/index.php?action_kouhyou_detail_004_kani=true&JigyosyoCd=4071600318-00&ServiceCd=430&Type=search", "url2": "http://www.kurume-minami.com/" }, "geometry": { "type": "Point", "coordinates": [ 130.482707, 33.2657853 ] } },
{ "type": "Feature", "properties": { "内容": "chezmoiケアプランセンター【居宅介護支援】福岡県　久留米市　東町　37番地8", "url": "https://www.kaigokensaku.mhlw.go.jp/40/index.php?action_kouhyou_detail_004_kani=true&JigyosyoCd=4071603593-00&ServiceCd=430&Type=search", "url2": "http://www.chezmoi.jp" }, "geometry": { "type": "Point", "coordinates": [ 130.5026408, 33.3194086 ] } },
{ "type": "Feature", "properties": { "内容": "オリーブ・ケアプランサービス【居宅介護支援】福岡県久留米市小森野町一丁目13-17パークサイド西小森野201号", "url": "https://www.kaigokensaku.mhlw.go.jp/40/index.php?action_kouhyou_detail_004_kani=true&JigyosyoCd=4071607800-00&ServiceCd=430&Type=search", "url2": null }, "geometry": { "type": "Point", "coordinates": [ 130.5141179, 33.3345751 ] } },
{ "type": "Feature", "properties": { "内容": "いろはケアプラン【居宅介護支援】福岡県久留米市津福本町1643-1翠水ビル201号", "url": "https://www.kaigokensaku.mhlw.go.jp/40/index.php?action_kouhyou_detail_004_kani=true&JigyosyoCd=4071607883-00&ServiceCd=430&Type=search", "url2": null }, "geometry": { "type": "Point", "coordinates": [ 130.498743499999989, 33.2970554 ] } },
{ "type": "Feature", "properties": { "内容": "奏でるケアプランセンター【居宅介護支援】福岡県久留米市津福本町776番地5", "url": "https://www.kaigokensaku.mhlw.go.jp/40/index.php?action_kouhyou_detail_004_kani=true&JigyosyoCd=4071607875-00&ServiceCd=430&Type=search", "url2": null }, "geometry": { "type": "Point", "coordinates": [ 130.503313600000013, 33.2959567 ] } },
{ "type": "Feature", "properties": { "内容": "株式会社　クローバーサポート【居宅介護支援】福岡県久留米市東櫛原町666番地の1", "url": "https://www.kaigokensaku.mhlw.go.jp/40/index.php?action_kouhyou_detail_004_kani=true&JigyosyoCd=4071600128-00&ServiceCd=430&Type=search", "url2": "http://cloversupport.co.jp" }, "geometry": { "type": "Point", "coordinates": [ 130.516617399999973, 33.327025 ] } },
{ "type": "Feature", "properties": { "内容": "ケアプランくるめ【居宅介護支援】福岡県久留米市長門石２丁目２番２４号コーポ執行１０１", "url": "https://www.kaigokensaku.mhlw.go.jp/40/index.php?action_kouhyou_detail_004_kani=true&JigyosyoCd=4071604849-00&ServiceCd=430&Type=search", "url2": null }, "geometry": { "type": "Point", "coordinates": [ 130.489884299999972, 33.3277799 ] } },
{ "type": "Feature", "properties": { "内容": "ほほえみケアプランサービス【居宅介護支援】久留米市城島町大依306番地", "url": "https://www.kaigokensaku.mhlw.go.jp/40/index.php?action_kouhyou_detail_004_kani=true&JigyosyoCd=4071604971-00&ServiceCd=430&Type=search", "url2": "h-careplan@swc-hohoemi.or.jp" }, "geometry": { "type": "Point", "coordinates": [ 130.434386368800773, 33.256256107247992 ] } },
{ "type": "Feature", "properties": { "内容": "にこラボケアプラン【居宅介護支援】福岡県久留米市北野町十郎丸１５２９番地２", "url": "https://www.kaigokensaku.mhlw.go.jp/40/index.php?action_kouhyou_detail_004_kani=true&JigyosyoCd=4071607933-00&ServiceCd=430&Type=search", "url2": "https://nico-labo.jp/" }, "geometry": { "type": "Point", "coordinates": [ 130.573639884655762, 33.343501176608839 ] } },
{ "type": "Feature", "properties": { "内容": "松本介護ケアプラン【居宅介護支援】福岡県久留米市西町６８６番地９", "url": "https://www.kaigokensaku.mhlw.go.jp/40/index.php?action_kouhyou_detail_004_kani=true&JigyosyoCd=4071606018-00&ServiceCd=430&Type=search", "url2": "http://matumotokaigo.web.fc2.com/" }, "geometry": { "type": "Point", "coordinates": [ 130.521255099999962, 33.2988687 ] } },
{ "type": "Feature", "properties": { "内容": "介護保険サービスセンター江戸くま【居宅介護支援】福岡県久留米市江戸屋敷1丁目10番55号", "url": "https://www.kaigokensaku.mhlw.go.jp/40/index.php?action_kouhyou_detail_004_kani=true&JigyosyoCd=4071606745-00&ServiceCd=430&Type=search", "url2": "https://www.kurume-kaigo.net/companies/498" }, "geometry": { "type": "Point", "coordinates": [ 130.511386811361774, 33.289410343823711 ] } },
{ "type": "Feature", "properties": { "内容": "ふれあいの園ケアプランサービス【居宅介護支援】福岡県久留米市城島町上青木165番地", "url": "https://www.kaigokensaku.mhlw.go.jp/40/index.php?action_kouhyou_detail_004_kani=true&JigyosyoCd=4077800011-00&ServiceCd=430&Type=search", "url2": "www.fureainosono.com" }, "geometry": { "type": "Point", "coordinates": [ 130.411226700000043, 33.2438193 ] } },
{ "type": "Feature", "properties": { "内容": "ＪＡくるめ居宅介護支援事業部【居宅介護支援】福岡県久留米市篠原町4-7久留米市農業協同組合福祉事業所内", "url": "https://www.kaigokensaku.mhlw.go.jp/40/index.php?action_kouhyou_detail_004_kani=true&JigyosyoCd=4071600011-00&ServiceCd=430&Type=search", "url2": "http://www.ja-kurume.or.jp/" }, "geometry": { "type": "Point", "coordinates": [ 130.525158236770579, 33.311607281819846 ] } },
{ "type": "Feature", "properties": { "内容": "みづま敬和苑ケアプランサービス【居宅介護支援】福岡県久留米市三潴町西牟田6128番地1", "url": "https://www.kaigokensaku.mhlw.go.jp/40/index.php?action_kouhyou_detail_004_kani=true&JigyosyoCd=4071602546-00&ServiceCd=430&Type=search", "url2": "https://www.keiwaen.com/miduma_keiwaen/" }, "geometry": { "type": "Point", "coordinates": [ 130.50399712052922, 33.247518330975517 ] } },
{ "type": "Feature", "properties": { "内容": "ケアプランサービス楓【居宅介護支援】福岡県久留米市国分町８７５番地５４", "url": "https://www.kaigokensaku.mhlw.go.jp/40/index.php?action_kouhyou_detail_004_kani=true&JigyosyoCd=4071602868-00&ServiceCd=430&Type=search", "url2": "http://care-net.biz/40/raifusapoto24/" }, "geometry": { "type": "Point", "coordinates": [ 130.539593200000013, 33.2889536 ] } },
{ "type": "Feature", "properties": { "内容": "合同会社いけまつケアプランサービス【居宅介護支援】福岡県久留米市三潴町福光４５７番地２", "url": "https://www.kaigokensaku.mhlw.go.jp/40/index.php?action_kouhyou_detail_004_kani=true&JigyosyoCd=4071603791-00&ServiceCd=430&Type=search", "url2": null }, "geometry": { "type": "Point", "coordinates": [ 130.456362491109161, 33.243108165911622 ] } },
{ "type": "Feature", "properties": { "内容": "ケアプランサービスひゅうが久留米【居宅介護支援】福岡県久留米市合川町２２１０－１－２０１", "url": "https://www.kaigokensaku.mhlw.go.jp/40/index.php?action_kouhyou_detail_004_kani=true&JigyosyoCd=4071605630-00&ServiceCd=430&Type=search", "url2": "http://www.kirari3.com/" }, "geometry": { "type": "Point", "coordinates": [ 130.530037239881153, 33.317383163555895 ] } },
{ "type": "Feature", "properties": { "内容": "株式会社Ｎ・Ｉケア　ケアプランあんず【居宅介護支援】久留米市津福今町160番地1", "url": "https://www.kaigokensaku.mhlw.go.jp/40/index.php?action_kouhyou_detail_004_kani=true&JigyosyoCd=4071606000-00&ServiceCd=430&Type=search", "url2": null }, "geometry": { "type": "Point", "coordinates": [ 130.5110257, 33.2931332 ] } },
{ "type": "Feature", "properties": { "内容": "ハートクローバーケアプランセンター【居宅介護支援】福岡県久留米市山本町豊田80番地52階", "url": "https://www.kaigokensaku.mhlw.go.jp/40/index.php?action_kouhyou_detail_004_kani=true&JigyosyoCd=4071606893-00&ServiceCd=430&Type=search", "url2": null }, "geometry": { "type": "Point", "coordinates": [ 130.581172199999969, 33.3168252 ] } },
{ "type": "Feature", "properties": { "内容": "グリーンケアプランセンター【居宅介護支援】福岡県久留米市安武町安武本607-2", "url": "https://www.kaigokensaku.mhlw.go.jp/40/index.php?action_kouhyou_detail_004_kani=true&JigyosyoCd=4071607594-00&ServiceCd=430&Type=search", "url2": "http//akari24.jp" }, "geometry": { "type": "Point", "coordinates": [ 130.47907570000001, 33.2907115 ] } },
{ "type": "Feature", "properties": { "内容": "あいずケアプランセンター久留米【居宅介護支援】福岡県久留米市通町362パティオ通町1階B号室", "url": "https://www.kaigokensaku.mhlw.go.jp/40/index.php?action_kouhyou_detail_004_kani=true&JigyosyoCd=4071607685-00&ServiceCd=430&Type=search", "url2": "www.aizu-company.co.jp" }, "geometry": { "type": "Point", "coordinates": [ 130.5236631, 33.3161721 ] } },
{ "type": "Feature", "properties": { "内容": "ケアプランセンターとくりん久留米【居宅介護支援】久留米市山川追分1丁目13番6号ドミール追分102", "url": "https://www.kaigokensaku.mhlw.go.jp/40/index.php?action_kouhyou_detail_004_kani=true&JigyosyoCd=4071607826-00&ServiceCd=430&Type=search", "url2": "https://tsutsumiclinic.net/" }, "geometry": { "type": "Point", "coordinates": [ 130.563983400000012, 33.3130599 ] } },
{ "type": "Feature", "properties": { "内容": "医療法人三井会ケアプランサービスくましろ【居宅介護支援】福岡県久留米市北野町中川900番地1", "url": "https://www.kaigokensaku.mhlw.go.jp/40/index.php?action_kouhyou_detail_004_kani=true&JigyosyoCd=4077600031-00&ServiceCd=430&Type=search", "url2": "kumashiro-hospital.or.jp" }, "geometry": { "type": "Point", "coordinates": [ 130.623759775779718, 33.360393989451794 ] } },
{ "type": "Feature", "properties": { "内容": "安本病院ケアプランサービス「すばる」【居宅介護支援】福岡県久留米市三潴町玉満２３７１", "url": "https://www.kaigokensaku.mhlw.go.jp/40/index.php?action_kouhyou_detail_004_kani=true&JigyosyoCd=4078000025-00&ServiceCd=430&Type=search", "url2": "yasumoto.ne.jp" }, "geometry": { "type": "Point", "coordinates": [ 130.460550799999965, 33.2482923 ] } },
{ "type": "Feature", "properties": { "内容": "天神ケアプランサービス【居宅介護支援】福岡県久留米市天神町152‐1", "url": "https://www.kaigokensaku.mhlw.go.jp/40/index.php?action_kouhyou_detail_004_kani=true&JigyosyoCd=4071600037-00&ServiceCd=430&Type=search", "url2": "http://www.tenjinkai.or.jp/kaigo_careplan" }, "geometry": { "type": "Point", "coordinates": [ 130.519461885412454, 33.309512121800914 ] } },
{ "type": "Feature", "properties": { "内容": "ひびきケアプラン【居宅介護支援】福岡県久留米市荒木町白口2500番地2", "url": "https://www.kaigokensaku.mhlw.go.jp/40/index.php?action_kouhyou_detail_004_kani=true&JigyosyoCd=4071603015-00&ServiceCd=430&Type=search", "url2": "http://kurume-hibiki.com/" }, "geometry": { "type": "Point", "coordinates": [ 130.493853369822659, 33.27761967365511 ] } },
{ "type": "Feature", "properties": { "内容": "ふれあいの園みづまケアプランサービス【居宅介護支援】福岡県久留米市三潴町早津崎3118番地１７", "url": "https://www.kaigokensaku.mhlw.go.jp/40/index.php?action_kouhyou_detail_004_kani=true&JigyosyoCd=4071603064-00&ServiceCd=430&Type=search", "url2": "http://www.fureainosono.com/" }, "geometry": { "type": "Point", "coordinates": [ 130.468203, 33.2646156 ] } },
{ "type": "Feature", "properties": { "内容": "なかよしケアプランサービス【居宅介護支援】福岡県久留米市中央町２７－４　２Ｆ", "url": "https://www.kaigokensaku.mhlw.go.jp/40/index.php?action_kouhyou_detail_004_kani=true&JigyosyoCd=4071607032-00&ServiceCd=430&Type=search", "url2": null }, "geometry": { "type": "Point", "coordinates": [ 130.506132799999989, 33.3167636 ] } },
{ "type": "Feature", "properties": { "内容": "久英会ケアプランサービス【居宅介護支援】福岡県久留米市荒木町荒木２０２０", "url": "https://www.kaigokensaku.mhlw.go.jp/40/index.php?action_kouhyou_detail_004_kani=true&JigyosyoCd=4071604583-00&ServiceCd=430&Type=search", "url2": "http://www.kyueikai.jp/kyueisou/." }, "geometry": { "type": "Point", "coordinates": [ 130.509288949073778, 33.263288973941911 ] } },
{ "type": "Feature", "properties": { "内容": "ケアプラン上津【居宅介護支援】福岡県久留米市上津町新井手1870番1", "url": "https://www.kaigokensaku.mhlw.go.jp/40/index.php?action_kouhyou_detail_004_kani=true&JigyosyoCd=4071605002-00&ServiceCd=430&Type=search", "url2": null }, "geometry": { "type": "Point", "coordinates": [ 130.540077542327964, 33.279099364680818 ] } },
{ "type": "Feature", "properties": { "内容": "メゾンマリアケアサポート【居宅介護支援】久留米市津福本町字草場276-2", "url": "https://www.kaigokensaku.mhlw.go.jp/40/index.php?action_kouhyou_detail_004_kani=true&JigyosyoCd=4071605234-00&ServiceCd=430&Type=search", "url2": "http://www.heiwanoseiboi.com" }, "geometry": { "type": "Point", "coordinates": [ 130.510031300000037, 33.3040674 ] } },
{ "type": "Feature", "properties": { "内容": "とーたすケアプランセンター【居宅介護支援】西町1164番地1医療法人　松風海　内藤クリニック　3階", "url": "https://www.kaigokensaku.mhlw.go.jp/40/index.php?action_kouhyou_detail_004_kani=true&JigyosyoCd=4071606182-00&ServiceCd=430&Type=search", "url2": "http://www.shoufukai.or.jp" }, "geometry": { "type": "Point", "coordinates": [ 130.516489106916993, 33.309607249167897 ] } },
{ "type": "Feature", "properties": { "内容": "合同会社　ライト・フルライフ　ケアプランサービス【居宅介護支援】福岡県久留米市大橋合楽124番地", "url": "https://www.kaigokensaku.mhlw.go.jp/40/index.php?action_kouhyou_detail_004_kani=true&JigyosyoCd=4071607347-00&ServiceCd=430&Type=search", "url2": null }, "geometry": { "type": "Point", "coordinates": [ 130.6377559, 33.3377775 ] } },
{ "type": "Feature", "properties": { "内容": "有限会社二宮ケアプランサービス【居宅介護支援】福岡県久留米市北野町中29-1", "url": "https://www.kaigokensaku.mhlw.go.jp/40/index.php?action_kouhyou_detail_004_kani=true&JigyosyoCd=4077600080-00&ServiceCd=430&Type=search", "url2": null }, "geometry": { "type": "Point", "coordinates": [ 130.586385899999982, 33.348529 ] } },
{ "type": "Feature", "properties": { "内容": "長生園居宅介護支援事業所【居宅介護支援】福岡県久留米市三潴町早津崎４０７番地", "url": "https://www.kaigokensaku.mhlw.go.jp/40/index.php?action_kouhyou_detail_004_kani=true&JigyosyoCd=4078000017-00&ServiceCd=430&Type=search", "url2": "http://www.k-tyouseien.com" }, "geometry": { "type": "Point", "coordinates": [ 130.48061830000006, 33.2667935 ] } },
{ "type": "Feature", "properties": { "内容": "山翠園ケアプランサービス【居宅介護支援】福岡県久留米市山本町耳納1989番地の1", "url": "https://www.kaigokensaku.mhlw.go.jp/40/index.php?action_kouhyou_detail_004_kani=true&JigyosyoCd=4071600078-00&ServiceCd=430&Type=search", "url2": "http://care-net.biz/40/sansuien/" }, "geometry": { "type": "Point", "coordinates": [ 130.613423399999988, 33.312283 ] } },
{ "type": "Feature", "properties": { "内容": "聖マリアケアプランサービス【居宅介護支援】福岡県久留米市津福本町422聖マリア病院　聖母病棟1階", "url": "https://www.kaigokensaku.mhlw.go.jp/40/index.php?action_kouhyou_detail_004_kani=true&JigyosyoCd=4071600292-00&ServiceCd=430&Type=search", "url2": null }, "geometry": { "type": "Point", "coordinates": [ 130.50858960000005, 33.3051959 ] } },
{ "type": "Feature", "properties": { "内容": "かぶとやまケアプランサービス【居宅介護支援】福岡県久留米市山本町豊田1887", "url": "https://www.kaigokensaku.mhlw.go.jp/40/index.php?action_kouhyou_detail_004_kani=true&JigyosyoCd=4071600532-00&ServiceCd=430&Type=search", "url2": "http://www.kurume-reha.or.jp" }, "geometry": { "type": "Point", "coordinates": [ 130.589970200000039, 33.3064023 ] } },
{ "type": "Feature", "properties": { "内容": "御井町ケアプランサービス【居宅介護支援】福岡県久留米市御井町640-1", "url": "https://www.kaigokensaku.mhlw.go.jp/40/index.php?action_kouhyou_detail_004_kani=true&JigyosyoCd=4071602421-00&ServiceCd=430&Type=search", "url2": "https://www.ginnoan-tsubasa.com/" }, "geometry": { "type": "Point", "coordinates": [ 130.555286300000034, 33.3095964 ] } },
{ "type": "Feature", "properties": { "内容": "有馬ケアプランサービス【居宅介護支援】福岡県久留米市京町281番地", "url": "https://www.kaigokensaku.mhlw.go.jp/40/index.php?action_kouhyou_detail_004_kani=true&JigyosyoCd=4071603916-00&ServiceCd=430&Type=search", "url2": null }, "geometry": { "type": "Point", "coordinates": [ 130.4989663, 33.3215862 ] } },
{ "type": "Feature", "properties": { "内容": "ケアプランセンター　たんがく【居宅介護支援】久留米市上津1丁目２３－１０", "url": "https://www.kaigokensaku.mhlw.go.jp/40/index.php?action_kouhyou_detail_004_kani=true&JigyosyoCd=4071604047-00&ServiceCd=430&Type=search", "url2": "http://tangaku.com/" }, "geometry": { "type": "Point", "coordinates": [ 130.5307216, 33.2870786 ] } },
{ "type": "Feature", "properties": { "内容": "ケアプランじゅうれん【居宅介護支援】福岡県久留米市三潴町西牟田6557番地89", "url": "https://www.kaigokensaku.mhlw.go.jp/40/index.php?action_kouhyou_detail_004_kani=true&JigyosyoCd=4078000041-00&ServiceCd=430&Type=search", "url2": "http://jyuuren.or.jp/" }, "geometry": { "type": "Point", "coordinates": [ 130.487984500000039, 33.2523089 ] } },
{ "type": "Feature", "properties": { "内容": "公益社団法人福岡県看護協会　訪問看護ステーション「くるめ」【居宅介護支援】福岡県久留米市西町105番地18", "url": "https://www.kaigokensaku.mhlw.go.jp/40/index.php?action_kouhyou_detail_004_kani=true&JigyosyoCd=4062290046-00&ServiceCd=430&Type=search", "url2": null }, "geometry": { "type": "Point", "coordinates": [ 130.514005900000029, 33.2947636 ] } },
{ "type": "Feature", "properties": { "内容": "光寿苑ケアプランサービス【居宅介護支援】福岡県久留米市宮ノ陣町大杜467-1", "url": "https://www.kaigokensaku.mhlw.go.jp/40/index.php?action_kouhyou_detail_004_kani=true&JigyosyoCd=4071600300-00&ServiceCd=430&Type=search", "url2": "http://kojyuen.net/" }, "geometry": { "type": "Point", "coordinates": [ 130.545542699999942, 33.337080100000016 ] } },
{ "type": "Feature", "properties": { "内容": "ケアプランモモ【居宅介護支援】福岡県久留米市野伏間１丁目８-４６", "url": "https://www.kaigokensaku.mhlw.go.jp/40/index.php?action_kouhyou_detail_004_kani=true&JigyosyoCd=4071602231-00&ServiceCd=430&Type=search", "url2": "http//care-momo.com" }, "geometry": { "type": "Point", "coordinates": [ 130.510589982444827, 33.283904750238378 ] } },
{ "type": "Feature", "properties": { "内容": "ケアプランサービスふじの郷【居宅介護支援】福岡県久留米市白山町３９０番地齋藤醫院２階", "url": "https://www.kaigokensaku.mhlw.go.jp/40/index.php?action_kouhyou_detail_004_kani=true&JigyosyoCd=4071606224-00&ServiceCd=430&Type=search", "url2": "ｈｔｔｐ：//ｗｗｗ.ｆｕｊｉｎｏｓａｔｏ０８０１.ｃｏｍ/" }, "geometry": { "type": "Point", "coordinates": [ 130.499543817127261, 33.316442137382403 ] } },
{ "type": "Feature", "properties": { "内容": "桜十字ケアプランセンター花畑【居宅介護支援】福岡県久留米市西町914番地", "url": "https://www.kaigokensaku.mhlw.go.jp/40/index.php?action_kouhyou_detail_004_kani=true&JigyosyoCd=4071606521-00&ServiceCd=430&Type=search", "url2": "https://www.sj-hanabatake.jp/" }, "geometry": { "type": "Point", "coordinates": [ 130.519008433729567, 33.304776703914101 ] } },
{ "type": "Feature", "properties": { "内容": "敬愛ケアプラン【居宅介護支援】福岡県久留米市大善寺町宮本103番地8", "url": "https://www.kaigokensaku.mhlw.go.jp/40/index.php?action_kouhyou_detail_004_kani=true&JigyosyoCd=4071606653-00&ServiceCd=430&Type=search", "url2": null }, "geometry": { "type": "Point", "coordinates": [ 130.4901222, 33.281744 ] } },
{ "type": "Feature", "properties": { "内容": "ケアプラン下田【居宅介護支援】日ノ出町8-301号", "url": "https://www.kaigokensaku.mhlw.go.jp/40/index.php?action_kouhyou_detail_004_kani=true&JigyosyoCd=4071606992-00&ServiceCd=430&Type=search", "url2": null }, "geometry": { "type": "Point", "coordinates": [ 130.5142373, 33.322830300000035 ] } },
{ "type": "Feature", "properties": { "内容": "ニチイケアセンター東町【居宅介護支援】福岡県久留米市諏訪野町1814-4", "url": "https://www.kaigokensaku.mhlw.go.jp/40/index.php?action_kouhyou_detail_004_kani=true&JigyosyoCd=4071600847-00&ServiceCd=430&Type=search", "url2": null }, "geometry": { "type": "Point", "coordinates": [ 130.522838200000024, 33.3040293 ] } },
{ "type": "Feature", "properties": { "内容": "アップルハート久留米ケアプランセンター【居宅介護支援】福岡県久留米市原古賀町30-1IKEDAビル6F", "url": "https://www.kaigokensaku.mhlw.go.jp/40/index.php?action_kouhyou_detail_004_kani=true&JigyosyoCd=4071603346-00&ServiceCd=430&Type=search", "url2": "http://www.aso.-kaigo.jp" }, "geometry": { "type": "Point", "coordinates": [ 130.511470896380587, 33.310796914344898 ] } },
{ "type": "Feature", "properties": { "内容": "ケアプランセンター共生の里【居宅介護支援】福岡県久留米市荒木町白口1515", "url": "https://www.kaigokensaku.mhlw.go.jp/40/index.php?action_kouhyou_detail_004_kani=true&JigyosyoCd=4071603650-00&ServiceCd=430&Type=search", "url2": "http://ks-araki.jp/" }, "geometry": { "type": "Point", "coordinates": [ 130.511445431877178, 33.280864084603955 ] } },
{ "type": "Feature", "properties": { "内容": "ケアプランサービスつばさ【居宅介護支援】福岡県久留米市梅満町4-1在宅療養サポートセンター久留米", "url": "https://www.kaigokensaku.mhlw.go.jp/40/index.php?action_kouhyou_detail_004_kani=true&JigyosyoCd=4071604385-00&ServiceCd=430&Type=search", "url2": "www.ginnoan-tsubasa.com" }, "geometry": { "type": "Point", "coordinates": [ 130.4969797, 33.3080012 ] } },
{ "type": "Feature", "properties": { "内容": "居宅介護支援事業所くしはら【居宅介護支援】福岡県久留米市東櫛原町１３５６介護老人保健施設ヴィラくしはら", "url": "https://www.kaigokensaku.mhlw.go.jp/40/index.php?action_kouhyou_detail_004_kani=true&JigyosyoCd=4071605820-00&ServiceCd=430&Type=search", "url2": "http://www,villa-kushihara-or,jp/" }, "geometry": { "type": "Point", "coordinates": [ 130.522530500000016, 33.3242614 ] } },
{ "type": "Feature", "properties": { "内容": "ケアプランレオ【居宅介護支援】福岡県久留米市山川追分２丁目２番７号", "url": "https://www.kaigokensaku.mhlw.go.jp/40/index.php?action_kouhyou_detail_004_kani=true&JigyosyoCd=4071607792-00&ServiceCd=430&Type=search", "url2": "https://delsol-orange3.webnode.jp/" }, "geometry": { "type": "Point", "coordinates": [ 130.568303, 33.3151758 ] } },
{ "type": "Feature", "properties": { "内容": "ひじり園福祉相談センター【居宅介護支援】福岡県久留米市田主丸町石垣1291-6", "url": "https://www.kaigokensaku.mhlw.go.jp/40/index.php?action_kouhyou_detail_004_kani=true&JigyosyoCd=4077400051-00&ServiceCd=430&Type=search", "url2": "http://www16.ocn.ne.jp/~hijiri77/index.htm" }, "geometry": { "type": "Point", "coordinates": [ 130.70652670000004, 33.3265335 ] } },
{ "type": "Feature", "properties": { "内容": "明星苑居宅介護支援センター【居宅介護支援】福岡県久留米市国分町991-1", "url": "https://www.kaigokensaku.mhlw.go.jp/40/index.php?action_kouhyou_detail_004_kani=true&JigyosyoCd=4071600276-00&ServiceCd=430&Type=search", "url2": "http://www.tsuji-i.jp/" }, "geometry": { "type": "Point", "coordinates": [ 130.5474064, 33.2964807 ] } },
{ "type": "Feature", "properties": { "内容": "ヘルパーステーションすずらん【居宅介護支援】福岡県久留米市高良内町2347-204", "url": "https://www.kaigokensaku.mhlw.go.jp/40/index.php?action_kouhyou_detail_004_kani=true&JigyosyoCd=4071601241-00&ServiceCd=430&Type=search", "url2": null }, "geometry": { "type": "Point", "coordinates": [ 130.565858299999945, 33.2870097 ] } },
{ "type": "Feature", "properties": { "内容": "りんどうケアプランサービス【居宅介護支援】福岡県久留米市合川町416-1", "url": "https://www.kaigokensaku.mhlw.go.jp/40/index.php?action_kouhyou_detail_004_kani=true&JigyosyoCd=4071602934-00&ServiceCd=430&Type=search", "url2": "http://www" }, "geometry": { "type": "Point", "coordinates": [ 130.54459810000003, 33.3144735 ] } },
{ "type": "Feature", "properties": { "内容": "ケアプランサービスしんらい【居宅介護支援】久留米市宮ノ陣６丁目２３番３号", "url": "https://www.kaigokensaku.mhlw.go.jp/40/index.php?action_kouhyou_detail_004_kani=true&JigyosyoCd=4071603312-00&ServiceCd=430&Type=search", "url2": null }, "geometry": { "type": "Point", "coordinates": [ 130.541598600000043, 33.3316166 ] } },
{ "type": "Feature", "properties": { "内容": "ケアマネステーション千歳【居宅介護支援】久留米市御井町２１８４番地５", "url": "https://www.kaigokensaku.mhlw.go.jp/40/index.php?action_kouhyou_detail_004_kani=true&JigyosyoCd=4071603429-00&ServiceCd=430&Type=search", "url2": "https://chitose-gr.com/kurume/kurume01/" }, "geometry": { "type": "Point", "coordinates": [ 130.550172800000041, 33.2996888 ] } },
{ "type": "Feature", "properties": { "内容": "ケアプランセンターれんげ【居宅介護支援】福岡県久留米市田主丸町船越933番地2", "url": "https://www.kaigokensaku.mhlw.go.jp/40/index.php?action_kouhyou_detail_004_kani=true&JigyosyoCd=4071605291-00&ServiceCd=430&Type=search", "url2": "https://sls-renge.com" }, "geometry": { "type": "Point", "coordinates": [ 130.7111486, 33.3547841 ] } },
{ "type": "Feature", "properties": { "内容": "居宅支援センターしゃくなげ【居宅介護支援】福岡県久留米市高良内町769-1", "url": "https://www.kaigokensaku.mhlw.go.jp/40/index.php?action_kouhyou_detail_004_kani=true&JigyosyoCd=4071605655-00&ServiceCd=430&Type=search", "url2": null }, "geometry": { "type": "Point", "coordinates": [ 130.562619400000017, 33.2962921 ] } },
{ "type": "Feature", "properties": { "内容": "たきのケアプラン【居宅介護支援】福岡県久留米市津福本町491番地11", "url": "https://www.kaigokensaku.mhlw.go.jp/40/index.php?action_kouhyou_detail_004_kani=true&JigyosyoCd=4071606760-00&ServiceCd=430&Type=search", "url2": null }, "geometry": { "type": "Point", "coordinates": [ 130.51094850000004, 33.3004942 ] } },
{ "type": "Feature", "properties": { "内容": "スマートライフ　ケアプランサービス【居宅介護支援】福岡県久留米市西町130-1　古賀俊也歯科クリニック内", "url": "https://www.kaigokensaku.mhlw.go.jp/40/index.php?action_kouhyou_detail_004_kani=true&JigyosyoCd=4071606778-00&ServiceCd=430&Type=search", "url2": "smartlife-ds.com" }, "geometry": { "type": "Point", "coordinates": [ 130.515978496650604, 33.295154647042523 ] } },
{ "type": "Feature", "properties": { "内容": "ケアプランサービス小鳥【居宅介護支援】福岡県久留米市合川町1692-11ハイネス迎野203ハイネス迎野　203号", "url": "https://www.kaigokensaku.mhlw.go.jp/40/index.php?action_kouhyou_detail_004_kani=true&JigyosyoCd=4071607149-00&ServiceCd=430&Type=search", "url2": null }, "geometry": { "type": "Point", "coordinates": [ 130.532378333135199, 33.315007267031675 ] } },
{ "type": "Feature", "properties": { "内容": "１stpageけあまねさん【居宅介護支援】福岡県久留米市善導寺町与田217番地7", "url": "https://www.kaigokensaku.mhlw.go.jp/40/index.php?action_kouhyou_detail_004_kani=true&JigyosyoCd=4071607602-00&ServiceCd=430&Type=search", "url2": null }, "geometry": { "type": "Point", "coordinates": [ 130.600641599999989, 33.320095 ] } },
{ "type": "Feature", "properties": { "内容": "ケアプラン鈴くるめ【居宅介護支援】久留米市三潴町玉満3061－1カンファート三瀦101", "url": "https://www.kaigokensaku.mhlw.go.jp/40/index.php?action_kouhyou_detail_004_kani=true&JigyosyoCd=4071607750-00&ServiceCd=430&Type=search", "url2": "http://bloom-ltd.jp" }, "geometry": { "type": "Point", "coordinates": [ 130.462450078239868, 33.2521281919229 ] } },
{ "type": "Feature", "properties": { "内容": "独立行政法人地域医療機能推進機構　久留米総合病院附属居宅介護支援センター【居宅介護支援】福岡県久留米市櫛原町２１番地", "url": "https://www.kaigokensaku.mhlw.go.jp/40/index.php?action_kouhyou_detail_004_kani=true&JigyosyoCd=4071600623-00&ServiceCd=430&Type=search", "url2": "http://kurume.jcho.go.jp/" }, "geometry": { "type": "Point", "coordinates": [ 130.513678907409712, 33.318837603504043 ] } },
{ "type": "Feature", "properties": { "内容": "善導寺ケアプランサービスひまわり【居宅介護支援】福岡県久留米市善導寺町飯田1393-9", "url": "https://www.kaigokensaku.mhlw.go.jp/40/index.php?action_kouhyou_detail_004_kani=true&JigyosyoCd=4071601282-00&ServiceCd=430&Type=search", "url2": null }, "geometry": { "type": "Point", "coordinates": [ 130.616828299999952, 33.3260597 ] } },
{ "type": "Feature", "properties": { "内容": "いきいきリハビリケアプランサービス【居宅介護支援】福岡県久留米市安武町安武本3273-4", "url": "https://www.kaigokensaku.mhlw.go.jp/40/index.php?action_kouhyou_detail_004_kani=true&JigyosyoCd=4071602793-00&ServiceCd=430&Type=search", "url2": "http://www.iki2-k.com" }, "geometry": { "type": "Point", "coordinates": [ 130.490294807734699, 33.288191543082647 ] } },
{ "type": "Feature", "properties": { "内容": "居宅介護支援事業所　しらゆりの郷【居宅介護支援】福岡県久留米市小森野４－１－２２ケアタウンしらゆりの郷", "url": "https://www.kaigokensaku.mhlw.go.jp/40/index.php?action_kouhyou_detail_004_kani=true&JigyosyoCd=4071605440-00&ServiceCd=430&Type=search", "url2": null }, "geometry": { "type": "Point", "coordinates": [ 130.515115, 33.3342578 ] } },
{ "type": "Feature", "properties": { "内容": "ケアプランサービス・エイト【居宅介護支援】福岡県久留米市三瀦町生岩１２０９", "url": "https://www.kaigokensaku.mhlw.go.jp/40/index.php?action_kouhyou_detail_004_kani=true&JigyosyoCd=4071606554-00&ServiceCd=430&Type=search", "url2": null }, "geometry": { "type": "Point", "coordinates": [ 130.4540384, 33.2399938 ] } },
{ "type": "Feature", "properties": { "内容": "ケアプランサービスおおぞら【居宅介護支援】福岡県久留米市諏訪野町1775-2", "url": "https://www.kaigokensaku.mhlw.go.jp/40/index.php?action_kouhyou_detail_004_kani=true&JigyosyoCd=4071606752-00&ServiceCd=430&Type=search", "url2": "http://sannomiya-seikei.com/" }, "geometry": { "type": "Point", "coordinates": [ 130.5250936, 33.3018633 ] } },
{ "type": "Feature", "properties": { "内容": "心にスマイル　ケアプラン・サービス【居宅介護支援】久留米市本町3-3ロータリービル203", "url": "https://www.kaigokensaku.mhlw.go.jp/40/index.php?action_kouhyou_detail_004_kani=true&JigyosyoCd=4071606802-00&ServiceCd=430&Type=search", "url2": "https://www.cocoroni-smile.com/" }, "geometry": { "type": "Point", "coordinates": [ 130.509289985174632, 33.314476607770082 ] } },
{ "type": "Feature", "properties": { "内容": "秋吉内科ケアプランサービス【居宅介護支援】福岡県久留米市荘島町17－67", "url": "https://www.kaigokensaku.mhlw.go.jp/40/index.php?action_kouhyou_detail_004_kani=true&JigyosyoCd=4071606935-00&ServiceCd=430&Type=search", "url2": "http://akiyoshinaika.main.jp/komorebi" }, "geometry": { "type": "Point", "coordinates": [ 130.5077182, 33.3150202 ] } },
{ "type": "Feature", "properties": { "内容": "ケアプランあい【居宅介護支援】福岡県久留米市城島町城島105-4金光教城島教会内", "url": "https://www.kaigokensaku.mhlw.go.jp/40/index.php?action_kouhyou_detail_004_kani=true&JigyosyoCd=4071607073-00&ServiceCd=430&Type=search", "url2": "https://www.sara-fukusi.com/ai.php" }, "geometry": { "type": "Point", "coordinates": [ 130.429794351659353, 33.254380798799218 ] } },
{ "type": "Feature", "properties": { "内容": "ケアプランＴＡＳＵＫＩ久留米第１【居宅介護支援】福岡県久留米市三潴町高三潴288番地2", "url": "https://www.kaigokensaku.mhlw.go.jp/40/index.php?action_kouhyou_detail_004_kani=true&JigyosyoCd=4071607271-00&ServiceCd=430&Type=search", "url2": "https://tasuki.wixsite.com/tasuki-homepage-" }, "geometry": { "type": "Point", "coordinates": [ 130.46132030000004, 33.263205 ] } },
{ "type": "Feature", "properties": { "内容": "パスケアプランサービス【居宅介護支援】福岡県久留米市山川追分2丁目2番6号", "url": "https://www.kaigokensaku.mhlw.go.jp/40/index.php?action_kouhyou_detail_004_kani=true&JigyosyoCd=4091601577-00&ServiceCd=430&Type=search", "url2": null }, "geometry": { "type": "Point", "coordinates": [ 130.5681132, 33.3151749 ] } },
{ "type": "Feature", "properties": { "内容": "東町ケアプランサービス【居宅介護支援】福岡県久留米市通東町５番地16", "url": "https://www.kaigokensaku.mhlw.go.jp/40/index.php?action_kouhyou_detail_004_kani=true&JigyosyoCd=4071604054-00&ServiceCd=430&Type=search", "url2": null }, "geometry": { "type": "Point", "coordinates": [ 130.522691400000014, 33.3154314 ] } },
{ "type": "Feature", "properties": { "内容": "あいの里ケアプランセンター【居宅介護支援】山川安居野1-6-21特別養護老人ホームやまかわ内", "url": "https://www.kaigokensaku.mhlw.go.jp/40/index.php?action_kouhyou_detail_004_kani=true&JigyosyoCd=4071604690-00&ServiceCd=430&Type=search", "url2": "www.houseien.net/" }, "geometry": { "type": "Point", "coordinates": [ 130.568400428183992, 33.318440236221782 ] } },
{ "type": "Feature", "properties": { "内容": "サンカルナ久留米ケアプランセンター【居宅介護支援】福岡県久留米市津福本町198-2サンカルナ久留米", "url": "https://www.kaigokensaku.mhlw.go.jp/40/index.php?action_kouhyou_detail_004_kani=true&JigyosyoCd=4071607008-00&ServiceCd=430&Type=search", "url2": null }, "geometry": { "type": "Point", "coordinates": [ 130.5125363, 33.3012146 ] } },
{ "type": "Feature", "properties": { "内容": "ひまわりケアプランサービス【居宅介護支援】福岡県久留米市田主丸町田主丸1001-2", "url": "https://www.kaigokensaku.mhlw.go.jp/40/index.php?action_kouhyou_detail_004_kani=true&JigyosyoCd=4077400085-00&ServiceCd=430&Type=search", "url2": "https://seihoukai.or.jp/facility/careplan/" }, "geometry": { "type": "Point", "coordinates": [ 130.691210904980267, 33.336651634990368 ] } },
{ "type": "Feature", "properties": { "内容": "北野町在宅介護支援センター【居宅介護支援】福岡県久留米市北野町鳥巣36番地の1", "url": "https://www.kaigokensaku.mhlw.go.jp/40/index.php?action_kouhyou_detail_004_kani=true&JigyosyoCd=4077600023-00&ServiceCd=430&Type=search", "url2": "http://www.houseien.net/" }, "geometry": { "type": "Point", "coordinates": [ 130.58486419999997, 33.3349358 ] } },
{ "type": "Feature", "properties": { "内容": "スカイメディカルケアプランセンター【居宅介護支援】福岡県久留米市中央町35番地18エムコムビル5階", "url": "https://www.kaigokensaku.mhlw.go.jp/40/index.php?action_kouhyou_detail_004_kani=true&JigyosyoCd=4071606034-00&ServiceCd=430&Type=search", "url2": "https://skymedical.jp/" }, "geometry": { "type": "Point", "coordinates": [ 130.509220599999907, 33.317495 ] } },
{ "type": "Feature", "properties": { "内容": "高良台ケアプランサービス【居宅介護支援】福岡県久留米市荒木町荒木1993-2地域包括ケアステーション高良台", "url": "https://www.kaigokensaku.mhlw.go.jp/40/index.php?action_kouhyou_detail_004_kani=true&JigyosyoCd=4071600417-00&ServiceCd=430&Type=search", "url2": "http//www.kyueikai.jp/" }, "geometry": { "type": "Point", "coordinates": [ 130.540959015344242, 33.264003602735606 ] } },
{ "type": "Feature", "properties": { "内容": "ケアプランサービス紅葉樹【居宅介護支援】福岡県久留米市山本町豊田2061‐1", "url": "https://www.kaigokensaku.mhlw.go.jp/40/index.php?action_kouhyou_detail_004_kani=true&JigyosyoCd=4071602082-00&ServiceCd=430&Type=search", "url2": "http://www.hazenomikai.or.jp" }, "geometry": { "type": "Point", "coordinates": [ 130.59342259999994, 33.3089688 ] } },
{ "type": "Feature", "properties": { "内容": "ひまわり「快護」ステーション【居宅介護支援】福岡県久留米市三潴町西牟田９４番地６", "url": "https://www.kaigokensaku.mhlw.go.jp/40/index.php?action_kouhyou_detail_004_kani=true&JigyosyoCd=4071602801-00&ServiceCd=430&Type=search", "url2": "http://hp.kaipoke.biz/8ym/" }, "geometry": { "type": "Point", "coordinates": [ 130.485040300000037, 33.2539143 ] } },
{ "type": "Feature", "properties": { "内容": "アイ　けあぷらんさーびす【居宅介護支援】福岡県久留米市東合川１丁目６－１０ヤマダビル５０２号", "url": "https://www.kaigokensaku.mhlw.go.jp/40/index.php?action_kouhyou_detail_004_kani=true&JigyosyoCd=4071604922-00&ServiceCd=430&Type=search", "url2": null }, "geometry": { "type": "Point", "coordinates": [ 130.549245808398382, 33.3225882796824 ] } },
{ "type": "Feature", "properties": { "内容": "株式会社大城　風花ケアプランサービス【居宅介護支援】福岡県久留米市北野町金島１８７８番地１", "url": "https://www.kaigokensaku.mhlw.go.jp/40/index.php?action_kouhyou_detail_004_kani=true&JigyosyoCd=4071606133-00&ServiceCd=430&Type=search", "url2": null }, "geometry": { "type": "Point", "coordinates": [ 130.6156224, 33.3474438 ] } },
{ "type": "Feature", "properties": { "内容": "ケアプラン　りんだ【居宅介護支援】久留米市上津1丁目2番14号2", "url": "https://www.kaigokensaku.mhlw.go.jp/40/index.php?action_kouhyou_detail_004_kani=true&JigyosyoCd=4071606547-00&ServiceCd=430&Type=search", "url2": "http://www.manten1123.com" }, "geometry": { "type": "Point", "coordinates": [ 130.525332611758188, 33.288428987546766 ] } },
{ "type": "Feature", "properties": { "内容": "ケアプラン結心【居宅介護支援】福岡県久留米市国分町1436-6", "url": "https://www.kaigokensaku.mhlw.go.jp/40/index.php?action_kouhyou_detail_004_kani=true&JigyosyoCd=4071606968-00&ServiceCd=430&Type=search", "url2": null }, "geometry": { "type": "Point", "coordinates": [ 130.529466774609375, 33.299927882752435 ] } },
{ "type": "Feature", "properties": { "内容": "ケアプラン彩華【居宅介護支援】福岡県久留米市上津町１６６２番地３", "url": "https://www.kaigokensaku.mhlw.go.jp/40/index.php?action_kouhyou_detail_004_kani=true&JigyosyoCd=4071604336-00&ServiceCd=430&Type=search", "url2": "https://kksaika.com/" }, "geometry": { "type": "Point", "coordinates": [ 130.534068700000034, 33.2839707 ] } },
{ "type": "Feature", "properties": { "内容": "ケアプランセンター晴家(ハレルヤ)【居宅介護支援】北野町高良2168-1", "url": "https://www.kaigokensaku.mhlw.go.jp/40/index.php?action_kouhyou_detail_004_kani=true&JigyosyoCd=4071605499-00&ServiceCd=430&Type=search", "url2": null }, "geometry": { "type": "Point", "coordinates": [ 130.576647699999967, 33.3335166 ] } },
{ "type": "Feature", "properties": { "内容": "ケアプランピース【居宅介護支援】福岡県久留米市東櫛原町1509番地7", "url": "https://www.kaigokensaku.mhlw.go.jp/40/index.php?action_kouhyou_detail_004_kani=true&JigyosyoCd=4071606414-00&ServiceCd=430&Type=search", "url2": null }, "geometry": { "type": "Point", "coordinates": [ 130.524333100000035, 33.3205811 ] } },
{ "type": "Feature", "properties": { "内容": "ななせケアプランサービス【居宅介護支援】福岡県久留米市梅満町92番地1", "url": "https://www.kaigokensaku.mhlw.go.jp/40/index.php?action_kouhyou_detail_004_kani=true&JigyosyoCd=4071606638-00&ServiceCd=430&Type=search", "url2": "http://nanase-kaigo.com/" }, "geometry": { "type": "Point", "coordinates": [ 130.489412200000061, 33.3093472 ] } },
{ "type": "Feature", "properties": { "内容": "白ゆりケアプランサービス【居宅介護支援】福岡県久留米市荒木町荒木1129番地11", "url": "https://www.kaigokensaku.mhlw.go.jp/40/index.php?action_kouhyou_detail_004_kani=true&JigyosyoCd=4071602678-00&ServiceCd=430&Type=search", "url2": null }, "geometry": { "type": "Point", "coordinates": [ 130.505275675435513, 33.270230767869926 ] } },
{ "type": "Feature", "properties": { "内容": "ひいらぎケアプランセンター【居宅介護支援】福岡県久留米市西町451－6", "url": "https://www.kaigokensaku.mhlw.go.jp/40/index.php?action_kouhyou_detail_004_kani=true&JigyosyoCd=4071606208-00&ServiceCd=430&Type=search", "url2": "http//hp.kaipoke.biz/5cp/" }, "geometry": { "type": "Point", "coordinates": [ 130.515941699999985, 33.2987632 ] } },
{ "type": "Feature", "properties": { "内容": "毎日池﨑ケアプラン【居宅介護支援】福岡県久留米市梅満町１６２４－１－１１６号", "url": "https://www.kaigokensaku.mhlw.go.jp/40/index.php?action_kouhyou_detail_004_kani=true&JigyosyoCd=4071606265-00&ServiceCd=430&Type=search", "url2": null }, "geometry": { "type": "Point", "coordinates": [ 130.491552400000046, 33.3073345 ] } },
{ "type": "Feature", "properties": { "内容": "くすケアプランサービス【居宅介護支援】福岡県久留米市通町103番地15", "url": "https://www.kaigokensaku.mhlw.go.jp/40/index.php?action_kouhyou_detail_004_kani=true&JigyosyoCd=4071600425-00&ServiceCd=430&Type=search", "url2": "http//www.kusu.or.jp" }, "geometry": { "type": "Point", "coordinates": [ 130.516211500000054, 33.3163312 ] } },
{ "type": "Feature", "properties": { "内容": "西国分ケアプランサービス【居宅介護支援】福岡県久留米市野中町７７５番地３", "url": "https://www.kaigokensaku.mhlw.go.jp/40/index.php?action_kouhyou_detail_004_kani=true&JigyosyoCd=4071605812-00&ServiceCd=430&Type=search", "url2": null }, "geometry": { "type": "Point", "coordinates": [ 130.53326549999997, 33.3087959 ] } },
{ "type": "Feature", "properties": { "内容": "ケアプランありす【居宅介護支援】福岡県久留米市南２丁目２－６", "url": "https://www.kaigokensaku.mhlw.go.jp/40/index.php?action_kouhyou_detail_004_kani=true&JigyosyoCd=4071607982-00&ServiceCd=430&Type=search", "url2": "https://www.careplanarisu.net/" }, "geometry": { "type": "Point", "coordinates": [ 130.5208672, 33.2958841 ] } },
{ "type": "Feature", "properties": { "内容": "ケア２１久留米【居宅介護支援】福岡県久留米市西町９２２番２号花畑舛田ビル１階東号", "url": "https://www.kaigokensaku.mhlw.go.jp/40/index.php?action_kouhyou_detail_004_kani=true&JigyosyoCd=4071607990-00&ServiceCd=430&Type=search", "url2": null }, "geometry": { "type": "Point", "coordinates": [ 130.519271800000013, 33.3050452 ] } },
{ "type": "Feature", "properties": { "内容": "ケアプラン真久【居宅介護支援】福岡県直方市神正町２番１０号", "url": "https://www.kaigokensaku.mhlw.go.jp/40/index.php?action_kouhyou_detail_004_kani=true&JigyosyoCd=4071702643-00&ServiceCd=430&Type=search", "url2": "https://sitetrue.wixsite.com/careplanshinku" }, "geometry": { "type": "Point", "coordinates": [ 130.7227284, 33.7549112 ] } },
{ "type": "Feature", "properties": { "内容": "温故会すこやかケアプラン・サービス【居宅介護支援】福岡県直方市大字頓野975番地", "url": "https://www.kaigokensaku.mhlw.go.jp/40/index.php?action_kouhyou_detail_004_kani=true&JigyosyoCd=4071700241-00&ServiceCd=430&Type=search", "url2": "http://www.onkokai.jp/" }, "geometry": { "type": "Point", "coordinates": [ 130.758657500000027, 33.7602959 ] } },
{ "type": "Feature", "properties": { "内容": "ケアプラン　桔梗【居宅介護支援】福岡県直方市頓野3223番地4ソルマートビル107号", "url": "https://www.kaigokensaku.mhlw.go.jp/40/index.php?action_kouhyou_detail_004_kani=true&JigyosyoCd=4071700977-00&ServiceCd=430&Type=search", "url2": null }, "geometry": { "type": "Point", "coordinates": [ 130.74082771719668, 33.739247872810935 ] } },
{ "type": "Feature", "properties": { "内容": "芳寿園ケアプランサービス【居宅介護支援】福岡県直方市下境１７９４番地", "url": "https://www.kaigokensaku.mhlw.go.jp/40/index.php?action_kouhyou_detail_004_kani=true&JigyosyoCd=4071701140-00&ServiceCd=430&Type=search", "url2": "houjuen-nogatashi.jp" }, "geometry": { "type": "Point", "coordinates": [ 130.738110300000017, 33.7290439 ] } },
{ "type": "Feature", "properties": { "内容": "ケアプランセンター　くらじの里家【居宅介護支援】福岡県直方市須崎町6番3号", "url": "https://www.kaigokensaku.mhlw.go.jp/40/index.php?action_kouhyou_detail_004_kani=true&JigyosyoCd=4071702296-00&ServiceCd=430&Type=search", "url2": "http://kurajinosatoya.jp" }, "geometry": { "type": "Point", "coordinates": [ 130.7242134, 33.7513145 ] } },
{ "type": "Feature", "properties": { "内容": "介護支援相談センター　ゆうあい福智【居宅介護支援】福岡県直方市古町8番8号スカイパーク2", "url": "https://www.kaigokensaku.mhlw.go.jp/40/index.php?action_kouhyou_detail_004_kani=true&JigyosyoCd=4071700183-00&ServiceCd=430&Type=search", "url2": "kyotakuyuuai@yhaoo.jp.co" }, "geometry": { "type": "Point", "coordinates": [ 130.728629453828489, 33.747183636750449 ] } },
{ "type": "Feature", "properties": { "内容": "ケアプランサービス　しおり【居宅介護支援】福岡県直方市知古一丁目６番１号", "url": "https://www.kaigokensaku.mhlw.go.jp/40/index.php?action_kouhyou_detail_004_kani=true&JigyosyoCd=4071700712-00&ServiceCd=430&Type=search", "url2": null }, "geometry": { "type": "Point", "coordinates": [ 130.727397425526391, 33.753569042995863 ] } },
{ "type": "Feature", "properties": { "内容": "居宅介護支援事業所　長光園【居宅介護支援】福岡県直方市大字頓野２５９番地の５３", "url": "https://www.kaigokensaku.mhlw.go.jp/40/index.php?action_kouhyou_detail_004_kani=true&JigyosyoCd=4071701090-00&ServiceCd=430&Type=search", "url2": "http://www.seikou-kai.net/" }, "geometry": { "type": "Point", "coordinates": [ 130.765290400000026, 33.7530192 ] } },
{ "type": "Feature", "properties": { "内容": "ケアサポート　ひだまり【居宅介護支援】福岡県直方市頓野3836番地3", "url": "https://www.kaigokensaku.mhlw.go.jp/40/index.php?action_kouhyou_detail_004_kani=true&JigyosyoCd=4071701686-00&ServiceCd=430&Type=search", "url2": null }, "geometry": { "type": "Point", "coordinates": [ 130.738123299999984, 33.750294199999971 ] } },
{ "type": "Feature", "properties": { "内容": "社会保険直方病院ケアプランセンター【居宅介護支援】福岡県直方市須崎町1番1号", "url": "https://www.kaigokensaku.mhlw.go.jp/40/index.php?action_kouhyou_detail_004_kani=true&JigyosyoCd=4071702056-00&ServiceCd=430&Type=search", "url2": null }, "geometry": { "type": "Point", "coordinates": [ 130.725533915344272, 33.749359962307423 ] } },
{ "type": "Feature", "properties": { "内容": "アップルハート筑豊ケアプランセンター【居宅介護支援】福岡県直方市大字頓野1106-5", "url": "https://www.kaigokensaku.mhlw.go.jp/40/index.php?action_kouhyou_detail_004_kani=true&JigyosyoCd=4071701215-00&ServiceCd=430&Type=search", "url2": "http://www.aso-kaigo.jp" }, "geometry": { "type": "Point", "coordinates": [ 130.755522568572701, 33.758990051656781 ] } },
{ "type": "Feature", "properties": { "内容": "ケアプランみんなの家【居宅介護支援】福岡県直方市大字上頓野3635番地1", "url": "https://www.kaigokensaku.mhlw.go.jp/40/index.php?action_kouhyou_detail_004_kani=true&JigyosyoCd=4071702569-00&ServiceCd=430&Type=search", "url2": "http://minnanoie-nogata.com" }, "geometry": { "type": "Point", "coordinates": [ 130.783198362565599, 33.773894709304059 ] } },
{ "type": "Feature", "properties": { "内容": "ケアプランサービスあおぞら【居宅介護支援】植木509番地", "url": "https://www.kaigokensaku.mhlw.go.jp/40/index.php?action_kouhyou_detail_004_kani=true&JigyosyoCd=4071702593-00&ServiceCd=430&Type=search", "url2": "www.nogata-medical.com" }, "geometry": { "type": "Point", "coordinates": [ 131.6732244, 33.2224876 ] } },
{ "type": "Feature", "properties": { "内容": "健明会ケアプランセンター【居宅介護支援】直方市大字上新入２４９０－１４", "url": "https://www.kaigokensaku.mhlw.go.jp/40/index.php?action_kouhyou_detail_004_kani=true&JigyosyoCd=4071700142-00&ServiceCd=430&Type=search", "url2": "http://www.aomigp.or.jp" }, "geometry": { "type": "Point", "coordinates": [ 130.71439220000002, 33.7416589 ] } },
{ "type": "Feature", "properties": { "内容": "五月園相談支援センター【居宅介護支援】福岡県直方市大字上新入字和田2116-7", "url": "https://www.kaigokensaku.mhlw.go.jp/40/index.php?action_kouhyou_detail_004_kani=true&JigyosyoCd=4071700043-00&ServiceCd=430&Type=search", "url2": "https://tsukumo-kai.jp" }, "geometry": { "type": "Point", "coordinates": [ 130.711632933821676, 33.752237324212686 ] } },
{ "type": "Feature", "properties": { "内容": "直方鞍手医師会ケアプランサービス【居宅介護支援】福岡県直方市大字山部８０８番地１３", "url": "https://www.kaigokensaku.mhlw.go.jp/40/index.php?action_kouhyou_detail_004_kani=true&JigyosyoCd=4071700092-00&ServiceCd=430&Type=search", "url2": "http://chokuan-medical.jp/" }, "geometry": { "type": "Point", "coordinates": [ 130.717486300000019, 33.7438699 ] } },
{ "type": "Feature", "properties": { "内容": "ケアプランセンター　こころ【居宅介護支援】福岡県直方市古町10番13号", "url": "https://www.kaigokensaku.mhlw.go.jp/40/index.php?action_kouhyou_detail_004_kani=true&JigyosyoCd=4071701470-00&ServiceCd=430&Type=search", "url2": "http://fukushinin.co.jp/" }, "geometry": { "type": "Point", "coordinates": [ 130.727555021450058, 33.746657660414698 ] } },
{ "type": "Feature", "properties": { "内容": "なごみケアプランサービス【居宅介護支援】福岡県直方市上頓野２２３３−１０", "url": "https://www.kaigokensaku.mhlw.go.jp/40/index.php?action_kouhyou_detail_004_kani=true&JigyosyoCd=4071702023-00&ServiceCd=430&Type=search", "url2": null }, "geometry": { "type": "Point", "coordinates": [ 130.7620399, 33.7658222 ] } },
{ "type": "Feature", "properties": { "内容": "合同会社光　ケアプラン朝顔【居宅介護支援】福岡県直方市植木1180-1ミュールアコート103号", "url": "https://www.kaigokensaku.mhlw.go.jp/40/index.php?action_kouhyou_detail_004_kani=true&JigyosyoCd=4071702585-00&ServiceCd=430&Type=search", "url2": null }, "geometry": { "type": "Point", "coordinates": [ 130.7087075, 33.776919100000015 ] } },
{ "type": "Feature", "properties": { "内容": "ケアプランmomo【居宅介護支援】福岡県直方市植木520-1", "url": "https://www.kaigokensaku.mhlw.go.jp/40/index.php?action_kouhyou_detail_004_kani=true&JigyosyoCd=4071702668-00&ServiceCd=430&Type=search", "url2": null }, "geometry": { "type": "Point", "coordinates": [ 130.713525073016399, 33.773754627090874 ] } },
{ "type": "Feature", "properties": { "内容": "ケアプランみのり【居宅介護支援】福岡県直方市大字永満寺2559番地14", "url": "https://www.kaigokensaku.mhlw.go.jp/40/index.php?action_kouhyou_detail_004_kani=true&JigyosyoCd=4071702486-00&ServiceCd=430&Type=search", "url2": null }, "geometry": { "type": "Point", "coordinates": [ 130.771596599999981, 33.735481600000021 ] } },
{ "type": "Feature", "properties": { "内容": "惠　ケアプランセンター【居宅介護支援】福岡県飯塚市有井２７０番地７", "url": "https://www.kaigokensaku.mhlw.go.jp/40/index.php?action_kouhyou_detail_004_kani=true&JigyosyoCd=4071803359-00&ServiceCd=430&Type=search", "url2": null }, "geometry": { "type": "Point", "coordinates": [ 130.722251300000039, 33.648885 ] } },
{ "type": "Feature", "properties": { "内容": "惠　ケアプランセンター【居宅介護支援】福岡県飯塚市鯰田2359番地2", "url": "https://www.kaigokensaku.mhlw.go.jp/40/index.php?action_kouhyou_detail_004_kani=true&JigyosyoCd=4071804506-00&ServiceCd=430&Type=search", "url2": null }, "geometry": { "type": "Point", "coordinates": [ 130.6979915, 33.6583331 ] } },
{ "type": "Feature", "properties": { "内容": "ケアプランセンターゆめの樹【居宅介護支援】福岡県飯塚市綱分1170-4", "url": "https://www.kaigokensaku.mhlw.go.jp/40/index.php?action_kouhyou_detail_004_kani=true&JigyosyoCd=4071804514-00&ServiceCd=430&Type=search", "url2": "www.yumenoki.jo" }, "geometry": { "type": "Point", "coordinates": [ 130.7291674, 33.6239656 ] } },
{ "type": "Feature", "properties": { "内容": "庄内ケアプランセンター【居宅介護支援】福岡県飯塚市有安112番地15", "url": "https://www.kaigokensaku.mhlw.go.jp/40/index.php?action_kouhyou_detail_004_kani=true&JigyosyoCd=4071802104-00&ServiceCd=430&Type=search", "url2": "yamabiko-01@ari.bbiq.jp" }, "geometry": { "type": "Point", "coordinates": [ 130.734608900000012, 33.64257558872594 ] } },
{ "type": "Feature", "properties": { "内容": "ほたるケアプランセンター【居宅介護支援】福岡県飯塚市小正８３８番地１", "url": "https://www.kaigokensaku.mhlw.go.jp/40/index.php?action_kouhyou_detail_004_kani=true&JigyosyoCd=4071803375-00&ServiceCd=430&Type=search", "url2": null }, "geometry": { "type": "Point", "coordinates": [ 130.655482216880216, 33.624259388417443 ] } },
{ "type": "Feature", "properties": { "内容": "まちなか介護相談所こころ【居宅介護支援】飯塚１３－４", "url": "https://www.kaigokensaku.mhlw.go.jp/40/index.php?action_kouhyou_detail_004_kani=true&JigyosyoCd=4071804050-00&ServiceCd=430&Type=search", "url2": null }, "geometry": { "type": "Point", "coordinates": [ 130.685393299999987, 33.6364751 ] } },
{ "type": "Feature", "properties": { "内容": "株式会社きずな在宅ケアセンター【居宅介護支援】福岡県飯塚市鶴三緒１５４６－３", "url": "https://www.kaigokensaku.mhlw.go.jp/40/index.php?action_kouhyou_detail_004_kani=true&JigyosyoCd=4071804340-00&ServiceCd=430&Type=search", "url2": "https://mieko-neurologyclinic.com/careplan/" }, "geometry": { "type": "Point", "coordinates": [ 130.7009424, 33.6239463 ] } },
{ "type": "Feature", "properties": { "内容": "瑞穂の郷ケアプランセンター【居宅介護支援】福岡県飯塚市大分154-1", "url": "https://www.kaigokensaku.mhlw.go.jp/40/index.php?action_kouhyou_detail_004_kani=true&JigyosyoCd=4076100157-00&ServiceCd=430&Type=search", "url2": "https://care-net.biz/40/mizuhonosato/" }, "geometry": { "type": "Point", "coordinates": [ 130.635162600000058, 33.5820684 ] } },
{ "type": "Feature", "properties": { "内容": "松口ケアプランセンター【居宅介護支援】楽市125番地2", "url": "https://www.kaigokensaku.mhlw.go.jp/40/index.php?action_kouhyou_detail_004_kani=true&JigyosyoCd=4071803185-00&ServiceCd=430&Type=search", "url2": "kyotaku.matsuguchi@gmail.com" }, "geometry": { "type": "Point", "coordinates": [ 130.679934000481779, 33.61494938728103 ] } },
{ "type": "Feature", "properties": { "内容": "いずみケアプランセンター【居宅介護支援】福岡県飯塚市庄司1878番地2", "url": "https://www.kaigokensaku.mhlw.go.jp/40/index.php?action_kouhyou_detail_004_kani=true&JigyosyoCd=4071800322-00&ServiceCd=430&Type=search", "url2": "http://www.izumifukushikai.com/" }, "geometry": { "type": "Point", "coordinates": [ 130.660788300000036, 33.673417300000011 ] } },
{ "type": "Feature", "properties": { "内容": "ケアプランセンター　風の丘【居宅介護支援】福岡県飯塚市伊岐須７７９番地１５", "url": "https://www.kaigokensaku.mhlw.go.jp/40/index.php?action_kouhyou_detail_004_kani=true&JigyosyoCd=4071802864-00&ServiceCd=430&Type=search", "url2": null }, "geometry": { "type": "Point", "coordinates": [ 130.656925335581946, 33.655352727586219 ] } },
{ "type": "Feature", "properties": { "内容": "かえでケアプラン【居宅介護支援】福岡県飯塚市下三緒35番地706", "url": "https://www.kaigokensaku.mhlw.go.jp/40/index.php?action_kouhyou_detail_004_kani=true&JigyosyoCd=4071803748-00&ServiceCd=430&Type=search", "url2": null }, "geometry": { "type": "Point", "coordinates": [ 130.7127964, 33.6350088 ] } },
{ "type": "Feature", "properties": { "内容": "ケアプランセンターねね【居宅介護支援】椋本126番地3", "url": "https://www.kaigokensaku.mhlw.go.jp/40/index.php?action_kouhyou_detail_004_kani=true&JigyosyoCd=4071804019-00&ServiceCd=430&Type=search", "url2": null }, "geometry": { "type": "Point", "coordinates": [ 130.655051128836021, 33.607063542181123 ] } },
{ "type": "Feature", "properties": { "内容": "心愛ケアプランセンター【居宅介護支援】福岡県飯塚市柏の森36－5", "url": "https://www.kaigokensaku.mhlw.go.jp/40/index.php?action_kouhyou_detail_004_kani=true&JigyosyoCd=4071804373-00&ServiceCd=430&Type=search", "url2": null }, "geometry": { "type": "Point", "coordinates": [ 130.7072344, 33.6433735 ] } },
{ "type": "Feature", "properties": { "内容": "青い鳥ケアプランセンター【居宅介護支援】福岡県飯塚市横田772番地7-102", "url": "https://www.kaigokensaku.mhlw.go.jp/40/index.php?action_kouhyou_detail_004_kani=true&JigyosyoCd=4071802120-00&ServiceCd=430&Type=search", "url2": null }, "geometry": { "type": "Point", "coordinates": [ 130.668723436354099, 33.649333896740934 ] } },
{ "type": "Feature", "properties": { "内容": "あどけあ福祉相談所【居宅介護支援】福岡県飯塚市有井334番地1鳥羽テナント101号", "url": "https://www.kaigokensaku.mhlw.go.jp/40/index.php?action_kouhyou_detail_004_kani=true&JigyosyoCd=4071803441-00&ServiceCd=430&Type=search", "url2": null }, "geometry": { "type": "Point", "coordinates": [ 130.721158059509662, 33.646848535359766 ] } },
{ "type": "Feature", "properties": { "内容": "Bean'sケアプランサービス【居宅介護支援】福岡県飯塚市小正780番地17", "url": "https://www.kaigokensaku.mhlw.go.jp/40/index.php?action_kouhyou_detail_004_kani=true&JigyosyoCd=4071804134-00&ServiceCd=430&Type=search", "url2": "http://hp.kaipoke.biz/pkb/" }, "geometry": { "type": "Point", "coordinates": [ 130.6589035, 33.6237609 ] } },
{ "type": "Feature", "properties": { "内容": "社会福祉法人飯塚市社会福祉協議会飯塚支所指定居宅介護支援事業所【居宅介護支援】福岡県飯塚市柏の森956-4", "url": "https://www.kaigokensaku.mhlw.go.jp/40/index.php?action_kouhyou_detail_004_kani=true&JigyosyoCd=4071800017-00&ServiceCd=430&Type=search", "url2": null }, "geometry": { "type": "Point", "coordinates": [ 130.6958945, 33.642644 ] } },
{ "type": "Feature", "properties": { "内容": "飯塚記念病院ケアプランセンター【居宅介護支援】福岡県飯塚市鶴三緒1452-2", "url": "https://www.kaigokensaku.mhlw.go.jp/40/index.php?action_kouhyou_detail_004_kani=true&JigyosyoCd=4071803821-00&ServiceCd=430&Type=search", "url2": "https://www.iizukakinen.jp/care_support/careplan" }, "geometry": { "type": "Point", "coordinates": [ 130.696545465606732, 33.625232207938097 ] } },
{ "type": "Feature", "properties": { "内容": "ケアプランセンターぽむ【居宅介護支援】福岡県飯塚市鯰田１５２６ー１４３", "url": "https://www.kaigokensaku.mhlw.go.jp/40/index.php?action_kouhyou_detail_004_kani=true&JigyosyoCd=4071804415-00&ServiceCd=430&Type=search", "url2": "https://palm-fukushi.com/care-pomu/" }, "geometry": { "type": "Point", "coordinates": [ 130.70537010000001, 33.6601198 ] } },
{ "type": "Feature", "properties": { "内容": "社会福祉法人　飯塚市社会福祉協議会　穂波支所　ケアプランセンター【居宅介護支援】福岡県飯塚市忠隈522番地3", "url": "https://www.kaigokensaku.mhlw.go.jp/40/index.php?action_kouhyou_detail_004_kani=true&JigyosyoCd=4076200023-00&ServiceCd=430&Type=search", "url2": null }, "geometry": { "type": "Point", "coordinates": [ 130.6814283, 33.6192894 ] } },
{ "type": "Feature", "properties": { "内容": "多田の里居宅介護支援事業所【居宅介護支援】福岡県飯塚市多田309番地11", "url": "https://www.kaigokensaku.mhlw.go.jp/40/index.php?action_kouhyou_detail_004_kani=true&JigyosyoCd=4076300039-00&ServiceCd=430&Type=search", "url2": "http://tadanosato.jp/" }, "geometry": { "type": "Point", "coordinates": [ 130.741997399999946, 33.6439695 ] } },
{ "type": "Feature", "properties": { "内容": "アップルハート柏の森ケアプランセンター【居宅介護支援】福岡県飯塚市芳雄町６番９号", "url": "https://www.kaigokensaku.mhlw.go.jp/40/index.php?action_kouhyou_detail_004_kani=true&JigyosyoCd=4071800033-00&ServiceCd=430&Type=search", "url2": "http://www.aso-group.co.jp/ams" }, "geometry": { "type": "Point", "coordinates": [ 130.692033757133487, 33.640539041551165 ] } },
{ "type": "Feature", "properties": { "内容": "飯塚病院介護保険支援室【居宅介護支援】福岡県飯塚市芳雄町3番83号", "url": "https://www.kaigokensaku.mhlw.go.jp/40/index.php?action_kouhyou_detail_004_kani=true&JigyosyoCd=4071800132-00&ServiceCd=430&Type=search", "url2": null }, "geometry": { "type": "Point", "coordinates": [ 130.692159484794644, 33.642231753061139 ] } },
{ "type": "Feature", "properties": { "内容": "モアナ介護相談所【居宅介護支援】福岡県飯塚市新飯塚19-31", "url": "https://www.kaigokensaku.mhlw.go.jp/40/index.php?action_kouhyou_detail_004_kani=true&JigyosyoCd=4071804464-00&ServiceCd=430&Type=search", "url2": null }, "geometry": { "type": "Point", "coordinates": [ 130.6911835, 33.6442779 ] } },
{ "type": "Feature", "properties": { "内容": "飯塚医師会ケアプランサービス【居宅介護支援】福岡県飯塚市吉原町1番1号", "url": "https://www.kaigokensaku.mhlw.go.jp/40/index.php?action_kouhyou_detail_004_kani=true&JigyosyoCd=4071800181-00&ServiceCd=430&Type=search", "url2": "ima-houmonkango-st@iizuka-med.or.jp" }, "geometry": { "type": "Point", "coordinates": [ 130.685826298703006, 33.641209666963142 ] } },
{ "type": "Feature", "properties": { "内容": "ケアプランセンター　弘藤【居宅介護支援】福岡県飯塚市南尾337番地9", "url": "https://www.kaigokensaku.mhlw.go.jp/40/index.php?action_kouhyou_detail_004_kani=true&JigyosyoCd=4071803813-00&ServiceCd=430&Type=search", "url2": null }, "geometry": { "type": "Point", "coordinates": [ 130.683598928836091, 33.614764425955386 ] } },
{ "type": "Feature", "properties": { "内容": "嘉飯山ケアプランセンター【居宅介護支援】福岡県飯塚市多田270番地1ボーシャンブル202号", "url": "https://www.kaigokensaku.mhlw.go.jp/40/index.php?action_kouhyou_detail_004_kani=true&JigyosyoCd=4071804449-00&ServiceCd=430&Type=search", "url2": null }, "geometry": { "type": "Point", "coordinates": [ 130.735983, 33.6454973 ] } },
{ "type": "Feature", "properties": { "内容": "ケアプランさち【居宅介護支援】福岡県飯塚市潤野806番地9", "url": "https://www.kaigokensaku.mhlw.go.jp/40/index.php?action_kouhyou_detail_004_kani=true&JigyosyoCd=4071804266-00&ServiceCd=430&Type=search", "url2": null }, "geometry": { "type": "Point", "coordinates": [ 130.6552663, 33.6322821 ] } },
{ "type": "Feature", "properties": { "内容": "ベストライフ株式会社東ヶ丘居宅介護支援センター【居宅介護支援】福岡県飯塚市有安1025-7", "url": "https://www.kaigokensaku.mhlw.go.jp/40/index.php?action_kouhyou_detail_004_kani=true&JigyosyoCd=4071801247-00&ServiceCd=430&Type=search", "url2": "https://www.best-fukushi.co.jp/" }, "geometry": { "type": "Point", "coordinates": [ 130.684523200000058, 33.6374667 ] } },
{ "type": "Feature", "properties": { "内容": "ケアプランサービスくぬぎ苑【居宅介護支援】福岡県飯塚市相田114-1", "url": "https://www.kaigokensaku.mhlw.go.jp/40/index.php?action_kouhyou_detail_004_kani=true&JigyosyoCd=4071801494-00&ServiceCd=430&Type=search", "url2": null }, "geometry": { "type": "Point", "coordinates": [ 130.661780200000067, 33.6570109 ] } },
{ "type": "Feature", "properties": { "内容": "麒麟ケアプランセンター【居宅介護支援】有安264コーポいとう103", "url": "https://www.kaigokensaku.mhlw.go.jp/40/index.php?action_kouhyou_detail_004_kani=true&JigyosyoCd=4071803029-00&ServiceCd=430&Type=search", "url2": null }, "geometry": { "type": "Point", "coordinates": [ 130.730581013258814, 33.644268813114557 ] } },
{ "type": "Feature", "properties": { "内容": "ケアプランセンターぎんが【居宅介護支援】福岡県飯塚市枝国429番地", "url": "https://www.kaigokensaku.mhlw.go.jp/40/index.php?action_kouhyou_detail_004_kani=true&JigyosyoCd=4071803870-00&ServiceCd=430&Type=search", "url2": null }, "geometry": { "type": "Point", "coordinates": [ 130.670141300000068, 33.6331417 ] } },
{ "type": "Feature", "properties": { "内容": "ケアプランセンターいろは【居宅介護支援】福岡県飯塚市北古賀598番地", "url": "https://www.kaigokensaku.mhlw.go.jp/40/index.php?action_kouhyou_detail_004_kani=true&JigyosyoCd=4071804431-00&ServiceCd=430&Type=search", "url2": null }, "geometry": { "type": "Point", "coordinates": [ 130.6508751, 33.5830026 ] } },
{ "type": "Feature", "properties": { "内容": "はくりゅう園指定居宅介護支援事業所【居宅介護支援】福岡県飯塚市綱分192番地1", "url": "https://www.kaigokensaku.mhlw.go.jp/40/index.php?action_kouhyou_detail_004_kani=true&JigyosyoCd=4076300013-00&ServiceCd=430&Type=search", "url2": "http://hakuryuen.net" }, "geometry": { "type": "Point", "coordinates": [ 130.73741025413662, 33.628167859409459 ] } },
{ "type": "Feature", "properties": { "内容": "ケアプランセンター夢結【居宅介護支援】福岡県飯塚市鯰田2425番地206", "url": "https://www.kaigokensaku.mhlw.go.jp/40/index.php?action_kouhyou_detail_004_kani=true&JigyosyoCd=4071803938-00&ServiceCd=430&Type=search", "url2": "https://www.rasoumu.co.jp/" }, "geometry": { "type": "Point", "coordinates": [ 130.695774799999981, 33.6585498 ] } },
{ "type": "Feature", "properties": { "内容": "アーバンケアプランセンター【居宅介護支援】福岡県飯塚市片島1丁目2番13号アーバン片島405号", "url": "https://www.kaigokensaku.mhlw.go.jp/40/index.php?action_kouhyou_detail_004_kani=true&JigyosyoCd=4071803979-00&ServiceCd=430&Type=search", "url2": null }, "geometry": { "type": "Point", "coordinates": [ 130.6838656, 33.6440335 ] } },
{ "type": "Feature", "properties": { "内容": "祐愛ケアプランセンター【居宅介護支援】福岡県飯塚市大日寺228番地１", "url": "https://www.kaigokensaku.mhlw.go.jp/40/index.php?action_kouhyou_detail_004_kani=true&JigyosyoCd=4071804100-00&ServiceCd=430&Type=search", "url2": null }, "geometry": { "type": "Point", "coordinates": [ 130.648545500000012, 33.6354728 ] } },
{ "type": "Feature", "properties": { "内容": "ケアプランセンター紅仙【居宅介護支援】飯塚市平恒437番地", "url": "https://www.kaigokensaku.mhlw.go.jp/40/index.php?action_kouhyou_detail_004_kani=true&JigyosyoCd=4071804308-00&ServiceCd=430&Type=search", "url2": null }, "geometry": { "type": "Point", "coordinates": [ 130.6940076, 33.6072202 ] } },
{ "type": "Feature", "properties": { "内容": "つばき苑ケアプランサービス【居宅介護支援】福岡県飯塚市椿623番地8", "url": "https://www.kaigokensaku.mhlw.go.jp/40/index.php?action_kouhyou_detail_004_kani=true&JigyosyoCd=4076200080-00&ServiceCd=430&Type=search", "url2": null }, "geometry": { "type": "Point", "coordinates": [ 130.652684499475072, 33.618882316723017 ] } },
{ "type": "Feature", "properties": { "内容": "もみの木ケアプランセンター【居宅介護支援】福岡県飯塚市若菜256番地77", "url": "https://www.kaigokensaku.mhlw.go.jp/40/index.php?action_kouhyou_detail_004_kani=true&JigyosyoCd=4075700262-00&ServiceCd=430&Type=search", "url2": "http://www.humanholdings.jp/" }, "geometry": { "type": "Point", "coordinates": [ 130.670174812156546, 33.629229063640459 ] } },
{ "type": "Feature", "properties": { "内容": "かいた福祉会　介護支援センター飯塚【居宅介護支援】福岡県飯塚市新飯塚１２-１３", "url": "https://www.kaigokensaku.mhlw.go.jp/40/index.php?action_kouhyou_detail_004_kani=true&JigyosyoCd=4076400078-00&ServiceCd=430&Type=search", "url2": null }, "geometry": { "type": "Point", "coordinates": [ 130.692027899999971, 33.6451882 ] } },
{ "type": "Feature", "properties": { "内容": "ケアプランセンターつの【居宅介護支援】長尾1170番地3", "url": "https://www.kaigokensaku.mhlw.go.jp/40/index.php?action_kouhyou_detail_004_kani=true&JigyosyoCd=4071804035-00&ServiceCd=430&Type=search", "url2": null }, "geometry": { "type": "Point", "coordinates": [ 130.6500534, 33.570911 ] } },
{ "type": "Feature", "properties": { "内容": "ケアプランセンターカラフル【居宅介護支援】福岡県飯塚市横田595-7", "url": "https://www.kaigokensaku.mhlw.go.jp/40/index.php?action_kouhyou_detail_004_kani=true&JigyosyoCd=4071804589-00&ServiceCd=430&Type=search", "url2": null }, "geometry": { "type": "Point", "coordinates": [ 130.669758895357887, 33.641068625568515 ] } },
{ "type": "Feature", "properties": { "内容": "ちくほう結ケアプランサービス【居宅介護支援】福岡県田川市大字糒2156番地1", "url": "https://www.kaigokensaku.mhlw.go.jp/40/index.php?action_kouhyou_detail_004_kani=true&JigyosyoCd=4071902177-00&ServiceCd=430&Type=search", "url2": "http://chikuhouyui.com/" }, "geometry": { "type": "Point", "coordinates": [ 130.795747099999971, 33.6621276 ] } },
{ "type": "Feature", "properties": { "内容": "ケアプランセンター伊加利【居宅介護支援】福岡県田川市大字伊加利1948-25", "url": "https://www.kaigokensaku.mhlw.go.jp/40/index.php?action_kouhyou_detail_004_kani=true&JigyosyoCd=4071902797-00&ServiceCd=430&Type=search", "url2": null }, "geometry": { "type": "Point", "coordinates": [ 130.826501600000029, 33.6310864 ] } },
{ "type": "Feature", "properties": { "内容": "ケアプランセンター和【居宅介護支援】福岡県田川市大字川宮1627番地7", "url": "https://www.kaigokensaku.mhlw.go.jp/40/index.php?action_kouhyou_detail_004_kani=true&JigyosyoCd=4071902292-00&ServiceCd=430&Type=search", "url2": null }, "geometry": { "type": "Point", "coordinates": [ 130.803196457147237, 33.641233488113706 ] } },
{ "type": "Feature", "properties": { "内容": "岡部内科循環器科ケアプランセンター【居宅介護支援】福岡県田川市平松町１３番６号", "url": "https://www.kaigokensaku.mhlw.go.jp/40/index.php?action_kouhyou_detail_004_kani=true&JigyosyoCd=4071900569-00&ServiceCd=430&Type=search", "url2": null }, "geometry": { "type": "Point", "coordinates": [ 130.857633399999941, 33.5659365 ] } },
{ "type": "Feature", "properties": { "内容": "すこやかケアプランサービス【居宅介護支援】福岡県田川市西本町4番49号MKハイツ西本町3号", "url": "https://www.kaigokensaku.mhlw.go.jp/40/index.php?action_kouhyou_detail_004_kani=true&JigyosyoCd=4071902888-00&ServiceCd=430&Type=search", "url2": null }, "geometry": { "type": "Point", "coordinates": [ 130.794639280287129, 33.624811190860491 ] } },
{ "type": "Feature", "properties": { "内容": "有限会社　ケアプランセンター・わたなべ【居宅介護支援】福岡県田川市大字伊加利８１２番地の1", "url": "https://www.kaigokensaku.mhlw.go.jp/40/index.php?action_kouhyou_detail_004_kani=true&JigyosyoCd=4071901161-00&ServiceCd=430&Type=search", "url2": "watamk0029@clock.ocn.ne.jp" }, "geometry": { "type": "Point", "coordinates": [ 130.834909599999918, 33.6264816 ] } },
{ "type": "Feature", "properties": { "内容": "ことぶき園居宅介護支援事業所【居宅介護支援】福岡県田川市大字伊田４３１－１", "url": "https://www.kaigokensaku.mhlw.go.jp/40/index.php?action_kouhyou_detail_004_kani=true&JigyosyoCd=4071902284-00&ServiceCd=430&Type=search", "url2": "newlife@hi.enjoy.ne.jp" }, "geometry": { "type": "Point", "coordinates": [ 130.837786700000038, 33.6427549 ] } },
{ "type": "Feature", "properties": { "内容": "ケアプランライフ【居宅介護支援】福岡県田川市大字糒189番地1", "url": "https://www.kaigokensaku.mhlw.go.jp/40/index.php?action_kouhyou_detail_004_kani=true&JigyosyoCd=4071902839-00&ServiceCd=430&Type=search", "url2": null }, "geometry": { "type": "Point", "coordinates": [ 130.809807500000034, 33.6569392 ] } },
{ "type": "Feature", "properties": { "内容": "未来ケアプラン【居宅介護支援】福岡県田川市大字伊田1516-1-2MKハイツ上伊田１　MK-2", "url": "https://www.kaigokensaku.mhlw.go.jp/40/index.php?action_kouhyou_detail_004_kani=true&JigyosyoCd=4071902912-00&ServiceCd=430&Type=search", "url2": "https://www.mirai-care-service.com" }, "geometry": { "type": "Point", "coordinates": [ 130.831452358119236, 33.649459683156955 ] } },
{ "type": "Feature", "properties": { "内容": "ケアプランセンターあさがお【居宅介護支援】福岡県田川市大字伊加利2211番地14ビレッジAKANE101号", "url": "https://www.kaigokensaku.mhlw.go.jp/40/index.php?action_kouhyou_detail_004_kani=true&JigyosyoCd=4071902953-00&ServiceCd=430&Type=search", "url2": null }, "geometry": { "type": "Point", "coordinates": [ 130.82212329999993, 33.6316803 ] } },
{ "type": "Feature", "properties": { "内容": "社会福祉支援センター凛【居宅介護支援】福岡県田川市大字夏吉1258番地88", "url": "https://www.kaigokensaku.mhlw.go.jp/40/index.php?action_kouhyou_detail_004_kani=true&JigyosyoCd=4071903001-00&ServiceCd=430&Type=search", "url2": null }, "geometry": { "type": "Point", "coordinates": [ 130.822370299999989, 33.656116 ] } },
{ "type": "Feature", "properties": { "内容": "アイリスケアプランセンター【居宅介護支援】福岡県田川市川宮1055-1", "url": "https://www.kaigokensaku.mhlw.go.jp/40/index.php?action_kouhyou_detail_004_kani=true&JigyosyoCd=4079600914-00&ServiceCd=430&Type=search", "url2": null }, "geometry": { "type": "Point", "coordinates": [ 130.795433451665758, 33.641208846459605 ] } },
{ "type": "Feature", "properties": { "内容": "有限会社　田川メディカルサービス【居宅介護支援】福岡県田川市春日町3番2号", "url": "https://www.kaigokensaku.mhlw.go.jp/40/index.php?action_kouhyou_detail_004_kani=true&JigyosyoCd=4071900619-00&ServiceCd=430&Type=search", "url2": null }, "geometry": { "type": "Point", "coordinates": [ 130.797906798147579, 33.629904393830856 ] } },
{ "type": "Feature", "properties": { "内容": "寿楽園居宅介護支援事業所【居宅介護支援】福岡県田川市大字伊加利2096番地", "url": "https://www.kaigokensaku.mhlw.go.jp/40/index.php?action_kouhyou_detail_004_kani=true&JigyosyoCd=4071900288-00&ServiceCd=430&Type=search", "url2": "http://jyurakuen.or.jp/" }, "geometry": { "type": "Point", "coordinates": [ 130.832531731352219, 33.618450762673298 ] } },
{ "type": "Feature", "properties": { "内容": "ケアプラン　みそら【居宅介護支援】田川市大字川宮349番地6", "url": "https://www.kaigokensaku.mhlw.go.jp/40/index.php?action_kouhyou_detail_004_kani=true&JigyosyoCd=4071902524-00&ServiceCd=430&Type=search", "url2": "misora105@apost.plala.or.jp" }, "geometry": { "type": "Point", "coordinates": [ 130.787580890708909, 33.638744969501985 ] } },
{ "type": "Feature", "properties": { "内容": "ケアプランたんと【居宅介護支援】福岡県田川市大字弓削田341－1", "url": "https://www.kaigokensaku.mhlw.go.jp/40/index.php?action_kouhyou_detail_004_kani=true&JigyosyoCd=4071903100-00&ServiceCd=430&Type=search", "url2": null }, "geometry": { "type": "Point", "coordinates": [ 130.790415712476374, 33.635356911680759 ] } },
{ "type": "Feature", "properties": { "内容": "社会福祉法人猪位金福祉会　暖家の丘ケアプランサービス【居宅介護支援】福岡県田川市大字糒824-20", "url": "https://www.kaigokensaku.mhlw.go.jp/40/index.php?action_kouhyou_detail_004_kani=true&JigyosyoCd=4071900163-00&ServiceCd=430&Type=search", "url2": "http://dankenooka.net" }, "geometry": { "type": "Point", "coordinates": [ 130.805121244423873, 33.657726083714401 ] } },
{ "type": "Feature", "properties": { "内容": "田川新生病院ケアプランセンター【居宅介護支援】福岡県田川市大字夏吉3638番地", "url": "https://www.kaigokensaku.mhlw.go.jp/40/index.php?action_kouhyou_detail_004_kani=true&JigyosyoCd=4071901815-00&ServiceCd=430&Type=search", "url2": "http://www.tagawasinsei.jp" }, "geometry": { "type": "Point", "coordinates": [ 130.815983552072026, 33.680327762319024 ] } },
{ "type": "Feature", "properties": { "内容": "ケアプランColors【居宅介護支援】福岡県田川市大字伊田4869-1", "url": "https://www.kaigokensaku.mhlw.go.jp/40/index.php?action_kouhyou_detail_004_kani=true&JigyosyoCd=4071903084-00&ServiceCd=430&Type=search", "url2": "http://hp.kaipoke.biz/rza/170392/base_0001.html" }, "geometry": { "type": "Point", "coordinates": [ 130.804553099999964, 33.650135399999982 ] } },
{ "type": "Feature", "properties": { "内容": "合同会社ケアプランサービスはるか【居宅介護支援】福岡県田川市大字伊田2717番地鎮西団地店舗9010号", "url": "https://www.kaigokensaku.mhlw.go.jp/40/index.php?action_kouhyou_detail_004_kani=true&JigyosyoCd=4071902755-00&ServiceCd=430&Type=search", "url2": "https://www.care-haruka.com/" }, "geometry": { "type": "Point", "coordinates": [ 130.818543054959946, 33.6400511035474 ] } },
{ "type": "Feature", "properties": { "内容": "明寿苑ケアプランセンター【居宅介護支援】福岡県田川市大字川宮1569番地の2", "url": "https://www.kaigokensaku.mhlw.go.jp/40/index.php?action_kouhyou_detail_004_kani=true&JigyosyoCd=4071900478-00&ServiceCd=430&Type=search", "url2": "http//meijuen.jp/" }, "geometry": { "type": "Point", "coordinates": [ 130.800450464417992, 33.640394252112749 ] } },
{ "type": "Feature", "properties": { "内容": "ケアプラン　　柔【居宅介護支援】福岡県田川市大字川宮1411-72", "url": "https://www.kaigokensaku.mhlw.go.jp/40/index.php?action_kouhyou_detail_004_kani=true&JigyosyoCd=4071901328-00&ServiceCd=430&Type=search", "url2": null }, "geometry": { "type": "Point", "coordinates": [ 130.795570399999974, 33.6423178 ] } },
{ "type": "Feature", "properties": { "内容": "ケアプランつばさ【居宅介護支援】田川市桜町14の2番17号", "url": "https://www.kaigokensaku.mhlw.go.jp/40/index.php?action_kouhyou_detail_004_kani=true&JigyosyoCd=4071902151-00&ServiceCd=430&Type=search", "url2": "https://careplan-tsubasa.studio.site/" }, "geometry": { "type": "Point", "coordinates": [ 130.79498179999996, 33.6384292 ] } },
{ "type": "Feature", "properties": { "内容": "合同会社ケアプランエフ【居宅介護支援】福岡県田川市大字夏吉194番地344(糸飛3の2組）", "url": "https://www.kaigokensaku.mhlw.go.jp/40/index.php?action_kouhyou_detail_004_kani=true&JigyosyoCd=4071902771-00&ServiceCd=430&Type=search", "url2": null }, "geometry": { "type": "Point", "coordinates": [ 130.829721924142405, 33.659290505676346 ] } },
{ "type": "Feature", "properties": { "内容": "マイハートケアプラン【居宅介護支援】福岡県田川市奈良　２００３－８", "url": "https://www.kaigokensaku.mhlw.go.jp/40/index.php?action_kouhyou_detail_004_kani=true&JigyosyoCd=4071900536-00&ServiceCd=430&Type=search", "url2": null }, "geometry": { "type": "Point", "coordinates": [ 130.800339799999961, 33.6358934 ] } },
{ "type": "Feature", "properties": { "内容": "めぐみの里ケアプランサービス【居宅介護支援】福岡県田川市夏吉364番地", "url": "https://www.kaigokensaku.mhlw.go.jp/40/index.php?action_kouhyou_detail_004_kani=true&JigyosyoCd=4071900973-00&ServiceCd=430&Type=search", "url2": "https://www.meguminosato-kajikawa.jp" }, "geometry": { "type": "Point", "coordinates": [ 130.820579, 33.65557 ] } },
{ "type": "Feature", "properties": { "内容": "ケアプランセンターなのはな【居宅介護支援】大字糒２１９５－５", "url": "https://www.kaigokensaku.mhlw.go.jp/40/index.php?action_kouhyou_detail_004_kani=true&JigyosyoCd=4071902565-00&ServiceCd=430&Type=search", "url2": null }, "geometry": { "type": "Point", "coordinates": [ 130.794208499999968, 33.6593639 ] } },
{ "type": "Feature", "properties": { "内容": "ムネケアプランセンター【居宅介護支援】糒３３５-４", "url": "https://www.kaigokensaku.mhlw.go.jp/40/index.php?action_kouhyou_detail_004_kani=true&JigyosyoCd=4071902847-00&ServiceCd=430&Type=search", "url2": null }, "geometry": { "type": "Point", "coordinates": [ 130.8092547, 33.6591835 ] } },
{ "type": "Feature", "properties": { "内容": "第二敬和苑　ケアプランセンター【居宅介護支援】福岡県柳川市大和町塩塚1378番地", "url": "https://www.kaigokensaku.mhlw.go.jp/40/index.php?action_kouhyou_detail_004_kani=true&JigyosyoCd=4072000575-00&ServiceCd=430&Type=search", "url2": "http://www.keiwaen.or.jp" }, "geometry": { "type": "Point", "coordinates": [ 130.434998500000034, 33.136387399999983 ] } },
{ "type": "Feature", "properties": { "内容": "ＪＡ柳川　ケアプランサービス【居宅介護支援】福岡県柳川市吉富町114-1", "url": "https://www.kaigokensaku.mhlw.go.jp/40/index.php?action_kouhyou_detail_004_kani=true&JigyosyoCd=4078800036-00&ServiceCd=430&Type=search", "url2": "http://www.yanagawa-fk-jp.or-jp" }, "geometry": { "type": "Point", "coordinates": [ 130.396289725131282, 33.154757198468829 ] } },
{ "type": "Feature", "properties": { "内容": "有明ケアプランセンター【居宅介護支援】福岡県柳川市上宮永町284-2らいふサポートセンター　柳川", "url": "https://www.kaigokensaku.mhlw.go.jp/40/index.php?action_kouhyou_detail_004_kani=true&JigyosyoCd=4072000773-00&ServiceCd=430&Type=search", "url2": "http://lsc-yanagawa.kouhoukai.org/ariake/" }, "geometry": { "type": "Point", "coordinates": [ 130.404597800000033, 33.1524818 ] } },
{ "type": "Feature", "properties": { "内容": "社会福祉法人　学正会　学正会ケアプランサービス【居宅介護支援】福岡県柳川市矢加部260-1", "url": "https://www.kaigokensaku.mhlw.go.jp/40/index.php?action_kouhyou_detail_004_kani=true&JigyosyoCd=4072000112-00&ServiceCd=430&Type=search", "url2": "http://www.gakuseikai-web.com" }, "geometry": { "type": "Point", "coordinates": [ 130.416241586208344, 33.186378597997326 ] } },
{ "type": "Feature", "properties": { "内容": "金子病院介護支援サービス【居宅介護支援】福岡県柳川市久々原70番地1", "url": "https://www.kaigokensaku.mhlw.go.jp/40/index.php?action_kouhyou_detail_004_kani=true&JigyosyoCd=4072000062-00&ServiceCd=430&Type=search", "url2": "http://www.kaneko-ho.or.jp" }, "geometry": { "type": "Point", "coordinates": [ 130.381733090737953, 33.168642768717646 ] } },
{ "type": "Feature", "properties": { "内容": "社会福祉法人柳川市社会福祉協議会【居宅介護支援】福岡県柳川市三橋町正行４７６三橋総合保健福祉センター「サンブリッジ」内", "url": "https://www.kaigokensaku.mhlw.go.jp/40/index.php?action_kouhyou_detail_004_kani=true&JigyosyoCd=4078900067-00&ServiceCd=430&Type=search", "url2": "https://yanagawa-shakyo.or.jp" }, "geometry": { "type": "Point", "coordinates": [ 130.436991900000038, 33.166533800000011 ] } },
{ "type": "Feature", "properties": { "内容": "いくしま医院ケアプランサービス【居宅介護支援】福岡県柳川市田脇７６０－１", "url": "https://www.kaigokensaku.mhlw.go.jp/40/index.php?action_kouhyou_detail_004_kani=true&JigyosyoCd=4072000492-00&ServiceCd=430&Type=search", "url2": null }, "geometry": { "type": "Point", "coordinates": [ 130.375811683020061, 33.17075742479296 ] } },
{ "type": "Feature", "properties": { "内容": "ケアマネジメントらぼteto【居宅介護支援】宮永町２６番地", "url": "https://www.kaigokensaku.mhlw.go.jp/40/index.php?action_kouhyou_detail_004_kani=true&JigyosyoCd=4072000922-00&ServiceCd=430&Type=search", "url2": null }, "geometry": { "type": "Point", "coordinates": [ 130.4039685, 33.1589705 ] } },
{ "type": "Feature", "properties": { "内容": "柳川やすらぎの里居宅介護支援事業所【居宅介護支援】福岡県柳川市西浜武1076-5", "url": "https://www.kaigokensaku.mhlw.go.jp/40/index.php?action_kouhyou_detail_004_kani=true&JigyosyoCd=4072000047-00&ServiceCd=430&Type=search", "url2": "http://y-jikeikai.jp" }, "geometry": { "type": "Point", "coordinates": [ 130.385977599999933, 33.170318 ] } },
{ "type": "Feature", "properties": { "内容": "勝雄ケアプランセンター【居宅介護支援】福岡県柳川市大和町塩塚1386-1", "url": "https://www.kaigokensaku.mhlw.go.jp/40/index.php?action_kouhyou_detail_004_kani=true&JigyosyoCd=4072000765-00&ServiceCd=430&Type=search", "url2": null }, "geometry": { "type": "Point", "coordinates": [ 130.434362400000026, 33.136879 ] } },
{ "type": "Feature", "properties": { "内容": "三橋町在宅介護支援センター【居宅介護支援】福岡県柳川市三橋町五拾町５４７番地", "url": "https://www.kaigokensaku.mhlw.go.jp/40/index.php?action_kouhyou_detail_004_kani=true&JigyosyoCd=4078900075-00&ServiceCd=430&Type=search", "url2": "http://ariakeen.or.jp/" }, "geometry": { "type": "Point", "coordinates": [ 130.458457599999946, 33.1558385 ] } },
{ "type": "Feature", "properties": { "内容": "ほほえみ倶楽部居宅介護支援事業所【居宅介護支援】福岡県柳川市三橋町木元３１８", "url": "https://www.kaigokensaku.mhlw.go.jp/40/index.php?action_kouhyou_detail_004_kani=true&JigyosyoCd=4078900224-00&ServiceCd=430&Type=search", "url2": null }, "geometry": { "type": "Point", "coordinates": [ 130.442016500000022, 33.1780467 ] } },
{ "type": "Feature", "properties": { "内容": "津留医院豊原居宅介護支援センター【居宅介護支援】福岡県柳川市大和町豊原170番地５メディケアハウス津留内", "url": "https://www.kaigokensaku.mhlw.go.jp/40/index.php?action_kouhyou_detail_004_kani=true&JigyosyoCd=4072000930-00&ServiceCd=430&Type=search", "url2": null }, "geometry": { "type": "Point", "coordinates": [ 130.418520699999988, 33.1463333 ] } },
{ "type": "Feature", "properties": { "内容": "長田病院ケアプランサービス【居宅介護支援】福岡県柳川市下宮永町624-8長田病院地域ケアステーション　クローバーハウス", "url": "https://www.kaigokensaku.mhlw.go.jp/40/index.php?action_kouhyou_detail_004_kani=true&JigyosyoCd=4072000096-00&ServiceCd=430&Type=search", "url2": "http://www.seiwakai.info" }, "geometry": { "type": "Point", "coordinates": [ 130.402346281510518, 33.142743120168966 ] } },
{ "type": "Feature", "properties": { "内容": "社会福祉法人やまと医正会　敬和苑ケアプランサービス【居宅介護支援】福岡県柳川市大和町栄220-2", "url": "https://www.kaigokensaku.mhlw.go.jp/40/index.php?action_kouhyou_detail_004_kani=true&JigyosyoCd=4078800010-00&ServiceCd=430&Type=search", "url2": "http://keiwaen.com/" }, "geometry": { "type": "Point", "coordinates": [ 130.428707199999963, 33.1341485 ] } },
{ "type": "Feature", "properties": { "内容": "有明総合ケアセンター【居宅介護支援】福岡県柳川市上宮永町277番地2", "url": "https://www.kaigokensaku.mhlw.go.jp/40/index.php?action_kouhyou_detail_004_kani=true&JigyosyoCd=4072000088-00&ServiceCd=430&Type=search", "url2": "http://www.kouhoukai.org/ariakehomepage" }, "geometry": { "type": "Point", "coordinates": [ 130.4041423, 33.1534511 ] } },
{ "type": "Feature", "properties": { "内容": "あけぼのケアプランサービス【居宅介護支援】福岡県柳川市久々原694-1", "url": "https://www.kaigokensaku.mhlw.go.jp/40/index.php?action_kouhyou_detail_004_kani=true&JigyosyoCd=4072000963-00&ServiceCd=430&Type=search", "url2": null }, "geometry": { "type": "Point", "coordinates": [ 130.3745045, 33.1624037 ] } },
{ "type": "Feature", "properties": { "内容": "社会福祉法人グリーンコープケアプランセンター筑後【居宅介護支援】福岡県柳川市三橋町柳河4-1", "url": "https://www.kaigokensaku.mhlw.go.jp/40/index.php?action_kouhyou_detail_004_kani=true&JigyosyoCd=4072400510-00&ServiceCd=430&Type=search", "url2": "http://www.greencoop.or.jp" }, "geometry": { "type": "Point", "coordinates": [ 130.409178159173166, 33.172765502384578 ] } },
{ "type": "Feature", "properties": { "内容": "のどかけあぷらん【居宅介護支援】本村362-3", "url": "https://www.kaigokensaku.mhlw.go.jp/40/index.php?action_kouhyou_detail_004_kani=true&JigyosyoCd=4072301650-00&ServiceCd=430&Type=search", "url2": null }, "geometry": { "type": "Point", "coordinates": [ 130.563292, 33.213928 ] } },
{ "type": "Feature", "properties": { "内容": "光陽の郷ケアプランサービス【居宅介護支援】福岡県八女市上陽町北川内2818番地の1", "url": "https://www.kaigokensaku.mhlw.go.jp/40/index.php?action_kouhyou_detail_004_kani=true&JigyosyoCd=4078200021-00&ServiceCd=430&Type=search", "url2": null }, "geometry": { "type": "Point", "coordinates": [ 130.648002798811376, 33.232884394455134 ] } },
{ "type": "Feature", "properties": { "内容": "草場内科循環器科医院　ケアプランサービス【居宅介護支援】福岡県八女市納楚446-1", "url": "https://www.kaigokensaku.mhlw.go.jp/40/index.php?action_kouhyou_detail_004_kani=true&JigyosyoCd=4072300454-00&ServiceCd=430&Type=search", "url2": "http://seijikai-5171.p-kit.com" }, "geometry": { "type": "Point", "coordinates": [ 130.572076299999907, 33.2144202 ] } },
{ "type": "Feature", "properties": { "内容": "桜の里在宅介護支援センター【居宅介護支援】福岡県八女市黒木町木屋2830", "url": "https://www.kaigokensaku.mhlw.go.jp/40/index.php?action_kouhyou_detail_004_kani=true&JigyosyoCd=4078100015-00&ServiceCd=430&Type=search", "url2": "https://sakura-village.com" }, "geometry": { "type": "Point", "coordinates": [ 130.7009051, 33.2084983 ] } },
{ "type": "Feature", "properties": { "内容": "八女社協ケアプランセンター立花【居宅介護支援】福岡県八女市立花町谷川１１５６", "url": "https://www.kaigokensaku.mhlw.go.jp/40/index.php?action_kouhyou_detail_004_kani=true&JigyosyoCd=4072300801-00&ServiceCd=430&Type=search", "url2": null }, "geometry": { "type": "Point", "coordinates": [ 130.592813799999931, 33.2014276 ] } },
{ "type": "Feature", "properties": { "内容": "八女筑後訪問看護ステーション【居宅介護支援】福岡県八女市本村６５６－１", "url": "https://www.kaigokensaku.mhlw.go.jp/40/index.php?action_kouhyou_detail_004_kani=true&JigyosyoCd=4062190006-00&ServiceCd=430&Type=search", "url2": "yamechikugo5@mx7.tiki.ne.jp" }, "geometry": { "type": "Point", "coordinates": [ 130.558169099999986, 33.2185196 ] } },
{ "type": "Feature", "properties": { "内容": "ＪＡふくおか八女「ほたるの会」介護支援センター【居宅介護支援】福岡県八女市本村425-280", "url": "https://www.kaigokensaku.mhlw.go.jp/40/index.php?action_kouhyou_detail_004_kani=true&JigyosyoCd=4072300280-00&ServiceCd=430&Type=search", "url2": null }, "geometry": { "type": "Point", "coordinates": [ 130.557202700000062, 33.2132034 ] } },
{ "type": "Feature", "properties": { "内容": "いずんじま在宅介護支援センター【居宅介護支援】福岡県八女市川犬１０２５番地", "url": "https://www.kaigokensaku.mhlw.go.jp/40/index.php?action_kouhyou_detail_004_kani=true&JigyosyoCd=4072300033-00&ServiceCd=430&Type=search", "url2": "http://myame-fukushi.com/" }, "geometry": { "type": "Point", "coordinates": [ 130.5395294, 33.1919665 ] } },
{ "type": "Feature", "properties": { "内容": "八女ケア相談センター【居宅介護支援】福岡県八女市吉田137-1新やなぎ在宅支援センター", "url": "https://www.kaigokensaku.mhlw.go.jp/40/index.php?action_kouhyou_detail_004_kani=true&JigyosyoCd=4072300066-00&ServiceCd=430&Type=search", "url2": "http://www.ryuuikukai.com/houmon/index.html" }, "geometry": { "type": "Point", "coordinates": [ 130.558928163307201, 33.222559946116384 ] } },
{ "type": "Feature", "properties": { "内容": "星野居宅介護計画センター星寿園【居宅介護支援】福岡県八女市星野村2400番地1", "url": "https://www.kaigokensaku.mhlw.go.jp/40/index.php?action_kouhyou_detail_004_kani=true&JigyosyoCd=4078600022-00&ServiceCd=430&Type=search", "url2": "http://seijyuen.jp/" }, "geometry": { "type": "Point", "coordinates": [ 130.712415847961182, 33.257655941251578 ] } },
{ "type": "Feature", "properties": { "内容": "いきいきケアプランサービス稲富【居宅介護支援】福岡県八女市稲富60-1", "url": "https://www.kaigokensaku.mhlw.go.jp/40/index.php?action_kouhyou_detail_004_kani=true&JigyosyoCd=4072300876-00&ServiceCd=430&Type=search", "url2": "http://www.iki2-k.com" }, "geometry": { "type": "Point", "coordinates": [ 130.552780900000016, 33.2081871 ] } },
{ "type": "Feature", "properties": { "内容": "川崎ケアプランサービス【居宅介護支援】福岡県八女市津江513番地1ビハーラ光風内", "url": "https://www.kaigokensaku.mhlw.go.jp/40/index.php?action_kouhyou_detail_004_kani=true&JigyosyoCd=4072300157-00&ServiceCd=430&Type=search", "url2": null }, "geometry": { "type": "Point", "coordinates": [ 130.579381399999988, 33.2099403 ] } },
{ "type": "Feature", "properties": { "内容": "せいなんケアプランセンター【居宅介護支援】福岡県八女市本町2‐17‐3", "url": "https://www.kaigokensaku.mhlw.go.jp/40/index.php?action_kouhyou_detail_004_kani=true&JigyosyoCd=4072301528-00&ServiceCd=430&Type=search", "url2": "https://seinancareplan.wixsite.com/website" }, "geometry": { "type": "Point", "coordinates": [ 130.56333124340361, 33.210674657961086 ] } },
{ "type": "Feature", "properties": { "内容": "八女総合ケアプランセンター【居宅介護支援】福岡県八女市本町26番地1", "url": "https://www.kaigokensaku.mhlw.go.jp/40/index.php?action_kouhyou_detail_004_kani=true&JigyosyoCd=4072300041-00&ServiceCd=430&Type=search", "url2": "https://www.yame-sato.com/" }, "geometry": { "type": "Point", "coordinates": [ 130.560483722630664, 33.21073308656311 ] } },
{ "type": "Feature", "properties": { "内容": "医療法人　城戸医院【居宅介護支援】福岡県八女市鵜池7番地", "url": "https://www.kaigokensaku.mhlw.go.jp/40/index.php?action_kouhyou_detail_004_kani=true&JigyosyoCd=4012119261-00&ServiceCd=430&Type=search", "url2": "www.k5.dion.ne.jp/~kido-iin/" }, "geometry": { "type": "Point", "coordinates": [ 130.5315266, 33.2098924 ] } },
{ "type": "Feature", "properties": { "内容": "八女社協ケアプランセンター星野【居宅介護支援】福岡県八女市星野村10775-14", "url": "https://www.kaigokensaku.mhlw.go.jp/40/index.php?action_kouhyou_detail_004_kani=true&JigyosyoCd=4072300843-00&ServiceCd=430&Type=search", "url2": "http://yamesyakyo.jp/" }, "geometry": { "type": "Point", "coordinates": [ 130.756956025131217, 33.250239408124472 ] } },
{ "type": "Feature", "properties": { "内容": "八女社協ケアプランセンター黒木【居宅介護支援】福岡県八女市黒木町桑原207番地八女市黒木地域交流センターふじの里内", "url": "https://www.kaigokensaku.mhlw.go.jp/40/index.php?action_kouhyou_detail_004_kani=true&JigyosyoCd=4072300892-00&ServiceCd=430&Type=search", "url2": "https://yamesyakyo.jp" }, "geometry": { "type": "Point", "coordinates": [ 130.668685399999958, 33.2110557 ] } },
{ "type": "Feature", "properties": { "内容": "角整形外科さわやかくろぎケアプラン【居宅介護支援】福岡県八女市黒木町今12-1", "url": "https://www.kaigokensaku.mhlw.go.jp/40/index.php?action_kouhyou_detail_004_kani=true&JigyosyoCd=4072300967-00&ServiceCd=430&Type=search", "url2": "https://www.sumi-seikeigeka.com/sawayaka-kurogi/" }, "geometry": { "type": "Point", "coordinates": [ 130.660702799999967, 33.211847 ] } },
{ "type": "Feature", "properties": { "内容": "ケアプランかつき苑【居宅介護支援】福岡県八女市立花町山崎1918番地", "url": "https://www.kaigokensaku.mhlw.go.jp/40/index.php?action_kouhyou_detail_004_kani=true&JigyosyoCd=4072300926-00&ServiceCd=430&Type=search", "url2": null }, "geometry": { "type": "Point", "coordinates": [ 130.574484799999937, 33.201941 ] } },
{ "type": "Feature", "properties": { "内容": "たちばな森の里介護センター【居宅介護支援】福岡県八女市立花町白木610-1", "url": "https://www.kaigokensaku.mhlw.go.jp/40/index.php?action_kouhyou_detail_004_kani=true&JigyosyoCd=4078300177-00&ServiceCd=430&Type=search", "url2": "http://www.morinosato.org" }, "geometry": { "type": "Point", "coordinates": [ 130.562039899999945, 33.1628727 ] } },
{ "type": "Feature", "properties": { "内容": "ケアプランセンターちくすい【居宅介護支援】吉田1191番地", "url": "https://www.kaigokensaku.mhlw.go.jp/40/index.php?action_kouhyou_detail_004_kani=true&JigyosyoCd=4072301619-00&ServiceCd=430&Type=search", "url2": "https://chikusuikai.or.jp/" }, "geometry": { "type": "Point", "coordinates": [ 132.7063604, 34.6643296 ] } },
{ "type": "Feature", "properties": { "内容": "第二光陽の郷ケアプランサービス【居宅介護支援】福岡県八女市鵜池414番地", "url": "https://www.kaigokensaku.mhlw.go.jp/40/index.php?action_kouhyou_detail_004_kani=true&JigyosyoCd=4072301189-00&ServiceCd=430&Type=search", "url2": "http://kouyounosato.com" }, "geometry": { "type": "Point", "coordinates": [ 130.522620878790377, 33.208088190286396 ] } },
{ "type": "Feature", "properties": { "内容": "筑後訪問看護ステーション【居宅介護支援】福岡県筑後市野町３８９－１", "url": "https://www.kaigokensaku.mhlw.go.jp/40/index.php?action_kouhyou_detail_004_kani=true&JigyosyoCd=4072400924-00&ServiceCd=430&Type=search", "url2": "http://mikikaku.co.jp" }, "geometry": { "type": "Point", "coordinates": [ 130.501783099999983, 33.1961936 ] } },
{ "type": "Feature", "properties": { "内容": "ケアプラン　なないろ【居宅介護支援】福岡県筑後市大字若菜619番地7", "url": "https://www.kaigokensaku.mhlw.go.jp/40/index.php?action_kouhyou_detail_004_kani=true&JigyosyoCd=4072401005-00&ServiceCd=430&Type=search", "url2": null }, "geometry": { "type": "Point", "coordinates": [ 130.475960442327874, 33.212637969175049 ] } },
{ "type": "Feature", "properties": { "内容": "CPC　小さな花【居宅介護支援】福岡県筑後市熊野271-3", "url": "https://www.kaigokensaku.mhlw.go.jp/40/index.php?action_kouhyou_detail_004_kani=true&JigyosyoCd=4072400908-00&ServiceCd=430&Type=search", "url2": "https://alittle-flower.com/" }, "geometry": { "type": "Point", "coordinates": [ 130.505400195894623, 33.22892495989462 ] } },
{ "type": "Feature", "properties": { "内容": "ケアプランセンター芳樹園【居宅介護支援】福岡県筑後市大字尾島541番地ゆうぽーとセンター", "url": "https://www.kaigokensaku.mhlw.go.jp/40/index.php?action_kouhyou_detail_004_kani=true&JigyosyoCd=4072400049-00&ServiceCd=430&Type=search", "url2": "http://kourinfukushi.or.jp" }, "geometry": { "type": "Point", "coordinates": [ 130.5024007128807, 33.192424707032792 ] } },
{ "type": "Feature", "properties": { "内容": "筑後市ケアプランサービス【居宅介護支援】福岡県筑後市大字野町680番地１", "url": "https://www.kaigokensaku.mhlw.go.jp/40/index.php?action_kouhyou_detail_004_kani=true&JigyosyoCd=4072400031-00&ServiceCd=430&Type=search", "url2": "http://chikugo-shakyo.or.jp" }, "geometry": { "type": "Point", "coordinates": [ 130.5005294, 33.1986318 ] } },
{ "type": "Feature", "properties": { "内容": "のぞみケアプランサービス【居宅介護支援】福岡県筑後市大字志55", "url": "https://www.kaigokensaku.mhlw.go.jp/40/index.php?action_kouhyou_detail_004_kani=true&JigyosyoCd=4072400304-00&ServiceCd=430&Type=search", "url2": "http://www.youzankai.net" }, "geometry": { "type": "Point", "coordinates": [ 130.498629599999958, 33.1852666 ] } },
{ "type": "Feature", "properties": { "内容": "筑後北介護支援サービス【居宅介護支援】福岡県筑後市大字西牟田6365-7", "url": "https://www.kaigokensaku.mhlw.go.jp/40/index.php?action_kouhyou_detail_004_kani=true&JigyosyoCd=4072400064-00&ServiceCd=430&Type=search", "url2": "yuu@cleanpal.jp" }, "geometry": { "type": "Point", "coordinates": [ 130.499647699999969, 33.2411325 ] } },
{ "type": "Feature", "properties": { "内容": "ケアプランサービスラポール【居宅介護支援】福岡県筑後市西牟田3985-14", "url": "https://www.kaigokensaku.mhlw.go.jp/40/index.php?action_kouhyou_detail_004_kani=true&JigyosyoCd=4072400726-00&ServiceCd=430&Type=search", "url2": "rapooru.hirayama@gmail.com" }, "geometry": { "type": "Point", "coordinates": [ 130.481735299999968, 33.238524 ] } },
{ "type": "Feature", "properties": { "内容": "ケアプランサービス　絆【居宅介護支援】福岡県筑後市馬間田151番地1", "url": "https://www.kaigokensaku.mhlw.go.jp/40/index.php?action_kouhyou_detail_004_kani=true&JigyosyoCd=4072400676-00&ServiceCd=430&Type=search", "url2": null }, "geometry": { "type": "Point", "coordinates": [ 130.461946318124063, 33.183693479755981 ] } },
{ "type": "Feature", "properties": { "内容": "葵ケアプランセンター【居宅介護支援】福岡県筑後市熊野67-8グリーンタウン筑後106号", "url": "https://www.kaigokensaku.mhlw.go.jp/40/index.php?action_kouhyou_detail_004_kani=true&JigyosyoCd=4072400916-00&ServiceCd=430&Type=search", "url2": null }, "geometry": { "type": "Point", "coordinates": [ 130.5079644, 33.234564 ] } },
{ "type": "Feature", "properties": { "内容": "ケアプランセンターたんなか【居宅介護支援】福岡県大川市大字本木室408-5", "url": "https://www.kaigokensaku.mhlw.go.jp/40/index.php?action_kouhyou_detail_004_kani=true&JigyosyoCd=4072500806-00&ServiceCd=430&Type=search", "url2": "https://www.tanakakanata.com" }, "geometry": { "type": "Point", "coordinates": [ 130.402357700000039, 33.210399399999986 ] } },
{ "type": "Feature", "properties": { "内容": "永寿会相談センター【居宅介護支援】福岡県大川市大字道海島８６１", "url": "https://www.kaigokensaku.mhlw.go.jp/40/index.php?action_kouhyou_detail_004_kani=true&JigyosyoCd=4072500061-00&ServiceCd=430&Type=search", "url2": "http://www.eijunosato.com" }, "geometry": { "type": "Point", "coordinates": [ 130.3774502, 33.2319918 ] } },
{ "type": "Feature", "properties": { "内容": "あおぎり荘在宅介護サービスセンター【居宅介護支援】福岡県大川市大字北古賀559-3", "url": "https://www.kaigokensaku.mhlw.go.jp/40/index.php?action_kouhyou_detail_004_kani=true&JigyosyoCd=4072500160-00&ServiceCd=430&Type=search", "url2": "http://www.ozuma-med.or.jp/zaitakukaigo/" }, "geometry": { "type": "Point", "coordinates": [ 130.390790199999969, 33.1967844 ] } },
{ "type": "Feature", "properties": { "内容": "福田病院ケア相談センター【居宅介護支援】福岡県大川市大字向島1397番地1", "url": "https://www.kaigokensaku.mhlw.go.jp/40/index.php?action_kouhyou_detail_004_kani=true&JigyosyoCd=4072500087-00&ServiceCd=430&Type=search", "url2": "fukuda-hp.net" }, "geometry": { "type": "Point", "coordinates": [ 130.3755033, 33.2088691 ] } },
{ "type": "Feature", "properties": { "内容": "ケアプランサービス　大川荘【居宅介護支援】福岡県大川市大字大野島字笹の下８５７番１", "url": "https://www.kaigokensaku.mhlw.go.jp/40/index.php?action_kouhyou_detail_004_kani=true&JigyosyoCd=4072500145-00&ServiceCd=430&Type=search", "url2": "http://caer-net.biz/40/ookawasou/" }, "geometry": { "type": "Point", "coordinates": [ 130.383957600000031, 33.2065943 ] } },
{ "type": "Feature", "properties": { "内容": "ケアプランセンターなかばる【居宅介護支援】福岡県大川市大字酒見85番地グランドメゾンなかばる１F", "url": "https://www.kaigokensaku.mhlw.go.jp/40/index.php?action_kouhyou_detail_004_kani=true&JigyosyoCd=4072500434-00&ServiceCd=430&Type=search", "url2": null }, "geometry": { "type": "Point", "coordinates": [ 130.379255703704871, 33.208822137448912 ] } },
{ "type": "Feature", "properties": { "内容": "おおかわ総合ケアセンター【居宅介護支援】福岡県大川市大字榎津160番地1ケアサポートハウス大川", "url": "https://www.kaigokensaku.mhlw.go.jp/40/index.php?action_kouhyou_detail_004_kani=true&JigyosyoCd=4072500079-00&ServiceCd=430&Type=search", "url2": "http://csh-okawa.or.jp/" }, "geometry": { "type": "Point", "coordinates": [ 130.380608100000018, 33.2053667 ] } },
{ "type": "Feature", "properties": { "内容": "みやこの苑　おまかせセンター【居宅介護支援】福岡県行橋市大字二塚５８４番地", "url": "https://www.kaigokensaku.mhlw.go.jp/40/index.php?action_kouhyou_detail_004_kani=true&JigyosyoCd=4072600010-00&ServiceCd=430&Type=search", "url2": "http://miyako-no-sono.or.jp/shisetu/shisetu01" }, "geometry": { "type": "Point", "coordinates": [ 130.937070700000049, 33.7282054 ] } },
{ "type": "Feature", "properties": { "内容": "医療法人　敬愛会　ほっと新田原【居宅介護支援】福岡県行橋市大字東徳永339-1", "url": "https://www.kaigokensaku.mhlw.go.jp/40/index.php?action_kouhyou_detail_004_kani=true&JigyosyoCd=4072600135-00&ServiceCd=430&Type=search", "url2": null }, "geometry": { "type": "Point", "coordinates": [ 131.008577100000025, 33.6871082 ] } },
{ "type": "Feature", "properties": { "内容": "居宅介護支援事業所ゆくはし【居宅介護支援】福岡県行橋市大字東徳永167番地11", "url": "https://www.kaigokensaku.mhlw.go.jp/40/index.php?action_kouhyou_detail_004_kani=true&JigyosyoCd=4072600374-00&ServiceCd=430&Type=search", "url2": null }, "geometry": { "type": "Point", "coordinates": [ 131.00717439999994, 33.6861916 ] } },
{ "type": "Feature", "properties": { "内容": "ケアプランサービス　みたく【居宅介護支援】福岡県行橋市大橋一丁目5-6", "url": "https://www.kaigokensaku.mhlw.go.jp/40/index.php?action_kouhyou_detail_004_kani=true&JigyosyoCd=4072602065-00&ServiceCd=430&Type=search", "url2": null }, "geometry": { "type": "Point", "coordinates": [ 130.9793013, 33.7297492 ] } },
{ "type": "Feature", "properties": { "内容": "すざく　ケアマネジメント【居宅介護支援】福岡県行橋市大字大野井491-12", "url": "https://www.kaigokensaku.mhlw.go.jp/40/index.php?action_kouhyou_detail_004_kani=true&JigyosyoCd=4072601000-00&ServiceCd=430&Type=search", "url2": null }, "geometry": { "type": "Point", "coordinates": [ 130.963955299999952, 33.7134823 ] } },
{ "type": "Feature", "properties": { "内容": "ケアプランサービス紡ぐ【居宅介護支援】福岡県行橋市行事５丁目11‐13", "url": "https://www.kaigokensaku.mhlw.go.jp/40/index.php?action_kouhyou_detail_004_kani=true&JigyosyoCd=4072602180-00&ServiceCd=430&Type=search", "url2": "https://tidy-arita-9376.heavy.jp/" }, "geometry": { "type": "Point", "coordinates": [ 130.971712200000013, 33.7340205 ] } },
{ "type": "Feature", "properties": { "内容": "ひと息の村ケアプランサービス【居宅介護支援】福岡県行橋市行事7丁目25-3", "url": "https://www.kaigokensaku.mhlw.go.jp/40/index.php?action_kouhyou_detail_004_kani=true&JigyosyoCd=4072600192-00&ServiceCd=430&Type=search", "url2": "http://www.yazz-clinic.jp/" }, "geometry": { "type": "Point", "coordinates": [ 130.9659183, 33.7366436 ] } },
{ "type": "Feature", "properties": { "内容": "ケアプランセンターあらた【居宅介護支援】福岡県行橋市大字中津熊390番地8", "url": "https://www.kaigokensaku.mhlw.go.jp/40/index.php?action_kouhyou_detail_004_kani=true&JigyosyoCd=4072601778-00&ServiceCd=430&Type=search", "url2": null }, "geometry": { "type": "Point", "coordinates": [ 130.956934894477399, 33.728373215369167 ] } },
{ "type": "Feature", "properties": { "内容": "大原介護保険センター【居宅介護支援】福岡県行橋市宮市町２番５号", "url": "https://www.kaigokensaku.mhlw.go.jp/40/index.php?action_kouhyou_detail_004_kani=true&JigyosyoCd=4072600101-00&ServiceCd=430&Type=search", "url2": null }, "geometry": { "type": "Point", "coordinates": [ 130.9725429, 33.7298223 ] } },
{ "type": "Feature", "properties": { "内容": "ケアプラン　来夢【居宅介護支援】福岡県行橋市大字道場寺１２５０番地", "url": "https://www.kaigokensaku.mhlw.go.jp/40/index.php?action_kouhyou_detail_004_kani=true&JigyosyoCd=4072600739-00&ServiceCd=430&Type=search", "url2": null }, "geometry": { "type": "Point", "coordinates": [ 131.014687500000036, 33.6904663 ] } },
{ "type": "Feature", "properties": { "内容": "ふくし生協ケアプランセンター京築【居宅介護支援】福岡県行橋市南泉１－３４－２５", "url": "https://www.kaigokensaku.mhlw.go.jp/40/index.php?action_kouhyou_detail_004_kani=true&JigyosyoCd=4072600853-00&ServiceCd=430&Type=search", "url2": null }, "geometry": { "type": "Point", "coordinates": [ 130.969782900000041, 33.7027335 ] } },
{ "type": "Feature", "properties": { "内容": "ケアプランセンターそよかぜ【居宅介護支援】大字高瀬191番地21", "url": "https://www.kaigokensaku.mhlw.go.jp/40/index.php?action_kouhyou_detail_004_kani=true&JigyosyoCd=4072601794-00&ServiceCd=430&Type=search", "url2": null }, "geometry": { "type": "Point", "coordinates": [ 131.004825765148098, 33.698327273276711 ] } },
{ "type": "Feature", "properties": { "内容": "あおぞらの里　行橋ケアプランセンター【居宅介護支援】福岡県行橋市大字道場寺１４０９－５", "url": "https://www.kaigokensaku.mhlw.go.jp/40/index.php?action_kouhyou_detail_004_kani=true&JigyosyoCd=4072600382-00&ServiceCd=430&Type=search", "url2": "https://www.cedar-group.co.jp" }, "geometry": { "type": "Point", "coordinates": [ 131.0124932, 33.6929298 ] } },
{ "type": "Feature", "properties": { "内容": "ケアプランたかせ【居宅介護支援】福岡県行橋市西宮市四丁目27番13号", "url": "https://www.kaigokensaku.mhlw.go.jp/40/index.php?action_kouhyou_detail_004_kani=true&JigyosyoCd=4072602040-00&ServiceCd=430&Type=search", "url2": null }, "geometry": { "type": "Point", "coordinates": [ 130.9651557, 33.7229232 ] } },
{ "type": "Feature", "properties": { "内容": "ケアプランセンター笑結び【居宅介護支援】福岡県行橋市大字長井168番地13", "url": "https://www.kaigokensaku.mhlw.go.jp/40/index.php?action_kouhyou_detail_004_kani=true&JigyosyoCd=4072602115-00&ServiceCd=430&Type=search", "url2": null }, "geometry": { "type": "Point", "coordinates": [ 131.0217562, 33.7169331 ] } },
{ "type": "Feature", "properties": { "内容": "ケアプランセンター虹の家【居宅介護支援】福岡県行橋市流末1277-3", "url": "https://www.kaigokensaku.mhlw.go.jp/40/index.php?action_kouhyou_detail_004_kani=true&JigyosyoCd=4072601075-00&ServiceCd=430&Type=search", "url2": "http://kyouseinosato.or.jp" }, "geometry": { "type": "Point", "coordinates": [ 130.964762839997917, 33.702121552301286 ] } },
{ "type": "Feature", "properties": { "内容": "エールケアプランサービス【居宅介護支援】福岡県行橋市東徳永170番地5", "url": "https://www.kaigokensaku.mhlw.go.jp/40/index.php?action_kouhyou_detail_004_kani=true&JigyosyoCd=4072601984-00&ServiceCd=430&Type=search", "url2": null }, "geometry": { "type": "Point", "coordinates": [ 131.006646, 33.6860821 ] } },
{ "type": "Feature", "properties": { "内容": "ケアプランセンターリプラス【居宅介護支援】福岡県行橋市道場寺1589-1", "url": "https://www.kaigokensaku.mhlw.go.jp/40/index.php?action_kouhyou_detail_004_kani=true&JigyosyoCd=4072601950-00&ServiceCd=430&Type=search", "url2": "https://re-full.com/" }, "geometry": { "type": "Point", "coordinates": [ 131.007579538657751, 33.697499612305371 ] } },
{ "type": "Feature", "properties": { "内容": "ケアプランサービスほうらい【居宅介護支援】福岡県豊前市大字今市135-1", "url": "https://www.kaigokensaku.mhlw.go.jp/40/index.php?action_kouhyou_detail_004_kani=true&JigyosyoCd=4072700117-00&ServiceCd=430&Type=search", "url2": "http://www.houraisansou.com/" }, "geometry": { "type": "Point", "coordinates": [ 131.126465, 33.6130717 ] } },
{ "type": "Feature", "properties": { "内容": "介護相談所　リッチ【居宅介護支援】大字宇島113", "url": "https://www.kaigokensaku.mhlw.go.jp/40/index.php?action_kouhyou_detail_004_kani=true&JigyosyoCd=4072700604-00&ServiceCd=430&Type=search", "url2": "qqut7yp9k@ninus.ocn.ne.jp" }, "geometry": { "type": "Point", "coordinates": [ 131.138797299999965, 33.6232822 ] } },
{ "type": "Feature", "properties": { "内容": "けあぷらん　どんぐり【居宅介護支援】福岡県豊前市大字下河内１６３５番地1", "url": "https://www.kaigokensaku.mhlw.go.jp/40/index.php?action_kouhyou_detail_004_kani=true&JigyosyoCd=4072700612-00&ServiceCd=430&Type=search", "url2": null }, "geometry": { "type": "Point", "coordinates": [ 131.098774400000025, 33.5629001 ] } },
{ "type": "Feature", "properties": { "内容": "あおぞらの里　豊前ケアプランセンター【居宅介護支援】福岡県豊前市大字三毛門404-1", "url": "https://www.kaigokensaku.mhlw.go.jp/40/index.php?action_kouhyou_detail_004_kani=true&JigyosyoCd=4072700307-00&ServiceCd=430&Type=search", "url2": "https://www.cedar-group.co.jp/" }, "geometry": { "type": "Point", "coordinates": [ 131.15946705410613, 33.61006273922608 ] } },
{ "type": "Feature", "properties": { "内容": "居宅介護支援事業所　亀保の里【居宅介護支援】福岡県豊前市大字鬼木63-1", "url": "https://www.kaigokensaku.mhlw.go.jp/40/index.php?action_kouhyou_detail_004_kani=true&JigyosyoCd=4072700026-00&ServiceCd=430&Type=search", "url2": "http://kibounosato.jp" }, "geometry": { "type": "Point", "coordinates": [ 131.128110933590762, 33.577469876266953 ] } },
{ "type": "Feature", "properties": { "内容": "ケアプランサービスケアハイツぶぜん【居宅介護支援】福岡県豊前市大字千束１５７－２", "url": "https://www.kaigokensaku.mhlw.go.jp/40/index.php?action_kouhyou_detail_004_kani=true&JigyosyoCd=4072700190-00&ServiceCd=430&Type=search", "url2": null }, "geometry": { "type": "Point", "coordinates": [ 131.128126400000042, 33.6014338 ] } },
{ "type": "Feature", "properties": { "内容": "なかまケアプランセンター【居宅介護支援】福岡県中間市通谷３丁目８－２１", "url": "https://www.kaigokensaku.mhlw.go.jp/40/index.php?action_kouhyou_detail_004_kani=true&JigyosyoCd=4072800412-00&ServiceCd=430&Type=search", "url2": "nakamakea243@kind.ocn.ne.jp" }, "geometry": { "type": "Point", "coordinates": [ 130.73324690000004, 33.8181585 ] } },
{ "type": "Feature", "properties": { "内容": "ケアプラン　ひごだい【居宅介護支援】福岡県中間市長津2-14-10", "url": "https://www.kaigokensaku.mhlw.go.jp/40/index.php?action_kouhyou_detail_004_kani=true&JigyosyoCd=4072800776-00&ServiceCd=430&Type=search", "url2": null }, "geometry": { "type": "Point", "coordinates": [ 130.708248899999944, 33.8273984 ] } },
{ "type": "Feature", "properties": { "内容": "九州介護サービス　エスパス【居宅介護支援】福岡県中間市中央一丁目１７－１－２０３", "url": "https://www.kaigokensaku.mhlw.go.jp/40/index.php?action_kouhyou_detail_004_kani=true&JigyosyoCd=4072801485-00&ServiceCd=430&Type=search", "url2": null }, "geometry": { "type": "Point", "coordinates": [ 130.711363935101303, 33.822545409306542 ] } },
{ "type": "Feature", "properties": { "内容": "ケアプランセンター　ヒルズ【居宅介護支援】福岡県中間市扇ヶ浦１丁目１４番１号", "url": "https://www.kaigokensaku.mhlw.go.jp/40/index.php?action_kouhyou_detail_004_kani=true&JigyosyoCd=4072800842-00&ServiceCd=430&Type=search", "url2": "http://www.ejkai-noda.com/" }, "geometry": { "type": "Point", "coordinates": [ 130.720189800000071, 33.8175639 ] } },
{ "type": "Feature", "properties": { "内容": "ケアプランサービス暖家。【居宅介護支援】福岡県中間市土手ノ内一丁目40番26号", "url": "https://www.kaigokensaku.mhlw.go.jp/40/index.php?action_kouhyou_detail_004_kani=true&JigyosyoCd=4072801519-00&ServiceCd=430&Type=search", "url2": "https//fukushi-danke.com" }, "geometry": { "type": "Point", "coordinates": [ 130.708448350262444, 33.805444701086394 ] } },
{ "type": "Feature", "properties": { "内容": "ケアプランセンター・ミキ【居宅介護支援】中間市通谷6丁目21－10", "url": "https://www.kaigokensaku.mhlw.go.jp/40/index.php?action_kouhyou_detail_004_kani=true&JigyosyoCd=4072801014-00&ServiceCd=430&Type=search", "url2": "www.furearu-miki.co.jp" }, "geometry": { "type": "Point", "coordinates": [ 130.740810099999976, 33.8183863 ] } },
{ "type": "Feature", "properties": { "内容": "智美園在宅介護サービスセンター【居宅介護支援】福岡県中間市大字垣生2017番地3", "url": "https://www.kaigokensaku.mhlw.go.jp/40/index.php?action_kouhyou_detail_004_kani=true&JigyosyoCd=4072800073-00&ServiceCd=430&Type=search", "url2": "http://www.tomomien.com" }, "geometry": { "type": "Point", "coordinates": [ 130.698416413491799, 33.823798856139206 ] } },
{ "type": "Feature", "properties": { "内容": "ケアプラン　桃のはな【居宅介護支援】福岡県中間市垣生1424番地2", "url": "https://www.kaigokensaku.mhlw.go.jp/40/index.php?action_kouhyou_detail_004_kani=true&JigyosyoCd=4072800768-00&ServiceCd=430&Type=search", "url2": "momonohana721@bird.ocn.ne.jp" }, "geometry": { "type": "Point", "coordinates": [ 130.694938349429322, 33.823939734771294 ] } },
{ "type": "Feature", "properties": { "内容": "ケアプラン松ヶ岡【居宅介護支援】福岡県中間市松ヶ岡2番1号", "url": "https://www.kaigokensaku.mhlw.go.jp/40/index.php?action_kouhyou_detail_004_kani=true&JigyosyoCd=4072801493-00&ServiceCd=430&Type=search", "url2": null }, "geometry": { "type": "Point", "coordinates": [ 130.7212829, 33.8168107 ] } },
{ "type": "Feature", "properties": { "内容": "ウエルパークヒルズ在宅介護サービスセンター【居宅介護支援】福岡県中間市通谷一丁目３６番３号", "url": "https://www.kaigokensaku.mhlw.go.jp/40/index.php?action_kouhyou_detail_004_kani=true&JigyosyoCd=4072800040-00&ServiceCd=430&Type=search", "url2": "https://wellph.jp/" }, "geometry": { "type": "Point", "coordinates": [ 130.731677499999932, 33.8237578 ] } },
{ "type": "Feature", "properties": { "内容": "ケアプランセンタ-はつらつ【居宅介護支援】福岡県中間市大字垣生848－3番地", "url": "https://www.kaigokensaku.mhlw.go.jp/40/index.php?action_kouhyou_detail_004_kani=true&JigyosyoCd=4072801287-00&ServiceCd=430&Type=search", "url2": null }, "geometry": { "type": "Point", "coordinates": [ 130.696500199999946, 33.8189685 ] } },
{ "type": "Feature", "properties": { "内容": "花笑みケアプランセンター【居宅介護支援】福岡県中間市中尾１丁目8-13フォーレスト中尾102", "url": "https://www.kaigokensaku.mhlw.go.jp/40/index.php?action_kouhyou_detail_004_kani=true&JigyosyoCd=4072801634-00&ServiceCd=430&Type=search", "url2": null }, "geometry": { "type": "Point", "coordinates": [ 130.714490500000011, 33.8159267 ] } },
{ "type": "Feature", "properties": { "内容": "ささえ愛ケアプランセンター【居宅介護支援】福岡県中間市通谷一丁目10番23号", "url": "https://www.kaigokensaku.mhlw.go.jp/40/index.php?action_kouhyou_detail_004_kani=true&JigyosyoCd=4072800560-00&ServiceCd=430&Type=search", "url2": null }, "geometry": { "type": "Point", "coordinates": [ 130.728535809464347, 33.822210894878701 ] } },
{ "type": "Feature", "properties": { "内容": "ケアプランセンター　ＥＡＳＴ【居宅介護支援】福岡県中間市中央一丁目8番19号", "url": "https://www.kaigokensaku.mhlw.go.jp/40/index.php?action_kouhyou_detail_004_kani=true&JigyosyoCd=4072801501-00&ServiceCd=430&Type=search", "url2": "https://www.east-ltd.jp/care-plan-center/" }, "geometry": { "type": "Point", "coordinates": [ 130.712022918910208, 33.818358242256394 ] } },
{ "type": "Feature", "properties": { "内容": "あおのはケアプランセンター【居宅介護支援】福岡県中間市岩瀬西町4番39号サンスカイドリーム101", "url": "https://www.kaigokensaku.mhlw.go.jp/40/index.php?action_kouhyou_detail_004_kani=true&JigyosyoCd=4072801550-00&ServiceCd=430&Type=search", "url2": "https://wwwaonohaday.jimdofree.com/" }, "geometry": { "type": "Point", "coordinates": [ 130.706592005141431, 33.834716536751706 ] } },
{ "type": "Feature", "properties": { "内容": "ケアプラン　利他【居宅介護支援】福岡県中間市大字上底井野７６３番地１１", "url": "https://www.kaigokensaku.mhlw.go.jp/40/index.php?action_kouhyou_detail_004_kani=true&JigyosyoCd=4072801717-00&ServiceCd=430&Type=search", "url2": null }, "geometry": { "type": "Point", "coordinates": [ 130.696010699999988, 33.812997 ] } },
{ "type": "Feature", "properties": { "内容": "アヒル・ケアプラン【居宅介護支援】中間市中央5-8-18", "url": "https://www.kaigokensaku.mhlw.go.jp/40/index.php?action_kouhyou_detail_004_kani=true&JigyosyoCd=4072800636-00&ServiceCd=430&Type=search", "url2": null }, "geometry": { "type": "Point", "coordinates": [ 130.718778599999951, 33.8229993 ] } },
{ "type": "Feature", "properties": { "内容": "グリーンコープケアプランセンター中間【居宅介護支援】福岡県中間市蓮花寺2-11-30", "url": "https://www.kaigokensaku.mhlw.go.jp/40/index.php?action_kouhyou_detail_004_kani=true&JigyosyoCd=4072801329-00&ServiceCd=430&Type=search", "url2": "http://www.hukushi-greencoop" }, "geometry": { "type": "Point", "coordinates": [ 130.720649200000054, 33.8270405 ] } },
{ "type": "Feature", "properties": { "内容": "ケアプランサービス池月【居宅介護支援】福岡県小郡市八坂29番地の1", "url": "https://www.kaigokensaku.mhlw.go.jp/40/index.php?action_kouhyou_detail_004_kani=true&JigyosyoCd=4072900410-00&ServiceCd=430&Type=search", "url2": null }, "geometry": { "type": "Point", "coordinates": [ 130.55933628895491, 33.370108919675182 ] } },
{ "type": "Feature", "properties": { "内容": "本間ケアプランサービス【居宅介護支援】三沢528番地1", "url": "https://www.kaigokensaku.mhlw.go.jp/40/index.php?action_kouhyou_detail_004_kani=true&JigyosyoCd=4072900949-00&ServiceCd=430&Type=search", "url2": "http：//www.honma.or.jp" }, "geometry": { "type": "Point", "coordinates": [ 141.398576100000014, 40.6900358 ] } },
{ "type": "Feature", "properties": { "内容": "アップルハート小郡ケアプランセンター【居宅介護支援】福岡県小郡市稲吉1350-10", "url": "https://www.kaigokensaku.mhlw.go.jp/40/index.php?action_kouhyou_detail_004_kani=true&JigyosyoCd=4072900477-00&ServiceCd=430&Type=search", "url2": null }, "geometry": { "type": "Point", "coordinates": [ 130.5537359, 33.3915641 ] } },
{ "type": "Feature", "properties": { "内容": "たなばたケアプランセンター【居宅介護支援】福岡県小郡市寺福童５１７番地2", "url": "https://www.kaigokensaku.mhlw.go.jp/40/index.php?action_kouhyou_detail_004_kani=true&JigyosyoCd=4072900642-00&ServiceCd=430&Type=search", "url2": null }, "geometry": { "type": "Point", "coordinates": [ 130.546349200000037, 33.390805 ] } },
{ "type": "Feature", "properties": { "内容": "青寿苑ケアプランサービス【居宅介護支援】福岡県小郡市井上５３１番地", "url": "https://www.kaigokensaku.mhlw.go.jp/40/index.php?action_kouhyou_detail_004_kani=true&JigyosyoCd=4072900139-00&ServiceCd=430&Type=search", "url2": "http://www.mikku.co.jp/seijuen/" }, "geometry": { "type": "Point", "coordinates": [ 130.577508200000011, 33.4054538 ] } },
{ "type": "Feature", "properties": { "内容": "聖和ケアプランサービス【居宅介護支援】福岡県小郡市津古字半女寺1470番地1", "url": "https://www.kaigokensaku.mhlw.go.jp/40/index.php?action_kouhyou_detail_004_kani=true&JigyosyoCd=4072900105-00&ServiceCd=430&Type=search", "url2": "http://www.seiwa-kai.com" }, "geometry": { "type": "Point", "coordinates": [ 130.566737718276954, 33.445030502510235 ] } },
{ "type": "Feature", "properties": { "内容": "ひばりケアプランセンター【居宅介護支援】福岡県小郡市小郡1246-1", "url": "https://www.kaigokensaku.mhlw.go.jp/40/index.php?action_kouhyou_detail_004_kani=true&JigyosyoCd=4072900899-00&ServiceCd=430&Type=search", "url2": null }, "geometry": { "type": "Point", "coordinates": [ 130.548514, 33.3937445 ] } },
{ "type": "Feature", "properties": { "内容": "シマダケアプランセンター【居宅介護支援】福岡県小郡市小板井468番地11シマダ在宅支援センター", "url": "https://www.kaigokensaku.mhlw.go.jp/40/index.php?action_kouhyou_detail_004_kani=true&JigyosyoCd=4072900527-00&ServiceCd=430&Type=search", "url2": "http://www.shimadahp.jp" }, "geometry": { "type": "Point", "coordinates": [ 130.555484129113779, 33.395202509618883 ] } },
{ "type": "Feature", "properties": { "内容": "ケアプランサービスしらさぎ苑【居宅介護支援】福岡県小郡市三沢字883-1", "url": "https://www.kaigokensaku.mhlw.go.jp/40/index.php?action_kouhyou_detail_004_kani=true&JigyosyoCd=4072900063-00&ServiceCd=430&Type=search", "url2": "http://www.chouseikai.jp" }, "geometry": { "type": "Point", "coordinates": [ 130.544032799999968, 33.4206666 ] } },
{ "type": "Feature", "properties": { "内容": "ケアプランサービス　わかいち【居宅介護支援】福岡県小郡市干潟2061-2", "url": "https://www.kaigokensaku.mhlw.go.jp/40/index.php?action_kouhyou_detail_004_kani=true&JigyosyoCd=4072900774-00&ServiceCd=430&Type=search", "url2": null }, "geometry": { "type": "Point", "coordinates": [ 130.583061300000054, 33.411567 ] } },
{ "type": "Feature", "properties": { "内容": "みのりケアプランセンター【居宅介護支援】福岡県筑紫野市二日市北２丁目12番10号高齢者住宅二日市北２０６号室高齢者住宅二日市北２０６号室", "url": "https://www.kaigokensaku.mhlw.go.jp/40/index.php?action_kouhyou_detail_004_kani=true&JigyosyoCd=4073001275-00&ServiceCd=430&Type=search", "url2": null }, "geometry": { "type": "Point", "coordinates": [ 130.521206600000028, 33.5025808 ] } },
{ "type": "Feature", "properties": { "内容": "ケアプランあしき【居宅介護支援】福岡県筑紫野市阿志2399", "url": "https://www.kaigokensaku.mhlw.go.jp/40/index.php?action_kouhyou_detail_004_kani=true&JigyosyoCd=4073000921-00&ServiceCd=430&Type=search", "url2": null }, "geometry": { "type": "Point", "coordinates": [ 130.515657199999964, 33.4963423 ] } },
{ "type": "Feature", "properties": { "内容": "医療法人　文杏堂　杉病院指定居宅介護支援事業所【居宅介護支援】福岡県筑紫野市二日市中央１丁目２－８", "url": "https://www.kaigokensaku.mhlw.go.jp/40/index.php?action_kouhyou_detail_004_kani=true&JigyosyoCd=4073000160-00&ServiceCd=430&Type=search", "url2": "http://sugi-hosupital.jp" }, "geometry": { "type": "Point", "coordinates": [ 130.51948439192654, 33.495133704751318 ] } },
{ "type": "Feature", "properties": { "内容": "居宅介護支援事業センター　むさし【居宅介護支援】福岡県筑紫野市湯町二丁目９番２号", "url": "https://www.kaigokensaku.mhlw.go.jp/40/index.php?action_kouhyou_detail_004_kani=true&JigyosyoCd=4073000178-00&ServiceCd=430&Type=search", "url2": "http://www.musashien.com/" }, "geometry": { "type": "Point", "coordinates": [ 130.515971199999967, 33.4906318 ] } },
{ "type": "Feature", "properties": { "内容": "よこみぞ医院ケアプランサービスつかさ【居宅介護支援】福岡県筑紫野市大字立明寺506-5", "url": "https://www.kaigokensaku.mhlw.go.jp/40/index.php?action_kouhyou_detail_004_kani=true&JigyosyoCd=4073000095-00&ServiceCd=430&Type=search", "url2": "http://yokomizo-clinic.com/" }, "geometry": { "type": "Point", "coordinates": [ 130.523843100000022, 33.483627 ] } },
{ "type": "Feature", "properties": { "内容": "ケアプランサービスあけぼの【居宅介護支援】福岡県筑紫野市紫４丁目６番１５号", "url": "https://www.kaigokensaku.mhlw.go.jp/40/index.php?action_kouhyou_detail_004_kani=true&JigyosyoCd=4073000137-00&ServiceCd=430&Type=search", "url2": "http://care-akebono.com/" }, "geometry": { "type": "Point", "coordinates": [ 130.533448913491839, 33.493803445052272 ] } },
{ "type": "Feature", "properties": { "内容": "医療法人　燦宗会　どい内科クリニックケアプランサービス【居宅介護支援】福岡県筑紫野市光が丘4丁目5番地3", "url": "https://www.kaigokensaku.mhlw.go.jp/40/index.php?action_kouhyou_detail_004_kani=true&JigyosyoCd=4073000780-00&ServiceCd=430&Type=search", "url2": "http://www.sanshukai.or.jp/" }, "geometry": { "type": "Point", "coordinates": [ 130.560741300000018, 33.4501356 ] } },
{ "type": "Feature", "properties": { "内容": "社会福祉法人筑紫野市社会福祉協議会【居宅介護支援】福岡県筑紫野市岡田三丁目11番地１筑紫野市総合保健福祉センターカミーリヤ", "url": "https://www.kaigokensaku.mhlw.go.jp/40/index.php?action_kouhyou_detail_004_kani=true&JigyosyoCd=4073000012-00&ServiceCd=430&Type=search", "url2": "http://www.chiku-syakyou.or.jp/" }, "geometry": { "type": "Point", "coordinates": [ 130.551246786369347, 33.47019766404717 ] } },
{ "type": "Feature", "properties": { "内容": "ケアプランセンター天拝の園【居宅介護支援】福岡県筑紫野市立明寺618-1", "url": "https://www.kaigokensaku.mhlw.go.jp/40/index.php?action_kouhyou_detail_004_kani=true&JigyosyoCd=4073000434-00&ServiceCd=430&Type=search", "url2": "http://www.tenpainosono.or.jp/" }, "geometry": { "type": "Point", "coordinates": [ 130.530062199999946, 33.4814216 ] } },
{ "type": "Feature", "properties": { "内容": "ケアプランサービスちくしの荘【居宅介護支援】福岡県筑紫野市美しが丘南３丁目４番７号　宝満ヴィラ美しが丘228号", "url": "https://www.kaigokensaku.mhlw.go.jp/40/index.php?action_kouhyou_detail_004_kani=true&JigyosyoCd=4073000079-00&ServiceCd=430&Type=search", "url2": "http://homan.or.jp/" }, "geometry": { "type": "Point", "coordinates": [ 130.5428789, 33.4514688 ] } },
{ "type": "Feature", "properties": { "内容": "医療法人牧和会　介護老人保健施設リハビリハイツアシスト桜台ケアプランサービス【居宅介護支援】福岡県筑紫野市大字常松456-2", "url": "https://www.kaigokensaku.mhlw.go.jp/40/index.php?action_kouhyou_detail_004_kani=true&JigyosyoCd=4073000111-00&ServiceCd=430&Type=search", "url2": "http://www.maki.or.jp" }, "geometry": { "type": "Point", "coordinates": [ 130.539581399999946, 33.4705059 ] } },
{ "type": "Feature", "properties": { "内容": "介護計画サービスペアレント【居宅介護支援】福岡県筑紫野市大字筑紫28番地7", "url": "https://www.kaigokensaku.mhlw.go.jp/40/index.php?action_kouhyou_detail_004_kani=true&JigyosyoCd=4073000194-00&ServiceCd=430&Type=search", "url2": null }, "geometry": { "type": "Point", "coordinates": [ 130.551336897228225, 33.463923795243751 ] } },
{ "type": "Feature", "properties": { "内容": "ＪＡ筑紫ケアプランサービス【居宅介護支援】福岡県筑紫野市杉塚３丁目３番１０号", "url": "https://www.kaigokensaku.mhlw.go.jp/40/index.php?action_kouhyou_detail_004_kani=true&JigyosyoCd=4073000418-00&ServiceCd=430&Type=search", "url2": "http:/www.ja-chikusi.or.jp" }, "geometry": { "type": "Point", "coordinates": [ 130.500305700000013, 33.5011387 ] } },
{ "type": "Feature", "properties": { "内容": "ケアプランセンターつくし【居宅介護支援】福岡県筑紫野市紫3丁目11-2", "url": "https://www.kaigokensaku.mhlw.go.jp/40/index.php?action_kouhyou_detail_004_kani=true&JigyosyoCd=4073001432-00&ServiceCd=430&Type=search", "url2": null }, "geometry": { "type": "Point", "coordinates": [ 130.531548199999946, 33.483327 ] } },
{ "type": "Feature", "properties": { "内容": "ケアプランセンターりあん【居宅介護支援】福岡県筑紫野市永岡503-8", "url": "https://www.kaigokensaku.mhlw.go.jp/40/index.php?action_kouhyou_detail_004_kani=true&JigyosyoCd=4073001671-00&ServiceCd=430&Type=search", "url2": null }, "geometry": { "type": "Point", "coordinates": [ 130.540092499999986, 33.4750373 ] } },
{ "type": "Feature", "properties": { "内容": "バカンス　ケアプラン【居宅介護支援】福岡県筑紫野市上古賀3-16-2", "url": "https://www.kaigokensaku.mhlw.go.jp/40/index.php?action_kouhyou_detail_004_kani=true&JigyosyoCd=4073001770-00&ServiceCd=430&Type=search", "url2": null }, "geometry": { "type": "Point", "coordinates": [ 130.5219904, 33.4829298 ] } },
{ "type": "Feature", "properties": { "内容": "サンカルナ二日市居宅介護支援事業所【居宅介護支援】福岡県筑紫野市紫２丁目４－１サンカルナ二日市", "url": "https://www.kaigokensaku.mhlw.go.jp/40/index.php?action_kouhyou_detail_004_kani=true&JigyosyoCd=4073000947-00&ServiceCd=430&Type=search", "url2": null }, "geometry": { "type": "Point", "coordinates": [ 130.523212199999989, 33.496262 ] } },
{ "type": "Feature", "properties": { "内容": "Care　Design　TiC　TAC【居宅介護支援】筑紫駅前通1丁目10シティハイム筑紫　202号", "url": "https://www.kaigokensaku.mhlw.go.jp/40/index.php?action_kouhyou_detail_004_kani=true&JigyosyoCd=4073001788-00&ServiceCd=430&Type=search", "url2": null }, "geometry": { "type": "Point", "coordinates": [ 130.5534988, 33.4631918 ] } },
{ "type": "Feature", "properties": { "内容": "ケアプランサービス花笑み筑紫野【居宅介護支援】福岡県筑紫野市針摺中央1-4-18サンハイツ公園通り201号室", "url": "https://www.kaigokensaku.mhlw.go.jp/40/index.php?action_kouhyou_detail_004_kani=true&JigyosyoCd=4073001812-00&ServiceCd=430&Type=search", "url2": "https://hanaemi.biz/cp_top/" }, "geometry": { "type": "Point", "coordinates": [ 130.533208065792536, 33.486456599451195 ] } },
{ "type": "Feature", "properties": { "内容": "ケアプランセンターさち【居宅介護支援】福岡県筑紫野市光が丘1丁目23番地２", "url": "https://www.kaigokensaku.mhlw.go.jp/40/index.php?action_kouhyou_detail_004_kani=true&JigyosyoCd=4073001606-00&ServiceCd=430&Type=search", "url2": null }, "geometry": { "type": "Point", "coordinates": [ 130.555362, 33.4520445 ] } },
{ "type": "Feature", "properties": { "内容": "ケアプランセンターたんたん【居宅介護支援】福岡県筑紫野市美咲1023番地2", "url": "https://www.kaigokensaku.mhlw.go.jp/40/index.php?action_kouhyou_detail_004_kani=true&JigyosyoCd=4073001382-00&ServiceCd=430&Type=search", "url2": "http://www.tantan.life" }, "geometry": { "type": "Point", "coordinates": [ 130.560782900000049, 33.4622178 ] } },
{ "type": "Feature", "properties": { "内容": "小西第一病院ケアプランセンター【居宅介護支援】福岡県筑紫野市石崎1丁目3-1", "url": "https://www.kaigokensaku.mhlw.go.jp/40/index.php?action_kouhyou_detail_004_kani=true&JigyosyoCd=4073001820-00&ServiceCd=430&Type=search", "url2": "https://www.konishidaiichi-hp.or.jp/care_services/care_plan/" }, "geometry": { "type": "Point", "coordinates": [ 130.5269664, 33.4868758 ] } },
{ "type": "Feature", "properties": { "内容": "つばきケアプランサービス【居宅介護支援】大字筑紫1519エクセレント筑紫201号", "url": "https://www.kaigokensaku.mhlw.go.jp/40/index.php?action_kouhyou_detail_004_kani=true&JigyosyoCd=4073001838-00&ServiceCd=430&Type=search", "url2": "https://tsubaki-home-visit.com/" }, "geometry": { "type": "Point", "coordinates": [ 130.5356032, 33.4619801 ] } },
{ "type": "Feature", "properties": { "内容": "ニチイケアセンター春日南【居宅介護支援】福岡県春日市春日2丁目22番", "url": "https://www.kaigokensaku.mhlw.go.jp/40/index.php?action_kouhyou_detail_004_kani=true&JigyosyoCd=4073100838-00&ServiceCd=430&Type=search", "url2": "http://www.nichii-kaigo.jp/base/base-result/05N83/" }, "geometry": { "type": "Point", "coordinates": [ 130.4709861, 33.5238663 ] } },
{ "type": "Feature", "properties": { "内容": "桜十字ケアプランセンターちくし【居宅介護支援】福岡県春日市須玖北3-65N-VIL365-106", "url": "https://www.kaigokensaku.mhlw.go.jp/40/index.php?action_kouhyou_detail_004_kani=true&JigyosyoCd=4073101794-00&ServiceCd=430&Type=search", "url2": "https://sj-fukuoka.or.jp/" }, "geometry": { "type": "Point", "coordinates": [ 130.4447687, 33.5424287 ] } },
{ "type": "Feature", "properties": { "内容": "NPO法人小さな家処々ケアプランセンタ-【居宅介護支援】福岡県春日市紅葉ヶ丘西５丁目８番", "url": "https://www.kaigokensaku.mhlw.go.jp/40/index.php?action_kouhyou_detail_004_kani=true&JigyosyoCd=4073101661-00&ServiceCd=430&Type=search", "url2": null }, "geometry": { "type": "Point", "coordinates": [ 130.4553032, 33.5185669 ] } },
{ "type": "Feature", "properties": { "内容": "かすがケアプランサービス【居宅介護支援】福岡県春日市塚原台3丁目129番", "url": "https://www.kaigokensaku.mhlw.go.jp/40/index.php?action_kouhyou_detail_004_kani=true&JigyosyoCd=4073100119-00&ServiceCd=430&Type=search", "url2": "https://www.otogane.or.jp/kasuga/" }, "geometry": { "type": "Point", "coordinates": [ 130.466772600000013, 33.5090758 ] } },
{ "type": "Feature", "properties": { "内容": "エフコープ介護サービス春日【居宅介護支援】福岡県春日市光町2丁目91番りんご庵", "url": "https://www.kaigokensaku.mhlw.go.jp/40/index.php?action_kouhyou_detail_004_kani=true&JigyosyoCd=4073100630-00&ServiceCd=430&Type=search", "url2": "http://www.fcoop.or.jp/" }, "geometry": { "type": "Point", "coordinates": [ 130.462700700000028, 33.5323652 ] } },
{ "type": "Feature", "properties": { "内容": "あやケアプランセンター【居宅介護支援】福岡県春日市小倉1丁目13-2", "url": "https://www.kaigokensaku.mhlw.go.jp/40/index.php?action_kouhyou_detail_004_kani=true&JigyosyoCd=4073101414-00&ServiceCd=430&Type=search", "url2": "https://www.ayamedicalcareplan.com/" }, "geometry": { "type": "Point", "coordinates": [ 130.456766915205463, 33.534588527020681 ] } },
{ "type": "Feature", "properties": { "内容": "ケアプランサービスひなた【居宅介護支援】福岡県春日市須玖南2丁目103番地", "url": "https://www.kaigokensaku.mhlw.go.jp/40/index.php?action_kouhyou_detail_004_kani=true&JigyosyoCd=4073101356-00&ServiceCd=430&Type=search", "url2": "https://www.aozoranonaka.com/" }, "geometry": { "type": "Point", "coordinates": [ 130.4456189, 33.536956 ] } },
{ "type": "Feature", "properties": { "内容": "ケアプランセンターくらら【居宅介護支援】福岡県春日市岡本一丁目８番地２カケルプラス３０５号", "url": "https://www.kaigokensaku.mhlw.go.jp/40/index.php?action_kouhyou_detail_004_kani=true&JigyosyoCd=4073101802-00&ServiceCd=430&Type=search", "url2": null }, "geometry": { "type": "Point", "coordinates": [ 130.4494048, 33.5412468 ] } },
{ "type": "Feature", "properties": { "内容": "医療法人徳洲会福岡徳洲会介護センター【居宅介護支援】福岡県春日市須玖北４丁目５番", "url": "https://www.kaigokensaku.mhlw.go.jp/40/index.php?action_kouhyou_detail_004_kani=true&JigyosyoCd=4073100424-00&ServiceCd=430&Type=search", "url2": "http://www.f-toku.jp/" }, "geometry": { "type": "Point", "coordinates": [ 130.447818699999971, 33.5433886 ] } },
{ "type": "Feature", "properties": { "内容": "平塚整形外科ケアプランサービス【居宅介護支援】福岡県春日市下白水北３丁目８２番地１", "url": "https://www.kaigokensaku.mhlw.go.jp/40/index.php?action_kouhyou_detail_004_kani=true&JigyosyoCd=4073100093-00&ServiceCd=430&Type=search", "url2": "http://www.hiratsuka-seikeigeka.jp" }, "geometry": { "type": "Point", "coordinates": [ 130.4565318, 33.5353065 ] } },
{ "type": "Feature", "properties": { "内容": "ケアプランセンター春日【居宅介護支援】福岡県春日市春日原南町2丁目27-2", "url": "https://www.kaigokensaku.mhlw.go.jp/40/index.php?action_kouhyou_detail_004_kani=true&JigyosyoCd=4073100200-00&ServiceCd=430&Type=search", "url2": "http://www.jurakuen.jp/" }, "geometry": { "type": "Point", "coordinates": [ 130.475330100000065, 33.5313629 ] } },
{ "type": "Feature", "properties": { "内容": "医療法人春成会ケアプランサービス【居宅介護支援】福岡県春日市紅葉ヶ丘東三丁目１８番地", "url": "https://www.kaigokensaku.mhlw.go.jp/40/index.php?action_kouhyou_detail_004_kani=true&JigyosyoCd=4073100911-00&ServiceCd=430&Type=search", "url2": "www.http:higuchi-hosp.or.jp/" }, "geometry": { "type": "Point", "coordinates": [ 130.4577789, 33.521105 ] } },
{ "type": "Feature", "properties": { "内容": "フォーユー【居宅介護支援】福岡県春日市須玖南５丁目27番地", "url": "https://www.kaigokensaku.mhlw.go.jp/40/index.php?action_kouhyou_detail_004_kani=true&JigyosyoCd=4073101737-00&ServiceCd=430&Type=search", "url2": "http://foryoukasuga.com/" }, "geometry": { "type": "Point", "coordinates": [ 130.4459708, 33.5347449 ] } },
{ "type": "Feature", "properties": { "内容": "ケアプラン春の日【居宅介護支援】福岡県春日市一の谷1丁目22番地", "url": "https://www.kaigokensaku.mhlw.go.jp/40/index.php?action_kouhyou_detail_004_kani=true&JigyosyoCd=4073101786-00&ServiceCd=430&Type=search", "url2": null }, "geometry": { "type": "Point", "coordinates": [ 130.4481415, 33.5258449 ] } },
{ "type": "Feature", "properties": { "内容": "ケアプランＡＸＩＡ春日【居宅介護支援】福岡県春日市上白水三丁目４６番地谷ビル２０２号", "url": "https://www.kaigokensaku.mhlw.go.jp/40/index.php?action_kouhyou_detail_004_kani=true&JigyosyoCd=4073101364-00&ServiceCd=430&Type=search", "url2": null }, "geometry": { "type": "Point", "coordinates": [ 130.443746899999951, 33.5185187 ] } },
{ "type": "Feature", "properties": { "内容": "アップルハート大野城ケアプランセンター【居宅介護支援】福岡県大野城市下大利団地2-62号棟１階", "url": "https://www.kaigokensaku.mhlw.go.jp/40/index.php?action_kouhyou_detail_004_kani=true&JigyosyoCd=4073200596-00&ServiceCd=430&Type=search", "url2": "http://www.aso-kaigo.jp/" }, "geometry": { "type": "Point", "coordinates": [ 130.491397049104307, 33.522873995522609 ] } },
{ "type": "Feature", "properties": { "内容": "アスパルケアセンター大野城【居宅介護支援】福岡県大野城市仲畑二丁目8番14号コンフォールA　1F　1号室", "url": "https://www.kaigokensaku.mhlw.go.jp/40/index.php?action_kouhyou_detail_004_kani=true&JigyosyoCd=4073200935-00&ServiceCd=430&Type=search", "url2": "http://www.aspal.jp" }, "geometry": { "type": "Point", "coordinates": [ 130.468516899999941, 33.5567071 ] } },
{ "type": "Feature", "properties": { "内容": "居宅介護支援事業所カトレア【居宅介護支援】福岡県大野城市南大利二丁目7-2", "url": "https://www.kaigokensaku.mhlw.go.jp/40/index.php?action_kouhyou_detail_004_kani=true&JigyosyoCd=4073200190-00&ServiceCd=430&Type=search", "url2": "http://www.seiai-riha.com/" }, "geometry": { "type": "Point", "coordinates": [ 130.479360300000053, 33.5096289 ] } },
{ "type": "Feature", "properties": { "内容": "大野城市北ケアプランサービス　こもれびの郷【居宅介護支援】福岡県大野城市仲畑3丁目10番21号", "url": "https://www.kaigokensaku.mhlw.go.jp/40/index.php?action_kouhyou_detail_004_kani=true&JigyosyoCd=4073200299-00&ServiceCd=430&Type=search", "url2": "http://www.otogane.or.jp/day/" }, "geometry": { "type": "Point", "coordinates": [ 130.4743413, 33.550558 ] } },
{ "type": "Feature", "properties": { "内容": "あかり完全独立型居宅【居宅介護支援】福岡県大野城市乙金東一丁目15番7号", "url": "https://www.kaigokensaku.mhlw.go.jp/40/index.php?action_kouhyou_detail_004_kani=true&JigyosyoCd=4073201198-00&ServiceCd=430&Type=search", "url2": null }, "geometry": { "type": "Point", "coordinates": [ 130.495367100000067, 33.554769 ] } },
{ "type": "Feature", "properties": { "内容": "ケアプランセンター青い鳥【居宅介護支援】福岡県大野城市錦町２丁目2-11-305エルスタンザ春日原", "url": "https://www.kaigokensaku.mhlw.go.jp/40/index.php?action_kouhyou_detail_004_kani=true&JigyosyoCd=4073201727-00&ServiceCd=430&Type=search", "url2": null }, "geometry": { "type": "Point", "coordinates": [ 130.4747304, 33.5396393 ] } },
{ "type": "Feature", "properties": { "内容": "ケアプランサービスひゅうが【居宅介護支援】福岡県大野城市瓦田4丁目15‐26リバーサイド大野城2階G号", "url": "https://www.kaigokensaku.mhlw.go.jp/40/index.php?action_kouhyou_detail_004_kani=true&JigyosyoCd=4073100739-00&ServiceCd=430&Type=search", "url2": "http://kirari3.com" }, "geometry": { "type": "Point", "coordinates": [ 130.486233673432906, 33.532393420872339 ] } },
{ "type": "Feature", "properties": { "内容": "純ケアプランサービス【居宅介護支援】福岡県大野城市白木原１丁目9－43パレスJJ403号", "url": "https://www.kaigokensaku.mhlw.go.jp/40/index.php?action_kouhyou_detail_004_kani=true&JigyosyoCd=4073200836-00&ServiceCd=430&Type=search", "url2": "https://juncare.sakura.ne.jp" }, "geometry": { "type": "Point", "coordinates": [ 130.481339477909842, 33.527699887836889 ] } },
{ "type": "Feature", "properties": { "内容": "ケアプランセンター　未来色【居宅介護支援】福岡県大野城市旭ヶ丘2-1-20たなか夏樹医院内", "url": "https://www.kaigokensaku.mhlw.go.jp/40/index.php?action_kouhyou_detail_004_kani=true&JigyosyoCd=4073201255-00&ServiceCd=430&Type=search", "url2": "http://tanaka-natsuki.com/future-color" }, "geometry": { "type": "Point", "coordinates": [ 130.48136020000004, 33.5112733 ] } },
{ "type": "Feature", "properties": { "内容": "フェニックスケアプラン【居宅介護支援】福岡県大野城市仲畑2丁目3番44号", "url": "https://www.kaigokensaku.mhlw.go.jp/40/index.php?action_kouhyou_detail_004_kani=true&JigyosyoCd=4073201743-00&ServiceCd=430&Type=search", "url2": "http://phoenix315.com/" }, "geometry": { "type": "Point", "coordinates": [ 130.4673084, 33.5565143 ] } },
{ "type": "Feature", "properties": { "内容": "社会福祉法人　大野城市社会福祉協議会【居宅介護支援】福岡県大野城市曙町２丁目３番２号大野城市総合福祉センター", "url": "https://www.kaigokensaku.mhlw.go.jp/40/index.php?action_kouhyou_detail_004_kani=true&JigyosyoCd=4073200018-00&ServiceCd=430&Type=search", "url2": "http://www.onojo-vc.jp" }, "geometry": { "type": "Point", "coordinates": [ 130.479834333729485, 33.53496931616808 ] } },
{ "type": "Feature", "properties": { "内容": "悠生園ケアプランセンター【居宅介護支援】福岡県大野城市中2丁目3番1号", "url": "https://www.kaigokensaku.mhlw.go.jp/40/index.php?action_kouhyou_detail_004_kani=true&JigyosyoCd=4073200141-00&ServiceCd=430&Type=search", "url2": "http://www.yuseikai.jp/" }, "geometry": { "type": "Point", "coordinates": [ 130.482784147207667, 33.550065841461063 ] } },
{ "type": "Feature", "properties": { "内容": "(有)愛ケアプランサービス【居宅介護支援】福岡県大野城市川久保３丁目３番２３号", "url": "https://www.kaigokensaku.mhlw.go.jp/40/index.php?action_kouhyou_detail_004_kani=true&JigyosyoCd=4073200281-00&ServiceCd=430&Type=search", "url2": "www.ai-keapuran.com" }, "geometry": { "type": "Point", "coordinates": [ 130.489045600000054, 33.5476004 ] } },
{ "type": "Feature", "properties": { "内容": "ケアプランセンターせんだん【居宅介護支援】福岡県大野城市大城四丁目2番5号", "url": "https://www.kaigokensaku.mhlw.go.jp/40/index.php?action_kouhyou_detail_004_kani=true&JigyosyoCd=4073200307-00&ServiceCd=430&Type=search", "url2": "https://www.sendannooka.com" }, "geometry": { "type": "Point", "coordinates": [ 130.491554977793157, 33.534040819155059 ] } },
{ "type": "Feature", "properties": { "内容": "なごやかケアプランセンター【居宅介護支援】大野城市平野台4丁目10番5号", "url": "https://www.kaigokensaku.mhlw.go.jp/40/index.php?action_kouhyou_detail_004_kani=true&JigyosyoCd=4073200851-00&ServiceCd=430&Type=search", "url2": null }, "geometry": { "type": "Point", "coordinates": [ 130.467152899999974, 33.4917775 ] } },
{ "type": "Feature", "properties": { "内容": "ケアプランセンターラシク【居宅介護支援】福岡県大野城市乙金３丁目２３番１号イオン乙金ショッピングセンター", "url": "https://www.kaigokensaku.mhlw.go.jp/40/index.php?action_kouhyou_detail_004_kani=true&JigyosyoCd=4073201735-00&ServiceCd=430&Type=search", "url2": "http://senstyler.com" }, "geometry": { "type": "Point", "coordinates": [ 130.496828099999988, 33.545687 ] } },
{ "type": "Feature", "properties": { "内容": "ケアマネオフィス千桜【居宅介護支援】福岡県大野城市仲畑4丁目1番20号", "url": "https://www.kaigokensaku.mhlw.go.jp/40/index.php?action_kouhyou_detail_004_kani=true&JigyosyoCd=4073201776-00&ServiceCd=430&Type=search", "url2": null }, "geometry": { "type": "Point", "coordinates": [ 130.470549299999988, 33.5545203 ] } },
{ "type": "Feature", "properties": { "内容": "ケアプランセンターえん【居宅介護支援】福岡県大野城市若草3-2-23ルークス106", "url": "https://www.kaigokensaku.mhlw.go.jp/40/index.php?action_kouhyou_detail_004_kani=true&JigyosyoCd=4073201529-00&ServiceCd=430&Type=search", "url2": null }, "geometry": { "type": "Point", "coordinates": [ 130.468578400000013, 33.5081403 ] } },
{ "type": "Feature", "properties": { "内容": "スカイメディカルケアプランセンター福岡中央【居宅介護支援】御笠川３丁目6-14クローバー福岡　２階", "url": "https://www.kaigokensaku.mhlw.go.jp/40/index.php?action_kouhyou_detail_004_kani=true&JigyosyoCd=4073201768-00&ServiceCd=430&Type=search", "url2": "https://www.skymedical.jp" }, "geometry": { "type": "Point", "coordinates": [ 130.488282199999986, 33.5336133 ] } },
{ "type": "Feature", "properties": { "内容": "ケアプランサービス「南ヶ丘」【居宅介護支援】福岡県大野城市牛頸1034-5", "url": "https://www.kaigokensaku.mhlw.go.jp/40/index.php?action_kouhyou_detail_004_kani=true&JigyosyoCd=4073200455-00&ServiceCd=430&Type=search", "url2": "http://www.minamigaoka.jp/" }, "geometry": { "type": "Point", "coordinates": [ 130.475605099999967, 33.5062097 ] } },
{ "type": "Feature", "properties": { "内容": "赤間病院居宅介護支援センター【居宅介護支援】福岡県宗像市石丸1丁目6番7号", "url": "https://www.kaigokensaku.mhlw.go.jp/40/index.php?action_kouhyou_detail_004_kani=true&JigyosyoCd=4073300099-00&ServiceCd=430&Type=search", "url2": "http://www.akama-hp.or.jp" }, "geometry": { "type": "Point", "coordinates": [ 130.595256, 33.8049905 ] } },
{ "type": "Feature", "properties": { "内容": "穏ケアプランサービス【居宅介護支援】福岡県宗像市赤間5丁目6-8-901アンピールマンション教育大前Ⅱ", "url": "https://www.kaigokensaku.mhlw.go.jp/40/index.php?action_kouhyou_detail_004_kani=true&JigyosyoCd=4073301691-00&ServiceCd=430&Type=search", "url2": null }, "geometry": { "type": "Point", "coordinates": [ 130.5929624, 33.8043567 ] } },
{ "type": "Feature", "properties": { "内容": "自由ケ丘ケアプランセンター結【居宅介護支援】福岡県宗像市自由ヶ丘西町２−７", "url": "https://www.kaigokensaku.mhlw.go.jp/40/index.php?action_kouhyou_detail_004_kani=true&JigyosyoCd=4073302111-00&ServiceCd=430&Type=search", "url2": null }, "geometry": { "type": "Point", "coordinates": [ 130.5708807, 33.8001186 ] } },
{ "type": "Feature", "properties": { "内容": "穏ケアプランサービス【居宅介護支援】日の里９丁目２－９", "url": "https://www.kaigokensaku.mhlw.go.jp/40/index.php?action_kouhyou_detail_004_kani=true&JigyosyoCd=4073302087-00&ServiceCd=430&Type=search", "url2": "https://sites.google.com/view/llclink/%E5%B1%85%E5%AE%85%E6%94%AF%E6%8F%B4" }, "geometry": { "type": "Point", "coordinates": [ 130.526703, 33.787124 ] } },
{ "type": "Feature", "properties": { "内容": "居宅介護支援センターあかま【居宅介護支援】福岡県宗像市田久３丁目11番1号", "url": "https://www.kaigokensaku.mhlw.go.jp/40/index.php?action_kouhyou_detail_004_kani=true&JigyosyoCd=4073300404-00&ServiceCd=430&Type=search", "url2": "http://kyujyufukusikai.jp/" }, "geometry": { "type": "Point", "coordinates": [ 130.575324099999989, 33.8033876 ] } },
{ "type": "Feature", "properties": { "内容": "ケアプランセンター幹【居宅介護支援】福岡県宗像市日の里五丁目1番地17", "url": "https://www.kaigokensaku.mhlw.go.jp/40/index.php?action_kouhyou_detail_004_kani=true&JigyosyoCd=4073302046-00&ServiceCd=430&Type=search", "url2": null }, "geometry": { "type": "Point", "coordinates": [ 130.5354616, 33.7930275 ] } },
{ "type": "Feature", "properties": { "内容": "徳重ケアプラン【居宅介護支援】宗像市徳重250-1", "url": "https://www.kaigokensaku.mhlw.go.jp/40/index.php?action_kouhyou_detail_004_kani=true&JigyosyoCd=4073301931-00&ServiceCd=430&Type=search", "url2": null }, "geometry": { "type": "Point", "coordinates": [ 130.593758900000012, 33.7950891 ] } },
{ "type": "Feature", "properties": { "内容": "ケアプランサービスはなもも【居宅介護支援】福岡県宗像市城西ヶ丘三丁目23番地55", "url": "https://www.kaigokensaku.mhlw.go.jp/40/index.php?action_kouhyou_detail_004_kani=true&JigyosyoCd=4073301998-00&ServiceCd=430&Type=search", "url2": null }, "geometry": { "type": "Point", "coordinates": [ 130.551609450787396, 33.817663707302366 ] } },
{ "type": "Feature", "properties": { "内容": "ケアプランサービス満月【居宅介護支援】福岡県宗像市日の里7丁目18番地5高千穂荘2号", "url": "https://www.kaigokensaku.mhlw.go.jp/40/index.php?action_kouhyou_detail_004_kani=true&JigyosyoCd=4073302053-00&ServiceCd=430&Type=search", "url2": null }, "geometry": { "type": "Point", "coordinates": [ 130.532403, 33.7857537 ] } },
{ "type": "Feature", "properties": { "内容": "ほくとケアプラン【居宅介護支援】福岡県宗像市三郎丸１丁目1-37", "url": "https://www.kaigokensaku.mhlw.go.jp/40/index.php?action_kouhyou_detail_004_kani=true&JigyosyoCd=4073301154-00&ServiceCd=430&Type=search", "url2": "https://www.hokutocp.com" }, "geometry": { "type": "Point", "coordinates": [ 130.572343360295804, 33.80968670267589 ] } },
{ "type": "Feature", "properties": { "内容": "北筑前福祉会ケアプランサービス【居宅介護支援】福岡県宗像市田熊1-3-3", "url": "https://www.kaigokensaku.mhlw.go.jp/40/index.php?action_kouhyou_detail_004_kani=true&JigyosyoCd=4073300172-00&ServiceCd=430&Type=search", "url2": "http://www.kitatikuzen.net" }, "geometry": { "type": "Point", "coordinates": [ 130.534973250854421, 33.801491797944202 ] } },
{ "type": "Feature", "properties": { "内容": "ケアぷらん樹【居宅介護支援】福岡県宗像市ひかりヶ丘二丁目１１番地4", "url": "https://www.kaigokensaku.mhlw.go.jp/40/index.php?action_kouhyou_detail_004_kani=true&JigyosyoCd=4073302020-00&ServiceCd=430&Type=search", "url2": "http://careplan-itsuki.com/" }, "geometry": { "type": "Point", "coordinates": [ 130.537828, 33.820964 ] } },
{ "type": "Feature", "properties": { "内容": "居宅介護支援事業所宗像アコール【居宅介護支援】福岡県宗像市光岡130番地", "url": "https://www.kaigokensaku.mhlw.go.jp/40/index.php?action_kouhyou_detail_004_kani=true&JigyosyoCd=4073300065-00&ServiceCd=430&Type=search", "url2": "http://ako-ru.jp" }, "geometry": { "type": "Point", "coordinates": [ 130.5593199, 33.787678 ] } },
{ "type": "Feature", "properties": { "内容": "アップルハート宗像ケアプランセンター【居宅介護支援】福岡県宗像市栄町1-12", "url": "https://www.kaigokensaku.mhlw.go.jp/40/index.php?action_kouhyou_detail_004_kani=true&JigyosyoCd=4073301568-00&ServiceCd=430&Type=search", "url2": "http://www.aso-kaigo.jp/" }, "geometry": { "type": "Point", "coordinates": [ 130.568616234887742, 33.807821192731325 ] } },
{ "type": "Feature", "properties": { "内容": "宗像医師会ケアプランサービス【居宅介護支援】福岡県宗像市田熊五丁目5-1宗像医師会在宅総合支援センター　1F", "url": "https://www.kaigokensaku.mhlw.go.jp/40/index.php?action_kouhyou_detail_004_kani=true&JigyosyoCd=4073300024-00&ServiceCd=430&Type=search", "url2": "http://www.munakata-med.or.jp" }, "geometry": { "type": "Point", "coordinates": [ 130.526925099999971, 33.8006871 ] } },
{ "type": "Feature", "properties": { "内容": "宗像市社会福祉協議会居宅介護支援センター【居宅介護支援】福岡県宗像市久原１８０番地", "url": "https://www.kaigokensaku.mhlw.go.jp/40/index.php?action_kouhyou_detail_004_kani=true&JigyosyoCd=4073300032-00&ServiceCd=430&Type=search", "url2": "http://syakyo.munakata.com/" }, "geometry": { "type": "Point", "coordinates": [ 130.547725183328225, 33.794843715470435 ] } },
{ "type": "Feature", "properties": { "内容": "マザーケアプランサービス【居宅介護支援】福岡県宗像市日の里9丁目29番地42号室", "url": "https://www.kaigokensaku.mhlw.go.jp/40/index.php?action_kouhyou_detail_004_kani=true&JigyosyoCd=4073301535-00&ServiceCd=430&Type=search", "url2": null }, "geometry": { "type": "Point", "coordinates": [ 130.52781989999994, 33.7886079 ] } },
{ "type": "Feature", "properties": { "内容": "桜ケアプランサービス【居宅介護支援】福岡県宗像市桜１丁目１５７１番地２４", "url": "https://www.kaigokensaku.mhlw.go.jp/40/index.php?action_kouhyou_detail_004_kani=true&JigyosyoCd=4073302038-00&ServiceCd=430&Type=search", "url2": null }, "geometry": { "type": "Point", "coordinates": [ 130.5918701, 33.793445 ] } },
{ "type": "Feature", "properties": { "内容": "ケアプランサービスせいか【居宅介護支援】福岡県宗像市東郷6丁目1番10号", "url": "https://www.kaigokensaku.mhlw.go.jp/40/index.php?action_kouhyou_detail_004_kani=true&JigyosyoCd=4073300628-00&ServiceCd=430&Type=search", "url2": "mg2007seika@carol.ocn.ne.jp" }, "geometry": { "type": "Point", "coordinates": [ 130.539868299999966, 33.8028678 ] } },
{ "type": "Feature", "properties": { "内容": "東郷外科ケアプランサービス【居宅介護支援】福岡県宗像市田熊4-2-6", "url": "https://www.kaigokensaku.mhlw.go.jp/40/index.php?action_kouhyou_detail_004_kani=true&JigyosyoCd=4073300685-00&ServiceCd=430&Type=search", "url2": "https://togogeka.jp/careplan/" }, "geometry": { "type": "Point", "coordinates": [ 130.529718783432372, 33.797317450076918 ] } },
{ "type": "Feature", "properties": { "内容": "ケアプランサービスぬくもり【居宅介護支援】福岡県宗像市上八794", "url": "https://www.kaigokensaku.mhlw.go.jp/40/index.php?action_kouhyou_detail_004_kani=true&JigyosyoCd=4073300743-00&ServiceCd=430&Type=search", "url2": "http://www." }, "geometry": { "type": "Point", "coordinates": [ 130.530439600000022, 33.8756679 ] } },
{ "type": "Feature", "properties": { "内容": "ケアプランセンター　ラディアむなかた【居宅介護支援】宗像市宮田二丁目９番１号", "url": "https://www.kaigokensaku.mhlw.go.jp/40/index.php?action_kouhyou_detail_004_kani=true&JigyosyoCd=4073301170-00&ServiceCd=430&Type=search", "url2": "http://www．hayashi-cl．jp/radia/" }, "geometry": { "type": "Point", "coordinates": [ 130.567213700000025, 33.7920499 ] } },
{ "type": "Feature", "properties": { "内容": "ケアプランサービスほのか【居宅介護支援】福岡県宗像市ひかりヶ丘六丁目２番地４", "url": "https://www.kaigokensaku.mhlw.go.jp/40/index.php?action_kouhyou_detail_004_kani=true&JigyosyoCd=4073301808-00&ServiceCd=430&Type=search", "url2": null }, "geometry": { "type": "Point", "coordinates": [ 130.535782, 33.8181799 ] } },
{ "type": "Feature", "properties": { "内容": "ケアプランセンターいなもと【居宅介護支援】福岡県宗像市稲元３丁目１番３５号", "url": "https://www.kaigokensaku.mhlw.go.jp/40/index.php?action_kouhyou_detail_004_kani=true&JigyosyoCd=4073300826-00&ServiceCd=430&Type=search", "url2": "http://www.s-clf.co.jp/" }, "geometry": { "type": "Point", "coordinates": [ 130.5511616, 33.8095896 ] } },
{ "type": "Feature", "properties": { "内容": "ケアプランＴＯＭＯ【居宅介護支援】福岡県宗像市田久２丁目17番地２号", "url": "https://www.kaigokensaku.mhlw.go.jp/40/index.php?action_kouhyou_detail_004_kani=true&JigyosyoCd=4073302137-00&ServiceCd=430&Type=search", "url2": null }, "geometry": { "type": "Point", "coordinates": [ 130.5685167, 33.8018934 ] } },
{ "type": "Feature", "properties": { "内容": "グリーンケアプランセンター太宰府【居宅介護支援】福岡県太宰府市青葉台3丁目22番10号", "url": "https://www.kaigokensaku.mhlw.go.jp/40/index.php?action_kouhyou_detail_004_kani=true&JigyosyoCd=4073401525-00&ServiceCd=430&Type=search", "url2": "http://green-care.co.jp" }, "geometry": { "type": "Point", "coordinates": [ 130.4890806, 33.512758 ] } },
{ "type": "Feature", "properties": { "内容": "ふれあいサポートゆうしん【居宅介護支援】福岡県太宰府市吉松1-18-6", "url": "https://www.kaigokensaku.mhlw.go.jp/40/index.php?action_kouhyou_detail_004_kani=true&JigyosyoCd=4073400923-00&ServiceCd=430&Type=search", "url2": null }, "geometry": { "type": "Point", "coordinates": [ 130.4940509, 33.5164045 ] } },
{ "type": "Feature", "properties": { "内容": "福あーるケアプランセンター太宰府【居宅介護支援】福岡県太宰府市都府楼南4丁目13-16都府楼南4丁目借家A-1", "url": "https://www.kaigokensaku.mhlw.go.jp/40/index.php?action_kouhyou_detail_004_kani=true&JigyosyoCd=4073401657-00&ServiceCd=430&Type=search", "url2": "info@fuku-r.co.jp" }, "geometry": { "type": "Point", "coordinates": [ 130.510487500000011, 33.5023191 ] } },
{ "type": "Feature", "properties": { "内容": "ケアサービス　どんぐり【居宅介護支援】福岡県太宰府市五条4丁目4-30Ｍビル205", "url": "https://www.kaigokensaku.mhlw.go.jp/40/index.php?action_kouhyou_detail_004_kani=true&JigyosyoCd=4073400550-00&ServiceCd=430&Type=search", "url2": null }, "geometry": { "type": "Point", "coordinates": [ 130.526766864299816, 33.510214090866903 ] } },
{ "type": "Feature", "properties": { "内容": "アクラスケアプランセンター【居宅介護支援】福岡県太宰府市五条2丁目18番16号", "url": "https://www.kaigokensaku.mhlw.go.jp/40/index.php?action_kouhyou_detail_004_kani=true&JigyosyoCd=4073400592-00&ServiceCd=430&Type=search", "url2": "http://aclass-seishin.jp/" }, "geometry": { "type": "Point", "coordinates": [ 130.52013281349187, 33.511058864080077 ] } },
{ "type": "Feature", "properties": { "内容": "医療法人恵山会丸山病院ケアプランサービス【居宅介護支援】福岡県太宰府市坂本1丁目4番6号", "url": "https://www.kaigokensaku.mhlw.go.jp/40/index.php?action_kouhyou_detail_004_kani=true&JigyosyoCd=4073400196-00&ServiceCd=430&Type=search", "url2": null }, "geometry": { "type": "Point", "coordinates": [ 130.50638570000001, 33.5139875 ] } },
{ "type": "Feature", "properties": { "内容": "ケアプランセンター桜【居宅介護支援】福岡県太宰府市大佐野三丁目7番25号桜ガーデン太宰府", "url": "https://www.kaigokensaku.mhlw.go.jp/40/index.php?action_kouhyou_detail_004_kani=true&JigyosyoCd=4073401186-00&ServiceCd=430&Type=search", "url2": "https://www.hfcs-fukuoka.com" }, "geometry": { "type": "Point", "coordinates": [ 130.491764399999965, 33.500484 ] } },
{ "type": "Feature", "properties": { "内容": "ケアプラン　だざいふ【居宅介護支援】福岡県太宰府市大字北谷408-1", "url": "https://www.kaigokensaku.mhlw.go.jp/40/index.php?action_kouhyou_detail_004_kani=true&JigyosyoCd=4073400758-00&ServiceCd=430&Type=search", "url2": "http://careplan-dazaifu.raindrop.jp/" }, "geometry": { "type": "Point", "coordinates": [ 130.544462768766834, 33.543761517868127 ] } },
{ "type": "Feature", "properties": { "内容": "ケアプランサービス同朋【居宅介護支援】福岡県太宰府市宰都２丁目８番１２号", "url": "https://www.kaigokensaku.mhlw.go.jp/40/index.php?action_kouhyou_detail_004_kani=true&JigyosyoCd=4073400071-00&ServiceCd=430&Type=search", "url2": "http://www.dohogroup.jp/" }, "geometry": { "type": "Point", "coordinates": [ 130.496611600000051, 33.5178647 ] } },
{ "type": "Feature", "properties": { "内容": "ケアプランみのりの樹【居宅介護支援】福岡県太宰府市通古賀4-4-16リバーサイド陶山101号室", "url": "https://www.kaigokensaku.mhlw.go.jp/40/index.php?action_kouhyou_detail_004_kani=true&JigyosyoCd=4073401673-00&ServiceCd=430&Type=search", "url2": "https://www.houmonkanngo.com/" }, "geometry": { "type": "Point", "coordinates": [ 130.5074031, 33.5076498 ] } },
{ "type": "Feature", "properties": { "内容": "ケアプランセンターはなかご【居宅介護支援】福岡県太宰府市通古賀2丁目３－３９ピュアザ都府楼１０１号室", "url": "https://www.kaigokensaku.mhlw.go.jp/40/index.php?action_kouhyou_detail_004_kani=true&JigyosyoCd=4073401566-00&ServiceCd=430&Type=search", "url2": "https://hakataku-sakainaika.com" }, "geometry": { "type": "Point", "coordinates": [ 130.5096735, 33.5092735 ] } },
{ "type": "Feature", "properties": { "内容": "みずきケアプランサービス【居宅介護支援】福岡県太宰府市通古賀３丁目９番１３号はるかビル２階", "url": "https://www.kaigokensaku.mhlw.go.jp/40/index.php?action_kouhyou_detail_004_kani=true&JigyosyoCd=4073400063-00&ServiceCd=430&Type=search", "url2": "http://www.mizuki.or.jp" }, "geometry": { "type": "Point", "coordinates": [ 130.506652300000042, 33.5111128 ] } },
{ "type": "Feature", "properties": { "内容": "サンケア太宰府ケアプランサービス【居宅介護支援】福岡県太宰府市高雄３丁目４２２７－２６７", "url": "https://www.kaigokensaku.mhlw.go.jp/40/index.php?action_kouhyou_detail_004_kani=true&JigyosyoCd=4073400097-00&ServiceCd=430&Type=search", "url2": "http://baikou.or.jp/" }, "geometry": { "type": "Point", "coordinates": [ 130.546199500000057, 33.5025919 ] } },
{ "type": "Feature", "properties": { "内容": "ケアプランサービス五条【居宅介護支援】福岡県太宰府市五条２丁目15-15", "url": "https://www.kaigokensaku.mhlw.go.jp/40/index.php?action_kouhyou_detail_004_kani=true&JigyosyoCd=4073400253-00&ServiceCd=430&Type=search", "url2": "https://ｍagokoro-home.website" }, "geometry": { "type": "Point", "coordinates": [ 130.5223148, 33.5109604 ] } },
{ "type": "Feature", "properties": { "内容": "ケアプランオフィス　ライフウェル【居宅介護支援】福岡県太宰府市通古賀3-12-6-5階5F", "url": "https://www.kaigokensaku.mhlw.go.jp/40/index.php?action_kouhyou_detail_004_kani=true&JigyosyoCd=4073401335-00&ServiceCd=430&Type=search", "url2": "https://gaenkai.jp/company" }, "geometry": { "type": "Point", "coordinates": [ 130.507496800000013, 33.510812800000018 ] } },
{ "type": "Feature", "properties": { "内容": "筑紫医師会ケアプラン【居宅介護支援】福岡県太宰府市国分3丁目13番1号", "url": "https://www.kaigokensaku.mhlw.go.jp/40/index.php?action_kouhyou_detail_004_kani=true&JigyosyoCd=4073401475-00&ServiceCd=430&Type=search", "url2": "http://www.ishikai.org" }, "geometry": { "type": "Point", "coordinates": [ 130.5019421, 33.5189562 ] } },
{ "type": "Feature", "properties": { "内容": "ケアプラン慈愛【居宅介護支援】福岡県太宰府市梅ヶ丘1-20-17リベルテボイス103号室", "url": "https://www.kaigokensaku.mhlw.go.jp/40/index.php?action_kouhyou_detail_004_kani=true&JigyosyoCd=4073401541-00&ServiceCd=430&Type=search", "url2": null }, "geometry": { "type": "Point", "coordinates": [ 130.539, 33.4922828 ] } },
{ "type": "Feature", "properties": { "内容": "ケアプランサービス鹿子生【居宅介護支援】福岡県太宰府市五条3-3-12", "url": "https://www.kaigokensaku.mhlw.go.jp/40/index.php?action_kouhyou_detail_004_kani=true&JigyosyoCd=4073401343-00&ServiceCd=430&Type=search", "url2": null }, "geometry": { "type": "Point", "coordinates": [ 130.527895, 33.509003 ] } },
{ "type": "Feature", "properties": { "内容": "ツクイ太宰府【居宅介護支援】国分３丁目1-30", "url": "https://www.kaigokensaku.mhlw.go.jp/40/index.php?action_kouhyou_detail_004_kani=true&JigyosyoCd=4073401442-00&ServiceCd=430&Type=search", "url2": "https://www.tsukui.net" }, "geometry": { "type": "Point", "coordinates": [ 130.504009200000013, 33.5168215 ] } },
{ "type": "Feature", "properties": { "内容": "グリーンコープケアプランセンター都府楼【居宅介護支援】太宰府市都府楼南３－４－７", "url": "https://www.kaigokensaku.mhlw.go.jp/40/index.php?action_kouhyou_detail_004_kani=true&JigyosyoCd=4073400980-00&ServiceCd=430&Type=search", "url2": "http://www.fukushi-greencoop.or.jp" }, "geometry": { "type": "Point", "coordinates": [ 130.508368799999971, 33.5042414 ] } },
{ "type": "Feature", "properties": { "内容": "ケアプランここ【居宅介護支援】福岡県太宰府市朱雀3丁目２番２４号", "url": "https://www.kaigokensaku.mhlw.go.jp/40/index.php?action_kouhyou_detail_004_kani=true&JigyosyoCd=4073401681-00&ServiceCd=430&Type=search", "url2": null }, "geometry": { "type": "Point", "coordinates": [ 130.5177017, 33.5068214 ] } },
{ "type": "Feature", "properties": { "内容": "ケアプラン　にこっと【居宅介護支援】福岡県古賀今の庄2丁目13-24グランシャリオ古賀B101", "url": "https://www.kaigokensaku.mhlw.go.jp/40/index.php?action_kouhyou_detail_004_kani=true&JigyosyoCd=4073601199-00&ServiceCd=430&Type=search", "url2": null }, "geometry": { "type": "Point", "coordinates": [ 130.4750828, 33.726705800000019 ] } },
{ "type": "Feature", "properties": { "内容": "ベストケア・ケアプランサービス古賀【居宅介護支援】福岡県古賀市中央2丁目825番地7号", "url": "https://www.kaigokensaku.mhlw.go.jp/40/index.php?action_kouhyou_detail_004_kani=true&JigyosyoCd=4073601157-00&ServiceCd=430&Type=search", "url2": null }, "geometry": { "type": "Point", "coordinates": [ 130.474603699999989, 33.7338147 ] } },
{ "type": "Feature", "properties": { "内容": "みどり苑ケアプランステーション【居宅介護支援】福岡県古賀市新原８４０", "url": "https://www.kaigokensaku.mhlw.go.jp/40/index.php?action_kouhyou_detail_004_kani=true&JigyosyoCd=4073600019-00&ServiceCd=430&Type=search", "url2": "www.kitakyu-hp.or.jp/keiaikai/" }, "geometry": { "type": "Point", "coordinates": [ 130.480339467459061, 33.723316876540885 ] } },
{ "type": "Feature", "properties": { "内容": "医療法人　植田脳神経外科医院ケアプランサービス【居宅介護支援】福岡県古賀市久保１０９５－１", "url": "https://www.kaigokensaku.mhlw.go.jp/40/index.php?action_kouhyou_detail_004_kani=true&JigyosyoCd=4073600225-00&ServiceCd=430&Type=search", "url2": null }, "geometry": { "type": "Point", "coordinates": [ 130.482258600000023, 33.7384748 ] } },
{ "type": "Feature", "properties": { "内容": "ひより茶屋ケアプランサービス【居宅介護支援】福岡県古賀市米多比555-1", "url": "https://www.kaigokensaku.mhlw.go.jp/40/index.php?action_kouhyou_detail_004_kani=true&JigyosyoCd=4073600969-00&ServiceCd=430&Type=search", "url2": "https://www.koherudyaya.com" }, "geometry": { "type": "Point", "coordinates": [ 130.521184055141276, 33.728433848343549 ] } },
{ "type": "Feature", "properties": { "内容": "野に咲く花のように相談支援センター【居宅介護支援】福岡県古賀市花見南2丁目14番26号", "url": "https://www.kaigokensaku.mhlw.go.jp/40/index.php?action_kouhyou_detail_004_kani=true&JigyosyoCd=4073601116-00&ServiceCd=430&Type=search", "url2": null }, "geometry": { "type": "Point", "coordinates": [ 130.4669002, 33.7427658 ] } },
{ "type": "Feature", "properties": { "内容": "古賀市社会福祉協議会　居宅介護支援事業所「ゆうあい」【居宅介護支援】福岡県古賀市庄205番地サンコスモ古賀", "url": "https://www.kaigokensaku.mhlw.go.jp/40/index.php?action_kouhyou_detail_004_kani=true&JigyosyoCd=4073600068-00&ServiceCd=430&Type=search", "url2": "http://www.kogasyakyou.jp/" }, "geometry": { "type": "Point", "coordinates": [ 130.479267199999981, 33.7297061 ] } },
{ "type": "Feature", "properties": { "内容": "聖恵ケアプランサービス【居宅介護支援】福岡県古賀市鹿部498番地", "url": "https://www.kaigokensaku.mhlw.go.jp/40/index.php?action_kouhyou_detail_004_kani=true&JigyosyoCd=4073600209-00&ServiceCd=430&Type=search", "url2": "http://www.megumi-kai.or.jp/" }, "geometry": { "type": "Point", "coordinates": [ 130.461454164418001, 33.717137824119291 ] } },
{ "type": "Feature", "properties": { "内容": "豊資会ケアプランサービス【居宅介護支援】福岡県古賀市花見南2丁目11番1号ルーエハイム", "url": "https://www.kaigokensaku.mhlw.go.jp/40/index.php?action_kouhyou_detail_004_kani=true&JigyosyoCd=4073600290-00&ServiceCd=430&Type=search", "url2": "http://www.houshikai.or.jp" }, "geometry": { "type": "Point", "coordinates": [ 130.468282391944541, 33.742147081578153 ] } },
{ "type": "Feature", "properties": { "内容": "ケアプランともいき【居宅介護支援】福岡県古賀市花見東5丁目１７番６―９０５号", "url": "https://www.kaigokensaku.mhlw.go.jp/40/index.php?action_kouhyou_detail_004_kani=true&JigyosyoCd=4073600860-00&ServiceCd=430&Type=search", "url2": null }, "geometry": { "type": "Point", "coordinates": [ 130.475708700000041, 33.7486011 ] } },
{ "type": "Feature", "properties": { "内容": "ライブリーワンケアプランセンター【居宅介護支援】天神1-8-35グレース天神弐番館", "url": "https://www.kaigokensaku.mhlw.go.jp/40/index.php?action_kouhyou_detail_004_kani=true&JigyosyoCd=4073600852-00&ServiceCd=430&Type=search", "url2": "livelyone9411022gmail.com" }, "geometry": { "type": "Point", "coordinates": [ 130.465406900000062, 33.7321582 ] } },
{ "type": "Feature", "properties": { "内容": "福岡県看護協会　訪問看護ステーション「こが」【居宅介護支援】福岡県古賀市庄205番地サンコスモ古賀内", "url": "https://www.kaigokensaku.mhlw.go.jp/40/index.php?action_kouhyou_detail_004_kani=true&JigyosyoCd=4060790005-00&ServiceCd=430&Type=search", "url2": "http://www.fukuoka-kango.or.jp" }, "geometry": { "type": "Point", "coordinates": [ 130.479176004893503, 33.729420569546647 ] } },
{ "type": "Feature", "properties": { "内容": "株式会社シダー　あおぞらの里古賀ケアプランセンター【居宅介護支援】福岡県　古賀市　今の庄2-28", "url": "https://www.kaigokensaku.mhlw.go.jp/40/index.php?action_kouhyou_detail_004_kani=true&JigyosyoCd=4073601124-00&ServiceCd=430&Type=search", "url2": "http://www.cedar-web.com" }, "geometry": { "type": "Point", "coordinates": [ 130.4726368, 33.7272495 ] } },
{ "type": "Feature", "properties": { "内容": "ケアプランセンターオオルリ【居宅介護支援】福岡県福津市日蒔野6丁目3-3住宅型有料老人ホーム藤の蕾弐番館内", "url": "https://www.kaigokensaku.mhlw.go.jp/40/index.php?action_kouhyou_detail_004_kani=true&JigyosyoCd=4074500911-00&ServiceCd=430&Type=search", "url2": null }, "geometry": { "type": "Point", "coordinates": [ 130.494907193145764, 33.75747193141359 ] } },
{ "type": "Feature", "properties": { "内容": "みかづきケアプラン【居宅介護支援】福岡県福津市宮司６丁目23-2グリーンハイム津屋崎２号棟207", "url": "https://www.kaigokensaku.mhlw.go.jp/40/index.php?action_kouhyou_detail_004_kani=true&JigyosyoCd=4074501117-00&ServiceCd=430&Type=search", "url2": null }, "geometry": { "type": "Point", "coordinates": [ 130.4776281, 33.7850517 ] } },
{ "type": "Feature", "properties": { "内容": "水光会地域総合ケアセンター【居宅介護支援】福岡県福津市日蒔野５丁目８番地の7介護付有料老人ホーム水と光の園　１階", "url": "https://www.kaigokensaku.mhlw.go.jp/40/index.php?action_kouhyou_detail_004_kani=true&JigyosyoCd=4074500085-00&ServiceCd=430&Type=search", "url2": "http://www.suikokai.or.jp/" }, "geometry": { "type": "Point", "coordinates": [ 130.497731700000031, 33.760247400000019 ] } },
{ "type": "Feature", "properties": { "内容": "筑前顕慈園居宅介護支援事業所【居宅介護支援】福岡県福津市上西郷827-2", "url": "https://www.kaigokensaku.mhlw.go.jp/40/index.php?action_kouhyou_detail_004_kani=true&JigyosyoCd=4074500101-00&ServiceCd=430&Type=search", "url2": "http://www.kenjien.com/" }, "geometry": { "type": "Point", "coordinates": [ 130.5101694, 33.7582282 ] } },
{ "type": "Feature", "properties": { "内容": "ケアプランセンター　ハロ【居宅介護支援】福岡県福津市中央5丁目26-23ベルオロール福津中央207", "url": "https://www.kaigokensaku.mhlw.go.jp/40/index.php?action_kouhyou_detail_004_kani=true&JigyosyoCd=4074501067-00&ServiceCd=430&Type=search", "url2": null }, "geometry": { "type": "Point", "coordinates": [ 130.4835137, 33.7688186 ] } },
{ "type": "Feature", "properties": { "内容": "ケアプランサービス　しらゆり【居宅介護支援】福岡県福津市若木台１丁目1番地11号", "url": "https://www.kaigokensaku.mhlw.go.jp/40/index.php?action_kouhyou_detail_004_kani=true&JigyosyoCd=4074500846-00&ServiceCd=430&Type=search", "url2": "http://kaigo-sirayuri.co.jp/" }, "geometry": { "type": "Point", "coordinates": [ 130.511478657189826, 33.774133620483695 ] } },
{ "type": "Feature", "properties": { "内容": "ｹｱﾌﾟﾗﾝｾﾝﾀｰここはれ【居宅介護支援】福岡県福津市日蒔野１丁目１５－２RENCE福間駅前A棟１０４", "url": "https://www.kaigokensaku.mhlw.go.jp/40/index.php?action_kouhyou_detail_004_kani=true&JigyosyoCd=4074501109-00&ServiceCd=430&Type=search", "url2": null }, "geometry": { "type": "Point", "coordinates": [ 130.4922305, 33.7623936 ] } },
{ "type": "Feature", "properties": { "内容": "ケアプランサービスゆーあい【居宅介護支援】福津市中央６丁目１１－１２", "url": "https://www.kaigokensaku.mhlw.go.jp/40/index.php?action_kouhyou_detail_004_kani=true&JigyosyoCd=4074500184-00&ServiceCd=430&Type=search", "url2": "http://www.fukuma-yuai.com/" }, "geometry": { "type": "Point", "coordinates": [ 130.483616100000063, 33.7633274 ] } },
{ "type": "Feature", "properties": { "内容": "ケアプランセンターなの花【居宅介護支援】福岡県福津市若木台1丁目20-3", "url": "https://www.kaigokensaku.mhlw.go.jp/40/index.php?action_kouhyou_detail_004_kani=true&JigyosyoCd=4074501091-00&ServiceCd=430&Type=search", "url2": null }, "geometry": { "type": "Point", "coordinates": [ 130.5109455, 33.7732183 ] } },
{ "type": "Feature", "properties": { "内容": "ケアプランサービス東福間【居宅介護支援】福岡県福津市津丸1164-3", "url": "https://www.kaigokensaku.mhlw.go.jp/40/index.php?action_kouhyou_detail_004_kani=true&JigyosyoCd=4074500077-00&ServiceCd=430&Type=search", "url2": "http://www.souseikai-hp.or.jp/" }, "geometry": { "type": "Point", "coordinates": [ 130.505072400000017, 33.7723237 ] } },
{ "type": "Feature", "properties": { "内容": "うみがめプラン【居宅介護支援】福岡県福津市津屋崎一丁目23-2マリナハイツ202", "url": "https://www.kaigokensaku.mhlw.go.jp/40/index.php?action_kouhyou_detail_004_kani=true&JigyosyoCd=4074501141-00&ServiceCd=430&Type=search", "url2": null }, "geometry": { "type": "Point", "coordinates": [ 130.4711055, 33.7818183 ] } },
{ "type": "Feature", "properties": { "内容": "ケアプランセンター太平洋【居宅介護支援】福津市津屋崎2丁目21－20", "url": "https://www.kaigokensaku.mhlw.go.jp/40/index.php?action_kouhyou_detail_004_kani=true&JigyosyoCd=4074600125-00&ServiceCd=430&Type=search", "url2": null }, "geometry": { "type": "Point", "coordinates": [ 130.473732899999959, 33.787427 ] } },
{ "type": "Feature", "properties": { "内容": "ケアプランセンターオハナ【居宅介護支援】福岡県福津市若木台1-２０－５", "url": "https://www.kaigokensaku.mhlw.go.jp/40/index.php?action_kouhyou_detail_004_kani=true&JigyosyoCd=4074501034-00&ServiceCd=430&Type=search", "url2": null }, "geometry": { "type": "Point", "coordinates": [ 130.511228067270991, 33.77376945554159 ] } },
{ "type": "Feature", "properties": { "内容": "あしたばケアプラン【居宅介護支援】福岡県福津市福間南4-15-23", "url": "https://www.kaigokensaku.mhlw.go.jp/40/index.php?action_kouhyou_detail_004_kani=true&JigyosyoCd=4074501158-00&ServiceCd=430&Type=search", "url2": null }, "geometry": { "type": "Point", "coordinates": [ 130.481999384655751, 33.756217700750817 ] } },
{ "type": "Feature", "properties": { "内容": "ひじり会ケアプランサービスにじの家【居宅介護支援】福岡県うきは市吉井町八和田876-1", "url": "https://www.kaigokensaku.mhlw.go.jp/40/index.php?action_kouhyou_detail_004_kani=true&JigyosyoCd=4077300558-00&ServiceCd=430&Type=search", "url2": "http://hijirikai.com/" }, "geometry": { "type": "Point", "coordinates": [ 130.7432867, 33.3551656 ] } },
{ "type": "Feature", "properties": { "内容": "うきは市ケアプランサービスセンター【居宅介護支援】福岡県うきは市浮羽町朝田582-1うきは市民センター内", "url": "https://www.kaigokensaku.mhlw.go.jp/40/index.php?action_kouhyou_detail_004_kani=true&JigyosyoCd=4077500017-00&ServiceCd=430&Type=search", "url2": "http://www.ukiha-shakyo.or.jp" }, "geometry": { "type": "Point", "coordinates": [ 130.793154100000038, 33.332399500000022 ] } },
{ "type": "Feature", "properties": { "内容": "ケアプランサービスえびね【居宅介護支援】福岡県うきは市浮羽町古川７０７－３", "url": "https://www.kaigokensaku.mhlw.go.jp/40/index.php?action_kouhyou_detail_004_kani=true&JigyosyoCd=4077500058-00&ServiceCd=430&Type=search", "url2": "http://ebine.jp" }, "geometry": { "type": "Point", "coordinates": [ 130.794714500000026, 33.3512864 ] } },
{ "type": "Feature", "properties": { "内容": "水月吉井ケアプランサービス【居宅介護支援】福岡県うきは市吉井町新治176-1", "url": "https://www.kaigokensaku.mhlw.go.jp/40/index.php?action_kouhyou_detail_004_kani=true&JigyosyoCd=4077300061-00&ServiceCd=430&Type=search", "url2": "https://tachiarai-kouseien.jp" }, "geometry": { "type": "Point", "coordinates": [ 130.7601029, 33.3484192 ] } },
{ "type": "Feature", "properties": { "内容": "ケアプランサービス涼風【居宅介護支援】福岡県うきは市吉井町富永1864-2", "url": "https://www.kaigokensaku.mhlw.go.jp/40/index.php?action_kouhyou_detail_004_kani=true&JigyosyoCd=4077300236-00&ServiceCd=430&Type=search", "url2": "http://soffione.biz" }, "geometry": { "type": "Point", "coordinates": [ 130.736637024636849, 33.333225138691262 ] } },
{ "type": "Feature", "properties": { "内容": "筑後川温泉病院ケアプランサービス【居宅介護支援】福岡県うきは市浮羽町古川１０５５", "url": "https://www.kaigokensaku.mhlw.go.jp/40/index.php?action_kouhyou_detail_004_kani=true&JigyosyoCd=4077500074-00&ServiceCd=430&Type=search", "url2": "http://onsen-hp.or.jp/" }, "geometry": { "type": "Point", "coordinates": [ 130.809574099999963, 33.357703 ] } },
{ "type": "Feature", "properties": { "内容": "ライフ・エイドケアプランサービス【居宅介護支援】吉井町千年74‐1ビンテージコート千年　一階", "url": "https://www.kaigokensaku.mhlw.go.jp/40/index.php?action_kouhyou_detail_004_kani=true&JigyosyoCd=4077300269-00&ServiceCd=430&Type=search", "url2": "http://life-aid.net" }, "geometry": { "type": "Point", "coordinates": [ 130.774493799999959, 33.348289 ] } },
{ "type": "Feature", "properties": { "内容": "老健うきはケアプランサービス【居宅介護支援】福岡県うきは市浮羽町古川1053番地8介護老人保健施設うきは内", "url": "https://www.kaigokensaku.mhlw.go.jp/40/index.php?action_kouhyou_detail_004_kani=true&JigyosyoCd=4077500066-00&ServiceCd=430&Type=search", "url2": null }, "geometry": { "type": "Point", "coordinates": [ 130.810076799999933, 33.3575308 ] } },
{ "type": "Feature", "properties": { "内容": "浮羽医師会訪問看護ステーション【居宅介護支援】福岡県うきは市吉井町347-17", "url": "https://www.kaigokensaku.mhlw.go.jp/40/index.php?action_kouhyou_detail_004_kani=true&JigyosyoCd=4063390001-00&ServiceCd=430&Type=search", "url2": "http://www.fukuoka.med.or.jp/ukiha/kaigo.htm" }, "geometry": { "type": "Point", "coordinates": [ 130.747876099999985, 33.3423833 ] } },
{ "type": "Feature", "properties": { "内容": "医療法人　浮羽クリニック【居宅介護支援】福岡県うきは市浮羽町東隈上３４２-９", "url": "https://www.kaigokensaku.mhlw.go.jp/40/index.php?action_kouhyou_detail_004_kani=true&JigyosyoCd=4077300277-00&ServiceCd=430&Type=search", "url2": "http://www.ukihaclinic.jp" }, "geometry": { "type": "Point", "coordinates": [ 130.801081, 33.3376548 ] } },
{ "type": "Feature", "properties": { "内容": "原鶴温泉病院ケアプランサービス【居宅介護支援】福岡県うきは市吉井町千年628番地", "url": "https://www.kaigokensaku.mhlw.go.jp/40/index.php?action_kouhyou_detail_004_kani=true&JigyosyoCd=4077300426-00&ServiceCd=430&Type=search", "url2": "http://harazuru-hp.or.jp" }, "geometry": { "type": "Point", "coordinates": [ 130.7750853, 33.3523385 ] } },
{ "type": "Feature", "properties": { "内容": "なびき苑介護計画センター【居宅介護支援】福岡県宮若市下有木１５１７－１", "url": "https://www.kaigokensaku.mhlw.go.jp/40/index.php?action_kouhyou_detail_004_kani=true&JigyosyoCd=4075500712-00&ServiceCd=430&Type=search", "url2": "nabikikyotaku@yahoo.co.jp" }, "geometry": { "type": "Point", "coordinates": [ 130.623540199999979, 33.7509722 ] } },
{ "type": "Feature", "properties": { "内容": "ケアプランセンター友愛【居宅介護支援】宮若市宮田232番地9", "url": "https://www.kaigokensaku.mhlw.go.jp/40/index.php?action_kouhyou_detail_004_kani=true&JigyosyoCd=4075500878-00&ServiceCd=430&Type=search", "url2": null }, "geometry": { "type": "Point", "coordinates": [ 130.664702300000044, 33.7198956 ] } },
{ "type": "Feature", "properties": { "内容": "医療法人　笠松会　笠松ケアプランサービス【居宅介護支援】福岡県宮若市上有木397-1なし", "url": "https://www.kaigokensaku.mhlw.go.jp/40/index.php?action_kouhyou_detail_004_kani=true&JigyosyoCd=4075500142-00&ServiceCd=430&Type=search", "url2": null }, "geometry": { "type": "Point", "coordinates": [ 130.623597984932303, 33.761910984272802 ] } },
{ "type": "Feature", "properties": { "内容": "宮田病院ケアプランサービス【居宅介護支援】福岡県宮若市本城７２３番地", "url": "https://www.kaigokensaku.mhlw.go.jp/40/index.php?action_kouhyou_detail_004_kani=true&JigyosyoCd=4075500167-00&ServiceCd=430&Type=search", "url2": "miyata-kyotaku@lta-med.or.jp" }, "geometry": { "type": "Point", "coordinates": [ 130.670460741494736, 33.72897818422922 ] } },
{ "type": "Feature", "properties": { "内容": "有限会社ジョイナス居宅支援事業所【居宅介護支援】福岡県宮若市本城７２０番地", "url": "https://www.kaigokensaku.mhlw.go.jp/40/index.php?action_kouhyou_detail_004_kani=true&JigyosyoCd=4075500209-00&ServiceCd=430&Type=search", "url2": null }, "geometry": { "type": "Point", "coordinates": [ 130.670943099999931, 33.7290339 ] } },
{ "type": "Feature", "properties": { "内容": "ゆうりんケアプランセンター【居宅介護支援】福岡県宮若市本城405番地", "url": "https://www.kaigokensaku.mhlw.go.jp/40/index.php?action_kouhyou_detail_004_kani=true&JigyosyoCd=4075501082-00&ServiceCd=430&Type=search", "url2": "https://www.fukuokasocialoffice.com" }, "geometry": { "type": "Point", "coordinates": [ 130.6687871, 33.7263152 ] } },
{ "type": "Feature", "properties": { "内容": "はれいろ居宅介護支援【居宅介護支援】福岡県宮若市金丸801-1メゾンド・ワダ103号", "url": "https://www.kaigokensaku.mhlw.go.jp/40/index.php?action_kouhyou_detail_004_kani=true&JigyosyoCd=4075501108-00&ServiceCd=430&Type=search", "url2": null }, "geometry": { "type": "Point", "coordinates": [ 130.6245505, 33.7336519 ] } },
{ "type": "Feature", "properties": { "内容": "縁の樹ケアプランサービス【居宅介護支援】福岡県宮若市鶴田1381番地2", "url": "https://www.kaigokensaku.mhlw.go.jp/40/index.php?action_kouhyou_detail_004_kani=true&JigyosyoCd=4075501041-00&ServiceCd=430&Type=search", "url2": null }, "geometry": { "type": "Point", "coordinates": [ 130.690527489177526, 33.726331950525775 ] } },
{ "type": "Feature", "properties": { "内容": "リストーロ若宮【居宅介護支援】福岡県宮若市沼口964-1", "url": "https://www.kaigokensaku.mhlw.go.jp/40/index.php?action_kouhyou_detail_004_kani=true&JigyosyoCd=4055880084-00&ServiceCd=430&Type=search", "url2": "https://www.shiseikai.jp/" }, "geometry": { "type": "Point", "coordinates": [ 130.611074700000046, 33.7364651 ] } },
{ "type": "Feature", "properties": { "内容": "けあ・支援センターえみ【居宅介護支援】平山17番地2", "url": "https://www.kaigokensaku.mhlw.go.jp/40/index.php?action_kouhyou_detail_004_kani=true&JigyosyoCd=4072100946-00&ServiceCd=430&Type=search", "url2": null }, "geometry": { "type": "Point", "coordinates": [ 130.698745, 33.562293 ] } },
{ "type": "Feature", "properties": { "内容": "ケアプランサービス蒼穹【居宅介護支援】福岡県嘉麻市西郷1643番地1", "url": "https://www.kaigokensaku.mhlw.go.jp/40/index.php?action_kouhyou_detail_004_kani=true&JigyosyoCd=4072100698-00&ServiceCd=430&Type=search", "url2": null }, "geometry": { "type": "Point", "coordinates": [ 130.725992014984172, 33.55337213844853 ] } },
{ "type": "Feature", "properties": { "内容": "合同会社さかもとケアプランサービス【居宅介護支援】福岡県嘉麻市口春754番地12", "url": "https://www.kaigokensaku.mhlw.go.jp/40/index.php?action_kouhyou_detail_004_kani=true&JigyosyoCd=4072100763-00&ServiceCd=430&Type=search", "url2": "hp.kaipoke.biz/s5z/113747/index_0001.html" }, "geometry": { "type": "Point", "coordinates": [ 130.713803907526994, 33.599169022678474 ] } },
{ "type": "Feature", "properties": { "内容": "栞ケアプランセンター【居宅介護支援】福岡県嘉麻市平1462番地18NDコーポＢ", "url": "https://www.kaigokensaku.mhlw.go.jp/40/index.php?action_kouhyou_detail_004_kani=true&JigyosyoCd=4072100920-00&ServiceCd=430&Type=search", "url2": null }, "geometry": { "type": "Point", "coordinates": [ 130.7340774, 33.6013618 ] } },
{ "type": "Feature", "properties": { "内容": "まごころプランかまだ【居宅介護支援】福岡県嘉麻市中益420番地1", "url": "https://www.kaigokensaku.mhlw.go.jp/40/index.php?action_kouhyou_detail_004_kani=true&JigyosyoCd=4076000076-00&ServiceCd=430&Type=search", "url2": "ma556@poppy.ocn.ne.jp" }, "geometry": { "type": "Point", "coordinates": [ 130.745677399999977, 33.5449047 ] } },
{ "type": "Feature", "properties": { "内容": "第二稲穂園ケアプランセンター【居宅介護支援】福岡県嘉麻市山野2373番地145", "url": "https://www.kaigokensaku.mhlw.go.jp/40/index.php?action_kouhyou_detail_004_kani=true&JigyosyoCd=4075800252-00&ServiceCd=430&Type=search", "url2": "http://daini-inaho.jp" }, "geometry": { "type": "Point", "coordinates": [ 130.70682, 33.601114700000011 ] } },
{ "type": "Feature", "properties": { "内容": "ケアプランサービス　やまくら【居宅介護支援】福岡県嘉麻市口春500番地１", "url": "https://www.kaigokensaku.mhlw.go.jp/40/index.php?action_kouhyou_detail_004_kani=true&JigyosyoCd=4072100771-00&ServiceCd=430&Type=search", "url2": null }, "geometry": { "type": "Point", "coordinates": [ 130.713183500000014, 33.6066437 ] } },
{ "type": "Feature", "properties": { "内容": "医療法人三愛　健康リハビリテーション内田病院【居宅介護支援】福岡県嘉麻市牛隈2510番地4", "url": "https://www.kaigokensaku.mhlw.go.jp/40/index.php?action_kouhyou_detail_004_kani=true&JigyosyoCd=4015719240-00&ServiceCd=430&Type=search", "url2": "http;//www.uchida-reha.jp" }, "geometry": { "type": "Point", "coordinates": [ 130.723626050314579, 33.575518055158362 ] } },
{ "type": "Feature", "properties": { "内容": "クローバーケアプランセンター【居宅介護支援】福岡県嘉麻市飯田１４６番地４", "url": "https://www.kaigokensaku.mhlw.go.jp/40/index.php?action_kouhyou_detail_004_kani=true&JigyosyoCd=4072100615-00&ServiceCd=430&Type=search", "url2": null }, "geometry": { "type": "Point", "coordinates": [ 130.707412500000032, 33.5698041 ] } },
{ "type": "Feature", "properties": { "内容": "社会保険稲築病院ケアプランセンター【居宅介護支援】福岡県嘉麻市口春744番地1", "url": "https://www.kaigokensaku.mhlw.go.jp/40/index.php?action_kouhyou_detail_004_kani=true&JigyosyoCd=4072100714-00&ServiceCd=430&Type=search", "url2": "http://www.inatsukihospital.jp/" }, "geometry": { "type": "Point", "coordinates": [ 130.713438600000018, 33.600487 ] } },
{ "type": "Feature", "properties": { "内容": "ひまわり介護相談センター【居宅介護支援】福岡県嘉麻市馬見64番地2", "url": "https://www.kaigokensaku.mhlw.go.jp/40/index.php?action_kouhyou_detail_004_kani=true&JigyosyoCd=4076000043-00&ServiceCd=430&Type=search", "url2": "http://www.himawarikai.net/" }, "geometry": { "type": "Point", "coordinates": [ 130.754119100000025, 33.5301257 ] } },
{ "type": "Feature", "properties": { "内容": "嘉麻赤十字ケアプランセンター【居宅介護支援】福岡県嘉麻市上山田１２３７", "url": "https://www.kaigokensaku.mhlw.go.jp/40/index.php?action_kouhyou_detail_004_kani=true&JigyosyoCd=4072100250-00&ServiceCd=430&Type=search", "url2": "http://www.kama-jrc.jp" }, "geometry": { "type": "Point", "coordinates": [ 130.7621504, 33.561723 ] } },
{ "type": "Feature", "properties": { "内容": "シルバーケア嘉穂ケアプランサービス【居宅介護支援】福岡県嘉麻市鴨生４８０番地１", "url": "https://www.kaigokensaku.mhlw.go.jp/40/index.php?action_kouhyou_detail_004_kani=true&JigyosyoCd=4075800039-00&ServiceCd=430&Type=search", "url2": "http://care-net.biz/40/silvercarekaho/" }, "geometry": { "type": "Point", "coordinates": [ 130.7240124, 33.6079752 ] } },
{ "type": "Feature", "properties": { "内容": "有限会社千寿会居宅介護支援事業所【居宅介護支援】福岡県嘉麻市鴨生２２２番地１", "url": "https://www.kaigokensaku.mhlw.go.jp/40/index.php?action_kouhyou_detail_004_kani=true&JigyosyoCd=4075800203-00&ServiceCd=430&Type=search", "url2": null }, "geometry": { "type": "Point", "coordinates": [ 130.729636681020338, 33.606189429408943 ] } },
{ "type": "Feature", "properties": { "内容": "医師会ケアプラン【居宅介護支援】福岡県朝倉市来春422-1", "url": "https://www.kaigokensaku.mhlw.go.jp/40/index.php?action_kouhyou_detail_004_kani=true&JigyosyoCd=4072200522-00&ServiceCd=430&Type=search", "url2": "keaplan@asakura-med.or.jp" }, "geometry": { "type": "Point", "coordinates": [ 130.66613719999998, 33.4112386 ] } },
{ "type": "Feature", "properties": { "内容": "ニーズケアプランサービス【居宅介護支援】福岡県朝倉市屋永4340カノエコーポB棟101号", "url": "https://www.kaigokensaku.mhlw.go.jp/40/index.php?action_kouhyou_detail_004_kani=true&JigyosyoCd=4072200340-00&ServiceCd=430&Type=search", "url2": null }, "geometry": { "type": "Point", "coordinates": [ 130.668922488252292, 33.408122466457058 ] } },
{ "type": "Feature", "properties": { "内容": "医療法人社団医王会　朝倉健生病院ケアプランセンター【居宅介護支援】福岡県朝倉市来春132番地在宅サポートセンターけんせい", "url": "https://www.kaigokensaku.mhlw.go.jp/40/index.php?action_kouhyou_detail_004_kani=true&JigyosyoCd=4072200472-00&ServiceCd=430&Type=search", "url2": "http://www.a-kensei.jp" }, "geometry": { "type": "Point", "coordinates": [ 130.662499009262092, 33.415122517385313 ] } },
{ "type": "Feature", "properties": { "内容": "ケアプランサービス　アン・ローゼ【居宅介護支援】福岡県朝倉市杷木志波92番地1", "url": "https://www.kaigokensaku.mhlw.go.jp/40/index.php?action_kouhyou_detail_004_kani=true&JigyosyoCd=4077000018-00&ServiceCd=430&Type=search", "url2": "http://www.keiaikai.net/unrosee/index.html" }, "geometry": { "type": "Point", "coordinates": [ 130.7779668, 33.355226 ] } },
{ "type": "Feature", "properties": { "内容": "居宅介護支援事業所リアンド甘木【居宅介護支援】福岡県朝倉市甘木1785-1201号", "url": "https://www.kaigokensaku.mhlw.go.jp/40/index.php?action_kouhyou_detail_004_kani=true&JigyosyoCd=4072201108-00&ServiceCd=430&Type=search", "url2": "info@reand.jp" }, "geometry": { "type": "Point", "coordinates": [ 130.656889377909863, 33.42113873215046 ] } },
{ "type": "Feature", "properties": { "内容": "ケアプランサービスいしずえ荘【居宅介護支援】福岡県朝倉市入地２２６２番地１", "url": "https://www.kaigokensaku.mhlw.go.jp/40/index.php?action_kouhyou_detail_004_kani=true&JigyosyoCd=4076600016-00&ServiceCd=430&Type=search", "url2": "http//www.keiai.net/" }, "geometry": { "type": "Point", "coordinates": [ 130.7112611, 33.3864033 ] } },
{ "type": "Feature", "properties": { "内容": "ケアプランサービスきらく荘【居宅介護支援】福岡県朝倉市城８５９番地", "url": "https://www.kaigokensaku.mhlw.go.jp/40/index.php?action_kouhyou_detail_004_kani=true&JigyosyoCd=4072200027-00&ServiceCd=430&Type=search", "url2": "http://www.kirakuso.jp" }, "geometry": { "type": "Point", "coordinates": [ 130.718282400000021, 33.4140038 ] } },
{ "type": "Feature", "properties": { "内容": "ケアプランサービス　ローズ倶楽部【居宅介護支援】福岡県朝倉市甘木1872番地の1", "url": "https://www.kaigokensaku.mhlw.go.jp/40/index.php?action_kouhyou_detail_004_kani=true&JigyosyoCd=4072201009-00&ServiceCd=430&Type=search", "url2": "http//www.keiaikai.net/" }, "geometry": { "type": "Point", "coordinates": [ 130.6577443, 33.4236316 ] } },
{ "type": "Feature", "properties": { "内容": "甘木病院ケアプランサービス【居宅介護支援】福岡県朝倉市来春150甘木心療クリニック", "url": "https://www.kaigokensaku.mhlw.go.jp/40/index.php?action_kouhyou_detail_004_kani=true&JigyosyoCd=4072201090-00&ServiceCd=430&Type=search", "url2": null }, "geometry": { "type": "Point", "coordinates": [ 130.6645231, 33.4158955 ] } },
{ "type": "Feature", "properties": { "内容": "ラ・パス居宅介護支援事業所【居宅介護支援】福岡県朝倉市菩提寺１８３－５３", "url": "https://www.kaigokensaku.mhlw.go.jp/40/index.php?action_kouhyou_detail_004_kani=true&JigyosyoCd=4072200050-00&ServiceCd=430&Type=search", "url2": "http://jusenkai.com/" }, "geometry": { "type": "Point", "coordinates": [ 130.6668671, 33.4311118 ] } },
{ "type": "Feature", "properties": { "内容": "あまぎケアプランサービス【居宅介護支援】福岡県朝倉市甘木667番地甘木中央病院2階", "url": "https://www.kaigokensaku.mhlw.go.jp/40/index.php?action_kouhyou_detail_004_kani=true&JigyosyoCd=4072200092-00&ServiceCd=430&Type=search", "url2": "http://www.amagichuuou-hp.jp" }, "geometry": { "type": "Point", "coordinates": [ 130.658840126319888, 33.416702304001106 ] } },
{ "type": "Feature", "properties": { "内容": "シルバートライ居宅介護【居宅介護支援】福岡県朝倉市堤955番地27住宅型有料老人ホーム　シルバートライ朝倉", "url": "https://www.kaigokensaku.mhlw.go.jp/40/index.php?action_kouhyou_detail_004_kani=true&JigyosyoCd=4072200985-00&ServiceCd=430&Type=search", "url2": "http://silvertry.com/" }, "geometry": { "type": "Point", "coordinates": [ 130.670195, 33.4161827 ] } },
{ "type": "Feature", "properties": { "内容": "結和ケアプラン【居宅介護支援】甘木2096番地17リバーサイド甘木弐番館106号室", "url": "https://www.kaigokensaku.mhlw.go.jp/40/index.php?action_kouhyou_detail_004_kani=true&JigyosyoCd=4072201199-00&ServiceCd=430&Type=search", "url2": null }, "geometry": { "type": "Point", "coordinates": [ 130.653779500000013, 33.427867 ] } },
{ "type": "Feature", "properties": { "内容": "香月病院　ケアプランサービス【居宅介護支援】福岡県朝倉市下浦715", "url": "https://www.kaigokensaku.mhlw.go.jp/40/index.php?action_kouhyou_detail_004_kani=true&JigyosyoCd=4072200241-00&ServiceCd=430&Type=search", "url2": "khpcps_jokei566_2@yahoo.cojp" }, "geometry": { "type": "Point", "coordinates": [ 130.635689700000057, 33.397334 ] } },
{ "type": "Feature", "properties": { "内容": "船小屋病院ケアプランサービス【居宅介護支援】福岡県みやま市瀬高町長田1604番地特定医療法人幸明会　船小屋病院内", "url": "https://www.kaigokensaku.mhlw.go.jp/40/index.php?action_kouhyou_detail_004_kani=true&JigyosyoCd=4078700095-00&ServiceCd=430&Type=search", "url2": "http://www.funagoya.or.jp" }, "geometry": { "type": "Point", "coordinates": [ 130.496410400000059, 33.1731763 ] } },
{ "type": "Feature", "properties": { "内容": "JAみなみ筑後　ケアプランサービス【居宅介護支援】福岡県みやま市高田町原1080-1", "url": "https://www.kaigokensaku.mhlw.go.jp/40/index.php?action_kouhyou_detail_004_kani=true&JigyosyoCd=4078700343-00&ServiceCd=430&Type=search", "url2": "fukushi@minamickg-fk-ja.or.jp" }, "geometry": { "type": "Point", "coordinates": [ 130.476401399999986, 33.1114963 ] } },
{ "type": "Feature", "properties": { "内容": "青空ケアプランサービス【居宅介護支援】福岡県みやま市高田町南新開190-1", "url": "https://www.kaigokensaku.mhlw.go.jp/40/index.php?action_kouhyou_detail_004_kani=true&JigyosyoCd=4078700350-00&ServiceCd=430&Type=search", "url2": "https://www.aozora140601.com/care" }, "geometry": { "type": "Point", "coordinates": [ 130.457914399999936, 33.0929809 ] } },
{ "type": "Feature", "properties": { "内容": "ケアプランサービス恩愛【居宅介護支援】みやま市山川町河原内510番地", "url": "https://www.kaigokensaku.mhlw.go.jp/40/index.php?action_kouhyou_detail_004_kani=true&JigyosyoCd=4078700491-00&ServiceCd=430&Type=search", "url2": null }, "geometry": { "type": "Point", "coordinates": [ 130.510748499999977, 33.1356004 ] } },
{ "type": "Feature", "properties": { "内容": "竹里館ケアプランサービス【居宅介護支援】福岡県みやま市山川町原町83-1", "url": "https://www.kaigokensaku.mhlw.go.jp/40/index.php?action_kouhyou_detail_004_kani=true&JigyosyoCd=4079000032-00&ServiceCd=430&Type=search", "url2": null }, "geometry": { "type": "Point", "coordinates": [ 130.5283981, 33.1172963 ] } },
{ "type": "Feature", "properties": { "内容": "冨寿園居宅介護支援事業所【居宅介護支援】福岡県みやま市瀬高町松田４８１", "url": "https://www.kaigokensaku.mhlw.go.jp/40/index.php?action_kouhyou_detail_004_kani=true&JigyosyoCd=4078700012-00&ServiceCd=430&Type=search", "url2": null }, "geometry": { "type": "Point", "coordinates": [ 130.485169600000063, 33.1424013 ] } },
{ "type": "Feature", "properties": { "内容": "ケアプランサービスらしく【居宅介護支援】福岡県みやま市瀬高町太神1511番地2", "url": "https://www.kaigokensaku.mhlw.go.jp/40/index.php?action_kouhyou_detail_004_kani=true&JigyosyoCd=4078700749-00&ServiceCd=430&Type=search", "url2": "https://sites.google.com/view/rashiku-riraku/ホーム" }, "geometry": { "type": "Point", "coordinates": [ 130.467724875336557, 33.127109908572642 ] } },
{ "type": "Feature", "properties": { "内容": "ケアプランサービス　すいせん【居宅介護支援】福岡県みやま市高田町濃施480番地2", "url": "https://www.kaigokensaku.mhlw.go.jp/40/index.php?action_kouhyou_detail_004_kani=true&JigyosyoCd=4079100071-00&ServiceCd=430&Type=search", "url2": "http://suisen@yokokura-hp.or.jp" }, "geometry": { "type": "Point", "coordinates": [ 130.45693803331298, 33.101108565896176 ] } },
{ "type": "Feature", "properties": { "内容": "ケアプランセンターめぐみ【居宅介護支援】福岡県みやま市高田町上楠田1237", "url": "https://www.kaigokensaku.mhlw.go.jp/40/index.php?action_kouhyou_detail_004_kani=true&JigyosyoCd=4078700475-00&ServiceCd=430&Type=search", "url2": "http://www.kourinkai1237.org/" }, "geometry": { "type": "Point", "coordinates": [ 130.4802075, 33.0933732 ] } },
{ "type": "Feature", "properties": { "内容": "「やまびこ」ケアプランサービス【居宅介護支援】福岡県みやま市山川町河原内１２２４番地", "url": "https://www.kaigokensaku.mhlw.go.jp/40/index.php?action_kouhyou_detail_004_kani=true&JigyosyoCd=4078700681-00&ServiceCd=430&Type=search", "url2": "https://www.yamabiko-care.com/" }, "geometry": { "type": "Point", "coordinates": [ 130.519699921426394, 33.137413165518176 ] } },
{ "type": "Feature", "properties": { "内容": "こうわか苑居宅介護支援事業所【居宅介護支援】福岡県みやま市瀬高町大江1694番地", "url": "https://www.kaigokensaku.mhlw.go.jp/40/index.php?action_kouhyou_detail_004_kani=true&JigyosyoCd=4078700046-00&ServiceCd=430&Type=search", "url2": "https://www.ykta.jp＞kouwakaen" }, "geometry": { "type": "Point", "coordinates": [ 130.484044700000027, 33.1425069 ] } },
{ "type": "Feature", "properties": { "内容": "ケアプランセンタータートル【居宅介護支援】福岡県糸島市前原中央三丁目14-1サロンドハイツ203", "url": "https://www.kaigokensaku.mhlw.go.jp/40/index.php?action_kouhyou_detail_004_kani=true&JigyosyoCd=4073501829-00&ServiceCd=430&Type=search", "url2": null }, "geometry": { "type": "Point", "coordinates": [ 130.2018976, 33.5609665 ] } },
{ "type": "Feature", "properties": { "内容": "医療法人　親和会　ケアプランセンター　ふる里【居宅介護支援】福岡県糸島市二丈深江2359-2", "url": "https://www.kaigokensaku.mhlw.go.jp/40/index.php?action_kouhyou_detail_004_kani=true&JigyosyoCd=4073500763-00&ServiceCd=430&Type=search", "url2": "http://furusato1995.com/" }, "geometry": { "type": "Point", "coordinates": [ 130.132572799999906, 33.5084687 ] } },
{ "type": "Feature", "properties": { "内容": "ケアプランセンターエールケア【居宅介護支援】福岡県糸島市二丈深江２２１６番地１", "url": "https://www.kaigokensaku.mhlw.go.jp/40/index.php?action_kouhyou_detail_004_kani=true&JigyosyoCd=4073500979-00&ServiceCd=430&Type=search", "url2": "yellcare@able.ocn.ne.jp" }, "geometry": { "type": "Point", "coordinates": [ 130.134975299999951, 33.5101741 ] } },
{ "type": "Feature", "properties": { "内容": "ケアプランセンターこころ【居宅介護支援】福岡県糸島市波多江駅南1丁目20-8", "url": "https://www.kaigokensaku.mhlw.go.jp/40/index.php?action_kouhyou_detail_004_kani=true&JigyosyoCd=4073501498-00&ServiceCd=430&Type=search", "url2": "http://www.kaigo556.com/" }, "geometry": { "type": "Point", "coordinates": [ 130.231413042991647, 33.564138301841233 ] } },
{ "type": "Feature", "properties": { "内容": "医療法人太田脳神経外科医院介護医療サポートサービス【居宅介護支援】福岡県糸島市浦志二丁目21番2号", "url": "https://www.kaigokensaku.mhlw.go.jp/40/index.php?action_kouhyou_detail_004_kani=true&JigyosyoCd=4073500045-00&ServiceCd=430&Type=search", "url2": null }, "geometry": { "type": "Point", "coordinates": [ 130.210145, 33.5618481 ] } },
{ "type": "Feature", "properties": { "内容": "JA糸島ケアプランセンターひまわり【居宅介護支援】福岡県糸島市浦志二丁目２-１２", "url": "https://www.kaigokensaku.mhlw.go.jp/40/index.php?action_kouhyou_detail_004_kani=true&JigyosyoCd=4073500086-00&ServiceCd=430&Type=search", "url2": "https://www.ja-itoshima.or.jp" }, "geometry": { "type": "Point", "coordinates": [ 130.208570197483795, 33.562722312136245 ] } },
{ "type": "Feature", "properties": { "内容": "糸島市社会福祉協議会ケアプランセンター【居宅介護支援】福岡県糸島市潤１－２２－１糸島市健康福祉センターあごら内", "url": "https://www.kaigokensaku.mhlw.go.jp/40/index.php?action_kouhyou_detail_004_kani=true&JigyosyoCd=4073500706-00&ServiceCd=430&Type=search", "url2": "http://www.itoshima-shakyo.or.jp" }, "geometry": { "type": "Point", "coordinates": [ 130.216627600000038, 33.5609762 ] } },
{ "type": "Feature", "properties": { "内容": "医療法人社団昭友会　居宅介護支援事業所【居宅介護支援】福岡県糸島市神在西１－１－１５", "url": "https://www.kaigokensaku.mhlw.go.jp/40/index.php?action_kouhyou_detail_004_kani=true&JigyosyoCd=4073501050-00&ServiceCd=430&Type=search", "url2": "http://www.itoshima-tanakaclinic.jp" }, "geometry": { "type": "Point", "coordinates": [ 130.177043, 33.54762070000001 ] } },
{ "type": "Feature", "properties": { "内容": "医療法人恵真会　ケアプランセンターまこと【居宅介護支援】福岡県糸島市志登567番地1", "url": "https://www.kaigokensaku.mhlw.go.jp/40/index.php?action_kouhyou_detail_004_kani=true&JigyosyoCd=4073500185-00&ServiceCd=430&Type=search", "url2": "http://www.keishin.or.jp/" }, "geometry": { "type": "Point", "coordinates": [ 130.217704728172293, 33.571844200000335 ] } },
{ "type": "Feature", "properties": { "内容": "笑顔の家ケアプランセンター【居宅介護支援】福岡県糸島市前原西１丁目７－３１サンハイムひさつ108", "url": "https://www.kaigokensaku.mhlw.go.jp/40/index.php?action_kouhyou_detail_004_kani=true&JigyosyoCd=4073500953-00&ServiceCd=430&Type=search", "url2": "https://www.egaonoie.com" }, "geometry": { "type": "Point", "coordinates": [ 130.196971780636432, 33.557551436341555 ] } },
{ "type": "Feature", "properties": { "内容": "前原中央ケアプランサービス【居宅介護支援】福岡県糸島市前原中央三丁目17番1号", "url": "https://www.kaigokensaku.mhlw.go.jp/40/index.php?action_kouhyou_detail_004_kani=true&JigyosyoCd=4073501274-00&ServiceCd=430&Type=search", "url2": null }, "geometry": { "type": "Point", "coordinates": [ 130.2019775, 33.5599449 ] } },
{ "type": "Feature", "properties": { "内容": "たからんたま志摩ケアプランサービス【居宅介護支援】福岡県糸島市志摩師吉819-1", "url": "https://www.kaigokensaku.mhlw.go.jp/40/index.php?action_kouhyou_detail_004_kani=true&JigyosyoCd=4077200162-00&ServiceCd=430&Type=search", "url2": "ｔaｋaｒaｎｔaｍa＠aｒi.ｂｂiｑ.ｊｐ" }, "geometry": { "type": "Point", "coordinates": [ 130.17805050000004, 33.5793252 ] } },
{ "type": "Feature", "properties": { "内容": "仙寿苑ケアプランセンター【居宅介護支援】福岡県糸島市二丈深江2291番地の1", "url": "https://www.kaigokensaku.mhlw.go.jp/40/index.php?action_kouhyou_detail_004_kani=true&JigyosyoCd=4077100016-00&ServiceCd=430&Type=search", "url2": "www.nijoufukusikai.com" }, "geometry": { "type": "Point", "coordinates": [ 130.132292199999938, 33.5100685 ] } },
{ "type": "Feature", "properties": { "内容": "井上病院ケアプランセンター【居宅介護支援】福岡県糸島市波多江696-1", "url": "https://www.kaigokensaku.mhlw.go.jp/40/index.php?action_kouhyou_detail_004_kani=true&JigyosyoCd=4073501191-00&ServiceCd=430&Type=search", "url2": "https://www.sih.or.jp/" }, "geometry": { "type": "Point", "coordinates": [ 130.225986892065407, 33.560878961316583 ] } },
{ "type": "Feature", "properties": { "内容": "マイネスハウス居宅介護支援事業所【居宅介護支援】福岡県糸島市高上171", "url": "https://www.kaigokensaku.mhlw.go.jp/40/index.php?action_kouhyou_detail_004_kani=true&JigyosyoCd=4073500029-00&ServiceCd=430&Type=search", "url2": "http://www.m-h.jp" }, "geometry": { "type": "Point", "coordinates": [ 130.230382599999984, 33.5246063 ] } },
{ "type": "Feature", "properties": { "内容": "ケアプランセンターとき【居宅介護支援】福岡県糸島市志摩師吉556番地", "url": "https://www.kaigokensaku.mhlw.go.jp/40/index.php?action_kouhyou_detail_004_kani=true&JigyosyoCd=4073501308-00&ServiceCd=430&Type=search", "url2": null }, "geometry": { "type": "Point", "coordinates": [ 130.180090800000016, 33.574931 ] } },
{ "type": "Feature", "properties": { "内容": "（居宅介護支援事業所）　パキス【居宅介護支援】福岡県糸島市志摩小富士257番地", "url": "https://www.kaigokensaku.mhlw.go.jp/40/index.php?action_kouhyou_detail_004_kani=true&JigyosyoCd=4077200055-00&ServiceCd=430&Type=search", "url2": "http://www.pacis-itoshima.com/" }, "geometry": { "type": "Point", "coordinates": [ 130.182695, 33.5643744 ] } },
{ "type": "Feature", "properties": { "内容": "糸島ケアプランセンター【居宅介護支援】前原北1丁目6-34-2階", "url": "https://www.kaigokensaku.mhlw.go.jp/40/index.php?action_kouhyou_detail_004_kani=true&JigyosyoCd=4073501571-00&ServiceCd=430&Type=search", "url2": null }, "geometry": { "type": "Point", "coordinates": [ 130.19708270000001, 33.5633728 ] } },
{ "type": "Feature", "properties": { "内容": "ケアプランセンター伊都ライフケア【居宅介護支援】福岡県糸島市浦志2丁目21-17", "url": "https://www.kaigokensaku.mhlw.go.jp/40/index.php?action_kouhyou_detail_004_kani=true&JigyosyoCd=4073501456-00&ServiceCd=430&Type=search", "url2": null }, "geometry": { "type": "Point", "coordinates": [ 130.210392946788346, 33.561738402141522 ] } },
{ "type": "Feature", "properties": { "内容": "富の里ケアプランセンター【居宅介護支援】福岡県糸島市富508-4", "url": "https://www.kaigokensaku.mhlw.go.jp/40/index.php?action_kouhyou_detail_004_kani=true&JigyosyoCd=4073500011-00&ServiceCd=430&Type=search", "url2": "http://www.jiaikai-fuk.or.jp/" }, "geometry": { "type": "Point", "coordinates": [ 130.209606939286772, 33.539650831468791 ] } },
{ "type": "Feature", "properties": { "内容": "望みケアプランセンター【居宅介護支援】福岡県糸島市波多江駅北２丁目１３－１８", "url": "https://www.kaigokensaku.mhlw.go.jp/40/index.php?action_kouhyou_detail_004_kani=true&JigyosyoCd=4073501514-00&ServiceCd=430&Type=search", "url2": "nozomi-careplan-center.com" }, "geometry": { "type": "Point", "coordinates": [ 130.224078210638567, 33.564814597369512 ] } },
{ "type": "Feature", "properties": { "内容": "那珂川市社会福祉協議会指定居宅介護支援事業所【居宅介護支援】福岡県那珂川市西隈1丁目1番2号福祉センター", "url": "https://www.kaigokensaku.mhlw.go.jp/40/index.php?action_kouhyou_detail_004_kani=true&JigyosyoCd=4073700017-00&ServiceCd=430&Type=search", "url2": "http//www.nakagawa-shakyo.jp/" }, "geometry": { "type": "Point", "coordinates": [ 130.4230543, 33.4997392 ] } },
{ "type": "Feature", "properties": { "内容": "居宅介護支援事業所ねむのき【居宅介護支援】福岡県那珂川市下梶原２丁目６番３号ねむのき", "url": "https://www.kaigokensaku.mhlw.go.jp/40/index.php?action_kouhyou_detail_004_kani=true&JigyosyoCd=4073700074-00&ServiceCd=430&Type=search", "url2": "http://www.nakafuku.jp/index.html" }, "geometry": { "type": "Point", "coordinates": [ 130.439369400000032, 33.4997286 ] } },
{ "type": "Feature", "properties": { "内容": "ケアプランサービスなかがわ苑【居宅介護支援】福岡県那珂川市大字別所580番地", "url": "https://www.kaigokensaku.mhlw.go.jp/40/index.php?action_kouhyou_detail_004_kani=true&JigyosyoCd=4073700264-00&ServiceCd=430&Type=search", "url2": "nakagawaen@muf,biglobe,ne,jp" }, "geometry": { "type": "Point", "coordinates": [ 130.412655500000028, 33.4852902 ] } },
{ "type": "Feature", "properties": { "内容": "まんまるケアプラン【居宅介護支援】福岡県那珂川市市ノ瀬484-8", "url": "https://www.kaigokensaku.mhlw.go.jp/40/index.php?action_kouhyou_detail_004_kani=true&JigyosyoCd=4073700918-00&ServiceCd=430&Type=search", "url2": "https://marunoki-manmarus.jimdofree.com/" }, "geometry": { "type": "Point", "coordinates": [ 130.428097004069002, 33.456432828545914 ] } },
{ "type": "Feature", "properties": { "内容": "有限会社ケースワーク居宅介護支援事業所【居宅介護支援】福岡県那珂川市安徳554-1", "url": "https://www.kaigokensaku.mhlw.go.jp/40/index.php?action_kouhyou_detail_004_kani=true&JigyosyoCd=4073700025-00&ServiceCd=430&Type=search", "url2": "http://www.casework-nakagawa.com/" }, "geometry": { "type": "Point", "coordinates": [ 130.42609010000001, 33.5001198 ] } },
{ "type": "Feature", "properties": { "内容": "ケアプランサービス　こはる【居宅介護支援】大字市ノ瀬1097番地8", "url": "https://www.kaigokensaku.mhlw.go.jp/40/index.php?action_kouhyou_detail_004_kani=true&JigyosyoCd=4073700959-00&ServiceCd=430&Type=search", "url2": null }, "geometry": { "type": "Point", "coordinates": [ 130.430022186944797, 33.451742346568963 ] } },
{ "type": "Feature", "properties": { "内容": "ケアプランセンター錬【居宅介護支援】福岡県那珂川市大字山田１１５０－１", "url": "https://www.kaigokensaku.mhlw.go.jp/40/index.php?action_kouhyou_detail_004_kani=true&JigyosyoCd=4073700603-00&ServiceCd=430&Type=search", "url2": "http://www.kouchikukai.or.jp" }, "geometry": { "type": "Point", "coordinates": [ 130.415884823942605, 33.488266365274917 ] } },
{ "type": "Feature", "properties": { "内容": "夢ケアプランセンター【居宅介護支援】福岡県那珂川市松木4丁目2-7", "url": "https://www.kaigokensaku.mhlw.go.jp/40/index.php?action_kouhyou_detail_004_kani=true&JigyosyoCd=4073700777-00&ServiceCd=430&Type=search", "url2": null }, "geometry": { "type": "Point", "coordinates": [ 130.435167558887059, 33.507306367964233 ] } },
{ "type": "Feature", "properties": { "内容": "ケアプランセンター四王寺【居宅介護支援】福岡県糟屋郡宇美町四王寺坂2丁目23番2号", "url": "https://www.kaigokensaku.mhlw.go.jp/40/index.php?action_kouhyou_detail_004_kani=true&JigyosyoCd=4073800650-00&ServiceCd=430&Type=search", "url2": "https://shiouji.com/" }, "geometry": { "type": "Point", "coordinates": [ 130.5206727, 33.5603826 ] } },
{ "type": "Feature", "properties": { "内容": "合同会社ｹｱﾌﾟﾗﾝｻｰﾋﾞｽひばり【居宅介護支援】福岡県糟屋郡宇美町ひばりが丘3丁目22-21", "url": "https://www.kaigokensaku.mhlw.go.jp/40/index.php?action_kouhyou_detail_004_kani=true&JigyosyoCd=4073800734-00&ServiceCd=430&Type=search", "url2": "hibarikaigo0727@gmail.com" }, "geometry": { "type": "Point", "coordinates": [ 130.4910289, 33.5623088 ] } },
{ "type": "Feature", "properties": { "内容": "みらいケアプランｻｰﾋﾞｽ【居宅介護支援】福岡県粕屋郡宇美町宇美1丁目4番25号", "url": "https://www.kaigokensaku.mhlw.go.jp/40/index.php?action_kouhyou_detail_004_kani=true&JigyosyoCd=4073800304-00&ServiceCd=430&Type=search", "url2": "mirai@bg7.so-net.ne.jp" }, "geometry": { "type": "Point", "coordinates": [ 130.4891303, 33.5684792 ] } },
{ "type": "Feature", "properties": { "内容": "みなみ介護支援センター【居宅介護支援】福岡県糟屋郡宇美町宇美東１－９－１８", "url": "https://www.kaigokensaku.mhlw.go.jp/40/index.php?action_kouhyou_detail_004_kani=true&JigyosyoCd=4073800023-00&ServiceCd=430&Type=search", "url2": "http://www.kasuya-minami.or.jp" }, "geometry": { "type": "Point", "coordinates": [ 130.529007699999966, 33.568723100000014 ] } },
{ "type": "Feature", "properties": { "内容": "きららケアプランサービス【居宅介護支援】福岡県糟屋郡宇美町宇美中央１－３－３", "url": "https://www.kaigokensaku.mhlw.go.jp/40/index.php?action_kouhyou_detail_004_kani=true&JigyosyoCd=4073800619-00&ServiceCd=430&Type=search", "url2": "https://www.umikirara.com/" }, "geometry": { "type": "Point", "coordinates": [ 130.5188545, 33.5710374 ] } },
{ "type": "Feature", "properties": { "内容": "岡部病院菜の花ケアプランサービス【居宅介護支援】福岡県粕屋郡宇美町明神坂１丁目２番２３号住宅型有料老人ホーム神苑", "url": "https://www.kaigokensaku.mhlw.go.jp/40/index.php?action_kouhyou_detail_004_kani=true&JigyosyoCd=4073800080-00&ServiceCd=430&Type=search", "url2": "http://www.okabe-hospital.or.jp" }, "geometry": { "type": "Point", "coordinates": [ 130.513064060188299, 33.572056829618056 ] } },
{ "type": "Feature", "properties": { "内容": "ケアプランセンターうみそらら【居宅介護支援】福岡県糟屋郡宇美町宇美4丁目2-5エスペランサ宇美104号", "url": "https://www.kaigokensaku.mhlw.go.jp/40/index.php?action_kouhyou_detail_004_kani=true&JigyosyoCd=4073800486-00&ServiceCd=430&Type=search", "url2": "https://umisolala.co.jp/" }, "geometry": { "type": "Point", "coordinates": [ 130.509580479098531, 33.568043905746286 ] } },
{ "type": "Feature", "properties": { "内容": "ケアプランセンター同行園【居宅介護支援】福岡県糟屋郡宇美町貴船１丁目２番３号", "url": "https://www.kaigokensaku.mhlw.go.jp/40/index.php?action_kouhyou_detail_004_kani=true&JigyosyoCd=4073800171-00&ServiceCd=430&Type=search", "url2": null }, "geometry": { "type": "Point", "coordinates": [ 130.512596593911155, 33.565834907105554 ] } },
{ "type": "Feature", "properties": { "内容": "ケアプランサービス大地【居宅介護支援】福岡県粕屋郡篠栗町和田4丁目17-32", "url": "https://www.kaigokensaku.mhlw.go.jp/40/index.php?action_kouhyou_detail_004_kani=true&JigyosyoCd=4073900252-00&ServiceCd=430&Type=search", "url2": "https://www.daichi-guri.com" }, "geometry": { "type": "Point", "coordinates": [ 130.500359727894647, 33.632639115430834 ] } },
{ "type": "Feature", "properties": { "内容": "ささぐり介護プランサービス【居宅介護支援】福岡県粕屋郡篠栗町大字金出3553", "url": "https://www.kaigokensaku.mhlw.go.jp/40/index.php?action_kouhyou_detail_004_kani=true&JigyosyoCd=4073900039-00&ServiceCd=430&Type=search", "url2": "http://www.minkodo-minohara.com/" }, "geometry": { "type": "Point", "coordinates": [ 130.53707363987553, 33.624242930831869 ] } },
{ "type": "Feature", "properties": { "内容": "篠栗荘ケアプランセンター【居宅介護支援】福岡県糟屋郡篠栗町津波黒450-1", "url": "https://www.kaigokensaku.mhlw.go.jp/40/index.php?action_kouhyou_detail_004_kani=true&JigyosyoCd=4073900054-00&ServiceCd=430&Type=search", "url2": "http://sasaguri.fk-sinaikai.or.jp" }, "geometry": { "type": "Point", "coordinates": [ 130.511571499999945, 33.6330408 ] } },
{ "type": "Feature", "properties": { "内容": "ケアパートナー篠栗　居宅介護支援事業所【居宅介護支援】福岡県糟屋郡篠栗町尾仲５５５-１-１", "url": "https://www.kaigokensaku.mhlw.go.jp/40/index.php?action_kouhyou_detail_004_kani=true&JigyosyoCd=4073900179-00&ServiceCd=430&Type=search", "url2": "https://www.care-partner.com/" }, "geometry": { "type": "Point", "coordinates": [ 130.509370163107263, 33.621908361903699 ] } },
{ "type": "Feature", "properties": { "内容": "医療法人井上会　さわやかケアネット【居宅介護支援】福岡県糟屋郡篠栗町田中1丁目10番1号", "url": "https://www.kaigokensaku.mhlw.go.jp/40/index.php?action_kouhyou_detail_004_kani=true&JigyosyoCd=4073900021-00&ServiceCd=430&Type=search", "url2": "http://www.sasaguri.or.jp" }, "geometry": { "type": "Point", "coordinates": [ 130.521462299999939, 33.6243696 ] } },
{ "type": "Feature", "properties": { "内容": "株式会社癒笑心の居場所【居宅介護支援】糟屋郡志免町別府４丁目5番12号", "url": "https://www.kaigokensaku.mhlw.go.jp/40/index.php?action_kouhyou_detail_004_kani=true&JigyosyoCd=4074000730-00&ServiceCd=430&Type=search", "url2": "https://kokoronoibasyo.hp.peraichi.com/TOP/" }, "geometry": { "type": "Point", "coordinates": [ 130.460161199999988, 33.6066232 ] } },
{ "type": "Feature", "properties": { "内容": "栄光会ケアプランサービス【居宅介護支援】福岡県糟屋郡志免町別府西３丁目８－１５", "url": "https://www.kaigokensaku.mhlw.go.jp/40/index.php?action_kouhyou_detail_004_kani=true&JigyosyoCd=4074000086-00&ServiceCd=430&Type=search", "url2": "http://www.eikoh.or.jp" }, "geometry": { "type": "Point", "coordinates": [ 130.456520693995685, 33.599782868051875 ] } },
{ "type": "Feature", "properties": { "内容": "介護支援センターオリーブ【居宅介護支援】福岡県糟屋郡志免町別府1丁目1番6号", "url": "https://www.kaigokensaku.mhlw.go.jp/40/index.php?action_kouhyou_detail_004_kani=true&JigyosyoCd=4074000268-00&ServiceCd=430&Type=search", "url2": "http//me-yms/com/incyo/rinen/html" }, "geometry": { "type": "Point", "coordinates": [ 130.464183, 33.6019626 ] } },
{ "type": "Feature", "properties": { "内容": "エフコープ介護サービス志免【居宅介護支援】福岡県糟屋郡志免町別府西３丁目13-7モントーレラコルタユニバ通り", "url": "https://www.kaigokensaku.mhlw.go.jp/40/index.php?action_kouhyou_detail_004_kani=true&JigyosyoCd=4074000623-00&ServiceCd=430&Type=search", "url2": "http://www.fcoop.or.jp/" }, "geometry": { "type": "Point", "coordinates": [ 130.454564399999981, 33.600032 ] } },
{ "type": "Feature", "properties": { "内容": "アップルハ－ト糟屋ケアプランセンタ－【居宅介護支援】福岡県糟屋郡志免町大字南里11-5", "url": "https://www.kaigokensaku.mhlw.go.jp/40/index.php?action_kouhyou_detail_004_kani=true&JigyosyoCd=4074000367-00&ServiceCd=430&Type=search", "url2": null }, "geometry": { "type": "Point", "coordinates": [ 130.477687599999967, 33.5933502 ] } },
{ "type": "Feature", "properties": { "内容": "社会福祉法人　志免町社会福祉協議会　指定居宅介護支援事業所【居宅介護支援】福岡県糟屋郡志免町大字志免451番地1総合福祉施設　シーメイト内", "url": "https://www.kaigokensaku.mhlw.go.jp/40/index.php?action_kouhyou_detail_004_kani=true&JigyosyoCd=4074000052-00&ServiceCd=430&Type=search", "url2": "http://www.shime-shakyo.or.jp/" }, "geometry": { "type": "Point", "coordinates": [ 130.487433294581592, 33.589590193051514 ] } },
{ "type": "Feature", "properties": { "内容": "日本赤十字社福岡県支部　やすらぎの郷　ケアプランセンター【居宅介護支援】福岡県糟屋郡志免町大字吉原600番地", "url": "https://www.kaigokensaku.mhlw.go.jp/40/index.php?action_kouhyou_detail_004_kani=true&JigyosyoCd=4074000060-00&ServiceCd=430&Type=search", "url2": "http://www.yasuraginosato.org/" }, "geometry": { "type": "Point", "coordinates": [ 130.489151099999958, 33.5720781 ] } },
{ "type": "Feature", "properties": { "内容": "てんじゅ介護サービス【居宅介護支援】福岡県糟屋郡志免町片峰中央4-2-13", "url": "https://www.kaigokensaku.mhlw.go.jp/40/index.php?action_kouhyou_detail_004_kani=true&JigyosyoCd=4074000680-00&ServiceCd=430&Type=search", "url2": "tennjyukaigo@gmail.com" }, "geometry": { "type": "Point", "coordinates": [ 130.4730246, 33.5860443 ] } },
{ "type": "Feature", "properties": { "内容": "うえのケアプランセンター【居宅介護支援】福岡県糟屋郡志免町志免2-10-20", "url": "https://www.kaigokensaku.mhlw.go.jp/40/index.php?action_kouhyou_detail_004_kani=true&JigyosyoCd=4074000714-00&ServiceCd=430&Type=search", "url2": null }, "geometry": { "type": "Point", "coordinates": [ 130.500630199999989, 33.5758524 ] } },
{ "type": "Feature", "properties": { "内容": "青洲会クリニック　ケアサポートＳ【居宅介護支援】福岡県粕屋郡志免町志免4丁目１－７", "url": "https://www.kaigokensaku.mhlw.go.jp/40/index.php?action_kouhyou_detail_004_kani=true&JigyosyoCd=4074000292-00&ServiceCd=430&Type=search", "url2": "http://www.seisyukai.jp/sc.html" }, "geometry": { "type": "Point", "coordinates": [ 130.481962399999929, 33.5866872 ] } },
{ "type": "Feature", "properties": { "内容": "ケアプランセンターココケア【居宅介護支援】福岡県糟屋郡志免町片峰1-4-10サンティール片峰C102号", "url": "https://www.kaigokensaku.mhlw.go.jp/40/index.php?action_kouhyou_detail_004_kani=true&JigyosyoCd=4074100407-00&ServiceCd=430&Type=search", "url2": null }, "geometry": { "type": "Point", "coordinates": [ 130.475650486828556, 33.588815385497774 ] } },
{ "type": "Feature", "properties": { "内容": "居宅介護支援事業所　緑の風【居宅介護支援】福岡県糟屋郡志免町東公園台２丁目８－５", "url": "https://www.kaigokensaku.mhlw.go.jp/40/index.php?action_kouhyou_detail_004_kani=true&JigyosyoCd=4074000532-00&ServiceCd=430&Type=search", "url2": "www.mitohospital.com" }, "geometry": { "type": "Point", "coordinates": [ 130.492305186369322, 33.586149332343751 ] } },
{ "type": "Feature", "properties": { "内容": "みかさの里ケアプランセンター【居宅介護支援】福岡県糟屋郡須恵町大字旅石887-7　B-４", "url": "https://www.kaigokensaku.mhlw.go.jp/40/index.php?action_kouhyou_detail_004_kani=true&JigyosyoCd=4074100480-00&ServiceCd=430&Type=search", "url2": null }, "geometry": { "type": "Point", "coordinates": [ 130.5010976, 33.5884954 ] } },
{ "type": "Feature", "properties": { "内容": "居宅介護支援事業所　らふたす【居宅介護支援】福岡県糟屋郡須恵町須恵５０８番地1須恵たかさき脳神経外科クリニック2階", "url": "https://www.kaigokensaku.mhlw.go.jp/40/index.php?action_kouhyou_detail_004_kani=true&JigyosyoCd=4074100498-00&ServiceCd=430&Type=search", "url2": "https://nougeka-clinic.com/" }, "geometry": { "type": "Point", "coordinates": [ 130.50506528664701, 33.595744989581611 ] } },
{ "type": "Feature", "properties": { "内容": "医療法人成雅会ほほえみ泰平【居宅介護支援】福岡県糟屋郡須恵町新原14-7", "url": "https://www.kaigokensaku.mhlw.go.jp/40/index.php?action_kouhyou_detail_004_kani=true&JigyosyoCd=4074100027-00&ServiceCd=430&Type=search", "url2": "http://www.taihei.or.jo/" }, "geometry": { "type": "Point", "coordinates": [ 130.514283187032987, 33.579729419689805 ] } },
{ "type": "Feature", "properties": { "内容": "ケアワイド21【居宅介護支援】福岡県粕屋郡須恵町大字旅石68番261", "url": "https://www.kaigokensaku.mhlw.go.jp/40/index.php?action_kouhyou_detail_004_kani=true&JigyosyoCd=4074100019-00&ServiceCd=430&Type=search", "url2": "http://www.s-mito.org" }, "geometry": { "type": "Point", "coordinates": [ 130.496938826544238, 33.584946993974846 ] } },
{ "type": "Feature", "properties": { "内容": "新宮偕同園　　　居宅介護支援事業所【居宅介護支援】福岡県糟屋郡新宮町上府５４５番地の１", "url": "https://www.kaigokensaku.mhlw.go.jp/40/index.php?action_kouhyou_detail_004_kani=true&JigyosyoCd=4074200066-00&ServiceCd=430&Type=search", "url2": "http://www.kaidoen.com/" }, "geometry": { "type": "Point", "coordinates": [ 130.457418500000017, 33.7049577 ] } },
{ "type": "Feature", "properties": { "内容": "原外科医院ケアプランセンター【居宅介護支援】福岡県糟屋郡新宮町下府1丁目２－２８", "url": "https://www.kaigokensaku.mhlw.go.jp/40/index.php?action_kouhyou_detail_004_kani=true&JigyosyoCd=4074200249-00&ServiceCd=430&Type=search", "url2": "https://www.facebook.com/harageka/" }, "geometry": { "type": "Point", "coordinates": [ 130.442441599999938, 33.7108759 ] } },
{ "type": "Feature", "properties": { "内容": "ケアプランセンターたちばな【居宅介護支援】福岡県糟屋郡新宮町夜臼5丁目8番11号", "url": "https://www.kaigokensaku.mhlw.go.jp/40/index.php?action_kouhyou_detail_004_kani=true&JigyosyoCd=4074200454-00&ServiceCd=430&Type=search", "url2": "http://www.iryodan-net.jp" }, "geometry": { "type": "Point", "coordinates": [ 130.4486885, 33.7000382 ] } },
{ "type": "Feature", "properties": { "内容": "粕屋医師会介護サービス【居宅介護支援】福岡県糟屋郡久山町久原3168-1", "url": "https://www.kaigokensaku.mhlw.go.jp/40/index.php?action_kouhyou_detail_004_kani=true&JigyosyoCd=4074000110-00&ServiceCd=430&Type=search", "url2": "http//www.kasuya.fukuoka.med.or.jp" }, "geometry": { "type": "Point", "coordinates": [ 130.496095400000058, 33.6401313 ] } },
{ "type": "Feature", "properties": { "内容": "ケアプランサービス　レイクウッド久山【居宅介護支援】福岡県糟屋郡久山町大字猪野字池ノ浦1610-40", "url": "https://www.kaigokensaku.mhlw.go.jp/40/index.php?action_kouhyou_detail_004_kani=true&JigyosyoCd=4074300049-00&ServiceCd=430&Type=search", "url2": "www.lakewoodhisayama.com" }, "geometry": { "type": "Point", "coordinates": [ 130.50005499410392, 33.678128621559765 ] } },
{ "type": "Feature", "properties": { "内容": "ともケアプランサービス【居宅介護支援】福岡県糟屋郡久山町大字猪野７４３－２９", "url": "https://www.kaigokensaku.mhlw.go.jp/40/index.php?action_kouhyou_detail_004_kani=true&JigyosyoCd=4074300122-00&ServiceCd=430&Type=search", "url2": null }, "geometry": { "type": "Point", "coordinates": [ 130.508507099999946, 33.6627074 ] } },
{ "type": "Feature", "properties": { "内容": "千鳥橋病院附属　粕屋診療所【居宅介護支援】福岡県糟屋郡粕屋町仲原２５３１－１", "url": "https://www.kaigokensaku.mhlw.go.jp/40/index.php?action_kouhyou_detail_004_kani=true&JigyosyoCd=4010419218-00&ServiceCd=430&Type=search", "url2": "www.iryoudan-net.jp" }, "geometry": { "type": "Point", "coordinates": [ 130.457088900000031, 33.6105699 ] } },
{ "type": "Feature", "properties": { "内容": "ｹｱﾌﾟﾗﾝｻｰﾋﾞｽさくら【居宅介護支援】福岡県糟屋郡粕屋町長者原西二丁目6番1号", "url": "https://www.kaigokensaku.mhlw.go.jp/40/index.php?action_kouhyou_detail_004_kani=true&JigyosyoCd=4074400450-00&ServiceCd=430&Type=search", "url2": null }, "geometry": { "type": "Point", "coordinates": [ 130.470229199999949, 33.6181472 ] } },
{ "type": "Feature", "properties": { "内容": "粕屋町社会福祉協議会居宅介護支援事業所【居宅介護支援】福岡県糟屋郡粕屋町長者原東六丁目5番10号福祉センター", "url": "https://www.kaigokensaku.mhlw.go.jp/40/index.php?action_kouhyou_detail_004_kani=true&JigyosyoCd=4074400336-00&ServiceCd=430&Type=search", "url2": "vc.town.kasuya.fukuoka.jp/syakaifukushi/" }, "geometry": { "type": "Point", "coordinates": [ 130.482281, 33.6136452 ] } },
{ "type": "Feature", "properties": { "内容": "介護支援サービス　緑の里【居宅介護支援】福岡県糟屋郡粕屋町酒殿三丁目22番1号", "url": "https://www.kaigokensaku.mhlw.go.jp/40/index.php?action_kouhyou_detail_004_kani=true&JigyosyoCd=4074400047-00&ServiceCd=430&Type=search", "url2": "http//www.mikatsukai.or.jp/" }, "geometry": { "type": "Point", "coordinates": [ 130.486056100000042, 33.5988442 ] } },
{ "type": "Feature", "properties": { "内容": "青洲会ケアサポートＳ【居宅介護支援】福岡県糟屋郡糟屋町大字長者原西３丁目１３番１号", "url": "https://www.kaigokensaku.mhlw.go.jp/40/index.php?action_kouhyou_detail_004_kani=true&JigyosyoCd=4074400062-00&ServiceCd=430&Type=search", "url2": "http://www.seisyukai.jp/fukuoka/zaitaku" }, "geometry": { "type": "Point", "coordinates": [ 130.463635829638633, 33.618429813707763 ] } },
{ "type": "Feature", "properties": { "内容": "芦屋町社協居宅介護支援事業所【居宅介護支援】福岡県遠賀郡芦屋町緑ヶ丘4-22", "url": "https://www.kaigokensaku.mhlw.go.jp/40/index.php?action_kouhyou_detail_004_kani=true&JigyosyoCd=4074900038-00&ServiceCd=430&Type=search", "url2": "https://ashiya-syakyo.jp" }, "geometry": { "type": "Point", "coordinates": [ 130.668170499999974, 33.8848879 ] } },
{ "type": "Feature", "properties": { "内容": "ケアプランサービスたけの【居宅介護支援】遠賀郡芦屋町中ノ浜９－２１", "url": "https://www.kaigokensaku.mhlw.go.jp/40/index.php?action_kouhyou_detail_004_kani=true&JigyosyoCd=4074900210-00&ServiceCd=430&Type=search", "url2": null }, "geometry": { "type": "Point", "coordinates": [ 130.667237200000045, 33.893572800000015 ] } },
{ "type": "Feature", "properties": { "内容": "特別養護老人ホーム　まつかぜ荘【居宅介護支援】福岡県遠賀郡芦屋町緑ヶ丘2-2", "url": "https://www.kaigokensaku.mhlw.go.jp/40/index.php?action_kouhyou_detail_004_kani=true&JigyosyoCd=4074900061-00&ServiceCd=430&Type=search", "url2": null }, "geometry": { "type": "Point", "coordinates": [ 130.667228900000026, 33.8868015 ] } },
{ "type": "Feature", "properties": { "内容": "芦屋中央病院指定居宅介護支援事業所【居宅介護支援】福岡県遠賀郡芦屋町大字山鹿283番地7", "url": "https://www.kaigokensaku.mhlw.go.jp/40/index.php?action_kouhyou_detail_004_kani=true&JigyosyoCd=4074900244-00&ServiceCd=430&Type=search", "url2": "https://www.ashiya-central-hospital.jp" }, "geometry": { "type": "Point", "coordinates": [ 130.678566004516142, 33.903365031901146 ] } },
{ "type": "Feature", "properties": { "内容": "ひびきケアプランサービス【居宅介護支援】福岡県遠賀郡芦屋町大字芦屋1145-3老人保健施設リカバリーセンターひびき", "url": "https://www.kaigokensaku.mhlw.go.jp/40/index.php?action_kouhyou_detail_004_kani=true&JigyosyoCd=4074900012-00&ServiceCd=430&Type=search", "url2": "http://www.hibiki.or.jp" }, "geometry": { "type": "Point", "coordinates": [ 130.649861200000032, 33.8713257 ] } },
{ "type": "Feature", "properties": { "内容": "水巻町社会福祉協議会居宅介護支援事業所【居宅介護支援】福岡県遠賀郡水巻町頃末南三丁目１１番１号", "url": "https://www.kaigokensaku.mhlw.go.jp/40/index.php?action_kouhyou_detail_004_kani=true&JigyosyoCd=4075000044-00&ServiceCd=430&Type=search", "url2": "http://www.mizumaki-shakyo.or.jp/" }, "geometry": { "type": "Point", "coordinates": [ 130.698149100000023, 33.852434 ] } },
{ "type": "Feature", "properties": { "内容": "ケアプランセンター水巻【居宅介護支援】福岡県遠賀郡水巻町頃末南１丁目12-3", "url": "https://www.kaigokensaku.mhlw.go.jp/40/index.php?action_kouhyou_detail_004_kani=true&JigyosyoCd=4075000390-00&ServiceCd=430&Type=search", "url2": "http://www1.sphere.ne.jp/fukushiseikyou/" }, "geometry": { "type": "Point", "coordinates": [ 130.695989163823697, 33.854360884244223 ] } },
{ "type": "Feature", "properties": { "内容": "水巻ライフケアマネジメント【居宅介護支援】福岡県遠賀郡水巻町猪熊1-6-40", "url": "https://www.kaigokensaku.mhlw.go.jp/40/index.php?action_kouhyou_detail_004_kani=true&JigyosyoCd=4075000648-00&ServiceCd=430&Type=search", "url2": "http://mizumaki.or.jp/" }, "geometry": { "type": "Point", "coordinates": [ 130.6854664, 33.8692901 ] } },
{ "type": "Feature", "properties": { "内容": "指定居宅介護支援事業者　水卷松快園【居宅介護支援】福岡県遠賀郡水巻町吉田南二丁目９番１号", "url": "https://www.kaigokensaku.mhlw.go.jp/40/index.php?action_kouhyou_detail_004_kani=true&JigyosyoCd=4075000010-00&ServiceCd=430&Type=search", "url2": "http://www.shokaien.com" }, "geometry": { "type": "Point", "coordinates": [ 130.709909599999946, 33.8366196 ] } },
{ "type": "Feature", "properties": { "内容": "水巻共立介護福祉サービスセンター【居宅介護支援】遠賀郡水巻町吉田西４丁目2番1号", "url": "https://www.kaigokensaku.mhlw.go.jp/40/index.php?action_kouhyou_detail_004_kani=true&JigyosyoCd=4075000028-00&ServiceCd=430&Type=search", "url2": "http://www.seishukai.jp" }, "geometry": { "type": "Point", "coordinates": [ 130.7036627, 33.844138 ] } },
{ "type": "Feature", "properties": { "内容": "ケアプランサービス暖家。【居宅介護支援】福岡県遠賀郡水巻町猪熊９丁目１番５５号", "url": "https://www.kaigokensaku.mhlw.go.jp/40/index.php?action_kouhyou_detail_004_kani=true&JigyosyoCd=4075000804-00&ServiceCd=430&Type=search", "url2": "https://fukushi-danke.com/" }, "geometry": { "type": "Point", "coordinates": [ 130.686125800000013, 33.8821411 ] } },
{ "type": "Feature", "properties": { "内容": "いこいの里ホームヘルパーステーション【居宅介護支援】福岡県遠賀郡岡垣町大字高倉598番地1", "url": "https://www.kaigokensaku.mhlw.go.jp/40/index.php?action_kouhyou_detail_004_kani=true&JigyosyoCd=4075100059-00&ServiceCd=430&Type=search", "url2": "http://www.okagaki-syakyo.jp/" }, "geometry": { "type": "Point", "coordinates": [ 130.603863199999978, 33.8486193 ] } },
{ "type": "Feature", "properties": { "内容": "ケアステーションにじ【居宅介護支援】福岡県遠賀郡岡垣町海老津駅南１丁目４番２３号", "url": "https://www.kaigokensaku.mhlw.go.jp/40/index.php?action_kouhyou_detail_004_kani=true&JigyosyoCd=4075101131-00&ServiceCd=430&Type=search", "url2": null }, "geometry": { "type": "Point", "coordinates": [ 130.6246298, 33.8392828 ] } },
{ "type": "Feature", "properties": { "内容": "成晴会ケアプランサービスステーション【居宅介護支援】福岡県遠賀郡岡垣町公園通り1-7-1", "url": "https://www.kaigokensaku.mhlw.go.jp/40/index.php?action_kouhyou_detail_004_kani=true&JigyosyoCd=4075100091-00&ServiceCd=430&Type=search", "url2": "http://www.takakuraen.com" }, "geometry": { "type": "Point", "coordinates": [ 130.611132, 33.8488887 ] } },
{ "type": "Feature", "properties": { "内容": "ケアプランサービス海老津園【居宅介護支援】福岡県遠賀郡岡垣町東松原２丁目２－１８", "url": "https://www.kaigokensaku.mhlw.go.jp/40/index.php?action_kouhyou_detail_004_kani=true&JigyosyoCd=4075100018-00&ServiceCd=430&Type=search", "url2": "tubonekai.or.jp/outline" }, "geometry": { "type": "Point", "coordinates": [ 130.626460693254103, 33.844498233714084 ] } },
{ "type": "Feature", "properties": { "内容": "恵の家　居宅介護支援事業所【居宅介護支援】福岡県遠賀郡岡垣町中央台３丁目22-1", "url": "https://www.kaigokensaku.mhlw.go.jp/40/index.php?action_kouhyou_detail_004_kani=true&JigyosyoCd=4075100034-00&ServiceCd=430&Type=search", "url2": "https://nihonsyouisya.jp/" }, "geometry": { "type": "Point", "coordinates": [ 130.622625400000061, 33.847886100000018 ] } },
{ "type": "Feature", "properties": { "内容": "愛サービス北九州・ケアプラン相談センター【居宅介護支援】福岡県遠賀郡岡垣町大字手野1380番地1", "url": "https://www.kaigokensaku.mhlw.go.jp/40/index.php?action_kouhyou_detail_004_kani=true&JigyosyoCd=4070401213-00&ServiceCd=430&Type=search", "url2": null }, "geometry": { "type": "Point", "coordinates": [ 130.579084199999983, 33.8660114 ] } },
{ "type": "Feature", "properties": { "内容": "ケアプラン燦々山田【居宅介護支援】福岡県遠賀郡岡垣町大字山田679番地", "url": "https://www.kaigokensaku.mhlw.go.jp/40/index.php?action_kouhyou_detail_004_kani=true&JigyosyoCd=4075101016-00&ServiceCd=430&Type=search", "url2": "https://kidou-care.com" }, "geometry": { "type": "Point", "coordinates": [ 130.631854560713236, 33.854598348126565 ] } },
{ "type": "Feature", "properties": { "内容": "有限会社かがやきケアサービス【居宅介護支援】福岡県遠賀郡遠賀町大字鬼津1080-2", "url": "https://www.kaigokensaku.mhlw.go.jp/40/index.php?action_kouhyou_detail_004_kani=true&JigyosyoCd=4075200248-00&ServiceCd=430&Type=search", "url2": null }, "geometry": { "type": "Point", "coordinates": [ 130.665125963789052, 33.859218527330718 ] } },
{ "type": "Feature", "properties": { "内容": "浅木病院ケアプランサービス【居宅介護支援】福岡県遠賀郡遠賀町浅木二丁目30番1号", "url": "https://www.kaigokensaku.mhlw.go.jp/40/index.php?action_kouhyou_detail_004_kani=true&JigyosyoCd=4075200057-00&ServiceCd=430&Type=search", "url2": "http://www.asagi-hospital.or.jp/" }, "geometry": { "type": "Point", "coordinates": [ 130.666921900000034, 33.82642 ] } },
{ "type": "Feature", "properties": { "内容": "おんが病院　ケアプランセンター【居宅介護支援】遠賀郡遠賀町大字尾崎1725番地２在宅総合支援センター内", "url": "https://www.kaigokensaku.mhlw.go.jp/40/index.php?action_kouhyou_detail_004_kani=true&JigyosyoCd=4075200438-00&ServiceCd=430&Type=search", "url2": "https://www.onga-hp.jp" }, "geometry": { "type": "Point", "coordinates": [ 130.639687699999968, 33.8522416 ] } },
{ "type": "Feature", "properties": { "内容": "遠賀園指定居宅介護支援事業所【居宅介護支援】福岡県遠賀郡遠賀町浅木３丁目18-1", "url": "https://www.kaigokensaku.mhlw.go.jp/40/index.php?action_kouhyou_detail_004_kani=true&JigyosyoCd=4075200040-00&ServiceCd=430&Type=search", "url2": "http://ongaen.net/" }, "geometry": { "type": "Point", "coordinates": [ 130.667714819712842, 33.825390553378554 ] } },
{ "type": "Feature", "properties": { "内容": "ケアプランセンターこころ　遠賀【居宅介護支援】福岡県遠賀郡遠賀町木守1546-1", "url": "https://www.kaigokensaku.mhlw.go.jp/40/index.php?action_kouhyou_detail_004_kani=true&JigyosyoCd=4075200511-00&ServiceCd=430&Type=search", "url2": "https://fukushinin.co.jp/care_kokoro_onga/" }, "geometry": { "type": "Point", "coordinates": [ 130.663340317568441, 33.838734812597615 ] } },
{ "type": "Feature", "properties": { "内容": "きんもくせい　ケアプランサービス【居宅介護支援】福岡県鞍手郡小竹町大字勝野4204番地151", "url": "https://www.kaigokensaku.mhlw.go.jp/40/index.php?action_kouhyou_detail_004_kani=true&JigyosyoCd=4075300030-00&ServiceCd=430&Type=search", "url2": "http://www.fukuoka-shinwakai.jp/shin101.html" }, "geometry": { "type": "Point", "coordinates": [ 130.699499599999967, 33.6854391 ] } },
{ "type": "Feature", "properties": { "内容": "久住会ケアプランサービス【居宅介護支援】福岡県鞍手郡小竹町勝野１７５１番地", "url": "https://www.kaigokensaku.mhlw.go.jp/40/index.php?action_kouhyou_detail_004_kani=true&JigyosyoCd=4075300022-00&ServiceCd=430&Type=search", "url2": "http://www.9-10.jp" }, "geometry": { "type": "Point", "coordinates": [ 130.699591599999962, 33.700779 ] } },
{ "type": "Feature", "properties": { "内容": "新多園指定居宅介護支援事業所【居宅介護支援】福岡県鞍手郡小竹町大字新多上日177-8", "url": "https://www.kaigokensaku.mhlw.go.jp/40/index.php?action_kouhyou_detail_004_kani=true&JigyosyoCd=4075300014-00&ServiceCd=430&Type=search", "url2": "http://niidaen.jp" }, "geometry": { "type": "Point", "coordinates": [ 130.712771299999986, 33.6924997 ] } },
{ "type": "Feature", "properties": { "内容": "けあぷらんさーびすやまもと【居宅介護支援】福岡県鞍手郡小竹町大字勝野4237-3", "url": "https://www.kaigokensaku.mhlw.go.jp/40/index.php?action_kouhyou_detail_004_kani=true&JigyosyoCd=4075300410-00&ServiceCd=430&Type=search", "url2": null }, "geometry": { "type": "Point", "coordinates": [ 130.6934582, 33.6870554 ] } },
{ "type": "Feature", "properties": { "内容": "ケアプランセンター　ひばり【居宅介護支援】福岡県鞍手郡鞍手町中山2768-15", "url": "https://www.kaigokensaku.mhlw.go.jp/40/index.php?action_kouhyou_detail_004_kani=true&JigyosyoCd=4075400657-00&ServiceCd=430&Type=search", "url2": null }, "geometry": { "type": "Point", "coordinates": [ 130.6856708, 33.7877132 ] } },
{ "type": "Feature", "properties": { "内容": "くらて病院　ケアプランセンター【居宅介護支援】福岡県鞍手郡鞍手町中山２４２５番地８", "url": "https://www.kaigokensaku.mhlw.go.jp/40/index.php?action_kouhyou_detail_004_kani=true&JigyosyoCd=4075400509-00&ServiceCd=430&Type=search", "url2": "https://kurate-hp.com/careplancenter/" }, "geometry": { "type": "Point", "coordinates": [ 130.687582, 33.7852195 ] } },
{ "type": "Feature", "properties": { "内容": "やすらぎ園在宅介護支援センター【居宅介護支援】福岡県鞍手郡鞍手町大字木月1826番地1", "url": "https://www.kaigokensaku.mhlw.go.jp/40/index.php?action_kouhyou_detail_004_kani=true&JigyosyoCd=4075400020-00&ServiceCd=430&Type=search", "url2": "http://www.yasuragi-en.or.jp" }, "geometry": { "type": "Point", "coordinates": [ 130.67722808045653, 33.798977651249494 ] } },
{ "type": "Feature", "properties": { "内容": "医療法人康和会　りんごケアプランセンター【居宅介護支援】福岡県鞍手郡鞍手町大字新延字縄手2647-2", "url": "https://www.kaigokensaku.mhlw.go.jp/40/index.php?action_kouhyou_detail_004_kani=true&JigyosyoCd=4075400400-00&ServiceCd=430&Type=search", "url2": null }, "geometry": { "type": "Point", "coordinates": [ 130.673974600000065, 33.7922183 ] } },
{ "type": "Feature", "properties": { "内容": "けあ・支援センターえみ【居宅介護支援】福岡県嘉穂郡桂川町大字吉隈794番地14", "url": "https://www.kaigokensaku.mhlw.go.jp/40/index.php?action_kouhyou_detail_004_kani=true&JigyosyoCd=4075700395-00&ServiceCd=430&Type=search", "url2": null }, "geometry": { "type": "Point", "coordinates": [ 130.683922700000039, 33.5902905 ] } },
{ "type": "Feature", "properties": { "内容": "居宅介護支援事業者さくら園【居宅介護支援】福岡県嘉穂郡桂川町大字土居８７７番地", "url": "https://www.kaigokensaku.mhlw.go.jp/40/index.php?action_kouhyou_detail_004_kani=true&JigyosyoCd=4075700031-00&ServiceCd=430&Type=search", "url2": "sakura.1996.6.1@oregano.ocn.ne.jp" }, "geometry": { "type": "Point", "coordinates": [ 130.673231699999974, 33.5889405 ] } },
{ "type": "Feature", "properties": { "内容": "ケアプランサービス　かなめ【居宅介護支援】福岡県嘉穂郡桂川町大字土師3689番地", "url": "https://www.kaigokensaku.mhlw.go.jp/40/index.php?action_kouhyou_detail_004_kani=true&JigyosyoCd=4075700387-00&ServiceCd=430&Type=search", "url2": "http://hp.kaipoke.biz/tsa/" }, "geometry": { "type": "Point", "coordinates": [ 130.68206239999995, 33.56669 ] } },
{ "type": "Feature", "properties": { "内容": "居宅介護支援事業所　明日香園【居宅介護支援】福岡県嘉穂郡桂川町大字土師4502-1", "url": "https://www.kaigokensaku.mhlw.go.jp/40/index.php?action_kouhyou_detail_004_kani=true&JigyosyoCd=4075700148-00&ServiceCd=430&Type=search", "url2": "http://www.asukaen.or.jp/" }, "geometry": { "type": "Point", "coordinates": [ 130.674799, 33.564093 ] } },
{ "type": "Feature", "properties": { "内容": "ケアプラン朝香【居宅介護支援】福岡県嘉穂郡桂川町吉隈12-42", "url": "https://www.kaigokensaku.mhlw.go.jp/40/index.php?action_kouhyou_detail_004_kani=true&JigyosyoCd=4075700478-00&ServiceCd=430&Type=search", "url2": null }, "geometry": { "type": "Point", "coordinates": [ 130.6997786, 33.5815692 ] } },
{ "type": "Feature", "properties": { "内容": "居宅介護支援事業所　アイプラスケアプラン【居宅介護支援】福岡県嘉穂郡桂川町大字土師1－376", "url": "https://www.kaigokensaku.mhlw.go.jp/40/index.php?action_kouhyou_detail_004_kani=true&JigyosyoCd=4075700379-00&ServiceCd=430&Type=search", "url2": "i.plus.careplan@gmail.com" }, "geometry": { "type": "Point", "coordinates": [ 130.699913299999906, 33.5724175 ] } },
{ "type": "Feature", "properties": { "内容": "朝倉記念病院ケアプランサービス【居宅介護支援】福岡県朝倉郡筑前町大久保134番地4", "url": "https://www.kaigokensaku.mhlw.go.jp/40/index.php?action_kouhyou_detail_004_kani=true&JigyosyoCd=4076700436-00&ServiceCd=430&Type=search", "url2": "http://www.h3.dion.ne.jp/~e-uraume/" }, "geometry": { "type": "Point", "coordinates": [ 130.6148307, 33.4302844 ] } },
{ "type": "Feature", "properties": { "内容": "ケアプランととと【居宅介護支援】福岡県朝倉郡筑前町依井943番地7", "url": "https://www.kaigokensaku.mhlw.go.jp/40/index.php?action_kouhyou_detail_004_kani=true&JigyosyoCd=4076700444-00&ServiceCd=430&Type=search", "url2": "http://www.tototo.online/" }, "geometry": { "type": "Point", "coordinates": [ 130.6409713, 33.430947600000025 ] } },
{ "type": "Feature", "properties": { "内容": "朝倉苑居宅介護支援事業所【居宅介護支援】福岡県朝倉郡筑前町原地蔵２２２６－３", "url": "https://www.kaigokensaku.mhlw.go.jp/40/index.php?action_kouhyou_detail_004_kani=true&JigyosyoCd=4076700089-00&ServiceCd=430&Type=search", "url2": "http://www.asakuraen.or.jp" }, "geometry": { "type": "Point", "coordinates": [ 130.616127, 33.4110905 ] } },
{ "type": "Feature", "properties": { "内容": "ケアプランうるおい【居宅介護支援】福岡県朝倉郡筑前町朝園1937番地", "url": "https://www.kaigokensaku.mhlw.go.jp/40/index.php?action_kouhyou_detail_004_kani=true&JigyosyoCd=4077300392-00&ServiceCd=430&Type=search", "url2": "https://www.uruoi-group.com" }, "geometry": { "type": "Point", "coordinates": [ 130.636361576860082, 33.424738958777525 ] } },
{ "type": "Feature", "properties": { "内容": "朝老園居宅介護支援事業【居宅介護支援】福岡県朝倉郡筑前町朝日５８６番地", "url": "https://www.kaigokensaku.mhlw.go.jp/40/index.php?action_kouhyou_detail_004_kani=true&JigyosyoCd=4076800020-00&ServiceCd=430&Type=search", "url2": "kyotaku@chourouen.or.jp" }, "geometry": { "type": "Point", "coordinates": [ 130.569346099999962, 33.4746528 ] } },
{ "type": "Feature", "properties": { "内容": "ケアプランサービス清和園【居宅介護支援】福岡県朝倉郡東峰村大字小石原708－13", "url": "https://www.kaigokensaku.mhlw.go.jp/40/index.php?action_kouhyou_detail_004_kani=true&JigyosyoCd=4076900051-00&ServiceCd=430&Type=search", "url2": "https://seiwaen-care.jp/" }, "geometry": { "type": "Point", "coordinates": [ 130.832532749520851, 33.471143393833678 ] } },
{ "type": "Feature", "properties": { "内容": "東峰村社協ケアプランサービス【居宅介護支援】福岡県朝倉郡東峰村大字小石原鼓2846", "url": "https://www.kaigokensaku.mhlw.go.jp/40/index.php?action_kouhyou_detail_004_kani=true&JigyosyoCd=4076900010-00&ServiceCd=430&Type=search", "url2": "https://toho-shakyo.net" }, "geometry": { "type": "Point", "coordinates": [ 130.838799399999971, 33.4459081 ] } },
{ "type": "Feature", "properties": { "内容": "幸生苑ケアプランサービス【居宅介護支援】福岡県三井郡大刀洗町大字高樋1245番地の1", "url": "https://www.kaigokensaku.mhlw.go.jp/40/index.php?action_kouhyou_detail_004_kani=true&JigyosyoCd=4077700021-00&ServiceCd=430&Type=search", "url2": "http://www.tachiarai-kouseien.jp/" }, "geometry": { "type": "Point", "coordinates": [ 130.600607309786966, 33.388287086173982 ] } },
{ "type": "Feature", "properties": { "内容": "聖母園ケアプランサービス【居宅介護支援】福岡県三井郡大刀洗町大字今４９１番地", "url": "https://www.kaigokensaku.mhlw.go.jp/40/index.php?action_kouhyou_detail_004_kani=true&JigyosyoCd=4077700013-00&ServiceCd=430&Type=search", "url2": "https://www.kibou-no-oka.org/" }, "geometry": { "type": "Point", "coordinates": [ 130.597615099999985, 33.3703134 ] } },
{ "type": "Feature", "properties": { "内容": "ケアプランRON【居宅介護支援】大字大藪538-1大藪住宅2号", "url": "https://www.kaigokensaku.mhlw.go.jp/40/index.php?action_kouhyou_detail_004_kani=true&JigyosyoCd=4072301015-00&ServiceCd=430&Type=search", "url2": null }, "geometry": { "type": "Point", "coordinates": [ 130.419979499999954, 33.1546764 ] } },
{ "type": "Feature", "properties": { "内容": "いちごケアプランサービス【居宅介護支援】福岡県三潴郡大木町大字大角１１３３－１", "url": "https://www.kaigokensaku.mhlw.go.jp/40/index.php?action_kouhyou_detail_004_kani=true&JigyosyoCd=4077900126-00&ServiceCd=430&Type=search", "url2": "http://www.ichigo.or.jp" }, "geometry": { "type": "Point", "coordinates": [ 130.4456434, 33.2241532 ] } },
{ "type": "Feature", "properties": { "内容": "スマイルケアプランサービス【居宅介護支援】福岡県三潴郡大木町大字大角1797-1", "url": "https://www.kaigokensaku.mhlw.go.jp/40/index.php?action_kouhyou_detail_004_kani=true&JigyosyoCd=4077900274-00&ServiceCd=430&Type=search", "url2": "https://connect-life.jp/" }, "geometry": { "type": "Point", "coordinates": [ 130.447773500000011, 33.2306766 ] } },
{ "type": "Feature", "properties": { "内容": "山ノ井荘ケアプランサービス【居宅介護支援】福岡県三潴郡大木町大字笹渕３９番地の１", "url": "https://www.kaigokensaku.mhlw.go.jp/40/index.php?action_kouhyou_detail_004_kani=true&JigyosyoCd=4077900019-00&ServiceCd=430&Type=search", "url2": "https://care-net.biz/40/yamanoikai/" }, "geometry": { "type": "Point", "coordinates": [ 130.4517845, 33.23939042754975 ] } },
{ "type": "Feature", "properties": { "内容": "ケアプラン鈴【居宅介護支援】福岡県三潴郡大木町大角1984-6", "url": "https://www.kaigokensaku.mhlw.go.jp/40/index.php?action_kouhyou_detail_004_kani=true&JigyosyoCd=4077900282-00&ServiceCd=430&Type=search", "url2": "http://bloom-ltd.jp/nursinghome.html" }, "geometry": { "type": "Point", "coordinates": [ 130.442588661901851, 33.221473618617722 ] } },
{ "type": "Feature", "properties": { "内容": "みずま総合ケアセンター【居宅介護支援】福岡県三潴郡大木町大字八町牟田1621-1みずま高邦会病院内", "url": "https://www.kaigokensaku.mhlw.go.jp/40/index.php?action_kouhyou_detail_004_kani=true&JigyosyoCd=4077900100-00&ServiceCd=430&Type=search", "url2": null }, "geometry": { "type": "Point", "coordinates": [ 130.420942599999989, 33.2108234 ] } },
{ "type": "Feature", "properties": { "内容": "柳育福祉会ケアプランセンター【居宅介護支援】福岡県八女郡広川町六田348-1軽費老人ホーム鐘の鳴る丘", "url": "https://www.kaigokensaku.mhlw.go.jp/40/index.php?action_kouhyou_detail_004_kani=true&JigyosyoCd=4078400480-00&ServiceCd=430&Type=search", "url2": null }, "geometry": { "type": "Point", "coordinates": [ 130.5666436, 33.2337897 ] } },
{ "type": "Feature", "properties": { "内容": "姫野病院　居宅介護支援センター【居宅介護支援】福岡県八女郡広川町大字新代2316番地姫野病院内", "url": "https://www.kaigokensaku.mhlw.go.jp/40/index.php?action_kouhyou_detail_004_kani=true&JigyosyoCd=4078400209-00&ServiceCd=430&Type=search", "url2": "http://www.himeno.or.jp" }, "geometry": { "type": "Point", "coordinates": [ 130.552778311639372, 33.237320447020146 ] } },
{ "type": "Feature", "properties": { "内容": "若久ケアプランセンター【居宅介護支援】福岡県八女郡広川町大字新代1389-8", "url": "https://www.kaigokensaku.mhlw.go.jp/40/index.php?action_kouhyou_detail_004_kani=true&JigyosyoCd=4078400068-00&ServiceCd=430&Type=search", "url2": "http://www.kyueikai.jp/wakahisa/" }, "geometry": { "type": "Point", "coordinates": [ 130.54026931258187, 33.260256072149545 ] } },
{ "type": "Feature", "properties": { "内容": "社会福祉法人広川町社会福祉協議会【居宅介護支援】福岡県八女郡広川町大字新代2165番地1広川町保健・福祉センターはなやぎの里", "url": "https://www.kaigokensaku.mhlw.go.jp/40/index.php?action_kouhyou_detail_004_kani=true&JigyosyoCd=4078400035-00&ServiceCd=430&Type=search", "url2": "hirokawashakyou.jp" }, "geometry": { "type": "Point", "coordinates": [ 130.552324399999947, 33.2404673 ] } },
{ "type": "Feature", "properties": { "内容": "ケアプランプラザあけぼの【居宅介護支援】福岡県田川郡香春町大字中津原１２５１番地１", "url": "https://www.kaigokensaku.mhlw.go.jp/40/index.php?action_kouhyou_detail_004_kani=true&JigyosyoCd=4079200012-00&ServiceCd=430&Type=search", "url2": "http://www.akebono-careplan.wakoukai.or.jp/" }, "geometry": { "type": "Point", "coordinates": [ 130.8354531, 33.6569229 ] } },
{ "type": "Feature", "properties": { "内容": "社会福祉法人香春町社会福祉協議会香春町居宅介護支援事業所【居宅介護支援】福岡県田川郡香春町大字高野７２７番地", "url": "https://www.kaigokensaku.mhlw.go.jp/40/index.php?action_kouhyou_detail_004_kani=true&JigyosyoCd=4079200020-00&ServiceCd=430&Type=search", "url2": "https://www.kawara-syakyo.com/" }, "geometry": { "type": "Point", "coordinates": [ 130.85372670000001, 33.6663136 ] } },
{ "type": "Feature", "properties": { "内容": "はろうずケアマネジメントステーション【居宅介護支援】福岡県田川郡香春町大字中津原1246番地17", "url": "https://www.kaigokensaku.mhlw.go.jp/40/index.php?action_kouhyou_detail_004_kani=true&JigyosyoCd=4079200616-00&ServiceCd=430&Type=search", "url2": null }, "geometry": { "type": "Point", "coordinates": [ 130.83717990993776, 33.656726554208291 ] } },
{ "type": "Feature", "properties": { "内容": "ケアプラン　sian【居宅介護支援】福岡県田川郡香春町中津原1566-4", "url": "https://www.kaigokensaku.mhlw.go.jp/40/index.php?action_kouhyou_detail_004_kani=true&JigyosyoCd=4079200632-00&ServiceCd=430&Type=search", "url2": null }, "geometry": { "type": "Point", "coordinates": [ 130.8406479, 33.6535508 ] } },
{ "type": "Feature", "properties": { "内容": "ケアプランたそがれ【居宅介護支援】福岡県田川郡添田町桝田1484番地", "url": "https://www.kaigokensaku.mhlw.go.jp/40/index.php?action_kouhyou_detail_004_kani=true&JigyosyoCd=4079300416-00&ServiceCd=430&Type=search", "url2": null }, "geometry": { "type": "Point", "coordinates": [ 130.8753309, 33.523883 ] } },
{ "type": "Feature", "properties": { "内容": "ケアプラン　きもと【居宅介護支援】福岡県田川郡添田町大字添田７８３番地", "url": "https://www.kaigokensaku.mhlw.go.jp/40/index.php?action_kouhyou_detail_004_kani=true&JigyosyoCd=4079300341-00&ServiceCd=430&Type=search", "url2": null }, "geometry": { "type": "Point", "coordinates": [ 130.861734599999977, 33.5645886 ] } },
{ "type": "Feature", "properties": { "内容": "ケアサポーティング祝【居宅介護支援】福岡県田川郡添田町大字庄2538-1", "url": "https://www.kaigokensaku.mhlw.go.jp/40/index.php?action_kouhyou_detail_004_kani=true&JigyosyoCd=4079300135-00&ServiceCd=430&Type=search", "url2": null }, "geometry": { "type": "Point", "coordinates": [ 130.835683, 33.5845943 ] } },
{ "type": "Feature", "properties": { "内容": "サングリーンそえだ　ヘルパーステーション【居宅介護支援】福岡県田川郡添田町大字庄1134-1", "url": "https://www.kaigokensaku.mhlw.go.jp/40/index.php?action_kouhyou_detail_004_kani=true&JigyosyoCd=4079300036-00&ServiceCd=430&Type=search", "url2": "http://www.tenjyu-kai.com/" }, "geometry": { "type": "Point", "coordinates": [ 130.853310474868749, 33.578153867499111 ] } },
{ "type": "Feature", "properties": { "内容": "ケアサービス　まん【居宅介護支援】福岡県田川郡添田町大字庄１３２７－１５", "url": "https://www.kaigokensaku.mhlw.go.jp/40/index.php?action_kouhyou_detail_004_kani=true&JigyosyoCd=4079300119-00&ServiceCd=430&Type=search", "url2": null }, "geometry": { "type": "Point", "coordinates": [ 130.848068499999954, 33.5804839 ] } },
{ "type": "Feature", "properties": { "内容": "ケアプランセンター　このみ【居宅介護支援】福岡県田川郡糸田町９２０－７７", "url": "https://www.kaigokensaku.mhlw.go.jp/40/index.php?action_kouhyou_detail_004_kani=true&JigyosyoCd=4079500239-00&ServiceCd=430&Type=search", "url2": null }, "geometry": { "type": "Point", "coordinates": [ 130.780665099999965, 33.6708765 ] } },
{ "type": "Feature", "properties": { "内容": "あっとほーむ【居宅介護支援】福岡県田川郡糸田町中糸田2448-1", "url": "https://www.kaigokensaku.mhlw.go.jp/40/index.php?action_kouhyou_detail_004_kani=true&JigyosyoCd=4079500460-00&ServiceCd=430&Type=search", "url2": null }, "geometry": { "type": "Point", "coordinates": [ 130.778673276215983, 33.659225042070553 ] } },
{ "type": "Feature", "properties": { "内容": "豊寿園ケアプランセンター【居宅介護支援】福岡県田川郡糸田町1704番地", "url": "https://www.kaigokensaku.mhlw.go.jp/40/index.php?action_kouhyou_detail_004_kani=true&JigyosyoCd=4079500189-00&ServiceCd=430&Type=search", "url2": "http://www3.ocn.ne.jp/~houjuen/" }, "geometry": { "type": "Point", "coordinates": [ 130.775359007379166, 33.655184032857882 ] } },
{ "type": "Feature", "properties": { "内容": "こばとケアプランサービス【居宅介護支援】福岡県田川郡川崎町大字田原91-9", "url": "https://www.kaigokensaku.mhlw.go.jp/40/index.php?action_kouhyou_detail_004_kani=true&JigyosyoCd=4079600153-00&ServiceCd=430&Type=search", "url2": "ｈｔｔｐ://www.yakokai.com" }, "geometry": { "type": "Point", "coordinates": [ 130.822930499999984, 33.6008149 ] } },
{ "type": "Feature", "properties": { "内容": "ひよりケアプランサービス【居宅介護支援】福岡県田川郡川崎町大字池尻字原田909番11", "url": "https://www.kaigokensaku.mhlw.go.jp/40/index.php?action_kouhyou_detail_004_kani=true&JigyosyoCd=4079601052-00&ServiceCd=430&Type=search", "url2": null }, "geometry": { "type": "Point", "coordinates": [ 130.806200561658386, 33.614482144894019 ] } },
{ "type": "Feature", "properties": { "内容": "社会保険田川病院ケアプランセンター【居宅介護支援】福岡県田川郡川崎町池尻595-1", "url": "https://www.kaigokensaku.mhlw.go.jp/40/index.php?action_kouhyou_detail_004_kani=true&JigyosyoCd=4079601086-00&ServiceCd=430&Type=search", "url2": "http://www.s-tagawa-hp.tagawa.fukuoka.jp" }, "geometry": { "type": "Point", "coordinates": [ 130.799154199999947, 33.6235837 ] } },
{ "type": "Feature", "properties": { "内容": "ケアプランサービスひかり【居宅介護支援】福岡県田川郡川崎町大字川崎５２９－３", "url": "https://www.kaigokensaku.mhlw.go.jp/40/index.php?action_kouhyou_detail_004_kani=true&JigyosyoCd=4079600393-00&ServiceCd=430&Type=search", "url2": null }, "geometry": { "type": "Point", "coordinates": [ 130.829480399999966, 33.5897548 ] } },
{ "type": "Feature", "properties": { "内容": "社会福祉法人　川崎町社会福祉協議会【居宅介護支援】福岡県田川郡川崎町田原804番地川崎町総合福祉センター　1階", "url": "https://www.kaigokensaku.mhlw.go.jp/40/index.php?action_kouhyou_detail_004_kani=true&JigyosyoCd=4079600096-00&ServiceCd=430&Type=search", "url2": "kawasakisyakyou@kbd.biglobe.ne.jp" }, "geometry": { "type": "Point", "coordinates": [ 130.813460691926593, 33.59977302537316 ] } },
{ "type": "Feature", "properties": { "内容": "ソレイユ介護福祉事務所【居宅介護支援】福岡県田川郡川崎町大字川崎１７３５番地の１", "url": "https://www.kaigokensaku.mhlw.go.jp/40/index.php?action_kouhyou_detail_004_kani=true&JigyosyoCd=4079600971-00&ServiceCd=430&Type=search", "url2": null }, "geometry": { "type": "Point", "coordinates": [ 130.81519005222151, 33.594788350147262 ] } },
{ "type": "Feature", "properties": { "内容": "恵愛園ケアプランセンター【居宅介護支援】福岡県田川郡川崎町大字川崎3205番地-1", "url": "https://www.kaigokensaku.mhlw.go.jp/40/index.php?action_kouhyou_detail_004_kani=true&JigyosyoCd=4079600013-00&ServiceCd=430&Type=search", "url2": "http://keishinkai.org/" }, "geometry": { "type": "Point", "coordinates": [ 130.807637900000032, 33.5831299 ] } },
{ "type": "Feature", "properties": { "内容": "ケアプラン菜の花【居宅介護支援】福岡県田川郡川崎町池尻531-1", "url": "https://www.kaigokensaku.mhlw.go.jp/40/index.php?action_kouhyou_detail_004_kani=true&JigyosyoCd=4071901997-00&ServiceCd=430&Type=search", "url2": null }, "geometry": { "type": "Point", "coordinates": [ 130.797718199999963, 33.6215423 ] } },
{ "type": "Feature", "properties": { "内容": "株式会社よろこび【居宅介護支援】福岡県田川郡大任町大字大行事3090番地", "url": "https://www.kaigokensaku.mhlw.go.jp/40/index.php?action_kouhyou_detail_004_kani=true&JigyosyoCd=4071900296-00&ServiceCd=430&Type=search", "url2": null }, "geometry": { "type": "Point", "coordinates": [ 130.85162, 33.6147219 ] } },
{ "type": "Feature", "properties": { "内容": "せいらくえんライフステーション【居宅介護支援】福岡県田川郡赤村大字内田２２３３－１", "url": "https://www.kaigokensaku.mhlw.go.jp/40/index.php?action_kouhyou_detail_004_kani=true&JigyosyoCd=4070000015-00&ServiceCd=430&Type=search", "url2": "http://www.hatsueikai.or.jp" }, "geometry": { "type": "Point", "coordinates": [ 130.8606105, 33.6376783 ] } },
{ "type": "Feature", "properties": { "内容": "福智町社会福祉協議会【居宅介護支援】福岡県田川郡福智町金田1154-2金田社会福祉センター内", "url": "https://www.kaigokensaku.mhlw.go.jp/40/index.php?action_kouhyou_detail_004_kani=true&JigyosyoCd=4079400331-00&ServiceCd=430&Type=search", "url2": "http://wel-fukuchi.net/" }, "geometry": { "type": "Point", "coordinates": [ 130.7755823, 33.6826638 ] } },
{ "type": "Feature", "properties": { "内容": "ケアプランサービスはな【居宅介護支援】福岡県田川郡福智町弁城3081-1", "url": "https://www.kaigokensaku.mhlw.go.jp/40/index.php?action_kouhyou_detail_004_kani=true&JigyosyoCd=4079400570-00&ServiceCd=430&Type=search", "url2": null }, "geometry": { "type": "Point", "coordinates": [ 130.781756402516152, 33.688718116600803 ] } },
{ "type": "Feature", "properties": { "内容": "医療法人　赤池協同医院【居宅介護支援】福岡県田川郡福智町赤池５４３－３", "url": "https://www.kaigokensaku.mhlw.go.jp/40/index.php?action_kouhyou_detail_004_kani=true&JigyosyoCd=4079400463-00&ServiceCd=430&Type=search", "url2": null }, "geometry": { "type": "Point", "coordinates": [ 130.764649850926219, 33.694158883141 ] } },
{ "type": "Feature", "properties": { "内容": "ケアサービス　ひまわり【居宅介護支援】福岡県田川郡福智町金田９７５番地２", "url": "https://www.kaigokensaku.mhlw.go.jp/40/index.php?action_kouhyou_detail_004_kani=true&JigyosyoCd=4079400752-00&ServiceCd=430&Type=search", "url2": null }, "geometry": { "type": "Point", "coordinates": [ 130.783067834423832, 33.682679940885727 ] } },
{ "type": "Feature", "properties": { "内容": "社会福祉法人筑豊福祉会第二長寿園居宅介護支援サービスセンター【居宅介護支援】福岡県田川郡福智町金田１２５７－２-１", "url": "https://www.kaigokensaku.mhlw.go.jp/40/index.php?action_kouhyou_detail_004_kani=true&JigyosyoCd=4079400034-00&ServiceCd=430&Type=search", "url2": "http://www16,ocn,ne,jp/~di2chou/" }, "geometry": { "type": "Point", "coordinates": [ 130.7713579, 33.6826469 ] } },
{ "type": "Feature", "properties": { "内容": "社会福祉法人菊陽会　恵苑ケアプランセンター【居宅介護支援】福岡県田川郡福智町伊方4448番地10", "url": "https://www.kaigokensaku.mhlw.go.jp/40/index.php?action_kouhyou_detail_004_kani=true&JigyosyoCd=4079400513-00&ServiceCd=430&Type=search", "url2": null }, "geometry": { "type": "Point", "coordinates": [ 130.797946998008683, 33.691368357919529 ] } },
{ "type": "Feature", "properties": { "内容": "ケアプランサービス優【居宅介護支援】福岡県田川郡福智町弁城2288-1", "url": "https://www.kaigokensaku.mhlw.go.jp/40/index.php?action_kouhyou_detail_004_kani=true&JigyosyoCd=4071902490-00&ServiceCd=430&Type=search", "url2": "hp.kaioike.biz/1yw/8723/base_0001.html" }, "geometry": { "type": "Point", "coordinates": [ 130.790649300000013, 33.689012500000018 ] } },
{ "type": "Feature", "properties": { "内容": "有限会社ケアプラン・白ゆり【居宅介護支援】福岡県京都郡苅田町大字与原１８３６－５", "url": "https://www.kaigokensaku.mhlw.go.jp/40/index.php?action_kouhyou_detail_004_kani=true&JigyosyoCd=4072600499-00&ServiceCd=430&Type=search", "url2": null }, "geometry": { "type": "Point", "coordinates": [ 130.992601499999978, 33.7535624 ] } },
{ "type": "Feature", "properties": { "内容": "けあぷらんサービスゆーかり【居宅介護支援】福岡県京都郡苅田町近衛ヶ丘３－２サンフラワーⅮ棟", "url": "https://www.kaigokensaku.mhlw.go.jp/40/index.php?action_kouhyou_detail_004_kani=true&JigyosyoCd=4078000512-00&ServiceCd=430&Type=search", "url2": null }, "geometry": { "type": "Point", "coordinates": [ 130.977438400000011, 33.7658928 ] } },
{ "type": "Feature", "properties": { "内容": "白川園相談センター【居宅介護支援】福岡県京都郡苅田町与原1585-3特別養護老人ホーム白川園", "url": "https://www.kaigokensaku.mhlw.go.jp/40/index.php?action_kouhyou_detail_004_kani=true&JigyosyoCd=4070000064-00&ServiceCd=430&Type=search", "url2": "https://www.shirakawaen.jp/" }, "geometry": { "type": "Point", "coordinates": [ 130.983587240614355, 33.754478297965136 ] } },
{ "type": "Feature", "properties": { "内容": "ケアプランセンターはぴるす【居宅介護支援】福岡県京都郡苅田町富久町1-2-10", "url": "https://www.kaigokensaku.mhlw.go.jp/40/index.php?action_kouhyou_detail_004_kani=true&JigyosyoCd=4070601705-00&ServiceCd=430&Type=search", "url2": "https://hapirusu.com/" }, "geometry": { "type": "Point", "coordinates": [ 130.786247744491561, 33.868207375546703 ] } },
{ "type": "Feature", "properties": { "内容": "苅田町社会福祉協議会ケアプランサービス【居宅介護支援】福岡県京都郡苅田町幸町6-91パンジープラザ", "url": "https://www.kaigokensaku.mhlw.go.jp/40/index.php?action_kouhyou_detail_004_kani=true&JigyosyoCd=4070000056-00&ServiceCd=430&Type=search", "url2": "http//www.kanda-shakyo.net" }, "geometry": { "type": "Point", "coordinates": [ 130.985839899999974, 33.791261 ] } },
{ "type": "Feature", "properties": { "内容": "博愛苑ケアプランセンター【居宅介護支援】福岡県　京都郡　苅田町　大字提　字唐松2781", "url": "https://www.kaigokensaku.mhlw.go.jp/40/index.php?action_kouhyou_detail_004_kani=true&JigyosyoCd=4070000924-00&ServiceCd=430&Type=search", "url2": "http://www.hakuaikai-group.jp/hakuaien/" }, "geometry": { "type": "Point", "coordinates": [ 130.9805103, 33.7759209 ] } },
{ "type": "Feature", "properties": { "内容": "つくし介護保険サービスおばせ【居宅介護支援】福岡県京都郡苅田町大字新津1597番地", "url": "https://www.kaigokensaku.mhlw.go.jp/40/index.php?action_kouhyou_detail_004_kani=true&JigyosyoCd=4070000130-00&ServiceCd=430&Type=search", "url2": "http://www.youmeikai.jp/tukusi/t003.html" }, "geometry": { "type": "Point", "coordinates": [ 130.97136942764746, 33.753148794898195 ] } },
{ "type": "Feature", "properties": { "内容": "ケアプランセンターあいの風【居宅介護支援】京都郡苅田町大字光国3682-1ハーモニー光国203号", "url": "https://www.kaigokensaku.mhlw.go.jp/40/index.php?action_kouhyou_detail_004_kani=true&JigyosyoCd=4078000520-00&ServiceCd=430&Type=search", "url2": null }, "geometry": { "type": "Point", "coordinates": [ 130.971938099999988, 33.7828735 ] } },
{ "type": "Feature", "properties": { "内容": "ケアプラン相談センター　結愛の里【居宅介護支援】福岡県京都郡苅田町大字葛川133番地1", "url": "https://www.kaigokensaku.mhlw.go.jp/40/index.php?action_kouhyou_detail_004_kani=true&JigyosyoCd=4078000397-00&ServiceCd=430&Type=search", "url2": null }, "geometry": { "type": "Point", "coordinates": [ 130.945794400000068, 33.749892100000018 ] } },
{ "type": "Feature", "properties": { "内容": "ケアプラン　幸昌【居宅介護支援】福岡県京都郡苅田町尾倉4385番地", "url": "https://www.kaigokensaku.mhlw.go.jp/40/index.php?action_kouhyou_detail_004_kani=true&JigyosyoCd=4078000405-00&ServiceCd=430&Type=search", "url2": null }, "geometry": { "type": "Point", "coordinates": [ 130.9794097, 33.764120399999982 ] } },
{ "type": "Feature", "properties": { "内容": "ケアプランセンターことり【居宅介護支援】福岡県京都郡みやこ町豊津1570-1", "url": "https://www.kaigokensaku.mhlw.go.jp/40/index.php?action_kouhyou_detail_004_kani=true&JigyosyoCd=4079700482-00&ServiceCd=430&Type=search", "url2": null }, "geometry": { "type": "Point", "coordinates": [ 130.963403, 33.6673236 ] } },
{ "type": "Feature", "properties": { "内容": "はるかぜケアプランセンター【居宅介護支援】福岡県京都郡みやこ町犀川本庄334-1番地", "url": "https://www.kaigokensaku.mhlw.go.jp/40/index.php?action_kouhyou_detail_004_kani=true&JigyosyoCd=4079700441-00&ServiceCd=430&Type=search", "url2": "http://hp.kaipoke.biz/2te/" }, "geometry": { "type": "Point", "coordinates": [ 130.940781199999947, 33.6502977 ] } },
{ "type": "Feature", "properties": { "内容": "ケアプランサービスきずな【居宅介護支援】福岡県みやこ町犀川大坂697番地", "url": "https://www.kaigokensaku.mhlw.go.jp/40/index.php?action_kouhyou_detail_004_kani=true&JigyosyoCd=4079700508-00&ServiceCd=430&Type=search", "url2": null }, "geometry": { "type": "Point", "coordinates": [ 130.9022688, 33.6528374 ] } },
{ "type": "Feature", "properties": { "内容": "犀川園ケアプランサービス【居宅介護支援】福岡県京都郡みやこ町犀川谷口７５９番地", "url": "https://www.kaigokensaku.mhlw.go.jp/40/index.php?action_kouhyou_detail_004_kani=true&JigyosyoCd=4070000205-00&ServiceCd=430&Type=search", "url2": "http://saigawaen.jp/" }, "geometry": { "type": "Point", "coordinates": [ 130.929604199999972, 33.6598101 ] } },
{ "type": "Feature", "properties": { "内容": "ケアプランサポート　げんき【居宅介護支援】福岡県京都郡みやこ町豊津1049番地3", "url": "https://www.kaigokensaku.mhlw.go.jp/40/index.php?action_kouhyou_detail_004_kani=true&JigyosyoCd=4079700425-00&ServiceCd=430&Type=search", "url2": "http://hp.kaipoke.biz/uke/" }, "geometry": { "type": "Point", "coordinates": [ 130.978217617658515, 33.674469349614334 ] } },
{ "type": "Feature", "properties": { "内容": "ケアプランサービス　クローバー【居宅介護支援】福岡県京都郡みやこ町豊津754番地11", "url": "https://www.kaigokensaku.mhlw.go.jp/40/index.php?action_kouhyou_detail_004_kani=true&JigyosyoCd=4079700474-00&ServiceCd=430&Type=search", "url2": null }, "geometry": { "type": "Point", "coordinates": [ 130.975205299999971, 33.683946800000029 ] } },
{ "type": "Feature", "properties": { "内容": "聖家族の家ケアプランセンター【居宅介護支援】福岡県京都郡みやこ町豊津566番地の2", "url": "https://www.kaigokensaku.mhlw.go.jp/40/index.php?action_kouhyou_detail_004_kani=true&JigyosyoCd=4070000346-00&ServiceCd=430&Type=search", "url2": "info-t@seikazoku.jp" }, "geometry": { "type": "Point", "coordinates": [ 130.971330699999953, 33.6773116 ] } },
{ "type": "Feature", "properties": { "内容": "京都病院ケアプランサービス【居宅介護支援】福岡県京都郡みやこ町勝山箕田298番地", "url": "https://www.kaigokensaku.mhlw.go.jp/40/index.php?action_kouhyou_detail_004_kani=true&JigyosyoCd=4070000312-00&ServiceCd=430&Type=search", "url2": "http://www.miyako-hp.or.jp/" }, "geometry": { "type": "Point", "coordinates": [ 130.908143599999988, 33.69333 ] } },
{ "type": "Feature", "properties": { "内容": "ケアプラン　蒼【居宅介護支援】福岡県京都郡みやこまち豊津1066番地", "url": "https://www.kaigokensaku.mhlw.go.jp/40/index.php?action_kouhyou_detail_004_kani=true&JigyosyoCd=4079700565-00&ServiceCd=430&Type=search", "url2": null }, "geometry": { "type": "Point", "coordinates": [ 130.977652299999988, 33.6761786 ] } },
{ "type": "Feature", "properties": { "内容": "ひがしケアプランサービス【居宅介護支援】福岡県築上郡吉富町大字広津611-7", "url": "https://www.kaigokensaku.mhlw.go.jp/40/index.php?action_kouhyou_detail_004_kani=true&JigyosyoCd=4070000502-00&ServiceCd=430&Type=search", "url2": "http://higashi-hosp.net" }, "geometry": { "type": "Point", "coordinates": [ 131.173220300000025, 33.6021596 ] } },
{ "type": "Feature", "properties": { "内容": "介護保険相談センター吉富鳳寿園【居宅介護支援】福岡県築上郡吉富町大字幸子803番地の1", "url": "https://www.kaigokensaku.mhlw.go.jp/40/index.php?action_kouhyou_detail_004_kani=true&JigyosyoCd=4070000486-00&ServiceCd=430&Type=search", "url2": "http://ryokufu-k.jp/" }, "geometry": { "type": "Point", "coordinates": [ 131.164449, 33.5937017 ] } },
{ "type": "Feature", "properties": { "内容": "居宅介護支援事業所　よつ葉【居宅介護支援】福岡県築上郡吉富町大字鈴熊82-1グランブルー吉富Ｂ　103号", "url": "https://www.kaigokensaku.mhlw.go.jp/40/index.php?action_kouhyou_detail_004_kani=true&JigyosyoCd=4078800192-00&ServiceCd=430&Type=search", "url2": null }, "geometry": { "type": "Point", "coordinates": [ 131.165718199999986, 33.6038873 ] } },
{ "type": "Feature", "properties": { "内容": "居宅介護支援事業所　　わかば【居宅介護支援】福岡県築上郡上毛町大字西友枝1938-1", "url": "https://www.kaigokensaku.mhlw.go.jp/40/index.php?action_kouhyou_detail_004_kani=true&JigyosyoCd=4078900257-00&ServiceCd=430&Type=search", "url2": "kei-ai-cai.com" }, "geometry": { "type": "Point", "coordinates": [ 131.130246599999964, 33.541991 ] } },
{ "type": "Feature", "properties": { "内容": "安雲拓心苑居宅介護支援事業所【居宅介護支援】福岡県築上郡上毛町八ツ並143-1", "url": "https://www.kaigokensaku.mhlw.go.jp/40/index.php?action_kouhyou_detail_004_kani=true&JigyosyoCd=4070000601-00&ServiceCd=430&Type=search", "url2": "http://minori-kai.or.jp" }, "geometry": { "type": "Point", "coordinates": [ 131.153463699999946, 33.5821657 ] } },
{ "type": "Feature", "properties": { "内容": "ケアプランセンター颯【居宅介護支援】福岡県築上郡築上町大字東八田802", "url": "https://www.kaigokensaku.mhlw.go.jp/40/index.php?action_kouhyou_detail_004_kani=true&JigyosyoCd=4079800480-00&ServiceCd=430&Type=search", "url2": null }, "geometry": { "type": "Point", "coordinates": [ 131.044168, 33.6713987 ] } },
{ "type": "Feature", "properties": { "内容": "ケアプランセンターなないろ【居宅介護支援】福岡県築上郡築上町伝法寺７１０ー３", "url": "https://www.kaigokensaku.mhlw.go.jp/40/index.php?action_kouhyou_detail_004_kani=true&JigyosyoCd=4079800498-00&ServiceCd=430&Type=search", "url2": null }, "geometry": { "type": "Point", "coordinates": [ 130.9897043, 33.6156245 ] } },
{ "type": "Feature", "properties": { "内容": "しいだケアプランサービス愛【居宅介護支援】福岡県築上郡築上町大字湊１２７５", "url": "https://www.kaigokensaku.mhlw.go.jp/40/index.php?action_kouhyou_detail_004_kani=true&JigyosyoCd=4070000411-00&ServiceCd=430&Type=search", "url2": "http://mamorukai.biz/" }, "geometry": { "type": "Point", "coordinates": [ 131.072550399999955, 33.6505913 ] } },
{ "type": "Feature", "properties": { "内容": "愛翠苑ケアプランサービス【居宅介護支援】福岡県築上郡築上町大字上ノ河内1048番地", "url": "https://www.kaigokensaku.mhlw.go.jp/40/index.php?action_kouhyou_detail_004_kani=true&JigyosyoCd=4070000429-00&ServiceCd=430&Type=search", "url2": "http://www.wakasugikai.com/" }, "geometry": { "type": "Point", "coordinates": [ 131.076133600000048, 33.6297159 ] } },
{ "type": "Feature", "properties": { "内容": "誠松園居宅介護支援事業所【居宅介護支援】福岡県築上郡築上町大字安武９９０番地", "url": "https://www.kaigokensaku.mhlw.go.jp/40/index.php?action_kouhyou_detail_004_kani=true&JigyosyoCd=4070000551-00&ServiceCd=430&Type=search", "url2": "seisyoen.jp" }, "geometry": { "type": "Point", "coordinates": [ 131.006436399999984, 33.6594279 ] } },
{ "type": "Feature", "properties": { "内容": "けあぷらん　こころ【居宅介護支援】福岡県築上郡築上町大字高塚６２６番地", "url": "https://www.kaigokensaku.mhlw.go.jp/40/index.php?action_kouhyou_detail_004_kani=true&JigyosyoCd=4079800456-00&ServiceCd=430&Type=search", "url2": null }, "geometry": { "type": "Point", "coordinates": [ 131.054858700000011, 33.6606143 ] } },
{ "type": "Feature", "properties": { "内容": "ケアプランセンター福寿草【居宅介護支援】福岡県築上郡築上町大字築城1410番地1メゾネット築城B棟6号室", "url": "https://www.kaigokensaku.mhlw.go.jp/40/index.php?action_kouhyou_detail_004_kani=true&JigyosyoCd=4079800332-00&ServiceCd=430&Type=search", "url2": null }, "geometry": { "type": "Point", "coordinates": [ 131.03408733820649, 33.661295446044065 ] } },
{ "type": "Feature", "properties": { "内容": "ｹｱﾌﾟﾗﾝｻﾎﾟｰﾄふうりんそう【居宅介護支援】福岡県築上郡築上町大字越路1205-1", "url": "https://www.kaigokensaku.mhlw.go.jp/40/index.php?action_kouhyou_detail_004_kani=true&JigyosyoCd=4079800464-00&ServiceCd=430&Type=search", "url2": null }, "geometry": { "type": "Point", "coordinates": [ 131.041764199999989, 33.6511565 ] } },
{ "type": "Feature", "properties": { "内容": "ケアプランほうらい築上【居宅介護支援】福岡県築上郡築上町大字椎田909-1", "url": "https://www.kaigokensaku.mhlw.go.jp/40/index.php?action_kouhyou_detail_004_kani=true&JigyosyoCd=4072700679-00&ServiceCd=430&Type=search", "url2": "houraisansou.com" }, "geometry": { "type": "Point", "coordinates": [ 131.056681099999963, 33.6565588 ] } }
]
}
