{
"type": "FeatureCollection",
"name": "geo_40_小学校",
"crs": { "type": "name", "properties": { "name": "urn:ogc:def:crs:EPSG::6668" } },
"features": [
{ "type": "Feature", "properties": { "P29_001": "40133", "P29_002": "B140110000013", "P29_003": "16001", "P29_004": "福岡教育大学附属福岡小学校", "P29_005": "福岡県福岡市中央区西公園12-1", "P29_006": "1", "P29_007": "1", "P29_008": "00", "P29_009": null }, "geometry": { "type": "Point", "coordinates": [ 130.37301746237722, 33.596013087002405 ] } },
{ "type": "Feature", "properties": { "P29_001": "40106", "P29_002": "B140110000022", "P29_003": "16001", "P29_004": "福岡教育大学附属小倉小学校", "P29_005": "福岡県北九州市小倉北区下富野3-13-1", "P29_006": "1", "P29_007": "1", "P29_008": "00", "P29_009": null }, "geometry": { "type": "Point", "coordinates": [ 130.89934809576431, 33.880456577102777 ] } },
{ "type": "Feature", "properties": { "P29_001": "40101", "P29_002": "B140210000020", "P29_003": "16001", "P29_004": "北九州市立田野浦小学校", "P29_005": "福岡県北九州市門司区田野浦1-18-1", "P29_006": "3", "P29_007": "1", "P29_008": "00", "P29_009": null }, "geometry": { "type": "Point", "coordinates": [ 130.991538304531161, 33.95532088620444 ] } },
{ "type": "Feature", "properties": { "P29_001": "40101", "P29_002": "B140210000048", "P29_003": "16001", "P29_004": "北九州市立大里東小学校", "P29_005": "福岡県北九州市門司区中二十町7-1", "P29_006": "3", "P29_007": "1", "P29_008": "00", "P29_009": null }, "geometry": { "type": "Point", "coordinates": [ 130.941736295957725, 33.908953495521708 ] } },
{ "type": "Feature", "properties": { "P29_001": "40101", "P29_002": "B140210000066", "P29_003": "16001", "P29_004": "北九州市立白野江小学校", "P29_005": "福岡県北九州市門司区白野江3-2-1", "P29_006": "3", "P29_007": "1", "P29_008": "00", "P29_009": null }, "geometry": { "type": "Point", "coordinates": [ 131.007726623297884, 33.93863760764534 ] } },
{ "type": "Feature", "properties": { "P29_001": "40101", "P29_002": "B140210000093", "P29_003": "16001", "P29_004": "北九州市立西門司小学校", "P29_005": "福岡県北九州市門司区東新町1-10-1", "P29_006": "3", "P29_007": "1", "P29_008": "00", "P29_009": null }, "geometry": { "type": "Point", "coordinates": [ 130.926217307175989, 33.893130349002263 ] } },
{ "type": "Feature", "properties": { "P29_001": "40101", "P29_002": "B140210000100", "P29_003": "16001", "P29_004": "北九州市立松ヶ江南小学校", "P29_005": "福岡県北九州市門司区吉志2-20-1", "P29_006": "3", "P29_007": "1", "P29_008": "00", "P29_009": null }, "geometry": { "type": "Point", "coordinates": [ 130.970036742845338, 33.866510960953001 ] } },
{ "type": "Feature", "properties": { "P29_001": "40101", "P29_002": "B140210000128", "P29_003": "16001", "P29_004": "北九州市立萩ケ丘小学校", "P29_005": "福岡県北九州市門司区寺内2-7-1", "P29_006": "3", "P29_007": "1", "P29_008": "00", "P29_009": null }, "geometry": { "type": "Point", "coordinates": [ 130.945228754928678, 33.904620685201337 ] } },
{ "type": "Feature", "properties": { "P29_001": "40101", "P29_002": "B140210000137", "P29_003": "16001", "P29_004": "北九州市立大里南小学校", "P29_005": "福岡県北九州市門司区新原町15-1", "P29_006": "3", "P29_007": "1", "P29_008": "00", "P29_009": null }, "geometry": { "type": "Point", "coordinates": [ 130.931799400589455, 33.89116574381066 ] } },
{ "type": "Feature", "properties": { "P29_001": "40101", "P29_002": "B140210000146", "P29_003": "16001", "P29_004": "北九州市立藤松小学校", "P29_005": "福岡県北九州市門司区藤松1-19-1", "P29_006": "3", "P29_007": "1", "P29_008": "00", "P29_009": null }, "geometry": { "type": "Point", "coordinates": [ 130.925672674131732, 33.888486483241721 ] } },
{ "type": "Feature", "properties": { "P29_001": "40101", "P29_002": "B140210000155", "P29_003": "16001", "P29_004": "北九州市立門司中央小学校", "P29_005": "福岡県北九州市門司区東門司2-16-1", "P29_006": "3", "P29_007": "1", "P29_008": "00", "P29_009": null }, "geometry": { "type": "Point", "coordinates": [ 130.974974126311508, 33.9469395731426 ] } },
{ "type": "Feature", "properties": { "P29_001": "40101", "P29_002": "B140210000164", "P29_003": "16001", "P29_004": "北九州市立門司海青小学校", "P29_005": "福岡県北九州市門司区清滝5-3-21", "P29_006": "3", "P29_007": "1", "P29_008": "00", "P29_009": null }, "geometry": { "type": "Point", "coordinates": [ 130.966520901481829, 33.942780985302917 ] } },
{ "type": "Feature", "properties": { "P29_001": "40101", "P29_002": "B140210000173", "P29_003": "16001", "P29_004": "北九州市立港が丘小学校", "P29_005": "福岡県北九州市門司区清見1-18-38", "P29_006": "3", "P29_007": "1", "P29_008": "00", "P29_009": null }, "geometry": { "type": "Point", "coordinates": [ 130.976242737365766, 33.953184891222818 ] } },
{ "type": "Feature", "properties": { "P29_001": "40103", "P29_002": "B140210000182", "P29_003": "16001", "P29_004": "北九州市立深町小学校", "P29_005": "福岡県北九州市若松区西畑町13-1", "P29_006": "3", "P29_007": "1", "P29_008": "00", "P29_009": null }, "geometry": { "type": "Point", "coordinates": [ 130.792759939552155, 33.911030363410696 ] } },
{ "type": "Feature", "properties": { "P29_001": "40103", "P29_002": "B140210000191", "P29_003": "16001", "P29_004": "北九州市立小石小学校", "P29_005": "福岡県北九州市若松区宮前町3-1", "P29_006": "3", "P29_007": "1", "P29_008": "00", "P29_009": null }, "geometry": { "type": "Point", "coordinates": [ 130.789220849076173, 33.916058864646274 ] } },
{ "type": "Feature", "properties": { "P29_001": "40103", "P29_002": "B140210000226", "P29_003": "16001", "P29_004": "北九州市立藤木小学校", "P29_005": "福岡県北九州市若松区今光1-18-1", "P29_006": "3", "P29_007": "1", "P29_008": "00", "P29_009": null }, "geometry": { "type": "Point", "coordinates": [ 130.77403770664958, 33.893902127872096 ] } },
{ "type": "Feature", "properties": { "P29_001": "40103", "P29_002": "B140210000262", "P29_003": "16001", "P29_004": "北九州市立赤崎小学校", "P29_005": "福岡県北九州市若松区西小石町8-1", "P29_006": "3", "P29_007": "1", "P29_008": "00", "P29_009": null }, "geometry": { "type": "Point", "coordinates": [ 130.790291967150011, 33.920191906673402 ] } },
{ "type": "Feature", "properties": { "P29_001": "40103", "P29_002": "B140210000271", "P29_003": "16001", "P29_004": "北九州市立高須小学校", "P29_005": "福岡県北九州市若松区高須東4-14-1", "P29_006": "3", "P29_007": "1", "P29_008": "00", "P29_009": null }, "geometry": { "type": "Point", "coordinates": [ 130.694699049691025, 33.890370091210066 ] } },
{ "type": "Feature", "properties": { "P29_001": "40103", "P29_002": "B140210000280", "P29_003": "16001", "P29_004": "北九州市立鴨生田小学校", "P29_005": "福岡県北九州市若松区鴨生田4-13-1", "P29_006": "3", "P29_007": "1", "P29_008": "00", "P29_009": null }, "geometry": { "type": "Point", "coordinates": [ 130.737293928815433, 33.89820223836842 ] } },
{ "type": "Feature", "properties": { "P29_001": "40103", "P29_002": "B140210000299", "P29_003": "16001", "P29_004": "北九州市立青葉小学校", "P29_005": "福岡県北九州市若松区青葉台西3-1-1", "P29_006": "3", "P29_007": "1", "P29_008": "00", "P29_009": null }, "geometry": { "type": "Point", "coordinates": [ 130.687957727325113, 33.899128571109713 ] } },
{ "type": "Feature", "properties": { "P29_001": "40103", "P29_002": "B140210000306", "P29_003": "16001", "P29_004": "北九州市立若松中央小学校", "P29_005": "福岡県北九州市若松区白山2-1-1", "P29_006": "3", "P29_007": "1", "P29_008": "00", "P29_009": null }, "geometry": { "type": "Point", "coordinates": [ 130.805193566379927, 33.905853888926956 ] } },
{ "type": "Feature", "properties": { "P29_001": "40103", "P29_002": "B140210000315", "P29_003": "16001", "P29_004": "北九州市立ひびきの小学校", "P29_005": "福岡県北九州市若松区塩屋739-3", "P29_006": "3", "P29_007": "1", "P29_008": "00", "P29_009": null }, "geometry": { "type": "Point", "coordinates": [ 130.711376232721676, 33.893194307426079 ] } },
{ "type": "Feature", "properties": { "P29_001": "40105", "P29_002": "B140210000324", "P29_003": "16001", "P29_004": "北九州市立牧山小学校", "P29_005": "福岡県北九州市戸畑区丸町2-15-25", "P29_006": "3", "P29_007": "1", "P29_008": "00", "P29_009": null }, "geometry": { "type": "Point", "coordinates": [ 130.819298299913783, 33.891459376420109 ] } },
{ "type": "Feature", "properties": { "P29_001": "40105", "P29_002": "B140210000333", "P29_003": "16001", "P29_004": "北九州市立中原小学校", "P29_005": "福岡県北九州市戸畑区中原西3-1-1", "P29_006": "3", "P29_007": "1", "P29_008": "00", "P29_009": null }, "geometry": { "type": "Point", "coordinates": [ 130.842721546352209, 33.893649067660043 ] } },
{ "type": "Feature", "properties": { "P29_001": "40105", "P29_002": "B140210000342", "P29_003": "16001", "P29_004": "北九州市立天籟寺小学校", "P29_005": "福岡県北九州市戸畑区夜宮2-1-1", "P29_006": "3", "P29_007": "1", "P29_008": "00", "P29_009": null }, "geometry": { "type": "Point", "coordinates": [ 130.832925651665306, 33.886752696628186 ] } },
{ "type": "Feature", "properties": { "P29_001": "40105", "P29_002": "B140210000360", "P29_003": "16001", "P29_004": "北九州市立一枝小学校", "P29_005": "福岡県北九州市戸畑区一枝2-7-1", "P29_006": "3", "P29_007": "1", "P29_008": "00", "P29_009": null }, "geometry": { "type": "Point", "coordinates": [ 130.839985472844262, 33.884910803515197 ] } },
{ "type": "Feature", "properties": { "P29_001": "40105", "P29_002": "B140210000388", "P29_003": "16001", "P29_004": "北九州市立あやめが丘小学校", "P29_005": "福岡県北九州市戸畑区沢見2-3-1", "P29_006": "3", "P29_007": "1", "P29_008": "00", "P29_009": null }, "geometry": { "type": "Point", "coordinates": [ 130.838408998851207, 33.895653012900532 ] } },
{ "type": "Feature", "properties": { "P29_001": "40106", "P29_002": "B140210000404", "P29_003": "16001", "P29_004": "北九州市立富野小学校", "P29_005": "福岡県北九州市小倉北区常磐町3-1", "P29_006": "3", "P29_007": "1", "P29_008": "00", "P29_009": null }, "geometry": { "type": "Point", "coordinates": [ 130.905488011699958, 33.8815234640565 ] } },
{ "type": "Feature", "properties": { "P29_001": "40106", "P29_002": "B140210000413", "P29_003": "16001", "P29_004": "北九州市立桜丘小学校", "P29_005": "福岡県北九州市小倉北区赤坂2-21-1", "P29_006": "3", "P29_007": "1", "P29_008": "00", "P29_009": null }, "geometry": { "type": "Point", "coordinates": [ 130.909630327295417, 33.886695051397488 ] } },
{ "type": "Feature", "properties": { "P29_001": "40106", "P29_002": "B140210000422", "P29_003": "16001", "P29_004": "北九州市立足立小学校", "P29_005": "福岡県北九州市小倉北区宇佐町1-6-7", "P29_006": "3", "P29_007": "1", "P29_008": "00", "P29_009": null }, "geometry": { "type": "Point", "coordinates": [ 130.890491365467682, 33.878086266771689 ] } },
{ "type": "Feature", "properties": { "P29_001": "40106", "P29_002": "B140210000431", "P29_003": "16001", "P29_004": "北九州市立寿山小学校", "P29_005": "福岡県北九州市小倉北区大畠3-10-1", "P29_006": "3", "P29_007": "1", "P29_008": "00", "P29_009": null }, "geometry": { "type": "Point", "coordinates": [ 130.899711890210909, 33.871497104908464 ] } },
{ "type": "Feature", "properties": { "P29_001": "40106", "P29_002": "B140210000440", "P29_003": "16001", "P29_004": "北九州市立三郎丸小学校", "P29_005": "福岡県北九州市小倉北区三郎丸3-13-1", "P29_006": "3", "P29_007": "1", "P29_008": "00", "P29_009": null }, "geometry": { "type": "Point", "coordinates": [ 130.888716960135582, 33.867611825383065 ] } },
{ "type": "Feature", "properties": { "P29_001": "40106", "P29_002": "B140210000459", "P29_003": "16001", "P29_004": "北九州市立霧丘小学校", "P29_005": "福岡県北九州市小倉北区霧ケ丘1-12-1", "P29_006": "3", "P29_007": "1", "P29_008": "00", "P29_009": null }, "geometry": { "type": "Point", "coordinates": [ 130.896795370853681, 33.855652461294071 ] } },
{ "type": "Feature", "properties": { "P29_001": "40106", "P29_002": "B140210000477", "P29_003": "16001", "P29_004": "北九州市立中島小学校", "P29_005": "福岡県北九州市小倉北区昭和町16-1", "P29_006": "3", "P29_007": "1", "P29_008": "00", "P29_009": null }, "geometry": { "type": "Point", "coordinates": [ 130.877458980188635, 33.874657643633441 ] } },
{ "type": "Feature", "properties": { "P29_001": "40106", "P29_002": "B140210000486", "P29_003": "16001", "P29_004": "北九州市立貴船小学校", "P29_005": "福岡県北九州市小倉北区白銀2-8-1", "P29_006": "3", "P29_007": "1", "P29_008": "00", "P29_009": null }, "geometry": { "type": "Point", "coordinates": [ 130.87479894348246, 33.868469952408972 ] } },
{ "type": "Feature", "properties": { "P29_001": "40106", "P29_002": "B140210000495", "P29_003": "16001", "P29_004": "北九州市立西小倉小学校", "P29_005": "福岡県北九州市小倉北区城内6-1", "P29_006": "3", "P29_007": "1", "P29_008": "00", "P29_009": null }, "geometry": { "type": "Point", "coordinates": [ 130.870367320454676, 33.882707275090198 ] } },
{ "type": "Feature", "properties": { "P29_001": "40106", "P29_002": "B140210000501", "P29_003": "16001", "P29_004": "北九州市立日明小学校", "P29_005": "福岡県北九州市小倉北区日明4-4-1", "P29_006": "3", "P29_007": "1", "P29_008": "00", "P29_009": null }, "geometry": { "type": "Point", "coordinates": [ 130.85848759960794, 33.892105275836926 ] } },
{ "type": "Feature", "properties": { "P29_001": "40106", "P29_002": "B140210000510", "P29_003": "16001", "P29_004": "北九州市立中井小学校", "P29_005": "福岡県北九州市小倉北区中井2-12-1", "P29_006": "3", "P29_007": "1", "P29_008": "00", "P29_009": null }, "geometry": { "type": "Point", "coordinates": [ 130.850176223682098, 33.891226101834349 ] } },
{ "type": "Feature", "properties": { "P29_001": "40106", "P29_002": "B140210000529", "P29_003": "16001", "P29_004": "北九州市立到津小学校", "P29_005": "福岡県北九州市小倉北区上到津1-9-1", "P29_006": "3", "P29_007": "1", "P29_008": "00", "P29_009": null }, "geometry": { "type": "Point", "coordinates": [ 130.853148009862423, 33.879538832590214 ] } },
{ "type": "Feature", "properties": { "P29_001": "40106", "P29_002": "B140210000538", "P29_003": "16001", "P29_004": "北九州市立井堀小学校", "P29_005": "福岡県北九州市小倉北区井堀3-15-1", "P29_006": "3", "P29_007": "1", "P29_008": "00", "P29_009": null }, "geometry": { "type": "Point", "coordinates": [ 130.845767200407636, 33.88389795372715 ] } },
{ "type": "Feature", "properties": { "P29_001": "40106", "P29_002": "B140210000547", "P29_003": "16001", "P29_004": "北九州市立泉台小学校", "P29_005": "福岡県北九州市小倉北区泉台1-3-1", "P29_006": "3", "P29_007": "1", "P29_008": "00", "P29_009": null }, "geometry": { "type": "Point", "coordinates": [ 130.850619696507692, 33.869788804135759 ] } },
{ "type": "Feature", "properties": { "P29_001": "40106", "P29_002": "B140210000556", "P29_003": "16001", "P29_004": "北九州市立清水小学校", "P29_005": "福岡県北九州市小倉北区清水2-13-1", "P29_006": "3", "P29_007": "1", "P29_008": "00", "P29_009": null }, "geometry": { "type": "Point", "coordinates": [ 130.861569566433587, 33.873465751442552 ] } },
{ "type": "Feature", "properties": { "P29_001": "40106", "P29_002": "B140210000565", "P29_003": "16001", "P29_004": "北九州市立南小倉小学校", "P29_005": "福岡県北九州市小倉北区新高田1-1-1", "P29_006": "3", "P29_007": "1", "P29_008": "00", "P29_009": null }, "geometry": { "type": "Point", "coordinates": [ 130.864013855089382, 33.868815816176145 ] } },
{ "type": "Feature", "properties": { "P29_001": "40106", "P29_002": "B140210000574", "P29_003": "16001", "P29_004": "北九州市立足原小学校", "P29_005": "福岡県北九州市小倉北区足原2-8-1", "P29_006": "3", "P29_007": "1", "P29_008": "00", "P29_009": null }, "geometry": { "type": "Point", "coordinates": [ 130.896566061008031, 33.864419943010084 ] } },
{ "type": "Feature", "properties": { "P29_001": "40106", "P29_002": "B140210000583", "P29_003": "16001", "P29_004": "北九州市立南丘小学校", "P29_005": "福岡県北九州市小倉北区南丘1-1-1", "P29_006": "3", "P29_007": "1", "P29_008": "00", "P29_009": null }, "geometry": { "type": "Point", "coordinates": [ 130.869410468595731, 33.853203510319503 ] } },
{ "type": "Feature", "properties": { "P29_001": "40106", "P29_002": "B140210000592", "P29_003": "16001", "P29_004": "北九州市立今町小学校", "P29_005": "福岡県北九州市小倉北区今町3-19-1", "P29_006": "3", "P29_007": "1", "P29_008": "00", "P29_009": null }, "geometry": { "type": "Point", "coordinates": [ 130.872360714708662, 33.854173511661081 ] } },
{ "type": "Feature", "properties": { "P29_001": "40107", "P29_002": "B140210000618", "P29_003": "16001", "P29_004": "北九州市立北方小学校", "P29_005": "福岡県北九州市小倉南区北方2-2-1", "P29_006": "3", "P29_007": "1", "P29_008": "00", "P29_009": null }, "geometry": { "type": "Point", "coordinates": [ 130.879571405574382, 33.850327605994636 ] } },
{ "type": "Feature", "properties": { "P29_001": "40107", "P29_002": "B140210000627", "P29_003": "16001", "P29_004": "北九州市立城野小学校", "P29_005": "福岡県北九州市小倉南区富士見3-2-1", "P29_006": "3", "P29_007": "1", "P29_008": "00", "P29_009": null }, "geometry": { "type": "Point", "coordinates": [ 130.880744331534203, 33.858967445821214 ] } },
{ "type": "Feature", "properties": { "P29_001": "40107", "P29_002": "B140210000645", "P29_003": "16001", "P29_004": "北九州市立志井小学校", "P29_005": "福岡県北九州市小倉南区大字志井280", "P29_006": "3", "P29_007": "1", "P29_008": "00", "P29_009": null }, "geometry": { "type": "Point", "coordinates": [ 130.875707094540843, 33.814150500429918 ] } },
{ "type": "Feature", "properties": { "P29_001": "40107", "P29_002": "B140210000654", "P29_003": "16001", "P29_004": "北九州市立横代小学校", "P29_005": "福岡県北九州市小倉南区横代南町2-4-1", "P29_006": "3", "P29_007": "1", "P29_008": "00", "P29_009": null }, "geometry": { "type": "Point", "coordinates": [ 130.891899663173263, 33.830530166978413 ] } },
{ "type": "Feature", "properties": { "P29_001": "40107", "P29_002": "B140210000663", "P29_003": "16001", "P29_004": "北九州市立葛原小学校", "P29_005": "福岡県北九州市小倉南区葛原4-24-1", "P29_006": "3", "P29_007": "1", "P29_008": "00", "P29_009": null }, "geometry": { "type": "Point", "coordinates": [ 130.915850270565414, 33.843964992464528 ] } },
{ "type": "Feature", "properties": { "P29_001": "40107", "P29_002": "B140210000672", "P29_003": "16001", "P29_004": "北九州市立吉田小学校", "P29_005": "福岡県北九州市小倉南区中吉田1-3-1", "P29_006": "3", "P29_007": "1", "P29_008": "00", "P29_009": null }, "geometry": { "type": "Point", "coordinates": [ 130.949658730317935, 33.846924021571795 ] } },
{ "type": "Feature", "properties": { "P29_001": "40107", "P29_002": "B140210000681", "P29_003": "16001", "P29_004": "北九州市立曽根小学校", "P29_005": "福岡県北九州市小倉南区中曽根3-9-1", "P29_006": "3", "P29_007": "1", "P29_008": "00", "P29_009": null }, "geometry": { "type": "Point", "coordinates": [ 130.939817192154237, 33.824445191143816 ] } },
{ "type": "Feature", "properties": { "P29_001": "40107", "P29_002": "B140210000690", "P29_003": "16001", "P29_004": "北九州市立貫小学校", "P29_005": "福岡県北九州市小倉南区上貫3-1-1", "P29_006": "3", "P29_007": "1", "P29_008": "00", "P29_009": null }, "geometry": { "type": "Point", "coordinates": [ 130.921372302401551, 33.81657238048755 ] } },
{ "type": "Feature", "properties": { "P29_001": "40107", "P29_002": "B140210000707", "P29_003": "16001", "P29_004": "北九州市立朽網小学校", "P29_005": "福岡県北九州市小倉南区朽網西5-12-1", "P29_006": "3", "P29_007": "1", "P29_008": "00", "P29_009": null }, "geometry": { "type": "Point", "coordinates": [ 130.95008835552656, 33.806564921466254 ] } },
{ "type": "Feature", "properties": { "P29_001": "40107", "P29_002": "B140210000716", "P29_003": "16001", "P29_004": "北九州市立新道寺小学校", "P29_005": "福岡県北九州市小倉南区大字新道寺820-1", "P29_006": "3", "P29_007": "1", "P29_008": "00", "P29_009": null }, "geometry": { "type": "Point", "coordinates": [ 130.869446207563072, 33.786269594915751 ] } },
{ "type": "Feature", "properties": { "P29_001": "40107", "P29_002": "B140210000734", "P29_003": "16001", "P29_004": "北九州市立長行小学校", "P29_005": "福岡県北九州市小倉南区長行東3-8-1", "P29_006": "3", "P29_007": "1", "P29_008": "00", "P29_009": null }, "geometry": { "type": "Point", "coordinates": [ 130.85889208007913, 33.817917626321922 ] } },
{ "type": "Feature", "properties": { "P29_001": "40107", "P29_002": "B140210000743", "P29_003": "16001", "P29_004": "北九州市立合馬小学校", "P29_005": "福岡県北九州市小倉南区大字合馬304", "P29_006": "3", "P29_007": "1", "P29_008": "00", "P29_009": null }, "geometry": { "type": "Point", "coordinates": [ 130.831970693926223, 33.812761407486875 ] } },
{ "type": "Feature", "properties": { "P29_001": "40107", "P29_002": "B140210000761", "P29_003": "16001", "P29_004": "北九州市立広徳小学校", "P29_005": "福岡県北九州市小倉南区南方4-1-1", "P29_006": "3", "P29_007": "1", "P29_008": "00", "P29_009": null }, "geometry": { "type": "Point", "coordinates": [ 130.861959454552164, 33.829540178692675 ] } },
{ "type": "Feature", "properties": { "P29_001": "40107", "P29_002": "B140210000770", "P29_003": "16001", "P29_004": "北九州市立企救丘小学校", "P29_005": "福岡県北九州市小倉南区企救丘2-1-1", "P29_006": "3", "P29_007": "1", "P29_008": "00", "P29_009": null }, "geometry": { "type": "Point", "coordinates": [ 130.876342890442885, 33.822655014890032 ] } },
{ "type": "Feature", "properties": { "P29_001": "40107", "P29_002": "B140210000789", "P29_003": "16001", "P29_004": "北九州市立湯川小学校", "P29_005": "福岡県北九州市小倉南区湯川新町1-8-1", "P29_006": "3", "P29_007": "1", "P29_008": "00", "P29_009": null }, "geometry": { "type": "Point", "coordinates": [ 130.895078387616792, 33.846824478641665 ] } },
{ "type": "Feature", "properties": { "P29_001": "40107", "P29_002": "B140210000798", "P29_003": "16001", "P29_004": "北九州市立沼小学校", "P29_005": "福岡県北九州市小倉南区沼本町2-4-1", "P29_006": "3", "P29_007": "1", "P29_008": "00", "P29_009": null }, "geometry": { "type": "Point", "coordinates": [ 130.938913321842421, 33.848376913128007 ] } },
{ "type": "Feature", "properties": { "P29_001": "40107", "P29_002": "B140210000805", "P29_003": "16001", "P29_004": "北九州市立守恒小学校", "P29_005": "福岡県北九州市小倉南区星和台2-1-1", "P29_006": "3", "P29_007": "1", "P29_008": "00", "P29_009": null }, "geometry": { "type": "Point", "coordinates": [ 130.879697910944259, 33.829873829849461 ] } },
{ "type": "Feature", "properties": { "P29_001": "40107", "P29_002": "B140210000814", "P29_003": "16001", "P29_004": "北九州市立曽根東小学校", "P29_005": "福岡県北九州市小倉南区中曽根東3-5-1", "P29_006": "3", "P29_007": "1", "P29_008": "00", "P29_009": null }, "geometry": { "type": "Point", "coordinates": [ 130.946607867105428, 33.828758870794843 ] } },
{ "type": "Feature", "properties": { "P29_001": "40107", "P29_002": "B140210000823", "P29_003": "16001", "P29_004": "北九州市立田原小学校", "P29_005": "福岡県北九州市小倉南区田原新町2-1-1", "P29_006": "3", "P29_007": "1", "P29_008": "00", "P29_009": null }, "geometry": { "type": "Point", "coordinates": [ 130.927558016586204, 33.829668875081381 ] } },
{ "type": "Feature", "properties": { "P29_001": "40107", "P29_002": "B140210000832", "P29_003": "16001", "P29_004": "北九州市立高蔵小学校", "P29_005": "福岡県北九州市小倉南区上吉田3-11-1", "P29_006": "3", "P29_007": "1", "P29_008": "00", "P29_009": null }, "geometry": { "type": "Point", "coordinates": [ 130.947560550614412, 33.858186715530955 ] } },
{ "type": "Feature", "properties": { "P29_001": "40107", "P29_002": "B140210000841", "P29_003": "16001", "P29_004": "北九州市立長尾小学校", "P29_005": "福岡県北九州市小倉南区長尾4-30-1", "P29_006": "3", "P29_007": "1", "P29_008": "00", "P29_009": null }, "geometry": { "type": "Point", "coordinates": [ 130.856864668611678, 33.822113492097394 ] } },
{ "type": "Feature", "properties": { "P29_001": "40107", "P29_002": "B140210000850", "P29_003": "16001", "P29_004": "北九州市立東朽網小学校", "P29_005": "福岡県北九州市小倉南区朽網東3-4-1", "P29_006": "3", "P29_007": "1", "P29_008": "00", "P29_009": null }, "geometry": { "type": "Point", "coordinates": [ 130.958793441475052, 33.800909616258927 ] } },
{ "type": "Feature", "properties": { "P29_001": "40107", "P29_002": "B140210000869", "P29_003": "16001", "P29_004": "北九州市立すがお小学校", "P29_005": "福岡県北九州市小倉南区大字山本393-6", "P29_006": "3", "P29_007": "1", "P29_008": "00", "P29_009": null }, "geometry": { "type": "Point", "coordinates": [ 130.848476655681139, 33.800639414679615 ] } },
{ "type": "Feature", "properties": { "P29_001": "40108", "P29_002": "B140210000878", "P29_003": "16001", "P29_004": "北九州市立高見小学校", "P29_005": "福岡県北九州市八幡東区高見4-1-1", "P29_006": "3", "P29_007": "1", "P29_008": "00", "P29_009": null }, "geometry": { "type": "Point", "coordinates": [ 130.837585019416338, 33.869053011830999 ] } },
{ "type": "Feature", "properties": { "P29_001": "40108", "P29_002": "B140210000887", "P29_003": "16001", "P29_004": "北九州市立槻田小学校", "P29_005": "福岡県北九州市八幡東区松尾町9-1", "P29_006": "3", "P29_007": "1", "P29_008": "00", "P29_009": null }, "geometry": { "type": "Point", "coordinates": [ 130.841318970112951, 33.862284850219304 ] } },
{ "type": "Feature", "properties": { "P29_001": "40108", "P29_002": "B140210000896", "P29_003": "16001", "P29_004": "北九州市立高槻小学校", "P29_005": "福岡県北九州市八幡東区中畑2-5-1", "P29_006": "3", "P29_007": "1", "P29_008": "00", "P29_009": null }, "geometry": { "type": "Point", "coordinates": [ 130.830753434930898, 33.855234481998437 ] } },
{ "type": "Feature", "properties": { "P29_001": "40108", "P29_002": "B140210000912", "P29_003": "16001", "P29_004": "北九州市立大蔵小学校", "P29_005": "福岡県北九州市八幡東区勝山1-1-1", "P29_006": "3", "P29_007": "1", "P29_008": "00", "P29_009": null }, "geometry": { "type": "Point", "coordinates": [ 130.820171398543295, 33.858139129971839 ] } },
{ "type": "Feature", "properties": { "P29_001": "40108", "P29_002": "B140210000921", "P29_003": "16001", "P29_004": "北九州市立河内小学校", "P29_005": "福岡県北九州市八幡東区河内1-7-2", "P29_006": "3", "P29_007": "1", "P29_008": "00", "P29_009": null }, "geometry": { "type": "Point", "coordinates": [ 130.799245852840954, 33.830109082342375 ] } },
{ "type": "Feature", "properties": { "P29_001": "40108", "P29_002": "B140210000930", "P29_003": "16001", "P29_004": "北九州市立枝光小学校", "P29_005": "福岡県北九州市八幡東区枝光4-12-1", "P29_006": "3", "P29_007": "1", "P29_008": "00", "P29_009": null }, "geometry": { "type": "Point", "coordinates": [ 130.818241333823636, 33.881975977265313 ] } },
{ "type": "Feature", "properties": { "P29_001": "40108", "P29_002": "B140210000949", "P29_003": "16001", "P29_004": "北九州市立八幡小学校", "P29_005": "福岡県北九州市八幡東区中央3-9-1", "P29_006": "3", "P29_007": "1", "P29_008": "00", "P29_009": null }, "geometry": { "type": "Point", "coordinates": [ 130.813513638492083, 33.865840792758497 ] } },
{ "type": "Feature", "properties": { "P29_001": "40108", "P29_002": "B140210000958", "P29_003": "16001", "P29_004": "北九州市立皿倉小学校", "P29_005": "福岡県北九州市八幡東区尾倉1-15-1", "P29_006": "3", "P29_007": "1", "P29_008": "00", "P29_009": null }, "geometry": { "type": "Point", "coordinates": [ 130.801147664354431, 33.863084142614532 ] } },
{ "type": "Feature", "properties": { "P29_001": "40108", "P29_002": "B140210000967", "P29_003": "16001", "P29_004": "北九州市立ひびきが丘小学校", "P29_005": "福岡県北九州市八幡東区諏訪2-7-1", "P29_006": "3", "P29_007": "1", "P29_008": "00", "P29_009": null }, "geometry": { "type": "Point", "coordinates": [ 130.822289656550964, 33.87201035821645 ] } },
{ "type": "Feature", "properties": { "P29_001": "40109", "P29_002": "B140210000985", "P29_003": "16001", "P29_004": "北九州市立光貞小学校", "P29_005": "福岡県北九州市八幡西区光貞台1-4-1", "P29_006": "3", "P29_007": "1", "P29_008": "00", "P29_009": null }, "geometry": { "type": "Point", "coordinates": [ 130.714336811306168, 33.882464681973715 ] } },
{ "type": "Feature", "properties": { "P29_001": "40109", "P29_002": "B140210000994", "P29_003": "16001", "P29_004": "北九州市立赤坂小学校", "P29_005": "福岡県北九州市八幡西区本城東5-6-1", "P29_006": "3", "P29_007": "1", "P29_008": "00", "P29_009": null }, "geometry": { "type": "Point", "coordinates": [ 130.729094721621721, 33.872234195069161 ] } },
{ "type": "Feature", "properties": { "P29_001": "40109", "P29_002": "B140210001001", "P29_003": "16001", "P29_004": "北九州市立千代小学校", "P29_005": "福岡県北九州市八幡西区千代5-17-1", "P29_006": "3", "P29_007": "1", "P29_008": "00", "P29_009": null }, "geometry": { "type": "Point", "coordinates": [ 130.737995739484745, 33.808494197944988 ] } },
{ "type": "Feature", "properties": { "P29_001": "40109", "P29_002": "B140210001010", "P29_003": "16001", "P29_004": "北九州市立浅川小学校", "P29_005": "福岡県北九州市八幡西区浅川町10-1", "P29_006": "3", "P29_007": "1", "P29_008": "00", "P29_009": null }, "geometry": { "type": "Point", "coordinates": [ 130.696643786277065, 33.882264428109927 ] } },
{ "type": "Feature", "properties": { "P29_001": "40109", "P29_002": "B140210001029", "P29_003": "16001", "P29_004": "北九州市立鳴水小学校", "P29_005": "福岡県北九州市八幡西区東鳴水1-1-1", "P29_006": "3", "P29_007": "1", "P29_008": "00", "P29_009": null }, "geometry": { "type": "Point", "coordinates": [ 130.770633250460321, 33.85926206169902 ] } },
{ "type": "Feature", "properties": { "P29_001": "40109", "P29_002": "B140210001065", "P29_003": "16001", "P29_004": "北九州市立穴生小学校", "P29_005": "福岡県北九州市八幡西区穴生1-13-1", "P29_006": "3", "P29_007": "1", "P29_008": "00", "P29_009": null }, "geometry": { "type": "Point", "coordinates": [ 130.744011277707415, 33.860849236622997 ] } },
{ "type": "Feature", "properties": { "P29_001": "40109", "P29_002": "B140210001074", "P29_003": "16001", "P29_004": "北九州市立萩原小学校", "P29_005": "福岡県北九州市八幡西区萩原3-5-1", "P29_006": "3", "P29_007": "1", "P29_008": "00", "P29_009": null }, "geometry": { "type": "Point", "coordinates": [ 130.750339488397628, 33.856434229324009 ] } },
{ "type": "Feature", "properties": { "P29_001": "40109", "P29_002": "B140210001083", "P29_003": "16001", "P29_004": "北九州市立引野小学校", "P29_005": "福岡県北九州市八幡西区引野3-15-1", "P29_006": "3", "P29_007": "1", "P29_008": "00", "P29_009": null }, "geometry": { "type": "Point", "coordinates": [ 130.751065225703599, 33.846046061534999 ] } },
{ "type": "Feature", "properties": { "P29_001": "40109", "P29_002": "B140210001092", "P29_003": "16001", "P29_004": "北九州市立上津役小学校", "P29_005": "福岡県北九州市八幡西区上の原1-4-1", "P29_006": "3", "P29_007": "1", "P29_008": "00", "P29_009": null }, "geometry": { "type": "Point", "coordinates": [ 130.75948397727268, 33.835756327361494 ] } },
{ "type": "Feature", "properties": { "P29_001": "40109", "P29_002": "B140210001109", "P29_003": "16001", "P29_004": "北九州市立則松小学校", "P29_005": "福岡県北九州市八幡西区則松2-1-1", "P29_006": "3", "P29_007": "1", "P29_008": "00", "P29_009": null }, "geometry": { "type": "Point", "coordinates": [ 130.717626158616838, 33.859836821771779 ] } },
{ "type": "Feature", "properties": { "P29_001": "40109", "P29_002": "B140210001118", "P29_003": "16001", "P29_004": "北九州市立本城小学校", "P29_005": "福岡県北九州市八幡西区本城1-23-1", "P29_006": "3", "P29_007": "1", "P29_008": "00", "P29_009": null }, "geometry": { "type": "Point", "coordinates": [ 130.729331965891447, 33.879269217877003 ] } },
{ "type": "Feature", "properties": { "P29_001": "40109", "P29_002": "B140210001136", "P29_003": "16001", "P29_004": "北九州市立折尾東小学校", "P29_005": "福岡県北九州市八幡西区光明1-2-1", "P29_006": "3", "P29_007": "1", "P29_008": "00", "P29_009": null }, "geometry": { "type": "Point", "coordinates": [ 130.722274550553635, 33.868106733466206 ] } },
{ "type": "Feature", "properties": { "P29_001": "40109", "P29_002": "B140210001145", "P29_003": "16001", "P29_004": "北九州市立香月小学校", "P29_005": "福岡県北九州市八幡西区香月中央3-3-1", "P29_006": "3", "P29_007": "1", "P29_008": "00", "P29_009": null }, "geometry": { "type": "Point", "coordinates": [ 130.728528349785677, 33.801141928027199 ] } },
{ "type": "Feature", "properties": { "P29_001": "40109", "P29_002": "B140210001154", "P29_003": "16001", "P29_004": "北九州市立池田小学校", "P29_005": "福岡県北九州市八幡西区池田3-2-1", "P29_006": "3", "P29_007": "1", "P29_008": "00", "P29_009": null }, "geometry": { "type": "Point", "coordinates": [ 130.74724728788064, 33.799096984307148 ] } },
{ "type": "Feature", "properties": { "P29_001": "40109", "P29_002": "B140210001163", "P29_003": "16001", "P29_004": "北九州市立星ヶ丘小学校", "P29_005": "福岡県北九州市八幡西区星ヶ丘2-7-1", "P29_006": "3", "P29_007": "1", "P29_008": "00", "P29_009": null }, "geometry": { "type": "Point", "coordinates": [ 130.753673161945443, 33.773470496115792 ] } },
{ "type": "Feature", "properties": { "P29_001": "40109", "P29_002": "B140210001181", "P29_003": "16001", "P29_004": "北九州市立木屋瀬小学校", "P29_005": "福岡県北九州市八幡西区木屋瀬東3-1-1", "P29_006": "3", "P29_007": "1", "P29_008": "00", "P29_009": null }, "geometry": { "type": "Point", "coordinates": [ 130.728771012841833, 33.778676474601177 ] } },
{ "type": "Feature", "properties": { "P29_001": "40109", "P29_002": "B140210001190", "P29_003": "16001", "P29_004": "北九州市立大原小学校", "P29_005": "福岡県北九州市八幡西区町上津役東1-12-1", "P29_006": "3", "P29_007": "1", "P29_008": "00", "P29_009": null }, "geometry": { "type": "Point", "coordinates": [ 130.753994762366915, 33.825025211575486 ] } },
{ "type": "Feature", "properties": { "P29_001": "40109", "P29_002": "B140210001207", "P29_003": "16001", "P29_004": "北九州市立折尾西小学校", "P29_005": "福岡県北九州市八幡西区西折尾町15-1", "P29_006": "3", "P29_007": "1", "P29_008": "00", "P29_009": null }, "geometry": { "type": "Point", "coordinates": [ 130.707830759876941, 33.857857286497776 ] } },
{ "type": "Feature", "properties": { "P29_001": "40109", "P29_002": "B140210001216", "P29_003": "16001", "P29_004": "北九州市立塔野小学校", "P29_005": "福岡県北九州市八幡西区塔野1-3-1", "P29_006": "3", "P29_007": "1", "P29_008": "00", "P29_009": null }, "geometry": { "type": "Point", "coordinates": [ 130.737733534751243, 33.824727913721503 ] } },
{ "type": "Feature", "properties": { "P29_001": "40109", "P29_002": "B140210001225", "P29_003": "16001", "P29_004": "北九州市立竹末小学校", "P29_005": "福岡県北九州市八幡西区竹末1-18-1", "P29_006": "3", "P29_007": "1", "P29_008": "00", "P29_009": null }, "geometry": { "type": "Point", "coordinates": [ 130.74328728976252, 33.849711840574457 ] } },
{ "type": "Feature", "properties": { "P29_001": "40109", "P29_002": "B140210001243", "P29_003": "16001", "P29_004": "北九州市立永犬丸西小学校", "P29_005": "福岡県北九州市八幡西区永犬丸西町4-4-1", "P29_006": "3", "P29_007": "1", "P29_008": "00", "P29_009": null }, "geometry": { "type": "Point", "coordinates": [ 130.726406455548727, 33.836094815359459 ] } },
{ "type": "Feature", "properties": { "P29_001": "40109", "P29_002": "B140210001252", "P29_003": "16001", "P29_004": "北九州市立八児小学校", "P29_005": "福岡県北九州市八幡西区町上津役西4-5-1", "P29_006": "3", "P29_007": "1", "P29_008": "00", "P29_009": null }, "geometry": { "type": "Point", "coordinates": [ 130.75140227288955, 33.820046368537447 ] } },
{ "type": "Feature", "properties": { "P29_001": "40109", "P29_002": "B140210001261", "P29_003": "16001", "P29_004": "北九州市立中尾小学校", "P29_005": "福岡県北九州市八幡西区下上津役1-6-1", "P29_006": "3", "P29_007": "1", "P29_008": "00", "P29_009": null }, "geometry": { "type": "Point", "coordinates": [ 130.742131931901071, 33.829987988668627 ] } },
{ "type": "Feature", "properties": { "P29_001": "40109", "P29_002": "B140210001270", "P29_003": "16001", "P29_004": "北九州市立八枝小学校", "P29_005": "福岡県北九州市八幡西区八枝4-5-1", "P29_006": "3", "P29_007": "1", "P29_008": "00", "P29_009": null }, "geometry": { "type": "Point", "coordinates": [ 130.728656250129546, 33.847532301184806 ] } },
{ "type": "Feature", "properties": { "P29_001": "40109", "P29_002": "B140210001289", "P29_003": "16001", "P29_004": "北九州市立医生丘小学校", "P29_005": "福岡県北九州市八幡西区千代ヶ崎2-10-1", "P29_006": "3", "P29_007": "1", "P29_008": "00", "P29_009": null }, "geometry": { "type": "Point", "coordinates": [ 130.718272591791163, 33.87780288530849 ] } },
{ "type": "Feature", "properties": { "P29_001": "40109", "P29_002": "B140210001298", "P29_003": "16001", "P29_004": "北九州市立黒崎中央小学校", "P29_005": "福岡県北九州市八幡西区藤田4-4-24", "P29_006": "3", "P29_007": "1", "P29_008": "00", "P29_009": null }, "geometry": { "type": "Point", "coordinates": [ 130.770257264149762, 33.862856817172286 ] } },
{ "type": "Feature", "properties": { "P29_001": "40131", "P29_002": "B140213000015", "P29_003": "16001", "P29_004": "福岡市立馬出小学校", "P29_005": "福岡県福岡市東区馬出1-12-27", "P29_006": "3", "P29_007": "1", "P29_008": "00", "P29_009": null }, "geometry": { "type": "Point", "coordinates": [ 130.420588630913528, 33.609480070863249 ] } },
{ "type": "Feature", "properties": { "P29_001": "40131", "P29_002": "B140213000024", "P29_003": "16001", "P29_004": "福岡市立筥松小学校", "P29_005": "福岡県福岡市東区郷口町16-1", "P29_006": "3", "P29_007": "1", "P29_008": "00", "P29_009": null }, "geometry": { "type": "Point", "coordinates": [ 130.42996820792024, 33.615633867767677 ] } },
{ "type": "Feature", "properties": { "P29_001": "40131", "P29_002": "B140213000033", "P29_003": "16001", "P29_004": "福岡市立箱崎小学校", "P29_005": "福岡県福岡市東区箱崎2-2-45", "P29_006": "3", "P29_007": "1", "P29_008": "00", "P29_009": null }, "geometry": { "type": "Point", "coordinates": [ 130.420160806043555, 33.616698063575292 ] } },
{ "type": "Feature", "properties": { "P29_001": "40131", "P29_002": "B140213000042", "P29_003": "16001", "P29_004": "福岡市立千早西小学校", "P29_005": "福岡県福岡市東区香椎浜1-4-1", "P29_006": "3", "P29_007": "1", "P29_008": "00", "P29_009": null }, "geometry": { "type": "Point", "coordinates": [ 130.430935651525289, 33.651894187227334 ] } },
{ "type": "Feature", "properties": { "P29_001": "40131", "P29_002": "B140213000051", "P29_003": "16001", "P29_004": "福岡市立香椎小学校", "P29_005": "福岡県福岡市東区香椎駅前3-2-1", "P29_006": "3", "P29_007": "1", "P29_008": "00", "P29_009": null }, "geometry": { "type": "Point", "coordinates": [ 130.440558967638907, 33.663174008524585 ] } },
{ "type": "Feature", "properties": { "P29_001": "40131", "P29_002": "B140213000060", "P29_003": "16001", "P29_004": "福岡市立多々良小学校", "P29_005": "福岡県福岡市東区多々良1-56-1", "P29_006": "3", "P29_007": "1", "P29_008": "00", "P29_009": null }, "geometry": { "type": "Point", "coordinates": [ 130.458070668017598, 33.630827642937717 ] } },
{ "type": "Feature", "properties": { "P29_001": "40131", "P29_002": "B140213000079", "P29_003": "16001", "P29_004": "福岡市立名島小学校", "P29_005": "福岡県福岡市東区名島5-5-1", "P29_006": "3", "P29_007": "1", "P29_008": "00", "P29_009": null }, "geometry": { "type": "Point", "coordinates": [ 130.435110627651056, 33.640437091718681 ] } },
{ "type": "Feature", "properties": { "P29_001": "40131", "P29_002": "B140213000088", "P29_003": "16001", "P29_004": "福岡市立香住丘小学校", "P29_005": "福岡県福岡市東区香住ヶ丘3-10-1", "P29_006": "3", "P29_007": "1", "P29_008": "00", "P29_009": null }, "geometry": { "type": "Point", "coordinates": [ 130.438022458418232, 33.67256671817281 ] } },
{ "type": "Feature", "properties": { "P29_001": "40131", "P29_002": "B140213000097", "P29_003": "16001", "P29_004": "福岡市立東箱崎小学校", "P29_005": "福岡県福岡市東区箱崎5-11-20", "P29_006": "3", "P29_007": "1", "P29_008": "00", "P29_009": null }, "geometry": { "type": "Point", "coordinates": [ 130.420478012564587, 33.628540584473015 ] } },
{ "type": "Feature", "properties": { "P29_001": "40131", "P29_002": "B140213000104", "P29_003": "16001", "P29_004": "福岡市立和白小学校", "P29_005": "福岡県福岡市東区塩浜1-6-1", "P29_006": "3", "P29_007": "1", "P29_008": "00", "P29_009": null }, "geometry": { "type": "Point", "coordinates": [ 130.42075754073673, 33.69283432656956 ] } },
{ "type": "Feature", "properties": { "P29_001": "40131", "P29_002": "B140213000113", "P29_003": "16001", "P29_004": "福岡市立千早小学校", "P29_005": "福岡県福岡市東区千早3-13-1", "P29_006": "3", "P29_007": "1", "P29_008": "00", "P29_009": null }, "geometry": { "type": "Point", "coordinates": [ 130.437399904402582, 33.652565524943725 ] } },
{ "type": "Feature", "properties": { "P29_001": "40131", "P29_002": "B140213000122", "P29_003": "16001", "P29_004": "福岡市立若宮小学校", "P29_005": "福岡県福岡市東区若宮3-12-1", "P29_006": "3", "P29_007": "1", "P29_008": "00", "P29_009": null }, "geometry": { "type": "Point", "coordinates": [ 130.446411255485344, 33.63903409654985 ] } },
{ "type": "Feature", "properties": { "P29_001": "40131", "P29_002": "B140213000131", "P29_003": "16001", "P29_004": "福岡市立城浜小学校", "P29_005": "福岡県福岡市東区城浜団地31-1", "P29_006": "3", "P29_007": "1", "P29_008": "00", "P29_009": null }, "geometry": { "type": "Point", "coordinates": [ 130.421719488351869, 33.648709443017239 ] } },
{ "type": "Feature", "properties": { "P29_001": "40131", "P29_002": "B140213000140", "P29_003": "16001", "P29_004": "福岡市立美和台小学校", "P29_005": "福岡県福岡市東区美和台2-25-1", "P29_006": "3", "P29_007": "1", "P29_008": "00", "P29_009": null }, "geometry": { "type": "Point", "coordinates": [ 130.427585466309637, 33.700671844112641 ] } },
{ "type": "Feature", "properties": { "P29_001": "40131", "P29_002": "B140213000159", "P29_003": "16001", "P29_004": "福岡市立八田小学校", "P29_005": "福岡県福岡市東区八田2-15-1", "P29_006": "3", "P29_007": "1", "P29_008": "00", "P29_009": null }, "geometry": { "type": "Point", "coordinates": [ 130.457460851107669, 33.636998112710586 ] } },
{ "type": "Feature", "properties": { "P29_001": "40131", "P29_002": "B140213000168", "P29_003": "16001", "P29_004": "福岡市立和白東小学校", "P29_005": "福岡県福岡市東区高美台2-8-1", "P29_006": "3", "P29_007": "1", "P29_008": "00", "P29_009": null }, "geometry": { "type": "Point", "coordinates": [ 130.446693036611748, 33.689496449828404 ] } },
{ "type": "Feature", "properties": { "P29_001": "40131", "P29_002": "B140213000177", "P29_003": "16001", "P29_004": "福岡市立舞松原小学校", "P29_005": "福岡県福岡市東区舞松原5-19-1", "P29_006": "3", "P29_007": "1", "P29_008": "00", "P29_009": null }, "geometry": { "type": "Point", "coordinates": [ 130.452320678749032, 33.644374949825583 ] } },
{ "type": "Feature", "properties": { "P29_001": "40131", "P29_002": "B140213000202", "P29_003": "16001", "P29_004": "福岡市立奈多小学校", "P29_005": "福岡県福岡市東区奈多団地40-1", "P29_006": "3", "P29_007": "1", "P29_008": "00", "P29_009": null }, "geometry": { "type": "Point", "coordinates": [ 130.412622715112121, 33.684461105039752 ] } },
{ "type": "Feature", "properties": { "P29_001": "40131", "P29_002": "B140213000220", "P29_003": "16001", "P29_004": "福岡市立香椎下原小学校", "P29_005": "福岡県福岡市東区下原1-4-1", "P29_006": "3", "P29_007": "1", "P29_008": "00", "P29_009": null }, "geometry": { "type": "Point", "coordinates": [ 130.455219104031926, 33.669912829707279 ] } },
{ "type": "Feature", "properties": { "P29_001": "40131", "P29_002": "B140213000248", "P29_003": "16001", "P29_004": "福岡市立松島小学校", "P29_005": "福岡県福岡市東区松島1-39-1", "P29_006": "3", "P29_007": "1", "P29_008": "00", "P29_009": null }, "geometry": { "type": "Point", "coordinates": [ 130.435110621818126, 33.625548204512768 ] } },
{ "type": "Feature", "properties": { "P29_001": "40131", "P29_002": "B140213000257", "P29_003": "16001", "P29_004": "福岡市立三苫小学校", "P29_005": "福岡県福岡市東区三苫7-2-1", "P29_006": "3", "P29_007": "1", "P29_008": "00", "P29_009": null }, "geometry": { "type": "Point", "coordinates": [ 130.420599147702234, 33.705694305485331 ] } },
{ "type": "Feature", "properties": { "P29_001": "40131", "P29_002": "B140213000266", "P29_003": "16001", "P29_004": "福岡市立照葉小学校", "P29_005": "福岡県福岡市東区香椎照葉2-2-1", "P29_006": "3", "P29_007": "1", "P29_008": "00", "P29_009": null }, "geometry": { "type": "Point", "coordinates": [ 130.423521370148563, 33.668584121001992 ] } },
{ "type": "Feature", "properties": { "P29_001": "40131", "P29_002": "B140213000275", "P29_003": "16001", "P29_004": "照葉北小学校", "P29_005": "福岡県福岡市東区香椎照葉7-5-1", "P29_006": "3", "P29_007": "1", "P29_008": "00", "P29_009": null }, "geometry": { "type": "Point", "coordinates": [ 130.421777996645744, 33.668514400050881 ] } },
{ "type": "Feature", "properties": { "P29_001": "40131", "P29_002": "B140213000284", "P29_003": "16001", "P29_004": "福岡市立西戸崎小学校", "P29_005": "福岡県福岡市東区西戸崎6-3-1", "P29_006": "3", "P29_007": "1", "P29_008": "00", "P29_009": null }, "geometry": { "type": "Point", "coordinates": [ 130.350618794978601, 33.652521384858154 ] } },
{ "type": "Feature", "properties": { "P29_001": "40132", "P29_002": "B140213000328", "P29_003": "16001", "P29_004": "福岡市立堅粕小学校", "P29_005": "福岡県福岡市博多区博多駅東1-8-1", "P29_006": "3", "P29_007": "1", "P29_008": "00", "P29_009": null }, "geometry": { "type": "Point", "coordinates": [ 130.422457330209426, 33.593238755703318 ] } },
{ "type": "Feature", "properties": { "P29_001": "40132", "P29_002": "B140213000346", "P29_003": "16001", "P29_004": "福岡市立吉塚小学校", "P29_005": "福岡県福岡市博多区吉塚2-21-54", "P29_006": "3", "P29_007": "1", "P29_008": "00", "P29_009": null }, "geometry": { "type": "Point", "coordinates": [ 130.427953660125382, 33.602108425358708 ] } },
{ "type": "Feature", "properties": { "P29_001": "40132", "P29_002": "B140213000355", "P29_003": "16001", "P29_004": "福岡市立東住吉小学校", "P29_005": "福岡県福岡市博多区博多駅南2-6-1", "P29_006": "3", "P29_007": "1", "P29_008": "00", "P29_009": null }, "geometry": { "type": "Point", "coordinates": [ 130.422684576614472, 33.583943817999398 ] } },
{ "type": "Feature", "properties": { "P29_001": "40132", "P29_002": "B140213000364", "P29_003": "16001", "P29_004": "福岡市立席田小学校", "P29_005": "福岡県福岡市博多区空港前4-17-1", "P29_006": "3", "P29_007": "1", "P29_008": "00", "P29_009": null }, "geometry": { "type": "Point", "coordinates": [ 130.454166364033028, 33.595967772600339 ] } },
{ "type": "Feature", "properties": { "P29_001": "40132", "P29_002": "B140213000373", "P29_003": "16001", "P29_004": "福岡市立月隈小学校", "P29_005": "福岡県福岡市博多区月隈3-30-1", "P29_006": "3", "P29_007": "1", "P29_008": "00", "P29_009": null }, "geometry": { "type": "Point", "coordinates": [ 130.465666871462105, 33.573763210837306 ] } },
{ "type": "Feature", "properties": { "P29_001": "40132", "P29_002": "B140213000382", "P29_003": "16001", "P29_004": "福岡市立春住小学校", "P29_005": "福岡県福岡市博多区博多駅南5-3-1", "P29_006": "3", "P29_007": "1", "P29_008": "00", "P29_009": null }, "geometry": { "type": "Point", "coordinates": [ 130.426752233548996, 33.579182351686775 ] } },
{ "type": "Feature", "properties": { "P29_001": "40132", "P29_002": "B140213000391", "P29_003": "16001", "P29_004": "福岡市立板付小学校", "P29_005": "福岡県福岡市博多区麦野2-3-1", "P29_006": "3", "P29_007": "1", "P29_008": "00", "P29_009": null }, "geometry": { "type": "Point", "coordinates": [ 130.457979241234568, 33.555933861110368 ] } },
{ "type": "Feature", "properties": { "P29_001": "40132", "P29_002": "B140213000408", "P29_003": "16001", "P29_004": "福岡市立那珂小学校", "P29_005": "福岡県福岡市博多区那珂3-10-1", "P29_006": "3", "P29_007": "1", "P29_008": "00", "P29_009": null }, "geometry": { "type": "Point", "coordinates": [ 130.43916866661877, 33.570452593513743 ] } },
{ "type": "Feature", "properties": { "P29_001": "40132", "P29_002": "B140213000417", "P29_003": "16001", "P29_004": "福岡市立那珂南小学校", "P29_005": "福岡県福岡市博多区元町3-1-1", "P29_006": "3", "P29_007": "1", "P29_008": "00", "P29_009": null }, "geometry": { "type": "Point", "coordinates": [ 130.464562041370414, 33.541063956943788 ] } },
{ "type": "Feature", "properties": { "P29_001": "40132", "P29_002": "B140213000426", "P29_003": "16001", "P29_004": "福岡市立東光小学校", "P29_005": "福岡県福岡市博多区東比恵2-21-1", "P29_006": "3", "P29_007": "1", "P29_008": "00", "P29_009": null }, "geometry": { "type": "Point", "coordinates": [ 130.43126367954153, 33.591923114753946 ] } },
{ "type": "Feature", "properties": { "P29_001": "40132", "P29_002": "B140213000435", "P29_003": "16001", "P29_004": "福岡市立東吉塚小学校", "P29_005": "福岡県福岡市博多区吉塚6-8-11", "P29_006": "3", "P29_007": "1", "P29_008": "00", "P29_009": null }, "geometry": { "type": "Point", "coordinates": [ 130.428135504879066, 33.606890297510688 ] } },
{ "type": "Feature", "properties": { "P29_001": "40132", "P29_002": "B140213000444", "P29_003": "16001", "P29_004": "福岡市立板付北小学校", "P29_005": "福岡県福岡市博多区板付2-2-20", "P29_006": "3", "P29_007": "1", "P29_008": "00", "P29_009": null }, "geometry": { "type": "Point", "coordinates": [ 130.450279986038908, 33.567244545232079 ] } },
{ "type": "Feature", "properties": { "P29_001": "40132", "P29_002": "B140213000453", "P29_003": "16001", "P29_004": "福岡市立東月隈小学校", "P29_005": "福岡県福岡市博多区東月隈4-17-1", "P29_006": "3", "P29_007": "1", "P29_008": "00", "P29_009": null }, "geometry": { "type": "Point", "coordinates": [ 130.473272047946608, 33.574982587400065 ] } },
{ "type": "Feature", "properties": { "P29_001": "40132", "P29_002": "B140213000462", "P29_003": "16001", "P29_004": "福岡市立三筑小学校", "P29_005": "福岡県福岡市博多区三筑2-9-1", "P29_006": "3", "P29_007": "1", "P29_008": "00", "P29_009": null }, "geometry": { "type": "Point", "coordinates": [ 130.455813891306718, 33.549469138275917 ] } },
{ "type": "Feature", "properties": { "P29_001": "40132", "P29_002": "B140213000471", "P29_003": "16001", "P29_004": "福岡市立弥生小学校", "P29_005": "福岡県福岡市博多区那珂4-9-1", "P29_006": "3", "P29_007": "1", "P29_008": "00", "P29_009": null }, "geometry": { "type": "Point", "coordinates": [ 130.446522072986852, 33.568944836321712 ] } },
{ "type": "Feature", "properties": { "P29_001": "40133", "P29_002": "B140213000499", "P29_003": "16001", "P29_004": "福岡市立当仁小学校", "P29_005": "福岡県福岡市中央区唐人町3-1-45", "P29_006": "3", "P29_007": "1", "P29_008": "00", "P29_009": null }, "geometry": { "type": "Point", "coordinates": [ 130.371605230325457, 33.592729562202116 ] } },
{ "type": "Feature", "properties": { "P29_001": "40133", "P29_002": "B140213000505", "P29_003": "16001", "P29_004": "福岡市立警固小学校", "P29_005": "福岡県福岡市中央区警固1-11-1", "P29_006": "3", "P29_007": "1", "P29_008": "00", "P29_009": null }, "geometry": { "type": "Point", "coordinates": [ 130.393062831235682, 33.584092165321195 ] } },
{ "type": "Feature", "properties": { "P29_001": "40133", "P29_002": "B140213000514", "P29_003": "16001", "P29_004": "福岡市立春吉小学校", "P29_005": "福岡県福岡市中央区春吉1-17-38", "P29_006": "3", "P29_007": "1", "P29_008": "00", "P29_009": null }, "geometry": { "type": "Point", "coordinates": [ 130.40741635457394, 33.584417106799869 ] } },
{ "type": "Feature", "properties": { "P29_001": "40133", "P29_002": "B140213000523", "P29_003": "16001", "P29_004": "福岡市立草ヶ江小学校", "P29_005": "福岡県福岡市中央区草香江2-3-5", "P29_006": "3", "P29_007": "1", "P29_008": "00", "P29_009": null }, "geometry": { "type": "Point", "coordinates": [ 130.37388369948664, 33.578901968412787 ] } },
{ "type": "Feature", "properties": { "P29_001": "40133", "P29_002": "B140213000532", "P29_003": "16001", "P29_004": "福岡市立平尾小学校", "P29_005": "福岡県福岡市中央区平尾3-29-1", "P29_006": "3", "P29_007": "1", "P29_008": "00", "P29_009": null }, "geometry": { "type": "Point", "coordinates": [ 130.39627114517225, 33.575686122408356 ] } },
{ "type": "Feature", "properties": { "P29_001": "40133", "P29_002": "B140213000541", "P29_003": "16001", "P29_004": "福岡市立高宮小学校", "P29_005": "福岡県福岡市中央区白金2-15-40", "P29_006": "3", "P29_007": "1", "P29_008": "00", "P29_009": null }, "geometry": { "type": "Point", "coordinates": [ 130.405606654070851, 33.576837970029814 ] } },
{ "type": "Feature", "properties": { "P29_001": "40133", "P29_002": "B140213000550", "P29_003": "16001", "P29_004": "福岡市立赤坂小学校", "P29_005": "福岡県福岡市中央区赤坂2-5-20", "P29_006": "3", "P29_007": "1", "P29_008": "00", "P29_009": null }, "geometry": { "type": "Point", "coordinates": [ 130.38726375454192, 33.58567159442994 ] } },
{ "type": "Feature", "properties": { "P29_001": "40133", "P29_002": "B140213000569", "P29_003": "16001", "P29_004": "福岡市立南当仁小学校", "P29_005": "福岡県福岡市中央区鳥飼2-4-61", "P29_006": "3", "P29_007": "1", "P29_008": "00", "P29_009": null }, "geometry": { "type": "Point", "coordinates": [ 130.370339609561853, 33.584354883639492 ] } },
{ "type": "Feature", "properties": { "P29_001": "40133", "P29_002": "B140213000587", "P29_003": "16001", "P29_004": "福岡市立小笹小学校", "P29_005": "福岡県福岡市中央区平和5-13-1", "P29_006": "3", "P29_007": "1", "P29_008": "00", "P29_009": null }, "geometry": { "type": "Point", "coordinates": [ 130.394960608534348, 33.563912609118958 ] } },
{ "type": "Feature", "properties": { "P29_001": "40133", "P29_002": "B140213000596", "P29_003": "16001", "P29_004": "福岡市立福浜小学校", "P29_005": "福岡県福岡市中央区福浜1-2-1", "P29_006": "3", "P29_007": "1", "P29_008": "00", "P29_009": null }, "geometry": { "type": "Point", "coordinates": [ 130.368424618379322, 33.597581677763209 ] } },
{ "type": "Feature", "properties": { "P29_001": "40134", "P29_002": "B140213000612", "P29_003": "16001", "P29_004": "福岡市立三宅小学校", "P29_005": "福岡県福岡市南区三宅2-23-1", "P29_006": "3", "P29_007": "1", "P29_008": "00", "P29_009": null }, "geometry": { "type": "Point", "coordinates": [ 130.426207979279468, 33.549538831551139 ] } },
{ "type": "Feature", "properties": { "P29_001": "40134", "P29_002": "B140213000621", "P29_003": "16001", "P29_004": "福岡市立花畑小学校", "P29_005": "福岡県福岡市南区花畑3-34-1", "P29_006": "3", "P29_007": "1", "P29_008": "00", "P29_009": null }, "geometry": { "type": "Point", "coordinates": [ 130.401442031904338, 33.533179909838559 ] } },
{ "type": "Feature", "properties": { "P29_001": "40134", "P29_002": "B140213000630", "P29_003": "16001", "P29_004": "福岡市立玉川小学校", "P29_005": "福岡県福岡市南区向野1-5-1", "P29_006": "3", "P29_007": "1", "P29_008": "00", "P29_009": null }, "geometry": { "type": "Point", "coordinates": [ 130.421382082426277, 33.563433393073566 ] } },
{ "type": "Feature", "properties": { "P29_001": "40134", "P29_002": "B140213000649", "P29_003": "16001", "P29_004": "福岡市立西高宮小学校", "P29_005": "福岡県福岡市南区平和1-6-55", "P29_006": "3", "P29_007": "1", "P29_008": "00", "P29_009": null }, "geometry": { "type": "Point", "coordinates": [ 130.402690652269968, 33.569974084307425 ] } },
{ "type": "Feature", "properties": { "P29_001": "40134", "P29_002": "B140213000658", "P29_003": "16001", "P29_004": "福岡市立曰佐小学校", "P29_005": "福岡県福岡市南区横手3-42-1", "P29_006": "3", "P29_007": "1", "P29_008": "00", "P29_009": null }, "geometry": { "type": "Point", "coordinates": [ 130.43706994616258, 33.544373821141832 ] } },
{ "type": "Feature", "properties": { "P29_001": "40134", "P29_002": "B140213000667", "P29_003": "16001", "P29_004": "福岡市立宮竹小学校", "P29_005": "福岡県福岡市南区井尻1-1-1", "P29_006": "3", "P29_007": "1", "P29_008": "00", "P29_009": null }, "geometry": { "type": "Point", "coordinates": [ 130.44140222418892, 33.557550691452747 ] } },
{ "type": "Feature", "properties": { "P29_001": "40134", "P29_002": "B140213000676", "P29_003": "16001", "P29_004": "福岡市立大楠小学校", "P29_005": "福岡県福岡市南区大楠3-10-1", "P29_006": "3", "P29_007": "1", "P29_008": "00", "P29_009": null }, "geometry": { "type": "Point", "coordinates": [ 130.414380336946095, 33.570929847921875 ] } },
{ "type": "Feature", "properties": { "P29_001": "40134", "P29_002": "B140213000685", "P29_003": "16001", "P29_004": "福岡市立若久小学校", "P29_005": "福岡県福岡市南区若久1-12-1", "P29_006": "3", "P29_007": "1", "P29_008": "00", "P29_009": null }, "geometry": { "type": "Point", "coordinates": [ 130.412168531589572, 33.554972587810362 ] } },
{ "type": "Feature", "properties": { "P29_001": "40134", "P29_002": "B140213000694", "P29_003": "16001", "P29_004": "福岡市立老司小学校", "P29_005": "福岡県福岡市南区老司3-2-1", "P29_006": "3", "P29_007": "1", "P29_008": "00", "P29_009": null }, "geometry": { "type": "Point", "coordinates": [ 130.422256290724761, 33.534979246459514 ] } },
{ "type": "Feature", "properties": { "P29_001": "40134", "P29_002": "B140213000701", "P29_003": "16001", "P29_004": "福岡市立長住小学校", "P29_005": "福岡県福岡市南区長住4-5-39", "P29_006": "3", "P29_007": "1", "P29_008": "00", "P29_009": null }, "geometry": { "type": "Point", "coordinates": [ 130.394893864171962, 33.548166242039834 ] } },
{ "type": "Feature", "properties": { "P29_001": "40134", "P29_002": "B140213000710", "P29_003": "16001", "P29_004": "福岡市立筑紫丘小学校", "P29_005": "福岡県福岡市南区南大橋1-13-1", "P29_006": "3", "P29_007": "1", "P29_008": "00", "P29_009": null }, "geometry": { "type": "Point", "coordinates": [ 130.421070161840106, 33.554542130662178 ] } },
{ "type": "Feature", "properties": { "P29_001": "40134", "P29_002": "B140213000729", "P29_003": "16001", "P29_004": "福岡市立西花畑小学校", "P29_005": "福岡県福岡市南区桧原2-20-1", "P29_006": "3", "P29_007": "1", "P29_008": "00", "P29_009": null }, "geometry": { "type": "Point", "coordinates": [ 130.396894056947502, 33.539886494999294 ] } },
{ "type": "Feature", "properties": { "P29_001": "40134", "P29_002": "B140213000738", "P29_003": "16001", "P29_004": "福岡市立弥永小学校", "P29_005": "福岡県福岡市南区弥永4-2-1", "P29_006": "3", "P29_007": "1", "P29_008": "00", "P29_009": null }, "geometry": { "type": "Point", "coordinates": [ 130.435235342558116, 33.529325609218532 ] } },
{ "type": "Feature", "properties": { "P29_001": "40134", "P29_002": "B140213000747", "P29_003": "16001", "P29_004": "福岡市立東花畑小学校", "P29_005": "福岡県福岡市南区屋形原2-23-1", "P29_006": "3", "P29_007": "1", "P29_008": "00", "P29_009": null }, "geometry": { "type": "Point", "coordinates": [ 130.40952168854173, 33.538168916156977 ] } },
{ "type": "Feature", "properties": { "P29_001": "40134", "P29_002": "B140213000756", "P29_003": "16001", "P29_004": "福岡市立長丘小学校", "P29_005": "福岡県福岡市南区長丘2-22-42", "P29_006": "3", "P29_007": "1", "P29_008": "00", "P29_009": null }, "geometry": { "type": "Point", "coordinates": [ 130.396455048499831, 33.557021192899832 ] } },
{ "type": "Feature", "properties": { "P29_001": "40134", "P29_002": "B140213000765", "P29_003": "16001", "P29_004": "福岡市立西長住小学校", "P29_005": "福岡県福岡市南区西長住1-9-20", "P29_006": "3", "P29_007": "1", "P29_008": "00", "P29_009": null }, "geometry": { "type": "Point", "coordinates": [ 130.389820426811752, 33.551115970610439 ] } },
{ "type": "Feature", "properties": { "P29_001": "40134", "P29_002": "B140213000774", "P29_003": "16001", "P29_004": "福岡市立弥永西小学校", "P29_005": "福岡県福岡市南区弥永2-10-1", "P29_006": "3", "P29_007": "1", "P29_008": "00", "P29_009": null }, "geometry": { "type": "Point", "coordinates": [ 130.429933186555047, 33.526119821301045 ] } },
{ "type": "Feature", "properties": { "P29_001": "40134", "P29_002": "B140213000783", "P29_003": "16001", "P29_004": "福岡市立東若久小学校", "P29_005": "福岡県福岡市南区若久3-37-1", "P29_006": "3", "P29_007": "1", "P29_008": "00", "P29_009": null }, "geometry": { "type": "Point", "coordinates": [ 130.416145503164159, 33.550310266017576 ] } },
{ "type": "Feature", "properties": { "P29_001": "40134", "P29_002": "B140213000792", "P29_003": "16001", "P29_004": "福岡市立鶴田小学校", "P29_005": "福岡県福岡市南区鶴田3-7-1", "P29_006": "3", "P29_007": "1", "P29_008": "00", "P29_009": null }, "geometry": { "type": "Point", "coordinates": [ 130.412073107131846, 33.528180314256929 ] } },
{ "type": "Feature", "properties": { "P29_001": "40134", "P29_002": "B140213000809", "P29_003": "16001", "P29_004": "福岡市立野多目小学校", "P29_005": "福岡県福岡市南区野多目2-6-1", "P29_006": "3", "P29_007": "1", "P29_008": "00", "P29_009": null }, "geometry": { "type": "Point", "coordinates": [ 130.424692146807104, 33.540634229958187 ] } },
{ "type": "Feature", "properties": { "P29_001": "40134", "P29_002": "B140213000818", "P29_003": "16001", "P29_004": "福岡市立高木小学校", "P29_005": "福岡県福岡市南区高木3-11-1", "P29_006": "3", "P29_007": "1", "P29_008": "00", "P29_009": null }, "geometry": { "type": "Point", "coordinates": [ 130.43567885820849, 33.556128035983555 ] } },
{ "type": "Feature", "properties": { "P29_001": "40134", "P29_002": "B140213000827", "P29_003": "16001", "P29_004": "福岡市立大池小学校", "P29_005": "福岡県福岡市南区多賀2-8-1", "P29_006": "3", "P29_007": "1", "P29_008": "00", "P29_009": null }, "geometry": { "type": "Point", "coordinates": [ 130.410076752108466, 33.559123425664474 ] } },
{ "type": "Feature", "properties": { "P29_001": "40134", "P29_002": "B140213000845", "P29_003": "16001", "P29_004": "福岡市立柏原小学校", "P29_005": "福岡県福岡市南区柏原5-21-1", "P29_006": "3", "P29_007": "1", "P29_008": "00", "P29_009": null }, "geometry": { "type": "Point", "coordinates": [ 130.39185092889258, 33.528176426353518 ] } },
{ "type": "Feature", "properties": { "P29_001": "40134", "P29_002": "B140213000854", "P29_003": "16001", "P29_004": "福岡市立横手小学校", "P29_005": "福岡県福岡市南区横手4-22-1", "P29_006": "3", "P29_007": "1", "P29_008": "00", "P29_009": null }, "geometry": { "type": "Point", "coordinates": [ 130.435910770832066, 33.549277511572342 ] } },
{ "type": "Feature", "properties": { "P29_001": "40135", "P29_002": "B140213000863", "P29_003": "16001", "P29_004": "福岡市立姪浜小学校", "P29_005": "福岡県福岡市西区姪の浜2-10-6", "P29_006": "3", "P29_007": "1", "P29_008": "00", "P29_009": null }, "geometry": { "type": "Point", "coordinates": [ 130.329724450754668, 33.588023655676274 ] } },
{ "type": "Feature", "properties": { "P29_001": "40135", "P29_002": "B140213000872", "P29_003": "16001", "P29_004": "福岡市立壱岐小学校", "P29_005": "福岡県福岡市西区拾六町3-21-1", "P29_006": "3", "P29_007": "1", "P29_008": "00", "P29_009": null }, "geometry": { "type": "Point", "coordinates": [ 130.30858094731596, 33.564373950643734 ] } },
{ "type": "Feature", "properties": { "P29_001": "40135", "P29_002": "B140213000890", "P29_003": "16001", "P29_004": "福岡市立今宿小学校", "P29_005": "福岡県福岡市西区今宿東1-27-1", "P29_006": "3", "P29_007": "1", "P29_008": "00", "P29_009": null }, "geometry": { "type": "Point", "coordinates": [ 130.273006856230097, 33.575826538965657 ] } },
{ "type": "Feature", "properties": { "P29_001": "40135", "P29_002": "B140213000925", "P29_003": "16001", "P29_004": "福岡市立金武小学校", "P29_005": "福岡県福岡市西区金武2028-1", "P29_006": "3", "P29_007": "1", "P29_008": "00", "P29_009": null }, "geometry": { "type": "Point", "coordinates": [ 130.318830463514843, 33.533656354905354 ] } },
{ "type": "Feature", "properties": { "P29_001": "40135", "P29_002": "B140213000934", "P29_003": "16001", "P29_004": "福岡市立周船寺小学校", "P29_005": "福岡県福岡市西区周船寺1-22-39", "P29_006": "3", "P29_007": "1", "P29_008": "00", "P29_009": null }, "geometry": { "type": "Point", "coordinates": [ 130.241498627865695, 33.570853523653263 ] } },
{ "type": "Feature", "properties": { "P29_001": "40135", "P29_002": "B140213000943", "P29_003": "16001", "P29_004": "福岡市立元岡小学校", "P29_005": "福岡県福岡市西区太郎丸1-2-24", "P29_006": "3", "P29_007": "1", "P29_008": "00", "P29_009": null }, "geometry": { "type": "Point", "coordinates": [ 130.239647657673942, 33.589762332864019 ] } },
{ "type": "Feature", "properties": { "P29_001": "40135", "P29_002": "B140213000952", "P29_003": "16001", "P29_004": "福岡市立北崎小学校", "P29_005": "福岡県福岡市西区小田1385", "P29_006": "3", "P29_007": "1", "P29_008": "00", "P29_009": null }, "geometry": { "type": "Point", "coordinates": [ 130.222925932738946, 33.633747083075519 ] } },
{ "type": "Feature", "properties": { "P29_001": "40135", "P29_002": "B140213000989", "P29_003": "16001", "P29_004": "福岡市立下山門小学校", "P29_005": "福岡県福岡市西区下山門4-15-1", "P29_006": "3", "P29_007": "1", "P29_008": "00", "P29_009": null }, "geometry": { "type": "Point", "coordinates": [ 130.310211271552248, 33.576337299908857 ] } },
{ "type": "Feature", "properties": { "P29_001": "40135", "P29_002": "B140213000998", "P29_003": "16001", "P29_004": "福岡市立壱岐南小学校", "P29_005": "福岡県福岡市西区戸切2-17-1", "P29_006": "3", "P29_007": "1", "P29_008": "00", "P29_009": null }, "geometry": { "type": "Point", "coordinates": [ 130.314732538180579, 33.554050217439197 ] } },
{ "type": "Feature", "properties": { "P29_001": "40135", "P29_002": "B140213001014", "P29_003": "16001", "P29_004": "福岡市立壱岐東小学校", "P29_005": "福岡県福岡市西区橋本1-14-1", "P29_006": "3", "P29_007": "1", "P29_008": "00", "P29_009": null }, "geometry": { "type": "Point", "coordinates": [ 130.31782426212817, 33.562505766364232 ] } },
{ "type": "Feature", "properties": { "P29_001": "40135", "P29_002": "B140213001023", "P29_003": "16001", "P29_004": "福岡市立石丸小学校", "P29_005": "福岡県福岡市西区石丸3-9-25", "P29_006": "3", "P29_007": "1", "P29_008": "00", "P29_009": null }, "geometry": { "type": "Point", "coordinates": [ 130.315151154487467, 33.572744866472739 ] } },
{ "type": "Feature", "properties": { "P29_001": "40135", "P29_002": "B140213001032", "P29_003": "16001", "P29_004": "福岡市立福重小学校", "P29_005": "福岡県福岡市西区福重4-25-1", "P29_006": "3", "P29_007": "1", "P29_008": "00", "P29_009": null }, "geometry": { "type": "Point", "coordinates": [ 130.325618519861166, 33.572067891830166 ] } },
{ "type": "Feature", "properties": { "P29_001": "40135", "P29_002": "B140213001041", "P29_003": "16001", "P29_004": "福岡市立愛宕小学校", "P29_005": "福岡県福岡市西区愛宕4-15-1", "P29_006": "3", "P29_007": "1", "P29_008": "00", "P29_009": null }, "geometry": { "type": "Point", "coordinates": [ 130.33956855922122, 33.586880144170529 ] } },
{ "type": "Feature", "properties": { "P29_001": "40135", "P29_002": "B140213001050", "P29_003": "16001", "P29_004": "福岡市立城原小学校", "P29_005": "福岡県福岡市西区上山門1-27-1", "P29_006": "3", "P29_007": "1", "P29_008": "00", "P29_009": null }, "geometry": { "type": "Point", "coordinates": [ 130.307855036446995, 33.570667714977048 ] } },
{ "type": "Feature", "properties": { "P29_001": "40135", "P29_002": "B140213001069", "P29_003": "16001", "P29_004": "福岡市立玄洋小学校", "P29_005": "福岡県福岡市西区今宿3-38-1", "P29_006": "3", "P29_007": "1", "P29_008": "00", "P29_009": null }, "geometry": { "type": "Point", "coordinates": [ 130.264797959508741, 33.580101320535086 ] } },
{ "type": "Feature", "properties": { "P29_001": "40135", "P29_002": "B140213001078", "P29_003": "16001", "P29_004": "福岡市立愛宕浜小学校", "P29_005": "福岡県福岡市西区愛宕浜4-42-1", "P29_006": "3", "P29_007": "1", "P29_008": "00", "P29_009": null }, "geometry": { "type": "Point", "coordinates": [ 130.330173873374378, 33.595403446774057 ] } },
{ "type": "Feature", "properties": { "P29_001": "40135", "P29_002": "B140213001096", "P29_003": "16001", "P29_004": "福岡市立西都小学校", "P29_005": "福岡県福岡市西区女原北12-45", "P29_006": "3", "P29_007": "1", "P29_008": "00", "P29_009": null }, "geometry": { "type": "Point", "coordinates": [ 130.265113006368836, 33.575602379082774 ] } },
{ "type": "Feature", "properties": { "P29_001": "40136", "P29_002": "B140213001103", "P29_003": "16001", "P29_004": "福岡市立長尾小学校", "P29_005": "福岡県福岡市城南区長尾5-1-1", "P29_006": "3", "P29_007": "1", "P29_008": "00", "P29_009": null }, "geometry": { "type": "Point", "coordinates": [ 130.381205074956739, 33.557337972223415 ] } },
{ "type": "Feature", "properties": { "P29_001": "40136", "P29_002": "B140213001121", "P29_003": "16001", "P29_004": "福岡市立別府小学校", "P29_005": "福岡県福岡市城南区別府6-9-1", "P29_006": "3", "P29_007": "1", "P29_008": "00", "P29_009": null }, "geometry": { "type": "Point", "coordinates": [ 130.366871867832714, 33.569544428215067 ] } },
{ "type": "Feature", "properties": { "P29_001": "40136", "P29_002": "B140213001130", "P29_003": "16001", "P29_004": "福岡市立七隈小学校", "P29_005": "福岡県福岡市城南区七隈4-25-8", "P29_006": "3", "P29_007": "1", "P29_008": "00", "P29_009": null }, "geometry": { "type": "Point", "coordinates": [ 130.358589161779349, 33.5546094006178 ] } },
{ "type": "Feature", "properties": { "P29_001": "40136", "P29_002": "B140213001149", "P29_003": "16001", "P29_004": "福岡市立堤小学校", "P29_005": "福岡県福岡市城南区樋井川6-27-56", "P29_006": "3", "P29_007": "1", "P29_008": "00", "P29_009": null }, "geometry": { "type": "Point", "coordinates": [ 130.384191687719209, 33.541746728002082 ] } },
{ "type": "Feature", "properties": { "P29_001": "40136", "P29_002": "B140213001158", "P29_003": "16001", "P29_004": "福岡市立城南小学校", "P29_005": "福岡県福岡市城南区茶山6-20-1", "P29_006": "3", "P29_007": "1", "P29_008": "00", "P29_009": null }, "geometry": { "type": "Point", "coordinates": [ 130.361123063773817, 33.567504914663218 ] } },
{ "type": "Feature", "properties": { "P29_001": "40136", "P29_002": "B140213001167", "P29_003": "16001", "P29_004": "福岡市立金山小学校", "P29_005": "福岡県福岡市城南区松山1-20-56", "P29_006": "3", "P29_007": "1", "P29_008": "00", "P29_009": null }, "geometry": { "type": "Point", "coordinates": [ 130.367667694115994, 33.556602906905937 ] } },
{ "type": "Feature", "properties": { "P29_001": "40136", "P29_002": "B140213001176", "P29_003": "16001", "P29_004": "福岡市立片江小学校", "P29_005": "福岡県福岡市城南区片江4-5-1", "P29_006": "3", "P29_007": "1", "P29_008": "00", "P29_009": null }, "geometry": { "type": "Point", "coordinates": [ 130.372489442362451, 33.551082652347645 ] } },
{ "type": "Feature", "properties": { "P29_001": "40136", "P29_002": "B140213001185", "P29_003": "16001", "P29_004": "福岡市立南片江小学校", "P29_005": "福岡県福岡市城南区南片江2-9-1", "P29_006": "3", "P29_007": "1", "P29_008": "00", "P29_009": null }, "geometry": { "type": "Point", "coordinates": [ 130.374700435876122, 33.543981252089097 ] } },
{ "type": "Feature", "properties": { "P29_001": "40136", "P29_002": "B140213001194", "P29_003": "16001", "P29_004": "福岡市立田島小学校", "P29_005": "福岡県福岡市城南区田島3-20-1", "P29_006": "3", "P29_007": "1", "P29_008": "00", "P29_009": null }, "geometry": { "type": "Point", "coordinates": [ 130.368542764162896, 33.564664542691659 ] } },
{ "type": "Feature", "properties": { "P29_001": "40136", "P29_002": "B140213001201", "P29_003": "16001", "P29_004": "福岡市立堤丘小学校", "P29_005": "福岡県福岡市城南区堤1-16-1", "P29_006": "3", "P29_007": "1", "P29_008": "00", "P29_009": null }, "geometry": { "type": "Point", "coordinates": [ 130.379422999529595, 33.545598181366096 ] } },
{ "type": "Feature", "properties": { "P29_001": "40137", "P29_002": "B140213001210", "P29_003": "16001", "P29_004": "福岡市立西新小学校", "P29_005": "福岡県福岡市早良区西新6-4-1", "P29_006": "3", "P29_007": "1", "P29_008": "00", "P29_009": null }, "geometry": { "type": "Point", "coordinates": [ 130.355184976407202, 33.586159176621223 ] } },
{ "type": "Feature", "properties": { "P29_001": "40137", "P29_002": "B140213001229", "P29_003": "16001", "P29_004": "福岡市立原小学校", "P29_005": "福岡県福岡市早良区原2-5-1", "P29_006": "3", "P29_007": "1", "P29_008": "00", "P29_009": null }, "geometry": { "type": "Point", "coordinates": [ 130.34945270561866, 33.568769491511745 ] } },
{ "type": "Feature", "properties": { "P29_001": "40137", "P29_002": "B140213001238", "P29_003": "16001", "P29_004": "福岡市立高取小学校", "P29_005": "福岡県福岡市早良区昭代2-15-51", "P29_006": "3", "P29_007": "1", "P29_008": "00", "P29_009": null }, "geometry": { "type": "Point", "coordinates": [ 130.352540598930773, 33.576894065620777 ] } },
{ "type": "Feature", "properties": { "P29_001": "40137", "P29_002": "B140213001247", "P29_003": "16001", "P29_004": "福岡市立百道小学校", "P29_005": "福岡県福岡市早良区百道3-1-1", "P29_006": "3", "P29_007": "1", "P29_008": "00", "P29_009": null }, "geometry": { "type": "Point", "coordinates": [ 130.347528847091183, 33.585002358805539 ] } },
{ "type": "Feature", "properties": { "P29_001": "40137", "P29_002": "B140213001256", "P29_003": "16001", "P29_004": "福岡市立田隈小学校", "P29_005": "福岡県福岡市早良区田隈2-7-1", "P29_006": "3", "P29_007": "1", "P29_008": "00", "P29_009": null }, "geometry": { "type": "Point", "coordinates": [ 130.338611230169732, 33.544589509087942 ] } },
{ "type": "Feature", "properties": { "P29_001": "40137", "P29_002": "B140213001274", "P29_003": "16001", "P29_004": "福岡市立原西小学校", "P29_005": "福岡県福岡市早良区原5-16-10", "P29_006": "3", "P29_007": "1", "P29_008": "00", "P29_009": null }, "geometry": { "type": "Point", "coordinates": [ 130.339037032598043, 33.564663704838608 ] } },
{ "type": "Feature", "properties": { "P29_001": "40137", "P29_002": "B140213001283", "P29_003": "16001", "P29_004": "福岡市立原北小学校", "P29_005": "福岡県福岡市早良区南庄4-5-40", "P29_006": "3", "P29_007": "1", "P29_008": "00", "P29_009": null }, "geometry": { "type": "Point", "coordinates": [ 130.33419142729494, 33.574857522036844 ] } },
{ "type": "Feature", "properties": { "P29_001": "40137", "P29_002": "B140213001292", "P29_003": "16001", "P29_004": "福岡市立飯倉小学校", "P29_005": "福岡県福岡市早良区飯倉7-30-9", "P29_006": "3", "P29_007": "1", "P29_008": "00", "P29_009": null }, "geometry": { "type": "Point", "coordinates": [ 130.349923700966201, 33.55737713241475 ] } },
{ "type": "Feature", "properties": { "P29_001": "40137", "P29_002": "B140213001309", "P29_003": "16001", "P29_004": "福岡市立賀茂小学校", "P29_005": "福岡県福岡市早良区賀茂1-31-1", "P29_006": "3", "P29_007": "1", "P29_008": "00", "P29_009": null }, "geometry": { "type": "Point", "coordinates": [ 130.340115945769185, 33.552135103124854 ] } },
{ "type": "Feature", "properties": { "P29_001": "40137", "P29_002": "B140213001318", "P29_003": "16001", "P29_004": "福岡市立有田小学校", "P29_005": "福岡県福岡市早良区有田8-17-1", "P29_006": "3", "P29_007": "1", "P29_008": "00", "P29_009": null }, "geometry": { "type": "Point", "coordinates": [ 130.328456018547314, 33.557434500881818 ] } },
{ "type": "Feature", "properties": { "P29_001": "40137", "P29_002": "B140213001327", "P29_003": "16001", "P29_004": "福岡市立野芥小学校", "P29_005": "福岡県福岡市早良区野芥7-16-1", "P29_006": "3", "P29_007": "1", "P29_008": "00", "P29_009": null }, "geometry": { "type": "Point", "coordinates": [ 130.342053912205103, 33.53948334972042 ] } },
{ "type": "Feature", "properties": { "P29_001": "40137", "P29_002": "B140213001345", "P29_003": "16001", "P29_004": "福岡市立四箇田小学校", "P29_005": "福岡県福岡市早良区四箇田団地56-1", "P29_006": "3", "P29_007": "1", "P29_008": "00", "P29_009": null }, "geometry": { "type": "Point", "coordinates": [ 130.331353909150778, 33.533672674909909 ] } },
{ "type": "Feature", "properties": { "P29_001": "40137", "P29_002": "B140213001354", "P29_003": "16001", "P29_004": "福岡市立飯原小学校", "P29_005": "福岡県福岡市早良区原7-3-1", "P29_006": "3", "P29_007": "1", "P29_008": "00", "P29_009": null }, "geometry": { "type": "Point", "coordinates": [ 130.346117066553859, 33.562316953992067 ] } },
{ "type": "Feature", "properties": { "P29_001": "40137", "P29_002": "B140213001363", "P29_003": "16001", "P29_004": "福岡市立有住小学校", "P29_005": "福岡県福岡市早良区有田7-17-1", "P29_006": "3", "P29_007": "1", "P29_008": "00", "P29_009": null }, "geometry": { "type": "Point", "coordinates": [ 130.331235076011922, 33.560938433790241 ] } },
{ "type": "Feature", "properties": { "P29_001": "40137", "P29_002": "B140213001372", "P29_003": "16001", "P29_004": "福岡市立早良小学校", "P29_005": "福岡県福岡市早良区早良1-8-1", "P29_006": "3", "P29_007": "1", "P29_008": "00", "P29_009": null }, "geometry": { "type": "Point", "coordinates": [ 130.337205873053762, 33.505253921676704 ] } },
{ "type": "Feature", "properties": { "P29_001": "40137", "P29_002": "B140213001381", "P29_003": "16001", "P29_004": "福岡市立田村小学校", "P29_005": "福岡県福岡市早良区田村3-32-1", "P29_006": "3", "P29_007": "1", "P29_008": "00", "P29_009": null }, "geometry": { "type": "Point", "coordinates": [ 130.330749298855267, 33.541748601620462 ] } },
{ "type": "Feature", "properties": { "P29_001": "40137", "P29_002": "B140213001390", "P29_003": "16001", "P29_004": "福岡市立飯倉中央小学校", "P29_005": "福岡県福岡市早良区飯倉3-6-35", "P29_006": "3", "P29_007": "1", "P29_008": "00", "P29_009": null }, "geometry": { "type": "Point", "coordinates": [ 130.350974486568248, 33.565991633279943 ] } },
{ "type": "Feature", "properties": { "P29_001": "40137", "P29_002": "B140213001407", "P29_003": "16001", "P29_004": "福岡市立小田部小学校", "P29_005": "福岡県福岡市早良区小田部6-4-1", "P29_006": "3", "P29_007": "1", "P29_008": "00", "P29_009": null }, "geometry": { "type": "Point", "coordinates": [ 130.328689872358922, 33.57368084018421 ] } },
{ "type": "Feature", "properties": { "P29_001": "40137", "P29_002": "B140213001425", "P29_003": "16001", "P29_004": "福岡市立入部小学校", "P29_005": "福岡県福岡市早良区東入部2-21-15", "P29_006": "3", "P29_007": "1", "P29_008": "00", "P29_009": null }, "geometry": { "type": "Point", "coordinates": [ 130.337968612346856, 33.521457635572226 ] } },
{ "type": "Feature", "properties": { "P29_001": "40137", "P29_002": "B140213001443", "P29_003": "16001", "P29_004": "福岡市立内野小学校", "P29_005": "福岡県福岡市早良区内野8-15-1", "P29_006": "3", "P29_007": "1", "P29_008": "00", "P29_009": null }, "geometry": { "type": "Point", "coordinates": [ 130.337193161811854, 33.493256344968763 ] } },
{ "type": "Feature", "properties": { "P29_001": "40202", "P29_002": "B140220200027", "P29_003": "16001", "P29_004": "大牟田市立大正小学校", "P29_005": "福岡県大牟田市大正町5-5-9", "P29_006": "3", "P29_007": "1", "P29_008": "00", "P29_009": null }, "geometry": { "type": "Point", "coordinates": [ 130.43966588861187, 33.030220066511355 ] } },
{ "type": "Feature", "properties": { "P29_001": "40202", "P29_002": "B140220200036", "P29_003": "16001", "P29_004": "大牟田市立中友小学校", "P29_005": "福岡県大牟田市中友町1-20", "P29_006": "3", "P29_007": "1", "P29_008": "00", "P29_009": null }, "geometry": { "type": "Point", "coordinates": [ 130.441512860532526, 33.035111815368751 ] } },
{ "type": "Feature", "properties": { "P29_001": "40202", "P29_002": "B140220200045", "P29_003": "16001", "P29_004": "大牟田市立明治小学校", "P29_005": "福岡県大牟田市明治町2-21-1", "P29_006": "3", "P29_007": "1", "P29_008": "00", "P29_009": null }, "geometry": { "type": "Point", "coordinates": [ 130.445730132514399, 33.041320713734464 ] } },
{ "type": "Feature", "properties": { "P29_001": "40202", "P29_002": "B140220200063", "P29_003": "16001", "P29_004": "大牟田市立平原小学校", "P29_005": "福岡県大牟田市平原町333", "P29_006": "3", "P29_007": "1", "P29_008": "00", "P29_009": null }, "geometry": { "type": "Point", "coordinates": [ 130.464612932745894, 33.039342558377037 ] } },
{ "type": "Feature", "properties": { "P29_001": "40202", "P29_002": "B140220200081", "P29_003": "16001", "P29_004": "大牟田市立三池小学校", "P29_005": "福岡県大牟田市大字新町289-1", "P29_006": "3", "P29_007": "1", "P29_008": "00", "P29_009": null }, "geometry": { "type": "Point", "coordinates": [ 130.483304740773065, 33.046019736652013 ] } },
{ "type": "Feature", "properties": { "P29_001": "40202", "P29_002": "B140220200090", "P29_003": "16001", "P29_004": "大牟田市立銀水小学校", "P29_005": "福岡県大牟田市大字田隈239", "P29_006": "3", "P29_007": "1", "P29_008": "00", "P29_009": null }, "geometry": { "type": "Point", "coordinates": [ 130.475000589540144, 33.054848336482117 ] } },
{ "type": "Feature", "properties": { "P29_001": "40202", "P29_002": "B140220200116", "P29_003": "16001", "P29_004": "大牟田市立吉野小学校", "P29_005": "福岡県大牟田市大字白銀967-17", "P29_006": "3", "P29_007": "1", "P29_008": "00", "P29_009": null }, "geometry": { "type": "Point", "coordinates": [ 130.484169126403231, 33.07337507593563 ] } },
{ "type": "Feature", "properties": { "P29_001": "40202", "P29_002": "B140220200125", "P29_003": "16001", "P29_004": "大牟田市立倉永小学校", "P29_005": "福岡県大牟田市大字倉永1307", "P29_006": "3", "P29_007": "1", "P29_008": "00", "P29_009": null }, "geometry": { "type": "Point", "coordinates": [ 130.46101927344327, 33.080056326772038 ] } },
{ "type": "Feature", "properties": { "P29_001": "40202", "P29_002": "B140220200134", "P29_003": "16001", "P29_004": "大牟田市立手鎌小学校", "P29_005": "福岡県大牟田市大字唐船395", "P29_006": "3", "P29_007": "1", "P29_008": "00", "P29_009": null }, "geometry": { "type": "Point", "coordinates": [ 130.447315780419643, 33.05896017396207 ] } },
{ "type": "Feature", "properties": { "P29_001": "40202", "P29_002": "B140220200143", "P29_003": "16001", "P29_004": "大牟田市立羽山台小学校", "P29_005": "福岡県大牟田市草木587-3", "P29_006": "3", "P29_007": "1", "P29_008": "00", "P29_009": null }, "geometry": { "type": "Point", "coordinates": [ 130.469474895998928, 33.049917248504691 ] } },
{ "type": "Feature", "properties": { "P29_001": "40202", "P29_002": "B140220200152", "P29_003": "16001", "P29_004": "大牟田市立みなと小学校", "P29_005": "福岡県大牟田市上屋敷町2-3-1", "P29_006": "3", "P29_007": "1", "P29_008": "00", "P29_009": null }, "geometry": { "type": "Point", "coordinates": [ 130.430789026382143, 33.010457695736065 ] } },
{ "type": "Feature", "properties": { "P29_001": "40202", "P29_002": "B140220200161", "P29_003": "16001", "P29_004": "大牟田市立天領小学校", "P29_005": "福岡県大牟田市天領町1-145-1", "P29_006": "3", "P29_007": "1", "P29_008": "00", "P29_009": null }, "geometry": { "type": "Point", "coordinates": [ 130.434331454989064, 33.016812693526013 ] } },
{ "type": "Feature", "properties": { "P29_001": "40202", "P29_002": "B140220200189", "P29_003": "16001", "P29_004": "大牟田市立大牟田中央小学校", "P29_005": "福岡県大牟田市笹林町1-1-3", "P29_006": "3", "P29_007": "1", "P29_008": "00", "P29_009": null }, "geometry": { "type": "Point", "coordinates": [ 130.447596575838304, 33.028594937033851 ] } },
{ "type": "Feature", "properties": { "P29_001": "40202", "P29_002": "B140220200198", "P29_003": "16001", "P29_004": "大牟田市立駛馬小学校", "P29_005": "福岡県大牟田市馬場町17", "P29_006": "3", "P29_007": "1", "P29_008": "00", "P29_009": null }, "geometry": { "type": "Point", "coordinates": [ 130.450021350441915, 33.014786937457629 ] } },
{ "type": "Feature", "properties": { "P29_001": "40203", "P29_002": "B140220300017", "P29_003": "16001", "P29_004": "久留米市立西国分小学校", "P29_005": "福岡県久留米市諏訪野町1972-1", "P29_006": "3", "P29_007": "1", "P29_008": "00", "P29_009": null }, "geometry": { "type": "Point", "coordinates": [ 130.526407151051501, 33.303656587173698 ] } },
{ "type": "Feature", "properties": { "P29_001": "40203", "P29_002": "B140220300026", "P29_003": "16001", "P29_004": "久留米市立荘島小学校", "P29_005": "福岡県久留米市荘島町19-4", "P29_006": "3", "P29_007": "1", "P29_008": "00", "P29_009": null }, "geometry": { "type": "Point", "coordinates": [ 130.507004181125438, 33.314312915150175 ] } },
{ "type": "Feature", "properties": { "P29_001": "40203", "P29_002": "B140220300035", "P29_003": "16001", "P29_004": "久留米市立日吉小学校", "P29_005": "福岡県久留米市日吉町77-1", "P29_006": "3", "P29_007": "1", "P29_008": "00", "P29_009": null }, "geometry": { "type": "Point", "coordinates": [ 130.515432770119844, 33.315226975898433 ] } },
{ "type": "Feature", "properties": { "P29_001": "40203", "P29_002": "B140220300044", "P29_003": "16001", "P29_004": "久留米市立篠山小学校", "P29_005": "福岡県久留米市篠山町270-1", "P29_006": "3", "P29_007": "1", "P29_008": "00", "P29_009": null }, "geometry": { "type": "Point", "coordinates": [ 130.507955749074227, 33.323046312871853 ] } },
{ "type": "Feature", "properties": { "P29_001": "40203", "P29_002": "B140220300053", "P29_003": "16001", "P29_004": "久留米市立京町小学校", "P29_005": "福岡県久留米市京町256", "P29_006": "3", "P29_007": "1", "P29_008": "00", "P29_009": null }, "geometry": { "type": "Point", "coordinates": [ 130.498122789308042, 33.320132467417281 ] } },
{ "type": "Feature", "properties": { "P29_001": "40203", "P29_002": "B140220300062", "P29_003": "16001", "P29_004": "久留米市立南薫小学校", "P29_005": "福岡県久留米市南薫西町1951-1", "P29_006": "3", "P29_007": "1", "P29_008": "00", "P29_009": null }, "geometry": { "type": "Point", "coordinates": [ 130.523551296398722, 33.317952943226516 ] } },
{ "type": "Feature", "properties": { "P29_001": "40203", "P29_002": "B140220300071", "P29_003": "16001", "P29_004": "久留米市立鳥飼小学校", "P29_005": "福岡県久留米市梅満町977", "P29_006": "3", "P29_007": "1", "P29_008": "00", "P29_009": null }, "geometry": { "type": "Point", "coordinates": [ 130.502077359039589, 33.307407144487279 ] } },
{ "type": "Feature", "properties": { "P29_001": "40203", "P29_002": "B140220300080", "P29_003": "16001", "P29_004": "久留米市立長門石小学校", "P29_005": "福岡県久留米市長門石3-9-12", "P29_006": "3", "P29_007": "1", "P29_008": "00", "P29_009": null }, "geometry": { "type": "Point", "coordinates": [ 130.486593311831484, 33.327643543818887 ] } },
{ "type": "Feature", "properties": { "P29_001": "40203", "P29_002": "B140220300099", "P29_003": "16001", "P29_004": "久留米市立小森野小学校", "P29_005": "福岡県久留米市小森野5-21-23", "P29_006": "3", "P29_007": "1", "P29_008": "00", "P29_009": null }, "geometry": { "type": "Point", "coordinates": [ 130.517752939777665, 33.339324719279176 ] } },
{ "type": "Feature", "properties": { "P29_001": "40203", "P29_002": "B140220300106", "P29_003": "16001", "P29_004": "久留米市立金丸小学校", "P29_005": "福岡県久留米市原古賀町28-2", "P29_006": "3", "P29_007": "1", "P29_008": "00", "P29_009": null }, "geometry": { "type": "Point", "coordinates": [ 130.51213650842331, 33.309213267024703 ] } },
{ "type": "Feature", "properties": { "P29_001": "40203", "P29_002": "B140220300115", "P29_003": "16001", "P29_004": "久留米市立東国分小学校", "P29_005": "福岡県久留米市国分町444-1", "P29_006": "3", "P29_007": "1", "P29_008": "00", "P29_009": null }, "geometry": { "type": "Point", "coordinates": [ 130.539952903134406, 33.299434395597416 ] } },
{ "type": "Feature", "properties": { "P29_001": "40203", "P29_002": "B140220300124", "P29_003": "16001", "P29_004": "久留米市立御井小学校", "P29_005": "福岡県久留米市御井町599-2", "P29_006": "3", "P29_007": "1", "P29_008": "00", "P29_009": null }, "geometry": { "type": "Point", "coordinates": [ 130.554834003123119, 33.307177622436811 ] } },
{ "type": "Feature", "properties": { "P29_001": "40203", "P29_002": "B140220300133", "P29_003": "16001", "P29_004": "久留米市立南小学校", "P29_005": "福岡県久留米市南2-16-1", "P29_006": "3", "P29_007": "1", "P29_008": "00", "P29_009": null }, "geometry": { "type": "Point", "coordinates": [ 130.524447276449422, 33.296482297152529 ] } },
{ "type": "Feature", "properties": { "P29_001": "40203", "P29_002": "B140220300142", "P29_003": "16001", "P29_004": "久留米市立合川小学校", "P29_005": "福岡県久留米市合川町471-1", "P29_006": "3", "P29_007": "1", "P29_008": "00", "P29_009": null }, "geometry": { "type": "Point", "coordinates": [ 130.543597208451445, 33.317187981869495 ] } },
{ "type": "Feature", "properties": { "P29_001": "40203", "P29_002": "B140220300151", "P29_003": "16001", "P29_004": "久留米市立山川小学校", "P29_005": "福岡県久留米市山川追分2-10-2", "P29_006": "3", "P29_007": "1", "P29_008": "00", "P29_009": null }, "geometry": { "type": "Point", "coordinates": [ 130.568550191902062, 33.313407324845414 ] } },
{ "type": "Feature", "properties": { "P29_001": "40203", "P29_002": "B140220300179", "P29_003": "16001", "P29_004": "久留米市立高良内小学校", "P29_005": "福岡県久留米市高良内町523-1", "P29_006": "3", "P29_007": "1", "P29_008": "00", "P29_009": null }, "geometry": { "type": "Point", "coordinates": [ 130.56136732041108, 33.293005063952997 ] } },
{ "type": "Feature", "properties": { "P29_001": "40203", "P29_002": "B140220300188", "P29_003": "16001", "P29_004": "久留米市立宮ノ陣小学校", "P29_005": "福岡県久留米市宮ノ陣町大杜393-1", "P29_006": "3", "P29_007": "1", "P29_008": "00", "P29_009": null }, "geometry": { "type": "Point", "coordinates": [ 130.547086878416764, 33.335925371588701 ] } },
{ "type": "Feature", "properties": { "P29_001": "40203", "P29_002": "B140220300197", "P29_003": "16001", "P29_004": "久留米市立山本小学校", "P29_005": "福岡県久留米市山本町耳納90", "P29_006": "3", "P29_007": "1", "P29_008": "00", "P29_009": null }, "geometry": { "type": "Point", "coordinates": [ 130.596995585254575, 33.309027903751002 ] } },
{ "type": "Feature", "properties": { "P29_001": "40203", "P29_002": "B140220300204", "P29_003": "16001", "P29_004": "久留米市立草野小学校", "P29_005": "福岡県久留米市草野町矢作496-1", "P29_006": "3", "P29_007": "1", "P29_008": "00", "P29_009": null }, "geometry": { "type": "Point", "coordinates": [ 130.630529847736966, 33.316925223015758 ] } },
{ "type": "Feature", "properties": { "P29_001": "40203", "P29_002": "B140220300213", "P29_003": "16001", "P29_004": "久留米市立安武小学校", "P29_005": "福岡県久留米市安武町武島776-1", "P29_006": "3", "P29_007": "1", "P29_008": "00", "P29_009": null }, "geometry": { "type": "Point", "coordinates": [ 130.476592105390893, 33.29255221273614 ] } },
{ "type": "Feature", "properties": { "P29_001": "40203", "P29_002": "B140220300222", "P29_003": "16001", "P29_004": "久留米市立荒木小学校", "P29_005": "福岡県久留米市荒木町荒木1500", "P29_006": "3", "P29_007": "1", "P29_008": "00", "P29_009": null }, "geometry": { "type": "Point", "coordinates": [ 130.499576854017135, 33.269932589517758 ] } },
{ "type": "Feature", "properties": { "P29_001": "40203", "P29_002": "B140220300231", "P29_003": "16001", "P29_004": "久留米市立大善寺小学校", "P29_005": "福岡県久留米市大善寺町夜明1268", "P29_006": "3", "P29_007": "1", "P29_008": "00", "P29_009": null }, "geometry": { "type": "Point", "coordinates": [ 130.469068331027074, 33.275382454381081 ] } },
{ "type": "Feature", "properties": { "P29_001": "40203", "P29_002": "B140220300240", "P29_003": "16001", "P29_004": "久留米市立善導寺小学校", "P29_005": "福岡県久留米市善導寺町与田450", "P29_006": "3", "P29_007": "1", "P29_008": "00", "P29_009": null }, "geometry": { "type": "Point", "coordinates": [ 130.603618962066946, 33.326472419497946 ] } },
{ "type": "Feature", "properties": { "P29_001": "40203", "P29_002": "B140220300268", "P29_003": "16001", "P29_004": "久留米市立青峰小学校", "P29_005": "福岡県久留米市青峰2-7-1", "P29_006": "3", "P29_007": "1", "P29_008": "00", "P29_009": null }, "geometry": { "type": "Point", "coordinates": [ 130.562609937964908, 33.284305786735182 ] } },
{ "type": "Feature", "properties": { "P29_001": "40203", "P29_002": "B140220300286", "P29_003": "16001", "P29_004": "久留米市立船越小学校", "P29_005": "福岡県久留米市田主丸町船越190", "P29_006": "3", "P29_007": "1", "P29_008": "00", "P29_009": null }, "geometry": { "type": "Point", "coordinates": [ 130.71735456465828, 33.350427494876712 ] } },
{ "type": "Feature", "properties": { "P29_001": "40203", "P29_002": "B140220300295", "P29_003": "16001", "P29_004": "久留米市立水縄小学校", "P29_005": "福岡県久留米市田主丸町石垣889", "P29_006": "3", "P29_007": "1", "P29_008": "00", "P29_009": null }, "geometry": { "type": "Point", "coordinates": [ 130.701641840111961, 33.327590495978313 ] } },
{ "type": "Feature", "properties": { "P29_001": "40203", "P29_002": "B140220300302", "P29_003": "16001", "P29_004": "久留米市立田主丸小学校", "P29_005": "福岡県久留米市田主丸町田主丸318", "P29_006": "3", "P29_007": "1", "P29_008": "00", "P29_009": null }, "geometry": { "type": "Point", "coordinates": [ 130.696779573369213, 33.345640623940355 ] } },
{ "type": "Feature", "properties": { "P29_001": "40203", "P29_002": "B140220300311", "P29_003": "16001", "P29_004": "久留米市立水分小学校", "P29_005": "福岡県久留米市田主丸町常盤1118-1", "P29_006": "3", "P29_007": "1", "P29_008": "00", "P29_009": null }, "geometry": { "type": "Point", "coordinates": [ 130.69279072685336, 33.348855054134475 ] } },
{ "type": "Feature", "properties": { "P29_001": "40203", "P29_002": "B140220300320", "P29_003": "16001", "P29_004": "久留米市立竹野小学校", "P29_005": "福岡県久留米市田主丸町竹野1823-1", "P29_006": "3", "P29_007": "1", "P29_008": "00", "P29_009": null }, "geometry": { "type": "Point", "coordinates": [ 130.654915744295636, 33.32167631539658 ] } },
{ "type": "Feature", "properties": { "P29_001": "40203", "P29_002": "B140220300339", "P29_003": "16001", "P29_004": "久留米市立川会小学校", "P29_005": "福岡県久留米市田主丸町以真恵274-1", "P29_006": "3", "P29_007": "1", "P29_008": "00", "P29_009": null }, "geometry": { "type": "Point", "coordinates": [ 130.661679352075879, 33.342237235840642 ] } },
{ "type": "Feature", "properties": { "P29_001": "40203", "P29_002": "B140220300348", "P29_003": "16001", "P29_004": "久留米市立柴刈小学校", "P29_005": "福岡県久留米市田主丸町八幡830-1", "P29_006": "3", "P29_007": "1", "P29_008": "00", "P29_009": null }, "geometry": { "type": "Point", "coordinates": [ 130.656419420187461, 33.35912531960102 ] } },
{ "type": "Feature", "properties": { "P29_001": "40203", "P29_002": "B140220300357", "P29_003": "16001", "P29_004": "久留米市立弓削小学校", "P29_005": "福岡県久留米市北野町高良1801", "P29_006": "3", "P29_007": "1", "P29_008": "00", "P29_009": null }, "geometry": { "type": "Point", "coordinates": [ 130.570887700095568, 33.331845726573285 ] } },
{ "type": "Feature", "properties": { "P29_001": "40203", "P29_002": "B140220300366", "P29_003": "16001", "P29_004": "久留米市立北野小学校", "P29_005": "福岡県久留米市北野町中520-1", "P29_006": "3", "P29_007": "1", "P29_008": "00", "P29_009": null }, "geometry": { "type": "Point", "coordinates": [ 130.584982546013549, 33.350360799579967 ] } },
{ "type": "Feature", "properties": { "P29_001": "40203", "P29_002": "B140220300375", "P29_003": "16001", "P29_004": "久留米市立大城小学校", "P29_005": "福岡県久留米市北野町大城121-1", "P29_006": "3", "P29_007": "1", "P29_008": "00", "P29_009": null }, "geometry": { "type": "Point", "coordinates": [ 130.607852095620871, 33.346873758711517 ] } },
{ "type": "Feature", "properties": { "P29_001": "40203", "P29_002": "B140220300384", "P29_003": "16001", "P29_004": "久留米市立金島小学校", "P29_005": "福岡県久留米市北野町八重亀164", "P29_006": "3", "P29_007": "1", "P29_008": "00", "P29_009": null }, "geometry": { "type": "Point", "coordinates": [ 130.623108506891356, 33.354085521449655 ] } },
{ "type": "Feature", "properties": { "P29_001": "40203", "P29_002": "B140220300393", "P29_003": "16001", "P29_004": "久留米市立西牟田小学校", "P29_005": "福岡県久留米市三潴町西牟田4410", "P29_006": "3", "P29_007": "1", "P29_008": "00", "P29_009": null }, "geometry": { "type": "Point", "coordinates": [ 130.48609849469284, 33.243623969240836 ] } },
{ "type": "Feature", "properties": { "P29_001": "40203", "P29_002": "B140220300400", "P29_003": "16001", "P29_004": "久留米市立犬塚小学校", "P29_005": "福岡県久留米市三潴町玉満1871", "P29_006": "3", "P29_007": "1", "P29_008": "00", "P29_009": null }, "geometry": { "type": "Point", "coordinates": [ 130.462148257515594, 33.24919385201872 ] } },
{ "type": "Feature", "properties": { "P29_001": "40203", "P29_002": "B140220300419", "P29_003": "16001", "P29_004": "久留米市立三潴小学校", "P29_005": "福岡県久留米市三潴町高三潴492", "P29_006": "3", "P29_007": "1", "P29_008": "00", "P29_009": null }, "geometry": { "type": "Point", "coordinates": [ 130.461794049003231, 33.262196972475977 ] } },
{ "type": "Feature", "properties": { "P29_001": "40203", "P29_002": "B140220300428", "P29_003": "16001", "P29_004": "久留米市立城島小学校", "P29_005": "福岡県久留米市城島町城島320", "P29_006": "3", "P29_007": "1", "P29_008": "00", "P29_009": null }, "geometry": { "type": "Point", "coordinates": [ 130.427783341348146, 33.257216981678134 ] } },
{ "type": "Feature", "properties": { "P29_001": "40203", "P29_002": "B140220300446", "P29_003": "16001", "P29_004": "久留米市立江上小学校", "P29_005": "福岡県久留米市城島町江上331", "P29_006": "3", "P29_007": "1", "P29_008": "00", "P29_009": null }, "geometry": { "type": "Point", "coordinates": [ 130.427858285654338, 33.235828338487394 ] } },
{ "type": "Feature", "properties": { "P29_001": "40203", "P29_002": "B140220300455", "P29_003": "16001", "P29_004": "久留米市立青木小学校", "P29_005": "福岡県久留米市城島町上青木825", "P29_006": "3", "P29_007": "1", "P29_008": "00", "P29_009": null }, "geometry": { "type": "Point", "coordinates": [ 130.406384212551217, 33.240729155475513 ] } },
{ "type": "Feature", "properties": { "P29_001": "40204", "P29_002": "B140220400016", "P29_003": "16001", "P29_004": "直方市立直方南小学校", "P29_005": "福岡県直方市新町3-3-55", "P29_006": "3", "P29_007": "1", "P29_008": "00", "P29_009": null }, "geometry": { "type": "Point", "coordinates": [ 130.725321146148048, 33.735990840131841 ] } },
{ "type": "Feature", "properties": { "P29_001": "40204", "P29_002": "B140220400025", "P29_003": "16001", "P29_004": "直方市立直方北小学校", "P29_005": "福岡県直方市日吉町7-1", "P29_006": "3", "P29_007": "1", "P29_008": "00", "P29_009": null }, "geometry": { "type": "Point", "coordinates": [ 130.728085466583366, 33.752059924355841 ] } },
{ "type": "Feature", "properties": { "P29_001": "40204", "P29_002": "B140220400034", "P29_003": "16001", "P29_004": "直方市立直方西小学校", "P29_005": "福岡県直方市大字山部666", "P29_006": "3", "P29_007": "1", "P29_008": "00", "P29_009": null }, "geometry": { "type": "Point", "coordinates": [ 130.721244297624111, 33.741669089358247 ] } },
{ "type": "Feature", "properties": { "P29_001": "40204", "P29_002": "B140220400052", "P29_003": "16001", "P29_004": "直方市立感田小学校", "P29_005": "福岡県直方市大字感田1160", "P29_006": "3", "P29_007": "1", "P29_008": "00", "P29_009": null }, "geometry": { "type": "Point", "coordinates": [ 130.73540039264617, 33.760529149855749 ] } },
{ "type": "Feature", "properties": { "P29_001": "40204", "P29_002": "B140220400061", "P29_003": "16001", "P29_004": "直方市立上頓野小学校", "P29_005": "福岡県直方市大字上頓野2510", "P29_006": "3", "P29_007": "1", "P29_008": "00", "P29_009": null }, "geometry": { "type": "Point", "coordinates": [ 130.763276818185432, 33.760803418310189 ] } },
{ "type": "Feature", "properties": { "P29_001": "40204", "P29_002": "B140220400105", "P29_003": "16001", "P29_004": "直方市立植木小学校", "P29_005": "福岡県直方市植木3207", "P29_006": "3", "P29_007": "1", "P29_008": "00", "P29_009": null }, "geometry": { "type": "Point", "coordinates": [ 130.714444420057958, 33.77607749668983 ] } },
{ "type": "Feature", "properties": { "P29_001": "40205", "P29_002": "B140220500015", "P29_003": "16001", "P29_004": "飯塚市立飯塚小学校", "P29_005": "福岡県飯塚市西徳前2-6", "P29_006": "3", "P29_007": "1", "P29_008": "00", "P29_009": null }, "geometry": { "type": "Point", "coordinates": [ 130.681499518032211, 33.638339976551386 ] } },
{ "type": "Feature", "properties": { "P29_001": "40205", "P29_002": "B140220500024", "P29_003": "16001", "P29_004": "飯塚市立菰田小学校", "P29_005": "福岡県飯塚市菰田東2-19-5", "P29_006": "3", "P29_007": "1", "P29_008": "00", "P29_009": null }, "geometry": { "type": "Point", "coordinates": [ 130.692681448744622, 33.631001594751233 ] } },
{ "type": "Feature", "properties": { "P29_001": "40205", "P29_002": "B140220500033", "P29_003": "16001", "P29_004": "飯塚市立立岩小学校", "P29_005": "福岡県飯塚市立岩1176-1", "P29_006": "3", "P29_007": "1", "P29_008": "00", "P29_009": null }, "geometry": { "type": "Point", "coordinates": [ 130.694458502325773, 33.652199873086857 ] } },
{ "type": "Feature", "properties": { "P29_001": "40205", "P29_002": "B140220500042", "P29_003": "16001", "P29_004": "飯塚市立飯塚東小学校", "P29_005": "福岡県飯塚市下三緒54", "P29_006": "3", "P29_007": "1", "P29_008": "00", "P29_009": null }, "geometry": { "type": "Point", "coordinates": [ 130.70687002391449, 33.632601320012135 ] } },
{ "type": "Feature", "properties": { "P29_001": "40205", "P29_002": "B140220500051", "P29_003": "16001", "P29_004": "飯塚市立鯰田小学校", "P29_005": "福岡県飯塚市鯰田1263", "P29_006": "3", "P29_007": "1", "P29_008": "00", "P29_009": null }, "geometry": { "type": "Point", "coordinates": [ 130.706212645325536, 33.669150336640485 ] } },
{ "type": "Feature", "properties": { "P29_001": "40205", "P29_002": "B140220500060", "P29_003": "16001", "P29_004": "飯塚市立片島小学校", "P29_005": "福岡県飯塚市片島3-8-5", "P29_006": "3", "P29_007": "1", "P29_008": "00", "P29_009": null }, "geometry": { "type": "Point", "coordinates": [ 130.681261677206209, 33.648188903436989 ] } },
{ "type": "Feature", "properties": { "P29_001": "40205", "P29_002": "B140220500079", "P29_003": "16001", "P29_004": "飯塚市立伊岐須小学校", "P29_005": "福岡県飯塚市伊岐須843", "P29_006": "3", "P29_007": "1", "P29_008": "00", "P29_009": null }, "geometry": { "type": "Point", "coordinates": [ 130.65908378631147, 33.655390158576679 ] } },
{ "type": "Feature", "properties": { "P29_001": "40205", "P29_002": "B140220500088", "P29_003": "16001", "P29_004": "飯塚市立幸袋小学校", "P29_005": "福岡県飯塚市中730-1", "P29_006": "3", "P29_007": "1", "P29_008": "00", "P29_009": null }, "geometry": { "type": "Point", "coordinates": [ 130.680606607945776, 33.666689790716084 ] } },
{ "type": "Feature", "properties": { "P29_001": "40205", "P29_002": "B140220500097", "P29_003": "16001", "P29_004": "飯塚市立八木山小学校", "P29_005": "福岡県飯塚市八木山693-1", "P29_006": "3", "P29_007": "1", "P29_008": "00", "P29_009": null }, "geometry": { "type": "Point", "coordinates": [ 130.612859245632563, 33.630506640617028 ] } },
{ "type": "Feature", "properties": { "P29_001": "40205", "P29_002": "B140220500131", "P29_003": "16001", "P29_004": "飯塚市立椋本小学校", "P29_005": "福岡県飯塚市椋本16-2", "P29_006": "3", "P29_007": "1", "P29_008": "00", "P29_009": null }, "geometry": { "type": "Point", "coordinates": [ 130.664993246391731, 33.607959051411861 ] } },
{ "type": "Feature", "properties": { "P29_001": "40205", "P29_002": "B140220500159", "P29_003": "16001", "P29_004": "飯塚市立内野小学校", "P29_005": "福岡県飯塚市内野3537-1", "P29_006": "3", "P29_007": "1", "P29_008": "00", "P29_009": null }, "geometry": { "type": "Point", "coordinates": [ 130.638677479720542, 33.539113723495717 ] } },
{ "type": "Feature", "properties": { "P29_001": "40205", "P29_002": "B140220500168", "P29_003": "16001", "P29_004": "飯塚市立上穂波小学校", "P29_005": "福岡県飯塚市筑穂元吉430", "P29_006": "3", "P29_007": "1", "P29_008": "00", "P29_009": null }, "geometry": { "type": "Point", "coordinates": [ 130.641917489342546, 33.570478919144158 ] } },
{ "type": "Feature", "properties": { "P29_001": "40205", "P29_002": "B140220500177", "P29_003": "16001", "P29_004": "飯塚市立大分小学校", "P29_005": "福岡県飯塚市大分1985-1", "P29_006": "3", "P29_007": "1", "P29_008": "00", "P29_009": null }, "geometry": { "type": "Point", "coordinates": [ 130.622798388323986, 33.588715083626255 ] } },
{ "type": "Feature", "properties": { "P29_001": "40205", "P29_002": "B140220500195", "P29_003": "16001", "P29_004": "飯塚市立飯塚鎮西小学校", "P29_005": "福岡県飯塚市大日寺141", "P29_006": "3", "P29_007": "1", "P29_008": "00", "P29_009": null }, "geometry": { "type": "Point", "coordinates": [ 130.647547229798789, 33.637848625109434 ] } },
{ "type": "Feature", "properties": { "P29_001": "40206", "P29_002": "B140220600023", "P29_003": "16001", "P29_004": "田川市立弓削田小学校", "P29_005": "福岡県田川市大字弓削田499", "P29_006": "3", "P29_007": "1", "P29_008": "00", "P29_009": null }, "geometry": { "type": "Point", "coordinates": [ 130.785097982860691, 33.637267135151049 ] } },
{ "type": "Feature", "properties": { "P29_001": "40206", "P29_002": "B140220600032", "P29_003": "16001", "P29_004": "田川市立後藤寺小学校", "P29_005": "福岡県田川市宮尾町1-9", "P29_006": "3", "P29_007": "1", "P29_008": "00", "P29_009": null }, "geometry": { "type": "Point", "coordinates": [ 130.797649271361252, 33.632061342611181 ] } },
{ "type": "Feature", "properties": { "P29_001": "40206", "P29_002": "B140220600041", "P29_003": "16001", "P29_004": "田川市立大浦小学校", "P29_005": "福岡県田川市奈良1616", "P29_006": "3", "P29_007": "1", "P29_008": "00", "P29_009": null }, "geometry": { "type": "Point", "coordinates": [ 130.805436234274168, 33.625893804975242 ] } },
{ "type": "Feature", "properties": { "P29_001": "40206", "P29_002": "B140220600050", "P29_003": "16001", "P29_004": "田川市立大藪小学校", "P29_005": "福岡県田川市大字川宮1645-2", "P29_006": "3", "P29_007": "1", "P29_008": "00", "P29_009": null }, "geometry": { "type": "Point", "coordinates": [ 130.799496847844864, 33.645030245739051 ] } },
{ "type": "Feature", "properties": { "P29_001": "40206", "P29_002": "B140220600069", "P29_003": "16001", "P29_004": "田川市立田川小学校", "P29_005": "福岡県田川市栄町4-23", "P29_006": "3", "P29_007": "1", "P29_008": "00", "P29_009": null }, "geometry": { "type": "Point", "coordinates": [ 130.809898384203166, 33.640571996522851 ] } },
{ "type": "Feature", "properties": { "P29_001": "40206", "P29_002": "B140220600078", "P29_003": "16001", "P29_004": "田川市立鎮西小学校", "P29_005": "福岡県田川市大字伊田1946-1", "P29_006": "3", "P29_007": "1", "P29_008": "00", "P29_009": null }, "geometry": { "type": "Point", "coordinates": [ 130.824833061144091, 33.638268866879947 ] } },
{ "type": "Feature", "properties": { "P29_001": "40206", "P29_002": "B140220600096", "P29_003": "16001", "P29_004": "田川市立金川小学校", "P29_005": "福岡県田川市糒1771", "P29_006": "3", "P29_007": "1", "P29_008": "00", "P29_009": null }, "geometry": { "type": "Point", "coordinates": [ 130.809962263431004, 33.664448039023796 ] } },
{ "type": "Feature", "properties": { "P29_001": "40207", "P29_002": "B140220700013", "P29_003": "16001", "P29_004": "柳川市立柳河小学校", "P29_005": "福岡県柳川市恵美須町28", "P29_006": "3", "P29_007": "1", "P29_008": "00", "P29_009": null }, "geometry": { "type": "Point", "coordinates": [ 130.409041515949895, 33.168731496955488 ] } },
{ "type": "Feature", "properties": { "P29_001": "40207", "P29_002": "B140220700022", "P29_003": "16001", "P29_004": "柳川市立城内小学校", "P29_005": "福岡県柳川市本町84", "P29_006": "3", "P29_007": "1", "P29_008": "00", "P29_009": null }, "geometry": { "type": "Point", "coordinates": [ 130.405805040841813, 33.161484081931079 ] } },
{ "type": "Feature", "properties": { "P29_001": "40207", "P29_002": "B140220700031", "P29_003": "16001", "P29_004": "柳川市立矢留小学校", "P29_005": "福岡県柳川市矢留本町21", "P29_006": "3", "P29_007": "1", "P29_008": "00", "P29_009": null }, "geometry": { "type": "Point", "coordinates": [ 130.393814491331455, 33.156771706158814 ] } },
{ "type": "Feature", "properties": { "P29_001": "40207", "P29_002": "B140220700077", "P29_003": "16001", "P29_004": "柳川市立昭代第二小学校", "P29_005": "福岡県柳川市西浜武1490", "P29_006": "3", "P29_007": "1", "P29_008": "00", "P29_009": null }, "geometry": { "type": "Point", "coordinates": [ 130.383169314789797, 33.166935767097961 ] } },
{ "type": "Feature", "properties": { "P29_001": "40207", "P29_002": "B140220700095", "P29_003": "16001", "P29_004": "柳川市立皿垣小学校", "P29_005": "福岡県柳川市大和町栄1542", "P29_006": "3", "P29_007": "1", "P29_008": "00", "P29_009": null }, "geometry": { "type": "Point", "coordinates": [ 130.422135699201476, 33.12372709142339 ] } },
{ "type": "Feature", "properties": { "P29_001": "40207", "P29_002": "B140220700102", "P29_003": "16001", "P29_004": "柳川市立有明小学校", "P29_005": "福岡県柳川市大和町皿垣開600", "P29_006": "3", "P29_007": "1", "P29_008": "00", "P29_009": null }, "geometry": { "type": "Point", "coordinates": [ 130.41948067852752, 33.117310473741639 ] } },
{ "type": "Feature", "properties": { "P29_001": "40207", "P29_002": "B140220700111", "P29_003": "16001", "P29_004": "柳川市立中島小学校", "P29_005": "福岡県柳川市大和町中島68", "P29_006": "3", "P29_007": "1", "P29_008": "00", "P29_009": null }, "geometry": { "type": "Point", "coordinates": [ 130.433477943335419, 33.123033140947292 ] } },
{ "type": "Feature", "properties": { "P29_001": "40207", "P29_002": "B140220700120", "P29_003": "16001", "P29_004": "柳川市立六合小学校", "P29_005": "福岡県柳川市大和町六合1661-1", "P29_006": "3", "P29_007": "1", "P29_008": "00", "P29_009": null }, "geometry": { "type": "Point", "coordinates": [ 130.443973569112899, 33.136188666154275 ] } },
{ "type": "Feature", "properties": { "P29_001": "40207", "P29_002": "B140220700139", "P29_003": "16001", "P29_004": "柳川市立大和小学校", "P29_005": "福岡県柳川市大和町栄563", "P29_006": "3", "P29_007": "1", "P29_008": "00", "P29_009": null }, "geometry": { "type": "Point", "coordinates": [ 130.419956832268127, 33.133165126832857 ] } },
{ "type": "Feature", "properties": { "P29_001": "40207", "P29_002": "B140220700148", "P29_003": "16001", "P29_004": "柳川市立豊原小学校", "P29_005": "福岡県柳川市大和町豊原125", "P29_006": "3", "P29_007": "1", "P29_008": "00", "P29_009": null }, "geometry": { "type": "Point", "coordinates": [ 130.42783005716467, 33.146769249797551 ] } },
{ "type": "Feature", "properties": { "P29_001": "40207", "P29_002": "B140220700157", "P29_003": "16001", "P29_004": "柳川市立藤吉小学校", "P29_005": "福岡県柳川市三橋町藤吉502", "P29_006": "3", "P29_007": "1", "P29_008": "00", "P29_009": null }, "geometry": { "type": "Point", "coordinates": [ 130.415176421330841, 33.164588071407607 ] } },
{ "type": "Feature", "properties": { "P29_001": "40207", "P29_002": "B140220700166", "P29_003": "16001", "P29_004": "柳川市立矢ヶ部小学校", "P29_005": "福岡県柳川市三橋町柳河460-1", "P29_006": "3", "P29_007": "1", "P29_008": "00", "P29_009": null }, "geometry": { "type": "Point", "coordinates": [ 130.411440836984497, 33.173733490481716 ] } },
{ "type": "Feature", "properties": { "P29_001": "40207", "P29_002": "B140220700175", "P29_003": "16001", "P29_004": "柳川市立二ッ河小学校", "P29_005": "福岡県柳川市三橋町百町735-1", "P29_006": "3", "P29_007": "1", "P29_008": "00", "P29_009": null }, "geometry": { "type": "Point", "coordinates": [ 130.442145415094132, 33.176165934183217 ] } },
{ "type": "Feature", "properties": { "P29_001": "40207", "P29_002": "B140220700184", "P29_003": "16001", "P29_004": "柳川市立垂見小学校", "P29_005": "福岡県柳川市三橋町垂見1610", "P29_006": "3", "P29_007": "1", "P29_008": "00", "P29_009": null }, "geometry": { "type": "Point", "coordinates": [ 130.442742285260067, 33.155058256481055 ] } },
{ "type": "Feature", "properties": { "P29_001": "40207", "P29_002": "B140220700193", "P29_003": "16001", "P29_004": "柳川市立中山小学校", "P29_005": "福岡県柳川市三橋町中山352", "P29_006": "3", "P29_007": "1", "P29_008": "00", "P29_009": null }, "geometry": { "type": "Point", "coordinates": [ 130.470122340356085, 33.168977960556859 ] } },
{ "type": "Feature", "properties": { "P29_001": "40210", "P29_002": "B140221000036", "P29_003": "16001", "P29_004": "八女市立上妻小学校", "P29_005": "福岡県八女市津江73", "P29_006": "3", "P29_007": "1", "P29_008": "00", "P29_009": null }, "geometry": { "type": "Point", "coordinates": [ 130.579086130595385, 33.215957654016343 ] } },
{ "type": "Feature", "properties": { "P29_001": "40210", "P29_002": "B140221000045", "P29_003": "16001", "P29_004": "八女市立三河小学校", "P29_005": "福岡県八女市酒井田486-1", "P29_006": "3", "P29_007": "1", "P29_008": "00", "P29_009": null }, "geometry": { "type": "Point", "coordinates": [ 130.557363234751136, 33.194861849754794 ] } },
{ "type": "Feature", "properties": { "P29_001": "40210", "P29_002": "B140221000054", "P29_003": "16001", "P29_004": "八女市立八幡小学校", "P29_005": "福岡県八女市新庄385", "P29_006": "3", "P29_007": "1", "P29_008": "00", "P29_009": null }, "geometry": { "type": "Point", "coordinates": [ 130.539569830161099, 33.195067268858438 ] } },
{ "type": "Feature", "properties": { "P29_001": "40210", "P29_002": "B140221000081", "P29_003": "16001", "P29_004": "八女市立岡山小学校", "P29_005": "福岡県八女市鵜池302", "P29_006": "3", "P29_007": "1", "P29_008": "00", "P29_009": null }, "geometry": { "type": "Point", "coordinates": [ 130.52871745993977, 33.210423884269183 ] } },
{ "type": "Feature", "properties": { "P29_001": "40210", "P29_002": "B140221000107", "P29_003": "16001", "P29_004": "八女市立黒木小学校", "P29_005": "福岡県八女市黒木町桑原26", "P29_006": "3", "P29_007": "1", "P29_008": "00", "P29_009": null }, "geometry": { "type": "Point", "coordinates": [ 130.664497214842157, 33.213055666906335 ] } },
{ "type": "Feature", "properties": { "P29_001": "40210", "P29_002": "B140221000125", "P29_003": "16001", "P29_004": "八女市立筑南小学校", "P29_005": "福岡県八女市立花町北山2840-1", "P29_006": "3", "P29_007": "1", "P29_008": "00", "P29_009": null }, "geometry": { "type": "Point", "coordinates": [ 130.56289938602211, 33.180960846040122 ] } },
{ "type": "Feature", "properties": { "P29_001": "40210", "P29_002": "B140221000134", "P29_003": "16001", "P29_004": "八女市立星野小学校", "P29_005": "福岡県八女市星野村12059-1", "P29_006": "3", "P29_007": "1", "P29_008": "00", "P29_009": null }, "geometry": { "type": "Point", "coordinates": [ 130.764829258990687, 33.24961291044545 ] } },
{ "type": "Feature", "properties": { "P29_001": "40211", "P29_002": "B140221100017", "P29_003": "16001", "P29_004": "筑後市立羽犬塚小学校", "P29_005": "福岡県筑後市羽犬塚232", "P29_006": "3", "P29_007": "1", "P29_008": "00", "P29_009": null }, "geometry": { "type": "Point", "coordinates": [ 130.499982707790338, 33.216905545848299 ] } },
{ "type": "Feature", "properties": { "P29_001": "40211", "P29_002": "B140221100026", "P29_003": "16001", "P29_004": "筑後市立松原小学校", "P29_005": "福岡県筑後市熊野766", "P29_006": "3", "P29_007": "1", "P29_008": "00", "P29_009": null }, "geometry": { "type": "Point", "coordinates": [ 130.487422622772698, 33.227731354757957 ] } },
{ "type": "Feature", "properties": { "P29_001": "40211", "P29_002": "B140221100035", "P29_003": "16001", "P29_004": "筑後市立古川小学校", "P29_005": "福岡県筑後市大字久恵1007", "P29_006": "3", "P29_007": "1", "P29_008": "00", "P29_009": null }, "geometry": { "type": "Point", "coordinates": [ 130.51673174512797, 33.187448800086102 ] } },
{ "type": "Feature", "properties": { "P29_001": "40211", "P29_002": "B140221100053", "P29_003": "16001", "P29_004": "筑後市立水田小学校", "P29_005": "福岡県筑後市下北島172", "P29_006": "3", "P29_007": "1", "P29_008": "00", "P29_009": null }, "geometry": { "type": "Point", "coordinates": [ 130.489183180379257, 33.199382349275744 ] } },
{ "type": "Feature", "properties": { "P29_001": "40211", "P29_002": "B140221100099", "P29_003": "16001", "P29_004": "筑後市立西牟田小学校", "P29_005": "福岡県筑後市大字西牟田1802", "P29_006": "3", "P29_007": "1", "P29_008": "00", "P29_009": null }, "geometry": { "type": "Point", "coordinates": [ 130.4803212979796, 33.239536624963193 ] } },
{ "type": "Feature", "properties": { "P29_001": "40211", "P29_002": "B140221100106", "P29_003": "16001", "P29_004": "筑後市立筑後小学校", "P29_005": "福岡県筑後市大字長浜1285", "P29_006": "3", "P29_007": "1", "P29_008": "00", "P29_009": null }, "geometry": { "type": "Point", "coordinates": [ 130.508390387287449, 33.206790675046697 ] } },
{ "type": "Feature", "properties": { "P29_001": "40211", "P29_002": "B140221100124", "P29_003": "16001", "P29_004": "筑後市立水田小学校いずみ分校", "P29_005": "福岡県筑後市下北島210", "P29_006": "3", "P29_007": "1", "P29_008": "00", "P29_009": null }, "geometry": { "type": "Point", "coordinates": [ 130.487977325580374, 33.201242322229248 ] } },
{ "type": "Feature", "properties": { "P29_001": "40212", "P29_002": "B140221200016", "P29_003": "16001", "P29_004": "大川市立大川小学校", "P29_005": "福岡県大川市大字向島1850", "P29_006": "3", "P29_007": "1", "P29_008": "00", "P29_009": null }, "geometry": { "type": "Point", "coordinates": [ 130.372795262759695, 33.210295144901956 ] } },
{ "type": "Feature", "properties": { "P29_001": "40212", "P29_002": "B140221200025", "P29_003": "16001", "P29_004": "大川市立宮前小学校", "P29_005": "福岡県大川市大字向島845", "P29_006": "3", "P29_007": "1", "P29_008": "00", "P29_009": null }, "geometry": { "type": "Point", "coordinates": [ 130.384901536016542, 33.214272062927499 ] } },
{ "type": "Feature", "properties": { "P29_001": "40212", "P29_002": "B140221200034", "P29_003": "16001", "P29_004": "大川市立三又小学校", "P29_005": "福岡県大川市大字中古賀198", "P29_006": "3", "P29_007": "1", "P29_008": "00", "P29_009": null }, "geometry": { "type": "Point", "coordinates": [ 130.389375763283311, 33.231196682863768 ] } },
{ "type": "Feature", "properties": { "P29_001": "40212", "P29_002": "B140221200052", "P29_003": "16001", "P29_004": "大川市立木室小学校", "P29_005": "福岡県大川市大字中木室496", "P29_006": "3", "P29_007": "1", "P29_008": "00", "P29_009": null }, "geometry": { "type": "Point", "coordinates": [ 130.405477446827632, 33.212144342802603 ] } },
{ "type": "Feature", "properties": { "P29_001": "40212", "P29_002": "B140221200061", "P29_003": "16001", "P29_004": "大川市立田口小学校", "P29_005": "福岡県大川市大字三丸2061", "P29_006": "3", "P29_007": "1", "P29_008": "00", "P29_009": null }, "geometry": { "type": "Point", "coordinates": [ 130.38764016616733, 33.194554451266214 ] } },
{ "type": "Feature", "properties": { "P29_001": "40212", "P29_002": "B140221200070", "P29_003": "16001", "P29_004": "大川市立川口小学校", "P29_005": "福岡県大川市大字一木482", "P29_006": "3", "P29_007": "1", "P29_008": "00", "P29_009": null }, "geometry": { "type": "Point", "coordinates": [ 130.36529280386398, 33.192147162215747 ] } },
{ "type": "Feature", "properties": { "P29_001": "40212", "P29_002": "B140221200089", "P29_003": "16001", "P29_004": "大川市立大野島小学校", "P29_005": "福岡県大川市大字大野島2673", "P29_006": "3", "P29_007": "1", "P29_008": "00", "P29_009": null }, "geometry": { "type": "Point", "coordinates": [ 130.353175011425122, 33.196488524512922 ] } },
{ "type": "Feature", "properties": { "P29_001": "40213", "P29_002": "B140221300015", "P29_003": "16001", "P29_004": "行橋市立行橋小学校", "P29_005": "福岡県行橋市大橋2-17-1", "P29_006": "3", "P29_007": "1", "P29_008": "00", "P29_009": null }, "geometry": { "type": "Point", "coordinates": [ 130.978503056350689, 33.733266350863012 ] } },
{ "type": "Feature", "properties": { "P29_001": "40213", "P29_002": "B140221300042", "P29_003": "16001", "P29_004": "行橋市立延永小学校", "P29_005": "福岡県行橋市大字上津熊125", "P29_006": "3", "P29_007": "1", "P29_008": "00", "P29_009": null }, "geometry": { "type": "Point", "coordinates": [ 130.950470521380993, 33.727533065445158 ] } },
{ "type": "Feature", "properties": { "P29_001": "40213", "P29_002": "B140221300051", "P29_003": "16001", "P29_004": "行橋市立今川小学校", "P29_005": "福岡県行橋市大字宝山857", "P29_006": "3", "P29_007": "1", "P29_008": "00", "P29_009": null }, "geometry": { "type": "Point", "coordinates": [ 130.955360703894826, 33.701907148129699 ] } },
{ "type": "Feature", "properties": { "P29_001": "40213", "P29_002": "B140221300060", "P29_003": "16001", "P29_004": "行橋市立泉小学校", "P29_005": "福岡県行橋市泉中央4-1-1", "P29_006": "3", "P29_007": "1", "P29_008": "00", "P29_009": null }, "geometry": { "type": "Point", "coordinates": [ 130.977517893220153, 33.709374065490586 ] } },
{ "type": "Feature", "properties": { "P29_001": "40213", "P29_002": "B140221300079", "P29_003": "16001", "P29_004": "行橋市立今元小学校", "P29_005": "福岡県行橋市元永687", "P29_006": "3", "P29_007": "1", "P29_008": "00", "P29_009": null }, "geometry": { "type": "Point", "coordinates": [ 131.005114057763933, 33.724074418099242 ] } },
{ "type": "Feature", "properties": { "P29_001": "40213", "P29_002": "B140221300088", "P29_003": "16001", "P29_004": "行橋市立蓑島小学校", "P29_005": "福岡県行橋市蓑島841-1", "P29_006": "3", "P29_007": "1", "P29_008": "00", "P29_009": null }, "geometry": { "type": "Point", "coordinates": [ 131.012472760041987, 33.745756803553014 ] } },
{ "type": "Feature", "properties": { "P29_001": "40213", "P29_002": "B140221300113", "P29_003": "16001", "P29_004": "行橋市立行橋北小学校", "P29_005": "福岡県行橋市行事6-20-1", "P29_006": "3", "P29_007": "1", "P29_008": "00", "P29_009": null }, "geometry": { "type": "Point", "coordinates": [ 130.970265775719668, 33.739948999735383 ] } },
{ "type": "Feature", "properties": { "P29_001": "40214", "P29_002": "B140221400014", "P29_003": "16001", "P29_004": "豊前市立八屋小学校", "P29_005": "福岡県豊前市大字八屋2232-1", "P29_006": "3", "P29_007": "1", "P29_008": "00", "P29_009": null }, "geometry": { "type": "Point", "coordinates": [ 131.123132699368227, 33.618169724131349 ] } },
{ "type": "Feature", "properties": { "P29_001": "40214", "P29_002": "B140221400023", "P29_003": "16001", "P29_004": "豊前市立大村小学校", "P29_005": "福岡県豊前市大村1524", "P29_006": "3", "P29_007": "1", "P29_008": "00", "P29_009": null }, "geometry": { "type": "Point", "coordinates": [ 131.111494895173564, 33.602487048253629 ] } },
{ "type": "Feature", "properties": { "P29_001": "40214", "P29_002": "B140221400032", "P29_003": "16001", "P29_004": "豊前市立宇島小学校", "P29_005": "福岡県豊前市大字赤熊750", "P29_006": "3", "P29_007": "1", "P29_008": "00", "P29_009": null }, "geometry": { "type": "Point", "coordinates": [ 131.135278509932732, 33.620082925905301 ] } },
{ "type": "Feature", "properties": { "P29_001": "40214", "P29_002": "B140221400050", "P29_003": "16001", "P29_004": "豊前市立山田小学校", "P29_005": "福岡県豊前市四郎丸417-2", "P29_006": "3", "P29_007": "1", "P29_008": "00", "P29_009": null }, "geometry": { "type": "Point", "coordinates": [ 131.10143256279099, 33.608502861625617 ] } },
{ "type": "Feature", "properties": { "P29_001": "40214", "P29_002": "B140221400069", "P29_003": "16001", "P29_004": "豊前市立千束小学校", "P29_005": "福岡県豊前市千束75", "P29_006": "3", "P29_007": "1", "P29_008": "00", "P29_009": null }, "geometry": { "type": "Point", "coordinates": [ 131.127062083691072, 33.599141593279519 ] } },
{ "type": "Feature", "properties": { "P29_001": "40214", "P29_002": "B140221400078", "P29_003": "16001", "P29_004": "豊前市立三毛門小学校", "P29_005": "福岡県豊前市三毛門976-1", "P29_006": "3", "P29_007": "1", "P29_008": "00", "P29_009": null }, "geometry": { "type": "Point", "coordinates": [ 131.152753793679324, 33.610087473300645 ] } },
{ "type": "Feature", "properties": { "P29_001": "40214", "P29_002": "B140221400087", "P29_003": "16001", "P29_004": "豊前市立黒土小学校", "P29_005": "福岡県豊前市大字久路土1191-1", "P29_006": "3", "P29_007": "1", "P29_008": "00", "P29_009": null }, "geometry": { "type": "Point", "coordinates": [ 131.135592687931023, 33.593421956123628 ] } },
{ "type": "Feature", "properties": { "P29_001": "40214", "P29_002": "B140221400096", "P29_003": "16001", "P29_004": "豊前市立横武小学校", "P29_005": "福岡県豊前市薬師寺221-1", "P29_006": "3", "P29_007": "1", "P29_008": "00", "P29_009": null }, "geometry": { "type": "Point", "coordinates": [ 131.117873732410885, 33.576901374650639 ] } },
{ "type": "Feature", "properties": { "P29_001": "40214", "P29_002": "B140221400103", "P29_003": "16001", "P29_004": "豊前市立合岩小学校", "P29_005": "福岡県豊前市下河内81-9", "P29_006": "3", "P29_007": "1", "P29_008": "00", "P29_009": null }, "geometry": { "type": "Point", "coordinates": [ 131.089104425433732, 33.560157600771646 ] } },
{ "type": "Feature", "properties": { "P29_001": "40215", "P29_002": "B140221500013", "P29_003": "16001", "P29_004": "中間市立底井野小学校", "P29_005": "福岡県中間市上底井野825", "P29_006": "3", "P29_007": "1", "P29_008": "00", "P29_009": null }, "geometry": { "type": "Point", "coordinates": [ 130.691934444325284, 33.8132766242896 ] } },
{ "type": "Feature", "properties": { "P29_001": "40215", "P29_002": "B140221500022", "P29_003": "16001", "P29_004": "中間市立中間東小学校", "P29_005": "福岡県中間市中尾4-2-1", "P29_006": "3", "P29_007": "1", "P29_008": "00", "P29_009": null }, "geometry": { "type": "Point", "coordinates": [ 130.717650582995503, 33.816253088677477 ] } },
{ "type": "Feature", "properties": { "P29_001": "40215", "P29_002": "B140221500031", "P29_003": "16001", "P29_004": "中間市立中間小学校", "P29_005": "福岡県中間市長津1-26-1", "P29_006": "3", "P29_007": "1", "P29_008": "00", "P29_009": null }, "geometry": { "type": "Point", "coordinates": [ 130.704698500937837, 33.825095200360728 ] } },
{ "type": "Feature", "properties": { "P29_001": "40215", "P29_002": "B140221500040", "P29_003": "16001", "P29_004": "中間市立中間北小学校", "P29_005": "福岡県中間市岩瀬3-2-1", "P29_006": "3", "P29_007": "1", "P29_008": "00", "P29_009": null }, "geometry": { "type": "Point", "coordinates": [ 130.714996516765325, 33.83201294015462 ] } },
{ "type": "Feature", "properties": { "P29_001": "40215", "P29_002": "B140221500059", "P29_003": "16001", "P29_004": "中間市立中間南小学校", "P29_005": "福岡県中間市通谷5-14-1", "P29_006": "3", "P29_007": "1", "P29_008": "00", "P29_009": null }, "geometry": { "type": "Point", "coordinates": [ 130.739560663003203, 33.814742402391992 ] } },
{ "type": "Feature", "properties": { "P29_001": "40215", "P29_002": "B140221500068", "P29_003": "16001", "P29_004": "中間市立中間西小学校", "P29_005": "福岡県中間市弥生2-1-1", "P29_006": "3", "P29_007": "1", "P29_008": "00", "P29_009": null }, "geometry": { "type": "Point", "coordinates": [ 130.723882268576631, 33.811640597124949 ] } },
{ "type": "Feature", "properties": { "P29_001": "40216", "P29_002": "B140221600012", "P29_003": "16001", "P29_004": "小郡市立味坂小学校", "P29_005": "福岡県小郡市八坂456-1", "P29_006": "3", "P29_007": "1", "P29_008": "00", "P29_009": null }, "geometry": { "type": "Point", "coordinates": [ 130.559481713279212, 33.366867060018407 ] } },
{ "type": "Feature", "properties": { "P29_001": "40216", "P29_002": "B140221600021", "P29_003": "16001", "P29_004": "小郡市立小郡小学校", "P29_005": "福岡県小郡市小板井288", "P29_006": "3", "P29_007": "1", "P29_008": "00", "P29_009": null }, "geometry": { "type": "Point", "coordinates": [ 130.551224952904477, 33.393330114948284 ] } },
{ "type": "Feature", "properties": { "P29_001": "40216", "P29_002": "B140221600030", "P29_003": "16001", "P29_004": "小郡市立御原小学校", "P29_005": "福岡県小郡市二夕316", "P29_006": "3", "P29_007": "1", "P29_008": "00", "P29_009": null }, "geometry": { "type": "Point", "coordinates": [ 130.569457469249727, 33.378487254894765 ] } },
{ "type": "Feature", "properties": { "P29_001": "40216", "P29_002": "B140221600049", "P29_003": "16001", "P29_004": "小郡市立立石小学校", "P29_005": "福岡県小郡市吹上968-2", "P29_006": "3", "P29_007": "1", "P29_008": "00", "P29_009": null }, "geometry": { "type": "Point", "coordinates": [ 130.586013823324208, 33.412948587873132 ] } },
{ "type": "Feature", "properties": { "P29_001": "40216", "P29_002": "B140221600058", "P29_003": "16001", "P29_004": "小郡市立三国小学校", "P29_005": "福岡県小郡市力武1012", "P29_006": "3", "P29_007": "1", "P29_008": "00", "P29_009": null }, "geometry": { "type": "Point", "coordinates": [ 130.564763074086585, 33.423638873768198 ] } },
{ "type": "Feature", "properties": { "P29_001": "40216", "P29_002": "B140221600067", "P29_003": "16001", "P29_004": "小郡市立大原小学校", "P29_005": "福岡県小郡市大保1394", "P29_006": "3", "P29_007": "1", "P29_008": "00", "P29_009": null }, "geometry": { "type": "Point", "coordinates": [ 130.559494343451206, 33.407841319640617 ] } },
{ "type": "Feature", "properties": { "P29_001": "40216", "P29_002": "B140221600085", "P29_003": "16001", "P29_004": "小郡市立のぞみが丘小学校", "P29_005": "福岡県小郡市希みが丘5-2-17", "P29_006": "3", "P29_007": "1", "P29_008": "00", "P29_009": null }, "geometry": { "type": "Point", "coordinates": [ 130.545530468737439, 33.437260142772189 ] } },
{ "type": "Feature", "properties": { "P29_001": "40217", "P29_002": "B140221700011", "P29_003": "16001", "P29_004": "筑紫野市立二日市小学校", "P29_005": "福岡県筑紫野市二日市西2-2-1", "P29_006": "3", "P29_007": "1", "P29_008": "00", "P29_009": null }, "geometry": { "type": "Point", "coordinates": [ 130.515808009359489, 33.494544025974221 ] } },
{ "type": "Feature", "properties": { "P29_001": "40217", "P29_002": "B140221700020", "P29_003": "16001", "P29_004": "筑紫野市立二日市東小学校", "P29_005": "福岡県筑紫野市紫7-4-1", "P29_006": "3", "P29_007": "1", "P29_008": "00", "P29_009": null }, "geometry": { "type": "Point", "coordinates": [ 130.52552776701225, 33.491253711168113 ] } },
{ "type": "Feature", "properties": { "P29_001": "40217", "P29_002": "B140221700048", "P29_003": "16001", "P29_004": "筑紫野市立阿志岐小学校", "P29_005": "福岡県筑紫野市大字阿志岐2350", "P29_006": "3", "P29_007": "1", "P29_008": "00", "P29_009": null }, "geometry": { "type": "Point", "coordinates": [ 130.550664834349845, 33.499673781444272 ] } },
{ "type": "Feature", "properties": { "P29_001": "40217", "P29_002": "B140221700057", "P29_003": "16001", "P29_004": "筑紫野市立山家小学校", "P29_005": "福岡県筑紫野市大字山家4341", "P29_006": "3", "P29_007": "1", "P29_008": "00", "P29_009": null }, "geometry": { "type": "Point", "coordinates": [ 130.579522935648924, 33.485479351347614 ] } },
{ "type": "Feature", "properties": { "P29_001": "40217", "P29_002": "B140221700066", "P29_003": "16001", "P29_004": "筑紫野市立筑紫小学校", "P29_005": "福岡県筑紫野市大字筑紫531", "P29_006": "3", "P29_007": "1", "P29_008": "00", "P29_009": null }, "geometry": { "type": "Point", "coordinates": [ 130.549675947581534, 33.463627034604023 ] } },
{ "type": "Feature", "properties": { "P29_001": "40217", "P29_002": "B140221700075", "P29_003": "16001", "P29_004": "筑紫野市立山口小学校", "P29_005": "福岡県筑紫野市大字萩原850-1", "P29_006": "3", "P29_007": "1", "P29_008": "00", "P29_009": null }, "geometry": { "type": "Point", "coordinates": [ 130.51649021758405, 33.468041150696173 ] } },
{ "type": "Feature", "properties": { "P29_001": "40217", "P29_002": "B140221700084", "P29_003": "16001", "P29_004": "筑紫野市立二日市北小学校", "P29_005": "福岡県筑紫野市二日市北8-2-1", "P29_006": "3", "P29_007": "1", "P29_008": "00", "P29_009": null }, "geometry": { "type": "Point", "coordinates": [ 130.528567524477722, 33.497895686902986 ] } },
{ "type": "Feature", "properties": { "P29_001": "40217", "P29_002": "B140221700093", "P29_003": "16001", "P29_004": "筑紫野市立原田小学校", "P29_005": "福岡県筑紫野市美しが丘南2-10-5", "P29_006": "3", "P29_007": "1", "P29_008": "00", "P29_009": null }, "geometry": { "type": "Point", "coordinates": [ 130.546331951656953, 33.445579352911395 ] } },
{ "type": "Feature", "properties": { "P29_001": "40217", "P29_002": "B140221700100", "P29_003": "16001", "P29_004": "筑紫野市立筑紫東小学校", "P29_005": "福岡県筑紫野市光が丘2-3-1", "P29_006": "3", "P29_007": "1", "P29_008": "00", "P29_009": null }, "geometry": { "type": "Point", "coordinates": [ 130.55503313486787, 33.454482400959385 ] } },
{ "type": "Feature", "properties": { "P29_001": "40217", "P29_002": "B140221700119", "P29_003": "16001", "P29_004": "筑紫野市立天拝小学校", "P29_005": "福岡県筑紫野市天拝坂6-1-1", "P29_006": "3", "P29_007": "1", "P29_008": "00", "P29_009": null }, "geometry": { "type": "Point", "coordinates": [ 130.501999540059586, 33.494506635396995 ] } },
{ "type": "Feature", "properties": { "P29_001": "40218", "P29_002": "B140221800010", "P29_003": "16001", "P29_004": "春日市立春日小学校", "P29_005": "福岡県春日市昇町1-142", "P29_006": "3", "P29_007": "1", "P29_008": "00", "P29_009": null }, "geometry": { "type": "Point", "coordinates": [ 130.448756130967723, 33.529399900227055 ] } },
{ "type": "Feature", "properties": { "P29_001": "40218", "P29_002": "B140221800029", "P29_003": "16001", "P29_004": "春日市立春日北小学校", "P29_005": "福岡県春日市岡本1-35", "P29_006": "3", "P29_007": "1", "P29_008": "00", "P29_009": null }, "geometry": { "type": "Point", "coordinates": [ 130.447556821688522, 33.541254339523647 ] } },
{ "type": "Feature", "properties": { "P29_001": "40218", "P29_002": "B140221800056", "P29_003": "16001", "P29_004": "春日市立春日西小学校", "P29_005": "福岡県春日市下白水南4-134", "P29_006": "3", "P29_007": "1", "P29_008": "00", "P29_009": null }, "geometry": { "type": "Point", "coordinates": [ 130.443160271409937, 33.523193302433818 ] } },
{ "type": "Feature", "properties": { "P29_001": "40218", "P29_002": "B140221800065", "P29_003": "16001", "P29_004": "春日市立須玖小学校", "P29_005": "福岡県春日市須玖南2-71", "P29_006": "3", "P29_007": "1", "P29_008": "00", "P29_009": null }, "geometry": { "type": "Point", "coordinates": [ 130.446424441802918, 33.53688365300728 ] } },
{ "type": "Feature", "properties": { "P29_001": "40218", "P29_002": "B140221800074", "P29_003": "16001", "P29_004": "春日市立春日南小学校", "P29_005": "福岡県春日市春日8-100", "P29_006": "3", "P29_007": "1", "P29_008": "00", "P29_009": null }, "geometry": { "type": "Point", "coordinates": [ 130.465266240965349, 33.518781839756954 ] } },
{ "type": "Feature", "properties": { "P29_001": "40218", "P29_002": "B140221800092", "P29_003": "16001", "P29_004": "春日市立天神山小学校", "P29_005": "福岡県春日市天神山6-39", "P29_006": "3", "P29_007": "1", "P29_008": "00", "P29_009": null }, "geometry": { "type": "Point", "coordinates": [ 130.448342145353763, 33.515270958173787 ] } },
{ "type": "Feature", "properties": { "P29_001": "40218", "P29_002": "B140221800109", "P29_003": "16001", "P29_004": "春日市立春日野小学校", "P29_005": "福岡県春日市春日公園4-1-1", "P29_006": "3", "P29_007": "1", "P29_008": "00", "P29_009": null }, "geometry": { "type": "Point", "coordinates": [ 130.472085164395423, 33.524349962465301 ] } },
{ "type": "Feature", "properties": { "P29_001": "40218", "P29_002": "B140221800118", "P29_003": "16001", "P29_004": "春日市立日の出小学校", "P29_005": "福岡県春日市日の出町3-1-10", "P29_006": "3", "P29_007": "1", "P29_008": "00", "P29_009": null }, "geometry": { "type": "Point", "coordinates": [ 130.455363694493741, 33.54400937381039 ] } },
{ "type": "Feature", "properties": { "P29_001": "40218", "P29_002": "B140221800127", "P29_003": "16001", "P29_004": "春日市立白水小学校", "P29_005": "福岡県春日市白水ヶ丘1-100", "P29_006": "3", "P29_007": "1", "P29_008": "00", "P29_009": null }, "geometry": { "type": "Point", "coordinates": [ 130.444660858947458, 33.51534747668552 ] } },
{ "type": "Feature", "properties": { "P29_001": "40219", "P29_002": "B140221900019", "P29_003": "16001", "P29_004": "大野城市立大野小学校", "P29_005": "福岡県大野城市瓦田3-2-1", "P29_006": "3", "P29_007": "1", "P29_008": "00", "P29_009": null }, "geometry": { "type": "Point", "coordinates": [ 130.481402189816293, 33.533653305470153 ] } },
{ "type": "Feature", "properties": { "P29_001": "40219", "P29_002": "B140221900028", "P29_003": "16001", "P29_004": "大野城市立大野北小学校", "P29_005": "福岡県大野城市山田4-17-1", "P29_006": "3", "P29_007": "1", "P29_008": "00", "P29_009": null }, "geometry": { "type": "Point", "coordinates": [ 130.47529739885772, 33.545422560914595 ] } },
{ "type": "Feature", "properties": { "P29_001": "40219", "P29_002": "B140221900037", "P29_003": "16001", "P29_004": "大野城市立大野南小学校", "P29_005": "福岡県大野城市南ヶ丘4-18-1", "P29_006": "3", "P29_007": "1", "P29_008": "00", "P29_009": null }, "geometry": { "type": "Point", "coordinates": [ 130.479149558895585, 33.501782521998301 ] } },
{ "type": "Feature", "properties": { "P29_001": "40219", "P29_002": "B140221900046", "P29_003": "16001", "P29_004": "大野城市立大野東小学校", "P29_005": "福岡県大野城市乙金1-18-1", "P29_006": "3", "P29_007": "1", "P29_008": "00", "P29_009": null }, "geometry": { "type": "Point", "coordinates": [ 130.48943848391113, 33.544907489558874 ] } },
{ "type": "Feature", "properties": { "P29_001": "40219", "P29_002": "B140221900055", "P29_003": "16001", "P29_004": "大野城市立大利小学校", "P29_005": "福岡県大野城市上大利1-7-1", "P29_006": "3", "P29_007": "1", "P29_008": "00", "P29_009": null }, "geometry": { "type": "Point", "coordinates": [ 130.481174209708428, 33.520797187418829 ] } },
{ "type": "Feature", "properties": { "P29_001": "40219", "P29_002": "B140221900064", "P29_003": "16001", "P29_004": "大野城市立平野小学校", "P29_005": "福岡県大野城市横峰2-4-1", "P29_006": "3", "P29_007": "1", "P29_008": "00", "P29_009": null }, "geometry": { "type": "Point", "coordinates": [ 130.473935665681893, 33.50546639240774 ] } },
{ "type": "Feature", "properties": { "P29_001": "40219", "P29_002": "B140221900073", "P29_003": "16001", "P29_004": "大野城市立大城小学校", "P29_005": "福岡県大野城市大城3-29-1", "P29_006": "3", "P29_007": "1", "P29_008": "00", "P29_009": null }, "geometry": { "type": "Point", "coordinates": [ 130.498014766944777, 33.536725327423824 ] } },
{ "type": "Feature", "properties": { "P29_001": "40221", "P29_002": "B140221900082", "P29_003": "16001", "P29_004": "大野城市立下大利小学校", "P29_005": "福岡県大野城市東大利4-8-1", "P29_006": "3", "P29_007": "1", "P29_008": "00", "P29_009": null }, "geometry": { "type": "Point", "coordinates": [ 130.491778334787909, 33.528789117367801 ] } },
{ "type": "Feature", "properties": { "P29_001": "40219", "P29_002": "B140221900091", "P29_003": "16001", "P29_004": "大野城市立御笠の森小学校", "P29_005": "福岡県大野城市御笠川1-7-1", "P29_006": "3", "P29_007": "1", "P29_008": "00", "P29_009": null }, "geometry": { "type": "Point", "coordinates": [ 130.477143337267648, 33.550999407112144 ] } },
{ "type": "Feature", "properties": { "P29_001": "40219", "P29_002": "B140221900108", "P29_003": "16001", "P29_004": "大野城市立月の浦小学校", "P29_005": "福岡県大野城市月の浦3-22-1", "P29_006": "3", "P29_007": "1", "P29_008": "00", "P29_009": null }, "geometry": { "type": "Point", "coordinates": [ 130.459349436055277, 33.498722426891874 ] } },
{ "type": "Feature", "properties": { "P29_001": "40220", "P29_002": "B140222000016", "P29_003": "16001", "P29_004": "宗像市立吉武小学校", "P29_005": "福岡県宗像市武丸644", "P29_006": "3", "P29_007": "1", "P29_008": "00", "P29_009": null }, "geometry": { "type": "Point", "coordinates": [ 130.613808760008425, 33.801638565537672 ] } },
{ "type": "Feature", "properties": { "P29_001": "40220", "P29_002": "B140222000025", "P29_003": "16001", "P29_004": "宗像市立赤間小学校", "P29_005": "福岡県宗像市赤間1-4-1", "P29_006": "3", "P29_007": "1", "P29_008": "00", "P29_009": null }, "geometry": { "type": "Point", "coordinates": [ 130.58147511378786, 33.799766368850833 ] } },
{ "type": "Feature", "properties": { "P29_001": "40220", "P29_002": "B140222000034", "P29_003": "16001", "P29_004": "宗像市立河東小学校", "P29_005": "福岡県宗像市稲元5-1-2", "P29_006": "3", "P29_007": "1", "P29_008": "00", "P29_009": null }, "geometry": { "type": "Point", "coordinates": [ 130.558516226176238, 33.813596412892828 ] } },
{ "type": "Feature", "properties": { "P29_001": "40220", "P29_002": "B140222000043", "P29_003": "16001", "P29_004": "宗像市立南郷小学校", "P29_005": "福岡県宗像市原町2110-1", "P29_006": "3", "P29_007": "1", "P29_008": "00", "P29_009": null }, "geometry": { "type": "Point", "coordinates": [ 130.559557439023735, 33.783715890983721 ] } },
{ "type": "Feature", "properties": { "P29_001": "40220", "P29_002": "B140222000052", "P29_003": "16001", "P29_004": "宗像市立東郷小学校", "P29_005": "福岡県宗像市田熊3-4-1", "P29_006": "3", "P29_007": "1", "P29_008": "00", "P29_009": null }, "geometry": { "type": "Point", "coordinates": [ 130.532681917132123, 33.798910854414103 ] } },
{ "type": "Feature", "properties": { "P29_001": "40220", "P29_002": "B140222000061", "P29_003": "16001", "P29_004": "宗像市立日の里東小学校", "P29_005": "福岡県宗像市日の里4-21", "P29_006": "3", "P29_007": "1", "P29_008": "00", "P29_009": null }, "geometry": { "type": "Point", "coordinates": [ 130.539183081158995, 33.793787065408132 ] } },
{ "type": "Feature", "properties": { "P29_001": "40220", "P29_002": "B140222000070", "P29_003": "16001", "P29_004": "宗像市立日の里西小学校", "P29_005": "福岡県宗像市日の里8-20", "P29_006": "3", "P29_007": "1", "P29_008": "00", "P29_009": null }, "geometry": { "type": "Point", "coordinates": [ 130.529627337843181, 33.788607809874328 ] } },
{ "type": "Feature", "properties": { "P29_001": "40220", "P29_002": "B140222000089", "P29_003": "16001", "P29_004": "宗像市立自由ヶ丘小学校", "P29_005": "福岡県宗像市自由ヶ丘918-6", "P29_006": "3", "P29_007": "1", "P29_008": "00", "P29_009": null }, "geometry": { "type": "Point", "coordinates": [ 130.581224577586568, 33.793406155648022 ] } },
{ "type": "Feature", "properties": { "P29_001": "40220", "P29_002": "B140222000098", "P29_003": "16001", "P29_004": "宗像市立赤間西小学校", "P29_005": "福岡県宗像市土穴633-2", "P29_006": "3", "P29_007": "1", "P29_008": "00", "P29_009": null }, "geometry": { "type": "Point", "coordinates": [ 130.570727547924264, 33.818310945905971 ] } },
{ "type": "Feature", "properties": { "P29_001": "40220", "P29_002": "B140222000141", "P29_003": "16001", "P29_004": "宗像市立河東西小学校", "P29_005": "福岡県宗像市樟陽台1-15-7", "P29_006": "3", "P29_007": "1", "P29_008": "00", "P29_009": null }, "geometry": { "type": "Point", "coordinates": [ 130.536580346136532, 33.825202077982276 ] } },
{ "type": "Feature", "properties": { "P29_001": "40221", "P29_002": "B140222100015", "P29_003": "16001", "P29_004": "太宰府市立太宰府東小学校", "P29_005": "福岡県太宰府市青山3-4-1", "P29_006": "3", "P29_007": "1", "P29_008": "00", "P29_009": null }, "geometry": { "type": "Point", "coordinates": [ 130.538477112356418, 33.507966800951216 ] } },
{ "type": "Feature", "properties": { "P29_001": "40221", "P29_002": "B140222100024", "P29_003": "16001", "P29_004": "太宰府市立国分小学校", "P29_005": "福岡県太宰府市国分2-10-1", "P29_006": "3", "P29_007": "1", "P29_008": "00", "P29_009": null }, "geometry": { "type": "Point", "coordinates": [ 130.503614325787851, 33.524158906347779 ] } },
{ "type": "Feature", "properties": { "P29_001": "40221", "P29_002": "B140222100033", "P29_003": "16001", "P29_004": "太宰府市立太宰府小学校", "P29_005": "福岡県太宰府市連歌屋1-2-1", "P29_006": "3", "P29_007": "1", "P29_008": "00", "P29_009": null }, "geometry": { "type": "Point", "coordinates": [ 130.529634916012071, 33.520978940026232 ] } },
{ "type": "Feature", "properties": { "P29_001": "40221", "P29_002": "B140222100042", "P29_003": "16001", "P29_004": "太宰府市立水城小学校", "P29_005": "福岡県太宰府市観世音寺3-13-1", "P29_006": "3", "P29_007": "1", "P29_008": "00", "P29_009": null }, "geometry": { "type": "Point", "coordinates": [ 130.508029284186307, 33.514552893947346 ] } },
{ "type": "Feature", "properties": { "P29_001": "40221", "P29_002": "B140222100051", "P29_003": "16001", "P29_004": "太宰府市立水城西小学校", "P29_005": "福岡県太宰府市大字向佐野90", "P29_006": "3", "P29_007": "1", "P29_008": "00", "P29_009": null }, "geometry": { "type": "Point", "coordinates": [ 130.500288292647753, 33.510923146824013 ] } },
{ "type": "Feature", "properties": { "P29_001": "40221", "P29_002": "B140222100060", "P29_003": "16001", "P29_004": "太宰府市立太宰府南小学校", "P29_005": "福岡県太宰府市高雄2-3855", "P29_006": "3", "P29_007": "1", "P29_008": "00", "P29_009": null }, "geometry": { "type": "Point", "coordinates": [ 130.539295526922984, 33.50152014316199 ] } },
{ "type": "Feature", "properties": { "P29_001": "40221", "P29_002": "B140222100079", "P29_003": "16001", "P29_004": "太宰府市立太宰府西小学校", "P29_005": "福岡県太宰府市大佐野4-6-30", "P29_006": "3", "P29_007": "1", "P29_008": "00", "P29_009": null }, "geometry": { "type": "Point", "coordinates": [ 130.493130735582099, 33.504592039507408 ] } },
{ "type": "Feature", "properties": { "P29_001": "40223", "P29_002": "B140222300013", "P29_003": "16001", "P29_004": "古賀市立青柳小学校", "P29_005": "福岡県古賀市青柳860-1", "P29_006": "3", "P29_007": "1", "P29_008": "00", "P29_009": null }, "geometry": { "type": "Point", "coordinates": [ 130.478921010549584, 33.712735302924564 ] } },
{ "type": "Feature", "properties": { "P29_001": "40223", "P29_002": "B140222300031", "P29_003": "16001", "P29_004": "古賀市立古賀東小学校", "P29_005": "福岡県古賀市新久保2-1-1", "P29_006": "3", "P29_007": "1", "P29_008": "00", "P29_009": null }, "geometry": { "type": "Point", "coordinates": [ 130.479435640516954, 33.735973984449274 ] } },
{ "type": "Feature", "properties": { "P29_001": "40223", "P29_002": "B140222300040", "P29_003": "16001", "P29_004": "古賀市立古賀西小学校", "P29_005": "福岡県古賀市天神7-4-1", "P29_006": "3", "P29_007": "1", "P29_008": "00", "P29_009": null }, "geometry": { "type": "Point", "coordinates": [ 130.461322574011206, 33.736296688682806 ] } },
{ "type": "Feature", "properties": { "P29_001": "40223", "P29_002": "B140222300059", "P29_003": "16001", "P29_004": "古賀市立花鶴小学校", "P29_005": "福岡県古賀市花鶴丘1-21", "P29_006": "3", "P29_007": "1", "P29_008": "00", "P29_009": null }, "geometry": { "type": "Point", "coordinates": [ 130.46814706265684, 33.725449113637261 ] } },
{ "type": "Feature", "properties": { "P29_001": "40223", "P29_002": "B140222300077", "P29_003": "16001", "P29_004": "古賀市立花見小学校", "P29_005": "福岡県古賀市花見東4-2-1", "P29_006": "3", "P29_007": "1", "P29_008": "00", "P29_009": null }, "geometry": { "type": "Point", "coordinates": [ 130.470366533882924, 33.749110890985264 ] } },
{ "type": "Feature", "properties": { "P29_001": "40223", "P29_002": "B140222300086", "P29_003": "16001", "P29_004": "古賀市立舞の里小学校", "P29_005": "福岡県古賀市舞の里4-21-1", "P29_006": "3", "P29_007": "1", "P29_008": "00", "P29_009": null }, "geometry": { "type": "Point", "coordinates": [ 130.491355004060352, 33.744296252472488 ] } },
{ "type": "Feature", "properties": { "P29_001": "40224", "P29_002": "B140222400012", "P29_003": "16001", "P29_004": "福津市立神興小学校", "P29_005": "福岡県福津市東福間6-4-1", "P29_006": "3", "P29_007": "1", "P29_008": "00", "P29_009": null }, "geometry": { "type": "Point", "coordinates": [ 130.511801157324072, 33.778746699043261 ] } },
{ "type": "Feature", "properties": { "P29_001": "40224", "P29_002": "B140222400030", "P29_003": "16001", "P29_004": "福津市立福間小学校", "P29_005": "福岡県福津市西福間2-4-1", "P29_006": "3", "P29_007": "1", "P29_008": "00", "P29_009": null }, "geometry": { "type": "Point", "coordinates": [ 130.477678219763533, 33.765667220421832 ] } },
{ "type": "Feature", "properties": { "P29_001": "40224", "P29_002": "B140222400049", "P29_003": "16001", "P29_004": "福津市立神興東小学校", "P29_005": "福岡県福津市津丸950", "P29_006": "3", "P29_007": "1", "P29_008": "00", "P29_009": null }, "geometry": { "type": "Point", "coordinates": [ 130.515386965316026, 33.770142180372595 ] } },
{ "type": "Feature", "properties": { "P29_001": "40224", "P29_002": "B140222400058", "P29_003": "16001", "P29_004": "福津市立福間南小学校", "P29_005": "福岡県福津市日蒔野4-11-2", "P29_006": "3", "P29_007": "1", "P29_008": "00", "P29_009": null }, "geometry": { "type": "Point", "coordinates": [ 130.488567462014572, 33.759198096803978 ] } },
{ "type": "Feature", "properties": { "P29_001": "40224", "P29_002": "B140222400067", "P29_003": "16001", "P29_004": "福津市立津屋崎小学校", "P29_005": "福岡県福津市津屋崎8-4-1", "P29_006": "3", "P29_007": "1", "P29_008": "00", "P29_009": null }, "geometry": { "type": "Point", "coordinates": [ 130.469156064675218, 33.792181773700143 ] } },
{ "type": "Feature", "properties": { "P29_001": "40225", "P29_002": "B140222500011", "P29_003": "16001", "P29_004": "うきは市立山春小学校", "P29_005": "福岡県うきは市浮羽町山北783-6", "P29_006": "3", "P29_007": "1", "P29_008": "00", "P29_009": null }, "geometry": { "type": "Point", "coordinates": [ 130.827426864315441, 33.336661163273561 ] } },
{ "type": "Feature", "properties": { "P29_001": "40225", "P29_002": "B140222500020", "P29_003": "16001", "P29_004": "うきは市立大石小学校", "P29_005": "福岡県うきは市古川468-3", "P29_006": "3", "P29_007": "1", "P29_008": "00", "P29_009": null }, "geometry": { "type": "Point", "coordinates": [ 130.809133395947441, 33.355501260229616 ] } },
{ "type": "Feature", "properties": { "P29_001": "40225", "P29_002": "B140222500039", "P29_003": "16001", "P29_004": "うきは市立御幸小学校", "P29_005": "福岡県うきは市浮羽町朝田412", "P29_006": "3", "P29_007": "1", "P29_008": "00", "P29_009": null }, "geometry": { "type": "Point", "coordinates": [ 130.789898385504927, 33.332140556743582 ] } },
{ "type": "Feature", "properties": { "P29_001": "40225", "P29_002": "B140222500048", "P29_003": "16001", "P29_004": "うきは市立千年小学校", "P29_005": "福岡県うきは市吉井町千年263-1", "P29_006": "3", "P29_007": "1", "P29_008": "00", "P29_009": null }, "geometry": { "type": "Point", "coordinates": [ 130.770111877701652, 33.348737447290702 ] } },
{ "type": "Feature", "properties": { "P29_001": "40225", "P29_002": "B140222500057", "P29_003": "16001", "P29_004": "うきは市立吉井小学校", "P29_005": "福岡県うきは市吉井町1088", "P29_006": "3", "P29_007": "1", "P29_008": "00", "P29_009": null }, "geometry": { "type": "Point", "coordinates": [ 130.761217282383512, 33.345259534506162 ] } },
{ "type": "Feature", "properties": { "P29_001": "40225", "P29_002": "B140222500066", "P29_003": "16001", "P29_004": "うきは市立福富小学校", "P29_005": "福岡県うきは市吉井町福益666-1", "P29_006": "3", "P29_007": "1", "P29_008": "00", "P29_009": null }, "geometry": { "type": "Point", "coordinates": [ 130.753609222187634, 33.333256052707434 ] } },
{ "type": "Feature", "properties": { "P29_001": "40225", "P29_002": "B140222500075", "P29_003": "16001", "P29_004": "うきは市立江南小学校", "P29_005": "福岡県うきは市吉井町八和田774-1", "P29_006": "3", "P29_007": "1", "P29_008": "00", "P29_009": null }, "geometry": { "type": "Point", "coordinates": [ 130.743982443988386, 33.353639691875451 ] } },
{ "type": "Feature", "properties": { "P29_001": "40226", "P29_002": "B140222600029", "P29_003": "16001", "P29_004": "宮若市立宮田北小学校", "P29_005": "福岡県宮若市龍徳1464", "P29_006": "3", "P29_007": "1", "P29_008": "00", "P29_009": null }, "geometry": { "type": "Point", "coordinates": [ 130.686948786468236, 33.733026769410316 ] } },
{ "type": "Feature", "properties": { "P29_001": "40226", "P29_002": "B140222600056", "P29_003": "16001", "P29_004": "宮若市立宮若西小学校", "P29_005": "福岡県宮若市金丸417-1", "P29_006": "3", "P29_007": "1", "P29_008": "00", "P29_009": null }, "geometry": { "type": "Point", "coordinates": [ 130.627726566089109, 33.733102954792571 ] } },
{ "type": "Feature", "properties": { "P29_001": "40227", "P29_002": "B140222700019", "P29_003": "16001", "P29_004": "嘉麻市立熊ヶ畑小学校", "P29_005": "福岡県嘉麻市熊ヶ畑宮ノ脇2128", "P29_006": "3", "P29_007": "1", "P29_008": "00", "P29_009": null }, "geometry": { "type": "Point", "coordinates": [ 130.783125556606535, 33.541064595267528 ] } },
{ "type": "Feature", "properties": { "P29_001": "40227", "P29_002": "B140222700028", "P29_003": "16001", "P29_004": "嘉麻市立下山田小学校", "P29_005": "福岡県嘉麻市下山田341", "P29_006": "3", "P29_007": "1", "P29_008": "00", "P29_009": null }, "geometry": { "type": "Point", "coordinates": [ 130.753289387804074, 33.575795695016481 ] } },
{ "type": "Feature", "properties": { "P29_001": "40227", "P29_002": "B140222700037", "P29_003": "16001", "P29_004": "嘉麻市立上山田小学校", "P29_005": "福岡県嘉麻市上山田502-36", "P29_006": "3", "P29_007": "1", "P29_008": "00", "P29_009": null }, "geometry": { "type": "Point", "coordinates": [ 130.769495263900467, 33.560057667124333 ] } },
{ "type": "Feature", "properties": { "P29_001": "40227", "P29_002": "B140222700055", "P29_003": "16001", "P29_004": "嘉麻市立牛隈小学校", "P29_005": "福岡県嘉麻市牛隈2470", "P29_006": "3", "P29_007": "1", "P29_008": "00", "P29_009": null }, "geometry": { "type": "Point", "coordinates": [ 130.72495658281909, 33.57208003898824 ] } },
{ "type": "Feature", "properties": { "P29_001": "40227", "P29_002": "B140222700082", "P29_003": "16001", "P29_004": "嘉麻市立嘉穂小学校", "P29_005": "福岡県嘉麻市大隈町1215", "P29_006": "3", "P29_007": "1", "P29_008": "00", "P29_009": null }, "geometry": { "type": "Point", "coordinates": [ 130.741367403242378, 33.542589030766003 ] } },
{ "type": "Feature", "properties": { "P29_001": "40228", "P29_002": "B140222800018", "P29_003": "16001", "P29_004": "朝倉市立三奈木小学校", "P29_005": "福岡県朝倉市三奈木4564", "P29_006": "3", "P29_007": "1", "P29_008": "00", "P29_009": null }, "geometry": { "type": "Point", "coordinates": [ 130.71493920024642, 33.41793027415639 ] } },
{ "type": "Feature", "properties": { "P29_001": "40228", "P29_002": "B140222800027", "P29_003": "16001", "P29_004": "朝倉市立金川小学校", "P29_005": "福岡県朝倉市屋永3148", "P29_006": "3", "P29_007": "1", "P29_008": "00", "P29_009": null }, "geometry": { "type": "Point", "coordinates": [ 130.682226544298203, 33.396914253227912 ] } },
{ "type": "Feature", "properties": { "P29_001": "40228", "P29_002": "B140222800036", "P29_003": "16001", "P29_004": "朝倉市立蜷城小学校", "P29_005": "福岡県朝倉市林田220", "P29_006": "3", "P29_007": "1", "P29_008": "00", "P29_009": null }, "geometry": { "type": "Point", "coordinates": [ 130.673284947728746, 33.375697644457603 ] } },
{ "type": "Feature", "properties": { "P29_001": "40228", "P29_002": "B140222800054", "P29_003": "16001", "P29_004": "朝倉市立立石小学校", "P29_005": "福岡県朝倉市頓田380-1", "P29_006": "3", "P29_007": "1", "P29_008": "00", "P29_009": null }, "geometry": { "type": "Point", "coordinates": [ 130.66788113417698, 33.412833028963725 ] } },
{ "type": "Feature", "properties": { "P29_001": "40228", "P29_002": "B140222800063", "P29_003": "16001", "P29_004": "朝倉市立馬田小学校", "P29_005": "福岡県朝倉市馬田1243", "P29_006": "3", "P29_007": "1", "P29_008": "00", "P29_009": null }, "geometry": { "type": "Point", "coordinates": [ 130.641950579467704, 33.407421509724884 ] } },
{ "type": "Feature", "properties": { "P29_001": "40228", "P29_002": "B140222800072", "P29_003": "16001", "P29_004": "朝倉市立甘木小学校", "P29_005": "福岡県朝倉市甘木1945", "P29_006": "3", "P29_007": "1", "P29_008": "00", "P29_009": null }, "geometry": { "type": "Point", "coordinates": [ 130.657017433989864, 33.425875582652537 ] } },
{ "type": "Feature", "properties": { "P29_001": "40228", "P29_002": "B140222800081", "P29_003": "16001", "P29_004": "朝倉市立秋月小学校", "P29_005": "福岡県朝倉市長谷山50", "P29_006": "3", "P29_007": "1", "P29_008": "00", "P29_009": null }, "geometry": { "type": "Point", "coordinates": [ 130.68731138175275, 33.463559937963957 ] } },
{ "type": "Feature", "properties": { "P29_001": "40228", "P29_002": "B140222800090", "P29_003": "16001", "P29_004": "朝倉市立朝倉東小学校", "P29_005": "福岡県朝倉市須川2680", "P29_006": "3", "P29_007": "1", "P29_008": "00", "P29_009": null }, "geometry": { "type": "Point", "coordinates": [ 130.736731920896204, 33.385459014036201 ] } },
{ "type": "Feature", "properties": { "P29_001": "40228", "P29_002": "B140222800107", "P29_003": "16001", "P29_004": "朝倉市立大福小学校", "P29_005": "福岡県朝倉市大庭3594", "P29_006": "3", "P29_007": "1", "P29_008": "00", "P29_009": null }, "geometry": { "type": "Point", "coordinates": [ 130.705783235171168, 33.380711694737585 ] } },
{ "type": "Feature", "properties": { "P29_001": "40228", "P29_002": "B140222800116", "P29_003": "16001", "P29_004": "朝倉市立杷木小学校", "P29_005": "福岡県朝倉市杷木寒水175", "P29_006": "3", "P29_007": "1", "P29_008": "00", "P29_009": null }, "geometry": { "type": "Point", "coordinates": [ 130.809932500122756, 33.365741857181689 ] } },
{ "type": "Feature", "properties": { "P29_001": "40229", "P29_002": "B140222900017", "P29_003": "16001", "P29_004": "みやま市立大江小学校", "P29_005": "福岡県みやま市瀬高町大江1726", "P29_006": "3", "P29_007": "1", "P29_008": "00", "P29_009": null }, "geometry": { "type": "Point", "coordinates": [ 130.484633420222366, 33.145381995370151 ] } },
{ "type": "Feature", "properties": { "P29_001": "40229", "P29_002": "B140222900026", "P29_003": "16001", "P29_004": "みやま市立南小学校", "P29_005": "福岡県みやま市瀬高町太神1318", "P29_006": "3", "P29_007": "1", "P29_008": "00", "P29_009": null }, "geometry": { "type": "Point", "coordinates": [ 130.467187466586125, 33.135419273662606 ] } },
{ "type": "Feature", "properties": { "P29_001": "40229", "P29_002": "B140222900035", "P29_003": "16001", "P29_004": "みやま市立水上小学校", "P29_005": "福岡県みやま市瀬高町長田3228-2", "P29_006": "3", "P29_007": "1", "P29_008": "00", "P29_009": null }, "geometry": { "type": "Point", "coordinates": [ 130.514418396820474, 33.176150412342402 ] } },
{ "type": "Feature", "properties": { "P29_001": "40229", "P29_002": "B140222900044", "P29_003": "16001", "P29_004": "みやま市立清水小学校", "P29_005": "福岡県みやま市瀬高町大草1596-1", "P29_006": "3", "P29_007": "1", "P29_008": "00", "P29_009": null }, "geometry": { "type": "Point", "coordinates": [ 130.506680846191472, 33.1538513182659 ] } },
{ "type": "Feature", "properties": { "P29_001": "40229", "P29_002": "B140222900053", "P29_003": "16001", "P29_004": "瀬高小学校", "P29_005": "福岡県みやま市瀬高町下庄1373", "P29_006": "3", "P29_007": "1", "P29_008": "00", "P29_009": null }, "geometry": { "type": "Point", "coordinates": [ 130.475326066649501, 33.159020033331203 ] } },
{ "type": "Feature", "properties": { "P29_001": "40229", "P29_002": "B140222900106", "P29_003": "16001", "P29_004": "みやま市立桜舞館小学校", "P29_005": "福岡県みやま市高田町舞鶴257-1", "P29_006": "3", "P29_007": "1", "P29_008": "00", "P29_009": null }, "geometry": { "type": "Point", "coordinates": [ 130.518474759280423, 33.119492658565633 ] } },
{ "type": "Feature", "properties": { "P29_001": "40230", "P29_002": "B140223000014", "P29_003": "16001", "P29_004": "糸島市立前原小学校", "P29_005": "福岡県糸島市前原東2-2-6", "P29_006": "3", "P29_007": "1", "P29_008": "00", "P29_009": null }, "geometry": { "type": "Point", "coordinates": [ 130.202898952445906, 33.561963511975229 ] } },
{ "type": "Feature", "properties": { "P29_001": "40230", "P29_002": "B140223000023", "P29_003": "16001", "P29_004": "糸島市立加布里小学校", "P29_005": "福岡県糸島市神在西3-1-27", "P29_006": "3", "P29_007": "1", "P29_008": "00", "P29_009": null }, "geometry": { "type": "Point", "coordinates": [ 130.173264303090178, 33.544190577000059 ] } },
{ "type": "Feature", "properties": { "P29_001": "40230", "P29_002": "B140223000032", "P29_003": "16001", "P29_004": "糸島市立波多江小学校", "P29_005": "福岡県糸島市波多江駅北4-12-1", "P29_006": "3", "P29_007": "1", "P29_008": "00", "P29_009": null }, "geometry": { "type": "Point", "coordinates": [ 130.229956604140369, 33.565754778445701 ] } },
{ "type": "Feature", "properties": { "P29_001": "40230", "P29_002": "B140223000041", "P29_003": "16001", "P29_004": "糸島市立長糸小学校", "P29_005": "福岡県糸島市川付847", "P29_006": "3", "P29_007": "1", "P29_008": "00", "P29_009": null }, "geometry": { "type": "Point", "coordinates": [ 130.193907894160702, 33.51056880089169 ] } },
{ "type": "Feature", "properties": { "P29_001": "40230", "P29_002": "B140223000050", "P29_003": "16001", "P29_004": "糸島市立雷山小学校", "P29_005": "福岡県糸島市蔵持810-1", "P29_006": "3", "P29_007": "1", "P29_008": "00", "P29_009": null }, "geometry": { "type": "Point", "coordinates": [ 130.218652269743046, 33.537438058643055 ] } },
{ "type": "Feature", "properties": { "P29_001": "40230", "P29_002": "B140223000069", "P29_003": "16001", "P29_004": "糸島市立怡土小学校", "P29_005": "福岡県糸島市高祖784-1", "P29_006": "3", "P29_007": "1", "P29_008": "00", "P29_009": null }, "geometry": { "type": "Point", "coordinates": [ 130.249958809079175, 33.537685212515619 ] } },
{ "type": "Feature", "properties": { "P29_001": "40230", "P29_002": "B140223000078", "P29_003": "16001", "P29_004": "糸島市立前原南小学校", "P29_005": "福岡県糸島市前原南1-17-1", "P29_006": "3", "P29_007": "1", "P29_008": "00", "P29_009": null }, "geometry": { "type": "Point", "coordinates": [ 130.206237224652369, 33.5561168771562 ] } },
{ "type": "Feature", "properties": { "P29_001": "40230", "P29_002": "B140223000087", "P29_003": "16001", "P29_004": "糸島市立南風小学校", "P29_005": "福岡県糸島市南風台8-10-1", "P29_006": "3", "P29_007": "1", "P29_008": "00", "P29_009": null }, "geometry": { "type": "Point", "coordinates": [ 130.194408900442568, 33.545961393561278 ] } },
{ "type": "Feature", "properties": { "P29_001": "40230", "P29_002": "B140223000096", "P29_003": "16001", "P29_004": "糸島市立東風小学校", "P29_005": "福岡県糸島市潤4-10-1", "P29_006": "3", "P29_007": "1", "P29_008": "00", "P29_009": null }, "geometry": { "type": "Point", "coordinates": [ 130.217040824538344, 33.567659316651891 ] } },
{ "type": "Feature", "properties": { "P29_001": "40230", "P29_002": "B140223000103", "P29_003": "16001", "P29_004": "糸島市立深江小学校", "P29_005": "福岡県糸島市二丈深江999", "P29_006": "3", "P29_007": "1", "P29_008": "00", "P29_009": null }, "geometry": { "type": "Point", "coordinates": [ 130.136296829000628, 33.514802326726652 ] } },
{ "type": "Feature", "properties": { "P29_001": "40230", "P29_002": "B140223000121", "P29_003": "16001", "P29_004": "糸島市立一貴山小学校", "P29_005": "福岡県糸島市二丈石崎152", "P29_006": "3", "P29_007": "1", "P29_008": "00", "P29_009": null }, "geometry": { "type": "Point", "coordinates": [ 130.16274040620516, 33.517986801031967 ] } },
{ "type": "Feature", "properties": { "P29_001": "40230", "P29_002": "B140223000149", "P29_003": "16001", "P29_004": "糸島市立可也小学校", "P29_005": "福岡県糸島市志摩初198-1", "P29_006": "3", "P29_007": "1", "P29_008": "00", "P29_009": null }, "geometry": { "type": "Point", "coordinates": [ 130.180206513872548, 33.583319075009783 ] } },
{ "type": "Feature", "properties": { "P29_001": "40230", "P29_002": "B140223000167", "P29_003": "16001", "P29_004": "糸島市立引津小学校", "P29_005": "福岡県糸島市志摩御床2165-2", "P29_006": "3", "P29_007": "1", "P29_008": "00", "P29_009": null }, "geometry": { "type": "Point", "coordinates": [ 130.13846038453454, 33.567483415291385 ] } },
{ "type": "Feature", "properties": { "P29_001": "40231", "P29_002": "B140223100013", "P29_003": "16001", "P29_004": "安徳小学校", "P29_005": "福岡県那珂川市松木2-134", "P29_006": "3", "P29_007": "1", "P29_008": "00", "P29_009": null }, "geometry": { "type": "Point", "coordinates": [ 130.43268731508266, 33.509954556968609 ] } },
{ "type": "Feature", "properties": { "P29_001": "40231", "P29_002": "B140223100022", "P29_003": "16001", "P29_004": "南畑小学校", "P29_005": "福岡県那珂川市埋金530-1", "P29_006": "3", "P29_007": "1", "P29_008": "00", "P29_009": null }, "geometry": { "type": "Point", "coordinates": [ 130.427412251161002, 33.466412708052424 ] } },
{ "type": "Feature", "properties": { "P29_001": "40231", "P29_002": "B140223100031", "P29_003": "16001", "P29_004": "岩戸小学校", "P29_005": "福岡県那珂川市西隈2-6-43", "P29_006": "3", "P29_007": "1", "P29_008": "00", "P29_009": null }, "geometry": { "type": "Point", "coordinates": [ 130.420525630125468, 33.498045062773812 ] } },
{ "type": "Feature", "properties": { "P29_001": "40231", "P29_002": "B140223100040", "P29_003": "16001", "P29_004": "岩戸小学校後野分校", "P29_005": "福岡県那珂川市後野279-2", "P29_006": "3", "P29_007": "1", "P29_008": "00", "P29_009": null }, "geometry": { "type": "Point", "coordinates": [ 130.415378460760053, 33.51218427708983 ] } },
{ "type": "Feature", "properties": { "P29_001": "40231", "P29_002": "B140223100059", "P29_003": "16001", "P29_004": "岩戸北小学校", "P29_005": "福岡県那珂川市恵子1-1-1", "P29_006": "3", "P29_007": "1", "P29_008": "00", "P29_009": null }, "geometry": { "type": "Point", "coordinates": [ 130.418796269660874, 33.515884756094614 ] } },
{ "type": "Feature", "properties": { "P29_001": "40231", "P29_002": "B140223100068", "P29_003": "16001", "P29_004": "安徳北小学校", "P29_005": "福岡県那珂川市五郎丸1-11", "P29_006": "3", "P29_007": "1", "P29_008": "00", "P29_009": null }, "geometry": { "type": "Point", "coordinates": [ 130.429188296223401, 33.514291350268913 ] } },
{ "type": "Feature", "properties": { "P29_001": "40231", "P29_002": "B140223100077", "P29_003": "16001", "P29_004": "片縄小学校", "P29_005": "福岡県那珂川市片縄北1-15-1", "P29_006": "3", "P29_007": "1", "P29_008": "00", "P29_009": null }, "geometry": { "type": "Point", "coordinates": [ 130.41927953174914, 33.520312184994665 ] } },
{ "type": "Feature", "properties": { "P29_001": "40231", "P29_002": "B140223100086", "P29_003": "16001", "P29_004": "安徳南小学校", "P29_005": "福岡県那珂川市上梶原1-1-1", "P29_006": "3", "P29_007": "1", "P29_008": "00", "P29_009": null }, "geometry": { "type": "Point", "coordinates": [ 130.43432127585848, 33.495424286989653 ] } },
{ "type": "Feature", "properties": { "P29_001": "40341", "P29_002": "B140234100010", "P29_003": "16001", "P29_004": "宇美町立宇美小学校", "P29_005": "福岡県糟屋郡宇美町3-9-1", "P29_006": "3", "P29_007": "1", "P29_008": "00", "P29_009": null }, "geometry": { "type": "Point", "coordinates": [ 130.506637882852573, 33.568187077820028 ] } },
{ "type": "Feature", "properties": { "P29_001": "40341", "P29_002": "B140234100029", "P29_003": "16001", "P29_004": "宇美町立宇美東小学校", "P29_005": "福岡県糟屋郡宇美町宇美東3-7-1", "P29_006": "3", "P29_007": "1", "P29_008": "00", "P29_009": null }, "geometry": { "type": "Point", "coordinates": [ 130.530231044387534, 33.567596487530928 ] } },
{ "type": "Feature", "properties": { "P29_001": "40341", "P29_002": "B140234100038", "P29_003": "16001", "P29_004": "宇美町立原田小学校", "P29_005": "福岡県糟屋郡宇美町原田3-1-1", "P29_006": "3", "P29_007": "1", "P29_008": "00", "P29_009": null }, "geometry": { "type": "Point", "coordinates": [ 130.522273387793291, 33.556241988664354 ] } },
{ "type": "Feature", "properties": { "P29_001": "40341", "P29_002": "B140234100047", "P29_003": "16001", "P29_004": "宇美町立桜原小学校", "P29_005": "福岡県糟屋郡宇美町桜原1-1-1", "P29_006": "3", "P29_007": "1", "P29_008": "00", "P29_009": null }, "geometry": { "type": "Point", "coordinates": [ 130.51918644144618, 33.574306854378982 ] } },
{ "type": "Feature", "properties": { "P29_001": "40341", "P29_002": "B140234100056", "P29_003": "16001", "P29_004": "宇美町立井野小学校", "P29_005": "福岡県糟屋郡宇美町大字井野419-9", "P29_006": "3", "P29_007": "1", "P29_008": "00", "P29_009": null }, "geometry": { "type": "Point", "coordinates": [ 130.496847982547337, 33.568069058590019 ] } },
{ "type": "Feature", "properties": { "P29_001": "40342", "P29_002": "B140234200019", "P29_003": "16001", "P29_004": "篠栗町立勢門小学校", "P29_005": "福岡県糟屋郡篠栗町大字尾仲671", "P29_006": "3", "P29_007": "1", "P29_008": "00", "P29_009": null }, "geometry": { "type": "Point", "coordinates": [ 130.513124517959767, 33.619609769830468 ] } },
{ "type": "Feature", "properties": { "P29_001": "40342", "P29_002": "B140234200028", "P29_003": "16001", "P29_004": "篠栗町立篠栗小学校", "P29_005": "福岡県糟屋郡篠栗町篠栗5026", "P29_006": "3", "P29_007": "1", "P29_008": "00", "P29_009": null }, "geometry": { "type": "Point", "coordinates": [ 130.533312665204107, 33.621719776504357 ] } },
{ "type": "Feature", "properties": { "P29_001": "40342", "P29_002": "B140234200037", "P29_003": "16001", "P29_004": "篠栗町立篠栗小学校萩尾分校", "P29_005": "福岡県糟屋郡篠栗町萩尾640-1", "P29_006": "3", "P29_007": "1", "P29_008": "00", "P29_009": null }, "geometry": { "type": "Point", "coordinates": [ 130.555063368975937, 33.650965220805944 ] } },
{ "type": "Feature", "properties": { "P29_001": "40342", "P29_002": "B140234200046", "P29_003": "16001", "P29_004": "篠栗町立北勢門小学校", "P29_005": "福岡県糟屋郡篠栗町津波黒497", "P29_006": "3", "P29_007": "1", "P29_008": "00", "P29_009": null }, "geometry": { "type": "Point", "coordinates": [ 130.511664445370087, 33.630531493979291 ] } },
{ "type": "Feature", "properties": { "P29_001": "40343", "P29_002": "B140234300018", "P29_003": "16001", "P29_004": "志免町立志免中央小学校", "P29_005": "福岡県糟屋郡志免町志免中央1-8-1", "P29_006": "3", "P29_007": "1", "P29_008": "00", "P29_009": null }, "geometry": { "type": "Point", "coordinates": [ 130.481123740954132, 33.590864287486404 ] } },
{ "type": "Feature", "properties": { "P29_001": "40343", "P29_002": "B140234300027", "P29_003": "16001", "P29_004": "志免町立志免西小学校", "P29_005": "福岡県糟屋郡志免町別府2-4-1", "P29_006": "3", "P29_007": "1", "P29_008": "00", "P29_009": null }, "geometry": { "type": "Point", "coordinates": [ 130.462369035486347, 33.601599023708616 ] } },
{ "type": "Feature", "properties": { "P29_001": "40343", "P29_002": "B140234300036", "P29_003": "16001", "P29_004": "志免町立志免東小学校", "P29_005": "福岡県糟屋郡志免町志免東1-1-1", "P29_006": "3", "P29_007": "1", "P29_008": "00", "P29_009": null }, "geometry": { "type": "Point", "coordinates": [ 130.486262549854757, 33.583078271469695 ] } },
{ "type": "Feature", "properties": { "P29_001": "40343", "P29_002": "B140234300045", "P29_003": "16001", "P29_004": "志免町立志免南小学校", "P29_005": "福岡県糟屋郡志免町吉原556", "P29_006": "3", "P29_007": "1", "P29_008": "00", "P29_009": null }, "geometry": { "type": "Point", "coordinates": [ 130.485415547908985, 33.572667578916089 ] } },
{ "type": "Feature", "properties": { "P29_001": "40344", "P29_002": "B140234400017", "P29_003": "16001", "P29_004": "須恵町立須恵第一小学校", "P29_005": "福岡県糟屋郡須恵町大字上須恵962-2", "P29_006": "3", "P29_007": "1", "P29_008": "00", "P29_009": null }, "geometry": { "type": "Point", "coordinates": [ 130.516158367485389, 33.586314478547237 ] } },
{ "type": "Feature", "properties": { "P29_001": "40344", "P29_002": "B140234400026", "P29_003": "16001", "P29_004": "須恵町立須恵第二小学校", "P29_005": "福岡県糟屋郡須恵町植木260-5", "P29_006": "3", "P29_007": "1", "P29_008": "00", "P29_009": null }, "geometry": { "type": "Point", "coordinates": [ 130.498728670063258, 33.599197409007949 ] } },
{ "type": "Feature", "properties": { "P29_001": "40344", "P29_002": "B140234400035", "P29_003": "16001", "P29_004": "須恵町立須恵第三小学校", "P29_005": "福岡県糟屋郡須恵町大字旅石84-10", "P29_006": "3", "P29_007": "1", "P29_008": "00", "P29_009": null }, "geometry": { "type": "Point", "coordinates": [ 130.497939265978403, 33.582954048173562 ] } },
{ "type": "Feature", "properties": { "P29_001": "40345", "P29_002": "B140234500016", "P29_003": "16001", "P29_004": "新宮町立立花小学校", "P29_005": "福岡県糟屋郡新宮町大字立花口1072-3", "P29_006": "3", "P29_007": "1", "P29_008": "00", "P29_009": null }, "geometry": { "type": "Point", "coordinates": [ 130.467640473196269, 33.689965485952435 ] } },
{ "type": "Feature", "properties": { "P29_001": "40345", "P29_002": "B140234500025", "P29_003": "16001", "P29_004": "新宮町立新宮小学校", "P29_005": "福岡県糟屋郡新宮町下府3-12-1", "P29_006": "3", "P29_007": "1", "P29_008": "00", "P29_009": null }, "geometry": { "type": "Point", "coordinates": [ 130.440177688695002, 33.708886029502089 ] } },
{ "type": "Feature", "properties": { "P29_001": "40345", "P29_002": "B140234500034", "P29_003": "16001", "P29_004": "新宮町立相島小学校", "P29_005": "福岡県糟屋郡新宮町相島296-1", "P29_006": "3", "P29_007": "1", "P29_008": "00", "P29_009": null }, "geometry": { "type": "Point", "coordinates": [ 130.368842683267133, 33.761296684538671 ] } },
{ "type": "Feature", "properties": { "P29_001": "40345", "P29_002": "B140234500043", "P29_003": "16001", "P29_004": "新宮町立新宮東小学校", "P29_005": "福岡県糟屋郡新宮町新宮東4-8-1", "P29_006": "3", "P29_007": "1", "P29_008": "00", "P29_009": null }, "geometry": { "type": "Point", "coordinates": [ 130.451410359805607, 33.705359998578807 ] } },
{ "type": "Feature", "properties": { "P29_001": "40345", "P29_002": "B140234500052", "P29_003": "16001", "P29_004": "新宮町立新宮北小学校", "P29_005": "福岡県糟屋郡新宮町上府北1-16-1", "P29_006": "3", "P29_007": "1", "P29_008": "00", "P29_009": null }, "geometry": { "type": "Point", "coordinates": [ 130.453519811549882, 33.716632240316265 ] } },
{ "type": "Feature", "properties": { "P29_001": "40348", "P29_002": "B140234800013", "P29_003": "16001", "P29_004": "久山町立久原小学校", "P29_005": "福岡県糟屋郡久山町大字久原3479", "P29_006": "3", "P29_007": "1", "P29_008": "00", "P29_009": null }, "geometry": { "type": "Point", "coordinates": [ 130.503006526267171, 33.646343275043762 ] } },
{ "type": "Feature", "properties": { "P29_001": "40348", "P29_002": "B140234800022", "P29_003": "16001", "P29_004": "久山町立山田小学校", "P29_005": "福岡県糟屋郡久山町大字山田210", "P29_006": "3", "P29_007": "1", "P29_008": "00", "P29_009": null }, "geometry": { "type": "Point", "coordinates": [ 130.498380460899739, 33.661116770170011 ] } },
{ "type": "Feature", "properties": { "P29_001": "40349", "P29_002": "B140234900012", "P29_003": "16001", "P29_004": "粕屋町立仲原小学校", "P29_005": "福岡県糟屋郡粕屋町仲原1-16-1", "P29_006": "3", "P29_007": "1", "P29_008": "00", "P29_009": null }, "geometry": { "type": "Point", "coordinates": [ 130.472089455866779, 33.605928151179796 ] } },
{ "type": "Feature", "properties": { "P29_001": "40349", "P29_002": "B140234900021", "P29_003": "16001", "P29_004": "粕屋町立大川小学校", "P29_005": "福岡県糟屋郡粕屋町戸原東3-5-1", "P29_006": "3", "P29_007": "1", "P29_008": "00", "P29_009": null }, "geometry": { "type": "Point", "coordinates": [ 130.474383797698124, 33.62478258759915 ] } },
{ "type": "Feature", "properties": { "P29_001": "40349", "P29_002": "B140234900030", "P29_003": "16001", "P29_004": "粕屋町立粕屋西小学校", "P29_005": "福岡県糟屋郡粕屋町仲原2445", "P29_006": "3", "P29_007": "1", "P29_008": "00", "P29_009": null }, "geometry": { "type": "Point", "coordinates": [ 130.457605406009407, 33.613147559488887 ] } },
{ "type": "Feature", "properties": { "P29_001": "40349", "P29_002": "B140234900049", "P29_003": "16001", "P29_004": "粕屋町立粕屋中央小学校", "P29_005": "福岡県糟屋郡粕屋町若宮2-2-1", "P29_006": "3", "P29_007": "1", "P29_008": "00", "P29_009": null }, "geometry": { "type": "Point", "coordinates": [ 130.475099746112249, 33.615549784319775 ] } },
{ "type": "Feature", "properties": { "P29_001": "40381", "P29_002": "B140238100011", "P29_003": "16001", "P29_004": "芦屋町立山鹿小学校", "P29_005": "福岡県遠賀郡芦屋町山鹿2853", "P29_006": "3", "P29_007": "1", "P29_008": "00", "P29_009": null }, "geometry": { "type": "Point", "coordinates": [ 130.667520436325646, 33.901546120341465 ] } },
{ "type": "Feature", "properties": { "P29_001": "40381", "P29_002": "B140238100020", "P29_003": "16001", "P29_004": "芦屋町立芦屋小学校", "P29_005": "福岡県遠賀郡芦屋町白浜町3786", "P29_006": "3", "P29_007": "1", "P29_008": "00", "P29_009": null }, "geometry": { "type": "Point", "coordinates": [ 130.659194984708705, 33.891075361959061 ] } },
{ "type": "Feature", "properties": { "P29_001": "40381", "P29_002": "B140238100039", "P29_003": "16001", "P29_004": "芦屋町立芦屋東小学校", "P29_005": "福岡県遠賀郡芦屋町浜口町5-55", "P29_006": "3", "P29_007": "1", "P29_008": "00", "P29_009": null }, "geometry": { "type": "Point", "coordinates": [ 130.671447243152045, 33.885349842724004 ] } },
{ "type": "Feature", "properties": { "P29_001": "40382", "P29_002": "B140238200038", "P29_003": "16001", "P29_004": "水巻町立猪熊小学校", "P29_005": "福岡県遠賀郡水巻町猪熊3-4-1", "P29_006": "3", "P29_007": "1", "P29_008": "00", "P29_009": null }, "geometry": { "type": "Point", "coordinates": [ 130.687105988007488, 33.873074673145297 ] } },
{ "type": "Feature", "properties": { "P29_001": "40382", "P29_002": "B140238200047", "P29_003": "16001", "P29_004": "水巻町立伊左座小学校", "P29_005": "福岡県遠賀郡水巻町伊左座3-4-1", "P29_006": "3", "P29_007": "1", "P29_008": "00", "P29_009": null }, "geometry": { "type": "Point", "coordinates": [ 130.692815384520259, 33.842227321016026 ] } },
{ "type": "Feature", "properties": { "P29_001": "40382", "P29_002": "B140238200056", "P29_003": "16001", "P29_004": "水巻町立吉田小学校", "P29_005": "福岡県遠賀郡水巻町吉田東3-5-1", "P29_006": "3", "P29_007": "1", "P29_008": "00", "P29_009": null }, "geometry": { "type": "Point", "coordinates": [ 130.706584398785594, 33.848535225171332 ] } },
{ "type": "Feature", "properties": { "P29_001": "40383", "P29_002": "B140238300019", "P29_003": "16001", "P29_004": "岡垣町立山田小学校", "P29_005": "福岡県遠賀郡岡垣町東山田1-16-1", "P29_006": "3", "P29_007": "1", "P29_008": "00", "P29_009": null }, "geometry": { "type": "Point", "coordinates": [ 130.62862954173076, 33.848153331679711 ] } },
{ "type": "Feature", "properties": { "P29_001": "40383", "P29_002": "B140238300028", "P29_003": "16001", "P29_004": "岡垣町立吉木小学校", "P29_005": "福岡県遠賀郡岡垣町吉木西1-17-5", "P29_006": "3", "P29_007": "1", "P29_008": "00", "P29_009": null }, "geometry": { "type": "Point", "coordinates": [ 130.603698296373551, 33.856590186169448 ] } },
{ "type": "Feature", "properties": { "P29_001": "40383", "P29_002": "B140238300055", "P29_003": "16001", "P29_004": "岡垣町立海老津小学校", "P29_005": "福岡県遠賀郡岡垣町大字海老津1-21-1", "P29_006": "3", "P29_007": "1", "P29_008": "00", "P29_009": null }, "geometry": { "type": "Point", "coordinates": [ 130.61612128482804, 33.841714885940789 ] } },
{ "type": "Feature", "properties": { "P29_001": "40384", "P29_002": "B140238400027", "P29_003": "16001", "P29_004": "遠賀町立浅木小学校", "P29_005": "福岡県遠賀郡遠賀町浅木2-3-7", "P29_006": "3", "P29_007": "1", "P29_008": "00", "P29_009": null }, "geometry": { "type": "Point", "coordinates": [ 130.666965860217886, 33.834406453137824 ] } },
{ "type": "Feature", "properties": { "P29_001": "40384", "P29_002": "B140238400036", "P29_003": "16001", "P29_004": "遠賀町立広渡小学校", "P29_005": "福岡県遠賀郡遠賀町大字広渡1930", "P29_006": "3", "P29_007": "1", "P29_008": "00", "P29_009": null }, "geometry": { "type": "Point", "coordinates": [ 130.673436372246044, 33.85518211766351 ] } },
{ "type": "Feature", "properties": { "P29_001": "40401", "P29_002": "B140240100026", "P29_003": "16001", "P29_004": "小竹町立小竹北小学校", "P29_005": "福岡県鞍手郡小竹町御徳1375", "P29_006": "3", "P29_007": "1", "P29_008": "00", "P29_009": null }, "geometry": { "type": "Point", "coordinates": [ 130.712635343586868, 33.715998268253955 ] } },
{ "type": "Feature", "properties": { "P29_001": "40402", "P29_002": "B140240200034", "P29_003": "16001", "P29_004": "鞍手町立古月小学校", "P29_005": "福岡県鞍手郡鞍手町大字木月1149", "P29_006": "3", "P29_007": "1", "P29_008": "00", "P29_009": null }, "geometry": { "type": "Point", "coordinates": [ 130.674333457455674, 33.812018310108122 ] } },
{ "type": "Feature", "properties": { "P29_001": "40402", "P29_002": "B140240200061", "P29_003": "16001", "P29_004": "鞍手町立室木小学校", "P29_005": "福岡県鞍手郡鞍手町大字室木1290", "P29_006": "3", "P29_007": "1", "P29_008": "00", "P29_009": null }, "geometry": { "type": "Point", "coordinates": [ 130.662964979567789, 33.759518388485553 ] } },
{ "type": "Feature", "properties": { "P29_001": "40447", "P29_002": "B140244700013", "P29_003": "16001", "P29_004": "筑前町立三輪小学校", "P29_005": "福岡県朝倉郡筑前町新町400", "P29_006": "3", "P29_007": "1", "P29_008": "00", "P29_009": null }, "geometry": { "type": "Point", "coordinates": [ 130.637504655339455, 33.435148126578788 ] } },
{ "type": "Feature", "properties": { "P29_001": "40447", "P29_002": "B140244700040", "P29_003": "16001", "P29_004": "筑前町立三並小学校", "P29_005": "福岡県朝倉郡筑前町三並1354-1", "P29_006": "3", "P29_007": "1", "P29_008": "00", "P29_009": null }, "geometry": { "type": "Point", "coordinates": [ 130.615806652359169, 33.472192557412534 ] } },
{ "type": "Feature", "properties": { "P29_001": "40448", "P29_002": "B140244800012", "P29_003": "16001", "P29_004": "東峰村立東峰小学校", "P29_005": "福岡県朝倉郡東峰村福井2296-4", "P29_006": "3", "P29_007": "1", "P29_008": "00", "P29_009": null }, "geometry": { "type": "Point", "coordinates": [ 130.866111332973048, 33.398464987135817 ] } },
{ "type": "Feature", "properties": { "P29_001": "40503", "P29_002": "B140250300014", "P29_003": "16001", "P29_004": "大刀洗町立大刀洗小学校", "P29_005": "福岡県三井郡大刀洗町上高橋755-1", "P29_006": "3", "P29_007": "1", "P29_008": "00", "P29_009": null }, "geometry": { "type": "Point", "coordinates": [ 130.600397606000826, 33.375706199789136 ] } },
{ "type": "Feature", "properties": { "P29_001": "40503", "P29_002": "B140250300023", "P29_003": "16001", "P29_004": "大刀洗町立菊池小学校", "P29_005": "福岡県三井郡大刀洗町山隈1344-3", "P29_006": "3", "P29_007": "1", "P29_008": "00", "P29_009": null }, "geometry": { "type": "Point", "coordinates": [ 130.603280378608019, 33.407395185024093 ] } },
{ "type": "Feature", "properties": { "P29_001": "40503", "P29_002": "B140250300032", "P29_003": "16001", "P29_004": "大刀洗町立本郷小学校", "P29_005": "福岡県三井郡大刀洗町本郷4669-1", "P29_006": "3", "P29_007": "1", "P29_008": "00", "P29_009": null }, "geometry": { "type": "Point", "coordinates": [ 130.624211393387981, 33.385423174220179 ] } },
{ "type": "Feature", "properties": { "P29_001": "40503", "P29_002": "B140250300041", "P29_003": "16001", "P29_004": "大刀洗町立大堰小学校", "P29_005": "福岡県三井郡大刀洗町大字守部465", "P29_006": "3", "P29_007": "1", "P29_008": "00", "P29_009": null }, "geometry": { "type": "Point", "coordinates": [ 130.635870857524139, 33.368132870063512 ] } },
{ "type": "Feature", "properties": { "P29_001": "40522", "P29_002": "B140252200011", "P29_003": "16001", "P29_004": "大木町立木佐木小学校", "P29_005": "福岡県三潴郡大木町大字八町牟田623", "P29_006": "3", "P29_007": "1", "P29_008": "00", "P29_009": null }, "geometry": { "type": "Point", "coordinates": [ 130.441641792404056, 33.211623596661113 ] } },
{ "type": "Feature", "properties": { "P29_001": "40522", "P29_002": "B140252200020", "P29_003": "16001", "P29_004": "大木町立大溝小学校", "P29_005": "福岡県三潴郡大木町前牟田735", "P29_006": "3", "P29_007": "1", "P29_008": "00", "P29_009": null }, "geometry": { "type": "Point", "coordinates": [ 130.439794261070602, 33.22759387705932 ] } },
{ "type": "Feature", "properties": { "P29_001": "40522", "P29_002": "B140252200039", "P29_003": "16001", "P29_004": "大木町立大莞小学校", "P29_005": "福岡県三潴郡大木町大字奥牟田250", "P29_006": "3", "P29_007": "1", "P29_008": "00", "P29_009": null }, "geometry": { "type": "Point", "coordinates": [ 130.443218042657804, 33.193339204264809 ] } },
{ "type": "Feature", "properties": { "P29_001": "40544", "P29_002": "B140254400024", "P29_003": "16001", "P29_004": "広川町立中広川小学校", "P29_005": "福岡県八女郡広川町大字新代1705", "P29_006": "3", "P29_007": "1", "P29_008": "00", "P29_009": null }, "geometry": { "type": "Point", "coordinates": [ 130.553336581867512, 33.24400407612297 ] } },
{ "type": "Feature", "properties": { "P29_001": "40544", "P29_002": "B140254400033", "P29_003": "16001", "P29_004": "広川町立下広川小学校", "P29_005": "福岡県八女郡広川町広川1416", "P29_006": "3", "P29_007": "1", "P29_008": "00", "P29_009": null }, "geometry": { "type": "Point", "coordinates": [ 130.523684821852498, 33.244410255978011 ] } },
{ "type": "Feature", "properties": { "P29_001": "40602", "P29_002": "B140260200014", "P29_003": "16001", "P29_004": "添田町立津野小学校", "P29_005": "福岡県田川郡添田町津野5929", "P29_006": "3", "P29_007": "9", "P29_008": "00", "P29_009": null }, "geometry": { "type": "Point", "coordinates": [ 130.901870151952323, 33.537807034303533 ] } },
{ "type": "Feature", "properties": { "P29_001": "40602", "P29_002": "B140260200023", "P29_003": "16001", "P29_004": "添田町立添田小学校", "P29_005": "福岡県田川郡添田町大字添田1333", "P29_006": "3", "P29_007": "1", "P29_008": "00", "P29_009": null }, "geometry": { "type": "Point", "coordinates": [ 130.858701103139964, 33.567922352669171 ] } },
{ "type": "Feature", "properties": { "P29_001": "40604", "P29_002": "B140260400012", "P29_003": "16001", "P29_004": "糸田町立糸田小学校", "P29_005": "福岡県田川郡糸田町3256", "P29_006": "3", "P29_007": "1", "P29_008": "00", "P29_009": null }, "geometry": { "type": "Point", "coordinates": [ 130.783903007830077, 33.655726555719653 ] } },
{ "type": "Feature", "properties": { "P29_001": "40605", "P29_002": "B140260500020", "P29_003": "16001", "P29_004": "川崎町立川崎東小学校", "P29_005": "福岡県田川郡川崎町大字川崎248", "P29_006": "3", "P29_007": "1", "P29_008": "00", "P29_009": null }, "geometry": { "type": "Point", "coordinates": [ 130.82789357805089, 33.598523344139153 ] } },
{ "type": "Feature", "properties": { "P29_001": "40605", "P29_002": "B140260500039", "P29_003": "16001", "P29_004": "川崎町立真崎小学校", "P29_005": "福岡県田川郡川崎町大字安真木4917", "P29_006": "3", "P29_007": "1", "P29_008": "00", "P29_009": null }, "geometry": { "type": "Point", "coordinates": [ 130.816395042145189, 33.569850080258021 ] } },
{ "type": "Feature", "properties": { "P29_001": "40605", "P29_002": "B140260500048", "P29_003": "16001", "P29_004": "川崎町立池尻小学校", "P29_005": "福岡県田川郡川崎町池尻923", "P29_006": "3", "P29_007": "1", "P29_008": "00", "P29_009": null }, "geometry": { "type": "Point", "coordinates": [ 130.80431817874441, 33.616347395296593 ] } },
{ "type": "Feature", "properties": { "P29_001": "40608", "P29_002": "B140260800018", "P29_003": "16001", "P29_004": "大任町立大任小学校", "P29_005": "福岡県田川郡大任町大行事3040", "P29_006": "3", "P29_007": "1", "P29_008": "00", "P29_009": null }, "geometry": { "type": "Point", "coordinates": [ 130.856198998803279, 33.610139541878041 ] } },
{ "type": "Feature", "properties": { "P29_001": "40608", "P29_002": "B140260800027", "P29_003": "16001", "P29_004": "大任町立今任小学校", "P29_005": "福岡県田川郡大任町今任原3518", "P29_006": "3", "P29_007": "1", "P29_008": "00", "P29_009": null }, "geometry": { "type": "Point", "coordinates": [ 130.846697045399395, 33.643157091550101 ] } },
{ "type": "Feature", "properties": { "P29_001": "40609", "P29_002": "B140260900017", "P29_003": "16001", "P29_004": "赤村立赤小学校", "P29_005": "福岡県田川郡赤村赤4581-1", "P29_006": "3", "P29_007": "1", "P29_008": "00", "P29_009": null }, "geometry": { "type": "Point", "coordinates": [ 130.874671589894291, 33.61313295939852 ] } },
{ "type": "Feature", "properties": { "P29_001": "40609", "P29_002": "B140260900026", "P29_003": "16001", "P29_004": "赤村立赤小学校上赤分校", "P29_005": "福岡県田川郡赤村大字赤865", "P29_006": "3", "P29_007": "1", "P29_008": "00", "P29_009": null }, "geometry": { "type": "Point", "coordinates": [ 130.881928696162134, 33.595202286667295 ] } },
{ "type": "Feature", "properties": { "P29_001": "40610", "P29_002": "B140261000014", "P29_003": "16001", "P29_004": "福智町立上野小学校", "P29_005": "福岡県田川郡福智町上野2622", "P29_006": "3", "P29_007": "1", "P29_008": "00", "P29_009": null }, "geometry": { "type": "Point", "coordinates": [ 130.775162693256902, 33.713187697914535 ] } },
{ "type": "Feature", "properties": { "P29_001": "40610", "P29_002": "B140261000023", "P29_003": "16001", "P29_004": "福智町立市場小学校", "P29_005": "福岡県田川郡福智町市場334", "P29_006": "3", "P29_007": "1", "P29_008": "00", "P29_009": null }, "geometry": { "type": "Point", "coordinates": [ 130.766236877785275, 33.704903832686682 ] } },
{ "type": "Feature", "properties": { "P29_001": "40610", "P29_002": "B140261000032", "P29_003": "16001", "P29_004": "福智町立伊方小学校", "P29_005": "福岡県田川郡福智町伊方3922", "P29_006": "3", "P29_007": "1", "P29_008": "00", "P29_009": null }, "geometry": { "type": "Point", "coordinates": [ 130.794693159834395, 33.681139067712294 ] } },
{ "type": "Feature", "properties": { "P29_001": "40610", "P29_002": "B140261000041", "P29_003": "16001", "P29_004": "福智町立弁城小学校", "P29_005": "福岡県田川郡福智町弁城1936", "P29_006": "3", "P29_007": "1", "P29_008": "00", "P29_009": null }, "geometry": { "type": "Point", "coordinates": [ 130.788475096236198, 33.700419397777715 ] } },
{ "type": "Feature", "properties": { "P29_001": "40621", "P29_002": "B140262100011", "P29_003": "16001", "P29_004": "苅田町立苅田小学校", "P29_005": "福岡県京都郡苅田町神田町2-9-12", "P29_006": "3", "P29_007": "1", "P29_008": "00", "P29_009": null }, "geometry": { "type": "Point", "coordinates": [ 130.979013291008471, 33.790237532201658 ] } },
{ "type": "Feature", "properties": { "P29_001": "40621", "P29_002": "B140262100020", "P29_003": "16001", "P29_004": "苅田町立南原小学校", "P29_005": "福岡県京都郡苅田町富久町1-4-9", "P29_006": "3", "P29_007": "1", "P29_008": "00", "P29_009": null }, "geometry": { "type": "Point", "coordinates": [ 130.980671340581523, 33.773437057469316 ] } },
{ "type": "Feature", "properties": { "P29_001": "40621", "P29_002": "B140262100039", "P29_003": "16001", "P29_004": "苅田町立与原小学校", "P29_005": "福岡県京都郡苅田町与原3-7-5", "P29_006": "3", "P29_007": "1", "P29_008": "00", "P29_009": null }, "geometry": { "type": "Point", "coordinates": [ 130.979213776837213, 33.753391377749161 ] } },
{ "type": "Feature", "properties": { "P29_001": "40621", "P29_002": "B140262100048", "P29_003": "16001", "P29_004": "苅田町立白川小学校", "P29_005": "福岡県京都郡苅田町大字稲光357", "P29_006": "3", "P29_007": "1", "P29_008": "00", "P29_009": null }, "geometry": { "type": "Point", "coordinates": [ 130.936759547766684, 33.750944056497758 ] } },
{ "type": "Feature", "properties": { "P29_001": "40621", "P29_002": "B140262100057", "P29_003": "16001", "P29_004": "苅田町立片島小学校", "P29_005": "福岡県京都郡苅田町大字上片島1504", "P29_006": "3", "P29_007": "1", "P29_008": "00", "P29_009": null }, "geometry": { "type": "Point", "coordinates": [ 130.955958357252115, 33.743030334301032 ] } },
{ "type": "Feature", "properties": { "P29_001": "40621", "P29_002": "B140262100066", "P29_003": "16001", "P29_004": "苅田町立馬場小学校", "P29_005": "福岡県京都郡苅田町大字馬場558", "P29_006": "3", "P29_007": "1", "P29_008": "00", "P29_009": null }, "geometry": { "type": "Point", "coordinates": [ 130.977440595001895, 33.780590692391826 ] } },
{ "type": "Feature", "properties": { "P29_001": "40625", "P29_002": "B140262500017", "P29_003": "16001", "P29_004": "みやこ町立諌山小学校", "P29_005": "福岡県京都郡みやこ町勝山岩熊554", "P29_006": "3", "P29_007": "1", "P29_008": "00", "P29_009": null }, "geometry": { "type": "Point", "coordinates": [ 130.890489655832027, 33.709962487136295 ] } },
{ "type": "Feature", "properties": { "P29_001": "40625", "P29_002": "B140262500026", "P29_003": "16001", "P29_004": "みやこ町立久保小学校", "P29_005": "福岡県京都郡みやこ町大字勝山大久保1423", "P29_006": "3", "P29_007": "1", "P29_008": "00", "P29_009": null }, "geometry": { "type": "Point", "coordinates": [ 130.910682390220956, 33.689104189661514 ] } },
{ "type": "Feature", "properties": { "P29_001": "40625", "P29_002": "B140262500035", "P29_003": "16001", "P29_004": "みやこ町立黒田小学校", "P29_005": "福岡県京都郡みやこ町勝山黒田825-1", "P29_006": "3", "P29_007": "1", "P29_008": "00", "P29_009": null }, "geometry": { "type": "Point", "coordinates": [ 130.922203331991682, 33.704036857660505 ] } },
{ "type": "Feature", "properties": { "P29_001": "40625", "P29_002": "B140262500044", "P29_003": "16001", "P29_004": "みやこ町立祓郷小学校", "P29_005": "福岡県京都郡みやこ町有久250-1", "P29_006": "3", "P29_007": "1", "P29_008": "00", "P29_009": null }, "geometry": { "type": "Point", "coordinates": [ 130.993299205766988, 33.682409447748256 ] } },
{ "type": "Feature", "properties": { "P29_001": "40625", "P29_002": "B140262500053", "P29_003": "16001", "P29_004": "みやこ町立豊津小学校", "P29_005": "福岡県京都郡みやこ町豊津9-1", "P29_006": "3", "P29_007": "1", "P29_008": "00", "P29_009": null }, "geometry": { "type": "Point", "coordinates": [ 130.972065400936515, 33.67408442308264 ] } },
{ "type": "Feature", "properties": { "P29_001": "40625", "P29_002": "B140262500071", "P29_003": "16001", "P29_004": "みやこ町立伊良原小学校", "P29_005": "福岡県京都郡みやこ町犀川上伊良原178-2", "P29_006": "3", "P29_007": "1", "P29_008": "00", "P29_009": null }, "geometry": { "type": "Point", "coordinates": [ 130.953199714090289, 33.563100627950227 ] } },
{ "type": "Feature", "properties": { "P29_001": "40625", "P29_002": "B140262500080", "P29_003": "16001", "P29_004": "犀川小学校", "P29_005": "福岡県京都郡みやこ町犀川本庄620", "P29_006": "3", "P29_007": "1", "P29_008": "00", "P29_009": null }, "geometry": { "type": "Point", "coordinates": [ 130.9410102129346, 33.647517080892165 ] } },
{ "type": "Feature", "properties": { "P29_001": "40642", "P29_002": "B140264200016", "P29_003": "16001", "P29_004": "吉富町立吉富小学校", "P29_005": "福岡県築上郡吉富町広津665-1", "P29_006": "3", "P29_007": "1", "P29_008": "00", "P29_009": null }, "geometry": { "type": "Point", "coordinates": [ 131.172788664357114, 33.604474945406942 ] } },
{ "type": "Feature", "properties": { "P29_001": "40646", "P29_002": "B140264600012", "P29_003": "16001", "P29_004": "上毛町立友枝小学校", "P29_005": "福岡県築上郡上毛町東下1467-1", "P29_006": "3", "P29_007": "1", "P29_008": "00", "P29_009": null }, "geometry": { "type": "Point", "coordinates": [ 131.155868258590431, 33.556853521078239 ] } },
{ "type": "Feature", "properties": { "P29_001": "40646", "P29_002": "B140264600021", "P29_003": "16001", "P29_004": "上毛町立唐原小学校", "P29_005": "福岡県築上郡上毛町大字上唐原1265", "P29_006": "3", "P29_007": "1", "P29_008": "00", "P29_009": null }, "geometry": { "type": "Point", "coordinates": [ 131.188237815943864, 33.555831213769622 ] } },
{ "type": "Feature", "properties": { "P29_001": "40646", "P29_002": "B140264600030", "P29_003": "16001", "P29_004": "上毛町立南吉富小学校", "P29_005": "福岡県築上郡上毛町垂水1397", "P29_006": "3", "P29_007": "1", "P29_008": "00", "P29_009": null }, "geometry": { "type": "Point", "coordinates": [ 131.165428166925466, 33.580029380563232 ] } },
{ "type": "Feature", "properties": { "P29_001": "40646", "P29_002": "B140264600049", "P29_003": "16001", "P29_004": "上毛町立西吉富小学校", "P29_005": "福岡県築上郡上毛町大字緒方598-1", "P29_006": "3", "P29_007": "1", "P29_008": "00", "P29_009": null }, "geometry": { "type": "Point", "coordinates": [ 131.143746010188181, 33.578980580812598 ] } },
{ "type": "Feature", "properties": { "P29_001": "40647", "P29_002": "B140264700011", "P29_003": "16001", "P29_004": "築上町立下城井小学校", "P29_005": "福岡県築上郡築上町袈裟丸379", "P29_006": "3", "P29_007": "1", "P29_008": "00", "P29_009": null }, "geometry": { "type": "Point", "coordinates": [ 131.004895056164457, 33.648565183910577 ] } },
{ "type": "Feature", "properties": { "P29_001": "40647", "P29_002": "B140264700020", "P29_003": "16001", "P29_004": "築上町立上城井小学校", "P29_005": "福岡県築上郡築上町本庄1688", "P29_006": "3", "P29_007": "1", "P29_008": "00", "P29_009": null }, "geometry": { "type": "Point", "coordinates": [ 130.983262969555511, 33.607478514683443 ] } },
{ "type": "Feature", "properties": { "P29_001": "40647", "P29_002": "B140264700039", "P29_003": "16001", "P29_004": "築上町立築城小学校", "P29_005": "福岡県築上郡築上町上別府305", "P29_006": "3", "P29_007": "1", "P29_008": "00", "P29_009": null }, "geometry": { "type": "Point", "coordinates": [ 131.02934185904715, 33.668650188700788 ] } },
{ "type": "Feature", "properties": { "P29_001": "40647", "P29_002": "B140264700048", "P29_003": "16001", "P29_004": "築上町立椎田小学校", "P29_005": "福岡県築上郡築上町湊150", "P29_006": "3", "P29_007": "1", "P29_008": "00", "P29_009": null }, "geometry": { "type": "Point", "coordinates": [ 131.062662922388796, 33.65250634689037 ] } },
{ "type": "Feature", "properties": { "P29_001": "40647", "P29_002": "B140264700066", "P29_003": "16001", "P29_004": "築上町立葛城小学校", "P29_005": "福岡県築上郡築上町水原77", "P29_006": "3", "P29_007": "1", "P29_008": "00", "P29_009": null }, "geometry": { "type": "Point", "coordinates": [ 131.036712780165004, 33.645332671381944 ] } },
{ "type": "Feature", "properties": { "P29_001": "40647", "P29_002": "B140264700084", "P29_003": "16001", "P29_004": "築上町立小原小学校", "P29_005": "福岡県築上郡築上町小原15", "P29_006": "3", "P29_007": "1", "P29_008": "00", "P29_009": null }, "geometry": { "type": "Point", "coordinates": [ 131.043286841359333, 33.621689915573441 ] } },
{ "type": "Feature", "properties": { "P29_001": "40105", "P29_002": "B140310000028", "P29_003": "16001", "P29_004": "明治学園小学校", "P29_005": "福岡県北九州市戸畑区仙水町5-1", "P29_006": "4", "P29_007": "1", "P29_008": "00", "P29_009": null }, "geometry": { "type": "Point", "coordinates": [ 130.838990054674042, 33.888957767502106 ] } },
{ "type": "Feature", "properties": { "P29_001": "40107", "P29_002": "B140310000037", "P29_003": "16001", "P29_004": "北九州子どもの村小学校", "P29_005": "福岡県北九州市小倉南区平尾台2-5-24", "P29_006": "4", "P29_007": "1", "P29_008": "00", "P29_009": null }, "geometry": { "type": "Point", "coordinates": [ 130.895281643366275, 33.757874203157236 ] } },
{ "type": "Feature", "properties": { "P29_001": "40203", "P29_002": "B140110000031", "P29_003": "16001", "P29_004": "福岡教育大学附属久留米小学校", "P29_005": "福岡県久留米市南1-3-1", "P29_006": "1", "P29_007": "1", "P29_008": "00", "P29_009": null }, "geometry": { "type": "Point", "coordinates": [ 130.517881470227366, 33.294999380355577 ] } },
{ "type": "Feature", "properties": { "P29_001": "40101", "P29_002": "B140210000039", "P29_003": "16001", "P29_004": "北九州市立大里柳小学校", "P29_005": "福岡県北九州市門司区不老町2-1-1", "P29_006": "3", "P29_007": "1", "P29_008": "00", "P29_009": null }, "geometry": { "type": "Point", "coordinates": [ 130.940692245683721, 33.899692791961677 ] } },
{ "type": "Feature", "properties": { "P29_001": "40101", "P29_002": "B140210000075", "P29_003": "16001", "P29_004": "北九州市立柄杓田小学校", "P29_005": "福岡県北九州市門司区大字柄杓田1002-1", "P29_006": "3", "P29_007": "1", "P29_008": "00", "P29_009": null }, "geometry": { "type": "Point", "coordinates": [ 130.991855403390218, 33.908251669790907 ] } },
{ "type": "Feature", "properties": { "P29_001": "40101", "P29_002": "B140210000084", "P29_003": "16001", "P29_004": "北九州市立大積小学校", "P29_005": "福岡県北九州市門司区大字大積974-3", "P29_006": "3", "P29_007": "1", "P29_008": "00", "P29_009": null }, "geometry": { "type": "Point", "coordinates": [ 130.987549176268431, 33.929373113181924 ] } },
{ "type": "Feature", "properties": { "P29_001": "40101", "P29_002": "B140210000119", "P29_003": "16001", "P29_004": "北九州市立松ヶ江北小学校", "P29_005": "福岡県北九州市門司区大字畑518", "P29_006": "3", "P29_007": "1", "P29_008": "00", "P29_009": null }, "geometry": { "type": "Point", "coordinates": [ 130.979945734139562, 33.88384524748875 ] } },
{ "type": "Feature", "properties": { "P29_001": "40103", "P29_002": "B140210000235", "P29_003": "16001", "P29_004": "北九州市立二島小学校", "P29_005": "福岡県北九州市若松区東二島5-13-1", "P29_006": "3", "P29_007": "1", "P29_008": "00", "P29_009": null }, "geometry": { "type": "Point", "coordinates": [ 130.748390809131308, 33.893896565233817 ] } },
{ "type": "Feature", "properties": { "P29_001": "40103", "P29_002": "B140210000244", "P29_003": "16001", "P29_004": "北九州市立花房小学校", "P29_005": "福岡県北九州市若松区小竹2227", "P29_006": "3", "P29_007": "1", "P29_008": "00", "P29_009": null }, "geometry": { "type": "Point", "coordinates": [ 130.741458537929901, 33.908300428652595 ] } },
{ "type": "Feature", "properties": { "P29_001": "40103", "P29_002": "B140210000253", "P29_003": "16001", "P29_004": "北九州市立江川小学校", "P29_005": "福岡県北九州市若松区乙丸5", "P29_006": "3", "P29_007": "1", "P29_008": "00", "P29_009": null }, "geometry": { "type": "Point", "coordinates": [ 130.697919111791123, 33.906821563828423 ] } },
{ "type": "Feature", "properties": { "P29_001": "40105", "P29_002": "B140210000351", "P29_003": "16001", "P29_004": "北九州市立鞘ヶ谷小学校", "P29_005": "福岡県北九州市戸畑区東鞘ヶ谷町4-1", "P29_006": "3", "P29_007": "1", "P29_008": "00", "P29_009": null }, "geometry": { "type": "Point", "coordinates": [ 130.836513341301384, 33.8777078992387 ] } },
{ "type": "Feature", "properties": { "P29_001": "40105", "P29_002": "B140210000379", "P29_003": "16001", "P29_004": "北九州市立大谷小学校", "P29_005": "福岡県北九州市戸畑区菅原4-6-1", "P29_006": "3", "P29_007": "1", "P29_008": "00", "P29_009": null }, "geometry": { "type": "Point", "coordinates": [ 130.827651199488713, 33.883324930110625 ] } },
{ "type": "Feature", "properties": { "P29_001": "40105", "P29_002": "B140210000397", "P29_003": "16001", "P29_004": "北九州市立戸畑中央小学校", "P29_005": "福岡県北九州市戸畑区新池2-1-12", "P29_006": "3", "P29_007": "1", "P29_008": "00", "P29_009": null }, "geometry": { "type": "Point", "coordinates": [ 130.828548206390934, 33.898090297963378 ] } },
{ "type": "Feature", "properties": { "P29_001": "40106", "P29_002": "B140210000468", "P29_003": "16001", "P29_004": "北九州市立藍島小学校", "P29_005": "福岡県北九州市小倉北区大字藍島246-3", "P29_006": "3", "P29_007": "1", "P29_008": "00", "P29_009": null }, "geometry": { "type": "Point", "coordinates": [ 130.818071331336142, 33.992819294041936 ] } },
{ "type": "Feature", "properties": { "P29_001": "40106", "P29_002": "B140210000609", "P29_003": "16001", "P29_004": "北九州市立小倉中央小学校", "P29_005": "福岡県北九州市小倉北区堺町2-4-1", "P29_006": "3", "P29_007": "1", "P29_008": "00", "P29_009": null }, "geometry": { "type": "Point", "coordinates": [ 130.886750127201935, 33.881686813350441 ] } },
{ "type": "Feature", "properties": { "P29_001": "40107", "P29_002": "B140210000636", "P29_003": "16001", "P29_004": "北九州市立徳力小学校", "P29_005": "福岡県北九州市小倉南区徳力新町2-2-1", "P29_006": "3", "P29_007": "1", "P29_008": "00", "P29_009": null }, "geometry": { "type": "Point", "coordinates": [ 130.867847747730423, 33.835614913829247 ] } },
{ "type": "Feature", "properties": { "P29_001": "40107", "P29_002": "B140210000725", "P29_003": "16001", "P29_004": "北九州市立市丸小学校", "P29_005": "福岡県北九州市小倉南区大字市丸472-2", "P29_006": "3", "P29_007": "1", "P29_008": "00", "P29_009": null }, "geometry": { "type": "Point", "coordinates": [ 130.867817897950346, 33.762897784710425 ] } },
{ "type": "Feature", "properties": { "P29_001": "40107", "P29_002": "B140210000752", "P29_003": "16001", "P29_004": "北九州市立若園小学校", "P29_005": "福岡県北九州市小倉南区若園3-14-22", "P29_006": "3", "P29_007": "1", "P29_008": "00", "P29_009": null }, "geometry": { "type": "Point", "coordinates": [ 130.89020851093332, 33.846459005830013 ] } },
{ "type": "Feature", "properties": { "P29_001": "40108", "P29_002": "B140210000903", "P29_003": "16001", "P29_004": "北九州市立祝町小学校", "P29_005": "福岡県北九州市八幡東区祝町1-23-12", "P29_006": "3", "P29_007": "1", "P29_008": "00", "P29_009": null }, "geometry": { "type": "Point", "coordinates": [ 130.827571024118754, 33.861756457226221 ] } },
{ "type": "Feature", "properties": { "P29_001": "40108", "P29_002": "B140210000976", "P29_003": "16001", "P29_004": "北九州市立花尾小学校", "P29_005": "福岡県北九州市八幡東区祇園1-6-1", "P29_006": "3", "P29_007": "1", "P29_008": "00", "P29_009": null }, "geometry": { "type": "Point", "coordinates": [ 130.788778244100115, 33.865150032239313 ] } },
{ "type": "Feature", "properties": { "P29_001": "40109", "P29_002": "B140210001038", "P29_003": "16001", "P29_004": "北九州市立黒畑小学校", "P29_005": "福岡県北九州市八幡西区西鳴水2-4-1", "P29_006": "3", "P29_007": "1", "P29_008": "00", "P29_009": null }, "geometry": { "type": "Point", "coordinates": [ 130.767723530340874, 33.852895505380559 ] } },
{ "type": "Feature", "properties": { "P29_001": "40109", "P29_002": "B140210001047", "P29_003": "16001", "P29_004": "北九州市立熊西小学校", "P29_005": "福岡県北九州市八幡西区西曲里町7-1", "P29_006": "3", "P29_007": "1", "P29_008": "00", "P29_009": null }, "geometry": { "type": "Point", "coordinates": [ 130.76025646650524, 33.857936616211518 ] } },
{ "type": "Feature", "properties": { "P29_001": "40109", "P29_002": "B140210001056", "P29_003": "16001", "P29_004": "北九州市立筒井小学校", "P29_005": "福岡県北九州市八幡西区筒井町3-1", "P29_006": "3", "P29_007": "1", "P29_008": "00", "P29_009": null }, "geometry": { "type": "Point", "coordinates": [ 130.759862443043204, 33.863602159561793 ] } },
{ "type": "Feature", "properties": { "P29_001": "40109", "P29_002": "B140210001127", "P29_003": "16001", "P29_004": "北九州市立永犬丸小学校", "P29_005": "福岡県北九州市八幡西区美原町9-1", "P29_006": "3", "P29_007": "1", "P29_008": "00", "P29_009": null }, "geometry": { "type": "Point", "coordinates": [ 130.741029230858601, 33.839637957281795 ] } },
{ "type": "Feature", "properties": { "P29_001": "40109", "P29_002": "B140210001172", "P29_003": "16001", "P29_004": "北九州市立楠橋小学校", "P29_005": "福岡県北九州市八幡西区楠橋上方1-3-1", "P29_006": "3", "P29_007": "1", "P29_008": "00", "P29_009": null }, "geometry": { "type": "Point", "coordinates": [ 130.732682787017296, 33.79468189130025 ] } },
{ "type": "Feature", "properties": { "P29_001": "40109", "P29_002": "B140210001234", "P29_003": "16001", "P29_004": "北九州市立青山小学校", "P29_005": "福岡県北九州市八幡西区青山1-7-1", "P29_006": "3", "P29_007": "1", "P29_008": "00", "P29_009": null }, "geometry": { "type": "Point", "coordinates": [ 130.752357048356686, 33.862168354659453 ] } },
{ "type": "Feature", "properties": { "P29_001": "40103", "P29_002": "B140210001305", "P29_003": "16001", "P29_004": "北九州市立くきのうみ小学校", "P29_005": "福岡県北九州市若松区古前2-19-36", "P29_006": "3", "P29_007": "1", "P29_008": "00", "P29_009": null }, "geometry": { "type": "Point", "coordinates": [ 130.801981679042626, 33.901085445345963 ] } },
{ "type": "Feature", "properties": { "P29_001": "40101", "P29_002": "B140210001314", "P29_003": "16001", "P29_004": "北九州市立小森江小学校", "P29_005": "福岡県北九州市門司区羽山1-12-1", "P29_006": "3", "P29_007": "1", "P29_008": "00", "P29_009": null }, "geometry": { "type": "Point", "coordinates": [ 130.944816586343677, 33.920327206228222 ] } },
{ "type": "Feature", "properties": { "P29_001": "40131", "P29_002": "B140213000186", "P29_003": "16001", "P29_004": "福岡市立香椎東小学校", "P29_005": "福岡県福岡市東区香椎台1-9-1", "P29_006": "3", "P29_007": "1", "P29_008": "00", "P29_009": null }, "geometry": { "type": "Point", "coordinates": [ 130.456405178551393, 33.652639461111768 ] } },
{ "type": "Feature", "properties": { "P29_001": "40131", "P29_002": "B140213000195", "P29_003": "16001", "P29_004": "福岡市立青葉小学校", "P29_005": "福岡県福岡市東区青葉3-9-1", "P29_006": "3", "P29_007": "1", "P29_008": "00", "P29_009": null }, "geometry": { "type": "Point", "coordinates": [ 130.462790241365951, 33.645582675057973 ] } },
{ "type": "Feature", "properties": { "P29_001": "40131", "P29_002": "B140213000211", "P29_003": "16001", "P29_004": "福岡市立香椎浜小学校", "P29_005": "福岡県福岡市東区香椎浜2-2-2", "P29_006": "3", "P29_007": "1", "P29_008": "00", "P29_009": null }, "geometry": { "type": "Point", "coordinates": [ 130.427621828589253, 33.653232418047281 ] } },
{ "type": "Feature", "properties": { "P29_001": "40131", "P29_002": "B140213000239", "P29_003": "16001", "P29_004": "福岡市立香陵小学校", "P29_005": "福岡県福岡市東区香椎浜4-3-2", "P29_006": "3", "P29_007": "1", "P29_008": "00", "P29_009": null }, "geometry": { "type": "Point", "coordinates": [ 130.433456252934576, 33.655475474059124 ] } },
{ "type": "Feature", "properties": { "P29_001": "40131", "P29_002": "B140213000293", "P29_003": "16001", "P29_004": "福岡市立志賀島小学校", "P29_005": "福岡県福岡市東区大字志賀島1566-1", "P29_006": "3", "P29_007": "1", "P29_008": "00", "P29_009": null }, "geometry": { "type": "Point", "coordinates": [ 130.30786526194774, 33.661780357407075 ] } },
{ "type": "Feature", "properties": { "P29_001": "40131", "P29_002": "B140213000300", "P29_003": "16001", "P29_004": "福岡市立勝馬小学校", "P29_005": "福岡県福岡市東区勝馬1786", "P29_006": "3", "P29_007": "1", "P29_008": "00", "P29_009": null }, "geometry": { "type": "Point", "coordinates": [ 130.291449118234709, 33.68643046705774 ] } },
{ "type": "Feature", "properties": { "P29_001": "40132", "P29_002": "B140213000319", "P29_003": "16001", "P29_004": "福岡市立住吉小学校", "P29_005": "福岡県福岡市博多区美野島3-22-7", "P29_006": "3", "P29_007": "1", "P29_008": "00", "P29_009": null }, "geometry": { "type": "Point", "coordinates": [ 130.417166182821404, 33.576758979817562 ] } },
{ "type": "Feature", "properties": { "P29_001": "40132", "P29_002": "B140213000337", "P29_003": "16001", "P29_004": "福岡市立千代小学校", "P29_005": "福岡県福岡市博多区東公園8-1", "P29_006": "3", "P29_007": "1", "P29_008": "00", "P29_009": null }, "geometry": { "type": "Point", "coordinates": [ 130.417815691242623, 33.604158333686321 ] } },
{ "type": "Feature", "properties": { "P29_001": "40132", "P29_002": "B140213000480", "P29_003": "16001", "P29_004": "福岡市立博多小学校", "P29_005": "福岡県福岡市博多区奈良屋町1-38", "P29_006": "3", "P29_007": "1", "P29_008": "00", "P29_009": null }, "geometry": { "type": "Point", "coordinates": [ 130.406373145088281, 33.599306351577859 ] } },
{ "type": "Feature", "properties": { "P29_001": "40133", "P29_002": "B140213000578", "P29_003": "16001", "P29_004": "福岡市立笹丘小学校", "P29_005": "福岡県福岡市中央区笹丘2-25-1", "P29_006": "3", "P29_007": "1", "P29_008": "00", "P29_009": null }, "geometry": { "type": "Point", "coordinates": [ 130.380736755626202, 33.566533725302584 ] } },
{ "type": "Feature", "properties": { "P29_001": "40133", "P29_002": "B140213000603", "P29_003": "16001", "P29_004": "福岡市立舞鶴小学校", "P29_005": "福岡県福岡市中央区舞鶴2-6-1", "P29_006": "3", "P29_007": "1", "P29_008": "00", "P29_009": null }, "geometry": { "type": "Point", "coordinates": [ 130.390931215386388, 33.592996218867491 ] } },
{ "type": "Feature", "properties": { "P29_001": "40134", "P29_002": "B140213000836", "P29_003": "16001", "P29_004": "福岡市立塩原小学校", "P29_005": "福岡県福岡市南区塩原1-27-1", "P29_006": "3", "P29_007": "1", "P29_008": "00", "P29_009": null }, "geometry": { "type": "Point", "coordinates": [ 130.431937605383752, 33.564364381704621 ] } },
{ "type": "Feature", "properties": { "P29_001": "40135", "P29_002": "B140213000881", "P29_003": "16001", "P29_004": "福岡市立能古小学校", "P29_005": "福岡県福岡市西区能古357", "P29_006": "3", "P29_007": "1", "P29_008": "00", "P29_009": null }, "geometry": { "type": "Point", "coordinates": [ 130.308483629736713, 33.615593583445488 ] } },
{ "type": "Feature", "properties": { "P29_001": "40135", "P29_002": "B140213000907", "P29_003": "16001", "P29_004": "福岡市立今津小学校", "P29_005": "福岡県福岡市西区今津4808", "P29_006": "3", "P29_007": "1", "P29_008": "00", "P29_009": null }, "geometry": { "type": "Point", "coordinates": [ 130.2532869751291, 33.60782896101324 ] } },
{ "type": "Feature", "properties": { "P29_001": "40135", "P29_002": "B140213000916", "P29_003": "16001", "P29_004": "福岡市立内浜小学校", "P29_005": "福岡県福岡市西区姪の浜5-8-8", "P29_006": "3", "P29_007": "1", "P29_008": "00", "P29_009": null }, "geometry": { "type": "Point", "coordinates": [ 130.322684219300612, 33.585143264008842 ] } },
{ "type": "Feature", "properties": { "P29_001": "40135", "P29_002": "B140213000961", "P29_003": "16001", "P29_004": "福岡市立玄界小学校", "P29_005": "福岡県福岡市西区大字玄界島239", "P29_006": "3", "P29_007": "1", "P29_008": "00", "P29_009": null }, "geometry": { "type": "Point", "coordinates": [ 130.235289132011218, 33.685659634562874 ] } },
{ "type": "Feature", "properties": { "P29_001": "40135", "P29_002": "B140213000970", "P29_003": "16001", "P29_004": "福岡市立小呂小学校", "P29_005": "福岡県福岡市西区大字小呂島285", "P29_006": "3", "P29_007": "1", "P29_008": "00", "P29_009": null }, "geometry": { "type": "Point", "coordinates": [ 130.036257414397397, 33.869610128260817 ] } },
{ "type": "Feature", "properties": { "P29_001": "40135", "P29_002": "B140213001005", "P29_003": "16001", "P29_004": "福岡市立西陵小学校", "P29_005": "福岡県福岡市西区生の松原3-9-2", "P29_006": "3", "P29_007": "1", "P29_008": "00", "P29_009": null }, "geometry": { "type": "Point", "coordinates": [ 130.296934406613872, 33.574342072588401 ] } },
{ "type": "Feature", "properties": { "P29_001": "40135", "P29_002": "B140213001087", "P29_003": "16001", "P29_004": "福岡市立姪北小学校", "P29_005": "福岡県福岡市西区姪の浜2-20-23", "P29_006": "3", "P29_007": "1", "P29_008": "00", "P29_009": null }, "geometry": { "type": "Point", "coordinates": [ 130.328202027468478, 33.590844285258449 ] } },
{ "type": "Feature", "properties": { "P29_001": "40136", "P29_002": "B140213001112", "P29_003": "16001", "P29_004": "福岡市立鳥飼小学校", "P29_005": "福岡県福岡市城南区鳥飼4-13-2", "P29_006": "3", "P29_007": "1", "P29_008": "00", "P29_009": null }, "geometry": { "type": "Point", "coordinates": [ 130.365708104277786, 33.579731234453654 ] } },
{ "type": "Feature", "properties": { "P29_001": "40137", "P29_002": "B140213001265", "P29_003": "16001", "P29_004": "福岡市立室見小学校", "P29_005": "福岡県福岡市早良区室見3-3-1", "P29_006": "3", "P29_007": "1", "P29_008": "00", "P29_009": null }, "geometry": { "type": "Point", "coordinates": [ 130.344206739878786, 33.575209899017473 ] } },
{ "type": "Feature", "properties": { "P29_001": "40137", "P29_002": "B140213001336", "P29_003": "16001", "P29_004": "福岡市立大原小学校", "P29_005": "福岡県福岡市早良区原3-8-10", "P29_006": "3", "P29_007": "1", "P29_008": "00", "P29_009": null }, "geometry": { "type": "Point", "coordinates": [ 130.344216183622279, 33.570634999694136 ] } },
{ "type": "Feature", "properties": { "P29_001": "40137", "P29_002": "B140213001416", "P29_003": "16001", "P29_004": "福岡市立百道浜小学校", "P29_005": "福岡県福岡市早良区百道浜4-24-1", "P29_006": "3", "P29_007": "1", "P29_008": "00", "P29_009": null }, "geometry": { "type": "Point", "coordinates": [ 130.349294191666957, 33.592369173278954 ] } },
{ "type": "Feature", "properties": { "P29_001": "40137", "P29_002": "B140213001434", "P29_003": "16001", "P29_004": "福岡市立脇山小学校", "P29_005": "福岡県福岡市早良区大字脇山2558", "P29_006": "3", "P29_007": "1", "P29_008": "00", "P29_009": null }, "geometry": { "type": "Point", "coordinates": [ 130.352794726871906, 33.489409532005745 ] } },
{ "type": "Feature", "properties": { "P29_001": "40137", "P29_002": "B140213001452", "P29_003": "16001", "P29_004": "福岡市立曲渕小学校", "P29_005": "福岡県福岡市早良区大字曲渕713-1", "P29_006": "3", "P29_007": "9", "P29_008": "00", "P29_009": null }, "geometry": { "type": "Point", "coordinates": [ 130.298331144877977, 33.497905233595375 ] } },
{ "type": "Feature", "properties": { "P29_001": "40135", "P29_002": "B140213001461", "P29_003": "16001", "P29_004": "福岡市立西都北小学校", "P29_005": "福岡県福岡市西区北原2-40-1", "P29_006": "3", "P29_007": "1", "P29_008": "00", "P29_009": null }, "geometry": { "type": "Point", "coordinates": [ 130.255702684291379, 33.585938428610106 ] } },
{ "type": "Feature", "properties": { "P29_001": "40202", "P29_002": "B140220200018", "P29_003": "16001", "P29_004": "大牟田市立玉川小学校", "P29_005": "福岡県大牟田市大字櫟野2710-1", "P29_006": "3", "P29_007": "1", "P29_008": "00", "P29_009": null }, "geometry": { "type": "Point", "coordinates": [ 130.491705936279942, 33.007987776465995 ] } },
{ "type": "Feature", "properties": { "P29_001": "40202", "P29_002": "B140220200054", "P29_003": "16001", "P29_004": "大牟田市立白川小学校", "P29_005": "福岡県大牟田市中白川町1-183", "P29_006": "3", "P29_007": "1", "P29_008": "00", "P29_009": null }, "geometry": { "type": "Point", "coordinates": [ 130.459710455366348, 33.044116972743858 ] } },
{ "type": "Feature", "properties": { "P29_001": "40202", "P29_002": "B140220200072", "P29_003": "16001", "P29_004": "大牟田市立高取小学校", "P29_005": "福岡県大牟田市大字歴木1807-58", "P29_006": "3", "P29_007": "1", "P29_008": "00", "P29_009": null }, "geometry": { "type": "Point", "coordinates": [ 130.483496133880635, 33.031531356133065 ] } },
{ "type": "Feature", "properties": { "P29_001": "40202", "P29_002": "B140220200107", "P29_003": "16001", "P29_004": "大牟田市立上内小学校", "P29_005": "福岡県大牟田市上内1575-1", "P29_006": "3", "P29_007": "1", "P29_008": "00", "P29_009": null }, "geometry": { "type": "Point", "coordinates": [ 130.504258456944569, 33.073422189915071 ] } },
{ "type": "Feature", "properties": { "P29_001": "40202", "P29_002": "B140220200170", "P29_003": "16001", "P29_004": "大牟田市立天の原小学校", "P29_005": "福岡県大牟田市笹原町3-116", "P29_006": "3", "P29_007": "1", "P29_008": "00", "P29_009": null }, "geometry": { "type": "Point", "coordinates": [ 130.467584469037718, 33.009100247159402 ] } },
{ "type": "Feature", "properties": { "P29_001": "40203", "P29_002": "B140220300160", "P29_003": "16001", "P29_004": "久留米市立上津小学校", "P29_005": "福岡県久留米市上津町1923-3-1", "P29_006": "3", "P29_007": "1", "P29_008": "00", "P29_009": null }, "geometry": { "type": "Point", "coordinates": [ 130.534580400145217, 33.279749584930798 ] } },
{ "type": "Feature", "properties": { "P29_001": "40203", "P29_002": "B140220300259", "P29_003": "16001", "P29_004": "久留米市立大橋小学校", "P29_005": "福岡県久留米市大橋町合楽1081", "P29_006": "3", "P29_007": "1", "P29_008": "00", "P29_009": null }, "geometry": { "type": "Point", "coordinates": [ 130.635280610792677, 33.33852134560469 ] } },
{ "type": "Feature", "properties": { "P29_001": "40203", "P29_002": "B140220300277", "P29_003": "16001", "P29_004": "久留米市立津福小学校", "P29_005": "福岡県久留米市津福今町472-31", "P29_006": "3", "P29_007": "1", "P29_008": "00", "P29_009": null }, "geometry": { "type": "Point", "coordinates": [ 130.502342329085479, 33.28988275275649 ] } },
{ "type": "Feature", "properties": { "P29_001": "40204", "P29_002": "B140220400043", "P29_003": "16001", "P29_004": "直方市立新入小学校", "P29_005": "福岡県直方市上新入2081", "P29_006": "3", "P29_007": "1", "P29_008": "00", "P29_009": null }, "geometry": { "type": "Point", "coordinates": [ 130.709824448388872, 33.753692076610221 ] } },
{ "type": "Feature", "properties": { "P29_001": "40204", "P29_002": "B140220400070", "P29_003": "16001", "P29_004": "直方市立下境小学校", "P29_005": "福岡県直方市大字下境1820", "P29_006": "3", "P29_007": "1", "P29_008": "00", "P29_009": null }, "geometry": { "type": "Point", "coordinates": [ 130.739700660115091, 33.728542725385516 ] } },
{ "type": "Feature", "properties": { "P29_001": "40204", "P29_002": "B140220400089", "P29_003": "16001", "P29_004": "直方市立福地小学校", "P29_005": "福岡県直方市永満寺2427", "P29_006": "3", "P29_007": "1", "P29_008": "00", "P29_009": null }, "geometry": { "type": "Point", "coordinates": [ 130.761663442220168, 33.729615012875271 ] } },
{ "type": "Feature", "properties": { "P29_001": "40204", "P29_002": "B140220400098", "P29_003": "16001", "P29_004": "直方市立中泉小学校", "P29_005": "福岡県直方市中泉848-3", "P29_006": "3", "P29_007": "1", "P29_008": "00", "P29_009": null }, "geometry": { "type": "Point", "coordinates": [ 130.739561541244797, 33.718810647026331 ] } },
{ "type": "Feature", "properties": { "P29_001": "40204", "P29_002": "B140220400114", "P29_003": "16001", "P29_004": "直方市立直方東小学校", "P29_005": "福岡県直方市大字頓野2095-1", "P29_006": "3", "P29_007": "1", "P29_008": "00", "P29_009": null }, "geometry": { "type": "Point", "coordinates": [ 130.747215572139567, 33.748373077604768 ] } },
{ "type": "Feature", "properties": { "P29_001": "40205", "P29_002": "B140220500104", "P29_003": "16001", "P29_004": "飯塚市立庄内小学校", "P29_005": "福岡県飯塚市有安1-22", "P29_006": "3", "P29_007": "1", "P29_008": "00", "P29_009": null }, "geometry": { "type": "Point", "coordinates": [ 130.733697735221398, 33.639391123586535 ] } },
{ "type": "Feature", "properties": { "P29_001": "40205", "P29_002": "B140220500113", "P29_003": "16001", "P29_004": "飯塚市立頴田小学校", "P29_005": "福岡県飯塚市鹿毛馬1667-2", "P29_006": "3", "P29_007": "1", "P29_008": "00", "P29_009": null }, "geometry": { "type": "Point", "coordinates": [ 130.728082645370847, 33.683971756840265 ] } },
{ "type": "Feature", "properties": { "P29_001": "40205", "P29_002": "B140220500122", "P29_003": "16001", "P29_004": "飯塚市立若菜小学校", "P29_005": "福岡県飯塚市小正249-2", "P29_006": "3", "P29_007": "1", "P29_008": "00", "P29_009": null }, "geometry": { "type": "Point", "coordinates": [ 130.666719973022822, 33.627305964691303 ] } },
{ "type": "Feature", "properties": { "P29_001": "40205", "P29_002": "B140220500140", "P29_003": "16001", "P29_004": "飯塚市立高田小学校", "P29_005": "福岡県飯塚市高田701", "P29_006": "3", "P29_007": "1", "P29_008": "00", "P29_009": null }, "geometry": { "type": "Point", "coordinates": [ 130.639899908129507, 33.606888735629951 ] } },
{ "type": "Feature", "properties": { "P29_001": "40205", "P29_002": "B140220500186", "P29_003": "16001", "P29_004": "飯塚市立穂波東小学校", "P29_005": "福岡県飯塚市平恒1021", "P29_006": "3", "P29_007": "1", "P29_008": "00", "P29_009": null }, "geometry": { "type": "Point", "coordinates": [ 130.68468656361145, 33.610991913429643 ] } },
{ "type": "Feature", "properties": { "P29_001": "40206", "P29_002": "B140220600014", "P29_003": "16001", "P29_004": "田川市立猪位金小学校", "P29_005": "福岡県田川市位登509", "P29_006": "3", "P29_007": "1", "P29_008": "00", "P29_009": null }, "geometry": { "type": "Point", "coordinates": [ 130.792782968975899, 33.60522361329307 ] } },
{ "type": "Feature", "properties": { "P29_001": "40206", "P29_002": "B140220600087", "P29_003": "16001", "P29_004": "田川市立伊田小学校", "P29_005": "福岡県田川市伊田4390", "P29_006": "3", "P29_007": "1", "P29_008": "00", "P29_009": null }, "geometry": { "type": "Point", "coordinates": [ 130.815898666959328, 33.649606292349603 ] } },
{ "type": "Feature", "properties": { "P29_001": "40207", "P29_002": "B140220700040", "P29_003": "16001", "P29_004": "柳川市立東宮永小学校", "P29_005": "福岡県柳川市下宮永町374", "P29_006": "3", "P29_007": "1", "P29_008": "00", "P29_009": null }, "geometry": { "type": "Point", "coordinates": [ 130.405523017766768, 33.143672130004255 ] } },
{ "type": "Feature", "properties": { "P29_001": "40207", "P29_002": "B140220700059", "P29_003": "16001", "P29_004": "柳川市立両開小学校", "P29_005": "福岡県柳川市有明町1750", "P29_006": "3", "P29_007": "1", "P29_008": "00", "P29_009": null }, "geometry": { "type": "Point", "coordinates": [ 130.392556813051272, 33.13017237677078 ] } },
{ "type": "Feature", "properties": { "P29_001": "40207", "P29_002": "B140220700068", "P29_003": "16001", "P29_004": "柳川市立昭代第一小学校", "P29_005": "福岡県柳川市田脇810", "P29_006": "3", "P29_007": "1", "P29_008": "00", "P29_009": null }, "geometry": { "type": "Point", "coordinates": [ 130.379338163827867, 33.171758927746453 ] } },
{ "type": "Feature", "properties": { "P29_001": "40207", "P29_002": "B140220700086", "P29_003": "16001", "P29_004": "柳川市立蒲池小学校", "P29_005": "福岡県柳川市金納455", "P29_006": "3", "P29_007": "1", "P29_008": "00", "P29_009": null }, "geometry": { "type": "Point", "coordinates": [ 130.416761856130933, 33.18749175160967 ] } },
{ "type": "Feature", "properties": { "P29_001": "40210", "P29_002": "B140221000018", "P29_003": "16001", "P29_004": "八女市立福島小学校", "P29_005": "福岡県八女市本町657", "P29_006": "3", "P29_007": "1", "P29_008": "00", "P29_009": null }, "geometry": { "type": "Point", "coordinates": [ 130.559204099701134, 33.211936050491524 ] } },
{ "type": "Feature", "properties": { "P29_001": "40210", "P29_002": "B140221000027", "P29_003": "16001", "P29_004": "八女市立長峰小学校", "P29_005": "福岡県八女市吉田654-1", "P29_006": "3", "P29_007": "1", "P29_008": "00", "P29_009": null }, "geometry": { "type": "Point", "coordinates": [ 130.560696500697304, 33.226042589433995 ] } },
{ "type": "Feature", "properties": { "P29_001": "40210", "P29_002": "B140221000063", "P29_003": "16001", "P29_004": "八女市立忠見小学校", "P29_005": "福岡県八女市忠見980", "P29_006": "3", "P29_007": "1", "P29_008": "00", "P29_009": null }, "geometry": { "type": "Point", "coordinates": [ 130.593119619964085, 33.22453445156939 ] } },
{ "type": "Feature", "properties": { "P29_001": "40210", "P29_002": "B140221000072", "P29_003": "16001", "P29_004": "八女市立川崎小学校", "P29_005": "福岡県八女市山内769", "P29_006": "3", "P29_007": "1", "P29_008": "00", "P29_009": null }, "geometry": { "type": "Point", "coordinates": [ 130.614105314574545, 33.221036575531627 ] } },
{ "type": "Feature", "properties": { "P29_001": "40210", "P29_002": "B140221000090", "P29_003": "16001", "P29_004": "八女市立立花小学校", "P29_005": "福岡県八女市立花町谷川1058", "P29_006": "3", "P29_007": "1", "P29_008": "00", "P29_009": null }, "geometry": { "type": "Point", "coordinates": [ 130.590349755105194, 33.204023439656169 ] } },
{ "type": "Feature", "properties": { "P29_001": "40210", "P29_002": "B140221000116", "P29_003": "16001", "P29_004": "八女市立黒木西小学校", "P29_005": "福岡県八女市黒木町本分38-1", "P29_006": "3", "P29_007": "1", "P29_008": "00", "P29_009": null }, "geometry": { "type": "Point", "coordinates": [ 130.649543750148183, 33.205832835773379 ] } },
{ "type": "Feature", "properties": { "P29_001": "40211", "P29_002": "B140221100044", "P29_003": "16001", "P29_004": "筑後市立水洗小学校", "P29_005": "福岡県筑後市志13", "P29_006": "3", "P29_007": "1", "P29_008": "00", "P29_009": null }, "geometry": { "type": "Point", "coordinates": [ 130.500377665411463, 33.185746148520352 ] } },
{ "type": "Feature", "properties": { "P29_001": "40211", "P29_002": "B140221100062", "P29_003": "16001", "P29_004": "筑後市立下妻小学校", "P29_005": "福岡県筑後市下妻1317", "P29_006": "3", "P29_007": "1", "P29_008": "00", "P29_009": null }, "geometry": { "type": "Point", "coordinates": [ 130.475042842750128, 33.181877179161965 ] } },
{ "type": "Feature", "properties": { "P29_001": "40211", "P29_002": "B140221100071", "P29_003": "16001", "P29_004": "筑後市立古島小学校", "P29_005": "福岡県筑後市古島233", "P29_006": "3", "P29_007": "1", "P29_008": "00", "P29_009": null }, "geometry": { "type": "Point", "coordinates": [ 130.470001381333617, 33.196521822663101 ] } },
{ "type": "Feature", "properties": { "P29_001": "40211", "P29_002": "B140221100080", "P29_003": "16001", "P29_004": "筑後市立二川小学校", "P29_005": "福岡県筑後市若菜433", "P29_006": "3", "P29_007": "1", "P29_008": "00", "P29_009": null }, "geometry": { "type": "Point", "coordinates": [ 130.475453968530616, 33.213516161004044 ] } },
{ "type": "Feature", "properties": { "P29_001": "40211", "P29_002": "B140221100115", "P29_003": "16001", "P29_004": "筑後市立筑後北小学校", "P29_005": "福岡県筑後市西牟田6044", "P29_006": "3", "P29_007": "1", "P29_008": "00", "P29_009": null }, "geometry": { "type": "Point", "coordinates": [ 130.50676749416607, 33.243002274053772 ] } },
{ "type": "Feature", "properties": { "P29_001": "40212", "P29_002": "B140221200043", "P29_003": "16001", "P29_004": "大川市立道海島小学校", "P29_005": "福岡県大川市大字道海島91-1", "P29_006": "3", "P29_007": "1", "P29_008": "00", "P29_009": null }, "geometry": { "type": "Point", "coordinates": [ 130.380779805551839, 33.240568047889461 ] } },
{ "type": "Feature", "properties": { "P29_001": "40213", "P29_002": "B140221300024", "P29_003": "16001", "P29_004": "行橋市立椿市小学校", "P29_005": "福岡県行橋市大字長尾530", "P29_006": "3", "P29_007": "1", "P29_008": "00", "P29_009": null }, "geometry": { "type": "Point", "coordinates": [ 130.921079497101715, 33.736220482535806 ] } },
{ "type": "Feature", "properties": { "P29_001": "40213", "P29_002": "B140221300033", "P29_003": "16001", "P29_004": "行橋市立稗田小学校", "P29_005": "福岡県行橋市大字下稗田967", "P29_006": "3", "P29_007": "1", "P29_008": "00", "P29_009": null }, "geometry": { "type": "Point", "coordinates": [ 130.942707275458417, 33.702366225338778 ] } },
{ "type": "Feature", "properties": { "P29_001": "40213", "P29_002": "B140221300097", "P29_003": "16001", "P29_004": "行橋市立仲津小学校", "P29_005": "福岡県行橋市道場寺1439", "P29_006": "3", "P29_007": "1", "P29_008": "00", "P29_009": null }, "geometry": { "type": "Point", "coordinates": [ 131.014208851119008, 33.696364967480648 ] } },
{ "type": "Feature", "properties": { "P29_001": "40213", "P29_002": "B140221300104", "P29_003": "16001", "P29_004": "行橋市立行橋南小学校", "P29_005": "福岡県行橋市南大橋2-5-1", "P29_006": "3", "P29_007": "1", "P29_008": "00", "P29_009": null }, "geometry": { "type": "Point", "coordinates": [ 130.983857072194184, 33.724716087679795 ] } },
{ "type": "Feature", "properties": { "P29_001": "40214", "P29_002": "B140221400041", "P29_003": "16001", "P29_004": "豊前市立角田小学校", "P29_005": "福岡県豊前市中村943-1", "P29_006": "3", "P29_007": "1", "P29_008": "00", "P29_009": null }, "geometry": { "type": "Point", "coordinates": [ 131.085654592302205, 33.623583254681648 ] } },
{ "type": "Feature", "properties": { "P29_001": "40216", "P29_002": "B140221600076", "P29_003": "16001", "P29_004": "小郡市立東野小学校", "P29_005": "福岡県小郡市小郡2409-4", "P29_006": "3", "P29_007": "1", "P29_008": "00", "P29_009": null }, "geometry": { "type": "Point", "coordinates": [ 130.549778480807987, 33.409704301982806 ] } },
{ "type": "Feature", "properties": { "P29_001": "40217", "P29_002": "B140221700039", "P29_003": "16001", "P29_004": "筑紫野市立吉木小学校", "P29_005": "福岡県筑紫野市大字吉木2526-2", "P29_006": "3", "P29_007": "1", "P29_008": "00", "P29_009": null }, "geometry": { "type": "Point", "coordinates": [ 130.556524826158153, 33.513807731013152 ] } },
{ "type": "Feature", "properties": { "P29_001": "40218", "P29_002": "B140221800038", "P29_003": "16001", "P29_004": "春日市立春日東小学校", "P29_005": "福岡県春日市若葉台東1-51", "P29_006": "3", "P29_007": "1", "P29_008": "00", "P29_009": null }, "geometry": { "type": "Point", "coordinates": [ 130.463066529271003, 33.528075251111197 ] } },
{ "type": "Feature", "properties": { "P29_001": "40218", "P29_002": "B140221800047", "P29_003": "16001", "P29_004": "春日市立春日原小学校", "P29_005": "福岡県春日市春日原南町4-37-1", "P29_006": "3", "P29_007": "1", "P29_008": "00", "P29_009": null }, "geometry": { "type": "Point", "coordinates": [ 130.472672472496583, 33.533601483526432 ] } },
{ "type": "Feature", "properties": { "P29_001": "40218", "P29_002": "B140221800083", "P29_003": "16001", "P29_004": "春日市立大谷小学校", "P29_005": "福岡県春日市大谷4-1", "P29_006": "3", "P29_007": "1", "P29_008": "00", "P29_009": null }, "geometry": { "type": "Point", "coordinates": [ 130.453195522207977, 33.527413500899257 ] } },
{ "type": "Feature", "properties": { "P29_001": "40220", "P29_002": "B140222000105", "P29_003": "16001", "P29_004": "宗像市立自由ヶ丘南小学校", "P29_005": "福岡県宗像市朝町1124-2", "P29_006": "3", "P29_007": "1", "P29_008": "00", "P29_009": null }, "geometry": { "type": "Point", "coordinates": [ 130.581398358835628, 33.779835435787291 ] } },
{ "type": "Feature", "properties": { "P29_001": "40220", "P29_002": "B140222000114", "P29_003": "16001", "P29_004": "宗像市立玄海小学校", "P29_005": "福岡県宗像市江口965", "P29_006": "3", "P29_007": "1", "P29_008": "00", "P29_009": null }, "geometry": { "type": "Point", "coordinates": [ 130.509296036944988, 33.841510234802563 ] } },
{ "type": "Feature", "properties": { "P29_001": "40220", "P29_002": "B140222000123", "P29_003": "16001", "P29_004": "宗像市立地島小学校", "P29_005": "福岡県宗像市地島428-1", "P29_006": "3", "P29_007": "1", "P29_008": "00", "P29_009": null }, "geometry": { "type": "Point", "coordinates": [ 130.5001594591605, 33.900313285584737 ] } },
{ "type": "Feature", "properties": { "P29_001": "40220", "P29_002": "B140222000132", "P29_003": "16001", "P29_004": "宗像市立玄海東小学校", "P29_005": "福岡県宗像市田野1382", "P29_006": "3", "P29_007": "1", "P29_008": "00", "P29_009": null }, "geometry": { "type": "Point", "coordinates": [ 130.526179536981971, 33.86462808486651 ] } },
{ "type": "Feature", "properties": { "P29_001": "40223", "P29_002": "B140222300022", "P29_003": "16001", "P29_004": "古賀市立小野小学校", "P29_005": "福岡県古賀市米多比1390-2", "P29_006": "3", "P29_007": "1", "P29_008": "00", "P29_009": null }, "geometry": { "type": "Point", "coordinates": [ 130.512831426420036, 33.726767299860718 ] } },
{ "type": "Feature", "properties": { "P29_001": "40223", "P29_002": "B140222300068", "P29_003": "16001", "P29_004": "古賀市立千鳥小学校", "P29_005": "福岡県古賀市千鳥4-1-1", "P29_006": "3", "P29_007": "1", "P29_008": "00", "P29_009": null }, "geometry": { "type": "Point", "coordinates": [ 130.477377956180618, 33.746280922282573 ] } },
{ "type": "Feature", "properties": { "P29_001": "40224", "P29_002": "B140222400021", "P29_003": "16001", "P29_004": "福津市立上西郷小学校", "P29_005": "福岡県福津市内殿591-4", "P29_006": "3", "P29_007": "1", "P29_008": "00", "P29_009": null }, "geometry": { "type": "Point", "coordinates": [ 130.517940889813588, 33.756129869557732 ] } },
{ "type": "Feature", "properties": { "P29_001": "40224", "P29_002": "B140222400076", "P29_003": "16001", "P29_004": "福津市立勝浦小学校", "P29_005": "福岡県福津市勝浦2255", "P29_006": "3", "P29_007": "1", "P29_008": "00", "P29_009": null }, "geometry": { "type": "Point", "coordinates": [ 130.487255851443393, 33.82723052909585 ] } },
{ "type": "Feature", "properties": { "P29_001": "40226", "P29_002": "B140222600010", "P29_003": "16001", "P29_004": "宮若市立宮田南小学校", "P29_005": "福岡県宮若市宮田3461", "P29_006": "3", "P29_007": "1", "P29_008": "00", "P29_009": null }, "geometry": { "type": "Point", "coordinates": [ 130.658556934173873, 33.722044179245415 ] } },
{ "type": "Feature", "properties": { "P29_001": "40226", "P29_002": "B140222600065", "P29_003": "16001", "P29_004": "宮若市立光陵小学校", "P29_005": "福岡県宮若市磯光1317-1", "P29_006": "3", "P29_007": "1", "P29_008": "00", "P29_009": null }, "geometry": { "type": "Point", "coordinates": [ 130.686705986582467, 33.710264736883438 ] } },
{ "type": "Feature", "properties": { "P29_001": "40228", "P29_002": "B140222800045", "P29_003": "16001", "P29_004": "朝倉市立福田小学校", "P29_005": "福岡県朝倉市小田450", "P29_006": "3", "P29_007": "1", "P29_008": "00", "P29_009": null }, "geometry": { "type": "Point", "coordinates": [ 130.663761526989447, 33.385746276127698 ] } },
{ "type": "Feature", "properties": { "P29_001": "40229", "P29_002": "B140222900115", "P29_003": "16001", "P29_004": "みやま市立高田小学校", "P29_005": "福岡県みやま市高田町下楠田1443", "P29_006": "3", "P29_007": "1", "P29_008": "00", "P29_009": null }, "geometry": { "type": "Point", "coordinates": [ 130.464048903556943, 33.095658157559505 ] } },
{ "type": "Feature", "properties": { "P29_001": "40230", "P29_002": "B140223000112", "P29_003": "16001", "P29_004": "糸島市立福吉小学校", "P29_005": "福岡県糸島市二丈吉井4118", "P29_006": "3", "P29_007": "1", "P29_008": "00", "P29_009": null }, "geometry": { "type": "Point", "coordinates": [ 130.078838043773317, 33.502725831773802 ] } },
{ "type": "Feature", "properties": { "P29_001": "40230", "P29_002": "B140223000130", "P29_003": "16001", "P29_004": "糸島市立桜野小学校", "P29_005": "福岡県糸島市志摩桜井5921", "P29_006": "3", "P29_007": "1", "P29_008": "00", "P29_009": null }, "geometry": { "type": "Point", "coordinates": [ 130.178401119605553, 33.619354261703471 ] } },
{ "type": "Feature", "properties": { "P29_001": "40230", "P29_002": "B140223000158", "P29_003": "16001", "P29_004": "糸島市立姫島小学校", "P29_005": "福岡県糸島市志摩姫島976-3", "P29_006": "3", "P29_007": "1", "P29_008": "00", "P29_009": null }, "geometry": { "type": "Point", "coordinates": [ 130.046080744054677, 33.568521859674604 ] } },
{ "type": "Feature", "properties": { "P29_001": "40382", "P29_002": "B140238200010", "P29_003": "16001", "P29_004": "水巻町立頃末小学校", "P29_005": "福岡県遠賀郡水巻町頃末北4-13-1", "P29_006": "3", "P29_007": "1", "P29_008": "00", "P29_009": null }, "geometry": { "type": "Point", "coordinates": [ 130.698611431196895, 33.85870560938271 ] } },
{ "type": "Feature", "properties": { "P29_001": "40382", "P29_002": "B140238200029", "P29_003": "16001", "P29_004": "水巻町立杁小学校", "P29_005": "福岡県遠賀郡水巻町杁2-3-1", "P29_006": "3", "P29_007": "1", "P29_008": "00", "P29_009": null }, "geometry": { "type": "Point", "coordinates": [ 130.684919088715361, 33.86022844649812 ] } },
{ "type": "Feature", "properties": { "P29_001": "40383", "P29_002": "B140238300037", "P29_003": "16001", "P29_004": "岡垣町立戸切小学校", "P29_005": "福岡県遠賀郡岡垣町戸切1181-9", "P29_006": "3", "P29_007": "1", "P29_008": "00", "P29_009": null }, "geometry": { "type": "Point", "coordinates": [ 130.634927563987873, 33.839831257540226 ] } },
{ "type": "Feature", "properties": { "P29_001": "40383", "P29_002": "B140238300046", "P29_003": "16001", "P29_004": "岡垣町立内浦小学校", "P29_005": "福岡県遠賀郡岡垣町大字原865", "P29_006": "3", "P29_007": "1", "P29_008": "00", "P29_009": null }, "geometry": { "type": "Point", "coordinates": [ 130.574132781674081, 33.876290399600727 ] } },
{ "type": "Feature", "properties": { "P29_001": "40384", "P29_002": "B140238400018", "P29_003": "16001", "P29_004": "遠賀町立島門小学校", "P29_005": "福岡県遠賀郡遠賀町大字鬼津1058", "P29_006": "3", "P29_007": "1", "P29_008": "00", "P29_009": null }, "geometry": { "type": "Point", "coordinates": [ 130.666008001489985, 33.859645691142909 ] } },
{ "type": "Feature", "properties": { "P29_001": "40401", "P29_002": "B140240100017", "P29_003": "16001", "P29_004": "小竹町立小竹南小学校", "P29_005": "福岡県鞍手郡小竹町勝野3540", "P29_006": "3", "P29_007": "1", "P29_008": "00", "P29_009": null }, "geometry": { "type": "Point", "coordinates": [ 130.710105235769078, 33.690409729763452 ] } },
{ "type": "Feature", "properties": { "P29_001": "40401", "P29_002": "B140240100035", "P29_003": "16001", "P29_004": "小竹町立小竹西小学校", "P29_005": "福岡県鞍手郡小竹町大字新多466-1", "P29_006": "3", "P29_007": "1", "P29_008": "00", "P29_009": null }, "geometry": { "type": "Point", "coordinates": [ 130.688133615986061, 33.693505959803495 ] } },
{ "type": "Feature", "properties": { "P29_001": "40402", "P29_002": "B140240200016", "P29_003": "16001", "P29_004": "鞍手町立剣南小学校", "P29_005": "福岡県鞍手郡鞍手町大字中山2213-1", "P29_006": "3", "P29_007": "1", "P29_008": "00", "P29_009": null }, "geometry": { "type": "Point", "coordinates": [ 130.691999153982522, 33.78797968375877 ] } },
{ "type": "Feature", "properties": { "P29_001": "40402", "P29_002": "B140240200025", "P29_003": "16001", "P29_004": "鞍手町立剣北小学校", "P29_005": "福岡県鞍手郡鞍手町大字中山3266", "P29_006": "3", "P29_007": "1", "P29_008": "00", "P29_009": null }, "geometry": { "type": "Point", "coordinates": [ 130.678711624561743, 33.79088026271566 ] } },
{ "type": "Feature", "properties": { "P29_001": "40402", "P29_002": "B140240200043", "P29_003": "16001", "P29_004": "鞍手町立西川小学校", "P29_005": "福岡県鞍手郡鞍手町大字新北1081", "P29_006": "3", "P29_007": "1", "P29_008": "00", "P29_009": null }, "geometry": { "type": "Point", "coordinates": [ 130.669912742838761, 33.77092636704851 ] } },
{ "type": "Feature", "properties": { "P29_001": "40402", "P29_002": "B140240200052", "P29_003": "16001", "P29_004": "鞍手町立新延小学校", "P29_005": "福岡県鞍手郡鞍手町大字新延1511", "P29_006": "3", "P29_007": "1", "P29_008": "00", "P29_009": null }, "geometry": { "type": "Point", "coordinates": [ 130.659066423460445, 33.790723970668886 ] } },
{ "type": "Feature", "properties": { "P29_001": "40421", "P29_002": "B140242100013", "P29_003": "16001", "P29_004": "桂川町立桂川小学校", "P29_005": "福岡県嘉穂郡桂川町大字土居552", "P29_006": "3", "P29_007": "1", "P29_008": "00", "P29_009": null }, "geometry": { "type": "Point", "coordinates": [ 130.675375226985494, 33.580642584919914 ] } },
{ "type": "Feature", "properties": { "P29_001": "40421", "P29_002": "B140242100022", "P29_003": "16001", "P29_004": "桂川町立桂川東小学校", "P29_005": "福岡県嘉穂郡桂川町土師28", "P29_006": "3", "P29_007": "1", "P29_008": "00", "P29_009": null }, "geometry": { "type": "Point", "coordinates": [ 130.698731176115444, 33.576078224938001 ] } },
{ "type": "Feature", "properties": { "P29_001": "40447", "P29_002": "B140244700022", "P29_003": "16001", "P29_004": "筑前町立東小田小学校", "P29_005": "福岡県朝倉郡筑前町東小田436-1", "P29_006": "3", "P29_007": "1", "P29_008": "00", "P29_009": null }, "geometry": { "type": "Point", "coordinates": [ 130.591454656898208, 33.446295712233258 ] } },
{ "type": "Feature", "properties": { "P29_001": "40447", "P29_002": "B140244700031", "P29_003": "16001", "P29_004": "筑前町立中牟田小学校", "P29_005": "福岡県朝倉郡筑前町中牟田145-1", "P29_006": "3", "P29_007": "1", "P29_008": "00", "P29_009": null }, "geometry": { "type": "Point", "coordinates": [ 130.582662794083376, 33.468212961225021 ] } },
{ "type": "Feature", "properties": { "P29_001": "40544", "P29_002": "B140254400015", "P29_003": "16001", "P29_004": "広川町立上広川小学校", "P29_005": "福岡県八女郡広川町大字水原949", "P29_006": "3", "P29_007": "1", "P29_008": "00", "P29_009": null }, "geometry": { "type": "Point", "coordinates": [ 130.578116131951532, 33.243850163335637 ] } },
{ "type": "Feature", "properties": { "P29_001": "40602", "P29_002": "B140260200032", "P29_003": "16001", "P29_004": "添田町立中元寺小学校", "P29_005": "福岡県田川郡添田町大字中元寺2164", "P29_006": "3", "P29_007": "1", "P29_008": "00", "P29_009": null }, "geometry": { "type": "Point", "coordinates": [ 130.845561748043338, 33.547585262446532 ] } },
{ "type": "Feature", "properties": { "P29_001": "40602", "P29_002": "B140260200041", "P29_003": "16001", "P29_004": "添田町立落合小学校", "P29_005": "福岡県田川郡添田町大字落合1113", "P29_006": "3", "P29_007": "1", "P29_008": "00", "P29_009": null }, "geometry": { "type": "Point", "coordinates": [ 130.863256931692746, 33.507756239726334 ] } },
{ "type": "Feature", "properties": { "P29_001": "40602", "P29_002": "B140260200050", "P29_003": "16001", "P29_004": "添田町立真木小学校", "P29_005": "福岡県田川郡添田町庄2414", "P29_006": "3", "P29_007": "1", "P29_008": "00", "P29_009": null }, "geometry": { "type": "Point", "coordinates": [ 130.839007994460559, 33.585173237230542 ] } },
{ "type": "Feature", "properties": { "P29_001": "40605", "P29_002": "B140260500011", "P29_003": "16001", "P29_004": "川崎町立川崎小学校", "P29_005": "福岡県田川郡川崎町大字田原714", "P29_006": "3", "P29_007": "1", "P29_008": "00", "P29_009": null }, "geometry": { "type": "Point", "coordinates": [ 130.813863205727642, 33.600966466699639 ] } },
{ "type": "Feature", "properties": { "P29_001": "40647", "P29_002": "B140264700057", "P29_003": "16001", "P29_004": "築上町立八津田小学校", "P29_005": "福岡県築上郡築上町大字宇留津322", "P29_006": "3", "P29_007": "1", "P29_008": "00", "P29_009": null }, "geometry": { "type": "Point", "coordinates": [ 131.051485871433954, 33.677408449304153 ] } },
{ "type": "Feature", "properties": { "P29_001": "40647", "P29_002": "B140264700075", "P29_003": "16001", "P29_004": "築上町立西角田小学校", "P29_005": "福岡県築上郡築上町上ノ河内933", "P29_006": "3", "P29_007": "1", "P29_008": "00", "P29_009": null }, "geometry": { "type": "Point", "coordinates": [ 131.07707750253752, 33.630636143758174 ] } },
{ "type": "Feature", "properties": { "P29_001": "40101", "P29_002": "B140310000019", "P29_003": "16001", "P29_004": "敬愛小学校", "P29_005": "福岡県北九州市門司区大里新町11-7", "P29_006": "4", "P29_007": "1", "P29_008": "00", "P29_009": null }, "geometry": { "type": "Point", "coordinates": [ 130.922771461601059, 33.894596344778499 ] } },
{ "type": "Feature", "properties": { "P29_001": "40133", "P29_002": "B140313000013", "P29_003": "16001", "P29_004": "福岡雙葉小学校", "P29_005": "福岡県福岡市中央区御所ヶ谷7-1", "P29_006": "4", "P29_007": "1", "P29_008": "00", "P29_009": null }, "geometry": { "type": "Point", "coordinates": [ 130.392532482496705, 33.574566797129044 ] } },
{ "type": "Feature", "properties": { "P29_001": "40134", "P29_002": "B140313000022", "P29_003": "16001", "P29_004": "福岡海星女子学院附属小学校", "P29_005": "福岡県福岡市南区老司5-29-2", "P29_006": "4", "P29_007": "1", "P29_008": "00", "P29_009": null }, "geometry": { "type": "Point", "coordinates": [ 130.415676596828291, 33.524873026698202 ] } },
{ "type": "Feature", "properties": { "P29_001": "40137", "P29_002": "B140313000031", "P29_003": "16001", "P29_004": "西南学院小学校", "P29_005": "福岡県福岡市早良区百道浜1-1-2", "P29_006": "4", "P29_007": "1", "P29_008": "00", "P29_009": null }, "geometry": { "type": "Point", "coordinates": [ 130.356691329051415, 33.588924632248862 ] } },
{ "type": "Feature", "properties": { "P29_001": "40205", "P29_002": "B140320500013", "P29_003": "16001", "P29_004": "飯塚日新館小学校", "P29_005": "福岡県飯塚市柏の森56-9", "P29_006": "4", "P29_007": "1", "P29_008": "00", "P29_009": null }, "geometry": { "type": "Point", "coordinates": [ 130.704807764585894, 33.644882630131264 ] } },
{ "type": "Feature", "properties": { "P29_001": "40216", "P29_002": "B140321600010", "P29_003": "16001", "P29_004": "麻生学園小学校", "P29_005": "福岡県小郡市希みが丘3-1-2", "P29_006": "4", "P29_007": "1", "P29_008": "00", "P29_009": null }, "geometry": { "type": "Point", "coordinates": [ 130.536237969909251, 33.437121258663254 ] } },
{ "type": "Feature", "properties": { "P29_001": "40221", "P29_002": "B140322100013", "P29_003": "16001", "P29_004": "リンデンホールスクール小学部", "P29_005": "福岡県太宰府市五条6-16-58", "P29_006": "4", "P29_007": "1", "P29_008": "00", "P29_009": null }, "geometry": { "type": "Point", "coordinates": [ 130.529257629436984, 33.506316214090113 ] } }
]
}
