{
  "type": "FeatureCollection",
  "features": [
    {
      "type": "Feature",
      "geometry": {
        "type": "Point",
        "coordinates": [
          130.8745341,
          33.3966539
        ]
      },
      "properties": {
        "内容": "バス停: 大行司 (九州旅客鉄道)",
        "name": "大行司",
        "operator": "九州旅客鉄道",
        "ref": "",
        "url": "",
        "url2": "Q5209120"
      }
    },
    {
      "type": "Feature",
      "geometry": {
        "type": "Point",
        "coordinates": [
          130.8691248,
          33.5002098
        ]
      },
      "properties": {
        "内容": "バス停: 彦山 (九州旅客鉄道)",
        "name": "彦山",
        "operator": "九州旅客鉄道",
        "ref": "",
        "url": "",
        "url2": "Q5760676"
      }
    },
    {
      "type": "Feature",
      "geometry": {
        "type": "Point",
        "coordinates": [
          130.8813428,
          33.4307983
        ]
      },
      "properties": {
        "内容": "バス停: 筑前岩屋 (九州旅客鉄道)",
        "name": "筑前岩屋",
        "operator": "九州旅客鉄道",
        "ref": "",
        "url": "",
        "url2": "Q5097528"
      }
    },
    {
      "type": "Feature",
      "geometry": {
        "type": "Point",
        "coordinates": [
          130.5108867,
          33.7737643
        ]
      },
      "properties": {
        "内容": "バス停: 名称不明バス停",
        "name": "名称不明バス停",
        "operator": "事業者不明",
        "ref": "",
        "url": "",
        "url2": ""
      }
    },
    {
      "type": "Feature",
      "geometry": {
        "type": "Point",
        "coordinates": [
          130.5110261,
          33.7744708
        ]
      },
      "properties": {
        "内容": "バス停: 名称不明バス停",
        "name": "名称不明バス停",
        "operator": "事業者不明",
        "ref": "",
        "url": "",
        "url2": ""
      }
    },
    {
      "type": "Feature",
      "geometry": {
        "type": "Point",
        "coordinates": [
          130.5149924,
          33.7736045
        ]
      },
      "properties": {
        "内容": "バス停: 名称不明バス停",
        "name": "名称不明バス停",
        "operator": "事業者不明",
        "ref": "",
        "url": "",
        "url2": ""
      }
    },
    {
      "type": "Feature",
      "geometry": {
        "type": "Point",
        "coordinates": [
          130.5130377,
          33.7744574
        ]
      },
      "properties": {
        "内容": "バス停: 名称不明バス停",
        "name": "名称不明バス停",
        "operator": "事業者不明",
        "ref": "",
        "url": "",
        "url2": ""
      }
    },
    {
      "type": "Feature",
      "geometry": {
        "type": "Point",
        "coordinates": [
          130.3776335,
          33.5782385
        ]
      },
      "properties": {
        "内容": "バス停: 六本松(こんどう美容室)",
        "name": "六本松(こんどう美容室)",
        "operator": "事業者不明",
        "ref": "",
        "url": "",
        "url2": ""
      }
    },
    {
      "type": "Feature",
      "geometry": {
        "type": "Point",
        "coordinates": [
          130.3530242,
          33.5928436
        ]
      },
      "properties": {
        "内容": "バス停: 福岡タワー(TNC放送会館前) (西日本鉄道)",
        "name": "福岡タワー(TNC放送会館前)",
        "operator": "西日本鉄道",
        "ref": "",
        "url": "",
        "url2": ""
      }
    },
    {
      "type": "Feature",
      "geometry": {
        "type": "Point",
        "coordinates": [
          130.3779229,
          33.577806
        ]
      },
      "properties": {
        "内容": "バス停: 六本松 (西日本鉄道)",
        "name": "六本松",
        "operator": "西日本鉄道",
        "ref": "",
        "url": "",
        "url2": ""
      }
    },
    {
      "type": "Feature",
      "geometry": {
        "type": "Point",
        "coordinates": [
          130.3751451,
          33.5765384
        ]
      },
      "properties": {
        "内容": "バス停: 別府橋",
        "name": "別府橋",
        "operator": "事業者不明",
        "ref": "",
        "url": "",
        "url2": ""
      }
    },
    {
      "type": "Feature",
      "geometry": {
        "type": "Point",
        "coordinates": [
          130.3795343,
          33.5786583
        ]
      },
      "properties": {
        "内容": "バス停: 六本松大通り (西日本鉄道)",
        "name": "六本松大通り",
        "operator": "西日本鉄道",
        "ref": "",
        "url": "",
        "url2": ""
      }
    },
    {
      "type": "Feature",
      "geometry": {
        "type": "Point",
        "coordinates": [
          130.3814262,
          33.5825569
        ]
      },
      "properties": {
        "内容": "バス停: 福岡城・NHK放送センター入口 (西日本鉄道)",
        "name": "福岡城・NHK放送センター入口",
        "operator": "西日本鉄道",
        "ref": "",
        "url": "",
        "url2": ""
      }
    },
    {
      "type": "Feature",
      "geometry": {
        "type": "Point",
        "coordinates": [
          130.381438,
          33.5849863
        ]
      },
      "properties": {
        "内容": "バス停: 福岡市美術館東口 (西日本鉄道)",
        "name": "福岡市美術館東口",
        "operator": "西日本鉄道",
        "ref": "",
        "url": "",
        "url2": ""
      }
    },
    {
      "type": "Feature",
      "geometry": {
        "type": "Point",
        "coordinates": [
          130.3969978,
          33.580608
        ]
      },
      "properties": {
        "内容": "バス停: 名称不明バス停",
        "name": "名称不明バス停",
        "operator": "事業者不明",
        "ref": "",
        "url": "",
        "url2": ""
      }
    },
    {
      "type": "Feature",
      "geometry": {
        "type": "Point",
        "coordinates": [
          130.3911166,
          33.5730716
        ]
      },
      "properties": {
        "内容": "バス停: 名称不明バス停 (西鉄バス)",
        "name": "名称不明バス停",
        "operator": "西鉄バス",
        "ref": "",
        "url": "",
        "url2": ""
      }
    },
    {
      "type": "Feature",
      "geometry": {
        "type": "Point",
        "coordinates": [
          130.3909118,
          33.572803
        ]
      },
      "properties": {
        "内容": "バス停: 名称不明バス停",
        "name": "名称不明バス停",
        "operator": "事業者不明",
        "ref": "",
        "url": "",
        "url2": ""
      }
    },
    {
      "type": "Feature",
      "geometry": {
        "type": "Point",
        "coordinates": [
          130.397959,
          33.581134
        ]
      },
      "properties": {
        "内容": "バス停: 薬院大通",
        "name": "薬院大通",
        "operator": "事業者不明",
        "ref": "",
        "url": "",
        "url2": ""
      }
    },
    {
      "type": "Feature",
      "geometry": {
        "type": "Point",
        "coordinates": [
          130.4698913,
          33.5363885
        ]
      },
      "properties": {
        "内容": "バス停: 北町四丁目",
        "name": "北町四丁目",
        "operator": "事業者不明",
        "ref": "",
        "url": "",
        "url2": ""
      }
    },
    {
      "type": "Feature",
      "geometry": {
        "type": "Point",
        "coordinates": [
          130.5322961,
          33.4847116
        ]
      },
      "properties": {
        "内容": "バス停: 朝倉街道",
        "name": "朝倉街道",
        "operator": "事業者不明",
        "ref": "",
        "url": "",
        "url2": ""
      }
    },
    {
      "type": "Feature",
      "geometry": {
        "type": "Point",
        "coordinates": [
          130.439891,
          33.6492956
        ]
      },
      "properties": {
        "内容": "バス停: 千早駅",
        "name": "千早駅",
        "operator": "事業者不明",
        "ref": "",
        "url": "",
        "url2": ""
      }
    },
    {
      "type": "Feature",
      "geometry": {
        "type": "Point",
        "coordinates": [
          130.5214557,
          33.3128257
        ]
      },
      "properties": {
        "内容": "バス停: 西鉄久留米",
        "name": "西鉄久留米",
        "operator": "事業者不明",
        "ref": "",
        "url": "",
        "url2": ""
      }
    },
    {
      "type": "Feature",
      "geometry": {
        "type": "Point",
        "coordinates": [
          130.4318487,
          33.657224
        ]
      },
      "properties": {
        "内容": "バス停: 留学生会館前",
        "name": "留学生会館前",
        "operator": "事業者不明",
        "ref": "",
        "url": "",
        "url2": ""
      }
    },
    {
      "type": "Feature",
      "geometry": {
        "type": "Point",
        "coordinates": [
          130.3563782,
          33.5926474
        ]
      },
      "properties": {
        "内容": "バス停: 医師会館・ソフトリサーチパーク前",
        "name": "医師会館・ソフトリサーチパーク前",
        "operator": "事業者不明",
        "ref": "",
        "url": "",
        "url2": ""
      }
    },
    {
      "type": "Feature",
      "geometry": {
        "type": "Point",
        "coordinates": [
          130.8553133,
          33.8062207
        ]
      },
      "properties": {
        "内容": "バス停: 名称不明バス停",
        "name": "名称不明バス停",
        "operator": "事業者不明",
        "ref": "",
        "url": "",
        "url2": ""
      }
    },
    {
      "type": "Feature",
      "geometry": {
        "type": "Point",
        "coordinates": [
          130.5353198,
          33.5161035
        ]
      },
      "properties": {
        "内容": "バス停: 九州国立博物館前 (西鉄バス)",
        "name": "九州国立博物館前",
        "operator": "西鉄バス",
        "ref": "",
        "url": "",
        "url2": ""
      }
    },
    {
      "type": "Feature",
      "geometry": {
        "type": "Point",
        "coordinates": [
          130.5385732,
          33.5142344
        ]
      },
      "properties": {
        "内容": "バス停: 筑紫女学園大学前",
        "name": "筑紫女学園大学前",
        "operator": "事業者不明",
        "ref": "",
        "url": "",
        "url2": ""
      }
    },
    {
      "type": "Feature",
      "geometry": {
        "type": "Point",
        "coordinates": [
          130.5273747,
          33.5135913
        ]
      },
      "properties": {
        "内容": "バス停: 五条(郵便局前) (太宰府市コミュニティバス)",
        "name": "五条(郵便局前)",
        "operator": "太宰府市コミュニティバス",
        "ref": "",
        "url": "",
        "url2": ""
      }
    },
    {
      "type": "Feature",
      "geometry": {
        "type": "Point",
        "coordinates": [
          130.5310686,
          33.5190464
        ]
      },
      "properties": {
        "内容": "バス停: 西鉄太宰府駅 (太宰府市コミュニティバス)",
        "name": "西鉄太宰府駅",
        "operator": "太宰府市コミュニティバス",
        "ref": "",
        "url": "",
        "url2": ""
      }
    },
    {
      "type": "Feature",
      "geometry": {
        "type": "Point",
        "coordinates": [
          130.5358515,
          33.5160448
        ]
      },
      "properties": {
        "内容": "バス停: 九州国立博物館前 (西鉄バス)",
        "name": "九州国立博物館前",
        "operator": "西鉄バス",
        "ref": "",
        "url": "",
        "url2": ""
      }
    },
    {
      "type": "Feature",
      "geometry": {
        "type": "Point",
        "coordinates": [
          130.7054199,
          33.7800452
        ]
      },
      "properties": {
        "内容": "バス停: 直方ＰＡ",
        "name": "直方ＰＡ",
        "operator": "事業者不明",
        "ref": "",
        "url": "",
        "url2": ""
      }
    },
    {
      "type": "Feature",
      "geometry": {
        "type": "Point",
        "coordinates": [
          130.5568442,
          33.312991
        ]
      },
      "properties": {
        "内容": "バス停: 旗崎 Hatazaki",
        "name": "旗崎 Hatazaki",
        "operator": "事業者不明",
        "ref": "",
        "url": "",
        "url2": ""
      }
    },
    {
      "type": "Feature",
      "geometry": {
        "type": "Point",
        "coordinates": [
          130.551286,
          33.3124353
        ]
      },
      "properties": {
        "内容": "バス停: 合川",
        "name": "合川",
        "operator": "事業者不明",
        "ref": "",
        "url": "",
        "url2": ""
      }
    },
    {
      "type": "Feature",
      "geometry": {
        "type": "Point",
        "coordinates": [
          130.5573432,
          33.3129925
        ]
      },
      "properties": {
        "内容": "バス停: 旗崎 Hatazaki",
        "name": "旗崎 Hatazaki",
        "operator": "事業者不明",
        "ref": "",
        "url": "",
        "url2": ""
      }
    },
    {
      "type": "Feature",
      "geometry": {
        "type": "Point",
        "coordinates": [
          130.7656647,
          33.8899145
        ]
      },
      "properties": {
        "内容": "バス停: 名称不明バス停",
        "name": "名称不明バス停",
        "operator": "事業者不明",
        "ref": "",
        "url": "",
        "url2": ""
      }
    },
    {
      "type": "Feature",
      "geometry": {
        "type": "Point",
        "coordinates": [
          130.4361286,
          33.6966365
        ]
      },
      "properties": {
        "内容": "バス停: 福工大前",
        "name": "福工大前",
        "operator": "事業者不明",
        "ref": "",
        "url": "",
        "url2": ""
      }
    },
    {
      "type": "Feature",
      "geometry": {
        "type": "Point",
        "coordinates": [
          130.2275709,
          33.5950589
        ]
      },
      "properties": {
        "内容": "バス停: 西消防署元岡出張所前 (昭和自動車)",
        "name": "西消防署元岡出張所前",
        "operator": "昭和自動車",
        "ref": "",
        "url": "",
        "url2": ""
      }
    },
    {
      "type": "Feature",
      "geometry": {
        "type": "Point",
        "coordinates": [
          130.2220789,
          33.5977768
        ]
      },
      "properties": {
        "内容": "バス停: 九大ビッグオレンジ (昭和自動車)",
        "name": "九大ビッグオレンジ",
        "operator": "昭和自動車",
        "ref": "",
        "url": "",
        "url2": ""
      }
    },
    {
      "type": "Feature",
      "geometry": {
        "type": "Point",
        "coordinates": [
          130.222559,
          33.5956893
        ]
      },
      "properties": {
        "内容": "バス停: 総合体育館 (aimo)",
        "name": "総合体育館",
        "operator": "aimo",
        "ref": "24",
        "url": "",
        "url2": ""
      }
    },
    {
      "type": "Feature",
      "geometry": {
        "type": "Point",
        "coordinates": [
          130.2240925,
          33.5968644
        ]
      },
      "properties": {
        "内容": "バス停: センター2号館 (aimo)",
        "name": "センター2号館",
        "operator": "aimo",
        "ref": "23",
        "url": "",
        "url2": ""
      }
    },
    {
      "type": "Feature",
      "geometry": {
        "type": "Point",
        "coordinates": [
          130.2219562,
          33.5968833
        ]
      },
      "properties": {
        "内容": "バス停: ビッグさんど (aimo)",
        "name": "ビッグさんど",
        "operator": "aimo",
        "ref": "21",
        "url": "",
        "url2": ""
      }
    },
    {
      "type": "Feature",
      "geometry": {
        "type": "Point",
        "coordinates": [
          130.2235884,
          33.598177
        ]
      },
      "properties": {
        "内容": "バス停: 九大ビックオレンジ (昭和自動車)",
        "name": "九大ビックオレンジ",
        "operator": "昭和自動車",
        "ref": "",
        "url": "",
        "url2": ""
      }
    },
    {
      "type": "Feature",
      "geometry": {
        "type": "Point",
        "coordinates": [
          130.2101969,
          33.599412
        ]
      },
      "properties": {
        "内容": "バス停: 九大総合グラウンド (昭和自動車)",
        "name": "九大総合グラウンド",
        "operator": "昭和自動車",
        "ref": "",
        "url": "",
        "url2": ""
      }
    },
    {
      "type": "Feature",
      "geometry": {
        "type": "Point",
        "coordinates": [
          130.570111,
          33.8087051
        ]
      },
      "properties": {
        "内容": "バス停: 赤間駅北口 (西日本鉄道;西鉄バス宗像)",
        "name": "赤間駅北口",
        "operator": "西日本鉄道;西鉄バス宗像",
        "ref": "",
        "url": "",
        "url2": ""
      }
    },
    {
      "type": "Feature",
      "geometry": {
        "type": "Point",
        "coordinates": [
          130.5342271,
          33.3117683
        ]
      },
      "properties": {
        "内容": "バス停: 久留米総合庁舎前",
        "name": "久留米総合庁舎前",
        "operator": "事業者不明",
        "ref": "",
        "url": "",
        "url2": ""
      }
    },
    {
      "type": "Feature",
      "geometry": {
        "type": "Point",
        "coordinates": [
          130.5273682,
          33.3146331
        ]
      },
      "properties": {
        "内容": "バス停: 五穀神社",
        "name": "五穀神社",
        "operator": "事業者不明",
        "ref": "",
        "url": "",
        "url2": ""
      }
    },
    {
      "type": "Feature",
      "geometry": {
        "type": "Point",
        "coordinates": [
          130.5386927,
          33.3107102
        ]
      },
      "properties": {
        "内容": "バス停: 十三部",
        "name": "十三部",
        "operator": "事業者不明",
        "ref": "",
        "url": "",
        "url2": ""
      }
    },
    {
      "type": "Feature",
      "geometry": {
        "type": "Point",
        "coordinates": [
          130.5428741,
          33.3101559
        ]
      },
      "properties": {
        "内容": "バス停: 千本杉",
        "name": "千本杉",
        "operator": "事業者不明",
        "ref": "",
        "url": "",
        "url2": ""
      }
    },
    {
      "type": "Feature",
      "geometry": {
        "type": "Point",
        "coordinates": [
          130.5307582,
          33.3133289
        ]
      },
      "properties": {
        "内容": "バス停: 文化センター前",
        "name": "文化センター前",
        "operator": "事業者不明",
        "ref": "",
        "url": "",
        "url2": ""
      }
    },
    {
      "type": "Feature",
      "geometry": {
        "type": "Point",
        "coordinates": [
          130.5363267,
          33.311123
        ]
      },
      "properties": {
        "内容": "バス停: 高良川",
        "name": "高良川",
        "operator": "事業者不明",
        "ref": "",
        "url": "",
        "url2": ""
      }
    },
    {
      "type": "Feature",
      "geometry": {
        "type": "Point",
        "coordinates": [
          130.5133076,
          33.3142442
        ]
      },
      "properties": {
        "内容": "バス停: 六つ門",
        "name": "六つ門",
        "operator": "事業者不明",
        "ref": "",
        "url": "",
        "url2": ""
      }
    },
    {
      "type": "Feature",
      "geometry": {
        "type": "Point",
        "coordinates": [
          130.5100036,
          33.3151421
        ]
      },
      "properties": {
        "内容": "バス停: 本町",
        "name": "本町",
        "operator": "事業者不明",
        "ref": "",
        "url": "",
        "url2": ""
      }
    },
    {
      "type": "Feature",
      "geometry": {
        "type": "Point",
        "coordinates": [
          130.5066078,
          33.3160101
        ]
      },
      "properties": {
        "内容": "バス停: 荘島",
        "name": "荘島",
        "operator": "事業者不明",
        "ref": "",
        "url": "",
        "url2": ""
      }
    },
    {
      "type": "Feature",
      "geometry": {
        "type": "Point",
        "coordinates": [
          130.5626633,
          33.3131227
        ]
      },
      "properties": {
        "内容": "バス停: 御井駅前",
        "name": "御井駅前",
        "operator": "事業者不明",
        "ref": "",
        "url": "",
        "url2": ""
      }
    },
    {
      "type": "Feature",
      "geometry": {
        "type": "Point",
        "coordinates": [
          130.504153,
          33.5701442
        ]
      },
      "properties": {
        "内容": "バス停: 宇美",
        "name": "宇美",
        "operator": "事業者不明",
        "ref": "",
        "url": "",
        "url2": ""
      }
    },
    {
      "type": "Feature",
      "geometry": {
        "type": "Point",
        "coordinates": [
          130.503666,
          33.5703779
        ]
      },
      "properties": {
        "内容": "バス停: 宇美",
        "name": "宇美",
        "operator": "事業者不明",
        "ref": "",
        "url": "",
        "url2": ""
      }
    },
    {
      "type": "Feature",
      "geometry": {
        "type": "Point",
        "coordinates": [
          130.7330726,
          33.3451051
        ]
      },
      "properties": {
        "内容": "バス停: 浮羽究真館高校前",
        "name": "浮羽究真館高校前",
        "operator": "事業者不明",
        "ref": "",
        "url": "",
        "url2": ""
      }
    },
    {
      "type": "Feature",
      "geometry": {
        "type": "Point",
        "coordinates": [
          130.7322415,
          33.3452389
        ]
      },
      "properties": {
        "内容": "バス停: 浮羽究真館高校前",
        "name": "浮羽究真館高校前",
        "operator": "事業者不明",
        "ref": "",
        "url": "",
        "url2": ""
      }
    },
    {
      "type": "Feature",
      "geometry": {
        "type": "Point",
        "coordinates": [
          130.698781,
          33.3449138
        ]
      },
      "properties": {
        "内容": "バス停: 上田主丸",
        "name": "上田主丸",
        "operator": "事業者不明",
        "ref": "",
        "url": "",
        "url2": ""
      }
    },
    {
      "type": "Feature",
      "geometry": {
        "type": "Point",
        "coordinates": [
          130.6996164,
          33.345044
        ]
      },
      "properties": {
        "内容": "バス停: 上田主丸",
        "name": "上田主丸",
        "operator": "事業者不明",
        "ref": "",
        "url": "",
        "url2": ""
      }
    },
    {
      "type": "Feature",
      "geometry": {
        "type": "Point",
        "coordinates": [
          130.7207509,
          33.3457909
        ]
      },
      "properties": {
        "内容": "バス停: 徳童",
        "name": "徳童",
        "operator": "事業者不明",
        "ref": "",
        "url": "",
        "url2": ""
      }
    },
    {
      "type": "Feature",
      "geometry": {
        "type": "Point",
        "coordinates": [
          130.7201068,
          33.3458256
        ]
      },
      "properties": {
        "内容": "バス停: 徳童",
        "name": "徳童",
        "operator": "事業者不明",
        "ref": "",
        "url": "",
        "url2": ""
      }
    },
    {
      "type": "Feature",
      "geometry": {
        "type": "Point",
        "coordinates": [
          130.7249365,
          33.3456592
        ]
      },
      "properties": {
        "内容": "バス停: 樋の口",
        "name": "樋の口",
        "operator": "事業者不明",
        "ref": "",
        "url": "",
        "url2": ""
      }
    },
    {
      "type": "Feature",
      "geometry": {
        "type": "Point",
        "coordinates": [
          130.7256287,
          33.3457418
        ]
      },
      "properties": {
        "内容": "バス停: 樋の口",
        "name": "樋の口",
        "operator": "事業者不明",
        "ref": "",
        "url": "",
        "url2": ""
      }
    },
    {
      "type": "Feature",
      "geometry": {
        "type": "Point",
        "coordinates": [
          130.7075729,
          33.3459871
        ]
      },
      "properties": {
        "内容": "バス停: 殖木",
        "name": "殖木",
        "operator": "事業者不明",
        "ref": "",
        "url": "",
        "url2": ""
      }
    },
    {
      "type": "Feature",
      "geometry": {
        "type": "Point",
        "coordinates": [
          130.7077929,
          33.346049
        ]
      },
      "properties": {
        "内容": "バス停: 殖木",
        "name": "殖木",
        "operator": "事業者不明",
        "ref": "",
        "url": "",
        "url2": ""
      }
    },
    {
      "type": "Feature",
      "geometry": {
        "type": "Point",
        "coordinates": [
          130.7137197,
          33.3455337
        ]
      },
      "properties": {
        "内容": "バス停: 蔵町松原",
        "name": "蔵町松原",
        "operator": "事業者不明",
        "ref": "",
        "url": "",
        "url2": ""
      }
    },
    {
      "type": "Feature",
      "geometry": {
        "type": "Point",
        "coordinates": [
          130.7137506,
          33.3456344
        ]
      },
      "properties": {
        "内容": "バス停: 蔵町松原",
        "name": "蔵町松原",
        "operator": "事業者不明",
        "ref": "",
        "url": "",
        "url2": ""
      }
    },
    {
      "type": "Feature",
      "geometry": {
        "type": "Point",
        "coordinates": [
          130.6841364,
          33.3426776
        ]
      },
      "properties": {
        "内容": "バス停: 下田主丸",
        "name": "下田主丸",
        "operator": "事業者不明",
        "ref": "",
        "url": "",
        "url2": ""
      }
    },
    {
      "type": "Feature",
      "geometry": {
        "type": "Point",
        "coordinates": [
          130.6850599,
          33.3428415
        ]
      },
      "properties": {
        "内容": "バス停: 下田主丸",
        "name": "下田主丸",
        "operator": "事業者不明",
        "ref": "",
        "url": "",
        "url2": ""
      }
    },
    {
      "type": "Feature",
      "geometry": {
        "type": "Point",
        "coordinates": [
          130.6953801,
          33.3442956
        ]
      },
      "properties": {
        "内容": "バス停: 浮羽工業高校前",
        "name": "浮羽工業高校前",
        "operator": "事業者不明",
        "ref": "",
        "url": "",
        "url2": ""
      }
    },
    {
      "type": "Feature",
      "geometry": {
        "type": "Point",
        "coordinates": [
          130.6961119,
          33.344292
        ]
      },
      "properties": {
        "内容": "バス停: 浮羽工業高校前",
        "name": "浮羽工業高校前",
        "operator": "事業者不明",
        "ref": "",
        "url": "",
        "url2": ""
      }
    },
    {
      "type": "Feature",
      "geometry": {
        "type": "Point",
        "coordinates": [
          130.6907256,
          33.34334
        ]
      },
      "properties": {
        "内容": "バス停: 田主丸中央",
        "name": "田主丸中央",
        "operator": "事業者不明",
        "ref": "",
        "url": "",
        "url2": ""
      }
    },
    {
      "type": "Feature",
      "geometry": {
        "type": "Point",
        "coordinates": [
          130.6902955,
          33.3434233
        ]
      },
      "properties": {
        "内容": "バス停: 田主丸中央",
        "name": "田主丸中央",
        "operator": "事業者不明",
        "ref": "",
        "url": "",
        "url2": ""
      }
    },
    {
      "type": "Feature",
      "geometry": {
        "type": "Point",
        "coordinates": [
          130.6925053,
          33.3393028
        ]
      },
      "properties": {
        "内容": "バス停: 田主丸駅前",
        "name": "田主丸駅前",
        "operator": "事業者不明",
        "ref": "",
        "url": "",
        "url2": ""
      }
    },
    {
      "type": "Feature",
      "geometry": {
        "type": "Point",
        "coordinates": [
          130.6773539,
          33.3422273
        ]
      },
      "properties": {
        "内容": "バス停: 上原",
        "name": "上原",
        "operator": "事業者不明",
        "ref": "",
        "url": "",
        "url2": ""
      }
    },
    {
      "type": "Feature",
      "geometry": {
        "type": "Point",
        "coordinates": [
          130.6598983,
          33.3410728
        ]
      },
      "properties": {
        "内容": "バス停: 唐島",
        "name": "唐島",
        "operator": "事業者不明",
        "ref": "",
        "url": "",
        "url2": ""
      }
    },
    {
      "type": "Feature",
      "geometry": {
        "type": "Point",
        "coordinates": [
          130.6612604,
          33.341117
        ]
      },
      "properties": {
        "内容": "バス停: 唐島",
        "name": "唐島",
        "operator": "事業者不明",
        "ref": "",
        "url": "",
        "url2": ""
      }
    },
    {
      "type": "Feature",
      "geometry": {
        "type": "Point",
        "coordinates": [
          130.6493819,
          33.3390172
        ]
      },
      "properties": {
        "内容": "バス停: 牧",
        "name": "牧",
        "operator": "事業者不明",
        "ref": "",
        "url": "",
        "url2": ""
      }
    },
    {
      "type": "Feature",
      "geometry": {
        "type": "Point",
        "coordinates": [
          130.6724874,
          33.3419812
        ]
      },
      "properties": {
        "内容": "バス停: 門の上",
        "name": "門の上",
        "operator": "事業者不明",
        "ref": "",
        "url": "",
        "url2": ""
      }
    },
    {
      "type": "Feature",
      "geometry": {
        "type": "Point",
        "coordinates": [
          130.6722648,
          33.3420567
        ]
      },
      "properties": {
        "内容": "バス停: 門の上",
        "name": "門の上",
        "operator": "事業者不明",
        "ref": "",
        "url": "",
        "url2": ""
      }
    },
    {
      "type": "Feature",
      "geometry": {
        "type": "Point",
        "coordinates": [
          130.6271192,
          33.3276019
        ]
      },
      "properties": {
        "内容": "バス停: ローソン常持店前",
        "name": "ローソン常持店前",
        "operator": "事業者不明",
        "ref": "",
        "url": "",
        "url2": ""
      }
    },
    {
      "type": "Feature",
      "geometry": {
        "type": "Point",
        "coordinates": [
          130.6148289,
          33.3248872
        ]
      },
      "properties": {
        "内容": "バス停: 勿体島",
        "name": "勿体島",
        "operator": "事業者不明",
        "ref": "",
        "url": "",
        "url2": ""
      }
    },
    {
      "type": "Feature",
      "geometry": {
        "type": "Point",
        "coordinates": [
          130.6155344,
          33.325096
        ]
      },
      "properties": {
        "内容": "バス停: 勿体島",
        "name": "勿体島",
        "operator": "事業者不明",
        "ref": "",
        "url": "",
        "url2": ""
      }
    },
    {
      "type": "Feature",
      "geometry": {
        "type": "Point",
        "coordinates": [
          130.6371087,
          33.3326655
        ]
      },
      "properties": {
        "内容": "バス停: 合楽団地前",
        "name": "合楽団地前",
        "operator": "事業者不明",
        "ref": "",
        "url": "",
        "url2": ""
      }
    },
    {
      "type": "Feature",
      "geometry": {
        "type": "Point",
        "coordinates": [
          130.6377122,
          33.3330774
        ]
      },
      "properties": {
        "内容": "バス停: 合楽団地前",
        "name": "合楽団地前",
        "operator": "事業者不明",
        "ref": "",
        "url": "",
        "url2": ""
      }
    },
    {
      "type": "Feature",
      "geometry": {
        "type": "Point",
        "coordinates": [
          130.6056396,
          33.3235778
        ]
      },
      "properties": {
        "内容": "バス停: 善導寺",
        "name": "善導寺",
        "operator": "事業者不明",
        "ref": "",
        "url": "",
        "url2": ""
      }
    },
    {
      "type": "Feature",
      "geometry": {
        "type": "Point",
        "coordinates": [
          130.6064695,
          33.3239045
        ]
      },
      "properties": {
        "内容": "バス停: 善導寺",
        "name": "善導寺",
        "operator": "事業者不明",
        "ref": "",
        "url": "",
        "url2": ""
      }
    },
    {
      "type": "Feature",
      "geometry": {
        "type": "Point",
        "coordinates": [
          130.6457581,
          33.3377824
        ]
      },
      "properties": {
        "内容": "バス停: 川崎",
        "name": "川崎",
        "operator": "事業者不明",
        "ref": "",
        "url": "",
        "url2": ""
      }
    },
    {
      "type": "Feature",
      "geometry": {
        "type": "Point",
        "coordinates": [
          130.6338424,
          33.3308011
        ]
      },
      "properties": {
        "内容": "バス停: 常持",
        "name": "常持",
        "operator": "事業者不明",
        "ref": "",
        "url": "",
        "url2": ""
      }
    },
    {
      "type": "Feature",
      "geometry": {
        "type": "Point",
        "coordinates": [
          130.6342226,
          33.3311107
        ]
      },
      "properties": {
        "内容": "バス停: 常持",
        "name": "常持",
        "operator": "事業者不明",
        "ref": "",
        "url": "",
        "url2": ""
      }
    },
    {
      "type": "Feature",
      "geometry": {
        "type": "Point",
        "coordinates": [
          130.624567,
          33.3265082
        ]
      },
      "properties": {
        "内容": "バス停: 椛目",
        "name": "椛目",
        "operator": "事業者不明",
        "ref": "",
        "url": "",
        "url2": ""
      }
    },
    {
      "type": "Feature",
      "geometry": {
        "type": "Point",
        "coordinates": [
          130.6248935,
          33.3265164
        ]
      },
      "properties": {
        "内容": "バス停: 椛目",
        "name": "椛目",
        "operator": "事業者不明",
        "ref": "",
        "url": "",
        "url2": ""
      }
    },
    {
      "type": "Feature",
      "geometry": {
        "type": "Point",
        "coordinates": [
          130.6012376,
          33.322297
        ]
      },
      "properties": {
        "内容": "バス停: 与田",
        "name": "与田",
        "operator": "事業者不明",
        "ref": "",
        "url": "",
        "url2": ""
      }
    },
    {
      "type": "Feature",
      "geometry": {
        "type": "Point",
        "coordinates": [
          130.6018426,
          33.322509
        ]
      },
      "properties": {
        "内容": "バス停: 与田",
        "name": "与田",
        "operator": "事業者不明",
        "ref": "",
        "url": "",
        "url2": ""
      }
    },
    {
      "type": "Feature",
      "geometry": {
        "type": "Point",
        "coordinates": [
          130.5841003,
          33.3174813
        ]
      },
      "properties": {
        "内容": "バス停: 太郎原",
        "name": "太郎原",
        "operator": "事業者不明",
        "ref": "",
        "url": "",
        "url2": ""
      }
    },
    {
      "type": "Feature",
      "geometry": {
        "type": "Point",
        "coordinates": [
          130.5836047,
          33.3175958
        ]
      },
      "properties": {
        "内容": "バス停: 太郎原",
        "name": "太郎原",
        "operator": "事業者不明",
        "ref": "",
        "url": "",
        "url2": ""
      }
    },
    {
      "type": "Feature",
      "geometry": {
        "type": "Point",
        "coordinates": [
          130.5613531,
          33.3130566
        ]
      },
      "properties": {
        "内容": "バス停: 御井駅前",
        "name": "御井駅前",
        "operator": "事業者不明",
        "ref": "",
        "url": "",
        "url2": ""
      }
    },
    {
      "type": "Feature",
      "geometry": {
        "type": "Point",
        "coordinates": [
          130.5775302,
          33.3161283
        ]
      },
      "properties": {
        "内容": "バス停: 日野曽根",
        "name": "日野曽根",
        "operator": "事業者不明",
        "ref": "",
        "url": "",
        "url2": ""
      }
    },
    {
      "type": "Feature",
      "geometry": {
        "type": "Point",
        "coordinates": [
          130.5907993,
          33.31906
        ]
      },
      "properties": {
        "内容": "バス停: 津遊川",
        "name": "津遊川",
        "operator": "事業者不明",
        "ref": "",
        "url": "",
        "url2": ""
      }
    },
    {
      "type": "Feature",
      "geometry": {
        "type": "Point",
        "coordinates": [
          130.5917806,
          33.3193946
        ]
      },
      "properties": {
        "内容": "バス停: 津遊川",
        "name": "津遊川",
        "operator": "事業者不明",
        "ref": "",
        "url": "",
        "url2": ""
      }
    },
    {
      "type": "Feature",
      "geometry": {
        "type": "Point",
        "coordinates": [
          130.5706046,
          33.314382
        ]
      },
      "properties": {
        "内容": "バス停: 筑水高校前",
        "name": "筑水高校前",
        "operator": "事業者不明",
        "ref": "",
        "url": "",
        "url2": ""
      }
    },
    {
      "type": "Feature",
      "geometry": {
        "type": "Point",
        "coordinates": [
          130.5719162,
          33.3147763
        ]
      },
      "properties": {
        "内容": "バス停: 筑水高校前",
        "name": "筑水高校前",
        "operator": "事業者不明",
        "ref": "",
        "url": "",
        "url2": ""
      }
    },
    {
      "type": "Feature",
      "geometry": {
        "type": "Point",
        "coordinates": [
          130.5952648,
          33.3204436
        ]
      },
      "properties": {
        "内容": "バス停: 緑化センター前",
        "name": "緑化センター前",
        "operator": "事業者不明",
        "ref": "",
        "url": "",
        "url2": ""
      }
    },
    {
      "type": "Feature",
      "geometry": {
        "type": "Point",
        "coordinates": [
          130.5963352,
          33.3206776
        ]
      },
      "properties": {
        "内容": "バス停: 緑化センター前",
        "name": "緑化センター前",
        "operator": "事業者不明",
        "ref": "",
        "url": "",
        "url2": ""
      }
    },
    {
      "type": "Feature",
      "geometry": {
        "type": "Point",
        "coordinates": [
          130.5666706,
          33.3135141
        ]
      },
      "properties": {
        "内容": "バス停: 追分",
        "name": "追分",
        "operator": "事業者不明",
        "ref": "",
        "url": "",
        "url2": ""
      }
    },
    {
      "type": "Feature",
      "geometry": {
        "type": "Point",
        "coordinates": [
          130.5658038,
          33.3135178
        ]
      },
      "properties": {
        "内容": "バス停: 追分",
        "name": "追分",
        "operator": "事業者不明",
        "ref": "",
        "url": "",
        "url2": ""
      }
    },
    {
      "type": "Feature",
      "geometry": {
        "type": "Point",
        "coordinates": [
          130.5092222,
          33.3185307
        ]
      },
      "properties": {
        "内容": "バス停: 市役所前",
        "name": "市役所前",
        "operator": "事業者不明",
        "ref": "",
        "url": "",
        "url2": ""
      }
    },
    {
      "type": "Feature",
      "geometry": {
        "type": "Point",
        "coordinates": [
          130.5087749,
          33.3188831
        ]
      },
      "properties": {
        "内容": "バス停: 市役所前",
        "name": "市役所前",
        "operator": "事業者不明",
        "ref": "",
        "url": "",
        "url2": ""
      }
    },
    {
      "type": "Feature",
      "geometry": {
        "type": "Point",
        "coordinates": [
          130.5537241,
          33.3064345
        ]
      },
      "properties": {
        "内容": "バス停: 御井町",
        "name": "御井町",
        "operator": "事業者不明",
        "ref": "",
        "url": "",
        "url2": ""
      }
    },
    {
      "type": "Feature",
      "geometry": {
        "type": "Point",
        "coordinates": [
          130.5231936,
          33.6293821
        ]
      },
      "properties": {
        "内容": "バス停: 篠栗北",
        "name": "篠栗北",
        "operator": "事業者不明",
        "ref": "",
        "url": "",
        "url2": ""
      }
    },
    {
      "type": "Feature",
      "geometry": {
        "type": "Point",
        "coordinates": [
          130.5228037,
          33.6316913
        ]
      },
      "properties": {
        "内容": "バス停: 篠栗北",
        "name": "篠栗北",
        "operator": "事業者不明",
        "ref": "",
        "url": "",
        "url2": ""
      }
    },
    {
      "type": "Feature",
      "geometry": {
        "type": "Point",
        "coordinates": [
          130.4188964,
          33.5892127
        ]
      },
      "properties": {
        "内容": "バス停: 博多駅前B,C (西日本鉄道)",
        "name": "博多駅前B,C",
        "operator": "西日本鉄道",
        "ref": "",
        "url": "",
        "url2": ""
      }
    },
    {
      "type": "Feature",
      "geometry": {
        "type": "Point",
        "coordinates": [
          130.4185798,
          33.5899948
        ]
      },
      "properties": {
        "内容": "バス停: 博多駅センタービル前E (西日本鉄道)",
        "name": "博多駅センタービル前E",
        "operator": "西日本鉄道",
        "ref": "",
        "url": "",
        "url2": ""
      }
    },
    {
      "type": "Feature",
      "geometry": {
        "type": "Point",
        "coordinates": [
          130.4024483,
          33.6025308
        ]
      },
      "properties": {
        "内容": "バス停: 国際センターサンパレス前 (西日本鉄道)",
        "name": "国際センターサンパレス前",
        "operator": "西日本鉄道",
        "ref": "",
        "url": "",
        "url2": ""
      }
    },
    {
      "type": "Feature",
      "geometry": {
        "type": "Point",
        "coordinates": [
          130.4021237,
          33.6026495
        ]
      },
      "properties": {
        "内容": "バス停: 国際センターサンパレス前 (西日本鉄道)",
        "name": "国際センターサンパレス前",
        "operator": "西日本鉄道",
        "ref": "",
        "url": "",
        "url2": ""
      }
    },
    {
      "type": "Feature",
      "geometry": {
        "type": "Point",
        "coordinates": [
          130.9674073,
          33.9607974
        ]
      },
      "properties": {
        "内容": "バス停: 和布刈 (西日本鉄道)",
        "name": "和布刈",
        "operator": "西日本鉄道",
        "ref": "",
        "url": "",
        "url2": ""
      }
    },
    {
      "type": "Feature",
      "geometry": {
        "type": "Point",
        "coordinates": [
          130.4913869,
          33.5922301
        ]
      },
      "properties": {
        "内容": "バス停: 西原",
        "name": "西原",
        "operator": "事業者不明",
        "ref": "",
        "url": "",
        "url2": ""
      }
    },
    {
      "type": "Feature",
      "geometry": {
        "type": "Point",
        "coordinates": [
          130.4913455,
          33.5922929
        ]
      },
      "properties": {
        "内容": "バス停: 西原",
        "name": "西原",
        "operator": "事業者不明",
        "ref": "",
        "url": "",
        "url2": ""
      }
    },
    {
      "type": "Feature",
      "geometry": {
        "type": "Point",
        "coordinates": [
          130.4096529,
          33.6063857
        ]
      },
      "properties": {
        "内容": "バス停: 千鳥橋",
        "name": "千鳥橋",
        "operator": "事業者不明",
        "ref": "",
        "url": "",
        "url2": ""
      }
    },
    {
      "type": "Feature",
      "geometry": {
        "type": "Point",
        "coordinates": [
          130.4398641,
          33.6985552
        ]
      },
      "properties": {
        "内容": "バス停: JR福工大前",
        "name": "JR福工大前",
        "operator": "事業者不明",
        "ref": "",
        "url": "",
        "url2": ""
      }
    },
    {
      "type": "Feature",
      "geometry": {
        "type": "Point",
        "coordinates": [
          130.4450814,
          33.6996473
        ]
      },
      "properties": {
        "内容": "バス停: 八重洲団地口",
        "name": "八重洲団地口",
        "operator": "事業者不明",
        "ref": "",
        "url": "",
        "url2": ""
      }
    },
    {
      "type": "Feature",
      "geometry": {
        "type": "Point",
        "coordinates": [
          130.4450046,
          33.7001389
        ]
      },
      "properties": {
        "内容": "バス停: 八重洲団地口",
        "name": "八重洲団地口",
        "operator": "事業者不明",
        "ref": "",
        "url": "",
        "url2": ""
      }
    },
    {
      "type": "Feature",
      "geometry": {
        "type": "Point",
        "coordinates": [
          130.4959443,
          33.7538803
        ]
      },
      "properties": {
        "内容": "バス停: イオンモール福津前 (西日本鉄道)",
        "name": "イオンモール福津前",
        "operator": "西日本鉄道",
        "ref": "",
        "url": "",
        "url2": ""
      }
    },
    {
      "type": "Feature",
      "geometry": {
        "type": "Point",
        "coordinates": [
          130.4931488,
          33.7546848
        ]
      },
      "properties": {
        "内容": "バス停: イオンモール福津前 (西日本鉄道)",
        "name": "イオンモール福津前",
        "operator": "西日本鉄道",
        "ref": "",
        "url": "",
        "url2": ""
      }
    },
    {
      "type": "Feature",
      "geometry": {
        "type": "Point",
        "coordinates": [
          130.4444132,
          33.7107093
        ]
      },
      "properties": {
        "内容": "バス停: 福祉センター前",
        "name": "福祉センター前",
        "operator": "事業者不明",
        "ref": "",
        "url": "",
        "url2": ""
      }
    },
    {
      "type": "Feature",
      "geometry": {
        "type": "Point",
        "coordinates": [
          130.4438406,
          33.7109403
        ]
      },
      "properties": {
        "内容": "バス停: 福祉センター前",
        "name": "福祉センター前",
        "operator": "事業者不明",
        "ref": "",
        "url": "",
        "url2": ""
      }
    },
    {
      "type": "Feature",
      "geometry": {
        "type": "Point",
        "coordinates": [
          130.2150487,
          33.5953238
        ]
      },
      "properties": {
        "内容": "バス停: パブリック2号館(CF2) (aimo)",
        "name": "パブリック2号館(CF2)",
        "operator": "aimo",
        "ref": "11",
        "url": "",
        "url2": ""
      }
    },
    {
      "type": "Feature",
      "geometry": {
        "type": "Point",
        "coordinates": [
          130.2199206,
          33.5976057
        ]
      },
      "properties": {
        "内容": "バス停: 稲盛財団記念館 (aimo)",
        "name": "稲盛財団記念館",
        "operator": "aimo",
        "ref": "18",
        "url": "",
        "url2": ""
      }
    },
    {
      "type": "Feature",
      "geometry": {
        "type": "Point",
        "coordinates": [
          130.2171514,
          33.5959109
        ]
      },
      "properties": {
        "内容": "バス停: 工学部ロータリー (aimo)",
        "name": "工学部ロータリー",
        "operator": "aimo",
        "ref": "16",
        "url": "",
        "url2": ""
      }
    },
    {
      "type": "Feature",
      "geometry": {
        "type": "Point",
        "coordinates": [
          130.4237332,
          33.7178766
        ]
      },
      "properties": {
        "内容": "バス停: 相島渡船場",
        "name": "相島渡船場",
        "operator": "事業者不明",
        "ref": "",
        "url": "",
        "url2": ""
      }
    },
    {
      "type": "Feature",
      "geometry": {
        "type": "Point",
        "coordinates": [
          130.4417108,
          33.7020638
        ]
      },
      "properties": {
        "内容": "バス停: レインボーモータースクール前",
        "name": "レインボーモータースクール前",
        "operator": "事業者不明",
        "ref": "",
        "url": "",
        "url2": ""
      }
    },
    {
      "type": "Feature",
      "geometry": {
        "type": "Point",
        "coordinates": [
          130.4425146,
          33.7023278
        ]
      },
      "properties": {
        "内容": "バス停: レインボーモータースクール前",
        "name": "レインボーモータースクール前",
        "operator": "事業者不明",
        "ref": "",
        "url": "",
        "url2": ""
      }
    },
    {
      "type": "Feature",
      "geometry": {
        "type": "Point",
        "coordinates": [
          130.2292628,
          33.59391
        ]
      },
      "properties": {
        "内容": "バス停: 産学連携交流センター (昭和自動車)",
        "name": "産学連携交流センター",
        "operator": "昭和自動車",
        "ref": "",
        "url": "",
        "url2": ""
      }
    },
    {
      "type": "Feature",
      "geometry": {
        "type": "Point",
        "coordinates": [
          130.2261836,
          33.5949891
        ]
      },
      "properties": {
        "内容": "バス停: 山手 (昭和自動車)",
        "name": "山手",
        "operator": "昭和自動車",
        "ref": "",
        "url": "",
        "url2": ""
      }
    },
    {
      "type": "Feature",
      "geometry": {
        "type": "Point",
        "coordinates": [
          130.2293116,
          33.5936092
        ]
      },
      "properties": {
        "内容": "バス停: 産学連携交流センター (昭和自動車)",
        "name": "産学連携交流センター",
        "operator": "昭和自動車",
        "ref": "",
        "url": "",
        "url2": ""
      }
    },
    {
      "type": "Feature",
      "geometry": {
        "type": "Point",
        "coordinates": [
          130.437648,
          33.714478
        ]
      },
      "properties": {
        "内容": "バス停: 西鉄新宮駅",
        "name": "西鉄新宮駅",
        "operator": "事業者不明",
        "ref": "",
        "url": "",
        "url2": ""
      }
    },
    {
      "type": "Feature",
      "geometry": {
        "type": "Point",
        "coordinates": [
          130.3523282,
          33.5919555
        ]
      },
      "properties": {
        "内容": "バス停: 福岡タワー",
        "name": "福岡タワー",
        "operator": "事業者不明",
        "ref": "",
        "url": "",
        "url2": ""
      }
    },
    {
      "type": "Feature",
      "geometry": {
        "type": "Point",
        "coordinates": [
          130.216346,
          33.596576
        ]
      },
      "properties": {
        "内容": "バス停: 九大工学部 (昭和自動車)",
        "name": "九大工学部",
        "operator": "昭和自動車",
        "ref": "",
        "url": "",
        "url2": ""
      }
    },
    {
      "type": "Feature",
      "geometry": {
        "type": "Point",
        "coordinates": [
          130.2268247,
          33.5952179
        ]
      },
      "properties": {
        "内容": "バス停: 西消防署元岡出張所前 (昭和自動車)",
        "name": "西消防署元岡出張所前",
        "operator": "昭和自動車",
        "ref": "",
        "url": "",
        "url2": ""
      }
    },
    {
      "type": "Feature",
      "geometry": {
        "type": "Point",
        "coordinates": [
          130.4444881,
          33.7154863
        ]
      },
      "properties": {
        "内容": "バス停: 名称不明バス停",
        "name": "名称不明バス停",
        "operator": "事業者不明",
        "ref": "",
        "url": "",
        "url2": ""
      }
    },
    {
      "type": "Feature",
      "geometry": {
        "type": "Point",
        "coordinates": [
          130.4446179,
          33.7155209
        ]
      },
      "properties": {
        "内容": "バス停: 名称不明バス停",
        "name": "名称不明バス停",
        "operator": "事業者不明",
        "ref": "",
        "url": "",
        "url2": ""
      }
    },
    {
      "type": "Feature",
      "geometry": {
        "type": "Point",
        "coordinates": [
          130.2080252,
          33.6013348
        ]
      },
      "properties": {
        "内容": "バス停: 陸上競技場 (aimo)",
        "name": "陸上競技場",
        "operator": "aimo",
        "ref": "02",
        "url": "",
        "url2": ""
      }
    },
    {
      "type": "Feature",
      "geometry": {
        "type": "Point",
        "coordinates": [
          130.4982549,
          33.3231123
        ]
      },
      "properties": {
        "内容": "バス停: 梅林寺",
        "name": "梅林寺",
        "operator": "事業者不明",
        "ref": "",
        "url": "",
        "url2": ""
      }
    },
    {
      "type": "Feature",
      "geometry": {
        "type": "Point",
        "coordinates": [
          130.5158228,
          33.3138582
        ]
      },
      "properties": {
        "内容": "バス停: 日吉町",
        "name": "日吉町",
        "operator": "事業者不明",
        "ref": "",
        "url": "",
        "url2": ""
      }
    },
    {
      "type": "Feature",
      "geometry": {
        "type": "Point",
        "coordinates": [
          130.528588,
          33.3002169
        ]
      },
      "properties": {
        "内容": "バス停: 一丁田",
        "name": "一丁田",
        "operator": "事業者不明",
        "ref": "",
        "url": "",
        "url2": ""
      }
    },
    {
      "type": "Feature",
      "geometry": {
        "type": "Point",
        "coordinates": [
          130.5391651,
          33.3107141
        ]
      },
      "properties": {
        "内容": "バス停: 十三部",
        "name": "十三部",
        "operator": "事業者不明",
        "ref": "",
        "url": "",
        "url2": ""
      }
    },
    {
      "type": "Feature",
      "geometry": {
        "type": "Point",
        "coordinates": [
          130.448417,
          33.698396
        ]
      },
      "properties": {
        "内容": "バス停: 高松神社前",
        "name": "高松神社前",
        "operator": "事業者不明",
        "ref": "",
        "url": "",
        "url2": ""
      }
    },
    {
      "type": "Feature",
      "geometry": {
        "type": "Point",
        "coordinates": [
          130.4483593,
          33.6984239
        ]
      },
      "properties": {
        "内容": "バス停: 高松神社前",
        "name": "高松神社前",
        "operator": "事業者不明",
        "ref": "",
        "url": "",
        "url2": ""
      }
    },
    {
      "type": "Feature",
      "geometry": {
        "type": "Point",
        "coordinates": [
          130.4543095,
          33.7198945
        ]
      },
      "properties": {
        "内容": "バス停: 新宮・緑ヶ浜",
        "name": "新宮・緑ヶ浜",
        "operator": "事業者不明",
        "ref": "",
        "url": "",
        "url2": ""
      }
    },
    {
      "type": "Feature",
      "geometry": {
        "type": "Point",
        "coordinates": [
          130.4446751,
          33.7125473
        ]
      },
      "properties": {
        "内容": "バス停: 特別支援学校前",
        "name": "特別支援学校前",
        "operator": "事業者不明",
        "ref": "",
        "url": "",
        "url2": ""
      }
    },
    {
      "type": "Feature",
      "geometry": {
        "type": "Point",
        "coordinates": [
          130.4447048,
          33.7127051
        ]
      },
      "properties": {
        "内容": "バス停: 特別支援学校前",
        "name": "特別支援学校前",
        "operator": "事業者不明",
        "ref": "",
        "url": "",
        "url2": ""
      }
    },
    {
      "type": "Feature",
      "geometry": {
        "type": "Point",
        "coordinates": [
          130.4896532,
          33.7116041
        ]
      },
      "properties": {
        "内容": "バス停: 名称不明バス停",
        "name": "名称不明バス停",
        "operator": "事業者不明",
        "ref": "",
        "url": "",
        "url2": ""
      }
    },
    {
      "type": "Feature",
      "geometry": {
        "type": "Point",
        "coordinates": [
          130.4891772,
          33.7116911
        ]
      },
      "properties": {
        "内容": "バス停: 名称不明バス停",
        "name": "名称不明バス停",
        "operator": "事業者不明",
        "ref": "",
        "url": "",
        "url2": ""
      }
    },
    {
      "type": "Feature",
      "geometry": {
        "type": "Point",
        "coordinates": [
          130.5739577,
          33.7958259
        ]
      },
      "properties": {
        "内容": "バス停: 自由ケ丘一丁目 (西日本鉄道;西鉄バス宗像)",
        "name": "自由ケ丘一丁目",
        "operator": "西日本鉄道;西鉄バス宗像",
        "ref": "",
        "url": "",
        "url2": ""
      }
    },
    {
      "type": "Feature",
      "geometry": {
        "type": "Point",
        "coordinates": [
          130.5740176,
          33.7959773
        ]
      },
      "properties": {
        "内容": "バス停: 自由ケ丘一丁目 (西日本鉄道;西鉄バス宗像)",
        "name": "自由ケ丘一丁目",
        "operator": "西日本鉄道;西鉄バス宗像",
        "ref": "",
        "url": "",
        "url2": ""
      }
    },
    {
      "type": "Feature",
      "geometry": {
        "type": "Point",
        "coordinates": [
          130.5755463,
          33.7932421
        ]
      },
      "properties": {
        "内容": "バス停: 自由ヶ丘コミセン前 (西鉄バス宗像)",
        "name": "自由ヶ丘コミセン前",
        "operator": "西鉄バス宗像",
        "ref": "",
        "url": "",
        "url2": ""
      }
    },
    {
      "type": "Feature",
      "geometry": {
        "type": "Point",
        "coordinates": [
          130.5701107,
          33.8088534
        ]
      },
      "properties": {
        "内容": "バス停: 赤間駅北口",
        "name": "赤間駅北口",
        "operator": "事業者不明",
        "ref": "",
        "url": "",
        "url2": ""
      }
    },
    {
      "type": "Feature",
      "geometry": {
        "type": "Point",
        "coordinates": [
          130.5748715,
          33.7948765
        ]
      },
      "properties": {
        "内容": "バス停: 森林都市サニー前 (西日本鉄道;西鉄バス宗像)",
        "name": "森林都市サニー前",
        "operator": "西日本鉄道;西鉄バス宗像",
        "ref": "",
        "url": "",
        "url2": ""
      }
    },
    {
      "type": "Feature",
      "geometry": {
        "type": "Point",
        "coordinates": [
          130.5699047,
          33.8085827
        ]
      },
      "properties": {
        "内容": "バス停: 赤間駅北口 (西日本鉄道)",
        "name": "赤間駅北口",
        "operator": "西日本鉄道",
        "ref": "",
        "url": "",
        "url2": ""
      }
    },
    {
      "type": "Feature",
      "geometry": {
        "type": "Point",
        "coordinates": [
          130.9556097,
          33.8076402
        ]
      },
      "properties": {
        "内容": "バス停: 朽網駅",
        "name": "朽網駅",
        "operator": "事業者不明",
        "ref": "",
        "url": "",
        "url2": ""
      }
    },
    {
      "type": "Feature",
      "geometry": {
        "type": "Point",
        "coordinates": [
          130.9764947,
          33.8049249
        ]
      },
      "properties": {
        "内容": "バス停: Rホテルイン北九州エアポート",
        "name": "Rホテルイン北九州エアポート",
        "operator": "事業者不明",
        "ref": "",
        "url": "",
        "url2": ""
      }
    },
    {
      "type": "Feature",
      "geometry": {
        "type": "Point",
        "coordinates": [
          130.9764934,
          33.8046013
        ]
      },
      "properties": {
        "内容": "バス停: Rホテルイン北九州エアポート",
        "name": "Rホテルイン北九州エアポート",
        "operator": "事業者不明",
        "ref": "",
        "url": "",
        "url2": ""
      }
    },
    {
      "type": "Feature",
      "geometry": {
        "type": "Point",
        "coordinates": [
          130.9989649,
          33.8150847
        ]
      },
      "properties": {
        "内容": "バス停: トヨタ九州苅田工場前",
        "name": "トヨタ九州苅田工場前",
        "operator": "事業者不明",
        "ref": "",
        "url": "",
        "url2": ""
      }
    },
    {
      "type": "Feature",
      "geometry": {
        "type": "Point",
        "coordinates": [
          130.9991018,
          33.8148441
        ]
      },
      "properties": {
        "内容": "バス停: トヨタ九州苅田工場前",
        "name": "トヨタ九州苅田工場前",
        "operator": "事業者不明",
        "ref": "",
        "url": "",
        "url2": ""
      }
    },
    {
      "type": "Feature",
      "geometry": {
        "type": "Point",
        "coordinates": [
          131.029416,
          33.834872
        ]
      },
      "properties": {
        "内容": "バス停: 東横イン前",
        "name": "東横イン前",
        "operator": "事業者不明",
        "ref": "",
        "url": "",
        "url2": ""
      }
    },
    {
      "type": "Feature",
      "geometry": {
        "type": "Point",
        "coordinates": [
          131.029718,
          33.8348472
        ]
      },
      "properties": {
        "内容": "バス停: 東横イン前",
        "name": "東横イン前",
        "operator": "事業者不明",
        "ref": "",
        "url": "",
        "url2": ""
      }
    },
    {
      "type": "Feature",
      "geometry": {
        "type": "Point",
        "coordinates": [
          130.9614394,
          33.8053774
        ]
      },
      "properties": {
        "内容": "バス停: 南朽網 (西鉄バス)",
        "name": "南朽網",
        "operator": "西鉄バス",
        "ref": "",
        "url": "",
        "url2": ""
      }
    },
    {
      "type": "Feature",
      "geometry": {
        "type": "Point",
        "coordinates": [
          130.962588,
          33.805154
        ]
      },
      "properties": {
        "内容": "バス停: 南朽網",
        "name": "南朽網",
        "operator": "事業者不明",
        "ref": "",
        "url": "",
        "url2": ""
      }
    },
    {
      "type": "Feature",
      "geometry": {
        "type": "Point",
        "coordinates": [
          130.9712945,
          33.8064414
        ]
      },
      "properties": {
        "内容": "バス停: 臨空産業団地",
        "name": "臨空産業団地",
        "operator": "事業者不明",
        "ref": "",
        "url": "",
        "url2": ""
      }
    },
    {
      "type": "Feature",
      "geometry": {
        "type": "Point",
        "coordinates": [
          130.9715488,
          33.8057641
        ]
      },
      "properties": {
        "内容": "バス停: 臨空産業団地",
        "name": "臨空産業団地",
        "operator": "事業者不明",
        "ref": "",
        "url": "",
        "url2": ""
      }
    },
    {
      "type": "Feature",
      "geometry": {
        "type": "Point",
        "coordinates": [
          131.03113,
          33.839357
        ]
      },
      "properties": {
        "内容": "バス停: 北九州空港",
        "name": "北九州空港",
        "operator": "事業者不明",
        "ref": "",
        "url": "",
        "url2": ""
      }
    },
    {
      "type": "Feature",
      "geometry": {
        "type": "Point",
        "coordinates": [
          131.0313084,
          33.8384884
        ]
      },
      "properties": {
        "内容": "バス停: 北九州空港",
        "name": "北九州空港",
        "operator": "事業者不明",
        "ref": "",
        "url": "",
        "url2": ""
      }
    },
    {
      "type": "Feature",
      "geometry": {
        "type": "Point",
        "coordinates": [
          131.031198,
          33.8391383
        ]
      },
      "properties": {
        "内容": "バス停: 北九州空港",
        "name": "北九州空港",
        "operator": "事業者不明",
        "ref": "",
        "url": "",
        "url2": ""
      }
    },
    {
      "type": "Feature",
      "geometry": {
        "type": "Point",
        "coordinates": [
          131.031242,
          33.838897
        ]
      },
      "properties": {
        "内容": "バス停: 北九州空港",
        "name": "北九州空港",
        "operator": "事業者不明",
        "ref": "",
        "url": "",
        "url2": ""
      }
    },
    {
      "type": "Feature",
      "geometry": {
        "type": "Point",
        "coordinates": [
          131.031275,
          33.8386731
        ]
      },
      "properties": {
        "内容": "バス停: 北九州空港 (福北リムジンバス)",
        "name": "北九州空港",
        "operator": "福北リムジンバス",
        "ref": "",
        "url": "",
        "url2": ""
      }
    },
    {
      "type": "Feature",
      "geometry": {
        "type": "Point",
        "coordinates": [
          130.4321417,
          33.6571797
        ]
      },
      "properties": {
        "内容": "バス停: 留学生会館前",
        "name": "留学生会館前",
        "operator": "事業者不明",
        "ref": "",
        "url": "",
        "url2": ""
      }
    },
    {
      "type": "Feature",
      "geometry": {
        "type": "Point",
        "coordinates": [
          130.3990959,
          33.681209
        ]
      },
      "properties": {
        "内容": "バス停: 雁ノ巣レクリエーションセンター",
        "name": "雁ノ巣レクリエーションセンター",
        "operator": "事業者不明",
        "ref": "",
        "url": "",
        "url2": ""
      }
    },
    {
      "type": "Feature",
      "geometry": {
        "type": "Point",
        "coordinates": [
          130.4383638,
          33.6993672
        ]
      },
      "properties": {
        "内容": "バス停: 福工大前駅入口",
        "name": "福工大前駅入口",
        "operator": "事業者不明",
        "ref": "",
        "url": "",
        "url2": ""
      }
    },
    {
      "type": "Feature",
      "geometry": {
        "type": "Point",
        "coordinates": [
          130.5706187,
          33.8037994
        ]
      },
      "properties": {
        "内容": "バス停: 多久四ツ角 (西日本鉄道;西鉄バス宗像)",
        "name": "多久四ツ角",
        "operator": "西日本鉄道;西鉄バス宗像",
        "ref": "",
        "url": "",
        "url2": ""
      }
    },
    {
      "type": "Feature",
      "geometry": {
        "type": "Point",
        "coordinates": [
          130.5703719,
          33.8043115
        ]
      },
      "properties": {
        "内容": "バス停: 多久四ツ角 (西日本鉄道;西鉄バス宗像)",
        "name": "多久四ツ角",
        "operator": "西日本鉄道;西鉄バス宗像",
        "ref": "",
        "url": "",
        "url2": ""
      }
    },
    {
      "type": "Feature",
      "geometry": {
        "type": "Point",
        "coordinates": [
          130.5600841,
          33.3985303
        ]
      },
      "properties": {
        "内容": "バス停: 高速小郡大板井",
        "name": "高速小郡大板井",
        "operator": "事業者不明",
        "ref": "",
        "url": "",
        "url2": ""
      }
    },
    {
      "type": "Feature",
      "geometry": {
        "type": "Point",
        "coordinates": [
          130.5605237,
          33.39886
        ]
      },
      "properties": {
        "内容": "バス停: 高速小郡大板井",
        "name": "高速小郡大板井",
        "operator": "事業者不明",
        "ref": "",
        "url": "",
        "url2": ""
      }
    },
    {
      "type": "Feature",
      "geometry": {
        "type": "Point",
        "coordinates": [
          130.3997369,
          33.5888685
        ]
      },
      "properties": {
        "内容": "バス停: 西鉄天神高速バスターミナル) (西日本鉄道)",
        "name": "西鉄天神高速バスターミナル)",
        "operator": "西日本鉄道",
        "ref": "",
        "url": "",
        "url2": "Q11629901"
      }
    },
    {
      "type": "Feature",
      "geometry": {
        "type": "Point",
        "coordinates": [
          130.4554571,
          33.6867777
        ]
      },
      "properties": {
        "内容": "バス停: 原上公園前",
        "name": "原上公園前",
        "operator": "事業者不明",
        "ref": "",
        "url": "",
        "url2": ""
      }
    },
    {
      "type": "Feature",
      "geometry": {
        "type": "Point",
        "coordinates": [
          130.423968,
          33.589994
        ]
      },
      "properties": {
        "内容": "バス停: 合同庁舎",
        "name": "合同庁舎",
        "operator": "事業者不明",
        "ref": "",
        "url": "",
        "url2": ""
      }
    },
    {
      "type": "Feature",
      "geometry": {
        "type": "Point",
        "coordinates": [
          130.9791778,
          33.7849487
        ]
      },
      "properties": {
        "内容": "バス停: 苅田駅",
        "name": "苅田駅",
        "operator": "事業者不明",
        "ref": "",
        "url": "",
        "url2": ""
      }
    },
    {
      "type": "Feature",
      "geometry": {
        "type": "Point",
        "coordinates": [
          130.9624331,
          33.8044945
        ]
      },
      "properties": {
        "内容": "バス停: 南朽網",
        "name": "南朽網",
        "operator": "事業者不明",
        "ref": "",
        "url": "",
        "url2": ""
      }
    },
    {
      "type": "Feature",
      "geometry": {
        "type": "Point",
        "coordinates": [
          130.5779589,
          33.7769574
        ]
      },
      "properties": {
        "内容": "バス停: 青葉台入口",
        "name": "青葉台入口",
        "operator": "事業者不明",
        "ref": "",
        "url": "",
        "url2": ""
      }
    },
    {
      "type": "Feature",
      "geometry": {
        "type": "Point",
        "coordinates": [
          130.3561367,
          33.5927725
        ]
      },
      "properties": {
        "内容": "バス停: 医師会館・ソフトリサーチパーク前",
        "name": "医師会館・ソフトリサーチパーク前",
        "operator": "事業者不明",
        "ref": "",
        "url": "",
        "url2": ""
      }
    },
    {
      "type": "Feature",
      "geometry": {
        "type": "Point",
        "coordinates": [
          130.3570692,
          33.5937242
        ]
      },
      "properties": {
        "内容": "バス停: 百道ランプ口",
        "name": "百道ランプ口",
        "operator": "事業者不明",
        "ref": "",
        "url": "",
        "url2": ""
      }
    },
    {
      "type": "Feature",
      "geometry": {
        "type": "Point",
        "coordinates": [
          130.3624265,
          33.5929338
        ]
      },
      "properties": {
        "内容": "バス停: 九州医療センター",
        "name": "九州医療センター",
        "operator": "事業者不明",
        "ref": "",
        "url": "",
        "url2": ""
      }
    },
    {
      "type": "Feature",
      "geometry": {
        "type": "Point",
        "coordinates": [
          130.3595616,
          33.5938366
        ]
      },
      "properties": {
        "内容": "バス停: ヒルトン福岡シーホーク前 (西日本鉄道)",
        "name": "ヒルトン福岡シーホーク前",
        "operator": "西日本鉄道",
        "ref": "",
        "url": "",
        "url2": ""
      }
    },
    {
      "type": "Feature",
      "geometry": {
        "type": "Point",
        "coordinates": [
          130.3596469,
          33.5959235
        ]
      },
      "properties": {
        "内容": "バス停: ヒルトン福岡シーホーク (西日本鉄道)",
        "name": "ヒルトン福岡シーホーク",
        "operator": "西日本鉄道",
        "ref": "",
        "url": "",
        "url2": ""
      }
    },
    {
      "type": "Feature",
      "geometry": {
        "type": "Point",
        "coordinates": [
          130.361644,
          33.5937073
        ]
      },
      "properties": {
        "内容": "バス停: 九州医療センター",
        "name": "九州医療センター",
        "operator": "事業者不明",
        "ref": "",
        "url": "",
        "url2": ""
      }
    },
    {
      "type": "Feature",
      "geometry": {
        "type": "Point",
        "coordinates": [
          130.4038596,
          33.6829953
        ]
      },
      "properties": {
        "内容": "バス停: 雁ノ巣駅前",
        "name": "雁ノ巣駅前",
        "operator": "事業者不明",
        "ref": "",
        "url": "",
        "url2": ""
      }
    },
    {
      "type": "Feature",
      "geometry": {
        "type": "Point",
        "coordinates": [
          130.4039959,
          33.6831548
        ]
      },
      "properties": {
        "内容": "バス停: 雁ノ巣駅前",
        "name": "雁ノ巣駅前",
        "operator": "事業者不明",
        "ref": "",
        "url": "",
        "url2": ""
      }
    },
    {
      "type": "Feature",
      "geometry": {
        "type": "Point",
        "coordinates": [
          130.4062585,
          33.6841135
        ]
      },
      "properties": {
        "内容": "バス停: 雁ノ巣",
        "name": "雁ノ巣",
        "operator": "事業者不明",
        "ref": "",
        "url": "",
        "url2": ""
      }
    },
    {
      "type": "Feature",
      "geometry": {
        "type": "Point",
        "coordinates": [
          130.4066997,
          33.6842246
        ]
      },
      "properties": {
        "内容": "バス停: 雁ノ巣",
        "name": "雁ノ巣",
        "operator": "事業者不明",
        "ref": "",
        "url": "",
        "url2": ""
      }
    },
    {
      "type": "Feature",
      "geometry": {
        "type": "Point",
        "coordinates": [
          130.4089822,
          33.6853702
        ]
      },
      "properties": {
        "内容": "バス停: 奈多松原",
        "name": "奈多松原",
        "operator": "事業者不明",
        "ref": "",
        "url": "",
        "url2": ""
      }
    },
    {
      "type": "Feature",
      "geometry": {
        "type": "Point",
        "coordinates": [
          130.4092355,
          33.6855779
        ]
      },
      "properties": {
        "内容": "バス停: 奈多松原",
        "name": "奈多松原",
        "operator": "事業者不明",
        "ref": "",
        "url": "",
        "url2": ""
      }
    },
    {
      "type": "Feature",
      "geometry": {
        "type": "Point",
        "coordinates": [
          130.4127086,
          33.6872115
        ]
      },
      "properties": {
        "内容": "バス停: 奈多",
        "name": "奈多",
        "operator": "事業者不明",
        "ref": "",
        "url": "",
        "url2": ""
      }
    },
    {
      "type": "Feature",
      "geometry": {
        "type": "Point",
        "coordinates": [
          130.4132702,
          33.6876099
        ]
      },
      "properties": {
        "内容": "バス停: 奈多",
        "name": "奈多",
        "operator": "事業者不明",
        "ref": "",
        "url": "",
        "url2": ""
      }
    },
    {
      "type": "Feature",
      "geometry": {
        "type": "Point",
        "coordinates": [
          130.4147196,
          33.6883452
        ]
      },
      "properties": {
        "内容": "バス停: 奈多団地入口",
        "name": "奈多団地入口",
        "operator": "事業者不明",
        "ref": "",
        "url": "",
        "url2": ""
      }
    },
    {
      "type": "Feature",
      "geometry": {
        "type": "Point",
        "coordinates": [
          130.4149797,
          33.6883466
        ]
      },
      "properties": {
        "内容": "バス停: 奈多団地入口",
        "name": "奈多団地入口",
        "operator": "事業者不明",
        "ref": "",
        "url": "",
        "url2": ""
      }
    },
    {
      "type": "Feature",
      "geometry": {
        "type": "Point",
        "coordinates": [
          130.4193905,
          33.6897877
        ]
      },
      "properties": {
        "内容": "バス停: 三苫口",
        "name": "三苫口",
        "operator": "事業者不明",
        "ref": "",
        "url": "",
        "url2": ""
      }
    },
    {
      "type": "Feature",
      "geometry": {
        "type": "Point",
        "coordinates": [
          130.4190943,
          33.6898188
        ]
      },
      "properties": {
        "内容": "バス停: 三苫口",
        "name": "三苫口",
        "operator": "事業者不明",
        "ref": "",
        "url": "",
        "url2": ""
      }
    },
    {
      "type": "Feature",
      "geometry": {
        "type": "Point",
        "coordinates": [
          130.4280176,
          33.6912408
        ]
      },
      "properties": {
        "内容": "バス停: 和白五丁目",
        "name": "和白五丁目",
        "operator": "事業者不明",
        "ref": "",
        "url": "",
        "url2": ""
      }
    },
    {
      "type": "Feature",
      "geometry": {
        "type": "Point",
        "coordinates": [
          130.429084,
          33.6912982
        ]
      },
      "properties": {
        "内容": "バス停: 和白五丁目",
        "name": "和白五丁目",
        "operator": "事業者不明",
        "ref": "",
        "url": "",
        "url2": ""
      }
    },
    {
      "type": "Feature",
      "geometry": {
        "type": "Point",
        "coordinates": [
          130.4221773,
          33.6903385
        ]
      },
      "properties": {
        "内容": "バス停: 塩浜",
        "name": "塩浜",
        "operator": "事業者不明",
        "ref": "",
        "url": "",
        "url2": ""
      }
    },
    {
      "type": "Feature",
      "geometry": {
        "type": "Point",
        "coordinates": [
          130.4226309,
          33.6905503
        ]
      },
      "properties": {
        "内容": "バス停: 塩浜",
        "name": "塩浜",
        "operator": "事業者不明",
        "ref": "",
        "url": "",
        "url2": ""
      }
    },
    {
      "type": "Feature",
      "geometry": {
        "type": "Point",
        "coordinates": [
          130.4330148,
          33.6907559
        ]
      },
      "properties": {
        "内容": "バス停: 上和白郵便局",
        "name": "上和白郵便局",
        "operator": "事業者不明",
        "ref": "",
        "url": "",
        "url2": ""
      }
    },
    {
      "type": "Feature",
      "geometry": {
        "type": "Point",
        "coordinates": [
          130.437443,
          33.6889148
        ]
      },
      "properties": {
        "内容": "バス停: ゴルフ場入口",
        "name": "ゴルフ場入口",
        "operator": "事業者不明",
        "ref": "",
        "url": "",
        "url2": ""
      }
    },
    {
      "type": "Feature",
      "geometry": {
        "type": "Point",
        "coordinates": [
          130.4376073,
          33.6889986
        ]
      },
      "properties": {
        "内容": "バス停: ゴルフ場入口",
        "name": "ゴルフ場入口",
        "operator": "事業者不明",
        "ref": "",
        "url": "",
        "url2": ""
      }
    },
    {
      "type": "Feature",
      "geometry": {
        "type": "Point",
        "coordinates": [
          130.4387069,
          33.6903476
        ]
      },
      "properties": {
        "内容": "バス停: 上和白",
        "name": "上和白",
        "operator": "事業者不明",
        "ref": "",
        "url": "",
        "url2": ""
      }
    },
    {
      "type": "Feature",
      "geometry": {
        "type": "Point",
        "coordinates": [
          130.4340219,
          33.6880987
        ]
      },
      "properties": {
        "内容": "バス停: 和白",
        "name": "和白",
        "operator": "事業者不明",
        "ref": "",
        "url": "",
        "url2": ""
      }
    },
    {
      "type": "Feature",
      "geometry": {
        "type": "Point",
        "coordinates": [
          130.4341571,
          33.6882386
        ]
      },
      "properties": {
        "内容": "バス停: 和白",
        "name": "和白",
        "operator": "事業者不明",
        "ref": "",
        "url": "",
        "url2": ""
      }
    },
    {
      "type": "Feature",
      "geometry": {
        "type": "Point",
        "coordinates": [
          130.4417258,
          33.6898483
        ]
      },
      "properties": {
        "内容": "バス停: 高美台入口",
        "name": "高美台入口",
        "operator": "事業者不明",
        "ref": "",
        "url": "",
        "url2": ""
      }
    },
    {
      "type": "Feature",
      "geometry": {
        "type": "Point",
        "coordinates": [
          130.4412316,
          33.6900585
        ]
      },
      "properties": {
        "内容": "バス停: 高美台入口",
        "name": "高美台入口",
        "operator": "事業者不明",
        "ref": "",
        "url": "",
        "url2": ""
      }
    },
    {
      "type": "Feature",
      "geometry": {
        "type": "Point",
        "coordinates": [
          130.424088,
          33.6634477
        ]
      },
      "properties": {
        "内容": "バス停: アイランドシティ中央公園前",
        "name": "アイランドシティ中央公園前",
        "operator": "事業者不明",
        "ref": "",
        "url": "",
        "url2": ""
      }
    },
    {
      "type": "Feature",
      "geometry": {
        "type": "Point",
        "coordinates": [
          130.4234028,
          33.6642838
        ]
      },
      "properties": {
        "内容": "バス停: アイランドシティ中央公園前",
        "name": "アイランドシティ中央公園前",
        "operator": "事業者不明",
        "ref": "",
        "url": "",
        "url2": ""
      }
    },
    {
      "type": "Feature",
      "geometry": {
        "type": "Point",
        "coordinates": [
          130.422349,
          33.6660784
        ]
      },
      "properties": {
        "内容": "バス停: 照葉小中学校前",
        "name": "照葉小中学校前",
        "operator": "事業者不明",
        "ref": "",
        "url": "",
        "url2": ""
      }
    },
    {
      "type": "Feature",
      "geometry": {
        "type": "Point",
        "coordinates": [
          130.4224814,
          33.6661947
        ]
      },
      "properties": {
        "内容": "バス停: 照葉小中学校前",
        "name": "照葉小中学校前",
        "operator": "事業者不明",
        "ref": "",
        "url": "",
        "url2": ""
      }
    },
    {
      "type": "Feature",
      "geometry": {
        "type": "Point",
        "coordinates": [
          130.4276521,
          33.6591997
        ]
      },
      "properties": {
        "内容": "バス停: 香椎浜北公園",
        "name": "香椎浜北公園",
        "operator": "事業者不明",
        "ref": "",
        "url": "",
        "url2": ""
      }
    },
    {
      "type": "Feature",
      "geometry": {
        "type": "Point",
        "coordinates": [
          130.4280041,
          33.6592574
        ]
      },
      "properties": {
        "内容": "バス停: 香椎浜北公園",
        "name": "香椎浜北公園",
        "operator": "事業者不明",
        "ref": "",
        "url": "",
        "url2": ""
      }
    },
    {
      "type": "Feature",
      "geometry": {
        "type": "Point",
        "coordinates": [
          130.3989864,
          33.681795
        ]
      },
      "properties": {
        "内容": "バス停: 雁ノ巣レクリエーションセンター",
        "name": "雁ノ巣レクリエーションセンター",
        "operator": "事業者不明",
        "ref": "",
        "url": "",
        "url2": ""
      }
    },
    {
      "type": "Feature",
      "geometry": {
        "type": "Point",
        "coordinates": [
          130.3884666,
          33.6780639
        ]
      },
      "properties": {
        "内容": "バス停: 航空管制部前",
        "name": "航空管制部前",
        "operator": "事業者不明",
        "ref": "",
        "url": "",
        "url2": ""
      }
    },
    {
      "type": "Feature",
      "geometry": {
        "type": "Point",
        "coordinates": [
          130.3893754,
          33.6788554
        ]
      },
      "properties": {
        "内容": "バス停: 航空管制部前",
        "name": "航空管制部前",
        "operator": "事業者不明",
        "ref": "",
        "url": "",
        "url2": ""
      }
    },
    {
      "type": "Feature",
      "geometry": {
        "type": "Point",
        "coordinates": [
          130.3741078,
          33.6699122
        ]
      },
      "properties": {
        "内容": "バス停: カモ池前",
        "name": "カモ池前",
        "operator": "事業者不明",
        "ref": "",
        "url": "",
        "url2": ""
      }
    },
    {
      "type": "Feature",
      "geometry": {
        "type": "Point",
        "coordinates": [
          130.374277,
          33.6701783
        ]
      },
      "properties": {
        "内容": "バス停: カモ池前",
        "name": "カモ池前",
        "operator": "事業者不明",
        "ref": "",
        "url": "",
        "url2": ""
      }
    },
    {
      "type": "Feature",
      "geometry": {
        "type": "Point",
        "coordinates": [
          130.3626137,
          33.6630382
        ]
      },
      "properties": {
        "内容": "バス停: 名称不明バス停",
        "name": "名称不明バス停",
        "operator": "事業者不明",
        "ref": "",
        "url": "",
        "url2": ""
      }
    },
    {
      "type": "Feature",
      "geometry": {
        "type": "Point",
        "coordinates": [
          130.3636128,
          33.6645473
        ]
      },
      "properties": {
        "内容": "バス停: 名称不明バス停",
        "name": "名称不明バス停",
        "operator": "事業者不明",
        "ref": "",
        "url": "",
        "url2": ""
      }
    },
    {
      "type": "Feature",
      "geometry": {
        "type": "Point",
        "coordinates": [
          130.4865491,
          33.7637066
        ]
      },
      "properties": {
        "内容": "バス停: 福間駅 (JR九州バス)",
        "name": "福間駅",
        "operator": "JR九州バス",
        "ref": "",
        "url": "",
        "url2": ""
      }
    },
    {
      "type": "Feature",
      "geometry": {
        "type": "Point",
        "coordinates": [
          130.5014214,
          33.587186
        ]
      },
      "properties": {
        "内容": "バス停: 高速須恵",
        "name": "高速須恵",
        "operator": "事業者不明",
        "ref": "",
        "url": "",
        "url2": ""
      }
    },
    {
      "type": "Feature",
      "geometry": {
        "type": "Point",
        "coordinates": [
          130.5000775,
          33.5872833
        ]
      },
      "properties": {
        "内容": "バス停: 高速須恵",
        "name": "高速須恵",
        "operator": "事業者不明",
        "ref": "",
        "url": "",
        "url2": ""
      }
    },
    {
      "type": "Feature",
      "geometry": {
        "type": "Point",
        "coordinates": [
          130.3416311,
          33.6523009
        ]
      },
      "properties": {
        "内容": "バス停: 久保",
        "name": "久保",
        "operator": "事業者不明",
        "ref": "",
        "url": "",
        "url2": ""
      }
    },
    {
      "type": "Feature",
      "geometry": {
        "type": "Point",
        "coordinates": [
          130.3377193,
          33.652553
        ]
      },
      "properties": {
        "内容": "バス停: 大岳",
        "name": "大岳",
        "operator": "事業者不明",
        "ref": "",
        "url": "",
        "url2": ""
      }
    },
    {
      "type": "Feature",
      "geometry": {
        "type": "Point",
        "coordinates": [
          130.3297219,
          33.6562459
        ]
      },
      "properties": {
        "内容": "バス停: 大岳松原",
        "name": "大岳松原",
        "operator": "事業者不明",
        "ref": "",
        "url": "",
        "url2": ""
      }
    },
    {
      "type": "Feature",
      "geometry": {
        "type": "Point",
        "coordinates": [
          130.3142524,
          33.6626499
        ]
      },
      "properties": {
        "内容": "バス停: 志賀島",
        "name": "志賀島",
        "operator": "事業者不明",
        "ref": "",
        "url": "",
        "url2": ""
      }
    },
    {
      "type": "Feature",
      "geometry": {
        "type": "Point",
        "coordinates": [
          130.3121317,
          33.6629838
        ]
      },
      "properties": {
        "内容": "バス停: 志賀島郵便局前",
        "name": "志賀島郵便局前",
        "operator": "事業者不明",
        "ref": "",
        "url": "",
        "url2": ""
      }
    },
    {
      "type": "Feature",
      "geometry": {
        "type": "Point",
        "coordinates": [
          130.3545351,
          33.6490195
        ]
      },
      "properties": {
        "内容": "バス停: 日出町",
        "name": "日出町",
        "operator": "事業者不明",
        "ref": "",
        "url": "",
        "url2": ""
      }
    },
    {
      "type": "Feature",
      "geometry": {
        "type": "Point",
        "coordinates": [
          130.3510074,
          33.6515506
        ]
      },
      "properties": {
        "内容": "バス停: 藤棚",
        "name": "藤棚",
        "operator": "事業者不明",
        "ref": "",
        "url": "",
        "url2": ""
      }
    },
    {
      "type": "Feature",
      "geometry": {
        "type": "Point",
        "coordinates": [
          130.332556,
          33.6545399
        ]
      },
      "properties": {
        "内容": "バス停: 西大岳",
        "name": "西大岳",
        "operator": "事業者不明",
        "ref": "",
        "url": "",
        "url2": ""
      }
    },
    {
      "type": "Feature",
      "geometry": {
        "type": "Point",
        "coordinates": [
          130.3570432,
          33.6496944
        ]
      },
      "properties": {
        "内容": "バス停: 西戸崎駅前",
        "name": "西戸崎駅前",
        "operator": "事業者不明",
        "ref": "",
        "url": "",
        "url2": ""
      }
    },
    {
      "type": "Feature",
      "geometry": {
        "type": "Point",
        "coordinates": [
          130.3469205,
          33.6520405
        ]
      },
      "properties": {
        "内容": "バス停: 西戸崎５丁目",
        "name": "西戸崎５丁目",
        "operator": "事業者不明",
        "ref": "",
        "url": "",
        "url2": ""
      }
    },
    {
      "type": "Feature",
      "geometry": {
        "type": "Point",
        "coordinates": [
          130.4271853,
          33.5592778
        ]
      },
      "properties": {
        "内容": "バス停: 西鉄大橋駅",
        "name": "西鉄大橋駅",
        "operator": "事業者不明",
        "ref": "",
        "url": "",
        "url2": ""
      }
    },
    {
      "type": "Feature",
      "geometry": {
        "type": "Point",
        "coordinates": [
          130.3474752,
          33.5817509
        ]
      },
      "properties": {
        "内容": "バス停: 藤崎",
        "name": "藤崎",
        "operator": "事業者不明",
        "ref": "",
        "url": "",
        "url2": ""
      }
    },
    {
      "type": "Feature",
      "geometry": {
        "type": "Point",
        "coordinates": [
          130.4268814,
          33.5595741
        ]
      },
      "properties": {
        "内容": "バス停: 西鉄大橋駅",
        "name": "西鉄大橋駅",
        "operator": "事業者不明",
        "ref": "",
        "url": "",
        "url2": ""
      }
    },
    {
      "type": "Feature",
      "geometry": {
        "type": "Point",
        "coordinates": [
          130.389834,
          33.6044444
        ]
      },
      "properties": {
        "内容": "バス停: 那の津四丁目",
        "name": "那の津四丁目",
        "operator": "事業者不明",
        "ref": "",
        "url": "",
        "url2": ""
      }
    },
    {
      "type": "Feature",
      "geometry": {
        "type": "Point",
        "coordinates": [
          130.3896082,
          33.6043283
        ]
      },
      "properties": {
        "内容": "バス停: 那の津四丁目",
        "name": "那の津四丁目",
        "operator": "事業者不明",
        "ref": "",
        "url": "",
        "url2": ""
      }
    },
    {
      "type": "Feature",
      "geometry": {
        "type": "Point",
        "coordinates": [
          130.4116528,
          33.5585346
        ]
      },
      "properties": {
        "内容": "バス停: 野間４丁目",
        "name": "野間４丁目",
        "operator": "事業者不明",
        "ref": "",
        "url": "",
        "url2": ""
      }
    },
    {
      "type": "Feature",
      "geometry": {
        "type": "Point",
        "coordinates": [
          130.4185575,
          33.5891942
        ]
      },
      "properties": {
        "内容": "バス停: 博多駅シティー銀行前F (西日本鉄道)",
        "name": "博多駅シティー銀行前F",
        "operator": "西日本鉄道",
        "ref": "",
        "url": "",
        "url2": ""
      }
    },
    {
      "type": "Feature",
      "geometry": {
        "type": "Point",
        "coordinates": [
          130.4158517,
          33.5711308
        ]
      },
      "properties": {
        "内容": "バス停: 大楠",
        "name": "大楠",
        "operator": "事業者不明",
        "ref": "",
        "url": "",
        "url2": ""
      }
    },
    {
      "type": "Feature",
      "geometry": {
        "type": "Point",
        "coordinates": [
          130.414074,
          33.5731321
        ]
      },
      "properties": {
        "内容": "バス停: 日赤前",
        "name": "日赤前",
        "operator": "事業者不明",
        "ref": "",
        "url": "",
        "url2": ""
      }
    },
    {
      "type": "Feature",
      "geometry": {
        "type": "Point",
        "coordinates": [
          130.4083843,
          33.5827901
        ]
      },
      "properties": {
        "内容": "バス停: 柳橋",
        "name": "柳橋",
        "operator": "事業者不明",
        "ref": "",
        "url": "",
        "url2": ""
      }
    },
    {
      "type": "Feature",
      "geometry": {
        "type": "Point",
        "coordinates": [
          130.4177245,
          33.5689227
        ]
      },
      "properties": {
        "内容": "バス停: 清水町",
        "name": "清水町",
        "operator": "事業者不明",
        "ref": "",
        "url": "",
        "url2": ""
      }
    },
    {
      "type": "Feature",
      "geometry": {
        "type": "Point",
        "coordinates": [
          130.4070646,
          33.5825283
        ]
      },
      "properties": {
        "内容": "バス停: 渡辺通一丁目サンセルコ前",
        "name": "渡辺通一丁目サンセルコ前",
        "operator": "事業者不明",
        "ref": "",
        "url": "",
        "url2": ""
      }
    },
    {
      "type": "Feature",
      "geometry": {
        "type": "Point",
        "coordinates": [
          130.4167817,
          33.5865398
        ]
      },
      "properties": {
        "内容": "バス停: 駅前四丁目",
        "name": "駅前四丁目",
        "operator": "事業者不明",
        "ref": "",
        "url": "",
        "url2": ""
      }
    },
    {
      "type": "Feature",
      "geometry": {
        "type": "Point",
        "coordinates": [
          130.4084038,
          33.5796779
        ]
      },
      "properties": {
        "内容": "バス停: 高砂",
        "name": "高砂",
        "operator": "事業者不明",
        "ref": "",
        "url": "",
        "url2": ""
      }
    },
    {
      "type": "Feature",
      "geometry": {
        "type": "Point",
        "coordinates": [
          130.4106575,
          33.5770796
        ]
      },
      "properties": {
        "内容": "バス停: 高砂二丁目",
        "name": "高砂二丁目",
        "operator": "事業者不明",
        "ref": "",
        "url": "",
        "url2": ""
      }
    },
    {
      "type": "Feature",
      "geometry": {
        "type": "Point",
        "coordinates": [
          130.4155747,
          33.5641048
        ]
      },
      "properties": {
        "内容": "バス停: 野間四角",
        "name": "野間四角",
        "operator": "事業者不明",
        "ref": "",
        "url": "",
        "url2": ""
      }
    },
    {
      "type": "Feature",
      "geometry": {
        "type": "Point",
        "coordinates": [
          130.4090017,
          33.5563486
        ]
      },
      "properties": {
        "内容": "バス停: 野間大池",
        "name": "野間大池",
        "operator": "事業者不明",
        "ref": "",
        "url": "",
        "url2": ""
      }
    },
    {
      "type": "Feature",
      "geometry": {
        "type": "Point",
        "coordinates": [
          130.413407,
          33.5609939
        ]
      },
      "properties": {
        "内容": "バス停: 野間３丁目",
        "name": "野間３丁目",
        "operator": "事業者不明",
        "ref": "",
        "url": "",
        "url2": ""
      }
    },
    {
      "type": "Feature",
      "geometry": {
        "type": "Point",
        "coordinates": [
          130.403467,
          33.553684
        ]
      },
      "properties": {
        "内容": "バス停: 長住一丁目",
        "name": "長住一丁目",
        "operator": "事業者不明",
        "ref": "",
        "url": "",
        "url2": ""
      }
    },
    {
      "type": "Feature",
      "geometry": {
        "type": "Point",
        "coordinates": [
          130.3947597,
          33.5529864
        ]
      },
      "properties": {
        "内容": "バス停: 長住三丁目",
        "name": "長住三丁目",
        "operator": "事業者不明",
        "ref": "",
        "url": "",
        "url2": ""
      }
    },
    {
      "type": "Feature",
      "geometry": {
        "type": "Point",
        "coordinates": [
          130.4001827,
          33.5528035
        ]
      },
      "properties": {
        "内容": "バス停: 長住二丁目",
        "name": "長住二丁目",
        "operator": "事業者不明",
        "ref": "",
        "url": "",
        "url2": ""
      }
    },
    {
      "type": "Feature",
      "geometry": {
        "type": "Point",
        "coordinates": [
          130.3905827,
          33.553223
        ]
      },
      "properties": {
        "内容": "バス停: 長丘三丁目",
        "name": "長丘三丁目",
        "operator": "事業者不明",
        "ref": "",
        "url": "",
        "url2": ""
      }
    },
    {
      "type": "Feature",
      "geometry": {
        "type": "Point",
        "coordinates": [
          130.3884228,
          33.5523368
        ]
      },
      "properties": {
        "内容": "バス停: 長丘五丁目",
        "name": "長丘五丁目",
        "operator": "事業者不明",
        "ref": "",
        "url": "",
        "url2": ""
      }
    },
    {
      "type": "Feature",
      "geometry": {
        "type": "Point",
        "coordinates": [
          130.3872138,
          33.5531281
        ]
      },
      "properties": {
        "内容": "バス停: 長尾変電所",
        "name": "長尾変電所",
        "operator": "事業者不明",
        "ref": "",
        "url": "",
        "url2": ""
      }
    },
    {
      "type": "Feature",
      "geometry": {
        "type": "Point",
        "coordinates": [
          130.3876497,
          33.5570702
        ]
      },
      "properties": {
        "内容": "バス停: 下長尾",
        "name": "下長尾",
        "operator": "事業者不明",
        "ref": "",
        "url": "",
        "url2": ""
      }
    },
    {
      "type": "Feature",
      "geometry": {
        "type": "Point",
        "coordinates": [
          130.3980399,
          33.5700336
        ]
      },
      "properties": {
        "内容": "バス停: 南山荘通",
        "name": "南山荘通",
        "operator": "事業者不明",
        "ref": "",
        "url": "",
        "url2": ""
      }
    },
    {
      "type": "Feature",
      "geometry": {
        "type": "Point",
        "coordinates": [
          130.3900294,
          33.5648588
        ]
      },
      "properties": {
        "内容": "バス停: 小笹",
        "name": "小笹",
        "operator": "事業者不明",
        "ref": "",
        "url": "",
        "url2": ""
      }
    },
    {
      "type": "Feature",
      "geometry": {
        "type": "Point",
        "coordinates": [
          130.3909274,
          33.5660198
        ]
      },
      "properties": {
        "内容": "バス停: 小笹",
        "name": "小笹",
        "operator": "事業者不明",
        "ref": "",
        "url": "",
        "url2": ""
      }
    },
    {
      "type": "Feature",
      "geometry": {
        "type": "Point",
        "coordinates": [
          130.3889049,
          33.5609736
        ]
      },
      "properties": {
        "内容": "バス停: 小笹二丁目",
        "name": "小笹二丁目",
        "operator": "事業者不明",
        "ref": "",
        "url": "",
        "url2": ""
      }
    },
    {
      "type": "Feature",
      "geometry": {
        "type": "Point",
        "coordinates": [
          130.4010871,
          33.5722027
        ]
      },
      "properties": {
        "内容": "バス停: 山荘通",
        "name": "山荘通",
        "operator": "事業者不明",
        "ref": "",
        "url": "",
        "url2": ""
      }
    },
    {
      "type": "Feature",
      "geometry": {
        "type": "Point",
        "coordinates": [
          130.3960988,
          33.5673688
        ]
      },
      "properties": {
        "内容": "バス停: 平和三丁目",
        "name": "平和三丁目",
        "operator": "事業者不明",
        "ref": "",
        "url": "",
        "url2": ""
      }
    },
    {
      "type": "Feature",
      "geometry": {
        "type": "Point",
        "coordinates": [
          130.3948328,
          33.5668377
        ]
      },
      "properties": {
        "内容": "バス停: 平和五丁目",
        "name": "平和五丁目",
        "operator": "事業者不明",
        "ref": "",
        "url": "",
        "url2": ""
      }
    },
    {
      "type": "Feature",
      "geometry": {
        "type": "Point",
        "coordinates": [
          130.4164592,
          33.5770818
        ]
      },
      "properties": {
        "内容": "バス停: 百年橋",
        "name": "百年橋",
        "operator": "事業者不明",
        "ref": "",
        "url": "",
        "url2": ""
      }
    },
    {
      "type": "Feature",
      "geometry": {
        "type": "Point",
        "coordinates": [
          130.4189171,
          33.5782804
        ]
      },
      "properties": {
        "内容": "バス停: 美野島二丁目",
        "name": "美野島二丁目",
        "operator": "事業者不明",
        "ref": "",
        "url": "",
        "url2": ""
      }
    },
    {
      "type": "Feature",
      "geometry": {
        "type": "Point",
        "coordinates": [
          130.4135623,
          33.5761273
        ]
      },
      "properties": {
        "内容": "バス停: 那の川",
        "name": "那の川",
        "operator": "事業者不明",
        "ref": "",
        "url": "",
        "url2": ""
      }
    },
    {
      "type": "Feature",
      "geometry": {
        "type": "Point",
        "coordinates": [
          130.4101399,
          33.5753939
        ]
      },
      "properties": {
        "内容": "バス停: 那の川二丁目",
        "name": "那の川二丁目",
        "operator": "事業者不明",
        "ref": "",
        "url": "",
        "url2": ""
      }
    },
    {
      "type": "Feature",
      "geometry": {
        "type": "Point",
        "coordinates": [
          130.4244727,
          33.582436
        ]
      },
      "properties": {
        "内容": "バス停: 駅南三丁目",
        "name": "駅南三丁目",
        "operator": "事業者不明",
        "ref": "",
        "url": "",
        "url2": ""
      }
    },
    {
      "type": "Feature",
      "geometry": {
        "type": "Point",
        "coordinates": [
          130.4252344,
          33.5854387
        ]
      },
      "properties": {
        "内容": "バス停: 駅東三丁目",
        "name": "駅東三丁目",
        "operator": "事業者不明",
        "ref": "",
        "url": "",
        "url2": ""
      }
    },
    {
      "type": "Feature",
      "geometry": {
        "type": "Point",
        "coordinates": [
          130.4409521,
          33.7043286
        ]
      },
      "properties": {
        "内容": "バス停: 人丸",
        "name": "人丸",
        "operator": "事業者不明",
        "ref": "",
        "url": "",
        "url2": ""
      }
    },
    {
      "type": "Feature",
      "geometry": {
        "type": "Point",
        "coordinates": [
          130.4345041,
          33.693354
        ]
      },
      "properties": {
        "内容": "バス停: 和白丘",
        "name": "和白丘",
        "operator": "事業者不明",
        "ref": "",
        "url": "",
        "url2": ""
      }
    },
    {
      "type": "Feature",
      "geometry": {
        "type": "Point",
        "coordinates": [
          130.4413956,
          33.6729299
        ]
      },
      "properties": {
        "内容": "バス停: JR九産大前駅",
        "name": "JR九産大前駅",
        "operator": "事業者不明",
        "ref": "",
        "url": "",
        "url2": ""
      }
    },
    {
      "type": "Feature",
      "geometry": {
        "type": "Point",
        "coordinates": [
          130.4366313,
          33.6799626
        ]
      },
      "properties": {
        "内容": "バス停: 大名",
        "name": "大名",
        "operator": "事業者不明",
        "ref": "",
        "url": "",
        "url2": ""
      }
    },
    {
      "type": "Feature",
      "geometry": {
        "type": "Point",
        "coordinates": [
          130.4422916,
          33.6684575
        ]
      },
      "properties": {
        "内容": "バス停: 産業大学前",
        "name": "産業大学前",
        "operator": "事業者不明",
        "ref": "",
        "url": "",
        "url2": ""
      }
    },
    {
      "type": "Feature",
      "geometry": {
        "type": "Point",
        "coordinates": [
          130.4349053,
          33.6842636
        ]
      },
      "properties": {
        "内容": "バス停: 白浜",
        "name": "白浜",
        "operator": "事業者不明",
        "ref": "",
        "url": "",
        "url2": ""
      }
    },
    {
      "type": "Feature",
      "geometry": {
        "type": "Point",
        "coordinates": [
          130.4362819,
          33.6973804
        ]
      },
      "properties": {
        "内容": "バス停: 福工大前",
        "name": "福工大前",
        "operator": "事業者不明",
        "ref": "",
        "url": "",
        "url2": ""
      }
    },
    {
      "type": "Feature",
      "geometry": {
        "type": "Point",
        "coordinates": [
          130.7651621,
          33.8664552
        ]
      },
      "properties": {
        "内容": "バス停: 西鉄黒崎バスセンター",
        "name": "西鉄黒崎バスセンター",
        "operator": "事業者不明",
        "ref": "",
        "url": "",
        "url2": ""
      }
    },
    {
      "type": "Feature",
      "geometry": {
        "type": "Point",
        "coordinates": [
          130.5625113,
          33.4341028
        ]
      },
      "properties": {
        "内容": "バス停: 小郡高校前",
        "name": "小郡高校前",
        "operator": "事業者不明",
        "ref": "",
        "url": "",
        "url2": ""
      }
    },
    {
      "type": "Feature",
      "geometry": {
        "type": "Point",
        "coordinates": [
          130.4554586,
          33.6505226
        ]
      },
      "properties": {
        "内容": "バス停: 名称不明バス停",
        "name": "名称不明バス停",
        "operator": "事業者不明",
        "ref": "",
        "url": "",
        "url2": ""
      }
    },
    {
      "type": "Feature",
      "geometry": {
        "type": "Point",
        "coordinates": [
          130.4554858,
          33.6462222
        ]
      },
      "properties": {
        "内容": "バス停: 舞松原駅前",
        "name": "舞松原駅前",
        "operator": "事業者不明",
        "ref": "",
        "url": "",
        "url2": ""
      }
    },
    {
      "type": "Feature",
      "geometry": {
        "type": "Point",
        "coordinates": [
          130.4271133,
          33.6491554
        ]
      },
      "properties": {
        "内容": "バス停: 城浜団地",
        "name": "城浜団地",
        "operator": "事業者不明",
        "ref": "",
        "url": "",
        "url2": ""
      }
    },
    {
      "type": "Feature",
      "geometry": {
        "type": "Point",
        "coordinates": [
          130.4268877,
          33.6492198
        ]
      },
      "properties": {
        "内容": "バス停: 城浜団地",
        "name": "城浜団地",
        "operator": "事業者不明",
        "ref": "",
        "url": "",
        "url2": ""
      }
    },
    {
      "type": "Feature",
      "geometry": {
        "type": "Point",
        "coordinates": [
          130.4292421,
          33.6556899
        ]
      },
      "properties": {
        "内容": "バス停: 香椎浜中央",
        "name": "香椎浜中央",
        "operator": "事業者不明",
        "ref": "",
        "url": "",
        "url2": ""
      }
    },
    {
      "type": "Feature",
      "geometry": {
        "type": "Point",
        "coordinates": [
          130.4294449,
          33.6558115
        ]
      },
      "properties": {
        "内容": "バス停: 香椎浜中央",
        "name": "香椎浜中央",
        "operator": "事業者不明",
        "ref": "",
        "url": "",
        "url2": ""
      }
    },
    {
      "type": "Feature",
      "geometry": {
        "type": "Point",
        "coordinates": [
          130.4387928,
          33.6561114
        ]
      },
      "properties": {
        "内容": "バス停: 御幸町",
        "name": "御幸町",
        "operator": "事業者不明",
        "ref": "",
        "url": "",
        "url2": ""
      }
    },
    {
      "type": "Feature",
      "geometry": {
        "type": "Point",
        "coordinates": [
          130.4392229,
          33.6591406
        ]
      },
      "properties": {
        "内容": "バス停: 香椎",
        "name": "香椎",
        "operator": "事業者不明",
        "ref": "",
        "url": "",
        "url2": ""
      }
    },
    {
      "type": "Feature",
      "geometry": {
        "type": "Point",
        "coordinates": [
          130.880572,
          33.8843
        ]
      },
      "properties": {
        "内容": "バス停: 魚町",
        "name": "魚町",
        "operator": "事業者不明",
        "ref": "",
        "url": "",
        "url2": ""
      }
    },
    {
      "type": "Feature",
      "geometry": {
        "type": "Point",
        "coordinates": [
          130.883855,
          33.888577
        ]
      },
      "properties": {
        "内容": "バス停: 名称不明バス停",
        "name": "名称不明バス停",
        "operator": "事業者不明",
        "ref": "",
        "url": "",
        "url2": ""
      }
    },
    {
      "type": "Feature",
      "geometry": {
        "type": "Point",
        "coordinates": [
          130.5026157,
          33.3201933
        ]
      },
      "properties": {
        "内容": "バス停: JR久留米駅5",
        "name": "JR久留米駅5",
        "operator": "事業者不明",
        "ref": "",
        "url": "",
        "url2": ""
      }
    },
    {
      "type": "Feature",
      "geometry": {
        "type": "Point",
        "coordinates": [
          130.5025193,
          33.3203563
        ]
      },
      "properties": {
        "内容": "バス停: JR久留米駅3",
        "name": "JR久留米駅3",
        "operator": "事業者不明",
        "ref": "",
        "url": "",
        "url2": ""
      }
    },
    {
      "type": "Feature",
      "geometry": {
        "type": "Point",
        "coordinates": [
          130.5024239,
          33.3204677
        ]
      },
      "properties": {
        "内容": "バス停: JR久留米駅2",
        "name": "JR久留米駅2",
        "operator": "事業者不明",
        "ref": "",
        "url": "",
        "url2": ""
      }
    },
    {
      "type": "Feature",
      "geometry": {
        "type": "Point",
        "coordinates": [
          130.5022888,
          33.3204597
        ]
      },
      "properties": {
        "内容": "バス停: JR久留米駅1",
        "name": "JR久留米駅1",
        "operator": "事業者不明",
        "ref": "",
        "url": "",
        "url2": ""
      }
    },
    {
      "type": "Feature",
      "geometry": {
        "type": "Point",
        "coordinates": [
          130.5024101,
          33.3201859
        ]
      },
      "properties": {
        "内容": "バス停: JR久留米駅4 (西鉄バス)",
        "name": "JR久留米駅4",
        "operator": "西鉄バス",
        "ref": "",
        "url": "",
        "url2": ""
      }
    },
    {
      "type": "Feature",
      "geometry": {
        "type": "Point",
        "coordinates": [
          130.5312066,
          33.3133381
        ]
      },
      "properties": {
        "内容": "バス停: 文化センター前",
        "name": "文化センター前",
        "operator": "事業者不明",
        "ref": "",
        "url": "",
        "url2": ""
      }
    },
    {
      "type": "Feature",
      "geometry": {
        "type": "Point",
        "coordinates": [
          130.3983898,
          33.6043505
        ]
      },
      "properties": {
        "内容": "バス停: 博多埠頭 (西日本鉄道)",
        "name": "博多埠頭",
        "operator": "西日本鉄道",
        "ref": "",
        "url": "",
        "url2": ""
      }
    },
    {
      "type": "Feature",
      "geometry": {
        "type": "Point",
        "coordinates": [
          130.4006058,
          33.6810921
        ]
      },
      "properties": {
        "内容": "バス停: 雁ノ巣レクリエーションセンター",
        "name": "雁ノ巣レクリエーションセンター",
        "operator": "事業者不明",
        "ref": "",
        "url": "",
        "url2": ""
      }
    },
    {
      "type": "Feature",
      "geometry": {
        "type": "Point",
        "coordinates": [
          130.4216876,
          33.6272956
        ]
      },
      "properties": {
        "内容": "バス停: 九大北門",
        "name": "九大北門",
        "operator": "事業者不明",
        "ref": "",
        "url": "",
        "url2": ""
      }
    },
    {
      "type": "Feature",
      "geometry": {
        "type": "Point",
        "coordinates": [
          130.4329154,
          33.6457977
        ]
      },
      "properties": {
        "内容": "バス停: 千早公園前",
        "name": "千早公園前",
        "operator": "事業者不明",
        "ref": "",
        "url": "",
        "url2": ""
      }
    },
    {
      "type": "Feature",
      "geometry": {
        "type": "Point",
        "coordinates": [
          130.4300105,
          33.6421229
        ]
      },
      "properties": {
        "内容": "バス停: 名島",
        "name": "名島",
        "operator": "事業者不明",
        "ref": "",
        "url": "",
        "url2": ""
      }
    },
    {
      "type": "Feature",
      "geometry": {
        "type": "Point",
        "coordinates": [
          130.4148703,
          33.6150621
        ]
      },
      "properties": {
        "内容": "バス停: 浜松町",
        "name": "浜松町",
        "operator": "事業者不明",
        "ref": "",
        "url": "",
        "url2": ""
      }
    },
    {
      "type": "Feature",
      "geometry": {
        "type": "Point",
        "coordinates": [
          130.4200414,
          33.6228856
        ]
      },
      "properties": {
        "内容": "バス停: 箱崎松原",
        "name": "箱崎松原",
        "operator": "事業者不明",
        "ref": "",
        "url": "",
        "url2": ""
      }
    },
    {
      "type": "Feature",
      "geometry": {
        "type": "Point",
        "coordinates": [
          130.4169591,
          33.6179582
        ]
      },
      "properties": {
        "内容": "バス停: 箱崎浜",
        "name": "箱崎浜",
        "operator": "事業者不明",
        "ref": "",
        "url": "",
        "url2": ""
      }
    },
    {
      "type": "Feature",
      "geometry": {
        "type": "Point",
        "coordinates": [
          130.4188009,
          33.620517
        ]
      },
      "properties": {
        "内容": "バス停: 網屋立筋",
        "name": "網屋立筋",
        "operator": "事業者不明",
        "ref": "",
        "url": "",
        "url2": ""
      }
    },
    {
      "type": "Feature",
      "geometry": {
        "type": "Point",
        "coordinates": [
          130.4231343,
          33.630799
        ]
      },
      "properties": {
        "内容": "バス停: 貝塚",
        "name": "貝塚",
        "operator": "事業者不明",
        "ref": "",
        "url": "",
        "url2": ""
      }
    },
    {
      "type": "Feature",
      "geometry": {
        "type": "Point",
        "coordinates": [
          130.4252041,
          33.6377891
        ]
      },
      "properties": {
        "内容": "バス停: 高須磨団地",
        "name": "高須磨団地",
        "operator": "事業者不明",
        "ref": "",
        "url": "",
        "url2": ""
      }
    },
    {
      "type": "Feature",
      "geometry": {
        "type": "Point",
        "coordinates": [
          130.4248295,
          33.6363932
        ]
      },
      "properties": {
        "内容": "バス停: 高須磨町",
        "name": "高須磨町",
        "operator": "事業者不明",
        "ref": "",
        "url": "",
        "url2": ""
      }
    },
    {
      "type": "Feature",
      "geometry": {
        "type": "Point",
        "coordinates": [
          130.4031625,
          33.5940835
        ]
      },
      "properties": {
        "内容": "バス停: 中洲",
        "name": "中洲",
        "operator": "事業者不明",
        "ref": "",
        "url": "",
        "url2": ""
      }
    },
    {
      "type": "Feature",
      "geometry": {
        "type": "Point",
        "coordinates": [
          130.4108517,
          33.6088531
        ]
      },
      "properties": {
        "内容": "バス停: 千代五丁目",
        "name": "千代五丁目",
        "operator": "事業者不明",
        "ref": "",
        "url": "",
        "url2": ""
      }
    },
    {
      "type": "Feature",
      "geometry": {
        "type": "Point",
        "coordinates": [
          130.4059922,
          33.5970044
        ]
      },
      "properties": {
        "内容": "バス停: 博多五町",
        "name": "博多五町",
        "operator": "事業者不明",
        "ref": "",
        "url": "",
        "url2": ""
      }
    },
    {
      "type": "Feature",
      "geometry": {
        "type": "Point",
        "coordinates": [
          130.4001037,
          33.5925328
        ]
      },
      "properties": {
        "内容": "バス停: 天神中央郵便局前 (西日本鉄道)",
        "name": "天神中央郵便局前",
        "operator": "西日本鉄道",
        "ref": "",
        "url": "",
        "url2": ""
      }
    },
    {
      "type": "Feature",
      "geometry": {
        "type": "Point",
        "coordinates": [
          130.4096438,
          33.6035143
        ]
      },
      "properties": {
        "内容": "バス停: 石堂大橋",
        "name": "石堂大橋",
        "operator": "事業者不明",
        "ref": "",
        "url": "",
        "url2": ""
      }
    },
    {
      "type": "Feature",
      "geometry": {
        "type": "Point",
        "coordinates": [
          130.4074348,
          33.598521
        ]
      },
      "properties": {
        "内容": "バス停: 蔵本",
        "name": "蔵本",
        "operator": "事業者不明",
        "ref": "",
        "url": "",
        "url2": ""
      }
    },
    {
      "type": "Feature",
      "geometry": {
        "type": "Point",
        "coordinates": [
          130.4131933,
          33.6126345
        ]
      },
      "properties": {
        "内容": "バス停: 馬出三丁目",
        "name": "馬出三丁目",
        "operator": "事業者不明",
        "ref": "",
        "url": "",
        "url2": ""
      }
    },
    {
      "type": "Feature",
      "geometry": {
        "type": "Point",
        "coordinates": [
          130.3990984,
          33.590358
        ]
      },
      "properties": {
        "内容": "バス停: 天神ソラリアステージ前 (西日本鉄道)",
        "name": "天神ソラリアステージ前",
        "operator": "西日本鉄道",
        "ref": "",
        "url": "",
        "url2": ""
      }
    },
    {
      "type": "Feature",
      "geometry": {
        "type": "Point",
        "coordinates": [
          130.4014592,
          33.5991041
        ]
      },
      "properties": {
        "内容": "バス停: 対馬小路",
        "name": "対馬小路",
        "operator": "事業者不明",
        "ref": "",
        "url": "",
        "url2": ""
      }
    },
    {
      "type": "Feature",
      "geometry": {
        "type": "Point",
        "coordinates": [
          130.3992748,
          33.5956452
        ]
      },
      "properties": {
        "内容": "バス停: 市民会館前",
        "name": "市民会館前",
        "operator": "事業者不明",
        "ref": "",
        "url": "",
        "url2": ""
      }
    },
    {
      "type": "Feature",
      "geometry": {
        "type": "Point",
        "coordinates": [
          130.4002972,
          33.6015411
        ]
      },
      "properties": {
        "内容": "バス停: 築港本町",
        "name": "築港本町",
        "operator": "事業者不明",
        "ref": "",
        "url": "",
        "url2": ""
      }
    },
    {
      "type": "Feature",
      "geometry": {
        "type": "Point",
        "coordinates": [
          130.3554812,
          33.6484235
        ]
      },
      "properties": {
        "内容": "バス停: 日出町",
        "name": "日出町",
        "operator": "事業者不明",
        "ref": "",
        "url": "",
        "url2": ""
      }
    },
    {
      "type": "Feature",
      "geometry": {
        "type": "Point",
        "coordinates": [
          130.4245715,
          33.6444355
        ]
      },
      "properties": {
        "内容": "バス停: 名島運動公園前",
        "name": "名島運動公園前",
        "operator": "事業者不明",
        "ref": "",
        "url": "",
        "url2": ""
      }
    },
    {
      "type": "Feature",
      "geometry": {
        "type": "Point",
        "coordinates": [
          130.3981637,
          33.5930251
        ]
      },
      "properties": {
        "内容": "バス停: 天神北 (西日本鉄道)",
        "name": "天神北",
        "operator": "西日本鉄道",
        "ref": "9A",
        "url": "",
        "url2": ""
      }
    },
    {
      "type": "Feature",
      "geometry": {
        "type": "Point",
        "coordinates": [
          130.3993505,
          33.5927245
        ]
      },
      "properties": {
        "内容": "バス停: 天神中央郵便局前 (西日本鉄道)",
        "name": "天神中央郵便局前",
        "operator": "西日本鉄道",
        "ref": "",
        "url": "",
        "url2": ""
      }
    },
    {
      "type": "Feature",
      "geometry": {
        "type": "Point",
        "coordinates": [
          130.4007539,
          33.5886956
        ]
      },
      "properties": {
        "内容": "バス停: 天神大丸前 (西日本鉄道)",
        "name": "天神大丸前",
        "operator": "西日本鉄道",
        "ref": "",
        "url": "",
        "url2": ""
      }
    },
    {
      "type": "Feature",
      "geometry": {
        "type": "Point",
        "coordinates": [
          130.4137594,
          33.5738331
        ]
      },
      "properties": {
        "内容": "バス停: 日赤前",
        "name": "日赤前",
        "operator": "事業者不明",
        "ref": "",
        "url": "",
        "url2": ""
      }
    },
    {
      "type": "Feature",
      "geometry": {
        "type": "Point",
        "coordinates": [
          130.4172363,
          33.569809
        ]
      },
      "properties": {
        "内容": "バス停: 清水町",
        "name": "清水町",
        "operator": "事業者不明",
        "ref": "",
        "url": "",
        "url2": ""
      }
    },
    {
      "type": "Feature",
      "geometry": {
        "type": "Point",
        "coordinates": [
          130.407302,
          33.5812503
        ]
      },
      "properties": {
        "内容": "バス停: 渡辺通一丁目 FM福岡前",
        "name": "渡辺通一丁目 FM福岡前",
        "operator": "事業者不明",
        "ref": "",
        "url": "",
        "url2": ""
      }
    },
    {
      "type": "Feature",
      "geometry": {
        "type": "Point",
        "coordinates": [
          130.4051094,
          33.5838185
        ]
      },
      "properties": {
        "内容": "バス停: 渡辺通一丁目 電気ビル共創館前",
        "name": "渡辺通一丁目 電気ビル共創館前",
        "operator": "事業者不明",
        "ref": "",
        "url": "",
        "url2": ""
      }
    },
    {
      "type": "Feature",
      "geometry": {
        "type": "Point",
        "coordinates": [
          130.4127958,
          33.5749421
        ]
      },
      "properties": {
        "内容": "バス停: 那の川",
        "name": "那の川",
        "operator": "事業者不明",
        "ref": "",
        "url": "",
        "url2": ""
      }
    },
    {
      "type": "Feature",
      "geometry": {
        "type": "Point",
        "coordinates": [
          130.4156241,
          33.5640379
        ]
      },
      "properties": {
        "内容": "バス停: 野間四角",
        "name": "野間四角",
        "operator": "事業者不明",
        "ref": "",
        "url": "",
        "url2": ""
      }
    },
    {
      "type": "Feature",
      "geometry": {
        "type": "Point",
        "coordinates": [
          130.461988,
          33.6511407
        ]
      },
      "properties": {
        "内容": "バス停: 青葉公園北",
        "name": "青葉公園北",
        "operator": "事業者不明",
        "ref": "",
        "url": "",
        "url2": ""
      }
    },
    {
      "type": "Feature",
      "geometry": {
        "type": "Point",
        "coordinates": [
          130.4609529,
          33.6531856
        ]
      },
      "properties": {
        "内容": "バス停: 香椎台四丁目",
        "name": "香椎台四丁目",
        "operator": "事業者不明",
        "ref": "",
        "url": "",
        "url2": ""
      }
    },
    {
      "type": "Feature",
      "geometry": {
        "type": "Point",
        "coordinates": [
          130.4471932,
          33.654636
        ]
      },
      "properties": {
        "内容": "バス停: 勅使道",
        "name": "勅使道",
        "operator": "事業者不明",
        "ref": "",
        "url": "",
        "url2": ""
      }
    },
    {
      "type": "Feature",
      "geometry": {
        "type": "Point",
        "coordinates": [
          130.4469323,
          33.6548107
        ]
      },
      "properties": {
        "内容": "バス停: 勅使道",
        "name": "勅使道",
        "operator": "事業者不明",
        "ref": "",
        "url": "",
        "url2": ""
      }
    },
    {
      "type": "Feature",
      "geometry": {
        "type": "Point",
        "coordinates": [
          130.4365078,
          33.6562117
        ]
      },
      "properties": {
        "内容": "バス停: 御幸公園前",
        "name": "御幸公園前",
        "operator": "事業者不明",
        "ref": "",
        "url": "",
        "url2": ""
      }
    },
    {
      "type": "Feature",
      "geometry": {
        "type": "Point",
        "coordinates": [
          130.4368136,
          33.656596
        ]
      },
      "properties": {
        "内容": "バス停: 御幸公園前",
        "name": "御幸公園前",
        "operator": "事業者不明",
        "ref": "",
        "url": "",
        "url2": ""
      }
    },
    {
      "type": "Feature",
      "geometry": {
        "type": "Point",
        "coordinates": [
          130.4377817,
          33.6566696
        ]
      },
      "properties": {
        "内容": "バス停: 御幸町",
        "name": "御幸町",
        "operator": "事業者不明",
        "ref": "",
        "url": "",
        "url2": ""
      }
    },
    {
      "type": "Feature",
      "geometry": {
        "type": "Point",
        "coordinates": [
          130.4340103,
          33.6517493
        ]
      },
      "properties": {
        "内容": "バス停: 福岡運輸支局",
        "name": "福岡運輸支局",
        "operator": "事業者不明",
        "ref": "",
        "url": "",
        "url2": ""
      }
    },
    {
      "type": "Feature",
      "geometry": {
        "type": "Point",
        "coordinates": [
          130.4339637,
          33.6519025
        ]
      },
      "properties": {
        "内容": "バス停: 福岡運輸支局",
        "name": "福岡運輸支局",
        "operator": "事業者不明",
        "ref": "",
        "url": "",
        "url2": ""
      }
    },
    {
      "type": "Feature",
      "geometry": {
        "type": "Point",
        "coordinates": [
          130.4418936,
          33.6559661
        ]
      },
      "properties": {
        "内容": "バス停: 香椎参道",
        "name": "香椎参道",
        "operator": "事業者不明",
        "ref": "",
        "url": "",
        "url2": ""
      }
    },
    {
      "type": "Feature",
      "geometry": {
        "type": "Point",
        "coordinates": [
          130.4419166,
          33.6557724
        ]
      },
      "properties": {
        "内容": "バス停: 香椎参道",
        "name": "香椎参道",
        "operator": "事業者不明",
        "ref": "",
        "url": "",
        "url2": ""
      }
    },
    {
      "type": "Feature",
      "geometry": {
        "type": "Point",
        "coordinates": [
          130.4549973,
          33.6518428
        ]
      },
      "properties": {
        "内容": "バス停: 香椎台一丁目",
        "name": "香椎台一丁目",
        "operator": "事業者不明",
        "ref": "",
        "url": "",
        "url2": ""
      }
    },
    {
      "type": "Feature",
      "geometry": {
        "type": "Point",
        "coordinates": [
          130.4590833,
          33.6539033
        ]
      },
      "properties": {
        "内容": "バス停: 香椎台五丁目",
        "name": "香椎台五丁目",
        "operator": "事業者不明",
        "ref": "",
        "url": "",
        "url2": ""
      }
    },
    {
      "type": "Feature",
      "geometry": {
        "type": "Point",
        "coordinates": [
          130.4505053,
          33.6526988
        ]
      },
      "properties": {
        "内容": "バス停: 香椎宮しょうぶ園前",
        "name": "香椎宮しょうぶ園前",
        "operator": "事業者不明",
        "ref": "",
        "url": "",
        "url2": ""
      }
    },
    {
      "type": "Feature",
      "geometry": {
        "type": "Point",
        "coordinates": [
          130.4504693,
          33.6527711
        ]
      },
      "properties": {
        "内容": "バス停: 香椎宮前",
        "name": "香椎宮前",
        "operator": "事業者不明",
        "ref": "",
        "url": "",
        "url2": ""
      }
    },
    {
      "type": "Feature",
      "geometry": {
        "type": "Point",
        "coordinates": [
          130.4575941,
          33.6537849
        ]
      },
      "properties": {
        "内容": "バス停: 香椎東小学校",
        "name": "香椎東小学校",
        "operator": "事業者不明",
        "ref": "",
        "url": "",
        "url2": ""
      }
    },
    {
      "type": "Feature",
      "geometry": {
        "type": "Point",
        "coordinates": [
          130.4352935,
          33.6539406
        ]
      },
      "properties": {
        "内容": "バス停: 香椎浜四丁目",
        "name": "香椎浜四丁目",
        "operator": "事業者不明",
        "ref": "",
        "url": "",
        "url2": ""
      }
    },
    {
      "type": "Feature",
      "geometry": {
        "type": "Point",
        "coordinates": [
          130.4351196,
          33.6540429
        ]
      },
      "properties": {
        "内容": "バス停: 香椎浜四丁目",
        "name": "香椎浜四丁目",
        "operator": "事業者不明",
        "ref": "",
        "url": "",
        "url2": ""
      }
    },
    {
      "type": "Feature",
      "geometry": {
        "type": "Point",
        "coordinates": [
          130.4536375,
          33.6482123
        ]
      },
      "properties": {
        "内容": "バス停: 不動ヶ浦",
        "name": "不動ヶ浦",
        "operator": "事業者不明",
        "ref": "",
        "url": "",
        "url2": ""
      }
    },
    {
      "type": "Feature",
      "geometry": {
        "type": "Point",
        "coordinates": [
          130.452235,
          33.6504202
        ]
      },
      "properties": {
        "内容": "バス停: 神宮駅前",
        "name": "神宮駅前",
        "operator": "事業者不明",
        "ref": "",
        "url": "",
        "url2": ""
      }
    },
    {
      "type": "Feature",
      "geometry": {
        "type": "Point",
        "coordinates": [
          130.4321542,
          33.6463701
        ]
      },
      "properties": {
        "内容": "バス停: 千早公園前",
        "name": "千早公園前",
        "operator": "事業者不明",
        "ref": "",
        "url": "",
        "url2": ""
      }
    },
    {
      "type": "Feature",
      "geometry": {
        "type": "Point",
        "coordinates": [
          130.4275493,
          33.6482365
        ]
      },
      "properties": {
        "内容": "バス停: 城浜団地口",
        "name": "城浜団地口",
        "operator": "事業者不明",
        "ref": "",
        "url": "",
        "url2": ""
      }
    },
    {
      "type": "Feature",
      "geometry": {
        "type": "Point",
        "coordinates": [
          130.4299725,
          33.6477889
        ]
      },
      "properties": {
        "内容": "バス停: 西汐見",
        "name": "西汐見",
        "operator": "事業者不明",
        "ref": "",
        "url": "",
        "url2": ""
      }
    },
    {
      "type": "Feature",
      "geometry": {
        "type": "Point",
        "coordinates": [
          130.4311597,
          33.6511262
        ]
      },
      "properties": {
        "内容": "バス停: 香椎浜一丁目",
        "name": "香椎浜一丁目",
        "operator": "事業者不明",
        "ref": "",
        "url": "",
        "url2": ""
      }
    },
    {
      "type": "Feature",
      "geometry": {
        "type": "Point",
        "coordinates": [
          130.4308323,
          33.6512506
        ]
      },
      "properties": {
        "内容": "バス停: 香椎浜一丁目",
        "name": "香椎浜一丁目",
        "operator": "事業者不明",
        "ref": "",
        "url": "",
        "url2": ""
      }
    },
    {
      "type": "Feature",
      "geometry": {
        "type": "Point",
        "coordinates": [
          130.4213266,
          33.6266793
        ]
      },
      "properties": {
        "内容": "バス停: 九大北門",
        "name": "九大北門",
        "operator": "事業者不明",
        "ref": "",
        "url": "",
        "url2": ""
      }
    },
    {
      "type": "Feature",
      "geometry": {
        "type": "Point",
        "coordinates": [
          130.410665,
          33.6088533
        ]
      },
      "properties": {
        "内容": "バス停: 千代五丁目",
        "name": "千代五丁目",
        "operator": "事業者不明",
        "ref": "",
        "url": "",
        "url2": ""
      }
    },
    {
      "type": "Feature",
      "geometry": {
        "type": "Point",
        "coordinates": [
          130.4092243,
          33.6055778
        ]
      },
      "properties": {
        "内容": "バス停: 千鳥橋",
        "name": "千鳥橋",
        "operator": "事業者不明",
        "ref": "",
        "url": "",
        "url2": ""
      }
    },
    {
      "type": "Feature",
      "geometry": {
        "type": "Point",
        "coordinates": [
          130.4146734,
          33.6149382
        ]
      },
      "properties": {
        "内容": "バス停: 浜松町",
        "name": "浜松町",
        "operator": "事業者不明",
        "ref": "",
        "url": "",
        "url2": ""
      }
    },
    {
      "type": "Feature",
      "geometry": {
        "type": "Point",
        "coordinates": [
          130.4103062,
          33.6021807
        ]
      },
      "properties": {
        "内容": "バス停: 石堂大橋",
        "name": "石堂大橋",
        "operator": "事業者不明",
        "ref": "",
        "url": "",
        "url2": ""
      }
    },
    {
      "type": "Feature",
      "geometry": {
        "type": "Point",
        "coordinates": [
          130.4200872,
          33.6235963
        ]
      },
      "properties": {
        "内容": "バス停: 箱崎松原",
        "name": "箱崎松原",
        "operator": "事業者不明",
        "ref": "",
        "url": "",
        "url2": ""
      }
    },
    {
      "type": "Feature",
      "geometry": {
        "type": "Point",
        "coordinates": [
          130.4170329,
          33.6181813
        ]
      },
      "properties": {
        "内容": "バス停: 箱崎浜",
        "name": "箱崎浜",
        "operator": "事業者不明",
        "ref": "",
        "url": "",
        "url2": ""
      }
    },
    {
      "type": "Feature",
      "geometry": {
        "type": "Point",
        "coordinates": [
          130.4186819,
          33.6205218
        ]
      },
      "properties": {
        "内容": "バス停: 網屋立筋",
        "name": "網屋立筋",
        "operator": "事業者不明",
        "ref": "",
        "url": "",
        "url2": ""
      }
    },
    {
      "type": "Feature",
      "geometry": {
        "type": "Point",
        "coordinates": [
          130.423489,
          33.6319988
        ]
      },
      "properties": {
        "内容": "バス停: 貝塚",
        "name": "貝塚",
        "operator": "事業者不明",
        "ref": "",
        "url": "",
        "url2": ""
      }
    },
    {
      "type": "Feature",
      "geometry": {
        "type": "Point",
        "coordinates": [
          130.4123295,
          33.6116475
        ]
      },
      "properties": {
        "内容": "バス停: 馬出三丁目",
        "name": "馬出三丁目",
        "operator": "事業者不明",
        "ref": "",
        "url": "",
        "url2": ""
      }
    },
    {
      "type": "Feature",
      "geometry": {
        "type": "Point",
        "coordinates": [
          130.4252521,
          33.6381641
        ]
      },
      "properties": {
        "内容": "バス停: 高須磨団地",
        "name": "高須磨団地",
        "operator": "事業者不明",
        "ref": "",
        "url": "",
        "url2": ""
      }
    },
    {
      "type": "Feature",
      "geometry": {
        "type": "Point",
        "coordinates": [
          130.4245157,
          33.6363637
        ]
      },
      "properties": {
        "内容": "バス停: 高須磨町",
        "name": "高須磨町",
        "operator": "事業者不明",
        "ref": "",
        "url": "",
        "url2": ""
      }
    },
    {
      "type": "Feature",
      "geometry": {
        "type": "Point",
        "coordinates": [
          130.4056427,
          33.5971688
        ]
      },
      "properties": {
        "内容": "バス停: 博多五町",
        "name": "博多五町",
        "operator": "事業者不明",
        "ref": "",
        "url": "",
        "url2": ""
      }
    },
    {
      "type": "Feature",
      "geometry": {
        "type": "Point",
        "coordinates": [
          130.4070793,
          33.5986876
        ]
      },
      "properties": {
        "内容": "バス停: 蔵本",
        "name": "蔵本",
        "operator": "事業者不明",
        "ref": "",
        "url": "",
        "url2": ""
      }
    },
    {
      "type": "Feature",
      "geometry": {
        "type": "Point",
        "coordinates": [
          130.5392283,
          33.3210335
        ]
      },
      "properties": {
        "内容": "バス停: ゆめタウン 久留米",
        "name": "ゆめタウン 久留米",
        "operator": "事業者不明",
        "ref": "",
        "url": "",
        "url2": ""
      }
    },
    {
      "type": "Feature",
      "geometry": {
        "type": "Point",
        "coordinates": [
          130.510203,
          33.3275739
        ]
      },
      "properties": {
        "内容": "バス停: 医学部前",
        "name": "医学部前",
        "operator": "事業者不明",
        "ref": "",
        "url": "",
        "url2": ""
      }
    },
    {
      "type": "Feature",
      "geometry": {
        "type": "Point",
        "coordinates": [
          130.5104283,
          33.3258923
        ]
      },
      "properties": {
        "内容": "バス停: 大学病院",
        "name": "大学病院",
        "operator": "事業者不明",
        "ref": "",
        "url": "",
        "url2": ""
      }
    },
    {
      "type": "Feature",
      "geometry": {
        "type": "Point",
        "coordinates": [
          130.5098379,
          33.3263857
        ]
      },
      "properties": {
        "内容": "バス停: 大学病院",
        "name": "大学病院",
        "operator": "事業者不明",
        "ref": "",
        "url": "",
        "url2": ""
      }
    },
    {
      "type": "Feature",
      "geometry": {
        "type": "Point",
        "coordinates": [
          130.509252,
          33.3244445
        ]
      },
      "properties": {
        "内容": "バス停: 旭町団地前",
        "name": "旭町団地前",
        "operator": "事業者不明",
        "ref": "",
        "url": "",
        "url2": ""
      }
    },
    {
      "type": "Feature",
      "geometry": {
        "type": "Point",
        "coordinates": [
          130.5063274,
          33.3195985
        ]
      },
      "properties": {
        "内容": "バス停: 築島",
        "name": "築島",
        "operator": "事業者不明",
        "ref": "",
        "url": "",
        "url2": ""
      }
    },
    {
      "type": "Feature",
      "geometry": {
        "type": "Point",
        "coordinates": [
          130.5334272,
          33.312167
        ]
      },
      "properties": {
        "内容": "バス停: 久留米総合庁舎前",
        "name": "久留米総合庁舎前",
        "operator": "事業者不明",
        "ref": "",
        "url": "",
        "url2": ""
      }
    },
    {
      "type": "Feature",
      "geometry": {
        "type": "Point",
        "coordinates": [
          130.5266566,
          33.3146722
        ]
      },
      "properties": {
        "内容": "バス停: 五穀神社",
        "name": "五穀神社",
        "operator": "事業者不明",
        "ref": "",
        "url": "",
        "url2": ""
      }
    },
    {
      "type": "Feature",
      "geometry": {
        "type": "Point",
        "coordinates": [
          130.5435331,
          33.3103259
        ]
      },
      "properties": {
        "内容": "バス停: 千本杉",
        "name": "千本杉",
        "operator": "事業者不明",
        "ref": "",
        "url": "",
        "url2": ""
      }
    },
    {
      "type": "Feature",
      "geometry": {
        "type": "Point",
        "coordinates": [
          130.5502301,
          33.312258
        ]
      },
      "properties": {
        "内容": "バス停: 合川",
        "name": "合川",
        "operator": "事業者不明",
        "ref": "",
        "url": "",
        "url2": ""
      }
    },
    {
      "type": "Feature",
      "geometry": {
        "type": "Point",
        "coordinates": [
          130.5367648,
          33.3111308
        ]
      },
      "properties": {
        "内容": "バス停: 高良川",
        "name": "高良川",
        "operator": "事業者不明",
        "ref": "",
        "url": "",
        "url2": ""
      }
    },
    {
      "type": "Feature",
      "geometry": {
        "type": "Point",
        "coordinates": [
          130.5700884,
          33.8077013
        ]
      },
      "properties": {
        "内容": "バス停: 赤間駅南口 (西日本鉄道;西鉄バス宗像;宗像市)",
        "name": "赤間駅南口",
        "operator": "西日本鉄道;西鉄バス宗像;宗像市",
        "ref": "",
        "url": "",
        "url2": ""
      }
    },
    {
      "type": "Feature",
      "geometry": {
        "type": "Point",
        "coordinates": [
          130.9619596,
          33.944762
        ]
      },
      "properties": {
        "内容": "バス停: 門司港駅前 (西鉄バス北九州)",
        "name": "門司港駅前",
        "operator": "西鉄バス北九州",
        "ref": "",
        "url": "",
        "url2": ""
      }
    },
    {
      "type": "Feature",
      "geometry": {
        "type": "Point",
        "coordinates": [
          130.5105675,
          33.7744311
        ]
      },
      "properties": {
        "内容": "バス停: 東福間 (西日本鉄道)",
        "name": "東福間",
        "operator": "西日本鉄道",
        "ref": "",
        "url": "",
        "url2": ""
      }
    },
    {
      "type": "Feature",
      "geometry": {
        "type": "Point",
        "coordinates": [
          130.510436,
          33.7746173
        ]
      },
      "properties": {
        "内容": "バス停: 東福間 (西日本鉄道)",
        "name": "東福間",
        "operator": "西日本鉄道",
        "ref": "",
        "url": "",
        "url2": ""
      }
    },
    {
      "type": "Feature",
      "geometry": {
        "type": "Point",
        "coordinates": [
          130.881334,
          33.882743
        ]
      },
      "properties": {
        "内容": "バス停: 名称不明バス停",
        "name": "名称不明バス停",
        "operator": "事業者不明",
        "ref": "",
        "url": "",
        "url2": ""
      }
    },
    {
      "type": "Feature",
      "geometry": {
        "type": "Point",
        "coordinates": [
          130.881363,
          33.883172
        ]
      },
      "properties": {
        "内容": "バス停: 平和通",
        "name": "平和通",
        "operator": "事業者不明",
        "ref": "",
        "url": "",
        "url2": ""
      }
    },
    {
      "type": "Feature",
      "geometry": {
        "type": "Point",
        "coordinates": [
          130.22429,
          33.595781
        ]
      },
      "properties": {
        "内容": "バス停: たけのこ保育園 (aimo)",
        "name": "たけのこ保育園",
        "operator": "aimo",
        "ref": "22",
        "url": "",
        "url2": ""
      }
    },
    {
      "type": "Feature",
      "geometry": {
        "type": "Point",
        "coordinates": [
          130.2115602,
          33.5974462
        ]
      },
      "properties": {
        "内容": "バス停: ウエストゾーン西B（ウエスト方面行き） (aimo)",
        "name": "ウエストゾーン西B（ウエスト方面行き）",
        "operator": "aimo",
        "ref": "07",
        "url": "",
        "url2": ""
      }
    },
    {
      "type": "Feature",
      "geometry": {
        "type": "Point",
        "coordinates": [
          130.3994311,
          33.5905232
        ]
      },
      "properties": {
        "内容": "バス停: 天神コア前 (西日本鉄道)",
        "name": "天神コア前",
        "operator": "西日本鉄道",
        "ref": "",
        "url": "",
        "url2": ""
      }
    },
    {
      "type": "Feature",
      "geometry": {
        "type": "Point",
        "coordinates": [
          130.3993876,
          33.5906288
        ]
      },
      "properties": {
        "内容": "バス停: 天神コア前 (西日本鉄道)",
        "name": "天神コア前",
        "operator": "西日本鉄道",
        "ref": "",
        "url": "",
        "url2": ""
      }
    },
    {
      "type": "Feature",
      "geometry": {
        "type": "Point",
        "coordinates": [
          130.3992943,
          33.5908581
        ]
      },
      "properties": {
        "内容": "バス停: 天神コア前 (西日本鉄道)",
        "name": "天神コア前",
        "operator": "西日本鉄道",
        "ref": "",
        "url": "",
        "url2": ""
      }
    },
    {
      "type": "Feature",
      "geometry": {
        "type": "Point",
        "coordinates": [
          130.3991278,
          33.590274
        ]
      },
      "properties": {
        "内容": "バス停: 天神ソラリアステージ前 (西日本鉄道)",
        "name": "天神ソラリアステージ前",
        "operator": "西日本鉄道",
        "ref": "",
        "url": "",
        "url2": ""
      }
    },
    {
      "type": "Feature",
      "geometry": {
        "type": "Point",
        "coordinates": [
          130.4008623,
          33.5885995
        ]
      },
      "properties": {
        "内容": "バス停: 天神大丸前 (西日本鉄道)",
        "name": "天神大丸前",
        "operator": "西日本鉄道",
        "ref": "",
        "url": "",
        "url2": ""
      }
    },
    {
      "type": "Feature",
      "geometry": {
        "type": "Point",
        "coordinates": [
          130.4006748,
          33.5887903
        ]
      },
      "properties": {
        "内容": "バス停: 天神大丸前 (西日本鉄道)",
        "name": "天神大丸前",
        "operator": "西日本鉄道",
        "ref": "",
        "url": "",
        "url2": ""
      }
    },
    {
      "type": "Feature",
      "geometry": {
        "type": "Point",
        "coordinates": [
          130.4003662,
          33.5886378
        ]
      },
      "properties": {
        "内容": "バス停: 西鉄天神高速バスターミナル前 (西日本鉄道)",
        "name": "西鉄天神高速バスターミナル前",
        "operator": "西日本鉄道",
        "ref": "",
        "url": "",
        "url2": ""
      }
    },
    {
      "type": "Feature",
      "geometry": {
        "type": "Point",
        "coordinates": [
          130.3997054,
          33.5893569
        ]
      },
      "properties": {
        "内容": "バス停: 天神高速バスターミナル前 (西日本鉄道)",
        "name": "天神高速バスターミナル前",
        "operator": "西日本鉄道",
        "ref": "",
        "url": "",
        "url2": ""
      }
    },
    {
      "type": "Feature",
      "geometry": {
        "type": "Point",
        "coordinates": [
          130.5736963,
          33.7951231
        ]
      },
      "properties": {
        "内容": "バス停: 森林都市 (西日本鉄道;西鉄バス宗像)",
        "name": "森林都市",
        "operator": "西日本鉄道;西鉄バス宗像",
        "ref": "",
        "url": "",
        "url2": ""
      }
    },
    {
      "type": "Feature",
      "geometry": {
        "type": "Point",
        "coordinates": [
          130.4030028,
          33.5944413
        ]
      },
      "properties": {
        "内容": "バス停: 中洲",
        "name": "中洲",
        "operator": "事業者不明",
        "ref": "",
        "url": "",
        "url2": ""
      }
    },
    {
      "type": "Feature",
      "geometry": {
        "type": "Point",
        "coordinates": [
          130.3990232,
          33.5926444
        ]
      },
      "properties": {
        "内容": "バス停: 天神中央郵便局前 (西日本鉄道)",
        "name": "天神中央郵便局前",
        "operator": "西日本鉄道",
        "ref": "",
        "url": "",
        "url2": ""
      }
    },
    {
      "type": "Feature",
      "geometry": {
        "type": "Point",
        "coordinates": [
          130.3991812,
          33.5926859
        ]
      },
      "properties": {
        "内容": "バス停: 天神中央郵便局前 (西日本鉄道)",
        "name": "天神中央郵便局前",
        "operator": "西日本鉄道",
        "ref": "",
        "url": "",
        "url2": ""
      }
    },
    {
      "type": "Feature",
      "geometry": {
        "type": "Point",
        "coordinates": [
          130.399818,
          33.5928219
        ]
      },
      "properties": {
        "内容": "バス停: 天神日銀前 (西日本鉄道)",
        "name": "天神日銀前",
        "operator": "西日本鉄道",
        "ref": "",
        "url": "",
        "url2": ""
      }
    },
    {
      "type": "Feature",
      "geometry": {
        "type": "Point",
        "coordinates": [
          130.3999435,
          33.5928576
        ]
      },
      "properties": {
        "内容": "バス停: 天神日銀前 (西日本鉄道)",
        "name": "天神日銀前",
        "operator": "西日本鉄道",
        "ref": "",
        "url": "",
        "url2": ""
      }
    },
    {
      "type": "Feature",
      "geometry": {
        "type": "Point",
        "coordinates": [
          130.5912311,
          33.808717
        ]
      },
      "properties": {
        "内容": "バス停: 赤間バスセンター (西日本鉄道)",
        "name": "赤間バスセンター",
        "operator": "西日本鉄道",
        "ref": "",
        "url": "",
        "url2": ""
      }
    },
    {
      "type": "Feature",
      "geometry": {
        "type": "Point",
        "coordinates": [
          130.5914233,
          33.8087487
        ]
      },
      "properties": {
        "内容": "バス停: 赤間バスセンター (西鉄バス宗像)",
        "name": "赤間バスセンター",
        "operator": "西鉄バス宗像",
        "ref": "",
        "url": "",
        "url2": ""
      }
    },
    {
      "type": "Feature",
      "geometry": {
        "type": "Point",
        "coordinates": [
          130.5912071,
          33.8087827
        ]
      },
      "properties": {
        "内容": "バス停: 赤間バスセンター (西日本鉄道)",
        "name": "赤間バスセンター",
        "operator": "西日本鉄道",
        "ref": "",
        "url": "",
        "url2": ""
      }
    },
    {
      "type": "Feature",
      "geometry": {
        "type": "Point",
        "coordinates": [
          130.5914034,
          33.8088126
        ]
      },
      "properties": {
        "内容": "バス停: 赤間バスセンター (西鉄バス宗像;西鉄バス筑豊)",
        "name": "赤間バスセンター",
        "operator": "西鉄バス宗像;西鉄バス筑豊",
        "ref": "",
        "url": "",
        "url2": ""
      }
    },
    {
      "type": "Feature",
      "geometry": {
        "type": "Point",
        "coordinates": [
          130.6023369,
          33.7878353
        ]
      },
      "properties": {
        "内容": "バス停: 広陵台児童公園前 (西日本鉄道;西鉄バス宗像)",
        "name": "広陵台児童公園前",
        "operator": "西日本鉄道;西鉄バス宗像",
        "ref": "",
        "url": "",
        "url2": ""
      }
    },
    {
      "type": "Feature",
      "geometry": {
        "type": "Point",
        "coordinates": [
          130.6021779,
          33.787894
        ]
      },
      "properties": {
        "内容": "バス停: 広陵台児童公園前 (西日本鉄道;西鉄バス宗像)",
        "name": "広陵台児童公園前",
        "operator": "西日本鉄道;西鉄バス宗像",
        "ref": "",
        "url": "",
        "url2": ""
      }
    },
    {
      "type": "Feature",
      "geometry": {
        "type": "Point",
        "coordinates": [
          130.6091071,
          33.796452
        ]
      },
      "properties": {
        "内容": "バス停: 日赤看護大学 (西日本鉄道;西鉄バス宗像)",
        "name": "日赤看護大学",
        "operator": "西日本鉄道;西鉄バス宗像",
        "ref": "",
        "url": "",
        "url2": ""
      }
    },
    {
      "type": "Feature",
      "geometry": {
        "type": "Point",
        "coordinates": [
          130.5680743,
          33.7815461
        ]
      },
      "properties": {
        "内容": "バス停: 朝野第二 (西鉄バス宗像)",
        "name": "朝野第二",
        "operator": "西鉄バス宗像",
        "ref": "",
        "url": "",
        "url2": ""
      }
    },
    {
      "type": "Feature",
      "geometry": {
        "type": "Point",
        "coordinates": [
          130.5679714,
          33.7815727
        ]
      },
      "properties": {
        "内容": "バス停: 朝野第二 (西鉄バス宗像)",
        "name": "朝野第二",
        "operator": "西鉄バス宗像",
        "ref": "",
        "url": "",
        "url2": ""
      }
    },
    {
      "type": "Feature",
      "geometry": {
        "type": "Point",
        "coordinates": [
          130.5748925,
          33.793876
        ]
      },
      "properties": {
        "内容": "バス停: 森林都市 (西鉄バス宗像)",
        "name": "森林都市",
        "operator": "西鉄バス宗像",
        "ref": "",
        "url": "",
        "url2": ""
      }
    },
    {
      "type": "Feature",
      "geometry": {
        "type": "Point",
        "coordinates": [
          130.5746659,
          33.7943697
        ]
      },
      "properties": {
        "内容": "バス停: 森林都市 (西鉄バス宗像)",
        "name": "森林都市",
        "operator": "西鉄バス宗像",
        "ref": "",
        "url": "",
        "url2": ""
      }
    },
    {
      "type": "Feature",
      "geometry": {
        "type": "Point",
        "coordinates": [
          130.572702,
          33.7955532
        ]
      },
      "properties": {
        "内容": "バス停: 森林都市 (西日本鉄道;西鉄バス宗像)",
        "name": "森林都市",
        "operator": "西日本鉄道;西鉄バス宗像",
        "ref": "",
        "url": "",
        "url2": ""
      }
    },
    {
      "type": "Feature",
      "geometry": {
        "type": "Point",
        "coordinates": [
          130.5693092,
          33.7970452
        ]
      },
      "properties": {
        "内容": "バス停: 自由ヶ丘六丁目 (西鉄バス宗像)",
        "name": "自由ヶ丘六丁目",
        "operator": "西鉄バス宗像",
        "ref": "",
        "url": "",
        "url2": ""
      }
    },
    {
      "type": "Feature",
      "geometry": {
        "type": "Point",
        "coordinates": [
          130.5695479,
          33.7971808
        ]
      },
      "properties": {
        "内容": "バス停: 自由ヶ丘六丁目 (西鉄バス宗像)",
        "name": "自由ヶ丘六丁目",
        "operator": "西鉄バス宗像",
        "ref": "",
        "url": "",
        "url2": ""
      }
    },
    {
      "type": "Feature",
      "geometry": {
        "type": "Point",
        "coordinates": [
          130.5699105,
          33.8079098
        ]
      },
      "properties": {
        "内容": "バス停: 赤間駅南口 (西日本鉄道;西鉄バス宗像;宗像市)",
        "name": "赤間駅南口",
        "operator": "西日本鉄道;西鉄バス宗像;宗像市",
        "ref": "",
        "url": "",
        "url2": ""
      }
    },
    {
      "type": "Feature",
      "geometry": {
        "type": "Point",
        "coordinates": [
          130.3964596,
          33.5914747
        ]
      },
      "properties": {
        "内容": "バス停: 天神三丁目 (西日本鉄道)",
        "name": "天神三丁目",
        "operator": "西日本鉄道",
        "ref": "",
        "url": "",
        "url2": ""
      }
    },
    {
      "type": "Feature",
      "geometry": {
        "type": "Point",
        "coordinates": [
          130.4862951,
          33.7634922
        ]
      },
      "properties": {
        "内容": "バス停: 福間駅前 (西日本鉄道;西鉄バス宗像)",
        "name": "福間駅前",
        "operator": "西日本鉄道;西鉄バス宗像",
        "ref": "",
        "url": "",
        "url2": ""
      }
    },
    {
      "type": "Feature",
      "geometry": {
        "type": "Point",
        "coordinates": [
          130.4863921,
          33.7640122
        ]
      },
      "properties": {
        "内容": "バス停: 福間駅前 (西日本鉄道;西鉄バス宗像)",
        "name": "福間駅前",
        "operator": "西日本鉄道;西鉄バス宗像",
        "ref": "",
        "url": "",
        "url2": ""
      }
    },
    {
      "type": "Feature",
      "geometry": {
        "type": "Point",
        "coordinates": [
          130.39071,
          33.590405
        ]
      },
      "properties": {
        "内容": "バス停: 法務局前",
        "name": "法務局前",
        "operator": "事業者不明",
        "ref": "",
        "url": "",
        "url2": ""
      }
    },
    {
      "type": "Feature",
      "geometry": {
        "type": "Point",
        "coordinates": [
          130.5641048,
          33.811244
        ]
      },
      "properties": {
        "内容": "バス停: サンリブ (宗像市)",
        "name": "サンリブ",
        "operator": "宗像市",
        "ref": "",
        "url": "",
        "url2": ""
      }
    },
    {
      "type": "Feature",
      "geometry": {
        "type": "Point",
        "coordinates": [
          130.5480615,
          33.795482
        ]
      },
      "properties": {
        "内容": "バス停: メイトム宗像 (宗像市)",
        "name": "メイトム宗像",
        "operator": "宗像市",
        "ref": "",
        "url": "",
        "url2": ""
      }
    },
    {
      "type": "Feature",
      "geometry": {
        "type": "Point",
        "coordinates": [
          130.5718188,
          33.7986695
        ]
      },
      "properties": {
        "内容": "バス停: 多久 (西日本鉄道;西鉄バス宗像;宗像市)",
        "name": "多久",
        "operator": "西日本鉄道;西鉄バス宗像;宗像市",
        "ref": "",
        "url": "",
        "url2": ""
      }
    },
    {
      "type": "Feature",
      "geometry": {
        "type": "Point",
        "coordinates": [
          130.5718051,
          33.7989002
        ]
      },
      "properties": {
        "内容": "バス停: 多久 (西日本鉄道;西鉄バス宗像;宗像市)",
        "name": "多久",
        "operator": "西日本鉄道;西鉄バス宗像;宗像市",
        "ref": "",
        "url": "",
        "url2": ""
      }
    },
    {
      "type": "Feature",
      "geometry": {
        "type": "Point",
        "coordinates": [
          130.5495458,
          33.7924696
        ]
      },
      "properties": {
        "内容": "バス停: 宗像ユリックス (西鉄バス宗像;宗像市)",
        "name": "宗像ユリックス",
        "operator": "西鉄バス宗像;宗像市",
        "ref": "",
        "url": "",
        "url2": ""
      }
    },
    {
      "type": "Feature",
      "geometry": {
        "type": "Point",
        "coordinates": [
          130.5716817,
          33.7919049
        ]
      },
      "properties": {
        "内容": "バス停: 自由ヶ丘5丁目 (宗像市)",
        "name": "自由ヶ丘5丁目",
        "operator": "宗像市",
        "ref": "",
        "url": "",
        "url2": ""
      }
    },
    {
      "type": "Feature",
      "geometry": {
        "type": "Point",
        "coordinates": [
          130.5643397,
          33.7868569
        ]
      },
      "properties": {
        "内容": "バス停: 蜂須賀病院 (宗像市)",
        "name": "蜂須賀病院",
        "operator": "宗像市",
        "ref": "",
        "url": "",
        "url2": ""
      }
    },
    {
      "type": "Feature",
      "geometry": {
        "type": "Point",
        "coordinates": [
          130.5709396,
          33.801412
        ]
      },
      "properties": {
        "内容": "バス停: 西町 (西日本鉄道;西鉄バス宗像)",
        "name": "西町",
        "operator": "西日本鉄道;西鉄バス宗像",
        "ref": "",
        "url": "",
        "url2": ""
      }
    },
    {
      "type": "Feature",
      "geometry": {
        "type": "Point",
        "coordinates": [
          130.5707714,
          33.8015322
        ]
      },
      "properties": {
        "内容": "バス停: 西町 (西日本鉄道;西鉄バス宗像)",
        "name": "西町",
        "operator": "西日本鉄道;西鉄バス宗像",
        "ref": "",
        "url": "",
        "url2": ""
      }
    },
    {
      "type": "Feature",
      "geometry": {
        "type": "Point",
        "coordinates": [
          130.5815341,
          33.777085
        ]
      },
      "properties": {
        "内容": "バス停: 青葉台 (西鉄バス宗像;宗像市)",
        "name": "青葉台",
        "operator": "西鉄バス宗像;宗像市",
        "ref": "",
        "url": "",
        "url2": ""
      }
    },
    {
      "type": "Feature",
      "geometry": {
        "type": "Point",
        "coordinates": [
          130.5824062,
          33.7774328
        ]
      },
      "properties": {
        "内容": "バス停: 青葉台 (西鉄バス宗像;宗像市)",
        "name": "青葉台",
        "operator": "西鉄バス宗像;宗像市",
        "ref": "",
        "url": "",
        "url2": ""
      }
    },
    {
      "type": "Feature",
      "geometry": {
        "type": "Point",
        "coordinates": [
          130.5673411,
          33.805733
        ]
      },
      "properties": {
        "内容": "バス停: ゆめタウン (宗像市)",
        "name": "ゆめタウン",
        "operator": "宗像市",
        "ref": "",
        "url": "",
        "url2": ""
      }
    },
    {
      "type": "Feature",
      "geometry": {
        "type": "Point",
        "coordinates": [
          130.5478689,
          33.7971882
        ]
      },
      "properties": {
        "内容": "バス停: 久原 (宗像市)",
        "name": "久原",
        "operator": "宗像市",
        "ref": "",
        "url": "",
        "url2": ""
      }
    },
    {
      "type": "Feature",
      "geometry": {
        "type": "Point",
        "coordinates": [
          130.5273191,
          33.8001589
        ]
      },
      "properties": {
        "内容": "バス停: 医師会病院 (宗像市)",
        "name": "医師会病院",
        "operator": "宗像市",
        "ref": "",
        "url": "",
        "url2": ""
      }
    },
    {
      "type": "Feature",
      "geometry": {
        "type": "Point",
        "coordinates": [
          130.5413915,
          33.8056796
        ]
      },
      "properties": {
        "内容": "バス停: 宗像市役所 (宗像市)",
        "name": "宗像市役所",
        "operator": "宗像市",
        "ref": "",
        "url": "",
        "url2": ""
      }
    },
    {
      "type": "Feature",
      "geometry": {
        "type": "Point",
        "coordinates": [
          130.5326391,
          33.8011484
        ]
      },
      "properties": {
        "内容": "バス停: 東郷コミセン (宗像市)",
        "name": "東郷コミセン",
        "operator": "宗像市",
        "ref": "",
        "url": "",
        "url2": ""
      }
    },
    {
      "type": "Feature",
      "geometry": {
        "type": "Point",
        "coordinates": [
          130.5291583,
          33.794316
        ]
      },
      "properties": {
        "内容": "バス停: 東郷駅日の里口 (宗像市)",
        "name": "東郷駅日の里口",
        "operator": "宗像市",
        "ref": "",
        "url": "",
        "url2": ""
      }
    },
    {
      "type": "Feature",
      "geometry": {
        "type": "Point",
        "coordinates": [
          130.5291783,
          33.7943234
        ]
      },
      "properties": {
        "内容": "バス停: 東郷駅日の里口 (宗像西鉄タクシー)",
        "name": "東郷駅日の里口",
        "operator": "宗像西鉄タクシー",
        "ref": "",
        "url": "",
        "url2": ""
      }
    },
    {
      "type": "Feature",
      "geometry": {
        "type": "Point",
        "coordinates": [
          130.5090892,
          33.802865
        ]
      },
      "properties": {
        "内容": "バス停: 特養むなかた (宗像市)",
        "name": "特養むなかた",
        "operator": "宗像市",
        "ref": "",
        "url": "",
        "url2": ""
      }
    },
    {
      "type": "Feature",
      "geometry": {
        "type": "Point",
        "coordinates": [
          130.5699537,
          33.8085846
        ]
      },
      "properties": {
        "内容": "バス停: 赤間駅北口 (宗像市)",
        "name": "赤間駅北口",
        "operator": "宗像市",
        "ref": "",
        "url": "",
        "url2": ""
      }
    },
    {
      "type": "Feature",
      "geometry": {
        "type": "Point",
        "coordinates": [
          130.5140621,
          33.7894776
        ]
      },
      "properties": {
        "内容": "バス停: 釈迦院 (宗像市)",
        "name": "釈迦院",
        "operator": "宗像市",
        "ref": "",
        "url": "",
        "url2": ""
      }
    },
    {
      "type": "Feature",
      "geometry": {
        "type": "Point",
        "coordinates": [
          130.5267105,
          33.886387
        ]
      },
      "properties": {
        "内容": "バス停: 京泊 (西鉄バス宗像)",
        "name": "京泊",
        "operator": "西鉄バス宗像",
        "ref": "",
        "url": "",
        "url2": ""
      }
    },
    {
      "type": "Feature",
      "geometry": {
        "type": "Point",
        "coordinates": [
          130.5297092,
          33.8607544
        ]
      },
      "properties": {
        "内容": "バス停: 瀬戸 (西鉄バス宗像)",
        "name": "瀬戸",
        "operator": "西鉄バス宗像",
        "ref": "",
        "url": "",
        "url2": ""
      }
    },
    {
      "type": "Feature",
      "geometry": {
        "type": "Point",
        "coordinates": [
          130.531198,
          33.8816766
        ]
      },
      "properties": {
        "内容": "バス停: 鐘崎車庫 (西鉄バス宗像)",
        "name": "鐘崎車庫",
        "operator": "西鉄バス宗像",
        "ref": "",
        "url": "",
        "url2": ""
      }
    },
    {
      "type": "Feature",
      "geometry": {
        "type": "Point",
        "coordinates": [
          130.5774747,
          33.7869146
        ]
      },
      "properties": {
        "内容": "バス停: 自由ケ丘九丁目 (西日本鉄道;西鉄バス宗像)",
        "name": "自由ケ丘九丁目",
        "operator": "西日本鉄道;西鉄バス宗像",
        "ref": "",
        "url": "",
        "url2": ""
      }
    },
    {
      "type": "Feature",
      "geometry": {
        "type": "Point",
        "coordinates": [
          130.5772582,
          33.7869395
        ]
      },
      "properties": {
        "内容": "バス停: 自由ケ丘九丁目 (西日本鉄道;西鉄バス宗像)",
        "name": "自由ケ丘九丁目",
        "operator": "西日本鉄道;西鉄バス宗像",
        "ref": "",
        "url": "",
        "url2": ""
      }
    },
    {
      "type": "Feature",
      "geometry": {
        "type": "Point",
        "coordinates": [
          130.5796246,
          33.7848799
        ]
      },
      "properties": {
        "内容": "バス停: 自由ケ丘十一丁目 (西日本鉄道;西鉄バス宗像)",
        "name": "自由ケ丘十一丁目",
        "operator": "西日本鉄道;西鉄バス宗像",
        "ref": "",
        "url": "",
        "url2": ""
      }
    },
    {
      "type": "Feature",
      "geometry": {
        "type": "Point",
        "coordinates": [
          130.5801287,
          33.7848928
        ]
      },
      "properties": {
        "内容": "バス停: 自由ケ丘十一丁目 (西日本鉄道;西鉄バス宗像)",
        "name": "自由ケ丘十一丁目",
        "operator": "西日本鉄道;西鉄バス宗像",
        "ref": "",
        "url": "",
        "url2": ""
      }
    },
    {
      "type": "Feature",
      "geometry": {
        "type": "Point",
        "coordinates": [
          130.5750447,
          33.7903224
        ]
      },
      "properties": {
        "内容": "バス停: 自由ケ丘小学校入口 (西鉄バス宗像;宗像市)",
        "name": "自由ケ丘小学校入口",
        "operator": "西鉄バス宗像;宗像市",
        "ref": "",
        "url": "",
        "url2": ""
      }
    },
    {
      "type": "Feature",
      "geometry": {
        "type": "Point",
        "coordinates": [
          130.5748818,
          33.7908539
        ]
      },
      "properties": {
        "内容": "バス停: 自由ケ丘小学校入口 (西鉄バス宗像;宗像市)",
        "name": "自由ケ丘小学校入口",
        "operator": "西鉄バス宗像;宗像市",
        "ref": "",
        "url": "",
        "url2": ""
      }
    },
    {
      "type": "Feature",
      "geometry": {
        "type": "Point",
        "coordinates": [
          130.5830315,
          33.7839846
        ]
      },
      "properties": {
        "内容": "バス停: 近隣公園前 (西日本鉄道;西鉄バス宗像)",
        "name": "近隣公園前",
        "operator": "西日本鉄道;西鉄バス宗像",
        "ref": "",
        "url": "",
        "url2": ""
      }
    },
    {
      "type": "Feature",
      "geometry": {
        "type": "Point",
        "coordinates": [
          130.5826192,
          33.7841183
        ]
      },
      "properties": {
        "内容": "バス停: 近隣公園前 (西日本鉄道;西鉄バス宗像)",
        "name": "近隣公園前",
        "operator": "西日本鉄道;西鉄バス宗像",
        "ref": "",
        "url": "",
        "url2": ""
      }
    },
    {
      "type": "Feature",
      "geometry": {
        "type": "Point",
        "coordinates": [
          130.5782526,
          33.7958079
        ]
      },
      "properties": {
        "内容": "バス停: 自由ヶ丘三丁目 (西日本鉄道;西鉄バス宗像)",
        "name": "自由ヶ丘三丁目",
        "operator": "西日本鉄道;西鉄バス宗像",
        "ref": "",
        "url": "",
        "url2": ""
      }
    },
    {
      "type": "Feature",
      "geometry": {
        "type": "Point",
        "coordinates": [
          130.5783663,
          33.7959968
        ]
      },
      "properties": {
        "内容": "バス停: 自由ヶ丘三丁目 (西日本鉄道;西鉄バス宗像)",
        "name": "自由ヶ丘三丁目",
        "operator": "西日本鉄道;西鉄バス宗像",
        "ref": "",
        "url": "",
        "url2": ""
      }
    },
    {
      "type": "Feature",
      "geometry": {
        "type": "Point",
        "coordinates": [
          130.6361682,
          33.7929839
        ]
      },
      "properties": {
        "内容": "バス停: グローバルアリーナ (西鉄バス筑豊)",
        "name": "グローバルアリーナ",
        "operator": "西鉄バス筑豊",
        "ref": "",
        "url": "",
        "url2": ""
      }
    },
    {
      "type": "Feature",
      "geometry": {
        "type": "Point",
        "coordinates": [
          130.7246859,
          33.7486051
        ]
      },
      "properties": {
        "内容": "バス停: 直方駅 (西鉄バス筑豊;JR九州バス)",
        "name": "直方駅",
        "operator": "西鉄バス筑豊;JR九州バス",
        "ref": "",
        "url": "",
        "url2": ""
      }
    },
    {
      "type": "Feature",
      "geometry": {
        "type": "Point",
        "coordinates": [
          130.591433,
          33.8063662
        ]
      },
      "properties": {
        "内容": "バス停: 赤間上町 (西鉄バス筑豊)",
        "name": "赤間上町",
        "operator": "西鉄バス筑豊",
        "ref": "",
        "url": "",
        "url2": ""
      }
    },
    {
      "type": "Feature",
      "geometry": {
        "type": "Point",
        "coordinates": [
          130.5915097,
          33.8064737
        ]
      },
      "properties": {
        "内容": "バス停: 赤間上町 (西鉄バス筑豊)",
        "name": "赤間上町",
        "operator": "西鉄バス筑豊",
        "ref": "",
        "url": "",
        "url2": ""
      }
    },
    {
      "type": "Feature",
      "geometry": {
        "type": "Point",
        "coordinates": [
          130.4111784,
          33.5901701
        ]
      },
      "properties": {
        "内容": "バス停: キャナルシティ博多前 (西日本鉄道)",
        "name": "キャナルシティ博多前",
        "operator": "西日本鉄道",
        "ref": "4",
        "url": "",
        "url2": ""
      }
    },
    {
      "type": "Feature",
      "geometry": {
        "type": "Point",
        "coordinates": [
          130.3651417,
          33.592395
        ]
      },
      "properties": {
        "内容": "バス停: みずほPayPayドーム前 (西日本鉄道)",
        "name": "みずほPayPayドーム前",
        "operator": "西日本鉄道",
        "ref": "",
        "url": "",
        "url2": ""
      }
    },
    {
      "type": "Feature",
      "geometry": {
        "type": "Point",
        "coordinates": [
          130.4196115,
          33.5915493
        ]
      },
      "properties": {
        "内容": "バス停: 博多バスターミナル (西日本鉄道)",
        "name": "博多バスターミナル",
        "operator": "西日本鉄道",
        "ref": "",
        "url": "",
        "url2": ""
      }
    },
    {
      "type": "Feature",
      "geometry": {
        "type": "Point",
        "coordinates": [
          130.4189675,
          33.590119
        ]
      },
      "properties": {
        "内容": "バス停: 博多駅前A (西日本鉄道)",
        "name": "博多駅前A",
        "operator": "西日本鉄道",
        "ref": "",
        "url": "",
        "url2": ""
      }
    },
    {
      "type": "Feature",
      "geometry": {
        "type": "Point",
        "coordinates": [
          130.3981375,
          33.5930931
        ]
      },
      "properties": {
        "内容": "バス停: 天神北 (西日本鉄道)",
        "name": "天神北",
        "operator": "西日本鉄道",
        "ref": "9B",
        "url": "",
        "url2": ""
      }
    },
    {
      "type": "Feature",
      "geometry": {
        "type": "Point",
        "coordinates": [
          130.3981082,
          33.5931816
        ]
      },
      "properties": {
        "内容": "バス停: 天神北 (西日本鉄道)",
        "name": "天神北",
        "operator": "西日本鉄道",
        "ref": "9C",
        "url": "",
        "url2": ""
      }
    },
    {
      "type": "Feature",
      "geometry": {
        "type": "Point",
        "coordinates": [
          130.39969,
          33.5916152
        ]
      },
      "properties": {
        "内容": "バス停: 天神大和証券前 (西日本鉄道)",
        "name": "天神大和証券前",
        "operator": "西日本鉄道",
        "ref": "",
        "url": "",
        "url2": ""
      }
    },
    {
      "type": "Feature",
      "geometry": {
        "type": "Point",
        "coordinates": [
          130.347362,
          33.5814846
        ]
      },
      "properties": {
        "内容": "バス停: 藤崎バスターミナル (西日本鉄道)",
        "name": "藤崎バスターミナル",
        "operator": "西日本鉄道",
        "ref": "1",
        "url": "",
        "url2": ""
      }
    },
    {
      "type": "Feature",
      "geometry": {
        "type": "Point",
        "coordinates": [
          130.3474403,
          33.5814896
        ]
      },
      "properties": {
        "内容": "バス停: 藤崎バスターミナル (西日本鉄道)",
        "name": "藤崎バスターミナル",
        "operator": "西日本鉄道",
        "ref": "2",
        "url": "",
        "url2": ""
      }
    },
    {
      "type": "Feature",
      "geometry": {
        "type": "Point",
        "coordinates": [
          130.4268693,
          33.5592357
        ]
      },
      "properties": {
        "内容": "バス停: 西鉄大橋駅",
        "name": "西鉄大橋駅",
        "operator": "事業者不明",
        "ref": "",
        "url": "",
        "url2": ""
      }
    },
    {
      "type": "Feature",
      "geometry": {
        "type": "Point",
        "coordinates": [
          130.4269724,
          33.559683
        ]
      },
      "properties": {
        "内容": "バス停: 西鉄大橋駅",
        "name": "西鉄大橋駅",
        "operator": "事業者不明",
        "ref": "",
        "url": "",
        "url2": ""
      }
    },
    {
      "type": "Feature",
      "geometry": {
        "type": "Point",
        "coordinates": [
          130.3968578,
          33.5949681
        ]
      },
      "properties": {
        "内容": "バス停: 那の津口 (西日本鉄道)",
        "name": "那の津口",
        "operator": "西日本鉄道",
        "ref": "",
        "url": "",
        "url2": ""
      }
    },
    {
      "type": "Feature",
      "geometry": {
        "type": "Point",
        "coordinates": [
          130.3971424,
          33.5950202
        ]
      },
      "properties": {
        "内容": "バス停: 那の津口 (西日本鉄道)",
        "name": "那の津口",
        "operator": "西日本鉄道",
        "ref": "",
        "url": "",
        "url2": ""
      }
    },
    {
      "type": "Feature",
      "geometry": {
        "type": "Point",
        "coordinates": [
          130.4000433,
          33.156509
        ]
      },
      "properties": {
        "内容": "バス停: 亀の井ホテル柳川",
        "name": "亀の井ホテル柳川",
        "operator": "事業者不明",
        "ref": "",
        "url": "",
        "url2": ""
      }
    },
    {
      "type": "Feature",
      "geometry": {
        "type": "Point",
        "coordinates": [
          130.4184914,
          33.5912293
        ]
      },
      "properties": {
        "内容": "バス停: 博多駅新三井ビル前 (西日本鉄道)",
        "name": "博多駅新三井ビル前",
        "operator": "西日本鉄道",
        "ref": "",
        "url": "",
        "url2": ""
      }
    },
    {
      "type": "Feature",
      "geometry": {
        "type": "Point",
        "coordinates": [
          130.4099925,
          33.597332
        ]
      },
      "properties": {
        "内容": "バス停: 呉服町 (西日本鉄道)",
        "name": "呉服町",
        "operator": "西日本鉄道",
        "ref": "",
        "url": "",
        "url2": ""
      }
    },
    {
      "type": "Feature",
      "geometry": {
        "type": "Point",
        "coordinates": [
          130.4102736,
          33.5975025
        ]
      },
      "properties": {
        "内容": "バス停: 呉服町 (西日本鉄道)",
        "name": "呉服町",
        "operator": "西日本鉄道",
        "ref": "",
        "url": "",
        "url2": ""
      }
    },
    {
      "type": "Feature",
      "geometry": {
        "type": "Point",
        "coordinates": [
          130.3516538,
          33.5917146
        ]
      },
      "properties": {
        "内容": "バス停: 福岡タワー南口",
        "name": "福岡タワー南口",
        "operator": "事業者不明",
        "ref": "",
        "url": "",
        "url2": ""
      }
    },
    {
      "type": "Feature",
      "geometry": {
        "type": "Point",
        "coordinates": [
          130.3277128,
          33.5971849
        ]
      },
      "properties": {
        "内容": "バス停: 能古渡船場 (降車) (西日本鉄道)",
        "name": "能古渡船場 (降車)",
        "operator": "西日本鉄道",
        "ref": "",
        "url": "",
        "url2": ""
      }
    },
    {
      "type": "Feature",
      "geometry": {
        "type": "Point",
        "coordinates": [
          130.3279036,
          33.5974764
        ]
      },
      "properties": {
        "内容": "バス停: 能古渡船場 (西日本鉄道)",
        "name": "能古渡船場",
        "operator": "西日本鉄道",
        "ref": "",
        "url": "",
        "url2": ""
      }
    },
    {
      "type": "Feature",
      "geometry": {
        "type": "Point",
        "coordinates": [
          130.4053665,
          33.583068
        ]
      },
      "properties": {
        "内容": "バス停: 渡辺通一丁目 電気ビル共創館前",
        "name": "渡辺通一丁目 電気ビル共創館前",
        "operator": "事業者不明",
        "ref": "",
        "url": "",
        "url2": ""
      }
    },
    {
      "type": "Feature",
      "geometry": {
        "type": "Point",
        "coordinates": [
          130.8824771,
          33.885959
        ]
      },
      "properties": {
        "内容": "バス停: 小倉駅バスセンター (西鉄バス北九州)",
        "name": "小倉駅バスセンター",
        "operator": "西鉄バス北九州",
        "ref": "",
        "url": "",
        "url2": ""
      }
    },
    {
      "type": "Feature",
      "geometry": {
        "type": "Point",
        "coordinates": [
          130.882654,
          33.8859671
        ]
      },
      "properties": {
        "内容": "バス停: 小倉駅バスセンター (西鉄バス北九州)",
        "name": "小倉駅バスセンター",
        "operator": "西鉄バス北九州",
        "ref": "",
        "url": "",
        "url2": ""
      }
    },
    {
      "type": "Feature",
      "geometry": {
        "type": "Point",
        "coordinates": [
          130.8823349,
          33.885984
        ]
      },
      "properties": {
        "内容": "バス停: 小倉駅バスセンター (西鉄バス北九州)",
        "name": "小倉駅バスセンター",
        "operator": "西鉄バス北九州",
        "ref": "",
        "url": "",
        "url2": ""
      }
    },
    {
      "type": "Feature",
      "geometry": {
        "type": "Point",
        "coordinates": [
          130.882192,
          33.8860049
        ]
      },
      "properties": {
        "内容": "バス停: 小倉駅バスセンター (西鉄バス北九州)",
        "name": "小倉駅バスセンター",
        "operator": "西鉄バス北九州",
        "ref": "",
        "url": "",
        "url2": ""
      }
    },
    {
      "type": "Feature",
      "geometry": {
        "type": "Point",
        "coordinates": [
          130.882616,
          33.8860338
        ]
      },
      "properties": {
        "内容": "バス停: 小倉駅バスセンター (西鉄バス北九州)",
        "name": "小倉駅バスセンター",
        "operator": "西鉄バス北九州",
        "ref": "",
        "url": "",
        "url2": ""
      }
    },
    {
      "type": "Feature",
      "geometry": {
        "type": "Point",
        "coordinates": [
          130.882188,
          33.8860613
        ]
      },
      "properties": {
        "内容": "バス停: 小倉駅バスセンター (西鉄バス北九州)",
        "name": "小倉駅バスセンター",
        "operator": "西鉄バス北九州",
        "ref": "",
        "url": "",
        "url2": ""
      }
    },
    {
      "type": "Feature",
      "geometry": {
        "type": "Point",
        "coordinates": [
          130.8824792,
          33.8860623
        ]
      },
      "properties": {
        "内容": "バス停: 小倉駅バスセンター (西鉄バス北九州)",
        "name": "小倉駅バスセンター",
        "operator": "西鉄バス北九州",
        "ref": "",
        "url": "",
        "url2": ""
      }
    },
    {
      "type": "Feature",
      "geometry": {
        "type": "Point",
        "coordinates": [
          130.8823424,
          33.8860908
        ]
      },
      "properties": {
        "内容": "バス停: 小倉駅バスセンター (西鉄バス北九州)",
        "name": "小倉駅バスセンター",
        "operator": "西鉄バス北九州",
        "ref": "",
        "url": "",
        "url2": ""
      }
    },
    {
      "type": "Feature",
      "geometry": {
        "type": "Point",
        "coordinates": [
          130.3979634,
          33.1604263
        ]
      },
      "properties": {
        "内容": "バス停: 御花前 (西鉄バス久留米)",
        "name": "御花前",
        "operator": "西鉄バス久留米",
        "ref": "",
        "url": "",
        "url2": ""
      }
    },
    {
      "type": "Feature",
      "geometry": {
        "type": "Point",
        "coordinates": [
          130.3979862,
          33.1605368
        ]
      },
      "properties": {
        "内容": "バス停: 御花前 (西鉄バス久留米)",
        "name": "御花前",
        "operator": "西鉄バス久留米",
        "ref": "",
        "url": "",
        "url2": ""
      }
    },
    {
      "type": "Feature",
      "geometry": {
        "type": "Point",
        "coordinates": [
          130.3990597,
          33.1604138
        ]
      },
      "properties": {
        "内容": "バス停: 本城町 (西鉄バス久留米)",
        "name": "本城町",
        "operator": "西鉄バス久留米",
        "ref": "",
        "url": "",
        "url2": ""
      }
    },
    {
      "type": "Feature",
      "geometry": {
        "type": "Point",
        "coordinates": [
          130.3992392,
          33.1602464
        ]
      },
      "properties": {
        "内容": "バス停: 本城町 (西鉄バス久留米)",
        "name": "本城町",
        "operator": "西鉄バス久留米",
        "ref": "",
        "url": "",
        "url2": ""
      }
    },
    {
      "type": "Feature",
      "geometry": {
        "type": "Point",
        "coordinates": [
          130.3946634,
          33.1612638
        ]
      },
      "properties": {
        "内容": "バス停: 水天宮入口 (西鉄バス久留米)",
        "name": "水天宮入口",
        "operator": "西鉄バス久留米",
        "ref": "",
        "url": "",
        "url2": ""
      }
    },
    {
      "type": "Feature",
      "geometry": {
        "type": "Point",
        "coordinates": [
          130.3951086,
          33.1612876
        ]
      },
      "properties": {
        "内容": "バス停: 水天宮入口 (西鉄バス久留米)",
        "name": "水天宮入口",
        "operator": "西鉄バス久留米",
        "ref": "",
        "url": "",
        "url2": ""
      }
    },
    {
      "type": "Feature",
      "geometry": {
        "type": "Point",
        "coordinates": [
          130.4018491,
          33.1600926
        ]
      },
      "properties": {
        "内容": "バス停: 柳川高校前 (西鉄バス久留米)",
        "name": "柳川高校前",
        "operator": "西鉄バス久留米",
        "ref": "",
        "url": "",
        "url2": ""
      }
    },
    {
      "type": "Feature",
      "geometry": {
        "type": "Point",
        "coordinates": [
          130.4013161,
          33.160001
        ]
      },
      "properties": {
        "内容": "バス停: 柳川高校前 (西鉄バス久留米)",
        "name": "柳川高校前",
        "operator": "西鉄バス久留米",
        "ref": "",
        "url": "",
        "url2": ""
      }
    },
    {
      "type": "Feature",
      "geometry": {
        "type": "Point",
        "coordinates": [
          130.4053977,
          33.1595182
        ]
      },
      "properties": {
        "内容": "バス停: 布橋 (西鉄バス久留米)",
        "name": "布橋",
        "operator": "西鉄バス久留米",
        "ref": "",
        "url": "",
        "url2": ""
      }
    },
    {
      "type": "Feature",
      "geometry": {
        "type": "Point",
        "coordinates": [
          130.4061075,
          33.1599609
        ]
      },
      "properties": {
        "内容": "バス停: 布橋 (西鉄バス久留米)",
        "name": "布橋",
        "operator": "西鉄バス久留米",
        "ref": "",
        "url": "",
        "url2": ""
      }
    },
    {
      "type": "Feature",
      "geometry": {
        "type": "Point",
        "coordinates": [
          130.3934535,
          33.161752
        ]
      },
      "properties": {
        "内容": "バス停: 筑紫町 (西鉄バス久留米)",
        "name": "筑紫町",
        "operator": "西鉄バス久留米",
        "ref": "",
        "url": "",
        "url2": ""
      }
    },
    {
      "type": "Feature",
      "geometry": {
        "type": "Point",
        "coordinates": [
          130.3926353,
          33.1618459
        ]
      },
      "properties": {
        "内容": "バス停: 筑紫町 (西鉄バス久留米)",
        "name": "筑紫町",
        "operator": "西鉄バス久留米",
        "ref": "",
        "url": "",
        "url2": ""
      }
    },
    {
      "type": "Feature",
      "geometry": {
        "type": "Point",
        "coordinates": [
          130.4064697,
          33.1630562
        ]
      },
      "properties": {
        "内容": "バス停: 市役所前 (西鉄バス久留米)",
        "name": "市役所前",
        "operator": "西鉄バス久留米",
        "ref": "",
        "url": "",
        "url2": ""
      }
    },
    {
      "type": "Feature",
      "geometry": {
        "type": "Point",
        "coordinates": [
          130.4064623,
          33.1626626
        ]
      },
      "properties": {
        "内容": "バス停: 市役所前 (西鉄バス久留米)",
        "name": "市役所前",
        "operator": "西鉄バス久留米",
        "ref": "",
        "url": "",
        "url2": ""
      }
    },
    {
      "type": "Feature",
      "geometry": {
        "type": "Point",
        "coordinates": [
          130.4070008,
          33.1661783
        ]
      },
      "properties": {
        "内容": "バス停: 辻町伝習館高校前 (西鉄バス久留米)",
        "name": "辻町伝習館高校前",
        "operator": "西鉄バス久留米",
        "ref": "",
        "url": "",
        "url2": ""
      }
    },
    {
      "type": "Feature",
      "geometry": {
        "type": "Point",
        "coordinates": [
          130.4069649,
          33.1653418
        ]
      },
      "properties": {
        "内容": "バス停: 辻町伝習館高校前 (西鉄バス久留米)",
        "name": "辻町伝習館高校前",
        "operator": "西鉄バス久留米",
        "ref": "",
        "url": "",
        "url2": ""
      }
    },
    {
      "type": "Feature",
      "geometry": {
        "type": "Point",
        "coordinates": [
          130.4101855,
          33.167163
        ]
      },
      "properties": {
        "内容": "バス停: 京町 (西鉄バス久留米)",
        "name": "京町",
        "operator": "西鉄バス久留米",
        "ref": "",
        "url": "",
        "url2": ""
      }
    },
    {
      "type": "Feature",
      "geometry": {
        "type": "Point",
        "coordinates": [
          130.4109603,
          33.1672616
        ]
      },
      "properties": {
        "内容": "バス停: 京町 (西鉄バス久留米)",
        "name": "京町",
        "operator": "西鉄バス久留米",
        "ref": "",
        "url": "",
        "url2": ""
      }
    },
    {
      "type": "Feature",
      "geometry": {
        "type": "Point",
        "coordinates": [
          130.4157547,
          33.166663
        ]
      },
      "properties": {
        "内容": "バス停: 三柱神社前 (西鉄バス久留米)",
        "name": "三柱神社前",
        "operator": "西鉄バス久留米",
        "ref": "",
        "url": "",
        "url2": ""
      }
    },
    {
      "type": "Feature",
      "geometry": {
        "type": "Point",
        "coordinates": [
          130.4185734,
          33.1653876
        ]
      },
      "properties": {
        "内容": "バス停: 西鉄柳川(降車専用) (西鉄バス久留米)",
        "name": "西鉄柳川(降車専用)",
        "operator": "西鉄バス久留米",
        "ref": "",
        "url": "",
        "url2": ""
      }
    },
    {
      "type": "Feature",
      "geometry": {
        "type": "Point",
        "coordinates": [
          130.4186407,
          33.1653186
        ]
      },
      "properties": {
        "内容": "バス停: 西鉄柳川(乗車専用) (西鉄バス久留米)",
        "name": "西鉄柳川(乗車専用)",
        "operator": "西鉄バス久留米",
        "ref": "",
        "url": "",
        "url2": ""
      }
    },
    {
      "type": "Feature",
      "geometry": {
        "type": "Point",
        "coordinates": [
          130.5694573,
          33.8049677
        ]
      },
      "properties": {
        "内容": "バス停: ゆめタウン (宗像市)",
        "name": "ゆめタウン",
        "operator": "宗像市",
        "ref": "",
        "url": "",
        "url2": ""
      }
    },
    {
      "type": "Feature",
      "geometry": {
        "type": "Point",
        "coordinates": [
          130.3984745,
          33.6040865
        ]
      },
      "properties": {
        "内容": "バス停: 博多埠頭 (西日本鉄道)",
        "name": "博多埠頭",
        "operator": "西日本鉄道",
        "ref": "",
        "url": "",
        "url2": ""
      }
    },
    {
      "type": "Feature",
      "geometry": {
        "type": "Point",
        "coordinates": [
          130.3984304,
          33.604262
        ]
      },
      "properties": {
        "内容": "バス停: 博多埠頭 (西日本鉄道)",
        "name": "博多埠頭",
        "operator": "西日本鉄道",
        "ref": "",
        "url": "",
        "url2": ""
      }
    },
    {
      "type": "Feature",
      "geometry": {
        "type": "Point",
        "coordinates": [
          130.3761306,
          33.5901561
        ]
      },
      "properties": {
        "内容": "バス停: 大濠公園 (西日本鉄道)",
        "name": "大濠公園",
        "operator": "西日本鉄道",
        "ref": "",
        "url": "",
        "url2": ""
      }
    },
    {
      "type": "Feature",
      "geometry": {
        "type": "Point",
        "coordinates": [
          130.3759793,
          33.590387
        ]
      },
      "properties": {
        "内容": "バス停: 大濠公園 (西日本鉄道)",
        "name": "大濠公園",
        "operator": "西日本鉄道",
        "ref": "",
        "url": "",
        "url2": ""
      }
    },
    {
      "type": "Feature",
      "geometry": {
        "type": "Point",
        "coordinates": [
          130.3975535,
          33.5922379
        ]
      },
      "properties": {
        "内容": "バス停: 天神三丁目 (西日本鉄道)",
        "name": "天神三丁目",
        "operator": "西日本鉄道",
        "ref": "",
        "url": "",
        "url2": ""
      }
    },
    {
      "type": "Feature",
      "geometry": {
        "type": "Point",
        "coordinates": [
          130.3866975,
          33.588461
        ]
      },
      "properties": {
        "内容": "バス停: 福岡城・鴻臚館前 (西日本鉄道)",
        "name": "福岡城・鴻臚館前",
        "operator": "西日本鉄道",
        "ref": "",
        "url": "",
        "url2": ""
      }
    },
    {
      "type": "Feature",
      "geometry": {
        "type": "Point",
        "coordinates": [
          130.418117,
          33.589807
        ]
      },
      "properties": {
        "内容": "バス停: 博多駅センタービル前E (西日本鉄道)",
        "name": "博多駅センタービル前E",
        "operator": "西日本鉄道",
        "ref": "",
        "url": "",
        "url2": ""
      }
    },
    {
      "type": "Feature",
      "geometry": {
        "type": "Point",
        "coordinates": [
          130.4554726,
          33.6726878
        ]
      },
      "properties": {
        "内容": "バス停: 下原 (西日本鉄道)",
        "name": "下原",
        "operator": "西日本鉄道",
        "ref": "",
        "url": "",
        "url2": ""
      }
    },
    {
      "type": "Feature",
      "geometry": {
        "type": "Point",
        "coordinates": [
          130.3964946,
          33.5351743
        ]
      },
      "properties": {
        "内容": "バス停: 桧原営業所 (西日本鉄道)",
        "name": "桧原営業所",
        "operator": "西日本鉄道",
        "ref": "",
        "url": "",
        "url2": ""
      }
    },
    {
      "type": "Feature",
      "geometry": {
        "type": "Point",
        "coordinates": [
          130.3766874,
          33.5450488
        ]
      },
      "properties": {
        "内容": "バス停: 片江営業所 (西日本鉄道)",
        "name": "片江営業所",
        "operator": "西日本鉄道",
        "ref": "",
        "url": "",
        "url2": ""
      }
    },
    {
      "type": "Feature",
      "geometry": {
        "type": "Point",
        "coordinates": [
          130.3751038,
          33.5453153
        ]
      },
      "properties": {
        "内容": "バス停: 片江営業所 (西日本鉄道)",
        "name": "片江営業所",
        "operator": "西日本鉄道",
        "ref": "",
        "url": "",
        "url2": ""
      }
    },
    {
      "type": "Feature",
      "geometry": {
        "type": "Point",
        "coordinates": [
          130.3531474,
          33.5931728
        ]
      },
      "properties": {
        "内容": "バス停: 福岡タワー (西日本鉄道)",
        "name": "福岡タワー",
        "operator": "西日本鉄道",
        "ref": "",
        "url": "",
        "url2": ""
      }
    },
    {
      "type": "Feature",
      "geometry": {
        "type": "Point",
        "coordinates": [
          130.3816183,
          33.582385
        ]
      },
      "properties": {
        "内容": "バス停: 福岡城・NHK放送センター入口 (西日本鉄道)",
        "name": "福岡城・NHK放送センター入口",
        "operator": "西日本鉄道",
        "ref": "",
        "url": "",
        "url2": ""
      }
    },
    {
      "type": "Feature",
      "geometry": {
        "type": "Point",
        "coordinates": [
          130.3859762,
          33.5886428
        ]
      },
      "properties": {
        "内容": "バス停: 福岡城・鴻臚館前 (西日本鉄道)",
        "name": "福岡城・鴻臚館前",
        "operator": "西日本鉄道",
        "ref": "",
        "url": "",
        "url2": ""
      }
    },
    {
      "type": "Feature",
      "geometry": {
        "type": "Point",
        "coordinates": [
          130.3815068,
          33.5846225
        ]
      },
      "properties": {
        "内容": "バス停: 福岡市美術館東口 (西日本鉄道)",
        "name": "福岡市美術館東口",
        "operator": "西日本鉄道",
        "ref": "",
        "url": "",
        "url2": ""
      }
    },
    {
      "type": "Feature",
      "geometry": {
        "type": "Point",
        "coordinates": [
          130.390844,
          33.588477
        ]
      },
      "properties": {
        "内容": "バス停: 赤坂門",
        "name": "赤坂門",
        "operator": "事業者不明",
        "ref": "",
        "url": "",
        "url2": ""
      }
    },
    {
      "type": "Feature",
      "geometry": {
        "type": "Point",
        "coordinates": [
          130.3936727,
          33.5910531
        ]
      },
      "properties": {
        "内容": "バス停: 名称不明バス停",
        "name": "名称不明バス停",
        "operator": "事業者不明",
        "ref": "",
        "url": "",
        "url2": ""
      }
    },
    {
      "type": "Feature",
      "geometry": {
        "type": "Point",
        "coordinates": [
          130.392873,
          33.589653
        ]
      },
      "properties": {
        "内容": "バス停: 大名二丁目 (西日本鉄道)",
        "name": "大名二丁目",
        "operator": "西日本鉄道",
        "ref": "",
        "url": "",
        "url2": ""
      }
    },
    {
      "type": "Feature",
      "geometry": {
        "type": "Point",
        "coordinates": [
          130.5138855,
          33.8325091
        ]
      },
      "properties": {
        "内容": "バス停: 宗像大社前 (西日本鉄道;西鉄バス宗像)",
        "name": "宗像大社前",
        "operator": "西日本鉄道;西鉄バス宗像",
        "ref": "",
        "url": "",
        "url2": ""
      }
    },
    {
      "type": "Feature",
      "geometry": {
        "type": "Point",
        "coordinates": [
          130.5140911,
          33.8325866
        ]
      },
      "properties": {
        "内容": "バス停: 宗像大社前 (西日本鉄道;西鉄バス宗像)",
        "name": "宗像大社前",
        "operator": "西日本鉄道;西鉄バス宗像",
        "ref": "",
        "url": "",
        "url2": ""
      }
    },
    {
      "type": "Feature",
      "geometry": {
        "type": "Point",
        "coordinates": [
          130.5037667,
          33.8484048
        ]
      },
      "properties": {
        "内容": "バス停: 道の駅むなかた (西日本鉄道;西鉄バス宗像)",
        "name": "道の駅むなかた",
        "operator": "西日本鉄道;西鉄バス宗像",
        "ref": "",
        "url": "",
        "url2": ""
      }
    },
    {
      "type": "Feature",
      "geometry": {
        "type": "Point",
        "coordinates": [
          130.5004231,
          33.7776349
        ]
      },
      "properties": {
        "内容": "バス停: 光陽台六丁目 (西鉄バス宗像)",
        "name": "光陽台六丁目",
        "operator": "西鉄バス宗像",
        "ref": "",
        "url": "",
        "url2": ""
      }
    },
    {
      "type": "Feature",
      "geometry": {
        "type": "Point",
        "coordinates": [
          130.500234,
          33.7776807
        ]
      },
      "properties": {
        "内容": "バス停: 光陽台六丁目 (西鉄バス宗像)",
        "name": "光陽台六丁目",
        "operator": "西鉄バス宗像",
        "ref": "",
        "url": "",
        "url2": ""
      }
    },
    {
      "type": "Feature",
      "geometry": {
        "type": "Point",
        "coordinates": [
          130.4954769,
          33.7696838
        ]
      },
      "properties": {
        "内容": "バス停: 手光 (西日本鉄道;西鉄バス宗像)",
        "name": "手光",
        "operator": "西日本鉄道;西鉄バス宗像",
        "ref": "",
        "url": "",
        "url2": ""
      }
    },
    {
      "type": "Feature",
      "geometry": {
        "type": "Point",
        "coordinates": [
          130.497299,
          33.7700637
        ]
      },
      "properties": {
        "内容": "バス停: 手光 (西日本鉄道;西鉄バス宗像)",
        "name": "手光",
        "operator": "西日本鉄道;西鉄バス宗像",
        "ref": "",
        "url": "",
        "url2": ""
      }
    },
    {
      "type": "Feature",
      "geometry": {
        "type": "Point",
        "coordinates": [
          130.528505,
          33.7944403
        ]
      },
      "properties": {
        "内容": "バス停: 東郷駅前 (西鉄バス宗像)",
        "name": "東郷駅前",
        "operator": "西鉄バス宗像",
        "ref": "",
        "url": "",
        "url2": ""
      }
    },
    {
      "type": "Feature",
      "geometry": {
        "type": "Point",
        "coordinates": [
          130.4835161,
          33.8528012
        ]
      },
      "properties": {
        "内容": "バス停: 神湊波止場 (西鉄バス宗像)",
        "name": "神湊波止場",
        "operator": "西鉄バス宗像",
        "ref": "",
        "url": "",
        "url2": ""
      }
    },
    {
      "type": "Feature",
      "geometry": {
        "type": "Point",
        "coordinates": [
          130.8760512,
          33.8084479
        ]
      },
      "properties": {
        "内容": "バス停: 西鉄バス北九州（株）　志井車庫 (西鉄バス北九州(株)中谷自動車営業所)",
        "name": "西鉄バス北九州（株）　志井車庫",
        "operator": "西鉄バス北九州(株)中谷自動車営業所",
        "ref": "",
        "url": "",
        "url2": ""
      }
    },
    {
      "type": "Feature",
      "geometry": {
        "type": "Point",
        "coordinates": [
          130.8570099,
          33.808354
        ]
      },
      "properties": {
        "内容": "バス停: 西鉄バス中谷営業所",
        "name": "西鉄バス中谷営業所",
        "operator": "事業者不明",
        "ref": "",
        "url": "",
        "url2": ""
      }
    },
    {
      "type": "Feature",
      "geometry": {
        "type": "Point",
        "coordinates": [
          130.5311984,
          33.7918932
        ]
      },
      "properties": {
        "内容": "バス停: 一丁目大通り (宗像西鉄タクシー)",
        "name": "一丁目大通り",
        "operator": "宗像西鉄タクシー",
        "ref": "",
        "url": "",
        "url2": ""
      }
    },
    {
      "type": "Feature",
      "geometry": {
        "type": "Point",
        "coordinates": [
          130.5313006,
          33.7920033
        ]
      },
      "properties": {
        "内容": "バス停: 一丁目大通り (宗像西鉄タクシー)",
        "name": "一丁目大通り",
        "operator": "宗像西鉄タクシー",
        "ref": "",
        "url": "",
        "url2": ""
      }
    },
    {
      "type": "Feature",
      "geometry": {
        "type": "Point",
        "coordinates": [
          130.4041852,
          33.6071995
        ]
      },
      "properties": {
        "内容": "バス停: マリンメッセ前 (西日本鉄道)",
        "name": "マリンメッセ前",
        "operator": "西日本鉄道",
        "ref": "",
        "url": "",
        "url2": ""
      }
    },
    {
      "type": "Feature",
      "geometry": {
        "type": "Point",
        "coordinates": [
          130.4031874,
          33.6076172
        ]
      },
      "properties": {
        "内容": "バス停: マリンメッセ前 (西日本鉄道)",
        "name": "マリンメッセ前",
        "operator": "西日本鉄道",
        "ref": "",
        "url": "",
        "url2": ""
      }
    },
    {
      "type": "Feature",
      "geometry": {
        "type": "Point",
        "coordinates": [
          130.400131,
          33.6086839
        ]
      },
      "properties": {
        "内容": "バス停: 博多港国際ターミナル (西日本鉄道)",
        "name": "博多港国際ターミナル",
        "operator": "西日本鉄道",
        "ref": "",
        "url": "",
        "url2": ""
      }
    },
    {
      "type": "Feature",
      "geometry": {
        "type": "Point",
        "coordinates": [
          130.4000653,
          33.6087297
        ]
      },
      "properties": {
        "内容": "バス停: 博多港国際ターミナル (西日本鉄道)",
        "name": "博多港国際ターミナル",
        "operator": "西日本鉄道",
        "ref": "",
        "url": "",
        "url2": ""
      }
    },
    {
      "type": "Feature",
      "geometry": {
        "type": "Point",
        "coordinates": [
          130.3999312,
          33.6088079
        ]
      },
      "properties": {
        "内容": "バス停: 博多港国際ターミナル (西日本鉄道)",
        "name": "博多港国際ターミナル",
        "operator": "西日本鉄道",
        "ref": "",
        "url": "",
        "url2": ""
      }
    },
    {
      "type": "Feature",
      "geometry": {
        "type": "Point",
        "coordinates": [
          130.4038888,
          33.6035057
        ]
      },
      "properties": {
        "内容": "バス停: 国際センターサンパレス前 (西日本鉄道)",
        "name": "国際センターサンパレス前",
        "operator": "西日本鉄道",
        "ref": "",
        "url": "",
        "url2": ""
      }
    },
    {
      "type": "Feature",
      "geometry": {
        "type": "Point",
        "coordinates": [
          130.4037011,
          33.6037023
        ]
      },
      "properties": {
        "内容": "バス停: 国際センターサンパレス前 (西日本鉄道)",
        "name": "国際センターサンパレス前",
        "operator": "西日本鉄道",
        "ref": "",
        "url": "",
        "url2": ""
      }
    },
    {
      "type": "Feature",
      "geometry": {
        "type": "Point",
        "coordinates": [
          130.5119749,
          33.3148364
        ]
      },
      "properties": {
        "内容": "バス停: 名称不明バス停",
        "name": "名称不明バス停",
        "operator": "事業者不明",
        "ref": "",
        "url": "",
        "url2": ""
      }
    },
    {
      "type": "Feature",
      "geometry": {
        "type": "Point",
        "coordinates": [
          130.5146125,
          33.3141397
        ]
      },
      "properties": {
        "内容": "バス停: 日吉町",
        "name": "日吉町",
        "operator": "事業者不明",
        "ref": "",
        "url": "",
        "url2": ""
      }
    },
    {
      "type": "Feature",
      "geometry": {
        "type": "Point",
        "coordinates": [
          130.509693,
          33.315459
        ]
      },
      "properties": {
        "内容": "バス停: 名称不明バス停",
        "name": "名称不明バス停",
        "operator": "事業者不明",
        "ref": "",
        "url": "",
        "url2": ""
      }
    },
    {
      "type": "Feature",
      "geometry": {
        "type": "Point",
        "coordinates": [
          130.5186185,
          33.3159797
        ]
      },
      "properties": {
        "内容": "バス停: 名称不明バス停",
        "name": "名称不明バス停",
        "operator": "事業者不明",
        "ref": "",
        "url": "",
        "url2": ""
      }
    },
    {
      "type": "Feature",
      "geometry": {
        "type": "Point",
        "coordinates": [
          130.5131405,
          33.3173372
        ]
      },
      "properties": {
        "内容": "バス停: 名称不明バス停",
        "name": "名称不明バス停",
        "operator": "事業者不明",
        "ref": "",
        "url": "",
        "url2": ""
      }
    },
    {
      "type": "Feature",
      "geometry": {
        "type": "Point",
        "coordinates": [
          130.505497,
          33.319739
        ]
      },
      "properties": {
        "内容": "バス停: 名称不明バス停",
        "name": "名称不明バス停",
        "operator": "事業者不明",
        "ref": "",
        "url": "",
        "url2": ""
      }
    },
    {
      "type": "Feature",
      "geometry": {
        "type": "Point",
        "coordinates": [
          130.508926,
          33.322715
        ]
      },
      "properties": {
        "内容": "バス停: 篠山3丁目",
        "name": "篠山3丁目",
        "operator": "事業者不明",
        "ref": "",
        "url": "",
        "url2": ""
      }
    },
    {
      "type": "Feature",
      "geometry": {
        "type": "Point",
        "coordinates": [
          130.469796,
          33.765009
        ]
      },
      "properties": {
        "内容": "バス停: 福間漁港",
        "name": "福間漁港",
        "operator": "事業者不明",
        "ref": "",
        "url": "",
        "url2": ""
      }
    },
    {
      "type": "Feature",
      "geometry": {
        "type": "Point",
        "coordinates": [
          130.476863,
          33.729376
        ]
      },
      "properties": {
        "内容": "バス停: 庄",
        "name": "庄",
        "operator": "事業者不明",
        "ref": "",
        "url": "",
        "url2": ""
      }
    },
    {
      "type": "Feature",
      "geometry": {
        "type": "Point",
        "coordinates": [
          130.508155,
          33.320502
        ]
      },
      "properties": {
        "内容": "バス停: 市民会館前",
        "name": "市民会館前",
        "operator": "事業者不明",
        "ref": "",
        "url": "",
        "url2": ""
      }
    },
    {
      "type": "Feature",
      "geometry": {
        "type": "Point",
        "coordinates": [
          130.490086,
          33.314655
        ]
      },
      "properties": {
        "内容": "バス停: 豆津橋",
        "name": "豆津橋",
        "operator": "事業者不明",
        "ref": "",
        "url": "",
        "url2": ""
      }
    },
    {
      "type": "Feature",
      "geometry": {
        "type": "Point",
        "coordinates": [
          130.487856,
          33.310059
        ]
      },
      "properties": {
        "内容": "バス停: 油田",
        "name": "油田",
        "operator": "事業者不明",
        "ref": "",
        "url": "",
        "url2": ""
      }
    },
    {
      "type": "Feature",
      "geometry": {
        "type": "Point",
        "coordinates": [
          130.507699,
          33.319718
        ]
      },
      "properties": {
        "内容": "バス停: 市民会館前",
        "name": "市民会館前",
        "operator": "事業者不明",
        "ref": "",
        "url": "",
        "url2": ""
      }
    },
    {
      "type": "Feature",
      "geometry": {
        "type": "Point",
        "coordinates": [
          130.469846,
          33.265298
        ]
      },
      "properties": {
        "内容": "バス停: 早津崎",
        "name": "早津崎",
        "operator": "事業者不明",
        "ref": "",
        "url": "",
        "url2": ""
      }
    },
    {
      "type": "Feature",
      "geometry": {
        "type": "Point",
        "coordinates": [
          130.473829,
          33.27416
        ]
      },
      "properties": {
        "内容": "バス停: 宮前",
        "name": "宮前",
        "operator": "事業者不明",
        "ref": "",
        "url": "",
        "url2": ""
      }
    },
    {
      "type": "Feature",
      "geometry": {
        "type": "Point",
        "coordinates": [
          130.492883,
          33.291244
        ]
      },
      "properties": {
        "内容": "バス停: 目安町",
        "name": "目安町",
        "operator": "事業者不明",
        "ref": "",
        "url": "",
        "url2": ""
      }
    },
    {
      "type": "Feature",
      "geometry": {
        "type": "Point",
        "coordinates": [
          130.486315,
          33.284495
        ]
      },
      "properties": {
        "内容": "バス停: 安武",
        "name": "安武",
        "operator": "事業者不明",
        "ref": "",
        "url": "",
        "url2": ""
      }
    },
    {
      "type": "Feature",
      "geometry": {
        "type": "Point",
        "coordinates": [
          130.473986,
          33.271519
        ]
      },
      "properties": {
        "内容": "バス停: 大善寺駅",
        "name": "大善寺駅",
        "operator": "事業者不明",
        "ref": "",
        "url": "",
        "url2": ""
      }
    },
    {
      "type": "Feature",
      "geometry": {
        "type": "Point",
        "coordinates": [
          130.413356,
          33.5947534
        ]
      },
      "properties": {
        "内容": "バス停: 祇園町",
        "name": "祇園町",
        "operator": "事業者不明",
        "ref": "",
        "url": "",
        "url2": ""
      }
    },
    {
      "type": "Feature",
      "geometry": {
        "type": "Point",
        "coordinates": [
          130.4136148,
          33.5936534
        ]
      },
      "properties": {
        "内容": "バス停: 祇園町",
        "name": "祇園町",
        "operator": "事業者不明",
        "ref": "",
        "url": "",
        "url2": ""
      }
    },
    {
      "type": "Feature",
      "geometry": {
        "type": "Point",
        "coordinates": [
          130.4145087,
          33.5938216
        ]
      },
      "properties": {
        "内容": "バス停: 祇園町 (西日本鉄道)",
        "name": "祇園町",
        "operator": "西日本鉄道",
        "ref": "",
        "url": "",
        "url2": ""
      }
    },
    {
      "type": "Feature",
      "geometry": {
        "type": "Point",
        "coordinates": [
          130.4817553,
          33.5885842
        ]
      },
      "properties": {
        "内容": "バス停: 下志免",
        "name": "下志免",
        "operator": "事業者不明",
        "ref": "",
        "url": "",
        "url2": ""
      }
    },
    {
      "type": "Feature",
      "geometry": {
        "type": "Point",
        "coordinates": [
          130.4817079,
          33.5884084
        ]
      },
      "properties": {
        "内容": "バス停: 下志免",
        "name": "下志免",
        "operator": "事業者不明",
        "ref": "",
        "url": "",
        "url2": ""
      }
    },
    {
      "type": "Feature",
      "geometry": {
        "type": "Point",
        "coordinates": [
          130.7037464,
          33.779055
        ]
      },
      "properties": {
        "内容": "バス停: 直方ＰＡ",
        "name": "直方ＰＡ",
        "operator": "事業者不明",
        "ref": "",
        "url": "",
        "url2": ""
      }
    },
    {
      "type": "Feature",
      "geometry": {
        "type": "Point",
        "coordinates": [
          130.6088758,
          33.7474994
        ]
      },
      "properties": {
        "内容": "バス停: 名称不明バス停",
        "name": "名称不明バス停",
        "operator": "事業者不明",
        "ref": "",
        "url": "",
        "url2": ""
      }
    },
    {
      "type": "Feature",
      "geometry": {
        "type": "Point",
        "coordinates": [
          130.6078146,
          33.7477068
        ]
      },
      "properties": {
        "内容": "バス停: 名称不明バス停",
        "name": "名称不明バス停",
        "operator": "事業者不明",
        "ref": "",
        "url": "",
        "url2": ""
      }
    },
    {
      "type": "Feature",
      "geometry": {
        "type": "Point",
        "coordinates": [
          130.490326,
          33.6304202
        ]
      },
      "properties": {
        "内容": "バス停: 名称不明バス停",
        "name": "名称不明バス停",
        "operator": "事業者不明",
        "ref": "",
        "url": "",
        "url2": ""
      }
    },
    {
      "type": "Feature",
      "geometry": {
        "type": "Point",
        "coordinates": [
          130.4892531,
          33.6294576
        ]
      },
      "properties": {
        "内容": "バス停: 名称不明バス停",
        "name": "名称不明バス停",
        "operator": "事業者不明",
        "ref": "",
        "url": "",
        "url2": ""
      }
    },
    {
      "type": "Feature",
      "geometry": {
        "type": "Point",
        "coordinates": [
          130.4967981,
          33.5289992
        ]
      },
      "properties": {
        "内容": "バス停: 太宰府IC",
        "name": "太宰府IC",
        "operator": "事業者不明",
        "ref": "",
        "url": "",
        "url2": ""
      }
    },
    {
      "type": "Feature",
      "geometry": {
        "type": "Point",
        "coordinates": [
          130.4964977,
          33.529822
        ]
      },
      "properties": {
        "内容": "バス停: 太宰府IC",
        "name": "太宰府IC",
        "operator": "事業者不明",
        "ref": "",
        "url": "",
        "url2": ""
      }
    },
    {
      "type": "Feature",
      "geometry": {
        "type": "Point",
        "coordinates": [
          130.5368586,
          33.2534924
        ]
      },
      "properties": {
        "内容": "バス停: 名称不明バス停",
        "name": "名称不明バス停",
        "operator": "事業者不明",
        "ref": "",
        "url": "",
        "url2": ""
      }
    },
    {
      "type": "Feature",
      "geometry": {
        "type": "Point",
        "coordinates": [
          130.5365153,
          33.2544574
        ]
      },
      "properties": {
        "内容": "バス停: 名称不明バス停",
        "name": "名称不明バス停",
        "operator": "事業者不明",
        "ref": "",
        "url": "",
        "url2": ""
      }
    },
    {
      "type": "Feature",
      "geometry": {
        "type": "Point",
        "coordinates": [
          130.523751,
          33.2117652
        ]
      },
      "properties": {
        "内容": "バス停: 名称不明バス停",
        "name": "名称不明バス停",
        "operator": "事業者不明",
        "ref": "",
        "url": "",
        "url2": ""
      }
    },
    {
      "type": "Feature",
      "geometry": {
        "type": "Point",
        "coordinates": [
          130.5232208,
          33.2103402
        ]
      },
      "properties": {
        "内容": "バス停: 名称不明バス停",
        "name": "名称不明バス停",
        "operator": "事業者不明",
        "ref": "",
        "url": "",
        "url2": ""
      }
    },
    {
      "type": "Feature",
      "geometry": {
        "type": "Point",
        "coordinates": [
          130.6506546,
          33.4038409
        ]
      },
      "properties": {
        "内容": "バス停: 名称不明バス停",
        "name": "名称不明バス停",
        "operator": "事業者不明",
        "ref": "",
        "url": "",
        "url2": ""
      }
    },
    {
      "type": "Feature",
      "geometry": {
        "type": "Point",
        "coordinates": [
          130.6509201,
          33.4037088
        ]
      },
      "properties": {
        "内容": "バス停: 名称不明バス停",
        "name": "名称不明バス停",
        "operator": "事業者不明",
        "ref": "",
        "url": "",
        "url2": ""
      }
    },
    {
      "type": "Feature",
      "geometry": {
        "type": "Point",
        "coordinates": [
          130.4473743,
          33.5998296
        ]
      },
      "properties": {
        "内容": "バス停: 名称不明バス停",
        "name": "名称不明バス停",
        "operator": "事業者不明",
        "ref": "",
        "url": "",
        "url2": ""
      }
    },
    {
      "type": "Feature",
      "geometry": {
        "type": "Point",
        "coordinates": [
          130.4188882,
          33.5692227
        ]
      },
      "properties": {
        "内容": "バス停: 名称不明バス停",
        "name": "名称不明バス停",
        "operator": "事業者不明",
        "ref": "",
        "url": "",
        "url2": ""
      }
    },
    {
      "type": "Feature",
      "geometry": {
        "type": "Point",
        "coordinates": [
          130.420405,
          33.5663359
        ]
      },
      "properties": {
        "内容": "バス停: 名称不明バス停",
        "name": "名称不明バス停",
        "operator": "事業者不明",
        "ref": "",
        "url": "",
        "url2": ""
      }
    },
    {
      "type": "Feature",
      "geometry": {
        "type": "Point",
        "coordinates": [
          130.388458,
          33.5840712
        ]
      },
      "properties": {
        "内容": "バス停: 赤坂二丁目",
        "name": "赤坂二丁目",
        "operator": "事業者不明",
        "ref": "",
        "url": "",
        "url2": ""
      }
    },
    {
      "type": "Feature",
      "geometry": {
        "type": "Point",
        "coordinates": [
          130.3820294,
          33.5806987
        ]
      },
      "properties": {
        "内容": "バス停: 護国神社前 (西日本鉄道)",
        "name": "護国神社前",
        "operator": "西日本鉄道",
        "ref": "",
        "url": "",
        "url2": ""
      }
    },
    {
      "type": "Feature",
      "geometry": {
        "type": "Point",
        "coordinates": [
          130.390557,
          33.5848364
        ]
      },
      "properties": {
        "内容": "バス停: 警固町",
        "name": "警固町",
        "operator": "事業者不明",
        "ref": "",
        "url": "",
        "url2": ""
      }
    },
    {
      "type": "Feature",
      "geometry": {
        "type": "Point",
        "coordinates": [
          130.4216629,
          33.5752193
        ]
      },
      "properties": {
        "内容": "バス停: パナソニック前",
        "name": "パナソニック前",
        "operator": "事業者不明",
        "ref": "",
        "url": "",
        "url2": ""
      }
    },
    {
      "type": "Feature",
      "geometry": {
        "type": "Point",
        "coordinates": [
          130.4215328,
          33.575193
        ]
      },
      "properties": {
        "内容": "バス停: パナソニック前",
        "name": "パナソニック前",
        "operator": "事業者不明",
        "ref": "",
        "url": "",
        "url2": ""
      }
    },
    {
      "type": "Feature",
      "geometry": {
        "type": "Point",
        "coordinates": [
          130.3816302,
          33.5801951
        ]
      },
      "properties": {
        "内容": "バス停: 護国神社前 (西日本鉄道)",
        "name": "護国神社前",
        "operator": "西日本鉄道",
        "ref": "",
        "url": "",
        "url2": ""
      }
    },
    {
      "type": "Feature",
      "geometry": {
        "type": "Point",
        "coordinates": [
          130.3843445,
          33.583067
        ]
      },
      "properties": {
        "内容": "バス停: 赤坂三丁目",
        "name": "赤坂三丁目",
        "operator": "事業者不明",
        "ref": "",
        "url": "",
        "url2": ""
      }
    },
    {
      "type": "Feature",
      "geometry": {
        "type": "Point",
        "coordinates": [
          130.5155382,
          33.5133937
        ]
      },
      "properties": {
        "内容": "バス停: 大宰府政庁跡",
        "name": "大宰府政庁跡",
        "operator": "事業者不明",
        "ref": "",
        "url": "",
        "url2": ""
      }
    },
    {
      "type": "Feature",
      "geometry": {
        "type": "Point",
        "coordinates": [
          130.4971779,
          33.5247035
        ]
      },
      "properties": {
        "内容": "バス停: Mizukinosato post office (Dazaifu Community Bus)",
        "name": "Mizukinosato post office",
        "operator": "Dazaifu Community Bus",
        "ref": "",
        "url": "",
        "url2": ""
      }
    },
    {
      "type": "Feature",
      "geometry": {
        "type": "Point",
        "coordinates": [
          130.4608229,
          33.5425746
        ]
      },
      "properties": {
        "内容": "バス停: JR南福岡駅",
        "name": "JR南福岡駅",
        "operator": "事業者不明",
        "ref": "",
        "url": "",
        "url2": ""
      }
    },
    {
      "type": "Feature",
      "geometry": {
        "type": "Point",
        "coordinates": [
          130.4086605,
          33.5609018
        ]
      },
      "properties": {
        "内容": "バス停: 名称不明バス停",
        "name": "名称不明バス停",
        "operator": "事業者不明",
        "ref": "",
        "url": "",
        "url2": ""
      }
    },
    {
      "type": "Feature",
      "geometry": {
        "type": "Point",
        "coordinates": [
          130.4619692,
          33.6104714
        ]
      },
      "properties": {
        "内容": "バス停: 名称不明バス停",
        "name": "名称不明バス停",
        "operator": "事業者不明",
        "ref": "",
        "url": "",
        "url2": ""
      }
    },
    {
      "type": "Feature",
      "geometry": {
        "type": "Point",
        "coordinates": [
          130.4718638,
          33.6126013
        ]
      },
      "properties": {
        "内容": "バス停: 原町",
        "name": "原町",
        "operator": "事業者不明",
        "ref": "",
        "url": "",
        "url2": ""
      }
    },
    {
      "type": "Feature",
      "geometry": {
        "type": "Point",
        "coordinates": [
          130.4795604,
          33.615625
        ]
      },
      "properties": {
        "内容": "バス停: 長者原",
        "name": "長者原",
        "operator": "事業者不明",
        "ref": "",
        "url": "",
        "url2": ""
      }
    },
    {
      "type": "Feature",
      "geometry": {
        "type": "Point",
        "coordinates": [
          130.5037053,
          33.6204345
        ]
      },
      "properties": {
        "内容": "バス停: 乙犬",
        "name": "乙犬",
        "operator": "事業者不明",
        "ref": "",
        "url": "",
        "url2": ""
      }
    },
    {
      "type": "Feature",
      "geometry": {
        "type": "Point",
        "coordinates": [
          130.5100301,
          33.6212459
        ]
      },
      "properties": {
        "内容": "バス停: 尾仲",
        "name": "尾仲",
        "operator": "事業者不明",
        "ref": "",
        "url": "",
        "url2": ""
      }
    },
    {
      "type": "Feature",
      "geometry": {
        "type": "Point",
        "coordinates": [
          130.5209368,
          33.6227767
        ]
      },
      "properties": {
        "内容": "バス停: 庄",
        "name": "庄",
        "operator": "事業者不明",
        "ref": "",
        "url": "",
        "url2": ""
      }
    },
    {
      "type": "Feature",
      "geometry": {
        "type": "Point",
        "coordinates": [
          130.4097833,
          33.5702933
        ]
      },
      "properties": {
        "内容": "バス停: 高宮二丁目",
        "name": "高宮二丁目",
        "operator": "事業者不明",
        "ref": "",
        "url": "",
        "url2": ""
      }
    },
    {
      "type": "Feature",
      "geometry": {
        "type": "Point",
        "coordinates": [
          130.39668,
          33.5861035
        ]
      },
      "properties": {
        "内容": "バス停: 今泉一丁目",
        "name": "今泉一丁目",
        "operator": "事業者不明",
        "ref": "",
        "url": "",
        "url2": ""
      }
    },
    {
      "type": "Feature",
      "geometry": {
        "type": "Point",
        "coordinates": [
          130.395023,
          33.5825407
        ]
      },
      "properties": {
        "内容": "バス停: 薬院二丁目",
        "name": "薬院二丁目",
        "operator": "事業者不明",
        "ref": "",
        "url": "",
        "url2": ""
      }
    },
    {
      "type": "Feature",
      "geometry": {
        "type": "Point",
        "coordinates": [
          130.4056969,
          33.574263
        ]
      },
      "properties": {
        "内容": "バス停: 西鉄平尾駅",
        "name": "西鉄平尾駅",
        "operator": "事業者不明",
        "ref": "",
        "url": "",
        "url2": ""
      }
    },
    {
      "type": "Feature",
      "geometry": {
        "type": "Point",
        "coordinates": [
          130.4134854,
          33.5674411
        ]
      },
      "properties": {
        "内容": "バス停: 西鉄高宮駅前",
        "name": "西鉄高宮駅前",
        "operator": "事業者不明",
        "ref": "",
        "url": "",
        "url2": ""
      }
    },
    {
      "type": "Feature",
      "geometry": {
        "type": "Point",
        "coordinates": [
          130.3780543,
          33.590093
        ]
      },
      "properties": {
        "内容": "バス停: 荒戸一丁目",
        "name": "荒戸一丁目",
        "operator": "事業者不明",
        "ref": "",
        "url": "",
        "url2": ""
      }
    },
    {
      "type": "Feature",
      "geometry": {
        "type": "Point",
        "coordinates": [
          130.382913,
          33.5889275
        ]
      },
      "properties": {
        "内容": "バス停: 大手門・平和台陸上競技場",
        "name": "大手門・平和台陸上競技場",
        "operator": "事業者不明",
        "ref": "",
        "url": "",
        "url2": ""
      }
    },
    {
      "type": "Feature",
      "geometry": {
        "type": "Point",
        "coordinates": [
          130.3950531,
          33.5826891
        ]
      },
      "properties": {
        "内容": "バス停: 薬院二丁目",
        "name": "薬院二丁目",
        "operator": "事業者不明",
        "ref": "",
        "url": "",
        "url2": ""
      }
    },
    {
      "type": "Feature",
      "geometry": {
        "type": "Point",
        "coordinates": [
          130.3981189,
          33.5810928
        ]
      },
      "properties": {
        "内容": "バス停: 薬院大通",
        "name": "薬院大通",
        "operator": "事業者不明",
        "ref": "",
        "url": "",
        "url2": ""
      }
    },
    {
      "type": "Feature",
      "geometry": {
        "type": "Point",
        "coordinates": [
          130.4056714,
          33.5742771
        ]
      },
      "properties": {
        "内容": "バス停: 西鉄平尾駅",
        "name": "西鉄平尾駅",
        "operator": "事業者不明",
        "ref": "",
        "url": "",
        "url2": ""
      }
    },
    {
      "type": "Feature",
      "geometry": {
        "type": "Point",
        "coordinates": [
          130.4135868,
          33.5672725
        ]
      },
      "properties": {
        "内容": "バス停: 西鉄高宮駅前",
        "name": "西鉄高宮駅前",
        "operator": "事業者不明",
        "ref": "",
        "url": "",
        "url2": ""
      }
    },
    {
      "type": "Feature",
      "geometry": {
        "type": "Point",
        "coordinates": [
          130.3840245,
          33.5830484
        ]
      },
      "properties": {
        "内容": "バス停: 赤坂三丁目",
        "name": "赤坂三丁目",
        "operator": "事業者不明",
        "ref": "",
        "url": "",
        "url2": ""
      }
    },
    {
      "type": "Feature",
      "geometry": {
        "type": "Point",
        "coordinates": [
          130.4136832,
          33.5612089
        ]
      },
      "properties": {
        "内容": "バス停: 野間３丁目",
        "name": "野間３丁目",
        "operator": "事業者不明",
        "ref": "",
        "url": "",
        "url2": ""
      }
    },
    {
      "type": "Feature",
      "geometry": {
        "type": "Point",
        "coordinates": [
          130.4025796,
          33.5572982
        ]
      },
      "properties": {
        "内容": "バス停: 穴観音",
        "name": "穴観音",
        "operator": "事業者不明",
        "ref": "",
        "url": "",
        "url2": ""
      }
    },
    {
      "type": "Feature",
      "geometry": {
        "type": "Point",
        "coordinates": [
          130.4021966,
          33.5573248
        ]
      },
      "properties": {
        "内容": "バス停: 穴観音",
        "name": "穴観音",
        "operator": "事業者不明",
        "ref": "",
        "url": "",
        "url2": ""
      }
    },
    {
      "type": "Feature",
      "geometry": {
        "type": "Point",
        "coordinates": [
          130.4088051,
          33.5561729
        ]
      },
      "properties": {
        "内容": "バス停: 野間大池",
        "name": "野間大池",
        "operator": "事業者不明",
        "ref": "",
        "url": "",
        "url2": ""
      }
    },
    {
      "type": "Feature",
      "geometry": {
        "type": "Point",
        "coordinates": [
          130.4019523,
          33.5874226
        ]
      },
      "properties": {
        "内容": "バス停: 天神南",
        "name": "天神南",
        "operator": "事業者不明",
        "ref": "",
        "url": "",
        "url2": ""
      }
    },
    {
      "type": "Feature",
      "geometry": {
        "type": "Point",
        "coordinates": [
          130.4021352,
          33.5884873
        ]
      },
      "properties": {
        "内容": "バス停: 天神一丁目",
        "name": "天神一丁目",
        "operator": "事業者不明",
        "ref": "",
        "url": "",
        "url2": ""
      }
    },
    {
      "type": "Feature",
      "geometry": {
        "type": "Point",
        "coordinates": [
          130.4030819,
          33.5887867
        ]
      },
      "properties": {
        "内容": "バス停: 天神一丁目",
        "name": "天神一丁目",
        "operator": "事業者不明",
        "ref": "",
        "url": "",
        "url2": ""
      }
    },
    {
      "type": "Feature",
      "geometry": {
        "type": "Point",
        "coordinates": [
          130.4016634,
          33.5872056
        ]
      },
      "properties": {
        "内容": "バス停: 天神南",
        "name": "天神南",
        "operator": "事業者不明",
        "ref": "",
        "url": "",
        "url2": ""
      }
    },
    {
      "type": "Feature",
      "geometry": {
        "type": "Point",
        "coordinates": [
          130.4158236,
          33.5714241
        ]
      },
      "properties": {
        "内容": "バス停: 大楠",
        "name": "大楠",
        "operator": "事業者不明",
        "ref": "",
        "url": "",
        "url2": ""
      }
    },
    {
      "type": "Feature",
      "geometry": {
        "type": "Point",
        "coordinates": [
          130.4177067,
          33.5692953
        ]
      },
      "properties": {
        "内容": "バス停: 清水町",
        "name": "清水町",
        "operator": "事業者不明",
        "ref": "",
        "url": "",
        "url2": ""
      }
    },
    {
      "type": "Feature",
      "geometry": {
        "type": "Point",
        "coordinates": [
          130.4240852,
          33.5707045
        ]
      },
      "properties": {
        "内容": "バス停: 清水2丁目",
        "name": "清水2丁目",
        "operator": "事業者不明",
        "ref": "",
        "url": "",
        "url2": ""
      }
    },
    {
      "type": "Feature",
      "geometry": {
        "type": "Point",
        "coordinates": [
          130.422525,
          33.5721974
        ]
      },
      "properties": {
        "内容": "バス停: 清水1丁目",
        "name": "清水1丁目",
        "operator": "事業者不明",
        "ref": "",
        "url": "",
        "url2": ""
      }
    },
    {
      "type": "Feature",
      "geometry": {
        "type": "Point",
        "coordinates": [
          130.4226912,
          33.572222
        ]
      },
      "properties": {
        "内容": "バス停: 清水1丁目",
        "name": "清水1丁目",
        "operator": "事業者不明",
        "ref": "",
        "url": "",
        "url2": ""
      }
    },
    {
      "type": "Feature",
      "geometry": {
        "type": "Point",
        "coordinates": [
          130.4239149,
          33.5706099
        ]
      },
      "properties": {
        "内容": "バス停: 清水2丁目",
        "name": "清水2丁目",
        "operator": "事業者不明",
        "ref": "",
        "url": "",
        "url2": ""
      }
    },
    {
      "type": "Feature",
      "geometry": {
        "type": "Point",
        "coordinates": [
          130.3086166,
          33.6614059
        ]
      },
      "properties": {
        "内容": "バス停: 志賀島小学校前",
        "name": "志賀島小学校前",
        "operator": "事業者不明",
        "ref": "",
        "url": "",
        "url2": ""
      }
    },
    {
      "type": "Feature",
      "geometry": {
        "type": "Point",
        "coordinates": [
          130.5427436,
          33.3351985
        ]
      },
      "properties": {
        "内容": "バス停: 名称不明バス停",
        "name": "名称不明バス停",
        "operator": "事業者不明",
        "ref": "",
        "url": "",
        "url2": ""
      }
    },
    {
      "type": "Feature",
      "geometry": {
        "type": "Point",
        "coordinates": [
          130.5423735,
          33.3347279
        ]
      },
      "properties": {
        "内容": "バス停: 名称不明バス停",
        "name": "名称不明バス停",
        "operator": "事業者不明",
        "ref": "",
        "url": "",
        "url2": ""
      }
    },
    {
      "type": "Feature",
      "geometry": {
        "type": "Point",
        "coordinates": [
          130.4041373,
          33.5844942
        ]
      },
      "properties": {
        "内容": "バス停: 渡辺通二丁目",
        "name": "渡辺通二丁目",
        "operator": "事業者不明",
        "ref": "",
        "url": "",
        "url2": ""
      }
    },
    {
      "type": "Feature",
      "geometry": {
        "type": "Point",
        "coordinates": [
          130.4121799,
          33.5753171
        ]
      },
      "properties": {
        "内容": "バス停: 那の川",
        "name": "那の川",
        "operator": "事業者不明",
        "ref": "",
        "url": "",
        "url2": ""
      }
    },
    {
      "type": "Feature",
      "geometry": {
        "type": "Point",
        "coordinates": [
          130.4108542,
          33.5771685
        ]
      },
      "properties": {
        "内容": "バス停: 高砂二丁目",
        "name": "高砂二丁目",
        "operator": "事業者不明",
        "ref": "",
        "url": "",
        "url2": ""
      }
    },
    {
      "type": "Feature",
      "geometry": {
        "type": "Point",
        "coordinates": [
          130.4070022,
          33.5813486
        ]
      },
      "properties": {
        "内容": "バス停: 渡辺通一丁目 FM福岡前",
        "name": "渡辺通一丁目 FM福岡前",
        "operator": "事業者不明",
        "ref": "",
        "url": "",
        "url2": ""
      }
    },
    {
      "type": "Feature",
      "geometry": {
        "type": "Point",
        "coordinates": [
          130.4086058,
          33.5798126
        ]
      },
      "properties": {
        "内容": "バス停: 高砂",
        "name": "高砂",
        "operator": "事業者不明",
        "ref": "",
        "url": "",
        "url2": ""
      }
    },
    {
      "type": "Feature",
      "geometry": {
        "type": "Point",
        "coordinates": [
          130.4020198,
          33.5903052
        ]
      },
      "properties": {
        "内容": "バス停: 天神福岡市役所前",
        "name": "天神福岡市役所前",
        "operator": "事業者不明",
        "ref": "",
        "url": "",
        "url2": ""
      }
    },
    {
      "type": "Feature",
      "geometry": {
        "type": "Point",
        "coordinates": [
          130.3998213,
          33.5872758
        ]
      },
      "properties": {
        "内容": "バス停: 天神警固神社　三越前",
        "name": "天神警固神社　三越前",
        "operator": "事業者不明",
        "ref": "",
        "url": "",
        "url2": ""
      }
    },
    {
      "type": "Feature",
      "geometry": {
        "type": "Point",
        "coordinates": [
          130.399662,
          33.5871256
        ]
      },
      "properties": {
        "内容": "バス停: 天神警固神社　三越前",
        "name": "天神警固神社　三越前",
        "operator": "事業者不明",
        "ref": "",
        "url": "",
        "url2": ""
      }
    },
    {
      "type": "Feature",
      "geometry": {
        "type": "Point",
        "coordinates": [
          130.4229905,
          33.6065395
        ]
      },
      "properties": {
        "内容": "バス停: 吉塚駅",
        "name": "吉塚駅",
        "operator": "事業者不明",
        "ref": "",
        "url": "",
        "url2": ""
      }
    },
    {
      "type": "Feature",
      "geometry": {
        "type": "Point",
        "coordinates": [
          130.7650135,
          33.6961302
        ]
      },
      "properties": {
        "内容": "バス停: 福智町役場赤池支所",
        "name": "福智町役場赤池支所",
        "operator": "事業者不明",
        "ref": "",
        "url": "",
        "url2": ""
      }
    },
    {
      "type": "Feature",
      "geometry": {
        "type": "Point",
        "coordinates": [
          130.765429,
          33.6992996
        ]
      },
      "properties": {
        "内容": "バス停: ふれあい生力駅前",
        "name": "ふれあい生力駅前",
        "operator": "事業者不明",
        "ref": "",
        "url": "",
        "url2": ""
      }
    },
    {
      "type": "Feature",
      "geometry": {
        "type": "Point",
        "coordinates": [
          130.7257229,
          33.74886
        ]
      },
      "properties": {
        "内容": "バス停: 直方 (西鉄)",
        "name": "直方",
        "operator": "西鉄",
        "ref": "",
        "url": "",
        "url2": ""
      }
    },
    {
      "type": "Feature",
      "geometry": {
        "type": "Point",
        "coordinates": [
          130.7930712,
          33.6824021
        ]
      },
      "properties": {
        "内容": "バス停: 後谷",
        "name": "後谷",
        "operator": "事業者不明",
        "ref": "",
        "url": "",
        "url2": ""
      }
    },
    {
      "type": "Feature",
      "geometry": {
        "type": "Point",
        "coordinates": [
          130.5094631,
          33.3247386
        ]
      },
      "properties": {
        "内容": "バス停: 旭町団地前",
        "name": "旭町団地前",
        "operator": "事業者不明",
        "ref": "",
        "url": "",
        "url2": ""
      }
    },
    {
      "type": "Feature",
      "geometry": {
        "type": "Point",
        "coordinates": [
          130.6367641,
          33.4340932
        ]
      },
      "properties": {
        "内容": "バス停: 新町",
        "name": "新町",
        "operator": "事業者不明",
        "ref": "",
        "url": "",
        "url2": ""
      }
    },
    {
      "type": "Feature",
      "geometry": {
        "type": "Point",
        "coordinates": [
          130.5422658,
          33.3197167
        ]
      },
      "properties": {
        "内容": "バス停: Tジョイ・ゆめタウン入口",
        "name": "Tジョイ・ゆめタウン入口",
        "operator": "事業者不明",
        "ref": "",
        "url": "",
        "url2": ""
      }
    },
    {
      "type": "Feature",
      "geometry": {
        "type": "Point",
        "coordinates": [
          130.4085033,
          33.1635359
        ]
      },
      "properties": {
        "内容": "バス停: あめんぼセンター前",
        "name": "あめんぼセンター前",
        "operator": "事業者不明",
        "ref": "",
        "url": "",
        "url2": ""
      }
    },
    {
      "type": "Feature",
      "geometry": {
        "type": "Point",
        "coordinates": [
          130.4942457,
          33.2971013
        ]
      },
      "properties": {
        "内容": "バス停: 津福本町",
        "name": "津福本町",
        "operator": "事業者不明",
        "ref": "",
        "url": "",
        "url2": ""
      }
    },
    {
      "type": "Feature",
      "geometry": {
        "type": "Point",
        "coordinates": [
          130.5084616,
          33.3216163
        ]
      },
      "properties": {
        "内容": "バス停: 篠山三丁目",
        "name": "篠山三丁目",
        "operator": "事業者不明",
        "ref": "",
        "url": "",
        "url2": ""
      }
    },
    {
      "type": "Feature",
      "geometry": {
        "type": "Point",
        "coordinates": [
          130.5172496,
          33.3229991
        ]
      },
      "properties": {
        "内容": "バス停: 久留米警察署前",
        "name": "久留米警察署前",
        "operator": "事業者不明",
        "ref": "",
        "url": "",
        "url2": ""
      }
    },
    {
      "type": "Feature",
      "geometry": {
        "type": "Point",
        "coordinates": [
          130.4740179,
          33.274133
        ]
      },
      "properties": {
        "内容": "バス停: 宮前",
        "name": "宮前",
        "operator": "事業者不明",
        "ref": "",
        "url": "",
        "url2": ""
      }
    },
    {
      "type": "Feature",
      "geometry": {
        "type": "Point",
        "coordinates": [
          130.4969242,
          33.2969909
        ]
      },
      "properties": {
        "内容": "バス停: 津福本町",
        "name": "津福本町",
        "operator": "事業者不明",
        "ref": "",
        "url": "",
        "url2": ""
      }
    },
    {
      "type": "Feature",
      "geometry": {
        "type": "Point",
        "coordinates": [
          130.5319514,
          33.3212456
        ]
      },
      "properties": {
        "内容": "バス停: 百年公園",
        "name": "百年公園",
        "operator": "事業者不明",
        "ref": "",
        "url": "",
        "url2": ""
      }
    },
    {
      "type": "Feature",
      "geometry": {
        "type": "Point",
        "coordinates": [
          130.5335514,
          33.3205877
        ]
      },
      "properties": {
        "内容": "バス停: 百年公園",
        "name": "百年公園",
        "operator": "事業者不明",
        "ref": "",
        "url": "",
        "url2": ""
      }
    },
    {
      "type": "Feature",
      "geometry": {
        "type": "Point",
        "coordinates": [
          130.5555226,
          33.3218917
        ]
      },
      "properties": {
        "内容": "バス停: 東合川",
        "name": "東合川",
        "operator": "事業者不明",
        "ref": "",
        "url": "",
        "url2": ""
      }
    },
    {
      "type": "Feature",
      "geometry": {
        "type": "Point",
        "coordinates": [
          130.5228247,
          33.3254248
        ]
      },
      "properties": {
        "内容": "バス停: 吉原",
        "name": "吉原",
        "operator": "事業者不明",
        "ref": "",
        "url": "",
        "url2": ""
      }
    },
    {
      "type": "Feature",
      "geometry": {
        "type": "Point",
        "coordinates": [
          130.4983917,
          33.3232351
        ]
      },
      "properties": {
        "内容": "バス停: 梅林寺",
        "name": "梅林寺",
        "operator": "事業者不明",
        "ref": "",
        "url": "",
        "url2": ""
      }
    },
    {
      "type": "Feature",
      "geometry": {
        "type": "Point",
        "coordinates": [
          130.5001773,
          33.3023631
        ]
      },
      "properties": {
        "内容": "バス停: 西小路",
        "name": "西小路",
        "operator": "事業者不明",
        "ref": "",
        "url": "",
        "url2": ""
      }
    },
    {
      "type": "Feature",
      "geometry": {
        "type": "Point",
        "coordinates": [
          130.522799,
          33.3256337
        ]
      },
      "properties": {
        "内容": "バス停: 吉原",
        "name": "吉原",
        "operator": "事業者不明",
        "ref": "",
        "url": "",
        "url2": ""
      }
    },
    {
      "type": "Feature",
      "geometry": {
        "type": "Point",
        "coordinates": [
          130.6130238,
          33.1735549
        ]
      },
      "properties": {
        "内容": "バス停: 柴折",
        "name": "柴折",
        "operator": "事業者不明",
        "ref": "",
        "url": "",
        "url2": ""
      }
    },
    {
      "type": "Feature",
      "geometry": {
        "type": "Point",
        "coordinates": [
          130.6197275,
          33.1670705
        ]
      },
      "properties": {
        "内容": "バス停: 吹春",
        "name": "吹春",
        "operator": "事業者不明",
        "ref": "",
        "url": "",
        "url2": ""
      }
    },
    {
      "type": "Feature",
      "geometry": {
        "type": "Point",
        "coordinates": [
          130.293385,
          33.6682424
        ]
      },
      "properties": {
        "内容": "バス停: 弘新地",
        "name": "弘新地",
        "operator": "事業者不明",
        "ref": "",
        "url": "",
        "url2": ""
      }
    },
    {
      "type": "Feature",
      "geometry": {
        "type": "Point",
        "coordinates": [
          130.2924419,
          33.6698546
        ]
      },
      "properties": {
        "内容": "バス停: 弘東口",
        "name": "弘東口",
        "operator": "事業者不明",
        "ref": "",
        "url": "",
        "url2": ""
      }
    },
    {
      "type": "Feature",
      "geometry": {
        "type": "Point",
        "coordinates": [
          130.2911505,
          33.6708448
        ]
      },
      "properties": {
        "内容": "バス停: 弘",
        "name": "弘",
        "operator": "事業者不明",
        "ref": "",
        "url": "",
        "url2": ""
      }
    },
    {
      "type": "Feature",
      "geometry": {
        "type": "Point",
        "coordinates": [
          130.2903011,
          33.6832582
        ]
      },
      "properties": {
        "内容": "バス停: 休暇村志賀島",
        "name": "休暇村志賀島",
        "operator": "事業者不明",
        "ref": "",
        "url": "",
        "url2": ""
      }
    },
    {
      "type": "Feature",
      "geometry": {
        "type": "Point",
        "coordinates": [
          130.2943883,
          33.686723
        ]
      },
      "properties": {
        "内容": "バス停: 勝馬",
        "name": "勝馬",
        "operator": "事業者不明",
        "ref": "",
        "url": "",
        "url2": ""
      }
    },
    {
      "type": "Feature",
      "geometry": {
        "type": "Point",
        "coordinates": [
          130.3006134,
          33.6601092
        ]
      },
      "properties": {
        "内容": "バス停: 金印塚",
        "name": "金印塚",
        "operator": "事業者不明",
        "ref": "",
        "url": "",
        "url2": ""
      }
    },
    {
      "type": "Feature",
      "geometry": {
        "type": "Point",
        "coordinates": [
          130.2952013,
          33.6640715
        ]
      },
      "properties": {
        "内容": "バス停: 蒙古塚",
        "name": "蒙古塚",
        "operator": "事業者不明",
        "ref": "",
        "url": "",
        "url2": ""
      }
    },
    {
      "type": "Feature",
      "geometry": {
        "type": "Point",
        "coordinates": [
          130.5266199,
          33.7933904
        ]
      },
      "properties": {
        "内容": "バス停: 名称不明バス停",
        "name": "名称不明バス停",
        "operator": "事業者不明",
        "ref": "",
        "url": "",
        "url2": ""
      }
    },
    {
      "type": "Feature",
      "geometry": {
        "type": "Point",
        "coordinates": [
          130.7523599,
          33.8877546
        ]
      },
      "properties": {
        "内容": "バス停: 名称不明バス停",
        "name": "名称不明バス停",
        "operator": "事業者不明",
        "ref": "",
        "url": "",
        "url2": ""
      }
    },
    {
      "type": "Feature",
      "geometry": {
        "type": "Point",
        "coordinates": [
          130.4407811,
          33.6680725
        ]
      },
      "properties": {
        "内容": "バス停: 香住ヶ丘一丁目",
        "name": "香住ヶ丘一丁目",
        "operator": "事業者不明",
        "ref": "",
        "url": "",
        "url2": ""
      }
    },
    {
      "type": "Feature",
      "geometry": {
        "type": "Point",
        "coordinates": [
          130.4389352,
          33.6687598
        ]
      },
      "properties": {
        "内容": "バス停: 香住ケ丘二丁目",
        "name": "香住ケ丘二丁目",
        "operator": "事業者不明",
        "ref": "",
        "url": "",
        "url2": ""
      }
    },
    {
      "type": "Feature",
      "geometry": {
        "type": "Point",
        "coordinates": [
          130.4353518,
          33.6703917
        ]
      },
      "properties": {
        "内容": "バス停: 香住ヶ丘三丁目",
        "name": "香住ヶ丘三丁目",
        "operator": "事業者不明",
        "ref": "",
        "url": "",
        "url2": ""
      }
    },
    {
      "type": "Feature",
      "geometry": {
        "type": "Point",
        "coordinates": [
          130.4342732,
          33.6698289
        ]
      },
      "properties": {
        "内容": "バス停: 香椎花園前",
        "name": "香椎花園前",
        "operator": "事業者不明",
        "ref": "",
        "url": "",
        "url2": ""
      }
    },
    {
      "type": "Feature",
      "geometry": {
        "type": "Point",
        "coordinates": [
          130.42917,
          33.6737425
        ]
      },
      "properties": {
        "内容": "バス停: 香住ヶ丘五丁目",
        "name": "香住ヶ丘五丁目",
        "operator": "事業者不明",
        "ref": "",
        "url": "",
        "url2": ""
      }
    },
    {
      "type": "Feature",
      "geometry": {
        "type": "Point",
        "coordinates": [
          130.4301654,
          33.6745873
        ]
      },
      "properties": {
        "内容": "バス停: 牧の花公園前",
        "name": "牧の花公園前",
        "operator": "事業者不明",
        "ref": "",
        "url": "",
        "url2": ""
      }
    },
    {
      "type": "Feature",
      "geometry": {
        "type": "Point",
        "coordinates": [
          130.4322997,
          33.6737081
        ]
      },
      "properties": {
        "内容": "バス停: 香住ヶ丘四丁目",
        "name": "香住ヶ丘四丁目",
        "operator": "事業者不明",
        "ref": "",
        "url": "",
        "url2": ""
      }
    },
    {
      "type": "Feature",
      "geometry": {
        "type": "Point",
        "coordinates": [
          130.4524022,
          33.0367756
        ]
      },
      "properties": {
        "内容": "バス停: 名称不明バス停",
        "name": "名称不明バス停",
        "operator": "事業者不明",
        "ref": "",
        "url": "",
        "url2": ""
      }
    },
    {
      "type": "Feature",
      "geometry": {
        "type": "Point",
        "coordinates": [
          130.871678,
          33.8721103
        ]
      },
      "properties": {
        "内容": "バス停: 名称不明バス停",
        "name": "名称不明バス停",
        "operator": "事業者不明",
        "ref": "",
        "url": "",
        "url2": ""
      }
    },
    {
      "type": "Feature",
      "geometry": {
        "type": "Point",
        "coordinates": [
          130.8794007,
          33.8723208
        ]
      },
      "properties": {
        "内容": "バス停: 名称不明バス停",
        "name": "名称不明バス停",
        "operator": "事業者不明",
        "ref": "",
        "url": "",
        "url2": ""
      }
    },
    {
      "type": "Feature",
      "geometry": {
        "type": "Point",
        "coordinates": [
          130.8792733,
          33.8723091
        ]
      },
      "properties": {
        "内容": "バス停: 名称不明バス停",
        "name": "名称不明バス停",
        "operator": "事業者不明",
        "ref": "",
        "url": "",
        "url2": ""
      }
    },
    {
      "type": "Feature",
      "geometry": {
        "type": "Point",
        "coordinates": [
          130.8791037,
          33.8722874
        ]
      },
      "properties": {
        "内容": "バス停: 名称不明バス停",
        "name": "名称不明バス停",
        "operator": "事業者不明",
        "ref": "",
        "url": "",
        "url2": ""
      }
    },
    {
      "type": "Feature",
      "geometry": {
        "type": "Point",
        "coordinates": [
          130.4169604,
          33.5863814
        ]
      },
      "properties": {
        "内容": "バス停: 駅前四丁目",
        "name": "駅前四丁目",
        "operator": "事業者不明",
        "ref": "",
        "url": "",
        "url2": ""
      }
    },
    {
      "type": "Feature",
      "geometry": {
        "type": "Point",
        "coordinates": [
          130.4130444,
          33.584086
        ]
      },
      "properties": {
        "内容": "バス停: 住吉",
        "name": "住吉",
        "operator": "事業者不明",
        "ref": "",
        "url": "",
        "url2": ""
      }
    },
    {
      "type": "Feature",
      "geometry": {
        "type": "Point",
        "coordinates": [
          130.5313241,
          33.5192321
        ]
      },
      "properties": {
        "内容": "バス停: 太宰府 (西鉄バス)",
        "name": "太宰府",
        "operator": "西鉄バス",
        "ref": "",
        "url": "",
        "url2": ""
      }
    },
    {
      "type": "Feature",
      "geometry": {
        "type": "Point",
        "coordinates": [
          130.5313546,
          33.51923
        ]
      },
      "properties": {
        "内容": "バス停: 西鉄太宰府駅 (太宰府コミュニティーバス)",
        "name": "西鉄太宰府駅",
        "operator": "太宰府コミュニティーバス",
        "ref": "",
        "url": "",
        "url2": ""
      }
    },
    {
      "type": "Feature",
      "geometry": {
        "type": "Point",
        "coordinates": [
          130.5297218,
          33.5158169
        ]
      },
      "properties": {
        "内容": "バス停: 梅大路 (太宰府市コミュニティバス)",
        "name": "梅大路",
        "operator": "太宰府市コミュニティバス",
        "ref": "",
        "url": "",
        "url2": ""
      }
    },
    {
      "type": "Feature",
      "geometry": {
        "type": "Point",
        "coordinates": [
          130.5211114,
          33.5134096
        ]
      },
      "properties": {
        "内容": "バス停: 観世音寺前",
        "name": "観世音寺前",
        "operator": "事業者不明",
        "ref": "",
        "url": "",
        "url2": ""
      }
    },
    {
      "type": "Feature",
      "geometry": {
        "type": "Point",
        "coordinates": [
          130.5240156,
          33.5135308
        ]
      },
      "properties": {
        "内容": "バス停: 太宰府市役所前 (西鉄バス)",
        "name": "太宰府市役所前",
        "operator": "西鉄バス",
        "ref": "",
        "url": "",
        "url2": ""
      }
    },
    {
      "type": "Feature",
      "geometry": {
        "type": "Point",
        "coordinates": [
          130.5166958,
          33.5134434
        ]
      },
      "properties": {
        "内容": "バス停: 大宰府政庁跡",
        "name": "大宰府政庁跡",
        "operator": "事業者不明",
        "ref": "",
        "url": "",
        "url2": ""
      }
    },
    {
      "type": "Feature",
      "geometry": {
        "type": "Point",
        "coordinates": [
          130.4491509,
          33.5963771
        ]
      },
      "properties": {
        "内容": "バス停: 名称不明バス停",
        "name": "名称不明バス停",
        "operator": "事業者不明",
        "ref": "",
        "url": "",
        "url2": ""
      }
    },
    {
      "type": "Feature",
      "geometry": {
        "type": "Point",
        "coordinates": [
          130.3663875,
          33.547485
        ]
      },
      "properties": {
        "内容": "バス停: 福大前",
        "name": "福大前",
        "operator": "事業者不明",
        "ref": "",
        "url": "",
        "url2": ""
      }
    },
    {
      "type": "Feature",
      "geometry": {
        "type": "Point",
        "coordinates": [
          130.366587,
          33.5477862
        ]
      },
      "properties": {
        "内容": "バス停: 福大前",
        "name": "福大前",
        "operator": "事業者不明",
        "ref": "",
        "url": "",
        "url2": ""
      }
    },
    {
      "type": "Feature",
      "geometry": {
        "type": "Point",
        "coordinates": [
          130.3673054,
          33.5508586
        ]
      },
      "properties": {
        "内容": "バス停: 東七隈",
        "name": "東七隈",
        "operator": "事業者不明",
        "ref": "",
        "url": "",
        "url2": ""
      }
    },
    {
      "type": "Feature",
      "geometry": {
        "type": "Point",
        "coordinates": [
          130.3676939,
          33.5519388
        ]
      },
      "properties": {
        "内容": "バス停: 東七隈",
        "name": "東七隈",
        "operator": "事業者不明",
        "ref": "",
        "url": "",
        "url2": ""
      }
    },
    {
      "type": "Feature",
      "geometry": {
        "type": "Point",
        "coordinates": [
          130.36934,
          33.552075
        ]
      },
      "properties": {
        "内容": "バス停: 小松ケ丘",
        "name": "小松ケ丘",
        "operator": "事業者不明",
        "ref": "",
        "url": "",
        "url2": ""
      }
    },
    {
      "type": "Feature",
      "geometry": {
        "type": "Point",
        "coordinates": [
          130.3688535,
          33.5519308
        ]
      },
      "properties": {
        "内容": "バス停: 小松ケ丘",
        "name": "小松ケ丘",
        "operator": "事業者不明",
        "ref": "",
        "url": "",
        "url2": ""
      }
    },
    {
      "type": "Feature",
      "geometry": {
        "type": "Point",
        "coordinates": [
          130.3725175,
          33.5521433
        ]
      },
      "properties": {
        "内容": "バス停: 片江小学校前",
        "name": "片江小学校前",
        "operator": "事業者不明",
        "ref": "",
        "url": "",
        "url2": ""
      }
    },
    {
      "type": "Feature",
      "geometry": {
        "type": "Point",
        "coordinates": [
          130.3737413,
          33.5523642
        ]
      },
      "properties": {
        "内容": "バス停: 片江小学校前",
        "name": "片江小学校前",
        "operator": "事業者不明",
        "ref": "",
        "url": "",
        "url2": ""
      }
    },
    {
      "type": "Feature",
      "geometry": {
        "type": "Point",
        "coordinates": [
          130.4966773,
          33.6605083
        ]
      },
      "properties": {
        "内容": "バス停: 上山田(久山町)",
        "name": "上山田(久山町)",
        "operator": "事業者不明",
        "ref": "",
        "url": "",
        "url2": ""
      }
    },
    {
      "type": "Feature",
      "geometry": {
        "type": "Point",
        "coordinates": [
          130.4980145,
          33.6582576
        ]
      },
      "properties": {
        "内容": "バス停: 上山田南",
        "name": "上山田南",
        "operator": "事業者不明",
        "ref": "",
        "url": "",
        "url2": ""
      }
    },
    {
      "type": "Feature",
      "geometry": {
        "type": "Point",
        "coordinates": [
          130.4909789,
          33.656955
        ]
      },
      "properties": {
        "内容": "バス停: 下山田（久山町）",
        "name": "下山田（久山町）",
        "operator": "事業者不明",
        "ref": "",
        "url": "",
        "url2": ""
      }
    },
    {
      "type": "Feature",
      "geometry": {
        "type": "Point",
        "coordinates": [
          130.5005961,
          33.6526469
        ]
      },
      "properties": {
        "内容": "バス停: 久山会館前",
        "name": "久山会館前",
        "operator": "事業者不明",
        "ref": "",
        "url": "",
        "url2": ""
      }
    },
    {
      "type": "Feature",
      "geometry": {
        "type": "Point",
        "coordinates": [
          130.498807,
          33.659296
        ]
      },
      "properties": {
        "内容": "バス停: 名称不明バス停",
        "name": "名称不明バス停",
        "operator": "事業者不明",
        "ref": "",
        "url": "",
        "url2": ""
      }
    },
    {
      "type": "Feature",
      "geometry": {
        "type": "Point",
        "coordinates": [
          130.4877829,
          33.6551166
        ]
      },
      "properties": {
        "内容": "バス停: 古賀橋トリアス前",
        "name": "古賀橋トリアス前",
        "operator": "事業者不明",
        "ref": "",
        "url": "",
        "url2": ""
      }
    },
    {
      "type": "Feature",
      "geometry": {
        "type": "Point",
        "coordinates": [
          130.4848354,
          33.6533197
        ]
      },
      "properties": {
        "内容": "バス停: 片山橋",
        "name": "片山橋",
        "operator": "事業者不明",
        "ref": "",
        "url": "",
        "url2": ""
      }
    },
    {
      "type": "Feature",
      "geometry": {
        "type": "Point",
        "coordinates": [
          130.4806631,
          33.6500937
        ]
      },
      "properties": {
        "内容": "バス停: 16 長谷橋",
        "name": "16 長谷橋",
        "operator": "事業者不明",
        "ref": "",
        "url": "",
        "url2": ""
      }
    },
    {
      "type": "Feature",
      "geometry": {
        "type": "Point",
        "coordinates": [
          130.5074228,
          33.645282
        ]
      },
      "properties": {
        "内容": "バス停: 久山",
        "name": "久山",
        "operator": "事業者不明",
        "ref": "",
        "url": "",
        "url2": ""
      }
    },
    {
      "type": "Feature",
      "geometry": {
        "type": "Point",
        "coordinates": [
          130.5135156,
          33.6432877
        ]
      },
      "properties": {
        "内容": "バス停: 東久原久山療育園前",
        "name": "東久原久山療育園前",
        "operator": "事業者不明",
        "ref": "",
        "url": "",
        "url2": ""
      }
    },
    {
      "type": "Feature",
      "geometry": {
        "type": "Point",
        "coordinates": [
          130.5176213,
          33.6410824
        ]
      },
      "properties": {
        "内容": "バス停: ヘルスＣ＆Ｃセンター",
        "name": "ヘルスＣ＆Ｃセンター",
        "operator": "事業者不明",
        "ref": "",
        "url": "",
        "url2": ""
      }
    },
    {
      "type": "Feature",
      "geometry": {
        "type": "Point",
        "coordinates": [
          130.5184,
          33.6400835
        ]
      },
      "properties": {
        "内容": "バス停: 久山温泉前",
        "name": "久山温泉前",
        "operator": "事業者不明",
        "ref": "",
        "url": "",
        "url2": ""
      }
    },
    {
      "type": "Feature",
      "geometry": {
        "type": "Point",
        "coordinates": [
          130.5192811,
          33.6385268
        ]
      },
      "properties": {
        "内容": "バス停: 大浦（久山町）",
        "name": "大浦（久山町）",
        "operator": "事業者不明",
        "ref": "",
        "url": "",
        "url2": ""
      }
    },
    {
      "type": "Feature",
      "geometry": {
        "type": "Point",
        "coordinates": [
          130.5216987,
          33.635665
        ]
      },
      "properties": {
        "内容": "バス停: 篠栗霊園",
        "name": "篠栗霊園",
        "operator": "事業者不明",
        "ref": "",
        "url": "",
        "url2": ""
      }
    },
    {
      "type": "Feature",
      "geometry": {
        "type": "Point",
        "coordinates": [
          130.5242967,
          33.6242417
        ]
      },
      "properties": {
        "内容": "バス停: 篠栗駅前",
        "name": "篠栗駅前",
        "operator": "事業者不明",
        "ref": "",
        "url": "",
        "url2": ""
      }
    },
    {
      "type": "Feature",
      "geometry": {
        "type": "Point",
        "coordinates": [
          130.3759285,
          33.5525034
        ]
      },
      "properties": {
        "内容": "バス停: 片江三丁目",
        "name": "片江三丁目",
        "operator": "事業者不明",
        "ref": "",
        "url": "",
        "url2": ""
      }
    },
    {
      "type": "Feature",
      "geometry": {
        "type": "Point",
        "coordinates": [
          130.3770325,
          33.5524939
        ]
      },
      "properties": {
        "内容": "バス停: 片江三丁目",
        "name": "片江三丁目",
        "operator": "事業者不明",
        "ref": "",
        "url": "",
        "url2": ""
      }
    },
    {
      "type": "Feature",
      "geometry": {
        "type": "Point",
        "coordinates": [
          130.3793869,
          33.5529249
        ]
      },
      "properties": {
        "内容": "バス停: 島廻橋",
        "name": "島廻橋",
        "operator": "事業者不明",
        "ref": "",
        "url": "",
        "url2": ""
      }
    },
    {
      "type": "Feature",
      "geometry": {
        "type": "Point",
        "coordinates": [
          130.3794033,
          33.5535422
        ]
      },
      "properties": {
        "内容": "バス停: 島廻橋 (西日本鉄道)",
        "name": "島廻橋",
        "operator": "西日本鉄道",
        "ref": "",
        "url": "",
        "url2": ""
      }
    },
    {
      "type": "Feature",
      "geometry": {
        "type": "Point",
        "coordinates": [
          130.3790719,
          33.5556433
        ]
      },
      "properties": {
        "内容": "バス停: 神松寺二丁目 (西日本鉄道)",
        "name": "神松寺二丁目",
        "operator": "西日本鉄道",
        "ref": "",
        "url": "",
        "url2": ""
      }
    },
    {
      "type": "Feature",
      "geometry": {
        "type": "Point",
        "coordinates": [
          130.3791356,
          33.5558869
        ]
      },
      "properties": {
        "内容": "バス停: 神松寺二丁目",
        "name": "神松寺二丁目",
        "operator": "事業者不明",
        "ref": "",
        "url": "",
        "url2": ""
      }
    },
    {
      "type": "Feature",
      "geometry": {
        "type": "Point",
        "coordinates": [
          130.3787052,
          33.5584963
        ]
      },
      "properties": {
        "内容": "バス停: 長尾五丁目 (西日本鉄道)",
        "name": "長尾五丁目",
        "operator": "西日本鉄道",
        "ref": "",
        "url": "",
        "url2": ""
      }
    },
    {
      "type": "Feature",
      "geometry": {
        "type": "Point",
        "coordinates": [
          130.378823,
          33.5582167
        ]
      },
      "properties": {
        "内容": "バス停: 長尾五丁目",
        "name": "長尾五丁目",
        "operator": "事業者不明",
        "ref": "",
        "url": "",
        "url2": ""
      }
    },
    {
      "type": "Feature",
      "geometry": {
        "type": "Point",
        "coordinates": [
          130.3784808,
          33.5605489
        ]
      },
      "properties": {
        "内容": "バス停: 長尾一丁目 (西日本鉄道)",
        "name": "長尾一丁目",
        "operator": "西日本鉄道",
        "ref": "",
        "url": "",
        "url2": ""
      }
    },
    {
      "type": "Feature",
      "geometry": {
        "type": "Point",
        "coordinates": [
          130.3785947,
          33.5603127
        ]
      },
      "properties": {
        "内容": "バス停: 長尾一丁目",
        "name": "長尾一丁目",
        "operator": "事業者不明",
        "ref": "",
        "url": "",
        "url2": ""
      }
    },
    {
      "type": "Feature",
      "geometry": {
        "type": "Point",
        "coordinates": [
          130.3783565,
          33.5624689
        ]
      },
      "properties": {
        "内容": "バス停: 友泉中学校前",
        "name": "友泉中学校前",
        "operator": "事業者不明",
        "ref": "",
        "url": "",
        "url2": ""
      }
    },
    {
      "type": "Feature",
      "geometry": {
        "type": "Point",
        "coordinates": [
          130.3781359,
          33.5634638
        ]
      },
      "properties": {
        "内容": "バス停: 友泉中学校前 (西日本鉄道)",
        "name": "友泉中学校前",
        "operator": "西日本鉄道",
        "ref": "",
        "url": "",
        "url2": ""
      }
    },
    {
      "type": "Feature",
      "geometry": {
        "type": "Point",
        "coordinates": [
          130.3779347,
          33.5660894
        ]
      },
      "properties": {
        "内容": "バス停: 笹丘",
        "name": "笹丘",
        "operator": "事業者不明",
        "ref": "",
        "url": "",
        "url2": ""
      }
    },
    {
      "type": "Feature",
      "geometry": {
        "type": "Point",
        "coordinates": [
          130.3777069,
          33.5670949
        ]
      },
      "properties": {
        "内容": "バス停: 笹丘 (西日本鉄道)",
        "name": "笹丘",
        "operator": "西日本鉄道",
        "ref": "",
        "url": "",
        "url2": ""
      }
    },
    {
      "type": "Feature",
      "geometry": {
        "type": "Point",
        "coordinates": [
          130.3774814,
          33.5701299
        ]
      },
      "properties": {
        "内容": "バス停: 梅光園口",
        "name": "梅光園口",
        "operator": "事業者不明",
        "ref": "",
        "url": "",
        "url2": ""
      }
    },
    {
      "type": "Feature",
      "geometry": {
        "type": "Point",
        "coordinates": [
          130.3773025,
          33.5706763
        ]
      },
      "properties": {
        "内容": "バス停: 梅光園口 (西日本鉄道)",
        "name": "梅光園口",
        "operator": "西日本鉄道",
        "ref": "",
        "url": "",
        "url2": ""
      }
    },
    {
      "type": "Feature",
      "geometry": {
        "type": "Point",
        "coordinates": [
          130.3768264,
          33.5741482
        ]
      },
      "properties": {
        "内容": "バス停: 梅光園一丁目 (西日本鉄道)",
        "name": "梅光園一丁目",
        "operator": "西日本鉄道",
        "ref": "",
        "url": "",
        "url2": ""
      }
    },
    {
      "type": "Feature",
      "geometry": {
        "type": "Point",
        "coordinates": [
          130.3767961,
          33.5748834
        ]
      },
      "properties": {
        "内容": "バス停: 梅光園一丁目",
        "name": "梅光園一丁目",
        "operator": "事業者不明",
        "ref": "",
        "url": "",
        "url2": ""
      }
    },
    {
      "type": "Feature",
      "geometry": {
        "type": "Point",
        "coordinates": [
          130.7112275,
          33.8905355
        ]
      },
      "properties": {
        "内容": "バス停: 名称不明バス停",
        "name": "名称不明バス停",
        "operator": "事業者不明",
        "ref": "",
        "url": "",
        "url2": ""
      }
    },
    {
      "type": "Feature",
      "geometry": {
        "type": "Point",
        "coordinates": [
          130.711348,
          33.8907803
        ]
      },
      "properties": {
        "内容": "バス停: 名称不明バス停",
        "name": "名称不明バス停",
        "operator": "事業者不明",
        "ref": "",
        "url": "",
        "url2": ""
      }
    },
    {
      "type": "Feature",
      "geometry": {
        "type": "Point",
        "coordinates": [
          130.4429786,
          33.0298853
        ]
      },
      "properties": {
        "内容": "バス停: 大牟田駅西口 (西鉄バス)",
        "name": "大牟田駅西口",
        "operator": "西鉄バス",
        "ref": "",
        "url": "",
        "url2": ""
      }
    },
    {
      "type": "Feature",
      "geometry": {
        "type": "Point",
        "coordinates": [
          130.4203799,
          33.6155009
        ]
      },
      "properties": {
        "内容": "バス停: 箱崎（香椎・九大前方面） (西鉄バス)",
        "name": "箱崎（香椎・九大前方面）",
        "operator": "西鉄バス",
        "ref": "",
        "url": "",
        "url2": ""
      }
    },
    {
      "type": "Feature",
      "geometry": {
        "type": "Point",
        "coordinates": [
          130.4203793,
          33.6153467
        ]
      },
      "properties": {
        "内容": "バス停: 箱崎 (西鉄バス)",
        "name": "箱崎",
        "operator": "西鉄バス",
        "ref": "",
        "url": "",
        "url2": ""
      }
    },
    {
      "type": "Feature",
      "geometry": {
        "type": "Point",
        "coordinates": [
          130.4140901,
          33.5941778
        ]
      },
      "properties": {
        "内容": "バス停: 地鐵祇園站2",
        "name": "地鐵祇園站2",
        "operator": "事業者不明",
        "ref": "",
        "url": "",
        "url2": ""
      }
    },
    {
      "type": "Feature",
      "geometry": {
        "type": "Point",
        "coordinates": [
          130.8031272,
          33.9083505
        ]
      },
      "properties": {
        "内容": "バス停: 名称不明バス停",
        "name": "名称不明バス停",
        "operator": "事業者不明",
        "ref": "",
        "url": "",
        "url2": ""
      }
    },
    {
      "type": "Feature",
      "geometry": {
        "type": "Point",
        "coordinates": [
          130.8050958,
          33.9072557
        ]
      },
      "properties": {
        "内容": "バス停: 名称不明バス停",
        "name": "名称不明バス停",
        "operator": "事業者不明",
        "ref": "",
        "url": "",
        "url2": ""
      }
    },
    {
      "type": "Feature",
      "geometry": {
        "type": "Point",
        "coordinates": [
          130.8053346,
          33.9072886
        ]
      },
      "properties": {
        "内容": "バス停: 名称不明バス停",
        "name": "名称不明バス停",
        "operator": "事業者不明",
        "ref": "",
        "url": "",
        "url2": ""
      }
    },
    {
      "type": "Feature",
      "geometry": {
        "type": "Point",
        "coordinates": [
          130.5657824,
          33.2908382
        ]
      },
      "properties": {
        "内容": "バス停: 竹の子（降車場）",
        "name": "竹の子（降車場）",
        "operator": "事業者不明",
        "ref": "",
        "url": "",
        "url2": ""
      }
    },
    {
      "type": "Feature",
      "geometry": {
        "type": "Point",
        "coordinates": [
          130.5654713,
          33.2908225
        ]
      },
      "properties": {
        "内容": "バス停: 竹の子（乗車場）",
        "name": "竹の子（乗車場）",
        "operator": "事業者不明",
        "ref": "",
        "url": "",
        "url2": ""
      }
    },
    {
      "type": "Feature",
      "geometry": {
        "type": "Point",
        "coordinates": [
          130.7492829,
          33.889758
        ]
      },
      "properties": {
        "内容": "バス停: 名称不明バス停",
        "name": "名称不明バス停",
        "operator": "事業者不明",
        "ref": "",
        "url": "",
        "url2": ""
      }
    },
    {
      "type": "Feature",
      "geometry": {
        "type": "Point",
        "coordinates": [
          130.3618056,
          33.5513129
        ]
      },
      "properties": {
        "内容": "バス停: 七隈七丁目",
        "name": "七隈七丁目",
        "operator": "事業者不明",
        "ref": "",
        "url": "",
        "url2": ""
      }
    },
    {
      "type": "Feature",
      "geometry": {
        "type": "Point",
        "coordinates": [
          130.3619921,
          33.5508708
        ]
      },
      "properties": {
        "内容": "バス停: 七隈七丁目",
        "name": "七隈七丁目",
        "operator": "事業者不明",
        "ref": "",
        "url": "",
        "url2": ""
      }
    },
    {
      "type": "Feature",
      "geometry": {
        "type": "Point",
        "coordinates": [
          130.3700325,
          33.2170041
        ]
      },
      "properties": {
        "内容": "バス停: 大川橋（降車場）",
        "name": "大川橋（降車場）",
        "operator": "事業者不明",
        "ref": "",
        "url": "",
        "url2": ""
      }
    },
    {
      "type": "Feature",
      "geometry": {
        "type": "Point",
        "coordinates": [
          130.3701952,
          33.2171805
        ]
      },
      "properties": {
        "内容": "バス停: 大川橋（乗車場：久留米方面）",
        "name": "大川橋（乗車場：久留米方面）",
        "operator": "事業者不明",
        "ref": "",
        "url": "",
        "url2": ""
      }
    },
    {
      "type": "Feature",
      "geometry": {
        "type": "Point",
        "coordinates": [
          130.3827674,
          33.207429
        ]
      },
      "properties": {
        "内容": "バス停: 大川市役所（羽犬塚方面）",
        "name": "大川市役所（羽犬塚方面）",
        "operator": "事業者不明",
        "ref": "",
        "url": "",
        "url2": ""
      }
    },
    {
      "type": "Feature",
      "geometry": {
        "type": "Point",
        "coordinates": [
          130.3826038,
          33.2072339
        ]
      },
      "properties": {
        "内容": "バス停: 大川市役所（大野島方面）",
        "name": "大川市役所（大野島方面）",
        "operator": "事業者不明",
        "ref": "",
        "url": "",
        "url2": ""
      }
    },
    {
      "type": "Feature",
      "geometry": {
        "type": "Point",
        "coordinates": [
          130.3800503,
          33.2069013
        ]
      },
      "properties": {
        "内容": "バス停: 中原高木病院前（柳川・羽犬塚方面） (西鉄バス久留米)",
        "name": "中原高木病院前（柳川・羽犬塚方面）",
        "operator": "西鉄バス久留米",
        "ref": "",
        "url": "",
        "url2": ""
      }
    },
    {
      "type": "Feature",
      "geometry": {
        "type": "Point",
        "coordinates": [
          130.3795669,
          33.2072251
        ]
      },
      "properties": {
        "内容": "バス停: 中原高木病院前（佐賀・大野島方面） (西鉄バス久留米)",
        "name": "中原高木病院前（佐賀・大野島方面）",
        "operator": "西鉄バス久留米",
        "ref": "",
        "url": "",
        "url2": ""
      }
    },
    {
      "type": "Feature",
      "geometry": {
        "type": "Point",
        "coordinates": [
          130.3764125,
          33.2059492
        ]
      },
      "properties": {
        "内容": "バス停: 東町（大野島方面） (西鉄バス久留米)",
        "name": "東町（大野島方面）",
        "operator": "西鉄バス久留米",
        "ref": "",
        "url": "",
        "url2": ""
      }
    },
    {
      "type": "Feature",
      "geometry": {
        "type": "Point",
        "coordinates": [
          130.3746648,
          33.2045849
        ]
      },
      "properties": {
        "内容": "バス停: 東町（羽犬塚方面） (西鉄バス久留米)",
        "name": "東町（羽犬塚方面）",
        "operator": "西鉄バス久留米",
        "ref": "",
        "url": "",
        "url2": ""
      }
    },
    {
      "type": "Feature",
      "geometry": {
        "type": "Point",
        "coordinates": [
          130.4619186,
          33.5433984
        ]
      },
      "properties": {
        "内容": "バス停: 寿町二丁目",
        "name": "寿町二丁目",
        "operator": "事業者不明",
        "ref": "",
        "url": "",
        "url2": ""
      }
    },
    {
      "type": "Feature",
      "geometry": {
        "type": "Point",
        "coordinates": [
          130.4607247,
          33.5422076
        ]
      },
      "properties": {
        "内容": "バス停: JR南福岡駅",
        "name": "JR南福岡駅",
        "operator": "事業者不明",
        "ref": "",
        "url": "",
        "url2": ""
      }
    },
    {
      "type": "Feature",
      "geometry": {
        "type": "Point",
        "coordinates": [
          130.4622971,
          33.5435214
        ]
      },
      "properties": {
        "内容": "バス停: 寿町二丁目",
        "name": "寿町二丁目",
        "operator": "事業者不明",
        "ref": "",
        "url": "",
        "url2": ""
      }
    },
    {
      "type": "Feature",
      "geometry": {
        "type": "Point",
        "coordinates": [
          130.4166584,
          33.5922324
        ]
      },
      "properties": {
        "内容": "バス停: 駅前一丁目 (西日本鉄道)",
        "name": "駅前一丁目",
        "operator": "西日本鉄道",
        "ref": "",
        "url": "",
        "url2": ""
      }
    },
    {
      "type": "Feature",
      "geometry": {
        "type": "Point",
        "coordinates": [
          130.4169425,
          33.5924376
        ]
      },
      "properties": {
        "内容": "バス停: 駅前一丁目",
        "name": "駅前一丁目",
        "operator": "事業者不明",
        "ref": "",
        "url": "",
        "url2": ""
      }
    },
    {
      "type": "Feature",
      "geometry": {
        "type": "Point",
        "coordinates": [
          130.4651391,
          33.5455995
        ]
      },
      "properties": {
        "内容": "バス停: 雑餉隈駅入口",
        "name": "雑餉隈駅入口",
        "operator": "事業者不明",
        "ref": "",
        "url": "",
        "url2": ""
      }
    },
    {
      "type": "Feature",
      "geometry": {
        "type": "Point",
        "coordinates": [
          130.4649022,
          33.5455432
        ]
      },
      "properties": {
        "内容": "バス停: 雑餉隈駅入口",
        "name": "雑餉隈駅入口",
        "operator": "事業者不明",
        "ref": "",
        "url": "",
        "url2": ""
      }
    },
    {
      "type": "Feature",
      "geometry": {
        "type": "Point",
        "coordinates": [
          130.4667278,
          33.5442696
        ]
      },
      "properties": {
        "内容": "バス停: 桜並木駅",
        "name": "桜並木駅",
        "operator": "事業者不明",
        "ref": "",
        "url": "",
        "url2": ""
      }
    },
    {
      "type": "Feature",
      "geometry": {
        "type": "Point",
        "coordinates": [
          130.4652858,
          33.5442412
        ]
      },
      "properties": {
        "内容": "バス停: 雑餉隈車庫",
        "name": "雑餉隈車庫",
        "operator": "事業者不明",
        "ref": "",
        "url": "",
        "url2": ""
      }
    },
    {
      "type": "Feature",
      "geometry": {
        "type": "Point",
        "coordinates": [
          130.4656803,
          33.5443033
        ]
      },
      "properties": {
        "内容": "バス停: 雑餉隈車庫",
        "name": "雑餉隈車庫",
        "operator": "事業者不明",
        "ref": "",
        "url": "",
        "url2": ""
      }
    },
    {
      "type": "Feature",
      "geometry": {
        "type": "Point",
        "coordinates": [
          130.4359777,
          33.5182541
        ]
      },
      "properties": {
        "内容": "バス停: 博多南駅",
        "name": "博多南駅",
        "operator": "事業者不明",
        "ref": "2",
        "url": "",
        "url2": ""
      }
    },
    {
      "type": "Feature",
      "geometry": {
        "type": "Point",
        "coordinates": [
          130.4360218,
          33.5180363
        ]
      },
      "properties": {
        "内容": "バス停: 博多南駅",
        "name": "博多南駅",
        "operator": "事業者不明",
        "ref": "1",
        "url": "",
        "url2": ""
      }
    },
    {
      "type": "Feature",
      "geometry": {
        "type": "Point",
        "coordinates": [
          130.3697046,
          33.2159512
        ]
      },
      "properties": {
        "内容": "バス停: 大川橋（西鉄柳川方面） (西鉄バス久留米)",
        "name": "大川橋（西鉄柳川方面）",
        "operator": "西鉄バス久留米",
        "ref": "",
        "url": "",
        "url2": ""
      }
    },
    {
      "type": "Feature",
      "geometry": {
        "type": "Point",
        "coordinates": [
          130.3700553,
          33.2155144
        ]
      },
      "properties": {
        "内容": "バス停: 大川橋（佐賀方面） (西鉄バス久留米)",
        "name": "大川橋（佐賀方面）",
        "operator": "西鉄バス久留米",
        "ref": "",
        "url": "",
        "url2": ""
      }
    },
    {
      "type": "Feature",
      "geometry": {
        "type": "Point",
        "coordinates": [
          130.3734573,
          33.2126615
        ]
      },
      "properties": {
        "内容": "バス停: 向島口福田病院前（柳川方面） (西鉄バス久留米)",
        "name": "向島口福田病院前（柳川方面）",
        "operator": "西鉄バス久留米",
        "ref": "",
        "url": "",
        "url2": ""
      }
    },
    {
      "type": "Feature",
      "geometry": {
        "type": "Point",
        "coordinates": [
          130.3733962,
          33.2125593
        ]
      },
      "properties": {
        "内容": "バス停: 向島口福田病院前（佐賀方面） (西鉄バス久留米)",
        "name": "向島口福田病院前（佐賀方面）",
        "operator": "西鉄バス久留米",
        "ref": "",
        "url": "",
        "url2": ""
      }
    },
    {
      "type": "Feature",
      "geometry": {
        "type": "Point",
        "coordinates": [
          130.3357812,
          33.5911341
        ]
      },
      "properties": {
        "内容": "バス停: 名称不明バス停",
        "name": "名称不明バス停",
        "operator": "事業者不明",
        "ref": "",
        "url": "",
        "url2": ""
      }
    },
    {
      "type": "Feature",
      "geometry": {
        "type": "Point",
        "coordinates": [
          130.765492,
          33.8665059
        ]
      },
      "properties": {
        "内容": "バス停: 西鉄黒崎バスセンター (西鉄バス北九州)",
        "name": "西鉄黒崎バスセンター",
        "operator": "西鉄バス北九州",
        "ref": "",
        "url": "",
        "url2": ""
      }
    },
    {
      "type": "Feature",
      "geometry": {
        "type": "Point",
        "coordinates": [
          130.7654075,
          33.866409
        ]
      },
      "properties": {
        "内容": "バス停: 西鉄黒崎バスセンター (西鉄バス北九州)",
        "name": "西鉄黒崎バスセンター",
        "operator": "西鉄バス北九州",
        "ref": "",
        "url": "",
        "url2": ""
      }
    },
    {
      "type": "Feature",
      "geometry": {
        "type": "Point",
        "coordinates": [
          130.8885719,
          33.8826088
        ]
      },
      "properties": {
        "内容": "バス停: 砂津",
        "name": "砂津",
        "operator": "事業者不明",
        "ref": "",
        "url": "",
        "url2": ""
      }
    },
    {
      "type": "Feature",
      "geometry": {
        "type": "Point",
        "coordinates": [
          130.4243191,
          33.5861353
        ]
      },
      "properties": {
        "内容": "バス停: 駅東二丁目",
        "name": "駅東二丁目",
        "operator": "事業者不明",
        "ref": "",
        "url": "",
        "url2": ""
      }
    },
    {
      "type": "Feature",
      "geometry": {
        "type": "Point",
        "coordinates": [
          130.4243128,
          33.586347
        ]
      },
      "properties": {
        "内容": "バス停: 駅東二丁目",
        "name": "駅東二丁目",
        "operator": "事業者不明",
        "ref": "",
        "url": "",
        "url2": ""
      }
    },
    {
      "type": "Feature",
      "geometry": {
        "type": "Point",
        "coordinates": [
          130.4160612,
          33.2511483
        ]
      },
      "properties": {
        "内容": "バス停: 高津",
        "name": "高津",
        "operator": "事業者不明",
        "ref": "",
        "url": "",
        "url2": ""
      }
    },
    {
      "type": "Feature",
      "geometry": {
        "type": "Point",
        "coordinates": [
          130.4219121,
          33.2525731
        ]
      },
      "properties": {
        "内容": "バス停: 楢津",
        "name": "楢津",
        "operator": "事業者不明",
        "ref": "",
        "url": "",
        "url2": ""
      }
    },
    {
      "type": "Feature",
      "geometry": {
        "type": "Point",
        "coordinates": [
          130.5475389,
          33.3103973
        ]
      },
      "properties": {
        "内容": "バス停: 朝妻",
        "name": "朝妻",
        "operator": "事業者不明",
        "ref": "",
        "url": "",
        "url2": ""
      }
    },
    {
      "type": "Feature",
      "geometry": {
        "type": "Point",
        "coordinates": [
          130.5474084,
          33.3104216
        ]
      },
      "properties": {
        "内容": "バス停: 朝妻",
        "name": "朝妻",
        "operator": "事業者不明",
        "ref": "",
        "url": "",
        "url2": ""
      }
    },
    {
      "type": "Feature",
      "geometry": {
        "type": "Point",
        "coordinates": [
          130.5485318,
          33.3104559
        ]
      },
      "properties": {
        "内容": "バス停: 久留米大学前",
        "name": "久留米大学前",
        "operator": "事業者不明",
        "ref": "",
        "url": "",
        "url2": ""
      }
    },
    {
      "type": "Feature",
      "geometry": {
        "type": "Point",
        "coordinates": [
          130.5496161,
          33.3090001
        ]
      },
      "properties": {
        "内容": "バス停: 久留米大学前",
        "name": "久留米大学前",
        "operator": "事業者不明",
        "ref": "",
        "url": "",
        "url2": ""
      }
    },
    {
      "type": "Feature",
      "geometry": {
        "type": "Point",
        "coordinates": [
          130.5487739,
          33.3073018
        ]
      },
      "properties": {
        "内容": "バス停: 久留米大学前",
        "name": "久留米大学前",
        "operator": "事業者不明",
        "ref": "",
        "url": "",
        "url2": ""
      }
    },
    {
      "type": "Feature",
      "geometry": {
        "type": "Point",
        "coordinates": [
          130.5487115,
          33.3072301
        ]
      },
      "properties": {
        "内容": "バス停: 久留米大学前",
        "name": "久留米大学前",
        "operator": "事業者不明",
        "ref": "",
        "url": "",
        "url2": ""
      }
    },
    {
      "type": "Feature",
      "geometry": {
        "type": "Point",
        "coordinates": [
          130.5467706,
          33.3071711
        ]
      },
      "properties": {
        "内容": "バス停: 野菜試験場前",
        "name": "野菜試験場前",
        "operator": "事業者不明",
        "ref": "",
        "url": "",
        "url2": ""
      }
    },
    {
      "type": "Feature",
      "geometry": {
        "type": "Point",
        "coordinates": [
          130.547053,
          33.3072866
        ]
      },
      "properties": {
        "内容": "バス停: 野菜試験場前",
        "name": "野菜試験場前",
        "operator": "事業者不明",
        "ref": "",
        "url": "",
        "url2": ""
      }
    },
    {
      "type": "Feature",
      "geometry": {
        "type": "Point",
        "coordinates": [
          130.5438312,
          33.3059236
        ]
      },
      "properties": {
        "内容": "バス停: 池の谷",
        "name": "池の谷",
        "operator": "事業者不明",
        "ref": "",
        "url": "",
        "url2": ""
      }
    },
    {
      "type": "Feature",
      "geometry": {
        "type": "Point",
        "coordinates": [
          130.5438031,
          33.3059863
        ]
      },
      "properties": {
        "内容": "バス停: 池の谷",
        "name": "池の谷",
        "operator": "事業者不明",
        "ref": "",
        "url": "",
        "url2": ""
      }
    },
    {
      "type": "Feature",
      "geometry": {
        "type": "Point",
        "coordinates": [
          130.542812,
          33.3058507
        ]
      },
      "properties": {
        "内容": "バス停: 附設高校前",
        "name": "附設高校前",
        "operator": "事業者不明",
        "ref": "",
        "url": "",
        "url2": ""
      }
    },
    {
      "type": "Feature",
      "geometry": {
        "type": "Point",
        "coordinates": [
          130.542525,
          33.3057397
        ]
      },
      "properties": {
        "内容": "バス停: 附設高校前",
        "name": "附設高校前",
        "operator": "事業者不明",
        "ref": "",
        "url": "",
        "url2": ""
      }
    },
    {
      "type": "Feature",
      "geometry": {
        "type": "Point",
        "coordinates": [
          130.5387311,
          33.3057702
        ]
      },
      "properties": {
        "内容": "バス停: 競輪場口",
        "name": "競輪場口",
        "operator": "事業者不明",
        "ref": "",
        "url": "",
        "url2": ""
      }
    },
    {
      "type": "Feature",
      "geometry": {
        "type": "Point",
        "coordinates": [
          130.5388747,
          33.3059337
        ]
      },
      "properties": {
        "内容": "バス停: 競輪場口",
        "name": "競輪場口",
        "operator": "事業者不明",
        "ref": "",
        "url": "",
        "url2": ""
      }
    },
    {
      "type": "Feature",
      "geometry": {
        "type": "Point",
        "coordinates": [
          130.5361278,
          33.3060358
        ]
      },
      "properties": {
        "内容": "バス停: 東野中",
        "name": "東野中",
        "operator": "事業者不明",
        "ref": "",
        "url": "",
        "url2": ""
      }
    },
    {
      "type": "Feature",
      "geometry": {
        "type": "Point",
        "coordinates": [
          130.5361389,
          33.3061096
        ]
      },
      "properties": {
        "内容": "バス停: 東野中",
        "name": "東野中",
        "operator": "事業者不明",
        "ref": "",
        "url": "",
        "url2": ""
      }
    },
    {
      "type": "Feature",
      "geometry": {
        "type": "Point",
        "coordinates": [
          130.5325108,
          33.3062749
        ]
      },
      "properties": {
        "内容": "バス停: 野中中通り",
        "name": "野中中通り",
        "operator": "事業者不明",
        "ref": "",
        "url": "",
        "url2": ""
      }
    },
    {
      "type": "Feature",
      "geometry": {
        "type": "Point",
        "coordinates": [
          130.5318196,
          33.3063476
        ]
      },
      "properties": {
        "内容": "バス停: 野中中通り",
        "name": "野中中通り",
        "operator": "事業者不明",
        "ref": "",
        "url": "",
        "url2": ""
      }
    },
    {
      "type": "Feature",
      "geometry": {
        "type": "Point",
        "coordinates": [
          130.5288544,
          33.3075674
        ]
      },
      "properties": {
        "内容": "バス停: 高屋敷",
        "name": "高屋敷",
        "operator": "事業者不明",
        "ref": "",
        "url": "",
        "url2": ""
      }
    },
    {
      "type": "Feature",
      "geometry": {
        "type": "Point",
        "coordinates": [
          130.5288931,
          33.3078138
        ]
      },
      "properties": {
        "内容": "バス停: 高屋敷",
        "name": "高屋敷",
        "operator": "事業者不明",
        "ref": "",
        "url": "",
        "url2": ""
      }
    },
    {
      "type": "Feature",
      "geometry": {
        "type": "Point",
        "coordinates": [
          130.5281584,
          33.3093366
        ]
      },
      "properties": {
        "内容": "バス停: 中央市場前（西鉄バス）",
        "name": "中央市場前（西鉄バス）",
        "operator": "事業者不明",
        "ref": "",
        "url": "",
        "url2": ""
      }
    },
    {
      "type": "Feature",
      "geometry": {
        "type": "Point",
        "coordinates": [
          130.528069,
          33.3091508
        ]
      },
      "properties": {
        "内容": "バス停: 中央市場前（西鉄バス）",
        "name": "中央市場前（西鉄バス）",
        "operator": "事業者不明",
        "ref": "",
        "url": "",
        "url2": ""
      }
    },
    {
      "type": "Feature",
      "geometry": {
        "type": "Point",
        "coordinates": [
          130.5261089,
          33.3135312
        ]
      },
      "properties": {
        "内容": "バス停: 五穀神社",
        "name": "五穀神社",
        "operator": "事業者不明",
        "ref": "",
        "url": "",
        "url2": ""
      }
    },
    {
      "type": "Feature",
      "geometry": {
        "type": "Point",
        "coordinates": [
          130.525776,
          33.3139632
        ]
      },
      "properties": {
        "内容": "バス停: 五穀神社",
        "name": "五穀神社",
        "operator": "事業者不明",
        "ref": "",
        "url": "",
        "url2": ""
      }
    },
    {
      "type": "Feature",
      "geometry": {
        "type": "Point",
        "coordinates": [
          130.5497865,
          33.3049106
        ]
      },
      "properties": {
        "内容": "バス停: 紫山住宅前",
        "name": "紫山住宅前",
        "operator": "事業者不明",
        "ref": "",
        "url": "",
        "url2": ""
      }
    },
    {
      "type": "Feature",
      "geometry": {
        "type": "Point",
        "coordinates": [
          130.5496831,
          33.304294
        ]
      },
      "properties": {
        "内容": "バス停: 紫山住宅前",
        "name": "紫山住宅前",
        "operator": "事業者不明",
        "ref": "",
        "url": "",
        "url2": ""
      }
    },
    {
      "type": "Feature",
      "geometry": {
        "type": "Point",
        "coordinates": [
          130.5511496,
          33.300623
        ]
      },
      "properties": {
        "内容": "バス停: 矢取",
        "name": "矢取",
        "operator": "事業者不明",
        "ref": "",
        "url": "",
        "url2": ""
      }
    },
    {
      "type": "Feature",
      "geometry": {
        "type": "Point",
        "coordinates": [
          130.5513938,
          33.3004648
        ]
      },
      "properties": {
        "内容": "バス停: 矢取",
        "name": "矢取",
        "operator": "事業者不明",
        "ref": "",
        "url": "",
        "url2": ""
      }
    },
    {
      "type": "Feature",
      "geometry": {
        "type": "Point",
        "coordinates": [
          130.5497345,
          33.2972966
        ]
      },
      "properties": {
        "内容": "バス停: 信愛学院（降車場）",
        "name": "信愛学院（降車場）",
        "operator": "事業者不明",
        "ref": "",
        "url": "",
        "url2": ""
      }
    },
    {
      "type": "Feature",
      "geometry": {
        "type": "Point",
        "coordinates": [
          130.5492746,
          33.2968879
        ]
      },
      "properties": {
        "内容": "バス停: 信愛学院",
        "name": "信愛学院",
        "operator": "事業者不明",
        "ref": "",
        "url": "",
        "url2": ""
      }
    },
    {
      "type": "Feature",
      "geometry": {
        "type": "Point",
        "coordinates": [
          130.5492455,
          33.2965766
        ]
      },
      "properties": {
        "内容": "バス停: 信愛学院",
        "name": "信愛学院",
        "operator": "事業者不明",
        "ref": "",
        "url": "",
        "url2": ""
      }
    },
    {
      "type": "Feature",
      "geometry": {
        "type": "Point",
        "coordinates": [
          130.3626431,
          33.5468141
        ]
      },
      "properties": {
        "内容": "バス停: 福大正門（片江・大橋方面）",
        "name": "福大正門（片江・大橋方面）",
        "operator": "事業者不明",
        "ref": "",
        "url": "",
        "url2": ""
      }
    },
    {
      "type": "Feature",
      "geometry": {
        "type": "Point",
        "coordinates": [
          130.3624397,
          33.546842
        ]
      },
      "properties": {
        "内容": "バス停: 福大正門（福大病院方面）",
        "name": "福大正門（福大病院方面）",
        "operator": "事業者不明",
        "ref": "",
        "url": "",
        "url2": ""
      }
    },
    {
      "type": "Feature",
      "geometry": {
        "type": "Point",
        "coordinates": [
          130.3608245,
          33.5474493
        ]
      },
      "properties": {
        "内容": "バス停: 福大病院",
        "name": "福大病院",
        "operator": "事業者不明",
        "ref": "",
        "url": "",
        "url2": ""
      }
    },
    {
      "type": "Feature",
      "geometry": {
        "type": "Point",
        "coordinates": [
          130.3621604,
          33.5483551
        ]
      },
      "properties": {
        "内容": "バス停: 福大薬学部前（片江営業所・早良営業所方面）",
        "name": "福大薬学部前（片江営業所・早良営業所方面）",
        "operator": "事業者不明",
        "ref": "",
        "url": "",
        "url2": ""
      }
    },
    {
      "type": "Feature",
      "geometry": {
        "type": "Point",
        "coordinates": [
          130.3619813,
          33.5482337
        ]
      },
      "properties": {
        "内容": "バス停: 福大薬学部前（天神・博多方面）",
        "name": "福大薬学部前（天神・博多方面）",
        "operator": "事業者不明",
        "ref": "",
        "url": "",
        "url2": ""
      }
    },
    {
      "type": "Feature",
      "geometry": {
        "type": "Point",
        "coordinates": [
          130.3604236,
          33.5441907
        ]
      },
      "properties": {
        "内容": "バス停: 福大第二記念会堂（片江営業所方面）",
        "name": "福大第二記念会堂（片江営業所方面）",
        "operator": "事業者不明",
        "ref": "",
        "url": "",
        "url2": ""
      }
    },
    {
      "type": "Feature",
      "geometry": {
        "type": "Point",
        "coordinates": [
          130.3603569,
          33.5440939
        ]
      },
      "properties": {
        "内容": "バス停: 福大第二記念会堂前（天神・博多駅方面）",
        "name": "福大第二記念会堂前（天神・博多駅方面）",
        "operator": "事業者不明",
        "ref": "",
        "url": "",
        "url2": ""
      }
    },
    {
      "type": "Feature",
      "geometry": {
        "type": "Point",
        "coordinates": [
          130.3617119,
          33.543845
        ]
      },
      "properties": {
        "内容": "バス停: 西片江二丁目（天神・博多駅方面）",
        "name": "西片江二丁目（天神・博多駅方面）",
        "operator": "事業者不明",
        "ref": "",
        "url": "",
        "url2": ""
      }
    },
    {
      "type": "Feature",
      "geometry": {
        "type": "Point",
        "coordinates": [
          130.3618578,
          33.5439885
        ]
      },
      "properties": {
        "内容": "バス停: 西片江二丁目（片江営業所方面）",
        "name": "西片江二丁目（片江営業所方面）",
        "operator": "事業者不明",
        "ref": "",
        "url": "",
        "url2": ""
      }
    },
    {
      "type": "Feature",
      "geometry": {
        "type": "Point",
        "coordinates": [
          130.3103631,
          33.6124521
        ]
      },
      "properties": {
        "内容": "バス停: 渡船場前 (西鉄バス)",
        "name": "渡船場前",
        "operator": "西鉄バス",
        "ref": "",
        "url": "",
        "url2": ""
      }
    },
    {
      "type": "Feature",
      "geometry": {
        "type": "Point",
        "coordinates": [
          130.3082429,
          33.6106491
        ]
      },
      "properties": {
        "内容": "バス停: 漁協前",
        "name": "漁協前",
        "operator": "事業者不明",
        "ref": "",
        "url": "",
        "url2": ""
      }
    },
    {
      "type": "Feature",
      "geometry": {
        "type": "Point",
        "coordinates": [
          130.3062668,
          33.6085163
        ]
      },
      "properties": {
        "内容": "バス停: 浜崎",
        "name": "浜崎",
        "operator": "事業者不明",
        "ref": "",
        "url": "",
        "url2": ""
      }
    },
    {
      "type": "Feature",
      "geometry": {
        "type": "Point",
        "coordinates": [
          130.3040394,
          33.6085048
        ]
      },
      "properties": {
        "内容": "バス停: 龍の宮",
        "name": "龍の宮",
        "operator": "事業者不明",
        "ref": "",
        "url": "",
        "url2": ""
      }
    },
    {
      "type": "Feature",
      "geometry": {
        "type": "Point",
        "coordinates": [
          130.5924887,
          33.7792035
        ]
      },
      "properties": {
        "内容": "バス停: 自由ヶ丘南４丁目",
        "name": "自由ヶ丘南４丁目",
        "operator": "事業者不明",
        "ref": "",
        "url": "",
        "url2": ""
      }
    },
    {
      "type": "Feature",
      "geometry": {
        "type": "Point",
        "coordinates": [
          130.5907323,
          33.777092
        ]
      },
      "properties": {
        "内容": "バス停: 公園前",
        "name": "公園前",
        "operator": "事業者不明",
        "ref": "",
        "url": "",
        "url2": ""
      }
    },
    {
      "type": "Feature",
      "geometry": {
        "type": "Point",
        "coordinates": [
          130.5911251,
          33.780797
        ]
      },
      "properties": {
        "内容": "バス停: 自由ヶ丘南３丁目",
        "name": "自由ヶ丘南３丁目",
        "operator": "事業者不明",
        "ref": "",
        "url": "",
        "url2": ""
      }
    },
    {
      "type": "Feature",
      "geometry": {
        "type": "Point",
        "coordinates": [
          130.4347823,
          33.8972045
        ]
      },
      "properties": {
        "内容": "バス停: 大島ターミナル",
        "name": "大島ターミナル",
        "operator": "事業者不明",
        "ref": "",
        "url": "",
        "url2": ""
      }
    },
    {
      "type": "Feature",
      "geometry": {
        "type": "Point",
        "coordinates": [
          130.4337548,
          33.8977589
        ]
      },
      "properties": {
        "内容": "バス停: 物産直売所",
        "name": "物産直売所",
        "operator": "事業者不明",
        "ref": "",
        "url": "",
        "url2": ""
      }
    },
    {
      "type": "Feature",
      "geometry": {
        "type": "Point",
        "coordinates": [
          130.4367279,
          33.9020337
        ]
      },
      "properties": {
        "内容": "バス停: 大島交流館",
        "name": "大島交流館",
        "operator": "事業者不明",
        "ref": "",
        "url": "",
        "url2": ""
      }
    },
    {
      "type": "Feature",
      "geometry": {
        "type": "Point",
        "coordinates": [
          130.4282576,
          33.9085926
        ]
      },
      "properties": {
        "内容": "バス停: 沖津宮遙拝所",
        "name": "沖津宮遙拝所",
        "operator": "事業者不明",
        "ref": "",
        "url": "",
        "url2": ""
      }
    },
    {
      "type": "Feature",
      "geometry": {
        "type": "Point",
        "coordinates": [
          130.42356,
          33.903701
        ]
      },
      "properties": {
        "内容": "バス停: 御嶽山入口",
        "name": "御嶽山入口",
        "operator": "事業者不明",
        "ref": "",
        "url": "",
        "url2": ""
      }
    },
    {
      "type": "Feature",
      "geometry": {
        "type": "Point",
        "coordinates": [
          130.4206677,
          33.9080173
        ]
      },
      "properties": {
        "内容": "バス停: 砲台跡",
        "name": "砲台跡",
        "operator": "事業者不明",
        "ref": "",
        "url": "",
        "url2": ""
      }
    },
    {
      "type": "Feature",
      "geometry": {
        "type": "Point",
        "coordinates": [
          130.4070604,
          33.5995961
        ]
      },
      "properties": {
        "内容": "バス停: 蔵本",
        "name": "蔵本",
        "operator": "事業者不明",
        "ref": "",
        "url": "",
        "url2": ""
      }
    },
    {
      "type": "Feature",
      "geometry": {
        "type": "Point",
        "coordinates": [
          130.5152242,
          33.4960405
        ]
      },
      "properties": {
        "内容": "バス停: 筑紫野市役所前 (西鉄バス)",
        "name": "筑紫野市役所前",
        "operator": "西鉄バス",
        "ref": "",
        "url": "",
        "url2": ""
      }
    },
    {
      "type": "Feature",
      "geometry": {
        "type": "Point",
        "coordinates": [
          130.5152325,
          33.4960937
        ]
      },
      "properties": {
        "内容": "バス停: 福祉バス 市役所",
        "name": "福祉バス 市役所",
        "operator": "事業者不明",
        "ref": "",
        "url": "",
        "url2": ""
      }
    },
    {
      "type": "Feature",
      "geometry": {
        "type": "Point",
        "coordinates": [
          130.5153704,
          33.4960265
        ]
      },
      "properties": {
        "内容": "バス停: 福祉バス 市役所",
        "name": "福祉バス 市役所",
        "operator": "事業者不明",
        "ref": "",
        "url": "",
        "url2": ""
      }
    },
    {
      "type": "Feature",
      "geometry": {
        "type": "Point",
        "coordinates": [
          130.3531069,
          33.5876577
        ]
      },
      "properties": {
        "内容": "バス停: 博物館南口 (西鉄バス)",
        "name": "博物館南口",
        "operator": "西鉄バス",
        "ref": "",
        "url": "",
        "url2": ""
      }
    },
    {
      "type": "Feature",
      "geometry": {
        "type": "Point",
        "coordinates": [
          130.4149193,
          33.5671177
        ]
      },
      "properties": {
        "内容": "バス停: 西鉄高宮駅東口",
        "name": "西鉄高宮駅東口",
        "operator": "事業者不明",
        "ref": "",
        "url": "",
        "url2": ""
      }
    },
    {
      "type": "Feature",
      "geometry": {
        "type": "Point",
        "coordinates": [
          130.5633192,
          33.436501
        ]
      },
      "properties": {
        "内容": "バス停: 三国が丘駅東口",
        "name": "三国が丘駅東口",
        "operator": "事業者不明",
        "ref": "",
        "url": "",
        "url2": ""
      }
    },
    {
      "type": "Feature",
      "geometry": {
        "type": "Point",
        "coordinates": [
          130.564958,
          33.4363186
        ]
      },
      "properties": {
        "内容": "バス停: 三国が丘駅東",
        "name": "三国が丘駅東",
        "operator": "事業者不明",
        "ref": "",
        "url": "",
        "url2": ""
      }
    },
    {
      "type": "Feature",
      "geometry": {
        "type": "Point",
        "coordinates": [
          130.5650546,
          33.4361737
        ]
      },
      "properties": {
        "内容": "バス停: 三国が丘駅東",
        "name": "三国が丘駅東",
        "operator": "事業者不明",
        "ref": "",
        "url": "",
        "url2": ""
      }
    },
    {
      "type": "Feature",
      "geometry": {
        "type": "Point",
        "coordinates": [
          130.5686188,
          33.4340567
        ]
      },
      "properties": {
        "内容": "バス停: 三国が丘6丁目",
        "name": "三国が丘6丁目",
        "operator": "事業者不明",
        "ref": "",
        "url": "",
        "url2": ""
      }
    },
    {
      "type": "Feature",
      "geometry": {
        "type": "Point",
        "coordinates": [
          130.5687609,
          33.4341193
        ]
      },
      "properties": {
        "内容": "バス停: 三国が丘6丁目",
        "name": "三国が丘6丁目",
        "operator": "事業者不明",
        "ref": "",
        "url": "",
        "url2": ""
      }
    },
    {
      "type": "Feature",
      "geometry": {
        "type": "Point",
        "coordinates": [
          130.5655208,
          33.4387213
        ]
      },
      "properties": {
        "内容": "バス停: 井ノ浦公園北",
        "name": "井ノ浦公園北",
        "operator": "事業者不明",
        "ref": "",
        "url": "",
        "url2": ""
      }
    },
    {
      "type": "Feature",
      "geometry": {
        "type": "Point",
        "coordinates": [
          130.5656093,
          33.4386653
        ]
      },
      "properties": {
        "内容": "バス停: 井ノ浦公園北",
        "name": "井ノ浦公園北",
        "operator": "事業者不明",
        "ref": "",
        "url": "",
        "url2": ""
      }
    },
    {
      "type": "Feature",
      "geometry": {
        "type": "Point",
        "coordinates": [
          130.5676444,
          33.4410306
        ]
      },
      "properties": {
        "内容": "バス停: 三国が丘4丁目",
        "name": "三国が丘4丁目",
        "operator": "事業者不明",
        "ref": "",
        "url": "",
        "url2": ""
      }
    },
    {
      "type": "Feature",
      "geometry": {
        "type": "Point",
        "coordinates": [
          130.5678121,
          33.4409886
        ]
      },
      "properties": {
        "内容": "バス停: 三国が丘4丁目",
        "name": "三国が丘4丁目",
        "operator": "事業者不明",
        "ref": "",
        "url": "",
        "url2": ""
      }
    },
    {
      "type": "Feature",
      "geometry": {
        "type": "Point",
        "coordinates": [
          130.5620393,
          33.4462269
        ]
      },
      "properties": {
        "内容": "バス停: 津古",
        "name": "津古",
        "operator": "事業者不明",
        "ref": "",
        "url": "",
        "url2": ""
      }
    },
    {
      "type": "Feature",
      "geometry": {
        "type": "Point",
        "coordinates": [
          130.5571282,
          33.4488655
        ]
      },
      "properties": {
        "内容": "バス停: 光が丘",
        "name": "光が丘",
        "operator": "事業者不明",
        "ref": "",
        "url": "",
        "url2": ""
      }
    },
    {
      "type": "Feature",
      "geometry": {
        "type": "Point",
        "coordinates": [
          130.5581072,
          33.4471333
        ]
      },
      "properties": {
        "内容": "バス停: 新津古橋",
        "name": "新津古橋",
        "operator": "事業者不明",
        "ref": "",
        "url": "",
        "url2": ""
      }
    },
    {
      "type": "Feature",
      "geometry": {
        "type": "Point",
        "coordinates": [
          130.5579811,
          33.4467327
        ]
      },
      "properties": {
        "内容": "バス停: 新津古橋",
        "name": "新津古橋",
        "operator": "事業者不明",
        "ref": "",
        "url": "",
        "url2": ""
      }
    },
    {
      "type": "Feature",
      "geometry": {
        "type": "Point",
        "coordinates": [
          130.5619964,
          33.4445081
        ]
      },
      "properties": {
        "内容": "バス停: みくに野団地第3",
        "name": "みくに野団地第3",
        "operator": "事業者不明",
        "ref": "",
        "url": "",
        "url2": ""
      }
    },
    {
      "type": "Feature",
      "geometry": {
        "type": "Point",
        "coordinates": [
          130.5626053,
          33.4441992
        ]
      },
      "properties": {
        "内容": "バス停: みくに野団地第3",
        "name": "みくに野団地第3",
        "operator": "事業者不明",
        "ref": "",
        "url": "",
        "url2": ""
      }
    },
    {
      "type": "Feature",
      "geometry": {
        "type": "Point",
        "coordinates": [
          130.5625436,
          33.4423639
        ]
      },
      "properties": {
        "内容": "バス停: みくに野団地",
        "name": "みくに野団地",
        "operator": "事業者不明",
        "ref": "",
        "url": "",
        "url2": ""
      }
    },
    {
      "type": "Feature",
      "geometry": {
        "type": "Point",
        "coordinates": [
          130.5584905,
          33.4420569
        ]
      },
      "properties": {
        "内容": "バス停: みくに野団地西",
        "name": "みくに野団地西",
        "operator": "事業者不明",
        "ref": "",
        "url": "",
        "url2": ""
      }
    },
    {
      "type": "Feature",
      "geometry": {
        "type": "Point",
        "coordinates": [
          130.5637628,
          33.4331622
        ]
      },
      "properties": {
        "内容": "バス停: 横隈山古墳公園",
        "name": "横隈山古墳公園",
        "operator": "事業者不明",
        "ref": "",
        "url": "",
        "url2": ""
      }
    },
    {
      "type": "Feature",
      "geometry": {
        "type": "Point",
        "coordinates": [
          130.5638144,
          33.4332517
        ]
      },
      "properties": {
        "内容": "バス停: 横隈山古墳公園",
        "name": "横隈山古墳公園",
        "operator": "事業者不明",
        "ref": "",
        "url": "",
        "url2": ""
      }
    },
    {
      "type": "Feature",
      "geometry": {
        "type": "Point",
        "coordinates": [
          130.4126152,
          33.6131592
        ]
      },
      "properties": {
        "内容": "バス停: ゆめタウン博多",
        "name": "ゆめタウン博多",
        "operator": "事業者不明",
        "ref": "",
        "url": "",
        "url2": ""
      }
    },
    {
      "type": "Feature",
      "geometry": {
        "type": "Point",
        "coordinates": [
          130.4101208,
          33.6048214
        ]
      },
      "properties": {
        "内容": "バス停: 千鳥橋",
        "name": "千鳥橋",
        "operator": "事業者不明",
        "ref": "",
        "url": "",
        "url2": ""
      }
    },
    {
      "type": "Feature",
      "geometry": {
        "type": "Point",
        "coordinates": [
          130.4104172,
          33.6044874
        ]
      },
      "properties": {
        "内容": "バス停: 千鳥橋",
        "name": "千鳥橋",
        "operator": "事業者不明",
        "ref": "",
        "url": "",
        "url2": ""
      }
    },
    {
      "type": "Feature",
      "geometry": {
        "type": "Point",
        "coordinates": [
          130.4136237,
          33.6023841
        ]
      },
      "properties": {
        "内容": "バス停: 千代町",
        "name": "千代町",
        "operator": "事業者不明",
        "ref": "",
        "url": "",
        "url2": ""
      }
    },
    {
      "type": "Feature",
      "geometry": {
        "type": "Point",
        "coordinates": [
          130.4137029,
          33.6025539
        ]
      },
      "properties": {
        "内容": "バス停: 千代町",
        "name": "千代町",
        "operator": "事業者不明",
        "ref": "",
        "url": "",
        "url2": ""
      }
    },
    {
      "type": "Feature",
      "geometry": {
        "type": "Point",
        "coordinates": [
          130.4143895,
          33.6020032
        ]
      },
      "properties": {
        "内容": "バス停: 千代町",
        "name": "千代町",
        "operator": "事業者不明",
        "ref": "",
        "url": "",
        "url2": ""
      }
    },
    {
      "type": "Feature",
      "geometry": {
        "type": "Point",
        "coordinates": [
          130.4145974,
          33.6015005
        ]
      },
      "properties": {
        "内容": "バス停: 千代町",
        "name": "千代町",
        "operator": "事業者不明",
        "ref": "",
        "url": "",
        "url2": ""
      }
    },
    {
      "type": "Feature",
      "geometry": {
        "type": "Point",
        "coordinates": [
          130.4170342,
          33.5996385
        ]
      },
      "properties": {
        "内容": "バス停: 福高前",
        "name": "福高前",
        "operator": "事業者不明",
        "ref": "",
        "url": "",
        "url2": ""
      }
    },
    {
      "type": "Feature",
      "geometry": {
        "type": "Point",
        "coordinates": [
          130.4168639,
          33.5995491
        ]
      },
      "properties": {
        "内容": "バス停: 福高前",
        "name": "福高前",
        "operator": "事業者不明",
        "ref": "",
        "url": "",
        "url2": ""
      }
    },
    {
      "type": "Feature",
      "geometry": {
        "type": "Point",
        "coordinates": [
          130.4181768,
          33.5974021
        ]
      },
      "properties": {
        "内容": "バス停: 堅粕一丁目",
        "name": "堅粕一丁目",
        "operator": "事業者不明",
        "ref": "",
        "url": "",
        "url2": ""
      }
    },
    {
      "type": "Feature",
      "geometry": {
        "type": "Point",
        "coordinates": [
          130.4181647,
          33.5971955
        ]
      },
      "properties": {
        "内容": "バス停: 堅粕一丁目",
        "name": "堅粕一丁目",
        "operator": "事業者不明",
        "ref": "",
        "url": "",
        "url2": ""
      }
    },
    {
      "type": "Feature",
      "geometry": {
        "type": "Point",
        "coordinates": [
          130.4165541,
          33.5960829
        ]
      },
      "properties": {
        "内容": "バス停: 緑橋",
        "name": "緑橋",
        "operator": "事業者不明",
        "ref": "",
        "url": "",
        "url2": ""
      }
    },
    {
      "type": "Feature",
      "geometry": {
        "type": "Point",
        "coordinates": [
          130.4166131,
          33.5958795
        ]
      },
      "properties": {
        "内容": "バス停: 緑橋",
        "name": "緑橋",
        "operator": "事業者不明",
        "ref": "",
        "url": "",
        "url2": ""
      }
    },
    {
      "type": "Feature",
      "geometry": {
        "type": "Point",
        "coordinates": [
          130.4153645,
          33.594071
        ]
      },
      "properties": {
        "内容": "バス停: 祇園町",
        "name": "祇園町",
        "operator": "事業者不明",
        "ref": "",
        "url": "",
        "url2": ""
      }
    },
    {
      "type": "Feature",
      "geometry": {
        "type": "Point",
        "coordinates": [
          130.4155469,
          33.5940207
        ]
      },
      "properties": {
        "内容": "バス停: 祇園町",
        "name": "祇園町",
        "operator": "事業者不明",
        "ref": "",
        "url": "",
        "url2": ""
      }
    },
    {
      "type": "Feature",
      "geometry": {
        "type": "Point",
        "coordinates": [
          130.4164857,
          33.5844376
        ]
      },
      "properties": {
        "内容": "バス停: 住吉四丁目",
        "name": "住吉四丁目",
        "operator": "事業者不明",
        "ref": "",
        "url": "",
        "url2": ""
      }
    },
    {
      "type": "Feature",
      "geometry": {
        "type": "Point",
        "coordinates": [
          130.4165688,
          33.5846074
        ]
      },
      "properties": {
        "内容": "バス停: 住吉四丁目",
        "name": "住吉四丁目",
        "operator": "事業者不明",
        "ref": "",
        "url": "",
        "url2": ""
      }
    },
    {
      "type": "Feature",
      "geometry": {
        "type": "Point",
        "coordinates": [
          130.2258813,
          33.5982675
        ]
      },
      "properties": {
        "内容": "バス停: 九大中央図書館 (昭和自動車)",
        "name": "九大中央図書館",
        "operator": "昭和自動車",
        "ref": "",
        "url": "",
        "url2": ""
      }
    },
    {
      "type": "Feature",
      "geometry": {
        "type": "Point",
        "coordinates": [
          130.2266443,
          33.5973965
        ]
      },
      "properties": {
        "内容": "バス停: 九大中央図書館 (昭和自動車)",
        "name": "九大中央図書館",
        "operator": "昭和自動車",
        "ref": "",
        "url": "",
        "url2": ""
      }
    },
    {
      "type": "Feature",
      "geometry": {
        "type": "Point",
        "coordinates": [
          130.2195178,
          33.5975424
        ]
      },
      "properties": {
        "内容": "バス停: 九大理学部 (昭和自動車)",
        "name": "九大理学部",
        "operator": "昭和自動車",
        "ref": "",
        "url": "",
        "url2": ""
      }
    },
    {
      "type": "Feature",
      "geometry": {
        "type": "Point",
        "coordinates": [
          130.2171358,
          33.5969899
        ]
      },
      "properties": {
        "内容": "バス停: 九大工学部 (昭和自動車)",
        "name": "九大工学部",
        "operator": "昭和自動車",
        "ref": "",
        "url": "",
        "url2": ""
      }
    },
    {
      "type": "Feature",
      "geometry": {
        "type": "Point",
        "coordinates": [
          130.2129541,
          33.594637
        ]
      },
      "properties": {
        "内容": "バス停: 九大農学部 (昭和自動車)",
        "name": "九大農学部",
        "operator": "昭和自動車",
        "ref": "",
        "url": "",
        "url2": ""
      }
    },
    {
      "type": "Feature",
      "geometry": {
        "type": "Point",
        "coordinates": [
          130.2137616,
          33.5943893
        ]
      },
      "properties": {
        "内容": "バス停: 九大農学部 (昭和自動車)",
        "name": "九大農学部",
        "operator": "昭和自動車",
        "ref": "",
        "url": "",
        "url2": ""
      }
    },
    {
      "type": "Feature",
      "geometry": {
        "type": "Point",
        "coordinates": [
          130.2115741,
          33.5974253
        ]
      },
      "properties": {
        "内容": "バス停: 九大船舶・航空実験棟 (昭和自動車)",
        "name": "九大船舶・航空実験棟",
        "operator": "昭和自動車",
        "ref": "",
        "url": "",
        "url2": ""
      }
    },
    {
      "type": "Feature",
      "geometry": {
        "type": "Point",
        "coordinates": [
          130.2118125,
          33.597366
        ]
      },
      "properties": {
        "内容": "バス停: 九大船舶・航空実験棟 (昭和自動車)",
        "name": "九大船舶・航空実験棟",
        "operator": "昭和自動車",
        "ref": "",
        "url": "",
        "url2": ""
      }
    },
    {
      "type": "Feature",
      "geometry": {
        "type": "Point",
        "coordinates": [
          130.2100568,
          33.5993746
        ]
      },
      "properties": {
        "内容": "バス停: 九大総合グラウンド (昭和自動車)",
        "name": "九大総合グラウンド",
        "operator": "昭和自動車",
        "ref": "",
        "url": "",
        "url2": ""
      }
    },
    {
      "type": "Feature",
      "geometry": {
        "type": "Point",
        "coordinates": [
          130.228221,
          33.5995152
        ]
      },
      "properties": {
        "内容": "バス停: 九大イーストゾーン (昭和自動車)",
        "name": "九大イーストゾーン",
        "operator": "昭和自動車",
        "ref": "",
        "url": "",
        "url2": ""
      }
    },
    {
      "type": "Feature",
      "geometry": {
        "type": "Point",
        "coordinates": [
          130.2288082,
          33.5989806
        ]
      },
      "properties": {
        "内容": "バス停: 九大イーストゾーン (昭和自動車)",
        "name": "九大イーストゾーン",
        "operator": "昭和自動車",
        "ref": "",
        "url": "",
        "url2": ""
      }
    },
    {
      "type": "Feature",
      "geometry": {
        "type": "Point",
        "coordinates": [
          130.2294269,
          33.6013538
        ]
      },
      "properties": {
        "内容": "バス停: 九大東ゲート (昭和自動車)",
        "name": "九大東ゲート",
        "operator": "昭和自動車",
        "ref": "",
        "url": "",
        "url2": ""
      }
    },
    {
      "type": "Feature",
      "geometry": {
        "type": "Point",
        "coordinates": [
          130.2294069,
          33.601162
        ]
      },
      "properties": {
        "内容": "バス停: 九大東ゲート (昭和自動車)",
        "name": "九大東ゲート",
        "operator": "昭和自動車",
        "ref": "",
        "url": "",
        "url2": ""
      }
    },
    {
      "type": "Feature",
      "geometry": {
        "type": "Point",
        "coordinates": [
          130.224587,
          33.5978679
        ]
      },
      "properties": {
        "内容": "バス停: 九大センターゾーン入口 (昭和自動車)",
        "name": "九大センターゾーン入口",
        "operator": "昭和自動車",
        "ref": "",
        "url": "",
        "url2": ""
      }
    },
    {
      "type": "Feature",
      "geometry": {
        "type": "Point",
        "coordinates": [
          130.2390575,
          33.5889042
        ]
      },
      "properties": {
        "内容": "バス停: 元岡小学校前",
        "name": "元岡小学校前",
        "operator": "事業者不明",
        "ref": "",
        "url": "",
        "url2": ""
      }
    },
    {
      "type": "Feature",
      "geometry": {
        "type": "Point",
        "coordinates": [
          130.2395806,
          33.5891343
        ]
      },
      "properties": {
        "内容": "バス停: 元岡小学校前",
        "name": "元岡小学校前",
        "operator": "事業者不明",
        "ref": "",
        "url": "",
        "url2": ""
      }
    },
    {
      "type": "Feature",
      "geometry": {
        "type": "Point",
        "coordinates": [
          130.2429789,
          33.58835
        ]
      },
      "properties": {
        "内容": "バス停: 元岡郵便局前",
        "name": "元岡郵便局前",
        "operator": "事業者不明",
        "ref": "",
        "url": "",
        "url2": ""
      }
    },
    {
      "type": "Feature",
      "geometry": {
        "type": "Point",
        "coordinates": [
          130.2440652,
          33.588397
        ]
      },
      "properties": {
        "内容": "バス停: 元岡郵便局前",
        "name": "元岡郵便局前",
        "operator": "事業者不明",
        "ref": "",
        "url": "",
        "url2": ""
      }
    },
    {
      "type": "Feature",
      "geometry": {
        "type": "Point",
        "coordinates": [
          130.2586511,
          33.5781831
        ]
      },
      "properties": {
        "内容": "バス停: 九大学研都市駅",
        "name": "九大学研都市駅",
        "operator": "事業者不明",
        "ref": "3",
        "url": "",
        "url2": ""
      }
    },
    {
      "type": "Feature",
      "geometry": {
        "type": "Point",
        "coordinates": [
          130.2589086,
          33.5782143
        ]
      },
      "properties": {
        "内容": "バス停: 九大学研都市駅",
        "name": "九大学研都市駅",
        "operator": "事業者不明",
        "ref": "4",
        "url": "",
        "url2": ""
      }
    },
    {
      "type": "Feature",
      "geometry": {
        "type": "Point",
        "coordinates": [
          130.2591566,
          33.5785362
        ]
      },
      "properties": {
        "内容": "バス停: 九大学研都市駅",
        "name": "九大学研都市駅",
        "operator": "事業者不明",
        "ref": "1",
        "url": "",
        "url2": ""
      }
    },
    {
      "type": "Feature",
      "geometry": {
        "type": "Point",
        "coordinates": [
          130.2591969,
          33.5784099
        ]
      },
      "properties": {
        "内容": "バス停: 九大学研都市駅",
        "name": "九大学研都市駅",
        "operator": "事業者不明",
        "ref": "2",
        "url": "",
        "url2": ""
      }
    },
    {
      "type": "Feature",
      "geometry": {
        "type": "Point",
        "coordinates": [
          130.2719146,
          33.576154
        ]
      },
      "properties": {
        "内容": "バス停: 西警察署前",
        "name": "西警察署前",
        "operator": "事業者不明",
        "ref": "",
        "url": "",
        "url2": ""
      }
    },
    {
      "type": "Feature",
      "geometry": {
        "type": "Point",
        "coordinates": [
          130.2722253,
          33.5753381
        ]
      },
      "properties": {
        "内容": "バス停: 西警察署前",
        "name": "西警察署前",
        "operator": "事業者不明",
        "ref": "",
        "url": "",
        "url2": ""
      }
    },
    {
      "type": "Feature",
      "geometry": {
        "type": "Point",
        "coordinates": [
          130.2813882,
          33.5732176
        ]
      },
      "properties": {
        "内容": "バス停: 下青木",
        "name": "下青木",
        "operator": "事業者不明",
        "ref": "",
        "url": "",
        "url2": ""
      }
    },
    {
      "type": "Feature",
      "geometry": {
        "type": "Point",
        "coordinates": [
          130.2810171,
          33.5727962
        ]
      },
      "properties": {
        "内容": "バス停: 下青木",
        "name": "下青木",
        "operator": "事業者不明",
        "ref": "",
        "url": "",
        "url2": ""
      }
    },
    {
      "type": "Feature",
      "geometry": {
        "type": "Point",
        "coordinates": [
          130.2972427,
          33.5695324
        ]
      },
      "properties": {
        "内容": "バス停: 生の松原団地南",
        "name": "生の松原団地南",
        "operator": "事業者不明",
        "ref": "",
        "url": "",
        "url2": ""
      }
    },
    {
      "type": "Feature",
      "geometry": {
        "type": "Point",
        "coordinates": [
          130.2955958,
          33.5687256
        ]
      },
      "properties": {
        "内容": "バス停: 生の松原団地南",
        "name": "生の松原団地南",
        "operator": "事業者不明",
        "ref": "",
        "url": "",
        "url2": ""
      }
    },
    {
      "type": "Feature",
      "geometry": {
        "type": "Point",
        "coordinates": [
          130.308575,
          33.5688306
        ]
      },
      "properties": {
        "内容": "バス停: つつじ丘団地",
        "name": "つつじ丘団地",
        "operator": "事業者不明",
        "ref": "",
        "url": "",
        "url2": ""
      }
    },
    {
      "type": "Feature",
      "geometry": {
        "type": "Point",
        "coordinates": [
          130.3036666,
          33.5690809
        ]
      },
      "properties": {
        "内容": "バス停: 宮の前団地",
        "name": "宮の前団地",
        "operator": "事業者不明",
        "ref": "",
        "url": "",
        "url2": ""
      }
    },
    {
      "type": "Feature",
      "geometry": {
        "type": "Point",
        "coordinates": [
          130.3034171,
          33.5688731
        ]
      },
      "properties": {
        "内容": "バス停: 宮の前団地",
        "name": "宮の前団地",
        "operator": "事業者不明",
        "ref": "",
        "url": "",
        "url2": ""
      }
    },
    {
      "type": "Feature",
      "geometry": {
        "type": "Point",
        "coordinates": [
          130.3084221,
          33.568444
        ]
      },
      "properties": {
        "内容": "バス停: つつじ丘団地",
        "name": "つつじ丘団地",
        "operator": "事業者不明",
        "ref": "",
        "url": "",
        "url2": ""
      }
    },
    {
      "type": "Feature",
      "geometry": {
        "type": "Point",
        "coordinates": [
          130.3146556,
          33.5686429
        ]
      },
      "properties": {
        "内容": "バス停: 通町",
        "name": "通町",
        "operator": "事業者不明",
        "ref": "",
        "url": "",
        "url2": ""
      }
    },
    {
      "type": "Feature",
      "geometry": {
        "type": "Point",
        "coordinates": [
          130.3154442,
          33.5684127
        ]
      },
      "properties": {
        "内容": "バス停: 通町",
        "name": "通町",
        "operator": "事業者不明",
        "ref": "",
        "url": "",
        "url2": ""
      }
    },
    {
      "type": "Feature",
      "geometry": {
        "type": "Point",
        "coordinates": [
          130.5630023,
          33.4313107
        ]
      },
      "properties": {
        "内容": "バス停: みくに野東第1",
        "name": "みくに野東第1",
        "operator": "事業者不明",
        "ref": "",
        "url": "",
        "url2": ""
      }
    },
    {
      "type": "Feature",
      "geometry": {
        "type": "Point",
        "coordinates": [
          130.5631096,
          33.4313689
        ]
      },
      "properties": {
        "内容": "バス停: みくに野東第1",
        "name": "みくに野東第1",
        "operator": "事業者不明",
        "ref": "",
        "url": "",
        "url2": ""
      }
    },
    {
      "type": "Feature",
      "geometry": {
        "type": "Point",
        "coordinates": [
          130.5625248,
          33.4283761
        ]
      },
      "properties": {
        "内容": "バス停: みくに野東第2",
        "name": "みくに野東第2",
        "operator": "事業者不明",
        "ref": "",
        "url": "",
        "url2": ""
      }
    },
    {
      "type": "Feature",
      "geometry": {
        "type": "Point",
        "coordinates": [
          130.5625007,
          33.4287566
        ]
      },
      "properties": {
        "内容": "バス停: みくに野東第2",
        "name": "みくに野東第2",
        "operator": "事業者不明",
        "ref": "",
        "url": "",
        "url2": ""
      }
    },
    {
      "type": "Feature",
      "geometry": {
        "type": "Point",
        "coordinates": [
          130.5649469,
          33.4290431
        ]
      },
      "properties": {
        "内容": "バス停: 東古賀",
        "name": "東古賀",
        "operator": "事業者不明",
        "ref": "",
        "url": "",
        "url2": ""
      }
    },
    {
      "type": "Feature",
      "geometry": {
        "type": "Point",
        "coordinates": [
          130.5669129,
          33.4277896
        ]
      },
      "properties": {
        "内容": "バス停: 如意輪寺",
        "name": "如意輪寺",
        "operator": "事業者不明",
        "ref": "",
        "url": "",
        "url2": ""
      }
    },
    {
      "type": "Feature",
      "geometry": {
        "type": "Point",
        "coordinates": [
          130.5670578,
          33.4277918
        ]
      },
      "properties": {
        "内容": "バス停: 如意輪寺",
        "name": "如意輪寺",
        "operator": "事業者不明",
        "ref": "",
        "url": "",
        "url2": ""
      }
    },
    {
      "type": "Feature",
      "geometry": {
        "type": "Point",
        "coordinates": [
          130.5629822,
          33.4243663
        ]
      },
      "properties": {
        "内容": "バス停: ふれあい館三国（三国校区コミュニティセンター）",
        "name": "ふれあい館三国（三国校区コミュニティセンター）",
        "operator": "事業者不明",
        "ref": "",
        "url": "",
        "url2": ""
      }
    },
    {
      "type": "Feature",
      "geometry": {
        "type": "Point",
        "coordinates": [
          130.5660761,
          33.4242056
        ]
      },
      "properties": {
        "内容": "バス停: 三国小学校東",
        "name": "三国小学校東",
        "operator": "事業者不明",
        "ref": "",
        "url": "",
        "url2": ""
      }
    },
    {
      "type": "Feature",
      "geometry": {
        "type": "Point",
        "coordinates": [
          130.5659473,
          33.4241855
        ]
      },
      "properties": {
        "内容": "バス停: 三国小学校東",
        "name": "三国小学校東",
        "operator": "事業者不明",
        "ref": "",
        "url": "",
        "url2": ""
      }
    },
    {
      "type": "Feature",
      "geometry": {
        "type": "Point",
        "coordinates": [
          130.5652205,
          33.4215506
        ]
      },
      "properties": {
        "内容": "バス停: 力武",
        "name": "力武",
        "operator": "事業者不明",
        "ref": "",
        "url": "",
        "url2": ""
      }
    },
    {
      "type": "Feature",
      "geometry": {
        "type": "Point",
        "coordinates": [
          130.5653412,
          33.4214678
        ]
      },
      "properties": {
        "内容": "バス停: 力武",
        "name": "力武",
        "operator": "事業者不明",
        "ref": "",
        "url": "",
        "url2": ""
      }
    },
    {
      "type": "Feature",
      "geometry": {
        "type": "Point",
        "coordinates": [
          130.5639464,
          33.4165492
        ]
      },
      "properties": {
        "内容": "バス停: 新島",
        "name": "新島",
        "operator": "事業者不明",
        "ref": "",
        "url": "",
        "url2": ""
      }
    },
    {
      "type": "Feature",
      "geometry": {
        "type": "Point",
        "coordinates": [
          130.5638445,
          33.4166522
        ]
      },
      "properties": {
        "内容": "バス停: 新島",
        "name": "新島",
        "operator": "事業者不明",
        "ref": "",
        "url": "",
        "url2": ""
      }
    },
    {
      "type": "Feature",
      "geometry": {
        "type": "Point",
        "coordinates": [
          130.5625543,
          33.4122422
        ]
      },
      "properties": {
        "内容": "バス停: 大保公民館",
        "name": "大保公民館",
        "operator": "事業者不明",
        "ref": "",
        "url": "",
        "url2": ""
      }
    },
    {
      "type": "Feature",
      "geometry": {
        "type": "Point",
        "coordinates": [
          130.5624497,
          33.4123318
        ]
      },
      "properties": {
        "内容": "バス停: 大保公民館",
        "name": "大保公民館",
        "operator": "事業者不明",
        "ref": "",
        "url": "",
        "url2": ""
      }
    },
    {
      "type": "Feature",
      "geometry": {
        "type": "Point",
        "coordinates": [
          130.5649952,
          33.4081919
        ]
      },
      "properties": {
        "内容": "バス停: イオン小郡ショッピングセンター",
        "name": "イオン小郡ショッピングセンター",
        "operator": "事業者不明",
        "ref": "",
        "url": "",
        "url2": ""
      }
    },
    {
      "type": "Feature",
      "geometry": {
        "type": "Point",
        "coordinates": [
          130.5604756,
          33.4053785
        ]
      },
      "properties": {
        "内容": "バス停: 大板井2区公民館",
        "name": "大板井2区公民館",
        "operator": "事業者不明",
        "ref": "",
        "url": "",
        "url2": ""
      }
    },
    {
      "type": "Feature",
      "geometry": {
        "type": "Point",
        "coordinates": [
          130.5606527,
          33.4053696
        ]
      },
      "properties": {
        "内容": "バス停: 大板井2区公民館",
        "name": "大板井2区公民館",
        "operator": "事業者不明",
        "ref": "",
        "url": "",
        "url2": ""
      }
    },
    {
      "type": "Feature",
      "geometry": {
        "type": "Point",
        "coordinates": [
          130.5596173,
          33.4017702
        ]
      },
      "properties": {
        "内容": "バス停: 官衙遺跡公園東",
        "name": "官衙遺跡公園東",
        "operator": "事業者不明",
        "ref": "",
        "url": "",
        "url2": ""
      }
    },
    {
      "type": "Feature",
      "geometry": {
        "type": "Point",
        "coordinates": [
          130.5595261,
          33.4017791
        ]
      },
      "properties": {
        "内容": "バス停: 官衙遺跡公園東",
        "name": "官衙遺跡公園東",
        "operator": "事業者不明",
        "ref": "",
        "url": "",
        "url2": ""
      }
    },
    {
      "type": "Feature",
      "geometry": {
        "type": "Point",
        "coordinates": [
          130.5585954,
          33.3981113
        ]
      },
      "properties": {
        "内容": "バス停: 市役所東",
        "name": "市役所東",
        "operator": "事業者不明",
        "ref": "",
        "url": "",
        "url2": ""
      }
    },
    {
      "type": "Feature",
      "geometry": {
        "type": "Point",
        "coordinates": [
          130.5584667,
          33.3980889
        ]
      },
      "properties": {
        "内容": "バス停: 市役所東",
        "name": "市役所東",
        "operator": "事業者不明",
        "ref": "",
        "url": "",
        "url2": ""
      }
    },
    {
      "type": "Feature",
      "geometry": {
        "type": "Point",
        "coordinates": [
          130.5619428,
          33.3977798
        ]
      },
      "properties": {
        "内容": "バス停: 大板井",
        "name": "大板井",
        "operator": "事業者不明",
        "ref": "",
        "url": "",
        "url2": ""
      }
    },
    {
      "type": "Feature",
      "geometry": {
        "type": "Point",
        "coordinates": [
          130.5627126,
          33.3978784
        ]
      },
      "properties": {
        "内容": "バス停: 大板井",
        "name": "大板井",
        "operator": "事業者不明",
        "ref": "",
        "url": "",
        "url2": ""
      }
    },
    {
      "type": "Feature",
      "geometry": {
        "type": "Point",
        "coordinates": [
          130.5632061,
          33.3972581
        ]
      },
      "properties": {
        "内容": "バス停: 文化会館",
        "name": "文化会館",
        "operator": "事業者不明",
        "ref": "",
        "url": "",
        "url2": ""
      }
    },
    {
      "type": "Feature",
      "geometry": {
        "type": "Point",
        "coordinates": [
          130.5555779,
          33.3962235
        ]
      },
      "properties": {
        "内容": "バス停: 小郡市役所",
        "name": "小郡市役所",
        "operator": "事業者不明",
        "ref": "",
        "url": "",
        "url2": ""
      }
    },
    {
      "type": "Feature",
      "geometry": {
        "type": "Point",
        "coordinates": [
          130.5575209,
          33.3935931
        ]
      },
      "properties": {
        "内容": "バス停: 小板井",
        "name": "小板井",
        "operator": "事業者不明",
        "ref": "",
        "url": "",
        "url2": ""
      }
    },
    {
      "type": "Feature",
      "geometry": {
        "type": "Point",
        "coordinates": [
          130.5576416,
          33.3935579
        ]
      },
      "properties": {
        "内容": "バス停: 小板井",
        "name": "小板井",
        "operator": "事業者不明",
        "ref": "",
        "url": "",
        "url2": ""
      }
    },
    {
      "type": "Feature",
      "geometry": {
        "type": "Point",
        "coordinates": [
          130.5578087,
          33.3900448
        ]
      },
      "properties": {
        "内容": "バス停: 大崎",
        "name": "大崎",
        "operator": "事業者不明",
        "ref": "",
        "url": "",
        "url2": ""
      }
    },
    {
      "type": "Feature",
      "geometry": {
        "type": "Point",
        "coordinates": [
          130.5579265,
          33.3900318
        ]
      },
      "properties": {
        "内容": "バス停: 大崎",
        "name": "大崎",
        "operator": "事業者不明",
        "ref": "",
        "url": "",
        "url2": ""
      }
    },
    {
      "type": "Feature",
      "geometry": {
        "type": "Point",
        "coordinates": [
          130.5582638,
          33.3867207
        ]
      },
      "properties": {
        "内容": "バス停: 七夕神社西",
        "name": "七夕神社西",
        "operator": "事業者不明",
        "ref": "",
        "url": "",
        "url2": ""
      }
    },
    {
      "type": "Feature",
      "geometry": {
        "type": "Point",
        "coordinates": [
          130.5581458,
          33.3867632
        ]
      },
      "properties": {
        "内容": "バス停: 七夕神社西",
        "name": "七夕神社西",
        "operator": "事業者不明",
        "ref": "",
        "url": "",
        "url2": ""
      }
    },
    {
      "type": "Feature",
      "geometry": {
        "type": "Point",
        "coordinates": [
          130.5591975,
          33.3811299
        ]
      },
      "properties": {
        "内容": "バス停: あすてらす",
        "name": "あすてらす",
        "operator": "事業者不明",
        "ref": "",
        "url": "",
        "url2": ""
      }
    },
    {
      "type": "Feature",
      "geometry": {
        "type": "Point",
        "coordinates": [
          130.5524541,
          33.4636887
        ]
      },
      "properties": {
        "内容": "バス停: 筑紫駅前",
        "name": "筑紫駅前",
        "operator": "事業者不明",
        "ref": "",
        "url": "",
        "url2": ""
      }
    },
    {
      "type": "Feature",
      "geometry": {
        "type": "Point",
        "coordinates": [
          130.5524595,
          33.4629167
        ]
      },
      "properties": {
        "内容": "バス停: 筑紫駅西口",
        "name": "筑紫駅西口",
        "operator": "事業者不明",
        "ref": "",
        "url": "",
        "url2": ""
      }
    },
    {
      "type": "Feature",
      "geometry": {
        "type": "Point",
        "coordinates": [
          130.5531337,
          33.3956637
        ]
      },
      "properties": {
        "内容": "バス停: 西鉄小郡駅",
        "name": "西鉄小郡駅",
        "operator": "事業者不明",
        "ref": "",
        "url": "",
        "url2": ""
      }
    },
    {
      "type": "Feature",
      "geometry": {
        "type": "Point",
        "coordinates": [
          130.3612454,
          33.5928559
        ]
      },
      "properties": {
        "内容": "バス停: 名称不明バス停",
        "name": "名称不明バス停",
        "operator": "事業者不明",
        "ref": "",
        "url": "",
        "url2": ""
      }
    },
    {
      "type": "Feature",
      "geometry": {
        "type": "Point",
        "coordinates": [
          130.3590635,
          33.5945916
        ]
      },
      "properties": {
        "内容": "バス停: 名称不明バス停",
        "name": "名称不明バス停",
        "operator": "事業者不明",
        "ref": "",
        "url": "",
        "url2": ""
      }
    },
    {
      "type": "Feature",
      "geometry": {
        "type": "Point",
        "coordinates": [
          130.5622802,
          33.4337897
        ]
      },
      "properties": {
        "内容": "バス停: 小郡高校前",
        "name": "小郡高校前",
        "operator": "事業者不明",
        "ref": "",
        "url": "",
        "url2": ""
      }
    },
    {
      "type": "Feature",
      "geometry": {
        "type": "Point",
        "coordinates": [
          130.5625362,
          33.4365592
        ]
      },
      "properties": {
        "内容": "バス停: 三国が丘駅西口",
        "name": "三国が丘駅西口",
        "operator": "事業者不明",
        "ref": "",
        "url": "",
        "url2": ""
      }
    },
    {
      "type": "Feature",
      "geometry": {
        "type": "Point",
        "coordinates": [
          130.558425,
          33.434005
        ]
      },
      "properties": {
        "内容": "バス停: 美鈴の杜埋蔵文化財調査センター",
        "name": "美鈴の杜埋蔵文化財調査センター",
        "operator": "事業者不明",
        "ref": "",
        "url": "",
        "url2": ""
      }
    },
    {
      "type": "Feature",
      "geometry": {
        "type": "Point",
        "coordinates": [
          130.5588644,
          33.4338458
        ]
      },
      "properties": {
        "内容": "バス停: 美鈴の杜埋蔵文化財調査センター",
        "name": "美鈴の杜埋蔵文化財調査センター",
        "operator": "事業者不明",
        "ref": "",
        "url": "",
        "url2": ""
      }
    },
    {
      "type": "Feature",
      "geometry": {
        "type": "Point",
        "coordinates": [
          130.5603722,
          33.4333575
        ]
      },
      "properties": {
        "内容": "バス停: レガネット",
        "name": "レガネット",
        "operator": "事業者不明",
        "ref": "",
        "url": "",
        "url2": ""
      }
    },
    {
      "type": "Feature",
      "geometry": {
        "type": "Point",
        "coordinates": [
          130.5526193,
          33.4344355
        ]
      },
      "properties": {
        "内容": "バス停: 三国中学校前",
        "name": "三国中学校前",
        "operator": "事業者不明",
        "ref": "",
        "url": "",
        "url2": ""
      }
    },
    {
      "type": "Feature",
      "geometry": {
        "type": "Point",
        "coordinates": [
          130.552327,
          33.4341063
        ]
      },
      "properties": {
        "内容": "バス停: 三国中学校前",
        "name": "三国中学校前",
        "operator": "事業者不明",
        "ref": "",
        "url": "",
        "url2": ""
      }
    },
    {
      "type": "Feature",
      "geometry": {
        "type": "Point",
        "coordinates": [
          130.4438766,
          33.5842672
        ]
      },
      "properties": {
        "内容": "バス停: 名称不明バス停",
        "name": "名称不明バス停",
        "operator": "事業者不明",
        "ref": "",
        "url": "",
        "url2": ""
      }
    },
    {
      "type": "Feature",
      "geometry": {
        "type": "Point",
        "coordinates": [
          130.192812,
          33.6204251
        ]
      },
      "properties": {
        "内容": "バス停: 桜井 (昭和バス)",
        "name": "桜井",
        "operator": "昭和バス",
        "ref": "",
        "url": "",
        "url2": ""
      }
    },
    {
      "type": "Feature",
      "geometry": {
        "type": "Point",
        "coordinates": [
          130.19251,
          33.6206329
        ]
      },
      "properties": {
        "内容": "バス停: 桜井 (昭和バス)",
        "name": "桜井",
        "operator": "昭和バス",
        "ref": "",
        "url": "",
        "url2": ""
      }
    },
    {
      "type": "Feature",
      "geometry": {
        "type": "Point",
        "coordinates": [
          130.2563509,
          33.5802346
        ]
      },
      "properties": {
        "内容": "バス停: 北原 (昭和自動車)",
        "name": "北原",
        "operator": "昭和自動車",
        "ref": "",
        "url": "",
        "url2": ""
      }
    },
    {
      "type": "Feature",
      "geometry": {
        "type": "Point",
        "coordinates": [
          130.2561148,
          33.5802547
        ]
      },
      "properties": {
        "内容": "バス停: 北原 (昭和自動車)",
        "name": "北原",
        "operator": "昭和自動車",
        "ref": "",
        "url": "",
        "url2": ""
      }
    },
    {
      "type": "Feature",
      "geometry": {
        "type": "Point",
        "coordinates": [
          130.2522673,
          33.5770272
        ]
      },
      "properties": {
        "内容": "バス停: 山崎 (昭和自動車)",
        "name": "山崎",
        "operator": "昭和自動車",
        "ref": "",
        "url": "",
        "url2": ""
      }
    },
    {
      "type": "Feature",
      "geometry": {
        "type": "Point",
        "coordinates": [
          130.2523589,
          33.5769942
        ]
      },
      "properties": {
        "内容": "バス停: 山崎 (昭和自動車)",
        "name": "山崎",
        "operator": "昭和自動車",
        "ref": "",
        "url": "",
        "url2": ""
      }
    },
    {
      "type": "Feature",
      "geometry": {
        "type": "Point",
        "coordinates": [
          130.3979033,
          33.5910977
        ]
      },
      "properties": {
        "内容": "バス停: 天神新天町入口",
        "name": "天神新天町入口",
        "operator": "事業者不明",
        "ref": "11",
        "url": "",
        "url2": ""
      }
    },
    {
      "type": "Feature",
      "geometry": {
        "type": "Point",
        "coordinates": [
          130.3966638,
          33.5908104
        ]
      },
      "properties": {
        "内容": "バス停: 天神協和ビル前",
        "name": "天神協和ビル前",
        "operator": "事業者不明",
        "ref": "10",
        "url": "",
        "url2": ""
      }
    },
    {
      "type": "Feature",
      "geometry": {
        "type": "Point",
        "coordinates": [
          130.3979067,
          33.5912071
        ]
      },
      "properties": {
        "内容": "バス停: 天神福銀本店前 (西日本鉄道)",
        "name": "天神福銀本店前",
        "operator": "西日本鉄道",
        "ref": "13",
        "url": "",
        "url2": ""
      }
    },
    {
      "type": "Feature",
      "geometry": {
        "type": "Point",
        "coordinates": [
          130.3969981,
          33.591031
        ]
      },
      "properties": {
        "内容": "バス停: 天神証券ビル前 (西日本鉄道)",
        "name": "天神証券ビル前",
        "operator": "西日本鉄道",
        "ref": "",
        "url": "",
        "url2": ""
      }
    },
    {
      "type": "Feature",
      "geometry": {
        "type": "Point",
        "coordinates": [
          130.4609939,
          33.5465354
        ]
      },
      "properties": {
        "内容": "バス停: 南本町",
        "name": "南本町",
        "operator": "事業者不明",
        "ref": "",
        "url": "",
        "url2": ""
      }
    },
    {
      "type": "Feature",
      "geometry": {
        "type": "Point",
        "coordinates": [
          130.4608169,
          33.5464795
        ]
      },
      "properties": {
        "内容": "バス停: 南本町",
        "name": "南本町",
        "operator": "事業者不明",
        "ref": "",
        "url": "",
        "url2": ""
      }
    },
    {
      "type": "Feature",
      "geometry": {
        "type": "Point",
        "coordinates": [
          130.4575499,
          33.5513191
        ]
      },
      "properties": {
        "内容": "バス停: 麦野四丁目",
        "name": "麦野四丁目",
        "operator": "事業者不明",
        "ref": "",
        "url": "",
        "url2": ""
      }
    },
    {
      "type": "Feature",
      "geometry": {
        "type": "Point",
        "coordinates": [
          130.4576599,
          33.5514868
        ]
      },
      "properties": {
        "内容": "バス停: 麦野四丁目",
        "name": "麦野四丁目",
        "operator": "事業者不明",
        "ref": "",
        "url": "",
        "url2": ""
      }
    },
    {
      "type": "Feature",
      "geometry": {
        "type": "Point",
        "coordinates": [
          130.4547014,
          33.5541065
        ]
      },
      "properties": {
        "内容": "バス停: 麦野一丁目",
        "name": "麦野一丁目",
        "operator": "事業者不明",
        "ref": "",
        "url": "",
        "url2": ""
      }
    },
    {
      "type": "Feature",
      "geometry": {
        "type": "Point",
        "coordinates": [
          130.454857,
          33.5542004
        ]
      },
      "properties": {
        "内容": "バス停: 麦野一丁目",
        "name": "麦野一丁目",
        "operator": "事業者不明",
        "ref": "",
        "url": "",
        "url2": ""
      }
    },
    {
      "type": "Feature",
      "geometry": {
        "type": "Point",
        "coordinates": [
          130.4518288,
          33.557209
        ]
      },
      "properties": {
        "内容": "バス停: 板付新橋",
        "name": "板付新橋",
        "operator": "事業者不明",
        "ref": "",
        "url": "",
        "url2": ""
      }
    },
    {
      "type": "Feature",
      "geometry": {
        "type": "Point",
        "coordinates": [
          130.4518449,
          33.556981
        ]
      },
      "properties": {
        "内容": "バス停: 板付新橋",
        "name": "板付新橋",
        "operator": "事業者不明",
        "ref": "",
        "url": "",
        "url2": ""
      }
    },
    {
      "type": "Feature",
      "geometry": {
        "type": "Point",
        "coordinates": [
          130.4476365,
          33.5610177
        ]
      },
      "properties": {
        "内容": "バス停: 諸岡四角",
        "name": "諸岡四角",
        "operator": "事業者不明",
        "ref": "",
        "url": "",
        "url2": ""
      }
    },
    {
      "type": "Feature",
      "geometry": {
        "type": "Point",
        "coordinates": [
          130.447674,
          33.5607897
        ]
      },
      "properties": {
        "内容": "バス停: 諸岡四角",
        "name": "諸岡四角",
        "operator": "事業者不明",
        "ref": "",
        "url": "",
        "url2": ""
      }
    },
    {
      "type": "Feature",
      "geometry": {
        "type": "Point",
        "coordinates": [
          130.4462793,
          33.5620503
        ]
      },
      "properties": {
        "内容": "バス停: 諸岡",
        "name": "諸岡",
        "operator": "事業者不明",
        "ref": "",
        "url": "",
        "url2": ""
      }
    },
    {
      "type": "Feature",
      "geometry": {
        "type": "Point",
        "coordinates": [
          130.4464563,
          33.5620816
        ]
      },
      "properties": {
        "内容": "バス停: 諸岡",
        "name": "諸岡",
        "operator": "事業者不明",
        "ref": "",
        "url": "",
        "url2": ""
      }
    },
    {
      "type": "Feature",
      "geometry": {
        "type": "Point",
        "coordinates": [
          130.4444822,
          33.5638875
        ]
      },
      "properties": {
        "内容": "バス停: 弓田町",
        "name": "弓田町",
        "operator": "事業者不明",
        "ref": "",
        "url": "",
        "url2": ""
      }
    },
    {
      "type": "Feature",
      "geometry": {
        "type": "Point",
        "coordinates": [
          130.4442247,
          33.5639232
        ]
      },
      "properties": {
        "内容": "バス停: 弓田町",
        "name": "弓田町",
        "operator": "事業者不明",
        "ref": "",
        "url": "",
        "url2": ""
      }
    },
    {
      "type": "Feature",
      "geometry": {
        "type": "Point",
        "coordinates": [
          130.441783,
          33.5660469
        ]
      },
      "properties": {
        "内容": "バス停: 那珂五丁目",
        "name": "那珂五丁目",
        "operator": "事業者不明",
        "ref": "",
        "url": "",
        "url2": ""
      }
    },
    {
      "type": "Feature",
      "geometry": {
        "type": "Point",
        "coordinates": [
          130.4381951,
          33.571066
        ]
      },
      "properties": {
        "内容": "バス停: 那珂小学校",
        "name": "那珂小学校",
        "operator": "事業者不明",
        "ref": "",
        "url": "",
        "url2": ""
      }
    },
    {
      "type": "Feature",
      "geometry": {
        "type": "Point",
        "coordinates": [
          130.4379483,
          33.5725365
        ]
      },
      "properties": {
        "内容": "バス停: 宮園",
        "name": "宮園",
        "operator": "事業者不明",
        "ref": "",
        "url": "",
        "url2": ""
      }
    },
    {
      "type": "Feature",
      "geometry": {
        "type": "Point",
        "coordinates": [
          130.4381254,
          33.5726348
        ]
      },
      "properties": {
        "内容": "バス停: 宮園",
        "name": "宮園",
        "operator": "事業者不明",
        "ref": "",
        "url": "",
        "url2": ""
      }
    },
    {
      "type": "Feature",
      "geometry": {
        "type": "Point",
        "coordinates": [
          130.4363766,
          33.5756294
        ]
      },
      "properties": {
        "内容": "バス停: 東光寺本町",
        "name": "東光寺本町",
        "operator": "事業者不明",
        "ref": "",
        "url": "",
        "url2": ""
      }
    },
    {
      "type": "Feature",
      "geometry": {
        "type": "Point",
        "coordinates": [
          130.4352232,
          33.5770104
        ]
      },
      "properties": {
        "内容": "バス停: 東光寺北口",
        "name": "東光寺北口",
        "operator": "事業者不明",
        "ref": "",
        "url": "",
        "url2": ""
      }
    },
    {
      "type": "Feature",
      "geometry": {
        "type": "Point",
        "coordinates": [
          130.4349137,
          33.5776373
        ]
      },
      "properties": {
        "内容": "バス停: 東光寺北口",
        "name": "東光寺北口",
        "operator": "事業者不明",
        "ref": "",
        "url": "",
        "url2": ""
      }
    },
    {
      "type": "Feature",
      "geometry": {
        "type": "Point",
        "coordinates": [
          130.4319777,
          33.5799065
        ]
      },
      "properties": {
        "内容": "バス停: 山王一丁目",
        "name": "山王一丁目",
        "operator": "事業者不明",
        "ref": "",
        "url": "",
        "url2": ""
      }
    },
    {
      "type": "Feature",
      "geometry": {
        "type": "Point",
        "coordinates": [
          130.4320689,
          33.5801702
        ]
      },
      "properties": {
        "内容": "バス停: 山王一丁目",
        "name": "山王一丁目",
        "operator": "事業者不明",
        "ref": "",
        "url": "",
        "url2": ""
      }
    },
    {
      "type": "Feature",
      "geometry": {
        "type": "Point",
        "coordinates": [
          130.4304703,
          33.5814126
        ]
      },
      "properties": {
        "内容": "バス停: 山王公園前",
        "name": "山王公園前",
        "operator": "事業者不明",
        "ref": "",
        "url": "",
        "url2": ""
      }
    },
    {
      "type": "Feature",
      "geometry": {
        "type": "Point",
        "coordinates": [
          130.4303845,
          33.5813009
        ]
      },
      "properties": {
        "内容": "バス停: 山王公園前",
        "name": "山王公園前",
        "operator": "事業者不明",
        "ref": "",
        "url": "",
        "url2": ""
      }
    },
    {
      "type": "Feature",
      "geometry": {
        "type": "Point",
        "coordinates": [
          130.4277291,
          33.5834058
        ]
      },
      "properties": {
        "内容": "バス停: 瑞穂",
        "name": "瑞穂",
        "operator": "事業者不明",
        "ref": "",
        "url": "",
        "url2": ""
      }
    },
    {
      "type": "Feature",
      "geometry": {
        "type": "Point",
        "coordinates": [
          130.425342,
          33.5855196
        ]
      },
      "properties": {
        "内容": "バス停: 駅東三丁目",
        "name": "駅東三丁目",
        "operator": "事業者不明",
        "ref": "",
        "url": "",
        "url2": ""
      }
    },
    {
      "type": "Feature",
      "geometry": {
        "type": "Point",
        "coordinates": [
          130.4223429,
          33.5905313
        ]
      },
      "properties": {
        "内容": "バス停: 博多駅筑紫口",
        "name": "博多駅筑紫口",
        "operator": "事業者不明",
        "ref": "",
        "url": "",
        "url2": ""
      }
    },
    {
      "type": "Feature",
      "geometry": {
        "type": "Point",
        "coordinates": [
          130.4225739,
          33.5905492
        ]
      },
      "properties": {
        "内容": "バス停: 博多駅筑紫口",
        "name": "博多駅筑紫口",
        "operator": "事業者不明",
        "ref": "",
        "url": "",
        "url2": ""
      }
    },
    {
      "type": "Feature",
      "geometry": {
        "type": "Point",
        "coordinates": [
          130.3979106,
          33.5928326
        ]
      },
      "properties": {
        "内容": "バス停: 天神北 (西日本鉄道)",
        "name": "天神北",
        "operator": "西日本鉄道",
        "ref": "3",
        "url": "",
        "url2": ""
      }
    },
    {
      "type": "Feature",
      "geometry": {
        "type": "Point",
        "coordinates": [
          130.3715727,
          33.5991889
        ]
      },
      "properties": {
        "内容": "バス停: 中央市民プール前",
        "name": "中央市民プール前",
        "operator": "事業者不明",
        "ref": "",
        "url": "",
        "url2": ""
      }
    },
    {
      "type": "Feature",
      "geometry": {
        "type": "Point",
        "coordinates": [
          130.371519,
          33.599372
        ]
      },
      "properties": {
        "内容": "バス停: 中央市民プール前",
        "name": "中央市民プール前",
        "operator": "事業者不明",
        "ref": "",
        "url": "",
        "url2": ""
      }
    },
    {
      "type": "Feature",
      "geometry": {
        "type": "Point",
        "coordinates": [
          130.3706124,
          33.5972541
        ]
      },
      "properties": {
        "内容": "バス停: 伊崎 (西鉄バス)",
        "name": "伊崎",
        "operator": "西鉄バス",
        "ref": "",
        "url": "",
        "url2": ""
      }
    },
    {
      "type": "Feature",
      "geometry": {
        "type": "Point",
        "coordinates": [
          130.3689039,
          33.5949172
        ]
      },
      "properties": {
        "内容": "バス停: 福浜二丁目",
        "name": "福浜二丁目",
        "operator": "事業者不明",
        "ref": "",
        "url": "",
        "url2": ""
      }
    },
    {
      "type": "Feature",
      "geometry": {
        "type": "Point",
        "coordinates": [
          130.3652882,
          33.592216
        ]
      },
      "properties": {
        "内容": "バス停: ヤフオクドーム前",
        "name": "ヤフオクドーム前",
        "operator": "事業者不明",
        "ref": "",
        "url": "",
        "url2": ""
      }
    },
    {
      "type": "Feature",
      "geometry": {
        "type": "Point",
        "coordinates": [
          130.3545943,
          33.5920663
        ]
      },
      "properties": {
        "内容": "バス停: 博物館北口 (西鉄バス)",
        "name": "博物館北口",
        "operator": "西鉄バス",
        "ref": "",
        "url": "",
        "url2": ""
      }
    },
    {
      "type": "Feature",
      "geometry": {
        "type": "Point",
        "coordinates": [
          130.3538969,
          33.5921489
        ]
      },
      "properties": {
        "内容": "バス停: 博物館北口",
        "name": "博物館北口",
        "operator": "事業者不明",
        "ref": "",
        "url": "",
        "url2": ""
      }
    },
    {
      "type": "Feature",
      "geometry": {
        "type": "Point",
        "coordinates": [
          130.2103084,
          33.6030864
        ]
      },
      "properties": {
        "内容": "バス停: 昭和バス伊都営業所",
        "name": "昭和バス伊都営業所",
        "operator": "事業者不明",
        "ref": "",
        "url": "",
        "url2": ""
      }
    },
    {
      "type": "Feature",
      "geometry": {
        "type": "Point",
        "coordinates": [
          130.760361,
          33.3001436
        ]
      },
      "properties": {
        "内容": "バス停: 樫ヶ平",
        "name": "樫ヶ平",
        "operator": "事業者不明",
        "ref": "",
        "url": "",
        "url2": ""
      }
    },
    {
      "type": "Feature",
      "geometry": {
        "type": "Point",
        "coordinates": [
          130.7931818,
          33.3327513
        ]
      },
      "properties": {
        "内容": "バス停: うきは市民センター前",
        "name": "うきは市民センター前",
        "operator": "事業者不明",
        "ref": "",
        "url": "",
        "url2": ""
      }
    },
    {
      "type": "Feature",
      "geometry": {
        "type": "Point",
        "coordinates": [
          130.2491464,
          33.5743967
        ]
      },
      "properties": {
        "内容": "バス停: 周船寺東口",
        "name": "周船寺東口",
        "operator": "事業者不明",
        "ref": "",
        "url": "",
        "url2": ""
      }
    },
    {
      "type": "Feature",
      "geometry": {
        "type": "Point",
        "coordinates": [
          130.2491248,
          33.5744994
        ]
      },
      "properties": {
        "内容": "バス停: 周船寺東口",
        "name": "周船寺東口",
        "operator": "事業者不明",
        "ref": "",
        "url": "",
        "url2": ""
      }
    },
    {
      "type": "Feature",
      "geometry": {
        "type": "Point",
        "coordinates": [
          130.2431013,
          33.5728719
        ]
      },
      "properties": {
        "内容": "バス停: 周船寺",
        "name": "周船寺",
        "operator": "事業者不明",
        "ref": "",
        "url": "",
        "url2": ""
      }
    },
    {
      "type": "Feature",
      "geometry": {
        "type": "Point",
        "coordinates": [
          130.2435327,
          33.5728231
        ]
      },
      "properties": {
        "内容": "バス停: 周船寺",
        "name": "周船寺",
        "operator": "事業者不明",
        "ref": "",
        "url": "",
        "url2": ""
      }
    },
    {
      "type": "Feature",
      "geometry": {
        "type": "Point",
        "coordinates": [
          130.2419969,
          33.57676
        ]
      },
      "properties": {
        "内容": "バス停: 泉",
        "name": "泉",
        "operator": "事業者不明",
        "ref": "",
        "url": "",
        "url2": ""
      }
    },
    {
      "type": "Feature",
      "geometry": {
        "type": "Point",
        "coordinates": [
          130.2421775,
          33.5766651
        ]
      },
      "properties": {
        "内容": "バス停: 泉",
        "name": "泉",
        "operator": "事業者不明",
        "ref": "",
        "url": "",
        "url2": ""
      }
    },
    {
      "type": "Feature",
      "geometry": {
        "type": "Point",
        "coordinates": [
          130.2404637,
          33.5805614
        ]
      },
      "properties": {
        "内容": "バス停: 富士見",
        "name": "富士見",
        "operator": "事業者不明",
        "ref": "",
        "url": "",
        "url2": ""
      }
    },
    {
      "type": "Feature",
      "geometry": {
        "type": "Point",
        "coordinates": [
          130.2402461,
          33.5807306
        ]
      },
      "properties": {
        "内容": "バス停: 富士見",
        "name": "富士見",
        "operator": "事業者不明",
        "ref": "",
        "url": "",
        "url2": ""
      }
    },
    {
      "type": "Feature",
      "geometry": {
        "type": "Point",
        "coordinates": [
          130.2387628,
          33.5832984
        ]
      },
      "properties": {
        "内容": "バス停: たろう保育園前",
        "name": "たろう保育園前",
        "operator": "事業者不明",
        "ref": "",
        "url": "",
        "url2": ""
      }
    },
    {
      "type": "Feature",
      "geometry": {
        "type": "Point",
        "coordinates": [
          130.2383129,
          33.5839247
        ]
      },
      "properties": {
        "内容": "バス停: たろう保育園前",
        "name": "たろう保育園前",
        "operator": "事業者不明",
        "ref": "",
        "url": "",
        "url2": ""
      }
    },
    {
      "type": "Feature",
      "geometry": {
        "type": "Point",
        "coordinates": [
          130.2366935,
          33.5875562
        ]
      },
      "properties": {
        "内容": "バス停: 元岡農協前",
        "name": "元岡農協前",
        "operator": "事業者不明",
        "ref": "",
        "url": "",
        "url2": ""
      }
    },
    {
      "type": "Feature",
      "geometry": {
        "type": "Point",
        "coordinates": [
          130.2365363,
          33.5875896
        ]
      },
      "properties": {
        "内容": "バス停: 元岡農協前",
        "name": "元岡農協前",
        "operator": "事業者不明",
        "ref": "",
        "url": "",
        "url2": ""
      }
    },
    {
      "type": "Feature",
      "geometry": {
        "type": "Point",
        "coordinates": [
          130.2226634,
          33.6026043
        ]
      },
      "properties": {
        "内容": "バス停: 桑原西 (昭和自動車)",
        "name": "桑原西",
        "operator": "昭和自動車",
        "ref": "",
        "url": "",
        "url2": ""
      }
    },
    {
      "type": "Feature",
      "geometry": {
        "type": "Point",
        "coordinates": [
          130.2248125,
          33.6037681
        ]
      },
      "properties": {
        "内容": "バス停: 桑原公民館 (昭和自動車)",
        "name": "桑原公民館",
        "operator": "昭和自動車",
        "ref": "",
        "url": "",
        "url2": ""
      }
    },
    {
      "type": "Feature",
      "geometry": {
        "type": "Point",
        "coordinates": [
          130.2277848,
          33.6049437
        ]
      },
      "properties": {
        "内容": "バス停: 桑原東",
        "name": "桑原東",
        "operator": "事業者不明",
        "ref": "",
        "url": "",
        "url2": ""
      }
    },
    {
      "type": "Feature",
      "geometry": {
        "type": "Point",
        "coordinates": [
          130.2286574,
          33.6032838
        ]
      },
      "properties": {
        "内容": "バス停: 九大伊都協奏館 (昭和自動車)",
        "name": "九大伊都協奏館",
        "operator": "昭和自動車",
        "ref": "",
        "url": "",
        "url2": ""
      }
    },
    {
      "type": "Feature",
      "geometry": {
        "type": "Point",
        "coordinates": [
          130.9344135,
          33.8320603
        ]
      },
      "properties": {
        "内容": "バス停: 下曽根駅南口 降車場",
        "name": "下曽根駅南口 降車場",
        "operator": "事業者不明",
        "ref": "",
        "url": "",
        "url2": ""
      }
    },
    {
      "type": "Feature",
      "geometry": {
        "type": "Point",
        "coordinates": [
          130.70666,
          33.6780102
        ]
      },
      "properties": {
        "内容": "バス停: 目尾",
        "name": "目尾",
        "operator": "事業者不明",
        "ref": "",
        "url": "",
        "url2": ""
      }
    },
    {
      "type": "Feature",
      "geometry": {
        "type": "Point",
        "coordinates": [
          130.7064474,
          33.678
        ]
      },
      "properties": {
        "内容": "バス停: 目尾",
        "name": "目尾",
        "operator": "事業者不明",
        "ref": "",
        "url": "",
        "url2": ""
      }
    },
    {
      "type": "Feature",
      "geometry": {
        "type": "Point",
        "coordinates": [
          130.4720911,
          33.6004603
        ]
      },
      "properties": {
        "内容": "バス停: 南里駅前",
        "name": "南里駅前",
        "operator": "事業者不明",
        "ref": "",
        "url": "",
        "url2": ""
      }
    },
    {
      "type": "Feature",
      "geometry": {
        "type": "Point",
        "coordinates": [
          130.512419,
          33.0090506
        ]
      },
      "properties": {
        "内容": "バス停: 名称不明バス停",
        "name": "名称不明バス停",
        "operator": "事業者不明",
        "ref": "",
        "url": "",
        "url2": ""
      }
    },
    {
      "type": "Feature",
      "geometry": {
        "type": "Point",
        "coordinates": [
          130.5122373,
          33.0090067
        ]
      },
      "properties": {
        "内容": "バス停: 名称不明バス停",
        "name": "名称不明バス停",
        "operator": "事業者不明",
        "ref": "",
        "url": "",
        "url2": ""
      }
    },
    {
      "type": "Feature",
      "geometry": {
        "type": "Point",
        "coordinates": [
          130.9815667,
          33.9486727
        ]
      },
      "properties": {
        "内容": "バス停: 清見4丁目",
        "name": "清見4丁目",
        "operator": "事業者不明",
        "ref": "",
        "url": "",
        "url2": ""
      }
    },
    {
      "type": "Feature",
      "geometry": {
        "type": "Point",
        "coordinates": [
          130.9794671,
          33.9495746
        ]
      },
      "properties": {
        "内容": "バス停: 清見市民センター",
        "name": "清見市民センター",
        "operator": "事業者不明",
        "ref": "",
        "url": "",
        "url2": ""
      }
    },
    {
      "type": "Feature",
      "geometry": {
        "type": "Point",
        "coordinates": [
          130.977045,
          33.9512425
        ]
      },
      "properties": {
        "内容": "バス停: 清見1丁目",
        "name": "清見1丁目",
        "operator": "事業者不明",
        "ref": "",
        "url": "",
        "url2": ""
      }
    },
    {
      "type": "Feature",
      "geometry": {
        "type": "Point",
        "coordinates": [
          130.9770508,
          33.9510997
        ]
      },
      "properties": {
        "内容": "バス停: 清見1丁目",
        "name": "清見1丁目",
        "operator": "事業者不明",
        "ref": "",
        "url": "",
        "url2": ""
      }
    },
    {
      "type": "Feature",
      "geometry": {
        "type": "Point",
        "coordinates": [
          130.9758258,
          33.9510778
        ]
      },
      "properties": {
        "内容": "バス停: 清見1丁目",
        "name": "清見1丁目",
        "operator": "事業者不明",
        "ref": "",
        "url": "",
        "url2": ""
      }
    },
    {
      "type": "Feature",
      "geometry": {
        "type": "Point",
        "coordinates": [
          130.9760813,
          33.9515873
        ]
      },
      "properties": {
        "内容": "バス停: 清見1丁目",
        "name": "清見1丁目",
        "operator": "事業者不明",
        "ref": "",
        "url": "",
        "url2": ""
      }
    },
    {
      "type": "Feature",
      "geometry": {
        "type": "Point",
        "coordinates": [
          130.9794665,
          33.9494549
        ]
      },
      "properties": {
        "内容": "バス停: 清見市民センター",
        "name": "清見市民センター",
        "operator": "事業者不明",
        "ref": "",
        "url": "",
        "url2": ""
      }
    },
    {
      "type": "Feature",
      "geometry": {
        "type": "Point",
        "coordinates": [
          130.5379224,
          33.7972642
        ]
      },
      "properties": {
        "内容": "バス停: 名称不明バス停",
        "name": "名称不明バス停",
        "operator": "事業者不明",
        "ref": "",
        "url": "",
        "url2": ""
      }
    },
    {
      "type": "Feature",
      "geometry": {
        "type": "Point",
        "coordinates": [
          130.5379357,
          33.7971841
        ]
      },
      "properties": {
        "内容": "バス停: 名称不明バス停",
        "name": "名称不明バス停",
        "operator": "事業者不明",
        "ref": "",
        "url": "",
        "url2": ""
      }
    },
    {
      "type": "Feature",
      "geometry": {
        "type": "Point",
        "coordinates": [
          130.5614305,
          33.7753626
        ]
      },
      "properties": {
        "内容": "バス停: 名称不明バス停",
        "name": "名称不明バス停",
        "operator": "事業者不明",
        "ref": "",
        "url": "",
        "url2": ""
      }
    },
    {
      "type": "Feature",
      "geometry": {
        "type": "Point",
        "coordinates": [
          130.971613,
          33.9399459
        ]
      },
      "properties": {
        "内容": "バス停: 長谷口",
        "name": "長谷口",
        "operator": "事業者不明",
        "ref": "",
        "url": "",
        "url2": ""
      }
    },
    {
      "type": "Feature",
      "geometry": {
        "type": "Point",
        "coordinates": [
          130.9712554,
          33.9396061
        ]
      },
      "properties": {
        "内容": "バス停: 長谷口",
        "name": "長谷口",
        "operator": "事業者不明",
        "ref": "",
        "url": "",
        "url2": ""
      }
    },
    {
      "type": "Feature",
      "geometry": {
        "type": "Point",
        "coordinates": [
          130.9710819,
          33.9404181
        ]
      },
      "properties": {
        "内容": "バス停: 長谷口",
        "name": "長谷口",
        "operator": "事業者不明",
        "ref": "",
        "url": "",
        "url2": ""
      }
    },
    {
      "type": "Feature",
      "geometry": {
        "type": "Point",
        "coordinates": [
          130.9710468,
          33.9370326
        ]
      },
      "properties": {
        "内容": "バス停: 桜トンネル口",
        "name": "桜トンネル口",
        "operator": "事業者不明",
        "ref": "",
        "url": "",
        "url2": ""
      }
    },
    {
      "type": "Feature",
      "geometry": {
        "type": "Point",
        "coordinates": [
          130.9713569,
          33.9372007
        ]
      },
      "properties": {
        "内容": "バス停: 桜トンネル口",
        "name": "桜トンネル口",
        "operator": "事業者不明",
        "ref": "",
        "url": "",
        "url2": ""
      }
    },
    {
      "type": "Feature",
      "geometry": {
        "type": "Point",
        "coordinates": [
          130.9818232,
          33.9483272
        ]
      },
      "properties": {
        "内容": "バス停: 清見4丁目",
        "name": "清見4丁目",
        "operator": "事業者不明",
        "ref": "",
        "url": "",
        "url2": ""
      }
    },
    {
      "type": "Feature",
      "geometry": {
        "type": "Point",
        "coordinates": [
          130.9739175,
          33.949333
        ]
      },
      "properties": {
        "内容": "バス停: 東門司2丁目",
        "name": "東門司2丁目",
        "operator": "事業者不明",
        "ref": "",
        "url": "",
        "url2": ""
      }
    },
    {
      "type": "Feature",
      "geometry": {
        "type": "Point",
        "coordinates": [
          130.9738901,
          33.9495383
        ]
      },
      "properties": {
        "内容": "バス停: 東門司2丁目",
        "name": "東門司2丁目",
        "operator": "事業者不明",
        "ref": "",
        "url": "",
        "url2": ""
      }
    },
    {
      "type": "Feature",
      "geometry": {
        "type": "Point",
        "coordinates": [
          130.9712264,
          33.9491349
        ]
      },
      "properties": {
        "内容": "バス停: 東門司1丁目",
        "name": "東門司1丁目",
        "operator": "事業者不明",
        "ref": "",
        "url": "",
        "url2": ""
      }
    },
    {
      "type": "Feature",
      "geometry": {
        "type": "Point",
        "coordinates": [
          130.9710742,
          33.9489547
        ]
      },
      "properties": {
        "内容": "バス停: 東門司1丁目",
        "name": "東門司1丁目",
        "operator": "事業者不明",
        "ref": "",
        "url": "",
        "url2": ""
      }
    },
    {
      "type": "Feature",
      "geometry": {
        "type": "Point",
        "coordinates": [
          130.969342,
          33.9490071
        ]
      },
      "properties": {
        "内容": "バス停: 関門トンネル車道口",
        "name": "関門トンネル車道口",
        "operator": "事業者不明",
        "ref": "",
        "url": "",
        "url2": ""
      }
    },
    {
      "type": "Feature",
      "geometry": {
        "type": "Point",
        "coordinates": [
          130.9692874,
          33.9491999
        ]
      },
      "properties": {
        "内容": "バス停: 関門トンネル車道口",
        "name": "関門トンネル車道口",
        "operator": "事業者不明",
        "ref": "",
        "url": "",
        "url2": ""
      }
    },
    {
      "type": "Feature",
      "geometry": {
        "type": "Point",
        "coordinates": [
          130.9520698,
          33.80549
        ]
      },
      "properties": {
        "内容": "バス停: 日豊ニュータウン (西鉄バス)",
        "name": "日豊ニュータウン",
        "operator": "西鉄バス",
        "ref": "",
        "url": "",
        "url2": ""
      }
    },
    {
      "type": "Feature",
      "geometry": {
        "type": "Point",
        "coordinates": [
          130.9525754,
          33.8051913
        ]
      },
      "properties": {
        "内容": "バス停: 日豊ニュータウン (西鉄バス)",
        "name": "日豊ニュータウン",
        "operator": "西鉄バス",
        "ref": "",
        "url": "",
        "url2": ""
      }
    },
    {
      "type": "Feature",
      "geometry": {
        "type": "Point",
        "coordinates": [
          130.9450066,
          33.8113834
        ]
      },
      "properties": {
        "内容": "バス停: 日豊ニュータウン入口 (西鉄バス)",
        "name": "日豊ニュータウン入口",
        "operator": "西鉄バス",
        "ref": "",
        "url": "",
        "url2": ""
      }
    },
    {
      "type": "Feature",
      "geometry": {
        "type": "Point",
        "coordinates": [
          130.944676,
          33.8111867
        ]
      },
      "properties": {
        "内容": "バス停: 日豊ニュータウン入口 (西鉄バス)",
        "name": "日豊ニュータウン入口",
        "operator": "西鉄バス",
        "ref": "",
        "url": "",
        "url2": ""
      }
    },
    {
      "type": "Feature",
      "geometry": {
        "type": "Point",
        "coordinates": [
          130.9464975,
          33.812172
        ]
      },
      "properties": {
        "内容": "バス停: 日豊ニュータウン入口",
        "name": "日豊ニュータウン入口",
        "operator": "事業者不明",
        "ref": "",
        "url": "",
        "url2": ""
      }
    },
    {
      "type": "Feature",
      "geometry": {
        "type": "Point",
        "coordinates": [
          130.946517,
          33.8120104
        ]
      },
      "properties": {
        "内容": "バス停: 日豊ニュータウン入口",
        "name": "日豊ニュータウン入口",
        "operator": "事業者不明",
        "ref": "",
        "url": "",
        "url2": ""
      }
    },
    {
      "type": "Feature",
      "geometry": {
        "type": "Point",
        "coordinates": [
          130.9468771,
          33.8095384
        ]
      },
      "properties": {
        "内容": "バス停: 朽網市民センター (西鉄バス)",
        "name": "朽網市民センター",
        "operator": "西鉄バス",
        "ref": "",
        "url": "",
        "url2": ""
      }
    },
    {
      "type": "Feature",
      "geometry": {
        "type": "Point",
        "coordinates": [
          130.9468234,
          33.8094208
        ]
      },
      "properties": {
        "内容": "バス停: 朽網市民センター (西鉄バス)",
        "name": "朽網市民センター",
        "operator": "西鉄バス",
        "ref": "",
        "url": "",
        "url2": ""
      }
    },
    {
      "type": "Feature",
      "geometry": {
        "type": "Point",
        "coordinates": [
          130.9477508,
          33.8073459
        ]
      },
      "properties": {
        "内容": "バス停: 公園前 (西鉄バス)",
        "name": "公園前",
        "operator": "西鉄バス",
        "ref": "",
        "url": "",
        "url2": ""
      }
    },
    {
      "type": "Feature",
      "geometry": {
        "type": "Point",
        "coordinates": [
          130.9484328,
          33.807074
        ]
      },
      "properties": {
        "内容": "バス停: 公園前 (西鉄バス)",
        "name": "公園前",
        "operator": "西鉄バス",
        "ref": "",
        "url": "",
        "url2": ""
      }
    },
    {
      "type": "Feature",
      "geometry": {
        "type": "Point",
        "coordinates": [
          130.9506107,
          33.8061302
        ]
      },
      "properties": {
        "内容": "バス停: 朽網小学校 (西鉄バス)",
        "name": "朽網小学校",
        "operator": "西鉄バス",
        "ref": "",
        "url": "",
        "url2": ""
      }
    },
    {
      "type": "Feature",
      "geometry": {
        "type": "Point",
        "coordinates": [
          130.9505142,
          33.8060856
        ]
      },
      "properties": {
        "内容": "バス停: 朽網小学校 (西鉄バス)",
        "name": "朽網小学校",
        "operator": "西鉄バス",
        "ref": "",
        "url": "",
        "url2": ""
      }
    },
    {
      "type": "Feature",
      "geometry": {
        "type": "Point",
        "coordinates": [
          130.6859008,
          33.641228
        ]
      },
      "properties": {
        "内容": "バス停: 飯塚バスターミナル",
        "name": "飯塚バスターミナル",
        "operator": "事業者不明",
        "ref": "",
        "url": "",
        "url2": ""
      }
    },
    {
      "type": "Feature",
      "geometry": {
        "type": "Point",
        "coordinates": [
          130.4165192,
          33.6092259
        ]
      },
      "properties": {
        "内容": "バス停: 九大病院 (西日本鉄道株式会社)",
        "name": "九大病院",
        "operator": "西日本鉄道株式会社",
        "ref": "",
        "url": "",
        "url2": ""
      }
    },
    {
      "type": "Feature",
      "geometry": {
        "type": "Point",
        "coordinates": [
          130.515872,
          33.1759302
        ]
      },
      "properties": {
        "内容": "バス停: 瀬高",
        "name": "瀬高",
        "operator": "事業者不明",
        "ref": "",
        "url": "",
        "url2": ""
      }
    },
    {
      "type": "Feature",
      "geometry": {
        "type": "Point",
        "coordinates": [
          130.5162278,
          33.1755605
        ]
      },
      "properties": {
        "内容": "バス停: 瀬高",
        "name": "瀬高",
        "operator": "事業者不明",
        "ref": "",
        "url": "",
        "url2": ""
      }
    },
    {
      "type": "Feature",
      "geometry": {
        "type": "Point",
        "coordinates": [
          130.3877336,
          33.5693969
        ]
      },
      "properties": {
        "内容": "バス停: 小笹団地東門",
        "name": "小笹団地東門",
        "operator": "事業者不明",
        "ref": "",
        "url": "",
        "url2": ""
      }
    },
    {
      "type": "Feature",
      "geometry": {
        "type": "Point",
        "coordinates": [
          130.4383552,
          33.5711007
        ]
      },
      "properties": {
        "内容": "バス停: 那珂小学校",
        "name": "那珂小学校",
        "operator": "事業者不明",
        "ref": "",
        "url": "",
        "url2": ""
      }
    },
    {
      "type": "Feature",
      "geometry": {
        "type": "Point",
        "coordinates": [
          130.9846875,
          33.9130538
        ]
      },
      "properties": {
        "内容": "バス停: 名称不明バス停",
        "name": "名称不明バス停",
        "operator": "事業者不明",
        "ref": "",
        "url": "",
        "url2": ""
      }
    },
    {
      "type": "Feature",
      "geometry": {
        "type": "Point",
        "coordinates": [
          130.9848364,
          33.9128217
        ]
      },
      "properties": {
        "内容": "バス停: 名称不明バス停",
        "name": "名称不明バス停",
        "operator": "事業者不明",
        "ref": "",
        "url": "",
        "url2": ""
      }
    },
    {
      "type": "Feature",
      "geometry": {
        "type": "Point",
        "coordinates": [
          130.9546377,
          33.8043146
        ]
      },
      "properties": {
        "内容": "バス停: 昭和池入口 (西鉄バス)",
        "name": "昭和池入口",
        "operator": "西鉄バス",
        "ref": "",
        "url": "",
        "url2": ""
      }
    },
    {
      "type": "Feature",
      "geometry": {
        "type": "Point",
        "coordinates": [
          130.9542411,
          33.8044572
        ]
      },
      "properties": {
        "内容": "バス停: 昭和池入口",
        "name": "昭和池入口",
        "operator": "事業者不明",
        "ref": "",
        "url": "",
        "url2": ""
      }
    },
    {
      "type": "Feature",
      "geometry": {
        "type": "Point",
        "coordinates": [
          130.2591437,
          33.5835299
        ]
      },
      "properties": {
        "内容": "バス停: 舞鶴高校入口 (昭和自動車)",
        "name": "舞鶴高校入口",
        "operator": "昭和自動車",
        "ref": "",
        "url": "",
        "url2": ""
      }
    },
    {
      "type": "Feature",
      "geometry": {
        "type": "Point",
        "coordinates": [
          130.259353,
          33.5833098
        ]
      },
      "properties": {
        "内容": "バス停: 舞鶴高校入口 (昭和自動車)",
        "name": "舞鶴高校入口",
        "operator": "昭和自動車",
        "ref": "",
        "url": "",
        "url2": ""
      }
    },
    {
      "type": "Feature",
      "geometry": {
        "type": "Point",
        "coordinates": [
          130.258382,
          33.5856923
        ]
      },
      "properties": {
        "内容": "バス停: 横浜西 (昭和自動車)",
        "name": "横浜西",
        "operator": "昭和自動車",
        "ref": "",
        "url": "",
        "url2": ""
      }
    },
    {
      "type": "Feature",
      "geometry": {
        "type": "Point",
        "coordinates": [
          130.2567209,
          33.5868306
        ]
      },
      "properties": {
        "内容": "バス停: 工芸会ワークセンター (昭和自動車)",
        "name": "工芸会ワークセンター",
        "operator": "昭和自動車",
        "ref": "",
        "url": "",
        "url2": ""
      }
    },
    {
      "type": "Feature",
      "geometry": {
        "type": "Point",
        "coordinates": [
          130.2528352,
          33.5872777
        ]
      },
      "properties": {
        "内容": "バス停: 玄洋高校 (昭和自動車)",
        "name": "玄洋高校",
        "operator": "昭和自動車",
        "ref": "",
        "url": "",
        "url2": ""
      }
    },
    {
      "type": "Feature",
      "geometry": {
        "type": "Point",
        "coordinates": [
          130.2473614,
          33.5879189
        ]
      },
      "properties": {
        "内容": "バス停: 今出 (昭和自動車)",
        "name": "今出",
        "operator": "昭和自動車",
        "ref": "",
        "url": "",
        "url2": ""
      }
    },
    {
      "type": "Feature",
      "geometry": {
        "type": "Point",
        "coordinates": [
          130.2234864,
          33.591075
        ]
      },
      "properties": {
        "内容": "バス停: 元岡",
        "name": "元岡",
        "operator": "事業者不明",
        "ref": "",
        "url": "",
        "url2": ""
      }
    },
    {
      "type": "Feature",
      "geometry": {
        "type": "Point",
        "coordinates": [
          130.2059266,
          33.6039489
        ]
      },
      "properties": {
        "内容": "バス停: アーチェリー場 (aimo)",
        "name": "アーチェリー場",
        "operator": "aimo",
        "ref": "01",
        "url": "",
        "url2": ""
      }
    },
    {
      "type": "Feature",
      "geometry": {
        "type": "Point",
        "coordinates": [
          130.2089874,
          33.599516
        ]
      },
      "properties": {
        "内容": "バス停: 課外活動施設Ⅱ (aimo)",
        "name": "課外活動施設Ⅱ",
        "operator": "aimo",
        "ref": "03",
        "url": "",
        "url2": ""
      }
    },
    {
      "type": "Feature",
      "geometry": {
        "type": "Point",
        "coordinates": [
          130.2105268,
          33.5988518
        ]
      },
      "properties": {
        "内容": "バス停: ウエストゾーン駐車場 (aimo)",
        "name": "ウエストゾーン駐車場",
        "operator": "aimo",
        "ref": "04",
        "url": "",
        "url2": ""
      }
    },
    {
      "type": "Feature",
      "geometry": {
        "type": "Point",
        "coordinates": [
          130.2124277,
          33.5988472
        ]
      },
      "properties": {
        "内容": "バス停: アグリ・バイオ研究施設(AG40) (aimo)",
        "name": "アグリ・バイオ研究施設(AG40)",
        "operator": "aimo",
        "ref": "05",
        "url": "",
        "url2": ""
      }
    },
    {
      "type": "Feature",
      "geometry": {
        "type": "Point",
        "coordinates": [
          130.2118289,
          33.5973449
        ]
      },
      "properties": {
        "内容": "バス停: ウエストゾーン西A（イースト方面行き） (aimo)",
        "name": "ウエストゾーン西A（イースト方面行き）",
        "operator": "aimo",
        "ref": "06",
        "url": "",
        "url2": ""
      }
    },
    {
      "type": "Feature",
      "geometry": {
        "type": "Point",
        "coordinates": [
          130.2115895,
          33.5940907
        ]
      },
      "properties": {
        "内容": "バス停: ウエストゾーン テニスコート (aimo)",
        "name": "ウエストゾーン テニスコート",
        "operator": "aimo",
        "ref": "08",
        "url": "",
        "url2": ""
      }
    },
    {
      "type": "Feature",
      "geometry": {
        "type": "Point",
        "coordinates": [
          130.2138014,
          33.594396
        ]
      },
      "properties": {
        "内容": "バス停: ウエスト5号館B（ウエスト方面行き） (aimo)",
        "name": "ウエスト5号館B（ウエスト方面行き）",
        "operator": "aimo",
        "ref": "10",
        "url": "",
        "url2": ""
      }
    },
    {
      "type": "Feature",
      "geometry": {
        "type": "Point",
        "coordinates": [
          130.2129062,
          33.5946489
        ]
      },
      "properties": {
        "内容": "バス停: ウエスト5号館A（イースト方面行き） (aimo)",
        "name": "ウエスト5号館A（イースト方面行き）",
        "operator": "aimo",
        "ref": "09",
        "url": "",
        "url2": ""
      }
    },
    {
      "type": "Feature",
      "geometry": {
        "type": "Point",
        "coordinates": [
          130.2141025,
          33.5918949
        ]
      },
      "properties": {
        "内容": "バス停: ウエストゾーン 植物圃場施設(AG21) (aimo)",
        "name": "ウエストゾーン 植物圃場施設(AG21)",
        "operator": "aimo",
        "ref": "12",
        "url": "",
        "url2": ""
      }
    },
    {
      "type": "Feature",
      "geometry": {
        "type": "Point",
        "coordinates": [
          130.2137674,
          33.5923768
        ]
      },
      "properties": {
        "内容": "バス停: カイコバイオリソース研究施設(AG22) (aimo)",
        "name": "カイコバイオリソース研究施設(AG22)",
        "operator": "aimo",
        "ref": "13",
        "url": "",
        "url2": ""
      }
    },
    {
      "type": "Feature",
      "geometry": {
        "type": "Point",
        "coordinates": [
          130.217461,
          33.5980308
        ]
      },
      "properties": {
        "内容": "バス停: 先導物質科学研究所(CE41) (aimo)",
        "name": "先導物質科学研究所(CE41)",
        "operator": "aimo",
        "ref": "14",
        "url": "",
        "url2": ""
      }
    },
    {
      "type": "Feature",
      "geometry": {
        "type": "Point",
        "coordinates": [
          130.2176861,
          33.5969406
        ]
      },
      "properties": {
        "内容": "バス停: 水素ステーション(HY40) (aimo)",
        "name": "水素ステーション(HY40)",
        "operator": "aimo",
        "ref": "15",
        "url": "",
        "url2": ""
      }
    },
    {
      "type": "Feature",
      "geometry": {
        "type": "Point",
        "coordinates": [
          130.2194374,
          33.596607
        ]
      },
      "properties": {
        "内容": "バス停: 理学部ロータリー (aimo)",
        "name": "理学部ロータリー",
        "operator": "aimo",
        "ref": "17",
        "url": "",
        "url2": ""
      }
    },
    {
      "type": "Feature",
      "geometry": {
        "type": "Point",
        "coordinates": [
          130.2222776,
          33.5978825
        ]
      },
      "properties": {
        "内容": "バス停: ビッグオレンジA（イースト方面行き） (aimo)",
        "name": "ビッグオレンジA（イースト方面行き）",
        "operator": "aimo",
        "ref": "19",
        "url": "",
        "url2": ""
      }
    },
    {
      "type": "Feature",
      "geometry": {
        "type": "Point",
        "coordinates": [
          130.2235372,
          33.5981595
        ]
      },
      "properties": {
        "内容": "バス停: ビッグオレンジB（ウエスト方面行き） (aimo)",
        "name": "ビッグオレンジB（ウエスト方面行き）",
        "operator": "aimo",
        "ref": "20",
        "url": "",
        "url2": ""
      }
    },
    {
      "type": "Feature",
      "geometry": {
        "type": "Point",
        "coordinates": [
          130.2233854,
          33.5989227
        ]
      },
      "properties": {
        "内容": "バス停: 伊都ゲストハウス (aimo)",
        "name": "伊都ゲストハウス",
        "operator": "aimo",
        "ref": "25",
        "url": "",
        "url2": ""
      }
    },
    {
      "type": "Feature",
      "geometry": {
        "type": "Point",
        "coordinates": [
          130.2247188,
          33.5992418
        ]
      },
      "properties": {
        "内容": "バス停: 椎木講堂 (aimo)",
        "name": "椎木講堂",
        "operator": "aimo",
        "ref": "26",
        "url": "",
        "url2": ""
      }
    },
    {
      "type": "Feature",
      "geometry": {
        "type": "Point",
        "coordinates": [
          130.2242718,
          33.6002482
        ]
      },
      "properties": {
        "内容": "バス停: ドミトリー前 (aimo)",
        "name": "ドミトリー前",
        "operator": "aimo",
        "ref": "27",
        "url": "",
        "url2": ""
      }
    },
    {
      "type": "Feature",
      "geometry": {
        "type": "Point",
        "coordinates": [
          130.2254059,
          33.5983312
        ]
      },
      "properties": {
        "内容": "バス停: センター4号館 (aimo)",
        "name": "センター4号館",
        "operator": "aimo",
        "ref": "28",
        "url": "",
        "url2": ""
      }
    },
    {
      "type": "Feature",
      "geometry": {
        "type": "Point",
        "coordinates": [
          130.2258453,
          33.5983014
        ]
      },
      "properties": {
        "内容": "バス停: 中央図書館前B（イースト方面行き） (aimo)",
        "name": "中央図書館前B（イースト方面行き）",
        "operator": "aimo",
        "ref": "29",
        "url": "",
        "url2": ""
      }
    },
    {
      "type": "Feature",
      "geometry": {
        "type": "Point",
        "coordinates": [
          130.2266014,
          33.5974163
        ]
      },
      "properties": {
        "内容": "バス停: 中央図書館前A（ウエスト方面行き） (aimo)",
        "name": "中央図書館前A（ウエスト方面行き）",
        "operator": "aimo",
        "ref": "30",
        "url": "",
        "url2": ""
      }
    },
    {
      "type": "Feature",
      "geometry": {
        "type": "Point",
        "coordinates": [
          130.2261365,
          33.5968397
        ]
      },
      "properties": {
        "内容": "バス停: カーボンニュートラル・エネルギー国際研究所 (aimo)",
        "name": "カーボンニュートラル・エネルギー国際研究所",
        "operator": "aimo",
        "ref": "31",
        "url": "",
        "url2": ""
      }
    },
    {
      "type": "Feature",
      "geometry": {
        "type": "Point",
        "coordinates": [
          130.2278121,
          33.5972333
        ]
      },
      "properties": {
        "内容": "バス停: 共進化社会システムイノベーション施設 (aimo)",
        "name": "共進化社会システムイノベーション施設",
        "operator": "aimo",
        "ref": "32",
        "url": "",
        "url2": ""
      }
    },
    {
      "type": "Feature",
      "geometry": {
        "type": "Point",
        "coordinates": [
          130.2309157,
          33.5989291
        ]
      },
      "properties": {
        "内容": "バス停: イーストゾーン駐車場 (aimo)",
        "name": "イーストゾーン駐車場",
        "operator": "aimo",
        "ref": "33",
        "url": "",
        "url2": ""
      }
    },
    {
      "type": "Feature",
      "geometry": {
        "type": "Point",
        "coordinates": [
          130.2280523,
          33.5990567
        ]
      },
      "properties": {
        "内容": "バス停: イーストゾーンロータリー (aimo)",
        "name": "イーストゾーンロータリー",
        "operator": "aimo",
        "ref": "34",
        "url": "",
        "url2": ""
      }
    },
    {
      "type": "Feature",
      "geometry": {
        "type": "Point",
        "coordinates": [
          130.2287905,
          33.6013843
        ]
      },
      "properties": {
        "内容": "バス停: イーストゾーン 多目的グラウンド (aimo)",
        "name": "イーストゾーン 多目的グラウンド",
        "operator": "aimo",
        "ref": "35",
        "url": "",
        "url2": ""
      }
    },
    {
      "type": "Feature",
      "geometry": {
        "type": "Point",
        "coordinates": [
          130.2285376,
          33.6033161
        ]
      },
      "properties": {
        "内容": "バス停: 伊都協奏館 (aimo)",
        "name": "伊都協奏館",
        "operator": "aimo",
        "ref": "36",
        "url": "",
        "url2": ""
      }
    },
    {
      "type": "Feature",
      "geometry": {
        "type": "Point",
        "coordinates": [
          130.2289291,
          33.5944198
        ]
      },
      "properties": {
        "内容": "バス停: 福岡市産学連携交流センター (aimo)",
        "name": "福岡市産学連携交流センター",
        "operator": "aimo",
        "ref": "37",
        "url": "",
        "url2": ""
      }
    },
    {
      "type": "Feature",
      "geometry": {
        "type": "Point",
        "coordinates": [
          130.4921079,
          33.5811834
        ]
      },
      "properties": {
        "内容": "バス停: 名称不明バス停",
        "name": "名称不明バス停",
        "operator": "事業者不明",
        "ref": "",
        "url": "",
        "url2": ""
      }
    },
    {
      "type": "Feature",
      "geometry": {
        "type": "Point",
        "coordinates": [
          130.4690378,
          33.5327932
        ]
      },
      "properties": {
        "内容": "バス停: 春日警察署前",
        "name": "春日警察署前",
        "operator": "事業者不明",
        "ref": "",
        "url": "",
        "url2": ""
      }
    },
    {
      "type": "Feature",
      "geometry": {
        "type": "Point",
        "coordinates": [
          130.4729938,
          33.527976
        ]
      },
      "properties": {
        "内容": "バス停: ハローワーク前",
        "name": "ハローワーク前",
        "operator": "事業者不明",
        "ref": "",
        "url": "",
        "url2": ""
      }
    },
    {
      "type": "Feature",
      "geometry": {
        "type": "Point",
        "coordinates": [
          130.470754,
          33.5327057
        ]
      },
      "properties": {
        "内容": "バス停: 市役所前",
        "name": "市役所前",
        "operator": "事業者不明",
        "ref": "",
        "url": "",
        "url2": ""
      }
    },
    {
      "type": "Feature",
      "geometry": {
        "type": "Point",
        "coordinates": [
          130.4699324,
          33.5319138
        ]
      },
      "properties": {
        "内容": "バス停: 春日",
        "name": "春日",
        "operator": "事業者不明",
        "ref": "",
        "url": "",
        "url2": ""
      }
    },
    {
      "type": "Feature",
      "geometry": {
        "type": "Point",
        "coordinates": [
          130.4723919,
          33.5274396
        ]
      },
      "properties": {
        "内容": "バス停: ハローワーク前",
        "name": "ハローワーク前",
        "operator": "事業者不明",
        "ref": "",
        "url": "",
        "url2": ""
      }
    },
    {
      "type": "Feature",
      "geometry": {
        "type": "Point",
        "coordinates": [
          130.9620497,
          33.9145663
        ]
      },
      "properties": {
        "内容": "バス停: 淡島神社前",
        "name": "淡島神社前",
        "operator": "事業者不明",
        "ref": "",
        "url": "",
        "url2": ""
      }
    },
    {
      "type": "Feature",
      "geometry": {
        "type": "Point",
        "coordinates": [
          130.9625486,
          33.9145563
        ]
      },
      "properties": {
        "内容": "バス停: 淡島神社前",
        "name": "淡島神社前",
        "operator": "事業者不明",
        "ref": "",
        "url": "",
        "url2": ""
      }
    },
    {
      "type": "Feature",
      "geometry": {
        "type": "Point",
        "coordinates": [
          130.9774583,
          33.9537401
        ]
      },
      "properties": {
        "内容": "バス停: 名称不明バス停",
        "name": "名称不明バス停",
        "operator": "事業者不明",
        "ref": "",
        "url": "",
        "url2": ""
      }
    },
    {
      "type": "Feature",
      "geometry": {
        "type": "Point",
        "coordinates": [
          130.9776943,
          33.9537165
        ]
      },
      "properties": {
        "内容": "バス停: 名称不明バス停",
        "name": "名称不明バス停",
        "operator": "事業者不明",
        "ref": "",
        "url": "",
        "url2": ""
      }
    },
    {
      "type": "Feature",
      "geometry": {
        "type": "Point",
        "coordinates": [
          130.9790998,
          33.9566213
        ]
      },
      "properties": {
        "内容": "バス停: 名称不明バス停",
        "name": "名称不明バス停",
        "operator": "事業者不明",
        "ref": "",
        "url": "",
        "url2": ""
      }
    },
    {
      "type": "Feature",
      "geometry": {
        "type": "Point",
        "coordinates": [
          130.9806756,
          33.9570123
        ]
      },
      "properties": {
        "内容": "バス停: 名称不明バス停",
        "name": "名称不明バス停",
        "operator": "事業者不明",
        "ref": "",
        "url": "",
        "url2": ""
      }
    },
    {
      "type": "Feature",
      "geometry": {
        "type": "Point",
        "coordinates": [
          130.4000406,
          33.5897654
        ]
      },
      "properties": {
        "内容": "バス停: Tenjin",
        "name": "Tenjin",
        "operator": "事業者不明",
        "ref": "",
        "url": "",
        "url2": ""
      }
    },
    {
      "type": "Feature",
      "geometry": {
        "type": "Point",
        "coordinates": [
          130.3074861,
          33.5687897
        ]
      },
      "properties": {
        "内容": "バス停: つつじヶ丘団地",
        "name": "つつじヶ丘団地",
        "operator": "事業者不明",
        "ref": "",
        "url": "",
        "url2": ""
      }
    },
    {
      "type": "Feature",
      "geometry": {
        "type": "Point",
        "coordinates": [
          130.3179158,
          33.5684606
        ]
      },
      "properties": {
        "内容": "バス停: 福重",
        "name": "福重",
        "operator": "事業者不明",
        "ref": "",
        "url": "",
        "url2": ""
      }
    },
    {
      "type": "Feature",
      "geometry": {
        "type": "Point",
        "coordinates": [
          130.3221095,
          33.5681935
        ]
      },
      "properties": {
        "内容": "バス停: 壱岐農協前",
        "name": "壱岐農協前",
        "operator": "事業者不明",
        "ref": "",
        "url": "",
        "url2": ""
      }
    },
    {
      "type": "Feature",
      "geometry": {
        "type": "Point",
        "coordinates": [
          130.3252134,
          33.5681795
        ]
      },
      "properties": {
        "内容": "バス停: 小田部大橋西",
        "name": "小田部大橋西",
        "operator": "事業者不明",
        "ref": "",
        "url": "",
        "url2": ""
      }
    },
    {
      "type": "Feature",
      "geometry": {
        "type": "Point",
        "coordinates": [
          130.3170232,
          33.5712036
        ]
      },
      "properties": {
        "内容": "バス停: 石丸二丁目",
        "name": "石丸二丁目",
        "operator": "事業者不明",
        "ref": "",
        "url": "",
        "url2": ""
      }
    },
    {
      "type": "Feature",
      "geometry": {
        "type": "Point",
        "coordinates": [
          130.7317849,
          33.8435722
        ]
      },
      "properties": {
        "内容": "バス停: 永犬丸四丁目 (西鉄バス北九州)",
        "name": "永犬丸四丁目",
        "operator": "西鉄バス北九州",
        "ref": "",
        "url": "",
        "url2": ""
      }
    },
    {
      "type": "Feature",
      "geometry": {
        "type": "Point",
        "coordinates": [
          130.7317722,
          33.8437688
        ]
      },
      "properties": {
        "内容": "バス停: 永犬丸四丁目 (西鉄バス北九州)",
        "name": "永犬丸四丁目",
        "operator": "西鉄バス北九州",
        "ref": "",
        "url": "",
        "url2": ""
      }
    },
    {
      "type": "Feature",
      "geometry": {
        "type": "Point",
        "coordinates": [
          130.3801409,
          33.5480517
        ]
      },
      "properties": {
        "内容": "バス停: 下堤 (西日本鉄道)",
        "name": "下堤",
        "operator": "西日本鉄道",
        "ref": "",
        "url": "",
        "url2": ""
      }
    },
    {
      "type": "Feature",
      "geometry": {
        "type": "Point",
        "coordinates": [
          130.3803276,
          33.5478006
        ]
      },
      "properties": {
        "内容": "バス停: 下堤",
        "name": "下堤",
        "operator": "事業者不明",
        "ref": "",
        "url": "",
        "url2": ""
      }
    },
    {
      "type": "Feature",
      "geometry": {
        "type": "Point",
        "coordinates": [
          130.380817,
          33.5442244
        ]
      },
      "properties": {
        "内容": "バス停: 堤",
        "name": "堤",
        "operator": "事業者不明",
        "ref": "",
        "url": "",
        "url2": ""
      }
    },
    {
      "type": "Feature",
      "geometry": {
        "type": "Point",
        "coordinates": [
          130.3806841,
          33.5440921
        ]
      },
      "properties": {
        "内容": "バス停: 堤 (西日本鉄道)",
        "name": "堤",
        "operator": "西日本鉄道",
        "ref": "",
        "url": "",
        "url2": ""
      }
    },
    {
      "type": "Feature",
      "geometry": {
        "type": "Point",
        "coordinates": [
          130.3751203,
          33.5167326
        ]
      },
      "properties": {
        "内容": "バス停: 油山市民の森",
        "name": "油山市民の森",
        "operator": "事業者不明",
        "ref": "",
        "url": "",
        "url2": ""
      }
    },
    {
      "type": "Feature",
      "geometry": {
        "type": "Point",
        "coordinates": [
          130.3297023,
          33.5620572
        ]
      },
      "properties": {
        "内容": "バス停: 室住団地",
        "name": "室住団地",
        "operator": "事業者不明",
        "ref": "",
        "url": "",
        "url2": ""
      }
    },
    {
      "type": "Feature",
      "geometry": {
        "type": "Point",
        "coordinates": [
          130.2736417,
          33.5795376
        ]
      },
      "properties": {
        "内容": "バス停: 今宿駅前",
        "name": "今宿駅前",
        "operator": "事業者不明",
        "ref": "",
        "url": "",
        "url2": ""
      }
    },
    {
      "type": "Feature",
      "geometry": {
        "type": "Point",
        "coordinates": [
          130.4844287,
          33.7703641
        ]
      },
      "properties": {
        "内容": "バス停: 戸井手",
        "name": "戸井手",
        "operator": "事業者不明",
        "ref": "",
        "url": "",
        "url2": ""
      }
    },
    {
      "type": "Feature",
      "geometry": {
        "type": "Point",
        "coordinates": [
          130.4842852,
          33.7705068
        ]
      },
      "properties": {
        "内容": "バス停: 戸井手",
        "name": "戸井手",
        "operator": "事業者不明",
        "ref": "",
        "url": "",
        "url2": ""
      }
    },
    {
      "type": "Feature",
      "geometry": {
        "type": "Point",
        "coordinates": [
          130.4844924,
          33.7692264
        ]
      },
      "properties": {
        "内容": "バス停: 太郎丸",
        "name": "太郎丸",
        "operator": "事業者不明",
        "ref": "",
        "url": "",
        "url2": ""
      }
    },
    {
      "type": "Feature",
      "geometry": {
        "type": "Point",
        "coordinates": [
          130.4843912,
          33.769014
        ]
      },
      "properties": {
        "内容": "バス停: 太郎丸",
        "name": "太郎丸",
        "operator": "事業者不明",
        "ref": "",
        "url": "",
        "url2": ""
      }
    },
    {
      "type": "Feature",
      "geometry": {
        "type": "Point",
        "coordinates": [
          130.4843965,
          33.7664755
        ]
      },
      "properties": {
        "内容": "バス停: 大和町",
        "name": "大和町",
        "operator": "事業者不明",
        "ref": "",
        "url": "",
        "url2": ""
      }
    },
    {
      "type": "Feature",
      "geometry": {
        "type": "Point",
        "coordinates": [
          130.4842503,
          33.7653584
        ]
      },
      "properties": {
        "内容": "バス停: 大和町",
        "name": "大和町",
        "operator": "事業者不明",
        "ref": "",
        "url": "",
        "url2": ""
      }
    },
    {
      "type": "Feature",
      "geometry": {
        "type": "Point",
        "coordinates": [
          130.9669112,
          33.9489604
        ]
      },
      "properties": {
        "内容": "バス停: レトロ東本町一丁目",
        "name": "レトロ東本町一丁目",
        "operator": "事業者不明",
        "ref": "",
        "url": "",
        "url2": ""
      }
    },
    {
      "type": "Feature",
      "geometry": {
        "type": "Point",
        "coordinates": [
          130.967119,
          33.9488225
        ]
      },
      "properties": {
        "内容": "バス停: レトロ東本町一丁目",
        "name": "レトロ東本町一丁目",
        "operator": "事業者不明",
        "ref": "",
        "url": "",
        "url2": ""
      }
    },
    {
      "type": "Feature",
      "geometry": {
        "type": "Point",
        "coordinates": [
          130.9659576,
          33.9469791
        ]
      },
      "properties": {
        "内容": "バス停: レトロ鎮西橋",
        "name": "レトロ鎮西橋",
        "operator": "事業者不明",
        "ref": "",
        "url": "",
        "url2": ""
      }
    },
    {
      "type": "Feature",
      "geometry": {
        "type": "Point",
        "coordinates": [
          130.9657417,
          33.9462737
        ]
      },
      "properties": {
        "内容": "バス停: レトロ鎮西橋",
        "name": "レトロ鎮西橋",
        "operator": "事業者不明",
        "ref": "",
        "url": "",
        "url2": ""
      }
    },
    {
      "type": "Feature",
      "geometry": {
        "type": "Point",
        "coordinates": [
          130.9648787,
          33.9439274
        ]
      },
      "properties": {
        "内容": "バス停: 門司港レトロ",
        "name": "門司港レトロ",
        "operator": "事業者不明",
        "ref": "",
        "url": "",
        "url2": ""
      }
    },
    {
      "type": "Feature",
      "geometry": {
        "type": "Point",
        "coordinates": [
          130.9635074,
          33.9437404
        ]
      },
      "properties": {
        "内容": "バス停: 門司港レトロ",
        "name": "門司港レトロ",
        "operator": "事業者不明",
        "ref": "",
        "url": "",
        "url2": ""
      }
    },
    {
      "type": "Feature",
      "geometry": {
        "type": "Point",
        "coordinates": [
          130.9647245,
          33.945036
        ]
      },
      "properties": {
        "内容": "バス停: 門司港レトロ",
        "name": "門司港レトロ",
        "operator": "事業者不明",
        "ref": "",
        "url": "",
        "url2": ""
      }
    },
    {
      "type": "Feature",
      "geometry": {
        "type": "Point",
        "coordinates": [
          130.9645495,
          33.945187
        ]
      },
      "properties": {
        "内容": "バス停: 門司港レトロ",
        "name": "門司港レトロ",
        "operator": "事業者不明",
        "ref": "",
        "url": "",
        "url2": ""
      }
    },
    {
      "type": "Feature",
      "geometry": {
        "type": "Point",
        "coordinates": [
          130.4003861,
          33.5916264
        ]
      },
      "properties": {
        "内容": "バス停: 天神大和証券前 (西日本鉄道)",
        "name": "天神大和証券前",
        "operator": "西日本鉄道",
        "ref": "12",
        "url": "",
        "url2": ""
      }
    },
    {
      "type": "Feature",
      "geometry": {
        "type": "Point",
        "coordinates": [
          130.3952466,
          33.5902424
        ]
      },
      "properties": {
        "内容": "バス停: 西鉄グランドホテル前 (西日本鉄道)",
        "name": "西鉄グランドホテル前",
        "operator": "西日本鉄道",
        "ref": "",
        "url": "",
        "url2": ""
      }
    },
    {
      "type": "Feature",
      "geometry": {
        "type": "Point",
        "coordinates": [
          130.3901639,
          33.5890526
        ]
      },
      "properties": {
        "内容": "バス停: 赤坂門 (明治通り) (西日本鉄道)",
        "name": "赤坂門 (明治通り)",
        "operator": "西日本鉄道",
        "ref": "",
        "url": "",
        "url2": ""
      }
    },
    {
      "type": "Feature",
      "geometry": {
        "type": "Point",
        "coordinates": [
          130.3822403,
          33.5891698
        ]
      },
      "properties": {
        "内容": "バス停: 大手門・平和台陸上競技場 (西日本鉄道)",
        "name": "大手門・平和台陸上競技場",
        "operator": "西日本鉄道",
        "ref": "",
        "url": "",
        "url2": ""
      }
    },
    {
      "type": "Feature",
      "geometry": {
        "type": "Point",
        "coordinates": [
          130.3795252,
          33.5788104
        ]
      },
      "properties": {
        "内容": "バス停: 六本松大通り (西日本鉄道)",
        "name": "六本松大通り",
        "operator": "西日本鉄道",
        "ref": "",
        "url": "",
        "url2": ""
      }
    },
    {
      "type": "Feature",
      "geometry": {
        "type": "Point",
        "coordinates": [
          130.3768367,
          33.5772697
        ]
      },
      "properties": {
        "内容": "バス停: 六本松 (西日本鉄道)",
        "name": "六本松",
        "operator": "西日本鉄道",
        "ref": "",
        "url": "",
        "url2": ""
      }
    },
    {
      "type": "Feature",
      "geometry": {
        "type": "Point",
        "coordinates": [
          130.3805204,
          33.5418532
        ]
      },
      "properties": {
        "内容": "バス停: 堤二丁目 (西日本鉄道)",
        "name": "堤二丁目",
        "operator": "西日本鉄道",
        "ref": "",
        "url": "",
        "url2": ""
      }
    },
    {
      "type": "Feature",
      "geometry": {
        "type": "Point",
        "coordinates": [
          130.379763,
          33.5505178
        ]
      },
      "properties": {
        "内容": "バス停: 城南市民プール前 (西日本鉄道)",
        "name": "城南市民プール前",
        "operator": "西日本鉄道",
        "ref": "",
        "url": "",
        "url2": ""
      }
    },
    {
      "type": "Feature",
      "geometry": {
        "type": "Point",
        "coordinates": [
          130.3802247,
          33.5400102
        ]
      },
      "properties": {
        "内容": "バス停: 東油山 (西日本鉄道)",
        "name": "東油山",
        "operator": "西日本鉄道",
        "ref": "",
        "url": "",
        "url2": ""
      }
    },
    {
      "type": "Feature",
      "geometry": {
        "type": "Point",
        "coordinates": [
          130.3779513,
          33.5379876
        ]
      },
      "properties": {
        "内容": "バス停: 油山団地前 (西日本鉄道)",
        "name": "油山団地前",
        "operator": "西日本鉄道",
        "ref": "",
        "url": "",
        "url2": ""
      }
    },
    {
      "type": "Feature",
      "geometry": {
        "type": "Point",
        "coordinates": [
          130.3798446,
          33.5377225
        ]
      },
      "properties": {
        "内容": "バス停: 油山団地口 (西日本鉄道)",
        "name": "油山団地口",
        "operator": "西日本鉄道",
        "ref": "",
        "url": "",
        "url2": ""
      }
    },
    {
      "type": "Feature",
      "geometry": {
        "type": "Point",
        "coordinates": [
          130.3797228,
          33.5368619
        ]
      },
      "properties": {
        "内容": "バス停: 油山 (西日本鉄道)",
        "name": "油山",
        "operator": "西日本鉄道",
        "ref": "",
        "url": "",
        "url2": ""
      }
    },
    {
      "type": "Feature",
      "geometry": {
        "type": "Point",
        "coordinates": [
          130.3799861,
          33.5377453
        ]
      },
      "properties": {
        "内容": "バス停: 油山団地口 (西日本鉄道)",
        "name": "油山団地口",
        "operator": "西日本鉄道",
        "ref": "",
        "url": "",
        "url2": ""
      }
    },
    {
      "type": "Feature",
      "geometry": {
        "type": "Point",
        "coordinates": [
          130.3802326,
          33.5367264
        ]
      },
      "properties": {
        "内容": "バス停: 油山 (西日本鉄道)",
        "name": "油山",
        "operator": "西日本鉄道",
        "ref": "",
        "url": "",
        "url2": ""
      }
    },
    {
      "type": "Feature",
      "geometry": {
        "type": "Point",
        "coordinates": [
          130.3828341,
          33.5348266
        ]
      },
      "properties": {
        "内容": "バス停: 駄ヶ原 (西日本鉄道)",
        "name": "駄ヶ原",
        "operator": "西日本鉄道",
        "ref": "",
        "url": "",
        "url2": ""
      }
    },
    {
      "type": "Feature",
      "geometry": {
        "type": "Point",
        "coordinates": [
          130.3880555,
          33.5364747
        ]
      },
      "properties": {
        "内容": "バス停: 井手 (西日本鉄道)",
        "name": "井手",
        "operator": "西日本鉄道",
        "ref": "",
        "url": "",
        "url2": ""
      }
    },
    {
      "type": "Feature",
      "geometry": {
        "type": "Point",
        "coordinates": [
          130.3926947,
          33.5370025
        ]
      },
      "properties": {
        "内容": "バス停: 桧原三ツ角 (西日本鉄道)",
        "name": "桧原三ツ角",
        "operator": "西日本鉄道",
        "ref": "",
        "url": "",
        "url2": ""
      }
    },
    {
      "type": "Feature",
      "geometry": {
        "type": "Point",
        "coordinates": [
          130.396776,
          33.5351598
        ]
      },
      "properties": {
        "内容": "バス停: 桧原営業所 (西日本鉄道)",
        "name": "桧原営業所",
        "operator": "西日本鉄道",
        "ref": "",
        "url": "",
        "url2": ""
      }
    },
    {
      "type": "Feature",
      "geometry": {
        "type": "Point",
        "coordinates": [
          130.4028516,
          33.592167
        ]
      },
      "properties": {
        "内容": "バス停: アクロス福岡・水鏡天満宮前 (西日本鉄道)",
        "name": "アクロス福岡・水鏡天満宮前",
        "operator": "西日本鉄道",
        "ref": "",
        "url": "",
        "url2": ""
      }
    },
    {
      "type": "Feature",
      "geometry": {
        "type": "Point",
        "coordinates": [
          130.4048597,
          33.59312
        ]
      },
      "properties": {
        "内容": "バス停: 東中洲 (西日本鉄道)",
        "name": "東中洲",
        "operator": "西日本鉄道",
        "ref": "",
        "url": "",
        "url2": ""
      }
    },
    {
      "type": "Feature",
      "geometry": {
        "type": "Point",
        "coordinates": [
          130.4065447,
          33.5947848
        ]
      },
      "properties": {
        "内容": "バス停: 川端町・博多座前 (西日本鉄道)",
        "name": "川端町・博多座前",
        "operator": "西日本鉄道",
        "ref": "",
        "url": "",
        "url2": ""
      }
    },
    {
      "type": "Feature",
      "geometry": {
        "type": "Point",
        "coordinates": [
          130.4078443,
          33.5960402
        ]
      },
      "properties": {
        "内容": "バス停: 土居町 (西日本鉄道)",
        "name": "土居町",
        "operator": "西日本鉄道",
        "ref": "",
        "url": "",
        "url2": ""
      }
    },
    {
      "type": "Feature",
      "geometry": {
        "type": "Point",
        "coordinates": [
          130.4122581,
          33.5955162
        ]
      },
      "properties": {
        "内容": "バス停: 奥の堂 (西日本鉄道)",
        "name": "奥の堂",
        "operator": "西日本鉄道",
        "ref": "",
        "url": "",
        "url2": ""
      }
    },
    {
      "type": "Feature",
      "geometry": {
        "type": "Point",
        "coordinates": [
          130.4197831,
          33.5915257
        ]
      },
      "properties": {
        "内容": "バス停: 博多バスターミナル3F高速バスのりば",
        "name": "博多バスターミナル3F高速バスのりば",
        "operator": "事業者不明",
        "ref": "",
        "url": "",
        "url2": ""
      }
    },
    {
      "type": "Feature",
      "geometry": {
        "type": "Point",
        "coordinates": [
          130.4199136,
          33.5917352
        ]
      },
      "properties": {
        "内容": "バス停: 高速バス到着ホーム",
        "name": "高速バス到着ホーム",
        "operator": "事業者不明",
        "ref": "",
        "url": "",
        "url2": ""
      }
    },
    {
      "type": "Feature",
      "geometry": {
        "type": "Point",
        "coordinates": [
          130.6247069,
          33.4666567
        ]
      },
      "properties": {
        "内容": "バス停: 名称不明バス停",
        "name": "名称不明バス停",
        "operator": "事業者不明",
        "ref": "",
        "url": "",
        "url2": ""
      }
    },
    {
      "type": "Feature",
      "geometry": {
        "type": "Point",
        "coordinates": [
          131.1293169,
          33.6201763
        ]
      },
      "properties": {
        "内容": "バス停: 名称不明バス停",
        "name": "名称不明バス停",
        "operator": "事業者不明",
        "ref": "",
        "url": "",
        "url2": ""
      }
    },
    {
      "type": "Feature",
      "geometry": {
        "type": "Point",
        "coordinates": [
          131.1294555,
          33.6196658
        ]
      },
      "properties": {
        "内容": "バス停: 名称不明バス停",
        "name": "名称不明バス停",
        "operator": "事業者不明",
        "ref": "",
        "url": "",
        "url2": ""
      }
    },
    {
      "type": "Feature",
      "geometry": {
        "type": "Point",
        "coordinates": [
          130.390921,
          33.5318285
        ]
      },
      "properties": {
        "内容": "バス停: 桧原運動公園前 (西鉄バス)",
        "name": "桧原運動公園前",
        "operator": "西鉄バス",
        "ref": "",
        "url": "",
        "url2": ""
      }
    },
    {
      "type": "Feature",
      "geometry": {
        "type": "Point",
        "coordinates": [
          130.3911774,
          33.5320168
        ]
      },
      "properties": {
        "内容": "バス停: 桧原運動公園前 (西鉄バス)",
        "name": "桧原運動公園前",
        "operator": "西鉄バス",
        "ref": "",
        "url": "",
        "url2": ""
      }
    },
    {
      "type": "Feature",
      "geometry": {
        "type": "Point",
        "coordinates": [
          130.393348,
          33.5354515
        ]
      },
      "properties": {
        "内容": "バス停: コットンヒルズ桧原運動公園前 (西鉄バス)",
        "name": "コットンヒルズ桧原運動公園前",
        "operator": "西鉄バス",
        "ref": "",
        "url": "",
        "url2": ""
      }
    },
    {
      "type": "Feature",
      "geometry": {
        "type": "Point",
        "coordinates": [
          130.3638929,
          33.1920424
        ]
      },
      "properties": {
        "内容": "バス停: 川口校前（大野島方面）",
        "name": "川口校前（大野島方面）",
        "operator": "事業者不明",
        "ref": "",
        "url": "",
        "url2": ""
      }
    },
    {
      "type": "Feature",
      "geometry": {
        "type": "Point",
        "coordinates": [
          130.3058759,
          33.4953285
        ]
      },
      "properties": {
        "内容": "バス停: 水源地前 (西日本鉄道)",
        "name": "水源地前",
        "operator": "西日本鉄道",
        "ref": "",
        "url": "",
        "url2": ""
      }
    },
    {
      "type": "Feature",
      "geometry": {
        "type": "Point",
        "coordinates": [
          130.8783312,
          33.8820291
        ]
      },
      "properties": {
        "内容": "バス停: 名称不明バス停",
        "name": "名称不明バス停",
        "operator": "事業者不明",
        "ref": "",
        "url": "",
        "url2": ""
      }
    },
    {
      "type": "Feature",
      "geometry": {
        "type": "Point",
        "coordinates": [
          130.3510304,
          33.5351222
        ]
      },
      "properties": {
        "内容": "バス停: 西油山ハイツ",
        "name": "西油山ハイツ",
        "operator": "事業者不明",
        "ref": "",
        "url": "",
        "url2": ""
      }
    },
    {
      "type": "Feature",
      "geometry": {
        "type": "Point",
        "coordinates": [
          130.3504246,
          33.5356148
        ]
      },
      "properties": {
        "内容": "バス停: 西油山ハイツ",
        "name": "西油山ハイツ",
        "operator": "事業者不明",
        "ref": "",
        "url": "",
        "url2": ""
      }
    },
    {
      "type": "Feature",
      "geometry": {
        "type": "Point",
        "coordinates": [
          130.3168759,
          33.5291788
        ]
      },
      "properties": {
        "内容": "バス停: かなたけの里公園入口",
        "name": "かなたけの里公園入口",
        "operator": "事業者不明",
        "ref": "",
        "url": "",
        "url2": ""
      }
    },
    {
      "type": "Feature",
      "geometry": {
        "type": "Point",
        "coordinates": [
          130.3170832,
          33.5295996
        ]
      },
      "properties": {
        "内容": "バス停: かなたけの里公園入口",
        "name": "かなたけの里公園入口",
        "operator": "事業者不明",
        "ref": "",
        "url": "",
        "url2": ""
      }
    },
    {
      "type": "Feature",
      "geometry": {
        "type": "Point",
        "coordinates": [
          130.3906117,
          33.5660581
        ]
      },
      "properties": {
        "内容": "バス停: 小笹",
        "name": "小笹",
        "operator": "事業者不明",
        "ref": "",
        "url": "",
        "url2": ""
      }
    },
    {
      "type": "Feature",
      "geometry": {
        "type": "Point",
        "coordinates": [
          130.3899586,
          33.5650762
        ]
      },
      "properties": {
        "内容": "バス停: 小笹",
        "name": "小笹",
        "operator": "事業者不明",
        "ref": "",
        "url": "",
        "url2": ""
      }
    },
    {
      "type": "Feature",
      "geometry": {
        "type": "Point",
        "coordinates": [
          130.3807022,
          33.5422993
        ]
      },
      "properties": {
        "内容": "バス停: 堤二丁目",
        "name": "堤二丁目",
        "operator": "事業者不明",
        "ref": "",
        "url": "",
        "url2": ""
      }
    },
    {
      "type": "Feature",
      "geometry": {
        "type": "Point",
        "coordinates": [
          130.3802365,
          33.5393631
        ]
      },
      "properties": {
        "内容": "バス停: 東油山",
        "name": "東油山",
        "operator": "事業者不明",
        "ref": "",
        "url": "",
        "url2": ""
      }
    },
    {
      "type": "Feature",
      "geometry": {
        "type": "Point",
        "coordinates": [
          130.4284584,
          33.5503132
        ]
      },
      "properties": {
        "内容": "バス停: 三宅本町",
        "name": "三宅本町",
        "operator": "事業者不明",
        "ref": "",
        "url": "",
        "url2": ""
      }
    },
    {
      "type": "Feature",
      "geometry": {
        "type": "Point",
        "coordinates": [
          130.4266216,
          33.5351578
        ]
      },
      "properties": {
        "内容": "バス停: 老司",
        "name": "老司",
        "operator": "事業者不明",
        "ref": "",
        "url": "",
        "url2": ""
      }
    },
    {
      "type": "Feature",
      "geometry": {
        "type": "Point",
        "coordinates": [
          130.4261691,
          33.5333996
        ]
      },
      "properties": {
        "内容": "バス停: 老司二丁目",
        "name": "老司二丁目",
        "operator": "事業者不明",
        "ref": "",
        "url": "",
        "url2": ""
      }
    },
    {
      "type": "Feature",
      "geometry": {
        "type": "Point",
        "coordinates": [
          130.4265636,
          33.5678315
        ]
      },
      "properties": {
        "内容": "バス停: 清水四丁目",
        "name": "清水四丁目",
        "operator": "事業者不明",
        "ref": "",
        "url": "",
        "url2": ""
      }
    },
    {
      "type": "Feature",
      "geometry": {
        "type": "Point",
        "coordinates": [
          130.4278675,
          33.5430632
        ]
      },
      "properties": {
        "内容": "バス停: 向新町",
        "name": "向新町",
        "operator": "事業者不明",
        "ref": "",
        "url": "",
        "url2": ""
      }
    },
    {
      "type": "Feature",
      "geometry": {
        "type": "Point",
        "coordinates": [
          130.4275167,
          33.5393712
        ]
      },
      "properties": {
        "内容": "バス停: 那珂川病院",
        "name": "那珂川病院",
        "operator": "事業者不明",
        "ref": "",
        "url": "",
        "url2": ""
      }
    },
    {
      "type": "Feature",
      "geometry": {
        "type": "Point",
        "coordinates": [
          130.4267889,
          33.5365328
        ]
      },
      "properties": {
        "内容": "バス停: 老司",
        "name": "老司",
        "operator": "事業者不明",
        "ref": "",
        "url": "",
        "url2": ""
      }
    },
    {
      "type": "Feature",
      "geometry": {
        "type": "Point",
        "coordinates": [
          130.4275648,
          33.5407413
        ]
      },
      "properties": {
        "内容": "バス停: 野多目ランプ入口",
        "name": "野多目ランプ入口",
        "operator": "事業者不明",
        "ref": "",
        "url": "",
        "url2": ""
      }
    },
    {
      "type": "Feature",
      "geometry": {
        "type": "Point",
        "coordinates": [
          130.428263,
          33.5460006
        ]
      },
      "properties": {
        "内容": "バス停: 和田",
        "name": "和田",
        "operator": "事業者不明",
        "ref": "",
        "url": "",
        "url2": ""
      }
    },
    {
      "type": "Feature",
      "geometry": {
        "type": "Point",
        "coordinates": [
          130.4258057,
          33.5311048
        ]
      },
      "properties": {
        "内容": "バス停: 老松神社前",
        "name": "老松神社前",
        "operator": "事業者不明",
        "ref": "",
        "url": "",
        "url2": ""
      }
    },
    {
      "type": "Feature",
      "geometry": {
        "type": "Point",
        "coordinates": [
          130.4225993,
          33.5192531
        ]
      },
      "properties": {
        "内容": "バス停: 福岡女子商前",
        "name": "福岡女子商前",
        "operator": "事業者不明",
        "ref": "",
        "url": "",
        "url2": ""
      }
    },
    {
      "type": "Feature",
      "geometry": {
        "type": "Point",
        "coordinates": [
          130.424875,
          33.5624428
        ]
      },
      "properties": {
        "内容": "バス停: 病院前",
        "name": "病院前",
        "operator": "事業者不明",
        "ref": "",
        "url": "",
        "url2": ""
      }
    },
    {
      "type": "Feature",
      "geometry": {
        "type": "Point",
        "coordinates": [
          130.424839,
          33.5624608
        ]
      },
      "properties": {
        "内容": "バス停: 九州中央病院前",
        "name": "九州中央病院前",
        "operator": "事業者不明",
        "ref": "",
        "url": "",
        "url2": ""
      }
    },
    {
      "type": "Feature",
      "geometry": {
        "type": "Point",
        "coordinates": [
          130.4246136,
          33.5254512
        ]
      },
      "properties": {
        "内容": "バス停: 片縄",
        "name": "片縄",
        "operator": "事業者不明",
        "ref": "",
        "url": "",
        "url2": ""
      }
    },
    {
      "type": "Feature",
      "geometry": {
        "type": "Point",
        "coordinates": [
          130.4283048,
          33.5530964
        ]
      },
      "properties": {
        "内容": "バス停: 地禄神社",
        "name": "地禄神社",
        "operator": "事業者不明",
        "ref": "",
        "url": "",
        "url2": ""
      }
    },
    {
      "type": "Feature",
      "geometry": {
        "type": "Point",
        "coordinates": [
          130.4270589,
          33.5656618
        ]
      },
      "properties": {
        "内容": "バス停: 南警察署前",
        "name": "南警察署前",
        "operator": "事業者不明",
        "ref": "",
        "url": "",
        "url2": ""
      }
    },
    {
      "type": "Feature",
      "geometry": {
        "type": "Point",
        "coordinates": [
          130.4253308,
          33.5289202
        ]
      },
      "properties": {
        "内容": "バス停: 片縄東",
        "name": "片縄東",
        "operator": "事業者不明",
        "ref": "",
        "url": "",
        "url2": ""
      }
    },
    {
      "type": "Feature",
      "geometry": {
        "type": "Point",
        "coordinates": [
          130.4236918,
          33.522563
        ]
      },
      "properties": {
        "内容": "バス停: 観音堂",
        "name": "観音堂",
        "operator": "事業者不明",
        "ref": "",
        "url": "",
        "url2": ""
      }
    },
    {
      "type": "Feature",
      "geometry": {
        "type": "Point",
        "coordinates": [
          130.4225977,
          33.5184559
        ]
      },
      "properties": {
        "内容": "バス停: 福岡女子商業前",
        "name": "福岡女子商業前",
        "operator": "事業者不明",
        "ref": "",
        "url": "",
        "url2": ""
      }
    },
    {
      "type": "Feature",
      "geometry": {
        "type": "Point",
        "coordinates": [
          130.4283387,
          33.5560834
        ]
      },
      "properties": {
        "内容": "バス停: 東大橋",
        "name": "東大橋",
        "operator": "事業者不明",
        "ref": "",
        "url": "",
        "url2": ""
      }
    },
    {
      "type": "Feature",
      "geometry": {
        "type": "Point",
        "coordinates": [
          130.8899425,
          33.8808635
        ]
      },
      "properties": {
        "内容": "バス停: 名称不明バス停",
        "name": "名称不明バス停",
        "operator": "事業者不明",
        "ref": "",
        "url": "",
        "url2": ""
      }
    },
    {
      "type": "Feature",
      "geometry": {
        "type": "Point",
        "coordinates": [
          130.8905518,
          33.8801048
        ]
      },
      "properties": {
        "内容": "バス停: 名称不明バス停",
        "name": "名称不明バス停",
        "operator": "事業者不明",
        "ref": "",
        "url": "",
        "url2": ""
      }
    },
    {
      "type": "Feature",
      "geometry": {
        "type": "Point",
        "coordinates": [
          130.8906484,
          33.8799756
        ]
      },
      "properties": {
        "内容": "バス停: 名称不明バス停",
        "name": "名称不明バス停",
        "operator": "事業者不明",
        "ref": "",
        "url": "",
        "url2": ""
      }
    },
    {
      "type": "Feature",
      "geometry": {
        "type": "Point",
        "coordinates": [
          130.8882612,
          33.8779292
        ]
      },
      "properties": {
        "内容": "バス停: 名称不明バス停",
        "name": "名称不明バス停",
        "operator": "事業者不明",
        "ref": "",
        "url": "",
        "url2": ""
      }
    },
    {
      "type": "Feature",
      "geometry": {
        "type": "Point",
        "coordinates": [
          130.887993,
          33.8778423
        ]
      },
      "properties": {
        "内容": "バス停: 名称不明バス停",
        "name": "名称不明バス停",
        "operator": "事業者不明",
        "ref": "",
        "url": "",
        "url2": ""
      }
    },
    {
      "type": "Feature",
      "geometry": {
        "type": "Point",
        "coordinates": [
          130.8806545,
          33.8721459
        ]
      },
      "properties": {
        "内容": "バス停: 名称不明バス停",
        "name": "名称不明バス停",
        "operator": "事業者不明",
        "ref": "",
        "url": "",
        "url2": ""
      }
    },
    {
      "type": "Feature",
      "geometry": {
        "type": "Point",
        "coordinates": [
          130.8780044,
          33.8723196
        ]
      },
      "properties": {
        "内容": "バス停: 名称不明バス停",
        "name": "名称不明バス停",
        "operator": "事業者不明",
        "ref": "",
        "url": "",
        "url2": ""
      }
    },
    {
      "type": "Feature",
      "geometry": {
        "type": "Point",
        "coordinates": [
          130.8776852,
          33.8721192
        ]
      },
      "properties": {
        "内容": "バス停: 名称不明バス停",
        "name": "名称不明バス停",
        "operator": "事業者不明",
        "ref": "",
        "url": "",
        "url2": ""
      }
    },
    {
      "type": "Feature",
      "geometry": {
        "type": "Point",
        "coordinates": [
          130.8754188,
          33.8718141
        ]
      },
      "properties": {
        "内容": "バス停: 名称不明バス停",
        "name": "名称不明バス停",
        "operator": "事業者不明",
        "ref": "",
        "url": "",
        "url2": ""
      }
    },
    {
      "type": "Feature",
      "geometry": {
        "type": "Point",
        "coordinates": [
          130.8755475,
          33.8719699
        ]
      },
      "properties": {
        "内容": "バス停: 名称不明バス停",
        "name": "名称不明バス停",
        "operator": "事業者不明",
        "ref": "",
        "url": "",
        "url2": ""
      }
    },
    {
      "type": "Feature",
      "geometry": {
        "type": "Point",
        "coordinates": [
          130.8716717,
          33.8719454
        ]
      },
      "properties": {
        "内容": "バス停: 名称不明バス停",
        "name": "名称不明バス停",
        "operator": "事業者不明",
        "ref": "",
        "url": "",
        "url2": ""
      }
    },
    {
      "type": "Feature",
      "geometry": {
        "type": "Point",
        "coordinates": [
          130.8689788,
          33.8722038
        ]
      },
      "properties": {
        "内容": "バス停: 名称不明バス停",
        "name": "名称不明バス停",
        "operator": "事業者不明",
        "ref": "",
        "url": "",
        "url2": ""
      }
    },
    {
      "type": "Feature",
      "geometry": {
        "type": "Point",
        "coordinates": [
          130.8685362,
          33.8723775
        ]
      },
      "properties": {
        "内容": "バス停: 名称不明バス停",
        "name": "名称不明バス停",
        "operator": "事業者不明",
        "ref": "",
        "url": "",
        "url2": ""
      }
    },
    {
      "type": "Feature",
      "geometry": {
        "type": "Point",
        "coordinates": [
          130.8668464,
          33.8722862
        ]
      },
      "properties": {
        "内容": "バス停: 名称不明バス停",
        "name": "名称不明バス停",
        "operator": "事業者不明",
        "ref": "",
        "url": "",
        "url2": ""
      }
    },
    {
      "type": "Feature",
      "geometry": {
        "type": "Point",
        "coordinates": [
          130.8673373,
          33.8724265
        ]
      },
      "properties": {
        "内容": "バス停: 名称不明バス停",
        "name": "名称不明バス停",
        "operator": "事業者不明",
        "ref": "",
        "url": "",
        "url2": ""
      }
    },
    {
      "type": "Feature",
      "geometry": {
        "type": "Point",
        "coordinates": [
          130.8649743,
          33.8725668
        ]
      },
      "properties": {
        "内容": "バス停: 名称不明バス停",
        "name": "名称不明バス停",
        "operator": "事業者不明",
        "ref": "",
        "url": "",
        "url2": ""
      }
    },
    {
      "type": "Feature",
      "geometry": {
        "type": "Point",
        "coordinates": [
          130.8648589,
          33.8723196
        ]
      },
      "properties": {
        "内容": "バス停: 名称不明バス停",
        "name": "名称不明バス停",
        "operator": "事業者不明",
        "ref": "",
        "url": "",
        "url2": ""
      }
    },
    {
      "type": "Feature",
      "geometry": {
        "type": "Point",
        "coordinates": [
          130.8599451,
          33.8740544
        ]
      },
      "properties": {
        "内容": "バス停: 名称不明バス停",
        "name": "名称不明バス停",
        "operator": "事業者不明",
        "ref": "",
        "url": "",
        "url2": ""
      }
    },
    {
      "type": "Feature",
      "geometry": {
        "type": "Point",
        "coordinates": [
          130.8597091,
          33.8741813
        ]
      },
      "properties": {
        "内容": "バス停: 名称不明バス停",
        "name": "名称不明バス停",
        "operator": "事業者不明",
        "ref": "",
        "url": "",
        "url2": ""
      }
    },
    {
      "type": "Feature",
      "geometry": {
        "type": "Point",
        "coordinates": [
          130.8898025,
          33.8862832
        ]
      },
      "properties": {
        "内容": "バス停: 名称不明バス停",
        "name": "名称不明バス停",
        "operator": "事業者不明",
        "ref": "",
        "url": "",
        "url2": ""
      }
    },
    {
      "type": "Feature",
      "geometry": {
        "type": "Point",
        "coordinates": [
          130.8904811,
          33.8860828
        ]
      },
      "properties": {
        "内容": "バス停: 名称不明バス停",
        "name": "名称不明バス停",
        "operator": "事業者不明",
        "ref": "",
        "url": "",
        "url2": ""
      }
    },
    {
      "type": "Feature",
      "geometry": {
        "type": "Point",
        "coordinates": [
          130.8909585,
          33.8824132
        ]
      },
      "properties": {
        "内容": "バス停: 名称不明バス停",
        "name": "名称不明バス停",
        "operator": "事業者不明",
        "ref": "",
        "url": "",
        "url2": ""
      }
    },
    {
      "type": "Feature",
      "geometry": {
        "type": "Point",
        "coordinates": [
          130.8609399,
          33.872721
        ]
      },
      "properties": {
        "内容": "バス停: 名称不明バス停",
        "name": "名称不明バス停",
        "operator": "事業者不明",
        "ref": "",
        "url": "",
        "url2": ""
      }
    },
    {
      "type": "Feature",
      "geometry": {
        "type": "Point",
        "coordinates": [
          130.860047,
          33.872569
        ]
      },
      "properties": {
        "内容": "バス停: 名称不明バス停",
        "name": "名称不明バス停",
        "operator": "事業者不明",
        "ref": "",
        "url": "",
        "url2": ""
      }
    },
    {
      "type": "Feature",
      "geometry": {
        "type": "Point",
        "coordinates": [
          130.8579603,
          33.8726492
        ]
      },
      "properties": {
        "内容": "バス停: 名称不明バス停",
        "name": "名称不明バス停",
        "operator": "事業者不明",
        "ref": "",
        "url": "",
        "url2": ""
      }
    },
    {
      "type": "Feature",
      "geometry": {
        "type": "Point",
        "coordinates": [
          130.8663771,
          33.8716559
        ]
      },
      "properties": {
        "内容": "バス停: 名称不明バス停",
        "name": "名称不明バス停",
        "operator": "事業者不明",
        "ref": "",
        "url": "",
        "url2": ""
      }
    },
    {
      "type": "Feature",
      "geometry": {
        "type": "Point",
        "coordinates": [
          130.8665755,
          33.871264
        ]
      },
      "properties": {
        "内容": "バス停: 名称不明バス停",
        "name": "名称不明バス停",
        "operator": "事業者不明",
        "ref": "",
        "url": "",
        "url2": ""
      }
    },
    {
      "type": "Feature",
      "geometry": {
        "type": "Point",
        "coordinates": [
          130.8664173,
          33.8732839
        ]
      },
      "properties": {
        "内容": "バス停: 名称不明バス停",
        "name": "名称不明バス停",
        "operator": "事業者不明",
        "ref": "",
        "url": "",
        "url2": ""
      }
    },
    {
      "type": "Feature",
      "geometry": {
        "type": "Point",
        "coordinates": [
          130.8666453,
          33.8733952
        ]
      },
      "properties": {
        "内容": "バス停: 名称不明バス停",
        "name": "名称不明バス停",
        "operator": "事業者不明",
        "ref": "",
        "url": "",
        "url2": ""
      }
    },
    {
      "type": "Feature",
      "geometry": {
        "type": "Point",
        "coordinates": [
          130.8799147,
          33.8653
        ]
      },
      "properties": {
        "内容": "バス停: 名称不明バス停",
        "name": "名称不明バス停",
        "operator": "事業者不明",
        "ref": "",
        "url": "",
        "url2": ""
      }
    },
    {
      "type": "Feature",
      "geometry": {
        "type": "Point",
        "coordinates": [
          130.8802016,
          33.8652176
        ]
      },
      "properties": {
        "内容": "バス停: 名称不明バス停",
        "name": "名称不明バス停",
        "operator": "事業者不明",
        "ref": "",
        "url": "",
        "url2": ""
      }
    },
    {
      "type": "Feature",
      "geometry": {
        "type": "Point",
        "coordinates": [
          130.3674993,
          33.5969422
        ]
      },
      "properties": {
        "内容": "バス停: 福浜 (西鉄バス)",
        "name": "福浜",
        "operator": "西鉄バス",
        "ref": "",
        "url": "",
        "url2": ""
      }
    },
    {
      "type": "Feature",
      "geometry": {
        "type": "Point",
        "coordinates": [
          130.3638131,
          33.5860624
        ]
      },
      "properties": {
        "内容": "バス停: 今川橋",
        "name": "今川橋",
        "operator": "事業者不明",
        "ref": "",
        "url": "",
        "url2": ""
      }
    },
    {
      "type": "Feature",
      "geometry": {
        "type": "Point",
        "coordinates": [
          130.3638366,
          33.5865445
        ]
      },
      "properties": {
        "内容": "バス停: 今川橋",
        "name": "今川橋",
        "operator": "事業者不明",
        "ref": "",
        "url": "",
        "url2": ""
      }
    },
    {
      "type": "Feature",
      "geometry": {
        "type": "Point",
        "coordinates": [
          130.3662251,
          33.5878209
        ]
      },
      "properties": {
        "内容": "バス停: 地行",
        "name": "地行",
        "operator": "事業者不明",
        "ref": "",
        "url": "",
        "url2": ""
      }
    },
    {
      "type": "Feature",
      "geometry": {
        "type": "Point",
        "coordinates": [
          130.366152,
          33.5883248
        ]
      },
      "properties": {
        "内容": "バス停: 地行",
        "name": "地行",
        "operator": "事業者不明",
        "ref": "",
        "url": "",
        "url2": ""
      }
    },
    {
      "type": "Feature",
      "geometry": {
        "type": "Point",
        "coordinates": [
          130.3655331,
          33.5892827
        ]
      },
      "properties": {
        "内容": "バス停: 地行",
        "name": "地行",
        "operator": "事業者不明",
        "ref": "",
        "url": "",
        "url2": ""
      }
    },
    {
      "type": "Feature",
      "geometry": {
        "type": "Point",
        "coordinates": [
          130.3601593,
          33.583085
        ]
      },
      "properties": {
        "内容": "バス停: 西新四丁目",
        "name": "西新四丁目",
        "operator": "事業者不明",
        "ref": "",
        "url": "",
        "url2": ""
      }
    },
    {
      "type": "Feature",
      "geometry": {
        "type": "Point",
        "coordinates": [
          130.3599766,
          33.5829939
        ]
      },
      "properties": {
        "内容": "バス停: 西新四丁目 (西日本鉄道株式会社)",
        "name": "西新四丁目",
        "operator": "西日本鉄道株式会社",
        "ref": "",
        "url": "",
        "url2": ""
      }
    },
    {
      "type": "Feature",
      "geometry": {
        "type": "Point",
        "coordinates": [
          130.3609559,
          33.5846491
        ]
      },
      "properties": {
        "内容": "バス停: 西新パレス前",
        "name": "西新パレス前",
        "operator": "事業者不明",
        "ref": "",
        "url": "",
        "url2": ""
      }
    },
    {
      "type": "Feature",
      "geometry": {
        "type": "Point",
        "coordinates": [
          130.3597462,
          33.583609
        ]
      },
      "properties": {
        "内容": "バス停: 西新パレス前",
        "name": "西新パレス前",
        "operator": "事業者不明",
        "ref": "",
        "url": "",
        "url2": ""
      }
    },
    {
      "type": "Feature",
      "geometry": {
        "type": "Point",
        "coordinates": [
          130.3561829,
          33.5827224
        ]
      },
      "properties": {
        "内容": "バス停: 修猷館前",
        "name": "修猷館前",
        "operator": "事業者不明",
        "ref": "",
        "url": "",
        "url2": ""
      }
    },
    {
      "type": "Feature",
      "geometry": {
        "type": "Point",
        "coordinates": [
          130.35327,
          33.5822035
        ]
      },
      "properties": {
        "内容": "バス停: 防塁前",
        "name": "防塁前",
        "operator": "事業者不明",
        "ref": "",
        "url": "",
        "url2": ""
      }
    },
    {
      "type": "Feature",
      "geometry": {
        "type": "Point",
        "coordinates": [
          130.3510741,
          33.5818608
        ]
      },
      "properties": {
        "内容": "バス停: 高取",
        "name": "高取",
        "operator": "事業者不明",
        "ref": "",
        "url": "",
        "url2": ""
      }
    },
    {
      "type": "Feature",
      "geometry": {
        "type": "Point",
        "coordinates": [
          130.3780137,
          33.5380538
        ]
      },
      "properties": {
        "内容": "バス停: 油山団地前 (西日本鉄道)",
        "name": "油山団地前",
        "operator": "西日本鉄道",
        "ref": "",
        "url": "",
        "url2": ""
      }
    },
    {
      "type": "Feature",
      "geometry": {
        "type": "Point",
        "coordinates": [
          130.3051351,
          33.5555034
        ]
      },
      "properties": {
        "内容": "バス停: 野方遺跡前",
        "name": "野方遺跡前",
        "operator": "事業者不明",
        "ref": "",
        "url": "",
        "url2": ""
      }
    },
    {
      "type": "Feature",
      "geometry": {
        "type": "Point",
        "coordinates": [
          130.3053953,
          33.5557024
        ]
      },
      "properties": {
        "内容": "バス停: 野方遺跡前",
        "name": "野方遺跡前",
        "operator": "事業者不明",
        "ref": "",
        "url": "",
        "url2": ""
      }
    },
    {
      "type": "Feature",
      "geometry": {
        "type": "Point",
        "coordinates": [
          130.3001442,
          33.5498794
        ]
      },
      "properties": {
        "内容": "バス停: 上野方台団地",
        "name": "上野方台団地",
        "operator": "事業者不明",
        "ref": "",
        "url": "",
        "url2": ""
      }
    },
    {
      "type": "Feature",
      "geometry": {
        "type": "Point",
        "coordinates": [
          130.2998679,
          33.5499057
        ]
      },
      "properties": {
        "内容": "バス停: 上野方台団地",
        "name": "上野方台団地",
        "operator": "事業者不明",
        "ref": "",
        "url": "",
        "url2": ""
      }
    },
    {
      "type": "Feature",
      "geometry": {
        "type": "Point",
        "coordinates": [
          130.2985637,
          33.5508311
        ]
      },
      "properties": {
        "内容": "バス停: 野方台",
        "name": "野方台",
        "operator": "事業者不明",
        "ref": "",
        "url": "",
        "url2": ""
      }
    },
    {
      "type": "Feature",
      "geometry": {
        "type": "Point",
        "coordinates": [
          130.2983961,
          33.5508429
        ]
      },
      "properties": {
        "内容": "バス停: 野方台",
        "name": "野方台",
        "operator": "事業者不明",
        "ref": "",
        "url": "",
        "url2": ""
      }
    },
    {
      "type": "Feature",
      "geometry": {
        "type": "Point",
        "coordinates": [
          130.3753285,
          33.5247447
        ]
      },
      "properties": {
        "内容": "バス停: 市民の森バス停",
        "name": "市民の森バス停",
        "operator": "事業者不明",
        "ref": "",
        "url": "",
        "url2": ""
      }
    },
    {
      "type": "Feature",
      "geometry": {
        "type": "Point",
        "coordinates": [
          130.369901,
          33.575446
        ]
      },
      "properties": {
        "内容": "バス停: 城南区役所",
        "name": "城南区役所",
        "operator": "事業者不明",
        "ref": "",
        "url": "",
        "url2": ""
      }
    },
    {
      "type": "Feature",
      "geometry": {
        "type": "Point",
        "coordinates": [
          130.370066,
          33.5753404
        ]
      },
      "properties": {
        "内容": "バス停: 城南区役所",
        "name": "城南区役所",
        "operator": "事業者不明",
        "ref": "",
        "url": "",
        "url2": ""
      }
    },
    {
      "type": "Feature",
      "geometry": {
        "type": "Point",
        "coordinates": [
          130.1378304,
          33.5666233
        ]
      },
      "properties": {
        "内容": "バス停: 名称不明バス停",
        "name": "名称不明バス停",
        "operator": "事業者不明",
        "ref": "",
        "url": "",
        "url2": ""
      }
    },
    {
      "type": "Feature",
      "geometry": {
        "type": "Point",
        "coordinates": [
          130.3800988,
          33.5435112
        ]
      },
      "properties": {
        "内容": "バス停: 堤",
        "name": "堤",
        "operator": "事業者不明",
        "ref": "",
        "url": "",
        "url2": ""
      }
    },
    {
      "type": "Feature",
      "geometry": {
        "type": "Point",
        "coordinates": [
          130.8472575,
          33.8938389
        ]
      },
      "properties": {
        "内容": "バス停: 中原",
        "name": "中原",
        "operator": "事業者不明",
        "ref": "",
        "url": "",
        "url2": ""
      }
    },
    {
      "type": "Feature",
      "geometry": {
        "type": "Point",
        "coordinates": [
          130.848221,
          33.8935588
        ]
      },
      "properties": {
        "内容": "バス停: 中原",
        "name": "中原",
        "operator": "事業者不明",
        "ref": "",
        "url": "",
        "url2": ""
      }
    },
    {
      "type": "Feature",
      "geometry": {
        "type": "Point",
        "coordinates": [
          130.8497336,
          33.8929708
        ]
      },
      "properties": {
        "内容": "バス停: 中井",
        "name": "中井",
        "operator": "事業者不明",
        "ref": "",
        "url": "",
        "url2": ""
      }
    },
    {
      "type": "Feature",
      "geometry": {
        "type": "Point",
        "coordinates": [
          130.8498877,
          33.8928661
        ]
      },
      "properties": {
        "内容": "バス停: 中井",
        "name": "中井",
        "operator": "事業者不明",
        "ref": "",
        "url": "",
        "url2": ""
      }
    },
    {
      "type": "Feature",
      "geometry": {
        "type": "Point",
        "coordinates": [
          130.8541958,
          33.891114
        ]
      },
      "properties": {
        "内容": "バス停: 日明病院前",
        "name": "日明病院前",
        "operator": "事業者不明",
        "ref": "",
        "url": "",
        "url2": ""
      }
    },
    {
      "type": "Feature",
      "geometry": {
        "type": "Point",
        "coordinates": [
          130.8543826,
          33.8911488
        ]
      },
      "properties": {
        "内容": "バス停: 日明病院前",
        "name": "日明病院前",
        "operator": "事業者不明",
        "ref": "",
        "url": "",
        "url2": ""
      }
    },
    {
      "type": "Feature",
      "geometry": {
        "type": "Point",
        "coordinates": [
          130.8576236,
          33.8903464
        ]
      },
      "properties": {
        "内容": "バス停: 緑が丘",
        "name": "緑が丘",
        "operator": "事業者不明",
        "ref": "",
        "url": "",
        "url2": ""
      }
    },
    {
      "type": "Feature",
      "geometry": {
        "type": "Point",
        "coordinates": [
          130.8608482,
          33.8896874
        ]
      },
      "properties": {
        "内容": "バス停: 日明",
        "name": "日明",
        "operator": "事業者不明",
        "ref": "",
        "url": "",
        "url2": ""
      }
    },
    {
      "type": "Feature",
      "geometry": {
        "type": "Point",
        "coordinates": [
          130.8631295,
          33.8881949
        ]
      },
      "properties": {
        "内容": "バス停: 小倉高校下",
        "name": "小倉高校下",
        "operator": "事業者不明",
        "ref": "",
        "url": "",
        "url2": ""
      }
    },
    {
      "type": "Feature",
      "geometry": {
        "type": "Point",
        "coordinates": [
          130.8641499,
          33.8877917
        ]
      },
      "properties": {
        "内容": "バス停: 小倉高校下",
        "name": "小倉高校下",
        "operator": "事業者不明",
        "ref": "",
        "url": "",
        "url2": ""
      }
    },
    {
      "type": "Feature",
      "geometry": {
        "type": "Point",
        "coordinates": [
          130.870452,
          33.88772
        ]
      },
      "properties": {
        "内容": "バス停: 大門",
        "name": "大門",
        "operator": "事業者不明",
        "ref": "",
        "url": "",
        "url2": ""
      }
    },
    {
      "type": "Feature",
      "geometry": {
        "type": "Point",
        "coordinates": [
          130.8716476,
          33.8873594
        ]
      },
      "properties": {
        "内容": "バス停: 大門",
        "name": "大門",
        "operator": "事業者不明",
        "ref": "",
        "url": "",
        "url2": ""
      }
    },
    {
      "type": "Feature",
      "geometry": {
        "type": "Point",
        "coordinates": [
          130.875589,
          33.8863883
        ]
      },
      "properties": {
        "内容": "バス停: 室町リバーウォーク",
        "name": "室町リバーウォーク",
        "operator": "事業者不明",
        "ref": "",
        "url": "",
        "url2": ""
      }
    },
    {
      "type": "Feature",
      "geometry": {
        "type": "Point",
        "coordinates": [
          130.8787063,
          33.8845747
        ]
      },
      "properties": {
        "内容": "バス停: 魚町",
        "name": "魚町",
        "operator": "事業者不明",
        "ref": "",
        "url": "",
        "url2": ""
      }
    },
    {
      "type": "Feature",
      "geometry": {
        "type": "Point",
        "coordinates": [
          130.8775968,
          33.8856618
        ]
      },
      "properties": {
        "内容": "バス停: 勝山橋",
        "name": "勝山橋",
        "operator": "事業者不明",
        "ref": "",
        "url": "",
        "url2": ""
      }
    },
    {
      "type": "Feature",
      "geometry": {
        "type": "Point",
        "coordinates": [
          130.8453769,
          33.8946863
        ]
      },
      "properties": {
        "内容": "バス停: 花園",
        "name": "花園",
        "operator": "事業者不明",
        "ref": "",
        "url": "",
        "url2": ""
      }
    },
    {
      "type": "Feature",
      "geometry": {
        "type": "Point",
        "coordinates": [
          130.8428004,
          33.89555
        ]
      },
      "properties": {
        "内容": "バス停: 仙水公園前",
        "name": "仙水公園前",
        "operator": "事業者不明",
        "ref": "",
        "url": "",
        "url2": ""
      }
    },
    {
      "type": "Feature",
      "geometry": {
        "type": "Point",
        "coordinates": [
          130.8398699,
          33.8966839
        ]
      },
      "properties": {
        "内容": "バス停: 工大前",
        "name": "工大前",
        "operator": "事業者不明",
        "ref": "",
        "url": "",
        "url2": ""
      }
    },
    {
      "type": "Feature",
      "geometry": {
        "type": "Point",
        "coordinates": [
          130.8212053,
          33.8967336
        ]
      },
      "properties": {
        "内容": "バス停: 戸畑駅",
        "name": "戸畑駅",
        "operator": "事業者不明",
        "ref": "",
        "url": "",
        "url2": ""
      }
    },
    {
      "type": "Feature",
      "geometry": {
        "type": "Point",
        "coordinates": [
          130.2811521,
          33.5798907
        ]
      },
      "properties": {
        "内容": "バス停: 長垂海浜公園前 (姪浜タクシー;福岡市)",
        "name": "長垂海浜公園前",
        "operator": "姪浜タクシー;福岡市",
        "ref": "8",
        "url": "",
        "url2": ""
      }
    },
    {
      "type": "Feature",
      "geometry": {
        "type": "Point",
        "coordinates": [
          130.4626887,
          33.6020455
        ]
      },
      "properties": {
        "内容": "バス停: 名称不明バス停 (西鉄バス)",
        "name": "名称不明バス停",
        "operator": "西鉄バス",
        "ref": "",
        "url": "",
        "url2": ""
      }
    },
    {
      "type": "Feature",
      "geometry": {
        "type": "Point",
        "coordinates": [
          130.4628986,
          33.6020997
        ]
      },
      "properties": {
        "内容": "バス停: 名称不明バス停 (西鉄バス)",
        "name": "名称不明バス停",
        "operator": "西鉄バス",
        "ref": "",
        "url": "",
        "url2": ""
      }
    },
    {
      "type": "Feature",
      "geometry": {
        "type": "Point",
        "coordinates": [
          130.6447785,
          33.6485373
        ]
      },
      "properties": {
        "内容": "バス停: 名称不明バス停",
        "name": "名称不明バス停",
        "operator": "事業者不明",
        "ref": "",
        "url": "",
        "url2": ""
      }
    },
    {
      "type": "Feature",
      "geometry": {
        "type": "Point",
        "coordinates": [
          130.6446531,
          33.6485658
        ]
      },
      "properties": {
        "内容": "バス停: 名称不明バス停",
        "name": "名称不明バス停",
        "operator": "事業者不明",
        "ref": "",
        "url": "",
        "url2": ""
      }
    },
    {
      "type": "Feature",
      "geometry": {
        "type": "Point",
        "coordinates": [
          130.6401148,
          33.6461549
        ]
      },
      "properties": {
        "内容": "バス停: 蓮台寺",
        "name": "蓮台寺",
        "operator": "事業者不明",
        "ref": "",
        "url": "",
        "url2": ""
      }
    },
    {
      "type": "Feature",
      "geometry": {
        "type": "Point",
        "coordinates": [
          130.6396522,
          33.6460611
        ]
      },
      "properties": {
        "内容": "バス停: 蓮台寺",
        "name": "蓮台寺",
        "operator": "事業者不明",
        "ref": "",
        "url": "",
        "url2": ""
      }
    },
    {
      "type": "Feature",
      "geometry": {
        "type": "Point",
        "coordinates": [
          130.6655475,
          33.6525295
        ]
      },
      "properties": {
        "内容": "バス停: 伊岐須",
        "name": "伊岐須",
        "operator": "事業者不明",
        "ref": "",
        "url": "",
        "url2": ""
      }
    },
    {
      "type": "Feature",
      "geometry": {
        "type": "Point",
        "coordinates": [
          130.6605197,
          33.651815
        ]
      },
      "properties": {
        "内容": "バス停: 名称不明バス停",
        "name": "名称不明バス停",
        "operator": "事業者不明",
        "ref": "",
        "url": "",
        "url2": ""
      }
    },
    {
      "type": "Feature",
      "geometry": {
        "type": "Point",
        "coordinates": [
          130.6606203,
          33.6519585
        ]
      },
      "properties": {
        "内容": "バス停: 名称不明バス停",
        "name": "名称不明バス停",
        "operator": "事業者不明",
        "ref": "",
        "url": "",
        "url2": ""
      }
    },
    {
      "type": "Feature",
      "geometry": {
        "type": "Point",
        "coordinates": [
          130.6581514,
          33.6516119
        ]
      },
      "properties": {
        "内容": "バス停: 名称不明バス停",
        "name": "名称不明バス停",
        "operator": "事業者不明",
        "ref": "",
        "url": "",
        "url2": ""
      }
    },
    {
      "type": "Feature",
      "geometry": {
        "type": "Point",
        "coordinates": [
          130.6573393,
          33.6515767
        ]
      },
      "properties": {
        "内容": "バス停: 名称不明バス停",
        "name": "名称不明バス停",
        "operator": "事業者不明",
        "ref": "",
        "url": "",
        "url2": ""
      }
    },
    {
      "type": "Feature",
      "geometry": {
        "type": "Point",
        "coordinates": [
          130.6548167,
          33.6514087
        ]
      },
      "properties": {
        "内容": "バス停: 名称不明バス停",
        "name": "名称不明バス停",
        "operator": "事業者不明",
        "ref": "",
        "url": "",
        "url2": ""
      }
    },
    {
      "type": "Feature",
      "geometry": {
        "type": "Point",
        "coordinates": [
          130.6549689,
          33.6515438
        ]
      },
      "properties": {
        "内容": "バス停: 名称不明バス停",
        "name": "名称不明バス停",
        "operator": "事業者不明",
        "ref": "",
        "url": "",
        "url2": ""
      }
    },
    {
      "type": "Feature",
      "geometry": {
        "type": "Point",
        "coordinates": [
          130.3124253,
          33.5392295
        ]
      },
      "properties": {
        "内容": "バス停: 飯森保育園前",
        "name": "飯森保育園前",
        "operator": "事業者不明",
        "ref": "",
        "url": "",
        "url2": ""
      }
    },
    {
      "type": "Feature",
      "geometry": {
        "type": "Point",
        "coordinates": [
          130.1859458,
          33.550084
        ]
      },
      "properties": {
        "内容": "バス停: 美咲が丘 (昭和バス)",
        "name": "美咲が丘",
        "operator": "昭和バス",
        "ref": "",
        "url": "",
        "url2": ""
      }
    },
    {
      "type": "Feature",
      "geometry": {
        "type": "Point",
        "coordinates": [
          130.1819057,
          33.5479832
        ]
      },
      "properties": {
        "内容": "バス停: 神在 (昭和バス)",
        "name": "神在",
        "operator": "昭和バス",
        "ref": "",
        "url": "",
        "url2": ""
      }
    },
    {
      "type": "Feature",
      "geometry": {
        "type": "Point",
        "coordinates": [
          130.1703823,
          33.5387823
        ]
      },
      "properties": {
        "内容": "バス停: 五反田 (糸島市コミュニティバス)",
        "name": "五反田",
        "operator": "糸島市コミュニティバス",
        "ref": "",
        "url": "",
        "url2": ""
      }
    },
    {
      "type": "Feature",
      "geometry": {
        "type": "Point",
        "coordinates": [
          130.1559195,
          33.5172341
        ]
      },
      "properties": {
        "内容": "バス停: 上深江 (糸島市コミュニティバス)",
        "name": "上深江",
        "operator": "糸島市コミュニティバス",
        "ref": "",
        "url": "",
        "url2": ""
      }
    },
    {
      "type": "Feature",
      "geometry": {
        "type": "Point",
        "coordinates": [
          130.5262512,
          33.5113761
        ]
      },
      "properties": {
        "内容": "バス停: 西鉄五条駅 (西鉄バス)",
        "name": "西鉄五条駅",
        "operator": "西鉄バス",
        "ref": "",
        "url": "",
        "url2": ""
      }
    },
    {
      "type": "Feature",
      "geometry": {
        "type": "Point",
        "coordinates": [
          130.5074624,
          33.5117875
        ]
      },
      "properties": {
        "内容": "バス停: 西鉄都府楼前駅",
        "name": "西鉄都府楼前駅",
        "operator": "事業者不明",
        "ref": "",
        "url": "",
        "url2": ""
      }
    },
    {
      "type": "Feature",
      "geometry": {
        "type": "Point",
        "coordinates": [
          130.5273307,
          33.5136927
        ]
      },
      "properties": {
        "内容": "バス停: 五条(郵便局前) (太宰府市コミュニティバス)",
        "name": "五条(郵便局前)",
        "operator": "太宰府市コミュニティバス",
        "ref": "",
        "url": "",
        "url2": ""
      }
    },
    {
      "type": "Feature",
      "geometry": {
        "type": "Point",
        "coordinates": [
          130.524113,
          33.513677
        ]
      },
      "properties": {
        "内容": "バス停: 太宰府市役所前 (西鉄バス)",
        "name": "太宰府市役所前",
        "operator": "西鉄バス",
        "ref": "",
        "url": "",
        "url2": ""
      }
    },
    {
      "type": "Feature",
      "geometry": {
        "type": "Point",
        "coordinates": [
          130.5209265,
          33.5135094
        ]
      },
      "properties": {
        "内容": "バス停: 観世音寺前",
        "name": "観世音寺前",
        "operator": "事業者不明",
        "ref": "",
        "url": "",
        "url2": ""
      }
    },
    {
      "type": "Feature",
      "geometry": {
        "type": "Point",
        "coordinates": [
          130.5090319,
          33.5133238
        ]
      },
      "properties": {
        "内容": "バス停: 関屋",
        "name": "関屋",
        "operator": "事業者不明",
        "ref": "",
        "url": "",
        "url2": ""
      }
    },
    {
      "type": "Feature",
      "geometry": {
        "type": "Point",
        "coordinates": [
          130.5091397,
          33.5132313
        ]
      },
      "properties": {
        "内容": "バス停: 関屋",
        "name": "関屋",
        "operator": "事業者不明",
        "ref": "",
        "url": "",
        "url2": ""
      }
    },
    {
      "type": "Feature",
      "geometry": {
        "type": "Point",
        "coordinates": [
          130.5297934,
          33.5162067
        ]
      },
      "properties": {
        "内容": "バス停: 梅大路 (太宰府市コミュニティバス)",
        "name": "梅大路",
        "operator": "太宰府市コミュニティバス",
        "ref": "",
        "url": "",
        "url2": ""
      }
    },
    {
      "type": "Feature",
      "geometry": {
        "type": "Point",
        "coordinates": [
          130.5177066,
          33.5029591
        ]
      },
      "properties": {
        "内容": "バス停: 西鉄二日市東口 (西鉄バス)",
        "name": "西鉄二日市東口",
        "operator": "西鉄バス",
        "ref": "",
        "url": "",
        "url2": ""
      }
    },
    {
      "type": "Feature",
      "geometry": {
        "type": "Point",
        "coordinates": [
          130.5310727,
          33.5190747
        ]
      },
      "properties": {
        "内容": "バス停: 太宰府 (西鉄バス)",
        "name": "太宰府",
        "operator": "西鉄バス",
        "ref": "",
        "url": "",
        "url2": ""
      }
    },
    {
      "type": "Feature",
      "geometry": {
        "type": "Point",
        "coordinates": [
          130.5265743,
          33.5108587
        ]
      },
      "properties": {
        "内容": "バス停: いきいき情報センター (西鉄バス)",
        "name": "いきいき情報センター",
        "operator": "西鉄バス",
        "ref": "",
        "url": "",
        "url2": ""
      }
    },
    {
      "type": "Feature",
      "geometry": {
        "type": "Point",
        "coordinates": [
          130.526666,
          33.5105814
        ]
      },
      "properties": {
        "内容": "バス停: いきいき情報センター (西鉄バス)",
        "name": "いきいき情報センター",
        "operator": "西鉄バス",
        "ref": "",
        "url": "",
        "url2": ""
      }
    },
    {
      "type": "Feature",
      "geometry": {
        "type": "Point",
        "coordinates": [
          130.5303205,
          33.5076178
        ]
      },
      "properties": {
        "内容": "バス停: 五条台公民館前 (西鉄バス)",
        "name": "五条台公民館前",
        "operator": "西鉄バス",
        "ref": "",
        "url": "",
        "url2": ""
      }
    },
    {
      "type": "Feature",
      "geometry": {
        "type": "Point",
        "coordinates": [
          130.5303098,
          33.5075754
        ]
      },
      "properties": {
        "内容": "バス停: 五条台公民館前 (西鉄バス)",
        "name": "五条台公民館前",
        "operator": "西鉄バス",
        "ref": "",
        "url": "",
        "url2": ""
      }
    },
    {
      "type": "Feature",
      "geometry": {
        "type": "Point",
        "coordinates": [
          130.5321083,
          33.5075423
        ]
      },
      "properties": {
        "内容": "バス停: 五条台 (西鉄バス)",
        "name": "五条台",
        "operator": "西鉄バス",
        "ref": "",
        "url": "",
        "url2": ""
      }
    },
    {
      "type": "Feature",
      "geometry": {
        "type": "Point",
        "coordinates": [
          130.5320836,
          33.5074806
        ]
      },
      "properties": {
        "内容": "バス停: 五条台 (西鉄バス)",
        "name": "五条台",
        "operator": "西鉄バス",
        "ref": "",
        "url": "",
        "url2": ""
      }
    },
    {
      "type": "Feature",
      "geometry": {
        "type": "Point",
        "coordinates": [
          130.5350973,
          33.5076962
        ]
      },
      "properties": {
        "内容": "バス停: 東ケ丘 (西鉄バス)",
        "name": "東ケ丘",
        "operator": "西鉄バス",
        "ref": "",
        "url": "",
        "url2": ""
      }
    },
    {
      "type": "Feature",
      "geometry": {
        "type": "Point",
        "coordinates": [
          130.5353252,
          33.5077869
        ]
      },
      "properties": {
        "内容": "バス停: 東ケ丘 (西鉄バス)",
        "name": "東ケ丘",
        "operator": "西鉄バス",
        "ref": "",
        "url": "",
        "url2": ""
      }
    },
    {
      "type": "Feature",
      "geometry": {
        "type": "Point",
        "coordinates": [
          130.5366014,
          33.5054353
        ]
      },
      "properties": {
        "内容": "バス停: 星ヶ丘第一 (西鉄バス)",
        "name": "星ヶ丘第一",
        "operator": "西鉄バス",
        "ref": "",
        "url": "",
        "url2": ""
      }
    },
    {
      "type": "Feature",
      "geometry": {
        "type": "Point",
        "coordinates": [
          130.5365136,
          33.505443
        ]
      },
      "properties": {
        "内容": "バス停: 星ヶ丘第一 (西鉄バス)",
        "name": "星ヶ丘第一",
        "operator": "西鉄バス",
        "ref": "",
        "url": "",
        "url2": ""
      }
    },
    {
      "type": "Feature",
      "geometry": {
        "type": "Point",
        "coordinates": [
          130.5363175,
          33.503743
        ]
      },
      "properties": {
        "内容": "バス停: 星ヶ丘第二 (西鉄バス)",
        "name": "星ヶ丘第二",
        "operator": "西鉄バス",
        "ref": "",
        "url": "",
        "url2": ""
      }
    },
    {
      "type": "Feature",
      "geometry": {
        "type": "Point",
        "coordinates": [
          130.5385451,
          33.5031134
        ]
      },
      "properties": {
        "内容": "バス停: 星ヶ丘第二 (西鉄バス)",
        "name": "星ヶ丘第二",
        "operator": "西鉄バス",
        "ref": "",
        "url": "",
        "url2": ""
      }
    },
    {
      "type": "Feature",
      "geometry": {
        "type": "Point",
        "coordinates": [
          130.5394828,
          33.5023703
        ]
      },
      "properties": {
        "内容": "バス停: 緑台公民館前 (西鉄バス)",
        "name": "緑台公民館前",
        "operator": "西鉄バス",
        "ref": "",
        "url": "",
        "url2": ""
      }
    },
    {
      "type": "Feature",
      "geometry": {
        "type": "Point",
        "coordinates": [
          130.539564,
          33.5021195
        ]
      },
      "properties": {
        "内容": "バス停: 緑台公民館前 (西鉄バス)",
        "name": "緑台公民館前",
        "operator": "西鉄バス",
        "ref": "",
        "url": "",
        "url2": ""
      }
    },
    {
      "type": "Feature",
      "geometry": {
        "type": "Point",
        "coordinates": [
          130.5406919,
          33.5013872
        ]
      },
      "properties": {
        "内容": "バス停: 太宰府高校入口 (西鉄バス)",
        "name": "太宰府高校入口",
        "operator": "西鉄バス",
        "ref": "",
        "url": "",
        "url2": ""
      }
    },
    {
      "type": "Feature",
      "geometry": {
        "type": "Point",
        "coordinates": [
          130.5273169,
          33.5136931
        ]
      },
      "properties": {
        "内容": "バス停: 五条 (西鉄バス)",
        "name": "五条",
        "operator": "西鉄バス",
        "ref": "",
        "url": "",
        "url2": ""
      }
    },
    {
      "type": "Feature",
      "geometry": {
        "type": "Point",
        "coordinates": [
          130.5273548,
          33.51359
        ]
      },
      "properties": {
        "内容": "バス停: 五条 (西鉄バス)",
        "name": "五条",
        "operator": "西鉄バス",
        "ref": "",
        "url": "",
        "url2": ""
      }
    },
    {
      "type": "Feature",
      "geometry": {
        "type": "Point",
        "coordinates": [
          130.5340396,
          33.5226945
        ]
      },
      "properties": {
        "内容": "バス停: 宮前 (西鉄バス)",
        "name": "宮前",
        "operator": "西鉄バス",
        "ref": "",
        "url": "",
        "url2": ""
      }
    },
    {
      "type": "Feature",
      "geometry": {
        "type": "Point",
        "coordinates": [
          130.536166,
          33.4991098
        ]
      },
      "properties": {
        "内容": "バス停: 泉ケ丘 (西鉄バス)",
        "name": "泉ケ丘",
        "operator": "西鉄バス",
        "ref": "",
        "url": "",
        "url2": ""
      }
    },
    {
      "type": "Feature",
      "geometry": {
        "type": "Point",
        "coordinates": [
          130.5361082,
          33.4989627
        ]
      },
      "properties": {
        "内容": "バス停: 泉ケ丘 (西鉄バス)",
        "name": "泉ケ丘",
        "operator": "西鉄バス",
        "ref": "",
        "url": "",
        "url2": ""
      }
    },
    {
      "type": "Feature",
      "geometry": {
        "type": "Point",
        "coordinates": [
          130.5252724,
          33.5075746
        ]
      },
      "properties": {
        "内容": "バス停: 君畑 (西鉄バス)",
        "name": "君畑",
        "operator": "西鉄バス",
        "ref": "",
        "url": "",
        "url2": ""
      }
    },
    {
      "type": "Feature",
      "geometry": {
        "type": "Point",
        "coordinates": [
          130.5259407,
          33.5070034
        ]
      },
      "properties": {
        "内容": "バス停: 君畑 (西鉄バス)",
        "name": "君畑",
        "operator": "西鉄バス",
        "ref": "",
        "url": "",
        "url2": ""
      }
    },
    {
      "type": "Feature",
      "geometry": {
        "type": "Point",
        "coordinates": [
          130.5306001,
          33.5046004
        ]
      },
      "properties": {
        "内容": "バス停: 星ヶ丘入口 (西鉄バス)",
        "name": "星ヶ丘入口",
        "operator": "西鉄バス",
        "ref": "",
        "url": "",
        "url2": ""
      }
    },
    {
      "type": "Feature",
      "geometry": {
        "type": "Point",
        "coordinates": [
          130.5304345,
          33.5042472
        ]
      },
      "properties": {
        "内容": "バス停: 星ヶ丘入口 (西鉄バス)",
        "name": "星ヶ丘入口",
        "operator": "西鉄バス",
        "ref": "",
        "url": "",
        "url2": ""
      }
    },
    {
      "type": "Feature",
      "geometry": {
        "type": "Point",
        "coordinates": [
          130.5316215,
          33.5030777
        ]
      },
      "properties": {
        "内容": "バス停: 梅香苑入口 (西鉄バス)",
        "name": "梅香苑入口",
        "operator": "西鉄バス",
        "ref": "",
        "url": "",
        "url2": ""
      }
    },
    {
      "type": "Feature",
      "geometry": {
        "type": "Point",
        "coordinates": [
          130.5317506,
          33.5029479
        ]
      },
      "properties": {
        "内容": "バス停: 梅香苑入口 (西鉄バス)",
        "name": "梅香苑入口",
        "operator": "西鉄バス",
        "ref": "",
        "url": "",
        "url2": ""
      }
    },
    {
      "type": "Feature",
      "geometry": {
        "type": "Point",
        "coordinates": [
          130.5323222,
          33.501862
        ]
      },
      "properties": {
        "内容": "バス停: 梅香苑第一 (西鉄バス)",
        "name": "梅香苑第一",
        "operator": "西鉄バス",
        "ref": "",
        "url": "",
        "url2": ""
      }
    },
    {
      "type": "Feature",
      "geometry": {
        "type": "Point",
        "coordinates": [
          130.5328239,
          33.5012498
        ]
      },
      "properties": {
        "内容": "バス停: 梅香苑第一 (西鉄バス)",
        "name": "梅香苑第一",
        "operator": "西鉄バス",
        "ref": "",
        "url": "",
        "url2": ""
      }
    },
    {
      "type": "Feature",
      "geometry": {
        "type": "Point",
        "coordinates": [
          130.5331687,
          33.5004156
        ]
      },
      "properties": {
        "内容": "バス停: 梅香苑第二 (西鉄バス)",
        "name": "梅香苑第二",
        "operator": "西鉄バス",
        "ref": "",
        "url": "",
        "url2": ""
      }
    },
    {
      "type": "Feature",
      "geometry": {
        "type": "Point",
        "coordinates": [
          130.5332488,
          33.5004732
        ]
      },
      "properties": {
        "内容": "バス停: 梅香苑第二 (西鉄バス)",
        "name": "梅香苑第二",
        "operator": "西鉄バス",
        "ref": "",
        "url": "",
        "url2": ""
      }
    },
    {
      "type": "Feature",
      "geometry": {
        "type": "Point",
        "coordinates": [
          130.5173336,
          33.5112412
        ]
      },
      "properties": {
        "内容": "バス停: 筑陽学園前 (西鉄バス)",
        "name": "筑陽学園前",
        "operator": "西鉄バス",
        "ref": "",
        "url": "",
        "url2": ""
      }
    },
    {
      "type": "Feature",
      "geometry": {
        "type": "Point",
        "coordinates": [
          130.5171795,
          33.5109725
        ]
      },
      "properties": {
        "内容": "バス停: 筑陽学園前 (西鉄バス)",
        "name": "筑陽学園前",
        "operator": "西鉄バス",
        "ref": "",
        "url": "",
        "url2": ""
      }
    },
    {
      "type": "Feature",
      "geometry": {
        "type": "Point",
        "coordinates": [
          130.5502611,
          33.5281592
        ]
      },
      "properties": {
        "内容": "バス停: 内山 (竈門神社前) (太宰府コミュニティーバス)",
        "name": "内山 (竈門神社前)",
        "operator": "太宰府コミュニティーバス",
        "ref": "",
        "url": "",
        "url2": ""
      }
    },
    {
      "type": "Feature",
      "geometry": {
        "type": "Point",
        "coordinates": [
          130.5256096,
          33.5114724
        ]
      },
      "properties": {
        "内容": "バス停: 西鉄五条駅横 (太宰府コミュニティーバス)",
        "name": "西鉄五条駅横",
        "operator": "太宰府コミュニティーバス",
        "ref": "",
        "url": "",
        "url2": ""
      }
    },
    {
      "type": "Feature",
      "geometry": {
        "type": "Point",
        "coordinates": [
          130.5340918,
          33.521904
        ]
      },
      "properties": {
        "内容": "バス停: 宮前 (西鉄バス)",
        "name": "宮前",
        "operator": "西鉄バス",
        "ref": "",
        "url": "",
        "url2": ""
      }
    },
    {
      "type": "Feature",
      "geometry": {
        "type": "Point",
        "coordinates": [
          130.5184655,
          33.4953104
        ]
      },
      "properties": {
        "内容": "バス停: ＪＲ二日市 (西鉄バス)",
        "name": "ＪＲ二日市",
        "operator": "西鉄バス",
        "ref": "",
        "url": "",
        "url2": ""
      }
    },
    {
      "type": "Feature",
      "geometry": {
        "type": "Point",
        "coordinates": [
          130.5239636,
          33.5130114
        ]
      },
      "properties": {
        "内容": "バス停: 太宰府市役所",
        "name": "太宰府市役所",
        "operator": "事業者不明",
        "ref": "",
        "url": "",
        "url2": ""
      }
    },
    {
      "type": "Feature",
      "geometry": {
        "type": "Point",
        "coordinates": [
          130.3006015,
          33.5612667
        ]
      },
      "properties": {
        "内容": "バス停: 西市民プール前",
        "name": "西市民プール前",
        "operator": "事業者不明",
        "ref": "",
        "url": "",
        "url2": ""
      }
    },
    {
      "type": "Feature",
      "geometry": {
        "type": "Point",
        "coordinates": [
          130.3004818,
          33.5617034
        ]
      },
      "properties": {
        "内容": "バス停: 西市民プール前",
        "name": "西市民プール前",
        "operator": "事業者不明",
        "ref": "",
        "url": "",
        "url2": ""
      }
    },
    {
      "type": "Feature",
      "geometry": {
        "type": "Point",
        "coordinates": [
          130.3029364,
          33.55923
        ]
      },
      "properties": {
        "内容": "バス停: 福岡リハビリテーション病院前",
        "name": "福岡リハビリテーション病院前",
        "operator": "事業者不明",
        "ref": "",
        "url": "",
        "url2": ""
      }
    },
    {
      "type": "Feature",
      "geometry": {
        "type": "Point",
        "coordinates": [
          130.3048682,
          33.558384
        ]
      },
      "properties": {
        "内容": "バス停: 野方西団地",
        "name": "野方西団地",
        "operator": "事業者不明",
        "ref": "",
        "url": "",
        "url2": ""
      }
    },
    {
      "type": "Feature",
      "geometry": {
        "type": "Point",
        "coordinates": [
          130.3046215,
          33.5585293
        ]
      },
      "properties": {
        "内容": "バス停: 野方西団地",
        "name": "野方西団地",
        "operator": "事業者不明",
        "ref": "",
        "url": "",
        "url2": ""
      }
    },
    {
      "type": "Feature",
      "geometry": {
        "type": "Point",
        "coordinates": [
          130.2205409,
          33.5681527
        ]
      },
      "properties": {
        "内容": "バス停: 東風小学校入口 (糸島市コミュニティバス)",
        "name": "東風小学校入口",
        "operator": "糸島市コミュニティバス",
        "ref": "",
        "url": "",
        "url2": ""
      }
    },
    {
      "type": "Feature",
      "geometry": {
        "type": "Point",
        "coordinates": [
          130.2206951,
          33.5680935
        ]
      },
      "properties": {
        "内容": "バス停: 東風小学校入口 (糸島市コミュニティバス)",
        "name": "東風小学校入口",
        "operator": "糸島市コミュニティバス",
        "ref": "",
        "url": "",
        "url2": ""
      }
    },
    {
      "type": "Feature",
      "geometry": {
        "type": "Point",
        "coordinates": [
          130.2186862,
          33.5722101
        ]
      },
      "properties": {
        "内容": "バス停: 志登 (糸島市コミュニティバス)",
        "name": "志登",
        "operator": "糸島市コミュニティバス",
        "ref": "",
        "url": "",
        "url2": ""
      }
    },
    {
      "type": "Feature",
      "geometry": {
        "type": "Point",
        "coordinates": [
          130.2189269,
          33.5721682
        ]
      },
      "properties": {
        "内容": "バス停: 志登 (糸島市コミュニティバス)",
        "name": "志登",
        "operator": "糸島市コミュニティバス",
        "ref": "",
        "url": "",
        "url2": ""
      }
    },
    {
      "type": "Feature",
      "geometry": {
        "type": "Point",
        "coordinates": [
          130.371378,
          33.5902105
        ]
      },
      "properties": {
        "内容": "バス停: 唐人町",
        "name": "唐人町",
        "operator": "事業者不明",
        "ref": "",
        "url": "",
        "url2": ""
      }
    },
    {
      "type": "Feature",
      "geometry": {
        "type": "Point",
        "coordinates": [
          130.5390426,
          33.5022008
        ]
      },
      "properties": {
        "内容": "バス停: 緑台公民館前 (西鉄バス)",
        "name": "緑台公民館前",
        "operator": "西鉄バス",
        "ref": "",
        "url": "",
        "url2": ""
      }
    },
    {
      "type": "Feature",
      "geometry": {
        "type": "Point",
        "coordinates": [
          130.5390855,
          33.5021548
        ]
      },
      "properties": {
        "内容": "バス停: 緑台公民館前 (西鉄バス)",
        "name": "緑台公民館前",
        "operator": "西鉄バス",
        "ref": "",
        "url": "",
        "url2": ""
      }
    },
    {
      "type": "Feature",
      "geometry": {
        "type": "Point",
        "coordinates": [
          130.5230455,
          33.5059662
        ]
      },
      "properties": {
        "内容": "バス停: 日本経済大学前 (西鉄バス)",
        "name": "日本経済大学前",
        "operator": "西鉄バス",
        "ref": "",
        "url": "",
        "url2": ""
      }
    },
    {
      "type": "Feature",
      "geometry": {
        "type": "Point",
        "coordinates": [
          130.5233219,
          33.5064649
        ]
      },
      "properties": {
        "内容": "バス停: 日本経済大学前 (西鉄バス)",
        "name": "日本経済大学前",
        "operator": "西鉄バス",
        "ref": "",
        "url": "",
        "url2": ""
      }
    },
    {
      "type": "Feature",
      "geometry": {
        "type": "Point",
        "coordinates": [
          130.4757649,
          33.5372459
        ]
      },
      "properties": {
        "内容": "バス停: イオン大野城 (西鉄バス)",
        "name": "イオン大野城",
        "operator": "西鉄バス",
        "ref": "",
        "url": "",
        "url2": ""
      }
    },
    {
      "type": "Feature",
      "geometry": {
        "type": "Point",
        "coordinates": [
          130.527954,
          33.5082036
        ]
      },
      "properties": {
        "内容": "バス停: 五条台口 (太宰府市コミュニティバス)",
        "name": "五条台口",
        "operator": "太宰府市コミュニティバス",
        "ref": "",
        "url": "",
        "url2": ""
      }
    },
    {
      "type": "Feature",
      "geometry": {
        "type": "Point",
        "coordinates": [
          130.4871986,
          33.5901967
        ]
      },
      "properties": {
        "内容": "バス停: シーメイト",
        "name": "シーメイト",
        "operator": "事業者不明",
        "ref": "",
        "url": "",
        "url2": ""
      }
    },
    {
      "type": "Feature",
      "geometry": {
        "type": "Point",
        "coordinates": [
          130.3226499,
          33.5593954
        ]
      },
      "properties": {
        "内容": "バス停: 橋本",
        "name": "橋本",
        "operator": "事業者不明",
        "ref": "",
        "url": "",
        "url2": ""
      }
    },
    {
      "type": "Feature",
      "geometry": {
        "type": "Point",
        "coordinates": [
          130.3224112,
          33.5595801
        ]
      },
      "properties": {
        "内容": "バス停: 橋本",
        "name": "橋本",
        "operator": "事業者不明",
        "ref": "",
        "url": "",
        "url2": ""
      }
    },
    {
      "type": "Feature",
      "geometry": {
        "type": "Point",
        "coordinates": [
          130.3272452,
          33.5591205
        ]
      },
      "properties": {
        "内容": "バス停: 美室団地口",
        "name": "美室団地口",
        "operator": "事業者不明",
        "ref": "",
        "url": "",
        "url2": ""
      }
    },
    {
      "type": "Feature",
      "geometry": {
        "type": "Point",
        "coordinates": [
          130.3282839,
          33.5593501
        ]
      },
      "properties": {
        "内容": "バス停: 美室団地口",
        "name": "美室団地口",
        "operator": "事業者不明",
        "ref": "",
        "url": "",
        "url2": ""
      }
    },
    {
      "type": "Feature",
      "geometry": {
        "type": "Point",
        "coordinates": [
          130.3314509,
          33.5598782
        ]
      },
      "properties": {
        "内容": "バス停: 有住小学校前",
        "name": "有住小学校前",
        "operator": "事業者不明",
        "ref": "",
        "url": "",
        "url2": ""
      }
    },
    {
      "type": "Feature",
      "geometry": {
        "type": "Point",
        "coordinates": [
          130.3316152,
          33.5599777
        ]
      },
      "properties": {
        "内容": "バス停: 有住小学校前",
        "name": "有住小学校前",
        "operator": "事業者不明",
        "ref": "",
        "url": "",
        "url2": ""
      }
    },
    {
      "type": "Feature",
      "geometry": {
        "type": "Point",
        "coordinates": [
          130.4398886,
          33.5677655
        ]
      },
      "properties": {
        "内容": "バス停: 那珂下原",
        "name": "那珂下原",
        "operator": "事業者不明",
        "ref": "",
        "url": "",
        "url2": ""
      }
    },
    {
      "type": "Feature",
      "geometry": {
        "type": "Point",
        "coordinates": [
          130.4397766,
          33.5681226
        ]
      },
      "properties": {
        "内容": "バス停: 那珂下原",
        "name": "那珂下原",
        "operator": "事業者不明",
        "ref": "",
        "url": "",
        "url2": ""
      }
    },
    {
      "type": "Feature",
      "geometry": {
        "type": "Point",
        "coordinates": [
          130.4393265,
          33.5653089
        ]
      },
      "properties": {
        "内容": "バス停: ららぽーと福岡",
        "name": "ららぽーと福岡",
        "operator": "事業者不明",
        "ref": "",
        "url": "",
        "url2": ""
      }
    },
    {
      "type": "Feature",
      "geometry": {
        "type": "Point",
        "coordinates": [
          130.3207576,
          33.5550139
        ]
      },
      "properties": {
        "内容": "バス停: 橋本駅",
        "name": "橋本駅",
        "operator": "事業者不明",
        "ref": "",
        "url": "",
        "url2": ""
      }
    },
    {
      "type": "Feature",
      "geometry": {
        "type": "Point",
        "coordinates": [
          130.4209468,
          33.6125212
        ]
      },
      "properties": {
        "内容": "バス停: 馬出通り",
        "name": "馬出通り",
        "operator": "事業者不明",
        "ref": "",
        "url": "",
        "url2": ""
      }
    },
    {
      "type": "Feature",
      "geometry": {
        "type": "Point",
        "coordinates": [
          130.4207732,
          33.6126613
        ]
      },
      "properties": {
        "内容": "バス停: 馬出通り",
        "name": "馬出通り",
        "operator": "事業者不明",
        "ref": "",
        "url": "",
        "url2": ""
      }
    },
    {
      "type": "Feature",
      "geometry": {
        "type": "Point",
        "coordinates": [
          130.948596,
          33.8043798
        ]
      },
      "properties": {
        "内容": "バス停: 日豊団地",
        "name": "日豊団地",
        "operator": "事業者不明",
        "ref": "",
        "url": "",
        "url2": ""
      }
    },
    {
      "type": "Feature",
      "geometry": {
        "type": "Point",
        "coordinates": [
          130.9486614,
          33.8044227
        ]
      },
      "properties": {
        "内容": "バス停: 日豊団地",
        "name": "日豊団地",
        "operator": "事業者不明",
        "ref": "",
        "url": "",
        "url2": ""
      }
    },
    {
      "type": "Feature",
      "geometry": {
        "type": "Point",
        "coordinates": [
          130.9498805,
          33.8052732
        ]
      },
      "properties": {
        "内容": "バス停: 日豊みどり公園",
        "name": "日豊みどり公園",
        "operator": "事業者不明",
        "ref": "",
        "url": "",
        "url2": ""
      }
    },
    {
      "type": "Feature",
      "geometry": {
        "type": "Point",
        "coordinates": [
          130.9497343,
          33.8048941
        ]
      },
      "properties": {
        "内容": "バス停: 日豊みどり公園",
        "name": "日豊みどり公園",
        "operator": "事業者不明",
        "ref": "",
        "url": "",
        "url2": ""
      }
    },
    {
      "type": "Feature",
      "geometry": {
        "type": "Point",
        "coordinates": [
          130.301637,
          33.5690283
        ]
      },
      "properties": {
        "内容": "バス停: 宮の前団地団地",
        "name": "宮の前団地団地",
        "operator": "事業者不明",
        "ref": "",
        "url": "",
        "url2": ""
      }
    },
    {
      "type": "Feature",
      "geometry": {
        "type": "Point",
        "coordinates": [
          130.2818857,
          33.5801209
        ]
      },
      "properties": {
        "内容": "バス停: 長垂海浜公園前 (姪浜タクシー;福岡市)",
        "name": "長垂海浜公園前",
        "operator": "姪浜タクシー;福岡市",
        "ref": "8",
        "url": "",
        "url2": ""
      }
    },
    {
      "type": "Feature",
      "geometry": {
        "type": "Point",
        "coordinates": [
          130.5750004,
          33.7913404
        ]
      },
      "properties": {
        "内容": "バス停: 自由ヶ丘小学校入口",
        "name": "自由ヶ丘小学校入口",
        "operator": "事業者不明",
        "ref": "",
        "url": "",
        "url2": ""
      }
    },
    {
      "type": "Feature",
      "geometry": {
        "type": "Point",
        "coordinates": [
          130.8724686,
          33.4773509
        ]
      },
      "properties": {
        "内容": "バス停: 深倉",
        "name": "深倉",
        "operator": "事業者不明",
        "ref": "",
        "url": "",
        "url2": ""
      }
    },
    {
      "type": "Feature",
      "geometry": {
        "type": "Point",
        "coordinates": [
          130.37584,
          33.5614865
        ]
      },
      "properties": {
        "内容": "バス停: 12",
        "name": "12",
        "operator": "事業者不明",
        "ref": "",
        "url": "",
        "url2": ""
      }
    },
    {
      "type": "Feature",
      "geometry": {
        "type": "Point",
        "coordinates": [
          130.8113254,
          33.362528
        ]
      },
      "properties": {
        "内容": "バス停: 杷木",
        "name": "杷木",
        "operator": "事業者不明",
        "ref": "",
        "url": "",
        "url2": ""
      }
    },
    {
      "type": "Feature",
      "geometry": {
        "type": "Point",
        "coordinates": [
          130.5877654,
          33.7819278
        ]
      },
      "properties": {
        "内容": "バス停: 自由ヶ丘南二丁目",
        "name": "自由ヶ丘南二丁目",
        "operator": "事業者不明",
        "ref": "",
        "url": "",
        "url2": ""
      }
    },
    {
      "type": "Feature",
      "geometry": {
        "type": "Point",
        "coordinates": [
          130.2224007,
          33.5402541
        ]
      },
      "properties": {
        "内容": "バス停: 名称不明バス停",
        "name": "名称不明バス停",
        "operator": "事業者不明",
        "ref": "",
        "url": "",
        "url2": ""
      }
    },
    {
      "type": "Feature",
      "geometry": {
        "type": "Point",
        "coordinates": [
          130.2527091,
          33.5814342
        ]
      },
      "properties": {
        "内容": "バス停: ゲートウェイ (昭和自動車)",
        "name": "ゲートウェイ",
        "operator": "昭和自動車",
        "ref": "",
        "url": "",
        "url2": ""
      }
    },
    {
      "type": "Feature",
      "geometry": {
        "type": "Point",
        "coordinates": [
          130.2528622,
          33.5809059
        ]
      },
      "properties": {
        "内容": "バス停: ゲートウェイ (昭和自動車)",
        "name": "ゲートウェイ",
        "operator": "昭和自動車",
        "ref": "",
        "url": "",
        "url2": ""
      }
    },
    {
      "type": "Feature",
      "geometry": {
        "type": "Point",
        "coordinates": [
          130.3121681,
          33.614778
        ]
      },
      "properties": {
        "内容": "バス停: 北浦口",
        "name": "北浦口",
        "operator": "事業者不明",
        "ref": "",
        "url": "",
        "url2": ""
      }
    },
    {
      "type": "Feature",
      "geometry": {
        "type": "Point",
        "coordinates": [
          130.3090907,
          33.6156623
        ]
      },
      "properties": {
        "内容": "バス停: 能古学校前",
        "name": "能古学校前",
        "operator": "事業者不明",
        "ref": "",
        "url": "",
        "url2": ""
      }
    },
    {
      "type": "Feature",
      "geometry": {
        "type": "Point",
        "coordinates": [
          130.3049293,
          33.6192744
        ]
      },
      "properties": {
        "内容": "バス停: 早田古墳入口",
        "name": "早田古墳入口",
        "operator": "事業者不明",
        "ref": "",
        "url": "",
        "url2": ""
      }
    },
    {
      "type": "Feature",
      "geometry": {
        "type": "Point",
        "coordinates": [
          130.3062204,
          33.6224884
        ]
      },
      "properties": {
        "内容": "バス停: 小平谷",
        "name": "小平谷",
        "operator": "事業者不明",
        "ref": "",
        "url": "",
        "url2": ""
      }
    },
    {
      "type": "Feature",
      "geometry": {
        "type": "Point",
        "coordinates": [
          130.3038662,
          33.6256596
        ]
      },
      "properties": {
        "内容": "バス停: 展望台・思索の森入口",
        "name": "展望台・思索の森入口",
        "operator": "事業者不明",
        "ref": "",
        "url": "",
        "url2": ""
      }
    },
    {
      "type": "Feature",
      "geometry": {
        "type": "Point",
        "coordinates": [
          130.3033054,
          33.6292026
        ]
      },
      "properties": {
        "内容": "バス停: 教会前",
        "name": "教会前",
        "operator": "事業者不明",
        "ref": "",
        "url": "",
        "url2": ""
      }
    },
    {
      "type": "Feature",
      "geometry": {
        "type": "Point",
        "coordinates": [
          130.3020082,
          33.6315541
        ]
      },
      "properties": {
        "内容": "バス停: アイランドパーク",
        "name": "アイランドパーク",
        "operator": "事業者不明",
        "ref": "",
        "url": "",
        "url2": ""
      }
    },
    {
      "type": "Feature",
      "geometry": {
        "type": "Point",
        "coordinates": [
          130.933839,
          33.9041043
        ]
      },
      "properties": {
        "内容": "バス停: 新門司フェリーターミナル連絡バス",
        "name": "新門司フェリーターミナル連絡バス",
        "operator": "事業者不明",
        "ref": "",
        "url": "",
        "url2": ""
      }
    },
    {
      "type": "Feature",
      "geometry": {
        "type": "Point",
        "coordinates": [
          130.9323806,
          33.9046509
        ]
      },
      "properties": {
        "内容": "バス停: 名門大洋フェリー連絡バス",
        "name": "名門大洋フェリー連絡バス",
        "operator": "事業者不明",
        "ref": "",
        "url": "",
        "url2": ""
      }
    },
    {
      "type": "Feature",
      "geometry": {
        "type": "Point",
        "coordinates": [
          130.3833148,
          33.5345205
        ]
      },
      "properties": {
        "内容": "バス停: 駄ヶ原 (西日本鉄道)",
        "name": "駄ヶ原",
        "operator": "西日本鉄道",
        "ref": "",
        "url": "",
        "url2": ""
      }
    },
    {
      "type": "Feature",
      "geometry": {
        "type": "Point",
        "coordinates": [
          130.4165204,
          33.6015061
        ]
      },
      "properties": {
        "内容": "バス停: 名称不明バス停 (西日本鉄道)",
        "name": "名称不明バス停",
        "operator": "西日本鉄道",
        "ref": "",
        "url": "",
        "url2": ""
      }
    },
    {
      "type": "Feature",
      "geometry": {
        "type": "Point",
        "coordinates": [
          130.416409,
          33.6016295
        ]
      },
      "properties": {
        "内容": "バス停: 名称不明バス停 (西日本鉄道)",
        "name": "名称不明バス停",
        "operator": "西日本鉄道",
        "ref": "",
        "url": "",
        "url2": ""
      }
    },
    {
      "type": "Feature",
      "geometry": {
        "type": "Point",
        "coordinates": [
          130.1835653,
          33.583161
        ]
      },
      "properties": {
        "内容": "バス停: 交流プラザ志摩会館前 (糸島市コミュニティバス)",
        "name": "交流プラザ志摩会館前",
        "operator": "糸島市コミュニティバス",
        "ref": "",
        "url": "",
        "url2": ""
      }
    },
    {
      "type": "Feature",
      "geometry": {
        "type": "Point",
        "coordinates": [
          130.8795974,
          33.3791237
        ]
      },
      "properties": {
        "内容": "バス停: 宝珠山",
        "name": "宝珠山",
        "operator": "事業者不明",
        "ref": "",
        "url": "",
        "url2": "Q5965251"
      }
    },
    {
      "type": "Feature",
      "geometry": {
        "type": "Point",
        "coordinates": [
          130.8794705,
          33.3791998
        ]
      },
      "properties": {
        "内容": "バス停: 宝珠山",
        "name": "宝珠山",
        "operator": "事業者不明",
        "ref": "",
        "url": "",
        "url2": "Q5965251"
      }
    },
    {
      "type": "Feature",
      "geometry": {
        "type": "Point",
        "coordinates": [
          130.8725164,
          33.4773325
        ]
      },
      "properties": {
        "内容": "バス停: 深倉",
        "name": "深倉",
        "operator": "事業者不明",
        "ref": "",
        "url": "",
        "url2": ""
      }
    },
    {
      "type": "Feature",
      "geometry": {
        "type": "Point",
        "coordinates": [
          130.8746273,
          33.3966322
        ]
      },
      "properties": {
        "内容": "バス停: 大行司 (九州旅客鉄道)",
        "name": "大行司",
        "operator": "九州旅客鉄道",
        "ref": "",
        "url": "",
        "url2": "Q5209120"
      }
    },
    {
      "type": "Feature",
      "geometry": {
        "type": "Point",
        "coordinates": [
          130.8814163,
          33.4308117
        ]
      },
      "properties": {
        "内容": "バス停: 筑前岩屋 (九州旅客鉄道)",
        "name": "筑前岩屋",
        "operator": "九州旅客鉄道",
        "ref": "",
        "url": "",
        "url2": "Q5097528"
      }
    },
    {
      "type": "Feature",
      "geometry": {
        "type": "Point",
        "coordinates": [
          130.8692081,
          33.5002196
        ]
      },
      "properties": {
        "内容": "バス停: 彦山 (九州旅客鉄道)",
        "name": "彦山",
        "operator": "九州旅客鉄道",
        "ref": "",
        "url": "",
        "url2": "Q5760676"
      }
    },
    {
      "type": "Feature",
      "geometry": {
        "type": "Point",
        "coordinates": [
          130.8654064,
          33.509917
        ]
      },
      "properties": {
        "内容": "バス停: 旧英彦中学校前",
        "name": "旧英彦中学校前",
        "operator": "事業者不明",
        "ref": "",
        "url": "",
        "url2": ""
      }
    },
    {
      "type": "Feature",
      "geometry": {
        "type": "Point",
        "coordinates": [
          130.8655946,
          33.5095751
        ]
      },
      "properties": {
        "内容": "バス停: 旧英彦中学校前",
        "name": "旧英彦中学校前",
        "operator": "事業者不明",
        "ref": "",
        "url": "",
        "url2": ""
      }
    },
    {
      "type": "Feature",
      "geometry": {
        "type": "Point",
        "coordinates": [
          130.8615777,
          33.515686
        ]
      },
      "properties": {
        "内容": "バス停: 屋形原",
        "name": "屋形原",
        "operator": "事業者不明",
        "ref": "",
        "url": "",
        "url2": ""
      }
    },
    {
      "type": "Feature",
      "geometry": {
        "type": "Point",
        "coordinates": [
          130.8611032,
          33.5159241
        ]
      },
      "properties": {
        "内容": "バス停: 屋形原",
        "name": "屋形原",
        "operator": "事業者不明",
        "ref": "",
        "url": "",
        "url2": ""
      }
    },
    {
      "type": "Feature",
      "geometry": {
        "type": "Point",
        "coordinates": [
          130.8616164,
          33.5190054
        ]
      },
      "properties": {
        "内容": "バス停: 下落合",
        "name": "下落合",
        "operator": "事業者不明",
        "ref": "",
        "url": "",
        "url2": ""
      }
    },
    {
      "type": "Feature",
      "geometry": {
        "type": "Point",
        "coordinates": [
          130.8609508,
          33.5184725
        ]
      },
      "properties": {
        "内容": "バス停: 下落合",
        "name": "下落合",
        "operator": "事業者不明",
        "ref": "",
        "url": "",
        "url2": ""
      }
    },
    {
      "type": "Feature",
      "geometry": {
        "type": "Point",
        "coordinates": [
          130.862886,
          33.5251952
        ]
      },
      "properties": {
        "内容": "バス停: 柳原",
        "name": "柳原",
        "operator": "事業者不明",
        "ref": "",
        "url": "",
        "url2": ""
      }
    },
    {
      "type": "Feature",
      "geometry": {
        "type": "Point",
        "coordinates": [
          130.8627201,
          33.5255822
        ]
      },
      "properties": {
        "内容": "バス停: 柳原",
        "name": "柳原",
        "operator": "事業者不明",
        "ref": "",
        "url": "",
        "url2": ""
      }
    },
    {
      "type": "Feature",
      "geometry": {
        "type": "Point",
        "coordinates": [
          130.862465,
          33.5350272
        ]
      },
      "properties": {
        "内容": "バス停: 豊前桝田",
        "name": "豊前桝田",
        "operator": "事業者不明",
        "ref": "",
        "url": "",
        "url2": "Q5003441"
      }
    },
    {
      "type": "Feature",
      "geometry": {
        "type": "Point",
        "coordinates": [
          130.8623252,
          33.5350381
        ]
      },
      "properties": {
        "内容": "バス停: 豊前桝田",
        "name": "豊前桝田",
        "operator": "事業者不明",
        "ref": "",
        "url": "",
        "url2": "Q5003441"
      }
    },
    {
      "type": "Feature",
      "geometry": {
        "type": "Point",
        "coordinates": [
          130.8610393,
          33.5434456
        ]
      },
      "properties": {
        "内容": "バス停: 貴船橋",
        "name": "貴船橋",
        "operator": "事業者不明",
        "ref": "",
        "url": "",
        "url2": ""
      }
    },
    {
      "type": "Feature",
      "geometry": {
        "type": "Point",
        "coordinates": [
          130.86054,
          33.5449102
        ]
      },
      "properties": {
        "内容": "バス停: 貴船橋",
        "name": "貴船橋",
        "operator": "事業者不明",
        "ref": "",
        "url": "",
        "url2": ""
      }
    },
    {
      "type": "Feature",
      "geometry": {
        "type": "Point",
        "coordinates": [
          130.8603486,
          33.5487634
        ]
      },
      "properties": {
        "内容": "バス停: 歓遊舎ひこさん",
        "name": "歓遊舎ひこさん",
        "operator": "事業者不明",
        "ref": "",
        "url": "",
        "url2": "Q6365906"
      }
    },
    {
      "type": "Feature",
      "geometry": {
        "type": "Point",
        "coordinates": [
          130.8602864,
          33.553533
        ]
      },
      "properties": {
        "内容": "バス停: 野田",
        "name": "野田",
        "operator": "事業者不明",
        "ref": "",
        "url": "",
        "url2": ""
      }
    },
    {
      "type": "Feature",
      "geometry": {
        "type": "Point",
        "coordinates": [
          130.860156,
          33.5537984
        ]
      },
      "properties": {
        "内容": "バス停: 野田",
        "name": "野田",
        "operator": "事業者不明",
        "ref": "",
        "url": "",
        "url2": ""
      }
    },
    {
      "type": "Feature",
      "geometry": {
        "type": "Point",
        "coordinates": [
          130.8582546,
          33.5591659
        ]
      },
      "properties": {
        "内容": "バス停: 塚原",
        "name": "塚原",
        "operator": "事業者不明",
        "ref": "",
        "url": "",
        "url2": ""
      }
    },
    {
      "type": "Feature",
      "geometry": {
        "type": "Point",
        "coordinates": [
          130.8585606,
          33.5586955
        ]
      },
      "properties": {
        "内容": "バス停: 塚原",
        "name": "塚原",
        "operator": "事業者不明",
        "ref": "",
        "url": "",
        "url2": ""
      }
    },
    {
      "type": "Feature",
      "geometry": {
        "type": "Point",
        "coordinates": [
          130.8577889,
          33.5643335
        ]
      },
      "properties": {
        "内容": "バス停: 畑川（医院前）",
        "name": "畑川（医院前）",
        "operator": "事業者不明",
        "ref": "",
        "url": "",
        "url2": ""
      }
    },
    {
      "type": "Feature",
      "geometry": {
        "type": "Point",
        "coordinates": [
          130.8565187,
          33.5670246
        ]
      },
      "properties": {
        "内容": "バス停: 添田 (九州旅客鉄道)",
        "name": "添田",
        "operator": "九州旅客鉄道",
        "ref": "",
        "url": "",
        "url2": "Q7553477"
      }
    },
    {
      "type": "Feature",
      "geometry": {
        "type": "Point",
        "coordinates": [
          130.452672,
          33.0378223
        ]
      },
      "properties": {
        "内容": "バス停: 東新町",
        "name": "東新町",
        "operator": "事業者不明",
        "ref": "",
        "url": "",
        "url2": ""
      }
    },
    {
      "type": "Feature",
      "geometry": {
        "type": "Point",
        "coordinates": [
          130.4531127,
          33.0377107
        ]
      },
      "properties": {
        "内容": "バス停: 東新町",
        "name": "東新町",
        "operator": "事業者不明",
        "ref": "",
        "url": "",
        "url2": ""
      }
    },
    {
      "type": "Feature",
      "geometry": {
        "type": "Point",
        "coordinates": [
          130.455603,
          33.0420573
        ]
      },
      "properties": {
        "内容": "バス停: 日の出町",
        "name": "日の出町",
        "operator": "事業者不明",
        "ref": "",
        "url": "",
        "url2": ""
      }
    },
    {
      "type": "Feature",
      "geometry": {
        "type": "Point",
        "coordinates": [
          130.4556078,
          33.0417456
        ]
      },
      "properties": {
        "内容": "バス停: 日の出町",
        "name": "日の出町",
        "operator": "事業者不明",
        "ref": "",
        "url": "",
        "url2": ""
      }
    },
    {
      "type": "Feature",
      "geometry": {
        "type": "Point",
        "coordinates": [
          130.4582944,
          33.0452413
        ]
      },
      "properties": {
        "内容": "バス停: 白川橋",
        "name": "白川橋",
        "operator": "事業者不明",
        "ref": "",
        "url": "",
        "url2": ""
      }
    },
    {
      "type": "Feature",
      "geometry": {
        "type": "Point",
        "coordinates": [
          130.4591905,
          33.0465778
        ]
      },
      "properties": {
        "内容": "バス停: 白川橋",
        "name": "白川橋",
        "operator": "事業者不明",
        "ref": "",
        "url": "",
        "url2": ""
      }
    },
    {
      "type": "Feature",
      "geometry": {
        "type": "Point",
        "coordinates": [
          130.4620156,
          33.0500618
        ]
      },
      "properties": {
        "内容": "バス停: 草木",
        "name": "草木",
        "operator": "事業者不明",
        "ref": "",
        "url": "",
        "url2": ""
      }
    },
    {
      "type": "Feature",
      "geometry": {
        "type": "Point",
        "coordinates": [
          130.4621363,
          33.0503687
        ]
      },
      "properties": {
        "内容": "バス停: 草木",
        "name": "草木",
        "operator": "事業者不明",
        "ref": "",
        "url": "",
        "url2": ""
      }
    },
    {
      "type": "Feature",
      "geometry": {
        "type": "Point",
        "coordinates": [
          130.4652414,
          33.0567228
        ]
      },
      "properties": {
        "内容": "バス停: 済生会前",
        "name": "済生会前",
        "operator": "事業者不明",
        "ref": "",
        "url": "",
        "url2": ""
      }
    },
    {
      "type": "Feature",
      "geometry": {
        "type": "Point",
        "coordinates": [
          130.4509235,
          33.0371955
        ]
      },
      "properties": {
        "内容": "バス停: 旭町",
        "name": "旭町",
        "operator": "事業者不明",
        "ref": "",
        "url": "",
        "url2": ""
      }
    },
    {
      "type": "Feature",
      "geometry": {
        "type": "Point",
        "coordinates": [
          130.4502778,
          33.0372006
        ]
      },
      "properties": {
        "内容": "バス停: 旭町",
        "name": "旭町",
        "operator": "事業者不明",
        "ref": "",
        "url": "",
        "url2": ""
      }
    },
    {
      "type": "Feature",
      "geometry": {
        "type": "Point",
        "coordinates": [
          130.4446232,
          33.0296892
        ]
      },
      "properties": {
        "内容": "バス停: 大牟田駅前",
        "name": "大牟田駅前",
        "operator": "事業者不明",
        "ref": "",
        "url": "",
        "url2": ""
      }
    },
    {
      "type": "Feature",
      "geometry": {
        "type": "Point",
        "coordinates": [
          130.4452669,
          33.0295539
        ]
      },
      "properties": {
        "内容": "バス停: 大牟田駅前",
        "name": "大牟田駅前",
        "operator": "事業者不明",
        "ref": "",
        "url": "",
        "url2": ""
      }
    },
    {
      "type": "Feature",
      "geometry": {
        "type": "Point",
        "coordinates": [
          130.4425228,
          33.0241998
        ]
      },
      "properties": {
        "内容": "バス停: 警察署前",
        "name": "警察署前",
        "operator": "事業者不明",
        "ref": "",
        "url": "",
        "url2": ""
      }
    },
    {
      "type": "Feature",
      "geometry": {
        "type": "Point",
        "coordinates": [
          130.4254469,
          33.5934332
        ]
      },
      "properties": {
        "内容": "バス停: 名称不明バス停",
        "name": "名称不明バス停",
        "operator": "事業者不明",
        "ref": "",
        "url": "",
        "url2": ""
      }
    },
    {
      "type": "Feature",
      "geometry": {
        "type": "Point",
        "coordinates": [
          130.2340115,
          33.6145449
        ]
      },
      "properties": {
        "内容": "バス停: 名称不明バス停",
        "name": "名称不明バス停",
        "operator": "事業者不明",
        "ref": "",
        "url": "",
        "url2": ""
      }
    },
    {
      "type": "Feature",
      "geometry": {
        "type": "Point",
        "coordinates": [
          130.2273722,
          33.6283989
        ]
      },
      "properties": {
        "内容": "バス停: ざうお本店前",
        "name": "ざうお本店前",
        "operator": "事業者不明",
        "ref": "",
        "url": "",
        "url2": ""
      }
    },
    {
      "type": "Feature",
      "geometry": {
        "type": "Point",
        "coordinates": [
          130.2000001,
          33.6407377
        ]
      },
      "properties": {
        "内容": "バス停: 名称不明バス停 (昭和バス)",
        "name": "名称不明バス停",
        "operator": "昭和バス",
        "ref": "",
        "url": "",
        "url2": ""
      }
    },
    {
      "type": "Feature",
      "geometry": {
        "type": "Point",
        "coordinates": [
          130.2653968,
          33.5983751
        ]
      },
      "properties": {
        "内容": "バス停: 日赤入口",
        "name": "日赤入口",
        "operator": "事業者不明",
        "ref": "",
        "url": "",
        "url2": ""
      }
    },
    {
      "type": "Feature",
      "geometry": {
        "type": "Point",
        "coordinates": [
          130.2014642,
          33.6425162
        ]
      },
      "properties": {
        "内容": "バス停: Palm Beach (昭和バス)",
        "name": "Palm Beach",
        "operator": "昭和バス",
        "ref": "",
        "url": "",
        "url2": ""
      }
    },
    {
      "type": "Feature",
      "geometry": {
        "type": "Point",
        "coordinates": [
          130.4283203,
          33.5832119
        ]
      },
      "properties": {
        "内容": "バス停: 瑞穂",
        "name": "瑞穂",
        "operator": "事業者不明",
        "ref": "",
        "url": "",
        "url2": ""
      }
    },
    {
      "type": "Feature",
      "geometry": {
        "type": "Point",
        "coordinates": [
          130.414887,
          33.5899003
        ]
      },
      "properties": {
        "内容": "バス停: 駅前3丁目",
        "name": "駅前3丁目",
        "operator": "事業者不明",
        "ref": "",
        "url": "",
        "url2": ""
      }
    },
    {
      "type": "Feature",
      "geometry": {
        "type": "Point",
        "coordinates": [
          130.4283317,
          33.5965692
        ]
      },
      "properties": {
        "内容": "バス停: 東光二丁目",
        "name": "東光二丁目",
        "operator": "事業者不明",
        "ref": "",
        "url": "",
        "url2": ""
      }
    },
    {
      "type": "Feature",
      "geometry": {
        "type": "Point",
        "coordinates": [
          130.4281221,
          33.5961819
        ]
      },
      "properties": {
        "内容": "バス停: 東光二丁目",
        "name": "東光二丁目",
        "operator": "事業者不明",
        "ref": "",
        "url": "",
        "url2": ""
      }
    },
    {
      "type": "Feature",
      "geometry": {
        "type": "Point",
        "coordinates": [
          130.3375124,
          33.5747966
        ]
      },
      "properties": {
        "内容": "バス停: 南庄二丁目",
        "name": "南庄二丁目",
        "operator": "事業者不明",
        "ref": "",
        "url": "",
        "url2": ""
      }
    },
    {
      "type": "Feature",
      "geometry": {
        "type": "Point",
        "coordinates": [
          130.336941,
          33.5748434
        ]
      },
      "properties": {
        "内容": "バス停: 南庄",
        "name": "南庄",
        "operator": "事業者不明",
        "ref": "",
        "url": "",
        "url2": ""
      }
    },
    {
      "type": "Feature",
      "geometry": {
        "type": "Point",
        "coordinates": [
          130.3384508,
          33.5753196
        ]
      },
      "properties": {
        "内容": "バス停: 南庄",
        "name": "南庄",
        "operator": "事業者不明",
        "ref": "",
        "url": "",
        "url2": ""
      }
    },
    {
      "type": "Feature",
      "geometry": {
        "type": "Point",
        "coordinates": [
          130.3383158,
          33.575308
        ]
      },
      "properties": {
        "内容": "バス停: 南庄",
        "name": "南庄",
        "operator": "事業者不明",
        "ref": "",
        "url": "",
        "url2": ""
      }
    },
    {
      "type": "Feature",
      "geometry": {
        "type": "Point",
        "coordinates": [
          130.9670476,
          33.9523055
        ]
      },
      "properties": {
        "内容": "バス停: 名称不明バス停",
        "name": "名称不明バス停",
        "operator": "事業者不明",
        "ref": "",
        "url": "",
        "url2": ""
      }
    },
    {
      "type": "Feature",
      "geometry": {
        "type": "Point",
        "coordinates": [
          130.9674482,
          33.9512251
        ]
      },
      "properties": {
        "内容": "バス停: 名称不明バス停",
        "name": "名称不明バス停",
        "operator": "事業者不明",
        "ref": "",
        "url": "",
        "url2": ""
      }
    },
    {
      "type": "Feature",
      "geometry": {
        "type": "Point",
        "coordinates": [
          130.967184,
          33.9511305
        ]
      },
      "properties": {
        "内容": "バス停: 名称不明バス停",
        "name": "名称不明バス停",
        "operator": "事業者不明",
        "ref": "",
        "url": "",
        "url2": ""
      }
    },
    {
      "type": "Feature",
      "geometry": {
        "type": "Point",
        "coordinates": [
          130.9670928,
          33.9526372
        ]
      },
      "properties": {
        "内容": "バス停: 名称不明バス停",
        "name": "名称不明バス停",
        "operator": "事業者不明",
        "ref": "",
        "url": "",
        "url2": ""
      }
    },
    {
      "type": "Feature",
      "geometry": {
        "type": "Point",
        "coordinates": [
          130.9656644,
          33.9543361
        ]
      },
      "properties": {
        "内容": "バス停: 名称不明バス停",
        "name": "名称不明バス停",
        "operator": "事業者不明",
        "ref": "",
        "url": "",
        "url2": ""
      }
    },
    {
      "type": "Feature",
      "geometry": {
        "type": "Point",
        "coordinates": [
          130.965745,
          33.9543989
        ]
      },
      "properties": {
        "内容": "バス停: 名称不明バス停",
        "name": "名称不明バス停",
        "operator": "事業者不明",
        "ref": "",
        "url": "",
        "url2": ""
      }
    },
    {
      "type": "Feature",
      "geometry": {
        "type": "Point",
        "coordinates": [
          130.4258376,
          33.5947459
        ]
      },
      "properties": {
        "内容": "バス停: 名称不明バス停",
        "name": "名称不明バス停",
        "operator": "事業者不明",
        "ref": "",
        "url": "",
        "url2": ""
      }
    },
    {
      "type": "Feature",
      "geometry": {
        "type": "Point",
        "coordinates": [
          130.5051352,
          33.6290798
        ]
      },
      "properties": {
        "内容": "バス停: 名称不明バス停",
        "name": "名称不明バス停",
        "operator": "事業者不明",
        "ref": "",
        "url": "",
        "url2": ""
      }
    },
    {
      "type": "Feature",
      "geometry": {
        "type": "Point",
        "coordinates": [
          130.4801886,
          33.6102488
        ]
      },
      "properties": {
        "内容": "バス停: 名称不明バス停",
        "name": "名称不明バス停",
        "operator": "事業者不明",
        "ref": "",
        "url": "",
        "url2": ""
      }
    },
    {
      "type": "Feature",
      "geometry": {
        "type": "Point",
        "coordinates": [
          130.480054,
          33.6103048
        ]
      },
      "properties": {
        "内容": "バス停: 名称不明バス停",
        "name": "名称不明バス停",
        "operator": "事業者不明",
        "ref": "",
        "url": "",
        "url2": ""
      }
    },
    {
      "type": "Feature",
      "geometry": {
        "type": "Point",
        "coordinates": [
          130.3855142,
          33.575884
        ]
      },
      "properties": {
        "内容": "バス停: 名称不明バス停",
        "name": "名称不明バス停",
        "operator": "事業者不明",
        "ref": "",
        "url": "",
        "url2": ""
      }
    },
    {
      "type": "Feature",
      "geometry": {
        "type": "Point",
        "coordinates": [
          130.3859701,
          33.5732389
        ]
      },
      "properties": {
        "内容": "バス停: 名称不明バス停",
        "name": "名称不明バス停",
        "operator": "事業者不明",
        "ref": "",
        "url": "",
        "url2": ""
      }
    },
    {
      "type": "Feature",
      "geometry": {
        "type": "Point",
        "coordinates": [
          130.3865403,
          33.5772672
        ]
      },
      "properties": {
        "内容": "バス停: 名称不明バス停",
        "name": "名称不明バス停",
        "operator": "事業者不明",
        "ref": "",
        "url": "",
        "url2": ""
      }
    },
    {
      "type": "Feature",
      "geometry": {
        "type": "Point",
        "coordinates": [
          130.3851467,
          33.5762323
        ]
      },
      "properties": {
        "内容": "バス停: 名称不明バス停",
        "name": "名称不明バス停",
        "operator": "事業者不明",
        "ref": "",
        "url": "",
        "url2": ""
      }
    },
    {
      "type": "Feature",
      "geometry": {
        "type": "Point",
        "coordinates": [
          130.3971633,
          33.581302
        ]
      },
      "properties": {
        "内容": "バス停: 名称不明バス停",
        "name": "名称不明バス停",
        "operator": "事業者不明",
        "ref": "",
        "url": "",
        "url2": ""
      }
    },
    {
      "type": "Feature",
      "geometry": {
        "type": "Point",
        "coordinates": [
          130.3869358,
          33.5711592
        ]
      },
      "properties": {
        "内容": "バス停: 名称不明バス停",
        "name": "名称不明バス停",
        "operator": "事業者不明",
        "ref": "",
        "url": "",
        "url2": ""
      }
    },
    {
      "type": "Feature",
      "geometry": {
        "type": "Point",
        "coordinates": [
          130.3870433,
          33.5703256
        ]
      },
      "properties": {
        "内容": "バス停: 名称不明バス停",
        "name": "名称不明バス停",
        "operator": "事業者不明",
        "ref": "",
        "url": "",
        "url2": ""
      }
    },
    {
      "type": "Feature",
      "geometry": {
        "type": "Point",
        "coordinates": [
          130.3937923,
          33.5746155
        ]
      },
      "properties": {
        "内容": "バス停: 名称不明バス停",
        "name": "名称不明バス停",
        "operator": "事業者不明",
        "ref": "",
        "url": "",
        "url2": ""
      }
    },
    {
      "type": "Feature",
      "geometry": {
        "type": "Point",
        "coordinates": [
          130.3956892,
          33.5787553
        ]
      },
      "properties": {
        "内容": "バス停: 名称不明バス停",
        "name": "名称不明バス停",
        "operator": "事業者不明",
        "ref": "",
        "url": "",
        "url2": ""
      }
    },
    {
      "type": "Feature",
      "geometry": {
        "type": "Point",
        "coordinates": [
          130.3947709,
          33.5767884
        ]
      },
      "properties": {
        "内容": "バス停: 名称不明バス停",
        "name": "名称不明バス停",
        "operator": "事業者不明",
        "ref": "",
        "url": "",
        "url2": ""
      }
    },
    {
      "type": "Feature",
      "geometry": {
        "type": "Point",
        "coordinates": [
          130.3895783,
          33.5888101
        ]
      },
      "properties": {
        "内容": "バス停: 名称不明バス停",
        "name": "名称不明バス停",
        "operator": "事業者不明",
        "ref": "",
        "url": "",
        "url2": ""
      }
    },
    {
      "type": "Feature",
      "geometry": {
        "type": "Point",
        "coordinates": [
          130.3790524,
          33.5936202
        ]
      },
      "properties": {
        "内容": "バス停: 名称不明バス停",
        "name": "名称不明バス停",
        "operator": "事業者不明",
        "ref": "",
        "url": "",
        "url2": ""
      }
    },
    {
      "type": "Feature",
      "geometry": {
        "type": "Point",
        "coordinates": [
          130.3786433,
          33.5941019
        ]
      },
      "properties": {
        "内容": "バス停: 名称不明バス停",
        "name": "名称不明バス停",
        "operator": "事業者不明",
        "ref": "",
        "url": "",
        "url2": ""
      }
    },
    {
      "type": "Feature",
      "geometry": {
        "type": "Point",
        "coordinates": [
          130.5391449,
          33.3058135
        ]
      },
      "properties": {
        "内容": "バス停: 競輪場口",
        "name": "競輪場口",
        "operator": "事業者不明",
        "ref": "",
        "url": "",
        "url2": ""
      }
    },
    {
      "type": "Feature",
      "geometry": {
        "type": "Point",
        "coordinates": [
          130.4699137,
          33.5365778
        ]
      },
      "properties": {
        "内容": "バス停: 北町四丁目",
        "name": "北町四丁目",
        "operator": "事業者不明",
        "ref": "",
        "url": "",
        "url2": ""
      }
    },
    {
      "type": "Feature",
      "geometry": {
        "type": "Point",
        "coordinates": [
          130.4686006,
          33.535644
        ]
      },
      "properties": {
        "内容": "バス停: JR春日駅",
        "name": "JR春日駅",
        "operator": "事業者不明",
        "ref": "",
        "url": "",
        "url2": ""
      }
    },
    {
      "type": "Feature",
      "geometry": {
        "type": "Point",
        "coordinates": [
          130.4686771,
          33.5355937
        ]
      },
      "properties": {
        "内容": "バス停: JR春日駅",
        "name": "JR春日駅",
        "operator": "事業者不明",
        "ref": "",
        "url": "",
        "url2": ""
      }
    },
    {
      "type": "Feature",
      "geometry": {
        "type": "Point",
        "coordinates": [
          130.4663543,
          33.5338252
        ]
      },
      "properties": {
        "内容": "バス停: 千歳町ニ丁目",
        "name": "千歳町ニ丁目",
        "operator": "事業者不明",
        "ref": "",
        "url": "",
        "url2": ""
      }
    },
    {
      "type": "Feature",
      "geometry": {
        "type": "Point",
        "coordinates": [
          130.4665166,
          33.5337318
        ]
      },
      "properties": {
        "内容": "バス停: 千歳町ニ丁目",
        "name": "千歳町ニ丁目",
        "operator": "事業者不明",
        "ref": "",
        "url": "",
        "url2": ""
      }
    },
    {
      "type": "Feature",
      "geometry": {
        "type": "Point",
        "coordinates": [
          130.4645272,
          33.5321932
        ]
      },
      "properties": {
        "内容": "バス停: 光町一丁目",
        "name": "光町一丁目",
        "operator": "事業者不明",
        "ref": "",
        "url": "",
        "url2": ""
      }
    },
    {
      "type": "Feature",
      "geometry": {
        "type": "Point",
        "coordinates": [
          130.4644454,
          33.5322703
        ]
      },
      "properties": {
        "内容": "バス停: 光町一丁目",
        "name": "光町一丁目",
        "operator": "事業者不明",
        "ref": "",
        "url": "",
        "url2": ""
      }
    },
    {
      "type": "Feature",
      "geometry": {
        "type": "Point",
        "coordinates": [
          130.4630433,
          33.5301123
        ]
      },
      "properties": {
        "内容": "バス停: 光町三丁目",
        "name": "光町三丁目",
        "operator": "事業者不明",
        "ref": "",
        "url": "",
        "url2": ""
      }
    },
    {
      "type": "Feature",
      "geometry": {
        "type": "Point",
        "coordinates": [
          130.4628072,
          33.5309373
        ]
      },
      "properties": {
        "内容": "バス停: 光町三丁目",
        "name": "光町三丁目",
        "operator": "事業者不明",
        "ref": "",
        "url": "",
        "url2": ""
      }
    },
    {
      "type": "Feature",
      "geometry": {
        "type": "Point",
        "coordinates": [
          130.5525007,
          33.3176672
        ]
      },
      "properties": {
        "内容": "バス停: 久留米インター",
        "name": "久留米インター",
        "operator": "事業者不明",
        "ref": "",
        "url": "",
        "url2": ""
      }
    },
    {
      "type": "Feature",
      "geometry": {
        "type": "Point",
        "coordinates": [
          130.3868629,
          33.5917217
        ]
      },
      "properties": {
        "内容": "バス停: 港一丁目　福浜方面",
        "name": "港一丁目　福浜方面",
        "operator": "事業者不明",
        "ref": "",
        "url": "",
        "url2": ""
      }
    },
    {
      "type": "Feature",
      "geometry": {
        "type": "Point",
        "coordinates": [
          130.9138043,
          33.8426359
        ]
      },
      "properties": {
        "内容": "バス停: 葛原小学校前 (西鉄バス)",
        "name": "葛原小学校前",
        "operator": "西鉄バス",
        "ref": "",
        "url": "",
        "url2": ""
      }
    },
    {
      "type": "Feature",
      "geometry": {
        "type": "Point",
        "coordinates": [
          130.9137203,
          33.8424314
        ]
      },
      "properties": {
        "内容": "バス停: 葛原小学校前 (西鉄バス)",
        "name": "葛原小学校前",
        "operator": "西鉄バス",
        "ref": "",
        "url": "",
        "url2": ""
      }
    },
    {
      "type": "Feature",
      "geometry": {
        "type": "Point",
        "coordinates": [
          130.9072938,
          33.8442354
        ]
      },
      "properties": {
        "内容": "バス停: 上葛原 (西鉄バス)",
        "name": "上葛原",
        "operator": "西鉄バス",
        "ref": "",
        "url": "",
        "url2": ""
      }
    },
    {
      "type": "Feature",
      "geometry": {
        "type": "Point",
        "coordinates": [
          130.9073582,
          33.8439298
        ]
      },
      "properties": {
        "内容": "バス停: 上葛原 (西鉄バス)",
        "name": "上葛原",
        "operator": "西鉄バス",
        "ref": "",
        "url": "",
        "url2": ""
      }
    },
    {
      "type": "Feature",
      "geometry": {
        "type": "Point",
        "coordinates": [
          130.9044335,
          33.8454477
        ]
      },
      "properties": {
        "内容": "バス停: 湯川五丁目 (西鉄バス)",
        "name": "湯川五丁目",
        "operator": "西鉄バス",
        "ref": "",
        "url": "",
        "url2": ""
      }
    },
    {
      "type": "Feature",
      "geometry": {
        "type": "Point",
        "coordinates": [
          130.90468,
          33.8456115
        ]
      },
      "properties": {
        "内容": "バス停: 湯川五丁目 (西鉄バス)",
        "name": "湯川五丁目",
        "operator": "西鉄バス",
        "ref": "",
        "url": "",
        "url2": ""
      }
    },
    {
      "type": "Feature",
      "geometry": {
        "type": "Point",
        "coordinates": [
          130.9054007,
          33.8465709
        ]
      },
      "properties": {
        "内容": "バス停: 湯川住宅前 (西鉄バス)",
        "name": "湯川住宅前",
        "operator": "西鉄バス",
        "ref": "",
        "url": "",
        "url2": ""
      }
    },
    {
      "type": "Feature",
      "geometry": {
        "type": "Point",
        "coordinates": [
          130.9056114,
          33.8468527
        ]
      },
      "properties": {
        "内容": "バス停: 湯川住宅前 (西鉄バス)",
        "name": "湯川住宅前",
        "operator": "西鉄バス",
        "ref": "",
        "url": "",
        "url2": ""
      }
    },
    {
      "type": "Feature",
      "geometry": {
        "type": "Point",
        "coordinates": [
          130.9071539,
          33.8484203
        ]
      },
      "properties": {
        "内容": "バス停: 安部山公園口 (西鉄バス)",
        "name": "安部山公園口",
        "operator": "西鉄バス",
        "ref": "",
        "url": "",
        "url2": ""
      }
    },
    {
      "type": "Feature",
      "geometry": {
        "type": "Point",
        "coordinates": [
          130.9073424,
          33.8484599
        ]
      },
      "properties": {
        "内容": "バス停: 安部山公園口 (西鉄バス)",
        "name": "安部山公園口",
        "operator": "西鉄バス",
        "ref": "",
        "url": "",
        "url2": ""
      }
    },
    {
      "type": "Feature",
      "geometry": {
        "type": "Point",
        "coordinates": [
          130.9086922,
          33.8487945
        ]
      },
      "properties": {
        "内容": "バス停: 湯川四丁目 (西鉄バス)",
        "name": "湯川四丁目",
        "operator": "西鉄バス",
        "ref": "",
        "url": "",
        "url2": ""
      }
    },
    {
      "type": "Feature",
      "geometry": {
        "type": "Point",
        "coordinates": [
          130.909158,
          33.8489799
        ]
      },
      "properties": {
        "内容": "バス停: 湯川四丁目 (西鉄バス)",
        "name": "湯川四丁目",
        "operator": "西鉄バス",
        "ref": "",
        "url": "",
        "url2": ""
      }
    },
    {
      "type": "Feature",
      "geometry": {
        "type": "Point",
        "coordinates": [
          130.9384264,
          33.8294339
        ]
      },
      "properties": {
        "内容": "バス停: 下曽禰 (西鉄バス)",
        "name": "下曽禰",
        "operator": "西鉄バス",
        "ref": "",
        "url": "",
        "url2": ""
      }
    },
    {
      "type": "Feature",
      "geometry": {
        "type": "Point",
        "coordinates": [
          130.9382691,
          33.8282221
        ]
      },
      "properties": {
        "内容": "バス停: 中曽根一丁目 (西鉄バス)",
        "name": "中曽根一丁目",
        "operator": "西鉄バス",
        "ref": "",
        "url": "",
        "url2": ""
      }
    },
    {
      "type": "Feature",
      "geometry": {
        "type": "Point",
        "coordinates": [
          130.9384428,
          33.8280253
        ]
      },
      "properties": {
        "内容": "バス停: 中曽根一丁目 (西鉄バス)",
        "name": "中曽根一丁目",
        "operator": "西鉄バス",
        "ref": "",
        "url": "",
        "url2": ""
      }
    },
    {
      "type": "Feature",
      "geometry": {
        "type": "Point",
        "coordinates": [
          130.9379543,
          33.8274625
        ]
      },
      "properties": {
        "内容": "バス停: 中曽根一丁目 (西鉄バス)",
        "name": "中曽根一丁目",
        "operator": "西鉄バス",
        "ref": "",
        "url": "",
        "url2": ""
      }
    },
    {
      "type": "Feature",
      "geometry": {
        "type": "Point",
        "coordinates": [
          130.9368204,
          33.8275201
        ]
      },
      "properties": {
        "内容": "バス停: 中曽根一丁目 (西鉄バス)",
        "name": "中曽根一丁目",
        "operator": "西鉄バス",
        "ref": "",
        "url": "",
        "url2": ""
      }
    },
    {
      "type": "Feature",
      "geometry": {
        "type": "Point",
        "coordinates": [
          130.9094852,
          33.8498957
        ]
      },
      "properties": {
        "内容": "バス停: 安部山公園 (西鉄バス)",
        "name": "安部山公園",
        "operator": "西鉄バス",
        "ref": "",
        "url": "",
        "url2": ""
      }
    },
    {
      "type": "Feature",
      "geometry": {
        "type": "Point",
        "coordinates": [
          130.9166682,
          33.8418196
        ]
      },
      "properties": {
        "内容": "バス停: 葛原五丁目 (西鉄バス)",
        "name": "葛原五丁目",
        "operator": "西鉄バス",
        "ref": "",
        "url": "",
        "url2": ""
      }
    },
    {
      "type": "Feature",
      "geometry": {
        "type": "Point",
        "coordinates": [
          130.9169742,
          33.8420164
        ]
      },
      "properties": {
        "内容": "バス停: 葛原五丁目 (西鉄バス)",
        "name": "葛原五丁目",
        "operator": "西鉄バス",
        "ref": "",
        "url": "",
        "url2": ""
      }
    },
    {
      "type": "Feature",
      "geometry": {
        "type": "Point",
        "coordinates": [
          130.9186742,
          33.8416836
        ]
      },
      "properties": {
        "内容": "バス停: 葛原本町一丁目 (西鉄バス)",
        "name": "葛原本町一丁目",
        "operator": "西鉄バス",
        "ref": "",
        "url": "",
        "url2": ""
      }
    },
    {
      "type": "Feature",
      "geometry": {
        "type": "Point",
        "coordinates": [
          130.9193313,
          33.8413096
        ]
      },
      "properties": {
        "内容": "バス停: 葛原本町一丁目 (西鉄バス)",
        "name": "葛原本町一丁目",
        "operator": "西鉄バス",
        "ref": "",
        "url": "",
        "url2": ""
      }
    },
    {
      "type": "Feature",
      "geometry": {
        "type": "Point",
        "coordinates": [
          130.9219018,
          33.8410286
        ]
      },
      "properties": {
        "内容": "バス停: 葛原本町六丁目 (西鉄バス)",
        "name": "葛原本町六丁目",
        "operator": "西鉄バス",
        "ref": "",
        "url": "",
        "url2": ""
      }
    },
    {
      "type": "Feature",
      "geometry": {
        "type": "Point",
        "coordinates": [
          130.9230329,
          33.8405973
        ]
      },
      "properties": {
        "内容": "バス停: 葛原本町六丁目 (西鉄バス)",
        "name": "葛原本町六丁目",
        "operator": "西鉄バス",
        "ref": "",
        "url": "",
        "url2": ""
      }
    },
    {
      "type": "Feature",
      "geometry": {
        "type": "Point",
        "coordinates": [
          130.9268789,
          33.8400586
        ]
      },
      "properties": {
        "内容": "バス停: 葛原東一丁目 (西鉄バス)",
        "name": "葛原東一丁目",
        "operator": "西鉄バス",
        "ref": "",
        "url": "",
        "url2": ""
      }
    },
    {
      "type": "Feature",
      "geometry": {
        "type": "Point",
        "coordinates": [
          130.9276933,
          33.8396345
        ]
      },
      "properties": {
        "内容": "バス停: 葛原東一丁目 (西鉄バス)",
        "name": "葛原東一丁目",
        "operator": "西鉄バス",
        "ref": "",
        "url": "",
        "url2": ""
      }
    },
    {
      "type": "Feature",
      "geometry": {
        "type": "Point",
        "coordinates": [
          130.9299384,
          33.8384229
        ]
      },
      "properties": {
        "内容": "バス停: 寺迫口 (西鉄バス)",
        "name": "寺迫口",
        "operator": "西鉄バス",
        "ref": "",
        "url": "",
        "url2": ""
      }
    },
    {
      "type": "Feature",
      "geometry": {
        "type": "Point",
        "coordinates": [
          130.930128,
          33.8380203
        ]
      },
      "properties": {
        "内容": "バス停: 寺迫口 (西鉄バス)",
        "name": "寺迫口",
        "operator": "西鉄バス",
        "ref": "",
        "url": "",
        "url2": ""
      }
    },
    {
      "type": "Feature",
      "geometry": {
        "type": "Point",
        "coordinates": [
          130.9355262,
          33.8320393
        ]
      },
      "properties": {
        "内容": "バス停: 下曽根駅北 (西鉄バス)",
        "name": "下曽根駅北",
        "operator": "西鉄バス",
        "ref": "",
        "url": "",
        "url2": ""
      }
    },
    {
      "type": "Feature",
      "geometry": {
        "type": "Point",
        "coordinates": [
          130.9352402,
          33.8320646
        ]
      },
      "properties": {
        "内容": "バス停: 下曽根駅北 (西鉄バス)",
        "name": "下曽根駅北",
        "operator": "西鉄バス",
        "ref": "",
        "url": "",
        "url2": ""
      }
    },
    {
      "type": "Feature",
      "geometry": {
        "type": "Point",
        "coordinates": [
          130.9359388,
          33.8318331
        ]
      },
      "properties": {
        "内容": "バス停: 下曽根駅北 (西鉄バス)",
        "name": "下曽根駅北",
        "operator": "西鉄バス",
        "ref": "",
        "url": "",
        "url2": ""
      }
    },
    {
      "type": "Feature",
      "geometry": {
        "type": "Point",
        "coordinates": [
          130.9373657,
          33.8307443
        ]
      },
      "properties": {
        "内容": "バス停: 下曽根 (西鉄バス)",
        "name": "下曽根",
        "operator": "西鉄バス",
        "ref": "",
        "url": "",
        "url2": ""
      }
    },
    {
      "type": "Feature",
      "geometry": {
        "type": "Point",
        "coordinates": [
          130.9391033,
          33.8296541
        ]
      },
      "properties": {
        "内容": "バス停: 下曽根 (西鉄バス)",
        "name": "下曽根",
        "operator": "西鉄バス",
        "ref": "",
        "url": "",
        "url2": ""
      }
    },
    {
      "type": "Feature",
      "geometry": {
        "type": "Point",
        "coordinates": [
          130.9383195,
          33.8251339
        ]
      },
      "properties": {
        "内容": "バス停: 中曽根 (西鉄バス)",
        "name": "中曽根",
        "operator": "西鉄バス",
        "ref": "",
        "url": "",
        "url2": ""
      }
    },
    {
      "type": "Feature",
      "geometry": {
        "type": "Point",
        "coordinates": [
          130.9384487,
          33.8252527
        ]
      },
      "properties": {
        "内容": "バス停: 中曽根 (西鉄バス)",
        "name": "中曽根",
        "operator": "西鉄バス",
        "ref": "",
        "url": "",
        "url2": ""
      }
    },
    {
      "type": "Feature",
      "geometry": {
        "type": "Point",
        "coordinates": [
          130.9386717,
          33.8232957
        ]
      },
      "properties": {
        "内容": "バス停: 曽根中学校前 (西鉄バス)",
        "name": "曽根中学校前",
        "operator": "西鉄バス",
        "ref": "",
        "url": "",
        "url2": ""
      }
    },
    {
      "type": "Feature",
      "geometry": {
        "type": "Point",
        "coordinates": [
          130.9389063,
          33.8228009
        ]
      },
      "properties": {
        "内容": "バス停: 曽根中学校前 (西鉄バス)",
        "name": "曽根中学校前",
        "operator": "西鉄バス",
        "ref": "",
        "url": "",
        "url2": ""
      }
    },
    {
      "type": "Feature",
      "geometry": {
        "type": "Point",
        "coordinates": [
          130.9396578,
          33.8200406
        ]
      },
      "properties": {
        "内容": "バス停: 中曽根第二 (西鉄バス)",
        "name": "中曽根第二",
        "operator": "西鉄バス",
        "ref": "",
        "url": "",
        "url2": ""
      }
    },
    {
      "type": "Feature",
      "geometry": {
        "type": "Point",
        "coordinates": [
          130.9395441,
          33.8196137
        ]
      },
      "properties": {
        "内容": "バス停: 中曽根第二 (西鉄バス)",
        "name": "中曽根第二",
        "operator": "西鉄バス",
        "ref": "",
        "url": "",
        "url2": ""
      }
    },
    {
      "type": "Feature",
      "geometry": {
        "type": "Point",
        "coordinates": [
          130.9411679,
          33.817116
        ]
      },
      "properties": {
        "内容": "バス停: 産天神前 (西鉄バス)",
        "name": "産天神前",
        "operator": "西鉄バス",
        "ref": "",
        "url": "",
        "url2": ""
      }
    },
    {
      "type": "Feature",
      "geometry": {
        "type": "Point",
        "coordinates": [
          130.9411364,
          33.8170201
        ]
      },
      "properties": {
        "内容": "バス停: 産天神前 (西鉄バス)",
        "name": "産天神前",
        "operator": "西鉄バス",
        "ref": "",
        "url": "",
        "url2": ""
      }
    },
    {
      "type": "Feature",
      "geometry": {
        "type": "Point",
        "coordinates": [
          130.9432445,
          33.8159629
        ]
      },
      "properties": {
        "内容": "バス停: 上曽根 (西鉄バス)",
        "name": "上曽根",
        "operator": "西鉄バス",
        "ref": "",
        "url": "",
        "url2": ""
      }
    },
    {
      "type": "Feature",
      "geometry": {
        "type": "Point",
        "coordinates": [
          130.9437797,
          33.8155983
        ]
      },
      "properties": {
        "内容": "バス停: 上曽根 (西鉄バス)",
        "name": "上曽根",
        "operator": "西鉄バス",
        "ref": "",
        "url": "",
        "url2": ""
      }
    },
    {
      "type": "Feature",
      "geometry": {
        "type": "Point",
        "coordinates": [
          130.9453185,
          33.8139468
        ]
      },
      "properties": {
        "内容": "バス停: 南曽根中学校前 (西鉄バス)",
        "name": "南曽根中学校前",
        "operator": "西鉄バス",
        "ref": "",
        "url": "",
        "url2": ""
      }
    },
    {
      "type": "Feature",
      "geometry": {
        "type": "Point",
        "coordinates": [
          130.9454645,
          33.8136141
        ]
      },
      "properties": {
        "内容": "バス停: 南曽根中学校前 (西鉄バス)",
        "name": "南曽根中学校前",
        "operator": "西鉄バス",
        "ref": "",
        "url": "",
        "url2": ""
      }
    },
    {
      "type": "Feature",
      "geometry": {
        "type": "Point",
        "coordinates": [
          130.9509941,
          33.8043128
        ]
      },
      "properties": {
        "内容": "バス停: 日豊みどり公園 (西鉄バス)",
        "name": "日豊みどり公園",
        "operator": "西鉄バス",
        "ref": "",
        "url": "",
        "url2": ""
      }
    },
    {
      "type": "Feature",
      "geometry": {
        "type": "Point",
        "coordinates": [
          130.9510938,
          33.8046655
        ]
      },
      "properties": {
        "内容": "バス停: 日豊みどり公園 (西鉄バス)",
        "name": "日豊みどり公園",
        "operator": "西鉄バス",
        "ref": "",
        "url": "",
        "url2": ""
      }
    },
    {
      "type": "Feature",
      "geometry": {
        "type": "Point",
        "coordinates": [
          130.9497879,
          33.8039292
        ]
      },
      "properties": {
        "内容": "バス停: 日豊団地 (西鉄バス)",
        "name": "日豊団地",
        "operator": "西鉄バス",
        "ref": "",
        "url": "",
        "url2": ""
      }
    },
    {
      "type": "Feature",
      "geometry": {
        "type": "Point",
        "coordinates": [
          130.9497647,
          33.8038695
        ]
      },
      "properties": {
        "内容": "バス停: 日豊団地 (西鉄バス)",
        "name": "日豊団地",
        "operator": "西鉄バス",
        "ref": "",
        "url": "",
        "url2": ""
      }
    },
    {
      "type": "Feature",
      "geometry": {
        "type": "Point",
        "coordinates": [
          130.9411394,
          33.8135851
        ]
      },
      "properties": {
        "内容": "バス停: 下貫大橋 (西鉄バス)",
        "name": "下貫大橋",
        "operator": "西鉄バス",
        "ref": "",
        "url": "",
        "url2": ""
      }
    },
    {
      "type": "Feature",
      "geometry": {
        "type": "Point",
        "coordinates": [
          130.9392458,
          33.814453
        ]
      },
      "properties": {
        "内容": "バス停: 下貫大橋 (西鉄バス)",
        "name": "下貫大橋",
        "operator": "西鉄バス",
        "ref": "",
        "url": "",
        "url2": ""
      }
    },
    {
      "type": "Feature",
      "geometry": {
        "type": "Point",
        "coordinates": [
          130.9354434,
          33.819072
        ]
      },
      "properties": {
        "内容": "バス停: 下貫 (西鉄バス)",
        "name": "下貫",
        "operator": "西鉄バス",
        "ref": "",
        "url": "",
        "url2": ""
      }
    },
    {
      "type": "Feature",
      "geometry": {
        "type": "Point",
        "coordinates": [
          130.9344322,
          33.8202886
        ]
      },
      "properties": {
        "内容": "バス停: 下貫大橋 (西鉄バス)",
        "name": "下貫大橋",
        "operator": "西鉄バス",
        "ref": "",
        "url": "",
        "url2": ""
      }
    },
    {
      "type": "Feature",
      "geometry": {
        "type": "Point",
        "coordinates": [
          130.933191,
          33.8233377
        ]
      },
      "properties": {
        "内容": "バス停: 小倉東高校前 (西鉄バス)",
        "name": "小倉東高校前",
        "operator": "西鉄バス",
        "ref": "",
        "url": "",
        "url2": ""
      }
    },
    {
      "type": "Feature",
      "geometry": {
        "type": "Point",
        "coordinates": [
          130.9317696,
          33.8245304
        ]
      },
      "properties": {
        "内容": "バス停: 小倉東高校前 (西鉄バス)",
        "name": "小倉東高校前",
        "operator": "西鉄バス",
        "ref": "",
        "url": "",
        "url2": ""
      }
    },
    {
      "type": "Feature",
      "geometry": {
        "type": "Point",
        "coordinates": [
          130.9246578,
          33.8300302
        ]
      },
      "properties": {
        "内容": "バス停: バイパス津田 (西鉄バス)",
        "name": "バイパス津田",
        "operator": "西鉄バス",
        "ref": "",
        "url": "",
        "url2": ""
      }
    },
    {
      "type": "Feature",
      "geometry": {
        "type": "Point",
        "coordinates": [
          130.9253161,
          33.8300381
        ]
      },
      "properties": {
        "内容": "バス停: バイパス津田 (西鉄バス)",
        "name": "バイパス津田",
        "operator": "西鉄バス",
        "ref": "",
        "url": "",
        "url2": ""
      }
    },
    {
      "type": "Feature",
      "geometry": {
        "type": "Point",
        "coordinates": [
          130.9248963,
          33.8310722
        ]
      },
      "properties": {
        "内容": "バス停: 津田 (西鉄バス)",
        "name": "津田",
        "operator": "西鉄バス",
        "ref": "",
        "url": "",
        "url2": ""
      }
    },
    {
      "type": "Feature",
      "geometry": {
        "type": "Point",
        "coordinates": [
          130.9254735,
          33.8314843
        ]
      },
      "properties": {
        "内容": "バス停: 津田 (西鉄バス)",
        "name": "津田",
        "operator": "西鉄バス",
        "ref": "",
        "url": "",
        "url2": ""
      }
    },
    {
      "type": "Feature",
      "geometry": {
        "type": "Point",
        "coordinates": [
          130.9222245,
          33.8314908
        ]
      },
      "properties": {
        "内容": "バス停: 津田西 (西鉄バス)",
        "name": "津田西",
        "operator": "西鉄バス",
        "ref": "",
        "url": "",
        "url2": ""
      }
    },
    {
      "type": "Feature",
      "geometry": {
        "type": "Point",
        "coordinates": [
          130.9187816,
          33.8327326
        ]
      },
      "properties": {
        "内容": "バス停: 小倉東インターチェンジ (西鉄バス)",
        "name": "小倉東インターチェンジ",
        "operator": "西鉄バス",
        "ref": "",
        "url": "",
        "url2": ""
      }
    },
    {
      "type": "Feature",
      "geometry": {
        "type": "Point",
        "coordinates": [
          130.9193758,
          33.8327416
        ]
      },
      "properties": {
        "内容": "バス停: 小倉東インターチェンジ (西鉄バス)",
        "name": "小倉東インターチェンジ",
        "operator": "西鉄バス",
        "ref": "",
        "url": "",
        "url2": ""
      }
    },
    {
      "type": "Feature",
      "geometry": {
        "type": "Point",
        "coordinates": [
          130.9077828,
          33.8366651
        ]
      },
      "properties": {
        "内容": "バス停: 横代東町二丁目 (西鉄バス)",
        "name": "横代東町二丁目",
        "operator": "西鉄バス",
        "ref": "",
        "url": "",
        "url2": ""
      }
    },
    {
      "type": "Feature",
      "geometry": {
        "type": "Point",
        "coordinates": [
          130.9090244,
          33.8366552
        ]
      },
      "properties": {
        "内容": "バス停: 横代東町二丁目 (西鉄バス)",
        "name": "横代東町二丁目",
        "operator": "西鉄バス",
        "ref": "",
        "url": "",
        "url2": ""
      }
    },
    {
      "type": "Feature",
      "geometry": {
        "type": "Point",
        "coordinates": [
          130.9038674,
          33.8377009
        ]
      },
      "properties": {
        "内容": "バス停: 湯川中学校前 (西鉄バス)",
        "name": "湯川中学校前",
        "operator": "西鉄バス",
        "ref": "",
        "url": "",
        "url2": ""
      }
    },
    {
      "type": "Feature",
      "geometry": {
        "type": "Point",
        "coordinates": [
          130.9041874,
          33.8378426
        ]
      },
      "properties": {
        "内容": "バス停: 湯川中学校前 (西鉄バス)",
        "name": "湯川中学校前",
        "operator": "西鉄バス",
        "ref": "",
        "url": "",
        "url2": ""
      }
    },
    {
      "type": "Feature",
      "geometry": {
        "type": "Point",
        "coordinates": [
          130.9074114,
          33.8389328
        ]
      },
      "properties": {
        "内容": "バス停: サンリブシティ小倉 (西鉄バス)",
        "name": "サンリブシティ小倉",
        "operator": "西鉄バス",
        "ref": "",
        "url": "",
        "url2": ""
      }
    },
    {
      "type": "Feature",
      "geometry": {
        "type": "Point",
        "coordinates": [
          130.9023047,
          33.8401389
        ]
      },
      "properties": {
        "内容": "バス停: 湯川新町三丁目 (西鉄バス)",
        "name": "湯川新町三丁目",
        "operator": "西鉄バス",
        "ref": "",
        "url": "",
        "url2": ""
      }
    },
    {
      "type": "Feature",
      "geometry": {
        "type": "Point",
        "coordinates": [
          130.9025918,
          33.8399949
        ]
      },
      "properties": {
        "内容": "バス停: 湯川新町三丁目 (西鉄バス)",
        "name": "湯川新町三丁目",
        "operator": "西鉄バス",
        "ref": "",
        "url": "",
        "url2": ""
      }
    },
    {
      "type": "Feature",
      "geometry": {
        "type": "Point",
        "coordinates": [
          130.9008681,
          33.8374945
        ]
      },
      "properties": {
        "内容": "バス停: 農事センター入口 (西鉄バス)",
        "name": "農事センター入口",
        "operator": "西鉄バス",
        "ref": "",
        "url": "",
        "url2": ""
      }
    },
    {
      "type": "Feature",
      "geometry": {
        "type": "Point",
        "coordinates": [
          130.9010718,
          33.8374207
        ]
      },
      "properties": {
        "内容": "バス停: 農事センター入口 (西鉄バス)",
        "name": "農事センター入口",
        "operator": "西鉄バス",
        "ref": "",
        "url": "",
        "url2": ""
      }
    },
    {
      "type": "Feature",
      "geometry": {
        "type": "Point",
        "coordinates": [
          130.8992077,
          33.834692
        ]
      },
      "properties": {
        "内容": "バス停: 農事センター前 (西鉄バス)",
        "name": "農事センター前",
        "operator": "西鉄バス",
        "ref": "",
        "url": "",
        "url2": ""
      }
    },
    {
      "type": "Feature",
      "geometry": {
        "type": "Point",
        "coordinates": [
          130.8986821,
          33.834096
        ]
      },
      "properties": {
        "内容": "バス停: 農事センター前 (西鉄バス)",
        "name": "農事センター前",
        "operator": "西鉄バス",
        "ref": "",
        "url": "",
        "url2": ""
      }
    },
    {
      "type": "Feature",
      "geometry": {
        "type": "Point",
        "coordinates": [
          130.8960878,
          33.8307754
        ]
      },
      "properties": {
        "内容": "バス停: 横代口 (西鉄バス)",
        "name": "横代口",
        "operator": "西鉄バス",
        "ref": "",
        "url": "",
        "url2": ""
      }
    },
    {
      "type": "Feature",
      "geometry": {
        "type": "Point",
        "coordinates": [
          130.8962081,
          33.830792
        ]
      },
      "properties": {
        "内容": "バス停: 横代口 (西鉄バス)",
        "name": "横代口",
        "operator": "西鉄バス",
        "ref": "",
        "url": "",
        "url2": ""
      }
    },
    {
      "type": "Feature",
      "geometry": {
        "type": "Point",
        "coordinates": [
          130.8963186,
          33.8291511
        ]
      },
      "properties": {
        "内容": "バス停: 下横代 (西鉄バス)",
        "name": "下横代",
        "operator": "西鉄バス",
        "ref": "",
        "url": "",
        "url2": ""
      }
    },
    {
      "type": "Feature",
      "geometry": {
        "type": "Point",
        "coordinates": [
          130.8965105,
          33.8290959
        ]
      },
      "properties": {
        "内容": "バス停: 下横代 (西鉄バス)",
        "name": "下横代",
        "operator": "西鉄バス",
        "ref": "",
        "url": "",
        "url2": ""
      }
    },
    {
      "type": "Feature",
      "geometry": {
        "type": "Point",
        "coordinates": [
          130.8969845,
          33.8262988
        ]
      },
      "properties": {
        "内容": "バス停: 葉山 (西鉄バス)",
        "name": "葉山",
        "operator": "西鉄バス",
        "ref": "",
        "url": "",
        "url2": ""
      }
    },
    {
      "type": "Feature",
      "geometry": {
        "type": "Point",
        "coordinates": [
          130.8969118,
          33.8259601
        ]
      },
      "properties": {
        "内容": "バス停: 葉山 (西鉄バス)",
        "name": "葉山",
        "operator": "西鉄バス",
        "ref": "",
        "url": "",
        "url2": ""
      }
    },
    {
      "type": "Feature",
      "geometry": {
        "type": "Point",
        "coordinates": [
          130.8982777,
          33.8231099
        ]
      },
      "properties": {
        "内容": "バス停: 竹ノ下 (西鉄バス)",
        "name": "竹ノ下",
        "operator": "西鉄バス",
        "ref": "",
        "url": "",
        "url2": ""
      }
    },
    {
      "type": "Feature",
      "geometry": {
        "type": "Point",
        "coordinates": [
          130.8993403,
          33.8228855
        ]
      },
      "properties": {
        "内容": "バス停: 上横代 (西鉄バス)",
        "name": "上横代",
        "operator": "西鉄バス",
        "ref": "",
        "url": "",
        "url2": ""
      }
    },
    {
      "type": "Feature",
      "geometry": {
        "type": "Point",
        "coordinates": [
          130.8994929,
          33.8231586
        ]
      },
      "properties": {
        "内容": "バス停: 上横代 (西鉄バス)",
        "name": "上横代",
        "operator": "西鉄バス",
        "ref": "",
        "url": "",
        "url2": ""
      }
    },
    {
      "type": "Feature",
      "geometry": {
        "type": "Point",
        "coordinates": [
          130.9003059,
          33.8257969
        ]
      },
      "properties": {
        "内容": "バス停: 舞ケ丘第三公園下 (西鉄バス)",
        "name": "舞ケ丘第三公園下",
        "operator": "西鉄バス",
        "ref": "",
        "url": "",
        "url2": ""
      }
    },
    {
      "type": "Feature",
      "geometry": {
        "type": "Point",
        "coordinates": [
          130.9005055,
          33.8257408
        ]
      },
      "properties": {
        "内容": "バス停: 舞ケ丘第三公園下 (西鉄バス)",
        "name": "舞ケ丘第三公園下",
        "operator": "西鉄バス",
        "ref": "",
        "url": "",
        "url2": ""
      }
    },
    {
      "type": "Feature",
      "geometry": {
        "type": "Point",
        "coordinates": [
          130.9020435,
          33.8266869
        ]
      },
      "properties": {
        "内容": "バス停: 舞ケ丘団地 (西鉄バス)",
        "name": "舞ケ丘団地",
        "operator": "西鉄バス",
        "ref": "",
        "url": "",
        "url2": ""
      }
    },
    {
      "type": "Feature",
      "geometry": {
        "type": "Point",
        "coordinates": [
          130.9052663,
          33.8273867
        ]
      },
      "properties": {
        "内容": "バス停: 舞ケ丘第六公園前 (西鉄バス)",
        "name": "舞ケ丘第六公園前",
        "operator": "西鉄バス",
        "ref": "",
        "url": "",
        "url2": ""
      }
    },
    {
      "type": "Feature",
      "geometry": {
        "type": "Point",
        "coordinates": [
          130.9059736,
          33.8272965
        ]
      },
      "properties": {
        "内容": "バス停: 舞ケ丘第六公園前 (西鉄バス)",
        "name": "舞ケ丘第六公園前",
        "operator": "西鉄バス",
        "ref": "",
        "url": "",
        "url2": ""
      }
    },
    {
      "type": "Feature",
      "geometry": {
        "type": "Point",
        "coordinates": [
          130.9067015,
          33.8252361
        ]
      },
      "properties": {
        "内容": "バス停: 舞ケ丘五丁目 (西鉄バス)",
        "name": "舞ケ丘五丁目",
        "operator": "西鉄バス",
        "ref": "",
        "url": "",
        "url2": ""
      }
    },
    {
      "type": "Feature",
      "geometry": {
        "type": "Point",
        "coordinates": [
          130.9066428,
          33.8251946
        ]
      },
      "properties": {
        "内容": "バス停: 舞ケ丘五丁目 (西鉄バス)",
        "name": "舞ケ丘五丁目",
        "operator": "西鉄バス",
        "ref": "",
        "url": "",
        "url2": ""
      }
    },
    {
      "type": "Feature",
      "geometry": {
        "type": "Point",
        "coordinates": [
          130.904644,
          33.8243729
        ]
      },
      "properties": {
        "内容": "バス停: 舞ケ丘三丁目 (西鉄バス)",
        "name": "舞ケ丘三丁目",
        "operator": "西鉄バス",
        "ref": "",
        "url": "",
        "url2": ""
      }
    },
    {
      "type": "Feature",
      "geometry": {
        "type": "Point",
        "coordinates": [
          130.9045472,
          33.8244071
        ]
      },
      "properties": {
        "内容": "バス停: 舞ケ丘三丁目 (西鉄バス)",
        "name": "舞ケ丘三丁目",
        "operator": "西鉄バス",
        "ref": "",
        "url": "",
        "url2": ""
      }
    },
    {
      "type": "Feature",
      "geometry": {
        "type": "Point",
        "coordinates": [
          130.9044033,
          33.8274452
        ]
      },
      "properties": {
        "内容": "バス停: 舞ケ丘一丁目 (西鉄バス)",
        "name": "舞ケ丘一丁目",
        "operator": "西鉄バス",
        "ref": "",
        "url": "",
        "url2": ""
      }
    },
    {
      "type": "Feature",
      "geometry": {
        "type": "Point",
        "coordinates": [
          130.9044386,
          33.8273915
        ]
      },
      "properties": {
        "内容": "バス停: 舞ケ丘一丁目 (西鉄バス)",
        "name": "舞ケ丘一丁目",
        "operator": "西鉄バス",
        "ref": "",
        "url": "",
        "url2": ""
      }
    },
    {
      "type": "Feature",
      "geometry": {
        "type": "Point",
        "coordinates": [
          130.5294449,
          33.3172163
        ]
      },
      "properties": {
        "内容": "バス停: 青少年科学館前",
        "name": "青少年科学館前",
        "operator": "事業者不明",
        "ref": "",
        "url": "",
        "url2": ""
      }
    },
    {
      "type": "Feature",
      "geometry": {
        "type": "Point",
        "coordinates": [
          130.5294415,
          33.3178808
        ]
      },
      "properties": {
        "内容": "バス停: 青少年科学館前",
        "name": "青少年科学館前",
        "operator": "事業者不明",
        "ref": "",
        "url": "",
        "url2": ""
      }
    },
    {
      "type": "Feature",
      "geometry": {
        "type": "Point",
        "coordinates": [
          130.9311557,
          33.833359
        ]
      },
      "properties": {
        "内容": "バス停: 下曽根新町 (西鉄バス)",
        "name": "下曽根新町",
        "operator": "西鉄バス",
        "ref": "",
        "url": "",
        "url2": ""
      }
    },
    {
      "type": "Feature",
      "geometry": {
        "type": "Point",
        "coordinates": [
          130.9283381,
          33.832583
        ]
      },
      "properties": {
        "内容": "バス停: 西田原 (西鉄バス)",
        "name": "西田原",
        "operator": "西鉄バス",
        "ref": "",
        "url": "",
        "url2": ""
      }
    },
    {
      "type": "Feature",
      "geometry": {
        "type": "Point",
        "coordinates": [
          130.9281786,
          33.8326115
        ]
      },
      "properties": {
        "内容": "バス停: 西田原 (西鉄バス)",
        "name": "西田原",
        "operator": "西鉄バス",
        "ref": "",
        "url": "",
        "url2": ""
      }
    },
    {
      "type": "Feature",
      "geometry": {
        "type": "Point",
        "coordinates": [
          130.9222897,
          33.8295698
        ]
      },
      "properties": {
        "内容": "バス停: 津田第二 (西鉄バス)",
        "name": "津田第二",
        "operator": "西鉄バス",
        "ref": "",
        "url": "",
        "url2": ""
      }
    },
    {
      "type": "Feature",
      "geometry": {
        "type": "Point",
        "coordinates": [
          130.9221608,
          33.8297283
        ]
      },
      "properties": {
        "内容": "バス停: 津田第二 (西鉄バス)",
        "name": "津田第二",
        "operator": "西鉄バス",
        "ref": "",
        "url": "",
        "url2": ""
      }
    },
    {
      "type": "Feature",
      "geometry": {
        "type": "Point",
        "coordinates": [
          130.920112,
          33.8277522
        ]
      },
      "properties": {
        "内容": "バス停: 津田一丁目 (西鉄バス)",
        "name": "津田一丁目",
        "operator": "西鉄バス",
        "ref": "",
        "url": "",
        "url2": ""
      }
    },
    {
      "type": "Feature",
      "geometry": {
        "type": "Point",
        "coordinates": [
          130.9199143,
          33.8272782
        ]
      },
      "properties": {
        "内容": "バス停: 津田一丁目 (西鉄バス)",
        "name": "津田一丁目",
        "operator": "西鉄バス",
        "ref": "",
        "url": "",
        "url2": ""
      }
    },
    {
      "type": "Feature",
      "geometry": {
        "type": "Point",
        "coordinates": [
          130.9197416,
          33.8264196
        ]
      },
      "properties": {
        "内容": "バス停: 津田二丁目 (西鉄バス)",
        "name": "津田二丁目",
        "operator": "西鉄バス",
        "ref": "",
        "url": "",
        "url2": ""
      }
    },
    {
      "type": "Feature",
      "geometry": {
        "type": "Point",
        "coordinates": [
          130.9192996,
          33.8260923
        ]
      },
      "properties": {
        "内容": "バス停: 津田二丁目 (西鉄バス)",
        "name": "津田二丁目",
        "operator": "西鉄バス",
        "ref": "",
        "url": "",
        "url2": ""
      }
    },
    {
      "type": "Feature",
      "geometry": {
        "type": "Point",
        "coordinates": [
          130.9194373,
          33.8234368
        ]
      },
      "properties": {
        "内容": "バス停: 津田グリーンタウン前 (西鉄バス)",
        "name": "津田グリーンタウン前",
        "operator": "西鉄バス",
        "ref": "",
        "url": "",
        "url2": ""
      }
    },
    {
      "type": "Feature",
      "geometry": {
        "type": "Point",
        "coordinates": [
          130.9192996,
          33.8233862
        ]
      },
      "properties": {
        "内容": "バス停: 津田グリーンタウン前 (西鉄バス)",
        "name": "津田グリーンタウン前",
        "operator": "西鉄バス",
        "ref": "",
        "url": "",
        "url2": ""
      }
    },
    {
      "type": "Feature",
      "geometry": {
        "type": "Point",
        "coordinates": [
          130.919656,
          33.8207822
        ]
      },
      "properties": {
        "内容": "バス停: 貫大池前 (西鉄バス)",
        "name": "貫大池前",
        "operator": "西鉄バス",
        "ref": "",
        "url": "",
        "url2": ""
      }
    },
    {
      "type": "Feature",
      "geometry": {
        "type": "Point",
        "coordinates": [
          130.9198337,
          33.8204454
        ]
      },
      "properties": {
        "内容": "バス停: 貫大池前 (西鉄バス)",
        "name": "貫大池前",
        "operator": "西鉄バス",
        "ref": "",
        "url": "",
        "url2": ""
      }
    },
    {
      "type": "Feature",
      "geometry": {
        "type": "Point",
        "coordinates": [
          130.9205254,
          33.818668
        ]
      },
      "properties": {
        "内容": "バス停: 貫団地口 (西鉄バス)",
        "name": "貫団地口",
        "operator": "西鉄バス",
        "ref": "",
        "url": "",
        "url2": ""
      }
    },
    {
      "type": "Feature",
      "geometry": {
        "type": "Point",
        "coordinates": [
          130.9203706,
          33.8186183
        ]
      },
      "properties": {
        "内容": "バス停: 貫団地口 (西鉄バス)",
        "name": "貫団地口",
        "operator": "西鉄バス",
        "ref": "",
        "url": "",
        "url2": ""
      }
    },
    {
      "type": "Feature",
      "geometry": {
        "type": "Point",
        "coordinates": [
          130.9215631,
          33.8169338
        ]
      },
      "properties": {
        "内容": "バス停: 貫小学校前 (西鉄バス)",
        "name": "貫小学校前",
        "operator": "西鉄バス",
        "ref": "",
        "url": "",
        "url2": ""
      }
    },
    {
      "type": "Feature",
      "geometry": {
        "type": "Point",
        "coordinates": [
          130.9224268,
          33.816147
        ]
      },
      "properties": {
        "内容": "バス停: 貫小学校前 (西鉄バス)",
        "name": "貫小学校前",
        "operator": "西鉄バス",
        "ref": "",
        "url": "",
        "url2": ""
      }
    },
    {
      "type": "Feature",
      "geometry": {
        "type": "Point",
        "coordinates": [
          130.9236184,
          33.8132938
        ]
      },
      "properties": {
        "内容": "バス停: 上貫西公園入口 (西鉄バス)",
        "name": "上貫西公園入口",
        "operator": "西鉄バス",
        "ref": "",
        "url": "",
        "url2": ""
      }
    },
    {
      "type": "Feature",
      "geometry": {
        "type": "Point",
        "coordinates": [
          130.9233426,
          33.8129782
        ]
      },
      "properties": {
        "内容": "バス停: 上貫西公園入口 (西鉄バス)",
        "name": "上貫西公園入口",
        "operator": "西鉄バス",
        "ref": "",
        "url": "",
        "url2": ""
      }
    },
    {
      "type": "Feature",
      "geometry": {
        "type": "Point",
        "coordinates": [
          130.9251273,
          33.8118066
        ]
      },
      "properties": {
        "内容": "バス停: 上貫三丁目 (西鉄バス)",
        "name": "上貫三丁目",
        "operator": "西鉄バス",
        "ref": "",
        "url": "",
        "url2": ""
      }
    },
    {
      "type": "Feature",
      "geometry": {
        "type": "Point",
        "coordinates": [
          130.9248203,
          33.8118757
        ]
      },
      "properties": {
        "内容": "バス停: 上貫三丁目 (西鉄バス)",
        "name": "上貫三丁目",
        "operator": "西鉄バス",
        "ref": "",
        "url": "",
        "url2": ""
      }
    },
    {
      "type": "Feature",
      "geometry": {
        "type": "Point",
        "coordinates": [
          130.9269016,
          33.8106566
        ]
      },
      "properties": {
        "内容": "バス停: 府殿入口 (西鉄バス)",
        "name": "府殿入口",
        "operator": "西鉄バス",
        "ref": "",
        "url": "",
        "url2": ""
      }
    },
    {
      "type": "Feature",
      "geometry": {
        "type": "Point",
        "coordinates": [
          130.9273179,
          33.8105658
        ]
      },
      "properties": {
        "内容": "バス停: 府殿入口 (西鉄バス)",
        "name": "府殿入口",
        "operator": "西鉄バス",
        "ref": "",
        "url": "",
        "url2": ""
      }
    },
    {
      "type": "Feature",
      "geometry": {
        "type": "Point",
        "coordinates": [
          130.9285979,
          33.8078075
        ]
      },
      "properties": {
        "内容": "バス停: 弥生が丘団地入口 (西鉄バス)",
        "name": "弥生が丘団地入口",
        "operator": "西鉄バス",
        "ref": "",
        "url": "",
        "url2": ""
      }
    },
    {
      "type": "Feature",
      "geometry": {
        "type": "Point",
        "coordinates": [
          130.928499,
          33.8077599
        ]
      },
      "properties": {
        "内容": "バス停: 弥生が丘団地入口 (西鉄バス)",
        "name": "弥生が丘団地入口",
        "operator": "西鉄バス",
        "ref": "",
        "url": "",
        "url2": ""
      }
    },
    {
      "type": "Feature",
      "geometry": {
        "type": "Point",
        "coordinates": [
          130.9278486,
          33.8066401
        ]
      },
      "properties": {
        "内容": "バス停: 弥生が丘団地第一 (西鉄バス)",
        "name": "弥生が丘団地第一",
        "operator": "西鉄バス",
        "ref": "",
        "url": "",
        "url2": ""
      }
    },
    {
      "type": "Feature",
      "geometry": {
        "type": "Point",
        "coordinates": [
          130.9279215,
          33.8065537
        ]
      },
      "properties": {
        "内容": "バス停: 弥生が丘団地第一 (西鉄バス)",
        "name": "弥生が丘団地第一",
        "operator": "西鉄バス",
        "ref": "",
        "url": "",
        "url2": ""
      }
    },
    {
      "type": "Feature",
      "geometry": {
        "type": "Point",
        "coordinates": [
          130.929139,
          33.8057754
        ]
      },
      "properties": {
        "内容": "バス停: 弥生が丘団地第二 (西鉄バス)",
        "name": "弥生が丘団地第二",
        "operator": "西鉄バス",
        "ref": "",
        "url": "",
        "url2": ""
      }
    },
    {
      "type": "Feature",
      "geometry": {
        "type": "Point",
        "coordinates": [
          130.9301225,
          33.80581
        ]
      },
      "properties": {
        "内容": "バス停: 弥生が丘団地第二 (西鉄バス)",
        "name": "弥生が丘団地第二",
        "operator": "西鉄バス",
        "ref": "",
        "url": "",
        "url2": ""
      }
    },
    {
      "type": "Feature",
      "geometry": {
        "type": "Point",
        "coordinates": [
          130.926246,
          33.8036396
        ]
      },
      "properties": {
        "内容": "バス停: 貫弥生が丘三丁目 (西鉄バス)",
        "name": "貫弥生が丘三丁目",
        "operator": "西鉄バス",
        "ref": "",
        "url": "",
        "url2": ""
      }
    },
    {
      "type": "Feature",
      "geometry": {
        "type": "Point",
        "coordinates": [
          130.9316587,
          33.8078611
        ]
      },
      "properties": {
        "内容": "バス停: 弥生が丘団地第三 (西鉄バス)",
        "name": "弥生が丘団地第三",
        "operator": "西鉄バス",
        "ref": "",
        "url": "",
        "url2": ""
      }
    },
    {
      "type": "Feature",
      "geometry": {
        "type": "Point",
        "coordinates": [
          130.9318551,
          33.8080832
        ]
      },
      "properties": {
        "内容": "バス停: 弥生が丘団地第三 (西鉄バス)",
        "name": "弥生が丘団地第三",
        "operator": "西鉄バス",
        "ref": "",
        "url": "",
        "url2": ""
      }
    },
    {
      "type": "Feature",
      "geometry": {
        "type": "Point",
        "coordinates": [
          130.9335023,
          33.8103945
        ]
      },
      "properties": {
        "内容": "バス停: 弥生が丘営業所 (西鉄バス)",
        "name": "弥生が丘営業所",
        "operator": "西鉄バス",
        "ref": "",
        "url": "",
        "url2": ""
      }
    },
    {
      "type": "Feature",
      "geometry": {
        "type": "Point",
        "coordinates": [
          130.9312434,
          33.8334575
        ]
      },
      "properties": {
        "内容": "バス停: 下曽根新町 (西鉄バス)",
        "name": "下曽根新町",
        "operator": "西鉄バス",
        "ref": "",
        "url": "",
        "url2": ""
      }
    },
    {
      "type": "Feature",
      "geometry": {
        "type": "Point",
        "coordinates": [
          130.9342907,
          33.831955
        ]
      },
      "properties": {
        "内容": "バス停: 下曽根駅南口",
        "name": "下曽根駅南口",
        "operator": "事業者不明",
        "ref": "",
        "url": "",
        "url2": ""
      }
    },
    {
      "type": "Feature",
      "geometry": {
        "type": "Point",
        "coordinates": [
          130.9700187,
          33.8650928
        ]
      },
      "properties": {
        "内容": "バス停: 恒見営業所 (西鉄バス)",
        "name": "恒見営業所",
        "operator": "西鉄バス",
        "ref": "",
        "url": "",
        "url2": ""
      }
    },
    {
      "type": "Feature",
      "geometry": {
        "type": "Point",
        "coordinates": [
          130.442659,
          33.5655581
        ]
      },
      "properties": {
        "内容": "バス停: Naka 5-chome",
        "name": "Naka 5-chome",
        "operator": "事業者不明",
        "ref": "",
        "url": "",
        "url2": ""
      }
    },
    {
      "type": "Feature",
      "geometry": {
        "type": "Point",
        "coordinates": [
          130.4396269,
          33.565555
        ]
      },
      "properties": {
        "内容": "バス停: ららぽーと福岡",
        "name": "ららぽーと福岡",
        "operator": "事業者不明",
        "ref": "",
        "url": "",
        "url2": ""
      }
    },
    {
      "type": "Feature",
      "geometry": {
        "type": "Point",
        "coordinates": [
          130.4395161,
          33.5653744
        ]
      },
      "properties": {
        "内容": "バス停: ららぽーと福岡",
        "name": "ららぽーと福岡",
        "operator": "事業者不明",
        "ref": "",
        "url": "",
        "url2": ""
      }
    },
    {
      "type": "Feature",
      "geometry": {
        "type": "Point",
        "coordinates": [
          130.4395266,
          33.5654719
        ]
      },
      "properties": {
        "内容": "バス停: ららぽーと福岡",
        "name": "ららぽーと福岡",
        "operator": "事業者不明",
        "ref": "",
        "url": "",
        "url2": ""
      }
    },
    {
      "type": "Feature",
      "geometry": {
        "type": "Point",
        "coordinates": [
          130.4428898,
          33.586222
        ]
      },
      "properties": {
        "内容": "バス停: Door A3 for transfer bus to Domestic Terminal and Fukuoka Subway",
        "name": "Door A3 for transfer bus to Domestic Terminal and Fukuoka Subway",
        "operator": "事業者不明",
        "ref": "",
        "url": "",
        "url2": ""
      }
    },
    {
      "type": "Feature",
      "geometry": {
        "type": "Point",
        "coordinates": [
          130.7936304,
          33.3344232
        ]
      },
      "properties": {
        "内容": "バス停: 浮羽発着所",
        "name": "浮羽発着所",
        "operator": "事業者不明",
        "ref": "",
        "url": "",
        "url2": "Q11558554"
      }
    },
    {
      "type": "Feature",
      "geometry": {
        "type": "Point",
        "coordinates": [
          130.7891838,
          33.3339681
        ]
      },
      "properties": {
        "内容": "バス停: 中千足",
        "name": "中千足",
        "operator": "事業者不明",
        "ref": "",
        "url": "",
        "url2": ""
      }
    },
    {
      "type": "Feature",
      "geometry": {
        "type": "Point",
        "coordinates": [
          130.7892686,
          33.3338574
        ]
      },
      "properties": {
        "内容": "バス停: 中千足",
        "name": "中千足",
        "operator": "事業者不明",
        "ref": "",
        "url": "",
        "url2": ""
      }
    },
    {
      "type": "Feature",
      "geometry": {
        "type": "Point",
        "coordinates": [
          130.7854188,
          33.3336809
        ]
      },
      "properties": {
        "内容": "バス停: 下千足",
        "name": "下千足",
        "operator": "事業者不明",
        "ref": "",
        "url": "",
        "url2": ""
      }
    },
    {
      "type": "Feature",
      "geometry": {
        "type": "Point",
        "coordinates": [
          130.784687,
          33.3336385
        ]
      },
      "properties": {
        "内容": "バス停: 下千足",
        "name": "下千足",
        "operator": "事業者不明",
        "ref": "",
        "url": "",
        "url2": ""
      }
    },
    {
      "type": "Feature",
      "geometry": {
        "type": "Point",
        "coordinates": [
          130.7736599,
          33.3376903
        ]
      },
      "properties": {
        "内容": "バス停: 土取",
        "name": "土取",
        "operator": "事業者不明",
        "ref": "",
        "url": "",
        "url2": ""
      }
    },
    {
      "type": "Feature",
      "geometry": {
        "type": "Point",
        "coordinates": [
          130.7730792,
          33.3377833
        ]
      },
      "properties": {
        "内容": "バス停: 土取",
        "name": "土取",
        "operator": "事業者不明",
        "ref": "",
        "url": "",
        "url2": ""
      }
    },
    {
      "type": "Feature",
      "geometry": {
        "type": "Point",
        "coordinates": [
          130.7660678,
          33.3403592
        ]
      },
      "properties": {
        "内容": "バス停: 清瀬",
        "name": "清瀬",
        "operator": "事業者不明",
        "ref": "",
        "url": "",
        "url2": ""
      }
    },
    {
      "type": "Feature",
      "geometry": {
        "type": "Point",
        "coordinates": [
          130.7663917,
          33.3401257
        ]
      },
      "properties": {
        "内容": "バス停: 清瀬",
        "name": "清瀬",
        "operator": "事業者不明",
        "ref": "",
        "url": "",
        "url2": ""
      }
    },
    {
      "type": "Feature",
      "geometry": {
        "type": "Point",
        "coordinates": [
          130.7612665,
          33.3422113
        ]
      },
      "properties": {
        "内容": "バス停: 吉井営業所",
        "name": "吉井営業所",
        "operator": "事業者不明",
        "ref": "",
        "url": "",
        "url2": ""
      }
    },
    {
      "type": "Feature",
      "geometry": {
        "type": "Point",
        "coordinates": [
          130.7572331,
          33.342619
        ]
      },
      "properties": {
        "内容": "バス停: 吉井中町",
        "name": "吉井中町",
        "operator": "事業者不明",
        "ref": "",
        "url": "",
        "url2": ""
      }
    },
    {
      "type": "Feature",
      "geometry": {
        "type": "Point",
        "coordinates": [
          130.7577481,
          33.3426235
        ]
      },
      "properties": {
        "内容": "バス停: 吉井中町",
        "name": "吉井中町",
        "operator": "事業者不明",
        "ref": "",
        "url": "",
        "url2": ""
      }
    },
    {
      "type": "Feature",
      "geometry": {
        "type": "Point",
        "coordinates": [
          130.7518911,
          33.3438048
        ]
      },
      "properties": {
        "内容": "バス停: 吉井駅前",
        "name": "吉井駅前",
        "operator": "事業者不明",
        "ref": "",
        "url": "",
        "url2": ""
      }
    },
    {
      "type": "Feature",
      "geometry": {
        "type": "Point",
        "coordinates": [
          130.751885,
          33.3437378
        ]
      },
      "properties": {
        "内容": "バス停: 吉井駅前",
        "name": "吉井駅前",
        "operator": "事業者不明",
        "ref": "",
        "url": "",
        "url2": ""
      }
    },
    {
      "type": "Feature",
      "geometry": {
        "type": "Point",
        "coordinates": [
          130.7482414,
          33.3439489
        ]
      },
      "properties": {
        "内容": "バス停: うきは警察署入口",
        "name": "うきは警察署入口",
        "operator": "事業者不明",
        "ref": "",
        "url": "",
        "url2": ""
      }
    },
    {
      "type": "Feature",
      "geometry": {
        "type": "Point",
        "coordinates": [
          130.7476787,
          33.3440937
        ]
      },
      "properties": {
        "内容": "バス停: うきは警察署入口",
        "name": "うきは警察署入口",
        "operator": "事業者不明",
        "ref": "",
        "url": "",
        "url2": ""
      }
    },
    {
      "type": "Feature",
      "geometry": {
        "type": "Point",
        "coordinates": [
          130.7424092,
          33.3445187
        ]
      },
      "properties": {
        "内容": "バス停: 扇島",
        "name": "扇島",
        "operator": "事業者不明",
        "ref": "",
        "url": "",
        "url2": ""
      }
    },
    {
      "type": "Feature",
      "geometry": {
        "type": "Point",
        "coordinates": [
          130.7418028,
          33.3444807
        ]
      },
      "properties": {
        "内容": "バス停: 扇島",
        "name": "扇島",
        "operator": "事業者不明",
        "ref": "",
        "url": "",
        "url2": ""
      }
    },
    {
      "type": "Feature",
      "geometry": {
        "type": "Point",
        "coordinates": [
          130.737951,
          33.344758
        ]
      },
      "properties": {
        "内容": "バス停: 竹重",
        "name": "竹重",
        "operator": "事業者不明",
        "ref": "",
        "url": "",
        "url2": ""
      }
    },
    {
      "type": "Feature",
      "geometry": {
        "type": "Point",
        "coordinates": [
          130.7374573,
          33.3448718
        ]
      },
      "properties": {
        "内容": "バス停: 竹重",
        "name": "竹重",
        "operator": "事業者不明",
        "ref": "",
        "url": "",
        "url2": ""
      }
    },
    {
      "type": "Feature",
      "geometry": {
        "type": "Point",
        "coordinates": [
          130.7295133,
          33.342078
        ]
      },
      "properties": {
        "内容": "バス停: 資生堂前",
        "name": "資生堂前",
        "operator": "事業者不明",
        "ref": "",
        "url": "",
        "url2": ""
      }
    },
    {
      "type": "Feature",
      "geometry": {
        "type": "Point",
        "coordinates": [
          130.7294106,
          33.3421269
        ]
      },
      "properties": {
        "内容": "バス停: 資生堂前",
        "name": "資生堂前",
        "operator": "事業者不明",
        "ref": "",
        "url": "",
        "url2": ""
      }
    },
    {
      "type": "Feature",
      "geometry": {
        "type": "Point",
        "coordinates": [
          130.3998696,
          33.1541672
        ]
      },
      "properties": {
        "内容": "バス停: 名称不明バス停",
        "name": "名称不明バス停",
        "operator": "事業者不明",
        "ref": "",
        "url": "",
        "url2": ""
      }
    },
    {
      "type": "Feature",
      "geometry": {
        "type": "Point",
        "coordinates": [
          130.4061622,
          33.1589786
        ]
      },
      "properties": {
        "内容": "バス停: 名称不明バス停",
        "name": "名称不明バス停",
        "operator": "事業者不明",
        "ref": "",
        "url": "",
        "url2": ""
      }
    },
    {
      "type": "Feature",
      "geometry": {
        "type": "Point",
        "coordinates": [
          130.406015,
          33.1575985
        ]
      },
      "properties": {
        "内容": "バス停: 名称不明バス停",
        "name": "名称不明バス停",
        "operator": "事業者不明",
        "ref": "",
        "url": "",
        "url2": ""
      }
    },
    {
      "type": "Feature",
      "geometry": {
        "type": "Point",
        "coordinates": [
          130.405957,
          33.1546073
        ]
      },
      "properties": {
        "内容": "バス停: 名称不明バス停",
        "name": "名称不明バス停",
        "operator": "事業者不明",
        "ref": "",
        "url": "",
        "url2": ""
      }
    },
    {
      "type": "Feature",
      "geometry": {
        "type": "Point",
        "coordinates": [
          130.4281975,
          33.5465871
        ]
      },
      "properties": {
        "内容": "バス停: 和田",
        "name": "和田",
        "operator": "事業者不明",
        "ref": "",
        "url": "",
        "url2": ""
      }
    },
    {
      "type": "Feature",
      "geometry": {
        "type": "Point",
        "coordinates": [
          130.3797348,
          33.5925349
        ]
      },
      "properties": {
        "内容": "バス停: 港二丁目",
        "name": "港二丁目",
        "operator": "事業者不明",
        "ref": "",
        "url": "",
        "url2": ""
      }
    },
    {
      "type": "Feature",
      "geometry": {
        "type": "Point",
        "coordinates": [
          130.2594812,
          33.5782702
        ]
      },
      "properties": {
        "内容": "バス停: 九大学研都市駅",
        "name": "九大学研都市駅",
        "operator": "事業者不明",
        "ref": "2",
        "url": "",
        "url2": ""
      }
    },
    {
      "type": "Feature",
      "geometry": {
        "type": "Point",
        "coordinates": [
          130.4426272,
          33.6687209
        ]
      },
      "properties": {
        "内容": "バス停: 名称不明バス停",
        "name": "名称不明バス停",
        "operator": "事業者不明",
        "ref": "",
        "url": "",
        "url2": ""
      }
    },
    {
      "type": "Feature",
      "geometry": {
        "type": "Point",
        "coordinates": [
          130.3646204,
          33.5754241
        ]
      },
      "properties": {
        "内容": "バス停: 中村学園前 (西鉄バス)",
        "name": "中村学園前",
        "operator": "西鉄バス",
        "ref": "",
        "url": "",
        "url2": ""
      }
    },
    {
      "type": "Feature",
      "geometry": {
        "type": "Point",
        "coordinates": [
          130.3649231,
          33.5755303
        ]
      },
      "properties": {
        "内容": "バス停: 中村学園前 (西鉄バス)",
        "name": "中村学園前",
        "operator": "西鉄バス",
        "ref": "",
        "url": "",
        "url2": ""
      }
    },
    {
      "type": "Feature",
      "geometry": {
        "type": "Point",
        "coordinates": [
          130.658511,
          33.4228613
        ]
      },
      "properties": {
        "内容": "バス停: 甘木 (西鉄バス)",
        "name": "甘木",
        "operator": "西鉄バス",
        "ref": "",
        "url": "",
        "url2": ""
      }
    },
    {
      "type": "Feature",
      "geometry": {
        "type": "Point",
        "coordinates": [
          130.6638087,
          33.4205975
        ]
      },
      "properties": {
        "内容": "バス停: 甘木営業所 (西鉄バス二日市)",
        "name": "甘木営業所",
        "operator": "西鉄バス二日市",
        "ref": "",
        "url": "",
        "url2": ""
      }
    },
    {
      "type": "Feature",
      "geometry": {
        "type": "Point",
        "coordinates": [
          130.6512237,
          33.4268632
        ]
      },
      "properties": {
        "内容": "バス停: 名称不明バス停",
        "name": "名称不明バス停",
        "operator": "事業者不明",
        "ref": "",
        "url": "",
        "url2": ""
      }
    },
    {
      "type": "Feature",
      "geometry": {
        "type": "Point",
        "coordinates": [
          130.6634688,
          33.4196841
        ]
      },
      "properties": {
        "内容": "バス停: 甘木営業所",
        "name": "甘木営業所",
        "operator": "事業者不明",
        "ref": "",
        "url": "",
        "url2": ""
      }
    },
    {
      "type": "Feature",
      "geometry": {
        "type": "Point",
        "coordinates": [
          130.7302096,
          33.8360307
        ]
      },
      "properties": {
        "内容": "バス停: 永犬丸西三丁目 (西鉄バス北九州)",
        "name": "永犬丸西三丁目",
        "operator": "西鉄バス北九州",
        "ref": "",
        "url": "",
        "url2": ""
      }
    },
    {
      "type": "Feature",
      "geometry": {
        "type": "Point",
        "coordinates": [
          130.7295305,
          33.8342053
        ]
      },
      "properties": {
        "内容": "バス停: トンネル口 (西鉄バス北九州)",
        "name": "トンネル口",
        "operator": "西鉄バス北九州",
        "ref": "",
        "url": "",
        "url2": ""
      }
    },
    {
      "type": "Feature",
      "geometry": {
        "type": "Point",
        "coordinates": [
          130.7295138,
          33.8340479
        ]
      },
      "properties": {
        "内容": "バス停: トンネル口 (西鉄バス北九州)",
        "name": "トンネル口",
        "operator": "西鉄バス北九州",
        "ref": "",
        "url": "",
        "url2": ""
      }
    },
    {
      "type": "Feature",
      "geometry": {
        "type": "Point",
        "coordinates": [
          130.7280695,
          33.8377542
        ]
      },
      "properties": {
        "内容": "バス停: 永犬丸西小学校入口 (西鉄バス北九州)",
        "name": "永犬丸西小学校入口",
        "operator": "西鉄バス北九州",
        "ref": "",
        "url": "",
        "url2": ""
      }
    },
    {
      "type": "Feature",
      "geometry": {
        "type": "Point",
        "coordinates": [
          130.7339438,
          33.8373306
        ]
      },
      "properties": {
        "内容": "バス停: 永犬丸 (西鉄バス北九州)",
        "name": "永犬丸",
        "operator": "西鉄バス北九州",
        "ref": "",
        "url": "",
        "url2": ""
      }
    },
    {
      "type": "Feature",
      "geometry": {
        "type": "Point",
        "coordinates": [
          130.733941,
          33.8372142
        ]
      },
      "properties": {
        "内容": "バス停: 永犬丸 (西鉄バス北九州)",
        "name": "永犬丸",
        "operator": "西鉄バス北九州",
        "ref": "",
        "url": "",
        "url2": ""
      }
    },
    {
      "type": "Feature",
      "geometry": {
        "type": "Point",
        "coordinates": [
          130.7380618,
          33.8346725
        ]
      },
      "properties": {
        "内容": "バス停: 三ケ森四丁目 (西鉄バス北九州)",
        "name": "三ケ森四丁目",
        "operator": "西鉄バス北九州",
        "ref": "",
        "url": "",
        "url2": ""
      }
    },
    {
      "type": "Feature",
      "geometry": {
        "type": "Point",
        "coordinates": [
          130.7382607,
          33.834636
        ]
      },
      "properties": {
        "内容": "バス停: 三ケ森四丁目 (西鉄バス北九州)",
        "name": "三ケ森四丁目",
        "operator": "西鉄バス北九州",
        "ref": "",
        "url": "",
        "url2": ""
      }
    },
    {
      "type": "Feature",
      "geometry": {
        "type": "Point",
        "coordinates": [
          130.7395202,
          33.8327051
        ]
      },
      "properties": {
        "内容": "バス停: 沖田中学校 (西鉄バス北九州)",
        "name": "沖田中学校",
        "operator": "西鉄バス北九州",
        "ref": "",
        "url": "",
        "url2": ""
      }
    },
    {
      "type": "Feature",
      "geometry": {
        "type": "Point",
        "coordinates": [
          130.7398418,
          33.8324952
        ]
      },
      "properties": {
        "内容": "バス停: 沖田中学校 (西鉄バス北九州)",
        "name": "沖田中学校",
        "operator": "西鉄バス北九州",
        "ref": "",
        "url": "",
        "url2": ""
      }
    },
    {
      "type": "Feature",
      "geometry": {
        "type": "Point",
        "coordinates": [
          130.7258385,
          33.8385284
        ]
      },
      "properties": {
        "内容": "バス停: 鷹見台三丁目 (西鉄バス北九州)",
        "name": "鷹見台三丁目",
        "operator": "西鉄バス北九州",
        "ref": "",
        "url": "",
        "url2": ""
      }
    },
    {
      "type": "Feature",
      "geometry": {
        "type": "Point",
        "coordinates": [
          130.7257182,
          33.8385669
        ]
      },
      "properties": {
        "内容": "バス停: 鷹見台三丁目 (西鉄バス北九州)",
        "name": "鷹見台三丁目",
        "operator": "西鉄バス北九州",
        "ref": "",
        "url": "",
        "url2": ""
      }
    },
    {
      "type": "Feature",
      "geometry": {
        "type": "Point",
        "coordinates": [
          130.7243273,
          33.8411224
        ]
      },
      "properties": {
        "内容": "バス停: 鷹見台一丁目 (西鉄バス北九州)",
        "name": "鷹見台一丁目",
        "operator": "西鉄バス北九州",
        "ref": "",
        "url": "",
        "url2": ""
      }
    },
    {
      "type": "Feature",
      "geometry": {
        "type": "Point",
        "coordinates": [
          130.7242817,
          33.8415892
        ]
      },
      "properties": {
        "内容": "バス停: 鷹見台一丁目 (西鉄バス北九州)",
        "name": "鷹見台一丁目",
        "operator": "西鉄バス北九州",
        "ref": "",
        "url": "",
        "url2": ""
      }
    },
    {
      "type": "Feature",
      "geometry": {
        "type": "Point",
        "coordinates": [
          130.7243979,
          33.8440499
        ]
      },
      "properties": {
        "内容": "バス停: 五郎丸東公園前 (西鉄バス北九州)",
        "name": "五郎丸東公園前",
        "operator": "西鉄バス北九州",
        "ref": "",
        "url": "",
        "url2": ""
      }
    },
    {
      "type": "Feature",
      "geometry": {
        "type": "Point",
        "coordinates": [
          130.7242993,
          33.8443601
        ]
      },
      "properties": {
        "内容": "バス停: 五郎丸東公園前 (西鉄バス北九州)",
        "name": "五郎丸東公園前",
        "operator": "西鉄バス北九州",
        "ref": "",
        "url": "",
        "url2": ""
      }
    },
    {
      "type": "Feature",
      "geometry": {
        "type": "Point",
        "coordinates": [
          130.7348981,
          33.8389843
        ]
      },
      "properties": {
        "内容": "バス停: 永犬丸 (西鉄バス北九州)",
        "name": "永犬丸",
        "operator": "西鉄バス北九州",
        "ref": "",
        "url": "",
        "url2": ""
      }
    },
    {
      "type": "Feature",
      "geometry": {
        "type": "Point",
        "coordinates": [
          130.7351458,
          33.8388512
        ]
      },
      "properties": {
        "内容": "バス停: 永犬丸 (西鉄バス北九州)",
        "name": "永犬丸",
        "operator": "西鉄バス北九州",
        "ref": "",
        "url": "",
        "url2": ""
      }
    },
    {
      "type": "Feature",
      "geometry": {
        "type": "Point",
        "coordinates": [
          130.5386462,
          33.4832279
        ]
      },
      "properties": {
        "内容": "バス停: 針摺東",
        "name": "針摺東",
        "operator": "事業者不明",
        "ref": "",
        "url": "",
        "url2": ""
      }
    },
    {
      "type": "Feature",
      "geometry": {
        "type": "Point",
        "coordinates": [
          130.7334237,
          33.841771
        ]
      },
      "properties": {
        "内容": "バス停: 八枝五丁目 (西鉄バス北九州)",
        "name": "八枝五丁目",
        "operator": "西鉄バス北九州",
        "ref": "",
        "url": "",
        "url2": ""
      }
    },
    {
      "type": "Feature",
      "geometry": {
        "type": "Point",
        "coordinates": [
          130.7333083,
          33.8416744
        ]
      },
      "properties": {
        "内容": "バス停: 八枝五丁目 (西鉄バス北九州)",
        "name": "八枝五丁目",
        "operator": "西鉄バス北九州",
        "ref": "",
        "url": "",
        "url2": ""
      }
    },
    {
      "type": "Feature",
      "geometry": {
        "type": "Point",
        "coordinates": [
          130.7280873,
          33.8462226
        ]
      },
      "properties": {
        "内容": "バス停: 八幡南郵便局前 (西鉄バス北九州)",
        "name": "八幡南郵便局前",
        "operator": "西鉄バス北九州",
        "ref": "",
        "url": "",
        "url2": ""
      }
    },
    {
      "type": "Feature",
      "geometry": {
        "type": "Point",
        "coordinates": [
          130.7283759,
          33.8458742
        ]
      },
      "properties": {
        "内容": "バス停: 八幡南郵便局前 (西鉄バス北九州)",
        "name": "八幡南郵便局前",
        "operator": "西鉄バス北九州",
        "ref": "",
        "url": "",
        "url2": ""
      }
    },
    {
      "type": "Feature",
      "geometry": {
        "type": "Point",
        "coordinates": [
          130.7247248,
          33.849723
        ]
      },
      "properties": {
        "内容": "バス停: 八枝二丁目 (西鉄バス北九州)",
        "name": "八枝二丁目",
        "operator": "西鉄バス北九州",
        "ref": "",
        "url": "",
        "url2": ""
      }
    },
    {
      "type": "Feature",
      "geometry": {
        "type": "Point",
        "coordinates": [
          130.7247537,
          33.8494886
        ]
      },
      "properties": {
        "内容": "バス停: 八枝二丁目 (西鉄バス北九州)",
        "name": "八枝二丁目",
        "operator": "西鉄バス北九州",
        "ref": "",
        "url": "",
        "url2": ""
      }
    },
    {
      "type": "Feature",
      "geometry": {
        "type": "Point",
        "coordinates": [
          130.3400153,
          33.5806373
        ]
      },
      "properties": {
        "内容": "バス停: 室見駅",
        "name": "室見駅",
        "operator": "事業者不明",
        "ref": "",
        "url": "",
        "url2": ""
      }
    },
    {
      "type": "Feature",
      "geometry": {
        "type": "Point",
        "coordinates": [
          130.3419387,
          33.5807119
        ]
      },
      "properties": {
        "内容": "バス停: 室見一丁目",
        "name": "室見一丁目",
        "operator": "事業者不明",
        "ref": "",
        "url": "",
        "url2": ""
      }
    },
    {
      "type": "Feature",
      "geometry": {
        "type": "Point",
        "coordinates": [
          130.3418362,
          33.5808524
        ]
      },
      "properties": {
        "内容": "バス停: 室見一丁目",
        "name": "室見一丁目",
        "operator": "事業者不明",
        "ref": "",
        "url": "",
        "url2": ""
      }
    },
    {
      "type": "Feature",
      "geometry": {
        "type": "Point",
        "coordinates": [
          130.340095,
          33.5808021
        ]
      },
      "properties": {
        "内容": "バス停: 室見駅",
        "name": "室見駅",
        "operator": "事業者不明",
        "ref": "",
        "url": "",
        "url2": ""
      }
    },
    {
      "type": "Feature",
      "geometry": {
        "type": "Point",
        "coordinates": [
          130.3962295,
          33.5913832
        ]
      },
      "properties": {
        "内容": "バス停: 天神三丁目 (昭和バス)",
        "name": "天神三丁目",
        "operator": "昭和バス",
        "ref": "",
        "url": "",
        "url2": ""
      }
    },
    {
      "type": "Feature",
      "geometry": {
        "type": "Point",
        "coordinates": [
          130.4663633,
          33.5441527
        ]
      },
      "properties": {
        "内容": "バス停: 桜並木駅",
        "name": "桜並木駅",
        "operator": "事業者不明",
        "ref": "",
        "url": "",
        "url2": ""
      }
    },
    {
      "type": "Feature",
      "geometry": {
        "type": "Point",
        "coordinates": [
          130.4672408,
          33.5439386
        ]
      },
      "properties": {
        "内容": "バス停: 桜並木駅",
        "name": "桜並木駅",
        "operator": "事業者不明",
        "ref": "",
        "url": "",
        "url2": ""
      }
    },
    {
      "type": "Feature",
      "geometry": {
        "type": "Point",
        "coordinates": [
          130.7220547,
          33.8456735
        ]
      },
      "properties": {
        "内容": "バス停: 泉ヶ浦一丁目 (西鉄バス北九州)",
        "name": "泉ヶ浦一丁目",
        "operator": "西鉄バス北九州",
        "ref": "",
        "url": "",
        "url2": ""
      }
    },
    {
      "type": "Feature",
      "geometry": {
        "type": "Point",
        "coordinates": [
          130.7222435,
          33.8458535
        ]
      },
      "properties": {
        "内容": "バス停: 泉ヶ浦一丁目 (西鉄バス北九州)",
        "name": "泉ヶ浦一丁目",
        "operator": "西鉄バス北九州",
        "ref": "",
        "url": "",
        "url2": ""
      }
    },
    {
      "type": "Feature",
      "geometry": {
        "type": "Point",
        "coordinates": [
          130.7204454,
          33.8460299
        ]
      },
      "properties": {
        "内容": "バス停: 泉ヶ浦三丁目 (西鉄バス北九州)",
        "name": "泉ヶ浦三丁目",
        "operator": "西鉄バス北九州",
        "ref": "",
        "url": "",
        "url2": ""
      }
    },
    {
      "type": "Feature",
      "geometry": {
        "type": "Point",
        "coordinates": [
          130.7199696,
          33.8463284
        ]
      },
      "properties": {
        "内容": "バス停: 泉ヶ浦三丁目 (西鉄バス北九州)",
        "name": "泉ヶ浦三丁目",
        "operator": "西鉄バス北九州",
        "ref": "",
        "url": "",
        "url2": ""
      }
    },
    {
      "type": "Feature",
      "geometry": {
        "type": "Point",
        "coordinates": [
          130.3542528,
          33.5537368
        ]
      },
      "properties": {
        "内容": "バス停: 西南杜の湖畔公園西 (西日本鉄道バス)",
        "name": "西南杜の湖畔公園西",
        "operator": "西日本鉄道バス",
        "ref": "",
        "url": "",
        "url2": ""
      }
    },
    {
      "type": "Feature",
      "geometry": {
        "type": "Point",
        "coordinates": [
          130.3907933,
          33.5733184
        ]
      },
      "properties": {
        "内容": "バス停: 名称不明バス停 (西鉄バス)",
        "name": "名称不明バス停",
        "operator": "西鉄バス",
        "ref": "",
        "url": "",
        "url2": ""
      }
    },
    {
      "type": "Feature",
      "geometry": {
        "type": "Point",
        "coordinates": [
          130.3279582,
          33.5974244
        ]
      },
      "properties": {
        "内容": "バス停: 能古渡船場 (乗車) (西日本鉄道)",
        "name": "能古渡船場 (乗車)",
        "operator": "西日本鉄道",
        "ref": "",
        "url": "",
        "url2": ""
      }
    },
    {
      "type": "Feature",
      "geometry": {
        "type": "Point",
        "coordinates": [
          130.658653,
          33.42255
        ]
      },
      "properties": {
        "内容": "バス停: 甘木中央",
        "name": "甘木中央",
        "operator": "事業者不明",
        "ref": "",
        "url": "",
        "url2": ""
      }
    },
    {
      "type": "Feature",
      "geometry": {
        "type": "Point",
        "coordinates": [
          130.6588923,
          33.4225027
        ]
      },
      "properties": {
        "内容": "バス停: 甘木中央",
        "name": "甘木中央",
        "operator": "事業者不明",
        "ref": "",
        "url": "",
        "url2": ""
      }
    },
    {
      "type": "Feature",
      "geometry": {
        "type": "Point",
        "coordinates": [
          130.6619454,
          33.4209216
        ]
      },
      "properties": {
        "内容": "バス停: 希声館前",
        "name": "希声館前",
        "operator": "事業者不明",
        "ref": "",
        "url": "",
        "url2": ""
      }
    },
    {
      "type": "Feature",
      "geometry": {
        "type": "Point",
        "coordinates": [
          130.6618672,
          33.4208583
        ]
      },
      "properties": {
        "内容": "バス停: 希声館前",
        "name": "希声館前",
        "operator": "事業者不明",
        "ref": "",
        "url": "",
        "url2": ""
      }
    },
    {
      "type": "Feature",
      "geometry": {
        "type": "Point",
        "coordinates": [
          130.4078143,
          33.1724678
        ]
      },
      "properties": {
        "内容": "バス停: 柳河保加町(柳川方面)",
        "name": "柳河保加町(柳川方面)",
        "operator": "事業者不明",
        "ref": "",
        "url": "",
        "url2": ""
      }
    },
    {
      "type": "Feature",
      "geometry": {
        "type": "Point",
        "coordinates": [
          130.3619117,
          33.5753121
        ]
      },
      "properties": {
        "内容": "バス停: 曙二丁目 (西鉄バス)",
        "name": "曙二丁目",
        "operator": "西鉄バス",
        "ref": "",
        "url": "",
        "url2": ""
      }
    },
    {
      "type": "Feature",
      "geometry": {
        "type": "Point",
        "coordinates": [
          130.3422844,
          33.5543662
        ]
      },
      "properties": {
        "内容": "バス停: 賀茂四角",
        "name": "賀茂四角",
        "operator": "事業者不明",
        "ref": "",
        "url": "",
        "url2": ""
      }
    },
    {
      "type": "Feature",
      "geometry": {
        "type": "Point",
        "coordinates": [
          130.3421504,
          33.5547237
        ]
      },
      "properties": {
        "内容": "バス停: 賀茂四角",
        "name": "賀茂四角",
        "operator": "事業者不明",
        "ref": "",
        "url": "",
        "url2": ""
      }
    },
    {
      "type": "Feature",
      "geometry": {
        "type": "Point",
        "coordinates": [
          130.341639,
          33.5569249
        ]
      },
      "properties": {
        "内容": "バス停: 賀茂一丁目",
        "name": "賀茂一丁目",
        "operator": "事業者不明",
        "ref": "",
        "url": "",
        "url2": ""
      }
    },
    {
      "type": "Feature",
      "geometry": {
        "type": "Point",
        "coordinates": [
          130.3418156,
          33.5568161
        ]
      },
      "properties": {
        "内容": "バス停: 賀茂一丁目",
        "name": "賀茂一丁目",
        "operator": "事業者不明",
        "ref": "",
        "url": "",
        "url2": ""
      }
    },
    {
      "type": "Feature",
      "geometry": {
        "type": "Point",
        "coordinates": [
          130.3407992,
          33.5605133
        ]
      },
      "properties": {
        "内容": "バス停: 原八丁目",
        "name": "原八丁目",
        "operator": "事業者不明",
        "ref": "",
        "url": "",
        "url2": ""
      }
    },
    {
      "type": "Feature",
      "geometry": {
        "type": "Point",
        "coordinates": [
          130.3406977,
          33.5616458
        ]
      },
      "properties": {
        "内容": "バス停: 名称不明バス停",
        "name": "名称不明バス停",
        "operator": "事業者不明",
        "ref": "",
        "url": "",
        "url2": ""
      }
    },
    {
      "type": "Feature",
      "geometry": {
        "type": "Point",
        "coordinates": [
          130.3427029,
          33.5510576
        ]
      },
      "properties": {
        "内容": "バス停: 賀茂二丁目第二",
        "name": "賀茂二丁目第二",
        "operator": "事業者不明",
        "ref": "",
        "url": "",
        "url2": ""
      }
    },
    {
      "type": "Feature",
      "geometry": {
        "type": "Point",
        "coordinates": [
          130.3427304,
          33.5506461
        ]
      },
      "properties": {
        "内容": "バス停: 賀茂二丁目",
        "name": "賀茂二丁目",
        "operator": "事業者不明",
        "ref": "",
        "url": "",
        "url2": ""
      }
    },
    {
      "type": "Feature",
      "geometry": {
        "type": "Point",
        "coordinates": [
          130.3463234,
          33.5547672
        ]
      },
      "properties": {
        "内容": "バス停: 大坪",
        "name": "大坪",
        "operator": "事業者不明",
        "ref": "",
        "url": "",
        "url2": ""
      }
    },
    {
      "type": "Feature",
      "geometry": {
        "type": "Point",
        "coordinates": [
          130.3463781,
          33.5546974
        ]
      },
      "properties": {
        "内容": "バス停: 大坪",
        "name": "大坪",
        "operator": "事業者不明",
        "ref": "",
        "url": "",
        "url2": ""
      }
    },
    {
      "type": "Feature",
      "geometry": {
        "type": "Point",
        "coordinates": [
          130.3452591,
          33.5568043
        ]
      },
      "properties": {
        "内容": "バス停: 星の原団地",
        "name": "星の原団地",
        "operator": "事業者不明",
        "ref": "",
        "url": "",
        "url2": ""
      }
    },
    {
      "type": "Feature",
      "geometry": {
        "type": "Point",
        "coordinates": [
          130.5019922,
          33.3199658
        ]
      },
      "properties": {
        "内容": "バス停: JR久留米駅 降車 (西鉄バス)",
        "name": "JR久留米駅 降車",
        "operator": "西鉄バス",
        "ref": "",
        "url": "",
        "url2": ""
      }
    },
    {
      "type": "Feature",
      "geometry": {
        "type": "Point",
        "coordinates": [
          130.4728479,
          33.639292
        ]
      },
      "properties": {
        "内容": "バス停: 名子道 (日本鉄道株式会社)",
        "name": "名子道",
        "operator": "日本鉄道株式会社",
        "ref": "",
        "url": "",
        "url2": ""
      }
    },
    {
      "type": "Feature",
      "geometry": {
        "type": "Point",
        "coordinates": [
          130.4756559,
          33.6433644
        ]
      },
      "properties": {
        "内容": "バス停: 名子 (西日本鉄道株式会社)",
        "name": "名子",
        "operator": "西日本鉄道株式会社",
        "ref": "",
        "url": "",
        "url2": ""
      }
    },
    {
      "type": "Feature",
      "geometry": {
        "type": "Point",
        "coordinates": [
          130.4749063,
          33.6431134
        ]
      },
      "properties": {
        "内容": "バス停: 名子 (西日本鉄道株式会社)",
        "name": "名子",
        "operator": "西日本鉄道株式会社",
        "ref": "",
        "url": "",
        "url2": ""
      }
    },
    {
      "type": "Feature",
      "geometry": {
        "type": "Point",
        "coordinates": [
          130.4749804,
          33.6426147
        ]
      },
      "properties": {
        "内容": "バス停: 名子 (西日本鉄道株式会社)",
        "name": "名子",
        "operator": "西日本鉄道株式会社",
        "ref": "",
        "url": "",
        "url2": ""
      }
    },
    {
      "type": "Feature",
      "geometry": {
        "type": "Point",
        "coordinates": [
          130.7169027,
          33.8496781
        ]
      },
      "properties": {
        "内容": "バス停: 松寿山団地第二 (西鉄バス北九州)",
        "name": "松寿山団地第二",
        "operator": "西鉄バス北九州",
        "ref": "",
        "url": "",
        "url2": ""
      }
    },
    {
      "type": "Feature",
      "geometry": {
        "type": "Point",
        "coordinates": [
          130.7167788,
          33.8498004
        ]
      },
      "properties": {
        "内容": "バス停: 松寿山団地第二 (西鉄バス北九州)",
        "name": "松寿山団地第二",
        "operator": "西鉄バス北九州",
        "ref": "",
        "url": "",
        "url2": ""
      }
    },
    {
      "type": "Feature",
      "geometry": {
        "type": "Point",
        "coordinates": [
          130.7181697,
          33.8479188
        ]
      },
      "properties": {
        "内容": "バス停: 松寿山団地第三 (西鉄バス北九州)",
        "name": "松寿山団地第三",
        "operator": "西鉄バス北九州",
        "ref": "",
        "url": "",
        "url2": ""
      }
    },
    {
      "type": "Feature",
      "geometry": {
        "type": "Point",
        "coordinates": [
          130.7182356,
          33.8476624
        ]
      },
      "properties": {
        "内容": "バス停: 松寿山団地第三 (西鉄バス北九州)",
        "name": "松寿山団地第三",
        "operator": "西鉄バス北九州",
        "ref": "",
        "url": "",
        "url2": ""
      }
    },
    {
      "type": "Feature",
      "geometry": {
        "type": "Point",
        "coordinates": [
          130.7154815,
          33.8512477
        ]
      },
      "properties": {
        "内容": "バス停: 松寿山団地第一 (西鉄バス北九州)",
        "name": "松寿山団地第一",
        "operator": "西鉄バス北九州",
        "ref": "",
        "url": "",
        "url2": ""
      }
    },
    {
      "type": "Feature",
      "geometry": {
        "type": "Point",
        "coordinates": [
          130.7156424,
          33.8513363
        ]
      },
      "properties": {
        "内容": "バス停: 松寿山団地第一 (西鉄バス北九州)",
        "name": "松寿山団地第一",
        "operator": "西鉄バス北九州",
        "ref": "",
        "url": "",
        "url2": ""
      }
    },
    {
      "type": "Feature",
      "geometry": {
        "type": "Point",
        "coordinates": [
          130.7161586,
          33.8541588
        ]
      },
      "properties": {
        "内容": "バス停: 松寿山団地入口 (西鉄バス北九州)",
        "name": "松寿山団地入口",
        "operator": "西鉄バス北九州",
        "ref": "",
        "url": "",
        "url2": ""
      }
    },
    {
      "type": "Feature",
      "geometry": {
        "type": "Point",
        "coordinates": [
          130.715943,
          33.8535867
        ]
      },
      "properties": {
        "内容": "バス停: 松寿山団地入口 (西鉄バス北九州)",
        "name": "松寿山団地入口",
        "operator": "西鉄バス北九州",
        "ref": "",
        "url": "",
        "url2": ""
      }
    },
    {
      "type": "Feature",
      "geometry": {
        "type": "Point",
        "coordinates": [
          130.7225576,
          33.8519505
        ]
      },
      "properties": {
        "内容": "バス停: 則松七丁目 (西鉄バス北九州)",
        "name": "則松七丁目",
        "operator": "西鉄バス北九州",
        "ref": "",
        "url": "",
        "url2": ""
      }
    },
    {
      "type": "Feature",
      "geometry": {
        "type": "Point",
        "coordinates": [
          130.722582,
          33.8521483
        ]
      },
      "properties": {
        "内容": "バス停: 則松七丁目 (西鉄バス北九州)",
        "name": "則松七丁目",
        "operator": "西鉄バス北九州",
        "ref": "",
        "url": "",
        "url2": ""
      }
    },
    {
      "type": "Feature",
      "geometry": {
        "type": "Point",
        "coordinates": [
          130.7214167,
          33.8533243
        ]
      },
      "properties": {
        "内容": "バス停: 則松六丁目 (西鉄バス北九州)",
        "name": "則松六丁目",
        "operator": "西鉄バス北九州",
        "ref": "",
        "url": "",
        "url2": ""
      }
    },
    {
      "type": "Feature",
      "geometry": {
        "type": "Point",
        "coordinates": [
          130.7215892,
          33.8533795
        ]
      },
      "properties": {
        "内容": "バス停: 則松六丁目 (西鉄バス北九州)",
        "name": "則松六丁目",
        "operator": "西鉄バス北九州",
        "ref": "",
        "url": "",
        "url2": ""
      }
    },
    {
      "type": "Feature",
      "geometry": {
        "type": "Point",
        "coordinates": [
          130.7213045,
          33.8560767
        ]
      },
      "properties": {
        "内容": "バス停: 則松四丁目 (西鉄バス北九州)",
        "name": "則松四丁目",
        "operator": "西鉄バス北九州",
        "ref": "",
        "url": "",
        "url2": ""
      }
    },
    {
      "type": "Feature",
      "geometry": {
        "type": "Point",
        "coordinates": [
          130.721189,
          33.856338
        ]
      },
      "properties": {
        "内容": "バス停: 則松四丁目 (西鉄バス北九州)",
        "name": "則松四丁目",
        "operator": "西鉄バス北九州",
        "ref": "",
        "url": "",
        "url2": ""
      }
    },
    {
      "type": "Feature",
      "geometry": {
        "type": "Point",
        "coordinates": [
          130.7358733,
          33.847061
        ]
      },
      "properties": {
        "内容": "バス停: 北筑高校 (西鉄バス北九州)",
        "name": "北筑高校",
        "operator": "西鉄バス北九州",
        "ref": "",
        "url": "",
        "url2": ""
      }
    },
    {
      "type": "Feature",
      "geometry": {
        "type": "Point",
        "coordinates": [
          130.7361741,
          33.8469679
        ]
      },
      "properties": {
        "内容": "バス停: 北筑高校 (西鉄バス北九州)",
        "name": "北筑高校",
        "operator": "西鉄バス北九州",
        "ref": "",
        "url": "",
        "url2": ""
      }
    },
    {
      "type": "Feature",
      "geometry": {
        "type": "Point",
        "coordinates": [
          130.7389712,
          33.8457236
        ]
      },
      "properties": {
        "内容": "バス停: 筑鉄今池 (西鉄バス北九州)",
        "name": "筑鉄今池",
        "operator": "西鉄バス北九州",
        "ref": "",
        "url": "",
        "url2": ""
      }
    },
    {
      "type": "Feature",
      "geometry": {
        "type": "Point",
        "coordinates": [
          130.7390639,
          33.845733
        ]
      },
      "properties": {
        "内容": "バス停: 筑鉄今池 (西鉄バス北九州)",
        "name": "筑鉄今池",
        "operator": "西鉄バス北九州",
        "ref": "",
        "url": "",
        "url2": ""
      }
    },
    {
      "type": "Feature",
      "geometry": {
        "type": "Point",
        "coordinates": [
          130.737729,
          33.8391849
        ]
      },
      "properties": {
        "内容": "バス停: 筑鉄永犬丸 (西鉄バス北九州)",
        "name": "筑鉄永犬丸",
        "operator": "西鉄バス北九州",
        "ref": "",
        "url": "",
        "url2": ""
      }
    },
    {
      "type": "Feature",
      "geometry": {
        "type": "Point",
        "coordinates": [
          130.7380426,
          33.8390097
        ]
      },
      "properties": {
        "内容": "バス停: 筑鉄永犬丸 (西鉄バス北九州)",
        "name": "筑鉄永犬丸",
        "operator": "西鉄バス北九州",
        "ref": "",
        "url": "",
        "url2": ""
      }
    },
    {
      "type": "Feature",
      "geometry": {
        "type": "Point",
        "coordinates": [
          130.7397676,
          33.8391273
        ]
      },
      "properties": {
        "内容": "バス停: 榊姫神社 (西鉄バス北九州)",
        "name": "榊姫神社",
        "operator": "西鉄バス北九州",
        "ref": "",
        "url": "",
        "url2": ""
      }
    },
    {
      "type": "Feature",
      "geometry": {
        "type": "Point",
        "coordinates": [
          130.7401229,
          33.8388774
        ]
      },
      "properties": {
        "内容": "バス停: 榊姫神社 (西鉄バス北九州)",
        "name": "榊姫神社",
        "operator": "西鉄バス北九州",
        "ref": "",
        "url": "",
        "url2": ""
      }
    },
    {
      "type": "Feature",
      "geometry": {
        "type": "Point",
        "coordinates": [
          130.7415109,
          33.8386587
        ]
      },
      "properties": {
        "内容": "バス停: 八幡南高校下 (西鉄バス北九州)",
        "name": "八幡南高校下",
        "operator": "西鉄バス北九州",
        "ref": "",
        "url": "",
        "url2": ""
      }
    },
    {
      "type": "Feature",
      "geometry": {
        "type": "Point",
        "coordinates": [
          130.742723,
          33.8381382
        ]
      },
      "properties": {
        "内容": "バス停: 八幡南高校下 (西鉄バス北九州)",
        "name": "八幡南高校下",
        "operator": "西鉄バス北九州",
        "ref": "",
        "url": "",
        "url2": ""
      }
    },
    {
      "type": "Feature",
      "geometry": {
        "type": "Point",
        "coordinates": [
          130.7462803,
          33.829982
        ]
      },
      "properties": {
        "内容": "バス停: 沖田西口 (西鉄バス北九州)",
        "name": "沖田西口",
        "operator": "西鉄バス北九州",
        "ref": "",
        "url": "",
        "url2": ""
      }
    },
    {
      "type": "Feature",
      "geometry": {
        "type": "Point",
        "coordinates": [
          130.7464419,
          33.8298874
        ]
      },
      "properties": {
        "内容": "バス停: 沖田西口 (西鉄バス北九州)",
        "name": "沖田西口",
        "operator": "西鉄バス北九州",
        "ref": "",
        "url": "",
        "url2": ""
      }
    },
    {
      "type": "Feature",
      "geometry": {
        "type": "Point",
        "coordinates": [
          130.7465306,
          33.8317634
        ]
      },
      "properties": {
        "内容": "バス停: 沖田中央 (西鉄バス北九州)",
        "name": "沖田中央",
        "operator": "西鉄バス北九州",
        "ref": "",
        "url": "",
        "url2": ""
      }
    },
    {
      "type": "Feature",
      "geometry": {
        "type": "Point",
        "coordinates": [
          130.7463485,
          33.8326944
        ]
      },
      "properties": {
        "内容": "バス停: 沖田中央 (西鉄バス北九州)",
        "name": "沖田中央",
        "operator": "西鉄バス北九州",
        "ref": "",
        "url": "",
        "url2": ""
      }
    },
    {
      "type": "Feature",
      "geometry": {
        "type": "Point",
        "coordinates": [
          130.7462605,
          33.8344872
        ]
      },
      "properties": {
        "内容": "バス停: 名前谷橋 (西鉄バス北九州)",
        "name": "名前谷橋",
        "operator": "西鉄バス北九州",
        "ref": "",
        "url": "",
        "url2": ""
      }
    },
    {
      "type": "Feature",
      "geometry": {
        "type": "Point",
        "coordinates": [
          130.7463928,
          33.8344937
        ]
      },
      "properties": {
        "内容": "バス停: 名前谷橋 (西鉄バス北九州)",
        "name": "名前谷橋",
        "operator": "西鉄バス北九州",
        "ref": "",
        "url": "",
        "url2": ""
      }
    },
    {
      "type": "Feature",
      "geometry": {
        "type": "Point",
        "coordinates": [
          130.746302,
          33.8369111
        ]
      },
      "properties": {
        "内容": "バス停: 永犬丸東町一丁目 (西鉄バス北九州)",
        "name": "永犬丸東町一丁目",
        "operator": "西鉄バス北九州",
        "ref": "",
        "url": "",
        "url2": ""
      }
    },
    {
      "type": "Feature",
      "geometry": {
        "type": "Point",
        "coordinates": [
          130.7462656,
          33.8376357
        ]
      },
      "properties": {
        "内容": "バス停: 永犬丸東町一丁目 (西鉄バス北九州)",
        "name": "永犬丸東町一丁目",
        "operator": "西鉄バス北九州",
        "ref": "",
        "url": "",
        "url2": ""
      }
    },
    {
      "type": "Feature",
      "geometry": {
        "type": "Point",
        "coordinates": [
          130.7172909,
          33.8553257
        ]
      },
      "properties": {
        "内容": "バス停: 則松中学校前 (西鉄バス北九州)",
        "name": "則松中学校前",
        "operator": "西鉄バス北九州",
        "ref": "",
        "url": "",
        "url2": ""
      }
    },
    {
      "type": "Feature",
      "geometry": {
        "type": "Point",
        "coordinates": [
          130.7173489,
          33.85538
        ]
      },
      "properties": {
        "内容": "バス停: 則松中学校前 (西鉄バス北九州)",
        "name": "則松中学校前",
        "operator": "西鉄バス北九州",
        "ref": "",
        "url": "",
        "url2": ""
      }
    },
    {
      "type": "Feature",
      "geometry": {
        "type": "Point",
        "coordinates": [
          130.7174021,
          33.8574029
        ]
      },
      "properties": {
        "内容": "バス停: 則松小学校前 (西鉄バス北九州)",
        "name": "則松小学校前",
        "operator": "西鉄バス北九州",
        "ref": "",
        "url": "",
        "url2": ""
      }
    },
    {
      "type": "Feature",
      "geometry": {
        "type": "Point",
        "coordinates": [
          130.717857,
          33.8574106
        ]
      },
      "properties": {
        "内容": "バス停: 則松小学校前 (西鉄バス北九州)",
        "name": "則松小学校前",
        "operator": "西鉄バス北九州",
        "ref": "",
        "url": "",
        "url2": ""
      }
    },
    {
      "type": "Feature",
      "geometry": {
        "type": "Point",
        "coordinates": [
          130.7229673,
          33.8596798
        ]
      },
      "properties": {
        "内容": "バス停: 則松 (西鉄バス北九州)",
        "name": "則松",
        "operator": "西鉄バス北九州",
        "ref": "",
        "url": "",
        "url2": ""
      }
    },
    {
      "type": "Feature",
      "geometry": {
        "type": "Point",
        "coordinates": [
          130.7230928,
          33.8598976
        ]
      },
      "properties": {
        "内容": "バス停: 則松 (西鉄バス北九州)",
        "name": "則松",
        "operator": "西鉄バス北九州",
        "ref": "",
        "url": "",
        "url2": ""
      }
    },
    {
      "type": "Feature",
      "geometry": {
        "type": "Point",
        "coordinates": [
          130.7463283,
          33.8402524
        ]
      },
      "properties": {
        "内容": "バス停: 的場池公園 (西鉄バス北九州)",
        "name": "的場池公園",
        "operator": "西鉄バス北九州",
        "ref": "",
        "url": "",
        "url2": ""
      }
    },
    {
      "type": "Feature",
      "geometry": {
        "type": "Point",
        "coordinates": [
          130.7452331,
          33.8429238
        ]
      },
      "properties": {
        "内容": "バス停: 的場町 (西鉄バス北九州)",
        "name": "的場町",
        "operator": "西鉄バス北九州",
        "ref": "",
        "url": "",
        "url2": ""
      }
    },
    {
      "type": "Feature",
      "geometry": {
        "type": "Point",
        "coordinates": [
          130.7466356,
          33.8437291
        ]
      },
      "properties": {
        "内容": "バス停: 若葉二丁目 (西鉄バス北九州)",
        "name": "若葉二丁目",
        "operator": "西鉄バス北九州",
        "ref": "",
        "url": "",
        "url2": ""
      }
    },
    {
      "type": "Feature",
      "geometry": {
        "type": "Point",
        "coordinates": [
          130.7432896,
          33.8465599
        ]
      },
      "properties": {
        "内容": "バス停: 竹末市民センター (西鉄バス北九州)",
        "name": "竹末市民センター",
        "operator": "西鉄バス北九州",
        "ref": "",
        "url": "",
        "url2": ""
      }
    },
    {
      "type": "Feature",
      "geometry": {
        "type": "Point",
        "coordinates": [
          130.7433022,
          33.8466775
        ]
      },
      "properties": {
        "内容": "バス停: 竹末市民センター (西鉄バス北九州)",
        "name": "竹末市民センター",
        "operator": "西鉄バス北九州",
        "ref": "",
        "url": "",
        "url2": ""
      }
    },
    {
      "type": "Feature",
      "geometry": {
        "type": "Point",
        "coordinates": [
          130.7413718,
          33.8302009
        ]
      },
      "properties": {
        "内容": "バス停: 中尾小学校 (西鉄バス北九州)",
        "name": "中尾小学校",
        "operator": "西鉄バス北九州",
        "ref": "",
        "url": "",
        "url2": ""
      }
    },
    {
      "type": "Feature",
      "geometry": {
        "type": "Point",
        "coordinates": [
          130.7413812,
          33.8298549
        ]
      },
      "properties": {
        "内容": "バス停: 中尾小学校 (西鉄バス北九州)",
        "name": "中尾小学校",
        "operator": "西鉄バス北九州",
        "ref": "",
        "url": "",
        "url2": ""
      }
    },
    {
      "type": "Feature",
      "geometry": {
        "type": "Point",
        "coordinates": [
          130.7443902,
          33.8282165
        ]
      },
      "properties": {
        "内容": "バス停: 下上津役一丁目 (西鉄バス北九州)",
        "name": "下上津役一丁目",
        "operator": "西鉄バス北九州",
        "ref": "",
        "url": "",
        "url2": ""
      }
    },
    {
      "type": "Feature",
      "geometry": {
        "type": "Point",
        "coordinates": [
          130.7445308,
          33.828032
        ]
      },
      "properties": {
        "内容": "バス停: 下上津役一丁目 (西鉄バス北九州)",
        "name": "下上津役一丁目",
        "operator": "西鉄バス北九州",
        "ref": "",
        "url": "",
        "url2": ""
      }
    },
    {
      "type": "Feature",
      "geometry": {
        "type": "Point",
        "coordinates": [
          130.7448553,
          33.8480924
        ]
      },
      "properties": {
        "内容": "バス停: 若葉一丁目 (西鉄バス北九州)",
        "name": "若葉一丁目",
        "operator": "西鉄バス北九州",
        "ref": "",
        "url": "",
        "url2": ""
      }
    },
    {
      "type": "Feature",
      "geometry": {
        "type": "Point",
        "coordinates": [
          130.7449853,
          33.8482312
        ]
      },
      "properties": {
        "内容": "バス停: 若葉一丁目 (西鉄バス北九州)",
        "name": "若葉一丁目",
        "operator": "西鉄バス北九州",
        "ref": "",
        "url": "",
        "url2": ""
      }
    },
    {
      "type": "Feature",
      "geometry": {
        "type": "Point",
        "coordinates": [
          130.750061,
          33.8445657
        ]
      },
      "properties": {
        "内容": "バス停: 引野小学校 (西鉄バス北九州)",
        "name": "引野小学校",
        "operator": "西鉄バス北九州",
        "ref": "",
        "url": "",
        "url2": ""
      }
    },
    {
      "type": "Feature",
      "geometry": {
        "type": "Point",
        "coordinates": [
          130.7488253,
          33.8443904
        ]
      },
      "properties": {
        "内容": "バス停: 引野小学校 (西鉄バス北九州)",
        "name": "引野小学校",
        "operator": "西鉄バス北九州",
        "ref": "",
        "url": "",
        "url2": ""
      }
    },
    {
      "type": "Feature",
      "geometry": {
        "type": "Point",
        "coordinates": [
          130.7489914,
          33.8471934
        ]
      },
      "properties": {
        "内容": "バス停: 若葉町入口 (西鉄バス北九州)",
        "name": "若葉町入口",
        "operator": "西鉄バス北九州",
        "ref": "",
        "url": "",
        "url2": ""
      }
    },
    {
      "type": "Feature",
      "geometry": {
        "type": "Point",
        "coordinates": [
          130.749254,
          33.8468196
        ]
      },
      "properties": {
        "内容": "バス停: 若葉町入口 (西鉄バス北九州)",
        "name": "若葉町入口",
        "operator": "西鉄バス北九州",
        "ref": "",
        "url": "",
        "url2": ""
      }
    },
    {
      "type": "Feature",
      "geometry": {
        "type": "Point",
        "coordinates": [
          130.7463517,
          33.8544761
        ]
      },
      "properties": {
        "内容": "バス停: 鷹の巣 (西鉄バス北九州)",
        "name": "鷹の巣",
        "operator": "西鉄バス北九州",
        "ref": "",
        "url": "",
        "url2": ""
      }
    },
    {
      "type": "Feature",
      "geometry": {
        "type": "Point",
        "coordinates": [
          130.7462653,
          33.8544329
        ]
      },
      "properties": {
        "内容": "バス停: 鷹の巣 (西鉄バス北九州)",
        "name": "鷹の巣",
        "operator": "西鉄バス北九州",
        "ref": "",
        "url": "",
        "url2": ""
      }
    },
    {
      "type": "Feature",
      "geometry": {
        "type": "Point",
        "coordinates": [
          130.7510873,
          33.8540053
        ]
      },
      "properties": {
        "内容": "バス停: 穴生ドーム (西鉄バス北九州)",
        "name": "穴生ドーム",
        "operator": "西鉄バス北九州",
        "ref": "",
        "url": "",
        "url2": ""
      }
    },
    {
      "type": "Feature",
      "geometry": {
        "type": "Point",
        "coordinates": [
          130.7514274,
          33.8534635
        ]
      },
      "properties": {
        "内容": "バス停: 穴生ドーム (西鉄バス北九州)",
        "name": "穴生ドーム",
        "operator": "西鉄バス北九州",
        "ref": "",
        "url": "",
        "url2": ""
      }
    },
    {
      "type": "Feature",
      "geometry": {
        "type": "Point",
        "coordinates": [
          130.7503964,
          33.8555231
        ]
      },
      "properties": {
        "内容": "バス停: 萩原小学校前 (西鉄バス北九州)",
        "name": "萩原小学校前",
        "operator": "西鉄バス北九州",
        "ref": "",
        "url": "",
        "url2": ""
      }
    },
    {
      "type": "Feature",
      "geometry": {
        "type": "Point",
        "coordinates": [
          130.7499923,
          33.8560221
        ]
      },
      "properties": {
        "内容": "バス停: 萩原小学校前 (西鉄バス北九州)",
        "name": "萩原小学校前",
        "operator": "西鉄バス北九州",
        "ref": "",
        "url": "",
        "url2": ""
      }
    },
    {
      "type": "Feature",
      "geometry": {
        "type": "Point",
        "coordinates": [
          130.7956744,
          33.8576254
        ]
      },
      "properties": {
        "内容": "バス停: 八幡東消防署前 (Nishitetsu Bus)",
        "name": "八幡東消防署前",
        "operator": "Nishitetsu Bus",
        "ref": "",
        "url": "",
        "url2": ""
      }
    },
    {
      "type": "Feature",
      "geometry": {
        "type": "Point",
        "coordinates": [
          130.795896,
          33.857287
        ]
      },
      "properties": {
        "内容": "バス停: 八幡東消防署前 (Nishitetsu Bus)",
        "name": "八幡東消防署前",
        "operator": "Nishitetsu Bus",
        "ref": "",
        "url": "",
        "url2": ""
      }
    },
    {
      "type": "Feature",
      "geometry": {
        "type": "Point",
        "coordinates": [
          130.7398883,
          33.864515
        ]
      },
      "properties": {
        "内容": "バス停: 国道陣の原 (西鉄バス北九州)",
        "name": "国道陣の原",
        "operator": "西鉄バス北九州",
        "ref": "",
        "url": "",
        "url2": ""
      }
    },
    {
      "type": "Feature",
      "geometry": {
        "type": "Point",
        "coordinates": [
          130.7435276,
          33.8642684
        ]
      },
      "properties": {
        "内容": "バス停: 穴生橋 (西鉄バス北九州)",
        "name": "穴生橋",
        "operator": "西鉄バス北九州",
        "ref": "",
        "url": "",
        "url2": ""
      }
    },
    {
      "type": "Feature",
      "geometry": {
        "type": "Point",
        "coordinates": [
          130.7432226,
          33.8640141
        ]
      },
      "properties": {
        "内容": "バス停: 穴生橋 (西鉄バス北九州)",
        "name": "穴生橋",
        "operator": "西鉄バス北九州",
        "ref": "",
        "url": "",
        "url2": ""
      }
    },
    {
      "type": "Feature",
      "geometry": {
        "type": "Point",
        "coordinates": [
          130.745764,
          33.8639647
        ]
      },
      "properties": {
        "内容": "バス停: 皇后崎 (西鉄バス北九州)",
        "name": "皇后崎",
        "operator": "西鉄バス北九州",
        "ref": "",
        "url": "",
        "url2": ""
      }
    },
    {
      "type": "Feature",
      "geometry": {
        "type": "Point",
        "coordinates": [
          130.7458177,
          33.8639683
        ]
      },
      "properties": {
        "内容": "バス停: 皇后崎 (北九州市営バス)",
        "name": "皇后崎",
        "operator": "北九州市営バス",
        "ref": "",
        "url": "",
        "url2": ""
      }
    },
    {
      "type": "Feature",
      "geometry": {
        "type": "Point",
        "coordinates": [
          130.7449043,
          33.8631302
        ]
      },
      "properties": {
        "内容": "バス停: 八幡営業所 (西鉄バス北九州)",
        "name": "八幡営業所",
        "operator": "西鉄バス北九州",
        "ref": "",
        "url": "",
        "url2": ""
      }
    },
    {
      "type": "Feature",
      "geometry": {
        "type": "Point",
        "coordinates": [
          130.7449653,
          33.8625597
        ]
      },
      "properties": {
        "内容": "バス停: 八幡営業所 (西鉄バス北九州)",
        "name": "八幡営業所",
        "operator": "西鉄バス北九州",
        "ref": "",
        "url": "",
        "url2": ""
      }
    },
    {
      "type": "Feature",
      "geometry": {
        "type": "Point",
        "coordinates": [
          130.7449437,
          33.8606134
        ]
      },
      "properties": {
        "内容": "バス停: 穴生小学校前 (西鉄バス北九州)",
        "name": "穴生小学校前",
        "operator": "西鉄バス北九州",
        "ref": "",
        "url": "",
        "url2": ""
      }
    },
    {
      "type": "Feature",
      "geometry": {
        "type": "Point",
        "coordinates": [
          130.7448273,
          33.8604175
        ]
      },
      "properties": {
        "内容": "バス停: 穴生小学校前 (西鉄バス北九州)",
        "name": "穴生小学校前",
        "operator": "西鉄バス北九州",
        "ref": "",
        "url": "",
        "url2": ""
      }
    },
    {
      "type": "Feature",
      "geometry": {
        "type": "Point",
        "coordinates": [
          130.7445396,
          33.8576386
        ]
      },
      "properties": {
        "内容": "バス停: 穴生電停前 (西鉄バス北九州)",
        "name": "穴生電停前",
        "operator": "西鉄バス北九州",
        "ref": "",
        "url": "",
        "url2": ""
      }
    },
    {
      "type": "Feature",
      "geometry": {
        "type": "Point",
        "coordinates": [
          130.7448779,
          33.8579993
        ]
      },
      "properties": {
        "内容": "バス停: 穴生電停前 (西鉄バス北九州)",
        "name": "穴生電停前",
        "operator": "西鉄バス北九州",
        "ref": "",
        "url": "",
        "url2": ""
      }
    },
    {
      "type": "Feature",
      "geometry": {
        "type": "Point",
        "coordinates": [
          130.7492673,
          33.8581493
        ]
      },
      "properties": {
        "内容": "バス停: 萩原橋 (西鉄バス北九州)",
        "name": "萩原橋",
        "operator": "西鉄バス北九州",
        "ref": "",
        "url": "",
        "url2": ""
      }
    },
    {
      "type": "Feature",
      "geometry": {
        "type": "Point",
        "coordinates": [
          130.7493855,
          33.85802
        ]
      },
      "properties": {
        "内容": "バス停: 萩原橋 (西鉄バス北九州)",
        "name": "萩原橋",
        "operator": "西鉄バス北九州",
        "ref": "",
        "url": "",
        "url2": ""
      }
    },
    {
      "type": "Feature",
      "geometry": {
        "type": "Point",
        "coordinates": [
          130.7517284,
          33.8585414
        ]
      },
      "properties": {
        "内容": "バス停: 穴生中学校前 (西鉄バス北九州)",
        "name": "穴生中学校前",
        "operator": "西鉄バス北九州",
        "ref": "",
        "url": "",
        "url2": ""
      }
    },
    {
      "type": "Feature",
      "geometry": {
        "type": "Point",
        "coordinates": [
          130.7516831,
          33.8586813
        ]
      },
      "properties": {
        "内容": "バス停: 穴生中学校前 (西鉄バス北九州)",
        "name": "穴生中学校前",
        "operator": "西鉄バス北九州",
        "ref": "",
        "url": "",
        "url2": ""
      }
    },
    {
      "type": "Feature",
      "geometry": {
        "type": "Point",
        "coordinates": [
          130.7495248,
          33.863924
        ]
      },
      "properties": {
        "内容": "バス停: 萩原団地下 (西鉄バス北九州)",
        "name": "萩原団地下",
        "operator": "西鉄バス北九州",
        "ref": "",
        "url": "",
        "url2": ""
      }
    },
    {
      "type": "Feature",
      "geometry": {
        "type": "Point",
        "coordinates": [
          130.7503473,
          33.864058
        ]
      },
      "properties": {
        "内容": "バス停: 萩原団地下 (西鉄バス北九州)",
        "name": "萩原団地下",
        "operator": "西鉄バス北九州",
        "ref": "",
        "url": "",
        "url2": ""
      }
    },
    {
      "type": "Feature",
      "geometry": {
        "type": "Point",
        "coordinates": [
          130.7503324,
          33.8640586
        ]
      },
      "properties": {
        "内容": "バス停: 萩原団地下 (北九州市営バス)",
        "name": "萩原団地下",
        "operator": "北九州市営バス",
        "ref": "",
        "url": "",
        "url2": ""
      }
    },
    {
      "type": "Feature",
      "geometry": {
        "type": "Point",
        "coordinates": [
          130.7495411,
          33.8639252
        ]
      },
      "properties": {
        "内容": "バス停: 萩原団地下 (北九州市営バス)",
        "name": "萩原団地下",
        "operator": "北九州市営バス",
        "ref": "",
        "url": "",
        "url2": ""
      }
    },
    {
      "type": "Feature",
      "geometry": {
        "type": "Point",
        "coordinates": [
          130.7449285,
          33.8648788
        ]
      },
      "properties": {
        "内容": "バス停: 穴生橋 (北九州市営バス)",
        "name": "穴生橋",
        "operator": "北九州市営バス",
        "ref": "",
        "url": "",
        "url2": ""
      }
    },
    {
      "type": "Feature",
      "geometry": {
        "type": "Point",
        "coordinates": [
          130.7449294,
          33.864854
        ]
      },
      "properties": {
        "内容": "バス停: 穴生橋 (西鉄バス北九州)",
        "name": "穴生橋",
        "operator": "西鉄バス北九州",
        "ref": "",
        "url": "",
        "url2": ""
      }
    },
    {
      "type": "Feature",
      "geometry": {
        "type": "Point",
        "coordinates": [
          130.7450546,
          33.8654077
        ]
      },
      "properties": {
        "内容": "バス停: 穴生橋 (北九州市営バス)",
        "name": "穴生橋",
        "operator": "北九州市営バス",
        "ref": "",
        "url": "",
        "url2": ""
      }
    },
    {
      "type": "Feature",
      "geometry": {
        "type": "Point",
        "coordinates": [
          130.7450527,
          33.865431
        ]
      },
      "properties": {
        "内容": "バス停: 穴生橋 (西鉄バス北九州)",
        "name": "穴生橋",
        "operator": "西鉄バス北九州",
        "ref": "",
        "url": "",
        "url2": ""
      }
    },
    {
      "type": "Feature",
      "geometry": {
        "type": "Point",
        "coordinates": [
          130.4067586,
          33.5405644
        ]
      },
      "properties": {
        "内容": "バス停: 下の原",
        "name": "下の原",
        "operator": "事業者不明",
        "ref": "",
        "url": "",
        "url2": ""
      }
    },
    {
      "type": "Feature",
      "geometry": {
        "type": "Point",
        "coordinates": [
          130.405179,
          33.53199
        ]
      },
      "properties": {
        "内容": "バス停: 屋形原",
        "name": "屋形原",
        "operator": "事業者不明",
        "ref": "",
        "url": "",
        "url2": ""
      }
    },
    {
      "type": "Feature",
      "geometry": {
        "type": "Point",
        "coordinates": [
          130.4070059,
          33.5312032
        ]
      },
      "properties": {
        "内容": "バス停: やよい坂",
        "name": "やよい坂",
        "operator": "事業者不明",
        "ref": "",
        "url": "",
        "url2": ""
      }
    },
    {
      "type": "Feature",
      "geometry": {
        "type": "Point",
        "coordinates": [
          130.7492342,
          33.8496456
        ]
      },
      "properties": {
        "内容": "バス停: 竹末 (西鉄バス北九州)",
        "name": "竹末",
        "operator": "西鉄バス北九州",
        "ref": "",
        "url": "",
        "url2": ""
      }
    },
    {
      "type": "Feature",
      "geometry": {
        "type": "Point",
        "coordinates": [
          130.7473973,
          33.8490453
        ]
      },
      "properties": {
        "内容": "バス停: 竹末 (西鉄バス北九州)",
        "name": "竹末",
        "operator": "西鉄バス北九州",
        "ref": "",
        "url": "",
        "url2": ""
      }
    },
    {
      "type": "Feature",
      "geometry": {
        "type": "Point",
        "coordinates": [
          130.7478652,
          33.8504173
        ]
      },
      "properties": {
        "内容": "バス停: 竹末 (西鉄バス北九州)",
        "name": "竹末",
        "operator": "西鉄バス北九州",
        "ref": "",
        "url": "",
        "url2": ""
      }
    },
    {
      "type": "Feature",
      "geometry": {
        "type": "Point",
        "coordinates": [
          130.7485422,
          33.8487778
        ]
      },
      "properties": {
        "内容": "バス停: 竹末 (西鉄バス北九州)",
        "name": "竹末",
        "operator": "西鉄バス北九州",
        "ref": "",
        "url": "",
        "url2": ""
      }
    },
    {
      "type": "Feature",
      "geometry": {
        "type": "Point",
        "coordinates": [
          130.7510774,
          33.850036
        ]
      },
      "properties": {
        "内容": "バス停: 相生町 (西鉄バス北九州)",
        "name": "相生町",
        "operator": "西鉄バス北九州",
        "ref": "",
        "url": "",
        "url2": ""
      }
    },
    {
      "type": "Feature",
      "geometry": {
        "type": "Point",
        "coordinates": [
          130.7517201,
          33.8502614
        ]
      },
      "properties": {
        "内容": "バス停: 相生町 (西鉄バス北九州)",
        "name": "相生町",
        "operator": "西鉄バス北九州",
        "ref": "",
        "url": "",
        "url2": ""
      }
    },
    {
      "type": "Feature",
      "geometry": {
        "type": "Point",
        "coordinates": [
          130.7524017,
          33.8508025
        ]
      },
      "properties": {
        "内容": "バス停: 鉄竜 (西鉄バス北九州)",
        "name": "鉄竜",
        "operator": "西鉄バス北九州",
        "ref": "",
        "url": "",
        "url2": ""
      }
    },
    {
      "type": "Feature",
      "geometry": {
        "type": "Point",
        "coordinates": [
          130.7523012,
          33.850853
        ]
      },
      "properties": {
        "内容": "バス停: 鉄竜 (西鉄バス北九州)",
        "name": "鉄竜",
        "operator": "西鉄バス北九州",
        "ref": "",
        "url": "",
        "url2": ""
      }
    },
    {
      "type": "Feature",
      "geometry": {
        "type": "Point",
        "coordinates": [
          130.7543932,
          33.8590264
        ]
      },
      "properties": {
        "内容": "バス停: 皇后崎公園前 (西鉄バス北九州)",
        "name": "皇后崎公園前",
        "operator": "西鉄バス北九州",
        "ref": "",
        "url": "",
        "url2": ""
      }
    },
    {
      "type": "Feature",
      "geometry": {
        "type": "Point",
        "coordinates": [
          130.7535242,
          33.8588589
        ]
      },
      "properties": {
        "内容": "バス停: 皇后崎公園前 (西鉄バス北九州)",
        "name": "皇后崎公園前",
        "operator": "西鉄バス北九州",
        "ref": "",
        "url": "",
        "url2": ""
      }
    },
    {
      "type": "Feature",
      "geometry": {
        "type": "Point",
        "coordinates": [
          130.4724258,
          33.6389382
        ]
      },
      "properties": {
        "内容": "バス停: 名子道 (西日本鉄道株式会社)",
        "name": "名子道",
        "operator": "西日本鉄道株式会社",
        "ref": "",
        "url": "",
        "url2": ""
      }
    },
    {
      "type": "Feature",
      "geometry": {
        "type": "Point",
        "coordinates": [
          130.4710386,
          33.6376605
        ]
      },
      "properties": {
        "内容": "バス停: 光葉台前 (西日本鉄道株式会社)",
        "name": "光葉台前",
        "operator": "西日本鉄道株式会社",
        "ref": "",
        "url": "",
        "url2": ""
      }
    },
    {
      "type": "Feature",
      "geometry": {
        "type": "Point",
        "coordinates": [
          130.4696516,
          33.6368385
        ]
      },
      "properties": {
        "内容": "バス停: 光葉台前 (西日本鉄道株式会社)",
        "name": "光葉台前",
        "operator": "西日本鉄道株式会社",
        "ref": "",
        "url": "",
        "url2": ""
      }
    },
    {
      "type": "Feature",
      "geometry": {
        "type": "Point",
        "coordinates": [
          130.4680485,
          33.6362059
        ]
      },
      "properties": {
        "内容": "バス停: 土井四丁目 (西日本鉄道株式会社)",
        "name": "土井四丁目",
        "operator": "西日本鉄道株式会社",
        "ref": "",
        "url": "",
        "url2": ""
      }
    },
    {
      "type": "Feature",
      "geometry": {
        "type": "Point",
        "coordinates": [
          130.7546517,
          33.8525057
        ]
      },
      "properties": {
        "内容": "バス停: 穴生ドーム南口 (西鉄バス北九州)",
        "name": "穴生ドーム南口",
        "operator": "西鉄バス北九州",
        "ref": "",
        "url": "",
        "url2": ""
      }
    },
    {
      "type": "Feature",
      "geometry": {
        "type": "Point",
        "coordinates": [
          130.7546303,
          33.8521035
        ]
      },
      "properties": {
        "内容": "バス停: 穴生ドーム南口 (西鉄バス北九州)",
        "name": "穴生ドーム南口",
        "operator": "西鉄バス北九州",
        "ref": "",
        "url": "",
        "url2": ""
      }
    },
    {
      "type": "Feature",
      "geometry": {
        "type": "Point",
        "coordinates": [
          130.7548045,
          33.8462904
        ]
      },
      "properties": {
        "内容": "バス停: 引野市民センター (西鉄バス北九州)",
        "name": "引野市民センター",
        "operator": "西鉄バス北九州",
        "ref": "",
        "url": "",
        "url2": ""
      }
    },
    {
      "type": "Feature",
      "geometry": {
        "type": "Point",
        "coordinates": [
          130.3933854,
          33.4854285
        ]
      },
      "properties": {
        "内容": "バス停: かわせみバス　穂富 (のるーと)",
        "name": "かわせみバス　穂富",
        "operator": "のるーと",
        "ref": "",
        "url": "",
        "url2": ""
      }
    },
    {
      "type": "Feature",
      "geometry": {
        "type": "Point",
        "coordinates": [
          130.3952529,
          33.4822559
        ]
      },
      "properties": {
        "内容": "バス停: かわせみバス　西畑運動公園前",
        "name": "かわせみバス　西畑運動公園前",
        "operator": "事業者不明",
        "ref": "",
        "url": "",
        "url2": ""
      }
    },
    {
      "type": "Feature",
      "geometry": {
        "type": "Point",
        "coordinates": [
          130.4100431,
          33.5984836
        ]
      },
      "properties": {
        "内容": "バス停: 呉服町",
        "name": "呉服町",
        "operator": "事業者不明",
        "ref": "",
        "url": "",
        "url2": ""
      }
    },
    {
      "type": "Feature",
      "geometry": {
        "type": "Point",
        "coordinates": [
          130.4100053,
          33.5981879
        ]
      },
      "properties": {
        "内容": "バス停: 呉服町",
        "name": "呉服町",
        "operator": "事業者不明",
        "ref": "",
        "url": "",
        "url2": ""
      }
    },
    {
      "type": "Feature",
      "geometry": {
        "type": "Point",
        "coordinates": [
          130.7554542,
          33.8651405
        ]
      },
      "properties": {
        "内容": "バス停: 熊西二丁目 (西鉄バス北九州)",
        "name": "熊西二丁目",
        "operator": "西鉄バス北九州",
        "ref": "",
        "url": "",
        "url2": ""
      }
    },
    {
      "type": "Feature",
      "geometry": {
        "type": "Point",
        "coordinates": [
          130.7554111,
          33.8651385
        ]
      },
      "properties": {
        "内容": "バス停: 熊西二丁目 (北九州市営バス)",
        "name": "熊西二丁目",
        "operator": "北九州市営バス",
        "ref": "",
        "url": "",
        "url2": ""
      }
    },
    {
      "type": "Feature",
      "geometry": {
        "type": "Point",
        "coordinates": [
          130.7560125,
          33.8650382
        ]
      },
      "properties": {
        "内容": "バス停: 熊西二丁目 (西鉄バス北九州)",
        "name": "熊西二丁目",
        "operator": "西鉄バス北九州",
        "ref": "",
        "url": "",
        "url2": ""
      }
    },
    {
      "type": "Feature",
      "geometry": {
        "type": "Point",
        "coordinates": [
          130.7560458,
          33.8650484
        ]
      },
      "properties": {
        "内容": "バス停: 熊西二丁目 (北九州市営バス)",
        "name": "熊西二丁目",
        "operator": "北九州市営バス",
        "ref": "",
        "url": "",
        "url2": ""
      }
    },
    {
      "type": "Feature",
      "geometry": {
        "type": "Point",
        "coordinates": [
          130.7582432,
          33.8654148
        ]
      },
      "properties": {
        "内容": "バス停: 熊西一丁目 (北九州市営バス)",
        "name": "熊西一丁目",
        "operator": "北九州市営バス",
        "ref": "",
        "url": "",
        "url2": ""
      }
    },
    {
      "type": "Feature",
      "geometry": {
        "type": "Point",
        "coordinates": [
          130.7582111,
          33.8654137
        ]
      },
      "properties": {
        "内容": "バス停: 熊西一丁目 (西鉄バス北九州)",
        "name": "熊西一丁目",
        "operator": "西鉄バス北九州",
        "ref": "",
        "url": "",
        "url2": ""
      }
    },
    {
      "type": "Feature",
      "geometry": {
        "type": "Point",
        "coordinates": [
          130.7577847,
          33.8652408
        ]
      },
      "properties": {
        "内容": "バス停: 熊西一丁目 (北九州市営バス)",
        "name": "熊西一丁目",
        "operator": "北九州市営バス",
        "ref": "",
        "url": "",
        "url2": ""
      }
    },
    {
      "type": "Feature",
      "geometry": {
        "type": "Point",
        "coordinates": [
          130.7577609,
          33.8652396
        ]
      },
      "properties": {
        "内容": "バス停: 熊西一丁目 (西鉄バス北九州)",
        "name": "熊西一丁目",
        "operator": "西鉄バス北九州",
        "ref": "",
        "url": "",
        "url2": ""
      }
    },
    {
      "type": "Feature",
      "geometry": {
        "type": "Point",
        "coordinates": [
          130.4681277,
          33.6361589
        ]
      },
      "properties": {
        "内容": "バス停: 土井四丁目 (西日本鉄道株式会社)",
        "name": "土井四丁目",
        "operator": "西日本鉄道株式会社",
        "ref": "",
        "url": "",
        "url2": ""
      }
    },
    {
      "type": "Feature",
      "geometry": {
        "type": "Point",
        "coordinates": [
          130.4672725,
          33.6412398
        ]
      },
      "properties": {
        "内容": "バス停: 土井団地 (西日本鉄道株式会社)",
        "name": "土井団地",
        "operator": "西日本鉄道株式会社",
        "ref": "",
        "url": "",
        "url2": ""
      }
    }
  ]
}