{
"type": "FeatureCollection",
"name": "geo_40_中学校",
"crs": { "type": "name", "properties": { "name": "urn:ogc:def:crs:EPSG::6668" } },
"features": [
{ "type": "Feature", "properties": { "P29_001": "40133", "P29_002": "C140110000011", "P29_003": "16002", "P29_004": "福岡教育大学附属福岡中学校", "P29_005": "福岡県福岡市中央区西公園12-1", "P29_006": "1", "P29_007": "1", "P29_008": "00", "P29_009": null }, "geometry": { "type": "Point", "coordinates": [ 130.374349226345259, 33.595739681731395 ] } },
{ "type": "Feature", "properties": { "P29_001": "40106", "P29_002": "C140110000020", "P29_003": "16002", "P29_004": "福岡教育大学附属小倉中学校", "P29_005": "福岡県北九州市小倉北区下富野3-12-1", "P29_006": "1", "P29_007": "1", "P29_008": "00", "P29_009": null }, "geometry": { "type": "Point", "coordinates": [ 130.898194831518424, 33.880377968224003 ] } },
{ "type": "Feature", "properties": { "P29_001": "40101", "P29_002": "C140210000019", "P29_003": "16002", "P29_004": "北九州市立早鞆中学校", "P29_005": "福岡県北九州市門司区清見3-13-1", "P29_006": "3", "P29_007": "1", "P29_008": "00", "P29_009": null }, "geometry": { "type": "Point", "coordinates": [ 130.982082542603962, 33.950586515197223 ] } },
{ "type": "Feature", "properties": { "P29_001": "40101", "P29_002": "C140210000028", "P29_003": "16002", "P29_004": "北九州市立戸ノ上中学校", "P29_005": "福岡県北九州市門司区寺内4-1-1", "P29_006": "3", "P29_007": "1", "P29_008": "00", "P29_009": null }, "geometry": { "type": "Point", "coordinates": [ 130.950382895078604, 33.905286944427758 ] } },
{ "type": "Feature", "properties": { "P29_001": "40101", "P29_002": "C140210000037", "P29_003": "16002", "P29_004": "北九州市立柳西中学校", "P29_005": "福岡県北九州市門司区柳原町1-1", "P29_006": "3", "P29_007": "1", "P29_008": "00", "P29_009": null }, "geometry": { "type": "Point", "coordinates": [ 130.933975495851229, 33.897581983667976 ] } },
{ "type": "Feature", "properties": { "P29_001": "40101", "P29_002": "C140210000046", "P29_003": "16002", "P29_004": "北九州市立松ヶ江中学校", "P29_005": "福岡県北九州市門司区大字畑2077", "P29_006": "3", "P29_007": "1", "P29_008": "00", "P29_009": null }, "geometry": { "type": "Point", "coordinates": [ 130.973508755385211, 33.872282294402702 ] } },
{ "type": "Feature", "properties": { "P29_001": "40101", "P29_002": "C140210000055", "P29_003": "16002", "P29_004": "北九州市立東郷中学校", "P29_005": "福岡県北九州市門司区黒川西1-9-1", "P29_006": "3", "P29_007": "1", "P29_008": "00", "P29_009": null }, "geometry": { "type": "Point", "coordinates": [ 130.980744873518404, 33.924147634233762 ] } },
{ "type": "Feature", "properties": { "P29_001": "40101", "P29_002": "C140210000064", "P29_003": "16002", "P29_004": "北九州市立緑丘中学校", "P29_005": "福岡県北九州市門司区緑ケ丘6-1", "P29_006": "3", "P29_007": "1", "P29_008": "00", "P29_009": null }, "geometry": { "type": "Point", "coordinates": [ 130.930847016283394, 33.88325008086921 ] } },
{ "type": "Feature", "properties": { "P29_001": "40101", "P29_002": "C140210000073", "P29_003": "16002", "P29_004": "北九州市立門司中学校", "P29_005": "福岡県北九州市門司区丸山2-5-1", "P29_006": "3", "P29_007": "1", "P29_008": "00", "P29_009": null }, "geometry": { "type": "Point", "coordinates": [ 130.969788412529738, 33.939086328305933 ] } },
{ "type": "Feature", "properties": { "P29_001": "40103", "P29_002": "C140210000091", "P29_003": "16002", "P29_004": "北九州市立向洋中学校", "P29_005": "福岡県北九州市若松区小石本村町21-1", "P29_006": "3", "P29_007": "1", "P29_008": "00", "P29_009": null }, "geometry": { "type": "Point", "coordinates": [ 130.780237345393061, 33.918918442692295 ] } },
{ "type": "Feature", "properties": { "P29_001": "40103", "P29_002": "C140210000117", "P29_003": "16002", "P29_004": "北九州市立洞北中学校", "P29_005": "福岡県北九州市若松区大字竹並3087-1", "P29_006": "3", "P29_007": "1", "P29_008": "00", "P29_009": null }, "geometry": { "type": "Point", "coordinates": [ 130.722790915598466, 33.903608742316301 ] } },
{ "type": "Feature", "properties": { "P29_001": "40103", "P29_002": "C140210000135", "P29_003": "16002", "P29_004": "北九州市立若松中学校", "P29_005": "福岡県北九州市若松区白山2-12-45", "P29_006": "3", "P29_007": "1", "P29_008": "00", "P29_009": null }, "geometry": { "type": "Point", "coordinates": [ 130.801771066221818, 33.907433138832275 ] } },
{ "type": "Feature", "properties": { "P29_001": "40103", "P29_002": "C140210000144", "P29_003": "16002", "P29_004": "北九州市立二島中学校", "P29_005": "福岡県北九州市若松区二島4-5-1", "P29_006": "3", "P29_007": "1", "P29_008": "00", "P29_009": null }, "geometry": { "type": "Point", "coordinates": [ 130.746678381513277, 33.896578540713847 ] } },
{ "type": "Feature", "properties": { "P29_001": "40105", "P29_002": "C140210000153", "P29_003": "16002", "P29_004": "北九州市立中原中学校", "P29_005": "福岡県北九州市戸畑区境川2-6-1", "P29_006": "3", "P29_007": "1", "P29_008": "00", "P29_009": null }, "geometry": { "type": "Point", "coordinates": [ 130.844184272461064, 33.892456539678165 ] } },
{ "type": "Feature", "properties": { "P29_001": "40105", "P29_002": "C140210000162", "P29_003": "16002", "P29_004": "北九州市立大谷中学校", "P29_005": "福岡県北九州市戸畑区東大谷1-9-1", "P29_006": "3", "P29_007": "1", "P29_008": "00", "P29_009": null }, "geometry": { "type": "Point", "coordinates": [ 130.829620171289719, 33.879720125701674 ] } },
{ "type": "Feature", "properties": { "P29_001": "40105", "P29_002": "C140210000171", "P29_003": "16002", "P29_004": "北九州市立高生中学校", "P29_005": "福岡県北九州市戸畑区高峰1-6-1", "P29_006": "3", "P29_007": "1", "P29_008": "00", "P29_009": null }, "geometry": { "type": "Point", "coordinates": [ 130.824334582545561, 33.888935185158331 ] } },
{ "type": "Feature", "properties": { "P29_001": "40105", "P29_002": "C140210000180", "P29_003": "16002", "P29_004": "北九州市立飛幡中学校", "P29_005": "福岡県北九州市戸畑区小芝1-8-20", "P29_006": "3", "P29_007": "1", "P29_008": "00", "P29_009": null }, "geometry": { "type": "Point", "coordinates": [ 130.835092645895827, 33.893042523693623 ] } },
{ "type": "Feature", "properties": { "P29_001": "40106", "P29_002": "C140210000206", "P29_003": "16002", "P29_004": "北九州市立霧丘中学校", "P29_005": "福岡県北九州市小倉北区黒原3-17-1", "P29_006": "3", "P29_007": "1", "P29_008": "00", "P29_009": null }, "geometry": { "type": "Point", "coordinates": [ 130.896682097963776, 33.861532586457415 ] } },
{ "type": "Feature", "properties": { "P29_001": "40106", "P29_002": "C140210000215", "P29_003": "16002", "P29_004": "北九州市立菊陵中学校", "P29_005": "福岡県北九州市小倉北区下富野1-2-1", "P29_006": "3", "P29_007": "1", "P29_008": "00", "P29_009": null }, "geometry": { "type": "Point", "coordinates": [ 130.893923229120446, 33.882642848709914 ] } },
{ "type": "Feature", "properties": { "P29_001": "40106", "P29_002": "C140210000224", "P29_003": "16002", "P29_004": "北九州市立富野中学校", "P29_005": "福岡県北九州市小倉北区常盤町8-1", "P29_006": "3", "P29_007": "1", "P29_008": "00", "P29_009": null }, "geometry": { "type": "Point", "coordinates": [ 130.907066866576344, 33.88078744990257 ] } },
{ "type": "Feature", "properties": { "P29_001": "40106", "P29_002": "C140210000233", "P29_003": "16002", "P29_004": "北九州市立白銀中学校", "P29_005": "福岡県北九州市小倉北区白銀1-13-1", "P29_006": "3", "P29_007": "1", "P29_008": "00", "P29_009": null }, "geometry": { "type": "Point", "coordinates": [ 130.875852521032044, 33.869787396214917 ] } },
{ "type": "Feature", "properties": { "P29_001": "40106", "P29_002": "C140210000242", "P29_003": "16002", "P29_004": "北九州市立思永中学校", "P29_005": "福岡県北九州市小倉北区大門1-5-1", "P29_006": "3", "P29_007": "1", "P29_008": "00", "P29_009": null }, "geometry": { "type": "Point", "coordinates": [ 130.87125961121879, 33.88591920148442 ] } },
{ "type": "Feature", "properties": { "P29_001": "40106", "P29_002": "C140210000251", "P29_003": "16002", "P29_004": "北九州市立篠崎中学校", "P29_005": "福岡県北九州市小倉北区原町2-8-1", "P29_006": "3", "P29_007": "1", "P29_008": "00", "P29_009": null }, "geometry": { "type": "Point", "coordinates": [ 130.864703044227099, 33.875169294267764 ] } },
{ "type": "Feature", "properties": { "P29_001": "40106", "P29_002": "C140210000260", "P29_003": "16002", "P29_004": "北九州市立板櫃中学校", "P29_005": "福岡県北九州市小倉北区白萩町8-1", "P29_006": "3", "P29_007": "1", "P29_008": "00", "P29_009": null }, "geometry": { "type": "Point", "coordinates": [ 130.854418143777735, 33.88522838155761 ] } },
{ "type": "Feature", "properties": { "P29_001": "40106", "P29_002": "C140210000279", "P29_003": "16002", "P29_004": "北九州市立南小倉中学校", "P29_005": "福岡県北九州市小倉北区高尾1-4-1", "P29_006": "3", "P29_007": "1", "P29_008": "00", "P29_009": null }, "geometry": { "type": "Point", "coordinates": [ 130.85894555245838, 33.86697215832465 ] } },
{ "type": "Feature", "properties": { "P29_001": "40107", "P29_002": "C140210000288", "P29_003": "16002", "P29_004": "北九州市立企救中学校", "P29_005": "福岡県北九州市小倉南区南若園町1-1", "P29_006": "3", "P29_007": "1", "P29_008": "00", "P29_009": null }, "geometry": { "type": "Point", "coordinates": [ 130.885431078062823, 33.843207525836718 ] } },
{ "type": "Feature", "properties": { "P29_001": "40107", "P29_002": "C140210000297", "P29_003": "16002", "P29_004": "北九州市立城南中学校", "P29_005": "福岡県北九州市小倉南区富士見3-3-1", "P29_006": "3", "P29_007": "1", "P29_008": "00", "P29_009": null }, "geometry": { "type": "Point", "coordinates": [ 130.881105436941681, 33.859788305652621 ] } },
{ "type": "Feature", "properties": { "P29_001": "40107", "P29_002": "C140210000304", "P29_003": "16002", "P29_004": "北九州市立曽根中学校", "P29_005": "福岡県北九州市小倉南区中曽根2-13-1", "P29_006": "3", "P29_007": "1", "P29_008": "00", "P29_009": null }, "geometry": { "type": "Point", "coordinates": [ 130.93815384963159, 33.824032573635435 ] } },
{ "type": "Feature", "properties": { "P29_001": "40107", "P29_002": "C140210000313", "P29_003": "16002", "P29_004": "北九州市立菅生中学校", "P29_005": "福岡県北九州市小倉南区徳吉南2-2-1", "P29_006": "3", "P29_007": "1", "P29_008": "00", "P29_009": null }, "geometry": { "type": "Point", "coordinates": [ 130.853074185374481, 33.808753893654121 ] } },
{ "type": "Feature", "properties": { "P29_001": "40107", "P29_002": "C140210000331", "P29_003": "16002", "P29_004": "北九州市立志徳中学校", "P29_005": "福岡県北九州市小倉南区企救丘4-4-1", "P29_006": "3", "P29_007": "1", "P29_008": "00", "P29_009": null }, "geometry": { "type": "Point", "coordinates": [ 130.87365142578895, 33.826462489046953 ] } },
{ "type": "Feature", "properties": { "P29_001": "40107", "P29_002": "C140210000359", "P29_003": "16002", "P29_004": "北九州市立横代中学校", "P29_005": "福岡県北九州市小倉南区横代北町3-5-1", "P29_006": "3", "P29_007": "1", "P29_008": "00", "P29_009": null }, "geometry": { "type": "Point", "coordinates": [ 130.896436510908643, 33.83354419221812 ] } },
{ "type": "Feature", "properties": { "P29_001": "40107", "P29_002": "C140210000368", "P29_003": "16002", "P29_004": "北九州市立湯川中学校", "P29_005": "福岡県北九州市小倉南区湯川新町4-25-1", "P29_006": "3", "P29_007": "1", "P29_008": "00", "P29_009": null }, "geometry": { "type": "Point", "coordinates": [ 130.904220892906267, 33.83960094107811 ] } },
{ "type": "Feature", "properties": { "P29_001": "40107", "P29_002": "C140210000377", "P29_003": "16002", "P29_004": "北九州市立南曽根中学校", "P29_005": "福岡県北九州市小倉南区上曽根5-12-1", "P29_006": "3", "P29_007": "1", "P29_008": "00", "P29_009": null }, "geometry": { "type": "Point", "coordinates": [ 130.944609973986701, 33.812717146522154 ] } },
{ "type": "Feature", "properties": { "P29_001": "40107", "P29_002": "C140210000386", "P29_003": "16002", "P29_004": "北九州市立広徳中学校", "P29_005": "福岡県北九州市小倉南区南方4-13-1", "P29_006": "3", "P29_007": "1", "P29_008": "00", "P29_009": null }, "geometry": { "type": "Point", "coordinates": [ 130.858919896829775, 33.829906322756379 ] } },
{ "type": "Feature", "properties": { "P29_001": "40107", "P29_002": "C140210000395", "P29_003": "16002", "P29_004": "北九州市立吉田中学校", "P29_005": "福岡県北九州市小倉南区中吉田3-8-1", "P29_006": "3", "P29_007": "1", "P29_008": "00", "P29_009": null }, "geometry": { "type": "Point", "coordinates": [ 130.950642384699336, 33.845875419343095 ] } },
{ "type": "Feature", "properties": { "P29_001": "40107", "P29_002": "C140210000411", "P29_003": "16002", "P29_004": "北九州市立守恒中学校", "P29_005": "福岡県北九州市小倉南区葉山町3-3-10", "P29_006": "3", "P29_007": "1", "P29_008": "00", "P29_009": null }, "geometry": { "type": "Point", "coordinates": [ 130.882497882101518, 33.835162241481264 ] } },
{ "type": "Feature", "properties": { "P29_001": "40108", "P29_002": "C140210000420", "P29_003": "16002", "P29_004": "北九州市立枝光台中学校", "P29_005": "福岡県北九州市八幡東区枝光5-8-1", "P29_006": "3", "P29_007": "1", "P29_008": "00", "P29_009": null }, "geometry": { "type": "Point", "coordinates": [ 130.820155405020103, 33.882737226174449 ] } },
{ "type": "Feature", "properties": { "P29_001": "40108", "P29_002": "C140210000439", "P29_003": "16002", "P29_004": "北九州市立槻田中学校", "P29_005": "福岡県北九州市八幡東区宮の町1-5-1", "P29_006": "3", "P29_007": "1", "P29_008": "00", "P29_009": null }, "geometry": { "type": "Point", "coordinates": [ 130.832082474847908, 33.861422065985884 ] } },
{ "type": "Feature", "properties": { "P29_001": "40108", "P29_002": "C140210000448", "P29_003": "16002", "P29_004": "北九州市立高見中学校", "P29_005": "福岡県北九州市八幡東区高見4-4-1", "P29_006": "3", "P29_007": "1", "P29_008": "00", "P29_009": null }, "geometry": { "type": "Point", "coordinates": [ 130.838741746095678, 33.871015490148686 ] } },
{ "type": "Feature", "properties": { "P29_001": "40108", "P29_002": "C140210000457", "P29_003": "16002", "P29_004": "北九州市立大蔵中学校", "P29_005": "福岡県北九州市八幡東区大蔵1-4-1", "P29_006": "3", "P29_007": "1", "P29_008": "00", "P29_009": null }, "geometry": { "type": "Point", "coordinates": [ 130.822150165649845, 33.865641853322174 ] } },
{ "type": "Feature", "properties": { "P29_001": "40108", "P29_002": "C140210000466", "P29_003": "16002", "P29_004": "北九州市立中央中学校", "P29_005": "福岡県北九州市八幡東区中央3-9-2", "P29_006": "3", "P29_007": "1", "P29_008": "00", "P29_009": null }, "geometry": { "type": "Point", "coordinates": [ 130.814022394451882, 33.866781888169669 ] } },
{ "type": "Feature", "properties": { "P29_001": "40108", "P29_002": "C140210000475", "P29_003": "16002", "P29_004": "北九州市立尾倉中学校", "P29_005": "福岡県北九州市八幡東区尾倉3-10-1", "P29_006": "3", "P29_007": "1", "P29_008": "00", "P29_009": null }, "geometry": { "type": "Point", "coordinates": [ 130.795769907656819, 33.862450948399598 ] } },
{ "type": "Feature", "properties": { "P29_001": "40108", "P29_002": "C140210000484", "P29_003": "16002", "P29_004": "北九州市立花尾中学校", "P29_005": "福岡県北九州市八幡東区桃園4-4-1", "P29_006": "3", "P29_007": "1", "P29_008": "00", "P29_009": null }, "geometry": { "type": "Point", "coordinates": [ 130.783052246055462, 33.861158016768755 ] } },
{ "type": "Feature", "properties": { "P29_001": "40109", "P29_002": "C140210000493", "P29_003": "16002", "P29_004": "北九州市立黒崎中学校", "P29_005": "福岡県北九州市八幡西区西鳴水1-1-1", "P29_006": "3", "P29_007": "1", "P29_008": "00", "P29_009": null }, "geometry": { "type": "Point", "coordinates": [ 130.76810167678056, 33.854062720305173 ] } },
{ "type": "Feature", "properties": { "P29_001": "40109", "P29_002": "C140210000509", "P29_003": "16002", "P29_004": "北九州市立熊西中学校", "P29_005": "福岡県北九州市八幡西区山寺町4-1", "P29_006": "3", "P29_007": "1", "P29_008": "00", "P29_009": null }, "geometry": { "type": "Point", "coordinates": [ 130.756281434529143, 33.862084376315273 ] } },
{ "type": "Feature", "properties": { "P29_001": "40109", "P29_002": "C140210000518", "P29_003": "16002", "P29_004": "北九州市立穴生中学校", "P29_005": "福岡県北九州市八幡西区萩原3-6-1", "P29_006": "3", "P29_007": "1", "P29_008": "00", "P29_009": null }, "geometry": { "type": "Point", "coordinates": [ 130.751846055045917, 33.856620663289782 ] } },
{ "type": "Feature", "properties": { "P29_001": "40109", "P29_002": "C140210000527", "P29_003": "16002", "P29_004": "北九州市立引野中学校", "P29_005": "福岡県北九州市八幡西区別所町14-1", "P29_006": "3", "P29_007": "1", "P29_008": "00", "P29_009": null }, "geometry": { "type": "Point", "coordinates": [ 130.758632231333422, 33.849282184677165 ] } },
{ "type": "Feature", "properties": { "P29_001": "40109", "P29_002": "C140210000536", "P29_003": "16002", "P29_004": "北九州市立折尾中学校", "P29_005": "福岡県北九州市八幡西区中須1-3-1", "P29_006": "3", "P29_007": "1", "P29_008": "00", "P29_009": null }, "geometry": { "type": "Point", "coordinates": [ 130.7265846947829, 33.867379262861945 ] } },
{ "type": "Feature", "properties": { "P29_001": "40109", "P29_002": "C140210000563", "P29_003": "16002", "P29_004": "北九州市立香月中学校", "P29_005": "福岡県北九州市八幡西区香月中央5-6-1", "P29_006": "3", "P29_007": "1", "P29_008": "00", "P29_009": null }, "geometry": { "type": "Point", "coordinates": [ 130.734950897166698, 33.796593932534371 ] } },
{ "type": "Feature", "properties": { "P29_001": "40109", "P29_002": "C140210000581", "P29_003": "16002", "P29_004": "北九州市立沖田中学校", "P29_005": "福岡県北九州市八幡西区沖田4-18-1", "P29_006": "3", "P29_007": "1", "P29_008": "00", "P29_009": null }, "geometry": { "type": "Point", "coordinates": [ 130.741159692685159, 33.831949506205142 ] } },
{ "type": "Feature", "properties": { "P29_001": "40109", "P29_002": "C140210000590", "P29_003": "16002", "P29_004": "北九州市立永犬丸中学校", "P29_005": "福岡県北九州市八幡西区永犬丸4-5-1", "P29_006": "3", "P29_007": "1", "P29_008": "00", "P29_009": null }, "geometry": { "type": "Point", "coordinates": [ 130.731956503642607, 33.842430238051293 ] } },
{ "type": "Feature", "properties": { "P29_001": "40109", "P29_002": "C140210000607", "P29_003": "16002", "P29_004": "北九州市立則松中学校", "P29_005": "福岡県北九州市八幡西区則松3-5-1", "P29_006": "3", "P29_007": "1", "P29_008": "00", "P29_009": null }, "geometry": { "type": "Point", "coordinates": [ 130.718143020339625, 33.856070775313739 ] } },
{ "type": "Feature", "properties": { "P29_001": "40109", "P29_002": "C140210000616", "P29_003": "16002", "P29_004": "北九州市立八児中学校", "P29_005": "福岡県北九州市八幡西区町上津役西4-16-1", "P29_006": "3", "P29_007": "1", "P29_008": "00", "P29_009": null }, "geometry": { "type": "Point", "coordinates": [ 130.749828390633951, 33.819539244259587 ] } },
{ "type": "Feature", "properties": { "P29_001": "40109", "P29_002": "C140210000625", "P29_003": "16002", "P29_004": "北九州市立浅川中学校", "P29_005": "福岡県北九州市八幡西区浅川学園台2-4-1", "P29_006": "3", "P29_007": "1", "P29_008": "00", "P29_009": null }, "geometry": { "type": "Point", "coordinates": [ 130.707431324333072, 33.882537059841191 ] } },
{ "type": "Feature", "properties": { "P29_001": "40109", "P29_002": "C140210000634", "P29_003": "16002", "P29_004": "北九州市立千代中学校", "P29_005": "福岡県北九州市八幡西区千代2-23-1", "P29_006": "3", "P29_007": "1", "P29_008": "00", "P29_009": null }, "geometry": { "type": "Point", "coordinates": [ 130.743581569116088, 33.806568183530068 ] } },
{ "type": "Feature", "properties": { "P29_001": "40131", "P29_002": "C140213000013", "P29_003": "16002", "P29_004": "福岡市立箱崎中学校", "P29_005": "福岡県福岡市東区筥松4-21-22", "P29_006": "3", "P29_007": "1", "P29_008": "00", "P29_009": null }, "geometry": { "type": "Point", "coordinates": [ 130.428457930726836, 33.634712359974884 ] } },
{ "type": "Feature", "properties": { "P29_001": "40131", "P29_002": "C140213000022", "P29_003": "16002", "P29_004": "福岡市立福岡中学校", "P29_005": "福岡県福岡市東区馬出3-11-1", "P29_006": "3", "P29_007": "1", "P29_008": "00", "P29_009": null }, "geometry": { "type": "Point", "coordinates": [ 130.414146247177229, 33.612785176495301 ] } },
{ "type": "Feature", "properties": { "P29_001": "40131", "P29_002": "C140213000031", "P29_003": "16002", "P29_004": "福岡市立香椎第一中学校", "P29_005": "福岡県福岡市東区千早3-12-1", "P29_006": "3", "P29_007": "1", "P29_008": "00", "P29_009": null }, "geometry": { "type": "Point", "coordinates": [ 130.435714906098468, 33.653273938834026 ] } },
{ "type": "Feature", "properties": { "P29_001": "40131", "P29_002": "C140213000040", "P29_003": "16002", "P29_004": "福岡市立多々良中学校", "P29_005": "福岡県福岡市東区水谷1-18-1", "P29_006": "3", "P29_007": "1", "P29_008": "00", "P29_009": null }, "geometry": { "type": "Point", "coordinates": [ 130.443732729571337, 33.646786528640206 ] } },
{ "type": "Feature", "properties": { "P29_001": "40131", "P29_002": "C140213000059", "P29_003": "16002", "P29_004": "福岡市立和白中学校", "P29_005": "福岡県福岡市東区三苫1-10-1", "P29_006": "3", "P29_007": "1", "P29_008": "00", "P29_009": null }, "geometry": { "type": "Point", "coordinates": [ 130.419005014656506, 33.694759647924407 ] } },
{ "type": "Feature", "properties": { "P29_001": "40131", "P29_002": "C140213000068", "P29_003": "16002", "P29_004": "福岡市立香椎第二中学校", "P29_005": "福岡県福岡市東区香住ヶ丘1-8-1", "P29_006": "3", "P29_007": "1", "P29_008": "00", "P29_009": null }, "geometry": { "type": "Point", "coordinates": [ 130.438871227837609, 33.667641751252134 ] } },
{ "type": "Feature", "properties": { "P29_001": "40131", "P29_002": "C140213000077", "P29_003": "16002", "P29_004": "福岡市立多々良中央中学校", "P29_005": "福岡県福岡市東区多々良1-51-1", "P29_006": "3", "P29_007": "1", "P29_008": "00", "P29_009": null }, "geometry": { "type": "Point", "coordinates": [ 130.457425191164106, 33.632102186699427 ] } },
{ "type": "Feature", "properties": { "P29_001": "40131", "P29_002": "C140213000086", "P29_003": "16002", "P29_004": "福岡市立和白丘中学校", "P29_005": "福岡県福岡市東区和白丘3-13-1", "P29_006": "3", "P29_007": "1", "P29_008": "00", "P29_009": null }, "geometry": { "type": "Point", "coordinates": [ 130.433045653751378, 33.696610306528122 ] } },
{ "type": "Feature", "properties": { "P29_001": "40131", "P29_002": "C140213000095", "P29_003": "16002", "P29_004": "福岡市立香椎第三中学校", "P29_005": "福岡県福岡市東区香椎駅東3-33-1", "P29_006": "3", "P29_007": "1", "P29_008": "00", "P29_009": null }, "geometry": { "type": "Point", "coordinates": [ 130.452750582503739, 33.663339943462276 ] } },
{ "type": "Feature", "properties": { "P29_001": "40131", "P29_002": "C140213000139", "P29_003": "16002", "P29_004": "福岡市立箱崎清松中学校", "P29_005": "福岡県福岡市東区松田2-3-1", "P29_006": "3", "P29_007": "1", "P29_008": "00", "P29_009": null }, "geometry": { "type": "Point", "coordinates": [ 130.440087861285889, 33.619088090714953 ] } },
{ "type": "Feature", "properties": { "P29_001": "40131", "P29_002": "C140213000148", "P29_003": "16002", "P29_004": "福岡市立照葉中学校", "P29_005": "福岡県福岡市東区香椎照葉2-2-1", "P29_006": "3", "P29_007": "1", "P29_008": "00", "P29_009": null }, "geometry": { "type": "Point", "coordinates": [ 130.423041168260312, 33.668336443234274 ] } },
{ "type": "Feature", "properties": { "P29_001": "40131", "P29_002": "C140213000157", "P29_003": "16002", "P29_004": "福岡市立志賀中学校", "P29_005": "福岡県福岡市東区大岳4-5-1", "P29_006": "3", "P29_007": "1", "P29_008": "00", "P29_009": null }, "geometry": { "type": "Point", "coordinates": [ 130.332779664085109, 33.653307116497338 ] } },
{ "type": "Feature", "properties": { "P29_001": "40132", "P29_002": "C140213000166", "P29_003": "16002", "P29_004": "福岡市立千代中学校", "P29_005": "福岡県福岡市博多区千代4-17-47", "P29_006": "3", "P29_007": "1", "P29_008": "00", "P29_009": null }, "geometry": { "type": "Point", "coordinates": [ 130.412174580481462, 33.605228458874564 ] } },
{ "type": "Feature", "properties": { "P29_001": "40132", "P29_002": "C140213000175", "P29_003": "16002", "P29_004": "福岡市立東光中学校", "P29_005": "福岡県福岡市博多区東光2-15-1", "P29_006": "3", "P29_007": "1", "P29_008": "00", "P29_009": null }, "geometry": { "type": "Point", "coordinates": [ 130.426749492797683, 33.593370429759183 ] } },
{ "type": "Feature", "properties": { "P29_001": "40132", "P29_002": "C140213000184", "P29_003": "16002", "P29_004": "福岡市立東住吉中学校", "P29_005": "福岡県福岡市博多区博多駅南2-5-1", "P29_006": "3", "P29_007": "1", "P29_008": "00", "P29_009": null }, "geometry": { "type": "Point", "coordinates": [ 130.423835594469978, 33.58497370055418 ] } },
{ "type": "Feature", "properties": { "P29_001": "40132", "P29_002": "C140213000228", "P29_003": "16002", "P29_004": "福岡市立那珂中学校", "P29_005": "福岡県福岡市博多区那珂2-18-1", "P29_006": "3", "P29_007": "1", "P29_008": "00", "P29_009": null }, "geometry": { "type": "Point", "coordinates": [ 130.437682222008618, 33.567846197105418 ] } },
{ "type": "Feature", "properties": { "P29_001": "40132", "P29_002": "C140213000237", "P29_003": "16002", "P29_004": "福岡市立吉塚中学校", "P29_005": "福岡県福岡市博多区吉塚5-10-6", "P29_006": "3", "P29_007": "1", "P29_008": "00", "P29_009": null }, "geometry": { "type": "Point", "coordinates": [ 130.431771475192051, 33.604519212092313 ] } },
{ "type": "Feature", "properties": { "P29_001": "40132", "P29_002": "C140213000246", "P29_003": "16002", "P29_004": "福岡市立席田中学校", "P29_005": "福岡県福岡市博多区東平尾3-3-1", "P29_006": "3", "P29_007": "1", "P29_008": "00", "P29_009": null }, "geometry": { "type": "Point", "coordinates": [ 130.459919779359211, 33.581973843051259 ] } },
{ "type": "Feature", "properties": { "P29_001": "40133", "P29_002": "C140213000273", "P29_003": "16002", "P29_004": "福岡市立警固中学校", "P29_005": "福岡県福岡市中央区赤坂2-5-23", "P29_006": "3", "P29_007": "1", "P29_008": "00", "P29_009": null }, "geometry": { "type": "Point", "coordinates": [ 130.386446264758774, 33.585312090846138 ] } },
{ "type": "Feature", "properties": { "P29_001": "40134", "P29_002": "C140213000317", "P29_003": "16002", "P29_004": "福岡市立春吉中学校", "P29_005": "福岡県福岡市南区清水4-21-50", "P29_006": "3", "P29_007": "1", "P29_008": "00", "P29_009": null }, "geometry": { "type": "Point", "coordinates": [ 130.421112142802372, 33.566544693557248 ] } },
{ "type": "Feature", "properties": { "P29_001": "40134", "P29_002": "C140213000326", "P29_003": "16002", "P29_004": "福岡市立高宮中学校", "P29_005": "福岡県福岡市南区大楠3-11-1", "P29_006": "3", "P29_007": "1", "P29_008": "00", "P29_009": null }, "geometry": { "type": "Point", "coordinates": [ 130.412212911842175, 33.5719071678121 ] } },
{ "type": "Feature", "properties": { "P29_001": "40134", "P29_002": "C140213000335", "P29_003": "16002", "P29_004": "福岡市立三宅中学校", "P29_005": "福岡県福岡市南区大橋3-18-1", "P29_006": "3", "P29_007": "1", "P29_008": "00", "P29_009": null }, "geometry": { "type": "Point", "coordinates": [ 130.433443317239949, 33.553207288591288 ] } },
{ "type": "Feature", "properties": { "P29_001": "40134", "P29_002": "C140213000353", "P29_003": "16002", "P29_004": "福岡市立筑紫丘中学校", "P29_005": "福岡県福岡市南区筑紫丘2-28-1", "P29_006": "3", "P29_007": "1", "P29_008": "00", "P29_009": null }, "geometry": { "type": "Point", "coordinates": [ 130.420146452919255, 33.556872002870577 ] } },
{ "type": "Feature", "properties": { "P29_001": "40134", "P29_002": "C140213000362", "P29_003": "16002", "P29_004": "福岡市立曰佐中学校", "P29_005": "福岡県福岡市南区曰佐3-7-1", "P29_006": "3", "P29_007": "1", "P29_008": "00", "P29_009": null }, "geometry": { "type": "Point", "coordinates": [ 130.43789088876224, 33.537342276740056 ] } },
{ "type": "Feature", "properties": { "P29_001": "40134", "P29_002": "C140213000380", "P29_003": "16002", "P29_004": "福岡市立老司中学校", "P29_005": "福岡県福岡市南区老司3-37-1", "P29_006": "3", "P29_007": "1", "P29_008": "00", "P29_009": null }, "geometry": { "type": "Point", "coordinates": [ 130.417554414794154, 33.531317806046424 ] } },
{ "type": "Feature", "properties": { "P29_001": "40134", "P29_002": "C140213000399", "P29_003": "16002", "P29_004": "福岡市立柏原中学校", "P29_005": "福岡県福岡市南区柏原1-8-1", "P29_006": "3", "P29_007": "1", "P29_008": "00", "P29_009": null }, "geometry": { "type": "Point", "coordinates": [ 130.402398488610487, 33.531311495192078 ] } },
{ "type": "Feature", "properties": { "P29_001": "40134", "P29_002": "C140213000406", "P29_003": "16002", "P29_004": "福岡市立宮竹中学校", "P29_005": "福岡県福岡市南区五十川1-4-1", "P29_006": "3", "P29_007": "1", "P29_008": "00", "P29_009": null }, "geometry": { "type": "Point", "coordinates": [ 130.434067256114275, 33.56327999700045 ] } },
{ "type": "Feature", "properties": { "P29_001": "40134", "P29_002": "C140213000415", "P29_003": "16002", "P29_004": "福岡市立横手中学校", "P29_005": "福岡県福岡市南区横手4-16-1", "P29_006": "3", "P29_007": "1", "P29_008": "00", "P29_009": null }, "geometry": { "type": "Point", "coordinates": [ 130.432099644000601, 33.546327880445489 ] } },
{ "type": "Feature", "properties": { "P29_001": "40135", "P29_002": "C140213000442", "P29_003": "16002", "P29_004": "福岡市立玄洋中学校", "P29_005": "福岡県福岡市西区横浜2-34-1", "P29_006": "3", "P29_007": "1", "P29_008": "00", "P29_009": null }, "geometry": { "type": "Point", "coordinates": [ 130.260643565377336, 33.588207971735308 ] } },
{ "type": "Feature", "properties": { "P29_001": "40135", "P29_002": "C140213000460", "P29_003": "16002", "P29_004": "福岡市立元岡中学校", "P29_005": "福岡県福岡市西区田尻東1-17-1", "P29_006": "3", "P29_007": "1", "P29_008": "00", "P29_009": null }, "geometry": { "type": "Point", "coordinates": [ 130.25278548804144, 33.585433985792079 ] } },
{ "type": "Feature", "properties": { "P29_001": "40135", "P29_002": "C140213000479", "P29_003": "16002", "P29_004": "福岡市立北崎中学校", "P29_005": "福岡県福岡市西区大字小田1383", "P29_006": "3", "P29_007": "1", "P29_008": "00", "P29_009": null }, "geometry": { "type": "Point", "coordinates": [ 130.221636406200702, 33.633430259762122 ] } },
{ "type": "Feature", "properties": { "P29_001": "40135", "P29_002": "C140213000503", "P29_003": "16002", "P29_004": "福岡市立壱岐中学校", "P29_005": "福岡県福岡市西区拾六町2-16-1", "P29_006": "3", "P29_007": "1", "P29_008": "00", "P29_009": null }, "geometry": { "type": "Point", "coordinates": [ 130.311717266869834, 33.563303146350236 ] } },
{ "type": "Feature", "properties": { "P29_001": "40135", "P29_002": "C140213000521", "P29_003": "16002", "P29_004": "福岡市立内浜中学校", "P29_005": "福岡県福岡市西区内浜1-12-1", "P29_006": "3", "P29_007": "1", "P29_008": "00", "P29_009": null }, "geometry": { "type": "Point", "coordinates": [ 130.319965218906191, 33.579897280660987 ] } },
{ "type": "Feature", "properties": { "P29_001": "40135", "P29_002": "C140213000530", "P29_003": "16002", "P29_004": "福岡市立壱岐丘中学校", "P29_005": "福岡県福岡市西区大字羽根戸303-1", "P29_006": "3", "P29_007": "1", "P29_008": "00", "P29_009": null }, "geometry": { "type": "Point", "coordinates": [ 130.312950843045996, 33.545575558649602 ] } },
{ "type": "Feature", "properties": { "P29_001": "40135", "P29_002": "C140213000549", "P29_003": "16002", "P29_004": "福岡市立下山門中学校", "P29_005": "福岡県福岡市西区下山門3-12-1", "P29_006": "3", "P29_007": "1", "P29_008": "00", "P29_009": null }, "geometry": { "type": "Point", "coordinates": [ 130.313628615935926, 33.579004813113798 ] } },
{ "type": "Feature", "properties": { "P29_001": "40136", "P29_002": "C140213000567", "P29_003": "16002", "P29_004": "福岡市立城南中学校", "P29_005": "福岡県福岡市城南区茶山6-19-1", "P29_006": "3", "P29_007": "1", "P29_008": "00", "P29_009": null }, "geometry": { "type": "Point", "coordinates": [ 130.36016313492064, 33.569332330101965 ] } },
{ "type": "Feature", "properties": { "P29_001": "40136", "P29_002": "C140213000576", "P29_003": "16002", "P29_004": "福岡市立梅林中学校", "P29_005": "福岡県福岡市城南区梅林3-6-1", "P29_006": "3", "P29_007": "1", "P29_008": "00", "P29_009": null }, "geometry": { "type": "Point", "coordinates": [ 130.355695634250111, 33.546974968291167 ] } },
{ "type": "Feature", "properties": { "P29_001": "40136", "P29_002": "C140213000585", "P29_003": "16002", "P29_004": "福岡市立長尾中学校", "P29_005": "福岡県福岡市城南区樋井川4-13-1", "P29_006": "3", "P29_007": "1", "P29_008": "00", "P29_009": null }, "geometry": { "type": "Point", "coordinates": [ 130.385889984595167, 33.548898591204036 ] } },
{ "type": "Feature", "properties": { "P29_001": "40136", "P29_002": "C140213000594", "P29_003": "16002", "P29_004": "福岡市立片江中学校", "P29_005": "福岡県福岡市城南区南片江6-27-1", "P29_006": "3", "P29_007": "1", "P29_008": "00", "P29_009": null }, "geometry": { "type": "Point", "coordinates": [ 130.36884749442936, 33.541632936245286 ] } },
{ "type": "Feature", "properties": { "P29_001": "40137", "P29_002": "C140213000601", "P29_003": "16002", "P29_004": "福岡市立百道中学校", "P29_005": "福岡県福岡市早良区百道3-18-11", "P29_006": "3", "P29_007": "1", "P29_008": "00", "P29_009": null }, "geometry": { "type": "Point", "coordinates": [ 130.345477665902592, 33.586722213801416 ] } },
{ "type": "Feature", "properties": { "P29_001": "40137", "P29_002": "C140213000610", "P29_003": "16002", "P29_004": "福岡市立西福岡中学校", "P29_005": "福岡県福岡市早良区小田部3-32-1", "P29_006": "3", "P29_007": "1", "P29_008": "00", "P29_009": null }, "geometry": { "type": "Point", "coordinates": [ 130.333022385421543, 33.564283202831461 ] } },
{ "type": "Feature", "properties": { "P29_001": "40137", "P29_002": "C140213000638", "P29_003": "16002", "P29_004": "福岡市立金武中学校", "P29_005": "福岡県福岡市早良区四箇3-1-3", "P29_006": "3", "P29_007": "1", "P29_008": "00", "P29_009": null }, "geometry": { "type": "Point", "coordinates": [ 130.323752571406573, 33.528430140679916 ] } },
{ "type": "Feature", "properties": { "P29_001": "40137", "P29_002": "C140213000647", "P29_003": "16002", "P29_004": "福岡市立原中学校", "P29_005": "福岡県福岡市早良区飯倉4-34-58", "P29_006": "3", "P29_007": "1", "P29_008": "00", "P29_009": null }, "geometry": { "type": "Point", "coordinates": [ 130.34786183329328, 33.562742674321811 ] } },
{ "type": "Feature", "properties": { "P29_001": "40137", "P29_002": "C140213000665", "P29_003": "16002", "P29_004": "福岡市立田隈中学校", "P29_005": "福岡県福岡市早良区田村4-25-1", "P29_006": "3", "P29_007": "1", "P29_008": "00", "P29_009": null }, "geometry": { "type": "Point", "coordinates": [ 130.335709036198722, 33.540693566348978 ] } },
{ "type": "Feature", "properties": { "P29_001": "40137", "P29_002": "C140213000674", "P29_003": "16002", "P29_004": "福岡市立次郎丸中学校", "P29_005": "福岡県福岡市早良区次郎丸6-3-1", "P29_006": "3", "P29_007": "1", "P29_008": "00", "P29_009": null }, "geometry": { "type": "Point", "coordinates": [ 130.334759043058426, 33.549864405255533 ] } },
{ "type": "Feature", "properties": { "P29_001": "40137", "P29_002": "C140213000683", "P29_003": "16002", "P29_004": "福岡市立原中央中学校", "P29_005": "福岡県福岡市早良区原1-36-1", "P29_006": "3", "P29_007": "1", "P29_008": "00", "P29_009": null }, "geometry": { "type": "Point", "coordinates": [ 130.34804188007044, 33.570491273623389 ] } },
{ "type": "Feature", "properties": { "P29_001": "40137", "P29_002": "C140213000692", "P29_003": "16002", "P29_004": "福岡市立早良中学校", "P29_005": "福岡県福岡市早良区内野7-1-1", "P29_006": "3", "P29_007": "1", "P29_008": "00", "P29_009": null }, "geometry": { "type": "Point", "coordinates": [ 130.346428913876565, 33.495606021763905 ] } },
{ "type": "Feature", "properties": { "P29_001": "40202", "P29_002": "C140220200016", "P29_003": "16002", "P29_004": "大牟田市立松原中学校", "P29_005": "福岡県大牟田市大正町5-4-16", "P29_006": "3", "P29_007": "1", "P29_008": "00", "P29_009": null }, "geometry": { "type": "Point", "coordinates": [ 130.438924708920922, 33.028762018714389 ] } },
{ "type": "Feature", "properties": { "P29_001": "40202", "P29_002": "C140220200025", "P29_003": "16002", "P29_004": "大牟田市立白光中学校", "P29_005": "福岡県大牟田市椿黒町32", "P29_006": "3", "P29_007": "1", "P29_008": "00", "P29_009": null }, "geometry": { "type": "Point", "coordinates": [ 130.451758629663686, 33.043287477434092 ] } },
{ "type": "Feature", "properties": { "P29_001": "40202", "P29_002": "C140220200034", "P29_003": "16002", "P29_004": "大牟田市立歴木中学校", "P29_005": "福岡県大牟田市大字歴木1150", "P29_006": "3", "P29_007": "1", "P29_008": "00", "P29_009": null }, "geometry": { "type": "Point", "coordinates": [ 130.469031274158112, 33.040181746910633 ] } },
{ "type": "Feature", "properties": { "P29_001": "40202", "P29_002": "C140220200043", "P29_003": "16002", "P29_004": "大牟田市立田隈中学校", "P29_005": "福岡県大牟田市大字田隈338", "P29_006": "3", "P29_007": "1", "P29_008": "00", "P29_009": null }, "geometry": { "type": "Point", "coordinates": [ 130.474808034539677, 33.051839755241872 ] } },
{ "type": "Feature", "properties": { "P29_001": "40202", "P29_002": "C140220200052", "P29_003": "16002", "P29_004": "大牟田市立橘中学校", "P29_005": "福岡県大牟田市大字橘664-1", "P29_006": "3", "P29_007": "1", "P29_008": "00", "P29_009": null }, "geometry": { "type": "Point", "coordinates": [ 130.475008713565586, 33.064217898763275 ] } },
{ "type": "Feature", "properties": { "P29_001": "40202", "P29_002": "C140220200070", "P29_003": "16002", "P29_004": "大牟田市立宮原中学校", "P29_005": "福岡県大牟田市米生町2-26", "P29_006": "3", "P29_007": "1", "P29_008": "00", "P29_009": null }, "geometry": { "type": "Point", "coordinates": [ 130.461695291343261, 33.013453382843778 ] } },
{ "type": "Feature", "properties": { "P29_001": "40202", "P29_002": "C140220200089", "P29_003": "16002", "P29_004": "大牟田市立宅峰中学校", "P29_005": "福岡県大牟田市右京町1", "P29_006": "3", "P29_007": "1", "P29_008": "00", "P29_009": null }, "geometry": { "type": "Point", "coordinates": [ 130.441084316981716, 33.018411333806434 ] } },
{ "type": "Feature", "properties": { "P29_001": "40203", "P29_002": "C140220300015", "P29_003": "16002", "P29_004": "久留米市立城南中学校", "P29_005": "福岡県久留米市城南町11-4", "P29_006": "3", "P29_007": "1", "P29_008": "00", "P29_009": null }, "geometry": { "type": "Point", "coordinates": [ 130.507795506992068, 33.32077736858615 ] } },
{ "type": "Feature", "properties": { "P29_001": "40203", "P29_002": "C140220300024", "P29_003": "16002", "P29_004": "久留米市立江南中学校", "P29_005": "福岡県久留米市梅満町637-3", "P29_006": "3", "P29_007": "1", "P29_008": "00", "P29_009": null }, "geometry": { "type": "Point", "coordinates": [ 130.502123666137635, 33.310314990881928 ] } },
{ "type": "Feature", "properties": { "P29_001": "40203", "P29_002": "C140220300079", "P29_003": "16002", "P29_004": "久留米市立明星中学校", "P29_005": "福岡県久留米市高良内町4482-1", "P29_006": "3", "P29_007": "1", "P29_008": "00", "P29_009": null }, "geometry": { "type": "Point", "coordinates": [ 130.540689542576615, 33.287065358525226 ] } },
{ "type": "Feature", "properties": { "P29_001": "40203", "P29_002": "C140220300113", "P29_003": "16002", "P29_004": "久留米市立屏水中学校", "P29_005": "福岡県久留米市山本町耳納1069-1", "P29_006": "3", "P29_007": "1", "P29_008": "00", "P29_009": null }, "geometry": { "type": "Point", "coordinates": [ 130.605531890407832, 33.318373613494948 ] } },
{ "type": "Feature", "properties": { "P29_001": "40203", "P29_002": "C140220300122", "P29_003": "16002", "P29_004": "久留米市立青陵中学校", "P29_005": "福岡県久留米市藤山町1731-10", "P29_006": "3", "P29_007": "1", "P29_008": "00", "P29_009": null }, "geometry": { "type": "Point", "coordinates": [ 130.542715008483384, 33.270040998001257 ] } },
{ "type": "Feature", "properties": { "P29_001": "40203", "P29_002": "C140220300140", "P29_003": "16002", "P29_004": "久留米市立田主丸中学校", "P29_005": "福岡県久留米市田主丸町田主丸65-1", "P29_006": "3", "P29_007": "1", "P29_008": "00", "P29_009": null }, "geometry": { "type": "Point", "coordinates": [ 130.690524850496729, 33.349055493708221 ] } },
{ "type": "Feature", "properties": { "P29_001": "40203", "P29_002": "C140220300159", "P29_003": "16002", "P29_004": "久留米市立北野中学校", "P29_005": "福岡県久留米市北野町塚島277", "P29_006": "3", "P29_007": "1", "P29_008": "00", "P29_009": null }, "geometry": { "type": "Point", "coordinates": [ 130.596160394805281, 33.346886707153558 ] } },
{ "type": "Feature", "properties": { "P29_001": "40203", "P29_002": "C140220300168", "P29_003": "16002", "P29_004": "久留米市立三潴中学校", "P29_005": "福岡県久留米市三潴町玉満2705", "P29_006": "3", "P29_007": "1", "P29_008": "00", "P29_009": null }, "geometry": { "type": "Point", "coordinates": [ 130.466790043044767, 33.254559079295824 ] } },
{ "type": "Feature", "properties": { "P29_001": "40203", "P29_002": "C140220300177", "P29_003": "16002", "P29_004": "久留米市立城島中学校", "P29_005": "福岡県久留米市城島町楢津1354-1", "P29_006": "3", "P29_007": "1", "P29_008": "00", "P29_009": null }, "geometry": { "type": "Point", "coordinates": [ 130.418415642691826, 33.251177098121751 ] } },
{ "type": "Feature", "properties": { "P29_001": "40204", "P29_002": "C140220400014", "P29_003": "16002", "P29_004": "直方市立直方第一中学校", "P29_005": "福岡県直方市下境1892-1", "P29_006": "3", "P29_007": "1", "P29_008": "00", "P29_009": null }, "geometry": { "type": "Point", "coordinates": [ 130.740104381089878, 33.73013639526372 ] } },
{ "type": "Feature", "properties": { "P29_001": "40204", "P29_002": "C140220400032", "P29_003": "16002", "P29_004": "直方市立直方第三中学校", "P29_005": "福岡県直方市大字知古960", "P29_006": "3", "P29_007": "1", "P29_008": "00", "P29_009": null }, "geometry": { "type": "Point", "coordinates": [ 130.721441890175669, 33.763328543177863 ] } },
{ "type": "Feature", "properties": { "P29_001": "40205", "P29_002": "C140220500031", "P29_003": "16002", "P29_004": "飯塚市立二瀬中学校", "P29_005": "福岡県飯塚市伊岐須740", "P29_006": "3", "P29_007": "1", "P29_008": "00", "P29_009": null }, "geometry": { "type": "Point", "coordinates": [ 130.659299068980658, 33.653075836316646 ] } },
{ "type": "Feature", "properties": { "P29_001": "40205", "P29_002": "C140220500040", "P29_003": "16002", "P29_004": "飯塚市立幸袋中学校", "P29_005": "福岡県飯塚市中730-1", "P29_006": "3", "P29_007": "1", "P29_008": "00", "P29_009": null }, "geometry": { "type": "Point", "coordinates": [ 130.680981117577517, 33.666430915757402 ] } },
{ "type": "Feature", "properties": { "P29_001": "40205", "P29_002": "C140220500059", "P29_003": "16002", "P29_004": "飯塚市立飯塚鎮西中学校", "P29_005": "福岡県飯塚市大日寺141", "P29_006": "3", "P29_007": "1", "P29_008": "00", "P29_009": null }, "geometry": { "type": "Point", "coordinates": [ 130.647511951297162, 33.637914273024769 ] } },
{ "type": "Feature", "properties": { "P29_001": "40205", "P29_002": "C140220500068", "P29_003": "16002", "P29_004": "飯塚市立庄内中学校", "P29_005": "福岡県飯塚市網分1000-1", "P29_006": "3", "P29_007": "1", "P29_008": "00", "P29_009": null }, "geometry": { "type": "Point", "coordinates": [ 130.73113040559582, 33.633257576732078 ] } },
{ "type": "Feature", "properties": { "P29_001": "40205", "P29_002": "C140220500102", "P29_003": "16002", "P29_004": "飯塚市立筑穂中学校", "P29_005": "福岡県飯塚市長尾903-1", "P29_006": "3", "P29_007": "1", "P29_008": "00", "P29_009": null }, "geometry": { "type": "Point", "coordinates": [ 130.642766870788819, 33.573649404521767 ] } },
{ "type": "Feature", "properties": { "P29_001": "40207", "P29_002": "C140220700011", "P29_003": "16002", "P29_004": "柳川市立柳城中学校", "P29_005": "福岡県柳川市本城町82-2", "P29_006": "3", "P29_007": "1", "P29_008": "00", "P29_009": null }, "geometry": { "type": "Point", "coordinates": [ 130.401050417644797, 33.16167512697394 ] } },
{ "type": "Feature", "properties": { "P29_001": "40207", "P29_002": "C140220700020", "P29_003": "16002", "P29_004": "柳川市立昭代中学校", "P29_005": "福岡県柳川市西浜武1494", "P29_006": "3", "P29_007": "1", "P29_008": "00", "P29_009": null }, "geometry": { "type": "Point", "coordinates": [ 130.383146512623313, 33.166583612086697 ] } },
{ "type": "Feature", "properties": { "P29_001": "40207", "P29_002": "C140220700039", "P29_003": "16002", "P29_004": "柳川市立蒲池中学校", "P29_005": "福岡県柳川市金納455", "P29_006": "3", "P29_007": "1", "P29_008": "00", "P29_009": null }, "geometry": { "type": "Point", "coordinates": [ 130.41759045635942, 33.188058740548328 ] } },
{ "type": "Feature", "properties": { "P29_001": "40207", "P29_002": "C140220700048", "P29_003": "16002", "P29_004": "柳川市立柳南中学校", "P29_005": "福岡県柳川市上宮永町645-2", "P29_006": "3", "P29_007": "1", "P29_008": "00", "P29_009": null }, "geometry": { "type": "Point", "coordinates": [ 130.395701052834681, 33.143527636152058 ] } },
{ "type": "Feature", "properties": { "P29_001": "40207", "P29_002": "C140220700066", "P29_003": "16002", "P29_004": "柳川市立三橋中学校", "P29_005": "福岡県柳川市三橋町垂見580-1", "P29_006": "3", "P29_007": "1", "P29_008": "00", "P29_009": null }, "geometry": { "type": "Point", "coordinates": [ 130.44025303568398, 33.161749705333996 ] } },
{ "type": "Feature", "properties": { "P29_001": "40210", "P29_002": "C140221000016", "P29_003": "16002", "P29_004": "八女市立福島中学校", "P29_005": "福岡県八女市本村430", "P29_006": "3", "P29_007": "1", "P29_008": "00", "P29_009": null }, "geometry": { "type": "Point", "coordinates": [ 130.559213785142134, 33.216420831467055 ] } },
{ "type": "Feature", "properties": { "P29_001": "40210", "P29_002": "C140221000025", "P29_003": "16002", "P29_004": "八女市立南中学校", "P29_005": "福岡県八女市馬場540", "P29_006": "3", "P29_007": "1", "P29_008": "00", "P29_009": null }, "geometry": { "type": "Point", "coordinates": [ 130.565484175879931, 33.206474267867598 ] } },
{ "type": "Feature", "properties": { "P29_001": "40210", "P29_002": "C140221000034", "P29_003": "16002", "P29_004": "八女市立見崎中学校", "P29_005": "福岡県八女市忠見1155", "P29_006": "3", "P29_007": "1", "P29_008": "00", "P29_009": null }, "geometry": { "type": "Point", "coordinates": [ 130.599795196368689, 33.225068473880015 ] } },
{ "type": "Feature", "properties": { "P29_001": "40210", "P29_002": "C140221000052", "P29_003": "16002", "P29_004": "八女市立立花中学校", "P29_005": "福岡県八女市立花町谷川859-2", "P29_006": "3", "P29_007": "1", "P29_008": "00", "P29_009": null }, "geometry": { "type": "Point", "coordinates": [ 130.594660078282573, 33.205255391860291 ] } },
{ "type": "Feature", "properties": { "P29_001": "40210", "P29_002": "C140221000061", "P29_003": "16002", "P29_004": "八女市立筑南中学校", "P29_005": "福岡県八女市立花町白木6680", "P29_006": "3", "P29_007": "1", "P29_008": "00", "P29_009": null }, "geometry": { "type": "Point", "coordinates": [ 130.56058747098399, 33.167831069929676 ] } },
{ "type": "Feature", "properties": { "P29_001": "40210", "P29_002": "C140221000070", "P29_003": "16002", "P29_004": "八女市立黒木中学校", "P29_005": "福岡県八女市黒木町北木屋60", "P29_006": "3", "P29_007": "1", "P29_008": "00", "P29_009": null }, "geometry": { "type": "Point", "coordinates": [ 130.676912847822109, 33.214662633445819 ] } },
{ "type": "Feature", "properties": { "P29_001": "40210", "P29_002": "C140221000089", "P29_003": "16002", "P29_004": "八女市立星野中学校", "P29_005": "福岡県八女市星野村9500-3", "P29_006": "3", "P29_007": "1", "P29_008": "00", "P29_009": null }, "geometry": { "type": "Point", "coordinates": [ 130.753327441755744, 33.252194062609746 ] } },
{ "type": "Feature", "properties": { "P29_001": "40211", "P29_002": "C140221100015", "P29_003": "16002", "P29_004": "筑後市立羽犬塚中学校", "P29_005": "福岡県筑後市大字羽犬塚80", "P29_006": "3", "P29_007": "1", "P29_008": "00", "P29_009": null }, "geometry": { "type": "Point", "coordinates": [ 130.503230986253016, 33.218364004724073 ] } },
{ "type": "Feature", "properties": { "P29_001": "40211", "P29_002": "C140221100033", "P29_003": "16002", "P29_004": "筑後市立筑後中学校", "P29_005": "福岡県筑後市水田1046-1", "P29_006": "3", "P29_007": "1", "P29_008": "00", "P29_009": null }, "geometry": { "type": "Point", "coordinates": [ 130.49096717017602, 33.192091078875073 ] } },
{ "type": "Feature", "properties": { "P29_001": "40212", "P29_002": "C140221200014", "P29_003": "16002", "P29_004": "大川桐英中学校", "P29_005": "福岡県大川市大字向島1850", "P29_006": "3", "P29_007": "1", "P29_008": "00", "P29_009": null }, "geometry": { "type": "Point", "coordinates": [ 130.37351699995412, 33.209674049611444 ] } },
{ "type": "Feature", "properties": { "P29_001": "40212", "P29_002": "C140221200023", "P29_003": "16002", "P29_004": "大川桐薫中学校", "P29_005": "福岡県大川市大字下木佐木1186", "P29_006": "3", "P29_007": "1", "P29_008": "00", "P29_009": null }, "geometry": { "type": "Point", "coordinates": [ 130.400735418199702, 33.200684725873643 ] } },
{ "type": "Feature", "properties": { "P29_001": "40213", "P29_002": "C140221300013", "P29_003": "16002", "P29_004": "行橋市立行橋中学校", "P29_005": "福岡県行橋市大橋1-11-1", "P29_006": "3", "P29_007": "1", "P29_008": "00", "P29_009": null }, "geometry": { "type": "Point", "coordinates": [ 130.981465514423633, 33.730465952634731 ] } },
{ "type": "Feature", "properties": { "P29_001": "40213", "P29_002": "C140221300022", "P29_003": "16002", "P29_004": "行橋市立中京中学校", "P29_005": "福岡県行橋市大字天生田545", "P29_006": "3", "P29_007": "1", "P29_008": "00", "P29_009": null }, "geometry": { "type": "Point", "coordinates": [ 130.954625518528218, 33.698877075850191 ] } },
{ "type": "Feature", "properties": { "P29_001": "40213", "P29_002": "C140221300031", "P29_003": "16002", "P29_004": "行橋市立泉中学校", "P29_005": "福岡県行橋市西泉5-7-1", "P29_006": "3", "P29_007": "1", "P29_008": "00", "P29_009": null }, "geometry": { "type": "Point", "coordinates": [ 130.974975174157095, 33.704687349416844 ] } },
{ "type": "Feature", "properties": { "P29_001": "40213", "P29_002": "C140221300040", "P29_003": "16002", "P29_004": "行橋市立今元中学校", "P29_005": "福岡県行橋市今井896-1", "P29_006": "3", "P29_007": "1", "P29_008": "00", "P29_009": null }, "geometry": { "type": "Point", "coordinates": [ 130.994650412325939, 33.723589216289177 ] } },
{ "type": "Feature", "properties": { "P29_001": "40213", "P29_002": "C140221300059", "P29_003": "16002", "P29_004": "行橋市立仲津中学校", "P29_005": "福岡県行橋市大字稲童3104", "P29_006": "3", "P29_007": "1", "P29_008": "00", "P29_009": null }, "geometry": { "type": "Point", "coordinates": [ 131.016836463852059, 33.697893411573716 ] } },
{ "type": "Feature", "properties": { "P29_001": "40213", "P29_002": "C140221300068", "P29_003": "16002", "P29_004": "行橋市立長峡中学校", "P29_005": "福岡県行橋市大字延永6", "P29_006": "3", "P29_007": "1", "P29_008": "00", "P29_009": null }, "geometry": { "type": "Point", "coordinates": [ 130.937541263033921, 33.733796815456607 ] } },
{ "type": "Feature", "properties": { "P29_001": "40214", "P29_002": "C140221400012", "P29_003": "16002", "P29_004": "豊前市立八屋中学校", "P29_005": "福岡県豊前市赤熊1363-1", "P29_006": "3", "P29_007": "1", "P29_008": "00", "P29_009": null }, "geometry": { "type": "Point", "coordinates": [ 131.129943740556769, 33.618513713900825 ] } },
{ "type": "Feature", "properties": { "P29_001": "40214", "P29_002": "C140221400030", "P29_003": "16002", "P29_004": "豊前市立千束中学校", "P29_005": "福岡県豊前市吉木1122-1", "P29_006": "3", "P29_007": "1", "P29_008": "00", "P29_009": null }, "geometry": { "type": "Point", "coordinates": [ 131.128317718870704, 33.604994118632455 ] } },
{ "type": "Feature", "properties": { "P29_001": "40214", "P29_002": "C140221400049", "P29_003": "16002", "P29_004": "豊前市立合岩中学校", "P29_005": "福岡県豊前市大字下川底32", "P29_006": "3", "P29_007": "1", "P29_008": "00", "P29_009": null }, "geometry": { "type": "Point", "coordinates": [ 131.091934827186407, 33.558416159379568 ] } },
{ "type": "Feature", "properties": { "P29_001": "40215", "P29_002": "C140221500011", "P29_003": "16002", "P29_004": "中間市立中間中学校", "P29_005": "福岡県中間市大字垣生510", "P29_006": "3", "P29_007": "1", "P29_008": "00", "P29_009": null }, "geometry": { "type": "Point", "coordinates": [ 130.701147026018106, 33.815602721319074 ] } },
{ "type": "Feature", "properties": { "P29_001": "40215", "P29_002": "C140221500020", "P29_003": "16002", "P29_004": "中間市立中間北中学校", "P29_005": "福岡県中間市岩瀬3-4-1", "P29_006": "3", "P29_007": "1", "P29_008": "00", "P29_009": null }, "geometry": { "type": "Point", "coordinates": [ 130.712034403519397, 33.832678966353001 ] } },
{ "type": "Feature", "properties": { "P29_001": "40215", "P29_002": "C140221500039", "P29_003": "16002", "P29_004": "中間市立中間東中学校", "P29_005": "福岡県中間市扇ヶ浦3-21-1", "P29_006": "3", "P29_007": "1", "P29_008": "00", "P29_009": null }, "geometry": { "type": "Point", "coordinates": [ 130.725803064876459, 33.816108773989058 ] } },
{ "type": "Feature", "properties": { "P29_001": "40215", "P29_002": "C140221500048", "P29_003": "16002", "P29_004": "中間市立中間南中学校", "P29_005": "福岡県中間市朝霧5-2-1", "P29_006": "3", "P29_007": "1", "P29_008": "00", "P29_009": null }, "geometry": { "type": "Point", "coordinates": [ 130.735357899414851, 33.81452101324092 ] } },
{ "type": "Feature", "properties": { "P29_001": "40216", "P29_002": "C140221600010", "P29_003": "16002", "P29_004": "小郡市立宝城中学校", "P29_005": "福岡県小郡市八坂26-1", "P29_006": "3", "P29_007": "1", "P29_008": "00", "P29_009": null }, "geometry": { "type": "Point", "coordinates": [ 130.559417055806563, 33.372264963263568 ] } },
{ "type": "Feature", "properties": { "P29_001": "40216", "P29_002": "C140221600029", "P29_003": "16002", "P29_004": "小郡市立大原中学校", "P29_005": "福岡県小郡市小郡772", "P29_006": "3", "P29_007": "1", "P29_008": "00", "P29_009": null }, "geometry": { "type": "Point", "coordinates": [ 130.549488573668555, 33.400128079183304 ] } },
{ "type": "Feature", "properties": { "P29_001": "40216", "P29_002": "C140221600038", "P29_003": "16002", "P29_004": "小郡市立立石中学校", "P29_005": "福岡県小郡市吹上1045", "P29_006": "3", "P29_007": "1", "P29_008": "00", "P29_009": null }, "geometry": { "type": "Point", "coordinates": [ 130.587985023775474, 33.413255545367129 ] } },
{ "type": "Feature", "properties": { "P29_001": "40217", "P29_002": "C140221700019", "P29_003": "16002", "P29_004": "筑紫野市立二日市中学校", "P29_005": "福岡県筑紫野市紫1-6-1", "P29_006": "3", "P29_007": "1", "P29_008": "00", "P29_009": null }, "geometry": { "type": "Point", "coordinates": [ 130.523770358575945, 33.498358234347222 ] } },
{ "type": "Feature", "properties": { "P29_001": "40217", "P29_002": "C140221700028", "P29_003": "16002", "P29_004": "筑紫野市立筑山中学校", "P29_005": "福岡県筑紫野市下見585", "P29_006": "3", "P29_007": "1", "P29_008": "00", "P29_009": null }, "geometry": { "type": "Point", "coordinates": [ 130.553667678763304, 33.464117089231266 ] } },
{ "type": "Feature", "properties": { "P29_001": "40217", "P29_002": "C140221700037", "P29_003": "16002", "P29_004": "筑紫野市立筑紫野中学校", "P29_005": "福岡県筑紫野市針摺東4-6-1", "P29_006": "3", "P29_007": "1", "P29_008": "00", "P29_009": null }, "geometry": { "type": "Point", "coordinates": [ 130.541228063972966, 33.485929621631435 ] } },
{ "type": "Feature", "properties": { "P29_001": "40217", "P29_002": "C140221700046", "P29_003": "16002", "P29_004": "筑紫野市立天拝中学校", "P29_005": "福岡県筑紫野市大字立明寺458-1", "P29_006": "3", "P29_007": "1", "P29_008": "00", "P29_009": null }, "geometry": { "type": "Point", "coordinates": [ 130.523642203110398, 33.48049556041088 ] } },
{ "type": "Feature", "properties": { "P29_001": "40218", "P29_002": "C140221800027", "P29_003": "16002", "P29_004": "春日市立春日中学校", "P29_005": "福岡県春日市須玖南2-172", "P29_006": "3", "P29_007": "1", "P29_008": "00", "P29_009": null }, "geometry": { "type": "Point", "coordinates": [ 130.446936329375603, 33.534041658197118 ] } },
{ "type": "Feature", "properties": { "P29_001": "40218", "P29_002": "C140221800036", "P29_003": "16002", "P29_004": "春日市立春日東中学校", "P29_005": "福岡県春日市若葉台東1-41", "P29_006": "3", "P29_007": "1", "P29_008": "00", "P29_009": null }, "geometry": { "type": "Point", "coordinates": [ 130.461406926417368, 33.528876778736297 ] } },
{ "type": "Feature", "properties": { "P29_001": "40218", "P29_002": "C140221800045", "P29_003": "16002", "P29_004": "春日市立春日西中学校", "P29_005": "福岡県春日市一の谷5-49", "P29_006": "3", "P29_007": "1", "P29_008": "00", "P29_009": null }, "geometry": { "type": "Point", "coordinates": [ 130.446009341622641, 33.520947739148767 ] } },
{ "type": "Feature", "properties": { "P29_001": "40218", "P29_002": "C140221800063", "P29_003": "16002", "P29_004": "春日市立春日北中学校", "P29_005": "福岡県春日市桜ヶ丘7-20", "P29_006": "3", "P29_007": "1", "P29_008": "00", "P29_009": null }, "geometry": { "type": "Point", "coordinates": [ 130.452233174434866, 33.547288023283613 ] } },
{ "type": "Feature", "properties": { "P29_001": "40219", "P29_002": "C140221900017", "P29_003": "16002", "P29_004": "大野城市立大野中学校", "P29_005": "福岡県大野城市白木原3-11-1", "P29_006": "3", "P29_007": "1", "P29_008": "00", "P29_009": null }, "geometry": { "type": "Point", "coordinates": [ 130.483637087117472, 33.529674970980189 ] } },
{ "type": "Feature", "properties": { "P29_001": "40219", "P29_002": "C140221900026", "P29_003": "16002", "P29_004": "大野城市立大野東中学校", "P29_005": "福岡県大野城市乙金台2-5-1", "P29_006": "3", "P29_007": "1", "P29_008": "00", "P29_009": null }, "geometry": { "type": "Point", "coordinates": [ 130.490268913742881, 33.543146561157897 ] } },
{ "type": "Feature", "properties": { "P29_001": "40219", "P29_002": "C140221900035", "P29_003": "16002", "P29_004": "大野城市立大利中学校", "P29_005": "福岡県大野城市上大利1-6-1", "P29_006": "3", "P29_007": "1", "P29_008": "00", "P29_009": null }, "geometry": { "type": "Point", "coordinates": [ 130.480073652341702, 33.52253580750682 ] } },
{ "type": "Feature", "properties": { "P29_001": "40219", "P29_002": "C140221900044", "P29_003": "16002", "P29_004": "大野城市立平野中学校", "P29_005": "福岡県大野城市つつじヶ丘4-1-1", "P29_006": "3", "P29_007": "1", "P29_008": "00", "P29_009": null }, "geometry": { "type": "Point", "coordinates": [ 130.477983269716958, 33.494410742344044 ] } },
{ "type": "Feature", "properties": { "P29_001": "40219", "P29_002": "C140221900053", "P29_003": "16002", "P29_004": "大野城市立御陵中学校", "P29_005": "福岡県大野城市中1-20-1", "P29_006": "3", "P29_007": "1", "P29_008": "00", "P29_009": null }, "geometry": { "type": "Point", "coordinates": [ 130.482935444515221, 33.554335961041069 ] } },
{ "type": "Feature", "properties": { "P29_001": "40220", "P29_002": "C140222000014", "P29_003": "16002", "P29_004": "宗像市立城山中学校", "P29_005": "福岡県宗像市陵厳寺1-13-1", "P29_006": "3", "P29_007": "1", "P29_008": "00", "P29_009": null }, "geometry": { "type": "Point", "coordinates": [ 130.588385313301217, 33.80736813114477 ] } },
{ "type": "Feature", "properties": { "P29_001": "40220", "P29_002": "C140222000032", "P29_003": "16002", "P29_004": "宗像市立日の里中学校", "P29_005": "福岡県宗像市日の里8-8", "P29_006": "3", "P29_007": "1", "P29_008": "00", "P29_009": null }, "geometry": { "type": "Point", "coordinates": [ 130.530341537192015, 33.789428599422308 ] } },
{ "type": "Feature", "properties": { "P29_001": "40220", "P29_002": "C140222000041", "P29_003": "16002", "P29_004": "宗像市立自由ヶ丘中学校", "P29_005": "福岡県宗像市朝町1019-4", "P29_006": "3", "P29_007": "1", "P29_008": "00", "P29_009": null }, "geometry": { "type": "Point", "coordinates": [ 130.579044499735375, 33.780801908915251 ] } },
{ "type": "Feature", "properties": { "P29_001": "40220", "P29_002": "C140222000050", "P29_003": "16002", "P29_004": "宗像市立河東中学校", "P29_005": "福岡県宗像市城西ケ丘6-15-1", "P29_006": "3", "P29_007": "1", "P29_008": "00", "P29_009": null }, "geometry": { "type": "Point", "coordinates": [ 130.555835523078969, 33.812137677389863 ] } },
{ "type": "Feature", "properties": { "P29_001": "40220", "P29_002": "C140222000069", "P29_003": "16002", "P29_004": "宗像市立玄海中学校", "P29_005": "福岡県宗像市江口965", "P29_006": "3", "P29_007": "1", "P29_008": "00", "P29_009": null }, "geometry": { "type": "Point", "coordinates": [ 130.509294296055572, 33.841532363904285 ] } },
{ "type": "Feature", "properties": { "P29_001": "40220", "P29_002": "C140222000078", "P29_003": "16002", "P29_004": "福岡県立宗像中学校", "P29_005": "福岡県宗像市東郷6-7-1", "P29_006": "2", "P29_007": "1", "P29_008": "00", "P29_009": null }, "geometry": { "type": "Point", "coordinates": [ 130.542026415201207, 33.802218605512053 ] } },
{ "type": "Feature", "properties": { "P29_001": "40221", "P29_002": "C140222100013", "P29_003": "16002", "P29_004": "太宰府市立太宰府東中学校", "P29_005": "福岡県太宰府市高雄2-3964-1", "P29_006": "3", "P29_007": "1", "P29_008": "00", "P29_009": null }, "geometry": { "type": "Point", "coordinates": [ 130.540661173648061, 33.505570771801196 ] } },
{ "type": "Feature", "properties": { "P29_001": "40221", "P29_002": "C140222100022", "P29_003": "16002", "P29_004": "太宰府市立学業院中学校", "P29_005": "福岡県太宰府市観世音寺3-11-1", "P29_006": "3", "P29_007": "1", "P29_008": "00", "P29_009": null }, "geometry": { "type": "Point", "coordinates": [ 130.509550220231745, 33.514352722761537 ] } },
{ "type": "Feature", "properties": { "P29_001": "40221", "P29_002": "C140222100031", "P29_003": "16002", "P29_004": "太宰府市立太宰府中学校", "P29_005": "福岡県太宰府市五条4-9-1", "P29_006": "3", "P29_007": "1", "P29_008": "00", "P29_009": null }, "geometry": { "type": "Point", "coordinates": [ 130.528869954008684, 33.511410135991774 ] } },
{ "type": "Feature", "properties": { "P29_001": "40221", "P29_002": "C140222100040", "P29_003": "16002", "P29_004": "太宰府市立太宰府西中学校", "P29_005": "福岡県太宰府市向佐野3-9-1", "P29_006": "3", "P29_007": "1", "P29_008": "00", "P29_009": null }, "geometry": { "type": "Point", "coordinates": [ 130.494368226320773, 33.50585645318499 ] } },
{ "type": "Feature", "properties": { "P29_001": "40223", "P29_002": "C140222300011", "P29_003": "16002", "P29_004": "古賀市立古賀中学校", "P29_005": "福岡県古賀市久保107", "P29_006": "3", "P29_007": "1", "P29_008": "00", "P29_009": null }, "geometry": { "type": "Point", "coordinates": [ 130.478250125735514, 33.731024768381381 ] } },
{ "type": "Feature", "properties": { "P29_001": "40223", "P29_002": "C140222300020", "P29_003": "16002", "P29_004": "古賀市立古賀北中学校", "P29_005": "福岡県古賀市千鳥4-4-1", "P29_006": "3", "P29_007": "1", "P29_008": "00", "P29_009": null }, "geometry": { "type": "Point", "coordinates": [ 130.477947886430513, 33.747405685490563 ] } },
{ "type": "Feature", "properties": { "P29_001": "40224", "P29_002": "C140222400010", "P29_003": "16002", "P29_004": "福津市立福間中学校", "P29_005": "福岡県福津市花見が丘2-10-1", "P29_006": "3", "P29_007": "1", "P29_008": "00", "P29_009": null }, "geometry": { "type": "Point", "coordinates": [ 130.478076731194307, 33.758272105430876 ] } },
{ "type": "Feature", "properties": { "P29_001": "40224", "P29_002": "C140222400038", "P29_003": "16002", "P29_004": "福津市立津屋崎中学校", "P29_005": "福岡県福津市津屋崎1-5-16", "P29_006": "3", "P29_007": "1", "P29_008": "00", "P29_009": null }, "geometry": { "type": "Point", "coordinates": [ 130.471922284167903, 33.785244998847489 ] } },
{ "type": "Feature", "properties": { "P29_001": "40225", "P29_002": "C140222500019", "P29_003": "16002", "P29_004": "うきは市立浮羽中学校", "P29_005": "福岡県うきは市浮羽町東隈上344-1", "P29_006": "3", "P29_007": "1", "P29_008": "00", "P29_009": null }, "geometry": { "type": "Point", "coordinates": [ 130.802162975959305, 33.336855755274989 ] } },
{ "type": "Feature", "properties": { "P29_001": "40225", "P29_002": "C140222500028", "P29_003": "16002", "P29_004": "うきは市立吉井中学校", "P29_005": "福岡県うきは市吉井町福永58", "P29_006": "3", "P29_007": "1", "P29_008": "00", "P29_009": null }, "geometry": { "type": "Point", "coordinates": [ 130.762434705313609, 33.346272880649188 ] } },
{ "type": "Feature", "properties": { "P29_001": "40226", "P29_002": "C140222600027", "P29_003": "16002", "P29_004": "宮若市立宮若西中学校", "P29_005": "福岡県宮若市金丸417-1", "P29_006": "3", "P29_007": "1", "P29_008": "00", "P29_009": null }, "geometry": { "type": "Point", "coordinates": [ 130.627907353614631, 33.732884658472138 ] } },
{ "type": "Feature", "properties": { "P29_001": "40227", "P29_002": "C140222700017", "P29_003": "16002", "P29_004": "嘉麻市立山田中学校", "P29_005": "福岡県嘉麻市下山田2", "P29_006": "3", "P29_007": "1", "P29_008": "00", "P29_009": null }, "geometry": { "type": "Point", "coordinates": [ 130.760111104684512, 33.56526568180162 ] } },
{ "type": "Feature", "properties": { "P29_001": "40227", "P29_002": "C140222700035", "P29_003": "16002", "P29_004": "嘉麻市立嘉穂中学校", "P29_005": "福岡県嘉麻市上西郷376", "P29_006": "3", "P29_007": "1", "P29_008": "00", "P29_009": null }, "geometry": { "type": "Point", "coordinates": [ 130.735806404821517, 33.543873572655677 ] } },
{ "type": "Feature", "properties": { "P29_001": "40228", "P29_002": "C140222800016", "P29_003": "16002", "P29_004": "朝倉市立十文字中学校", "P29_005": "福岡県朝倉市三奈木3710", "P29_006": "3", "P29_007": "1", "P29_008": "00", "P29_009": null }, "geometry": { "type": "Point", "coordinates": [ 130.70091907026935, 33.406872956862706 ] } },
{ "type": "Feature", "properties": { "P29_001": "40228", "P29_002": "C140222800025", "P29_003": "16002", "P29_004": "朝倉市立南陵中学校", "P29_005": "福岡県朝倉市平塚1519", "P29_006": "3", "P29_007": "1", "P29_008": "00", "P29_009": null }, "geometry": { "type": "Point", "coordinates": [ 130.655681517822899, 33.391044989019555 ] } },
{ "type": "Feature", "properties": { "P29_001": "40228", "P29_002": "C140222800043", "P29_003": "16002", "P29_004": "朝倉市立甘木中学校", "P29_005": "福岡県朝倉市堤1430-1", "P29_006": "3", "P29_007": "1", "P29_008": "00", "P29_009": null }, "geometry": { "type": "Point", "coordinates": [ 130.668993334270994, 33.425477338660897 ] } },
{ "type": "Feature", "properties": { "P29_001": "40228", "P29_002": "C140222800052", "P29_003": "16002", "P29_004": "朝倉市立杷木中学校", "P29_005": "福岡県朝倉市杷木池田822-1", "P29_006": "3", "P29_007": "1", "P29_008": "00", "P29_009": null }, "geometry": { "type": "Point", "coordinates": [ 130.810032725402607, 33.365340212108862 ] } },
{ "type": "Feature", "properties": { "P29_001": "40228", "P29_002": "C140222800061", "P29_003": "16002", "P29_004": "朝倉市立比良松中学校", "P29_005": "福岡県朝倉市宮野2030", "P29_006": "3", "P29_007": "1", "P29_008": "00", "P29_009": null }, "geometry": { "type": "Point", "coordinates": [ 130.722337715303382, 33.384547980142329 ] } },
{ "type": "Feature", "properties": { "P29_001": "40229", "P29_002": "C140222900015", "P29_003": "16002", "P29_004": "みやま市立山川中学校", "P29_005": "福岡県みやま市山川町尾野1690", "P29_006": "3", "P29_007": "1", "P29_008": "00", "P29_009": null }, "geometry": { "type": "Point", "coordinates": [ 130.515540118458432, 33.123820368468927 ] } },
{ "type": "Feature", "properties": { "P29_001": "40229", "P29_002": "C140222900024", "P29_003": "16002", "P29_004": "みやま市立瀬高中学校", "P29_005": "福岡県みやま市瀬高町下庄1885", "P29_006": "3", "P29_007": "1", "P29_008": "00", "P29_009": null }, "geometry": { "type": "Point", "coordinates": [ 130.478927864249385, 33.154168137749764 ] } },
{ "type": "Feature", "properties": { "P29_001": "40229", "P29_002": "C140222900042", "P29_003": "16002", "P29_004": "みやま市立高田中学校", "P29_005": "福岡県みやま市高田町岩津326", "P29_006": "3", "P29_007": "1", "P29_008": "00", "P29_009": null }, "geometry": { "type": "Point", "coordinates": [ 130.468159346655824, 33.113861331447161 ] } },
{ "type": "Feature", "properties": { "P29_001": "40230", "P29_002": "C140223000012", "P29_003": "16002", "P29_004": "糸島市立前原中学校", "P29_005": "福岡県糸島市篠原西2-2-1", "P29_006": "3", "P29_007": "1", "P29_008": "00", "P29_009": null }, "geometry": { "type": "Point", "coordinates": [ 130.20761074967686, 33.551346806411942 ] } },
{ "type": "Feature", "properties": { "P29_001": "40230", "P29_002": "C140223000030", "P29_003": "16002", "P29_004": "糸島市立前原西中学校", "P29_005": "福岡県糸島市荻浦3-4-1", "P29_006": "3", "P29_007": "1", "P29_008": "00", "P29_009": null }, "geometry": { "type": "Point", "coordinates": [ 130.189032094332902, 33.554642551759891 ] } },
{ "type": "Feature", "properties": { "P29_001": "40230", "P29_002": "C140223000058", "P29_003": "16002", "P29_004": "糸島市立福吉中学校", "P29_005": "福岡県糸島市二丈福井5918-1", "P29_006": "3", "P29_007": "1", "P29_008": "00", "P29_009": null }, "geometry": { "type": "Point", "coordinates": [ 130.085243911024179, 33.501612186417148 ] } },
{ "type": "Feature", "properties": { "P29_001": "40230", "P29_002": "C140223000067", "P29_003": "16002", "P29_004": "糸島市立志摩中学校", "P29_005": "福岡県糸島市志摩小金丸1836-1", "P29_006": "3", "P29_007": "1", "P29_008": "00", "P29_009": null }, "geometry": { "type": "Point", "coordinates": [ 130.145203860193135, 33.590567456308918 ] } },
{ "type": "Feature", "properties": { "P29_001": "40231", "P29_002": "C140223100011", "P29_003": "16002", "P29_004": "那珂川中学校", "P29_005": "福岡県那珂川市仲3-19-1", "P29_006": "3", "P29_007": "1", "P29_008": "00", "P29_009": null }, "geometry": { "type": "Point", "coordinates": [ 130.424063534046013, 33.508283577387509 ] } },
{ "type": "Feature", "properties": { "P29_001": "40231", "P29_002": "C140223100020", "P29_003": "16002", "P29_004": "那珂川中学校後野分校", "P29_005": "福岡県那珂川市後野279-2", "P29_006": "3", "P29_007": "1", "P29_008": "00", "P29_009": null }, "geometry": { "type": "Point", "coordinates": [ 130.415331432721814, 33.511948492562233 ] } },
{ "type": "Feature", "properties": { "P29_001": "40231", "P29_002": "C140223100039", "P29_003": "16002", "P29_004": "那珂川南中学校", "P29_005": "福岡県那珂川市上梶原1-2-1", "P29_006": "3", "P29_007": "1", "P29_008": "00", "P29_009": null }, "geometry": { "type": "Point", "coordinates": [ 130.433799099923419, 33.494767987226666 ] } },
{ "type": "Feature", "properties": { "P29_001": "40231", "P29_002": "C140223100048", "P29_003": "16002", "P29_004": "那珂川北中学校", "P29_005": "福岡県那珂川市片縄西3-26-1", "P29_006": "3", "P29_007": "1", "P29_008": "00", "P29_009": null }, "geometry": { "type": "Point", "coordinates": [ 130.411739510785651, 33.512496330106394 ] } },
{ "type": "Feature", "properties": { "P29_001": "40341", "P29_002": "C140234100018", "P29_003": "16002", "P29_004": "宇美町立宇美中学校", "P29_005": "福岡県糟屋郡宇美町宇美5-4-1", "P29_006": "3", "P29_007": "1", "P29_008": "00", "P29_009": null }, "geometry": { "type": "Point", "coordinates": [ 130.511371889989107, 33.565642617984309 ] } },
{ "type": "Feature", "properties": { "P29_001": "40341", "P29_002": "C140234100027", "P29_003": "16002", "P29_004": "宇美町立宇美東中学校", "P29_005": "福岡県糟屋郡宇美町若草2-1-1", "P29_006": "3", "P29_007": "1", "P29_008": "00", "P29_009": null }, "geometry": { "type": "Point", "coordinates": [ 130.524924398018726, 33.568023952796565 ] } },
{ "type": "Feature", "properties": { "P29_001": "40341", "P29_002": "C140234100036", "P29_003": "16002", "P29_004": "宇美町立宇美南中学校", "P29_005": "福岡県糟屋郡宇美町ゆりが丘1-1-1", "P29_006": "3", "P29_007": "1", "P29_008": "00", "P29_009": null }, "geometry": { "type": "Point", "coordinates": [ 130.526796862386249, 33.557916276280288 ] } },
{ "type": "Feature", "properties": { "P29_001": "40342", "P29_002": "C140234200017", "P29_003": "16002", "P29_004": "篠栗町立篠栗中学校", "P29_005": "福岡県糟屋郡篠栗町大字篠栗4727", "P29_006": "3", "P29_007": "1", "P29_008": "00", "P29_009": null }, "geometry": { "type": "Point", "coordinates": [ 130.529184456339692, 33.622668139285551 ] } },
{ "type": "Feature", "properties": { "P29_001": "40342", "P29_002": "C140234200026", "P29_003": "16002", "P29_004": "篠栗町立篠栗北中学校", "P29_005": "福岡県糟屋郡篠栗町大字津波黒498", "P29_006": "3", "P29_007": "1", "P29_008": "00", "P29_009": null }, "geometry": { "type": "Point", "coordinates": [ 130.513776240520116, 33.630874368581523 ] } },
{ "type": "Feature", "properties": { "P29_001": "40343", "P29_002": "C140234300016", "P29_003": "16002", "P29_004": "志免町立志免中学校", "P29_005": "福岡県糟屋郡志免町片峰4-3-1", "P29_006": "3", "P29_007": "1", "P29_008": "00", "P29_009": null }, "geometry": { "type": "Point", "coordinates": [ 130.473159737231015, 33.589317250248833 ] } },
{ "type": "Feature", "properties": { "P29_001": "40343", "P29_002": "C140234300025", "P29_003": "16002", "P29_004": "志免町立志免東中学校", "P29_005": "福岡県糟屋郡志免町志免東4-4-1", "P29_006": "3", "P29_007": "1", "P29_008": "00", "P29_009": null }, "geometry": { "type": "Point", "coordinates": [ 130.494293089746776, 33.58229962887674 ] } },
{ "type": "Feature", "properties": { "P29_001": "40344", "P29_002": "C140234400015", "P29_003": "16002", "P29_004": "須恵町立須恵中学校", "P29_005": "福岡県糟屋郡須恵町大字上須恵1167-1", "P29_006": "3", "P29_007": "1", "P29_008": "00", "P29_009": null }, "geometry": { "type": "Point", "coordinates": [ 130.510972610813923, 33.586028654336971 ] } },
{ "type": "Feature", "properties": { "P29_001": "40344", "P29_002": "C140234400024", "P29_003": "16002", "P29_004": "須恵町立須恵東中学校", "P29_005": "福岡県糟屋郡須恵町大字植木1-20", "P29_006": "3", "P29_007": "1", "P29_008": "00", "P29_009": null }, "geometry": { "type": "Point", "coordinates": [ 130.511364666985259, 33.602224837105908 ] } },
{ "type": "Feature", "properties": { "P29_001": "40345", "P29_002": "C140234500014", "P29_003": "16002", "P29_004": "新宮町立新宮中学校", "P29_005": "福岡県糟屋郡新宮町下府2-1-1", "P29_006": "3", "P29_007": "1", "P29_008": "00", "P29_009": null }, "geometry": { "type": "Point", "coordinates": [ 130.444193791986436, 33.710322091957629 ] } },
{ "type": "Feature", "properties": { "P29_001": "40345", "P29_002": "C140234500023", "P29_003": "16002", "P29_004": "新宮町立新宮中学校相島分校", "P29_005": "福岡県糟屋郡新宮町相島735", "P29_006": "3", "P29_007": "1", "P29_008": "00", "P29_009": null }, "geometry": { "type": "Point", "coordinates": [ 130.367349339830099, 33.761672383321105 ] } },
{ "type": "Feature", "properties": { "P29_001": "40345", "P29_002": "C140234500032", "P29_003": "16002", "P29_004": "新宮東中学校", "P29_005": "福岡県糟屋郡新宮町大字三代1028", "P29_006": "3", "P29_007": "1", "P29_008": "00", "P29_009": null }, "geometry": { "type": "Point", "coordinates": [ 130.456281306080655, 33.701654250333092 ] } },
{ "type": "Feature", "properties": { "P29_001": "40348", "P29_002": "C140234800011", "P29_003": "16002", "P29_004": "久山町立久山中学校", "P29_005": "福岡県糟屋郡久山町大字久原3553-3", "P29_006": "3", "P29_007": "1", "P29_008": "00", "P29_009": null }, "geometry": { "type": "Point", "coordinates": [ 130.499868123991632, 33.652567805993037 ] } },
{ "type": "Feature", "properties": { "P29_001": "40349", "P29_002": "C140234900010", "P29_003": "16002", "P29_004": "粕屋町立粕屋中学校", "P29_005": "福岡県糟屋郡粕屋町仲原1707", "P29_006": "3", "P29_007": "1", "P29_008": "00", "P29_009": null }, "geometry": { "type": "Point", "coordinates": [ 130.467178215068884, 33.602884076226069 ] } },
{ "type": "Feature", "properties": { "P29_001": "40349", "P29_002": "C140234900029", "P29_003": "16002", "P29_004": "粕屋町立粕屋東中学校", "P29_005": "福岡県糟屋郡粕屋町大字江辻430", "P29_006": "3", "P29_007": "1", "P29_008": "00", "P29_009": null }, "geometry": { "type": "Point", "coordinates": [ 130.478628592827334, 33.623311186854281 ] } },
{ "type": "Feature", "properties": { "P29_001": "40381", "P29_002": "C140238100019", "P29_003": "16002", "P29_004": "芦屋町立芦屋中学校", "P29_005": "福岡県遠賀郡芦屋町中ノ浜10-74", "P29_006": "3", "P29_007": "1", "P29_008": "00", "P29_009": null }, "geometry": { "type": "Point", "coordinates": [ 130.665849049650802, 33.892356706182348 ] } },
{ "type": "Feature", "properties": { "P29_001": "40382", "P29_002": "C140238200018", "P29_003": "16002", "P29_004": "水巻町立水巻中学校", "P29_005": "福岡県遠賀郡水巻町中央17-1", "P29_006": "3", "P29_007": "1", "P29_008": "00", "P29_009": null }, "geometry": { "type": "Point", "coordinates": [ 130.694006648944082, 33.864273284500868 ] } },
{ "type": "Feature", "properties": { "P29_001": "40382", "P29_002": "C140238200027", "P29_003": "16002", "P29_004": "水巻町立水巻南中学校", "P29_005": "福岡県遠賀郡水巻町下二東3-14-1", "P29_006": "3", "P29_007": "1", "P29_008": "00", "P29_009": null }, "geometry": { "type": "Point", "coordinates": [ 130.699125122410521, 33.843861825383946 ] } },
{ "type": "Feature", "properties": { "P29_001": "40383", "P29_002": "C140238300017", "P29_003": "16002", "P29_004": "岡垣町立岡垣中学校", "P29_005": "福岡県遠賀郡岡垣町野間3-1-1", "P29_006": "3", "P29_007": "1", "P29_008": "00", "P29_009": null }, "geometry": { "type": "Point", "coordinates": [ 130.612522632527572, 33.854651086968488 ] } },
{ "type": "Feature", "properties": { "P29_001": "40383", "P29_002": "C140238300026", "P29_003": "16002", "P29_004": "岡垣町立岡垣東中学校", "P29_005": "福岡県遠賀郡岡垣町山田峠2-5-1", "P29_006": "3", "P29_007": "1", "P29_008": "00", "P29_009": null }, "geometry": { "type": "Point", "coordinates": [ 130.635514580526603, 33.852791046499206 ] } },
{ "type": "Feature", "properties": { "P29_001": "40421", "P29_002": "C140242100011", "P29_003": "16002", "P29_004": "桂川町立桂川中学校", "P29_005": "福岡県嘉穂郡桂川町土居524", "P29_006": "3", "P29_007": "1", "P29_008": "00", "P29_009": null }, "geometry": { "type": "Point", "coordinates": [ 130.67644914645706, 33.57870968889339 ] } },
{ "type": "Feature", "properties": { "P29_001": "40447", "P29_002": "C140244700011", "P29_003": "16002", "P29_004": "筑前町立三輪中学校", "P29_005": "福岡県朝倉郡筑前町久光1600", "P29_006": "3", "P29_007": "1", "P29_008": "00", "P29_009": null }, "geometry": { "type": "Point", "coordinates": [ 130.627830536716573, 33.436912691296726 ] } },
{ "type": "Feature", "properties": { "P29_001": "40448", "P29_002": "C140244800010", "P29_003": "16002", "P29_004": "東峰村立東峰中学校", "P29_005": "福岡県朝倉郡東峰村福井2296-4", "P29_006": "3", "P29_007": "1", "P29_008": "00", "P29_009": null }, "geometry": { "type": "Point", "coordinates": [ 130.866459797448044, 33.398640395871141 ] } },
{ "type": "Feature", "properties": { "P29_001": "40503", "P29_002": "C140250300012", "P29_003": "16002", "P29_004": "大刀洗町立大刀洗中学校", "P29_005": "福岡県三井郡大刀洗町本郷515", "P29_006": "3", "P29_007": "1", "P29_008": "00", "P29_009": null }, "geometry": { "type": "Point", "coordinates": [ 130.616855428004641, 33.378646978603953 ] } },
{ "type": "Feature", "properties": { "P29_001": "40522", "P29_002": "C140252200019", "P29_003": "16002", "P29_004": "大木町立大木中学校", "P29_005": "福岡県三潴郡大木町上八院1234", "P29_006": "3", "P29_007": "1", "P29_008": "00", "P29_009": null }, "geometry": { "type": "Point", "coordinates": [ 130.436642764867798, 33.214299897361464 ] } },
{ "type": "Feature", "properties": { "P29_001": "40602", "P29_002": "C140260200012", "P29_003": "16002", "P29_004": "添田町立添田中学校", "P29_005": "福岡県田川郡添田町大字添田1605", "P29_006": "3", "P29_007": "1", "P29_008": "00", "P29_009": null }, "geometry": { "type": "Point", "coordinates": [ 130.861469603644338, 33.569996683036614 ] } },
{ "type": "Feature", "properties": { "P29_001": "40604", "P29_002": "C140260400010", "P29_003": "16002", "P29_004": "糸田町立糸田中学校", "P29_005": "福岡県田川郡糸田町3349", "P29_006": "3", "P29_007": "1", "P29_008": "00", "P29_009": null }, "geometry": { "type": "Point", "coordinates": [ 130.782068538015068, 33.653748337205926 ] } },
{ "type": "Feature", "properties": { "P29_001": "40608", "P29_002": "C140260800016", "P29_003": "16002", "P29_004": "大任町立大任中学校", "P29_005": "福岡県田川郡大任町大字今任原30", "P29_006": "3", "P29_007": "1", "P29_008": "00", "P29_009": null }, "geometry": { "type": "Point", "coordinates": [ 130.85860352197821, 33.612087151970726 ] } },
{ "type": "Feature", "properties": { "P29_001": "40609", "P29_002": "C140260900015", "P29_003": "16002", "P29_004": "赤村立赤中学校", "P29_005": "福岡県田川郡赤村大字赤4577", "P29_006": "3", "P29_007": "1", "P29_008": "00", "P29_009": null }, "geometry": { "type": "Point", "coordinates": [ 130.875088983841806, 33.612037032185675 ] } },
{ "type": "Feature", "properties": { "P29_001": "40610", "P29_002": "C140261000012", "P29_003": "16002", "P29_004": "福智町立赤池中学校", "P29_005": "福岡県田川郡福智町市場336", "P29_006": "3", "P29_007": "1", "P29_008": "00", "P29_009": null }, "geometry": { "type": "Point", "coordinates": [ 130.764325255579308, 33.703969903066593 ] } },
{ "type": "Feature", "properties": { "P29_001": "40610", "P29_002": "C140261000021", "P29_003": "16002", "P29_004": "福智町立方城中学校", "P29_005": "福岡県田川郡福智町伊方3862", "P29_006": "3", "P29_007": "1", "P29_008": "00", "P29_009": null }, "geometry": { "type": "Point", "coordinates": [ 130.79415514043157, 33.680358758290964 ] } },
{ "type": "Feature", "properties": { "P29_001": "40621", "P29_002": "C140262100028", "P29_003": "16002", "P29_004": "苅田町立新津中学校", "P29_005": "福岡県京都郡苅田町新津1-6-1", "P29_006": "3", "P29_007": "1", "P29_008": "00", "P29_009": null }, "geometry": { "type": "Point", "coordinates": [ 130.976152977907873, 33.754028943891271 ] } },
{ "type": "Feature", "properties": { "P29_001": "40625", "P29_002": "C140262500015", "P29_003": "16002", "P29_004": "みやこ町立勝山中学校", "P29_005": "福岡県京都郡みやこ町勝山黒田1177", "P29_006": "3", "P29_007": "1", "P29_008": "00", "P29_009": null }, "geometry": { "type": "Point", "coordinates": [ 130.917320325637917, 33.701370472863999 ] } },
{ "type": "Feature", "properties": { "P29_001": "40625", "P29_002": "C140262500024", "P29_003": "16002", "P29_004": "みやこ町立豊津中学校", "P29_005": "福岡県京都郡みやこ町豊津429-2", "P29_006": "3", "P29_007": "1", "P29_008": "00", "P29_009": null }, "geometry": { "type": "Point", "coordinates": [ 130.973178443070225, 33.682992505572642 ] } },
{ "type": "Feature", "properties": { "P29_001": "40625", "P29_002": "C140262500033", "P29_003": "16002", "P29_004": "みやこ町立犀川中学校", "P29_005": "福岡県京都郡みやこ町犀川本庄763", "P29_006": "3", "P29_007": "1", "P29_008": "00", "P29_009": null }, "geometry": { "type": "Point", "coordinates": [ 130.943200995158577, 33.646236356282905 ] } },
{ "type": "Feature", "properties": { "P29_001": "40625", "P29_002": "C140262500042", "P29_003": "16002", "P29_004": "みやこ町立伊良原中学校", "P29_005": "福岡県京都郡みやこ町犀川上伊良原178-2", "P29_006": "3", "P29_007": "1", "P29_008": "00", "P29_009": null }, "geometry": { "type": "Point", "coordinates": [ 130.953186647978583, 33.562969332119543 ] } },
{ "type": "Feature", "properties": { "P29_001": "40646", "P29_002": "C140264600010", "P29_003": "16002", "P29_004": "上毛町立上毛中学校", "P29_005": "福岡県築上郡上毛町下唐原2141-1", "P29_006": "3", "P29_007": "1", "P29_008": "00", "P29_009": null }, "geometry": { "type": "Point", "coordinates": [ 131.164689275746355, 33.569471526331313 ] } },
{ "type": "Feature", "properties": { "P29_001": "40647", "P29_002": "C140264700019", "P29_003": "16002", "P29_004": "築上町立築城中学校", "P29_005": "福岡県築上郡築上町大字築城388", "P29_006": "3", "P29_007": "1", "P29_008": "00", "P29_009": null }, "geometry": { "type": "Point", "coordinates": [ 131.037845790386086, 33.667450110598125 ] } },
{ "type": "Feature", "properties": { "P29_001": "40105", "P29_002": "C140310000026", "P29_003": "16002", "P29_004": "明治学園中学校", "P29_005": "福岡県北九州市戸畑区仙水町5-1", "P29_006": "4", "P29_007": "1", "P29_008": "00", "P29_009": null }, "geometry": { "type": "Point", "coordinates": [ 130.839429328264202, 33.888873293931027 ] } },
{ "type": "Feature", "properties": { "P29_001": "40106", "P29_002": "C140310000035", "P29_003": "16002", "P29_004": "西南女学院中学校", "P29_005": "福岡県北九州市小倉北区上到津1-10-1", "P29_006": "4", "P29_007": "1", "P29_008": "00", "P29_009": null }, "geometry": { "type": "Point", "coordinates": [ 130.851741069143486, 33.879893526258797 ] } },
{ "type": "Feature", "properties": { "P29_001": "40106", "P29_002": "C140310000044", "P29_003": "16002", "P29_004": "照曜館中学校", "P29_005": "福岡県北九州市小倉北区清水4-10-1", "P29_006": "4", "P29_007": "1", "P29_008": "00", "P29_009": null }, "geometry": { "type": "Point", "coordinates": [ 130.85794424378966, 33.870890632280869 ] } },
{ "type": "Feature", "properties": { "P29_001": "40107", "P29_002": "C140310000062", "P29_003": "16002", "P29_004": "北九州子どもの村中学校", "P29_005": "福岡県北九州市小倉南区平尾台2-5-24", "P29_006": "4", "P29_007": "1", "P29_008": "00", "P29_009": null }, "geometry": { "type": "Point", "coordinates": [ 130.895708183413859, 33.757618186560947 ] } },
{ "type": "Feature", "properties": { "P29_001": "40108", "P29_002": "C140310000071", "P29_003": "16002", "P29_004": "九州国際大学付属中学校", "P29_005": "福岡県北九州市八幡東区枝光5-9-1", "P29_006": "4", "P29_007": "1", "P29_008": "00", "P29_009": null }, "geometry": { "type": "Point", "coordinates": [ 130.820782615475139, 33.881191999492017 ] } },
{ "type": "Feature", "properties": { "P29_001": "40109", "P29_002": "C140310000080", "P29_003": "16002", "P29_004": "折尾愛真中学校", "P29_005": "福岡県北九州市八幡西区堀川町12-10", "P29_006": "4", "P29_007": "1", "P29_008": "00", "P29_009": null }, "geometry": { "type": "Point", "coordinates": [ 130.711150484427804, 33.860364212141064 ] } },
{ "type": "Feature", "properties": { "P29_001": "40131", "P29_002": "C140313000011", "P29_003": "16002", "P29_004": "博多女子中学校", "P29_005": "福岡県福岡市東区馬出1-12-65", "P29_006": "4", "P29_007": "1", "P29_008": "00", "P29_009": null }, "geometry": { "type": "Point", "coordinates": [ 130.421705077775613, 33.608443880546382 ] } },
{ "type": "Feature", "properties": { "P29_001": "40132", "P29_002": "C140313000039", "P29_003": "16002", "P29_004": "東福岡自彊館中学校", "P29_005": "福岡県福岡市博多区東比恵2-24-1", "P29_006": "4", "P29_007": "1", "P29_008": "00", "P29_009": null }, "geometry": { "type": "Point", "coordinates": [ 130.430799258325749, 33.594349929906841 ] } },
{ "type": "Feature", "properties": { "P29_001": "40133", "P29_002": "C140313000066", "P29_003": "16002", "P29_004": "上智福岡中学校", "P29_005": "福岡県福岡市中央区輝国1-10-10", "P29_006": "4", "P29_007": "1", "P29_008": "00", "P29_009": null }, "geometry": { "type": "Point", "coordinates": [ 130.386441844129138, 33.571802062305075 ] } },
{ "type": "Feature", "properties": { "P29_001": "40134", "P29_002": "C140313000084", "P29_003": "16002", "P29_004": "福岡女学院中学校", "P29_005": "福岡県福岡市南区曰佐3-42-1", "P29_006": "4", "P29_007": "1", "P29_008": "00", "P29_009": null }, "geometry": { "type": "Point", "coordinates": [ 130.441273903202813, 33.534335169995011 ] } },
{ "type": "Feature", "properties": { "P29_001": "40135", "P29_002": "C140313000100", "P29_003": "16002", "P29_004": "福岡舞鶴誠和中学校", "P29_005": "福岡県福岡市西区北原2-17-42", "P29_006": "4", "P29_007": "1", "P29_008": "00", "P29_009": null }, "geometry": { "type": "Point", "coordinates": [ 130.2575174072322, 33.582505531823514 ] } },
{ "type": "Feature", "properties": { "P29_001": "40136", "P29_002": "C140313000119", "P29_003": "16002", "P29_004": "中村学園女子中学校", "P29_005": "福岡県福岡市城南区鳥飼7-10-38", "P29_006": "4", "P29_007": "1", "P29_008": "00", "P29_009": null }, "geometry": { "type": "Point", "coordinates": [ 130.364972183863301, 33.576146738853687 ] } },
{ "type": "Feature", "properties": { "P29_001": "40137", "P29_002": "C140313000128", "P29_003": "16002", "P29_004": "西南学院中学校", "P29_005": "福岡県福岡市早良区百道浜1-1-1", "P29_006": "4", "P29_007": "1", "P29_008": "00", "P29_009": null }, "geometry": { "type": "Point", "coordinates": [ 130.358759706315738, 33.589609674071632 ] } },
{ "type": "Feature", "properties": { "P29_001": "40202", "P29_002": "C140320200014", "P29_003": "16002", "P29_004": "明光学園中学校", "P29_005": "福岡県大牟田市倉永170", "P29_006": "4", "P29_007": "1", "P29_008": "00", "P29_009": null }, "geometry": { "type": "Point", "coordinates": [ 130.465690123803142, 33.074359842611656 ] } },
{ "type": "Feature", "properties": { "P29_001": "40202", "P29_002": "C140320200023", "P29_003": "16002", "P29_004": "大牟田中学校", "P29_005": "福岡県大牟田市大字田隈436-1", "P29_006": "4", "P29_007": "1", "P29_008": "00", "P29_009": null }, "geometry": { "type": "Point", "coordinates": [ 130.469201475970635, 33.053308834192009 ] } },
{ "type": "Feature", "properties": { "P29_001": "40203", "P29_002": "C140320300022", "P29_003": "16002", "P29_004": "久留米信愛中学校", "P29_005": "福岡県久留米市御井町2278-1", "P29_006": "4", "P29_007": "1", "P29_008": "00", "P29_009": null }, "geometry": { "type": "Point", "coordinates": [ 130.551081358885568, 33.297434026982323 ] } },
{ "type": "Feature", "properties": { "P29_001": "40203", "P29_002": "C140110000039", "P29_003": "16002", "P29_004": "福岡教育大学附属久留米中学校", "P29_005": "福岡県久留米市南1-3-1", "P29_006": "1", "P29_007": "1", "P29_008": "00", "P29_009": null }, "geometry": { "type": "Point", "coordinates": [ 130.515981646816613, 33.294459829464579 ] } },
{ "type": "Feature", "properties": { "P29_001": "40101", "P29_002": "C140210000082", "P29_003": "16002", "P29_004": "福岡県立門司学園中学校", "P29_005": "福岡県北九州市門司区猿喰1462-2", "P29_006": "2", "P29_007": "1", "P29_008": "00", "P29_009": null }, "geometry": { "type": "Point", "coordinates": [ 130.985036960959775, 33.89569368916856 ] } },
{ "type": "Feature", "properties": { "P29_001": "40103", "P29_002": "C140210000108", "P29_003": "16002", "P29_004": "北九州市立石峯中学校", "P29_005": "福岡県北九州市若松区今光1-12-8", "P29_006": "3", "P29_007": "1", "P29_008": "00", "P29_009": null }, "geometry": { "type": "Point", "coordinates": [ 130.776280120766813, 33.894056921735853 ] } },
{ "type": "Feature", "properties": { "P29_001": "40103", "P29_002": "C140210000126", "P29_003": "16002", "P29_004": "北九州市立高須中学校", "P29_005": "福岡県北九州市若松区高須北1-1-1", "P29_006": "3", "P29_007": "1", "P29_008": "00", "P29_009": null }, "geometry": { "type": "Point", "coordinates": [ 130.692655547293782, 33.893376442787932 ] } },
{ "type": "Feature", "properties": { "P29_001": "40106", "P29_002": "C140210000199", "P29_003": "16002", "P29_004": "北九州市立足立中学校", "P29_005": "福岡県北九州市小倉北区萩崎町3-1", "P29_006": "3", "P29_007": "1", "P29_008": "00", "P29_009": null }, "geometry": { "type": "Point", "coordinates": [ 130.885567095305134, 33.875623893419636 ] } },
{ "type": "Feature", "properties": { "P29_001": "40107", "P29_002": "C140210000322", "P29_003": "16002", "P29_004": "北九州市立東谷中学校", "P29_005": "福岡県北九州市小倉南区木下499-1", "P29_006": "3", "P29_007": "1", "P29_008": "00", "P29_009": null }, "geometry": { "type": "Point", "coordinates": [ 130.864792496186794, 33.777665315327212 ] } },
{ "type": "Feature", "properties": { "P29_001": "40107", "P29_002": "C140210000340", "P29_003": "16002", "P29_004": "北九州市立沼中学校", "P29_005": "福岡県北九州市小倉南区沼緑町1-1-1", "P29_006": "3", "P29_007": "1", "P29_008": "00", "P29_009": null }, "geometry": { "type": "Point", "coordinates": [ 130.932068311646105, 33.842706420486103 ] } },
{ "type": "Feature", "properties": { "P29_001": "40107", "P29_002": "C140210000402", "P29_003": "16002", "P29_004": "北九州市立田原中学校", "P29_005": "福岡県北九州市小倉南区田原5-1-1", "P29_006": "3", "P29_007": "1", "P29_008": "00", "P29_009": null }, "geometry": { "type": "Point", "coordinates": [ 130.929879109207775, 33.822879711308815 ] } },
{ "type": "Feature", "properties": { "P29_001": "40109", "P29_002": "C140210000545", "P29_003": "16002", "P29_004": "北九州市立本城中学校", "P29_005": "福岡県北九州市八幡西区本城東6-14-1", "P29_006": "3", "P29_007": "1", "P29_008": "00", "P29_009": null }, "geometry": { "type": "Point", "coordinates": [ 130.729153584780704, 33.873928533325426 ] } },
{ "type": "Feature", "properties": { "P29_001": "40109", "P29_002": "C140210000554", "P29_003": "16002", "P29_004": "北九州市立上津役中学校", "P29_005": "福岡県北九州市八幡西区上上津役3-12-1", "P29_006": "3", "P29_007": "1", "P29_008": "00", "P29_009": null }, "geometry": { "type": "Point", "coordinates": [ 130.755768952795734, 33.828994907427067 ] } },
{ "type": "Feature", "properties": { "P29_001": "40109", "P29_002": "C140210000572", "P29_003": "16002", "P29_004": "北九州市立木屋瀬中学校", "P29_005": "福岡県北九州市八幡西区大字野面1942-5", "P29_006": "3", "P29_007": "1", "P29_008": "00", "P29_009": null }, "geometry": { "type": "Point", "coordinates": [ 130.747765187324717, 33.780024091792207 ] } },
{ "type": "Feature", "properties": { "P29_001": "40131", "P29_002": "C140213000102", "P29_003": "16002", "P29_004": "福岡市立城香中学校", "P29_005": "福岡県福岡市東区香椎浜2-2-1", "P29_006": "3", "P29_007": "1", "P29_008": "00", "P29_009": null }, "geometry": { "type": "Point", "coordinates": [ 130.426127418350518, 33.653177079494363 ] } },
{ "type": "Feature", "properties": { "P29_001": "40131", "P29_002": "C140213000111", "P29_003": "16002", "P29_004": "福岡市立青葉中学校", "P29_005": "福岡県福岡市東区青葉3-7-1", "P29_006": "3", "P29_007": "1", "P29_008": "00", "P29_009": null }, "geometry": { "type": "Point", "coordinates": [ 130.460119481568455, 33.645423631808761 ] } },
{ "type": "Feature", "properties": { "P29_001": "40131", "P29_002": "C140213000120", "P29_003": "16002", "P29_004": "福岡市立松崎中学校", "P29_005": "福岡県福岡市東区松崎1-52-1", "P29_006": "3", "P29_007": "1", "P29_008": "00", "P29_009": null }, "geometry": { "type": "Point", "coordinates": [ 130.442693492746002, 33.637821775856253 ] } },
{ "type": "Feature", "properties": { "P29_001": "40132", "P29_002": "C140213000193", "P29_003": "16002", "P29_004": "福岡市立住吉中学校", "P29_005": "福岡県福岡市博多区美野島3-22-7", "P29_006": "3", "P29_007": "1", "P29_008": "00", "P29_009": null }, "geometry": { "type": "Point", "coordinates": [ 130.417514309349571, 33.576624322672117 ] } },
{ "type": "Feature", "properties": { "P29_001": "40132", "P29_002": "C140213000200", "P29_003": "16002", "P29_004": "福岡市立板付中学校", "P29_005": "福岡県福岡市博多区井相田2-1-20", "P29_006": "3", "P29_007": "1", "P29_008": "00", "P29_009": null }, "geometry": { "type": "Point", "coordinates": [ 130.462789936043066, 33.554793894748492 ] } },
{ "type": "Feature", "properties": { "P29_001": "40132", "P29_002": "C140213000219", "P29_003": "16002", "P29_004": "福岡市立三筑中学校", "P29_005": "福岡県福岡市博多区三筑1-10-1", "P29_006": "3", "P29_007": "1", "P29_008": "00", "P29_009": null }, "geometry": { "type": "Point", "coordinates": [ 130.454953224334389, 33.550845731248771 ] } },
{ "type": "Feature", "properties": { "P29_001": "40132", "P29_002": "C140213000255", "P29_003": "16002", "P29_004": "福岡市立博多中学校", "P29_005": "福岡県福岡市博多区対馬小路13-40", "P29_006": "3", "P29_007": "1", "P29_008": "00", "P29_009": null }, "geometry": { "type": "Point", "coordinates": [ 130.400951913410466, 33.59818686834209 ] } },
{ "type": "Feature", "properties": { "P29_001": "40133", "P29_002": "C140213000264", "P29_003": "16002", "P29_004": "福岡市立舞鶴中学校", "P29_005": "福岡県福岡市中央区舞鶴2-6-1", "P29_006": "3", "P29_007": "1", "P29_008": "00", "P29_009": null }, "geometry": { "type": "Point", "coordinates": [ 130.391466625173337, 33.593165923763117 ] } },
{ "type": "Feature", "properties": { "P29_001": "40133", "P29_002": "C140213000282", "P29_003": "16002", "P29_004": "福岡市立当仁中学校", "P29_005": "福岡県福岡市中央区福浜2-7-1", "P29_006": "3", "P29_007": "1", "P29_008": "00", "P29_009": null }, "geometry": { "type": "Point", "coordinates": [ 130.364482643757242, 33.597778355051275 ] } },
{ "type": "Feature", "properties": { "P29_001": "40133", "P29_002": "C140213000291", "P29_003": "16002", "P29_004": "福岡市立友泉中学校", "P29_005": "福岡県福岡市中央区笹丘1-22-1", "P29_006": "3", "P29_007": "1", "P29_008": "00", "P29_009": null }, "geometry": { "type": "Point", "coordinates": [ 130.37898858641438, 33.563710384370168 ] } },
{ "type": "Feature", "properties": { "P29_001": "40133", "P29_002": "C140213000308", "P29_003": "16002", "P29_004": "福岡市立平尾中学校", "P29_005": "福岡県福岡市中央区平和5-11-1", "P29_006": "3", "P29_007": "1", "P29_008": "00", "P29_009": null }, "geometry": { "type": "Point", "coordinates": [ 130.393805216209415, 33.565151823387936 ] } },
{ "type": "Feature", "properties": { "P29_001": "40134", "P29_002": "C140213000344", "P29_003": "16002", "P29_004": "福岡市立花畑中学校", "P29_005": "福岡県福岡市南区桧原2-21-1", "P29_006": "3", "P29_007": "1", "P29_008": "00", "P29_009": null }, "geometry": { "type": "Point", "coordinates": [ 130.397312269730065, 33.539599155993315 ] } },
{ "type": "Feature", "properties": { "P29_001": "40134", "P29_002": "C140213000371", "P29_003": "16002", "P29_004": "福岡市立長丘中学校", "P29_005": "福岡県福岡市南区長丘2-26-1", "P29_006": "3", "P29_007": "1", "P29_008": "00", "P29_009": null }, "geometry": { "type": "Point", "coordinates": [ 130.394708752824442, 33.55760212135764 ] } },
{ "type": "Feature", "properties": { "P29_001": "40134", "P29_002": "C140213000424", "P29_003": "16002", "P29_004": "福岡市立野間中学校", "P29_005": "福岡県福岡市南区筑紫丘2-2-1", "P29_006": "3", "P29_007": "1", "P29_008": "00", "P29_009": null }, "geometry": { "type": "Point", "coordinates": [ 130.417996073667723, 33.558513668633559 ] } },
{ "type": "Feature", "properties": { "P29_001": "40135", "P29_002": "C140213000433", "P29_003": "16002", "P29_004": "福岡市立姪浜中学校", "P29_005": "福岡県福岡市西区愛宕浜1-32-1", "P29_006": "3", "P29_007": "1", "P29_008": "00", "P29_009": null }, "geometry": { "type": "Point", "coordinates": [ 130.336129361867023, 33.59413364105913 ] } },
{ "type": "Feature", "properties": { "P29_001": "40135", "P29_002": "C140213000451", "P29_003": "16002", "P29_004": "福岡市立能古中学校", "P29_005": "福岡県福岡市西区能古357", "P29_006": "3", "P29_007": "1", "P29_008": "00", "P29_009": null }, "geometry": { "type": "Point", "coordinates": [ 130.307915169962882, 33.615355627667917 ] } },
{ "type": "Feature", "properties": { "P29_001": "40135", "P29_002": "C140213000488", "P29_003": "16002", "P29_004": "福岡市立小呂中学校", "P29_005": "福岡県福岡市西区大字小呂島285", "P29_006": "3", "P29_007": "1", "P29_008": "00", "P29_009": null }, "geometry": { "type": "Point", "coordinates": [ 130.035801599995438, 33.869590298612685 ] } },
{ "type": "Feature", "properties": { "P29_001": "40135", "P29_002": "C140213000497", "P29_003": "16002", "P29_004": "福岡市立玄界中学校", "P29_005": "福岡県福岡市西区大字玄界島239", "P29_006": "3", "P29_007": "1", "P29_008": "00", "P29_009": null }, "geometry": { "type": "Point", "coordinates": [ 130.23535963864984, 33.685495463522535 ] } },
{ "type": "Feature", "properties": { "P29_001": "40135", "P29_002": "C140213000512", "P29_003": "16002", "P29_004": "福岡市立西陵中学校", "P29_005": "福岡県福岡市西区生の松原3-9-1", "P29_006": "3", "P29_007": "1", "P29_008": "00", "P29_009": null }, "geometry": { "type": "Point", "coordinates": [ 130.29770612380679, 33.575460833666654 ] } },
{ "type": "Feature", "properties": { "P29_001": "40136", "P29_002": "C140213000558", "P29_003": "16002", "P29_004": "福岡市立城西中学校", "P29_005": "福岡県福岡市城南区鳥飼6-4-1", "P29_006": "3", "P29_007": "1", "P29_008": "00", "P29_009": null }, "geometry": { "type": "Point", "coordinates": [ 130.367149833017749, 33.576937608566503 ] } },
{ "type": "Feature", "properties": { "P29_001": "40137", "P29_002": "C140213000629", "P29_003": "16002", "P29_004": "福岡市立高取中学校", "P29_005": "福岡県福岡市早良区原3-3-1", "P29_006": "3", "P29_007": "1", "P29_008": "00", "P29_009": null }, "geometry": { "type": "Point", "coordinates": [ 130.344944117154796, 33.572882842529829 ] } },
{ "type": "Feature", "properties": { "P29_001": "40137", "P29_002": "C140213000656", "P29_003": "16002", "P29_004": "福岡市立原北中学校", "P29_005": "福岡県福岡市早良区小田部7-11-1", "P29_006": "3", "P29_007": "1", "P29_008": "00", "P29_009": null }, "geometry": { "type": "Point", "coordinates": [ 130.332004084545929, 33.571907277799568 ] } },
{ "type": "Feature", "properties": { "P29_001": "40137", "P29_002": "C140213000709", "P29_003": "16002", "P29_004": "福岡市立きぼう中学校", "P29_005": "福岡県福岡市早良区百道3-10-1", "P29_006": "3", "P29_007": "1", "P29_008": "00", "P29_009": null }, "geometry": { "type": "Point", "coordinates": [ 130.345749058468385, 33.584664541164784 ] } },
{ "type": "Feature", "properties": { "P29_001": "40202", "P29_002": "C140220200061", "P29_003": "16002", "P29_004": "大牟田市立甘木中学校", "P29_005": "福岡県大牟田市大字甘木613-1", "P29_006": "3", "P29_007": "1", "P29_008": "00", "P29_009": null }, "geometry": { "type": "Point", "coordinates": [ 130.464900234709035, 33.065630309508755 ] } },
{ "type": "Feature", "properties": { "P29_001": "40203", "P29_002": "C140220300033", "P29_003": "16002", "P29_004": "久留米市立櫛原中学校", "P29_005": "福岡県久留米市東櫛原町1286-1", "P29_006": "3", "P29_007": "1", "P29_008": "00", "P29_009": null }, "geometry": { "type": "Point", "coordinates": [ 130.520887838421373, 33.321788938821925 ] } },
{ "type": "Feature", "properties": { "P29_001": "40203", "P29_002": "C140220300042", "P29_003": "16002", "P29_004": "久留米市立牟田山中学校", "P29_005": "福岡県久留米市南2-16-2", "P29_006": "3", "P29_007": "1", "P29_008": "00", "P29_009": null }, "geometry": { "type": "Point", "coordinates": [ 130.525416083707057, 33.294872545269222 ] } },
{ "type": "Feature", "properties": { "P29_001": "40203", "P29_002": "C140220300051", "P29_003": "16002", "P29_004": "久留米市立諏訪中学校", "P29_005": "福岡県久留米市東町250-1", "P29_006": "3", "P29_007": "1", "P29_008": "00", "P29_009": null }, "geometry": { "type": "Point", "coordinates": [ 130.520744046910409, 33.308494930060476 ] } },
{ "type": "Feature", "properties": { "P29_001": "40203", "P29_002": "C140220300060", "P29_003": "16002", "P29_004": "久留米市立良山中学校", "P29_005": "福岡県久留米市山川町37-2", "P29_006": "3", "P29_007": "1", "P29_008": "00", "P29_009": null }, "geometry": { "type": "Point", "coordinates": [ 130.556960953177708, 33.309208765771928 ] } },
{ "type": "Feature", "properties": { "P29_001": "40203", "P29_002": "C140220300088", "P29_003": "16002", "P29_004": "久留米市立宮ノ陣中学校", "P29_005": "福岡県久留米市宮ノ陣町五郎丸1551-1", "P29_006": "3", "P29_007": "1", "P29_008": "00", "P29_009": null }, "geometry": { "type": "Point", "coordinates": [ 130.544069560246982, 33.336649359225369 ] } },
{ "type": "Feature", "properties": { "P29_001": "40203", "P29_002": "C140220300097", "P29_003": "16002", "P29_004": "久留米市立荒木中学校", "P29_005": "福岡県久留米市荒木町荒木1918-1", "P29_006": "3", "P29_007": "1", "P29_008": "00", "P29_009": null }, "geometry": { "type": "Point", "coordinates": [ 130.508762958029223, 33.264193386514712 ] } },
{ "type": "Feature", "properties": { "P29_001": "40203", "P29_002": "C140220300104", "P29_003": "16002", "P29_004": "久留米市立筑邦西中学校", "P29_005": "福岡県久留米市大善寺町宮本385-1", "P29_006": "3", "P29_007": "1", "P29_008": "00", "P29_009": null }, "geometry": { "type": "Point", "coordinates": [ 130.478402357496861, 33.281587695991405 ] } },
{ "type": "Feature", "properties": { "P29_001": "40203", "P29_002": "C140220300131", "P29_003": "16002", "P29_004": "久留米市立高牟礼中学校", "P29_005": "福岡県久留米市高良内町3361", "P29_006": "3", "P29_007": "1", "P29_008": "00", "P29_009": null }, "geometry": { "type": "Point", "coordinates": [ 130.559667653600314, 33.289012969114104 ] } },
{ "type": "Feature", "properties": { "P29_001": "40204", "P29_002": "C140220400023", "P29_003": "16002", "P29_004": "直方市立直方第二中学校", "P29_005": "福岡県直方市大字頓野4082", "P29_006": "3", "P29_007": "1", "P29_008": "00", "P29_009": null }, "geometry": { "type": "Point", "coordinates": [ 130.737743965468212, 33.753128589868282 ] } },
{ "type": "Feature", "properties": { "P29_001": "40204", "P29_002": "C140220400041", "P29_003": "16002", "P29_004": "直方市立植木中学校", "P29_005": "福岡県直方市大字植木261-2", "P29_006": "3", "P29_007": "1", "P29_008": "00", "P29_009": null }, "geometry": { "type": "Point", "coordinates": [ 130.707724569792646, 33.767258382687658 ] } },
{ "type": "Feature", "properties": { "P29_001": "40205", "P29_002": "C140220500013", "P29_003": "16002", "P29_004": "飯塚市立飯塚第一中学校", "P29_005": "福岡県飯塚市新立岩16-18", "P29_006": "3", "P29_007": "1", "P29_008": "00", "P29_009": null }, "geometry": { "type": "Point", "coordinates": [ 130.688191403945439, 33.647606993177384 ] } },
{ "type": "Feature", "properties": { "P29_001": "40205", "P29_002": "C140220500022", "P29_003": "16002", "P29_004": "飯塚市立飯塚第二中学校", "P29_005": "福岡県飯塚市柏の森483", "P29_006": "3", "P29_007": "1", "P29_008": "00", "P29_009": null }, "geometry": { "type": "Point", "coordinates": [ 130.70022195429587, 33.636176091688505 ] } },
{ "type": "Feature", "properties": { "P29_001": "40205", "P29_002": "C140220500077", "P29_003": "16002", "P29_004": "飯塚市立頴田中学校", "P29_005": "福岡県飯塚市鹿毛馬1667-2", "P29_006": "3", "P29_007": "1", "P29_008": "00", "P29_009": null }, "geometry": { "type": "Point", "coordinates": [ 130.728305181948969, 33.683676617891344 ] } },
{ "type": "Feature", "properties": { "P29_001": "40205", "P29_002": "C140220500086", "P29_003": "16002", "P29_004": "飯塚市立穂波東中学校", "P29_005": "福岡県飯塚市平恒1021-1", "P29_006": "3", "P29_007": "1", "P29_008": "00", "P29_009": null }, "geometry": { "type": "Point", "coordinates": [ 130.683911541419832, 33.610974389554549 ] } },
{ "type": "Feature", "properties": { "P29_001": "40205", "P29_002": "C140220500095", "P29_003": "16002", "P29_004": "飯塚市立穂波西中学校", "P29_005": "福岡県飯塚市椿250-1", "P29_006": "3", "P29_007": "1", "P29_008": "00", "P29_009": null }, "geometry": { "type": "Point", "coordinates": [ 130.661095667847661, 33.61617797783083 ] } },
{ "type": "Feature", "properties": { "P29_001": "40205", "P29_002": "C140220500111", "P29_003": "16002", "P29_004": "福岡県立嘉穂高等学校附属中学校", "P29_005": "福岡県飯塚市潤野8-12", "P29_006": "2", "P29_007": "1", "P29_008": "00", "P29_009": null }, "geometry": { "type": "Point", "coordinates": [ 130.664163093186431, 33.631517120382895 ] } },
{ "type": "Feature", "properties": { "P29_001": "40206", "P29_002": "C140220600012", "P29_003": "16002", "P29_004": "田川市立猪位金中学校", "P29_005": "福岡県田川市大字位登509", "P29_006": "3", "P29_007": "1", "P29_008": "00", "P29_009": null }, "geometry": { "type": "Point", "coordinates": [ 130.792762037317544, 33.604896193521604 ] } },
{ "type": "Feature", "properties": { "P29_001": "40206", "P29_002": "C140220600094", "P29_003": "16002", "P29_004": "田川市立田川東中学校", "P29_005": "福岡県田川市大字夏吉197-1", "P29_006": "3", "P29_007": "1", "P29_008": "00", "P29_009": null }, "geometry": { "type": "Point", "coordinates": [ 130.826891838722361, 33.652721590970124 ] } },
{ "type": "Feature", "properties": { "P29_001": "40206", "P29_002": "C140220600101", "P29_003": "16002", "P29_004": "田川市立田川西中学校", "P29_005": "福岡県田川市大黒町11-6", "P29_006": "3", "P29_007": "1", "P29_008": "00", "P29_009": null }, "geometry": { "type": "Point", "coordinates": [ 130.794266787168652, 33.628594902516696 ] } },
{ "type": "Feature", "properties": { "P29_001": "40207", "P29_002": "C140220700057", "P29_003": "16002", "P29_004": "柳川市立大和中学校", "P29_005": "福岡県柳川市大和町鷹ノ尾1", "P29_006": "3", "P29_007": "1", "P29_008": "00", "P29_009": null }, "geometry": { "type": "Point", "coordinates": [ 130.432188212575284, 33.13545534313478 ] } },
{ "type": "Feature", "properties": { "P29_001": "40210", "P29_002": "C140221000043", "P29_003": "16002", "P29_004": "八女市立西中学校", "P29_005": "福岡県八女市前古賀132", "P29_006": "3", "P29_007": "1", "P29_008": "00", "P29_009": null }, "geometry": { "type": "Point", "coordinates": [ 130.534265635798533, 33.207130801460615 ] } },
{ "type": "Feature", "properties": { "P29_001": "40211", "P29_002": "C140221100024", "P29_003": "16002", "P29_004": "筑後市立筑後北中学校", "P29_005": "福岡県筑後市蔵数724", "P29_006": "3", "P29_007": "1", "P29_008": "00", "P29_009": null }, "geometry": { "type": "Point", "coordinates": [ 130.494092589996882, 33.232953070221704 ] } },
{ "type": "Feature", "properties": { "P29_001": "40214", "P29_002": "C140221400021", "P29_003": "16002", "P29_004": "豊前市立角田中学校", "P29_005": "福岡県豊前市中村392", "P29_006": "3", "P29_007": "1", "P29_008": "00", "P29_009": null }, "geometry": { "type": "Point", "coordinates": [ 131.086283545570353, 33.626151822286367 ] } },
{ "type": "Feature", "properties": { "P29_001": "40216", "P29_002": "C140221600047", "P29_003": "16002", "P29_004": "小郡市立小郡中学校", "P29_005": "福岡県小郡市寺福童668", "P29_006": "3", "P29_007": "1", "P29_008": "00", "P29_009": null }, "geometry": { "type": "Point", "coordinates": [ 130.545161778008804, 33.38514216039556 ] } },
{ "type": "Feature", "properties": { "P29_001": "40216", "P29_002": "C140221600056", "P29_003": "16002", "P29_004": "小郡市立三国中学校", "P29_005": "福岡県小郡市美鈴が丘5-15-1", "P29_006": "3", "P29_007": "1", "P29_008": "00", "P29_009": null }, "geometry": { "type": "Point", "coordinates": [ 130.551427966251509, 33.434955748191534 ] } },
{ "type": "Feature", "properties": { "P29_001": "40217", "P29_002": "C140221700055", "P29_003": "16002", "P29_004": "筑紫野市立筑紫野南中学校", "P29_005": "福岡県筑紫野市美しが丘南5-9-2", "P29_006": "3", "P29_007": "1", "P29_008": "00", "P29_009": null }, "geometry": { "type": "Point", "coordinates": [ 130.5441902665344, 33.444494043847946 ] } },
{ "type": "Feature", "properties": { "P29_001": "40218", "P29_002": "C140221800018", "P29_003": "16002", "P29_004": "春日市立春日野中学校", "P29_005": "福岡県春日市春日公園5-19", "P29_006": "3", "P29_007": "1", "P29_008": "00", "P29_009": null }, "geometry": { "type": "Point", "coordinates": [ 130.47384019981439, 33.523368193503657 ] } },
{ "type": "Feature", "properties": { "P29_001": "40218", "P29_002": "C140221800054", "P29_003": "16002", "P29_004": "春日市立春日南中学校", "P29_005": "福岡県春日市大土居3-11-1", "P29_006": "3", "P29_007": "1", "P29_008": "00", "P29_009": null }, "geometry": { "type": "Point", "coordinates": [ 130.457440099125137, 33.511782942278259 ] } },
{ "type": "Feature", "properties": { "P29_001": "40220", "P29_002": "C140222000023", "P29_003": "16002", "P29_004": "宗像市立中央中学校", "P29_005": "福岡県宗像市久原244", "P29_006": "3", "P29_007": "1", "P29_008": "00", "P29_009": null }, "geometry": { "type": "Point", "coordinates": [ 130.545971951080162, 33.796714453530733 ] } },
{ "type": "Feature", "properties": { "P29_001": "40223", "P29_002": "C140222300039", "P29_003": "16002", "P29_004": "古賀市立古賀東中学校", "P29_005": "福岡県古賀市筵内564-1", "P29_006": "3", "P29_007": "1", "P29_008": "00", "P29_009": null }, "geometry": { "type": "Point", "coordinates": [ 130.496117717783818, 33.726329550138381 ] } },
{ "type": "Feature", "properties": { "P29_001": "40224", "P29_002": "C140222400029", "P29_003": "16002", "P29_004": "福津市立福間東中学校", "P29_005": "福岡県福津市津丸663", "P29_006": "3", "P29_007": "1", "P29_008": "00", "P29_009": null }, "geometry": { "type": "Point", "coordinates": [ 130.512054141645933, 33.764112339477506 ] } },
{ "type": "Feature", "properties": { "P29_001": "40226", "P29_002": "C140222600018", "P29_003": "16002", "P29_004": "宮若市立宮若東中学校", "P29_005": "福岡県宮若市宮田3410-2", "P29_006": "3", "P29_007": "1", "P29_008": "00", "P29_009": null }, "geometry": { "type": "Point", "coordinates": [ 130.656449342889061, 33.721255055680253 ] } },
{ "type": "Feature", "properties": { "P29_001": "40228", "P29_002": "C140222800034", "P29_003": "16002", "P29_004": "朝倉市立秋月中学校", "P29_005": "福岡県朝倉市秋月野鳥663", "P29_006": "3", "P29_007": "1", "P29_008": "00", "P29_009": null }, "geometry": { "type": "Point", "coordinates": [ 130.695263639664034, 33.466782704989946 ] } },
{ "type": "Feature", "properties": { "P29_001": "40229", "P29_002": "C140222900033", "P29_003": "16002", "P29_004": "みやま市立東山中学校", "P29_005": "福岡県みやま市瀬高町長田3360", "P29_006": "3", "P29_007": "1", "P29_008": "00", "P29_009": null }, "geometry": { "type": "Point", "coordinates": [ 130.509199240146529, 33.171143522055779 ] } },
{ "type": "Feature", "properties": { "P29_001": "40230", "P29_002": "C140223000021", "P29_003": "16002", "P29_004": "糸島市立前原東中学校", "P29_005": "福岡県糸島市大字井田658", "P29_006": "3", "P29_007": "1", "P29_008": "00", "P29_009": null }, "geometry": { "type": "Point", "coordinates": [ 130.230384414156902, 33.546959123528552 ] } },
{ "type": "Feature", "properties": { "P29_001": "40230", "P29_002": "C140223000049", "P29_003": "16002", "P29_004": "糸島市立二丈中学校", "P29_005": "福岡県糸島市二丈深江1339-1", "P29_006": "3", "P29_007": "1", "P29_008": "00", "P29_009": null }, "geometry": { "type": "Point", "coordinates": [ 130.144246598291886, 33.517556074902302 ] } },
{ "type": "Feature", "properties": { "P29_001": "40230", "P29_002": "C140223000076", "P29_003": "16002", "P29_004": "糸島市立志摩中学校姫島分校", "P29_005": "福岡県糸島市志摩姫島976-3", "P29_006": "3", "P29_007": "1", "P29_008": "00", "P29_009": null }, "geometry": { "type": "Point", "coordinates": [ 130.046014644080969, 33.569040197453653 ] } },
{ "type": "Feature", "properties": { "P29_001": "40384", "P29_002": "C140238400016", "P29_003": "16002", "P29_004": "遠賀町立遠賀中学校", "P29_005": "福岡県遠賀郡遠賀町大字別府200", "P29_006": "3", "P29_007": "1", "P29_008": "00", "P29_009": null }, "geometry": { "type": "Point", "coordinates": [ 130.656102639385523, 33.847546914619372 ] } },
{ "type": "Feature", "properties": { "P29_001": "40384", "P29_002": "C140238400025", "P29_003": "16002", "P29_004": "遠賀町立遠賀南中学校", "P29_005": "福岡県遠賀郡遠賀町大字上別府652", "P29_006": "3", "P29_007": "1", "P29_008": "00", "P29_009": null }, "geometry": { "type": "Point", "coordinates": [ 130.661498113458322, 33.833520833125469 ] } },
{ "type": "Feature", "properties": { "P29_001": "40401", "P29_002": "C140240100015", "P29_003": "16002", "P29_004": "小竹町立小竹中学校", "P29_005": "福岡県鞍手郡小竹町大字御徳656", "P29_006": "3", "P29_007": "1", "P29_008": "00", "P29_009": null }, "geometry": { "type": "Point", "coordinates": [ 130.711533409987311, 33.704698909914065 ] } },
{ "type": "Feature", "properties": { "P29_001": "40402", "P29_002": "C140240200014", "P29_003": "16002", "P29_004": "鞍手町立鞍手中学校", "P29_005": "福岡県鞍手郡鞍手町大字小牧2122-1", "P29_006": "3", "P29_007": "1", "P29_008": "00", "P29_009": null }, "geometry": { "type": "Point", "coordinates": [ 130.695850287754837, 33.78879829009459 ] } },
{ "type": "Feature", "properties": { "P29_001": "40447", "P29_002": "C140244700020", "P29_003": "16002", "P29_004": "筑前町立夜須中学校", "P29_005": "福岡県朝倉郡筑前町東小田3539-1", "P29_006": "3", "P29_007": "1", "P29_008": "00", "P29_009": null }, "geometry": { "type": "Point", "coordinates": [ 130.591176796924032, 33.456044751239773 ] } },
{ "type": "Feature", "properties": { "P29_001": "40544", "P29_002": "C140254400013", "P29_003": "16002", "P29_004": "広川町立広川中学校", "P29_005": "福岡県八女郡広川町久泉837", "P29_006": "3", "P29_007": "1", "P29_008": "00", "P29_009": null }, "geometry": { "type": "Point", "coordinates": [ 130.556982478439124, 33.245048253856872 ] } },
{ "type": "Feature", "properties": { "P29_001": "40605", "P29_002": "C140260500019", "P29_003": "16002", "P29_004": "川崎中学校", "P29_005": "福岡県田川郡川崎町川崎3670", "P29_006": "3", "P29_007": "1", "P29_008": "00", "P29_009": null }, "geometry": { "type": "Point", "coordinates": [ 130.805093994361812, 33.589586832537137 ] } },
{ "type": "Feature", "properties": { "P29_001": "40621", "P29_002": "C140262100019", "P29_003": "16002", "P29_004": "苅田町立苅田中学校", "P29_005": "福岡県京都郡苅田町提2975-1", "P29_006": "3", "P29_007": "1", "P29_008": "00", "P29_009": null }, "geometry": { "type": "Point", "coordinates": [ 130.975033566307843, 33.787738558963326 ] } },
{ "type": "Feature", "properties": { "P29_001": "40625", "P29_002": "C140262500051", "P29_003": "16002", "P29_004": "福岡県立育徳館中学校", "P29_005": "福岡県京都郡みやこ町豊津973", "P29_006": "2", "P29_007": "1", "P29_008": "00", "P29_009": null }, "geometry": { "type": "Point", "coordinates": [ 130.975794556674458, 33.671746866359058 ] } },
{ "type": "Feature", "properties": { "P29_001": "40642", "P29_002": "C140264200014", "P29_003": "16002", "P29_004": "吉富町外一市中学校組合立吉富中学校", "P29_005": "福岡県築上郡吉富町直江612", "P29_006": "3", "P29_007": "1", "P29_008": "00", "P29_009": null }, "geometry": { "type": "Point", "coordinates": [ 131.165243103523864, 33.609213976698484 ] } },
{ "type": "Feature", "properties": { "P29_001": "40647", "P29_002": "C140264700028", "P29_003": "16002", "P29_004": "築上町立椎田中学校", "P29_005": "福岡県築上郡築上町高塚158-2", "P29_006": "3", "P29_007": "1", "P29_008": "00", "P29_009": null }, "geometry": { "type": "Point", "coordinates": [ 131.05050457753191, 33.657924089357259 ] } },
{ "type": "Feature", "properties": { "P29_001": "40101", "P29_002": "C140310000017", "P29_003": "16002", "P29_004": "敬愛中学校", "P29_005": "福岡県北九州市門司区別院6-1", "P29_006": "4", "P29_007": "1", "P29_008": "00", "P29_009": null }, "geometry": { "type": "Point", "coordinates": [ 130.934988739118836, 33.894205651746041 ] } },
{ "type": "Feature", "properties": { "P29_001": "40106", "P29_002": "C140310000053", "P29_003": "16002", "P29_004": "小倉日新館中学校", "P29_005": "福岡県北九州市小倉北区片野新町1-3-1", "P29_006": "4", "P29_007": "1", "P29_008": "00", "P29_009": null }, "geometry": { "type": "Point", "coordinates": [ 130.885318312515068, 33.865051293671208 ] } },
{ "type": "Feature", "properties": { "P29_001": "40132", "P29_002": "C140313000020", "P29_003": "16002", "P29_004": "沖学園中学校", "P29_005": "福岡県福岡市博多区竹下2-1-33", "P29_006": "4", "P29_007": "1", "P29_008": "00", "P29_009": null }, "geometry": { "type": "Point", "coordinates": [ 130.430072598524617, 33.573327857400386 ] } },
{ "type": "Feature", "properties": { "P29_001": "40133", "P29_002": "C140313000048", "P29_003": "16002", "P29_004": "筑紫女学園中学校", "P29_005": "福岡県福岡市中央区警固2-8-1", "P29_006": "4", "P29_007": "1", "P29_008": "00", "P29_009": null }, "geometry": { "type": "Point", "coordinates": [ 130.388891703166337, 33.581961445418059 ] } },
{ "type": "Feature", "properties": { "P29_001": "40133", "P29_002": "C140313000057", "P29_003": "16002", "P29_004": "福岡雙葉中学校", "P29_005": "福岡県福岡市中央区御所ヶ谷7-1", "P29_006": "4", "P29_007": "1", "P29_008": "00", "P29_009": null }, "geometry": { "type": "Point", "coordinates": [ 130.392549862839076, 33.574400125109349 ] } },
{ "type": "Feature", "properties": { "P29_001": "40133", "P29_002": "C140313000075", "P29_003": "16002", "P29_004": "福岡大学附属大濠中学校", "P29_005": "福岡県福岡市中央区六本松1-12-1", "P29_006": "4", "P29_007": "1", "P29_008": "00", "P29_009": null }, "geometry": { "type": "Point", "coordinates": [ 130.37753088554075, 33.581602571896127 ] } },
{ "type": "Feature", "properties": { "P29_001": "40135", "P29_002": "C140313000093", "P29_003": "16002", "P29_004": "中村学園三陽中学校", "P29_005": "福岡県福岡市西区今宿青木1042-33", "P29_006": "4", "P29_007": "1", "P29_008": "00", "P29_009": null }, "geometry": { "type": "Point", "coordinates": [ 130.289985918847066, 33.565849656413995 ] } },
{ "type": "Feature", "properties": { "P29_001": "40203", "P29_002": "C140320300013", "P29_003": "16002", "P29_004": "久留米大学附設中学校", "P29_005": "福岡県久留米市野中町20-2", "P29_006": "4", "P29_007": "1", "P29_008": "00", "P29_009": null }, "geometry": { "type": "Point", "coordinates": [ 130.5425159855142, 33.304189410380971 ] } },
{ "type": "Feature", "properties": { "P29_001": "40205", "P29_002": "C140320500011", "P29_003": "16002", "P29_004": "飯塚日新館中学校", "P29_005": "福岡県飯塚市柏の森56-9", "P29_006": "4", "P29_007": "1", "P29_008": "00", "P29_009": null }, "geometry": { "type": "Point", "coordinates": [ 130.704547771356005, 33.645122430527266 ] } },
{ "type": "Feature", "properties": { "P29_001": "40210", "P29_002": "C140321000014", "P29_003": "16002", "P29_004": "八女学院中学校", "P29_005": "福岡県八女市大字本村425", "P29_006": "4", "P29_007": "1", "P29_008": "00", "P29_009": null }, "geometry": { "type": "Point", "coordinates": [ 130.555870064064436, 33.213876343873658 ] } },
{ "type": "Feature", "properties": { "P29_001": "40221", "P29_002": "C140322100011", "P29_003": "16002", "P29_004": "筑陽学園中学校", "P29_005": "福岡県太宰府市朱雀5-6-1", "P29_006": "4", "P29_007": "1", "P29_008": "00", "P29_009": null }, "geometry": { "type": "Point", "coordinates": [ 130.51671106552331, 33.509957986525926 ] } }
]
}
