{
"type": "FeatureCollection",
"name": "geo_40_介護老人福祉施設",
"crs": { "type": "name", "properties": { "name": "urn:ogc:def:crs:OGC:1.3:CRS84" } },
"features": [
{ "type": "Feature", "properties": { "内容": "特別養護老人ホーム　松和園【介護老人福祉施設】北九州市門司区大字畑３３５番地", "url": "https://www.kaigokensaku.mhlw.go.jp/40/index.php?action_kouhyou_detail_004_kani=true&JigyosyoCd=4070100120-00&ServiceCd=510&Type=search", "url2": "http://www.showaen.or.jp" }, "geometry": { "type": "Point", "coordinates": [ 130.97322429999997, 33.8864473 ] } },
{ "type": "Feature", "properties": { "内容": "特別養護老人ホーム　松和園（ユニット）【介護老人福祉施設】北九州市門司区大字畑335番地", "url": "https://www.kaigokensaku.mhlw.go.jp/40/index.php?action_kouhyou_detail_004_kani=true&JigyosyoCd=4070102381-00&ServiceCd=510&Type=search", "url2": "http://www.showaen.or.jp" }, "geometry": { "type": "Point", "coordinates": [ 130.97322429999997, 33.886447300000022 ] } },
{ "type": "Feature", "properties": { "内容": "北九州市立特別養護老人ホームかざし園【介護老人福祉施設】福岡県北九州市門司区南本町３－３", "url": "https://www.kaigokensaku.mhlw.go.jp/40/index.php?action_kouhyou_detail_004_kani=true&JigyosyoCd=4070100153-00&ServiceCd=510&Type=search", "url2": "https://kazasien.com" }, "geometry": { "type": "Point", "coordinates": [ 130.941309600000068, 33.9157851 ] } },
{ "type": "Feature", "properties": { "内容": "日本赤十字社福岡県支部特別養護老人ホーム豊寿園【介護老人福祉施設】福岡県北九州市門司区大字畑1808-5", "url": "https://www.kaigokensaku.mhlw.go.jp/40/index.php?action_kouhyou_detail_004_kani=true&JigyosyoCd=4070100179-00&ServiceCd=510&Type=search", "url2": "http://nissekihoujuen.jp/" }, "geometry": { "type": "Point", "coordinates": [ 130.972227400000065, 33.8769429 ] } },
{ "type": "Feature", "properties": { "内容": "特別養護老人ホーム　清松園【介護老人福祉施設】北九州市門司区大字畑１９６０番地", "url": "https://www.kaigokensaku.mhlw.go.jp/40/index.php?action_kouhyou_detail_004_kani=true&JigyosyoCd=4070100161-00&ServiceCd=510&Type=search", "url2": "http://www.seishoen.jp/" }, "geometry": { "type": "Point", "coordinates": [ 130.9737718, 33.8761013 ] } },
{ "type": "Feature", "properties": { "内容": "特別養護老人ホーム　サポートセンター門司【介護老人福祉施設】北九州市門司区松原１丁目３番８号", "url": "https://www.kaigokensaku.mhlw.go.jp/40/index.php?action_kouhyou_detail_004_kani=true&JigyosyoCd=4070102555-00&ServiceCd=510&Type=search", "url2": "http://www.hibiki.or.jp/" }, "geometry": { "type": "Point", "coordinates": [ 130.92459759999997, 33.9008589 ] } },
{ "type": "Feature", "properties": { "内容": "特別養護老人ホーム陽光園【介護老人福祉施設】福岡県北九州市門司区大字田野浦1024番地6", "url": "https://www.kaigokensaku.mhlw.go.jp/40/index.php?action_kouhyou_detail_004_kani=true&JigyosyoCd=4070100146-00&ServiceCd=510&Type=search", "url2": "http://www.youkouen-moji.jp/" }, "geometry": { "type": "Point", "coordinates": [ 130.998726199999965, 33.960643 ] } },
{ "type": "Feature", "properties": { "内容": "特別養護老人ホーム　陽光園ユニット【介護老人福祉施設】福岡県北九州市門司区大字田野浦1024番地6", "url": "https://www.kaigokensaku.mhlw.go.jp/40/index.php?action_kouhyou_detail_004_kani=true&JigyosyoCd=4070102787-00&ServiceCd=510&Type=search", "url2": "http://www.youkouen-moji.jp/" }, "geometry": { "type": "Point", "coordinates": [ 130.998846517721518, 33.960972690218121 ] } },
{ "type": "Feature", "properties": { "内容": "すみれそう【介護老人福祉施設】福岡県北九州市門司区風師4丁目12-31", "url": "https://www.kaigokensaku.mhlw.go.jp/40/index.php?action_kouhyou_detail_004_kani=true&JigyosyoCd=4070102894-00&ServiceCd=510&Type=search", "url2": "https://hanabusakai.jp/" }, "geometry": { "type": "Point", "coordinates": [ 130.9452033, 33.9296588 ] } },
{ "type": "Feature", "properties": { "内容": "特別養護老人ホーム　花乃路【介護老人福祉施設】北九州市若松区大字乙丸1651番12", "url": "https://www.kaigokensaku.mhlw.go.jp/40/index.php?action_kouhyou_detail_004_kani=true&JigyosyoCd=4070201464-00&ServiceCd=510&Type=search", "url2": "http://www.kiyoukai.or.jp/" }, "geometry": { "type": "Point", "coordinates": [ 130.6801881, 33.9107962 ] } },
{ "type": "Feature", "properties": { "内容": "特別養護老人ホーム　ライフポート若松【介護老人福祉施設】北九州市若松区藤ノ木２丁目１番２２号", "url": "https://www.kaigokensaku.mhlw.go.jp/40/index.php?action_kouhyou_detail_004_kani=true&JigyosyoCd=4070200177-00&ServiceCd=510&Type=search", "url2": "http://www.lifeport.or.jp" }, "geometry": { "type": "Point", "coordinates": [ 130.781265399999938, 33.89279 ] } },
{ "type": "Feature", "properties": { "内容": "介護老人福祉施設　あじさい【介護老人福祉施設】北九州市若松区西畑町９番７３号", "url": "https://www.kaigokensaku.mhlw.go.jp/40/index.php?action_kouhyou_detail_004_kani=true&JigyosyoCd=4070200334-00&ServiceCd=510&Type=search", "url2": "https://e-ajisai.com" }, "geometry": { "type": "Point", "coordinates": [ 130.792158500000028, 33.910441 ] } },
{ "type": "Feature", "properties": { "内容": "特別養護老人ホーム　ケアイン西天神【介護老人福祉施設】福岡県北九州市若松区西天神町4番33号", "url": "https://www.kaigokensaku.mhlw.go.jp/40/index.php?action_kouhyou_detail_004_kani=true&JigyosyoCd=4070201118-00&ServiceCd=510&Type=search", "url2": "https://kouryokukai.jp/" }, "geometry": { "type": "Point", "coordinates": [ 130.762139400000024, 33.889500900000016 ] } },
{ "type": "Feature", "properties": { "内容": "特別養護老人ホーム　あますみ園【介護老人福祉施設】福岡県北九州市若松区大字大鳥居64-1", "url": "https://www.kaigokensaku.mhlw.go.jp/40/index.php?action_kouhyou_detail_004_kani=true&JigyosyoCd=4070201514-00&ServiceCd=510&Type=search", "url2": null }, "geometry": { "type": "Point", "coordinates": [ 130.702368480187261, 33.901372235250754 ] } },
{ "type": "Feature", "properties": { "内容": "特別養護老人ホームあやめ苑【介護老人福祉施設】中畑町10番16号", "url": "https://www.kaigokensaku.mhlw.go.jp/40/index.php?action_kouhyou_detail_004_kani=true&JigyosyoCd=4070201753-00&ServiceCd=510&Type=search", "url2": "www.kiyoukai.or.jp/" }, "geometry": { "type": "Point", "coordinates": [ 130.784600800000021, 33.9112018 ] } },
{ "type": "Feature", "properties": { "内容": "特別養護老人ホーム　ケアイン大鳥居【介護老人福祉施設】福岡県北九州市若松区大字大鳥居64-1", "url": "https://www.kaigokensaku.mhlw.go.jp/40/index.php?action_kouhyou_detail_004_kani=true&JigyosyoCd=4070201886-00&ServiceCd=510&Type=search", "url2": "https://kouryokukai-fukuoka.jimdofree.com/" }, "geometry": { "type": "Point", "coordinates": [ 130.702379155483982, 33.901348324221885 ] } },
{ "type": "Feature", "properties": { "内容": "特別養護老人ホーム　ひびき荘【介護老人福祉施設】北九州市若松区大字安屋3310-3", "url": "https://www.kaigokensaku.mhlw.go.jp/40/index.php?action_kouhyou_detail_004_kani=true&JigyosyoCd=4070200292-00&ServiceCd=510&Type=search", "url2": "http://www.hibiki.or.jp" }, "geometry": { "type": "Point", "coordinates": [ 130.700818199999958, 33.9358334 ] } },
{ "type": "Feature", "properties": { "内容": "特別養護老人ホーム戸畑大谷園【介護老人福祉施設】北九州市戸畑区西大谷１丁目６番22号", "url": "https://www.kaigokensaku.mhlw.go.jp/40/index.php?action_kouhyou_detail_004_kani=true&JigyosyoCd=4070300126-00&ServiceCd=510&Type=search", "url2": "http://www.tobata-minsei.or.jp/Ohtani%20Home%20Page/home.htm" }, "geometry": { "type": "Point", "coordinates": [ 130.8262006, 33.8802755 ] } },
{ "type": "Feature", "properties": { "内容": "介護老人福祉施設　やすらぎの郷牧山【介護老人福祉施設】福岡県　北九州市　戸畑区　新川町３番３３号", "url": "https://www.kaigokensaku.mhlw.go.jp/40/index.php?action_kouhyou_detail_004_kani=true&JigyosyoCd=4070300175-00&ServiceCd=510&Type=search", "url2": "http://www.iwakifukushikai.jp" }, "geometry": { "type": "Point", "coordinates": [ 130.821989499999972, 33.8916244 ] } },
{ "type": "Feature", "properties": { "内容": "特別養護老人ホームとばた【介護老人福祉施設】福岡県北九州市戸畑区千防一丁目1番6号高齢者複合施設　ふれあいの里とばた", "url": "https://www.kaigokensaku.mhlw.go.jp/40/index.php?action_kouhyou_detail_004_kani=true&JigyosyoCd=4070300753-00&ServiceCd=510&Type=search", "url2": "https://www.fureainosato-tobata.jp/" }, "geometry": { "type": "Point", "coordinates": [ 130.83036089999996, 33.8936826 ] } },
{ "type": "Feature", "properties": { "内容": "特別養護老人ホームさわみ園【介護老人福祉施設】福岡県北九州市戸畑区沢見二丁目5番2号", "url": "https://www.kaigokensaku.mhlw.go.jp/40/index.php?action_kouhyou_detail_004_kani=true&JigyosyoCd=4070300860-00&ServiceCd=510&Type=search", "url2": "http://www.seikou-kai.net/" }, "geometry": { "type": "Point", "coordinates": [ 130.838846200000035, 33.8960574 ] } },
{ "type": "Feature", "properties": { "内容": "介護老人福祉施設　シルバー・サン・ホーム【介護老人福祉施設】北九州市小倉北区大手町17-15", "url": "https://www.kaigokensaku.mhlw.go.jp/40/index.php?action_kouhyou_detail_004_kani=true&JigyosyoCd=4070400405-00&ServiceCd=510&Type=search", "url2": "http://www.silversunhome.or.jp/" }, "geometry": { "type": "Point", "coordinates": [ 130.8700973, 33.8738075 ] } },
{ "type": "Feature", "properties": { "内容": "特別養護老人ホーム　かざはな園【介護老人福祉施設】北九州市小倉北区江南町2番20号", "url": "https://www.kaigokensaku.mhlw.go.jp/40/index.php?action_kouhyou_detail_004_kani=true&JigyosyoCd=4070401544-00&ServiceCd=510&Type=search", "url2": "https://kazahanakai.com/" }, "geometry": { "type": "Point", "coordinates": [ 130.882152, 33.8757657 ] } },
{ "type": "Feature", "properties": { "内容": "介護老人福祉施設　足原のぞみ苑【介護老人福祉施設】北九州市小倉北区熊本三丁目１２－９", "url": "https://www.kaigokensaku.mhlw.go.jp/40/index.php?action_kouhyou_detail_004_kani=true&JigyosyoCd=4070400439-00&ServiceCd=510&Type=search", "url2": "http://www.nozomi-en.jp" }, "geometry": { "type": "Point", "coordinates": [ 130.8952928, 33.8668057 ] } },
{ "type": "Feature", "properties": { "内容": "特別養護老人ホーム　ハートフル片野【介護老人福祉施設】福岡県北九州市小倉北区片野3丁目13番15号", "url": "https://www.kaigokensaku.mhlw.go.jp/40/index.php?action_kouhyou_detail_004_kani=true&JigyosyoCd=4070401254-00&ServiceCd=510&Type=search", "url2": "http://www.heartful-katano.jp/" }, "geometry": { "type": "Point", "coordinates": [ 130.881460699999934, 33.8663666 ] } },
{ "type": "Feature", "properties": { "内容": "特別養護老人ホーム　北九州シティホーム【介護老人福祉施設】福岡県北九州市小倉北区萩崎町１番３２号", "url": "https://www.kaigokensaku.mhlw.go.jp/40/index.php?action_kouhyou_detail_004_kani=true&JigyosyoCd=4070400413-00&ServiceCd=510&Type=search", "url2": "http://www.kaorukai.jp" }, "geometry": { "type": "Point", "coordinates": [ 130.883868600000028, 33.8740547 ] } },
{ "type": "Feature", "properties": { "内容": "特別養護老人ホーム　ヘルシーハイム【介護老人福祉施設】福岡県北九州市小倉北区南丘1丁目7-24", "url": "https://www.kaigokensaku.mhlw.go.jp/40/index.php?action_kouhyou_detail_004_kani=true&JigyosyoCd=4070400421-00&ServiceCd=510&Type=search", "url2": "http://www.healthyhaim.or.jp" }, "geometry": { "type": "Point", "coordinates": [ 130.871200600000066, 33.8522267 ] } },
{ "type": "Feature", "properties": { "内容": "特別養護老人ホーム　愛香苑【介護老人福祉施設】福岡県北九州市小倉北区鋳物師町9番21号", "url": "https://www.kaigokensaku.mhlw.go.jp/40/index.php?action_kouhyou_detail_004_kani=true&JigyosyoCd=4070400561-00&ServiceCd=510&Type=search", "url2": "http://www.aikoukai-kitakyushu.com/" }, "geometry": { "type": "Point", "coordinates": [ 130.8655109, 33.8899501 ] } },
{ "type": "Feature", "properties": { "内容": "特別養護老人ホーム　ソレイユ中井【介護老人福祉施設】福岡県北九州市小倉北区中井一丁目7番14号", "url": "https://www.kaigokensaku.mhlw.go.jp/40/index.php?action_kouhyou_detail_004_kani=true&JigyosyoCd=4070403037-00&ServiceCd=510&Type=search", "url2": "http://www.soreiyugroup.or.jp" }, "geometry": { "type": "Point", "coordinates": [ 130.853467200000068, 33.8935106 ] } },
{ "type": "Feature", "properties": { "内容": "特別養護老人ホーム　新栄きよみずの杜【介護老人福祉施設】福岡県北九州市小倉北区弁天町６番１３号特別養護老人ホーム　新栄きよみずの杜", "url": "https://www.kaigokensaku.mhlw.go.jp/40/index.php?action_kouhyou_detail_004_kani=true&JigyosyoCd=4070404787-00&ServiceCd=510&Type=search", "url2": "http://www.shin-eikai.com/kiyomizu/" }, "geometry": { "type": "Point", "coordinates": [ 130.863054750926267, 33.870390558304386 ] } },
{ "type": "Feature", "properties": { "内容": "特別養護老人ホーム　ソレイユ浅野【介護老人福祉施設】福岡県北九州市小倉北区浅野3丁目1番25号", "url": "https://www.kaigokensaku.mhlw.go.jp/40/index.php?action_kouhyou_detail_004_kani=true&JigyosyoCd=4070404795-00&ServiceCd=510&Type=search", "url2": "www.soreiyugroup.or.jp" }, "geometry": { "type": "Point", "coordinates": [ 130.882700832679802, 33.891174763136327 ] } },
{ "type": "Feature", "properties": { "内容": "特別養護老人ホーム　ゆーとぴあ宇佐町【介護老人福祉施設】福岡県北九州市小倉北区宇佐町2丁目5-1", "url": "https://www.kaigokensaku.mhlw.go.jp/40/index.php?action_kouhyou_detail_004_kani=true&JigyosyoCd=4070403854-00&ServiceCd=510&Type=search", "url2": "http://www.shinsetsu.net/sawayakakai/utopia/index.html" }, "geometry": { "type": "Point", "coordinates": [ 130.893623299999945, 33.874829800000022 ] } },
{ "type": "Feature", "properties": { "内容": "特別養護老人ホームひだまりテラス【介護老人福祉施設】北九州市小倉北区東篠崎三丁目2番28号", "url": "https://www.kaigokensaku.mhlw.go.jp/40/index.php?action_kouhyou_detail_004_kani=true&JigyosyoCd=4070405313-00&ServiceCd=510&Type=search", "url2": "http://www.senrikai.or.jp" }, "geometry": { "type": "Point", "coordinates": [ 130.871951566864709, 33.868099410777994 ] } },
{ "type": "Feature", "properties": { "内容": "特別養護老人ホーム　宏和苑【介護老人福祉施設】守恒本町２丁目１９番２号", "url": "https://www.kaigokensaku.mhlw.go.jp/40/index.php?action_kouhyou_detail_004_kani=true&JigyosyoCd=4070503984-00&ServiceCd=510&Type=search", "url2": "http://keiwa-kai.net/" }, "geometry": { "type": "Point", "coordinates": [ 130.871321087530276, 33.833660184334214 ] } },
{ "type": "Feature", "properties": { "内容": "特別養護老人ホーム　おきなの杜【介護老人福祉施設】福岡県北九州市小倉南区大字長野455番地の35", "url": "https://www.kaigokensaku.mhlw.go.jp/40/index.php?action_kouhyou_detail_004_kani=true&JigyosyoCd=4070502812-00&ServiceCd=510&Type=search", "url2": "http://care-netbiz/40/okinanomori/" }, "geometry": { "type": "Point", "coordinates": [ 130.915880600000037, 33.8195314 ] } },
{ "type": "Feature", "properties": { "内容": "特別養護老人ホーム　美咲ヶ丘【介護老人福祉施設】福岡県北九州市小倉南区大字新道寺１０８５－１", "url": "https://www.kaigokensaku.mhlw.go.jp/40/index.php?action_kouhyou_detail_004_kani=true&JigyosyoCd=4070500139-00&ServiceCd=510&Type=search", "url2": "https://www.misakigaoka.com/" }, "geometry": { "type": "Point", "coordinates": [ 130.866630399999963, 33.7927697 ] } },
{ "type": "Feature", "properties": { "内容": "介護老人福祉施設　双葉苑【介護老人福祉施設】福岡県北九州市小倉南区長行東3丁目13番17号", "url": "https://www.kaigokensaku.mhlw.go.jp/40/index.php?action_kouhyou_detail_004_kani=true&JigyosyoCd=4070500295-00&ServiceCd=510&Type=search", "url2": "http://www.futaba-kai.or.jp" }, "geometry": { "type": "Point", "coordinates": [ 130.857844099999966, 33.8173114 ] } },
{ "type": "Feature", "properties": { "内容": "特別養護老人ホームあだち園【介護老人福祉施設】北九州市小倉南区沼緑町二丁目9-1", "url": "https://www.kaigokensaku.mhlw.go.jp/40/index.php?action_kouhyou_detail_004_kani=true&JigyosyoCd=4070500402-00&ServiceCd=510&Type=search", "url2": "https://www.kitaq-houwakai.com" }, "geometry": { "type": "Point", "coordinates": [ 130.928409200000061, 33.8492893 ] } },
{ "type": "Feature", "properties": { "内容": "特別養護老人ホーム　春吉園【介護老人福祉施設】福岡県北九州市小倉南区大字春吉463-1", "url": "https://www.kaigokensaku.mhlw.go.jp/40/index.php?action_kouhyou_detail_004_kani=true&JigyosyoCd=4070500410-00&ServiceCd=510&Type=search", "url2": "http://www.haruyoshi-en.jp" }, "geometry": { "type": "Point", "coordinates": [ 130.8458544, 33.7880226 ] } },
{ "type": "Feature", "properties": { "内容": "特別養護老人ホーム舞ヶ丘明静苑【介護老人福祉施設】福岡県北九州市小倉南区横代380-2", "url": "https://www.kaigokensaku.mhlw.go.jp/40/index.php?action_kouhyou_detail_004_kani=true&JigyosyoCd=4070500428-00&ServiceCd=510&Type=search", "url2": "http://www.meiseien.com" }, "geometry": { "type": "Point", "coordinates": [ 130.8985103, 33.8255885 ] } },
{ "type": "Feature", "properties": { "内容": "好日苑【介護老人福祉施設】北九州市小倉南区曽根新田北3丁目2-1", "url": "https://www.kaigokensaku.mhlw.go.jp/40/index.php?action_kouhyou_detail_004_kani=true&JigyosyoCd=4070500436-00&ServiceCd=510&Type=search", "url2": "http://www.koujitsuen.com/" }, "geometry": { "type": "Point", "coordinates": [ 130.9536862, 33.8224794 ] } },
{ "type": "Feature", "properties": { "内容": "特別養護老人ホーム　こくらの郷【介護老人福祉施設】北九州市小倉南区高野４丁目１２－１１", "url": "https://www.kaigokensaku.mhlw.go.jp/40/index.php?action_kouhyou_detail_004_kani=true&JigyosyoCd=4070503208-00&ServiceCd=510&Type=search", "url2": "https://shoujukai.or.jp" }, "geometry": { "type": "Point", "coordinates": [ 130.8501526, 33.8336898 ] } },
{ "type": "Feature", "properties": { "内容": "特別養護老人ホーム　ひまわり【介護老人福祉施設】福岡県北九州市小倉南区曽根北町４番３１号", "url": "https://www.kaigokensaku.mhlw.go.jp/40/index.php?action_kouhyou_detail_004_kani=true&JigyosyoCd=4070504974-00&ServiceCd=510&Type=search", "url2": "http://hasshinkai.com" }, "geometry": { "type": "Point", "coordinates": [ 130.941019870638996, 33.836504350655744 ] } },
{ "type": "Feature", "properties": { "内容": "特別養護老人ホーム　花の王善興園【介護老人福祉施設】北九州市八幡東区花尾町2番14号", "url": "https://www.kaigokensaku.mhlw.go.jp/40/index.php?action_kouhyou_detail_004_kani=true&JigyosyoCd=4070600053-00&ServiceCd=510&Type=search", "url2": "http://zenkokai.or.jp" }, "geometry": { "type": "Point", "coordinates": [ 130.787345115205426, 33.854986649026742 ] } },
{ "type": "Feature", "properties": { "内容": "特別養護老人ホーム　大蔵園【介護老人福祉施設】福岡県北九州市八幡東区大蔵3丁目2番1号", "url": "https://www.kaigokensaku.mhlw.go.jp/40/index.php?action_kouhyou_detail_004_kani=true&JigyosyoCd=4070600079-00&ServiceCd=510&Type=search", "url2": "http://n-sato.com/" }, "geometry": { "type": "Point", "coordinates": [ 130.816607226983706, 33.856050168590578 ] } },
{ "type": "Feature", "properties": { "内容": "特別養護老人ホーム　誠光園【介護老人福祉施設】藤見町3番１号", "url": "https://www.kaigokensaku.mhlw.go.jp/40/index.php?action_kouhyou_detail_004_kani=true&JigyosyoCd=4070600160-00&ServiceCd=510&Type=search", "url2": "http://www.seikou-kai.net/" }, "geometry": { "type": "Point", "coordinates": [ 130.822912299999984, 33.8697736 ] } },
{ "type": "Feature", "properties": { "内容": "特別養護老人ホーム杜の家【介護老人福祉施設】福岡県北九州市八幡西区大字畑696-12", "url": "https://www.kaigokensaku.mhlw.go.jp/40/index.php?action_kouhyou_detail_004_kani=true&JigyosyoCd=4070705415-00&ServiceCd=510&Type=search", "url2": "http://www.mukauno-sato.com" }, "geometry": { "type": "Point", "coordinates": [ 130.75670508531951, 33.799762768372659 ] } },
{ "type": "Feature", "properties": { "内容": "特別養護老人ホーム　もみじ苑【介護老人福祉施設】福岡県北九州市八幡西区藤原四丁目１５－３３", "url": "https://www.kaigokensaku.mhlw.go.jp/40/index.php?action_kouhyou_detail_004_kani=true&JigyosyoCd=4070700499-00&ServiceCd=510&Type=search", "url2": "www.honjyoukai.com" }, "geometry": { "type": "Point", "coordinates": [ 130.710105200000044, 33.88112 ] } },
{ "type": "Feature", "properties": { "内容": "特別養護老人ホーム聖ヨゼフの園【介護老人福祉施設】北九州市八幡西区青山二丁目1-1", "url": "https://www.kaigokensaku.mhlw.go.jp/40/index.php?action_kouhyou_detail_004_kani=true&JigyosyoCd=4070700481-00&ServiceCd=510&Type=search", "url2": "http://www.st-joseph.or.jp" }, "geometry": { "type": "Point", "coordinates": [ 130.753435500000023, 33.8595682 ] } },
{ "type": "Feature", "properties": { "内容": "特別養護老人ホーム　ふじの木園【介護老人福祉施設】福岡県北九州市八幡西区椋枝2丁目11-20", "url": "https://www.kaigokensaku.mhlw.go.jp/40/index.php?action_kouhyou_detail_004_kani=true&JigyosyoCd=4070703394-00&ServiceCd=510&Type=search", "url2": "http://fujinokien.or.jp/" }, "geometry": { "type": "Point", "coordinates": [ 130.732258399999978, 33.80884 ] } },
{ "type": "Feature", "properties": { "内容": "特別養護老人ホーム　倫尚園【介護老人福祉施設】北九州市八幡西区馬場山東一丁目３番２２号", "url": "https://www.kaigokensaku.mhlw.go.jp/40/index.php?action_kouhyou_detail_004_kani=true&JigyosyoCd=4070700119-00&ServiceCd=510&Type=search", "url2": "http://rinsyoukai.or.jp" }, "geometry": { "type": "Point", "coordinates": [ 130.749576599999955, 33.7975386 ] } },
{ "type": "Feature", "properties": { "内容": "特別養護老人ホーム　サン・グリーンホーム【介護老人福祉施設】福岡県北九州市八幡西区大字則松103番地", "url": "https://www.kaigokensaku.mhlw.go.jp/40/index.php?action_kouhyou_detail_004_kani=true&JigyosyoCd=4070700465-00&ServiceCd=510&Type=search", "url2": "http://kitakyu-fukushi.or.jp" }, "geometry": { "type": "Point", "coordinates": [ 130.728899100000035, 33.8525377 ] } },
{ "type": "Feature", "properties": { "内容": "サンライズ北九州【介護老人福祉施設】北九州市八幡西区塔野三丁目１６番１号", "url": "https://www.kaigokensaku.mhlw.go.jp/40/index.php?action_kouhyou_detail_004_kani=true&JigyosyoCd=4070700473-00&ServiceCd=510&Type=search", "url2": "http://www.sunrise-k.com" }, "geometry": { "type": "Point", "coordinates": [ 130.73428, 33.8226496 ] } },
{ "type": "Feature", "properties": { "内容": "特別養護老人ホーム　第三善興園【介護老人福祉施設】北九州市八幡西区大字小嶺721-1", "url": "https://www.kaigokensaku.mhlw.go.jp/40/index.php?action_kouhyou_detail_004_kani=true&JigyosyoCd=4070701067-00&ServiceCd=510&Type=search", "url2": "https://www.zenkokai.or.jp" }, "geometry": { "type": "Point", "coordinates": [ 130.757789302199541, 33.814386201509045 ] } },
{ "type": "Feature", "properties": { "内容": "特別養護老人ホーム風の家【介護老人福祉施設】北九州市八幡西区大字本城３３７８番地の１", "url": "https://www.kaigokensaku.mhlw.go.jp/40/index.php?action_kouhyou_detail_004_kani=true&JigyosyoCd=4070701315-00&ServiceCd=510&Type=search", "url2": "http://www.kunnpuukai.or.jp" }, "geometry": { "type": "Point", "coordinates": [ 130.726933599999938, 33.8921751 ] } },
{ "type": "Feature", "properties": { "内容": "特別養護老人ホーム　グランヴィラ大平【介護老人福祉施設】福岡県北九州市八幡西区船越三丁目1番13号", "url": "https://www.kaigokensaku.mhlw.go.jp/40/index.php?action_kouhyou_detail_004_kani=true&JigyosyoCd=4070706546-00&ServiceCd=510&Type=search", "url2": "https://www.jojinkai.com/gv_ohira/" }, "geometry": { "type": "Point", "coordinates": [ 130.745756014802538, 33.817434213353991 ] } },
{ "type": "Feature", "properties": { "内容": "特別養護老人ホーム　サングリーンアネモス【介護老人福祉施設】福岡県北九州市八幡西区大字則松103番地", "url": "https://www.kaigokensaku.mhlw.go.jp/40/index.php?action_kouhyou_detail_004_kani=true&JigyosyoCd=4070707932-00&ServiceCd=510&Type=search", "url2": "http://kitakyu-fukushi.or.jp" }, "geometry": { "type": "Point", "coordinates": [ 130.7289122, 33.852577 ] } },
{ "type": "Feature", "properties": { "内容": "特別養護老人ホーム第二わかば【介護老人福祉施設】福岡県北九州市八幡西区香月中央一丁目3番1号", "url": "https://www.kaigokensaku.mhlw.go.jp/40/index.php?action_kouhyou_detail_004_kani=true&JigyosyoCd=4070708138-00&ServiceCd=510&Type=search", "url2": "https://kenbikai.org/" }, "geometry": { "type": "Point", "coordinates": [ 130.7357164, 33.8047105 ] } },
{ "type": "Feature", "properties": { "内容": "銀杏庵　穴生倶楽部【介護老人福祉施設】福岡県北九州市八幡西区鉄王2-2-36", "url": "https://www.kaigokensaku.mhlw.go.jp/40/index.php?action_kouhyou_detail_004_kani=true&JigyosyoCd=4070706371-00&ServiceCd=510&Type=search", "url2": "http://www.moyai.or.jp/" }, "geometry": { "type": "Point", "coordinates": [ 130.750766496295199, 33.848231325482914 ] } },
{ "type": "Feature", "properties": { "内容": "特別養護老人ホーム　なごみのさと【介護老人福祉施設】福岡県北九州市八幡西区大字木屋瀬590-1", "url": "https://www.kaigokensaku.mhlw.go.jp/40/index.php?action_kouhyou_detail_004_kani=true&JigyosyoCd=4070704665-00&ServiceCd=510&Type=search", "url2": "www.nagomino-sato.jp" }, "geometry": { "type": "Point", "coordinates": [ 130.7201152, 33.7846123 ] } },
{ "type": "Feature", "properties": { "内容": "特別養護老人ホーム　なごみの郷【介護老人福祉施設】福岡県北九州市八幡西区楠橋３８３７－１", "url": "https://www.kaigokensaku.mhlw.go.jp/40/index.php?action_kouhyou_detail_004_kani=true&JigyosyoCd=4070706835-00&ServiceCd=510&Type=search", "url2": "www.nagomino-sato.jp" }, "geometry": { "type": "Point", "coordinates": [ 130.719948903041086, 33.78503140261472 ] } },
{ "type": "Feature", "properties": { "内容": "介護老人福祉施設　奈多創生園【介護老人福祉施設】福岡市東区雁の巣1丁目7番25号", "url": "https://www.kaigokensaku.mhlw.go.jp/40/index.php?action_kouhyou_detail_004_kani=true&JigyosyoCd=4070800240-00&ServiceCd=510&Type=search", "url2": "http://www.souseikai.or.jp" }, "geometry": { "type": "Point", "coordinates": [ 130.408475205557238, 33.687644759569295 ] } },
{ "type": "Feature", "properties": { "内容": "光薫寺ビハーラ【介護老人福祉施設】福岡市東区蒲田5丁目7番1号", "url": "https://www.kaigokensaku.mhlw.go.jp/40/index.php?action_kouhyou_detail_004_kani=true&JigyosyoCd=4070800257-00&ServiceCd=510&Type=search", "url2": "http://kokun-fukushikai.com" }, "geometry": { "type": "Point", "coordinates": [ 130.492945599999985, 33.6446892 ] } },
{ "type": "Feature", "properties": { "内容": "特別養護老人ホーム　サンシャイン【介護老人福祉施設】福岡市東区原田１丁目４１番１号", "url": "https://www.kaigokensaku.mhlw.go.jp/40/index.php?action_kouhyou_detail_004_kani=true&JigyosyoCd=4070800265-00&ServiceCd=510&Type=search", "url2": "http://www.sunshine.or.jp" }, "geometry": { "type": "Point", "coordinates": [ 130.438014899999985, 33.6165358 ] } },
{ "type": "Feature", "properties": { "内容": "特別養護老人ホームいきいき八田【介護老人福祉施設】福岡県福岡市東区八田１丁目4番15号", "url": "https://www.kaigokensaku.mhlw.go.jp/40/index.php?action_kouhyou_detail_004_kani=true&JigyosyoCd=4070801420-00&ServiceCd=510&Type=search", "url2": "http://chidorifukushi.jp" }, "geometry": { "type": "Point", "coordinates": [ 130.456681009123258, 33.63403884719115 ] } },
{ "type": "Feature", "properties": { "内容": "西戸崎創生園【介護老人福祉施設】福岡県福岡市東区西戸崎５丁目２２－１", "url": "https://www.kaigokensaku.mhlw.go.jp/40/index.php?action_kouhyou_detail_004_kani=true&JigyosyoCd=4070802717-00&ServiceCd=510&Type=search", "url2": "http://www.souseikai.or.jp" }, "geometry": { "type": "Point", "coordinates": [ 130.348915, 33.6497367 ] } },
{ "type": "Feature", "properties": { "内容": "アイランドシティ照葉【介護老人福祉施設】福岡市東区香椎照葉３－４－３", "url": "https://www.kaigokensaku.mhlw.go.jp/40/index.php?action_kouhyou_detail_004_kani=true&JigyosyoCd=4070802824-00&ServiceCd=510&Type=search", "url2": "https://itofukushikai.com/" }, "geometry": { "type": "Point", "coordinates": [ 130.421591600000056, 33.6605775 ] } },
{ "type": "Feature", "properties": { "内容": "特別養護老人ホーム　聖家族の家若宮【介護老人福祉施設】福岡県福岡市東区若宮5丁目21-11", "url": "https://www.kaigokensaku.mhlw.go.jp/40/index.php?action_kouhyou_detail_004_kani=true&JigyosyoCd=4070802964-00&ServiceCd=510&Type=search", "url2": "http://seikazoku.jp" }, "geometry": { "type": "Point", "coordinates": [ 130.442921800000022, 33.645255 ] } },
{ "type": "Feature", "properties": { "内容": "特別養護老人ホーム　シエル名島【介護老人福祉施設】福岡市東区名島3丁目52番5号", "url": "https://www.kaigokensaku.mhlw.go.jp/40/index.php?action_kouhyou_detail_004_kani=true&JigyosyoCd=4070803079-00&ServiceCd=510&Type=search", "url2": "http://www.kouwakai-ciel.jp" }, "geometry": { "type": "Point", "coordinates": [ 130.433369699999957, 33.6436549 ] } },
{ "type": "Feature", "properties": { "内容": "光薫寺ビハーラ【介護老人福祉施設】福岡県福岡市東区蒲田5丁目7番1号", "url": "https://www.kaigokensaku.mhlw.go.jp/40/index.php?action_kouhyou_detail_004_kani=true&JigyosyoCd=4070803947-00&ServiceCd=510&Type=search", "url2": "http://kokun-fukushikai.com" }, "geometry": { "type": "Point", "coordinates": [ 130.492945599999985, 33.6446892 ] } },
{ "type": "Feature", "properties": { "内容": "特別養護老人ホームなごみの里【介護老人福祉施設】福岡市東区名子3丁目23番50号", "url": "https://www.kaigokensaku.mhlw.go.jp/40/index.php?action_kouhyou_detail_004_kani=true&JigyosyoCd=4070801016-00&ServiceCd=510&Type=search", "url2": "www.tatara-fukushikai.com" }, "geometry": { "type": "Point", "coordinates": [ 130.471481, 33.6420753 ] } },
{ "type": "Feature", "properties": { "内容": "特別養護老人ホームさんすまいる唐原【介護老人福祉施設】福岡県福岡市東区唐原７－１５－５１", "url": "https://www.kaigokensaku.mhlw.go.jp/40/index.php?action_kouhyou_detail_004_kani=true&JigyosyoCd=4070801354-00&ServiceCd=510&Type=search", "url2": "http://sunsmile.or.jp" }, "geometry": { "type": "Point", "coordinates": [ 130.44887540000002, 33.6757878 ] } },
{ "type": "Feature", "properties": { "内容": "特別養護老人ホームすこやか【介護老人福祉施設】福岡県福岡市東区下原４丁目１８番２５号", "url": "https://www.kaigokensaku.mhlw.go.jp/40/index.php?action_kouhyou_detail_004_kani=true&JigyosyoCd=4070803483-00&ServiceCd=510&Type=search", "url2": "http://www.hanabusa.or.jp/" }, "geometry": { "type": "Point", "coordinates": [ 130.454180599999972, 33.6756935 ] } },
{ "type": "Feature", "properties": { "内容": "特別養護老人ホーム　洸寿園【介護老人福祉施設】福岡市博多区金の隈三丁目２４番５５号", "url": "https://www.kaigokensaku.mhlw.go.jp/40/index.php?action_kouhyou_detail_004_kani=true&JigyosyoCd=4070900370-00&ServiceCd=510&Type=search", "url2": "https://www.seifu-kai.jp/kojuen/" }, "geometry": { "type": "Point", "coordinates": [ 130.480199099999936, 33.5558964 ] } },
{ "type": "Feature", "properties": { "内容": "特別養護老人ホーム　博多さくら園【介護老人福祉施設】福岡市博多区古門戸町４番２３号", "url": "https://www.kaigokensaku.mhlw.go.jp/40/index.php?action_kouhyou_detail_004_kani=true&JigyosyoCd=4070900388-00&ServiceCd=510&Type=search", "url2": "http:/hakata-sakuraen.jp/" }, "geometry": { "type": "Point", "coordinates": [ 130.404704, 33.5980706 ] } },
{ "type": "Feature", "properties": { "内容": "月隈愛心の丘【介護老人福祉施設】福岡市博多区月隈６丁目１６番１１号", "url": "https://www.kaigokensaku.mhlw.go.jp/40/index.php?action_kouhyou_detail_004_kani=true&JigyosyoCd=4070900396-00&ServiceCd=510&Type=search", "url2": "http://www.aishinnooka.com" }, "geometry": { "type": "Point", "coordinates": [ 130.466819699999974, 33.5714886 ] } },
{ "type": "Feature", "properties": { "内容": "シティケア博多【介護老人福祉施設】福岡市博多区博多駅前4-22-2", "url": "https://www.kaigokensaku.mhlw.go.jp/40/index.php?action_kouhyou_detail_004_kani=true&JigyosyoCd=4070901584-00&ServiceCd=510&Type=search", "url2": "http://www.citycare.jp" }, "geometry": { "type": "Point", "coordinates": [ 130.418567100000018, 33.5847972 ] } },
{ "type": "Feature", "properties": { "内容": "特別養護老人ホーム　薔薇の樹苑【介護老人福祉施設】福岡市博多区元町2丁目1番7号", "url": "https://www.kaigokensaku.mhlw.go.jp/40/index.php?action_kouhyou_detail_004_kani=true&JigyosyoCd=4070902087-00&ServiceCd=510&Type=search", "url2": "http://tokuwa.net" }, "geometry": { "type": "Point", "coordinates": [ 130.462764600000014, 33.5420309 ] } },
{ "type": "Feature", "properties": { "内容": "アットホーム諸岡【介護老人福祉施設】福岡市博多区諸岡2-13-32", "url": "https://www.kaigokensaku.mhlw.go.jp/40/index.php?action_kouhyou_detail_004_kani=true&JigyosyoCd=4070903150-00&ServiceCd=510&Type=search", "url2": "http://www.keiaien.org/" }, "geometry": { "type": "Point", "coordinates": [ 130.452112700000043, 33.558448 ] } },
{ "type": "Feature", "properties": { "内容": "アットホーム福岡【介護老人福祉施設】福岡県福岡市博多区千代1丁目1番55号複合型高齢者福祉施設　アットホーム福岡", "url": "https://www.kaigokensaku.mhlw.go.jp/40/index.php?action_kouhyou_detail_004_kani=true&JigyosyoCd=4070903762-00&ServiceCd=510&Type=search", "url2": "http://www.keiaien.org/" }, "geometry": { "type": "Point", "coordinates": [ 130.421403717860358, 33.601664488327799 ] } },
{ "type": "Feature", "properties": { "内容": "特別養護老人ホーム　りんごの丘【介護老人福祉施設】福岡県福岡市博多区光丘町1-2-41", "url": "https://www.kaigokensaku.mhlw.go.jp/40/index.php?action_kouhyou_detail_004_kani=true&JigyosyoCd=4070904307-00&ServiceCd=510&Type=search", "url2": "https://www.syafuku-soyokazenokai.com/" }, "geometry": { "type": "Point", "coordinates": [ 130.465067200000021, 33.539859 ] } },
{ "type": "Feature", "properties": { "内容": "特別養護老人ホーム　マザーハート【介護老人福祉施設】福岡市博多区東光2-8-23", "url": "https://www.kaigokensaku.mhlw.go.jp/40/index.php?action_kouhyou_detail_004_kani=true&JigyosyoCd=4070904620-00&ServiceCd=510&Type=search", "url2": "kojyukai.or.jp" }, "geometry": { "type": "Point", "coordinates": [ 130.426898882201868, 33.594528176428526 ] } },
{ "type": "Feature", "properties": { "内容": "アットホーム博多の森【介護老人福祉施設】福岡県福岡市博多区大字下月隈73番１", "url": "https://www.kaigokensaku.mhlw.go.jp/40/index.php?action_kouhyou_detail_004_kani=true&JigyosyoCd=4070901782-00&ServiceCd=510&Type=search", "url2": "http//www.keiaien.org/" }, "geometry": { "type": "Point", "coordinates": [ 130.466022299999963, 33.5808097 ] } },
{ "type": "Feature", "properties": { "内容": "特別養護老人ホームケアイン博多【介護老人福祉施設】福岡県福岡市博多区東那珂一丁目８番８号", "url": "https://www.kaigokensaku.mhlw.go.jp/40/index.php?action_kouhyou_detail_004_kani=true&JigyosyoCd=4070904885-00&ServiceCd=510&Type=search", "url2": "https://kouryokukai-fukuoka.jimdofree.com/" }, "geometry": { "type": "Point", "coordinates": [ 130.439125072352567, 33.577330623018021 ] } },
{ "type": "Feature", "properties": { "内容": "介護老人福祉施設　ライフケア大手門【介護老人福祉施設】福岡市中央区大手門2丁目5番15号", "url": "https://www.kaigokensaku.mhlw.go.jp/40/index.php?action_kouhyou_detail_004_kani=true&JigyosyoCd=4071000378-00&ServiceCd=510&Type=search", "url2": "http://www.o-lifecare.com" }, "geometry": { "type": "Point", "coordinates": [ 130.383307485844398, 33.591899379907431 ] } },
{ "type": "Feature", "properties": { "内容": "特別養護老人ホームはなみずき園【介護老人福祉施設】福岡市中央区鳥飼二丁目４番８号", "url": "https://www.kaigokensaku.mhlw.go.jp/40/index.php?action_kouhyou_detail_004_kani=true&JigyosyoCd=4071000618-00&ServiceCd=510&Type=search", "url2": null }, "geometry": { "type": "Point", "coordinates": [ 130.370773399999962, 33.5835716 ] } },
{ "type": "Feature", "properties": { "内容": "特別養護老人ホーム梅光園【介護老人福祉施設】福岡県福岡市中央区梅光園３－４－１", "url": "https://www.kaigokensaku.mhlw.go.jp/40/index.php?action_kouhyou_detail_004_kani=true&JigyosyoCd=4071001749-00&ServiceCd=510&Type=search", "url2": "http://www.tenjyukai.com" }, "geometry": { "type": "Point", "coordinates": [ 130.376495400000067, 33.5686983 ] } },
{ "type": "Feature", "properties": { "内容": "特別養護老人ホーム煌奏館【介護老人福祉施設】福岡県福岡市中央区清川2丁目17番17号", "url": "https://www.kaigokensaku.mhlw.go.jp/40/index.php?action_kouhyou_detail_004_kani=true&JigyosyoCd=4071002929-00&ServiceCd=510&Type=search", "url2": "https://asukafukushikai.com" }, "geometry": { "type": "Point", "coordinates": [ 130.41006732000676, 33.578339728081886 ] } },
{ "type": "Feature", "properties": { "内容": "特別養護老人ホーム回生園【介護老人福祉施設】福岡市南区的場２丁目３番３号", "url": "https://www.kaigokensaku.mhlw.go.jp/40/index.php?action_kouhyou_detail_004_kani=true&JigyosyoCd=4071100087-00&ServiceCd=510&Type=search", "url2": "http://care-net.biz/40/seishinkai/" }, "geometry": { "type": "Point", "coordinates": [ 130.431861339377434, 33.543671426200319 ] } },
{ "type": "Feature", "properties": { "内容": "特別養護老人ホーム　松月園【介護老人福祉施設】福岡市南区老司5-12-4", "url": "https://www.kaigokensaku.mhlw.go.jp/40/index.php?action_kouhyou_detail_004_kani=true&JigyosyoCd=4071100202-00&ServiceCd=510&Type=search", "url2": "http://www.matudukien.com/" }, "geometry": { "type": "Point", "coordinates": [ 130.417957600000022, 33.528706 ] } },
{ "type": "Feature", "properties": { "内容": "社会福祉法人福岡白百合会　花畑ホームアイナリーケア【介護老人福祉施設】福岡県福岡市南区大平寺2丁目37-18", "url": "https://www.kaigokensaku.mhlw.go.jp/40/index.php?action_kouhyou_detail_004_kani=true&JigyosyoCd=4071100244-00&ServiceCd=510&Type=search", "url2": "http:/fukuokashirayurikai.com/hanahata/" }, "geometry": { "type": "Point", "coordinates": [ 130.390564564895442, 33.529017767608792 ] } },
{ "type": "Feature", "properties": { "内容": "特別養護老人ホーム　花の季苑【介護老人福祉施設】福岡県福岡市南区和田4-16-1", "url": "https://www.kaigokensaku.mhlw.go.jp/40/index.php?action_kouhyou_detail_004_kani=true&JigyosyoCd=4071100251-00&ServiceCd=510&Type=search", "url2": "http://tokuwa.net" }, "geometry": { "type": "Point", "coordinates": [ 130.421498499999984, 33.5489011 ] } },
{ "type": "Feature", "properties": { "内容": "特別養護老人ホーム　シティケア　長住【介護老人福祉施設】福岡市南区長住3丁目7番1号", "url": "https://www.kaigokensaku.mhlw.go.jp/40/index.php?action_kouhyou_detail_004_kani=true&JigyosyoCd=4071100699-00&ServiceCd=510&Type=search", "url2": "http://citycare.jp" }, "geometry": { "type": "Point", "coordinates": [ 130.393639399999984, 33.5524729 ] } },
{ "type": "Feature", "properties": { "内容": "特別養護老人ホーム　鹿助荘【介護老人福祉施設】福岡県福岡市南区西長住2丁目1-57", "url": "https://www.kaigokensaku.mhlw.go.jp/40/index.php?action_kouhyou_detail_004_kani=true&JigyosyoCd=4071101994-00&ServiceCd=510&Type=search", "url2": "http://www.nagao.or.jp" }, "geometry": { "type": "Point", "coordinates": [ 130.392103499999962, 33.5508286 ] } },
{ "type": "Feature", "properties": { "内容": "特別養護老人ホームウィステリア福岡【介護老人福祉施設】福岡県福岡市南区野多目3丁目3番1号特別養護老人ホームウィステリア福岡", "url": "https://www.kaigokensaku.mhlw.go.jp/40/index.php?action_kouhyou_detail_004_kani=true&JigyosyoCd=4071106373-00&ServiceCd=510&Type=search", "url2": "https://www.tokuwa.net/" }, "geometry": { "type": "Point", "coordinates": [ 130.4181027, 33.5415396 ] } },
{ "type": "Feature", "properties": { "内容": "おおはし徳巣【介護老人福祉施設】福岡市南区大橋団地５－１", "url": "https://www.kaigokensaku.mhlw.go.jp/40/index.php?action_kouhyou_detail_004_kani=true&JigyosyoCd=4071103107-00&ServiceCd=510&Type=search", "url2": null }, "geometry": { "type": "Point", "coordinates": [ 130.431605900000022, 33.5568976 ] } },
{ "type": "Feature", "properties": { "内容": "特別養護老人ホーム　ムーンシャドウ【介護老人福祉施設】柳瀬一丁目15-1１１番２", "url": "https://www.kaigokensaku.mhlw.go.jp/40/index.php?action_kouhyou_detail_004_kani=true&JigyosyoCd=4071104170-00&ServiceCd=510&Type=search", "url2": "https://www.tokuwa.net/moon" }, "geometry": { "type": "Point", "coordinates": [ 130.435436500000037, 33.5356419 ] } },
{ "type": "Feature", "properties": { "内容": "特別養護老人ホーム　回生園弐番館【介護老人福祉施設】福岡県福岡市南区的場２丁目３番６号特別養護老人ホーム回生園弐番館", "url": "https://www.kaigokensaku.mhlw.go.jp/40/index.php?action_kouhyou_detail_004_kani=true&JigyosyoCd=4071105151-00&ServiceCd=510&Type=search", "url2": "http://care-net.biz/40/seishinkai/" }, "geometry": { "type": "Point", "coordinates": [ 130.433564400000023, 33.5400913 ] } },
{ "type": "Feature", "properties": { "内容": "特別養護老人ホーム　市崎の杜【介護老人福祉施設】福岡県福岡市南区市崎１丁目１５－１１", "url": "https://www.kaigokensaku.mhlw.go.jp/40/index.php?action_kouhyou_detail_004_kani=true&JigyosyoCd=4071105854-00&ServiceCd=510&Type=search", "url2": "http://www.nanokakai.jp" }, "geometry": { "type": "Point", "coordinates": [ 130.40364790000001, 33.5713541 ] } },
{ "type": "Feature", "properties": { "内容": "特別養護老人ホーム　ライフケア柏原【介護老人福祉施設】福岡市南区柏原４丁目２９番地５号", "url": "https://www.kaigokensaku.mhlw.go.jp/40/index.php?action_kouhyou_detail_004_kani=true&JigyosyoCd=4071103966-00&ServiceCd=510&Type=search", "url2": "http://www.o-lifecare.com" }, "geometry": { "type": "Point", "coordinates": [ 130.3970736, 33.5242923 ] } },
{ "type": "Feature", "properties": { "内容": "特別養護老人ホーム　光の丘【介護老人福祉施設】福岡県福岡市南区若久団地9番1号", "url": "https://www.kaigokensaku.mhlw.go.jp/40/index.php?action_kouhyou_detail_004_kani=true&JigyosyoCd=4071105474-00&ServiceCd=510&Type=search", "url2": "https://keikoukai-hikarinooka.jp/" }, "geometry": { "type": "Point", "coordinates": [ 130.419533374204917, 33.553770588907454 ] } },
{ "type": "Feature", "properties": { "内容": "第２花畑ホームアイナリーケア【介護老人福祉施設】福岡県福岡市南区柏原715-13", "url": "https://www.kaigokensaku.mhlw.go.jp/40/index.php?action_kouhyou_detail_004_kani=true&JigyosyoCd=4071100269-00&ServiceCd=510&Type=search", "url2": "http://fukuokashirayurikai.com/dai2hanahata/" }, "geometry": { "type": "Point", "coordinates": [ 130.383791699999961, 33.5132567 ] } },
{ "type": "Feature", "properties": { "内容": "日本赤十字社福岡県支部特別養護老人ホーム大寿園【介護老人福祉施設】福岡市西区今津520", "url": "https://www.kaigokensaku.mhlw.go.jp/40/index.php?action_kouhyou_detail_004_kani=true&JigyosyoCd=4071200291-00&ServiceCd=510&Type=search", "url2": "http://www.taijuen.jrc.or.jp/taijuen" }, "geometry": { "type": "Point", "coordinates": [ 130.272460099999989, 33.6013805 ] } },
{ "type": "Feature", "properties": { "内容": "特別養護老人ホーム　歴史の里【介護老人福祉施設】福岡市西区徳永397番地の46", "url": "https://www.kaigokensaku.mhlw.go.jp/40/index.php?action_kouhyou_detail_004_kani=true&JigyosyoCd=4071200309-00&ServiceCd=510&Type=search", "url2": "https://rekishinosato.jp" }, "geometry": { "type": "Point", "coordinates": [ 130.2617818, 33.5661769 ] } },
{ "type": "Feature", "properties": { "内容": "特別養護老人ホーム　寿生苑【介護老人福祉施設】福岡市西区田尻東3丁目2705-1", "url": "https://www.kaigokensaku.mhlw.go.jp/40/index.php?action_kouhyou_detail_004_kani=true&JigyosyoCd=4071200317-00&ServiceCd=510&Type=search", "url2": "http://www.imayamakai.or.jp/" }, "geometry": { "type": "Point", "coordinates": [ 130.259428399999933, 33.5896662 ] } },
{ "type": "Feature", "properties": { "内容": "特別養護老人ホーム　愛信園【介護老人福祉施設】福岡県福岡市西区吉武297番地", "url": "https://www.kaigokensaku.mhlw.go.jp/40/index.php?action_kouhyou_detail_004_kani=true&JigyosyoCd=4071200325-00&ServiceCd=510&Type=search", "url2": "http://www.aishinen.jp/" }, "geometry": { "type": "Point", "coordinates": [ 130.312059500000032, 33.5355868 ] } },
{ "type": "Feature", "properties": { "内容": "特別養護老人ホーム　七樹苑【介護老人福祉施設】福岡県福岡市西区今宿上ノ原１６番地の１", "url": "https://www.kaigokensaku.mhlw.go.jp/40/index.php?action_kouhyou_detail_004_kani=true&JigyosyoCd=4071200358-00&ServiceCd=510&Type=search", "url2": "http://www.fujinomikai.com/" }, "geometry": { "type": "Point", "coordinates": [ 130.283891499999982, 33.5668142 ] } },
{ "type": "Feature", "properties": { "内容": "介護老人福祉施設　リハモール福岡【介護老人福祉施設】福岡市西区野方七丁目780番1", "url": "https://www.kaigokensaku.mhlw.go.jp/40/index.php?action_kouhyou_detail_004_kani=true&JigyosyoCd=4071201083-00&ServiceCd=510&Type=search", "url2": "http://reha-mall.jp" }, "geometry": { "type": "Point", "coordinates": [ 130.303917899999988, 33.5577989 ] } },
{ "type": "Feature", "properties": { "内容": "特別養護老人ホーム　能古清和園【介護老人福祉施設】福岡市西区能古７７７番地１", "url": "https://www.kaigokensaku.mhlw.go.jp/40/index.php?action_kouhyou_detail_004_kani=true&JigyosyoCd=4071201604-00&ServiceCd=510&Type=search", "url2": "https://seiwaen-care.jp" }, "geometry": { "type": "Point", "coordinates": [ 130.306569500000023, 33.6090333 ] } },
{ "type": "Feature", "properties": { "内容": "ウエストヒル創生園【介護老人福祉施設】福岡県福岡市西区西の丘２丁目１番１号", "url": "https://www.kaigokensaku.mhlw.go.jp/40/index.php?action_kouhyou_detail_004_kani=true&JigyosyoCd=4071202131-00&ServiceCd=510&Type=search", "url2": "http://www.souseikai.or.jp" }, "geometry": { "type": "Point", "coordinates": [ 130.296443299999964, 33.5686479 ] } },
{ "type": "Feature", "properties": { "内容": "介護老人福祉施設下山門【介護老人福祉施設】福岡市西区下山門４丁目６－１", "url": "https://www.kaigokensaku.mhlw.go.jp/40/index.php?action_kouhyou_detail_004_kani=true&JigyosyoCd=4071202883-00&ServiceCd=510&Type=search", "url2": "https://itofukushikai.com/" }, "geometry": { "type": "Point", "coordinates": [ 130.30812794662134, 33.579450189528401 ] } },
{ "type": "Feature", "properties": { "内容": "特別養護老人ホームなの国【介護老人福祉施設】福岡県福岡市西区拾六町団地2番18号特別養護老人ホームなの国", "url": "https://www.kaigokensaku.mhlw.go.jp/40/index.php?action_kouhyou_detail_004_kani=true&JigyosyoCd=4071203220-00&ServiceCd=510&Type=search", "url2": "http://www.keitokukai.jp/" }, "geometry": { "type": "Point", "coordinates": [ 130.307910200000038, 33.565784 ] } },
{ "type": "Feature", "properties": { "内容": "特別養護老人ホーム　いと楽し【介護老人福祉施設】福岡県福岡市西区徳永北1-52地域複合福祉センター　いと楽し", "url": "https://www.kaigokensaku.mhlw.go.jp/40/index.php?action_kouhyou_detail_004_kani=true&JigyosyoCd=4071203527-00&ServiceCd=510&Type=search", "url2": "https://ito.fukuwel.or.jp" }, "geometry": { "type": "Point", "coordinates": [ 130.258712263090501, 33.576191654517217 ] } },
{ "type": "Feature", "properties": { "内容": "特別養護老人ホーム　あおい【介護老人福祉施設】福岡県福岡市西区室見が丘2丁目22番1号", "url": "https://www.kaigokensaku.mhlw.go.jp/40/index.php?action_kouhyou_detail_004_kani=true&JigyosyoCd=4071202677-00&ServiceCd=510&Type=search", "url2": "http://www.fukushi.-aoi.jp/" }, "geometry": { "type": "Point", "coordinates": [ 130.320667500000013, 33.5211214 ] } },
{ "type": "Feature", "properties": { "内容": "特別養護老人ホーム　ディグニティ内浜【介護老人福祉施設】福岡県福岡市西区内浜２－９－２３", "url": "https://www.kaigokensaku.mhlw.go.jp/40/index.php?action_kouhyou_detail_004_kani=true&JigyosyoCd=4071203063-00&ServiceCd=510&Type=search", "url2": "https://asukafukushikai.com/" }, "geometry": { "type": "Point", "coordinates": [ 130.315552499999967, 33.5835193 ] } },
{ "type": "Feature", "properties": { "内容": "特別養護老人ホーム松生園【介護老人福祉施設】福岡市西区今宿青木1093-22", "url": "https://www.kaigokensaku.mhlw.go.jp/40/index.php?action_kouhyou_detail_004_kani=true&JigyosyoCd=4071200333-00&ServiceCd=510&Type=search", "url2": "http://www.shoseien.jp/" }, "geometry": { "type": "Point", "coordinates": [ 130.291176899999982, 33.5768692 ] } },
{ "type": "Feature", "properties": { "内容": "特別養護老人ホーム　マナハウス【介護老人福祉施設】福岡市西区戸切3丁目20番8号", "url": "https://www.kaigokensaku.mhlw.go.jp/40/index.php?action_kouhyou_detail_004_kani=true&JigyosyoCd=4071201059-00&ServiceCd=510&Type=search", "url2": "http://www.sawara-fukushikai.org/manahouse/" }, "geometry": { "type": "Point", "coordinates": [ 130.313672799999949, 33.5523773 ] } },
{ "type": "Feature", "properties": { "内容": "特別養護老人ホーム初花【介護老人福祉施設】福岡県福岡市西区姪浜駅南４丁目１８番８号", "url": "https://www.kaigokensaku.mhlw.go.jp/40/index.php?action_kouhyou_detail_004_kani=true&JigyosyoCd=4071203105-00&ServiceCd=510&Type=search", "url2": "http://www.fcs.or.jp/" }, "geometry": { "type": "Point", "coordinates": [ 130.33002369999997, 33.5790447 ] } },
{ "type": "Feature", "properties": { "内容": "特別養護老人ホーム　油山緑寿園【介護老人福祉施設】福岡市城南区南片江4-14-1", "url": "https://www.kaigokensaku.mhlw.go.jp/40/index.php?action_kouhyou_detail_004_kani=true&JigyosyoCd=4071300216-00&ServiceCd=510&Type=search", "url2": "http://www.jyounan-fk.com/" }, "geometry": { "type": "Point", "coordinates": [ 130.3748554, 33.5359716 ] } },
{ "type": "Feature", "properties": { "内容": "社会福祉法人　油山福祉の里【介護老人福祉施設】福岡市城南区大字東油山字黒の原４９９番地１６", "url": "https://www.kaigokensaku.mhlw.go.jp/40/index.php?action_kouhyou_detail_004_kani=true&JigyosyoCd=4071300224-00&ServiceCd=510&Type=search", "url2": "http://www.fukusikai.or.jp" }, "geometry": { "type": "Point", "coordinates": [ 130.376102565390056, 33.52829322100493 ] } },
{ "type": "Feature", "properties": { "内容": "特別養護老人ホーム飛鳥【介護老人福祉施設】福岡市城南区鳥飼6丁目2番16号", "url": "https://www.kaigokensaku.mhlw.go.jp/40/index.php?action_kouhyou_detail_004_kani=true&JigyosyoCd=4071300232-00&ServiceCd=510&Type=search", "url2": "http://www.torikai.org" }, "geometry": { "type": "Point", "coordinates": [ 130.368501499999979, 33.5756307 ] } },
{ "type": "Feature", "properties": { "内容": "特別養護老人ホーム　白熊園【介護老人福祉施設】福岡市城南区別府7-5-45", "url": "https://www.kaigokensaku.mhlw.go.jp/40/index.php?action_kouhyou_detail_004_kani=true&JigyosyoCd=4071300802-00&ServiceCd=510&Type=search", "url2": "http://www.hakuyuu.or.jp/" }, "geometry": { "type": "Point", "coordinates": [ 130.368240600000036, 33.5692147 ] } },
{ "type": "Feature", "properties": { "内容": "特別養護老人ホーム城南の杜【介護老人福祉施設】福岡県福岡市城南区梅林３丁目１０番８号", "url": "https://www.kaigokensaku.mhlw.go.jp/40/index.php?action_kouhyou_detail_004_kani=true&JigyosyoCd=4071302394-00&ServiceCd=510&Type=search", "url2": "http://www.keishinkai-s.or.jp" }, "geometry": { "type": "Point", "coordinates": [ 130.356492300000014, 33.5478613 ] } },
{ "type": "Feature", "properties": { "内容": "ケアタウン茶山特別養護老人ホーム【介護老人福祉施設】福岡県福岡市城南区茶山3丁目9番1号", "url": "https://www.kaigokensaku.mhlw.go.jp/40/index.php?action_kouhyou_detail_004_kani=true&JigyosyoCd=4071302485-00&ServiceCd=510&Type=search", "url2": "https://chayama.fukusiminsei.or.jp/" }, "geometry": { "type": "Point", "coordinates": [ 130.365194, 33.560835 ] } },
{ "type": "Feature", "properties": { "内容": "特別養護老人ホーム恵風苑【介護老人福祉施設】福岡市早良区内野７丁目２５－１０", "url": "https://www.kaigokensaku.mhlw.go.jp/40/index.php?action_kouhyou_detail_004_kani=true&JigyosyoCd=4071400230-00&ServiceCd=510&Type=search", "url2": "http://www.keifuuen.ne.jp" }, "geometry": { "type": "Point", "coordinates": [ 130.343736199999967, 33.4937243 ] } },
{ "type": "Feature", "properties": { "内容": "特別養護老人ホームたちばな【介護老人福祉施設】福岡市早良区干隈4丁目18-10", "url": "https://www.kaigokensaku.mhlw.go.jp/40/index.php?action_kouhyou_detail_004_kani=true&JigyosyoCd=4071400255-00&ServiceCd=510&Type=search", "url2": "http://www.seiwakai-muta-hp.or.jp/welfare/" }, "geometry": { "type": "Point", "coordinates": [ 130.345565, 33.5546633 ] } },
{ "type": "Feature", "properties": { "内容": "特別養護老人ホーム　香楠荘【介護老人福祉施設】福岡市早良区東入部2-16-17", "url": "https://www.kaigokensaku.mhlw.go.jp/40/index.php?action_kouhyou_detail_004_kani=true&JigyosyoCd=4071400511-00&ServiceCd=510&Type=search", "url2": "https://www.kounansou.jp" }, "geometry": { "type": "Point", "coordinates": [ 130.33609720000004, 33.5172527 ] } },
{ "type": "Feature", "properties": { "内容": "特別養護老人ホーム　あおぞら【介護老人福祉施設】福岡県福岡市早良区城西2丁目6番27号特別養護老人ホーム　あおぞら", "url": "https://www.kaigokensaku.mhlw.go.jp/40/index.php?action_kouhyou_detail_004_kani=true&JigyosyoCd=4071401162-00&ServiceCd=510&Type=search", "url2": "https://shafukuarata.net/" }, "geometry": { "type": "Point", "coordinates": [ 130.362127, 33.5781081 ] } },
{ "type": "Feature", "properties": { "内容": "特別養護老人ホームサンシャインプラザ【介護老人福祉施設】福岡市早良区田村2丁目15番2号", "url": "https://www.kaigokensaku.mhlw.go.jp/40/index.php?action_kouhyou_detail_004_kani=true&JigyosyoCd=4071401329-00&ServiceCd=510&Type=search", "url2": "http//sunshine-plaza.or.jp/sun_plaza/" }, "geometry": { "type": "Point", "coordinates": [ 130.332327099999929, 33.5461973 ] } },
{ "type": "Feature", "properties": { "内容": "介護老人福祉施設　けやき【介護老人福祉施設】福岡市早良区荒江3丁目20番1号", "url": "https://www.kaigokensaku.mhlw.go.jp/40/index.php?action_kouhyou_detail_004_kani=true&JigyosyoCd=4071401600-00&ServiceCd=510&Type=search", "url2": "https://seiwakai-care.jp/" }, "geometry": { "type": "Point", "coordinates": [ 130.351347499999946, 33.570256 ] } },
{ "type": "Feature", "properties": { "内容": "特別養護老人ホーム　ラ・ポール有田【介護老人福祉施設】福岡県福岡市早良区有田7丁目2－4", "url": "https://www.kaigokensaku.mhlw.go.jp/40/index.php?action_kouhyou_detail_004_kani=true&JigyosyoCd=4071403713-00&ServiceCd=510&Type=search", "url2": "http://www.a-mizuhokai.jp" }, "geometry": { "type": "Point", "coordinates": [ 130.329899, 33.5641376 ] } },
{ "type": "Feature", "properties": { "内容": "特別養護老人ホームサンシャインセンター【介護老人福祉施設】干隈６丁目１０番２０号特別養護老人ホーム　サンシャインセンター", "url": "https://www.kaigokensaku.mhlw.go.jp/40/index.php?action_kouhyou_detail_004_kani=true&JigyosyoCd=4071404000-00&ServiceCd=510&Type=search", "url2": "http://sunshine-plaza.or.jp/sun_center" }, "geometry": { "type": "Point", "coordinates": [ 130.346540031877112, 33.54889814571181 ] } },
{ "type": "Feature", "properties": { "内容": "特別養護老人ホーム　次郎丸の里【介護老人福祉施設】次郎丸4丁目7-8", "url": "https://www.kaigokensaku.mhlw.go.jp/40/index.php?action_kouhyou_detail_004_kani=true&JigyosyoCd=4071404208-00&ServiceCd=510&Type=search", "url2": "http://www.jiroumarunosato.com/" }, "geometry": { "type": "Point", "coordinates": [ 130.330172223106501, 33.549336018776586 ] } },
{ "type": "Feature", "properties": { "内容": "さわらふれあいの里【介護老人福祉施設】福岡県福岡市早良区早良1丁目5番33号さわらふれあいの里", "url": "https://www.kaigokensaku.mhlw.go.jp/40/index.php?action_kouhyou_detail_004_kani=true&JigyosyoCd=4071404133-00&ServiceCd=510&Type=search", "url2": "http://fureaino-sato.net/" }, "geometry": { "type": "Point", "coordinates": [ 130.337726755294852, 33.506753911992163 ] } },
{ "type": "Feature", "properties": { "内容": "介護老人福祉施設高取【介護老人福祉施設】福岡県福岡市早良区昭代2-14-11", "url": "https://www.kaigokensaku.mhlw.go.jp/40/index.php?action_kouhyou_detail_004_kani=true&JigyosyoCd=4071404166-00&ServiceCd=510&Type=search", "url2": "https://itofukushikai.com/guide/takatori/" }, "geometry": { "type": "Point", "coordinates": [ 130.352972200000067, 33.5754583 ] } },
{ "type": "Feature", "properties": { "内容": "ライフケアしかた【介護老人福祉施設】福岡県福岡市早良区四箇６丁目１２番４１号", "url": "https://www.kaigokensaku.mhlw.go.jp/40/index.php?action_kouhyou_detail_004_kani=true&JigyosyoCd=4071402012-00&ServiceCd=510&Type=search", "url2": "http://www.o-lifecare.com" }, "geometry": { "type": "Point", "coordinates": [ 130.331094300000018, 33.530243 ] } },
{ "type": "Feature", "properties": { "内容": "特別養護老人ホーム　こもれび【介護老人福祉施設】福岡県大牟田市中町１丁目４－１", "url": "https://www.kaigokensaku.mhlw.go.jp/40/index.php?action_kouhyou_detail_004_kani=true&JigyosyoCd=4071500641-00&ServiceCd=510&Type=search", "url2": "http://www.s-soreiyu.com/" }, "geometry": { "type": "Point", "coordinates": [ 130.443643400000042, 33.0406166 ] } },
{ "type": "Feature", "properties": { "内容": "介護老人福祉施設美さと【介護老人福祉施設】福岡県大牟田市南船津町1丁目10番地", "url": "https://www.kaigokensaku.mhlw.go.jp/40/index.php?action_kouhyou_detail_004_kani=true&JigyosyoCd=4071501276-00&ServiceCd=510&Type=search", "url2": "http://www.kenkougroup.or.jp/" }, "geometry": { "type": "Point", "coordinates": [ 130.4357913, 33.008661 ] } },
{ "type": "Feature", "properties": { "内容": "特別養護老人ホーム延寿苑【介護老人福祉施設】福岡県大牟田市大字今山4345－1", "url": "https://www.kaigokensaku.mhlw.go.jp/40/index.php?action_kouhyou_detail_004_kani=true&JigyosyoCd=4071500526-00&ServiceCd=510&Type=search", "url2": "enjuen1@lime.ocn.ne.jp" }, "geometry": { "type": "Point", "coordinates": [ 130.48574282023776, 33.027840936619327 ] } },
{ "type": "Feature", "properties": { "内容": "特別養護老人ホーム　サン久福木【介護老人福祉施設】福岡県大牟田市大字久福木894番地", "url": "https://www.kaigokensaku.mhlw.go.jp/40/index.php?action_kouhyou_detail_004_kani=true&JigyosyoCd=4071500625-00&ServiceCd=510&Type=search", "url2": "http://www.genkokai.or.jp" }, "geometry": { "type": "Point", "coordinates": [ 130.490761799999973, 33.0559018 ] } },
{ "type": "Feature", "properties": { "内容": "特別養護老人ホームすぎの木【介護老人福祉施設】大字甘木44番地1", "url": "https://www.kaigokensaku.mhlw.go.jp/40/index.php?action_kouhyou_detail_004_kani=true&JigyosyoCd=4071503009-00&ServiceCd=510&Type=search", "url2": "http://sugi-no-ki.jp" }, "geometry": { "type": "Point", "coordinates": [ 130.465254800000025, 33.0602981 ] } },
{ "type": "Feature", "properties": { "内容": "特別養護老人ホーム　サンフレンズ【介護老人福祉施設】福岡県大牟田市沖田町510番地", "url": "https://www.kaigokensaku.mhlw.go.jp/40/index.php?action_kouhyou_detail_004_kani=true&JigyosyoCd=4071500633-00&ServiceCd=510&Type=search", "url2": "http://www.sunfriends.net/" }, "geometry": { "type": "Point", "coordinates": [ 130.449082200000021, 33.0117361 ] } },
{ "type": "Feature", "properties": { "内容": "特別養護老人ホーム　サンフレンズ（個室ユニット）【介護老人福祉施設】福岡県大牟田市沖田町510番地西別館　南別館", "url": "https://www.kaigokensaku.mhlw.go.jp/40/index.php?action_kouhyou_detail_004_kani=true&JigyosyoCd=4071503108-00&ServiceCd=510&Type=search", "url2": "http://www.sunfriends.net/" }, "geometry": { "type": "Point", "coordinates": [ 130.449082200000021, 33.0117361 ] } },
{ "type": "Feature", "properties": { "内容": "特別養護老人ホーム天光園【介護老人福祉施設】福岡県大牟田市大字倉永693番地", "url": "https://www.kaigokensaku.mhlw.go.jp/40/index.php?action_kouhyou_detail_004_kani=true&JigyosyoCd=4071500476-00&ServiceCd=510&Type=search", "url2": "http：//www.tenkouen.com" }, "geometry": { "type": "Point", "coordinates": [ 130.47594730000003, 33.0822546 ] } },
{ "type": "Feature", "properties": { "内容": "特別養護老人ホーム　昌普久苑【介護老人福祉施設】福岡県大牟田市上白川町２丁目３１－３", "url": "https://www.kaigokensaku.mhlw.go.jp/40/index.php?action_kouhyou_detail_004_kani=true&JigyosyoCd=4071502225-00&ServiceCd=510&Type=search", "url2": "https://omuta-shoufukuen.com/" }, "geometry": { "type": "Point", "coordinates": [ 130.465291900000011, 33.044336 ] } },
{ "type": "Feature", "properties": { "内容": "介護老人福祉施設サンホリデー【介護老人福祉施設】福岡県大牟田市岬2860-2", "url": "https://www.kaigokensaku.mhlw.go.jp/40/index.php?action_kouhyou_detail_004_kani=true&JigyosyoCd=4071501938-00&ServiceCd=510&Type=search", "url2": "https://sunholiday.jp/" }, "geometry": { "type": "Point", "coordinates": [ 130.43736709999996, 33.0684381 ] } },
{ "type": "Feature", "properties": { "内容": "特別養護老人ホーム　唐孔雀園【介護老人福祉施設】福岡県久留米市青峰三丁目12番1号", "url": "https://www.kaigokensaku.mhlw.go.jp/40/index.php?action_kouhyou_detail_004_kani=true&JigyosyoCd=4071600490-00&ServiceCd=510&Type=search", "url2": "http://keifukukai.jp/index.html" }, "geometry": { "type": "Point", "coordinates": [ 130.556292399999961, 33.2813212 ] } },
{ "type": "Feature", "properties": { "内容": "特別養護老人ホームみづま敬和苑【介護老人福祉施設】福岡県久留米市三潴町西牟田6128－1", "url": "https://www.kaigokensaku.mhlw.go.jp/40/index.php?action_kouhyou_detail_004_kani=true&JigyosyoCd=4071602538-00&ServiceCd=510&Type=search", "url2": "http://keiwaen.com." }, "geometry": { "type": "Point", "coordinates": [ 130.482893500000046, 33.2432652 ] } },
{ "type": "Feature", "properties": { "内容": "特別養護老人ホーム　ひじり園【介護老人福祉施設】福岡県久留米市田主丸町石垣1291-6", "url": "https://www.kaigokensaku.mhlw.go.jp/40/index.php?action_kouhyou_detail_004_kani=true&JigyosyoCd=4077400101-00&ServiceCd=510&Type=search", "url2": "http://hijirikai.com" }, "geometry": { "type": "Point", "coordinates": [ 130.70652670000004, 33.3265335 ] } },
{ "type": "Feature", "properties": { "内容": "特別養護老人ホーム山翠園【介護老人福祉施設】福岡県久留米市山本町耳納２００５番地", "url": "https://www.kaigokensaku.mhlw.go.jp/40/index.php?action_kouhyou_detail_004_kani=true&JigyosyoCd=4071600268-00&ServiceCd=510&Type=search", "url2": "https://sansuien-kurume.net" }, "geometry": { "type": "Point", "coordinates": [ 130.613767899999971, 33.3118692 ] } },
{ "type": "Feature", "properties": { "内容": "特別養護老人ホームふれあいの園【介護老人福祉施設】福岡県久留米市城島町上青木165番地", "url": "https://www.kaigokensaku.mhlw.go.jp/40/index.php?action_kouhyou_detail_004_kani=true&JigyosyoCd=4077800045-00&ServiceCd=510&Type=search", "url2": "www.fureainosono.com" }, "geometry": { "type": "Point", "coordinates": [ 130.410663436106915, 33.243738542858715 ] } },
{ "type": "Feature", "properties": { "内容": "特別養護老人ホーム　光寿苑【介護老人福祉施設】久留米市宮ノ陣町大杜467-1", "url": "https://www.kaigokensaku.mhlw.go.jp/40/index.php?action_kouhyou_detail_004_kani=true&JigyosyoCd=4071600367-00&ServiceCd=510&Type=search", "url2": "www.kojyuen.net/" }, "geometry": { "type": "Point", "coordinates": [ 130.545542699999942, 33.3370801 ] } },
{ "type": "Feature", "properties": { "内容": "特別養護老人ホーム長生園【介護老人福祉施設】福岡県久留米市荒木町下荒木１２５０－２", "url": "https://www.kaigokensaku.mhlw.go.jp/40/index.php?action_kouhyou_detail_004_kani=true&JigyosyoCd=4071600631-00&ServiceCd=510&Type=search", "url2": "http://www.k-tyouseien.com" }, "geometry": { "type": "Point", "coordinates": [ 130.480718300000035, 33.2671323 ] } },
{ "type": "Feature", "properties": { "内容": "特別養護老人ホーム　宝生園【介護老人福祉施設】福岡県久留米市北野町鳥巣字浜36番地1特別養護老人ホーム宝生園", "url": "https://www.kaigokensaku.mhlw.go.jp/40/index.php?action_kouhyou_detail_004_kani=true&JigyosyoCd=4077600015-00&ServiceCd=510&Type=search", "url2": "http://www.houseien.net/" }, "geometry": { "type": "Point", "coordinates": [ 130.584481908628845, 33.334731302790757 ] } },
{ "type": "Feature", "properties": { "内容": "特別養護老人ホーム紅葉樹【介護老人福祉施設】福岡県久留米市山本町豊田1567-1", "url": "https://www.kaigokensaku.mhlw.go.jp/40/index.php?action_kouhyou_detail_004_kani=true&JigyosyoCd=4071601886-00&ServiceCd=510&Type=search", "url2": "http://www.hazenomikai.or.jp" }, "geometry": { "type": "Point", "coordinates": [ 130.59342259999994, 33.3089688 ] } },
{ "type": "Feature", "properties": { "内容": "特別養護老人ホーム長光園【介護老人福祉施設】福岡県直方市大字頓野２５９番地の５３", "url": "https://www.kaigokensaku.mhlw.go.jp/40/index.php?action_kouhyou_detail_004_kani=true&JigyosyoCd=4071701132-00&ServiceCd=510&Type=search", "url2": "http://www.seikou-kai.net/" }, "geometry": { "type": "Point", "coordinates": [ 130.765290400000026, 33.7530192 ] } },
{ "type": "Feature", "properties": { "内容": "特別養護老人ホームすみれそうのおがた【介護老人福祉施設】福岡県直方市大字上境2027番1", "url": "https://www.kaigokensaku.mhlw.go.jp/40/index.php?action_kouhyou_detail_004_kani=true&JigyosyoCd=4071702254-00&ServiceCd=510&Type=search", "url2": "https://hanabusakai.jp/" }, "geometry": { "type": "Point", "coordinates": [ 130.753396899999984, 33.7272507 ] } },
{ "type": "Feature", "properties": { "内容": "特別養護老人ホーム　ソレイユ湯野原【介護老人福祉施設】福岡県直方市湯野原二丁目15-1", "url": "https://www.kaigokensaku.mhlw.go.jp/40/index.php?action_kouhyou_detail_004_kani=true&JigyosyoCd=4071702015-00&ServiceCd=510&Type=search", "url2": "www.soreiyugroup.or.jp" }, "geometry": { "type": "Point", "coordinates": [ 130.752022139986906, 33.76811618514995 ] } },
{ "type": "Feature", "properties": { "内容": "特別養護老人ホーム　愛和園【介護老人福祉施設】福岡県直方市大字中泉1182-25", "url": "https://www.kaigokensaku.mhlw.go.jp/40/index.php?action_kouhyou_detail_004_kani=true&JigyosyoCd=4071700225-00&ServiceCd=510&Type=search", "url2": null }, "geometry": { "type": "Point", "coordinates": [ 130.737177400000064, 33.7155481 ] } },
{ "type": "Feature", "properties": { "内容": "特別養護老人ホーム愛和園・ユニット【介護老人福祉施設】福岡県直方市大字中泉１１８２番地２５", "url": "https://www.kaigokensaku.mhlw.go.jp/40/index.php?action_kouhyou_detail_004_kani=true&JigyosyoCd=4071702445-00&ServiceCd=510&Type=search", "url2": "aiwan-i@royal.ocn.ne.jp" }, "geometry": { "type": "Point", "coordinates": [ 130.7373001, 33.7157359 ] } },
{ "type": "Feature", "properties": { "内容": "特別養護老人ホーム　植木ひかり苑【介護老人福祉施設】福岡県直方市大字植木1932-5", "url": "https://www.kaigokensaku.mhlw.go.jp/40/index.php?action_kouhyou_detail_004_kani=true&JigyosyoCd=4071701892-00&ServiceCd=510&Type=search", "url2": "http://suzunonekai.jp/" }, "geometry": { "type": "Point", "coordinates": [ 130.6987977, 33.7824591 ] } },
{ "type": "Feature", "properties": { "内容": "特別養護老人ホーム太陽の郷【介護老人福祉施設】福岡県飯塚市下三緒６９０番地", "url": "https://www.kaigokensaku.mhlw.go.jp/40/index.php?action_kouhyou_detail_004_kani=true&JigyosyoCd=4071800330-00&ServiceCd=510&Type=search", "url2": "http://taiyonosato.jp/" }, "geometry": { "type": "Point", "coordinates": [ 130.701261100000011, 33.6328812 ] } },
{ "type": "Feature", "properties": { "内容": "特別養護老人ホーム本陣園【介護老人福祉施設】福岡県飯塚市長尾884番地1", "url": "https://www.kaigokensaku.mhlw.go.jp/40/index.php?action_kouhyou_detail_004_kani=true&JigyosyoCd=4076100033-00&ServiceCd=510&Type=search", "url2": "https://care-net.biz/40/honjinen/" }, "geometry": { "type": "Point", "coordinates": [ 130.644047633157328, 33.575208088004757 ] } },
{ "type": "Feature", "properties": { "内容": "特別養護老人ホーム多田の里愛夢【介護老人福祉施設】福岡県飯塚市多田309番地11", "url": "https://www.kaigokensaku.mhlw.go.jp/40/index.php?action_kouhyou_detail_004_kani=true&JigyosyoCd=4071803276-00&ServiceCd=510&Type=search", "url2": "http://tadanosato.jp/" }, "geometry": { "type": "Point", "coordinates": [ 130.741997399999946, 33.6439695 ] } },
{ "type": "Feature", "properties": { "内容": "特別養護老人ホーム多田の里【介護老人福祉施設】福岡県飯塚市多田309番地11", "url": "https://www.kaigokensaku.mhlw.go.jp/40/index.php?action_kouhyou_detail_004_kani=true&JigyosyoCd=4076300146-00&ServiceCd=510&Type=search", "url2": "http://tadanosato.jp/" }, "geometry": { "type": "Point", "coordinates": [ 130.741997399999946, 33.6439695 ] } },
{ "type": "Feature", "properties": { "内容": "特別養護老人ホーム　第二いずみ苑【介護老人福祉施設】福岡県飯塚市庄司2003番地4", "url": "https://www.kaigokensaku.mhlw.go.jp/40/index.php?action_kouhyou_detail_004_kani=true&JigyosyoCd=4071800223-00&ServiceCd=510&Type=search", "url2": "http://www.izumifukushikai.com/" }, "geometry": { "type": "Point", "coordinates": [ 130.661398678620913, 33.673012856236817 ] } },
{ "type": "Feature", "properties": { "内容": "第二いずみ苑(ユニット）【介護老人福祉施設】福岡県飯塚市庄司2003番地4", "url": "https://www.kaigokensaku.mhlw.go.jp/40/index.php?action_kouhyou_detail_004_kani=true&JigyosyoCd=4071803078-00&ServiceCd=510&Type=search", "url2": "http://www.izumifukusikai.com/" }, "geometry": { "type": "Point", "coordinates": [ 130.661414384130921, 33.673016024751568 ] } },
{ "type": "Feature", "properties": { "内容": "特別養護老人ホーム　かいた苑【介護老人福祉施設】福岡県飯塚市勢田２５９３番地６５", "url": "https://www.kaigokensaku.mhlw.go.jp/40/index.php?action_kouhyou_detail_004_kani=true&JigyosyoCd=4076400045-00&ServiceCd=510&Type=search", "url2": null }, "geometry": { "type": "Point", "coordinates": [ 130.727075900000045, 33.7037573 ] } },
{ "type": "Feature", "properties": { "内容": "特別養護老人ホーム　筑穂桜の園【介護老人福祉施設】福岡県飯塚市長尾1428番地1", "url": "https://www.kaigokensaku.mhlw.go.jp/40/index.php?action_kouhyou_detail_004_kani=true&JigyosyoCd=4071803458-00&ServiceCd=510&Type=search", "url2": null }, "geometry": { "type": "Point", "coordinates": [ 130.643037199999981, 33.5728473 ] } },
{ "type": "Feature", "properties": { "内容": "特別養護老人ホーム　つばき苑【介護老人福祉施設】福岡県飯塚市椿623番地8", "url": "https://www.kaigokensaku.mhlw.go.jp/40/index.php?action_kouhyou_detail_004_kani=true&JigyosyoCd=4076200015-00&ServiceCd=510&Type=search", "url2": "https://tbk-en.jp" }, "geometry": { "type": "Point", "coordinates": [ 130.652126599999974, 33.6190342 ] } },
{ "type": "Feature", "properties": { "内容": "特別養護老人ホーム　はくりゅう園【介護老人福祉施設】福岡県飯塚市綱分192番地1", "url": "https://www.kaigokensaku.mhlw.go.jp/40/index.php?action_kouhyou_detail_004_kani=true&JigyosyoCd=4076300070-00&ServiceCd=510&Type=search", "url2": "http://www.hakuryuen.net/" }, "geometry": { "type": "Point", "coordinates": [ 130.737222499505577, 33.627989192115315 ] } },
{ "type": "Feature", "properties": { "内容": "特別養護老人ホームいいづか【介護老人福祉施設】福岡県飯塚市花瀬157番地1", "url": "https://www.kaigokensaku.mhlw.go.jp/40/index.php?action_kouhyou_detail_004_kani=true&JigyosyoCd=4071800348-00&ServiceCd=510&Type=search", "url2": "http://iihokai.com" }, "geometry": { "type": "Point", "coordinates": [ 130.65925029999994, 33.6422154 ] } },
{ "type": "Feature", "properties": { "内容": "社会福祉法人　特別養護老人ホーム　サミック飯塚【介護老人福祉施設】福岡県飯塚市太郎丸712番地1", "url": "https://www.kaigokensaku.mhlw.go.jp/40/index.php?action_kouhyou_detail_004_kani=true&JigyosyoCd=4077800326-00&ServiceCd=510&Type=search", "url2": "https://summick.or.jp/iizuka/" }, "geometry": { "type": "Point", "coordinates": [ 130.668943399999989, 33.6047062 ] } },
{ "type": "Feature", "properties": { "内容": "特別養護老人ホーム　くぬぎ苑【介護老人福祉施設】福岡県飯塚市相田１１４－１", "url": "https://www.kaigokensaku.mhlw.go.jp/40/index.php?action_kouhyou_detail_004_kani=true&JigyosyoCd=4071801528-00&ServiceCd=510&Type=search", "url2": "http://kunugien.com/" }, "geometry": { "type": "Point", "coordinates": [ 130.661780200000067, 33.6570109 ] } },
{ "type": "Feature", "properties": { "内容": "特別養護老人ホーム　天空の杜【介護老人福祉施設】福岡県飯塚市平恒181-1", "url": "https://www.kaigokensaku.mhlw.go.jp/40/index.php?action_kouhyou_detail_004_kani=true&JigyosyoCd=4071802021-00&ServiceCd=510&Type=search", "url2": "http://www.9-10.jp" }, "geometry": { "type": "Point", "coordinates": [ 130.686682799999971, 33.611422 ] } },
{ "type": "Feature", "properties": { "内容": "特別養護老人ホーム　天寿園【介護老人福祉施設】福岡県飯塚市高田167番地", "url": "https://www.kaigokensaku.mhlw.go.jp/40/index.php?action_kouhyou_detail_004_kani=true&JigyosyoCd=4076200098-00&ServiceCd=510&Type=search", "url2": null }, "geometry": { "type": "Point", "coordinates": [ 130.638981300000069, 33.5955504 ] } },
{ "type": "Feature", "properties": { "内容": "特別養護老人ホーム寿楽園【介護老人福祉施設】福岡県田川市大字伊加利2091-8", "url": "https://www.kaigokensaku.mhlw.go.jp/40/index.php?action_kouhyou_detail_004_kani=true&JigyosyoCd=4071900171-00&ServiceCd=510&Type=search", "url2": "http://jyurakuen.or.jp/" }, "geometry": { "type": "Point", "coordinates": [ 130.833657477136541, 33.617399196185282 ] } },
{ "type": "Feature", "properties": { "内容": "特別養護老人ホーム　ことぶき園【介護老人福祉施設】福岡県田川市大字伊田431-1", "url": "https://www.kaigokensaku.mhlw.go.jp/40/index.php?action_kouhyou_detail_004_kani=true&JigyosyoCd=4071900189-00&ServiceCd=510&Type=search", "url2": "http://www.tagawafukushikai.com/" }, "geometry": { "type": "Point", "coordinates": [ 130.814466, 33.6433849 ] } },
{ "type": "Feature", "properties": { "内容": "特別養護老人ホームむつみ園【介護老人福祉施設】田川市大字大字弓削田2838番地49特別養護老人ホーム　むつみ園", "url": "https://www.kaigokensaku.mhlw.go.jp/40/index.php?action_kouhyou_detail_004_kani=true&JigyosyoCd=4071900395-00&ServiceCd=510&Type=search", "url2": "http://fukuoka-mutsumien.com/" }, "geometry": { "type": "Point", "coordinates": [ 130.773394765435228, 33.633416116061206 ] } },
{ "type": "Feature", "properties": { "内容": "ユニット型介護老人福祉施設　春のおとずれ【介護老人福祉施設】福岡県田川市大字伊加利２０４７－３", "url": "https://www.kaigokensaku.mhlw.go.jp/40/index.php?action_kouhyou_detail_004_kani=true&JigyosyoCd=4071902342-00&ServiceCd=510&Type=search", "url2": "http://otozure1.boo.jp" }, "geometry": { "type": "Point", "coordinates": [ 130.826421440614354, 33.621610833377687 ] } },
{ "type": "Feature", "properties": { "内容": "特別養護老人ホーム　第二敬和苑【介護老人福祉施設】福岡県柳川市大和町塩塚　1378", "url": "https://www.kaigokensaku.mhlw.go.jp/40/index.php?action_kouhyou_detail_004_kani=true&JigyosyoCd=4072000567-00&ServiceCd=510&Type=search", "url2": "http://www.keiwaen.com" }, "geometry": { "type": "Point", "coordinates": [ 130.4349985, 33.1363874 ] } },
{ "type": "Feature", "properties": { "内容": "特別養護老人ホ－ム　敬和苑【介護老人福祉施設】福岡県柳川市大和町栄２２０番地の２", "url": "https://www.kaigokensaku.mhlw.go.jp/40/index.php?action_kouhyou_detail_004_kani=true&JigyosyoCd=4078800069-00&ServiceCd=510&Type=search", "url2": "http://www.keiwaen.com/" }, "geometry": { "type": "Point", "coordinates": [ 130.428707199999963, 33.1341485 ] } },
{ "type": "Feature", "properties": { "内容": "特別養護老人ホーム　ありあけ園【介護老人福祉施設】柳川市三橋町五拾町547番地", "url": "https://www.kaigokensaku.mhlw.go.jp/40/index.php?action_kouhyou_detail_004_kani=true&JigyosyoCd=4078900042-00&ServiceCd=510&Type=search", "url2": "http://ariakeen.or.jp" }, "geometry": { "type": "Point", "coordinates": [ 130.458311687764052, 33.155705565791251 ] } },
{ "type": "Feature", "properties": { "内容": "特別養護老人ホーム　エルンテハイム【介護老人福祉施設】福岡県柳川市三橋町蒲船津１９４－２", "url": "https://www.kaigokensaku.mhlw.go.jp/40/index.php?action_kouhyou_detail_004_kani=true&JigyosyoCd=4078900190-00&ServiceCd=510&Type=search", "url2": "http://ernteheim.shafuku.com" }, "geometry": { "type": "Point", "coordinates": [ 130.426048199999968, 33.1627784 ] } },
{ "type": "Feature", "properties": { "内容": "特別養護老人ホーム　ふるさとホーム【介護老人福祉施設】福岡県柳川市東蒲池564-1", "url": "https://www.kaigokensaku.mhlw.go.jp/40/index.php?action_kouhyou_detail_004_kani=true&JigyosyoCd=4072000153-00&ServiceCd=510&Type=search", "url2": "https://www.gakuseikai.or.jp/service/furusatohome/" }, "geometry": { "type": "Point", "coordinates": [ 130.409638296295157, 33.185892284194026 ] } },
{ "type": "Feature", "properties": { "内容": "特別養護老人ホーム　第二おやさと【介護老人福祉施設】柳川市東蒲池225", "url": "https://www.kaigokensaku.mhlw.go.jp/40/index.php?action_kouhyou_detail_004_kani=true&JigyosyoCd=4072000187-00&ServiceCd=510&Type=search", "url2": "gakuseikai.or.jp/" }, "geometry": { "type": "Point", "coordinates": [ 130.412700377246125, 33.186576397353939 ] } },
{ "type": "Feature", "properties": { "内容": "特別養護老人ホーム　よのもと【介護老人福祉施設】福岡県柳川市東蒲池５２１－１", "url": "https://www.kaigokensaku.mhlw.go.jp/40/index.php?action_kouhyou_detail_004_kani=true&JigyosyoCd=4072000526-00&ServiceCd=510&Type=search", "url2": null }, "geometry": { "type": "Point", "coordinates": [ 130.412202100000059, 33.1863699 ] } },
{ "type": "Feature", "properties": { "内容": "特別養護老人ホーム　星寿園【介護老人福祉施設】福岡県八女市星野村２４００－１", "url": "https://www.kaigokensaku.mhlw.go.jp/40/index.php?action_kouhyou_detail_004_kani=true&JigyosyoCd=4078600014-00&ServiceCd=510&Type=search", "url2": "http://seijyuen.jp/" }, "geometry": { "type": "Point", "coordinates": [ 130.712132316383105, 33.257644632194953 ] } },
{ "type": "Feature", "properties": { "内容": "特別養護老人ホーム　八女の里【介護老人福祉施設】福岡県八女市柳島863番地", "url": "https://www.kaigokensaku.mhlw.go.jp/40/index.php?action_kouhyou_detail_004_kani=true&JigyosyoCd=4072300116-00&ServiceCd=510&Type=search", "url2": "http://www.yame-sato.com/" }, "geometry": { "type": "Point", "coordinates": [ 130.6072762, 33.2159011 ] } },
{ "type": "Feature", "properties": { "内容": "ユニット型特別養護老人ホーム　ステイン八女の里【介護老人福祉施設】福岡県八女市柳島８６３番地", "url": "https://www.kaigokensaku.mhlw.go.jp/40/index.php?action_kouhyou_detail_004_kani=true&JigyosyoCd=4072301304-00&ServiceCd=510&Type=search", "url2": "http://www.yame-sato.com" }, "geometry": { "type": "Point", "coordinates": [ 130.606948970500156, 33.215667726902524 ] } },
{ "type": "Feature", "properties": { "内容": "特別養護老人ホーム桜の里【介護老人福祉施設】福岡県八女市黒木町木屋２，８３０番地", "url": "https://www.kaigokensaku.mhlw.go.jp/40/index.php?action_kouhyou_detail_004_kani=true&JigyosyoCd=4078100056-00&ServiceCd=510&Type=search", "url2": "https://kurokifukushi.com" }, "geometry": { "type": "Point", "coordinates": [ 130.700809411036715, 33.208554809749963 ] } },
{ "type": "Feature", "properties": { "内容": "特別養護老人ホーム　光陽の郷【介護老人福祉施設】福岡県八女市上陽町北川内2818番地の1", "url": "https://www.kaigokensaku.mhlw.go.jp/40/index.php?action_kouhyou_detail_004_kani=true&JigyosyoCd=4078200039-00&ServiceCd=510&Type=search", "url2": "https://www.kouyounosato.com/kouyounosato/" }, "geometry": { "type": "Point", "coordinates": [ 130.648004611201486, 33.232922291996111 ] } },
{ "type": "Feature", "properties": { "内容": "八女市特別養護老人ホームゆいのもり【介護老人福祉施設】福岡県八女市矢部村矢部４０５８番地１", "url": "https://www.kaigokensaku.mhlw.go.jp/40/index.php?action_kouhyou_detail_004_kani=true&JigyosyoCd=4072300942-00&ServiceCd=510&Type=search", "url2": "yamesyakyo.jp/" }, "geometry": { "type": "Point", "coordinates": [ 130.828544700000066, 33.1447307 ] } },
{ "type": "Feature", "properties": { "内容": "特別養護老人ホーム梅花園【介護老人福祉施設】福岡県八女市立花町下辺春5460番地1", "url": "https://www.kaigokensaku.mhlw.go.jp/40/index.php?action_kouhyou_detail_004_kani=true&JigyosyoCd=4078300052-00&ServiceCd=510&Type=search", "url2": "http://www.baikaen.jp" }, "geometry": { "type": "Point", "coordinates": [ 130.612825363280081, 33.194848550452775 ] } },
{ "type": "Feature", "properties": { "内容": "特別養護老人ホーム　第二光陽の郷【介護老人福祉施設】福岡県八女市鵜池414番地", "url": "https://www.kaigokensaku.mhlw.go.jp/40/index.php?action_kouhyou_detail_004_kani=true&JigyosyoCd=4072301213-00&ServiceCd=510&Type=search", "url2": null }, "geometry": { "type": "Point", "coordinates": [ 130.522588692282199, 33.208092678626642 ] } },
{ "type": "Feature", "properties": { "内容": "特別養護老人ホーム　芳樹園【介護老人福祉施設】筑後市大字鶴田555番地1", "url": "https://www.kaigokensaku.mhlw.go.jp/40/index.php?action_kouhyou_detail_004_kani=true&JigyosyoCd=4072400080-00&ServiceCd=510&Type=search", "url2": "http://kourinfukushi.or.jp/" }, "geometry": { "type": "Point", "coordinates": [ 130.505187400000068, 33.1925271 ] } },
{ "type": "Feature", "properties": { "内容": "特別養護老人ホーム　桜の丘【介護老人福祉施設】福岡県筑後市西牟田6365-8", "url": "https://www.kaigokensaku.mhlw.go.jp/40/index.php?action_kouhyou_detail_004_kani=true&JigyosyoCd=4072400114-00&ServiceCd=510&Type=search", "url2": "http://www.sakuraen.biz" }, "geometry": { "type": "Point", "coordinates": [ 130.498989400000028, 33.2419851 ] } },
{ "type": "Feature", "properties": { "内容": "特別養護老人ホーム　ちくご船小屋【介護老人福祉施設】福岡県筑後市大字志121番2特別養護老人ホームちくご船小屋", "url": "https://www.kaigokensaku.mhlw.go.jp/40/index.php?action_kouhyou_detail_004_kani=true&JigyosyoCd=4072400692-00&ServiceCd=510&Type=search", "url2": "https://youzankai.jp" }, "geometry": { "type": "Point", "coordinates": [ 130.4980769, 33.185336 ] } },
{ "type": "Feature", "properties": { "内容": "特別養護老人ホーム　木もれ日苑【介護老人福祉施設】福岡県大川市中木室934番地", "url": "https://www.kaigokensaku.mhlw.go.jp/40/index.php?action_kouhyou_detail_004_kani=true&JigyosyoCd=4072500707-00&ServiceCd=510&Type=search", "url2": "http://komorebien.kouhoukai.org" }, "geometry": { "type": "Point", "coordinates": [ 130.419849043191562, 33.211138513165928 ] } },
{ "type": "Feature", "properties": { "内容": "特別養護老人ホーム　永寿園【介護老人福祉施設】福岡県大川市大字鐘ヶ江7-1", "url": "https://www.kaigokensaku.mhlw.go.jp/40/index.php?action_kouhyou_detail_004_kani=true&JigyosyoCd=4072500012-00&ServiceCd=510&Type=search", "url2": "http://www.eijunosato.com" }, "geometry": { "type": "Point", "coordinates": [ 130.376417, 33.2320473 ] } },
{ "type": "Feature", "properties": { "内容": "特別養護老人ホーム大川荘【介護老人福祉施設】福岡県大川市大字大野島字笹の下８５７番１", "url": "https://www.kaigokensaku.mhlw.go.jp/40/index.php?action_kouhyou_detail_004_kani=true&JigyosyoCd=4072500152-00&ServiceCd=510&Type=search", "url2": "http://care-net.biz/40/ookawakakureikai/" }, "geometry": { "type": "Point", "coordinates": [ 130.383957600000031, 33.2065943 ] } },
{ "type": "Feature", "properties": { "内容": "特別養護老人ホームみやこの苑【介護老人福祉施設】福岡県行橋市大字二塚584番地", "url": "https://www.kaigokensaku.mhlw.go.jp/40/index.php?action_kouhyou_detail_004_kani=true&JigyosyoCd=4072600242-00&ServiceCd=510&Type=search", "url2": "http://sbnsl.wp-x.jp/" }, "geometry": { "type": "Point", "coordinates": [ 130.937070700000049, 33.7282054 ] } },
{ "type": "Feature", "properties": { "内容": "ユニット型特別養護老人ホームみやこの苑【介護老人福祉施設】福岡県行橋市大字二塚５８４番地ユニット型特別養護老人ホームみやこの苑", "url": "https://www.kaigokensaku.mhlw.go.jp/40/index.php?action_kouhyou_detail_004_kani=true&JigyosyoCd=4072601612-00&ServiceCd=510&Type=search", "url2": "http://miyako-no-sono.or.jp/" }, "geometry": { "type": "Point", "coordinates": [ 130.937070700000049, 33.7282054 ] } },
{ "type": "Feature", "properties": { "内容": "特別養護老人ホーム　石並園【介護老人福祉施設】福岡県行橋市大字稲童字塚原３９２７番地", "url": "https://www.kaigokensaku.mhlw.go.jp/40/index.php?action_kouhyou_detail_004_kani=true&JigyosyoCd=4072600051-00&ServiceCd=510&Type=search", "url2": "http://ishinami-en.jp/" }, "geometry": { "type": "Point", "coordinates": [ 130.982967, 33.7287727 ] } },
{ "type": "Feature", "properties": { "内容": "特別養護老人ホーム　亀保の里【介護老人福祉施設】福岡県豊前市大字鬼木63番地1", "url": "https://www.kaigokensaku.mhlw.go.jp/40/index.php?action_kouhyou_detail_004_kani=true&JigyosyoCd=4072700091-00&ServiceCd=510&Type=search", "url2": "http://www.kibounosato.jp" }, "geometry": { "type": "Point", "coordinates": [ 131.128464985180727, 33.577411775286123 ] } },
{ "type": "Feature", "properties": { "内容": "指定介護老人福祉施設　豊前サンビレッヂ【介護老人福祉施設】福岡県豊前市大字下川底170", "url": "https://www.kaigokensaku.mhlw.go.jp/40/index.php?action_kouhyou_detail_004_kani=true&JigyosyoCd=4072700075-00&ServiceCd=510&Type=search", "url2": "https://www.fukuoka-houseikai.or.jp" }, "geometry": { "type": "Point", "coordinates": [ 131.091908600000011, 33.5549897 ] } },
{ "type": "Feature", "properties": { "内容": "特別養護老人ホーム第2智美園【介護老人福祉施設】福岡県中間市大字垣2017番地3", "url": "https://www.kaigokensaku.mhlw.go.jp/40/index.php?action_kouhyou_detail_004_kani=true&JigyosyoCd=4072800669-00&ServiceCd=510&Type=search", "url2": "https://www.tomomien.com" }, "geometry": { "type": "Point", "coordinates": [ 130.6983546078568, 33.823652038655005 ] } },
{ "type": "Feature", "properties": { "内容": "特別養護老人ホーム　垣生の里【介護老人福祉施設】福岡県中間市大字上底井野787-1", "url": "https://www.kaigokensaku.mhlw.go.jp/40/index.php?action_kouhyou_detail_004_kani=true&JigyosyoCd=4072801212-00&ServiceCd=510&Type=search", "url2": "http://habunosato.jp/habunosato.html" }, "geometry": { "type": "Point", "coordinates": [ 130.695146552778652, 33.812581463691728 ] } },
{ "type": "Feature", "properties": { "内容": "特別養護老人ホーム　智美園【介護老人福祉施設】福岡県中間市通谷６丁目７－１", "url": "https://www.kaigokensaku.mhlw.go.jp/40/index.php?action_kouhyou_detail_004_kani=true&JigyosyoCd=4072800115-00&ServiceCd=510&Type=search", "url2": "http://www.tomomien.com/" }, "geometry": { "type": "Point", "coordinates": [ 130.742221200000017, 33.816556 ] } },
{ "type": "Feature", "properties": { "内容": "特別養護老人ホーム　青寿苑【介護老人福祉施設】福岡県小郡市井上５３１番地", "url": "https://www.kaigokensaku.mhlw.go.jp/40/index.php?action_kouhyou_detail_004_kani=true&JigyosyoCd=4072900170-00&ServiceCd=510&Type=search", "url2": "http://www.seilukai-ogori.com" }, "geometry": { "type": "Point", "coordinates": [ 130.577508200000011, 33.4054538 ] } },
{ "type": "Feature", "properties": { "内容": "特別養護老人ホーム青寿苑ユニット型【介護老人福祉施設】福岡県小郡市井上531番地", "url": "https://www.kaigokensaku.mhlw.go.jp/40/index.php?action_kouhyou_detail_004_kani=true&JigyosyoCd=4072900626-00&ServiceCd=510&Type=search", "url2": "http://www.seijukai-ogori.com" }, "geometry": { "type": "Point", "coordinates": [ 130.577508200000011, 33.4054538 ] } },
{ "type": "Feature", "properties": { "内容": "特別養護老人ホーム　三沢長生園【介護老人福祉施設】福岡県小郡市三沢字881-1", "url": "https://www.kaigokensaku.mhlw.go.jp/40/index.php?action_kouhyou_detail_004_kani=true&JigyosyoCd=4072900089-00&ServiceCd=510&Type=search", "url2": "http://www.chouseikai.jp/" }, "geometry": { "type": "Point", "coordinates": [ 130.544835873680086, 33.42027715804177 ] } },
{ "type": "Feature", "properties": { "内容": "特別養護老人ホームユニット型三沢長生園【介護老人福祉施設】福岡県小郡市三沢881-1", "url": "https://www.kaigokensaku.mhlw.go.jp/40/index.php?action_kouhyou_detail_004_kani=true&JigyosyoCd=4072900618-00&ServiceCd=510&Type=search", "url2": "http://www.chouseikai.jp/" }, "geometry": { "type": "Point", "coordinates": [ 130.544905611114473, 33.420178654580269 ] } },
{ "type": "Feature", "properties": { "内容": "特別養護老人ホーム　ちくしの荘【介護老人福祉施設】福岡県筑紫野市原田462番地", "url": "https://www.kaigokensaku.mhlw.go.jp/40/index.php?action_kouhyou_detail_004_kani=true&JigyosyoCd=4073000202-00&ServiceCd=510&Type=search", "url2": "http://homan.or.jp/chikushino/index.html" }, "geometry": { "type": "Point", "coordinates": [ 130.541265100000032, 33.4521243 ] } },
{ "type": "Feature", "properties": { "内容": "特別養護老人ホームむさし苑【介護老人福祉施設】福岡県筑紫野市湯町二丁目9番2号", "url": "https://www.kaigokensaku.mhlw.go.jp/40/index.php?action_kouhyou_detail_004_kani=true&JigyosyoCd=4073000301-00&ServiceCd=510&Type=search", "url2": "http://www.musashien.com/" }, "geometry": { "type": "Point", "coordinates": [ 130.515971199999967, 33.4906318 ] } },
{ "type": "Feature", "properties": { "内容": "特別養護老人ホーム　天拝の園【介護老人福祉施設】福岡県筑紫野市立明寺６１８－１", "url": "https://www.kaigokensaku.mhlw.go.jp/40/index.php?action_kouhyou_detail_004_kani=true&JigyosyoCd=4073000467-00&ServiceCd=510&Type=search", "url2": "http://www.tenpainosono.or.jp/" }, "geometry": { "type": "Point", "coordinates": [ 130.530437200000051, 33.4806939 ] } },
{ "type": "Feature", "properties": { "内容": "特別養護老人ホームたんたん【介護老人福祉施設】福岡県筑紫野市美咲1023番地2", "url": "https://www.kaigokensaku.mhlw.go.jp/40/index.php?action_kouhyou_detail_004_kani=true&JigyosyoCd=4073001325-00&ServiceCd=510&Type=search", "url2": "http://www.tantan.life" }, "geometry": { "type": "Point", "coordinates": [ 130.560925273003477, 33.46220399716082 ] } },
{ "type": "Feature", "properties": { "内容": "特別養護老人ホーム　かすがの郷【介護老人福祉施設】福岡県春日市塚原台3丁目129番", "url": "https://www.kaigokensaku.mhlw.go.jp/40/index.php?action_kouhyou_detail_004_kani=true&JigyosyoCd=4073100168-00&ServiceCd=510&Type=search", "url2": "http://www.otogane.or.jp/kasuga/" }, "geometry": { "type": "Point", "coordinates": [ 130.466772600000013, 33.5090758 ] } },
{ "type": "Feature", "properties": { "内容": "特別養護老人ホーム　グレイシャス春日【介護老人福祉施設】星見ヶ丘2丁目55-1", "url": "https://www.kaigokensaku.mhlw.go.jp/40/index.php?action_kouhyou_detail_004_kani=true&JigyosyoCd=4073101612-00&ServiceCd=510&Type=search", "url2": "https://asukafukushikai.com/" }, "geometry": { "type": "Point", "coordinates": [ 130.45747953677062, 33.504252017935549 ] } },
{ "type": "Feature", "properties": { "内容": "特別養護老人ホーム　悠生園【介護老人福祉施設】福岡県大野城市中２丁目５番５号", "url": "https://www.kaigokensaku.mhlw.go.jp/40/index.php?action_kouhyou_detail_004_kani=true&JigyosyoCd=4073200034-00&ServiceCd=510&Type=search", "url2": "http://www.yuseikai.jp" }, "geometry": { "type": "Point", "coordinates": [ 130.483032200000025, 33.5515942 ] } },
{ "type": "Feature", "properties": { "内容": "特別養護老人ホームはなつくし【介護老人福祉施設】福岡県大野城市乙金三丁目18番１０号", "url": "https://www.kaigokensaku.mhlw.go.jp/40/index.php?action_kouhyou_detail_004_kani=true&JigyosyoCd=4073201461-00&ServiceCd=510&Type=search", "url2": "http://www.hanatsukushi.or.jp/" }, "geometry": { "type": "Point", "coordinates": [ 130.4973976, 33.5419317 ] } },
{ "type": "Feature", "properties": { "内容": "特別養護老人ホーム　サミック宗像【介護老人福祉施設】福岡県宗像市田野１２８５−８", "url": "https://www.kaigokensaku.mhlw.go.jp/40/index.php?action_kouhyou_detail_004_kani=true&JigyosyoCd=4073302095-00&ServiceCd=510&Type=search", "url2": "https://summick.or.jp/munakata/" }, "geometry": { "type": "Point", "coordinates": [ 130.5356032, 33.8594832 ] } },
{ "type": "Feature", "properties": { "内容": "特別養護老人ホーム　みどり苑宗像【介護老人福祉施設】福岡県宗像市河東1072-1", "url": "https://www.kaigokensaku.mhlw.go.jp/40/index.php?action_kouhyou_detail_004_kani=true&JigyosyoCd=4073301642-00&ServiceCd=510&Type=search", "url2": "http://www.kitakyu-hp.or.jp/keiaikai/" }, "geometry": { "type": "Point", "coordinates": [ 130.540724909973164, 33.819105235436275 ] } },
{ "type": "Feature", "properties": { "内容": "特別養護老人ホームあかま【介護老人福祉施設】福岡県宗像市田久３丁目１１番１号", "url": "https://www.kaigokensaku.mhlw.go.jp/40/index.php?action_kouhyou_detail_004_kani=true&JigyosyoCd=4073300370-00&ServiceCd=510&Type=search", "url2": "http://kyujyufukusikai.jp/" }, "geometry": { "type": "Point", "coordinates": [ 130.575324099999989, 33.8033876 ] } },
{ "type": "Feature", "properties": { "内容": "ユニット型　特別養護老人ホームあかま【介護老人福祉施設】福岡県宗像市田久3丁目11番1号", "url": "https://www.kaigokensaku.mhlw.go.jp/40/index.php?action_kouhyou_detail_004_kani=true&JigyosyoCd=4073301261-00&ServiceCd=510&Type=search", "url2": "http://kyujyufukusikai.jp" }, "geometry": { "type": "Point", "coordinates": [ 130.575324099999989, 33.8033876 ] } },
{ "type": "Feature", "properties": { "内容": "特別養護老人ホーム　宗像わかば苑【介護老人福祉施設】福岡県宗像市大井2065番地1", "url": "https://www.kaigokensaku.mhlw.go.jp/40/index.php?action_kouhyou_detail_004_kani=true&JigyosyoCd=4073300131-00&ServiceCd=510&Type=search", "url2": "munakata@hikari-fukushi.com" }, "geometry": { "type": "Point", "coordinates": [ 130.513523093917911, 33.793060814331049 ] } },
{ "type": "Feature", "properties": { "内容": "特別養護老人ホーム　ケアポート玄海ユニット棟【介護老人福祉施設】福岡県宗像市神湊１１８番地２", "url": "https://www.kaigokensaku.mhlw.go.jp/40/index.php?action_kouhyou_detail_004_kani=true&JigyosyoCd=4073301477-00&ServiceCd=510&Type=search", "url2": "http://www.aso-group.co.jp/genkai/" }, "geometry": { "type": "Point", "coordinates": [ 130.491055037889851, 33.845671425085222 ] } },
{ "type": "Feature", "properties": { "内容": "特別養護老人ホーム城山之荘【介護老人福祉施設】福岡県宗像市石丸一丁目3番1号", "url": "https://www.kaigokensaku.mhlw.go.jp/40/index.php?action_kouhyou_detail_004_kani=true&JigyosyoCd=4073301600-00&ServiceCd=510&Type=search", "url2": "http://www.sizukanoumi.org/" }, "geometry": { "type": "Point", "coordinates": [ 130.594295038761857, 33.804482863653263 ] } },
{ "type": "Feature", "properties": { "内容": "特別養護老人ホーム　ケアポート玄海【介護老人福祉施設】福岡県宗像市神湊１１８番地２", "url": "https://www.kaigokensaku.mhlw.go.jp/40/index.php?action_kouhyou_detail_004_kani=true&JigyosyoCd=4074700024-00&ServiceCd=510&Type=search", "url2": "http://www.aso-group.co.jp/genkai/" }, "geometry": { "type": "Point", "coordinates": [ 130.491076400223164, 33.845711523386882 ] } },
{ "type": "Feature", "properties": { "内容": "特別養護老人ホーム　むなかた【介護老人福祉施設】福岡県宗像市用山４７１－５", "url": "https://www.kaigokensaku.mhlw.go.jp/40/index.php?action_kouhyou_detail_004_kani=true&JigyosyoCd=4073300560-00&ServiceCd=510&Type=search", "url2": "http://kitatikuzen.net" }, "geometry": { "type": "Point", "coordinates": [ 130.508962800000063, 33.8032867 ] } },
{ "type": "Feature", "properties": { "内容": "特別養護老人ホーム　ムネだざいふ【介護老人福祉施設】福岡県太宰府市内山492-5", "url": "https://www.kaigokensaku.mhlw.go.jp/40/index.php?action_kouhyou_detail_004_kani=true&JigyosyoCd=4073401368-00&ServiceCd=510&Type=search", "url2": "mune.dazaifu-reve@sage.ocn.ne.jp" }, "geometry": { "type": "Point", "coordinates": [ 130.5495826, 33.5287083 ] } },
{ "type": "Feature", "properties": { "内容": "特別養護老人ホーム同朋園【介護老人福祉施設】福岡県太宰府市大字向佐野515番地", "url": "https://www.kaigokensaku.mhlw.go.jp/40/index.php?action_kouhyou_detail_004_kani=true&JigyosyoCd=4073400105-00&ServiceCd=510&Type=search", "url2": "http://www.dohogroup.jp/" }, "geometry": { "type": "Point", "coordinates": [ 130.498803209505951, 33.512273887436777 ] } },
{ "type": "Feature", "properties": { "内容": "特別養護老人ホーム　サンケア太宰府【介護老人福祉施設】福岡県太宰府市高雄3丁目４２２７－２６７", "url": "https://www.kaigokensaku.mhlw.go.jp/40/index.php?action_kouhyou_detail_004_kani=true&JigyosyoCd=4073400162-00&ServiceCd=510&Type=search", "url2": "http://baikou.or.jp/" }, "geometry": { "type": "Point", "coordinates": [ 130.546199500000057, 33.5025919 ] } },
{ "type": "Feature", "properties": { "内容": "ユニット型特別養護老人ホーム同朋園【介護老人福祉施設】福岡県大宰府市大字向佐野515番地", "url": "https://www.kaigokensaku.mhlw.go.jp/40/index.php?action_kouhyou_detail_004_kani=true&JigyosyoCd=4073401152-00&ServiceCd=510&Type=search", "url2": "http://www.dohogroup.jp/" }, "geometry": { "type": "Point", "coordinates": [ 130.498801946588173, 33.51229225942523 ] } },
{ "type": "Feature", "properties": { "内容": "特別養護老人ホーム　サンケア太宰府ユニット【介護老人福祉施設】福岡県太宰府市高雄3丁目４２２７－３６", "url": "https://www.kaigokensaku.mhlw.go.jp/40/index.php?action_kouhyou_detail_004_kani=true&JigyosyoCd=4073401160-00&ServiceCd=510&Type=search", "url2": "http://baikou.or.jp/" }, "geometry": { "type": "Point", "coordinates": [ 130.546699499999932, 33.5003033 ] } },
{ "type": "Feature", "properties": { "内容": "特別養護老人ホームみどり苑【介護老人福祉施設】福岡県古賀市新原８４０番地", "url": "https://www.kaigokensaku.mhlw.go.jp/40/index.php?action_kouhyou_detail_004_kani=true&JigyosyoCd=4073600118-00&ServiceCd=510&Type=search", "url2": "https://www.kitakyu-hp.or.jp/keiaikai/" }, "geometry": { "type": "Point", "coordinates": [ 130.480500399999983, 33.7236872 ] } },
{ "type": "Feature", "properties": { "内容": "特別養護老人ホームみどり苑ユニット棟【介護老人福祉施設】古賀市新原840", "url": "https://www.kaigokensaku.mhlw.go.jp/40/index.php?action_kouhyou_detail_004_kani=true&JigyosyoCd=4073600803-00&ServiceCd=510&Type=search", "url2": "www.kitakyu-hp.or.jp/keiaikai/" }, "geometry": { "type": "Point", "coordinates": [ 130.480500399999983, 33.7236872 ] } },
{ "type": "Feature", "properties": { "内容": "特別養護老人ホーム　第二津屋崎園【介護老人福祉施設】福岡県福津市奴山1174番地", "url": "https://www.kaigokensaku.mhlw.go.jp/40/index.php?action_kouhyou_detail_004_kani=true&JigyosyoCd=4074500978-00&ServiceCd=510&Type=search", "url2": "http:www.kitatikuzen.net." }, "geometry": { "type": "Point", "coordinates": [ 130.491191699999945, 33.8200036 ] } },
{ "type": "Feature", "properties": { "内容": "特別養護老人ホーム津屋崎園【介護老人福祉施設】福岡県福津市奴山１１７４番地", "url": "https://www.kaigokensaku.mhlw.go.jp/40/index.php?action_kouhyou_detail_004_kani=true&JigyosyoCd=4074600067-00&ServiceCd=510&Type=search", "url2": "http://www.kitatikuzen.net./pri/index.html" }, "geometry": { "type": "Point", "coordinates": [ 130.491191699999945, 33.8200036 ] } },
{ "type": "Feature", "properties": { "内容": "特別養護老人ホーム筑前顕慈園【介護老人福祉施設】福岡県福津市上西郷734-3", "url": "https://www.kaigokensaku.mhlw.go.jp/40/index.php?action_kouhyou_detail_004_kani=true&JigyosyoCd=4074500143-00&ServiceCd=510&Type=search", "url2": "http://www.kenjien.com/" }, "geometry": { "type": "Point", "coordinates": [ 130.5107137, 33.7581615 ] } },
{ "type": "Feature", "properties": { "内容": "ユニット型介護老人福祉施設さくら【介護老人福祉施設】福岡県福津市上西郷734-3", "url": "https://www.kaigokensaku.mhlw.go.jp/40/index.php?action_kouhyou_detail_004_kani=true&JigyosyoCd=4074500952-00&ServiceCd=510&Type=search", "url2": "http://www.kenjien.com/" }, "geometry": { "type": "Point", "coordinates": [ 130.510697099999987, 33.7581782 ] } },
{ "type": "Feature", "properties": { "内容": "特別養護老人ホーム　ひじり園うきは【介護老人福祉施設】福岡県うきは市吉井町富永１７４４－１", "url": "https://www.kaigokensaku.mhlw.go.jp/40/index.php?action_kouhyou_detail_004_kani=true&JigyosyoCd=4077300533-00&ServiceCd=510&Type=search", "url2": "https://hijirikai.com" }, "geometry": { "type": "Point", "coordinates": [ 130.734474101158185, 33.34184787985965 ] } },
{ "type": "Feature", "properties": { "内容": "特別養護老人ホーム　えびね荘【介護老人福祉施設】福岡県うきは市浮羽町古川707-3", "url": "https://www.kaigokensaku.mhlw.go.jp/40/index.php?action_kouhyou_detail_004_kani=true&JigyosyoCd=4077500033-00&ServiceCd=510&Type=search", "url2": "http://ebine.jp" }, "geometry": { "type": "Point", "coordinates": [ 130.794714500000026, 33.3512864 ] } },
{ "type": "Feature", "properties": { "内容": "特別養護老人ホーム　水月吉井【介護老人福祉施設】福岡県うきは市吉井町新治176-1", "url": "https://www.kaigokensaku.mhlw.go.jp/40/index.php?action_kouhyou_detail_004_kani=true&JigyosyoCd=4077300038-00&ServiceCd=510&Type=search", "url2": "http://www.tachiarai-kouseien.jp/" }, "geometry": { "type": "Point", "coordinates": [ 130.7601029, 33.3484192 ] } },
{ "type": "Feature", "properties": { "内容": "特別養護老人ホーム　照陽園【介護老人福祉施設】福岡県宮若市磯光2159-1", "url": "https://www.kaigokensaku.mhlw.go.jp/40/index.php?action_kouhyou_detail_004_kani=true&JigyosyoCd=4075500050-00&ServiceCd=510&Type=search", "url2": "http://shoyouen.or.jp" }, "geometry": { "type": "Point", "coordinates": [ 130.6703827, 33.7008198 ] } },
{ "type": "Feature", "properties": { "内容": "ユニット型特別養護老人ホーム　照陽園【介護老人福祉施設】福岡県宮若市磯光2159-1", "url": "https://www.kaigokensaku.mhlw.go.jp/40/index.php?action_kouhyou_detail_004_kani=true&JigyosyoCd=4075500993-00&ServiceCd=510&Type=search", "url2": "http://shoyouen.or.jp" }, "geometry": { "type": "Point", "coordinates": [ 130.6703827, 33.7008198 ] } },
{ "type": "Feature", "properties": { "内容": "特別養護老人ホーム　　和（のどか）【介護老人福祉施設】福岡県宮若市磯光1294-1", "url": "https://www.kaigokensaku.mhlw.go.jp/40/index.php?action_kouhyou_detail_004_kani=true&JigyosyoCd=4075500969-00&ServiceCd=510&Type=search", "url2": "https://nodoka1201.com" }, "geometry": { "type": "Point", "coordinates": [ 130.686625893809492, 33.712406029533675 ] } },
{ "type": "Feature", "properties": { "内容": "特別養護老人ホーム　わきたの里【介護老人福祉施設】福岡県宮若市脇田８０５番地", "url": "https://www.kaigokensaku.mhlw.go.jp/40/index.php?action_kouhyou_detail_004_kani=true&JigyosyoCd=4075600041-00&ServiceCd=510&Type=search", "url2": "wakitanosato.jp" }, "geometry": { "type": "Point", "coordinates": [ 130.581334100000049, 33.6959187 ] } },
{ "type": "Feature", "properties": { "内容": "特別養護老人ホーム　第二稲穂園【介護老人福祉施設】福岡県嘉麻市山野2373番地145", "url": "https://www.kaigokensaku.mhlw.go.jp/40/index.php?action_kouhyou_detail_004_kani=true&JigyosyoCd=4075800237-00&ServiceCd=510&Type=search", "url2": "http://daini-inaho.jp" }, "geometry": { "type": "Point", "coordinates": [ 130.70682, 33.6011147 ] } },
{ "type": "Feature", "properties": { "内容": "特別養護老人ホーム松寿園【介護老人福祉施設】福岡県嘉麻市漆生２３３８番地１", "url": "https://www.kaigokensaku.mhlw.go.jp/40/index.php?action_kouhyou_detail_004_kani=true&JigyosyoCd=4075800070-00&ServiceCd=510&Type=search", "url2": "http://www.shoujyuen.jp/" }, "geometry": { "type": "Point", "coordinates": [ 130.7088923, 33.5900492 ] } },
{ "type": "Feature", "properties": { "内容": "特別養護老人ホームひまわり園【介護老人福祉施設】福岡県嘉麻市馬見６４番地２", "url": "https://www.kaigokensaku.mhlw.go.jp/40/index.php?action_kouhyou_detail_004_kani=true&JigyosyoCd=4076000035-00&ServiceCd=510&Type=search", "url2": "http://www.himawarikai.net/" }, "geometry": { "type": "Point", "coordinates": [ 130.754119100000025, 33.5301257 ] } },
{ "type": "Feature", "properties": { "内容": "特別養護老人ホーム　筑豊園【介護老人福祉施設】福岡県嘉麻市平山548番地", "url": "https://www.kaigokensaku.mhlw.go.jp/40/index.php?action_kouhyou_detail_004_kani=true&JigyosyoCd=4075900045-00&ServiceCd=510&Type=search", "url2": "https://www.chikuhouen5020.jp" }, "geometry": { "type": "Point", "coordinates": [ 130.69550377301627, 33.557420336551843 ] } },
{ "type": "Feature", "properties": { "内容": "特別養護老人ホーム　　　　　　たちばな苑【介護老人福祉施設】福岡県嘉麻市上山田818番地18", "url": "https://www.kaigokensaku.mhlw.go.jp/40/index.php?action_kouhyou_detail_004_kani=true&JigyosyoCd=4072100037-00&ServiceCd=510&Type=search", "url2": null }, "geometry": { "type": "Point", "coordinates": [ 130.770963599999959, 33.5646922 ] } },
{ "type": "Feature", "properties": { "内容": "特別養護老人ホーム　きらく荘【介護老人福祉施設】福岡県朝倉市城８５９番地", "url": "https://www.kaigokensaku.mhlw.go.jp/40/index.php?action_kouhyou_detail_004_kani=true&JigyosyoCd=4072200134-00&ServiceCd=510&Type=search", "url2": "http://www.kirakuso.jp" }, "geometry": { "type": "Point", "coordinates": [ 130.718282400000021, 33.4140038 ] } },
{ "type": "Feature", "properties": { "内容": "特別養護老人ホーム　夢花館【介護老人福祉施設】福岡県朝倉市城859番地", "url": "https://www.kaigokensaku.mhlw.go.jp/40/index.php?action_kouhyou_detail_004_kani=true&JigyosyoCd=4072200787-00&ServiceCd=510&Type=search", "url2": "http://www.kirakuso.jp" }, "geometry": { "type": "Point", "coordinates": [ 130.718282400000021, 33.4140038 ] } },
{ "type": "Feature", "properties": { "内容": "介護老人福祉施設　甘木愛光園【介護老人福祉施設】福岡県朝倉市山見４２９", "url": "https://www.kaigokensaku.mhlw.go.jp/40/index.php?action_kouhyou_detail_004_kani=true&JigyosyoCd=4072200100-00&ServiceCd=510&Type=search", "url2": "http://jusenkai.com/" }, "geometry": { "type": "Point", "coordinates": [ 130.707824100000039, 33.4507747 ] } },
{ "type": "Feature", "properties": { "内容": "特別養護老人ホーム　日迎の園【介護老人福祉施設】福岡県朝倉市杷木志波92-1", "url": "https://www.kaigokensaku.mhlw.go.jp/40/index.php?action_kouhyou_detail_004_kani=true&JigyosyoCd=4076500042-00&ServiceCd=510&Type=search", "url2": "http://keiaikai.net/" }, "geometry": { "type": "Point", "coordinates": [ 130.7779668, 33.355226 ] } },
{ "type": "Feature", "properties": { "内容": "介護老人福祉施設いしずえ荘【介護老人福祉施設】福岡県朝倉市三奈木2466-1", "url": "https://www.kaigokensaku.mhlw.go.jp/40/index.php?action_kouhyou_detail_004_kani=true&JigyosyoCd=4076600040-00&ServiceCd=510&Type=search", "url2": "http://www.keiaikai.net/" }, "geometry": { "type": "Point", "coordinates": [ 130.7037451, 33.3997935 ] } },
{ "type": "Feature", "properties": { "内容": "特別養護老人ホーム　竹里館【介護老人福祉施設】福岡県みやま市山川町原町83-1", "url": "https://www.kaigokensaku.mhlw.go.jp/40/index.php?action_kouhyou_detail_004_kani=true&JigyosyoCd=4079000024-00&ServiceCd=510&Type=search", "url2": "https://www.ykta.jp/chikurikan" }, "geometry": { "type": "Point", "coordinates": [ 130.5283981, 33.1172963 ] } },
{ "type": "Feature", "properties": { "内容": "特別養護老人ホーム　冨寿園【介護老人福祉施設】福岡県みやま市瀬高町松田481", "url": "https://www.kaigokensaku.mhlw.go.jp/40/index.php?action_kouhyou_detail_004_kani=true&JigyosyoCd=4078700061-00&ServiceCd=510&Type=search", "url2": null }, "geometry": { "type": "Point", "coordinates": [ 130.485169600000063, 33.1424013 ] } },
{ "type": "Feature", "properties": { "内容": "特別養護老人ホーム　冨寿園テラス【介護老人福祉施設】福岡県みやま市瀬高町松田481", "url": "https://www.kaigokensaku.mhlw.go.jp/40/index.php?action_kouhyou_detail_004_kani=true&JigyosyoCd=4078700665-00&ServiceCd=510&Type=search", "url2": null }, "geometry": { "type": "Point", "coordinates": [ 130.485169600000063, 33.1424013 ] } },
{ "type": "Feature", "properties": { "内容": "特別養護老人ホーム　常照苑くすのき通り【介護老人福祉施設】福岡県みやま市高田町上楠田1237", "url": "https://www.kaigokensaku.mhlw.go.jp/40/index.php?action_kouhyou_detail_004_kani=true&JigyosyoCd=4078700673-00&ServiceCd=510&Type=search", "url2": "http://www.kourinkai1237.org" }, "geometry": { "type": "Point", "coordinates": [ 130.4802075, 33.0933732 ] } },
{ "type": "Feature", "properties": { "内容": "特別養護老人ホーム　第二竹里館【介護老人福祉施設】福岡県みやま市瀬高町高柳256-1", "url": "https://www.kaigokensaku.mhlw.go.jp/40/index.php?action_kouhyou_detail_004_kani=true&JigyosyoCd=4078700624-00&ServiceCd=510&Type=search", "url2": "http://www.myclinic.ne.jp/yamauchi-kcp/pc/free.html" }, "geometry": { "type": "Point", "coordinates": [ 130.4629741, 33.1492088 ] } },
{ "type": "Feature", "properties": { "内容": "特別養護老人ホーム　常照苑サンシャイン【介護老人福祉施設】福岡県みやま市高田町濃施377-1", "url": "https://www.kaigokensaku.mhlw.go.jp/40/index.php?action_kouhyou_detail_004_kani=true&JigyosyoCd=4079100048-00&ServiceCd=510&Type=search", "url2": "http://www.kourinnkai1237.org" }, "geometry": { "type": "Point", "coordinates": [ 130.458476900000051, 33.099575100000024 ] } },
{ "type": "Feature", "properties": { "内容": "特別養護老人ホーム　富の里【介護老人福祉施設】福岡県糸島市富508-4", "url": "https://www.kaigokensaku.mhlw.go.jp/40/index.php?action_kouhyou_detail_004_kani=true&JigyosyoCd=4073500128-00&ServiceCd=510&Type=search", "url2": "http://www.jiaikai-fuk.or.jp/" }, "geometry": { "type": "Point", "coordinates": [ 130.209751778573576, 33.539731314148725 ] } },
{ "type": "Feature", "properties": { "内容": "特別養護老人ホーム志摩園【介護老人福祉施設】福岡県糸島市志摩久家２５２７番地の２", "url": "https://www.kaigokensaku.mhlw.go.jp/40/index.php?action_kouhyou_detail_004_kani=true&JigyosyoCd=4077200063-00&ServiceCd=510&Type=search", "url2": "http://www.shimaen.or.jp" }, "geometry": { "type": "Point", "coordinates": [ 130.13668789999997, 33.5650783 ] } },
{ "type": "Feature", "properties": { "内容": "特別養護老人ホーム　マイネスハウス【介護老人福祉施設】福岡県糸島市高上１７１番地", "url": "https://www.kaigokensaku.mhlw.go.jp/40/index.php?action_kouhyou_detail_004_kani=true&JigyosyoCd=4073500078-00&ServiceCd=510&Type=search", "url2": "http://www.m-h.jp" }, "geometry": { "type": "Point", "coordinates": [ 130.230382599999984, 33.5246063 ] } },
{ "type": "Feature", "properties": { "内容": "特別養護老人ホーム仙寿苑【介護老人福祉施設】福岡県糸島市二丈深江２２９１番地１", "url": "https://www.kaigokensaku.mhlw.go.jp/40/index.php?action_kouhyou_detail_004_kani=true&JigyosyoCd=4077100040-00&ServiceCd=510&Type=search", "url2": "https://www.nijoufukusikai.com/" }, "geometry": { "type": "Point", "coordinates": [ 130.132292199999938, 33.5100685 ] } },
{ "type": "Feature", "properties": { "内容": "特別養護老人ホーム　凪の郷【介護老人福祉施設】大字山田１１１５番地１", "url": "https://www.kaigokensaku.mhlw.go.jp/40/index.php?action_kouhyou_detail_004_kani=true&JigyosyoCd=4073700934-00&ServiceCd=510&Type=search", "url2": "https://www.naginosato.jp/" }, "geometry": { "type": "Point", "coordinates": [ 130.415042606082153, 33.488814303343872 ] } },
{ "type": "Feature", "properties": { "内容": "ねむのき【介護老人福祉施設】福岡県那珂川市下梶原2丁目6番3号", "url": "https://www.kaigokensaku.mhlw.go.jp/40/index.php?action_kouhyou_detail_004_kani=true&JigyosyoCd=4073700074-00&ServiceCd=510&Type=search", "url2": "http://www.nakafuku.jp" }, "geometry": { "type": "Point", "coordinates": [ 130.439369400000032, 33.4997286 ] } },
{ "type": "Feature", "properties": { "内容": "ユニット型特別養護老人ホーム同行園【介護老人福祉施設】福岡県糟屋郡宇美町貴船１丁目2番３号", "url": "https://www.kaigokensaku.mhlw.go.jp/40/index.php?action_kouhyou_detail_004_kani=true&JigyosyoCd=4073800668-00&ServiceCd=510&Type=search", "url2": "http://www.dohogroup.jp" }, "geometry": { "type": "Point", "coordinates": [ 130.512555199999952, 33.5657455 ] } },
{ "type": "Feature", "properties": { "内容": "特別養護老人ホーム　同行園【介護老人福祉施設】福岡県糟屋郡宇美町貴船1丁目2番3号", "url": "https://www.kaigokensaku.mhlw.go.jp/40/index.php?action_kouhyou_detail_004_kani=true&JigyosyoCd=4073800072-00&ServiceCd=510&Type=search", "url2": "http://www.dohogroup.jp" }, "geometry": { "type": "Point", "coordinates": [ 130.512658603907738, 33.565707933933062 ] } },
{ "type": "Feature", "properties": { "内容": "特別養護老人ホーム　篠栗荘【介護老人福祉施設】福岡県糟屋郡篠栗町津波黒450-1", "url": "https://www.kaigokensaku.mhlw.go.jp/40/index.php?action_kouhyou_detail_004_kani=true&JigyosyoCd=4073900062-00&ServiceCd=510&Type=search", "url2": "http://sasaguri.fk-sinaikai.or.jp" }, "geometry": { "type": "Point", "coordinates": [ 130.511571499999945, 33.6330408 ] } },
{ "type": "Feature", "properties": { "内容": "特別養護老人ホームつくも苑【介護老人福祉施設】福岡県糟屋郡篠栗町大字金出３２２６番地", "url": "https://www.kaigokensaku.mhlw.go.jp/40/index.php?action_kouhyou_detail_004_kani=true&JigyosyoCd=4073900336-00&ServiceCd=510&Type=search", "url2": "https://tsukumo-kai.jp/" }, "geometry": { "type": "Point", "coordinates": [ 130.551684788668837, 33.639224063134371 ] } },
{ "type": "Feature", "properties": { "内容": "日本赤十字社福岡県支部　特別養護老人ホームやすらぎの郷【介護老人福祉施設】福岡県粕屋郡志免町大字吉原600番地", "url": "https://www.kaigokensaku.mhlw.go.jp/40/index.php?action_kouhyou_detail_004_kani=true&JigyosyoCd=4074000136-00&ServiceCd=510&Type=search", "url2": "http://yasuraginosato.org/cgi-bin/index.cgi" }, "geometry": { "type": "Point", "coordinates": [ 130.489151099999958, 33.5720781 ] } },
{ "type": "Feature", "properties": { "内容": "特別養護老人ホーム　こころ【介護老人福祉施設】福岡県糟屋郡志免町別府西3-3-10", "url": "https://www.kaigokensaku.mhlw.go.jp/40/index.php?action_kouhyou_detail_004_kani=true&JigyosyoCd=4074000656-00&ServiceCd=510&Type=search", "url2": "http://www.eikoh.or.jp/kokoro/" }, "geometry": { "type": "Point", "coordinates": [ 130.456855899999937, 33.600457 ] } },
{ "type": "Feature", "properties": { "内容": "特別養護老人ホーム　恵昭園【介護老人福祉施設】福岡県糟屋郡須恵町大字上須恵112-3", "url": "https://www.kaigokensaku.mhlw.go.jp/40/index.php?action_kouhyou_detail_004_kani=true&JigyosyoCd=4074100043-00&ServiceCd=510&Type=search", "url2": "http://www.keitokukai.jp/facility/keisyou.php" }, "geometry": { "type": "Point", "coordinates": [ 130.52264623068848, 33.589329827960199 ] } },
{ "type": "Feature", "properties": { "内容": "特別養護老人ホーム　新宮偕同園【介護老人福祉施設】福岡県糟屋郡新宮町大字上府545番地1", "url": "https://www.kaigokensaku.mhlw.go.jp/40/index.php?action_kouhyou_detail_004_kani=true&JigyosyoCd=4074200041-00&ServiceCd=510&Type=search", "url2": "www.kaidoen.com" }, "geometry": { "type": "Point", "coordinates": [ 130.457418500000017, 33.7049577 ] } },
{ "type": "Feature", "properties": { "内容": "介護老人福祉施設　ムネしんぐう【介護老人福祉施設】福岡県糟屋郡新宮町立花口2176-185", "url": "https://www.kaigokensaku.mhlw.go.jp/40/index.php?action_kouhyou_detail_004_kani=true&JigyosyoCd=4074200462-00&ServiceCd=510&Type=search", "url2": "http://port041.oops.jp/34078_revef/" }, "geometry": { "type": "Point", "coordinates": [ 130.483196965853921, 33.678029968157723 ] } },
{ "type": "Feature", "properties": { "内容": "ユニット型特別養護老人ホーム　レイクウッド久山つむぐ【介護老人福祉施設】福岡県糟屋郡久山町大字猪野字池ノ浦1610-43レイクウッド久山つむぐ", "url": "https://www.kaigokensaku.mhlw.go.jp/40/index.php?action_kouhyou_detail_004_kani=true&JigyosyoCd=4074300114-00&ServiceCd=510&Type=search", "url2": "https://www.lakewoodhisayama.com" }, "geometry": { "type": "Point", "coordinates": [ 130.499148407456886, 33.677789350397155 ] } },
{ "type": "Feature", "properties": { "内容": "特別養護老人ホーム　レイクウッド久山【介護老人福祉施設】福岡県糟屋郡久山町大字猪野字池ノ浦1610-40", "url": "https://www.kaigokensaku.mhlw.go.jp/40/index.php?action_kouhyou_detail_004_kani=true&JigyosyoCd=4074300064-00&ServiceCd=510&Type=search", "url2": "http://www.lakewoodhisayama.com/" }, "geometry": { "type": "Point", "coordinates": [ 130.499833599999988, 33.6468086 ] } },
{ "type": "Feature", "properties": { "内容": "特別養護老人ホームグッドライフ粕屋【介護老人福祉施設】戸原東２丁目11-12グッドライフ粕屋", "url": "https://www.kaigokensaku.mhlw.go.jp/40/index.php?action_kouhyou_detail_004_kani=true&JigyosyoCd=4074400682-00&ServiceCd=510&Type=search", "url2": "https://good-life.or.jp" }, "geometry": { "type": "Point", "coordinates": [ 130.475988328836053, 33.622077907496866 ] } },
{ "type": "Feature", "properties": { "内容": "特別養護老人ホーム緑の里【介護老人福祉施設】福岡県糟屋郡粕屋町酒殿三丁目22番1号", "url": "https://www.kaigokensaku.mhlw.go.jp/40/index.php?action_kouhyou_detail_004_kani=true&JigyosyoCd=4074400138-00&ServiceCd=510&Type=search", "url2": "http://www.mikatsukai.or.jp/" }, "geometry": { "type": "Point", "coordinates": [ 130.486056100000042, 33.5988442 ] } },
{ "type": "Feature", "properties": { "内容": "ユニット型特別養護老人ホーム緑の里【介護老人福祉施設】福岡県粕屋郡粕屋町酒殿三丁目22番1号", "url": "https://www.kaigokensaku.mhlw.go.jp/40/index.php?action_kouhyou_detail_004_kani=true&JigyosyoCd=4074400534-00&ServiceCd=510&Type=search", "url2": "http://www.mikatsukai.or.jp/about/index.html" }, "geometry": { "type": "Point", "coordinates": [ 130.48619647398985, 33.599008483647651 ] } },
{ "type": "Feature", "properties": { "内容": "特別養護老人ホーム　まつかぜ荘【介護老人福祉施設】福岡県遠賀郡芦屋町緑ヶ丘2-2", "url": "https://www.kaigokensaku.mhlw.go.jp/40/index.php?action_kouhyou_detail_004_kani=true&JigyosyoCd=4074900061-00&ServiceCd=510&Type=search", "url2": null }, "geometry": { "type": "Point", "coordinates": [ 130.667228900000026, 33.8868015 ] } },
{ "type": "Feature", "properties": { "内容": "特別養護老人ホーム　ソレイユ芦屋【介護老人福祉施設】福岡県遠賀郡芦屋町大字山鹿122番1", "url": "https://www.kaigokensaku.mhlw.go.jp/40/index.php?action_kouhyou_detail_004_kani=true&JigyosyoCd=4074900269-00&ServiceCd=510&Type=search", "url2": "http://www.soreiyugroup.or.jp" }, "geometry": { "type": "Point", "coordinates": [ 130.674609717860477, 33.898166194743254 ] } },
{ "type": "Feature", "properties": { "内容": "特別養護老人ホーム　水卷松快園　彩光【介護老人福祉施設】福岡県遠賀郡水巻町吉田南二丁目9番1号", "url": "https://www.kaigokensaku.mhlw.go.jp/40/index.php?action_kouhyou_detail_004_kani=true&JigyosyoCd=4075000101-00&ServiceCd=510&Type=search", "url2": "http://www.shokaien.com" }, "geometry": { "type": "Point", "coordinates": [ 130.709909599999946, 33.8366196 ] } },
{ "type": "Feature", "properties": { "内容": "特別養護老人ホーム　水卷松快園(ユニット型)【介護老人福祉施設】福岡県遠賀郡水巻町吉田南二丁目9番1号", "url": "https://www.kaigokensaku.mhlw.go.jp/40/index.php?action_kouhyou_detail_004_kani=true&JigyosyoCd=4075000598-00&ServiceCd=510&Type=search", "url2": "http://www.shokaien.com" }, "geometry": { "type": "Point", "coordinates": [ 130.710179, 33.836714 ] } },
{ "type": "Feature", "properties": { "内容": "特別養護老人ホーム　スマイル・岡垣【介護老人福祉施設】福岡県遠賀郡岡垣町大字内浦155番2", "url": "https://www.kaigokensaku.mhlw.go.jp/40/index.php?action_kouhyou_detail_004_kani=true&JigyosyoCd=4075100901-00&ServiceCd=510&Type=search", "url2": "www.smile-2525.jp" }, "geometry": { "type": "Point", "coordinates": [ 130.575584367459072, 33.874006242679442 ] } },
{ "type": "Feature", "properties": { "内容": "特別養護老人ホーム　恵の家【介護老人福祉施設】福岡県遠賀郡岡垣町大字高倉578－1", "url": "https://www.kaigokensaku.mhlw.go.jp/40/index.php?action_kouhyou_detail_004_kani=true&JigyosyoCd=4075100109-00&ServiceCd=510&Type=search", "url2": "https://nihonsyouisya.jp/" }, "geometry": { "type": "Point", "coordinates": [ 130.604952, 33.8488832 ] } },
{ "type": "Feature", "properties": { "内容": "指定介護老人福祉施設　あゆみの里【介護老人福祉施設】福岡県遠賀郡岡垣町鍋田2丁目1-6", "url": "https://www.kaigokensaku.mhlw.go.jp/40/index.php?action_kouhyou_detail_004_kani=true&JigyosyoCd=4075100489-00&ServiceCd=510&Type=search", "url2": "www.tsutsumikai-ayumi.com" }, "geometry": { "type": "Point", "coordinates": [ 130.6326302, 33.8455755 ] } },
{ "type": "Feature", "properties": { "内容": "特別養護老人ホーム　ソレイユ遠賀【介護老人福祉施設】福岡県遠賀郡遠賀町大字鬼津640番1", "url": "https://www.kaigokensaku.mhlw.go.jp/40/index.php?action_kouhyou_detail_004_kani=true&JigyosyoCd=4075200537-00&ServiceCd=510&Type=search", "url2": "http://www.soreiyugroup.or.ip" }, "geometry": { "type": "Point", "coordinates": [ 130.657588300000043, 33.8688151 ] } },
{ "type": "Feature", "properties": { "内容": "特別養護老人ホーム　遠賀園【介護老人福祉施設】福岡県遠賀郡遠賀町浅木三丁目18-1", "url": "https://www.kaigokensaku.mhlw.go.jp/40/index.php?action_kouhyou_detail_004_kani=true&JigyosyoCd=4075200107-00&ServiceCd=510&Type=search", "url2": "http://ongaen.net/" }, "geometry": { "type": "Point", "coordinates": [ 130.667205200000012, 33.8256312 ] } },
{ "type": "Feature", "properties": { "内容": "特別養護老人ホーム　新多園【介護老人福祉施設】福岡県鞍手郡小竹町大字新多上日177-8", "url": "https://www.kaigokensaku.mhlw.go.jp/40/index.php?action_kouhyou_detail_004_kani=true&JigyosyoCd=4075300071-00&ServiceCd=510&Type=search", "url2": "http://niidaen.jp/" }, "geometry": { "type": "Point", "coordinates": [ 130.712771299999986, 33.6924997 ] } },
{ "type": "Feature", "properties": { "内容": "特別養護老人ホームやすらぎ園【介護老人福祉施設】福岡県鞍手郡鞍手町木月1826番地1", "url": "https://www.kaigokensaku.mhlw.go.jp/40/index.php?action_kouhyou_detail_004_kani=true&JigyosyoCd=4075400079-00&ServiceCd=510&Type=search", "url2": "http://www.yasuragi-en.or.jp" }, "geometry": { "type": "Point", "coordinates": [ 130.67672382516173, 33.799994023915389 ] } },
{ "type": "Feature", "properties": { "内容": "特別養護老人ホームジュエル鞍手【介護老人福祉施設】福岡県鞍手郡鞍手町大字古門４１９０－１", "url": "https://www.kaigokensaku.mhlw.go.jp/40/index.php?action_kouhyou_detail_004_kani=true&JigyosyoCd=4075400533-00&ServiceCd=510&Type=search", "url2": null }, "geometry": { "type": "Point", "coordinates": [ 130.667464401049756, 33.815426538770659 ] } },
{ "type": "Feature", "properties": { "内容": "特別養護老人ホーム第二白藤の苑【介護老人福祉施設】福岡県嘉穂郡桂川町大字吉隈字ヲベ田13番96", "url": "https://www.kaigokensaku.mhlw.go.jp/40/index.php?action_kouhyou_detail_004_kani=true&JigyosyoCd=4075700072-00&ServiceCd=510&Type=search", "url2": "https://chikuzen-fukushi.jp/" }, "geometry": { "type": "Point", "coordinates": [ 130.697231998161357, 33.585395463088211 ] } },
{ "type": "Feature", "properties": { "内容": "特別養護老人ホーム薫風の苑【介護老人福祉施設】福岡県嘉穂郡桂川町大字吉隈字ヲベ田13番96", "url": "https://www.kaigokensaku.mhlw.go.jp/40/index.php?action_kouhyou_detail_004_kani=true&JigyosyoCd=4075700460-00&ServiceCd=510&Type=search", "url2": "https://chikuzen-fukushi.jp/" }, "geometry": { "type": "Point", "coordinates": [ 130.6930389, 33.5916553 ] } },
{ "type": "Feature", "properties": { "内容": "特別養護老人ホーム　明日香園【介護老人福祉施設】福岡県嘉穂郡桂川町大字土師4502-1", "url": "https://www.kaigokensaku.mhlw.go.jp/40/index.php?action_kouhyou_detail_004_kani=true&JigyosyoCd=4075700056-00&ServiceCd=510&Type=search", "url2": "http://www.asukaen.or.jp/" }, "geometry": { "type": "Point", "coordinates": [ 130.674799, 33.564093 ] } },
{ "type": "Feature", "properties": { "内容": "社会福祉法人朝倉社会事業協会　特別養護老人ホーム朝倉苑【介護老人福祉施設】福岡県朝倉郡筑前町原地蔵２２２６－３", "url": "https://www.kaigokensaku.mhlw.go.jp/40/index.php?action_kouhyou_detail_004_kani=true&JigyosyoCd=4076700113-00&ServiceCd=510&Type=search", "url2": "http://www.asakuraen.or.jp/" }, "geometry": { "type": "Point", "coordinates": [ 130.616127, 33.4110905 ] } },
{ "type": "Feature", "properties": { "内容": "社会福祉法人朝倉社会事業協会　特別養護老人ホーム美和の里【介護老人福祉施設】福岡県朝倉郡筑前町原地蔵2227-5", "url": "https://www.kaigokensaku.mhlw.go.jp/40/index.php?action_kouhyou_detail_004_kani=true&JigyosyoCd=4076700337-00&ServiceCd=510&Type=search", "url2": "http://www.asakuraen.or.jp/" }, "geometry": { "type": "Point", "coordinates": [ 130.615315704229772, 33.41071282702849 ] } },
{ "type": "Feature", "properties": { "内容": "特別養護老人ホーム　朝老園【介護老人福祉施設】福岡県朝倉郡筑前町朝日586番地", "url": "https://www.kaigokensaku.mhlw.go.jp/40/index.php?action_kouhyou_detail_004_kani=true&JigyosyoCd=4076800038-00&ServiceCd=510&Type=search", "url2": "http://www.chourouen.or.jp" }, "geometry": { "type": "Point", "coordinates": [ 130.569346099999962, 33.4746528 ] } },
{ "type": "Feature", "properties": { "内容": "特別養護老人ホーム　朝老園ひさみつ【介護老人福祉施設】福岡県朝倉郡筑前町久光1380番地1特別養護老人ホーム　朝老園ひさみつ", "url": "https://www.kaigokensaku.mhlw.go.jp/40/index.php?action_kouhyou_detail_004_kani=true&JigyosyoCd=4076700386-00&ServiceCd=510&Type=search", "url2": "http://www.chourouen.or.jp" }, "geometry": { "type": "Point", "coordinates": [ 130.629933199999982, 33.437827 ] } },
{ "type": "Feature", "properties": { "内容": "特別養護老人ホーム　清和園【介護老人福祉施設】福岡県朝倉郡東峰村大字小石原708番地13", "url": "https://www.kaigokensaku.mhlw.go.jp/40/index.php?action_kouhyou_detail_004_kani=true&JigyosyoCd=4076900036-00&ServiceCd=510&Type=search", "url2": "http://seiwaen-care.jp" }, "geometry": { "type": "Point", "coordinates": [ 130.832496399999968, 33.4711139 ] } },
{ "type": "Feature", "properties": { "内容": "特別養護老人ホーム　宝珠の郷【介護老人福祉施設】福岡県朝倉郡東峰村大字福井９４２－１", "url": "https://www.kaigokensaku.mhlw.go.jp/40/index.php?action_kouhyou_detail_004_kani=true&JigyosyoCd=4077000026-00&ServiceCd=510&Type=search", "url2": "https://www.e-housyu.jp/" }, "geometry": { "type": "Point", "coordinates": [ 130.878739900000028, 33.3803188 ] } },
{ "type": "Feature", "properties": { "内容": "特別養護老人ホーム大刀洗幸生苑【介護老人福祉施設】福岡県三井郡大刀洗町大字高樋１２４５番地の1", "url": "https://www.kaigokensaku.mhlw.go.jp/40/index.php?action_kouhyou_detail_004_kani=true&JigyosyoCd=4077700039-00&ServiceCd=510&Type=search", "url2": "http://tachiarai-kouseien.jp/" }, "geometry": { "type": "Point", "coordinates": [ 130.60078969999995, 33.3882199 ] } },
{ "type": "Feature", "properties": { "内容": "特別養護老人ホーム　聖母園【介護老人福祉施設】福岡県三井郡大刀洗町上高橋1173番地1", "url": "https://www.kaigokensaku.mhlw.go.jp/40/index.php?action_kouhyou_detail_004_kani=true&JigyosyoCd=4077700070-00&ServiceCd=510&Type=search", "url2": "https://www.kibou-no-oka.org" }, "geometry": { "type": "Point", "coordinates": [ 130.597559499999988, 33.371991 ] } },
{ "type": "Feature", "properties": { "内容": "特別養護老人ホーム　大刀洗昌普久苑【介護老人福祉施設】福岡県三井郡大刀洗町大字本郷３２７９", "url": "https://www.kaigokensaku.mhlw.go.jp/40/index.php?action_kouhyou_detail_004_kani=true&JigyosyoCd=4077700294-00&ServiceCd=510&Type=search", "url2": "http://shofukuen.com" }, "geometry": { "type": "Point", "coordinates": [ 130.626257099999975, 33.389659700000024 ] } },
{ "type": "Feature", "properties": { "内容": "特別養護老人ホーム　いちご【介護老人福祉施設】福岡県三潴郡大木町大字大角1133番地1", "url": "https://www.kaigokensaku.mhlw.go.jp/40/index.php?action_kouhyou_detail_004_kani=true&JigyosyoCd=4077900118-00&ServiceCd=510&Type=search", "url2": "https://www.ichigo.or.jp" }, "geometry": { "type": "Point", "coordinates": [ 130.4456434, 33.2241532 ] } },
{ "type": "Feature", "properties": { "内容": "特別養護老人ホーム　山ノ井荘【介護老人福祉施設】福岡県三潴郡大木町大字笹渕３９番地の１", "url": "https://www.kaigokensaku.mhlw.go.jp/40/index.php?action_kouhyou_detail_004_kani=true&JigyosyoCd=4077900035-00&ServiceCd=510&Type=search", "url2": "https://care-net.biz/40/yamanoikai/" }, "geometry": { "type": "Point", "coordinates": [ 130.4517845, 33.23933210000002 ] } },
{ "type": "Feature", "properties": { "内容": "特別養護老人ホーム　ゆめ広川【介護老人福祉施設】福岡県八女郡広川町大字広川2567-1", "url": "https://www.kaigokensaku.mhlw.go.jp/40/index.php?action_kouhyou_detail_004_kani=true&JigyosyoCd=4078400357-00&ServiceCd=510&Type=search", "url2": "hhtp://www.yumehirokawa.com/" }, "geometry": { "type": "Point", "coordinates": [ 130.524250253073063, 33.236844042715823 ] } },
{ "type": "Feature", "properties": { "内容": "若久シニアビレッジ【介護老人福祉施設】福岡県八女郡広川町大字新代１３８９－８", "url": "https://www.kaigokensaku.mhlw.go.jp/40/index.php?action_kouhyou_detail_004_kani=true&JigyosyoCd=4078400019-00&ServiceCd=510&Type=search", "url2": "http//www.kyueikai.jp/pages/67/" }, "geometry": { "type": "Point", "coordinates": [ 130.540327299999944, 33.2601371 ] } },
{ "type": "Feature", "properties": { "内容": "ユニット型特別養護老人ホーム彌栄苑【介護老人福祉施設】福岡県八女郡広川町大字新代１４３２－１４", "url": "https://www.kaigokensaku.mhlw.go.jp/40/index.php?action_kouhyou_detail_004_kani=true&JigyosyoCd=4078400324-00&ServiceCd=510&Type=search", "url2": "https://www.iyasakaen.com/" }, "geometry": { "type": "Point", "coordinates": [ 130.5435857, 33.2528019 ] } },
{ "type": "Feature", "properties": { "内容": "特別養護老人ホーム　彌栄苑【介護老人福祉施設】福岡県八女郡広川町大字新代１４３２－１", "url": "https://www.kaigokensaku.mhlw.go.jp/40/index.php?action_kouhyou_detail_004_kani=true&JigyosyoCd=4078400050-00&ServiceCd=510&Type=search", "url2": "http://www.iyasakaen.com/" }, "geometry": { "type": "Point", "coordinates": [ 130.544044, 33.252763 ] } },
{ "type": "Feature", "properties": { "内容": "特別養護老人ホーム　望岳園【介護老人福祉施設】福岡県田川郡香春町大字鏡山433", "url": "https://www.kaigokensaku.mhlw.go.jp/40/index.php?action_kouhyou_detail_004_kani=true&JigyosyoCd=4079200038-00&ServiceCd=510&Type=search", "url2": "http://bougakukai.main.jp/" }, "geometry": { "type": "Point", "coordinates": [ 130.854368199999954, 33.6806814 ] } },
{ "type": "Feature", "properties": { "内容": "特別養護老人ホーム香春公和苑【介護老人福祉施設】福岡県田川郡香春町大字中津原字百畝1113番12", "url": "https://www.kaigokensaku.mhlw.go.jp/40/index.php?action_kouhyou_detail_004_kani=true&JigyosyoCd=4079200566-00&ServiceCd=510&Type=search", "url2": "http://syunoukai.com" }, "geometry": { "type": "Point", "coordinates": [ 130.838471078275347, 33.658159037646847 ] } },
{ "type": "Feature", "properties": { "内容": "介護老人福祉施設　添寿園【介護老人福祉施設】福岡県田川郡添田町大字庄１１３４－１", "url": "https://www.kaigokensaku.mhlw.go.jp/40/index.php?action_kouhyou_detail_004_kani=true&JigyosyoCd=4079300010-00&ServiceCd=510&Type=search", "url2": "http://www.tenjyu-kai.com/" }, "geometry": { "type": "Point", "coordinates": [ 130.852424438623046, 33.577747270709118 ] } },
{ "type": "Feature", "properties": { "内容": "社会福祉法人　特別養護老人ホームそえだ【介護老人福祉施設】福岡県田川郡添田町大字添田1148-3", "url": "https://www.kaigokensaku.mhlw.go.jp/40/index.php?action_kouhyou_detail_004_kani=true&JigyosyoCd=4079300408-00&ServiceCd=510&Type=search", "url2": "tokuyou-soeda@cap.bbiq.jp" }, "geometry": { "type": "Point", "coordinates": [ 130.853476699999959, 33.5674873 ] } },
{ "type": "Feature", "properties": { "内容": "特別養護老人ホーム長寿園【介護老人福祉施設】福岡県田川郡糸田町4154-2", "url": "https://www.kaigokensaku.mhlw.go.jp/40/index.php?action_kouhyou_detail_004_kani=true&JigyosyoCd=4079500023-00&ServiceCd=510&Type=search", "url2": "http://www5.ocn.ne.jp/^choju/" }, "geometry": { "type": "Point", "coordinates": [ 130.761683799999986, 33.648225 ] } },
{ "type": "Feature", "properties": { "内容": "特別養護老人ホーム　豊寿園【介護老人福祉施設】福岡県田川郡糸田町1704番地", "url": "https://www.kaigokensaku.mhlw.go.jp/40/index.php?action_kouhyou_detail_004_kani=true&JigyosyoCd=4079500031-00&ServiceCd=510&Type=search", "url2": "http://www3.ocn.jp/^houjuen" }, "geometry": { "type": "Point", "coordinates": [ 130.775133701821915, 33.654938442303383 ] } },
{ "type": "Feature", "properties": { "内容": "特別養護老人ホーム　サンハイム豊寿園【介護老人福祉施設】1704番地", "url": "https://www.kaigokensaku.mhlw.go.jp/40/index.php?action_kouhyou_detail_004_kani=true&JigyosyoCd=4079500361-00&ServiceCd=510&Type=search", "url2": "http://www3.ocn.jp/~houjuen" }, "geometry": { "type": "Point", "coordinates": [ 13.115664899999956, 57.7648253 ] } },
{ "type": "Feature", "properties": { "内容": "特別養護老人ホーム　恵愛園【介護老人福祉施設】福岡県田川郡川崎町大字川崎3205-1", "url": "https://www.kaigokensaku.mhlw.go.jp/40/index.php?action_kouhyou_detail_004_kani=true&JigyosyoCd=4079600104-00&ServiceCd=510&Type=search", "url2": "http://keishinkai.org/" }, "geometry": { "type": "Point", "coordinates": [ 130.807637900000032, 33.58312990000001 ] } },
{ "type": "Feature", "properties": { "内容": "特別養護老人ホーム第二恵愛園【介護老人福祉施設】福岡県田川郡川崎町大字川崎3205-1", "url": "https://www.kaigokensaku.mhlw.go.jp/40/index.php?action_kouhyou_detail_004_kani=true&JigyosyoCd=4079600948-00&ServiceCd=510&Type=search", "url2": "http://keishinkai.org/" }, "geometry": { "type": "Point", "coordinates": [ 130.807637900000032, 33.58312990000001 ] } },
{ "type": "Feature", "properties": { "内容": "特別養護老人ホーム　ライフ【介護老人福祉施設】田川郡川崎町大字田原201番地4", "url": "https://www.kaigokensaku.mhlw.go.jp/40/index.php?action_kouhyou_detail_004_kani=true&JigyosyoCd=4079600880-00&ServiceCd=510&Type=search", "url2": "http://www.yakokai.com/" }, "geometry": { "type": "Point", "coordinates": [ 130.825185799999986, 33.6038701 ] } },
{ "type": "Feature", "properties": { "内容": "特別養護老人ホーム　グッドライフ【介護老人福祉施設】福岡県田川郡大任町大字今任原3486-3", "url": "https://www.kaigokensaku.mhlw.go.jp/40/index.php?action_kouhyou_detail_004_kani=true&JigyosyoCd=4079900355-00&ServiceCd=510&Type=search", "url2": "tokuyou_goodlife@rhythm.ocn.ne.jp" }, "geometry": { "type": "Point", "coordinates": [ 130.844039100000032, 33.6429578 ] } },
{ "type": "Feature", "properties": { "内容": "特別養護老人ホーム愛寿園【介護老人福祉施設】福岡県田川郡大任町大字今任原３４０１番地", "url": "https://www.kaigokensaku.mhlw.go.jp/40/index.php?action_kouhyou_detail_004_kani=true&JigyosyoCd=4079900017-00&ServiceCd=510&Type=search", "url2": "aijuen2006@yahoo.co.jp" }, "geometry": { "type": "Point", "coordinates": [ 130.846619700000019, 33.6364142 ] } },
{ "type": "Feature", "properties": { "内容": "特別養護老人ホーム　よろこび【介護老人福祉施設】福岡県田川郡大任町大字大行事4126", "url": "https://www.kaigokensaku.mhlw.go.jp/40/index.php?action_kouhyou_detail_004_kani=true&JigyosyoCd=4079900397-00&ServiceCd=510&Type=search", "url2": "yorokobi-home.com." }, "geometry": { "type": "Point", "coordinates": [ 130.846957225113897, 33.613703950907158 ] } },
{ "type": "Feature", "properties": { "内容": "社会福祉法人　特別養護老人ホーム　サミック【介護老人福祉施設】福岡県田川郡赤村大字赤4538番地2", "url": "https://www.kaigokensaku.mhlw.go.jp/40/index.php?action_kouhyou_detail_004_kani=true&JigyosyoCd=4077800243-00&ServiceCd=510&Type=search", "url2": "https://summick.or.jp/" }, "geometry": { "type": "Point", "coordinates": [ 130.869285767089849, 33.609777388056884 ] } },
{ "type": "Feature", "properties": { "内容": "特別養護老人ホーム　いなほ【介護老人福祉施設】福岡県田川郡福智町伊方4138", "url": "https://www.kaigokensaku.mhlw.go.jp/40/index.php?action_kouhyou_detail_004_kani=true&JigyosyoCd=4079400901-00&ServiceCd=510&Type=search", "url2": "https://seihoukai-hukusi.com" }, "geometry": { "type": "Point", "coordinates": [ 130.798923456054069, 33.688067915483238 ] } },
{ "type": "Feature", "properties": { "内容": "特別養護老人ホーム　第二長寿園【介護老人福祉施設】福岡県田川郡福智町金田1257-2-1", "url": "https://www.kaigokensaku.mhlw.go.jp/40/index.php?action_kouhyou_detail_004_kani=true&JigyosyoCd=4079400026-00&ServiceCd=510&Type=search", "url2": "https://daini-choujuen.jp/" }, "geometry": { "type": "Point", "coordinates": [ 130.7713579, 33.6826469 ] } },
{ "type": "Feature", "properties": { "内容": "特別養護老人ホーム慶寿園【介護老人福祉施設】福岡県田川郡福智町上野3175番地3", "url": "https://www.kaigokensaku.mhlw.go.jp/40/index.php?action_kouhyou_detail_004_kani=true&JigyosyoCd=4079700052-00&ServiceCd=510&Type=search", "url2": "ｈｔｔｐ：//ｋｅｉｊｕｅｎ-ｆｕｋｕｃｈｉ.ｏｒｇ/" }, "geometry": { "type": "Point", "coordinates": [ 130.778281600000014, 33.7202318 ] } },
{ "type": "Feature", "properties": { "内容": "ユニットケア慶寿園【介護老人福祉施設】福岡県田川郡福智町上野3175番地3", "url": "https://www.kaigokensaku.mhlw.go.jp/40/index.php?action_kouhyou_detail_004_kani=true&JigyosyoCd=4079400778-00&ServiceCd=510&Type=search", "url2": "ｈｔｔｐ：//ｋｅｉｊｕｅｎ-ｆｕｋｕｃｈｉ.ｏｒｇ/" }, "geometry": { "type": "Point", "coordinates": [ 130.778281600000014, 33.7202318 ] } },
{ "type": "Feature", "properties": { "内容": "特別養護老人ホーム福智園【介護老人福祉施設】福岡県田川郡福智町弁城4193番地28", "url": "https://www.kaigokensaku.mhlw.go.jp/40/index.php?action_kouhyou_detail_004_kani=true&JigyosyoCd=4079800043-00&ServiceCd=510&Type=search", "url2": "http://www.fukuchikai.jp" }, "geometry": { "type": "Point", "coordinates": [ 130.7801538, 33.696993 ] } },
{ "type": "Feature", "properties": { "内容": "特別養護老人ホーム　方信園【介護老人福祉施設】福岡県田川郡福智町伊方２６１１－１", "url": "https://www.kaigokensaku.mhlw.go.jp/40/index.php?action_kouhyou_detail_004_kani=true&JigyosyoCd=4079800050-00&ServiceCd=510&Type=search", "url2": "https://www.fukujukai-chikuho.com" }, "geometry": { "type": "Point", "coordinates": [ 130.803249, 33.6759764 ] } },
{ "type": "Feature", "properties": { "内容": "特別養護老人ホーム白川園【介護老人福祉施設】福岡県京都郡苅田町与原1585-3特別養護老人ホーム白川園", "url": "https://www.kaigokensaku.mhlw.go.jp/40/index.php?action_kouhyou_detail_004_kani=true&JigyosyoCd=4070000171-00&ServiceCd=510&Type=search", "url2": "https://www.shirakawaen.jp/" }, "geometry": { "type": "Point", "coordinates": [ 130.983131265081823, 33.755093791987555 ] } },
{ "type": "Feature", "properties": { "内容": "社会福祉法人　光和苑　特別養護老人ホーム　あじさい【介護老人福祉施設】福岡県京都郡苅田町大字稲光968-1特別養護老人ホームあじさい", "url": "https://www.kaigokensaku.mhlw.go.jp/40/index.php?action_kouhyou_detail_004_kani=true&JigyosyoCd=4078000488-00&ServiceCd=510&Type=search", "url2": null }, "geometry": { "type": "Point", "coordinates": [ 130.9410164, 33.7539801 ] } },
{ "type": "Feature", "properties": { "内容": "特別養護老人ホーム犀川園【介護老人福祉施設】福岡県京都郡みやこ町犀川谷口759番地", "url": "https://www.kaigokensaku.mhlw.go.jp/40/index.php?action_kouhyou_detail_004_kani=true&JigyosyoCd=4070000247-00&ServiceCd=510&Type=search", "url2": "http://saigawaen.jp/" }, "geometry": { "type": "Point", "coordinates": [ 130.929604199999972, 33.6598101 ] } },
{ "type": "Feature", "properties": { "内容": "特別養護老人ホ－ム聖家族の家【介護老人福祉施設】福岡県京都郡みやこ町豊津566番地の2", "url": "https://www.kaigokensaku.mhlw.go.jp/40/index.php?action_kouhyou_detail_004_kani=true&JigyosyoCd=4070000387-00&ServiceCd=510&Type=search", "url2": "http://www.seikazoku.jp/" }, "geometry": { "type": "Point", "coordinates": [ 130.971330699999953, 33.6773116 ] } },
{ "type": "Feature", "properties": { "内容": "特別養護老人ホーム　勝山苑【介護老人福祉施設】福岡県京都郡みやこ町勝山大久保3224-1", "url": "https://www.kaigokensaku.mhlw.go.jp/40/index.php?action_kouhyou_detail_004_kani=true&JigyosyoCd=4070000643-00&ServiceCd=510&Type=search", "url2": "https://keayuku.com/" }, "geometry": { "type": "Point", "coordinates": [ 130.928639699999962, 33.6897153 ] } },
{ "type": "Feature", "properties": { "内容": "特別養護老人ホーム吉富鳳寿園【介護老人福祉施設】福岡県築上郡吉富町大字幸子803番地1", "url": "https://www.kaigokensaku.mhlw.go.jp/40/index.php?action_kouhyou_detail_004_kani=true&JigyosyoCd=4070000528-00&ServiceCd=510&Type=search", "url2": "http://ryokufu-k.jp/" }, "geometry": { "type": "Point", "coordinates": [ 131.164449, 33.5937017 ] } },
{ "type": "Feature", "properties": { "内容": "特別養護老人ホームさくら苑【介護老人福祉施設】福岡県築上郡吉富町大字別府655番地1", "url": "https://www.kaigokensaku.mhlw.go.jp/40/index.php?action_kouhyou_detail_004_kani=true&JigyosyoCd=4078800184-00&ServiceCd=510&Type=search", "url2": "http://hatsuhanakai.jp" }, "geometry": { "type": "Point", "coordinates": [ 131.157892541525257, 33.599131598231487 ] } },
{ "type": "Feature", "properties": { "内容": "特別養護老人ホーム　たいへい苑【介護老人福祉施設】福岡県築上郡上毛町大字西友枝1938番地1", "url": "https://www.kaigokensaku.mhlw.go.jp/40/index.php?action_kouhyou_detail_004_kani=true&JigyosyoCd=4078900299-00&ServiceCd=510&Type=search", "url2": "taiheien@kei-ai-kai.com" }, "geometry": { "type": "Point", "coordinates": [ 131.130246599999964, 33.541991 ] } },
{ "type": "Feature", "properties": { "内容": "特別養護老人ホームたいへい苑　ほほえみ館【介護老人福祉施設】福岡県築上郡上毛町大字東下1577番地1", "url": "https://www.kaigokensaku.mhlw.go.jp/40/index.php?action_kouhyou_detail_004_kani=true&JigyosyoCd=4078900307-00&ServiceCd=510&Type=search", "url2": "taiheien@kei-ai-kai.com" }, "geometry": { "type": "Point", "coordinates": [ 131.153982244353898, 33.553407 ] } },
{ "type": "Feature", "properties": { "内容": "特別養護老人ホーム　安雲拓心苑【介護老人福祉施設】福岡県築上郡上毛町大字安雲585－4", "url": "https://www.kaigokensaku.mhlw.go.jp/40/index.php?action_kouhyou_detail_004_kani=true&JigyosyoCd=4070000627-00&ServiceCd=510&Type=search", "url2": "https://minori-kai.or.jp/" }, "geometry": { "type": "Point", "coordinates": [ 131.143731300000013, 33.5734576 ] } },
{ "type": "Feature", "properties": { "内容": "特別養護老人ホ－ム誠松園【介護老人福祉施設】福岡県築上郡築上町大字安武990番地", "url": "https://www.kaigokensaku.mhlw.go.jp/40/index.php?action_kouhyou_detail_004_kani=true&JigyosyoCd=4070000593-00&ServiceCd=510&Type=search", "url2": "http://seisyoen.jp/" }, "geometry": { "type": "Point", "coordinates": [ 131.006436399999984, 33.6594279 ] } },
{ "type": "Feature", "properties": { "内容": "特別養護老人ホーム愛翠苑【介護老人福祉施設】福岡県築上郡築上町大字上ノ河内１０４８番地", "url": "https://www.kaigokensaku.mhlw.go.jp/40/index.php?action_kouhyou_detail_004_kani=true&JigyosyoCd=4070000445-00&ServiceCd=510&Type=search", "url2": "http://wakasugikai.com/" }, "geometry": { "type": "Point", "coordinates": [ 131.076133600000048, 33.6297159 ] } },
{ "type": "Feature", "properties": { "内容": "ナーシングホームあかり【介護老人福祉施設】福岡県築上郡築上町大字築城165番地１", "url": "https://www.kaigokensaku.mhlw.go.jp/40/index.php?action_kouhyou_detail_004_kani=true&JigyosyoCd=4079800415-00&ServiceCd=510&Type=search", "url2": "http://www.wakasugikai.com/" }, "geometry": { "type": "Point", "coordinates": [ 131.035383499999966, 33.6701162 ] } }
]
}
