{
"type": "FeatureCollection",
"name": "geo_40_福祉用具貸与",
"crs": { "type": "name", "properties": { "name": "urn:ogc:def:crs:OGC:1.3:CRS84" } },
"features": [
{ "type": "Feature", "properties": { "内容": "株式会社エルビート【福祉用具貸与】福岡県北九州市門司区社の木１丁目１７－１０", "url": "https://www.kaigokensaku.mhlw.go.jp/40/index.php?action_kouhyou_detail_004_kani=true&JigyosyoCd=4070100583-00&ServiceCd=170&Type=search", "url2": "http://www.l-beat.co.jp/" }, "geometry": { "type": "Point", "coordinates": [ 130.927619600000071, 33.8931735 ] } },
{ "type": "Feature", "properties": { "内容": "大介福祉用具【福祉用具貸与】福岡県北九州市門司区西新町一丁目14番6-101号藤松ビル", "url": "https://www.kaigokensaku.mhlw.go.jp/40/index.php?action_kouhyou_detail_004_kani=true&JigyosyoCd=4070103132-00&ServiceCd=170&Type=search", "url2": null }, "geometry": { "type": "Point", "coordinates": [ 130.923077335582008, 33.889451986432135 ] } },
{ "type": "Feature", "properties": { "内容": "知恵の木株式会社【福祉用具貸与】福岡県北九州市門司区旧門司１丁目5番28-705号コーポランド和布刈705号", "url": "https://www.kaigokensaku.mhlw.go.jp/40/index.php?action_kouhyou_detail_004_kani=true&JigyosyoCd=4070102860-00&ServiceCd=170&Type=search", "url2": "http://hp.kaipoke.biz/4cz/" }, "geometry": { "type": "Point", "coordinates": [ 130.966448200000059, 33.9532037 ] } },
{ "type": "Feature", "properties": { "内容": "パナソニックエイジフリーショップ門司【福祉用具貸与】福岡県北九州市門司区下二十町11－10ロイヤルレッドビル1階", "url": "https://www.kaigokensaku.mhlw.go.jp/40/index.php?action_kouhyou_detail_004_kani=true&JigyosyoCd=4070102761-00&ServiceCd=170&Type=search", "url2": "https://panasonic.co.jp/paf/" }, "geometry": { "type": "Point", "coordinates": [ 130.940951400000017, 33.9108245 ] } },
{ "type": "Feature", "properties": { "内容": "九州介護サービス　あおぞら【福祉用具貸与】高須北１丁目１２番１６号", "url": "https://www.kaigokensaku.mhlw.go.jp/40/index.php?action_kouhyou_detail_004_kani=true&JigyosyoCd=4070201951-00&ServiceCd=170&Type=search", "url2": null }, "geometry": { "type": "Point", "coordinates": [ 130.688551400000051, 33.895948 ] } },
{ "type": "Feature", "properties": { "内容": "アップルハート北九州店【福祉用具貸与】福岡県北九州市若松区桜町６－３", "url": "https://www.kaigokensaku.mhlw.go.jp/40/index.php?action_kouhyou_detail_004_kani=true&JigyosyoCd=4070600178-00&ServiceCd=170&Type=search", "url2": "http://www.aso-group.co.jp/ams" }, "geometry": { "type": "Point", "coordinates": [ 130.807374508598286, 33.90862308555382 ] } },
{ "type": "Feature", "properties": { "内容": "アルスケア【福祉用具貸与】福岡県北九州市戸畑区中本町11-2", "url": "https://www.kaigokensaku.mhlw.go.jp/40/index.php?action_kouhyou_detail_004_kani=true&JigyosyoCd=4070301348-00&ServiceCd=170&Type=search", "url2": null }, "geometry": { "type": "Point", "coordinates": [ 130.823450900000012, 33.8953847 ] } },
{ "type": "Feature", "properties": { "内容": "ライフシンフォニア【福祉用具貸与】中原西2丁目17-5", "url": "https://www.kaigokensaku.mhlw.go.jp/40/index.php?action_kouhyou_detail_004_kani=true&JigyosyoCd=4070301397-00&ServiceCd=170&Type=search", "url2": "https://life-sinfonia.com/" }, "geometry": { "type": "Point", "coordinates": [ 130.8404093, 33.8996963 ] } },
{ "type": "Feature", "properties": { "内容": "あやめレンタルサービス【福祉用具貸与】北九州市戸畑区明治町9-10", "url": "https://www.kaigokensaku.mhlw.go.jp/40/index.php?action_kouhyou_detail_004_kani=true&JigyosyoCd=4070300985-00&ServiceCd=170&Type=search", "url2": "http://kyoaikai.com" }, "geometry": { "type": "Point", "coordinates": [ 130.823322769311488, 33.899465437556564 ] } },
{ "type": "Feature", "properties": { "内容": "シンプルケア北九州営業所【福祉用具貸与】北九州市小倉北区東篠崎2丁目7番38号", "url": "https://www.kaigokensaku.mhlw.go.jp/40/index.php?action_kouhyou_detail_004_kani=true&JigyosyoCd=4070404183-00&ServiceCd=170&Type=search", "url2": "http://www.kawamura-fs.com" }, "geometry": { "type": "Point", "coordinates": [ 130.875174391401742, 33.863030900000666 ] } },
{ "type": "Feature", "properties": { "内容": "モスウイング【福祉用具貸与】北九州市小倉北区高坊2丁目9-25-2F", "url": "https://www.kaigokensaku.mhlw.go.jp/40/index.php?action_kouhyou_detail_004_kani=true&JigyosyoCd=4070405487-00&ServiceCd=170&Type=search", "url2": "http://www.mos-wing.com/" }, "geometry": { "type": "Point", "coordinates": [ 130.892680399999989, 33.8553468 ] } },
{ "type": "Feature", "properties": { "内容": "ワールド・エコ・ジャパン株式会社【福祉用具貸与】神岳1丁目4-21", "url": "https://www.kaigokensaku.mhlw.go.jp/40/index.php?action_kouhyou_detail_004_kani=true&JigyosyoCd=4070405909-00&ServiceCd=170&Type=search", "url2": null }, "geometry": { "type": "Point", "coordinates": [ 130.8907031, 33.871568 ] } },
{ "type": "Feature", "properties": { "内容": "さわやか　ケアサポート【福祉用具貸与】北九州市小倉北区熊本２－１０－１０－２０７", "url": "https://www.kaigokensaku.mhlw.go.jp/40/index.php?action_kouhyou_detail_004_kani=true&JigyosyoCd=4070403581-00&ServiceCd=170&Type=search", "url2": null }, "geometry": { "type": "Point", "coordinates": [ 130.894535268508889, 33.870769570778755 ] } },
{ "type": "Feature", "properties": { "内容": "一進道【福祉用具貸与】福岡県北九州市小倉北区篠崎5-15-27", "url": "https://www.kaigokensaku.mhlw.go.jp/40/index.php?action_kouhyou_detail_004_kani=true&JigyosyoCd=4070406261-00&ServiceCd=170&Type=search", "url2": null }, "geometry": { "type": "Point", "coordinates": [ 130.860090899999989, 33.8626293 ] } },
{ "type": "Feature", "properties": { "内容": "ＱＣＣ北九州【福祉用具貸与】北九州市小倉北区篠崎2丁目30-34", "url": "https://www.kaigokensaku.mhlw.go.jp/40/index.php?action_kouhyou_detail_004_kani=true&JigyosyoCd=4070404175-00&ServiceCd=170&Type=search", "url2": "http://qccg.jp" }, "geometry": { "type": "Point", "coordinates": [ 130.869237102380708, 33.863047898802762 ] } },
{ "type": "Feature", "properties": { "内容": "インフィールド【福祉用具貸与】福岡県北九州市小倉北区井堀四丁目8番19号ガーデンコート井掘", "url": "https://www.kaigokensaku.mhlw.go.jp/40/index.php?action_kouhyou_detail_004_kani=true&JigyosyoCd=4070405180-00&ServiceCd=170&Type=search", "url2": null }, "geometry": { "type": "Point", "coordinates": [ 130.844833599999987, 33.8936437 ] } },
{ "type": "Feature", "properties": { "内容": "プラスケア　小倉【福祉用具貸与】福岡県北九州市小倉北区宇佐町2丁目6-8オフィスパレア宇佐ⅠB棟　1号室", "url": "https://www.kaigokensaku.mhlw.go.jp/40/index.php?action_kouhyou_detail_004_kani=true&JigyosyoCd=4070405289-00&ServiceCd=170&Type=search", "url2": "http://pluscare2002.co.jp/" }, "geometry": { "type": "Point", "coordinates": [ 130.892724500000014, 33.8754134 ] } },
{ "type": "Feature", "properties": { "内容": "横尾器械株式会社【福祉用具貸与】福岡県北九州市小倉北区井堀3丁目22-10", "url": "https://www.kaigokensaku.mhlw.go.jp/40/index.php?action_kouhyou_detail_004_kani=true&JigyosyoCd=4070400066-00&ServiceCd=170&Type=search", "url2": "http://www.yokookikai.com" }, "geometry": { "type": "Point", "coordinates": [ 130.844218299999966, 33.8847365 ] } },
{ "type": "Feature", "properties": { "内容": "アビリティーズ・ケアネット株式会社　北九州営業所【福祉用具貸与】福岡県北九州市小倉北区高浜一丁目６番２７号", "url": "https://www.kaigokensaku.mhlw.go.jp/40/index.php?action_kouhyou_detail_004_kani=true&JigyosyoCd=4070400736-00&ServiceCd=170&Type=search", "url2": "https://www.abilities.jp" }, "geometry": { "type": "Point", "coordinates": [ 130.898533600000064, 33.888512 ] } },
{ "type": "Feature", "properties": { "内容": "株式会社　ピュアハート【福祉用具貸与】福岡県北九州市小倉北区片野三丁目７番７号", "url": "https://www.kaigokensaku.mhlw.go.jp/40/index.php?action_kouhyou_detail_004_kani=true&JigyosyoCd=4070402930-00&ServiceCd=170&Type=search", "url2": null }, "geometry": { "type": "Point", "coordinates": [ 130.882143700000029, 33.8665754 ] } },
{ "type": "Feature", "properties": { "内容": "有限会社ユニクリエイト　光ホーム【福祉用具貸与】福岡県北九州市小倉北区下富野２丁目１０－１４", "url": "https://www.kaigokensaku.mhlw.go.jp/40/index.php?action_kouhyou_detail_004_kani=true&JigyosyoCd=4070402971-00&ServiceCd=170&Type=search", "url2": null }, "geometry": { "type": "Point", "coordinates": [ 130.899142, 33.8820765 ] } },
{ "type": "Feature", "properties": { "内容": "株式会社フロンティア　北九州営業所【福祉用具貸与】西港町89-6センコービル2階", "url": "https://www.kaigokensaku.mhlw.go.jp/40/index.php?action_kouhyou_detail_004_kani=true&JigyosyoCd=4070404084-00&ServiceCd=170&Type=search", "url2": "http://www.frontier-ph.com/" }, "geometry": { "type": "Point", "coordinates": [ 130.86557449999998, 33.9064344 ] } },
{ "type": "Feature", "properties": { "内容": "はんど北九州営業所【福祉用具貸与】福岡県北九州市小倉北区三郎丸３丁目６－２０久野ビル１０４号", "url": "https://www.kaigokensaku.mhlw.go.jp/40/index.php?action_kouhyou_detail_004_kani=true&JigyosyoCd=4070404555-00&ServiceCd=170&Type=search", "url2": "https://www.ee-hand.co.jp" }, "geometry": { "type": "Point", "coordinates": [ 130.8875491, 33.8682775 ] } },
{ "type": "Feature", "properties": { "内容": "福祉用具いわさき【福祉用具貸与】福岡県北九州市小倉北区片野新町1-1-34アストリア片野", "url": "https://www.kaigokensaku.mhlw.go.jp/40/index.php?action_kouhyou_detail_004_kani=true&JigyosyoCd=4070405735-00&ServiceCd=170&Type=search", "url2": "https://www.iwasaki-group.co.jp/" }, "geometry": { "type": "Point", "coordinates": [ 130.882894991401656, 33.864819089331938 ] } },
{ "type": "Feature", "properties": { "内容": "福祉用具のはこぶね【福祉用具貸与】福岡県北九州市小倉北区下富野2丁目8番4号", "url": "https://www.kaigokensaku.mhlw.go.jp/40/index.php?action_kouhyou_detail_004_kani=true&JigyosyoCd=4070405800-00&ServiceCd=170&Type=search", "url2": null }, "geometry": { "type": "Point", "coordinates": [ 130.8974648, 33.8823472 ] } },
{ "type": "Feature", "properties": { "内容": "健匠株式会社【福祉用具貸与】福岡県北九州市小倉北区宇佐町二丁目6-9オフィスパレア宇佐Ⅰ　A3", "url": "https://www.kaigokensaku.mhlw.go.jp/40/index.php?action_kouhyou_detail_004_kani=true&JigyosyoCd=4070405966-00&ServiceCd=170&Type=search", "url2": null }, "geometry": { "type": "Point", "coordinates": [ 130.8924898, 33.8754395 ] } },
{ "type": "Feature", "properties": { "内容": "福祉用具のえにしあさん【福祉用具貸与】下到津4-10-9", "url": "https://www.kaigokensaku.mhlw.go.jp/40/index.php?action_kouhyou_detail_004_kani=true&JigyosyoCd=4070406196-00&ServiceCd=170&Type=search", "url2": "https://www.enisia.jp/" }, "geometry": { "type": "Point", "coordinates": [ 130.855085, 33.8758832 ] } },
{ "type": "Feature", "properties": { "内容": "ひろき福祉用具センター【福祉用具貸与】福岡県北九州市小倉北区東篠崎2丁目7-37", "url": "https://www.kaigokensaku.mhlw.go.jp/40/index.php?action_kouhyou_detail_004_kani=true&JigyosyoCd=4070503604-00&ServiceCd=170&Type=search", "url2": "http://homepage2.nifty.com/kawamurafukushi/" }, "geometry": { "type": "Point", "coordinates": [ 130.875206912503046, 33.862790805249645 ] } },
{ "type": "Feature", "properties": { "内容": "プログレス【福祉用具貸与】福岡県北九州市小倉北区緑ヶ丘一丁目4番25号302", "url": "https://www.kaigokensaku.mhlw.go.jp/40/index.php?action_kouhyou_detail_004_kani=true&JigyosyoCd=4070405420-00&ServiceCd=170&Type=search", "url2": null }, "geometry": { "type": "Point", "coordinates": [ 140.075332900000035, 35.7293186 ] } },
{ "type": "Feature", "properties": { "内容": "北九州福祉サービス株式会社きたふく福祉用具ショップ【福祉用具貸与】福岡県北九州市小倉北区馬借1丁目3番21号　１階", "url": "https://www.kaigokensaku.mhlw.go.jp/40/index.php?action_kouhyou_detail_004_kani=true&JigyosyoCd=4070401429-00&ServiceCd=170&Type=search", "url2": "http://www.kitafuku.co.jp" }, "geometry": { "type": "Point", "coordinates": [ 130.877541, 33.8817261 ] } },
{ "type": "Feature", "properties": { "内容": "太陽シルバーサービス株式会社　小倉営業所【福祉用具貸与】北九州市小倉北区重住3丁目11-21", "url": "https://www.kaigokensaku.mhlw.go.jp/40/index.php?action_kouhyou_detail_004_kani=true&JigyosyoCd=4070403227-00&ServiceCd=170&Type=search", "url2": "http://www.taiyoss.co.jp" }, "geometry": { "type": "Point", "coordinates": [ 130.8888307978699, 33.856872681842255 ] } },
{ "type": "Feature", "properties": { "内容": "有限会社　ヤマサキ【福祉用具貸与】福岡県北九州市小倉南区志井笹原1012-1", "url": "https://www.kaigokensaku.mhlw.go.jp/40/index.php?action_kouhyou_detail_004_kani=true&JigyosyoCd=4070500931-00&ServiceCd=170&Type=search", "url2": null }, "geometry": { "type": "Point", "coordinates": [ 130.86881, 33.8216859 ] } },
{ "type": "Feature", "properties": { "内容": "アイライフ福祉用品センター【福祉用具貸与】福岡県北九州市小倉南区南方5-15-21", "url": "https://www.kaigokensaku.mhlw.go.jp/40/index.php?action_kouhyou_detail_004_kani=true&JigyosyoCd=4070503901-00&ServiceCd=170&Type=search", "url2": null }, "geometry": { "type": "Point", "coordinates": [ 130.860627, 33.8268547 ] } },
{ "type": "Feature", "properties": { "内容": "株式会社　ケアテックサービス【福祉用具貸与】福岡県北九州市小倉南区志井6丁目２番７号", "url": "https://www.kaigokensaku.mhlw.go.jp/40/index.php?action_kouhyou_detail_004_kani=true&JigyosyoCd=4070500162-00&ServiceCd=170&Type=search", "url2": "http://caretech-service.wixsite.com/caretechservice" }, "geometry": { "type": "Point", "coordinates": [ 130.875894679623343, 33.815703517269398 ] } },
{ "type": "Feature", "properties": { "内容": "北九州ヘルスケアサービス福祉用具センター【福祉用具貸与】福岡県北九州市小倉南区湯川5丁目9-17", "url": "https://www.kaigokensaku.mhlw.go.jp/40/index.php?action_kouhyou_detail_004_kani=true&JigyosyoCd=4070402229-00&ServiceCd=170&Type=search", "url2": "http://www.kitakyusyu-hcs.co.jp" }, "geometry": { "type": "Point", "coordinates": [ 130.906293615804969, 33.844050397320302 ] } },
{ "type": "Feature", "properties": { "内容": "株式会社　サプライ【福祉用具貸与】福岡県北九州市小倉南区曽根新田南３―３―２４", "url": "https://www.kaigokensaku.mhlw.go.jp/40/index.php?action_kouhyou_detail_004_kani=true&JigyosyoCd=4070503364-00&ServiceCd=170&Type=search", "url2": "http://supply481025.client.jp/" }, "geometry": { "type": "Point", "coordinates": [ 130.9570751, 33.8141583 ] } },
{ "type": "Feature", "properties": { "内容": "ベストケア小倉【福祉用具貸与】北九州市小倉南区蒲生4丁目5番6号", "url": "https://www.kaigokensaku.mhlw.go.jp/40/index.php?action_kouhyou_detail_004_kani=true&JigyosyoCd=4070500832-00&ServiceCd=170&Type=search", "url2": null }, "geometry": { "type": "Point", "coordinates": [ 130.864931800000022, 33.8422556 ] } },
{ "type": "Feature", "properties": { "内容": "(株)ホームケアサービス山口　北九州店【福祉用具貸与】北九州市小倉南区中吉田6丁目26-5", "url": "https://www.kaigokensaku.mhlw.go.jp/40/index.php?action_kouhyou_detail_004_kani=true&JigyosyoCd=4070504024-00&ServiceCd=170&Type=search", "url2": "http://www.homecare-yamaguchi.co.jp" }, "geometry": { "type": "Point", "coordinates": [ 130.95379379073313, 33.85007867404552 ] } },
{ "type": "Feature", "properties": { "内容": "株式会社神崎工務店【福祉用具貸与】福岡県北九州市小倉南区湯川5-8-28", "url": "https://www.kaigokensaku.mhlw.go.jp/40/index.php?action_kouhyou_detail_004_kani=true&JigyosyoCd=4070502093-00&ServiceCd=170&Type=search", "url2": "http://k-kanzaki.com" }, "geometry": { "type": "Point", "coordinates": [ 130.905371599999967, 33.8441244 ] } },
{ "type": "Feature", "properties": { "内容": "株式会社トーカイ　北九州営業所【福祉用具貸与】福岡県北九州市小倉南区田原3丁目8番5号", "url": "https://www.kaigokensaku.mhlw.go.jp/40/index.php?action_kouhyou_detail_004_kani=true&JigyosyoCd=4070500907-00&ServiceCd=170&Type=search", "url2": "http://www.tokai-corp.com/" }, "geometry": { "type": "Point", "coordinates": [ 130.933767900000021, 33.8255257 ] } },
{ "type": "Feature", "properties": { "内容": "ほほえみレンタル【福祉用具貸与】北九州市小倉南区葛原本町6丁目10番3号", "url": "https://www.kaigokensaku.mhlw.go.jp/40/index.php?action_kouhyou_detail_004_kani=true&JigyosyoCd=4070501079-00&ServiceCd=170&Type=search", "url2": "医療法人　慈恵会" }, "geometry": { "type": "Point", "coordinates": [ 130.925004100000024, 33.8407597 ] } },
{ "type": "Feature", "properties": { "内容": "太陽シルバーサービス株式会社　小倉南営業所【福祉用具貸与】北九州市小倉南区田原新町1丁目3-34", "url": "https://www.kaigokensaku.mhlw.go.jp/40/index.php?action_kouhyou_detail_004_kani=true&JigyosyoCd=4070503471-00&ServiceCd=170&Type=search", "url2": "http://www.taiyoss.co.jp" }, "geometry": { "type": "Point", "coordinates": [ 130.928693, 33.8327302 ] } },
{ "type": "Feature", "properties": { "内容": "株式会社　介助　小倉営業所【福祉用具貸与】北九州市小倉南区横代北町二丁目1番41号ﾈｯﾂ小倉東A-2", "url": "https://www.kaigokensaku.mhlw.go.jp/40/index.php?action_kouhyou_detail_004_kani=true&JigyosyoCd=4070503539-00&ServiceCd=170&Type=search", "url2": "http://www.kaisuke.co.jp/" }, "geometry": { "type": "Point", "coordinates": [ 130.898076599999968, 33.839378500000031 ] } },
{ "type": "Feature", "properties": { "内容": "フランスベッド株式会社　メディカル小倉営業所【福祉用具貸与】福岡県北九州市小倉南区下城野一丁目7-3ウェルカムネッツB-8号", "url": "https://www.kaigokensaku.mhlw.go.jp/40/index.php?action_kouhyou_detail_004_kani=true&JigyosyoCd=4070505443-00&ServiceCd=170&Type=search", "url2": "http//www.francebed.co.jp" }, "geometry": { "type": "Point", "coordinates": [ 130.878424950153004, 33.8561845 ] } },
{ "type": "Feature", "properties": { "内容": "シニアクラブ福祉用具センター【福祉用具貸与】北九州市八幡東区中央2-24-5", "url": "https://www.kaigokensaku.mhlw.go.jp/40/index.php?action_kouhyou_detail_004_kani=true&JigyosyoCd=4070601044-00&ServiceCd=170&Type=search", "url2": null }, "geometry": { "type": "Point", "coordinates": [ 130.81067459999997, 33.8663545 ] } },
{ "type": "Feature", "properties": { "内容": "株式会社　クローバー　北九州営業所【福祉用具貸与】福岡県北九州市八幡東区松尾町3-15", "url": "https://www.kaigokensaku.mhlw.go.jp/40/index.php?action_kouhyou_detail_004_kani=true&JigyosyoCd=4070600954-00&ServiceCd=170&Type=search", "url2": "http://www.clover-w.co.jp/" }, "geometry": { "type": "Point", "coordinates": [ 130.838808100000051, 33.868124200000011 ] } },
{ "type": "Feature", "properties": { "内容": "太陽シルバーサービス株式会社　八幡東営業所【福祉用具貸与】北九州市八幡東区山路松尾町14-6", "url": "https://www.kaigokensaku.mhlw.go.jp/40/index.php?action_kouhyou_detail_004_kani=true&JigyosyoCd=4070601184-00&ServiceCd=170&Type=search", "url2": "http://www.taiyoss.co.jp" }, "geometry": { "type": "Point", "coordinates": [ 130.8432914, 33.8586866 ] } },
{ "type": "Feature", "properties": { "内容": "Ｊ’ｓライフケア事業部【福祉用具貸与】福岡県北九州市八幡東区西本町1丁目11-3北鐵ビル2F", "url": "https://www.kaigokensaku.mhlw.go.jp/40/index.php?action_kouhyou_detail_004_kani=true&JigyosyoCd=4070602299-00&ServiceCd=170&Type=search", "url2": "https://www.cielonext.co.jp" }, "geometry": { "type": "Point", "coordinates": [ 130.798081599999989, 33.8666765 ] } },
{ "type": "Feature", "properties": { "内容": "むらミライ【福祉用具貸与】高江2-3-5", "url": "https://www.kaigokensaku.mhlw.go.jp/40/index.php?action_kouhyou_detail_004_kani=true&JigyosyoCd=4070707817-00&ServiceCd=170&Type=search", "url2": null }, "geometry": { "type": "Point", "coordinates": [ 130.7152233, 33.8027967 ] } },
{ "type": "Feature", "properties": { "内容": "株式会社ハイライフ　福祉事業センター【福祉用具貸与】福岡県北九州市八幡西区茶屋の原2丁目5番20号", "url": "https://www.kaigokensaku.mhlw.go.jp/40/index.php?action_kouhyou_detail_004_kani=true&JigyosyoCd=4070706710-00&ServiceCd=170&Type=search", "url2": "hp.kaipoke.biz/ckx/index.html" }, "geometry": { "type": "Point", "coordinates": [ 130.742318899999987, 33.7936001 ] } },
{ "type": "Feature", "properties": { "内容": "株式会社　介助【福祉用具貸与】福岡県北九州市八幡西区小鷺田町2番1号", "url": "https://www.kaigokensaku.mhlw.go.jp/40/index.php?action_kouhyou_detail_004_kani=true&JigyosyoCd=4070703485-00&ServiceCd=170&Type=search", "url2": "http://www.kaisuke.co.jp/index.html" }, "geometry": { "type": "Point", "coordinates": [ 130.761202138639504, 33.851945694152739 ] } },
{ "type": "Feature", "properties": { "内容": "ベストケア八幡【福祉用具貸与】北九州市八幡西区本城1丁目20-25", "url": "https://www.kaigokensaku.mhlw.go.jp/40/index.php?action_kouhyou_detail_004_kani=true&JigyosyoCd=4070705571-00&ServiceCd=170&Type=search", "url2": null }, "geometry": { "type": "Point", "coordinates": [ 130.728853500000014, 33.8817123 ] } },
{ "type": "Feature", "properties": { "内容": "株式会社　ひまわり　北九州営業所【福祉用具貸与】福岡県北九州市八幡西区千代ヶ崎二丁目1番6号　101号室", "url": "https://www.kaigokensaku.mhlw.go.jp/40/index.php?action_kouhyou_detail_004_kani=true&JigyosyoCd=4070704020-00&ServiceCd=170&Type=search", "url2": null }, "geometry": { "type": "Point", "coordinates": [ 130.715659, 33.8749707 ] } },
{ "type": "Feature", "properties": { "内容": "株式会社　イコール【福祉用具貸与】福岡県北九州市八幡西区引野3丁目5番4号", "url": "https://www.kaigokensaku.mhlw.go.jp/40/index.php?action_kouhyou_detail_004_kani=true&JigyosyoCd=4070300316-00&ServiceCd=170&Type=search", "url2": "http://www.eqol.co.jp" }, "geometry": { "type": "Point", "coordinates": [ 130.754473713226531, 33.843557696264234 ] } },
{ "type": "Feature", "properties": { "内容": "アップルハート北九州福祉用具センター【福祉用具貸与】福岡県北九州市八幡西区木屋瀬5-15-31", "url": "https://www.kaigokensaku.mhlw.go.jp/40/index.php?action_kouhyou_detail_004_kani=true&JigyosyoCd=4070300779-00&ServiceCd=170&Type=search", "url2": "http://www.aso-kaigo.jp" }, "geometry": { "type": "Point", "coordinates": [ 130.724498199999971, 33.7755801 ] } },
{ "type": "Feature", "properties": { "内容": "ケアサポート木輪館【福祉用具貸与】福岡県北九州市八幡西区下上津役三丁目３番６号", "url": "https://www.kaigokensaku.mhlw.go.jp/40/index.php?action_kouhyou_detail_004_kani=true&JigyosyoCd=4070700093-00&ServiceCd=170&Type=search", "url2": "http://www.kirinkan.co.jp" }, "geometry": { "type": "Point", "coordinates": [ 130.741982, 33.8258522 ] } },
{ "type": "Feature", "properties": { "内容": "太陽シルバーサービス株式会社　八幡西営業所【福祉用具貸与】北九州市八幡西区本城東2-4-8", "url": "https://www.kaigokensaku.mhlw.go.jp/40/index.php?action_kouhyou_detail_004_kani=true&JigyosyoCd=4070704269-00&ServiceCd=170&Type=search", "url2": "http://www.taiyoss.co.jp" }, "geometry": { "type": "Point", "coordinates": [ 130.734619800000019, 33.8783849 ] } },
{ "type": "Feature", "properties": { "内容": "フランスベッド株式会社　メディカル北九州営業所【福祉用具貸与】福岡県北九州市八幡西区大字野面852-1", "url": "https://www.kaigokensaku.mhlw.go.jp/40/index.php?action_kouhyou_detail_004_kani=true&JigyosyoCd=4070704459-00&ServiceCd=170&Type=search", "url2": "http://www.francebed.co.jp/" }, "geometry": { "type": "Point", "coordinates": [ 130.73116159999995, 33.7821599 ] } },
{ "type": "Feature", "properties": { "内容": "レンタル丸屋　北九州支店【福祉用具貸与】福岡県北九州市八幡西区引野1-26-16", "url": "https://www.kaigokensaku.mhlw.go.jp/40/index.php?action_kouhyou_detail_004_kani=true&JigyosyoCd=4070704814-00&ServiceCd=170&Type=search", "url2": "http://www.rental-maruya.com/" }, "geometry": { "type": "Point", "coordinates": [ 130.756054738467355, 33.841977470005183 ] } },
{ "type": "Feature", "properties": { "内容": "Ｅ－スタート【福祉用具貸与】福岡県北九州市八幡西区本城東6丁目11番13号", "url": "https://www.kaigokensaku.mhlw.go.jp/40/index.php?action_kouhyou_detail_004_kani=true&JigyosyoCd=4070707650-00&ServiceCd=170&Type=search", "url2": null }, "geometry": { "type": "Point", "coordinates": [ 130.727608995768207, 33.875700217547703 ] } },
{ "type": "Feature", "properties": { "内容": "福祉用具あーさー【福祉用具貸与】福岡県北九州市八幡西区香月中央2丁目10番24号", "url": "https://www.kaigokensaku.mhlw.go.jp/40/index.php?action_kouhyou_detail_004_kani=true&JigyosyoCd=4070707924-00&ServiceCd=170&Type=search", "url2": "https://www.berryfin-kitakyushu.com/" }, "geometry": { "type": "Point", "coordinates": [ 130.732756099999989, 33.8005574 ] } },
{ "type": "Feature", "properties": { "内容": "スキップ　八幡店【福祉用具貸与】北九州市八幡西区楠橋南3丁目2番12号", "url": "https://www.kaigokensaku.mhlw.go.jp/40/index.php?action_kouhyou_detail_004_kani=true&JigyosyoCd=4070707783-00&ServiceCd=170&Type=search", "url2": "https://skip-kaigo.com" }, "geometry": { "type": "Point", "coordinates": [ 130.7375575, 33.7856045 ] } },
{ "type": "Feature", "properties": { "内容": "日本ウイール・チェアー株式会社九州支店【福祉用具貸与】北九州市八幡西区小嶺台１丁目２－１８号", "url": "https://www.kaigokensaku.mhlw.go.jp/40/index.php?action_kouhyou_detail_004_kani=true&JigyosyoCd=4070700812-00&ServiceCd=170&Type=search", "url2": "http://www.nihon-wheelchairs.co.jp" }, "geometry": { "type": "Point", "coordinates": [ 130.750734400000056, 33.813070300000035 ] } },
{ "type": "Feature", "properties": { "内容": "ホームエイド一の宮【福祉用具貸与】福岡県北九州市八幡西区本城東一丁目2番10号", "url": "https://www.kaigokensaku.mhlw.go.jp/40/index.php?action_kouhyou_detail_004_kani=true&JigyosyoCd=4070702925-00&ServiceCd=170&Type=search", "url2": null }, "geometry": { "type": "Point", "coordinates": [ 130.738894699999946, 33.8742994 ] } },
{ "type": "Feature", "properties": { "内容": "株式会社新和メディカル北九州営業所【福祉用具貸与】福岡県北九州市八幡西区馬場山東2丁目９－９", "url": "https://www.kaigokensaku.mhlw.go.jp/40/index.php?action_kouhyou_detail_004_kani=true&JigyosyoCd=4070706900-00&ServiceCd=170&Type=search", "url2": "http://shinwamedical.com" }, "geometry": { "type": "Point", "coordinates": [ 130.746791069311485, 33.795025606055823 ] } },
{ "type": "Feature", "properties": { "内容": "医療法人新生会　三ヶ森福祉用具レンタル【福祉用具貸与】福岡県北九州市八幡西区沖田4丁目17番22号１０１", "url": "https://www.kaigokensaku.mhlw.go.jp/40/index.php?action_kouhyou_detail_004_kani=true&JigyosyoCd=4070707551-00&ServiceCd=170&Type=search", "url2": "https://www.shinseikai-hos.or.jp/fukushi/" }, "geometry": { "type": "Point", "coordinates": [ 130.7409821, 33.8313042 ] } },
{ "type": "Feature", "properties": { "内容": "介護福祉用品フレンズ博多【福祉用具貸与】福岡県福岡市東区馬出6-14-10ルネッサンス21吉塚駅前205号", "url": "https://www.kaigokensaku.mhlw.go.jp/40/index.php?action_kouhyou_detail_004_kani=true&JigyosyoCd=4070805702-00&ServiceCd=170&Type=search", "url2": null }, "geometry": { "type": "Point", "coordinates": [ 130.4251751, 33.6093938 ] } },
{ "type": "Feature", "properties": { "内容": "福祉用具レンタル　のぶれす【福祉用具貸与】福岡市東区多の津4-12-36-306　JOYハウス多の津", "url": "https://www.kaigokensaku.mhlw.go.jp/40/index.php?action_kouhyou_detail_004_kani=true&JigyosyoCd=4070805728-00&ServiceCd=170&Type=search", "url2": null }, "geometry": { "type": "Point", "coordinates": [ 130.447912699999989, 33.6242216 ] } },
{ "type": "Feature", "properties": { "内容": "あ【福祉用具貸与】あ", "url": "https://www.kaigokensaku.mhlw.go.jp/40/index.php?action_kouhyou_detail_004_kani=true&JigyosyoCd=4070805710-00&ServiceCd=170&Type=search", "url2": null }, "geometry": { "type": "Point", "coordinates": [ 130.4395563, 33.6775727 ] } },
{ "type": "Feature", "properties": { "内容": "有限会社　多賀興産　東区福祉用具センター　サンビーム【福祉用具貸与】福岡市東区名島2丁目2－22多賀ビル1階", "url": "https://www.kaigokensaku.mhlw.go.jp/40/index.php?action_kouhyou_detail_004_kani=true&JigyosyoCd=4070800224-00&ServiceCd=170&Type=search", "url2": null }, "geometry": { "type": "Point", "coordinates": [ 130.43077, 33.642477 ] } },
{ "type": "Feature", "properties": { "内容": "有限会社　サンテック九州【福祉用具貸与】福岡県福岡市東区塩浜1丁目8番3号", "url": "https://www.kaigokensaku.mhlw.go.jp/40/index.php?action_kouhyou_detail_004_kani=true&JigyosyoCd=4070800737-00&ServiceCd=170&Type=search", "url2": "http//www.suntec-kyushu.com" }, "geometry": { "type": "Point", "coordinates": [ 130.420927808449164, 33.691448397191806 ] } },
{ "type": "Feature", "properties": { "内容": "有限会社　プラスケア【福祉用具貸与】福岡県福岡市東区松島3丁目22番6号第三正建ビル4号室", "url": "https://www.kaigokensaku.mhlw.go.jp/40/index.php?action_kouhyou_detail_004_kani=true&JigyosyoCd=4070800901-00&ServiceCd=170&Type=search", "url2": "pluscare2002.co.jp" }, "geometry": { "type": "Point", "coordinates": [ 130.439209, 33.6269597 ] } },
{ "type": "Feature", "properties": { "内容": "株式会社うらべ【福祉用具貸与】福岡市東区東浜1丁目12番53号", "url": "https://www.kaigokensaku.mhlw.go.jp/40/index.php?action_kouhyou_detail_004_kani=true&JigyosyoCd=4070801891-00&ServiceCd=170&Type=search", "url2": "http://f-urabe.com" }, "geometry": { "type": "Point", "coordinates": [ 130.412425100000064, 33.6135718 ] } },
{ "type": "Feature", "properties": { "内容": "有限会社　みやび【福祉用具貸与】福岡市東区八田1-1-1-309", "url": "https://www.kaigokensaku.mhlw.go.jp/40/index.php?action_kouhyou_detail_004_kani=true&JigyosyoCd=4070801974-00&ServiceCd=170&Type=search", "url2": null }, "geometry": { "type": "Point", "coordinates": [ 130.455593730024702, 33.633043741687153 ] } },
{ "type": "Feature", "properties": { "内容": "有限会社　ライフサービス【福祉用具貸与】福岡県福岡市東区塩浜１丁目15-5", "url": "https://www.kaigokensaku.mhlw.go.jp/40/index.php?action_kouhyou_detail_004_kani=true&JigyosyoCd=4070802923-00&ServiceCd=170&Type=search", "url2": "http://www.f-lifeservice.co.jp" }, "geometry": { "type": "Point", "coordinates": [ 130.422578814433336, 33.694543779306471 ] } },
{ "type": "Feature", "properties": { "内容": "株式会社　なんでも屋【福祉用具貸与】福岡県福岡市東区蒲田２丁目２２番３８号", "url": "https://www.kaigokensaku.mhlw.go.jp/40/index.php?action_kouhyou_detail_004_kani=true&JigyosyoCd=4070803152-00&ServiceCd=170&Type=search", "url2": null }, "geometry": { "type": "Point", "coordinates": [ 130.486005, 33.6365648 ] } },
{ "type": "Feature", "properties": { "内容": "株式会社フロンティア　福岡営業所【福祉用具貸与】福岡県福岡市東区箱崎ふ頭5-1-40センコー福岡第2PDｾﾝﾀｰ2階", "url": "https://www.kaigokensaku.mhlw.go.jp/40/index.php?action_kouhyou_detail_004_kani=true&JigyosyoCd=4070803574-00&ServiceCd=170&Type=search", "url2": "http://www－frontier-ph-com/homecare/" }, "geometry": { "type": "Point", "coordinates": [ 130.415116099999977, 33.6259704 ] } },
{ "type": "Feature", "properties": { "内容": "太陽シルバーサービス株式会社　福岡東営業所【福祉用具貸与】福岡県福岡市東区松田３丁目２５－２", "url": "https://www.kaigokensaku.mhlw.go.jp/40/index.php?action_kouhyou_detail_004_kani=true&JigyosyoCd=4070803954-00&ServiceCd=170&Type=search", "url2": "http://www.taiyoss.co.jp/" }, "geometry": { "type": "Point", "coordinates": [ 130.4486197, 33.6189829 ] } },
{ "type": "Feature", "properties": { "内容": "株式会社　パイン【福祉用具貸与】福岡県福岡市東区三苫7丁目1-9-1", "url": "https://www.kaigokensaku.mhlw.go.jp/40/index.php?action_kouhyou_detail_004_kani=true&JigyosyoCd=4070804317-00&ServiceCd=170&Type=search", "url2": "pine2008.co.jp/facility/wajiro" }, "geometry": { "type": "Point", "coordinates": [ 130.419956907093365, 33.703944814821355 ] } },
{ "type": "Feature", "properties": { "内容": "有限会社アクア福岡営業所【福祉用具貸与】多の津1丁目11番4号", "url": "https://www.kaigokensaku.mhlw.go.jp/40/index.php?action_kouhyou_detail_004_kani=true&JigyosyoCd=4070804606-00&ServiceCd=170&Type=search", "url2": null }, "geometry": { "type": "Point", "coordinates": [ 130.448972300000037, 33.626235 ] } },
{ "type": "Feature", "properties": { "内容": "九州医療サービス株式会社東部営業所【福祉用具貸与】福岡県福岡市東区舞松原1丁目11番3号", "url": "https://www.kaigokensaku.mhlw.go.jp/40/index.php?action_kouhyou_detail_004_kani=true&JigyosyoCd=4070804721-00&ServiceCd=170&Type=search", "url2": null }, "geometry": { "type": "Point", "coordinates": [ 130.44937061435553, 33.639725993238144 ] } },
{ "type": "Feature", "properties": { "内容": "アビリティーズ・ケアネット株式会社　福岡営業所【福祉用具貸与】福岡県福岡市東区社領一丁目１２番４号", "url": "https://www.kaigokensaku.mhlw.go.jp/40/index.php?action_kouhyou_detail_004_kani=true&JigyosyoCd=4070805181-00&ServiceCd=170&Type=search", "url2": "https://www.abilities.jp/" }, "geometry": { "type": "Point", "coordinates": [ 130.430590778018058, 33.613830811340826 ] } },
{ "type": "Feature", "properties": { "内容": "介護ショップ　すまいる【福祉用具貸与】福岡市東区美和台3-3-7", "url": "https://www.kaigokensaku.mhlw.go.jp/40/index.php?action_kouhyou_detail_004_kani=true&JigyosyoCd=4070805538-00&ServiceCd=170&Type=search", "url2": null }, "geometry": { "type": "Point", "coordinates": [ 130.424025917632747, 33.702037607044637 ] } },
{ "type": "Feature", "properties": { "内容": "株式会社　ナガヨシ福岡営業所【福祉用具貸与】福岡県福岡市東区筥松1丁目4番16号日高ビル", "url": "https://www.kaigokensaku.mhlw.go.jp/40/index.php?action_kouhyou_detail_004_kani=true&JigyosyoCd=4070805611-00&ServiceCd=170&Type=search", "url2": "https://www.nagayoshi.info/" }, "geometry": { "type": "Point", "coordinates": [ 130.4315327, 33.6164047 ] } },
{ "type": "Feature", "properties": { "内容": "フェイバーケア福岡支店【福祉用具貸与】美和台4-7-1アーク美和台　101", "url": "https://www.kaigokensaku.mhlw.go.jp/40/index.php?action_kouhyou_detail_004_kani=true&JigyosyoCd=4070806064-00&ServiceCd=170&Type=search", "url2": "https://favor0801.com/" }, "geometry": { "type": "Point", "coordinates": [ 130.4238356, 33.7023945 ] } },
{ "type": "Feature", "properties": { "内容": "株式会社　エヴァ【福祉用具貸与】福岡県福岡市東区多の津１丁目10-2", "url": "https://www.kaigokensaku.mhlw.go.jp/40/index.php?action_kouhyou_detail_004_kani=true&JigyosyoCd=4070900578-00&ServiceCd=170&Type=search", "url2": "http://www.evah-care.jp/" }, "geometry": { "type": "Point", "coordinates": [ 130.449197537448072, 33.626433192673339 ] } },
{ "type": "Feature", "properties": { "内容": "すごかハウスケア【福祉用具貸与】香椎６－２９－５４", "url": "https://www.kaigokensaku.mhlw.go.jp/40/index.php?action_kouhyou_detail_004_kani=true&JigyosyoCd=4070805520-00&ServiceCd=170&Type=search", "url2": "https://www.barakamedical.com/%E7%A6%8F%E7%A5%89%E7%94%A8%E5%85%B7%E3%83%AC%E3%83%B3%E3%82%BF%E3%83%AB-%E8%B2%A9%E5%A3%B2" }, "geometry": { "type": "Point", "coordinates": [ 130.45491530000001, 33.6481667 ] } },
{ "type": "Feature", "properties": { "内容": "介護ショップたたら【福祉用具貸与】福岡市東区筥松２－２４－１９", "url": "https://www.kaigokensaku.mhlw.go.jp/40/index.php?action_kouhyou_detail_004_kani=true&JigyosyoCd=4070801347-00&ServiceCd=170&Type=search", "url2": "https://www.fhkph.co.jp/store/tatara/" }, "geometry": { "type": "Point", "coordinates": [ 130.428634800000026, 33.6199242 ] } },
{ "type": "Feature", "properties": { "内容": "株式会社　新和メディカル　福岡東営業所【福祉用具貸与】東区三苫5丁目4-30", "url": "https://www.kaigokensaku.mhlw.go.jp/40/index.php?action_kouhyou_detail_004_kani=true&JigyosyoCd=4070805959-00&ServiceCd=170&Type=search", "url2": "http://shinwamedical.com/" }, "geometry": { "type": "Point", "coordinates": [ 130.4208893, 33.703925 ] } },
{ "type": "Feature", "properties": { "内容": "介護の太助福岡店【福祉用具貸与】福岡県福岡市舞松原1-18-1コーポ舞松原102", "url": "https://www.kaigokensaku.mhlw.go.jp/40/index.php?action_kouhyou_detail_004_kani=true&JigyosyoCd=4070806213-00&ServiceCd=170&Type=search", "url2": "https://kaigo-tasuke.co.jp/" }, "geometry": { "type": "Point", "coordinates": [ 130.4500017, 33.6407188 ] } },
{ "type": "Feature", "properties": { "内容": "フランスベッド株式会社メディカル福岡営業所【福祉用具貸与】福岡県福岡市東区原田3-9-8", "url": "https://www.kaigokensaku.mhlw.go.jp/40/index.php?action_kouhyou_detail_004_kani=true&JigyosyoCd=4070902541-00&ServiceCd=170&Type=search", "url2": "http://www.francebed.co.jp/" }, "geometry": { "type": "Point", "coordinates": [ 130.438971703643801, 33.62361685048306 ] } },
{ "type": "Feature", "properties": { "内容": "ダスキンヘルスレント福岡東ステーション【福祉用具貸与】福岡県福岡市東区松田1丁目4-46", "url": "https://www.kaigokensaku.mhlw.go.jp/40/index.php?action_kouhyou_detail_004_kani=true&JigyosyoCd=4070805785-00&ServiceCd=170&Type=search", "url2": null }, "geometry": { "type": "Point", "coordinates": [ 130.4390788, 33.61628 ] } },
{ "type": "Feature", "properties": { "内容": "株式会社トーカイ　福岡営業所【福祉用具貸与】福岡県福岡市東区多の津2丁目6番1号", "url": "https://www.kaigokensaku.mhlw.go.jp/40/index.php?action_kouhyou_detail_004_kani=true&JigyosyoCd=4070801586-00&ServiceCd=170&Type=search", "url2": "https://www.tokai-corp.com/" }, "geometry": { "type": "Point", "coordinates": [ 130.451044300000035, 33.6285071 ] } },
{ "type": "Feature", "properties": { "内容": "ＬＡｍｏｕｒ合同会社【福祉用具貸与】福岡県福岡市博多区住吉2-15-10210", "url": "https://www.kaigokensaku.mhlw.go.jp/40/index.php?action_kouhyou_detail_004_kani=true&JigyosyoCd=4070904943-00&ServiceCd=170&Type=search", "url2": null }, "geometry": { "type": "Point", "coordinates": [ 130.4119543, 33.5874702 ] } },
{ "type": "Feature", "properties": { "内容": "合同会社ICHIGOICHIE【福祉用具貸与】比恵町１－１８東カン第二キャステール７１１", "url": "https://www.kaigokensaku.mhlw.go.jp/40/index.php?action_kouhyou_detail_004_kani=true&JigyosyoCd=4070904950-00&ServiceCd=170&Type=search", "url2": null }, "geometry": { "type": "Point", "coordinates": [ 130.4275098, 33.5840947 ] } },
{ "type": "Feature", "properties": { "内容": "株式会社ＳＥＩＫＯ　ＪＩＮＳＥＩ【福祉用具貸与】西月隈１－３１－１１－２０１", "url": "https://www.kaigokensaku.mhlw.go.jp/40/index.php?action_kouhyou_detail_004_kani=true&JigyosyoCd=4070904968-00&ServiceCd=170&Type=search", "url2": null }, "geometry": { "type": "Point", "coordinates": [ 130.4540201, 33.5700327 ] } },
{ "type": "Feature", "properties": { "内容": "ケアコネクト【福祉用具貸与】福岡県福岡市博多区諸岡5丁目23-6池の上ハイツ102号", "url": "https://www.kaigokensaku.mhlw.go.jp/40/index.php?action_kouhyou_detail_004_kani=true&JigyosyoCd=4070904661-00&ServiceCd=170&Type=search", "url2": "https://ch-connect.com/" }, "geometry": { "type": "Point", "coordinates": [ 130.448796920812498, 33.555126658818303 ] } },
{ "type": "Feature", "properties": { "内容": "ニチイケアセンターふくおか【福祉用具貸与】福岡県福岡市博多区榎田１丁目7-372階", "url": "https://www.kaigokensaku.mhlw.go.jp/40/index.php?action_kouhyou_detail_004_kani=true&JigyosyoCd=4071000329-00&ServiceCd=170&Type=search", "url2": "http://www.nichii-kaigo.jp/base/base-result/05j77/" }, "geometry": { "type": "Point", "coordinates": [ 130.438167502885449, 33.595337457719943 ] } },
{ "type": "Feature", "properties": { "内容": "セピア商事株式会社福祉機器事業部【福祉用具貸与】福岡県福岡市博多区東那珂2-11-30", "url": "https://www.kaigokensaku.mhlw.go.jp/40/index.php?action_kouhyou_detail_004_kani=true&JigyosyoCd=4070900586-00&ServiceCd=170&Type=search", "url2": null }, "geometry": { "type": "Point", "coordinates": [ 130.447712142341629, 33.575790275905753 ] } },
{ "type": "Feature", "properties": { "内容": "レンタルケア・アシスト【福祉用具貸与】福岡県福岡市博多区金の隈3-23-30", "url": "https://www.kaigokensaku.mhlw.go.jp/40/index.php?action_kouhyou_detail_004_kani=true&JigyosyoCd=4070904059-00&ServiceCd=170&Type=search", "url2": null }, "geometry": { "type": "Point", "coordinates": [ 130.481851761887128, 33.557118451455672 ] } },
{ "type": "Feature", "properties": { "内容": "株式会社ニック　介護事業部【福祉用具貸与】福岡県福岡市博多区山王１丁目12-19", "url": "https://www.kaigokensaku.mhlw.go.jp/40/index.php?action_kouhyou_detail_004_kani=true&JigyosyoCd=4070900362-00&ServiceCd=170&Type=search", "url2": "http://www.n-i-c.co.jp" }, "geometry": { "type": "Point", "coordinates": [ 130.432880100000034, 33.5814727 ] } },
{ "type": "Feature", "properties": { "内容": "株式会社ケアリング福岡支店【福祉用具貸与】福岡市博多区千代3丁目6-3千代大学通2階", "url": "https://www.kaigokensaku.mhlw.go.jp/40/index.php?action_kouhyou_detail_004_kani=true&JigyosyoCd=4070902269-00&ServiceCd=170&Type=search", "url2": "http://www.caring.jp" }, "geometry": { "type": "Point", "coordinates": [ 130.414197599999966, 33.6009094 ] } },
{ "type": "Feature", "properties": { "内容": "プロデュース株式会社【福祉用具貸与】福岡市博多区東那珂２－６－２６", "url": "https://www.kaigokensaku.mhlw.go.jp/40/index.php?action_kouhyou_detail_004_kani=true&JigyosyoCd=4070902343-00&ServiceCd=170&Type=search", "url2": null }, "geometry": { "type": "Point", "coordinates": [ 130.4442712, 33.5780455 ] } },
{ "type": "Feature", "properties": { "内容": "ベストケア博多【福祉用具貸与】福岡県福岡市博多区板付１丁目６－３", "url": "https://www.kaigokensaku.mhlw.go.jp/40/index.php?action_kouhyou_detail_004_kani=true&JigyosyoCd=4070902616-00&ServiceCd=170&Type=search", "url2": "http://evahlife.jp/" }, "geometry": { "type": "Point", "coordinates": [ 130.44943509999996, 33.5691717 ] } },
{ "type": "Feature", "properties": { "内容": "株式会社　グット・リンク【福祉用具貸与】福岡県福岡市博多区麦野2丁目16-18", "url": "https://www.kaigokensaku.mhlw.go.jp/40/index.php?action_kouhyou_detail_004_kani=true&JigyosyoCd=4070903374-00&ServiceCd=170&Type=search", "url2": "http://good-link.jp/" }, "geometry": { "type": "Point", "coordinates": [ 130.459196074868714, 33.55670949619013 ] } },
{ "type": "Feature", "properties": { "内容": "株式会社　介助　博多営業所【福祉用具貸与】福岡県福岡市博多区吉塚5丁目11-5", "url": "https://www.kaigokensaku.mhlw.go.jp/40/index.php?action_kouhyou_detail_004_kani=true&JigyosyoCd=4070904166-00&ServiceCd=170&Type=search", "url2": "http://www.kaisuke.co.jp/" }, "geometry": { "type": "Point", "coordinates": [ 130.430196300000034, 33.6045093 ] } },
{ "type": "Feature", "properties": { "内容": "株式会社ミタカ　福岡営業所【福祉用具貸与】福岡県福岡市博多区昭南町3-4-20", "url": "https://www.kaigokensaku.mhlw.go.jp/40/index.php?action_kouhyou_detail_004_kani=true&JigyosyoCd=4070904216-00&ServiceCd=170&Type=search", "url2": "http://www.t-mitaka.com" }, "geometry": { "type": "Point", "coordinates": [ 130.461873, 33.5378064 ] } },
{ "type": "Feature", "properties": { "内容": "株式会社サニクリーン九州　福祉用具サービス【福祉用具貸与】福岡県福岡市博多区半道橋1-17-41", "url": "https://www.kaigokensaku.mhlw.go.jp/40/index.php?action_kouhyou_detail_004_kani=true&JigyosyoCd=4070904414-00&ServiceCd=170&Type=search", "url2": "http://www.skkyu.co.jp/" }, "geometry": { "type": "Point", "coordinates": [ 130.44044370000006, 33.5786648 ] } },
{ "type": "Feature", "properties": { "内容": "シンクロケアネット【福祉用具貸与】福岡県福岡市博多区東光2丁目4番8号第二つねよしビル2階", "url": "https://www.kaigokensaku.mhlw.go.jp/40/index.php?action_kouhyou_detail_004_kani=true&JigyosyoCd=4070904471-00&ServiceCd=170&Type=search", "url2": "https://www.pelican14.co.jp" }, "geometry": { "type": "Point", "coordinates": [ 130.427815499999951, 33.596444900000016 ] } },
{ "type": "Feature", "properties": { "内容": "ケア･ルートサービス株式会社【福祉用具貸与】福岡県福岡市博多区井相田1丁目10番40号", "url": "https://www.kaigokensaku.mhlw.go.jp/40/index.php?action_kouhyou_detail_004_kani=true&JigyosyoCd=4070904711-00&ServiceCd=170&Type=search", "url2": "http://www.careroot.co.jp" }, "geometry": { "type": "Point", "coordinates": [ 130.464349201559912, 33.557352631848417 ] } },
{ "type": "Feature", "properties": { "内容": "介福本舗　博多営業所【福祉用具貸与】東那珂2丁目11番30号", "url": "https://www.kaigokensaku.mhlw.go.jp/40/index.php?action_kouhyou_detail_004_kani=true&JigyosyoCd=4070905197-00&ServiceCd=170&Type=search", "url2": "http://www.kaifukuhonpo.com/" }, "geometry": { "type": "Point", "coordinates": [ 130.447740399999986, 33.575786 ] } },
{ "type": "Feature", "properties": { "内容": "サンシン商事株式会社【福祉用具貸与】福岡県福岡市博多区大博町３番３０号", "url": "https://www.kaigokensaku.mhlw.go.jp/40/index.php?action_kouhyou_detail_004_kani=true&JigyosyoCd=4070900925-00&ServiceCd=170&Type=search", "url2": null }, "geometry": { "type": "Point", "coordinates": [ 130.406001100000026, 33.6016508 ] } },
{ "type": "Feature", "properties": { "内容": "株式会社ケイアイサービス【福祉用具貸与】福岡県福岡市博多区上牟田1丁目11番25号ＫＩビル201", "url": "https://www.kaigokensaku.mhlw.go.jp/40/index.php?action_kouhyou_detail_004_kani=true&JigyosyoCd=4070903788-00&ServiceCd=170&Type=search", "url2": "http://www.kk-kis.jp" }, "geometry": { "type": "Point", "coordinates": [ 130.43434532394258, 33.586354013071912 ] } },
{ "type": "Feature", "properties": { "内容": "YOU8【福祉用具貸与】福岡県福岡市博多区堅粕4丁目4-1柴田テナント1号", "url": "https://www.kaigokensaku.mhlw.go.jp/40/index.php?action_kouhyou_detail_004_kani=true&JigyosyoCd=4071003349-00&ServiceCd=170&Type=search", "url2": null }, "geometry": { "type": "Point", "coordinates": [ 130.42437240000001, 33.5975955 ] } },
{ "type": "Feature", "properties": { "内容": "アップルハート福岡店【福祉用具貸与】福岡市博多区井相田１丁目9-37オフィスパレア井相田C棟", "url": "https://www.kaigokensaku.mhlw.go.jp/40/index.php?action_kouhyou_detail_004_kani=true&JigyosyoCd=4073100028-00&ServiceCd=170&Type=search", "url2": "http://www.aso-group.co.jp/ams" }, "geometry": { "type": "Point", "coordinates": [ 130.462900699999977, 33.5587372 ] } },
{ "type": "Feature", "properties": { "内容": "株式会社　みんなの介護サポート【福祉用具貸与】福岡県福岡市博多区千代2丁目18-15", "url": "https://www.kaigokensaku.mhlw.go.jp/40/index.php?action_kouhyou_detail_004_kani=true&JigyosyoCd=4070804580-00&ServiceCd=170&Type=search", "url2": "http://min-support.com" }, "geometry": { "type": "Point", "coordinates": [ 130.413990600000034, 33.6004885 ] } },
{ "type": "Feature", "properties": { "内容": "生活ぷらす福岡支店【福祉用具貸与】博多駅前三丁目29番11号小道ビル４階", "url": "https://www.kaigokensaku.mhlw.go.jp/40/index.php?action_kouhyou_detail_004_kani=true&JigyosyoCd=4070905361-00&ServiceCd=170&Type=search", "url2": null }, "geometry": { "type": "Point", "coordinates": [ 130.4137419, 33.5890916 ] } },
{ "type": "Feature", "properties": { "内容": "あおぞらケアテクノロジー福岡【福祉用具貸与】福岡県福岡市博多区博多駅南6丁目13-21駅南ジェイティビル2F", "url": "https://www.kaigokensaku.mhlw.go.jp/40/index.php?action_kouhyou_detail_004_kani=true&JigyosyoCd=4070905387-00&ServiceCd=170&Type=search", "url2": "https://aozora-cg.com/" }, "geometry": { "type": "Point", "coordinates": [ 130.430062, 33.5758746 ] } },
{ "type": "Feature", "properties": { "内容": "パナソニックエイジフリーショップ福岡中央【福祉用具貸与】福岡県福岡市博多区諸岡２－６－２６", "url": "https://www.kaigokensaku.mhlw.go.jp/40/index.php?action_kouhyou_detail_004_kani=true&JigyosyoCd=4071002978-00&ServiceCd=170&Type=search", "url2": "http://sumai.panasonic.jp/agefree/" }, "geometry": { "type": "Point", "coordinates": [ 130.451485, 33.5595368 ] } },
{ "type": "Feature", "properties": { "内容": "アトレ【福祉用具貸与】福岡県福岡市中央区舞鶴３丁目2-31舞鶴栄光ビル502", "url": "https://www.kaigokensaku.mhlw.go.jp/40/index.php?action_kouhyou_detail_004_kani=true&JigyosyoCd=4071003463-00&ServiceCd=170&Type=search", "url2": null }, "geometry": { "type": "Point", "coordinates": [ 130.3882377, 33.5903044 ] } },
{ "type": "Feature", "properties": { "内容": "株式会社　クレオ【福祉用具貸与】福岡県福岡市中央区荒戸１丁目１番１６号", "url": "https://www.kaigokensaku.mhlw.go.jp/40/index.php?action_kouhyou_detail_004_kani=true&JigyosyoCd=4071002291-00&ServiceCd=170&Type=search", "url2": null }, "geometry": { "type": "Point", "coordinates": [ 130.37739780000004, 33.5905015 ] } },
{ "type": "Feature", "properties": { "内容": "桜十字福祉用具【福祉用具貸与】福岡市中央区渡辺通3丁目5-11桜十字メディカルスクエア", "url": "https://www.kaigokensaku.mhlw.go.jp/40/index.php?action_kouhyou_detail_004_kani=true&JigyosyoCd=4071002879-00&ServiceCd=170&Type=search", "url2": null }, "geometry": { "type": "Point", "coordinates": [ 130.4045542, 33.5852358 ] } },
{ "type": "Feature", "properties": { "内容": "福祉用具しんえい【福祉用具貸与】福岡市中央区大名2丁目11番25号", "url": "https://www.kaigokensaku.mhlw.go.jp/40/index.php?action_kouhyou_detail_004_kani=true&JigyosyoCd=4071003380-00&ServiceCd=170&Type=search", "url2": "https://www.shin-ei-g.jp/fukushi/" }, "geometry": { "type": "Point", "coordinates": [ 130.3914808509262, 33.590220735635633 ] } },
{ "type": "Feature", "properties": { "内容": "西川株式会社／ネーブルハウス福岡事業所【福祉用具貸与】福岡県福岡市中央区天神1-14-4天神平和ビル1階", "url": "https://www.kaigokensaku.mhlw.go.jp/40/index.php?action_kouhyou_detail_004_kani=true&JigyosyoCd=4071003422-00&ServiceCd=170&Type=search", "url2": "https://nablehouse.co.jp" }, "geometry": { "type": "Point", "coordinates": [ 130.4009581, 33.5921101 ] } },
{ "type": "Feature", "properties": { "内容": "ケアサポート・ユッカ【福祉用具貸与】福岡県福岡市中央区舞鶴2－1－10　天神フロントスクエア5階EF", "url": "https://www.kaigokensaku.mhlw.go.jp/40/index.php?action_kouhyou_detail_004_kani=true&JigyosyoCd=4071003729-00&ServiceCd=170&Type=search", "url2": null }, "geometry": { "type": "Point", "coordinates": [ 130.3917028, 33.5906736 ] } },
{ "type": "Feature", "properties": { "内容": "グリーンコープふくし用品サポート福岡【福祉用具貸与】福岡市中央区唐人町３－２－２", "url": "https://www.kaigokensaku.mhlw.go.jp/40/index.php?action_kouhyou_detail_004_kani=true&JigyosyoCd=4071002622-00&ServiceCd=170&Type=search", "url2": null }, "geometry": { "type": "Point", "coordinates": [ 130.371375738657747, 33.591796817140654 ] } },
{ "type": "Feature", "properties": { "内容": "楽坊・介護ショップ【福祉用具貸与】福岡県福岡市中央区清川1-3-1グッドタイムホーム4・南天神1F", "url": "https://www.kaigokensaku.mhlw.go.jp/40/index.php?action_kouhyou_detail_004_kani=true&JigyosyoCd=4071003232-00&ServiceCd=170&Type=search", "url2": null }, "geometry": { "type": "Point", "coordinates": [ 130.408863099999962, 33.582378 ] } },
{ "type": "Feature", "properties": { "内容": "天使の鈴【福祉用具貸与】福岡県福岡市南区日佐５-１９-２４", "url": "https://www.kaigokensaku.mhlw.go.jp/40/index.php?action_kouhyou_detail_004_kani=true&JigyosyoCd=4073100713-00&ServiceCd=170&Type=search", "url2": "http://tenshinosuzu.co.jp" }, "geometry": { "type": "Point", "coordinates": [ 130.439088699999957, 33.5515474 ] } },
{ "type": "Feature", "properties": { "内容": "グリーンライフプラス【福祉用具貸与】大楠１丁目31番25-2号", "url": "https://www.kaigokensaku.mhlw.go.jp/40/index.php?action_kouhyou_detail_004_kani=true&JigyosyoCd=4071105763-00&ServiceCd=170&Type=search", "url2": null }, "geometry": { "type": "Point", "coordinates": [ 130.4162714, 33.5717313 ] } },
{ "type": "Feature", "properties": { "内容": "有限会社　ヒロ住環サービス【福祉用具貸与】福岡市南区横手２丁目３８番２５号", "url": "https://www.kaigokensaku.mhlw.go.jp/40/index.php?action_kouhyou_detail_004_kani=true&JigyosyoCd=4071102273-00&ServiceCd=170&Type=search", "url2": "http://www." }, "geometry": { "type": "Point", "coordinates": [ 130.440072099999952, 33.5470074 ] } },
{ "type": "Feature", "properties": { "内容": "メディカルアシスト【福祉用具貸与】福岡市南区野間2丁目7番1号", "url": "https://www.kaigokensaku.mhlw.go.jp/40/index.php?action_kouhyou_detail_004_kani=true&JigyosyoCd=4071103776-00&ServiceCd=170&Type=search", "url2": "https://www.miraizu.co.jp/ma/" }, "geometry": { "type": "Point", "coordinates": [ 130.415831799999978, 33.5613662 ] } },
{ "type": "Feature", "properties": { "内容": "福祉用具　ひまわり【福祉用具貸与】福岡市南区西長住1-8-2", "url": "https://www.kaigokensaku.mhlw.go.jp/40/index.php?action_kouhyou_detail_004_kani=true&JigyosyoCd=4071100426-00&ServiceCd=170&Type=search", "url2": "https://www.fukujincare.com/service/life.php#yougu" }, "geometry": { "type": "Point", "coordinates": [ 130.389225799999963, 33.553058900000011 ] } },
{ "type": "Feature", "properties": { "内容": "有限会社　アヴェイル【福祉用具貸与】福岡市南区老司２丁目6-36-2", "url": "https://www.kaigokensaku.mhlw.go.jp/40/index.php?action_kouhyou_detail_004_kani=true&JigyosyoCd=4071101739-00&ServiceCd=170&Type=search", "url2": "https://avail.jimdofree.com/" }, "geometry": { "type": "Point", "coordinates": [ 130.426208757672157, 33.532672716241713 ] } },
{ "type": "Feature", "properties": { "内容": "ダスキンヘルスレント博多南ステーション【福祉用具貸与】福岡県福岡市南区横手２丁目７－２２", "url": "https://www.kaigokensaku.mhlw.go.jp/40/index.php?action_kouhyou_detail_004_kani=true&JigyosyoCd=4071102794-00&ServiceCd=170&Type=search", "url2": "http://healthrent.duskin.jp" }, "geometry": { "type": "Point", "coordinates": [ 130.436771860713179, 33.549048727905841 ] } },
{ "type": "Feature", "properties": { "内容": "アクトヒューマンケア【福祉用具貸与】老司2-6-36", "url": "https://www.kaigokensaku.mhlw.go.jp/40/index.php?action_kouhyou_detail_004_kani=true&JigyosyoCd=4071104030-00&ServiceCd=170&Type=search", "url2": "acthumancare.com/fukuoka/index.html" }, "geometry": { "type": "Point", "coordinates": [ 130.42613902023777, 33.532399946807793 ] } },
{ "type": "Feature", "properties": { "内容": "大石クリニック福祉用具貸与事業所【福祉用具貸与】高宮2-19-16", "url": "https://www.kaigokensaku.mhlw.go.jp/40/index.php?action_kouhyou_detail_004_kani=true&JigyosyoCd=4071104048-00&ServiceCd=170&Type=search", "url2": "http://www1.bbiq.jp/ooishiclinic" }, "geometry": { "type": "Point", "coordinates": [ 135.636735499999986, 34.7549914 ] } },
{ "type": "Feature", "properties": { "内容": "福祉用具センター　かえで【福祉用具貸与】福岡県福岡市南区三宅１－１５－１９", "url": "https://www.kaigokensaku.mhlw.go.jp/40/index.php?action_kouhyou_detail_004_kani=true&JigyosyoCd=4071105177-00&ServiceCd=170&Type=search", "url2": null }, "geometry": { "type": "Point", "coordinates": [ 130.425489800000037, 33.5511453 ] } },
{ "type": "Feature", "properties": { "内容": "ケアレンタル的場【福祉用具貸与】福岡県福岡市南区的場2丁目22-15", "url": "https://www.kaigokensaku.mhlw.go.jp/40/index.php?action_kouhyou_detail_004_kani=true&JigyosyoCd=4071105615-00&ServiceCd=170&Type=search", "url2": null }, "geometry": { "type": "Point", "coordinates": [ 130.4329861, 33.5403758 ] } },
{ "type": "Feature", "properties": { "内容": "武翔【福祉用具貸与】福岡県福岡市南区平和１丁目２番１８号", "url": "https://www.kaigokensaku.mhlw.go.jp/40/index.php?action_kouhyou_detail_004_kani=true&JigyosyoCd=4071105938-00&ServiceCd=170&Type=search", "url2": "take-show.jp" }, "geometry": { "type": "Point", "coordinates": [ 130.4007731, 33.571256 ] } },
{ "type": "Feature", "properties": { "内容": "株式会社　新和メディカル　福岡営業所【福祉用具貸与】福岡県福岡市南区的場1丁目27-4", "url": "https://www.kaigokensaku.mhlw.go.jp/40/index.php?action_kouhyou_detail_004_kani=true&JigyosyoCd=4071100285-00&ServiceCd=170&Type=search", "url2": "http://www.shinwamd.co.jp/" }, "geometry": { "type": "Point", "coordinates": [ 130.434111499999972, 33.543441 ] } },
{ "type": "Feature", "properties": { "内容": "としとランド　福岡支店【福祉用具貸与】福岡県福岡市南区塩原3-13-16", "url": "https://www.kaigokensaku.mhlw.go.jp/40/index.php?action_kouhyou_detail_004_kani=true&JigyosyoCd=4071104709-00&ServiceCd=170&Type=search", "url2": "https://glit-inc.com/" }, "geometry": { "type": "Point", "coordinates": [ 130.427437971907352, 33.563017409853238 ] } },
{ "type": "Feature", "properties": { "内容": "株式会社　ヤマシタ福岡営業所【福祉用具貸与】向野2₋8-3", "url": "https://www.kaigokensaku.mhlw.go.jp/40/index.php?action_kouhyou_detail_004_kani=true&JigyosyoCd=4071106282-00&ServiceCd=170&Type=search", "url2": "https://www.yco.co.jp/" }, "geometry": { "type": "Point", "coordinates": [ 130.423816336157614, 33.561991785665874 ] } },
{ "type": "Feature", "properties": { "内容": "有限会社　建築　原田　福祉事業部【福祉用具貸与】福岡県福岡市西区田尻二丁目33番6号", "url": "https://www.kaigokensaku.mhlw.go.jp/40/index.php?action_kouhyou_detail_004_kani=true&JigyosyoCd=4071201018-00&ServiceCd=170&Type=search", "url2": null }, "geometry": { "type": "Point", "coordinates": [ 130.246517805804388, 33.582097911516762 ] } },
{ "type": "Feature", "properties": { "内容": "プラスケア　西福岡【福祉用具貸与】福岡県福岡市西区拾六町5丁目2番47号", "url": "https://www.kaigokensaku.mhlw.go.jp/40/index.php?action_kouhyou_detail_004_kani=true&JigyosyoCd=4071202388-00&ServiceCd=170&Type=search", "url2": "pluscare2002.co.jp" }, "geometry": { "type": "Point", "coordinates": [ 130.308422699999937, 33.5689399 ] } },
{ "type": "Feature", "properties": { "内容": "株式会社　介福本舗【福祉用具貸与】小戸１丁目１６番２４号", "url": "https://www.kaigokensaku.mhlw.go.jp/40/index.php?action_kouhyou_detail_004_kani=true&JigyosyoCd=4071202743-00&ServiceCd=170&Type=search", "url2": "http://www.kaifukuhonpo.com/" }, "geometry": { "type": "Point", "coordinates": [ 130.318531491540568, 33.591001525586265 ] } },
{ "type": "Feature", "properties": { "内容": "エヴァ　福岡西【福祉用具貸与】福岡県福岡市西区石丸2-27-21", "url": "https://www.kaigokensaku.mhlw.go.jp/40/index.php?action_kouhyou_detail_004_kani=true&JigyosyoCd=4071203386-00&ServiceCd=170&Type=search", "url2": "http://www.evah-care.jp/" }, "geometry": { "type": "Point", "coordinates": [ 130.317895600000014, 33.5739307 ] } },
{ "type": "Feature", "properties": { "内容": "グランユニライフ・レンタルサービス【福祉用具貸与】福岡県福岡市西区周船寺3-6-35グランヴィル鳳凰館福岡周船寺", "url": "https://www.kaigokensaku.mhlw.go.jp/40/index.php?action_kouhyou_detail_004_kani=true&JigyosyoCd=4071203816-00&ServiceCd=170&Type=search", "url2": null }, "geometry": { "type": "Point", "coordinates": [ 130.249093600000037, 33.5742394 ] } },
{ "type": "Feature", "properties": { "内容": "涼風ケア【福祉用具貸与】拾六町2-4-1", "url": "https://www.kaigokensaku.mhlw.go.jp/40/index.php?action_kouhyou_detail_004_kani=true&JigyosyoCd=4071204087-00&ServiceCd=170&Type=search", "url2": null }, "geometry": { "type": "Point", "coordinates": [ 130.3108436, 33.5671569 ] } },
{ "type": "Feature", "properties": { "内容": "株式会社　新和メディカル　福岡西営業所【福祉用具貸与】福岡県福岡市西区下山門１丁目20-4Lab.meinohama３号室", "url": "https://www.kaigokensaku.mhlw.go.jp/40/index.php?action_kouhyou_detail_004_kani=true&JigyosyoCd=4071204194-00&ServiceCd=170&Type=search", "url2": "http://shinwamedical.com/" }, "geometry": { "type": "Point", "coordinates": [ 130.316769, 33.5785391 ] } },
{ "type": "Feature", "properties": { "内容": "九州医療サ－ビス株式会社　福岡本部【福祉用具貸与】福岡県福岡市西区福重2-2-44", "url": "https://www.kaigokensaku.mhlw.go.jp/40/index.php?action_kouhyou_detail_004_kani=true&JigyosyoCd=4071403168-00&ServiceCd=170&Type=search", "url2": null }, "geometry": { "type": "Point", "coordinates": [ 130.32039323602794, 33.567794785978599 ] } },
{ "type": "Feature", "properties": { "内容": "ダスキンヘルスレント福岡西ステーション【福祉用具貸与】福岡市西区今宿東1-20-3", "url": "https://www.kaigokensaku.mhlw.go.jp/40/index.php?action_kouhyou_detail_004_kani=true&JigyosyoCd=4071201372-00&ServiceCd=170&Type=search", "url2": "http://healthrent.duskin.jp/" }, "geometry": { "type": "Point", "coordinates": [ 130.274569700000029, 33.5727853 ] } },
{ "type": "Feature", "properties": { "内容": "ベストケア西福岡【福祉用具貸与】横浜3丁目36-3", "url": "https://www.kaigokensaku.mhlw.go.jp/40/index.php?action_kouhyou_detail_004_kani=true&JigyosyoCd=4071203865-00&ServiceCd=170&Type=search", "url2": "http://evahlife.jp/" }, "geometry": { "type": "Point", "coordinates": [ 130.25938743862298, 33.581449610792859 ] } },
{ "type": "Feature", "properties": { "内容": "SR九州福祉用具センター【福祉用具貸与】福岡県福岡市城南区田島2-10-3フォーサイト田島Renatus203", "url": "https://www.kaigokensaku.mhlw.go.jp/40/index.php?action_kouhyou_detail_004_kani=true&JigyosyoCd=4071302691-00&ServiceCd=170&Type=search", "url2": null }, "geometry": { "type": "Point", "coordinates": [ 130.3712122, 33.568157 ] } },
{ "type": "Feature", "properties": { "内容": "株式会社　クローバー【福祉用具貸与】福岡市城南区東油山2-3-3", "url": "https://www.kaigokensaku.mhlw.go.jp/40/index.php?action_kouhyou_detail_004_kani=true&JigyosyoCd=4071300364-00&ServiceCd=170&Type=search", "url2": "http://www.clover-w.co.jp" }, "geometry": { "type": "Point", "coordinates": [ 130.380029564947392, 33.539580119918789 ] } },
{ "type": "Feature", "properties": { "内容": "株式会社　ハミングバード【福祉用具貸与】福岡県福岡市城南区堤2-20-6", "url": "https://www.kaigokensaku.mhlw.go.jp/40/index.php?action_kouhyou_detail_004_kani=true&JigyosyoCd=4071302642-00&ServiceCd=170&Type=search", "url2": "https://hbird.co.jp/" }, "geometry": { "type": "Point", "coordinates": [ 130.380470300000013, 33.542408700000017 ] } },
{ "type": "Feature", "properties": { "内容": "ルミナス福祉用具レンタル・販売【福祉用具貸与】堤1-30-1", "url": "https://www.kaigokensaku.mhlw.go.jp/40/index.php?action_kouhyou_detail_004_kani=true&JigyosyoCd=4071303038-00&ServiceCd=170&Type=search", "url2": null }, "geometry": { "type": "Point", "coordinates": [ 130.3804943, 33.5448568 ] } },
{ "type": "Feature", "properties": { "内容": "ウェルフェア・大慶【福祉用具貸与】福岡県福岡市早良区野芥6-51-35株式会社　大慶ビルド", "url": "https://www.kaigokensaku.mhlw.go.jp/40/index.php?action_kouhyou_detail_004_kani=true&JigyosyoCd=4071401816-00&ServiceCd=170&Type=search", "url2": "http://www.okbuild-ok.com/" }, "geometry": { "type": "Point", "coordinates": [ 130.3490194, 33.5362192 ] } },
{ "type": "Feature", "properties": { "内容": "有限会社ハートフル【福祉用具貸与】福岡市早良区西新3-7-11-110西南ハイツ", "url": "https://www.kaigokensaku.mhlw.go.jp/40/index.php?action_kouhyou_detail_004_kani=true&JigyosyoCd=4071400750-00&ServiceCd=170&Type=search", "url2": "https://www.ha10ful.com" }, "geometry": { "type": "Point", "coordinates": [ 130.359054900000046, 33.5848768 ] } },
{ "type": "Feature", "properties": { "内容": "スター福祉用具センター【福祉用具貸与】福岡市早良区原4丁目21番8号", "url": "https://www.kaigokensaku.mhlw.go.jp/40/index.php?action_kouhyou_detail_004_kani=true&JigyosyoCd=4071402137-00&ServiceCd=170&Type=search", "url2": "https://sf-kaigo.com/" }, "geometry": { "type": "Point", "coordinates": [ 130.338860867211906, 33.568231908211992 ] } },
{ "type": "Feature", "properties": { "内容": "タイヘイM&C福岡西営業所【福祉用具貸与】福岡県福岡市早良区東入部6丁目16-8", "url": "https://www.kaigokensaku.mhlw.go.jp/40/index.php?action_kouhyou_detail_004_kani=true&JigyosyoCd=4071403242-00&ServiceCd=170&Type=search", "url2": "http://www.taihei-group.jp/" }, "geometry": { "type": "Point", "coordinates": [ 130.33546380000007, 33.5196414 ] } },
{ "type": "Feature", "properties": { "内容": "太陽シルバーサービス株式会社　福岡西営業所【福祉用具貸与】福岡県福岡市早良区小田部4丁目11-31", "url": "https://www.kaigokensaku.mhlw.go.jp/40/index.php?action_kouhyou_detail_004_kani=true&JigyosyoCd=4073500615-00&ServiceCd=170&Type=search", "url2": "http://www.taiyoss.co.jp" }, "geometry": { "type": "Point", "coordinates": [ 130.3292573, 33.5661014 ] } },
{ "type": "Feature", "properties": { "内容": "株式会社　河村福祉サービス　福岡営業所【福祉用具貸与】福岡県福岡市早良区田村5丁目3番22号", "url": "https://www.kaigokensaku.mhlw.go.jp/40/index.php?action_kouhyou_detail_004_kani=true&JigyosyoCd=4070803863-00&ServiceCd=170&Type=search", "url2": "http://www.kwamura-fs.com" }, "geometry": { "type": "Point", "coordinates": [ 130.332994282585815, 33.537780349794915 ] } },
{ "type": "Feature", "properties": { "内容": "C-PLUS福岡【福祉用具貸与】福岡県福岡市早良区重留6--10", "url": "https://www.kaigokensaku.mhlw.go.jp/40/index.php?action_kouhyou_detail_004_kani=true&JigyosyoCd=4071405411-00&ServiceCd=170&Type=search", "url2": null }, "geometry": { "type": "Point", "coordinates": [ 130.3391665, 33.5311121 ] } },
{ "type": "Feature", "properties": { "内容": "フランスベッド株式会社メディカル福岡西営業所【福祉用具貸与】福岡県福岡市早良区西新5-15-51ホワイティ西新Ⅱ101号室", "url": "https://www.kaigokensaku.mhlw.go.jp/40/index.php?action_kouhyou_detail_004_kani=true&JigyosyoCd=4071404026-00&ServiceCd=170&Type=search", "url2": "http://www.francebed.co.jp/company/office/nishi_nihon.html" }, "geometry": { "type": "Point", "coordinates": [ 130.355469099999937, 33.5824631 ] } },
{ "type": "Feature", "properties": { "内容": "シルバーケア福祉事業部【福祉用具貸与】有田8丁目12-142F", "url": "https://www.kaigokensaku.mhlw.go.jp/40/index.php?action_kouhyou_detail_004_kani=true&JigyosyoCd=4071405452-00&ServiceCd=170&Type=search", "url2": null }, "geometry": { "type": "Point", "coordinates": [ 130.3281033, 33.5592397 ] } },
{ "type": "Feature", "properties": { "内容": "株式会社　トーカイ福岡西営業所【福祉用具貸与】福岡県福岡市早良区重留4丁目2番68号タツノコベースA号室", "url": "https://www.kaigokensaku.mhlw.go.jp/40/index.php?action_kouhyou_detail_004_kani=true&JigyosyoCd=4071405288-00&ServiceCd=170&Type=search", "url2": "https://www.tokai-corp.com/" }, "geometry": { "type": "Point", "coordinates": [ 130.340920399999987, 33.530866 ] } },
{ "type": "Feature", "properties": { "内容": "パナソニックエイジフリーショップ大牟田【福祉用具貸与】福岡県大牟田市大正町４丁目３番５西駅コーポ", "url": "https://www.kaigokensaku.mhlw.go.jp/40/index.php?action_kouhyou_detail_004_kani=true&JigyosyoCd=4071502712-00&ServiceCd=170&Type=search", "url2": null }, "geometry": { "type": "Point", "coordinates": [ 130.4409799, 33.0302092 ] } },
{ "type": "Feature", "properties": { "内容": "サンステップ　大牟田店　福祉用具貸与事業部【福祉用具貸与】大牟田市不知火町1丁目5-4", "url": "https://www.kaigokensaku.mhlw.go.jp/40/index.php?action_kouhyou_detail_004_kani=true&JigyosyoCd=4071502001-00&ServiceCd=170&Type=search", "url2": "https://sun-step.co.jp/" }, "geometry": { "type": "Point", "coordinates": [ 130.4464379, 33.028740099999986 ] } },
{ "type": "Feature", "properties": { "内容": "株式会社ＡＺＷＥＬ【福祉用具貸与】福岡県大牟田市岩本新町２－９－１０ワークプレイス新大牟田Ｃ－２", "url": "https://www.kaigokensaku.mhlw.go.jp/40/index.php?action_kouhyou_detail_004_kani=true&JigyosyoCd=4071503330-00&ServiceCd=170&Type=search", "url2": "http://hp.kaipoke.biz/4et/" }, "geometry": { "type": "Point", "coordinates": [ 130.490258199999971, 33.070681 ] } },
{ "type": "Feature", "properties": { "内容": "株式会社　西日本医療センター【福祉用具貸与】大牟田市不知火町2丁目10番地の7", "url": "https://www.kaigokensaku.mhlw.go.jp/40/index.php?action_kouhyou_detail_004_kani=true&JigyosyoCd=4071500401-00&ServiceCd=170&Type=search", "url2": "http://n-m-c.info" }, "geometry": { "type": "Point", "coordinates": [ 130.443851900000027, 33.0265652 ] } },
{ "type": "Feature", "properties": { "内容": "株式会社　快援隊　介臨丸【福祉用具貸与】福岡県大牟田市右京町２１番地１", "url": "https://www.kaigokensaku.mhlw.go.jp/40/index.php?action_kouhyou_detail_004_kani=true&JigyosyoCd=4071502613-00&ServiceCd=170&Type=search", "url2": "https://www.kairinmaru.co.jp" }, "geometry": { "type": "Point", "coordinates": [ 130.440193799999946, 33.0177076 ] } },
{ "type": "Feature", "properties": { "内容": "やまなみレンタルサービスすいすい【福祉用具貸与】福岡県大牟田市沖田町２１", "url": "https://www.kaigokensaku.mhlw.go.jp/40/index.php?action_kouhyou_detail_004_kani=true&JigyosyoCd=4071501763-00&ServiceCd=170&Type=search", "url2": "http://yamanamicare.net/" }, "geometry": { "type": "Point", "coordinates": [ 130.453070799999978, 33.0090004 ] } },
{ "type": "Feature", "properties": { "内容": "太陽シルバーサービス株式会社　大牟田営業所【福祉用具貸与】大牟田市歴木446-1", "url": "https://www.kaigokensaku.mhlw.go.jp/40/index.php?action_kouhyou_detail_004_kani=true&JigyosyoCd=4071502449-00&ServiceCd=170&Type=search", "url2": "http://www.taiyoss.co.jp" }, "geometry": { "type": "Point", "coordinates": [ 130.475330100000065, 33.045211 ] } },
{ "type": "Feature", "properties": { "内容": "株式会社Ｓａｉｔａ【福祉用具貸与】福岡県大牟田市久保田町2丁目2番地5", "url": "https://www.kaigokensaku.mhlw.go.jp/40/index.php?action_kouhyou_detail_004_kani=true&JigyosyoCd=4071503066-00&ServiceCd=170&Type=search", "url2": null }, "geometry": { "type": "Point", "coordinates": [ 130.441884170517227, 33.027810191152376 ] } },
{ "type": "Feature", "properties": { "内容": "株式会社トーカイ大牟田営業所【福祉用具貸与】福岡県大牟田市大正町4丁目3番地５西駅ｺｰﾎﾟ", "url": "https://www.kaigokensaku.mhlw.go.jp/40/index.php?action_kouhyou_detail_004_kani=true&JigyosyoCd=4071503918-00&ServiceCd=170&Type=search", "url2": "http://www.tokai-corp.com/" }, "geometry": { "type": "Point", "coordinates": [ 130.4409889, 33.0301997 ] } },
{ "type": "Feature", "properties": { "内容": "chezmoi福祉用具サ－ビス【福祉用具貸与】久留米市東町37-8", "url": "https://www.kaigokensaku.mhlw.go.jp/40/index.php?action_kouhyou_detail_004_kani=true&JigyosyoCd=4071604674-00&ServiceCd=170&Type=search", "url2": null }, "geometry": { "type": "Point", "coordinates": [ 130.5202554, 33.3134981 ] } },
{ "type": "Feature", "properties": { "内容": "有限会社アルブ【福祉用具貸与】福岡県久留米市通町103-15", "url": "https://www.kaigokensaku.mhlw.go.jp/40/index.php?action_kouhyou_detail_004_kani=true&JigyosyoCd=4071600193-00&ServiceCd=170&Type=search", "url2": "https://www.arubu.com" }, "geometry": { "type": "Point", "coordinates": [ 130.516211500000054, 33.3163312 ] } },
{ "type": "Feature", "properties": { "内容": "福祉用具ステーション千歳【福祉用具貸与】福岡県久留米市御井町２５１８番地２", "url": "https://www.kaigokensaku.mhlw.go.jp/40/index.php?action_kouhyou_detail_004_kani=true&JigyosyoCd=4071605838-00&ServiceCd=170&Type=search", "url2": "https://chitose-gr.com/kurume/kurume06" }, "geometry": { "type": "Point", "coordinates": [ 130.555390666548192, 33.2979600173176 ] } },
{ "type": "Feature", "properties": { "内容": "有限会社　アクア　久留米営業所【福祉用具貸与】福岡県久留米市東合川7丁目10番33号", "url": "https://www.kaigokensaku.mhlw.go.jp/40/index.php?action_kouhyou_detail_004_kani=true&JigyosyoCd=4071607420-00&ServiceCd=170&Type=search", "url2": "https://aqua-care-support.jp/" }, "geometry": { "type": "Point", "coordinates": [ 130.55447190000001, 33.3227512 ] } },
{ "type": "Feature", "properties": { "内容": "ダスキンヘルスレント久留米ステーション【福祉用具貸与】福岡県久留米市梅満町1594-1", "url": "https://www.kaigokensaku.mhlw.go.jp/40/index.php?action_kouhyou_detail_004_kani=true&JigyosyoCd=4071602769-00&ServiceCd=170&Type=search", "url2": "htt://heaithrent.duskin.jp/" }, "geometry": { "type": "Point", "coordinates": [ 130.493186002910477, 33.306724311095969 ] } },
{ "type": "Feature", "properties": { "内容": "株式会社エヴァ･ライフ　ベストケア善導寺【福祉用具貸与】福岡県久留米市善導寺町木塚446-4", "url": "https://www.kaigokensaku.mhlw.go.jp/40/index.php?action_kouhyou_detail_004_kani=true&JigyosyoCd=4071605788-00&ServiceCd=170&Type=search", "url2": "http://evahlife.jp/" }, "geometry": { "type": "Point", "coordinates": [ 130.598849500000028, 33.321254 ] } },
{ "type": "Feature", "properties": { "内容": "エヴァ久留米【福祉用具貸与】福岡県久留米市津福今町458番地5津福今町田中店舗", "url": "https://www.kaigokensaku.mhlw.go.jp/40/index.php?action_kouhyou_detail_004_kani=true&JigyosyoCd=4071606976-00&ServiceCd=170&Type=search", "url2": "https://www.evah-care.jp/" }, "geometry": { "type": "Point", "coordinates": [ 130.499561738853117, 33.292798833568149 ] } },
{ "type": "Feature", "properties": { "内容": "九州ホームケアサービス　株式会社【福祉用具貸与】久留米市御井町1684-9", "url": "https://www.kaigokensaku.mhlw.go.jp/40/index.php?action_kouhyou_detail_004_kani=true&JigyosyoCd=4071600482-00&ServiceCd=170&Type=search", "url2": "http://k-ｈomecare.co.jp" }, "geometry": { "type": "Point", "coordinates": [ 130.5498533, 33.3074354 ] } },
{ "type": "Feature", "properties": { "内容": "株式会社　クローバー　久留米営業所【福祉用具貸与】福岡県久留米市山本町豊田80-5", "url": "https://www.kaigokensaku.mhlw.go.jp/40/index.php?action_kouhyou_detail_004_kani=true&JigyosyoCd=4071606364-00&ServiceCd=170&Type=search", "url2": "http://www.clover-w.co.jp/" }, "geometry": { "type": "Point", "coordinates": [ 130.5811722, 33.3168252 ] } },
{ "type": "Feature", "properties": { "内容": "タイヘイＭ＆Ｃ久留米営業所【福祉用具貸与】福岡県久留米市梅満町1610-1", "url": "https://www.kaigokensaku.mhlw.go.jp/40/index.php?action_kouhyou_detail_004_kani=true&JigyosyoCd=4071600441-00&ServiceCd=170&Type=search", "url2": "http://www.taihei-group.jp/" }, "geometry": { "type": "Point", "coordinates": [ 130.49425210000004, 33.3072151 ] } },
{ "type": "Feature", "properties": { "内容": "ケアサポート九州【福祉用具貸与】久留米市国分町1437-1", "url": "https://www.kaigokensaku.mhlw.go.jp/40/index.php?action_kouhyou_detail_004_kani=true&JigyosyoCd=4071605051-00&ServiceCd=170&Type=search", "url2": null }, "geometry": { "type": "Point", "coordinates": [ 130.529915934939936, 33.299748192396322 ] } },
{ "type": "Feature", "properties": { "内容": "ももゆめレンタルサービス【福祉用具貸与】福岡県久留米市三潴町玉満3061-1-101", "url": "https://www.kaigokensaku.mhlw.go.jp/40/index.php?action_kouhyou_detail_004_kani=true&JigyosyoCd=4071607529-00&ServiceCd=170&Type=search", "url2": null }, "geometry": { "type": "Point", "coordinates": [ 130.467444225794992, 33.253348322533235 ] } },
{ "type": "Feature", "properties": { "内容": "介臨丸　久留米営業所【福祉用具貸与】福岡県久留米市山川安居野3丁目14-13ｵﾌｨｽﾊﾟﾚｱ久留米IV　4号室", "url": "https://www.kaigokensaku.mhlw.go.jp/40/index.php?action_kouhyou_detail_004_kani=true&JigyosyoCd=4071607446-00&ServiceCd=170&Type=search", "url2": "http://www.kairinmaru.co.jp" }, "geometry": { "type": "Point", "coordinates": [ 130.5722427, 33.3157872 ] } },
{ "type": "Feature", "properties": { "内容": "株式会社すけっと久留米営業所【福祉用具貸与】福岡県久留米市御井旗崎5丁目3番地10", "url": "https://www.kaigokensaku.mhlw.go.jp/40/index.php?action_kouhyou_detail_004_kani=true&JigyosyoCd=4071607834-00&ServiceCd=170&Type=search", "url2": null }, "geometry": { "type": "Point", "coordinates": [ 130.5633919, 33.3148629 ] } },
{ "type": "Feature", "properties": { "内容": "ネクストプラス【福祉用具貸与】福岡県久留米市中央町35番地18", "url": "https://www.kaigokensaku.mhlw.go.jp/40/index.php?action_kouhyou_detail_004_kani=true&JigyosyoCd=4071607479-00&ServiceCd=170&Type=search", "url2": "https://skymedical.jp/" }, "geometry": { "type": "Point", "coordinates": [ 130.5092237, 33.3174774 ] } },
{ "type": "Feature", "properties": { "内容": "西日本介護サービス株式会社【福祉用具貸与】久留米市花畑２丁目１５－５", "url": "https://www.kaigokensaku.mhlw.go.jp/40/index.php?action_kouhyou_detail_004_kani=true&JigyosyoCd=4071600102-00&ServiceCd=170&Type=search", "url2": "http://www.nkaigo.co.jp" }, "geometry": { "type": "Point", "coordinates": [ 130.516863899999947, 33.3066958 ] } },
{ "type": "Feature", "properties": { "内容": "ウェルフェアー【福祉用具貸与】久留米市東櫛原町2044", "url": "https://www.kaigokensaku.mhlw.go.jp/40/index.php?action_kouhyou_detail_004_kani=true&JigyosyoCd=4071603239-00&ServiceCd=170&Type=search", "url2": null }, "geometry": { "type": "Point", "coordinates": [ 130.523499799999968, 33.3203617 ] } },
{ "type": "Feature", "properties": { "内容": "株式会社ビッグ・リバー【福祉用具貸与】福岡県久留米市安武町住吉1364-1", "url": "https://www.kaigokensaku.mhlw.go.jp/40/index.php?action_kouhyou_detail_004_kani=true&JigyosyoCd=4071606166-00&ServiceCd=170&Type=search", "url2": null }, "geometry": { "type": "Point", "coordinates": [ 130.471958623184292, 33.284657103548675 ] } },
{ "type": "Feature", "properties": { "内容": "ＲＥＮＴＷＥＬ【福祉用具貸与】福岡県久留米市国分町1436-6", "url": "https://www.kaigokensaku.mhlw.go.jp/40/index.php?action_kouhyou_detail_004_kani=true&JigyosyoCd=4071606851-00&ServiceCd=170&Type=search", "url2": null }, "geometry": { "type": "Point", "coordinates": [ 130.529469379203903, 33.299913319842943 ] } },
{ "type": "Feature", "properties": { "内容": "ベストケア久留米【福祉用具貸与】久留米市御井旗崎4丁目4番37号", "url": "https://www.kaigokensaku.mhlw.go.jp/40/index.php?action_kouhyou_detail_004_kani=true&JigyosyoCd=4071603643-00&ServiceCd=170&Type=search", "url2": null }, "geometry": { "type": "Point", "coordinates": [ 130.564332799999988, 33.3166791 ] } },
{ "type": "Feature", "properties": { "内容": "福祉用具Atlas【福祉用具貸与】福岡県久留米市荒木町白口2324-3古賀第二ビル104", "url": "https://www.kaigokensaku.mhlw.go.jp/40/index.php?action_kouhyou_detail_004_kani=true&JigyosyoCd=4071607099-00&ServiceCd=170&Type=search", "url2": null }, "geometry": { "type": "Point", "coordinates": [ 130.4992834, 33.2752769 ] } },
{ "type": "Feature", "properties": { "内容": "ケアショップライフ朋【福祉用具貸与】福岡県久留米市国分町1323-1", "url": "https://www.kaigokensaku.mhlw.go.jp/40/index.php?action_kouhyou_detail_004_kani=true&JigyosyoCd=4071607461-00&ServiceCd=170&Type=search", "url2": null }, "geometry": { "type": "Point", "coordinates": [ 130.534336449351542, 33.300212715496222 ] } },
{ "type": "Feature", "properties": { "内容": "株式会社マルコ　福祉事業部【福祉用具貸与】福岡県久留米市宮ノ陣四丁目30番5号", "url": "https://www.kaigokensaku.mhlw.go.jp/40/index.php?action_kouhyou_detail_004_kani=true&JigyosyoCd=4071604823-00&ServiceCd=170&Type=search", "url2": "http://www.marco-hc.co.jp/" }, "geometry": { "type": "Point", "coordinates": [ 130.538724071888709, 33.333466182460157 ] } },
{ "type": "Feature", "properties": { "内容": "ワン　ラブ【福祉用具貸与】福岡県久留米市津福本町１６６１－３MARKSFORT津福101号", "url": "https://www.kaigokensaku.mhlw.go.jp/40/index.php?action_kouhyou_detail_004_kani=true&JigyosyoCd=4071606869-00&ServiceCd=170&Type=search", "url2": null }, "geometry": { "type": "Point", "coordinates": [ 130.496069, 33.2951315 ] } },
{ "type": "Feature", "properties": { "内容": "株式会社　シルバーメイト【福祉用具貸与】福岡県久留米市東合川７丁目１３番５５号", "url": "https://www.kaigokensaku.mhlw.go.jp/40/index.php?action_kouhyou_detail_004_kani=true&JigyosyoCd=4071600169-00&ServiceCd=170&Type=search", "url2": "silver-mate.jp" }, "geometry": { "type": "Point", "coordinates": [ 130.554875199999969, 33.3220453 ] } },
{ "type": "Feature", "properties": { "内容": "虹のかけはし会　にじレンタルサポート【福祉用具貸与】福岡県久留米市小森野３丁目２０番２７号", "url": "https://www.kaigokensaku.mhlw.go.jp/40/index.php?action_kouhyou_detail_004_kani=true&JigyosyoCd=4071605804-00&ServiceCd=170&Type=search", "url2": null }, "geometry": { "type": "Point", "coordinates": [ 130.512640599999941, 33.3416323 ] } },
{ "type": "Feature", "properties": { "内容": "九州介護用品サービス【福祉用具貸与】久留米市松ヶ枝町52番地の1", "url": "https://www.kaigokensaku.mhlw.go.jp/40/index.php?action_kouhyou_detail_004_kani=true&JigyosyoCd=4071600763-00&ServiceCd=170&Type=search", "url2": "http://www." }, "geometry": { "type": "Point", "coordinates": [ 130.504700826983679, 33.311989564037063 ] } },
{ "type": "Feature", "properties": { "内容": "株式会社スカイメディカルナーシング【福祉用具貸与】福岡県久留米市中央町35-18", "url": "https://www.kaigokensaku.mhlw.go.jp/40/index.php?action_kouhyou_detail_004_kani=true&JigyosyoCd=4071607966-00&ServiceCd=170&Type=search", "url2": "https://skymedical.jp/" }, "geometry": { "type": "Point", "coordinates": [ 130.509256193254089, 33.3174717 ] } },
{ "type": "Feature", "properties": { "内容": "有限会社　直方メディカルサービス【福祉用具貸与】福岡県直方市知古７９８番地１", "url": "https://www.kaigokensaku.mhlw.go.jp/40/index.php?action_kouhyou_detail_004_kani=true&JigyosyoCd=4071700068-00&ServiceCd=170&Type=search", "url2": "http://www.nogata-medical.com/" }, "geometry": { "type": "Point", "coordinates": [ 130.721262799999977, 33.7613179 ] } },
{ "type": "Feature", "properties": { "内容": "株式会社　介護サービスわかば【福祉用具貸与】福岡県直方市新町3丁目3番10号ここちビル2階", "url": "https://www.kaigokensaku.mhlw.go.jp/40/index.php?action_kouhyou_detail_004_kani=true&JigyosyoCd=4071700688-00&ServiceCd=170&Type=search", "url2": "http://www.q-san.co.jp/wakaba" }, "geometry": { "type": "Point", "coordinates": [ 130.726617779098575, 33.737404574335919 ] } },
{ "type": "Feature", "properties": { "内容": "株式会社きのした【福祉用具貸与】福岡県飯塚市小正444番地8", "url": "https://www.kaigokensaku.mhlw.go.jp/40/index.php?action_kouhyou_detail_004_kani=true&JigyosyoCd=4071803615-00&ServiceCd=170&Type=search", "url2": null }, "geometry": { "type": "Point", "coordinates": [ 130.662772600000039, 33.6292224 ] } },
{ "type": "Feature", "properties": { "内容": "ベストケア飯塚【福祉用具貸与】福岡県飯塚市若菜256-124", "url": "https://www.kaigokensaku.mhlw.go.jp/40/index.php?action_kouhyou_detail_004_kani=true&JigyosyoCd=4071803433-00&ServiceCd=170&Type=search", "url2": "evahlife.jp" }, "geometry": { "type": "Point", "coordinates": [ 130.671385800000053, 33.6295615 ] } },
{ "type": "Feature", "properties": { "内容": "神崎建設（株）ゆーゆー福祉レンタル【福祉用具貸与】飯塚市川島50", "url": "https://www.kaigokensaku.mhlw.go.jp/40/index.php?action_kouhyou_detail_004_kani=true&JigyosyoCd=4071800512-00&ServiceCd=170&Type=search", "url2": null }, "geometry": { "type": "Point", "coordinates": [ 130.69275540000001, 33.6541593 ] } },
{ "type": "Feature", "properties": { "内容": "株式会社クローバー飯塚営業所【福祉用具貸与】福岡県飯塚市川津710", "url": "https://www.kaigokensaku.mhlw.go.jp/40/index.php?action_kouhyou_detail_004_kani=true&JigyosyoCd=4071803904-00&ServiceCd=170&Type=search", "url2": "http://www.clover-w.co.jp/company/" }, "geometry": { "type": "Point", "coordinates": [ 130.6824785, 33.6533771 ] } },
{ "type": "Feature", "properties": { "内容": "有限会社介護ショップたんぽぽ【福祉用具貸与】福岡県飯塚市下三緒92-7", "url": "https://www.kaigokensaku.mhlw.go.jp/40/index.php?action_kouhyou_detail_004_kani=true&JigyosyoCd=4071800637-00&ServiceCd=170&Type=search", "url2": null }, "geometry": { "type": "Point", "coordinates": [ 130.7074467, 33.6385806 ] } },
{ "type": "Feature", "properties": { "内容": "有限会社介護ショップクロッカス【福祉用具貸与】福岡県飯塚市枝国５１０番地２", "url": "https://www.kaigokensaku.mhlw.go.jp/40/index.php?action_kouhyou_detail_004_kani=true&JigyosyoCd=4071803409-00&ServiceCd=170&Type=search", "url2": null }, "geometry": { "type": "Point", "coordinates": [ 130.671896699999934, 33.634275 ] } },
{ "type": "Feature", "properties": { "内容": "介護ショップ　エンゼル【福祉用具貸与】福岡県飯塚市片島2丁目16番36号", "url": "https://www.kaigokensaku.mhlw.go.jp/40/index.php?action_kouhyou_detail_004_kani=true&JigyosyoCd=4071801973-00&ServiceCd=170&Type=search", "url2": null }, "geometry": { "type": "Point", "coordinates": [ 130.683509400735971, 33.648406225895357 ] } },
{ "type": "Feature", "properties": { "内容": "らそうむ福祉用具センター【福祉用具貸与】福岡県飯塚市鯰田2425番地206", "url": "https://www.kaigokensaku.mhlw.go.jp/40/index.php?action_kouhyou_detail_004_kani=true&JigyosyoCd=4071803425-00&ServiceCd=170&Type=search", "url2": "http://www.rasoumu.co.jp/" }, "geometry": { "type": "Point", "coordinates": [ 130.6982887, 33.655862200000016 ] } },
{ "type": "Feature", "properties": { "内容": "シルバー会館・飯塚【福祉用具貸与】福岡県飯塚市新飯塚１２－１３", "url": "https://www.kaigokensaku.mhlw.go.jp/40/index.php?action_kouhyou_detail_004_kani=true&JigyosyoCd=4071800850-00&ServiceCd=170&Type=search", "url2": null }, "geometry": { "type": "Point", "coordinates": [ 130.692027899999971, 33.6451882 ] } },
{ "type": "Feature", "properties": { "内容": "株式会社　ワイエス【福祉用具貸与】福岡県飯塚市大日寺８８６番地２０", "url": "https://www.kaigokensaku.mhlw.go.jp/40/index.php?action_kouhyou_detail_004_kani=true&JigyosyoCd=4071802294-00&ServiceCd=170&Type=search", "url2": "http://www.yskyushu.com" }, "geometry": { "type": "Point", "coordinates": [ 130.640928428831899, 33.642436494977645 ] } },
{ "type": "Feature", "properties": { "内容": "太陽シルバーサービス株式会社飯塚営業所【福祉用具貸与】福岡県飯塚市枝国510番地7", "url": "https://www.kaigokensaku.mhlw.go.jp/40/index.php?action_kouhyou_detail_004_kani=true&JigyosyoCd=4071804183-00&ServiceCd=170&Type=search", "url2": "https://taiyoss.co.jp/" }, "geometry": { "type": "Point", "coordinates": [ 130.671936100000011, 33.6345663 ] } },
{ "type": "Feature", "properties": { "内容": "アップルハート飯塚店【福祉用具貸与】福岡県飯塚市新飯塚18-5", "url": "https://www.kaigokensaku.mhlw.go.jp/40/index.php?action_kouhyou_detail_004_kani=true&JigyosyoCd=4071800165-00&ServiceCd=170&Type=search", "url2": "http://www.aso-group.co.jp/ams" }, "geometry": { "type": "Point", "coordinates": [ 130.690773915038363, 33.643085356121496 ] } },
{ "type": "Feature", "properties": { "内容": "有限会社スキップ【福祉用具貸与】福岡県飯塚市有井352番地8", "url": "https://www.kaigokensaku.mhlw.go.jp/40/index.php?action_kouhyou_detail_004_kani=true&JigyosyoCd=4071801171-00&ServiceCd=170&Type=search", "url2": "https://skip-kaigo.com" }, "geometry": { "type": "Point", "coordinates": [ 130.720698699999957, 33.6461853 ] } },
{ "type": "Feature", "properties": { "内容": "福祉用具おおつか飯塚営業所【福祉用具貸与】福岡県飯塚市忠隈503-2", "url": "https://www.kaigokensaku.mhlw.go.jp/40/index.php?action_kouhyou_detail_004_kani=true&JigyosyoCd=4071804324-00&ServiceCd=170&Type=search", "url2": "https://otsuka-we.jp" }, "geometry": { "type": "Point", "coordinates": [ 130.6816359, 33.6190893 ] } },
{ "type": "Feature", "properties": { "内容": "有限会社マイルド薬局　介護ショップマイルド【福祉用具貸与】福岡県飯塚市鯰田2359番地２", "url": "https://www.kaigokensaku.mhlw.go.jp/40/index.php?action_kouhyou_detail_004_kani=true&JigyosyoCd=4071800389-00&ServiceCd=170&Type=search", "url2": null }, "geometry": { "type": "Point", "coordinates": [ 130.698460599999947, 33.658183799999989 ] } },
{ "type": "Feature", "properties": { "内容": "くらし製作所【福祉用具貸与】福岡県飯塚市川津77番地2キュート舞の浦1F", "url": "https://www.kaigokensaku.mhlw.go.jp/40/index.php?action_kouhyou_detail_004_kani=true&JigyosyoCd=4071804563-00&ServiceCd=170&Type=search", "url2": null }, "geometry": { "type": "Point", "coordinates": [ 130.6817843, 33.6559741 ] } },
{ "type": "Feature", "properties": { "内容": "サポ－トセンタ－あんしん【福祉用具貸与】福岡県田川市大字伊田425番地2", "url": "https://www.kaigokensaku.mhlw.go.jp/40/index.php?action_kouhyou_detail_004_kani=true&JigyosyoCd=4071903027-00&ServiceCd=170&Type=search", "url2": null }, "geometry": { "type": "Point", "coordinates": [ 130.8377568, 33.6414663 ] } },
{ "type": "Feature", "properties": { "内容": "ドリーム福祉用具センター【福祉用具貸与】福岡県田川市大字糒1789番地1", "url": "https://www.kaigokensaku.mhlw.go.jp/40/index.php?action_kouhyou_detail_004_kani=true&JigyosyoCd=4071901609-00&ServiceCd=170&Type=search", "url2": null }, "geometry": { "type": "Point", "coordinates": [ 130.805176235195887, 33.654043268720805 ] } },
{ "type": "Feature", "properties": { "内容": "株式会社　ケアサポート【福祉用具貸与】福岡県田川市伊田1610-14クイーンハイツKIV102号", "url": "https://www.kaigokensaku.mhlw.go.jp/40/index.php?action_kouhyou_detail_004_kani=true&JigyosyoCd=4079600203-00&ServiceCd=170&Type=search", "url2": null }, "geometry": { "type": "Point", "coordinates": [ 130.830345200000011, 33.6524427 ] } },
{ "type": "Feature", "properties": { "内容": "有限会社　ハ－トフルはしもと【福祉用具貸与】福岡県田川市桜町13番36号", "url": "https://www.kaigokensaku.mhlw.go.jp/40/index.php?action_kouhyou_detail_004_kani=true&JigyosyoCd=4071900122-00&ServiceCd=170&Type=search", "url2": "http://heartfull-hashimoto.jp/" }, "geometry": { "type": "Point", "coordinates": [ 130.79590410000003, 33.6366154 ] } },
{ "type": "Feature", "properties": { "内容": "暖家の丘福祉用具サービス【福祉用具貸与】福岡県田川市大字糒824-20", "url": "https://www.kaigokensaku.mhlw.go.jp/40/index.php?action_kouhyou_detail_004_kani=true&JigyosyoCd=4071901237-00&ServiceCd=170&Type=search", "url2": "https://dankenooka.net" }, "geometry": { "type": "Point", "coordinates": [ 130.805461214416511, 33.658558271006939 ] } },
{ "type": "Feature", "properties": { "内容": "ライフケア福祉用具サービス【福祉用具貸与】福岡県田川市大字伊田4880番地", "url": "https://www.kaigokensaku.mhlw.go.jp/40/index.php?action_kouhyou_detail_004_kani=true&JigyosyoCd=4071902763-00&ServiceCd=170&Type=search", "url2": null }, "geometry": { "type": "Point", "coordinates": [ 130.803753114371347, 33.65101634793924 ] } },
{ "type": "Feature", "properties": { "内容": "介護ショップ　ベスト【福祉用具貸与】夏吉３４番地", "url": "https://www.kaigokensaku.mhlw.go.jp/40/index.php?action_kouhyou_detail_004_kani=true&JigyosyoCd=4071902466-00&ServiceCd=170&Type=search", "url2": null }, "geometry": { "type": "Point", "coordinates": [ 130.836139099999968, 33.6583727 ] } },
{ "type": "Feature", "properties": { "内容": "福祉用具あえる【福祉用具貸与】福岡県田川市大字夏吉3062番地1", "url": "https://www.kaigokensaku.mhlw.go.jp/40/index.php?action_kouhyou_detail_004_kani=true&JigyosyoCd=4071903225-00&ServiceCd=170&Type=search", "url2": null }, "geometry": { "type": "Point", "coordinates": [ 130.809484206082146, 33.674863365197631 ] } },
{ "type": "Feature", "properties": { "内容": "福祉用具サポートセンター【福祉用具貸与】福岡県田川市大字伊加利2195-40", "url": "https://www.kaigokensaku.mhlw.go.jp/40/index.php?action_kouhyou_detail_004_kani=true&JigyosyoCd=4071902300-00&ServiceCd=170&Type=search", "url2": null }, "geometry": { "type": "Point", "coordinates": [ 130.821627199999966, 33.6227762 ] } },
{ "type": "Feature", "properties": { "内容": "太陽シルバーサービス株式会社　田川営業所【福祉用具貸与】田川市大字川宮１２００番地", "url": "https://www.kaigokensaku.mhlw.go.jp/40/index.php?action_kouhyou_detail_004_kani=true&JigyosyoCd=4071901971-00&ServiceCd=170&Type=search", "url2": "http://www.taiyoss.co.jp" }, "geometry": { "type": "Point", "coordinates": [ 130.789967700000034, 33.64927 ] } },
{ "type": "Feature", "properties": { "内容": "有限会社　　松本プランニング【福祉用具貸与】福岡県柳川市大和町豊原594-18", "url": "https://www.kaigokensaku.mhlw.go.jp/40/index.php?action_kouhyou_detail_004_kani=true&JigyosyoCd=4078800119-00&ServiceCd=170&Type=search", "url2": null }, "geometry": { "type": "Point", "coordinates": [ 130.427840300000071, 33.144739 ] } },
{ "type": "Feature", "properties": { "内容": "有限会社みらい介護サービス【福祉用具貸与】福岡県柳川市三橋町下百町24-2", "url": "https://www.kaigokensaku.mhlw.go.jp/40/index.php?action_kouhyou_detail_004_kani=true&JigyosyoCd=4072000294-00&ServiceCd=170&Type=search", "url2": "http://www.miraikaigo.com/" }, "geometry": { "type": "Point", "coordinates": [ 130.417741198776611, 33.165149123477526 ] } },
{ "type": "Feature", "properties": { "内容": "株式会社　サンコー【福祉用具貸与】柳川市筑紫町４０６－１", "url": "https://www.kaigokensaku.mhlw.go.jp/40/index.php?action_kouhyou_detail_004_kani=true&JigyosyoCd=4072000237-00&ServiceCd=170&Type=search", "url2": "https://35inc.co.jp/" }, "geometry": { "type": "Point", "coordinates": [ 130.397437399999944, 33.1653578 ] } },
{ "type": "Feature", "properties": { "内容": "ベストケア筑後【福祉用具貸与】福岡県筑後市山ノ井302-1", "url": "https://www.kaigokensaku.mhlw.go.jp/40/index.php?action_kouhyou_detail_004_kani=true&JigyosyoCd=4072400940-00&ServiceCd=170&Type=search", "url2": "http://evahlife.jp/" }, "geometry": { "type": "Point", "coordinates": [ 130.501990299999989, 33.2080593 ] } },
{ "type": "Feature", "properties": { "内容": "介福本舗　筑後営業所【福祉用具貸与】福岡県筑後市熊野1383-37", "url": "https://www.kaigokensaku.mhlw.go.jp/40/index.php?action_kouhyou_detail_004_kani=true&JigyosyoCd=4072400965-00&ServiceCd=170&Type=search", "url2": "http://www.kaifukuhonpo.com/" }, "geometry": { "type": "Point", "coordinates": [ 130.5027427, 33.2269506 ] } },
{ "type": "Feature", "properties": { "内容": "プラスケア　筑後【福祉用具貸与】福岡県筑後市熊野１４９８番地１", "url": "https://www.kaigokensaku.mhlw.go.jp/40/index.php?action_kouhyou_detail_004_kani=true&JigyosyoCd=4072400643-00&ServiceCd=170&Type=search", "url2": "pluscare2002.co.jp" }, "geometry": { "type": "Point", "coordinates": [ 130.503647900000033, 33.2242983 ] } },
{ "type": "Feature", "properties": { "内容": "有限会社　　　ひだまり【福祉用具貸与】福岡県大川市大字酒見499番地23", "url": "https://www.kaigokensaku.mhlw.go.jp/40/index.php?action_kouhyou_detail_004_kani=true&JigyosyoCd=4072500368-00&ServiceCd=170&Type=search", "url2": "https://www.hidamari-care.net" }, "geometry": { "type": "Point", "coordinates": [ 130.382855, 33.2091163 ] } },
{ "type": "Feature", "properties": { "内容": "株式会社ファーストケア【福祉用具貸与】福岡県大川市大野島255-5", "url": "https://www.kaigokensaku.mhlw.go.jp/40/index.php?action_kouhyou_detail_004_kani=true&JigyosyoCd=4072500772-00&ServiceCd=170&Type=search", "url2": "https:/www.firstcare0120.com" }, "geometry": { "type": "Point", "coordinates": [ 130.35388207408829, 33.208038069192121 ] } },
{ "type": "Feature", "properties": { "内容": "介護ショップ　蓮【福祉用具貸与】福岡県行橋市北泉5丁目12番1号", "url": "https://www.kaigokensaku.mhlw.go.jp/40/index.php?action_kouhyou_detail_004_kani=true&JigyosyoCd=4072601661-00&ServiceCd=170&Type=search", "url2": null }, "geometry": { "type": "Point", "coordinates": [ 130.99557598881961, 33.709013692251624 ] } },
{ "type": "Feature", "properties": { "内容": "介護用品まつうら【福祉用具貸与】福岡県行橋市大字道場寺１５０１番地７", "url": "https://www.kaigokensaku.mhlw.go.jp/40/index.php?action_kouhyou_detail_004_kani=true&JigyosyoCd=4072600846-00&ServiceCd=170&Type=search", "url2": null }, "geometry": { "type": "Point", "coordinates": [ 131.00845460000005, 33.6964098 ] } },
{ "type": "Feature", "properties": { "内容": "株式会社　クローバー　行橋営業所【福祉用具貸与】福岡県行橋市東大橋４丁目１０－１", "url": "https://www.kaigokensaku.mhlw.go.jp/40/index.php?action_kouhyou_detail_004_kani=true&JigyosyoCd=4072601711-00&ServiceCd=170&Type=search", "url2": "http://www.clover-w.co.jp/" }, "geometry": { "type": "Point", "coordinates": [ 130.987624312463481, 33.739796223655404 ] } },
{ "type": "Feature", "properties": { "内容": "太陽シルバーサービス株式会社　行橋営業所【福祉用具貸与】行橋市大字流末1327番地", "url": "https://www.kaigokensaku.mhlw.go.jp/40/index.php?action_kouhyou_detail_004_kani=true&JigyosyoCd=4072601802-00&ServiceCd=170&Type=search", "url2": "http://www.taiyoss.co.jp" }, "geometry": { "type": "Point", "coordinates": [ 130.964936099999932, 33.7014225 ] } },
{ "type": "Feature", "properties": { "内容": "福の基【福祉用具貸与】福岡県行橋市金屋340番地6", "url": "https://www.kaigokensaku.mhlw.go.jp/40/index.php?action_kouhyou_detail_004_kani=true&JigyosyoCd=4072700620-00&ServiceCd=170&Type=search", "url2": "https://grantree-fukuoka.com/" }, "geometry": { "type": "Point", "coordinates": [ 130.991201955859196, 33.725302943685499 ] } },
{ "type": "Feature", "properties": { "内容": "たっちあっぷ株式会社【福祉用具貸与】福岡県行橋市行事1丁目2-9", "url": "https://www.kaigokensaku.mhlw.go.jp/40/index.php?action_kouhyou_detail_004_kani=true&JigyosyoCd=4072602156-00&ServiceCd=170&Type=search", "url2": "https://www.tuchup.jp" }, "geometry": { "type": "Point", "coordinates": [ 130.976570943602923, 33.734706794738763 ] } },
{ "type": "Feature", "properties": { "内容": "株式会社　エヴァ・ライフ　ベストケア行橋営業所【福祉用具貸与】福岡県行橋市行事2丁目4-22", "url": "https://www.kaigokensaku.mhlw.go.jp/40/index.php?action_kouhyou_detail_004_kani=true&JigyosyoCd=4072600770-00&ServiceCd=170&Type=search", "url2": null }, "geometry": { "type": "Point", "coordinates": [ 130.976737331463852, 33.739045271963363 ] } },
{ "type": "Feature", "properties": { "内容": "サン福祉用具【福祉用具貸与】福岡県行橋市南大橋一丁目1番25号", "url": "https://www.kaigokensaku.mhlw.go.jp/40/index.php?action_kouhyou_detail_004_kani=true&JigyosyoCd=4072601893-00&ServiceCd=170&Type=search", "url2": "http://hp.kaipoke.biz/fut/" }, "geometry": { "type": "Point", "coordinates": [ 130.986151, 33.7287371 ] } },
{ "type": "Feature", "properties": { "内容": "介護ショップさくらんぼ【福祉用具貸与】福岡県豊前市大字薬師寺70番地1福祉センターさくらんぼ", "url": "https://www.kaigokensaku.mhlw.go.jp/40/index.php?action_kouhyou_detail_004_kani=true&JigyosyoCd=4072700661-00&ServiceCd=170&Type=search", "url2": null }, "geometry": { "type": "Point", "coordinates": [ 131.118102099999987, 33.5787034 ] } },
{ "type": "Feature", "properties": { "内容": "エルサポ＾ト【福祉用具貸与】福岡県中間市土手ノ内3丁目8-25　B1０１", "url": "https://www.kaigokensaku.mhlw.go.jp/40/index.php?action_kouhyou_detail_004_kani=true&JigyosyoCd=4072801709-00&ServiceCd=170&Type=search", "url2": null }, "geometry": { "type": "Point", "coordinates": [ 130.715282699999989, 33.8091652 ] } },
{ "type": "Feature", "properties": { "内容": "ウエルパークヒルズ在宅介護サービスセンター【福祉用具貸与】福岡県中間市通谷一丁目36番3号", "url": "https://www.kaigokensaku.mhlw.go.jp/40/index.php?action_kouhyou_detail_004_kani=true&JigyosyoCd=4072800040-00&ServiceCd=170&Type=search", "url2": "http://www.wellph.jp" }, "geometry": { "type": "Point", "coordinates": [ 130.731677499999932, 33.8237578 ] } },
{ "type": "Feature", "properties": { "内容": "アカンパニー【福祉用具貸与】福岡県中間市朝霧4丁目21-1", "url": "https://www.kaigokensaku.mhlw.go.jp/40/index.php?action_kouhyou_detail_004_kani=true&JigyosyoCd=4075500936-00&ServiceCd=170&Type=search", "url2": "http://omg-co-ltd.com/" }, "geometry": { "type": "Point", "coordinates": [ 130.728566857087344, 33.815117600118874 ] } },
{ "type": "Feature", "properties": { "内容": "メインレンタルサービス有限会社【福祉用具貸与】福岡県小郡市三沢５４０１－５", "url": "https://www.kaigokensaku.mhlw.go.jp/40/index.php?action_kouhyou_detail_004_kani=true&JigyosyoCd=4072900220-00&ServiceCd=170&Type=search", "url2": null }, "geometry": { "type": "Point", "coordinates": [ 130.548228800000061, 33.4330955 ] } },
{ "type": "Feature", "properties": { "内容": "すけっと【福祉用具貸与】福岡県小郡市小郡字正尻1572番地1", "url": "https://www.kaigokensaku.mhlw.go.jp/40/index.php?action_kouhyou_detail_004_kani=true&JigyosyoCd=4072900493-00&ServiceCd=170&Type=search", "url2": null }, "geometry": { "type": "Point", "coordinates": [ 130.54376981893833, 33.396565024403543 ] } },
{ "type": "Feature", "properties": { "内容": "太陽シルバーサービス株式会社　久留米営業所【福祉用具貸与】福岡県小郡市小郡97番地19オフィスパレア小郡Ⅰ（2号室+3号室）", "url": "https://www.kaigokensaku.mhlw.go.jp/40/index.php?action_kouhyou_detail_004_kani=true&JigyosyoCd=4076700279-00&ServiceCd=170&Type=search", "url2": "http://www.taiyoss.co.jp" }, "geometry": { "type": "Point", "coordinates": [ 130.55391384983028, 33.399735712445349 ] } },
{ "type": "Feature", "properties": { "内容": "株式会社　ベストサポート福祉用具センター【福祉用具貸与】福岡県筑紫野市二日市中央2-6-3鹿島ビル1F", "url": "https://www.kaigokensaku.mhlw.go.jp/40/index.php?action_kouhyou_detail_004_kani=true&JigyosyoCd=4073000913-00&ServiceCd=170&Type=search", "url2": null }, "geometry": { "type": "Point", "coordinates": [ 130.518330716884407, 33.496138755041756 ] } },
{ "type": "Feature", "properties": { "内容": "株式会社つくしﾒﾃﾞｨｶﾙ【福祉用具貸与】福岡県筑紫野市上古賀3-7-7", "url": "https://www.kaigokensaku.mhlw.go.jp/40/index.php?action_kouhyou_detail_004_kani=true&JigyosyoCd=4073000319-00&ServiceCd=170&Type=search", "url2": "http://www.tukushi.jp/" }, "geometry": { "type": "Point", "coordinates": [ 130.521000500000014, 33.4828225 ] } },
{ "type": "Feature", "properties": { "内容": "すたいる【福祉用具貸与】福岡県筑紫野市大字筑紫813番地12", "url": "https://www.kaigokensaku.mhlw.go.jp/40/index.php?action_kouhyou_detail_004_kani=true&JigyosyoCd=4073101521-00&ServiceCd=170&Type=search", "url2": "https://www.gtk-sutairu.com/" }, "geometry": { "type": "Point", "coordinates": [ 130.546353011933888, 33.460244589292081 ] } },
{ "type": "Feature", "properties": { "内容": "MKK合同会社【福祉用具貸与】福岡県春日市一の谷6丁目69スカイタウン春日101号室", "url": "https://www.kaigokensaku.mhlw.go.jp/40/index.php?action_kouhyou_detail_004_kani=true&JigyosyoCd=4073101836-00&ServiceCd=170&Type=search", "url2": "https://mkk-kaito.com/about.php" }, "geometry": { "type": "Point", "coordinates": [ 130.4489259, 33.5229301 ] } },
{ "type": "Feature", "properties": { "内容": "レンタル　丸屋【福祉用具貸与】春日市昇町３丁目１６４番地", "url": "https://www.kaigokensaku.mhlw.go.jp/40/index.php?action_kouhyou_detail_004_kani=true&JigyosyoCd=4071101309-00&ServiceCd=170&Type=search", "url2": "https://rental-maruya.com" }, "geometry": { "type": "Point", "coordinates": [ 130.44512450000002, 33.5286623 ] } },
{ "type": "Feature", "properties": { "内容": "介護の太助　春日店【福祉用具貸与】福岡県春日市小倉一丁目16番IDハウス101号室", "url": "https://www.kaigokensaku.mhlw.go.jp/40/index.php?action_kouhyou_detail_004_kani=true&JigyosyoCd=4073101463-00&ServiceCd=170&Type=search", "url2": "http://www.kaigo-tasuke.co.jp" }, "geometry": { "type": "Point", "coordinates": [ 130.457337300000063, 33.5340149 ] } },
{ "type": "Feature", "properties": { "内容": "レンタルサービス　ひゅうが【福祉用具貸与】春日原北町三丁目58-1春日原テルミナ401号", "url": "https://www.kaigokensaku.mhlw.go.jp/40/index.php?action_kouhyou_detail_004_kani=true&JigyosyoCd=4073101646-00&ServiceCd=170&Type=search", "url2": "https://kirari3.com/kaigo_02/" }, "geometry": { "type": "Point", "coordinates": [ 130.47249911139221, 33.537540403329871 ] } },
{ "type": "Feature", "properties": { "内容": "ゆうゆうレンタルサービス【福祉用具貸与】春日市春日２－２７", "url": "https://www.kaigokensaku.mhlw.go.jp/40/index.php?action_kouhyou_detail_004_kani=true&JigyosyoCd=4073101083-00&ServiceCd=170&Type=search", "url2": "www.yuyu-group.co.jp" }, "geometry": { "type": "Point", "coordinates": [ 130.47055279999995, 33.5233524 ] } },
{ "type": "Feature", "properties": { "内容": "グリーンコープ　福祉生活用品店舗　ほっと館【福祉用具貸与】福岡県春日市春日原北町1-3-23", "url": "https://www.kaigokensaku.mhlw.go.jp/40/index.php?action_kouhyou_detail_004_kani=true&JigyosyoCd=4073101216-00&ServiceCd=170&Type=search", "url2": "http://fukushi-greencoop.or.jp/prog/dbs/162" }, "geometry": { "type": "Point", "coordinates": [ 130.468697291262856, 33.53613347144416 ] } },
{ "type": "Feature", "properties": { "内容": "パナソニックエイジフリーショップ福岡筑紫野【福祉用具貸与】福岡県大野城市仲畑4丁目4-1", "url": "https://www.kaigokensaku.mhlw.go.jp/40/index.php?action_kouhyou_detail_004_kani=true&JigyosyoCd=4073400840-00&ServiceCd=170&Type=search", "url2": "http://www.kaigoshop.net/chikushino/index.html" }, "geometry": { "type": "Point", "coordinates": [ 130.4694825, 33.553218800000039 ] } },
{ "type": "Feature", "properties": { "内容": "有限会社梅光　福祉サポートITO【福祉用具貸与】福岡県大野城市南ヶ丘２丁目18番７号", "url": "https://www.kaigokensaku.mhlw.go.jp/40/index.php?action_kouhyou_detail_004_kani=true&JigyosyoCd=4073200380-00&ServiceCd=170&Type=search", "url2": null }, "geometry": { "type": "Point", "coordinates": [ 130.4830045, 33.5059182 ] } },
{ "type": "Feature", "properties": { "内容": "株式会社　ケア・サポート【福祉用具貸与】大野城市川久保1丁目5番1号", "url": "https://www.kaigokensaku.mhlw.go.jp/40/index.php?action_kouhyou_detail_004_kani=true&JigyosyoCd=4073200232-00&ServiceCd=170&Type=search", "url2": null }, "geometry": { "type": "Point", "coordinates": [ 130.4846043, 33.5498695 ] } },
{ "type": "Feature", "properties": { "内容": "アイ　ハウス【福祉用具貸与】福岡県大野城市中１丁目５番２７号オフィスパレア中１－Ｂ２", "url": "https://www.kaigokensaku.mhlw.go.jp/40/index.php?action_kouhyou_detail_004_kani=true&JigyosyoCd=4073201107-00&ServiceCd=170&Type=search", "url2": "http://www.ai-house.jp" }, "geometry": { "type": "Point", "coordinates": [ 130.480744312966863, 33.551939614916158 ] } },
{ "type": "Feature", "properties": { "内容": "スキップ南福岡店【福祉用具貸与】福岡県大野城市仲畑2丁目10番27号", "url": "https://www.kaigokensaku.mhlw.go.jp/40/index.php?action_kouhyou_detail_004_kani=true&JigyosyoCd=4073201248-00&ServiceCd=170&Type=search", "url2": null }, "geometry": { "type": "Point", "coordinates": [ 130.4684863, 33.5576708 ] } },
{ "type": "Feature", "properties": { "内容": "アルク九州販売有限会社【福祉用具貸与】福岡県大野城市瓦田４丁目６番１号", "url": "https://www.kaigokensaku.mhlw.go.jp/40/index.php?action_kouhyou_detail_004_kani=true&JigyosyoCd=4073400212-00&ServiceCd=170&Type=search", "url2": "http://www.aluku-web.com/" }, "geometry": { "type": "Point", "coordinates": [ 130.483750031282852, 33.535239335318224 ] } },
{ "type": "Feature", "properties": { "内容": "福祉用具ゆうそら【福祉用具貸与】川久保2-3-5", "url": "https://www.kaigokensaku.mhlw.go.jp/40/index.php?action_kouhyou_detail_004_kani=true&JigyosyoCd=4073201297-00&ServiceCd=170&Type=search", "url2": null }, "geometry": { "type": "Point", "coordinates": [ 130.488842159518754, 33.550103129728768 ] } },
{ "type": "Feature", "properties": { "内容": "太陽シルバーサービス株式会社　福岡南営業所【福祉用具貸与】福岡県大野城市御笠川2-10-15", "url": "https://www.kaigokensaku.mhlw.go.jp/40/index.php?action_kouhyou_detail_004_kani=true&JigyosyoCd=4073200620-00&ServiceCd=170&Type=search", "url2": "http://www.taiyoss.co.jp" }, "geometry": { "type": "Point", "coordinates": [ 130.484448307579925, 33.540997420118757 ] } },
{ "type": "Feature", "properties": { "内容": "シェリール福祉用具【福祉用具貸与】福岡県大野城市御笠川6-5-24シェリールビル", "url": "https://www.kaigokensaku.mhlw.go.jp/40/index.php?action_kouhyou_detail_004_kani=true&JigyosyoCd=4073200810-00&ServiceCd=170&Type=search", "url2": "http://cherir-kaigo.com/" }, "geometry": { "type": "Point", "coordinates": [ 130.488681700000029, 33.5349436 ] } },
{ "type": "Feature", "properties": { "内容": "クローバー宗像営業所【福祉用具貸与】福岡県宗像市日の里１－２８１０５棟７０号", "url": "https://www.kaigokensaku.mhlw.go.jp/40/index.php?action_kouhyou_detail_004_kani=true&JigyosyoCd=4073301576-00&ServiceCd=170&Type=search", "url2": "www.clover-w.co.jp" }, "geometry": { "type": "Point", "coordinates": [ 130.531683299999941, 33.7923409 ] } },
{ "type": "Feature", "properties": { "内容": "大創リベラル　福祉用具事業所【福祉用具貸与】宗像市ひかりケ丘１－８－１９", "url": "https://www.kaigokensaku.mhlw.go.jp/40/index.php?action_kouhyou_detail_004_kani=true&JigyosyoCd=4073600092-00&ServiceCd=170&Type=search", "url2": null }, "geometry": { "type": "Point", "coordinates": [ 130.538492352124877, 33.818381030057026 ] } },
{ "type": "Feature", "properties": { "内容": "ふれあい福祉用具サービスセンター【福祉用具貸与】福岡県太宰府市向佐野4丁目16番1号", "url": "https://www.kaigokensaku.mhlw.go.jp/40/index.php?action_kouhyou_detail_004_kani=true&JigyosyoCd=4073400915-00&ServiceCd=170&Type=search", "url2": "https://amenitylife-f.co.jp/" }, "geometry": { "type": "Point", "coordinates": [ 130.492378599999938, 33.509890400000018 ] } },
{ "type": "Feature", "properties": { "内容": "スペース・ワン【福祉用具貸与】福津市花見が丘３丁目２０－３０", "url": "https://www.kaigokensaku.mhlw.go.jp/40/index.php?action_kouhyou_detail_004_kani=true&JigyosyoCd=4074500325-00&ServiceCd=170&Type=search", "url2": "space1@ams.odn.ne.jp" }, "geometry": { "type": "Point", "coordinates": [ 130.475388564833565, 33.75645489953741 ] } },
{ "type": "Feature", "properties": { "内容": "ベストケア【福祉用具貸与】福岡県福津市花見が丘1丁目6番20号", "url": "https://www.kaigokensaku.mhlw.go.jp/40/index.php?action_kouhyou_detail_004_kani=true&JigyosyoCd=4074500317-00&ServiceCd=170&Type=search", "url2": "evahlife.jp" }, "geometry": { "type": "Point", "coordinates": [ 130.478122, 33.7619941 ] } },
{ "type": "Feature", "properties": { "内容": "有限会社スリーエー【福祉用具貸与】福岡県うきは市浮羽町小塩１５３９－２", "url": "https://www.kaigokensaku.mhlw.go.jp/40/index.php?action_kouhyou_detail_004_kani=true&JigyosyoCd=4077300301-00&ServiceCd=170&Type=search", "url2": null }, "geometry": { "type": "Point", "coordinates": [ 130.806792, 33.3240255 ] } },
{ "type": "Feature", "properties": { "内容": "株式会社　かがし屋【福祉用具貸与】福岡県うきは市吉井町清瀬477-4", "url": "https://www.kaigokensaku.mhlw.go.jp/40/index.php?action_kouhyou_detail_004_kani=true&JigyosyoCd=4077300137-00&ServiceCd=170&Type=search", "url2": "http://www.kagasiya.co.jp/company.html" }, "geometry": { "type": "Point", "coordinates": [ 130.770172099999968, 33.339187 ] } },
{ "type": "Feature", "properties": { "内容": "福祉用具販売レンタル　アシスト【福祉用具貸与】福岡県宮若市宮田4863番地", "url": "https://www.kaigokensaku.mhlw.go.jp/40/index.php?action_kouhyou_detail_004_kani=true&JigyosyoCd=4075500944-00&ServiceCd=170&Type=search", "url2": null }, "geometry": { "type": "Point", "coordinates": [ 130.666747746557547, 33.725499661624795 ] } },
{ "type": "Feature", "properties": { "内容": "有限会社おおつか　宮田介護用具サービス【福祉用具貸与】福岡県宮若市宮田５３番地８", "url": "https://www.kaigokensaku.mhlw.go.jp/40/index.php?action_kouhyou_detail_004_kani=true&JigyosyoCd=4075500175-00&ServiceCd=170&Type=search", "url2": "http://otsuka-we.jp/" }, "geometry": { "type": "Point", "coordinates": [ 130.665243799999985, 33.7238786 ] } },
{ "type": "Feature", "properties": { "内容": "有限会社　ワイズケアサービス【福祉用具貸与】福岡県嘉麻市鴨生144番地85", "url": "https://www.kaigokensaku.mhlw.go.jp/40/index.php?action_kouhyou_detail_004_kani=true&JigyosyoCd=4075800450-00&ServiceCd=170&Type=search", "url2": null }, "geometry": { "type": "Point", "coordinates": [ 130.736661599999934, 33.6098393 ] } },
{ "type": "Feature", "properties": { "内容": "株式会社　ｸﾞｯﾄ・ﾘﾝｸ　ｸﾞｯﾄ・ﾘﾝｸ朝倉【福祉用具貸与】福岡県朝倉市堤1052", "url": "https://www.kaigokensaku.mhlw.go.jp/40/index.php?action_kouhyou_detail_004_kani=true&JigyosyoCd=4076700295-00&ServiceCd=170&Type=search", "url2": null }, "geometry": { "type": "Point", "coordinates": [ 130.670510826823858, 33.41981559197513 ] } },
{ "type": "Feature", "properties": { "内容": "有限会社環彩甘木・朝倉支店【福祉用具貸与】堤1555-1いろは館", "url": "https://www.kaigokensaku.mhlw.go.jp/40/index.php?action_kouhyou_detail_004_kani=true&JigyosyoCd=4072200845-00&ServiceCd=170&Type=search", "url2": null }, "geometry": { "type": "Point", "coordinates": [ 130.66842829999996, 33.420835 ] } },
{ "type": "Feature", "properties": { "内容": "福祉用具貸与リアンド【福祉用具貸与】朝倉市甘木1785-1-201", "url": "https://www.kaigokensaku.mhlw.go.jp/40/index.php?action_kouhyou_detail_004_kani=true&JigyosyoCd=4072201181-00&ServiceCd=170&Type=search", "url2": null }, "geometry": { "type": "Point", "coordinates": [ 130.656916200000012, 33.4211253 ] } },
{ "type": "Feature", "properties": { "内容": "スキップ朝倉店【福祉用具貸与】福岡県朝倉市甘木1313番地1", "url": "https://www.kaigokensaku.mhlw.go.jp/40/index.php?action_kouhyou_detail_004_kani=true&JigyosyoCd=4072200605-00&ServiceCd=170&Type=search", "url2": "https://skip-kaigo.com" }, "geometry": { "type": "Point", "coordinates": [ 130.65386893405767, 33.418876320697024 ] } },
{ "type": "Feature", "properties": { "内容": "サンステップ　福祉用具貸与事業部【福祉用具貸与】みやま市瀬高町下庄705番地", "url": "https://www.kaigokensaku.mhlw.go.jp/40/index.php?action_kouhyou_detail_004_kani=true&JigyosyoCd=4078700137-00&ServiceCd=170&Type=search", "url2": "http://sun-step.co.jp/" }, "geometry": { "type": "Point", "coordinates": [ 130.473097124944388, 33.150959994156842 ] } },
{ "type": "Feature", "properties": { "内容": "福祉用具サービス「やまびこ」【福祉用具貸与】福岡件みやま市山川町河原内1224", "url": "https://www.kaigokensaku.mhlw.go.jp/40/index.php?action_kouhyou_detail_004_kani=true&JigyosyoCd=4078700822-00&ServiceCd=170&Type=search", "url2": "https://yamabiko-care.com/" }, "geometry": { "type": "Point", "coordinates": [ 130.5198282, 33.13736830000002 ] } },
{ "type": "Feature", "properties": { "内容": "桜寿のさと福祉用具サービスセンター【福祉用具貸与】高田1丁目7-1有料老人ホーム桜寿のさと伊都", "url": "https://www.kaigokensaku.mhlw.go.jp/40/index.php?action_kouhyou_detail_004_kani=true&JigyosyoCd=4073501662-00&ServiceCd=170&Type=search", "url2": "https://oujyufukushikai.co.jp/service10/index.html" }, "geometry": { "type": "Point", "coordinates": [ 130.232755273754634, 33.568908370600681 ] } },
{ "type": "Feature", "properties": { "内容": "レンタル　丸屋　福岡西営業所【福祉用具貸与】福岡県糸島市前原北3丁目8番7号", "url": "https://www.kaigokensaku.mhlw.go.jp/40/index.php?action_kouhyou_detail_004_kani=true&JigyosyoCd=4073501100-00&ServiceCd=170&Type=search", "url2": "https://rental-maruya.com" }, "geometry": { "type": "Point", "coordinates": [ 130.20213190000004, 33.565925 ] } },
{ "type": "Feature", "properties": { "内容": "株式会社アース　福祉用具貸与事業【福祉用具貸与】福岡県糸島市志摩井田原59-10", "url": "https://www.kaigokensaku.mhlw.go.jp/40/index.php?action_kouhyou_detail_004_kani=true&JigyosyoCd=4073500805-00&ServiceCd=170&Type=search", "url2": "http://kaguranomori.com" }, "geometry": { "type": "Point", "coordinates": [ 130.184561, 33.5869163 ] } },
{ "type": "Feature", "properties": { "内容": "伊都ライフケア【福祉用具貸与】福岡県糸島市浦志２丁目２１－１７", "url": "https://www.kaigokensaku.mhlw.go.jp/40/index.php?action_kouhyou_detail_004_kani=true&JigyosyoCd=4073501357-00&ServiceCd=170&Type=search", "url2": "hp.kaipoke.biz/crf/" }, "geometry": { "type": "Point", "coordinates": [ 130.21040083845395, 33.561748111060155 ] } },
{ "type": "Feature", "properties": { "内容": "福祉用具のまんまるさん【福祉用具貸与】福岡県那珂川市市ノ瀬484-8", "url": "https://www.kaigokensaku.mhlw.go.jp/40/index.php?action_kouhyou_detail_004_kani=true&JigyosyoCd=4073700991-00&ServiceCd=170&Type=search", "url2": "marunoki-manmarus.jimdofree.com" }, "geometry": { "type": "Point", "coordinates": [ 130.428352600000011, 33.45620822120587 ] } },
{ "type": "Feature", "properties": { "内容": "ウェルファー・ケア【福祉用具貸与】福岡県那珂川市中原５丁目５１番地", "url": "https://www.kaigokensaku.mhlw.go.jp/40/index.php?action_kouhyou_detail_004_kani=true&JigyosyoCd=4073700488-00&ServiceCd=170&Type=search", "url2": null }, "geometry": { "type": "Point", "coordinates": [ 130.438572300000033, 33.509586 ] } },
{ "type": "Feature", "properties": { "内容": "九州医療サービス株式会社【福祉用具貸与】福岡県那珂川市今光1丁目91", "url": "https://www.kaigokensaku.mhlw.go.jp/40/index.php?action_kouhyou_detail_004_kani=true&JigyosyoCd=4073700090-00&ServiceCd=170&Type=search", "url2": null }, "geometry": { "type": "Point", "coordinates": [ 130.430698, 33.522081900000018 ] } },
{ "type": "Feature", "properties": { "内容": "株式会社　ヤエス　福岡営業所【福祉用具貸与】福岡県那珂川市五郎丸1丁目149-2", "url": "https://www.kaigokensaku.mhlw.go.jp/40/index.php?action_kouhyou_detail_004_kani=true&JigyosyoCd=4073700215-00&ServiceCd=170&Type=search", "url2": "http://www.yaesu.org" }, "geometry": { "type": "Point", "coordinates": [ 130.428356600000029, 33.5124188 ] } },
{ "type": "Feature", "properties": { "内容": "合同会社　K－スタイル【福祉用具貸与】福岡県那珂川市片縄北３丁目１１-３１", "url": "https://www.kaigokensaku.mhlw.go.jp/40/index.php?action_kouhyou_detail_004_kani=true&JigyosyoCd=4073700827-00&ServiceCd=170&Type=search", "url2": null }, "geometry": { "type": "Point", "coordinates": [ 130.422673799999984, 33.5233899 ] } },
{ "type": "Feature", "properties": { "内容": "有限会社　アクア【福祉用具貸与】福岡県那珂川市後野2丁目10番1号", "url": "https://www.kaigokensaku.mhlw.go.jp/40/index.php?action_kouhyou_detail_004_kani=true&JigyosyoCd=4073700348-00&ServiceCd=170&Type=search", "url2": null }, "geometry": { "type": "Point", "coordinates": [ 130.420974, 33.5087967 ] } },
{ "type": "Feature", "properties": { "内容": "ハンド【福祉用具貸与】福岡県糟屋郡宇美町光正寺3-2-16アネックス宇美101", "url": "https://www.kaigokensaku.mhlw.go.jp/40/index.php?action_kouhyou_detail_004_kani=true&JigyosyoCd=4073800767-00&ServiceCd=170&Type=search", "url2": null }, "geometry": { "type": "Point", "coordinates": [ 130.5016549, 33.5771412 ] } },
{ "type": "Feature", "properties": { "内容": "株式会社きさく工房【福祉用具貸与】福岡県糟屋郡宇美町障子岳南5丁目10番11号", "url": "https://www.kaigokensaku.mhlw.go.jp/40/index.php?action_kouhyou_detail_004_kani=true&JigyosyoCd=4073800239-00&ServiceCd=170&Type=search", "url2": "http://www.7a.biglobe.ne.jp/~kisaku" }, "geometry": { "type": "Point", "coordinates": [ 130.542759899999965, 33.5553665 ] } },
{ "type": "Feature", "properties": { "内容": "すこやか　レンタルサポート【福祉用具貸与】福岡県糟屋郡宇美町障子岳南2丁目22番10号", "url": "https://www.kaigokensaku.mhlw.go.jp/40/index.php?action_kouhyou_detail_004_kani=true&JigyosyoCd=4073800544-00&ServiceCd=170&Type=search", "url2": "http://www.medicare-umi.info/" }, "geometry": { "type": "Point", "coordinates": [ 130.5379461, 33.5618741 ] } },
{ "type": "Feature", "properties": { "内容": "アップルハート福岡福祉用具センター【福祉用具貸与】糟屋郡志免町大字南里11-5", "url": "https://www.kaigokensaku.mhlw.go.jp/40/index.php?action_kouhyou_detail_004_kani=true&JigyosyoCd=4070902244-00&ServiceCd=170&Type=search", "url2": "http//:www.aso.-group.co.jp/acs/bestablish.html" }, "geometry": { "type": "Point", "coordinates": [ 130.477719786508146, 33.593341263035086 ] } },
{ "type": "Feature", "properties": { "内容": "グリーンコープふくし用品サポート北九州【福祉用具貸与】福岡県遠賀郡水巻町頃末北1丁目16-15", "url": "https://www.kaigokensaku.mhlw.go.jp/40/index.php?action_kouhyou_detail_004_kani=true&JigyosyoCd=4075000606-00&ServiceCd=170&Type=search", "url2": null }, "geometry": { "type": "Point", "coordinates": [ 130.69340807182769, 33.852987121127491 ] } },
{ "type": "Feature", "properties": { "内容": "有限会社　ハートフル・トモヱ【福祉用具貸与】遠賀郡遠賀町広渡1581番地", "url": "https://www.kaigokensaku.mhlw.go.jp/40/index.php?action_kouhyou_detail_004_kani=true&JigyosyoCd=4075200206-00&ServiceCd=170&Type=search", "url2": "http://www.heartfull-tomoe.com/" }, "geometry": { "type": "Point", "coordinates": [ 130.676412199999959, 33.8502673 ] } },
{ "type": "Feature", "properties": { "内容": "福祉用具おおつか　遠賀営業所【福祉用具貸与】福岡県遠賀郡遠賀町大字今古賀520-3ミニモールおんがB棟", "url": "https://www.kaigokensaku.mhlw.go.jp/40/index.php?action_kouhyou_detail_004_kani=true&JigyosyoCd=4075200628-00&ServiceCd=170&Type=search", "url2": "http://otsuka-we.jp" }, "geometry": { "type": "Point", "coordinates": [ 130.667082876022761, 33.848269779506531 ] } },
{ "type": "Feature", "properties": { "内容": "有限会社　メイプル【福祉用具貸与】福岡県嘉穂郡桂川町大字土師28-105", "url": "https://www.kaigokensaku.mhlw.go.jp/40/index.php?action_kouhyou_detail_004_kani=true&JigyosyoCd=4075700189-00&ServiceCd=170&Type=search", "url2": null }, "geometry": { "type": "Point", "coordinates": [ 130.697169, 33.579064 ] } },
{ "type": "Feature", "properties": { "内容": "有限会社村山ブレイス【福祉用具貸与】福岡県朝倉郡筑前町依井532", "url": "https://www.kaigokensaku.mhlw.go.jp/40/index.php?action_kouhyou_detail_004_kani=true&JigyosyoCd=4076700170-00&ServiceCd=170&Type=search", "url2": null }, "geometry": { "type": "Point", "coordinates": [ 130.6440996, 33.4324222 ] } },
{ "type": "Feature", "properties": { "内容": "ケアポート香春福祉用具センター【福祉用具貸与】田川郡香春町大字柿下１３０２−１", "url": "https://www.kaigokensaku.mhlw.go.jp/40/index.php?action_kouhyou_detail_004_kani=true&JigyosyoCd=4079200574-00&ServiceCd=170&Type=search", "url2": "https://www.careportkawara.com/" }, "geometry": { "type": "Point", "coordinates": [ 130.8609432, 33.6540013 ] } },
{ "type": "Feature", "properties": { "内容": "ライフプラスりはなす【福祉用具貸与】福岡県田川郡糸田町2253-1", "url": "https://www.kaigokensaku.mhlw.go.jp/40/index.php?action_kouhyou_detail_004_kani=true&JigyosyoCd=4079500411-00&ServiceCd=170&Type=search", "url2": "http://www.reha-nurse.com/" }, "geometry": { "type": "Point", "coordinates": [ 130.779634981118733, 33.655810012904439 ] } },
{ "type": "Feature", "properties": { "内容": "ウェーブ。【福祉用具貸与】福岡県田川郡川崎町大字田原１１５番地４", "url": "https://www.kaigokensaku.mhlw.go.jp/40/index.php?action_kouhyou_detail_004_kani=true&JigyosyoCd=4079601037-00&ServiceCd=170&Type=search", "url2": null }, "geometry": { "type": "Point", "coordinates": [ 130.832552502113373, 33.605155169838433 ] } },
{ "type": "Feature", "properties": { "内容": "ＭＨ陽株式会社【福祉用具貸与】福岡県田川郡福智町赤池139-13", "url": "https://www.kaigokensaku.mhlw.go.jp/40/index.php?action_kouhyou_detail_004_kani=true&JigyosyoCd=4079400877-00&ServiceCd=170&Type=search", "url2": "https://mhharu.wordpress.com" }, "geometry": { "type": "Point", "coordinates": [ 130.7729932, 33.6929411 ] } },
{ "type": "Feature", "properties": { "内容": "有限会社ケンコー　介護ショップ吉富【福祉用具貸与】福岡県築上郡上毛町大字垂水351番地8", "url": "https://www.kaigokensaku.mhlw.go.jp/40/index.php?action_kouhyou_detail_004_kani=true&JigyosyoCd=4070000676-00&ServiceCd=170&Type=search", "url2": "http://www.kenko-kaigoshop.com" }, "geometry": { "type": "Point", "coordinates": [ 131.166988549560386, 33.582393885622032 ] } },
{ "type": "Feature", "properties": { "内容": "福祉用具　颯【福祉用具貸与】福岡県築上郡築上町大字東八田822-10", "url": "https://www.kaigokensaku.mhlw.go.jp/40/index.php?action_kouhyou_detail_004_kani=true&JigyosyoCd=4079800472-00&ServiceCd=170&Type=search", "url2": null }, "geometry": { "type": "Point", "coordinates": [ 131.044688348548902, 33.670287048519448 ] } }
]
}
