{
"type": "FeatureCollection",
"name": "geo_40_幼稚園",
"crs": { "type": "name", "properties": { "name": "urn:ogc:def:crs:EPSG::6668" } },
"features": [
{ "type": "Feature", "properties": { "P29_001": "40220", "P29_002": "A140110000015", "P29_003": "16011", "P29_004": "福岡教育大学附属幼稚園", "P29_005": "福岡県宗像市赤間文教町1-30", "P29_006": "1", "P29_007": "0", "P29_008": "00", "P29_009": null }, "geometry": { "type": "Point", "coordinates": [ 130.590457023878372, 33.810846213877298 ] } },
{ "type": "Feature", "properties": { "P29_001": "40106", "P29_002": "A140210000013", "P29_003": "16011", "P29_004": "北九州市立小倉幼稚園", "P29_005": "福岡県北九州市小倉北区堺町2-4-21", "P29_006": "3", "P29_007": "0", "P29_008": "00", "P29_009": null }, "geometry": { "type": "Point", "coordinates": [ 130.887150297184775, 33.882267611986812 ] } },
{ "type": "Feature", "properties": { "P29_001": "40109", "P29_002": "A140210000040", "P29_003": "16011", "P29_004": "北九州市立鷹の巣幼稚園", "P29_005": "福岡県北九州市八幡西区鷹の巣3-10-25", "P29_006": "3", "P29_007": "0", "P29_008": "00", "P29_009": null }, "geometry": { "type": "Point", "coordinates": [ 130.746230548093564, 33.853699955622517 ] } },
{ "type": "Feature", "properties": { "P29_001": "40216", "P29_002": "A140221600014", "P29_003": "16011", "P29_004": "小郡市立小郡幼稚園", "P29_005": "福岡県小郡市小郡1600-2", "P29_006": "3", "P29_007": "0", "P29_008": "00", "P29_009": null }, "geometry": { "type": "Point", "coordinates": [ 130.542986657218705, 33.394808359990726 ] } },
{ "type": "Feature", "properties": { "P29_001": "40217", "P29_002": "A140221700013", "P29_003": "16011", "P29_004": "筑紫野市立山家幼稚園", "P29_005": "福岡県筑紫野市大字山家4341", "P29_006": "3", "P29_007": "0", "P29_008": "00", "P29_009": null }, "geometry": { "type": "Point", "coordinates": [ 130.579788062355561, 33.485026485293361 ] } },
{ "type": "Feature", "properties": { "P29_001": "40224", "P29_002": "A140222400014", "P29_003": "16011", "P29_004": "福津市立神興幼稚園", "P29_005": "福岡県福津市東福間6-4-3", "P29_006": "3", "P29_007": "0", "P29_008": "00", "P29_009": null }, "geometry": { "type": "Point", "coordinates": [ 130.512925505307606, 33.779337435326838 ] } },
{ "type": "Feature", "properties": { "P29_001": "40226", "P29_002": "A140222600021", "P29_003": "16011", "P29_004": "宮若市立若宮幼稚園", "P29_005": "福岡県宮若市竹原5", "P29_006": "3", "P29_007": "0", "P29_008": "00", "P29_009": null }, "geometry": { "type": "Point", "coordinates": [ 130.623853789897026, 33.732848027687638 ] } },
{ "type": "Feature", "properties": { "P29_001": "40226", "P29_002": "A140222600030", "P29_003": "16011", "P29_004": "宮若市立宮田南幼稚園", "P29_005": "福岡県宮若市宮田3461", "P29_006": "3", "P29_007": "0", "P29_008": "00", "P29_009": null }, "geometry": { "type": "Point", "coordinates": [ 130.659203567663155, 33.722381420620202 ] } },
{ "type": "Feature", "properties": { "P29_001": "40231", "P29_002": "A140223100015", "P29_003": "16011", "P29_004": "岩戸幼稚園", "P29_005": "福岡県那珂川市西隈1-9-17", "P29_006": "3", "P29_007": "0", "P29_008": "00", "P29_009": null }, "geometry": { "type": "Point", "coordinates": [ 130.421355448259646, 33.500362940143205 ] } },
{ "type": "Feature", "properties": { "P29_001": "40342", "P29_002": "A140234200020", "P29_003": "16011", "P29_004": "篠栗町立勢門幼稚園", "P29_005": "福岡県糟屋郡篠栗町尾仲875", "P29_006": "3", "P29_007": "0", "P29_008": "00", "P29_009": null }, "geometry": { "type": "Point", "coordinates": [ 130.51815442952045, 33.615005526399834 ] } },
{ "type": "Feature", "properties": { "P29_001": "40344", "P29_002": "A140234400028", "P29_003": "16011", "P29_004": "須恵町立須恵南幼稚園", "P29_005": "福岡県糟屋郡須恵町上須恵964-3", "P29_006": "3", "P29_007": "0", "P29_008": "00", "P29_009": null }, "geometry": { "type": "Point", "coordinates": [ 130.514726174297095, 33.586104142584865 ] } },
{ "type": "Feature", "properties": { "P29_001": "40345", "P29_002": "A140234500018", "P29_003": "16011", "P29_004": "新宮町立立花幼稚園", "P29_005": "福岡県糟屋郡新宮町原上133-2", "P29_006": "3", "P29_007": "0", "P29_008": "00", "P29_009": null }, "geometry": { "type": "Point", "coordinates": [ 130.466456594694733, 33.689663253438418 ] } },
{ "type": "Feature", "properties": { "P29_001": "40345", "P29_002": "A140234500027", "P29_003": "16011", "P29_004": "新宮町立新宮幼稚園", "P29_005": "福岡県糟屋郡新宮町緑ヶ浜1-1-3", "P29_006": "3", "P29_007": "0", "P29_008": "00", "P29_009": null }, "geometry": { "type": "Point", "coordinates": [ 130.445180419735692, 33.714552294544895 ] } },
{ "type": "Feature", "properties": { "P29_001": "40345", "P29_002": "A140234500036", "P29_003": "16011", "P29_004": "新宮町立新宮東幼稚園", "P29_005": "福岡県糟屋郡新宮町新宮東4-7-16", "P29_006": "3", "P29_007": "0", "P29_008": "00", "P29_009": null }, "geometry": { "type": "Point", "coordinates": [ 130.452279985738016, 33.706425534049352 ] } },
{ "type": "Feature", "properties": { "P29_001": "40348", "P29_002": "A140234800015", "P29_003": "16011", "P29_004": "久山町立けやきの森幼稚園", "P29_005": "福岡県糟屋郡久山町大字山田3155-1", "P29_006": "3", "P29_007": "0", "P29_008": "00", "P29_009": null }, "geometry": { "type": "Point", "coordinates": [ 130.497016060201162, 33.660462767629937 ] } },
{ "type": "Feature", "properties": { "P29_001": "40349", "P29_002": "A140234900014", "P29_003": "16011", "P29_004": "粕屋町立大川幼稚園", "P29_005": "福岡県糟屋郡粕屋町戸原東2-21-1", "P29_006": "3", "P29_007": "0", "P29_008": "00", "P29_009": null }, "geometry": { "type": "Point", "coordinates": [ 130.476174343948543, 33.623672118245508 ] } },
{ "type": "Feature", "properties": { "P29_001": "40349", "P29_002": "A140234900023", "P29_003": "16011", "P29_004": "粕屋町立仲原幼稚園", "P29_005": "福岡県糟屋郡粕屋町大字甲仲原2-4-28", "P29_006": "3", "P29_007": "0", "P29_008": "00", "P29_009": null }, "geometry": { "type": "Point", "coordinates": [ 130.472223232175423, 33.605086141554629 ] } },
{ "type": "Feature", "properties": { "P29_001": "40349", "P29_002": "A140234900032", "P29_003": "16011", "P29_004": "粕屋町立西幼稚園", "P29_005": "福岡県糟屋郡粕屋町大字仲原2461", "P29_006": "3", "P29_007": "0", "P29_008": "00", "P29_009": null }, "geometry": { "type": "Point", "coordinates": [ 130.455923257209378, 33.613383398006491 ] } },
{ "type": "Feature", "properties": { "P29_001": "40349", "P29_002": "A140234900041", "P29_003": "16011", "P29_004": "粕屋町立中央幼稚園", "P29_005": "福岡県糟屋郡粕屋町若宮2-2-1", "P29_006": "3", "P29_007": "0", "P29_008": "00", "P29_009": null }, "geometry": { "type": "Point", "coordinates": [ 130.474832056554391, 33.615334601092052 ] } },
{ "type": "Feature", "properties": { "P29_001": "40605", "P29_002": "A140260500013", "P29_003": "16011", "P29_004": "川崎町立川崎幼稚園", "P29_005": "福岡県田川郡川崎町大字川崎1719-1", "P29_006": "3", "P29_007": "0", "P29_008": "00", "P29_009": null }, "geometry": { "type": "Point", "coordinates": [ 130.8148516374807, 33.59663312916603 ] } },
{ "type": "Feature", "properties": { "P29_001": "40642", "P29_002": "A140264200018", "P29_003": "16011", "P29_004": "吉富町立吉富幼稚園", "P29_005": "福岡県築上郡吉富町今吉21-1", "P29_006": "3", "P29_007": "0", "P29_008": "00", "P29_009": null }, "geometry": { "type": "Point", "coordinates": [ 131.16973243615206, 33.602043839437492 ] } },
{ "type": "Feature", "properties": { "P29_001": "40101", "P29_002": "A140310000020", "P29_003": "16011", "P29_004": "門司聖母幼稚園", "P29_005": "福岡県北九州市門司区別院1-21", "P29_006": "4", "P29_007": "0", "P29_008": "00", "P29_009": null }, "geometry": { "type": "Point", "coordinates": [ 130.931410262191832, 33.895800470663993 ] } },
{ "type": "Feature", "properties": { "P29_001": "40101", "P29_002": "A140310000039", "P29_003": "16011", "P29_004": "あけぼの幼稚園", "P29_005": "福岡県北九州市門司区猿喰古新地下939-13", "P29_006": "4", "P29_007": "0", "P29_008": "00", "P29_009": null }, "geometry": { "type": "Point", "coordinates": [ 130.979610434659662, 33.891052238731781 ] } },
{ "type": "Feature", "properties": { "P29_001": "40101", "P29_002": "A140310000048", "P29_003": "16011", "P29_004": "愛光幼稚園", "P29_005": "福岡県北九州市門司区老松町12-3", "P29_006": "4", "P29_007": "0", "P29_008": "00", "P29_009": null }, "geometry": { "type": "Point", "coordinates": [ 130.97162789121171, 33.948049313810337 ] } },
{ "type": "Feature", "properties": { "P29_001": "40101", "P29_002": "A140310000057", "P29_003": "16011", "P29_004": "門司幼稚園", "P29_005": "福岡県北九州市門司区谷町1-8-3", "P29_006": "4", "P29_007": "0", "P29_008": "00", "P29_009": null }, "geometry": { "type": "Point", "coordinates": [ 130.978535072694825, 33.944971564322593 ] } },
{ "type": "Feature", "properties": { "P29_001": "40101", "P29_002": "A140310000075", "P29_003": "16011", "P29_004": "門司こばと幼稚園", "P29_005": "福岡県北九州市門司区東新町1-9-21", "P29_006": "4", "P29_007": "0", "P29_008": "00", "P29_009": null }, "geometry": { "type": "Point", "coordinates": [ 130.924968252196976, 33.893330176741991 ] } },
{ "type": "Feature", "properties": { "P29_001": "40101", "P29_002": "A140310000084", "P29_003": "16011", "P29_004": "西門司幼稚園", "P29_005": "福岡県北九州市門司区杜ノ木1-14-8", "P29_006": "4", "P29_007": "0", "P29_008": "00", "P29_009": null }, "geometry": { "type": "Point", "coordinates": [ 130.927299455826443, 33.893564591622308 ] } },
{ "type": "Feature", "properties": { "P29_001": "40101", "P29_002": "A140310000093", "P29_003": "16011", "P29_004": "日の丸幼稚園", "P29_005": "福岡県北九州市門司区大里戸ノ上2-3-37", "P29_006": "4", "P29_007": "0", "P29_008": "00", "P29_009": null }, "geometry": { "type": "Point", "coordinates": [ 130.940843684026277, 33.90571420262777 ] } },
{ "type": "Feature", "properties": { "P29_001": "40101", "P29_002": "A140310000100", "P29_003": "16011", "P29_004": "幸幼稚園", "P29_005": "福岡県北九州市門司区老松町7-3", "P29_006": "4", "P29_007": "0", "P29_008": "00", "P29_009": null }, "geometry": { "type": "Point", "coordinates": [ 130.969178146664575, 33.945748939013917 ] } },
{ "type": "Feature", "properties": { "P29_001": "40101", "P29_002": "A140310000119", "P29_003": "16011", "P29_004": "敬愛幼稚園", "P29_005": "福岡県北九州市門司区別院6-1", "P29_006": "4", "P29_007": "0", "P29_008": "00", "P29_009": null }, "geometry": { "type": "Point", "coordinates": [ 130.933800957515189, 33.89455628977624 ] } },
{ "type": "Feature", "properties": { "P29_001": "40101", "P29_002": "A140310000128", "P29_003": "16011", "P29_004": "東郷瞳幼稚園", "P29_005": "福岡県北九州市門司区白野江1-18-7", "P29_006": "4", "P29_007": "0", "P29_008": "00", "P29_009": null }, "geometry": { "type": "Point", "coordinates": [ 131.005413549101604, 33.9335653801079 ] } },
{ "type": "Feature", "properties": { "P29_001": "40103", "P29_002": "A140310000137", "P29_003": "16011", "P29_004": "高須幼稚園", "P29_005": "福岡県北九州市若松区高須東4-12-40", "P29_006": "4", "P29_007": "0", "P29_008": "00", "P29_009": null }, "geometry": { "type": "Point", "coordinates": [ 130.692517074232256, 33.891057410594073 ] } },
{ "type": "Feature", "properties": { "P29_001": "40103", "P29_002": "A140310000146", "P29_003": "16011", "P29_004": "神愛幼稚園", "P29_005": "福岡県北九州市若松区栄盛川町9-1", "P29_006": "4", "P29_007": "0", "P29_008": "00", "P29_009": null }, "geometry": { "type": "Point", "coordinates": [ 130.800100363861247, 33.911938788086381 ] } },
{ "type": "Feature", "properties": { "P29_001": "40103", "P29_002": "A140310000155", "P29_003": "16011", "P29_004": "若松天使園幼稚園", "P29_005": "福岡県北九州市若松区白山1-9-50", "P29_006": "4", "P29_007": "0", "P29_008": "00", "P29_009": null }, "geometry": { "type": "Point", "coordinates": [ 130.805070753117548, 33.902832077817436 ] } },
{ "type": "Feature", "properties": { "P29_001": "40103", "P29_002": "A140310000164", "P29_003": "16011", "P29_004": "浜町幼稚園", "P29_005": "福岡県北九州市若松区北浜1-1-25", "P29_006": "4", "P29_007": "0", "P29_008": "00", "P29_009": null }, "geometry": { "type": "Point", "coordinates": [ 130.811826002421043, 33.908202150830476 ] } },
{ "type": "Feature", "properties": { "P29_001": "40103", "P29_002": "A140310000173", "P29_003": "16011", "P29_004": "学校法人百華学園精華幼稚園", "P29_005": "福岡県北九州市若松区和田町13-12", "P29_006": "4", "P29_007": "0", "P29_008": "00", "P29_009": null }, "geometry": { "type": "Point", "coordinates": [ 130.791488381135423, 33.892602366296153 ] } },
{ "type": "Feature", "properties": { "P29_001": "40103", "P29_002": "A140310000182", "P29_003": "16011", "P29_004": "小石幼稚園", "P29_005": "福岡県北九州市若松区棚田町11-28", "P29_006": "4", "P29_007": "0", "P29_008": "00", "P29_009": null }, "geometry": { "type": "Point", "coordinates": [ 130.789465110160194, 33.914620105303243 ] } },
{ "type": "Feature", "properties": { "P29_001": "40103", "P29_002": "A140310000191", "P29_003": "16011", "P29_004": "日吉幼稚園", "P29_005": "福岡県北九州市若松区東二島2-16-6", "P29_006": "4", "P29_007": "0", "P29_008": "00", "P29_009": null }, "geometry": { "type": "Point", "coordinates": [ 130.756482881533714, 33.889164924058733 ] } },
{ "type": "Feature", "properties": { "P29_001": "40103", "P29_002": "A140310000226", "P29_003": "16011", "P29_004": "顕照寺朝日ヶ丘幼稚園", "P29_005": "福岡県北九州市若松区大字頓田594-4", "P29_006": "4", "P29_007": "0", "P29_008": "00", "P29_009": null }, "geometry": { "type": "Point", "coordinates": [ 130.734906620205692, 33.898763275998228 ] } },
{ "type": "Feature", "properties": { "P29_001": "40103", "P29_002": "A140310000235", "P29_003": "16011", "P29_004": "若松青葉幼稚園", "P29_005": "福岡県北九州市若松区青葉台西1-3-1", "P29_006": "4", "P29_007": "0", "P29_008": "00", "P29_009": null }, "geometry": { "type": "Point", "coordinates": [ 130.687995926863636, 33.900546573405165 ] } },
{ "type": "Feature", "properties": { "P29_001": "40105", "P29_002": "A140310000244", "P29_003": "16011", "P29_004": "戸畑天使園幼稚園", "P29_005": "福岡県北九州市戸畑区千防1-11-22", "P29_006": "4", "P29_007": "0", "P29_008": "00", "P29_009": null }, "geometry": { "type": "Point", "coordinates": [ 130.83100291740547, 33.894922363448629 ] } },
{ "type": "Feature", "properties": { "P29_001": "40105", "P29_002": "A140310000253", "P29_003": "16011", "P29_004": "明泉寺幼稚園", "P29_005": "福岡県北九州市戸畑区正津町1-9", "P29_006": "4", "P29_007": "0", "P29_008": "00", "P29_009": null }, "geometry": { "type": "Point", "coordinates": [ 130.830392926572728, 33.89137009164557 ] } },
{ "type": "Feature", "properties": { "P29_001": "40105", "P29_002": "A140310000262", "P29_003": "16011", "P29_004": "教学寺幼稚園", "P29_005": "福岡県北九州市戸畑区新池2-10-1", "P29_006": "4", "P29_007": "0", "P29_008": "00", "P29_009": null }, "geometry": { "type": "Point", "coordinates": [ 130.826543913663329, 33.89703370275668 ] } },
{ "type": "Feature", "properties": { "P29_001": "40105", "P29_002": "A140310000271", "P29_003": "16011", "P29_004": "宝福寺幼稚園", "P29_005": "福岡県北九州市戸畑区中原西1-3-23", "P29_006": "4", "P29_007": "0", "P29_008": "00", "P29_009": null }, "geometry": { "type": "Point", "coordinates": [ 130.839573823587955, 33.897750495710028 ] } },
{ "type": "Feature", "properties": { "P29_001": "40105", "P29_002": "A140310000280", "P29_003": "16011", "P29_004": "第二明泉寺幼稚園", "P29_005": "福岡県北九州市戸畑区西大谷1-9-52", "P29_006": "4", "P29_007": "0", "P29_008": "00", "P29_009": null }, "geometry": { "type": "Point", "coordinates": [ 130.825256227956572, 33.880687789186332 ] } },
{ "type": "Feature", "properties": { "P29_001": "40106", "P29_002": "A140310000306", "P29_003": "16011", "P29_004": "認定こども園東筑紫短期大学附属幼稚園", "P29_005": "福岡県北九州市小倉北区下到津5-3-14", "P29_006": "4", "P29_007": "0", "P29_008": "00", "P29_009": null }, "geometry": { "type": "Point", "coordinates": [ 130.858211374754262, 33.876065833292046 ] } },
{ "type": "Feature", "properties": { "P29_001": "40106", "P29_002": "A140310000315", "P29_003": "16011", "P29_004": "小倉カトリック幼稚園", "P29_005": "福岡県北九州市小倉北区昭和町14-7", "P29_006": "4", "P29_007": "0", "P29_008": "00", "P29_009": null }, "geometry": { "type": "Point", "coordinates": [ 130.877919558316762, 33.872870721848507 ] } },
{ "type": "Feature", "properties": { "P29_001": "40106", "P29_002": "A140310000324", "P29_003": "16011", "P29_004": "聖ケ丘幼稚園", "P29_005": "福岡県北九州市小倉北区清水4-5-1", "P29_006": "4", "P29_007": "0", "P29_008": "00", "P29_009": null }, "geometry": { "type": "Point", "coordinates": [ 130.857713723341675, 33.87172591637426 ] } },
{ "type": "Feature", "properties": { "P29_001": "40106", "P29_002": "A140310000333", "P29_003": "16011", "P29_004": "学校法人あおば学園あおば幼稚園", "P29_005": "福岡県北九州市小倉北区上富野3-9-32", "P29_006": "4", "P29_007": "0", "P29_008": "00", "P29_009": null }, "geometry": { "type": "Point", "coordinates": [ 130.900748543759846, 33.88535587459755 ] } },
{ "type": "Feature", "properties": { "P29_001": "40106", "P29_002": "A140310000342", "P29_003": "16011", "P29_004": "あかつき幼稚園", "P29_005": "福岡県北九州市小倉北区黄金2-8-31", "P29_006": "4", "P29_007": "0", "P29_008": "00", "P29_009": null }, "geometry": { "type": "Point", "coordinates": [ 130.879183410417681, 33.86933164615678 ] } },
{ "type": "Feature", "properties": { "P29_001": "40106", "P29_002": "A140310000351", "P29_003": "16011", "P29_004": "いづみ幼稚園", "P29_005": "福岡県北九州市小倉北区三郎丸3-10-36", "P29_006": "4", "P29_007": "0", "P29_008": "00", "P29_009": null }, "geometry": { "type": "Point", "coordinates": [ 130.886176510853062, 33.866012971207894 ] } },
{ "type": "Feature", "properties": { "P29_001": "40106", "P29_002": "A140310000360", "P29_003": "16011", "P29_004": "森林幼稚園", "P29_005": "福岡県北九州市小倉北区妙見町1-32", "P29_006": "4", "P29_007": "0", "P29_008": "00", "P29_009": null }, "geometry": { "type": "Point", "coordinates": [ 130.902750239046782, 33.868132395864016 ] } },
{ "type": "Feature", "properties": { "P29_001": "40106", "P29_002": "A140310000379", "P29_003": "16011", "P29_004": "栄美幼稚園", "P29_005": "福岡県北九州市小倉北区上富野3-17-10", "P29_006": "4", "P29_007": "0", "P29_008": "00", "P29_009": null }, "geometry": { "type": "Point", "coordinates": [ 130.902791068425955, 33.885105629159476 ] } },
{ "type": "Feature", "properties": { "P29_001": "40106", "P29_002": "A140310000388", "P29_003": "16011", "P29_004": "富野幼稚園", "P29_005": "福岡県北九州市小倉北区下富野3-5-6", "P29_006": "4", "P29_007": "0", "P29_008": "00", "P29_009": null }, "geometry": { "type": "Point", "coordinates": [ 130.894843668852189, 33.879976553373133 ] } },
{ "type": "Feature", "properties": { "P29_001": "40106", "P29_002": "A140310000397", "P29_003": "16011", "P29_004": "木町幼稚園", "P29_005": "福岡県北九州市小倉北区原町2-7-6", "P29_006": "4", "P29_007": "0", "P29_008": "00", "P29_009": null }, "geometry": { "type": "Point", "coordinates": [ 130.865229726785287, 33.874244913590772 ] } },
{ "type": "Feature", "properties": { "P29_001": "40106", "P29_002": "A140310000404", "P29_003": "16011", "P29_004": "天心幼稚園", "P29_005": "福岡県北九州市小倉北区清水2-7-1", "P29_006": "4", "P29_007": "0", "P29_008": "00", "P29_009": null }, "geometry": { "type": "Point", "coordinates": [ 130.861265585189869, 33.874820887088553 ] } },
{ "type": "Feature", "properties": { "P29_001": "40106", "P29_002": "A140310000413", "P29_003": "16011", "P29_004": "おひさま幼稚園", "P29_005": "福岡県北九州市小倉北区竪町1-2-13", "P29_006": "4", "P29_007": "0", "P29_008": "00", "P29_009": null }, "geometry": { "type": "Point", "coordinates": [ 130.869730434937964, 33.886486706525027 ] } },
{ "type": "Feature", "properties": { "P29_001": "40106", "P29_002": "A140310000422", "P29_003": "16011", "P29_004": "光沢寺中井幼稚園", "P29_005": "福岡県北九州市小倉北区中井2-17-36", "P29_006": "4", "P29_007": "0", "P29_008": "00", "P29_009": null }, "geometry": { "type": "Point", "coordinates": [ 130.84981958736941, 33.890280628495994 ] } },
{ "type": "Feature", "properties": { "P29_001": "40106", "P29_002": "A140310000431", "P29_003": "16011", "P29_004": "霧ケ丘幼稚園", "P29_005": "福岡県北九州市小倉北区霧ヶ丘1-1-13", "P29_006": "4", "P29_007": "0", "P29_008": "00", "P29_009": null }, "geometry": { "type": "Point", "coordinates": [ 130.897532655145341, 33.857996772052161 ] } },
{ "type": "Feature", "properties": { "P29_001": "40107", "P29_002": "A140310000440", "P29_003": "16011", "P29_004": "でんき幼稚園", "P29_005": "福岡県北九州市小倉南区蜷田若園1-2-24", "P29_006": "4", "P29_007": "0", "P29_008": "00", "P29_009": null }, "geometry": { "type": "Point", "coordinates": [ 130.887907119311592, 33.84363192623772 ] } },
{ "type": "Feature", "properties": { "P29_001": "40107", "P29_002": "A140310000468", "P29_003": "16011", "P29_004": "清和幼稚園", "P29_005": "福岡県北九州市小倉南区湯川3-3-30", "P29_006": "4", "P29_007": "0", "P29_008": "00", "P29_009": null }, "geometry": { "type": "Point", "coordinates": [ 130.901551796718309, 33.848037605243839 ] } },
{ "type": "Feature", "properties": { "P29_001": "40107", "P29_002": "A140310000486", "P29_003": "16011", "P29_004": "むつみ幼稚園", "P29_005": "福岡県北九州市小倉南区葛原東4-3-38", "P29_006": "4", "P29_007": "0", "P29_008": "00", "P29_009": null }, "geometry": { "type": "Point", "coordinates": [ 130.93309997976263, 33.836055270052441 ] } },
{ "type": "Feature", "properties": { "P29_001": "40107", "P29_002": "A140310000495", "P29_003": "16011", "P29_004": "わしみね幼稚園", "P29_005": "福岡県北九州市小倉南区蒲生2-8-6", "P29_006": "4", "P29_007": "0", "P29_008": "00", "P29_009": null }, "geometry": { "type": "Point", "coordinates": [ 130.864781256205191, 33.846842610794646 ] } },
{ "type": "Feature", "properties": { "P29_001": "40107", "P29_002": "A140310000501", "P29_003": "16011", "P29_004": "山の手学院幼稚園", "P29_005": "福岡県北九州市小倉南区徳力新町2-3-32", "P29_006": "4", "P29_007": "0", "P29_008": "00", "P29_009": null }, "geometry": { "type": "Point", "coordinates": [ 130.868058066458815, 33.834744757522088 ] } },
{ "type": "Feature", "properties": { "P29_001": "40107", "P29_002": "A140310000510", "P29_003": "16011", "P29_004": "学校法人ゆうゆう学園吉田幼稚園", "P29_005": "福岡県北九州市小倉南区上吉田2-18-33", "P29_006": "4", "P29_007": "0", "P29_008": "00", "P29_009": null }, "geometry": { "type": "Point", "coordinates": [ 130.94959580358946, 33.855399101100865 ] } },
{ "type": "Feature", "properties": { "P29_001": "40107", "P29_002": "A140310000529", "P29_003": "16011", "P29_004": "お宮の里幼稚園", "P29_005": "福岡県北九州市小倉南区沼本町4-18-5", "P29_006": "4", "P29_007": "0", "P29_008": "00", "P29_009": null }, "geometry": { "type": "Point", "coordinates": [ 130.946130117048682, 33.848879142674136 ] } },
{ "type": "Feature", "properties": { "P29_001": "40107", "P29_002": "A140310000538", "P29_003": "16011", "P29_004": "徳力団地幼稚園", "P29_005": "福岡県北九州市小倉南区徳力団地1-2", "P29_006": "4", "P29_007": "0", "P29_008": "00", "P29_009": null }, "geometry": { "type": "Point", "coordinates": [ 130.865125859434329, 33.831566318300908 ] } },
{ "type": "Feature", "properties": { "P29_001": "40107", "P29_002": "A140310000547", "P29_003": "16011", "P29_004": "曽根ひかり幼稚園", "P29_005": "福岡県北九州市小倉南区中曽根1-7-1", "P29_006": "4", "P29_007": "0", "P29_008": "00", "P29_009": null }, "geometry": { "type": "Point", "coordinates": [ 130.937800033657226, 33.82626904314828 ] } },
{ "type": "Feature", "properties": { "P29_001": "40107", "P29_002": "A140310000556", "P29_003": "16011", "P29_004": "志徳幼稚園", "P29_005": "福岡県北九州市小倉南区徳力4-26-10", "P29_006": "4", "P29_007": "0", "P29_008": "00", "P29_009": null }, "geometry": { "type": "Point", "coordinates": [ 130.871805879822887, 33.82380155317167 ] } },
{ "type": "Feature", "properties": { "P29_001": "40107", "P29_002": "A140310000565", "P29_003": "16011", "P29_004": "学校法人恵光学園くさみ幼稚園", "P29_005": "福岡県北九州市小倉南区朽網東3-2-10", "P29_006": "4", "P29_007": "0", "P29_008": "00", "P29_009": null }, "geometry": { "type": "Point", "coordinates": [ 130.957818737137842, 33.803717948776359 ] } },
{ "type": "Feature", "properties": { "P29_001": "40107", "P29_002": "A140310000574", "P29_003": "16011", "P29_004": "フレンズ幼稚園", "P29_005": "福岡県北九州市小倉南区東貫1-15-3", "P29_006": "4", "P29_007": "0", "P29_008": "00", "P29_009": null }, "geometry": { "type": "Point", "coordinates": [ 130.934866254725392, 33.821415165287476 ] } },
{ "type": "Feature", "properties": { "P29_001": "40107", "P29_002": "A140310000583", "P29_003": "16011", "P29_004": "星和台幼稚園", "P29_005": "福岡県北九州市小倉南区星和台1-6-1", "P29_006": "4", "P29_007": "0", "P29_008": "00", "P29_009": null }, "geometry": { "type": "Point", "coordinates": [ 130.879264821131784, 33.83319003688203 ] } },
{ "type": "Feature", "properties": { "P29_001": "40107", "P29_002": "A140310000592", "P29_003": "16011", "P29_004": "志井幼稚園", "P29_005": "福岡県北九州市小倉南区志井6-19-1", "P29_006": "4", "P29_007": "0", "P29_008": "00", "P29_009": null }, "geometry": { "type": "Point", "coordinates": [ 130.878133643826146, 33.817107973655105 ] } },
{ "type": "Feature", "properties": { "P29_001": "40107", "P29_002": "A140310000609", "P29_003": "16011", "P29_004": "石原幼稚園", "P29_005": "福岡県北九州市小倉南区大字石原町146-1", "P29_006": "4", "P29_007": "0", "P29_008": "00", "P29_009": null }, "geometry": { "type": "Point", "coordinates": [ 130.863843265146414, 33.786701549535081 ] } },
{ "type": "Feature", "properties": { "P29_001": "40107", "P29_002": "A140310000618", "P29_003": "16011", "P29_004": "長行幼稚園", "P29_005": "福岡県北九州市小倉南区長行西4-12-1", "P29_006": "4", "P29_007": "0", "P29_008": "00", "P29_009": null }, "geometry": { "type": "Point", "coordinates": [ 130.851447061792328, 33.813630991626979 ] } },
{ "type": "Feature", "properties": { "P29_001": "40107", "P29_002": "A140310000627", "P29_003": "16011", "P29_004": "こども園きっずこくらみなみ", "P29_005": "福岡県北九州市小倉南区南方3-23-5", "P29_006": "4", "P29_007": "0", "P29_008": "00", "P29_009": null }, "geometry": { "type": "Point", "coordinates": [ 130.859189664831035, 33.832261198894898 ] } },
{ "type": "Feature", "properties": { "P29_001": "40108", "P29_002": "A140310000636", "P29_003": "16011", "P29_004": "高見幼稚園", "P29_005": "福岡県北九州市八幡東区川淵町3-23", "P29_006": "4", "P29_007": "0", "P29_008": "00", "P29_009": null }, "geometry": { "type": "Point", "coordinates": [ 130.836779080815745, 33.8674369258122 ] } },
{ "type": "Feature", "properties": { "P29_001": "40108", "P29_002": "A140310000645", "P29_003": "16011", "P29_004": "八幡カトリック幼稚園", "P29_005": "福岡県北九州市八幡東区八王寺町1-40", "P29_006": "4", "P29_007": "0", "P29_008": "00", "P29_009": null }, "geometry": { "type": "Point", "coordinates": [ 130.842474375455765, 33.87096606767637 ] } },
{ "type": "Feature", "properties": { "P29_001": "40108", "P29_002": "A140310000654", "P29_003": "16011", "P29_004": "学校法人三島学園乳山幼稚園", "P29_005": "福岡県北九州市八幡東区大蔵2-18-8", "P29_006": "4", "P29_007": "0", "P29_008": "00", "P29_009": null }, "geometry": { "type": "Point", "coordinates": [ 130.819427721909506, 33.861719607136628 ] } },
{ "type": "Feature", "properties": { "P29_001": "40108", "P29_002": "A140310000663", "P29_003": "16011", "P29_004": "済世第一幼稚園", "P29_005": "福岡県北九州市八幡東区前田3-4-6", "P29_006": "4", "P29_007": "0", "P29_008": "00", "P29_009": null }, "geometry": { "type": "Point", "coordinates": [ 130.78749459544477, 33.866701642603239 ] } },
{ "type": "Feature", "properties": { "P29_001": "40108", "P29_002": "A140310000672", "P29_003": "16011", "P29_004": "尾倉幼稚園", "P29_005": "福岡県北九州市八幡東区尾倉3-8-2", "P29_006": "4", "P29_007": "0", "P29_008": "00", "P29_009": null }, "geometry": { "type": "Point", "coordinates": [ 130.796649930441419, 33.863378184554428 ] } },
{ "type": "Feature", "properties": { "P29_001": "40108", "P29_002": "A140310000690", "P29_003": "16011", "P29_004": "華頂幼稚園", "P29_005": "福岡県北九州市八幡東区春の町3-2-2", "P29_006": "4", "P29_007": "0", "P29_008": "00", "P29_009": null }, "geometry": { "type": "Point", "coordinates": [ 130.801592686840763, 33.865754874901 ] } },
{ "type": "Feature", "properties": { "P29_001": "40108", "P29_002": "A140310000707", "P29_003": "16011", "P29_004": "槻田くるみ幼稚園", "P29_005": "福岡県北九州市八幡東区山路2-11-27", "P29_006": "4", "P29_007": "0", "P29_008": "00", "P29_009": null }, "geometry": { "type": "Point", "coordinates": [ 130.833514045710643, 33.852829453186736 ] } },
{ "type": "Feature", "properties": { "P29_001": "40109", "P29_002": "A140310000716", "P29_003": "16011", "P29_004": "本城西幼稚園", "P29_005": "福岡県北九州市八幡西区本城1-15-2", "P29_006": "4", "P29_007": "0", "P29_008": "00", "P29_009": null }, "geometry": { "type": "Point", "coordinates": [ 130.729548573658349, 33.880084256829946 ] } },
{ "type": "Feature", "properties": { "P29_001": "40109", "P29_002": "A140310000725", "P29_003": "16011", "P29_004": "愛真幼稚園", "P29_005": "福岡県北九州市八幡西区日吉台1-1-25", "P29_006": "4", "P29_007": "0", "P29_008": "00", "P29_009": null }, "geometry": { "type": "Point", "coordinates": [ 130.705698805085916, 33.859698663719314 ] } },
{ "type": "Feature", "properties": { "P29_001": "40109", "P29_002": "A140310000734", "P29_003": "16011", "P29_004": "九州女子大学附属折尾幼稚園", "P29_005": "福岡県北九州市八幡西区北鷹見町5-10", "P29_006": "4", "P29_007": "0", "P29_008": "00", "P29_009": null }, "geometry": { "type": "Point", "coordinates": [ 130.716454174058271, 33.863541039414145 ] } },
{ "type": "Feature", "properties": { "P29_001": "40109", "P29_002": "A140310000752", "P29_003": "16011", "P29_004": "楠橋幼稚園", "P29_005": "福岡県北九州市八幡西区楠橋下方1-1-13", "P29_006": "4", "P29_007": "0", "P29_008": "00", "P29_009": null }, "geometry": { "type": "Point", "coordinates": [ 130.729177201957043, 33.792716283335359 ] } },
{ "type": "Feature", "properties": { "P29_001": "40109", "P29_002": "A140310000770", "P29_003": "16011", "P29_004": "こじか幼稚園", "P29_005": "福岡県北九州市八幡西区幸神4-1-9", "P29_006": "4", "P29_007": "0", "P29_008": "00", "P29_009": null }, "geometry": { "type": "Point", "coordinates": [ 130.761385656103641, 33.855287061542782 ] } },
{ "type": "Feature", "properties": { "P29_001": "40109", "P29_002": "A140310000789", "P29_003": "16011", "P29_004": "学校法人モンカルカ学園緑ケ丘幼稚園", "P29_005": "福岡県北九州市八幡西区上の原2-4-37", "P29_006": "4", "P29_007": "0", "P29_008": "00", "P29_009": null }, "geometry": { "type": "Point", "coordinates": [ 130.756752378970816, 33.836389810061718 ] } },
{ "type": "Feature", "properties": { "P29_001": "40109", "P29_002": "A140310000798", "P29_003": "16011", "P29_004": "成松幼稚園", "P29_005": "福岡県北九州市八幡西区清納2-3-21", "P29_006": "4", "P29_007": "0", "P29_008": "00", "P29_009": null }, "geometry": { "type": "Point", "coordinates": [ 130.777148639165631, 33.860859256495459 ] } },
{ "type": "Feature", "properties": { "P29_001": "40109", "P29_002": "A140310000805", "P29_003": "16011", "P29_004": "済世第二幼稚園", "P29_005": "福岡県北九州市八幡西区幸神3-8-8", "P29_006": "4", "P29_007": "0", "P29_008": "00", "P29_009": null }, "geometry": { "type": "Point", "coordinates": [ 130.76253445367422, 33.852918802826743 ] } },
{ "type": "Feature", "properties": { "P29_001": "40109", "P29_002": "A140310000814", "P29_003": "16011", "P29_004": "上津役幼稚園", "P29_005": "福岡県北九州市八幡西区上上津役4-18-7", "P29_006": "4", "P29_007": "0", "P29_008": "00", "P29_009": null }, "geometry": { "type": "Point", "coordinates": [ 130.757947442621457, 33.826495243137522 ] } },
{ "type": "Feature", "properties": { "P29_001": "40109", "P29_002": "A140310000823", "P29_003": "16011", "P29_004": "穴生幼稚園", "P29_005": "福岡県北九州市八幡西区穴生1-10-22", "P29_006": "4", "P29_007": "0", "P29_008": "00", "P29_009": null }, "geometry": { "type": "Point", "coordinates": [ 130.745203307932513, 33.859155105131549 ] } },
{ "type": "Feature", "properties": { "P29_001": "40109", "P29_002": "A140310000832", "P29_003": "16011", "P29_004": "八幡みなみ幼稚園", "P29_005": "福岡県北九州市八幡西区永犬丸5-10-35", "P29_006": "4", "P29_007": "0", "P29_008": "00", "P29_009": null }, "geometry": { "type": "Point", "coordinates": [ 130.732863854049668, 33.837565446825479 ] } },
{ "type": "Feature", "properties": { "P29_001": "40109", "P29_002": "A140310000841", "P29_003": "16011", "P29_004": "緑ケ丘第二幼稚園", "P29_005": "福岡県北九州市八幡西区相生町11-5", "P29_006": "4", "P29_007": "0", "P29_008": "00", "P29_009": null }, "geometry": { "type": "Point", "coordinates": [ 130.749554751864792, 33.84676994090001 ] } },
{ "type": "Feature", "properties": { "P29_001": "40109", "P29_002": "A140310000869", "P29_003": "16011", "P29_004": "あかね幼稚園", "P29_005": "福岡県北九州市八幡西区池田2-3-27", "P29_006": "4", "P29_007": "0", "P29_008": "00", "P29_009": null }, "geometry": { "type": "Point", "coordinates": [ 130.747048556028858, 33.799958020745159 ] } },
{ "type": "Feature", "properties": { "P29_001": "40109", "P29_002": "A140310000878", "P29_003": "16011", "P29_004": "第二文化幼稚園", "P29_005": "福岡県北九州市八幡西区的場町20-12", "P29_006": "4", "P29_007": "0", "P29_008": "00", "P29_009": null }, "geometry": { "type": "Point", "coordinates": [ 130.742311206170314, 33.838968520462842 ] } },
{ "type": "Feature", "properties": { "P29_001": "40109", "P29_002": "A140310000887", "P29_003": "16011", "P29_004": "こみね幼稚園", "P29_005": "福岡県北九州市八幡西区小嶺台1-3-30", "P29_006": "4", "P29_007": "0", "P29_008": "00", "P29_009": null }, "geometry": { "type": "Point", "coordinates": [ 130.750699854318896, 33.81240444612704 ] } },
{ "type": "Feature", "properties": { "P29_001": "40109", "P29_002": "A140310000896", "P29_003": "16011", "P29_004": "青山幼稚園", "P29_005": "福岡県北九州市八幡西区萩原3-7-1", "P29_006": "4", "P29_007": "0", "P29_008": "00", "P29_009": null }, "geometry": { "type": "Point", "coordinates": [ 130.752805941469234, 33.856590161912798 ] } },
{ "type": "Feature", "properties": { "P29_001": "40109", "P29_002": "A140310000903", "P29_003": "16011", "P29_004": "浅川幼稚園", "P29_005": "福岡県北九州市八幡西区藤原3-19-1", "P29_006": "4", "P29_007": "0", "P29_008": "00", "P29_009": null }, "geometry": { "type": "Point", "coordinates": [ 130.707773833664817, 33.879021327821725 ] } },
{ "type": "Feature", "properties": { "P29_001": "40109", "P29_002": "A140310000912", "P29_003": "16011", "P29_004": "本城東幼稚園", "P29_005": "福岡県北九州市八幡西区本城東1-18-15", "P29_006": "4", "P29_007": "0", "P29_008": "00", "P29_009": null }, "geometry": { "type": "Point", "coordinates": [ 130.738131066254368, 33.87447509334104 ] } },
{ "type": "Feature", "properties": { "P29_001": "40131", "P29_002": "A140313000015", "P29_003": "16011", "P29_004": "博多幼稚園", "P29_005": "福岡県福岡市東区舞松原5-7-5", "P29_006": "4", "P29_007": "0", "P29_008": "00", "P29_009": null }, "geometry": { "type": "Point", "coordinates": [ 130.450154685302323, 33.642139398893391 ] } },
{ "type": "Feature", "properties": { "P29_001": "40131", "P29_002": "A140313000024", "P29_003": "16011", "P29_004": "福岡文化幼稚園", "P29_005": "福岡県福岡市東区青葉6-41-34", "P29_006": "4", "P29_007": "0", "P29_008": "00", "P29_009": null }, "geometry": { "type": "Point", "coordinates": [ 130.468886185385742, 33.646234425547142 ] } },
{ "type": "Feature", "properties": { "P29_001": "40131", "P29_002": "A140313000033", "P29_003": "16011", "P29_004": "恵泉幼稚園", "P29_005": "福岡県福岡市東区箱崎3-33-2", "P29_006": "4", "P29_007": "0", "P29_008": "00", "P29_009": null }, "geometry": { "type": "Point", "coordinates": [ 130.421867502529182, 33.622291689291458 ] } },
{ "type": "Feature", "properties": { "P29_001": "40131", "P29_002": "A140313000042", "P29_003": "16011", "P29_004": "東福岡幼稚園", "P29_005": "福岡県福岡市東区馬出4-13-15", "P29_006": "4", "P29_007": "0", "P29_008": "00", "P29_009": null }, "geometry": { "type": "Point", "coordinates": [ 130.418807928278738, 33.615170246232765 ] } },
{ "type": "Feature", "properties": { "P29_001": "40131", "P29_002": "A140313000051", "P29_003": "16011", "P29_004": "箱崎幼稚園", "P29_005": "福岡県福岡市東区箱崎2-2-29", "P29_006": "4", "P29_007": "0", "P29_008": "00", "P29_009": null }, "geometry": { "type": "Point", "coordinates": [ 130.420198219523684, 33.617225896919159 ] } },
{ "type": "Feature", "properties": { "P29_001": "40131", "P29_002": "A140313000060", "P29_003": "16011", "P29_004": "筥松幼稚園", "P29_005": "福岡県福岡市東区筥松2-19-3", "P29_006": "4", "P29_007": "0", "P29_008": "00", "P29_009": null }, "geometry": { "type": "Point", "coordinates": [ 130.428527113052212, 33.618244460367691 ] } },
{ "type": "Feature", "properties": { "P29_001": "40131", "P29_002": "A140313000079", "P29_003": "16011", "P29_004": "貝塚幼稚園", "P29_005": "福岡県福岡市東区貝塚団地5-1", "P29_006": "4", "P29_007": "0", "P29_008": "00", "P29_009": null }, "geometry": { "type": "Point", "coordinates": [ 130.422096776301174, 33.63162778769447 ] } },
{ "type": "Feature", "properties": { "P29_001": "40131", "P29_002": "A140313000088", "P29_003": "16011", "P29_004": "松崎幼稚園", "P29_005": "福岡県福岡市東区水谷1-19-30", "P29_006": "4", "P29_007": "0", "P29_008": "00", "P29_009": null }, "geometry": { "type": "Point", "coordinates": [ 130.443359310526574, 33.647796720172018 ] } },
{ "type": "Feature", "properties": { "P29_001": "40131", "P29_002": "A140313000097", "P29_003": "16011", "P29_004": "さくら幼稚園", "P29_005": "福岡県福岡市東区城浜団地1-29", "P29_006": "4", "P29_007": "0", "P29_008": "00", "P29_009": null }, "geometry": { "type": "Point", "coordinates": [ 130.422519566671212, 33.649392561673977 ] } },
{ "type": "Feature", "properties": { "P29_001": "40131", "P29_002": "A140313000104", "P29_003": "16011", "P29_004": "千早幼稚園", "P29_005": "福岡県福岡市東区千早3-3-13", "P29_006": "4", "P29_007": "0", "P29_008": "00", "P29_009": null }, "geometry": { "type": "Point", "coordinates": [ 130.433387813507238, 33.650393445689495 ] } },
{ "type": "Feature", "properties": { "P29_001": "40131", "P29_002": "A140313000113", "P29_003": "16011", "P29_004": "美和台幼稚園", "P29_005": "福岡県福岡市東区美和台2-24-1", "P29_006": "4", "P29_007": "0", "P29_008": "00", "P29_009": null }, "geometry": { "type": "Point", "coordinates": [ 130.427457148888038, 33.701443175366727 ] } },
{ "type": "Feature", "properties": { "P29_001": "40131", "P29_002": "A140313000122", "P29_003": "16011", "P29_004": "博多南幼稚園", "P29_005": "福岡県福岡市東区高美台2-25-1", "P29_006": "4", "P29_007": "0", "P29_008": "00", "P29_009": null }, "geometry": { "type": "Point", "coordinates": [ 130.446257197707581, 33.687459312823172 ] } },
{ "type": "Feature", "properties": { "P29_001": "40131", "P29_002": "A140313000131", "P29_003": "16011", "P29_004": "ツルタみとま幼稚園", "P29_005": "福岡県福岡市東区美和台5-26-1", "P29_006": "4", "P29_007": "0", "P29_008": "00", "P29_009": null }, "geometry": { "type": "Point", "coordinates": [ 130.426967947346725, 33.70528244288505 ] } },
{ "type": "Feature", "properties": { "P29_001": "40131", "P29_002": "A140313000140", "P29_003": "16011", "P29_004": "奈多幼稚園", "P29_005": "福岡県福岡市東区奈多団地2359-11", "P29_006": "4", "P29_007": "0", "P29_008": "00", "P29_009": null }, "geometry": { "type": "Point", "coordinates": [ 130.415189814655548, 33.686359609040991 ] } },
{ "type": "Feature", "properties": { "P29_001": "40131", "P29_002": "A140313000159", "P29_003": "16011", "P29_004": "ふたば幼稚園", "P29_005": "福岡県福岡市東区大字志賀島1735-116", "P29_006": "4", "P29_007": "0", "P29_008": "00", "P29_009": null }, "geometry": { "type": "Point", "coordinates": [ 130.308149816139604, 33.660881144471475 ] } },
{ "type": "Feature", "properties": { "P29_001": "40131", "P29_002": "A140313000168", "P29_003": "16011", "P29_004": "博多中央幼稚園", "P29_005": "福岡県福岡市東区香椎台1-5-22", "P29_006": "4", "P29_007": "0", "P29_008": "00", "P29_009": null }, "geometry": { "type": "Point", "coordinates": [ 130.456526890170124, 33.650754463188363 ] } },
{ "type": "Feature", "properties": { "P29_001": "40131", "P29_002": "A140313000177", "P29_003": "16011", "P29_004": "東福岡学園自由ケ丘幼稚園", "P29_005": "福岡県福岡市東区香椎駅東4-65-7", "P29_006": "4", "P29_007": "0", "P29_008": "00", "P29_009": null }, "geometry": { "type": "Point", "coordinates": [ 130.455200932032142, 33.662598618123901 ] } },
{ "type": "Feature", "properties": { "P29_001": "40131", "P29_002": "A140313000186", "P29_003": "16011", "P29_004": "香椎浜幼稚園", "P29_005": "福岡県福岡市東区香椎浜2-4-7", "P29_006": "4", "P29_007": "0", "P29_008": "00", "P29_009": null }, "geometry": { "type": "Point", "coordinates": [ 130.426295573126083, 33.653761184897746 ] } },
{ "type": "Feature", "properties": { "P29_001": "40132", "P29_002": "A140313000202", "P29_003": "16011", "P29_004": "吉塚ゆりの樹幼稚園", "P29_005": "福岡県福岡市博多区吉塚5-5-39", "P29_006": "4", "P29_007": "0", "P29_008": "00", "P29_009": null }, "geometry": { "type": "Point", "coordinates": [ 130.427958173459245, 33.603690999590135 ] } },
{ "type": "Feature", "properties": { "P29_001": "40132", "P29_002": "A140313000211", "P29_003": "16011", "P29_004": "玉水幼稚園", "P29_005": "福岡県福岡市博多区竹下2-1-8", "P29_006": "4", "P29_007": "0", "P29_008": "00", "P29_009": null }, "geometry": { "type": "Point", "coordinates": [ 130.429327580304744, 33.575018399191627 ] } },
{ "type": "Feature", "properties": { "P29_001": "40132", "P29_002": "A140313000220", "P29_003": "16011", "P29_004": "カトリック光丘幼稚園", "P29_005": "福岡県福岡市博多区光丘町2-1-25", "P29_006": "4", "P29_007": "0", "P29_008": "00", "P29_009": null }, "geometry": { "type": "Point", "coordinates": [ 130.467367527302486, 33.539150791973391 ] } },
{ "type": "Feature", "properties": { "P29_001": "40132", "P29_002": "A140313000239", "P29_003": "16011", "P29_004": "正光寺ひかり幼稚園", "P29_005": "福岡県福岡市博多区三筑2-31-1", "P29_006": "4", "P29_007": "0", "P29_008": "00", "P29_009": null }, "geometry": { "type": "Point", "coordinates": [ 130.459946616869956, 33.54829131559822 ] } },
{ "type": "Feature", "properties": { "P29_001": "40132", "P29_002": "A140313000248", "P29_003": "16011", "P29_004": "奈良屋幼稚園", "P29_005": "福岡県福岡市博多区奈良屋町1-6", "P29_006": "4", "P29_007": "0", "P29_008": "00", "P29_009": null }, "geometry": { "type": "Point", "coordinates": [ 130.407189935466334, 33.599095042802745 ] } },
{ "type": "Feature", "properties": { "P29_001": "40132", "P29_002": "A140313000257", "P29_003": "16011", "P29_004": "サルナート幼稚園", "P29_005": "福岡県福岡市博多区博多駅南3-18-28", "P29_006": "4", "P29_007": "0", "P29_008": "00", "P29_009": null }, "geometry": { "type": "Point", "coordinates": [ 130.423184387615152, 33.579693293726784 ] } },
{ "type": "Feature", "properties": { "P29_001": "40132", "P29_002": "A140313000266", "P29_003": "16011", "P29_004": "山王幼稚園", "P29_005": "福岡県福岡市博多区山王1-5-36", "P29_006": "4", "P29_007": "0", "P29_008": "00", "P29_009": null }, "geometry": { "type": "Point", "coordinates": [ 130.431687420812779, 33.584846800097161 ] } },
{ "type": "Feature", "properties": { "P29_001": "40132", "P29_002": "A140313000275", "P29_003": "16011", "P29_004": "那珂幼稚園", "P29_005": "福岡県福岡市博多区那珂1-18-12", "P29_006": "4", "P29_007": "0", "P29_008": "00", "P29_009": null }, "geometry": { "type": "Point", "coordinates": [ 130.437712699633551, 33.572643726130664 ] } },
{ "type": "Feature", "properties": { "P29_001": "40132", "P29_002": "A140313000284", "P29_003": "16011", "P29_004": "レバノン幼稚園", "P29_005": "福岡県福岡市博多区西春町1-1-37", "P29_006": "4", "P29_007": "0", "P29_008": "00", "P29_009": null }, "geometry": { "type": "Point", "coordinates": [ 130.466015676739687, 33.541766671812603 ] } },
{ "type": "Feature", "properties": { "P29_001": "40132", "P29_002": "A140313000293", "P29_003": "16011", "P29_004": "淡水幼稚園", "P29_005": "福岡県福岡市博多区諸岡1-18-3", "P29_006": "4", "P29_007": "0", "P29_008": "00", "P29_009": null }, "geometry": { "type": "Point", "coordinates": [ 130.447194735437307, 33.562850493519726 ] } },
{ "type": "Feature", "properties": { "P29_001": "40132", "P29_002": "A140313000300", "P29_003": "16011", "P29_004": "席田幼稚園", "P29_005": "福岡県福岡市博多区東平尾1-5-45", "P29_006": "4", "P29_007": "0", "P29_008": "00", "P29_009": null }, "geometry": { "type": "Point", "coordinates": [ 130.454595983895274, 33.589612433192862 ] } },
{ "type": "Feature", "properties": { "P29_001": "40132", "P29_002": "A140313000319", "P29_003": "16011", "P29_004": "つきぐま幼稚園", "P29_005": "福岡県福岡市博多区東月隈5-10-16", "P29_006": "4", "P29_007": "0", "P29_008": "00", "P29_009": null }, "geometry": { "type": "Point", "coordinates": [ 130.470453639132359, 33.576154758965686 ] } },
{ "type": "Feature", "properties": { "P29_001": "40133", "P29_002": "A140313000328", "P29_003": "16011", "P29_004": "舞鶴幼稚園", "P29_005": "福岡県福岡市中央区鳥飼1-6-1", "P29_006": "4", "P29_007": "0", "P29_008": "00", "P29_009": null }, "geometry": { "type": "Point", "coordinates": [ 130.369096944418118, 33.581546532944621 ] } },
{ "type": "Feature", "properties": { "P29_001": "40133", "P29_002": "A140313000346", "P29_003": "16011", "P29_004": "汀幼稚園", "P29_005": "福岡県福岡市中央区荒戸2-5-11", "P29_006": "4", "P29_007": "0", "P29_008": "00", "P29_009": null }, "geometry": { "type": "Point", "coordinates": [ 130.376088740072646, 33.594100678484317 ] } },
{ "type": "Feature", "properties": { "P29_001": "40133", "P29_002": "A140313000355", "P29_003": "16011", "P29_004": "大濠聖母幼稚園", "P29_005": "福岡県福岡市中央区大濠1-7-16", "P29_006": "4", "P29_007": "0", "P29_008": "00", "P29_009": null }, "geometry": { "type": "Point", "coordinates": [ 130.372890584534332, 33.584204750618845 ] } },
{ "type": "Feature", "properties": { "P29_001": "40133", "P29_002": "A140313000364", "P29_003": "16011", "P29_004": "宗教法人日本基督教団福岡中部教会付属養巴幼稚園", "P29_005": "福岡県福岡市中央区赤坂3-8-45", "P29_006": "4", "P29_007": "0", "P29_008": "00", "P29_009": null }, "geometry": { "type": "Point", "coordinates": [ 130.386260813235708, 33.582816343553361 ] } },
{ "type": "Feature", "properties": { "P29_001": "40133", "P29_002": "A140313000373", "P29_003": "16011", "P29_004": "草ケ江幼稚園", "P29_005": "福岡県福岡市中央区草香江2-9-22", "P29_006": "4", "P29_007": "0", "P29_008": "00", "P29_009": null }, "geometry": { "type": "Point", "coordinates": [ 130.373594246520867, 33.58053053734222 ] } },
{ "type": "Feature", "properties": { "P29_001": "40133", "P29_002": "A140313000382", "P29_003": "16011", "P29_004": "笹丘カトリック幼稚園", "P29_005": "福岡県福岡市中央区笹丘1-17-51", "P29_006": "4", "P29_007": "0", "P29_008": "00", "P29_009": null }, "geometry": { "type": "Point", "coordinates": [ 130.379504243236994, 33.565940487104491 ] } },
{ "type": "Feature", "properties": { "P29_001": "40133", "P29_002": "A140313000391", "P29_003": "16011", "P29_004": "しろがね幼稚園", "P29_005": "福岡県福岡市中央区白金1-15-10", "P29_006": "4", "P29_007": "0", "P29_008": "00", "P29_009": null }, "geometry": { "type": "Point", "coordinates": [ 130.403964404281624, 33.579441950699461 ] } },
{ "type": "Feature", "properties": { "P29_001": "40133", "P29_002": "A140313000408", "P29_003": "16011", "P29_004": "わかば幼稚園", "P29_005": "福岡県福岡市中央区浄水通3-8", "P29_006": "4", "P29_007": "0", "P29_008": "00", "P29_009": null }, "geometry": { "type": "Point", "coordinates": [ 130.394840400169301, 33.575801932026806 ] } },
{ "type": "Feature", "properties": { "P29_001": "40133", "P29_002": "A140313000417", "P29_003": "16011", "P29_004": "円龍幼稚園", "P29_005": "福岡県福岡市中央区平尾4-1-1", "P29_006": "4", "P29_007": "0", "P29_008": "00", "P29_009": null }, "geometry": { "type": "Point", "coordinates": [ 130.400811850720913, 33.573952346950364 ] } },
{ "type": "Feature", "properties": { "P29_001": "40133", "P29_002": "A140313000426", "P29_003": "16011", "P29_004": "小笹幼稚園", "P29_005": "福岡県福岡市中央区小笹5-16-35", "P29_006": "4", "P29_007": "0", "P29_008": "00", "P29_009": null }, "geometry": { "type": "Point", "coordinates": [ 130.389836962718988, 33.568782922755481 ] } },
{ "type": "Feature", "properties": { "P29_001": "40133", "P29_002": "A140313000435", "P29_003": "16011", "P29_004": "けご幼稚園", "P29_005": "福岡県福岡市中央区桜坂1-10-17", "P29_006": "4", "P29_007": "0", "P29_008": "00", "P29_009": null }, "geometry": { "type": "Point", "coordinates": [ 130.388357598920322, 33.578626056340809 ] } },
{ "type": "Feature", "properties": { "P29_001": "40133", "P29_002": "A140313000453", "P29_003": "16011", "P29_004": "ふくはま幼稚園", "P29_005": "福岡県福岡市中央区福浜1-4-5", "P29_006": "4", "P29_007": "0", "P29_008": "00", "P29_009": null }, "geometry": { "type": "Point", "coordinates": [ 130.366677105035194, 33.598430981508244 ] } },
{ "type": "Feature", "properties": { "P29_001": "40134", "P29_002": "A140313000471", "P29_003": "16011", "P29_004": "福岡海星女子学院マリア幼稚園", "P29_005": "福岡県福岡市南区老司5-28-2", "P29_006": "4", "P29_007": "0", "P29_008": "00", "P29_009": null }, "geometry": { "type": "Point", "coordinates": [ 130.414988785464686, 33.524906203127934 ] } },
{ "type": "Feature", "properties": { "P29_001": "40134", "P29_002": "A140313000480", "P29_003": "16011", "P29_004": "宮竹幼稚園", "P29_005": "福岡県福岡市南区井尻2-3-14", "P29_006": "4", "P29_007": "0", "P29_008": "00", "P29_009": null }, "geometry": { "type": "Point", "coordinates": [ 130.440866072271433, 33.558747619928347 ] } },
{ "type": "Feature", "properties": { "P29_001": "40134", "P29_002": "A140313000499", "P29_003": "16011", "P29_004": "福岡音楽学院附属幼稚園", "P29_005": "福岡県福岡市南区平和1-23-29", "P29_006": "4", "P29_007": "0", "P29_008": "00", "P29_009": null }, "geometry": { "type": "Point", "coordinates": [ 130.401939823983497, 33.567573745424127 ] } },
{ "type": "Feature", "properties": { "P29_001": "40134", "P29_002": "A140313000505", "P29_003": "16011", "P29_004": "みやこ幼稚園", "P29_005": "福岡県福岡市南区塩原3-8-21", "P29_006": "4", "P29_007": "0", "P29_008": "00", "P29_009": null }, "geometry": { "type": "Point", "coordinates": [ 130.426797597920057, 33.565256433697357 ] } },
{ "type": "Feature", "properties": { "P29_001": "40134", "P29_002": "A140313000514", "P29_003": "16011", "P29_004": "香蘭女子短期大学附属香蘭幼稚園", "P29_005": "福岡県福岡市南区横手1-12-35", "P29_006": "4", "P29_007": "0", "P29_008": "00", "P29_009": null }, "geometry": { "type": "Point", "coordinates": [ 130.436245559339056, 33.551318661870624 ] } },
{ "type": "Feature", "properties": { "P29_001": "40134", "P29_002": "A140313000523", "P29_003": "16011", "P29_004": "曰佐幼稚園", "P29_005": "福岡県福岡市南区曰佐1-26-12", "P29_006": "4", "P29_007": "0", "P29_008": "00", "P29_009": null }, "geometry": { "type": "Point", "coordinates": [ 130.436023230893085, 33.540732662033648 ] } },
{ "type": "Feature", "properties": { "P29_001": "40134", "P29_002": "A140313000532", "P29_003": "16011", "P29_004": "カトリック聖クララ幼稚園", "P29_005": "福岡県福岡市南区大楠2-7-10", "P29_006": "4", "P29_007": "0", "P29_008": "00", "P29_009": null }, "geometry": { "type": "Point", "coordinates": [ 130.411334824206818, 33.574311558696955 ] } },
{ "type": "Feature", "properties": { "P29_001": "40134", "P29_002": "A140313000541", "P29_003": "16011", "P29_004": "聖心ウルスラ幼稚園", "P29_005": "福岡県福岡市南区塩原4-25-20", "P29_006": "4", "P29_007": "0", "P29_008": "00", "P29_009": null }, "geometry": { "type": "Point", "coordinates": [ 130.43230025754832, 33.559423968228842 ] } },
{ "type": "Feature", "properties": { "P29_001": "40134", "P29_002": "A140313000550", "P29_003": "16011", "P29_004": "高宮カトリック幼稚園", "P29_005": "福岡県福岡市南区高宮2-7-12", "P29_006": "4", "P29_007": "0", "P29_008": "00", "P29_009": null }, "geometry": { "type": "Point", "coordinates": [ 130.410568987775662, 33.56880298522556 ] } },
{ "type": "Feature", "properties": { "P29_001": "40134", "P29_002": "A140313000569", "P29_003": "16011", "P29_004": "正法寺ルンビニー幼稚園", "P29_005": "福岡県福岡市南区横手3-20-17", "P29_006": "4", "P29_007": "0", "P29_008": "00", "P29_009": null }, "geometry": { "type": "Point", "coordinates": [ 130.43682112983646, 33.544875041075208 ] } },
{ "type": "Feature", "properties": { "P29_001": "40134", "P29_002": "A140313000578", "P29_003": "16011", "P29_004": "ながずみ幼稚園", "P29_005": "福岡県福岡市南区長住2-16-28", "P29_006": "4", "P29_007": "0", "P29_008": "00", "P29_009": null }, "geometry": { "type": "Point", "coordinates": [ 130.397870207206324, 33.551672859755527 ] } },
{ "type": "Feature", "properties": { "P29_001": "40134", "P29_002": "A140313000587", "P29_003": "16011", "P29_004": "野間幼稚園", "P29_005": "福岡県福岡市南区野間4-19-21", "P29_006": "4", "P29_007": "0", "P29_008": "00", "P29_009": null }, "geometry": { "type": "Point", "coordinates": [ 130.409020346695655, 33.555516267807093 ] } },
{ "type": "Feature", "properties": { "P29_001": "40134", "P29_002": "A140313000596", "P29_003": "16011", "P29_004": "塩原幼稚園", "P29_005": "福岡県福岡市南区塩原2-4-30", "P29_006": "4", "P29_007": "0", "P29_008": "00", "P29_009": null }, "geometry": { "type": "Point", "coordinates": [ 130.4265975986699, 33.566564351363134 ] } },
{ "type": "Feature", "properties": { "P29_001": "40134", "P29_002": "A140313000603", "P29_003": "16011", "P29_004": "学校法人清原学園清星幼稚園", "P29_005": "福岡県福岡市南区三宅1-17-12", "P29_006": "4", "P29_007": "0", "P29_008": "00", "P29_009": null }, "geometry": { "type": "Point", "coordinates": [ 130.424550056725593, 33.551700682694445 ] } },
{ "type": "Feature", "properties": { "P29_001": "40134", "P29_002": "A140313000612", "P29_003": "16011", "P29_004": "筑紫丘幼稚園", "P29_005": "福岡県福岡市南区若久団地42", "P29_006": "4", "P29_007": "0", "P29_008": "00", "P29_009": null }, "geometry": { "type": "Point", "coordinates": [ 130.420812053802678, 33.553897348699046 ] } },
{ "type": "Feature", "properties": { "P29_001": "40134", "P29_002": "A140313000621", "P29_003": "16011", "P29_004": "大橋幼稚園", "P29_005": "福岡県福岡市南区大橋3-8-22", "P29_006": "4", "P29_007": "0", "P29_008": "00", "P29_009": null }, "geometry": { "type": "Point", "coordinates": [ 130.429330190733793, 33.554385218756188 ] } },
{ "type": "Feature", "properties": { "P29_001": "40134", "P29_002": "A140313000630", "P29_003": "16011", "P29_004": "南福岡幼稚園", "P29_005": "福岡県福岡市南区老司3-28-1", "P29_006": "4", "P29_007": "0", "P29_008": "00", "P29_009": null }, "geometry": { "type": "Point", "coordinates": [ 130.4226392953546, 33.533614624669681 ] } },
{ "type": "Feature", "properties": { "P29_001": "40134", "P29_002": "A140313000649", "P29_003": "16011", "P29_004": "若久幼稚園", "P29_005": "福岡県福岡市南区若久1-22-7", "P29_006": "4", "P29_007": "0", "P29_008": "00", "P29_009": null }, "geometry": { "type": "Point", "coordinates": [ 130.41350172019142, 33.554282752356826 ] } },
{ "type": "Feature", "properties": { "P29_001": "40134", "P29_002": "A140313000658", "P29_003": "16011", "P29_004": "みどりがおか幼稚園", "P29_005": "福岡県福岡市南区中尾1-32-32", "P29_006": "4", "P29_007": "0", "P29_008": "00", "P29_009": null }, "geometry": { "type": "Point", "coordinates": [ 130.411506593092298, 33.544306582931448 ] } },
{ "type": "Feature", "properties": { "P29_001": "40134", "P29_002": "A140313000667", "P29_003": "16011", "P29_004": "花畑幼稚園", "P29_005": "福岡県福岡市南区花畑2-48-31", "P29_006": "4", "P29_007": "0", "P29_008": "00", "P29_009": null }, "geometry": { "type": "Point", "coordinates": [ 130.405859155505851, 33.535932706631016 ] } },
{ "type": "Feature", "properties": { "P29_001": "40134", "P29_002": "A140313000676", "P29_003": "16011", "P29_004": "長丘幼稚園", "P29_005": "福岡県福岡市南区長丘2-23-10", "P29_006": "4", "P29_007": "0", "P29_008": "00", "P29_009": null }, "geometry": { "type": "Point", "coordinates": [ 130.397365338320469, 33.556113094901434 ] } },
{ "type": "Feature", "properties": { "P29_001": "40134", "P29_002": "A140313000685", "P29_003": "16011", "P29_004": "桧原こひつじ幼稚園", "P29_005": "福岡県福岡市南区桧原2-40-1", "P29_006": "4", "P29_007": "0", "P29_008": "00", "P29_009": null }, "geometry": { "type": "Point", "coordinates": [ 130.393488270909415, 33.539262340746852 ] } },
{ "type": "Feature", "properties": { "P29_001": "40134", "P29_002": "A140313000694", "P29_003": "16011", "P29_004": "あすなろ幼稚園", "P29_005": "福岡県福岡市南区弥永2-13-7", "P29_006": "4", "P29_007": "0", "P29_008": "00", "P29_009": null }, "geometry": { "type": "Point", "coordinates": [ 130.429536653822737, 33.524876371210908 ] } },
{ "type": "Feature", "properties": { "P29_001": "40134", "P29_002": "A140313000701", "P29_003": "16011", "P29_004": "柏原幼稚園", "P29_005": "福岡県福岡市南区柏原1-12-15", "P29_006": "4", "P29_007": "0", "P29_008": "00", "P29_009": null }, "geometry": { "type": "Point", "coordinates": [ 130.39930800969799, 33.529076985625501 ] } },
{ "type": "Feature", "properties": { "P29_001": "40135", "P29_002": "A140313000729", "P29_003": "16011", "P29_004": "周船寺幼稚園", "P29_005": "福岡県福岡市西区周船寺1-8-6", "P29_006": "4", "P29_007": "0", "P29_008": "00", "P29_009": null }, "geometry": { "type": "Point", "coordinates": [ 130.244505955580962, 33.572479641534862 ] } },
{ "type": "Feature", "properties": { "P29_001": "40135", "P29_002": "A140313000738", "P29_003": "16011", "P29_004": "福岡いずみ幼稚園", "P29_005": "福岡県福岡市西区福重1-4-20", "P29_006": "4", "P29_007": "0", "P29_008": "00", "P29_009": null }, "geometry": { "type": "Point", "coordinates": [ 130.323750005275372, 33.56666475001024 ] } },
{ "type": "Feature", "properties": { "P29_001": "40135", "P29_002": "A140313000747", "P29_003": "16011", "P29_004": "ゆきぞの幼稚園", "P29_005": "福岡県福岡市西区大字徳永431-22", "P29_006": "4", "P29_007": "0", "P29_008": "00", "P29_009": null }, "geometry": { "type": "Point", "coordinates": [ 130.25878844413208, 33.566644149275767 ] } },
{ "type": "Feature", "properties": { "P29_001": "40135", "P29_002": "A140313000756", "P29_003": "16011", "P29_004": "まつばら幼稚園", "P29_005": "福岡県福岡市西区今宿1-25-3", "P29_006": "4", "P29_007": "0", "P29_008": "00", "P29_009": null }, "geometry": { "type": "Point", "coordinates": [ 130.268870507596546, 33.584425530108746 ] } },
{ "type": "Feature", "properties": { "P29_001": "40135", "P29_002": "A140313000765", "P29_003": "16011", "P29_004": "ときわ幼稚園", "P29_005": "福岡県福岡市西区姪の浜4-3-18", "P29_006": "4", "P29_007": "0", "P29_008": "00", "P29_009": null }, "geometry": { "type": "Point", "coordinates": [ 130.326708322722624, 33.586036572527178 ] } },
{ "type": "Feature", "properties": { "P29_001": "40135", "P29_002": "A140313000774", "P29_003": "16011", "P29_004": "あたごはま幼稚園", "P29_005": "福岡県福岡市西区姪の浜2-27-38", "P29_006": "4", "P29_007": "0", "P29_008": "00", "P29_009": null }, "geometry": { "type": "Point", "coordinates": [ 130.331926491622085, 33.589935319401349 ] } },
{ "type": "Feature", "properties": { "P29_001": "40135", "P29_002": "A140313000783", "P29_003": "16011", "P29_004": "西陵幼稚園", "P29_005": "福岡県福岡市西区拾六町4-28-3", "P29_006": "4", "P29_007": "0", "P29_008": "00", "P29_009": null }, "geometry": { "type": "Point", "coordinates": [ 130.305529502289886, 33.562290151641783 ] } },
{ "type": "Feature", "properties": { "P29_001": "40135", "P29_002": "A140313000792", "P29_003": "16011", "P29_004": "福岡女子短期大学付属野方幼稚園", "P29_005": "福岡県福岡市西区壱岐団地75-1", "P29_006": "4", "P29_007": "0", "P29_008": "00", "P29_009": null }, "geometry": { "type": "Point", "coordinates": [ 130.315783944684995, 33.559954498226581 ] } },
{ "type": "Feature", "properties": { "P29_001": "40135", "P29_002": "A140313000809", "P29_003": "16011", "P29_004": "下山門幼稚園", "P29_005": "福岡県福岡市西区下山門4-16-5", "P29_006": "4", "P29_007": "0", "P29_008": "00", "P29_009": null }, "geometry": { "type": "Point", "coordinates": [ 130.310418074731814, 33.574992940532319 ] } },
{ "type": "Feature", "properties": { "P29_001": "40135", "P29_002": "A140313000818", "P29_003": "16011", "P29_004": "中村学園大学附属壱岐幼稚園", "P29_005": "福岡県福岡市西区野方2-14-43", "P29_006": "4", "P29_007": "0", "P29_008": "00", "P29_009": null }, "geometry": { "type": "Point", "coordinates": [ 130.310745969315661, 33.554812890065143 ] } },
{ "type": "Feature", "properties": { "P29_001": "40135", "P29_002": "A140313000827", "P29_003": "16011", "P29_004": "藤ケ丘幼稚園", "P29_005": "福岡県福岡市西区羽根戸276", "P29_006": "4", "P29_007": "0", "P29_008": "00", "P29_009": null }, "geometry": { "type": "Point", "coordinates": [ 130.311227024507218, 33.546807078856233 ] } },
{ "type": "Feature", "properties": { "P29_001": "40135", "P29_002": "A140313000836", "P29_003": "16011", "P29_004": "周船寺第二幼稚園", "P29_005": "福岡県福岡市西区大字徳永下新田1124", "P29_006": "4", "P29_007": "0", "P29_008": "00", "P29_009": null }, "geometry": { "type": "Point", "coordinates": [ 130.255708652088686, 33.584437727301413 ] } },
{ "type": "Feature", "properties": { "P29_001": "40135", "P29_002": "A140313000845", "P29_003": "16011", "P29_004": "福岡インターナショナルアイスクール幼稚園", "P29_005": "福岡県福岡市西区拾六町1-15-5", "P29_006": "4", "P29_007": "0", "P29_008": "00", "P29_009": null }, "geometry": { "type": "Point", "coordinates": [ 130.315823003976675, 33.565798445997054 ] } },
{ "type": "Feature", "properties": { "P29_001": "40135", "P29_002": "A140313000854", "P29_003": "16011", "P29_004": "アソカの森幼稚園", "P29_005": "福岡県福岡市西区飯氏695", "P29_006": "4", "P29_007": "0", "P29_008": "00", "P29_009": null }, "geometry": { "type": "Point", "coordinates": [ 130.247638708321944, 33.564033355495347 ] } },
{ "type": "Feature", "properties": { "P29_001": "40136", "P29_002": "A140313000863", "P29_003": "16011", "P29_004": "中村学園大学付属あさひ幼稚園", "P29_005": "福岡県福岡市城南区城西団地9-1", "P29_006": "4", "P29_007": "0", "P29_008": "00", "P29_009": null }, "geometry": { "type": "Point", "coordinates": [ 130.364976772632446, 33.574082189348381 ] } },
{ "type": "Feature", "properties": { "P29_001": "40136", "P29_002": "A140313000872", "P29_003": "16011", "P29_004": "福岡幼稚園", "P29_005": "福岡県福岡市城南区友泉亭18-12", "P29_006": "4", "P29_007": "0", "P29_008": "00", "P29_009": null }, "geometry": { "type": "Point", "coordinates": [ 130.38151373222064, 33.559577462496208 ] } },
{ "type": "Feature", "properties": { "P29_001": "40136", "P29_002": "A140313000881", "P29_003": "16011", "P29_004": "福岡小鳩幼稚園", "P29_005": "福岡県福岡市城南区長尾5-10-6", "P29_006": "4", "P29_007": "0", "P29_008": "00", "P29_009": null }, "geometry": { "type": "Point", "coordinates": [ 130.380277630383461, 33.553549770781579 ] } },
{ "type": "Feature", "properties": { "P29_001": "40136", "P29_002": "A140313000890", "P29_003": "16011", "P29_004": "城南幼稚園", "P29_005": "福岡県福岡市城南区七隈1-13-62", "P29_006": "4", "P29_007": "0", "P29_008": "00", "P29_009": null }, "geometry": { "type": "Point", "coordinates": [ 130.358332961499343, 33.56741540883754 ] } },
{ "type": "Feature", "properties": { "P29_001": "40136", "P29_002": "A140313000907", "P29_003": "16011", "P29_004": "ダリヤ幼稚園", "P29_005": "福岡県福岡市城南区片江5-4-18", "P29_006": "4", "P29_007": "0", "P29_008": "00", "P29_009": null }, "geometry": { "type": "Point", "coordinates": [ 130.368151937025146, 33.549919524056683 ] } },
{ "type": "Feature", "properties": { "P29_001": "40136", "P29_002": "A140313000916", "P29_003": "16011", "P29_004": "学校法人やなぎ学園きりん幼稚園", "P29_005": "福岡県福岡市城南区友丘4-1-32", "P29_006": "4", "P29_007": "0", "P29_008": "00", "P29_009": null }, "geometry": { "type": "Point", "coordinates": [ 130.373739591685307, 33.559538429504812 ] } },
{ "type": "Feature", "properties": { "P29_001": "40136", "P29_002": "A140313000925", "P29_003": "16011", "P29_004": "別府幼稚園", "P29_005": "福岡県福岡市城南区別府2-9-21", "P29_006": "4", "P29_007": "0", "P29_008": "00", "P29_009": null }, "geometry": { "type": "Point", "coordinates": [ 130.36992745759224, 33.573864863423438 ] } },
{ "type": "Feature", "properties": { "P29_001": "40136", "P29_002": "A140313000934", "P29_003": "16011", "P29_004": "慶光ブライトンアカデミー光の子幼稚園", "P29_005": "福岡県福岡市城南区樋井川2-11-27", "P29_006": "4", "P29_007": "0", "P29_008": "00", "P29_009": null }, "geometry": { "type": "Point", "coordinates": [ 130.383217286809241, 33.548671296828971 ] } },
{ "type": "Feature", "properties": { "P29_001": "40136", "P29_002": "A140313000943", "P29_003": "16011", "P29_004": "別府団地幼稚園", "P29_005": "福岡県福岡市城南区別府団地17-1", "P29_006": "4", "P29_007": "0", "P29_008": "00", "P29_009": null }, "geometry": { "type": "Point", "coordinates": [ 130.374609064631443, 33.573471449115033 ] } },
{ "type": "Feature", "properties": { "P29_001": "40136", "P29_002": "A140313000952", "P29_003": "16011", "P29_004": "茶山幼稚園", "P29_005": "福岡県福岡市城南区別府6-14-44", "P29_006": "4", "P29_007": "0", "P29_008": "00", "P29_009": null }, "geometry": { "type": "Point", "coordinates": [ 130.364650361546722, 33.567917231281413 ] } },
{ "type": "Feature", "properties": { "P29_001": "40136", "P29_002": "A140313000961", "P29_003": "16011", "P29_004": "かなやま幼稚園", "P29_005": "福岡県福岡市城南区金山団地23-1", "P29_006": "4", "P29_007": "0", "P29_008": "00", "P29_009": null }, "geometry": { "type": "Point", "coordinates": [ 130.364886172719309, 33.558025451944474 ] } },
{ "type": "Feature", "properties": { "P29_001": "40136", "P29_002": "A140313000970", "P29_003": "16011", "P29_004": "油山幼稚園", "P29_005": "福岡県福岡市城南区東油山4-3-13", "P29_006": "4", "P29_007": "0", "P29_008": "00", "P29_009": null }, "geometry": { "type": "Point", "coordinates": [ 130.380761307572982, 33.535050583109083 ] } },
{ "type": "Feature", "properties": { "P29_001": "40137", "P29_002": "A140313000989", "P29_003": "16011", "P29_004": "弥生幼稚園", "P29_005": "福岡県福岡市早良区弥生2-3-12", "P29_006": "4", "P29_007": "0", "P29_008": "00", "P29_009": null }, "geometry": { "type": "Point", "coordinates": [ 130.3460696154402, 33.574739759693614 ] } },
{ "type": "Feature", "properties": { "P29_001": "40137", "P29_002": "A140313000998", "P29_003": "16011", "P29_004": "大原幼稚園", "P29_005": "福岡県福岡市早良区原団地1-1", "P29_006": "4", "P29_007": "0", "P29_008": "00", "P29_009": null }, "geometry": { "type": "Point", "coordinates": [ 130.342599448728663, 33.570134705661559 ] } },
{ "type": "Feature", "properties": { "P29_001": "40137", "P29_002": "A140313001005", "P29_003": "16011", "P29_004": "セントメリー幼稚園", "P29_005": "福岡県福岡市早良区干隈5-1-5", "P29_006": "4", "P29_007": "0", "P29_008": "00", "P29_009": null }, "geometry": { "type": "Point", "coordinates": [ 130.34696395453426, 33.554372070822936 ] } },
{ "type": "Feature", "properties": { "P29_001": "40137", "P29_002": "A140313001014", "P29_003": "16011", "P29_004": "むろずみ幼稚園", "P29_005": "福岡県福岡市早良区室住団地48-1", "P29_006": "4", "P29_007": "0", "P29_008": "00", "P29_009": null }, "geometry": { "type": "Point", "coordinates": [ 130.327670546271605, 33.56237059869887 ] } },
{ "type": "Feature", "properties": { "P29_001": "40137", "P29_002": "A140313001023", "P29_003": "16011", "P29_004": "高取幼稚園", "P29_005": "福岡県福岡市早良区昭代2-8-33", "P29_006": "4", "P29_007": "0", "P29_008": "00", "P29_009": null }, "geometry": { "type": "Point", "coordinates": [ 130.354044028473112, 33.57560093818406 ] } },
{ "type": "Feature", "properties": { "P29_001": "40137", "P29_002": "A140313001032", "P29_003": "16011", "P29_004": "西新カトリック幼稚園", "P29_005": "福岡県福岡市早良区城西3-14-1", "P29_006": "4", "P29_007": "0", "P29_008": "00", "P29_009": null }, "geometry": { "type": "Point", "coordinates": [ 130.360563862082415, 33.579954002378933 ] } },
{ "type": "Feature", "properties": { "P29_001": "40137", "P29_002": "A140313001041", "P29_003": "16011", "P29_004": "西南幼稚園", "P29_005": "福岡県福岡市早良区西新7-5-35", "P29_006": "4", "P29_007": "0", "P29_008": "00", "P29_009": null }, "geometry": { "type": "Point", "coordinates": [ 130.352358337052749, 33.585330321950607 ] } },
{ "type": "Feature", "properties": { "P29_001": "40137", "P29_002": "A140313001050", "P29_003": "16011", "P29_004": "たぐま幼稚園", "P29_005": "福岡県福岡市早良区次郎丸4-8-12", "P29_006": "4", "P29_007": "0", "P29_008": "00", "P29_009": null }, "geometry": { "type": "Point", "coordinates": [ 130.329058944924441, 33.549322526140983 ] } },
{ "type": "Feature", "properties": { "P29_001": "40137", "P29_002": "A140313001069", "P29_003": "16011", "P29_004": "室見幼稚園", "P29_005": "福岡県福岡市早良区室見1-13-16", "P29_006": "4", "P29_007": "0", "P29_008": "00", "P29_009": null }, "geometry": { "type": "Point", "coordinates": [ 130.342471306801997, 33.582087761837386 ] } },
{ "type": "Feature", "properties": { "P29_001": "40137", "P29_002": "A140313001078", "P29_003": "16011", "P29_004": "あかし幼稚園", "P29_005": "福岡県福岡市早良区荒江3-23-12", "P29_006": "4", "P29_007": "0", "P29_008": "00", "P29_009": null }, "geometry": { "type": "Point", "coordinates": [ 130.351164874968958, 33.571180659544183 ] } },
{ "type": "Feature", "properties": { "P29_001": "40137", "P29_002": "A140313001087", "P29_003": "16011", "P29_004": "原幼稚園", "P29_005": "福岡県福岡市早良区原2-13-11", "P29_006": "4", "P29_007": "0", "P29_008": "00", "P29_009": null }, "geometry": { "type": "Point", "coordinates": [ 130.347696416231429, 33.568981096139083 ] } },
{ "type": "Feature", "properties": { "P29_001": "40137", "P29_002": "A140313001096", "P29_003": "16011", "P29_004": "ありた幼稚園", "P29_005": "福岡県福岡市早良区有田2-10-20", "P29_006": "4", "P29_007": "0", "P29_008": "00", "P29_009": null }, "geometry": { "type": "Point", "coordinates": [ 130.336774394615901, 33.561238098052279 ] } },
{ "type": "Feature", "properties": { "P29_001": "40137", "P29_002": "A140313001103", "P29_003": "16011", "P29_004": "飯倉幼稚園", "P29_005": "福岡県福岡市早良区飯倉4-19-5", "P29_006": "4", "P29_007": "0", "P29_008": "00", "P29_009": null }, "geometry": { "type": "Point", "coordinates": [ 130.351389147674212, 33.562281465853026 ] } },
{ "type": "Feature", "properties": { "P29_001": "40137", "P29_002": "A140313001112", "P29_003": "16011", "P29_004": "星の原幼稚園", "P29_005": "福岡県福岡市早良区星の原団地67-1", "P29_006": "4", "P29_007": "0", "P29_008": "00", "P29_009": null }, "geometry": { "type": "Point", "coordinates": [ 130.343188697928042, 33.558792157943785 ] } },
{ "type": "Feature", "properties": { "P29_001": "40137", "P29_002": "A140313001121", "P29_003": "16011", "P29_004": "はらきた幼稚園", "P29_005": "福岡県福岡市早良区南庄5-3-1", "P29_006": "4", "P29_007": "0", "P29_008": "00", "P29_009": null }, "geometry": { "type": "Point", "coordinates": [ 130.332518882254959, 33.576006716862679 ] } },
{ "type": "Feature", "properties": { "P29_001": "40137", "P29_002": "A140313001130", "P29_003": "16011", "P29_004": "早良幼稚園", "P29_005": "福岡県福岡市早良区野芥8-33-23", "P29_006": "4", "P29_007": "0", "P29_008": "00", "P29_009": null }, "geometry": { "type": "Point", "coordinates": [ 130.337771971178199, 33.536267336332934 ] } },
{ "type": "Feature", "properties": { "P29_001": "40137", "P29_002": "A140313001149", "P29_003": "16011", "P29_004": "紅葉幼稚園", "P29_005": "福岡県福岡市早良区田村6-21-7", "P29_006": "4", "P29_007": "0", "P29_008": "00", "P29_009": null }, "geometry": { "type": "Point", "coordinates": [ 130.331320241796675, 33.538085192035361 ] } },
{ "type": "Feature", "properties": { "P29_001": "40137", "P29_002": "A140313001158", "P29_003": "16011", "P29_004": "さわらサクラ幼稚園", "P29_005": "福岡県福岡市早良区四箇田団地6-1", "P29_006": "4", "P29_007": "0", "P29_008": "00", "P29_009": null }, "geometry": { "type": "Point", "coordinates": [ 130.328789420340826, 33.533540085098885 ] } },
{ "type": "Feature", "properties": { "P29_001": "40137", "P29_002": "A140313001167", "P29_003": "16011", "P29_004": "西福岡幼稚園", "P29_005": "福岡県福岡市早良区次郎丸2-21-33", "P29_006": "4", "P29_007": "0", "P29_008": "00", "P29_009": null }, "geometry": { "type": "Point", "coordinates": [ 130.329079864787076, 33.556346857172812 ] } },
{ "type": "Feature", "properties": { "P29_001": "40137", "P29_002": "A140313001176", "P29_003": "16011", "P29_004": "さつき幼稚園", "P29_005": "福岡県福岡市早良区西油山154", "P29_006": "4", "P29_007": "0", "P29_008": "00", "P29_009": null }, "geometry": { "type": "Point", "coordinates": [ 130.352509967526231, 33.532915442405745 ] } },
{ "type": "Feature", "properties": { "P29_001": "40202", "P29_002": "A140320200018", "P29_003": "16011", "P29_004": "認定こども園大牟田天使幼稚園", "P29_005": "福岡県大牟田市有明町2-2-12", "P29_006": "4", "P29_007": "0", "P29_008": "00", "P29_009": null }, "geometry": { "type": "Point", "coordinates": [ 130.446785584742827, 33.030923885413372 ] } },
{ "type": "Feature", "properties": { "P29_001": "40202", "P29_002": "A140320200027", "P29_003": "16011", "P29_004": "認定こども園めぐみ幼稚園", "P29_005": "福岡県大牟田市正山町9", "P29_006": "4", "P29_007": "0", "P29_008": "00", "P29_009": null }, "geometry": { "type": "Point", "coordinates": [ 130.440372475647592, 33.023014365225372 ] } },
{ "type": "Feature", "properties": { "P29_001": "40202", "P29_002": "A140320200036", "P29_003": "16011", "P29_004": "はやめ幼稚園", "P29_005": "福岡県大牟田市黄金町1-406", "P29_006": "4", "P29_007": "0", "P29_008": "00", "P29_009": null }, "geometry": { "type": "Point", "coordinates": [ 130.451795115371823, 33.017337390246468 ] } },
{ "type": "Feature", "properties": { "P29_001": "40202", "P29_002": "A140320200054", "P29_003": "16011", "P29_004": "大鳥幼稚園", "P29_005": "福岡県大牟田市姫島町36-8", "P29_006": "4", "P29_007": "0", "P29_008": "00", "P29_009": null }, "geometry": { "type": "Point", "coordinates": [ 130.428627209101279, 33.014115643260794 ] } },
{ "type": "Feature", "properties": { "P29_001": "40202", "P29_002": "A140320200063", "P29_003": "16011", "P29_004": "光の子幼稚園", "P29_005": "福岡県大牟田市古町1-3", "P29_006": "4", "P29_007": "0", "P29_008": "00", "P29_009": null }, "geometry": { "type": "Point", "coordinates": [ 130.445639506706272, 33.033532772632647 ] } },
{ "type": "Feature", "properties": { "P29_001": "40202", "P29_002": "A140320200072", "P29_003": "16011", "P29_004": "認定こども園たから幼稚園", "P29_005": "福岡県大牟田市宝坂町1-63", "P29_006": "4", "P29_007": "0", "P29_008": "00", "P29_009": null }, "geometry": { "type": "Point", "coordinates": [ 130.44515161663017, 33.025189219791145 ] } },
{ "type": "Feature", "properties": { "P29_001": "40202", "P29_002": "A140320200090", "P29_003": "16011", "P29_004": "白川幼稚園", "P29_005": "福岡県大牟田市中白川町2-1-21", "P29_006": "4", "P29_007": "0", "P29_008": "00", "P29_009": null }, "geometry": { "type": "Point", "coordinates": [ 130.461796943703064, 33.043490199403479 ] } },
{ "type": "Feature", "properties": { "P29_001": "40202", "P29_002": "A140320200107", "P29_003": "16011", "P29_004": "明治幼稚園", "P29_005": "福岡県大牟田市中町2-3-3", "P29_006": "4", "P29_007": "0", "P29_008": "00", "P29_009": null }, "geometry": { "type": "Point", "coordinates": [ 130.445008355001022, 33.041478876466293 ] } },
{ "type": "Feature", "properties": { "P29_001": "40202", "P29_002": "A140320200125", "P29_003": "16011", "P29_004": "高取聖マリア幼稚園", "P29_005": "福岡県大牟田市大字歴木735-1", "P29_006": "4", "P29_007": "0", "P29_008": "00", "P29_009": null }, "geometry": { "type": "Point", "coordinates": [ 130.482882362862966, 33.034724719848619 ] } },
{ "type": "Feature", "properties": { "P29_001": "40203", "P29_002": "A140320300017", "P29_003": "16011", "P29_004": "久留米信愛幼稚園", "P29_005": "福岡県久留米市御井町2278-1", "P29_006": "4", "P29_007": "0", "P29_008": "00", "P29_009": null }, "geometry": { "type": "Point", "coordinates": [ 130.551626334152786, 33.298164997802829 ] } },
{ "type": "Feature", "properties": { "P29_001": "40203", "P29_002": "A140320300026", "P29_003": "16011", "P29_004": "久留米純心幼稚園", "P29_005": "福岡県久留米市山川追分1-12-30", "P29_006": "4", "P29_007": "0", "P29_008": "00", "P29_009": null }, "geometry": { "type": "Point", "coordinates": [ 130.563689621735818, 33.313939044671997 ] } },
{ "type": "Feature", "properties": { "P29_001": "40203", "P29_002": "A140320300035", "P29_003": "16011", "P29_004": "国分幼稚園", "P29_005": "福岡県久留米市国分町215", "P29_006": "4", "P29_007": "0", "P29_008": "00", "P29_009": null }, "geometry": { "type": "Point", "coordinates": [ 130.53978927968717, 33.293730720935613 ] } },
{ "type": "Feature", "properties": { "P29_001": "40203", "P29_002": "A140320300053", "P29_003": "16011", "P29_004": "学校法人久留米大谷学園大谷幼稚園", "P29_005": "福岡県久留米市西町540-1", "P29_006": "4", "P29_007": "0", "P29_008": "00", "P29_009": null }, "geometry": { "type": "Point", "coordinates": [ 130.514649483211343, 33.303205195101881 ] } },
{ "type": "Feature", "properties": { "P29_001": "40203", "P29_002": "A140320300080", "P29_003": "16011", "P29_004": "莊島幼稚園", "P29_005": "福岡県久留米市小頭町4-2", "P29_006": "4", "P29_007": "0", "P29_008": "00", "P29_009": null }, "geometry": { "type": "Point", "coordinates": [ 130.509375771329189, 33.312612628250832 ] } },
{ "type": "Feature", "properties": { "P29_001": "40203", "P29_002": "A140320300099", "P29_003": "16011", "P29_004": "聖使幼稚園", "P29_005": "福岡県久留米市中央町30-5", "P29_006": "4", "P29_007": "0", "P29_008": "00", "P29_009": null }, "geometry": { "type": "Point", "coordinates": [ 130.507305454063555, 33.317260763969209 ] } },
{ "type": "Feature", "properties": { "P29_001": "40203", "P29_002": "A140320300106", "P29_003": "16011", "P29_004": "日善幼稚園", "P29_005": "福岡県久留米市日吉町16-3", "P29_006": "4", "P29_007": "0", "P29_008": "00", "P29_009": null }, "geometry": { "type": "Point", "coordinates": [ 130.51368522990353, 33.315159908546903 ] } },
{ "type": "Feature", "properties": { "P29_001": "40203", "P29_002": "A140320300115", "P29_003": "16011", "P29_004": "津福今幼稚園", "P29_005": "福岡県久留米市西町121-8", "P29_006": "4", "P29_007": "0", "P29_008": "00", "P29_009": null }, "geometry": { "type": "Point", "coordinates": [ 130.512833800690657, 33.295478200292528 ] } },
{ "type": "Feature", "properties": { "P29_001": "40203", "P29_002": "A140320300124", "P29_003": "16011", "P29_004": "高良内幼稚園", "P29_005": "福岡県久留米市高良内町1226", "P29_006": "4", "P29_007": "0", "P29_008": "00", "P29_009": null }, "geometry": { "type": "Point", "coordinates": [ 130.568109011324253, 33.28929911867246 ] } },
{ "type": "Feature", "properties": { "P29_001": "40203", "P29_002": "A140320300133", "P29_003": "16011", "P29_004": "大善寺幼稚園", "P29_005": "福岡県久留米市大善寺町宮本791", "P29_006": "4", "P29_007": "0", "P29_008": "00", "P29_009": null }, "geometry": { "type": "Point", "coordinates": [ 130.479373916767543, 33.278236588937631 ] } },
{ "type": "Feature", "properties": { "P29_001": "40203", "P29_002": "A140320300142", "P29_003": "16011", "P29_004": "学校法人ランビニ幼稚園", "P29_005": "福岡県久留米市善導寺町飯田字北屋敷683-1", "P29_006": "4", "P29_007": "0", "P29_008": "00", "P29_009": null }, "geometry": { "type": "Point", "coordinates": [ 130.605621246702128, 33.330133210540701 ] } },
{ "type": "Feature", "properties": { "P29_001": "40203", "P29_002": "A140320300151", "P29_003": "16011", "P29_004": "久留米あかつき幼稚園", "P29_005": "福岡県久留米市東櫛原町1914", "P29_006": "4", "P29_007": "0", "P29_008": "00", "P29_009": null }, "geometry": { "type": "Point", "coordinates": [ 130.526861105178881, 33.317200267889831 ] } },
{ "type": "Feature", "properties": { "P29_001": "40203", "P29_002": "A140320300160", "P29_003": "16011", "P29_004": "正進幼稚園", "P29_005": "福岡県久留米市津福今町471-10", "P29_006": "4", "P29_007": "0", "P29_008": "00", "P29_009": null }, "geometry": { "type": "Point", "coordinates": [ 130.500900743804607, 33.292591647652095 ] } },
{ "type": "Feature", "properties": { "P29_001": "40203", "P29_002": "A140320300179", "P29_003": "16011", "P29_004": "城島すみれ幼稚園", "P29_005": "福岡県久留米市城島町六町原812-1", "P29_006": "4", "P29_007": "0", "P29_008": "00", "P29_009": null }, "geometry": { "type": "Point", "coordinates": [ 130.435926959420073, 33.251326993446028 ] } },
{ "type": "Feature", "properties": { "P29_001": "40203", "P29_002": "A140320300188", "P29_003": "16011", "P29_004": "学校法人葛西学園久留米幼稚園", "P29_005": "福岡県久留米市長門石4-10-3", "P29_006": "4", "P29_007": "0", "P29_008": "00", "P29_009": null }, "geometry": { "type": "Point", "coordinates": [ 130.484610584124681, 33.332383644758174 ] } },
{ "type": "Feature", "properties": { "P29_001": "40203", "P29_002": "A140320300197", "P29_003": "16011", "P29_004": "久留米ふたば幼稚園", "P29_005": "福岡県久留米市宮ノ陣4-11-36", "P29_006": "4", "P29_007": "0", "P29_008": "00", "P29_009": null }, "geometry": { "type": "Point", "coordinates": [ 130.534072763578706, 33.330473822041704 ] } },
{ "type": "Feature", "properties": { "P29_001": "40203", "P29_002": "A140320300204", "P29_003": "16011", "P29_004": "巨瀬川幼稚園", "P29_005": "福岡県久留米市田主丸町田主丸743-5", "P29_006": "4", "P29_007": "0", "P29_008": "00", "P29_009": null }, "geometry": { "type": "Point", "coordinates": [ 130.682231712756305, 33.337962098009911 ] } },
{ "type": "Feature", "properties": { "P29_001": "40203", "P29_002": "A140320300213", "P29_003": "16011", "P29_004": "敬愛文化幼稚園", "P29_005": "福岡県久留米市城島町西青木582-1", "P29_006": "4", "P29_007": "0", "P29_008": "00", "P29_009": null }, "geometry": { "type": "Point", "coordinates": [ 130.388316406588245, 33.240121981901325 ] } },
{ "type": "Feature", "properties": { "P29_001": "40204", "P29_002": "A140320400016", "P29_003": "16011", "P29_004": "下境幼稚園", "P29_005": "福岡県直方市大字下境2134-5", "P29_006": "4", "P29_007": "0", "P29_008": "00", "P29_009": null }, "geometry": { "type": "Point", "coordinates": [ 130.739891933872514, 33.732780101211773 ] } },
{ "type": "Feature", "properties": { "P29_001": "40204", "P29_002": "A140320400025", "P29_003": "16011", "P29_004": "大和幼稚園", "P29_005": "福岡県直方市頓野3808-1", "P29_006": "4", "P29_007": "0", "P29_008": "00", "P29_009": null }, "geometry": { "type": "Point", "coordinates": [ 130.735864356452936, 33.749800379884661 ] } },
{ "type": "Feature", "properties": { "P29_001": "40204", "P29_002": "A140320400034", "P29_003": "16011", "P29_004": "清光寺幼稚園", "P29_005": "福岡県直方市大字中泉91", "P29_006": "4", "P29_007": "0", "P29_008": "00", "P29_009": null }, "geometry": { "type": "Point", "coordinates": [ 130.745859600293841, 33.718397527358249 ] } },
{ "type": "Feature", "properties": { "P29_001": "40204", "P29_002": "A140320400043", "P29_003": "16011", "P29_004": "西徳寺幼稚園", "P29_005": "福岡県直方市山部553-1", "P29_006": "4", "P29_007": "0", "P29_008": "00", "P29_009": null }, "geometry": { "type": "Point", "coordinates": [ 130.721858435945308, 33.746692193137022 ] } },
{ "type": "Feature", "properties": { "P29_001": "40204", "P29_002": "A140320400061", "P29_003": "16011", "P29_004": "新入幼稚園", "P29_005": "福岡県直方市大字下新入1571-2", "P29_006": "4", "P29_007": "0", "P29_008": "00", "P29_009": null }, "geometry": { "type": "Point", "coordinates": [ 130.705690438589244, 33.755828315337496 ] } },
{ "type": "Feature", "properties": { "P29_001": "40204", "P29_002": "A140320400070", "P29_003": "16011", "P29_004": "学校法人浄福寺学園浄福寺幼稚園", "P29_005": "福岡県直方市感田879", "P29_006": "4", "P29_007": "0", "P29_008": "00", "P29_009": null }, "geometry": { "type": "Point", "coordinates": [ 130.745930625448437, 33.766001922480037 ] } },
{ "type": "Feature", "properties": { "P29_001": "40205", "P29_002": "A140320500015", "P29_003": "16011", "P29_004": "ひまわり幼稚園", "P29_005": "福岡県飯塚市片島2-20-22", "P29_006": "4", "P29_007": "0", "P29_008": "00", "P29_009": null }, "geometry": { "type": "Point", "coordinates": [ 130.681892311472893, 33.645455265335201 ] } },
{ "type": "Feature", "properties": { "P29_001": "40205", "P29_002": "A140320500024", "P29_003": "16011", "P29_004": "近畿大学九州短期大学附属幼稚園", "P29_005": "福岡県飯塚市菰田東1-5-30", "P29_006": "4", "P29_007": "0", "P29_008": "00", "P29_009": null }, "geometry": { "type": "Point", "coordinates": [ 130.691353441856705, 33.629345062938903 ] } },
{ "type": "Feature", "properties": { "P29_001": "40205", "P29_002": "A140320500033", "P29_003": "16011", "P29_004": "飯塚聖母幼稚園", "P29_005": "福岡県飯塚市新立岩1-11", "P29_006": "4", "P29_007": "0", "P29_008": "00", "P29_009": null }, "geometry": { "type": "Point", "coordinates": [ 130.692522613676772, 33.646062533675021 ] } },
{ "type": "Feature", "properties": { "P29_001": "40205", "P29_002": "A140320500042", "P29_003": "16011", "P29_004": "和光幼稚園", "P29_005": "福岡県飯塚市本町20-9", "P29_006": "4", "P29_007": "0", "P29_008": "00", "P29_009": null }, "geometry": { "type": "Point", "coordinates": [ 130.683773903225216, 33.637726717077946 ] } },
{ "type": "Feature", "properties": { "P29_001": "40205", "P29_002": "A140320500051", "P29_003": "16011", "P29_004": "了専寺白菊幼稚園", "P29_005": "福岡県飯塚市小正80", "P29_006": "4", "P29_007": "0", "P29_008": "00", "P29_009": null }, "geometry": { "type": "Point", "coordinates": [ 130.661050448701047, 33.625612219171309 ] } },
{ "type": "Feature", "properties": { "P29_001": "40205", "P29_002": "A140320500060", "P29_003": "16011", "P29_004": "認定こども園桜ヶ丘幼稚園", "P29_005": "福岡県飯塚市菰田東2-4-50", "P29_006": "4", "P29_007": "0", "P29_008": "00", "P29_009": null }, "geometry": { "type": "Point", "coordinates": [ 130.689957396512966, 33.632698718920835 ] } },
{ "type": "Feature", "properties": { "P29_001": "40205", "P29_002": "A140320500088", "P29_003": "16011", "P29_004": "いぎすれんげ幼稚園", "P29_005": "福岡県飯塚市伊岐須677-3", "P29_006": "4", "P29_007": "0", "P29_008": "00", "P29_009": null }, "geometry": { "type": "Point", "coordinates": [ 130.660196733896726, 33.650901164722725 ] } },
{ "type": "Feature", "properties": { "P29_001": "40205", "P29_002": "A140320500097", "P29_003": "16011", "P29_004": "愛宕幼稚園", "P29_005": "福岡県飯塚市鯰田市の間2578-40", "P29_006": "4", "P29_007": "0", "P29_008": "00", "P29_009": null }, "geometry": { "type": "Point", "coordinates": [ 130.703998427433049, 33.649882430981215 ] } },
{ "type": "Feature", "properties": { "P29_001": "40206", "P29_002": "A140320600014", "P29_003": "16011", "P29_004": "学校法人福岡カトリック学園田川カトリック幼稚園", "P29_005": "福岡県田川市上本町9-6", "P29_006": "4", "P29_007": "0", "P29_008": "00", "P29_009": null }, "geometry": { "type": "Point", "coordinates": [ 130.798739948943791, 33.625570471629423 ] } },
{ "type": "Feature", "properties": { "P29_001": "40207", "P29_002": "A140320700031", "P29_003": "16011", "P29_004": "学校法人崇樹学園豊原幼稚園", "P29_005": "福岡県柳川市大和町豊原16-6", "P29_006": "4", "P29_007": "0", "P29_008": "00", "P29_009": null }, "geometry": { "type": "Point", "coordinates": [ 130.429622724951457, 33.143057466329743 ] } },
{ "type": "Feature", "properties": { "P29_001": "40207", "P29_002": "A140320700040", "P29_003": "16011", "P29_004": "柳川みのり幼稚園", "P29_005": "福岡県柳川市七ッ家447-1", "P29_006": "4", "P29_007": "0", "P29_008": "00", "P29_009": null }, "geometry": { "type": "Point", "coordinates": [ 130.371114098349494, 33.165265240312102 ] } },
{ "type": "Feature", "properties": { "P29_001": "40210", "P29_002": "A140321000018", "P29_003": "16011", "P29_004": "さいしょうじ幼稚園", "P29_005": "福岡県八女市大字本町80", "P29_006": "4", "P29_007": "0", "P29_008": "00", "P29_009": null }, "geometry": { "type": "Point", "coordinates": [ 130.558326734442858, 33.210567584310354 ] } },
{ "type": "Feature", "properties": { "P29_001": "40210", "P29_002": "A140321000027", "P29_003": "16011", "P29_004": "福島幼稚園", "P29_005": "福岡県八女市本町323", "P29_006": "4", "P29_007": "0", "P29_008": "00", "P29_009": null }, "geometry": { "type": "Point", "coordinates": [ 130.553109863194749, 33.211560485711388 ] } },
{ "type": "Feature", "properties": { "P29_001": "40210", "P29_002": "A140321000036", "P29_003": "16011", "P29_004": "白百合幼稚園", "P29_005": "福岡県八女市大字祈祷院407", "P29_006": "4", "P29_007": "0", "P29_008": "00", "P29_009": null }, "geometry": { "type": "Point", "coordinates": [ 130.587454928416633, 33.213448840899744 ] } },
{ "type": "Feature", "properties": { "P29_001": "40210", "P29_002": "A140321000045", "P29_003": "16011", "P29_004": "つくし幼稚園", "P29_005": "福岡県八女市上陽町812", "P29_006": "4", "P29_007": "0", "P29_008": "00", "P29_009": null }, "geometry": { "type": "Point", "coordinates": [ 130.649343383850805, 33.239659344482504 ] } },
{ "type": "Feature", "properties": { "P29_001": "40210", "P29_002": "A140321000054", "P29_003": "16011", "P29_004": "ふじなみ幼稚園", "P29_005": "福岡県八女市黒木町桑原978-1", "P29_006": "4", "P29_007": "0", "P29_008": "00", "P29_009": null }, "geometry": { "type": "Point", "coordinates": [ 130.659928122946809, 33.212568755583789 ] } },
{ "type": "Feature", "properties": { "P29_001": "40211", "P29_002": "A140321100017", "P29_003": "16011", "P29_004": "九州大谷幼稚園", "P29_005": "福岡県筑後市蔵数字大谷496-28", "P29_006": "4", "P29_007": "0", "P29_008": "00", "P29_009": null }, "geometry": { "type": "Point", "coordinates": [ 130.505491737837815, 33.241938854770119 ] } },
{ "type": "Feature", "properties": { "P29_001": "40212", "P29_002": "A140321200016", "P29_003": "16011", "P29_004": "風浪宮しらさぎ幼稚園", "P29_005": "福岡県大川市大字酒見780-1", "P29_006": "4", "P29_007": "0", "P29_008": "00", "P29_009": null }, "geometry": { "type": "Point", "coordinates": [ 130.385703391875097, 33.212246008948163 ] } },
{ "type": "Feature", "properties": { "P29_001": "40212", "P29_002": "A140321200025", "P29_003": "16011", "P29_004": "若津幼稚園", "P29_005": "福岡県大川市大字向島2093-1", "P29_006": "4", "P29_007": "0", "P29_008": "00", "P29_009": null }, "geometry": { "type": "Point", "coordinates": [ 130.367381377321664, 33.213272564187065 ] } },
{ "type": "Feature", "properties": { "P29_001": "40212", "P29_002": "A140321200034", "P29_003": "16011", "P29_004": "三又幼稚園", "P29_005": "福岡県大川市大字中古賀426-4", "P29_006": "4", "P29_007": "0", "P29_008": "00", "P29_009": null }, "geometry": { "type": "Point", "coordinates": [ 130.392661736129043, 33.229320887645201 ] } },
{ "type": "Feature", "properties": { "P29_001": "40212", "P29_002": "A140321200043", "P29_003": "16011", "P29_004": "一木幼稚園", "P29_005": "福岡県大川市大字一木1198-1", "P29_006": "4", "P29_007": "0", "P29_008": "00", "P29_009": null }, "geometry": { "type": "Point", "coordinates": [ 130.369058813320123, 33.190871542408445 ] } },
{ "type": "Feature", "properties": { "P29_001": "40213", "P29_002": "A140321300015", "P29_003": "16011", "P29_004": "学校法人福岡カトリック学園行橋カトリック幼稚園", "P29_005": "福岡県行橋市門樋町8-5", "P29_006": "4", "P29_007": "0", "P29_008": "00", "P29_009": null }, "geometry": { "type": "Point", "coordinates": [ 130.976859976855877, 33.725374640496675 ] } },
{ "type": "Feature", "properties": { "P29_001": "40213", "P29_002": "A140321300024", "P29_003": "16011", "P29_004": "もんじゅ幼稚園", "P29_005": "福岡県行橋市大字元永721", "P29_006": "4", "P29_007": "0", "P29_008": "00", "P29_009": null }, "geometry": { "type": "Point", "coordinates": [ 131.005837299847826, 33.723683286399876 ] } },
{ "type": "Feature", "properties": { "P29_001": "40213", "P29_002": "A140321300033", "P29_003": "16011", "P29_004": "きらきら星幼稚園", "P29_005": "福岡県行橋市矢留810", "P29_006": "4", "P29_007": "0", "P29_008": "00", "P29_009": null }, "geometry": { "type": "Point", "coordinates": [ 130.96694393615158, 33.701544294786061 ] } },
{ "type": "Feature", "properties": { "P29_001": "40213", "P29_002": "A140321300042", "P29_003": "16011", "P29_004": "第二もんじゅ幼稚園", "P29_005": "福岡県行橋市大字二塚向原836-2", "P29_006": "4", "P29_007": "0", "P29_008": "00", "P29_009": null }, "geometry": { "type": "Point", "coordinates": [ 130.941828386772301, 33.719310341414612 ] } },
{ "type": "Feature", "properties": { "P29_001": "40213", "P29_002": "A140321300051", "P29_003": "16011", "P29_004": "みずほ幼稚園", "P29_005": "福岡県行橋市行事3-11-16", "P29_006": "4", "P29_007": "0", "P29_008": "00", "P29_009": null }, "geometry": { "type": "Point", "coordinates": [ 130.976169808958701, 33.740377560870222 ] } },
{ "type": "Feature", "properties": { "P29_001": "40213", "P29_002": "A140321300060", "P29_003": "16011", "P29_004": "野菊幼稚園", "P29_005": "福岡県行橋市大字道場寺林山641", "P29_006": "4", "P29_007": "0", "P29_008": "00", "P29_009": null }, "geometry": { "type": "Point", "coordinates": [ 131.000015187692014, 33.697401449909023 ] } },
{ "type": "Feature", "properties": { "P29_001": "40214", "P29_002": "A140321400014", "P29_003": "16011", "P29_004": "豊前幼稚園", "P29_005": "福岡県豊前市大字赤熊1020", "P29_006": "4", "P29_007": "0", "P29_008": "00", "P29_009": null }, "geometry": { "type": "Point", "coordinates": [ 131.134474382444211, 33.618235542018262 ] } },
{ "type": "Feature", "properties": { "P29_001": "40215", "P29_002": "A140321500013", "P29_003": "16011", "P29_004": "はぶ幼稚園", "P29_005": "福岡県中間市垣生423", "P29_006": "4", "P29_007": "0", "P29_008": "00", "P29_009": null }, "geometry": { "type": "Point", "coordinates": [ 130.700618763346512, 33.817442526534663 ] } },
{ "type": "Feature", "properties": { "P29_001": "40215", "P29_002": "A140321500022", "P29_003": "16011", "P29_004": "明願寺幼稚園", "P29_005": "福岡県中間市中間4-8-2", "P29_006": "4", "P29_007": "0", "P29_008": "00", "P29_009": null }, "geometry": { "type": "Point", "coordinates": [ 130.710541957943178, 33.819266057560739 ] } },
{ "type": "Feature", "properties": { "P29_001": "40215", "P29_002": "A140321500031", "P29_003": "16011", "P29_004": "中間中央幼稚園", "P29_005": "福岡県中間市中央4-8-28", "P29_006": "4", "P29_007": "0", "P29_008": "00", "P29_009": null }, "geometry": { "type": "Point", "coordinates": [ 130.715264138177616, 33.825896203330821 ] } },
{ "type": "Feature", "properties": { "P29_001": "40215", "P29_002": "A140321500040", "P29_003": "16011", "P29_004": "中間東幼稚園", "P29_005": "福岡県中間市扇ヶ浦2-22-1", "P29_006": "4", "P29_007": "0", "P29_008": "00", "P29_009": null }, "geometry": { "type": "Point", "coordinates": [ 130.722755868604793, 33.815768719161227 ] } },
{ "type": "Feature", "properties": { "P29_001": "40215", "P29_002": "A140321500059", "P29_003": "16011", "P29_004": "緑ケ丘第三幼稚園", "P29_005": "福岡県中間市浄花町21-1", "P29_006": "4", "P29_007": "0", "P29_008": "00", "P29_009": null }, "geometry": { "type": "Point", "coordinates": [ 130.699598380831247, 33.832549538333112 ] } },
{ "type": "Feature", "properties": { "P29_001": "40215", "P29_002": "A140321500068", "P29_003": "16011", "P29_004": "中間南幼稚園", "P29_005": "福岡県中間市通谷5-2-1", "P29_006": "4", "P29_007": "0", "P29_008": "00", "P29_009": null }, "geometry": { "type": "Point", "coordinates": [ 130.738276894883768, 33.816080498701389 ] } },
{ "type": "Feature", "properties": { "P29_001": "40216", "P29_002": "A140321600021", "P29_003": "16011", "P29_004": "三井幼稚園", "P29_005": "福岡県小郡市吹上字向野993-1", "P29_006": "4", "P29_007": "0", "P29_008": "00", "P29_009": null }, "geometry": { "type": "Point", "coordinates": [ 130.58691835720029, 33.414528399637192 ] } },
{ "type": "Feature", "properties": { "P29_001": "40216", "P29_002": "A140321600030", "P29_003": "16011", "P29_004": "麻生学園アスター幼稚園", "P29_005": "福岡県小郡市希みが丘5-6-11", "P29_006": "4", "P29_007": "0", "P29_008": "00", "P29_009": null }, "geometry": { "type": "Point", "coordinates": [ 130.545445267565668, 33.439021224167767 ] } },
{ "type": "Feature", "properties": { "P29_001": "40217", "P29_002": "A140321700020", "P29_003": "16011", "P29_004": "御笠学園いしざき幼稚園", "P29_005": "福岡県筑紫野市石崎2-12-28", "P29_006": "4", "P29_007": "0", "P29_008": "00", "P29_009": null }, "geometry": { "type": "Point", "coordinates": [ 130.528751572901996, 33.48895801909697 ] } },
{ "type": "Feature", "properties": { "P29_001": "40217", "P29_002": "A140321700039", "P29_003": "16011", "P29_004": "淡窓学園筑紫野幼稚園", "P29_005": "福岡県筑紫野市筑紫626", "P29_006": "4", "P29_007": "0", "P29_008": "00", "P29_009": null }, "geometry": { "type": "Point", "coordinates": [ 130.551146224383416, 33.461154330474464 ] } },
{ "type": "Feature", "properties": { "P29_001": "40217", "P29_002": "A140321700048", "P29_003": "16011", "P29_004": "筑紫野中央幼稚園", "P29_005": "福岡県筑紫野市上古賀3-13-1", "P29_006": "4", "P29_007": "0", "P29_008": "00", "P29_009": null }, "geometry": { "type": "Point", "coordinates": [ 130.522516081705589, 33.484370054082305 ] } },
{ "type": "Feature", "properties": { "P29_001": "40217", "P29_002": "A140321700066", "P29_003": "16011", "P29_004": "美しが丘幼稚園", "P29_005": "福岡県筑紫野市美しが丘南1-11-1", "P29_006": "4", "P29_007": "0", "P29_008": "00", "P29_009": null }, "geometry": { "type": "Point", "coordinates": [ 130.543701548037831, 33.447265584358874 ] } },
{ "type": "Feature", "properties": { "P29_001": "40217", "P29_002": "A140321700075", "P29_003": "16011", "P29_004": "サルナートの森幼稚園", "P29_005": "福岡県筑紫野市光が丘2-2-1", "P29_006": "4", "P29_007": "0", "P29_008": "00", "P29_009": null }, "geometry": { "type": "Point", "coordinates": [ 130.556039763811413, 33.455003583912273 ] } },
{ "type": "Feature", "properties": { "P29_001": "40218", "P29_002": "A140321800010", "P29_003": "16011", "P29_004": "森の木幼稚園", "P29_005": "福岡県春日市昇町2-85", "P29_006": "4", "P29_007": "0", "P29_008": "00", "P29_009": null }, "geometry": { "type": "Point", "coordinates": [ 130.446571060464294, 33.531142656692595 ] } },
{ "type": "Feature", "properties": { "P29_001": "40218", "P29_002": "A140321800029", "P29_003": "16011", "P29_004": "須玖幼稚園", "P29_005": "福岡県春日市須玖北8-56", "P29_006": "4", "P29_007": "0", "P29_008": "00", "P29_009": null }, "geometry": { "type": "Point", "coordinates": [ 130.442360504177117, 33.54140789400504 ] } },
{ "type": "Feature", "properties": { "P29_001": "40218", "P29_002": "A140321800038", "P29_003": "16011", "P29_004": "認定こども園恵星幼稚園", "P29_005": "福岡県春日市春日原北町4-23", "P29_006": "4", "P29_007": "0", "P29_008": "00", "P29_009": null }, "geometry": { "type": "Point", "coordinates": [ 130.471015546567628, 33.535986474211334 ] } },
{ "type": "Feature", "properties": { "P29_001": "40218", "P29_002": "A140321800047", "P29_003": "16011", "P29_004": "春日幼稚園", "P29_005": "福岡県春日市春日3-42", "P29_006": "4", "P29_007": "0", "P29_008": "00", "P29_009": null }, "geometry": { "type": "Point", "coordinates": [ 130.472812483274339, 33.522481429336388 ] } },
{ "type": "Feature", "properties": { "P29_001": "40218", "P29_002": "A140321800056", "P29_003": "16011", "P29_004": "春日小鳩幼稚園", "P29_005": "福岡県春日市岡本1-86", "P29_006": "4", "P29_007": "0", "P29_008": "00", "P29_009": null }, "geometry": { "type": "Point", "coordinates": [ 130.449527012616045, 33.541225885340964 ] } },
{ "type": "Feature", "properties": { "P29_001": "40218", "P29_002": "A140321800065", "P29_003": "16011", "P29_004": "宝幼稚園", "P29_005": "福岡県春日市宝町4-14-1", "P29_006": "4", "P29_007": "0", "P29_008": "00", "P29_009": null }, "geometry": { "type": "Point", "coordinates": [ 130.459739064422791, 33.534496087754739 ] } },
{ "type": "Feature", "properties": { "P29_001": "40218", "P29_002": "A140321800074", "P29_003": "16011", "P29_004": "泉ヶ丘幼稚園", "P29_005": "福岡県春日市泉2-2", "P29_006": "4", "P29_007": "0", "P29_008": "00", "P29_009": null }, "geometry": { "type": "Point", "coordinates": [ 130.437237309388735, 33.529551767269226 ] } },
{ "type": "Feature", "properties": { "P29_001": "40218", "P29_002": "A140321800083", "P29_003": "16011", "P29_004": "くすの木幼稚園", "P29_005": "福岡県春日市若葉台西6-103", "P29_006": "4", "P29_007": "0", "P29_008": "00", "P29_009": null }, "geometry": { "type": "Point", "coordinates": [ 130.458090355364391, 33.525008808147618 ] } },
{ "type": "Feature", "properties": { "P29_001": "40218", "P29_002": "A140321800092", "P29_003": "16011", "P29_004": "もみの木幼稚園", "P29_005": "福岡県春日市上白水5-34", "P29_006": "4", "P29_007": "0", "P29_008": "00", "P29_009": null }, "geometry": { "type": "Point", "coordinates": [ 130.44182229651318, 33.520605651709317 ] } },
{ "type": "Feature", "properties": { "P29_001": "40219", "P29_002": "A140321900019", "P29_003": "16011", "P29_004": "橘学園大野南幼稚園", "P29_005": "福岡県大野城市上大利1-8-1", "P29_006": "4", "P29_007": "0", "P29_008": "00", "P29_009": null }, "geometry": { "type": "Point", "coordinates": [ 130.480529854516675, 33.519583450841594 ] } },
{ "type": "Feature", "properties": { "P29_001": "40219", "P29_002": "A140321900028", "P29_003": "16011", "P29_004": "日和香幼稚園", "P29_005": "福岡県大野城市下大利1-5-21", "P29_006": "4", "P29_007": "0", "P29_008": "00", "P29_009": null }, "geometry": { "type": "Point", "coordinates": [ 130.486371209108057, 33.522282115435928 ] } },
{ "type": "Feature", "properties": { "P29_001": "40219", "P29_002": "A140321900037", "P29_003": "16011", "P29_004": "みかさ幼稚園", "P29_005": "福岡県大野城市仲畑4-23-20", "P29_006": "4", "P29_007": "0", "P29_008": "00", "P29_009": null }, "geometry": { "type": "Point", "coordinates": [ 130.472595896598961, 33.549424347730238 ] } },
{ "type": "Feature", "properties": { "P29_001": "40219", "P29_002": "A140321900046", "P29_003": "16011", "P29_004": "南ケ丘幼稚園", "P29_005": "福岡県大野城市南ヶ丘5-19-1", "P29_006": "4", "P29_007": "0", "P29_008": "00", "P29_009": null }, "geometry": { "type": "Point", "coordinates": [ 130.478038151136872, 33.501469001175344 ] } },
{ "type": "Feature", "properties": { "P29_001": "40219", "P29_002": "A140321900055", "P29_003": "16011", "P29_004": "南ケ丘第二幼稚園", "P29_005": "福岡県大野城市旭ヶ丘2-4-10", "P29_006": "4", "P29_007": "0", "P29_008": "00", "P29_009": null }, "geometry": { "type": "Point", "coordinates": [ 130.482525784935206, 33.509541083461322 ] } },
{ "type": "Feature", "properties": { "P29_001": "40219", "P29_002": "A140321900064", "P29_003": "16011", "P29_004": "月の浦幼稚園", "P29_005": "福岡県大野城市月の浦3-23-1", "P29_006": "4", "P29_007": "0", "P29_008": "00", "P29_009": null }, "geometry": { "type": "Point", "coordinates": [ 130.460372655813217, 33.499763741379972 ] } },
{ "type": "Feature", "properties": { "P29_001": "40220", "P29_002": "A140322000016", "P29_003": "16011", "P29_004": "玄海ゆりの樹幼稚園", "P29_005": "福岡県宗像市上八1974", "P29_006": "4", "P29_007": "0", "P29_008": "00", "P29_009": null }, "geometry": { "type": "Point", "coordinates": [ 130.526469316031012, 33.865506420586954 ] } },
{ "type": "Feature", "properties": { "P29_001": "40220", "P29_002": "A140322000043", "P29_003": "16011", "P29_004": "浄徳寺幼稚園", "P29_005": "福岡県宗像市光岡686", "P29_006": "4", "P29_007": "0", "P29_008": "00", "P29_009": null }, "geometry": { "type": "Point", "coordinates": [ 130.555123953929638, 33.787287721447527 ] } },
{ "type": "Feature", "properties": { "P29_001": "40220", "P29_002": "A140322000052", "P29_003": "16011", "P29_004": "赤間くるみ幼稚園", "P29_005": "福岡県宗像市冨地原1075-1", "P29_006": "4", "P29_007": "0", "P29_008": "00", "P29_009": null }, "geometry": { "type": "Point", "coordinates": [ 130.602577684411045, 33.79242824973921 ] } },
{ "type": "Feature", "properties": { "P29_001": "40220", "P29_002": "A140322000061", "P29_003": "16011", "P29_004": "日の里幼稚園", "P29_005": "福岡県宗像市日の里2-3", "P29_006": "4", "P29_007": "0", "P29_008": "00", "P29_009": null }, "geometry": { "type": "Point", "coordinates": [ 130.536379972280486, 33.797112526342907 ] } },
{ "type": "Feature", "properties": { "P29_001": "40220", "P29_002": "A140322000070", "P29_003": "16011", "P29_004": "博多のびっこ幼稚園", "P29_005": "福岡県宗像市日の里7-18-1", "P29_006": "4", "P29_007": "0", "P29_008": "00", "P29_009": null }, "geometry": { "type": "Point", "coordinates": [ 130.532116655311711, 33.785268476165726 ] } },
{ "type": "Feature", "properties": { "P29_001": "40221", "P29_002": "A140322100033", "P29_003": "16011", "P29_004": "水城幼稚園", "P29_005": "福岡県太宰府市坂本3-5-1", "P29_006": "4", "P29_007": "0", "P29_008": "00", "P29_009": null }, "geometry": { "type": "Point", "coordinates": [ 130.508792793253207, 33.516100856555425 ] } },
{ "type": "Feature", "properties": { "P29_001": "40221", "P29_002": "A140322100051", "P29_003": "16011", "P29_004": "たかお幼稚園", "P29_005": "福岡県太宰府市高雄2-3781", "P29_006": "4", "P29_007": "0", "P29_008": "00", "P29_009": null }, "geometry": { "type": "Point", "coordinates": [ 130.541184913999786, 33.501789375977687 ] } },
{ "type": "Feature", "properties": { "P29_001": "40223", "P29_002": "A140322300013", "P29_003": "16011", "P29_004": "暁の星幼稚園", "P29_005": "福岡県古賀市花見東2-23-1", "P29_006": "4", "P29_007": "0", "P29_008": "00", "P29_009": null }, "geometry": { "type": "Point", "coordinates": [ 130.470774472642944, 33.746534639747225 ] } },
{ "type": "Feature", "properties": { "P29_001": "40223", "P29_002": "A140322300022", "P29_003": "16011", "P29_004": "天照幼稚園", "P29_005": "福岡県古賀市舞の里1-13-2", "P29_006": "4", "P29_007": "0", "P29_008": "00", "P29_009": null }, "geometry": { "type": "Point", "coordinates": [ 130.482798748672622, 33.74947393171206 ] } },
{ "type": "Feature", "properties": { "P29_001": "40223", "P29_002": "A140322300031", "P29_003": "16011", "P29_004": "花鶴丘幼稚園", "P29_005": "福岡県古賀市花鶴丘1-23", "P29_006": "4", "P29_007": "0", "P29_008": "00", "P29_009": null }, "geometry": { "type": "Point", "coordinates": [ 130.469137213555484, 33.725668875268092 ] } },
{ "type": "Feature", "properties": { "P29_001": "40224", "P29_002": "A140322400012", "P29_003": "16011", "P29_004": "聖愛幼稚園", "P29_005": "福岡県福津市宮司浜3-14-2", "P29_006": "4", "P29_007": "0", "P29_008": "00", "P29_009": null }, "geometry": { "type": "Point", "coordinates": [ 130.472908290212843, 33.779036399457041 ] } },
{ "type": "Feature", "properties": { "P29_001": "40224", "P29_002": "A140322400021", "P29_003": "16011", "P29_004": "光明幼稚園", "P29_005": "福岡県福津市津屋崎7-12-1", "P29_006": "4", "P29_007": "0", "P29_008": "00", "P29_009": null }, "geometry": { "type": "Point", "coordinates": [ 130.471373663318474, 33.791615199729662 ] } },
{ "type": "Feature", "properties": { "P29_001": "40224", "P29_002": "A140322400030", "P29_003": "16011", "P29_004": "しらぎく幼稚園", "P29_005": "福岡県福津市福間駅東3-4-1", "P29_006": "4", "P29_007": "0", "P29_008": "00", "P29_009": null }, "geometry": { "type": "Point", "coordinates": [ 130.493466168907446, 33.7627513706637 ] } },
{ "type": "Feature", "properties": { "P29_001": "40224", "P29_002": "A140322400058", "P29_003": "16011", "P29_004": "光明の郷幼稚園", "P29_005": "福岡県福津市内殿608-4", "P29_006": "4", "P29_007": "0", "P29_008": "00", "P29_009": null }, "geometry": { "type": "Point", "coordinates": [ 130.518157457082197, 33.752565410783163 ] } },
{ "type": "Feature", "properties": { "P29_001": "40225", "P29_002": "A140322500011", "P29_003": "16011", "P29_004": "吉井幼稚園", "P29_005": "福岡県うきは市吉井町1085-1", "P29_006": "4", "P29_007": "0", "P29_008": "00", "P29_009": null }, "geometry": { "type": "Point", "coordinates": [ 130.760762645563517, 33.344554320356686 ] } },
{ "type": "Feature", "properties": { "P29_001": "40227", "P29_002": "A140322700019", "P29_003": "16011", "P29_004": "長円寺日の丸幼稚園", "P29_005": "福岡県嘉麻市上山田404-24", "P29_006": "4", "P29_007": "0", "P29_008": "00", "P29_009": null }, "geometry": { "type": "Point", "coordinates": [ 130.764261280538932, 33.560968688403392 ] } },
{ "type": "Feature", "properties": { "P29_001": "40227", "P29_002": "A140322700028", "P29_003": "16011", "P29_004": "みのり幼稚園", "P29_005": "福岡県嘉麻市上山田427", "P29_006": "4", "P29_007": "0", "P29_008": "00", "P29_009": null }, "geometry": { "type": "Point", "coordinates": [ 130.765475375118399, 33.562101952217404 ] } },
{ "type": "Feature", "properties": { "P29_001": "40227", "P29_002": "A140322700037", "P29_003": "16011", "P29_004": "大隈ふたば幼稚園", "P29_005": "福岡県嘉麻市大隈町1957-1", "P29_006": "4", "P29_007": "0", "P29_008": "00", "P29_009": null }, "geometry": { "type": "Point", "coordinates": [ 130.742787821184265, 33.544199849023542 ] } },
{ "type": "Feature", "properties": { "P29_001": "40227", "P29_002": "A140322700046", "P29_003": "16011", "P29_004": "いなつきれんげ幼稚園", "P29_005": "福岡県嘉麻市口春650-10", "P29_006": "4", "P29_007": "0", "P29_008": "00", "P29_009": null }, "geometry": { "type": "Point", "coordinates": [ 130.714095194094881, 33.601575430403699 ] } },
{ "type": "Feature", "properties": { "P29_001": "40227", "P29_002": "A140322700064", "P29_003": "16011", "P29_004": "碓井ひかり幼稚園", "P29_005": "福岡県嘉麻市飯田308-1", "P29_006": "4", "P29_007": "0", "P29_008": "00", "P29_009": null }, "geometry": { "type": "Point", "coordinates": [ 130.701792754238795, 33.570082239074459 ] } },
{ "type": "Feature", "properties": { "P29_001": "40228", "P29_002": "A140322800018", "P29_003": "16011", "P29_004": "甘木双葉幼稚園", "P29_005": "福岡県朝倉市下浦734", "P29_006": "4", "P29_007": "0", "P29_008": "00", "P29_009": null }, "geometry": { "type": "Point", "coordinates": [ 130.636861825759013, 33.395915999959897 ] } },
{ "type": "Feature", "properties": { "P29_001": "40228", "P29_002": "A140322800027", "P29_003": "16011", "P29_004": "甘木聖和幼稚園", "P29_005": "福岡県朝倉市甘木1861-1", "P29_006": "4", "P29_007": "0", "P29_008": "00", "P29_009": null }, "geometry": { "type": "Point", "coordinates": [ 130.658370974111762, 33.424293215853531 ] } },
{ "type": "Feature", "properties": { "P29_001": "40228", "P29_002": "A140322800036", "P29_003": "16011", "P29_004": "甘木幼稚園", "P29_005": "福岡県朝倉市甘木944-37", "P29_006": "4", "P29_007": "0", "P29_008": "00", "P29_009": null }, "geometry": { "type": "Point", "coordinates": [ 130.660542141021722, 33.422374822502675 ] } },
{ "type": "Feature", "properties": { "P29_001": "40228", "P29_002": "A140322800045", "P29_003": "16011", "P29_004": "大福幼稚園", "P29_005": "福岡県朝倉市大庭3662-1", "P29_006": "4", "P29_007": "0", "P29_008": "00", "P29_009": null }, "geometry": { "type": "Point", "coordinates": [ 130.703459853758346, 33.379440686404884 ] } },
{ "type": "Feature", "properties": { "P29_001": "40228", "P29_002": "A140322800054", "P29_003": "16011", "P29_004": "宮野幼稚園", "P29_005": "福岡県朝倉市須川3259-1", "P29_006": "4", "P29_007": "0", "P29_008": "00", "P29_009": null }, "geometry": { "type": "Point", "coordinates": [ 130.730281182064004, 33.388908051753866 ] } },
{ "type": "Feature", "properties": { "P29_001": "40229", "P29_002": "A140322900017", "P29_003": "16011", "P29_004": "山川幼稚園", "P29_005": "福岡県みやま市山川町立山182-11", "P29_006": "4", "P29_007": "0", "P29_008": "00", "P29_009": null }, "geometry": { "type": "Point", "coordinates": [ 130.522474040342786, 33.135532567805285 ] } },
{ "type": "Feature", "properties": { "P29_001": "40229", "P29_002": "A140322900026", "P29_003": "16011", "P29_004": "瀬高大谷幼稚園", "P29_005": "福岡県みやま市瀬高町大字下庄972", "P29_006": "4", "P29_007": "0", "P29_008": "00", "P29_009": null }, "geometry": { "type": "Point", "coordinates": [ 130.473411102925553, 33.157548570632706 ] } },
{ "type": "Feature", "properties": { "P29_001": "40229", "P29_002": "A140322900035", "P29_003": "16011", "P29_004": "大江幼稚園", "P29_005": "福岡県みやま市瀬高町大字大江191-2", "P29_006": "4", "P29_007": "0", "P29_008": "00", "P29_009": null }, "geometry": { "type": "Point", "coordinates": [ 130.482856667743334, 33.145178489579628 ] } },
{ "type": "Feature", "properties": { "P29_001": "40230", "P29_002": "A140323000014", "P29_003": "16011", "P29_004": "日本基督教団前原教会附属前原幼稚園", "P29_005": "福岡県糸島市前原西4-5-25", "P29_006": "4", "P29_007": "0", "P29_008": "00", "P29_009": null }, "geometry": { "type": "Point", "coordinates": [ 130.1963093081024, 33.559999145476674 ] } },
{ "type": "Feature", "properties": { "P29_001": "40230", "P29_002": "A140323000023", "P29_003": "16011", "P29_004": "可也幼稚園", "P29_005": "福岡県糸島市志摩津和崎87", "P29_006": "4", "P29_007": "0", "P29_008": "00", "P29_009": null }, "geometry": { "type": "Point", "coordinates": [ 130.187938648715573, 33.580470100481143 ] } },
{ "type": "Feature", "properties": { "P29_001": "40230", "P29_002": "A140323000032", "P29_003": "16011", "P29_004": "アソカ幼稚園", "P29_005": "福岡県糸島市前原東3-1-1", "P29_006": "4", "P29_007": "0", "P29_008": "00", "P29_009": null }, "geometry": { "type": "Point", "coordinates": [ 130.202143578835262, 33.562859563907452 ] } },
{ "type": "Feature", "properties": { "P29_001": "40230", "P29_002": "A140323000041", "P29_003": "16011", "P29_004": "笹山幼稚園", "P29_005": "福岡県糸島市前原駅南2-3-18", "P29_006": "4", "P29_007": "0", "P29_008": "00", "P29_009": null }, "geometry": { "type": "Point", "coordinates": [ 130.200679009729214, 33.55611999963547 ] } },
{ "type": "Feature", "properties": { "P29_001": "40230", "P29_002": "A140323000050", "P29_003": "16011", "P29_004": "瑠璃幼稚園", "P29_005": "福岡県糸島市潤3-22-33", "P29_006": "4", "P29_007": "0", "P29_008": "00", "P29_009": null }, "geometry": { "type": "Point", "coordinates": [ 130.217811325235658, 33.564568214360939 ] } },
{ "type": "Feature", "properties": { "P29_001": "40230", "P29_002": "A140323000069", "P29_003": "16011", "P29_004": "学校法人はこべ学園二丈はこべ幼稚園", "P29_005": "福岡県糸島市二丈深江602-48", "P29_006": "4", "P29_007": "0", "P29_008": "00", "P29_009": null }, "geometry": { "type": "Point", "coordinates": [ 130.136760472570245, 33.519690219069055 ] } },
{ "type": "Feature", "properties": { "P29_001": "40230", "P29_002": "A140323000087", "P29_003": "16011", "P29_004": "曽根幼稚園", "P29_005": "福岡県糸島市井田682-1", "P29_006": "4", "P29_007": "0", "P29_008": "00", "P29_009": null }, "geometry": { "type": "Point", "coordinates": [ 130.229964938636215, 33.544986981132716 ] } },
{ "type": "Feature", "properties": { "P29_001": "40231", "P29_002": "A140323100013", "P29_003": "16011", "P29_004": "香蘭女子短期大学附属那珂川第二幼稚園", "P29_005": "福岡県那珂川市五郎丸3-17-1", "P29_006": "4", "P29_007": "0", "P29_008": "00", "P29_009": null }, "geometry": { "type": "Point", "coordinates": [ 130.430435490999713, 33.507627358099199 ] } },
{ "type": "Feature", "properties": { "P29_001": "40341", "P29_002": "A140334100010", "P29_003": "16011", "P29_004": "三葉幼稚園", "P29_005": "福岡県糟屋郡宇美町宇美3-6-26", "P29_006": "4", "P29_007": "0", "P29_008": "00", "P29_009": null }, "geometry": { "type": "Point", "coordinates": [ 130.507859073598894, 33.568141002846943 ] } },
{ "type": "Feature", "properties": { "P29_001": "40341", "P29_002": "A140334100029", "P29_003": "16011", "P29_004": "宇美幼稚園", "P29_005": "福岡県糟屋郡宇美町とびたけ4-1-3", "P29_006": "4", "P29_007": "0", "P29_008": "00", "P29_009": null }, "geometry": { "type": "Point", "coordinates": [ 130.53256694075634, 33.569763414057576 ] } },
{ "type": "Feature", "properties": { "P29_001": "40341", "P29_002": "A140334100038", "P29_003": "16011", "P29_004": "博多第二幼稚園", "P29_005": "福岡県糟屋郡宇美町ひばりが丘1-1-10", "P29_006": "4", "P29_007": "0", "P29_008": "00", "P29_009": null }, "geometry": { "type": "Point", "coordinates": [ 130.490222990146179, 33.567892803047627 ] } },
{ "type": "Feature", "properties": { "P29_001": "40342", "P29_002": "A140334200019", "P29_003": "16011", "P29_004": "学校法人田名橋学園和田幼稚園", "P29_005": "福岡県糟屋郡篠栗町大字和田910-468", "P29_006": "4", "P29_007": "0", "P29_008": "00", "P29_009": null }, "geometry": { "type": "Point", "coordinates": [ 130.5018321718251, 33.631081305043963 ] } },
{ "type": "Feature", "properties": { "P29_001": "40343", "P29_002": "A140334300018", "P29_003": "16011", "P29_004": "認定こども園洞清寺あかつき幼稚園", "P29_005": "福岡県糟屋郡志免町吉原529-1", "P29_006": "4", "P29_007": "0", "P29_008": "00", "P29_009": null }, "geometry": { "type": "Point", "coordinates": [ 130.484213448707038, 33.576440543561112 ] } },
{ "type": "Feature", "properties": { "P29_001": "40343", "P29_002": "A140334300027", "P29_003": "16011", "P29_004": "志免幼稚園", "P29_005": "福岡県糟屋郡志免町志免1-22-1", "P29_006": "4", "P29_007": "0", "P29_008": "00", "P29_009": null }, "geometry": { "type": "Point", "coordinates": [ 130.487054057466111, 33.587978673553408 ] } },
{ "type": "Feature", "properties": { "P29_001": "40343", "P29_002": "A140334300036", "P29_003": "16011", "P29_004": "博多第一幼稚園", "P29_005": "福岡県糟屋郡志免町桜丘1-28", "P29_006": "4", "P29_007": "0", "P29_008": "00", "P29_009": null }, "geometry": { "type": "Point", "coordinates": [ 130.48147512529971, 33.571586485068785 ] } },
{ "type": "Feature", "properties": { "P29_001": "40343", "P29_002": "A140334300045", "P29_003": "16011", "P29_004": "志免中央幼稚園", "P29_005": "福岡県糟屋郡志免町片峰1-8-1", "P29_006": "4", "P29_007": "0", "P29_008": "00", "P29_009": null }, "geometry": { "type": "Point", "coordinates": [ 130.476001554381014, 33.590603062621504 ] } },
{ "type": "Feature", "properties": { "P29_001": "40345", "P29_002": "A140334500016", "P29_003": "16011", "P29_004": "博多東幼稚園", "P29_005": "福岡県糟屋郡新宮町美咲2-17-1", "P29_006": "4", "P29_007": "0", "P29_008": "00", "P29_009": null }, "geometry": { "type": "Point", "coordinates": [ 130.439417557717803, 33.70201290992209 ] } },
{ "type": "Feature", "properties": { "P29_001": "40381", "P29_002": "A140338100011", "P29_003": "16011", "P29_004": "学校法人愛生学園愛生幼稚園", "P29_005": "福岡県遠賀郡芦屋町西浜町4-19", "P29_006": "4", "P29_007": "0", "P29_008": "00", "P29_009": null }, "geometry": { "type": "Point", "coordinates": [ 130.662149147198988, 33.895847115077835 ] } },
{ "type": "Feature", "properties": { "P29_001": "40381", "P29_002": "A140338100020", "P29_003": "16011", "P29_004": "芦屋中央幼稚園", "P29_005": "福岡県遠賀郡芦屋町高浜1-7", "P29_006": "4", "P29_007": "0", "P29_008": "00", "P29_009": null }, "geometry": { "type": "Point", "coordinates": [ 130.668332701890904, 33.889601154223968 ] } },
{ "type": "Feature", "properties": { "P29_001": "40382", "P29_002": "A140338200010", "P29_003": "16011", "P29_004": "宗教法人カトリック福岡司教区水巻聖母幼稚園", "P29_005": "福岡県遠賀郡水巻町頃末南1-35-3", "P29_006": "4", "P29_007": "0", "P29_008": "00", "P29_009": null }, "geometry": { "type": "Point", "coordinates": [ 130.697644687638899, 33.856208182628805 ] } },
{ "type": "Feature", "properties": { "P29_001": "40383", "P29_002": "A140338300019", "P29_003": "16011", "P29_004": "岡垣第一幼稚園", "P29_005": "福岡県遠賀郡岡垣町東松原1-15-2", "P29_006": "4", "P29_007": "0", "P29_008": "00", "P29_009": null }, "geometry": { "type": "Point", "coordinates": [ 130.625444934912395, 33.842268677665018 ] } },
{ "type": "Feature", "properties": { "P29_001": "40383", "P29_002": "A140338300028", "P29_003": "16011", "P29_004": "岡垣中央幼稚園", "P29_005": "福岡県遠賀郡岡垣町吉木西1-1-15", "P29_006": "4", "P29_007": "0", "P29_008": "00", "P29_009": null }, "geometry": { "type": "Point", "coordinates": [ 130.604905610098712, 33.858043372568559 ] } },
{ "type": "Feature", "properties": { "P29_001": "40384", "P29_002": "A140338400018", "P29_003": "16011", "P29_004": "遠賀中央幼稚園", "P29_005": "福岡県遠賀郡遠賀町島門3-1", "P29_006": "4", "P29_007": "0", "P29_008": "00", "P29_009": null }, "geometry": { "type": "Point", "coordinates": [ 130.664826617189789, 33.857728761452577 ] } },
{ "type": "Feature", "properties": { "P29_001": "40447", "P29_002": "A140344700022", "P29_003": "16011", "P29_004": "城北幼稚園", "P29_005": "福岡県朝倉郡筑前町下高場2223", "P29_006": "4", "P29_007": "0", "P29_008": "00", "P29_009": null }, "geometry": { "type": "Point", "coordinates": [ 130.60953241750633, 33.441053506763126 ] } },
{ "type": "Feature", "properties": { "P29_001": "40447", "P29_002": "A140344700031", "P29_003": "16011", "P29_004": "中津屋幼稚園", "P29_005": "福岡県朝倉郡筑前町石櫃160", "P29_006": "4", "P29_007": "0", "P29_008": "00", "P29_009": null }, "geometry": { "type": "Point", "coordinates": [ 130.580026850067156, 33.466963757349156 ] } },
{ "type": "Feature", "properties": { "P29_001": "40447", "P29_002": "A140344700040", "P29_003": "16011", "P29_004": "みなみ幼稚園", "P29_005": "福岡県朝倉郡筑前町野町1410", "P29_006": "4", "P29_007": "0", "P29_008": "00", "P29_009": null }, "geometry": { "type": "Point", "coordinates": [ 130.62340083320592, 33.424818254638183 ] } },
{ "type": "Feature", "properties": { "P29_001": "40522", "P29_002": "A140352200011", "P29_003": "16011", "P29_004": "大木光の子幼稚園", "P29_005": "福岡県三潴郡大木町大字八町牟田402", "P29_006": "4", "P29_007": "0", "P29_008": "00", "P29_009": null }, "geometry": { "type": "Point", "coordinates": [ 130.441213311415027, 33.210400865966157 ] } },
{ "type": "Feature", "properties": { "P29_001": "40544", "P29_002": "A140354400015", "P29_003": "16011", "P29_004": "広川幼稚園", "P29_005": "福岡県八女郡広川町新代616", "P29_006": "4", "P29_007": "0", "P29_008": "00", "P29_009": null }, "geometry": { "type": "Point", "coordinates": [ 130.545006614889502, 33.242490179482964 ] } },
{ "type": "Feature", "properties": { "P29_001": "40610", "P29_002": "A140361000014", "P29_003": "16011", "P29_004": "学校法人辰島学園ひらばる幼稚園", "P29_005": "福岡県田川郡福智町金田275-154", "P29_006": "4", "P29_007": "0", "P29_008": "00", "P29_009": null }, "geometry": { "type": "Point", "coordinates": [ 130.789276886017802, 33.667034106011862 ] } },
{ "type": "Feature", "properties": { "P29_001": "40621", "P29_002": "A140362100020", "P29_003": "16011", "P29_004": "尾倉すみれ幼稚園", "P29_005": "福岡県京都郡苅田町尾倉3257", "P29_006": "4", "P29_007": "0", "P29_008": "00", "P29_009": null }, "geometry": { "type": "Point", "coordinates": [ 130.972148037982521, 33.763720253921349 ] } },
{ "type": "Feature", "properties": { "P29_001": "40621", "P29_002": "A140362100039", "P29_003": "16011", "P29_004": "苅田第一幼稚園", "P29_005": "福岡県京都郡苅田町神田町2-34-14", "P29_006": "4", "P29_007": "0", "P29_008": "00", "P29_009": null }, "geometry": { "type": "Point", "coordinates": [ 130.980777785410055, 33.791707823414605 ] } },
{ "type": "Feature", "properties": { "P29_001": "40621", "P29_002": "A140362100048", "P29_003": "16011", "P29_004": "苅田みどり幼稚園", "P29_005": "福岡県京都郡苅田町小波瀬1-4-5", "P29_006": "4", "P29_007": "0", "P29_008": "00", "P29_009": null }, "geometry": { "type": "Point", "coordinates": [ 130.976291601487759, 33.757158583238947 ] } },
{ "type": "Feature", "properties": { "P29_001": "40625", "P29_002": "A140362500017", "P29_003": "16011", "P29_004": "わくわくの木幼稚園", "P29_005": "福岡県京都郡みやこ町犀川本庄214", "P29_006": "4", "P29_007": "0", "P29_008": "00", "P29_009": null }, "geometry": { "type": "Point", "coordinates": [ 130.937715403262871, 33.648592365726365 ] } },
{ "type": "Feature", "properties": { "P29_001": "40647", "P29_002": "A140364700011", "P29_003": "16011", "P29_004": "椎田めぐみ幼稚園", "P29_005": "福岡県築上郡築上町椎田1703", "P29_006": "4", "P29_007": "0", "P29_008": "00", "P29_009": null }, "geometry": { "type": "Point", "coordinates": [ 131.061205456320067, 33.653193845131206 ] } },
{ "type": "Feature", "properties": { "P29_001": "40107", "P29_002": "A140210000022", "P29_003": "16011", "P29_004": "北九州市立小倉南幼稚園", "P29_005": "福岡県北九州市小倉南区春ケ丘10-8", "P29_006": "3", "P29_007": "0", "P29_008": "00", "P29_009": null }, "geometry": { "type": "Point", "coordinates": [ 130.884283206807055, 33.847299687682302 ] } },
{ "type": "Feature", "properties": { "P29_001": "40108", "P29_002": "A140210000031", "P29_003": "16011", "P29_004": "北九州市立八幡東幼稚園", "P29_005": "福岡県北九州市八幡東区高見3-1-32", "P29_006": "3", "P29_007": "0", "P29_008": "00", "P29_009": null }, "geometry": { "type": "Point", "coordinates": [ 130.836663606385827, 33.868251662305774 ] } },
{ "type": "Feature", "properties": { "P29_001": "40206", "P29_002": "A140220600016", "P29_003": "16011", "P29_004": "田川市立幼稚園", "P29_005": "福岡県田川市大字伊田2744-2", "P29_006": "3", "P29_007": "0", "P29_008": "00", "P29_009": null }, "geometry": { "type": "Point", "coordinates": [ 130.810625198046495, 33.635435803967958 ] } },
{ "type": "Feature", "properties": { "P29_001": "40421", "P29_002": "A140242100015", "P29_003": "16011", "P29_004": "桂川町立桂川幼稚園", "P29_005": "福岡県嘉穂郡桂川町大字土居594-1", "P29_006": "3", "P29_007": "0", "P29_008": "00", "P29_009": null }, "geometry": { "type": "Point", "coordinates": [ 130.675392607327836, 33.581311918586287 ] } },
{ "type": "Feature", "properties": { "P29_001": "40101", "P29_002": "A140310000011", "P29_003": "16011", "P29_004": "門司瞳幼稚園", "P29_005": "福岡県北九州市門司区柳町4-5-1", "P29_006": "4", "P29_007": "0", "P29_008": "00", "P29_009": null }, "geometry": { "type": "Point", "coordinates": [ 130.940875763969473, 33.90132866911371 ] } },
{ "type": "Feature", "properties": { "P29_001": "40103", "P29_002": "A140310000208", "P29_003": "16011", "P29_004": "行学幼稚園", "P29_005": "福岡県北九州市若松区乙丸770-1", "P29_006": "4", "P29_007": "0", "P29_008": "00", "P29_009": null }, "geometry": { "type": "Point", "coordinates": [ 130.694025502844823, 33.908969035186971 ] } },
{ "type": "Feature", "properties": { "P29_001": "40109", "P29_002": "A140310000217", "P29_003": "16011", "P29_004": "光貞幼稚園", "P29_005": "福岡県北九州市若松区ひびきの南1-7-102", "P29_006": "4", "P29_007": "0", "P29_008": "00", "P29_009": null }, "geometry": { "type": "Point", "coordinates": [ 130.714976436813146, 33.885119665938944 ] } },
{ "type": "Feature", "properties": { "P29_001": "40106", "P29_002": "A140310000299", "P29_003": "16011", "P29_004": "西南女学院大学短期大学部附属シオン山幼稚園", "P29_005": "福岡県北九州市小倉北区井堀1-3-4", "P29_006": "4", "P29_007": "0", "P29_008": "00", "P29_009": null }, "geometry": { "type": "Point", "coordinates": [ 130.849245235099346, 33.88442753981834 ] } },
{ "type": "Feature", "properties": { "P29_001": "40107", "P29_002": "A140310000459", "P29_003": "16011", "P29_004": "小倉瞳幼稚園", "P29_005": "福岡県北九州市小倉南区上貫3-4-39", "P29_006": "4", "P29_007": "0", "P29_008": "00", "P29_009": null }, "geometry": { "type": "Point", "coordinates": [ 130.924068007936853, 33.814827856423868 ] } },
{ "type": "Feature", "properties": { "P29_001": "40107", "P29_002": "A140310000477", "P29_003": "16011", "P29_004": "神理幼稚園", "P29_005": "福岡県北九州市小倉南区徳力5-10-10", "P29_006": "4", "P29_007": "0", "P29_008": "00", "P29_009": null }, "geometry": { "type": "Point", "coordinates": [ 130.864999354184761, 33.825166483560487 ] } },
{ "type": "Feature", "properties": { "P29_001": "40109", "P29_002": "A140310000743", "P29_003": "16011", "P29_004": "九州女子大学附属自由ケ丘幼稚園", "P29_005": "福岡県北九州市八幡西区自由ヶ丘2-1", "P29_006": "4", "P29_007": "0", "P29_008": "00", "P29_009": null }, "geometry": { "type": "Point", "coordinates": [ 130.707526923816488, 33.867700602373539 ] } },
{ "type": "Feature", "properties": { "P29_001": "40109", "P29_002": "A140310000761", "P29_003": "16011", "P29_004": "聖ヨゼフ幼稚園", "P29_005": "福岡県北九州市八幡西区山寺町12-56", "P29_006": "4", "P29_007": "0", "P29_008": "00", "P29_009": null }, "geometry": { "type": "Point", "coordinates": [ 130.755213591620617, 33.860127434955217 ] } },
{ "type": "Feature", "properties": { "P29_001": "40109", "P29_002": "A140310000850", "P29_003": "16011", "P29_004": "下上津役幼稚園", "P29_005": "福岡県北九州市八幡西区下上津役1-6-2", "P29_006": "4", "P29_007": "0", "P29_008": "00", "P29_009": null }, "geometry": { "type": "Point", "coordinates": [ 130.742488478027241, 33.829297509833417 ] } },
{ "type": "Feature", "properties": { "P29_001": "40109", "P29_002": "A140310000921", "P29_003": "16011", "P29_004": "こみね星ヶ丘幼稚園", "P29_005": "福岡県北九州市八幡西区笹田933-5", "P29_006": "4", "P29_007": "0", "P29_008": "00", "P29_009": null }, "geometry": { "type": "Point", "coordinates": [ 130.750338785662393, 33.778148089370404 ] } },
{ "type": "Feature", "properties": { "P29_001": "40131", "P29_002": "A140313000195", "P29_003": "16011", "P29_004": "香椎照葉幼稚園", "P29_005": "福岡県福岡市東区香椎照葉2-2-8", "P29_006": "4", "P29_007": "0", "P29_008": "00", "P29_009": null }, "geometry": { "type": "Point", "coordinates": [ 130.424378568527516, 33.667861647141628 ] } },
{ "type": "Feature", "properties": { "P29_001": "40133", "P29_002": "A140313000337", "P29_003": "16011", "P29_004": "福岡雙葉小学校附属幼稚園", "P29_005": "福岡県福岡市中央区御所ヶ谷7-1", "P29_006": "4", "P29_007": "0", "P29_008": "00", "P29_009": null }, "geometry": { "type": "Point", "coordinates": [ 130.391953796098079, 33.574828710302889 ] } },
{ "type": "Feature", "properties": { "P29_001": "40133", "P29_002": "A140313000444", "P29_003": "16011", "P29_004": "筑紫女学園大学附属幼稚園", "P29_005": "福岡県福岡市中央区警固3-13-34", "P29_006": "4", "P29_007": "0", "P29_008": "00", "P29_009": null }, "geometry": { "type": "Point", "coordinates": [ 130.391370495739267, 33.581073212638451 ] } },
{ "type": "Feature", "properties": { "P29_001": "40134", "P29_002": "A140313000462", "P29_003": "16011", "P29_004": "福岡女学院幼稚園", "P29_005": "福岡県福岡市南区曰佐3-42-1", "P29_006": "4", "P29_007": "0", "P29_008": "00", "P29_009": null }, "geometry": { "type": "Point", "coordinates": [ 130.440153097469192, 33.531648021407875 ] } },
{ "type": "Feature", "properties": { "P29_001": "40135", "P29_002": "A140313000710", "P29_003": "16011", "P29_004": "元岡幼稚園", "P29_005": "福岡県福岡市西区大字元岡2791", "P29_006": "4", "P29_007": "0", "P29_008": "00", "P29_009": null }, "geometry": { "type": "Point", "coordinates": [ 130.217139191273787, 33.586081949231676 ] } },
{ "type": "Feature", "properties": { "P29_001": "40202", "P29_002": "A140320200045", "P29_003": "16011", "P29_004": "吉野天使幼稚園", "P29_005": "福岡県大牟田市大字吉野1960", "P29_006": "4", "P29_007": "0", "P29_008": "00", "P29_009": null }, "geometry": { "type": "Point", "coordinates": [ 130.468001455937895, 33.070142715145472 ] } },
{ "type": "Feature", "properties": { "P29_001": "40202", "P29_002": "A140320200081", "P29_003": "16011", "P29_004": "銀水幼稚園", "P29_005": "福岡県大牟田市田隈507", "P29_006": "4", "P29_007": "0", "P29_008": "00", "P29_009": null }, "geometry": { "type": "Point", "coordinates": [ 130.471481197075121, 33.054359810612446 ] } },
{ "type": "Feature", "properties": { "P29_001": "40202", "P29_002": "A140320200116", "P29_003": "16011", "P29_004": "大牟田たちばな幼稚園", "P29_005": "福岡県大牟田市大字橘569-3", "P29_006": "4", "P29_007": "0", "P29_008": "00", "P29_009": null }, "geometry": { "type": "Point", "coordinates": [ 130.47809037270801, 33.064825288466885 ] } },
{ "type": "Feature", "properties": { "P29_001": "40203", "P29_002": "A140320300044", "P29_003": "16011", "P29_004": "成田山幼稚園", "P29_005": "福岡県久留米市上津町1386-22", "P29_006": "4", "P29_007": "0", "P29_008": "00", "P29_009": null }, "geometry": { "type": "Point", "coordinates": [ 130.535210859819188, 33.284958402001088 ] } },
{ "type": "Feature", "properties": { "P29_001": "40203", "P29_002": "A140320300071", "P29_003": "16011", "P29_004": "聖母幼稚園", "P29_005": "福岡県久留米市六ツ門町22-43", "P29_006": "4", "P29_007": "0", "P29_008": "00", "P29_009": null }, "geometry": { "type": "Point", "coordinates": [ 130.515646650183754, 33.313225895987713 ] } },
{ "type": "Feature", "properties": { "P29_001": "40204", "P29_002": "A140320400052", "P29_003": "16011", "P29_004": "直方セントポール幼稚園", "P29_005": "福岡県直方市感田3500-2", "P29_006": "4", "P29_007": "0", "P29_008": "00", "P29_009": null }, "geometry": { "type": "Point", "coordinates": [ 130.733421362838328, 33.755037835778943 ] } },
{ "type": "Feature", "properties": { "P29_001": "40205", "P29_002": "A140320500079", "P29_003": "16011", "P29_004": "穂波幼稚園", "P29_005": "福岡県飯塚市忠隈50-68", "P29_006": "4", "P29_007": "0", "P29_008": "00", "P29_009": null }, "geometry": { "type": "Point", "coordinates": [ 130.691212688838249, 33.621268972223 ] } },
{ "type": "Feature", "properties": { "P29_001": "40207", "P29_002": "A140320700013", "P29_003": "16011", "P29_004": "ポッポ幼稚園", "P29_005": "福岡県柳川市大字新町5-10", "P29_006": "4", "P29_007": "0", "P29_008": "00", "P29_009": null }, "geometry": { "type": "Point", "coordinates": [ 130.413117068844855, 33.163202273738165 ] } },
{ "type": "Feature", "properties": { "P29_001": "40230", "P29_002": "A140320700022", "P29_003": "16011", "P29_004": "青空幼稚園", "P29_005": "福岡県柳川市蟹町38-1", "P29_006": "4", "P29_007": "0", "P29_008": "00", "P29_009": null }, "geometry": { "type": "Point", "coordinates": [ 130.183946296917981, 33.588538274751436 ] } },
{ "type": "Feature", "properties": { "P29_001": "40216", "P29_002": "A140321600012", "P29_003": "16011", "P29_004": "小郡カトリック幼稚園", "P29_005": "福岡県小郡市小郡636-1", "P29_006": "4", "P29_007": "0", "P29_008": "00", "P29_009": null }, "geometry": { "type": "Point", "coordinates": [ 130.554791134290838, 33.403404888154547 ] } },
{ "type": "Feature", "properties": { "P29_001": "40217", "P29_002": "A140321700011", "P29_003": "16011", "P29_004": "第一保育短期大学附属だいいち幼稚園", "P29_005": "福岡県筑紫野市二日市北3-4-1", "P29_006": "4", "P29_007": "0", "P29_008": "00", "P29_009": null }, "geometry": { "type": "Point", "coordinates": [ 130.523549632793703, 33.506264666042199 ] } },
{ "type": "Feature", "properties": { "P29_001": "40217", "P29_002": "A140321700057", "P29_003": "16011", "P29_004": "みかさの幼稚園", "P29_005": "福岡県筑紫野市阿志岐308-2", "P29_006": "4", "P29_007": "0", "P29_008": "00", "P29_009": null }, "geometry": { "type": "Point", "coordinates": [ 130.551936628262155, 33.503175465971552 ] } },
{ "type": "Feature", "properties": { "P29_001": "40220", "P29_002": "A140322000025", "P29_003": "16011", "P29_004": "玄海ゆりの樹幼稚園地島分園", "P29_005": "福岡県宗像市地島428-1", "P29_006": "4", "P29_007": "0", "P29_008": "00", "P29_009": null }, "geometry": { "type": "Point", "coordinates": [ 130.500185575464457, 33.900174290258519 ] } },
{ "type": "Feature", "properties": { "P29_001": "40221", "P29_002": "A140322100015", "P29_003": "16011", "P29_004": "二日市カトリック幼稚園", "P29_005": "福岡県太宰府市朱雀4-14-2", "P29_006": "4", "P29_007": "0", "P29_008": "00", "P29_009": null }, "geometry": { "type": "Point", "coordinates": [ 130.515877137068969, 33.509010937301717 ] } },
{ "type": "Feature", "properties": { "P29_001": "40221", "P29_002": "A140322100024", "P29_003": "16011", "P29_004": "太宰府天満宮幼稚園", "P29_005": "福岡県太宰府市宰府4-7-5", "P29_006": "4", "P29_007": "0", "P29_008": "00", "P29_009": null }, "geometry": { "type": "Point", "coordinates": [ 130.534048417487242, 33.520159976834563 ] } },
{ "type": "Feature", "properties": { "P29_001": "40221", "P29_002": "A140322100042", "P29_003": "16011", "P29_004": "都府楼少子部幼稚園", "P29_005": "福岡県太宰府市大字向佐野81", "P29_006": "4", "P29_007": "0", "P29_008": "00", "P29_009": null }, "geometry": { "type": "Point", "coordinates": [ 130.501374288463666, 33.510074143790952 ] } },
{ "type": "Feature", "properties": { "P29_001": "40223", "P29_002": "A140322300040", "P29_003": "16011", "P29_004": "やまびこ幼稚園", "P29_005": "福岡県古賀市米多比1111-1", "P29_006": "4", "P29_007": "0", "P29_008": "00", "P29_009": null }, "geometry": { "type": "Point", "coordinates": [ 130.519892525745973, 33.726161807415586 ] } },
{ "type": "Feature", "properties": { "P29_001": "40224", "P29_002": "A140322400049", "P29_003": "16011", "P29_004": "若木台幼稚園", "P29_005": "福岡県福津市若木台4-4-14", "P29_006": "4", "P29_007": "0", "P29_008": "00", "P29_009": null }, "geometry": { "type": "Point", "coordinates": [ 130.517617901676459, 33.771736217204506 ] } },
{ "type": "Feature", "properties": { "P29_001": "40227", "P29_002": "A140322700055", "P29_003": "16011", "P29_004": "学校法人深見学園稲築中央幼稚園", "P29_005": "福岡県嘉麻市平1354-3", "P29_006": "4", "P29_007": "0", "P29_008": "00", "P29_009": null }, "geometry": { "type": "Point", "coordinates": [ 130.732231266212779, 33.598260376972405 ] } },
{ "type": "Feature", "properties": { "P29_001": "40230", "P29_002": "A140323000078", "P29_003": "16011", "P29_004": "福吉幼稚園", "P29_005": "福岡県糸島市二丈吉井3509-3", "P29_006": "4", "P29_007": "0", "P29_008": "00", "P29_009": null }, "geometry": { "type": "Point", "coordinates": [ 130.076883518239782, 33.502151109526068 ] } },
{ "type": "Feature", "properties": { "P29_001": "40402", "P29_002": "A140340200016", "P29_003": "16011", "P29_004": "九州女子大学附属鞍手幼稚園", "P29_005": "福岡県鞍手郡鞍手町大字新北1111", "P29_006": "4", "P29_007": "0", "P29_008": "00", "P29_009": null }, "geometry": { "type": "Point", "coordinates": [ 130.672664058523793, 33.772173451453213 ] } },
{ "type": "Feature", "properties": { "P29_001": "40447", "P29_002": "A140344700013", "P29_003": "16011", "P29_004": "夜須幼稚園", "P29_005": "福岡県朝倉郡筑前町東小田1864", "P29_006": "4", "P29_007": "0", "P29_008": "00", "P29_009": null }, "geometry": { "type": "Point", "coordinates": [ 130.580489659595997, 33.451831677627013 ] } },
{ "type": "Feature", "properties": { "P29_001": "40602", "P29_002": "A140360200014", "P29_003": "16011", "P29_004": "宮城幼稚園", "P29_005": "福岡県田川郡添田町大字添田1353-2", "P29_006": "4", "P29_007": "0", "P29_008": "00", "P29_009": null }, "geometry": { "type": "Point", "coordinates": [ 130.860634860506821, 33.56846904374315 ] } },
{ "type": "Feature", "properties": { "P29_001": "40621", "P29_002": "A140362100011", "P29_003": "16011", "P29_004": "北九州保育福祉専門学校附属苅田幼稚園", "P29_005": "福岡県京都郡苅田町上片島1575", "P29_006": "4", "P29_007": "0", "P29_008": "00", "P29_009": null }, "geometry": { "type": "Point", "coordinates": [ 130.953266746134801, 33.744607069225459 ] } }
]
}
