{
"type": "FeatureCollection",
"name": "geo_40_1",
"crs": { "type": "name", "properties": { "name": "urn:ogc:def:crs:OGC:1.3:CRS84" } },
"features": [
{ "type": "Feature", "properties": { "ID": 4011400000004, "正式名称": "青山リハビリテーション病院", "機関区分": 1, "都道府県コード": 40, "市区町村コード": 109, "所在地": "福岡県北九州市八幡西区青山一丁目７番２号", "緯度": 33.862808, "経度": 130.752982, "url": "https://www.iryou.teikyouseido.mhlw.go.jp/znk-web/juminkanja/S2430/initialize?prefCd=40&kikanCd=1400000004&kikanKbn=1", "url2": null, "内容": "青山リハビリテーション病院【1:病院】【診療科目:リハビリテーション科】【一般病床数:50療養病床数:0精神病床数:0感染症病床数:0合計病床数:50】福岡県北九州市八幡西区青山一丁目７番２号" }, "geometry": { "type": "Point", "coordinates": [ 130.752982, 33.862808 ] } },
{ "type": "Feature", "properties": { "ID": 4011400000010, "正式名称": "医療法人　輝松会松尾内科病院", "機関区分": 1, "都道府県コード": 40, "市区町村コード": 135, "所在地": "福岡県福岡市西区下山門団地４０ー５", "緯度": 33.577707, "経度": 130.305557, "url": "https://www.iryou.teikyouseido.mhlw.go.jp/znk-web/juminkanja/S2430/initialize?prefCd=40&kikanCd=1400000010&kikanKbn=1", "url2": "https://matsuohosp.kisyoukai.jp", "内容": "医療法人　輝松会松尾内科病院【1:病院】【診療科目:内科_リハビリテーション科】【一般病床数:0療養病床数:48精神病床数:0感染症病床数:0合計病床数:48】福岡県福岡市西区下山門団地４０ー５" }, "geometry": { "type": "Point", "coordinates": [ 130.305557, 33.577707 ] } },
{ "type": "Feature", "properties": { "ID": 4011400000040, "正式名称": "井槌病院", "機関区分": 1, "都道府県コード": 40, "市区町村コード": 133, "所在地": "福岡県福岡市中央区薬院４ー１５－６", "緯度": 33.577997, "経度": 130.394475, "url": "https://www.iryou.teikyouseido.mhlw.go.jp/znk-web/juminkanja/S2430/initialize?prefCd=40&kikanCd=1400000040&kikanKbn=1", "url2": "www.izuchi-hospital.gr.jp/", "内容": "井槌病院【1:病院】【診療科目:産科_婦人科】【一般病床数:24療養病床数:0精神病床数:0感染症病床数:0合計病床数:24】福岡県福岡市中央区薬院４ー１５－６" }, "geometry": { "type": "Point", "coordinates": [ 130.394475, 33.577997 ] } },
{ "type": "Feature", "properties": { "ID": 4011400000050, "正式名称": "佐田整形外科病院", "機関区分": 1, "都道府県コード": 40, "市区町村コード": 136, "所在地": "福岡県福岡市城南区神松寺２丁目１９番２号", "緯度": 33.553128, "経度": 130.375384, "url": "https://www.iryou.teikyouseido.mhlw.go.jp/znk-web/juminkanja/S2430/initialize?prefCd=40&kikanCd=1400000050&kikanKbn=1", "url2": "www.sata-sports.or.jp/", "内容": "佐田整形外科病院【1:病院】【診療科目:内科_循環器内科_整形外科_形成外科_リウマチ科_リハビリテーション科】【一般病床数:45療養病床数:0精神病床数:0感染症病床数:0合計病床数:45】福岡県福岡市城南区神松寺２丁目１９番２号" }, "geometry": { "type": "Point", "coordinates": [ 130.375384, 33.553128 ] } },
{ "type": "Feature", "properties": { "ID": 4011400000060, "正式名称": "医療法人　南川整形外科病院", "機関区分": 1, "都道府県コード": 40, "市区町村コード": 135, "所在地": "福岡県福岡市西区姪の浜４ー１４ー１７", "緯度": 33.587039, "経度": 130.325888, "url": "https://www.iryou.teikyouseido.mhlw.go.jp/znk-web/juminkanja/S2430/initialize?prefCd=40&kikanCd=1400000060&kikanKbn=1", "url2": "www.minamikawa-hp.com", "内容": "医療法人　南川整形外科病院【1:病院】【診療科目:内科_整形外科_形成外科_リウマチ科_リハビリテーション科_麻酔科】【一般病床数:117療養病床数:0精神病床数:0感染症病床数:0合計病床数:117】福岡県福岡市西区姪の浜４ー１４ー１７" }, "geometry": { "type": "Point", "coordinates": [ 130.325888, 33.587039 ] } },
{ "type": "Feature", "properties": { "ID": 4011400000070, "正式名称": "医療法人　佐田厚生会佐田病院", "機関区分": 1, "都道府県コード": 40, "市区町村コード": 133, "所在地": "福岡県福岡市中央区渡辺通２丁目４番２８号", "緯度": 33.582458, "経度": 130.402964, "url": "https://www.iryou.teikyouseido.mhlw.go.jp/znk-web/juminkanja/S2430/initialize?prefCd=40&kikanCd=1400000070&kikanKbn=1", "url2": "www.sada.or.jp", "内容": "医療法人　佐田厚生会佐田病院【1:病院】【診療科目:内科_糖尿病・内分泌内科_呼吸器内科_循環器内科_消化器内科_肝臓内科_腫瘍内科_外科_呼吸器外科_胃腸外科_胆のう外科_大腸・肛門外科_ペインクリニック外科_腫瘍外科_内視鏡外科_整形外科_リハビリテーション科_放射線科_麻酔科】【一般病床数:130療養病床数:0精神病床数:0感染症病床数:0合計病床数:130】福岡県福岡市中央区渡辺通２丁目４番２８号" }, "geometry": { "type": "Point", "coordinates": [ 130.402964, 33.582458 ] } },
{ "type": "Feature", "properties": { "ID": 4011400000080, "正式名称": "社会医療法人　福西会　福西会南病院", "機関区分": 1, "都道府県コード": 40, "市区町村コード": 137, "所在地": "福岡県福岡市早良区早良１丁目５番５５号", "緯度": 33.507132, "経度": 130.336611, "url": "https://www.iryou.teikyouseido.mhlw.go.jp/znk-web/juminkanja/S2430/initialize?prefCd=40&kikanCd=1400000080&kikanKbn=1", "url2": "fukuseikai-minami.com/", "内容": "社会医療法人　福西会　福西会南病院【1:病院】【診療科目:内科_神経内科_脳神経外科_整形外科_皮膚科_リハビリテーション科】【一般病床数:0療養病床数:110精神病床数:0感染症病床数:0合計病床数:110】福岡県福岡市早良区早良１丁目５番５５号" }, "geometry": { "type": "Point", "coordinates": [ 130.336611, 33.507132 ] } },
{ "type": "Feature", "properties": { "ID": 4011400000090, "正式名称": "医療法人　社団朝菊会昭和病院", "機関区分": 1, "都道府県コード": 40, "市区町村コード": 135, "所在地": "福岡県福岡市西区北原", "緯度": 33.580539, "経度": 130.256339, "url": "https://www.iryou.teikyouseido.mhlw.go.jp/znk-web/juminkanja/S2430/initialize?prefCd=40&kikanCd=1400000090&kikanKbn=1", "url2": "www.tomogiku.or.jp", "内容": "医療法人　社団朝菊会昭和病院【1:病院】【診療科目:内科_循環器内科_消化器内科_外科_脳神経外科_消化器外科_肛門外科_整形外科_形成外科_リハビリテーション科】【一般病床数:141療養病床数:0精神病床数:0感染症病床数:0合計病床数:141】福岡県福岡市西区北原" }, "geometry": { "type": "Point", "coordinates": [ 130.256339, 33.580539 ] } },
{ "type": "Feature", "properties": { "ID": 4011400000100, "正式名称": "福岡豊栄会病院", "機関区分": 1, "都道府県コード": 40, "市区町村コード": 135, "所在地": "福岡県福岡市西区田尻東三丁目２７０３番地１", "緯度": 33.589093, "経度": 130.258977, "url": "https://www.iryou.teikyouseido.mhlw.go.jp/znk-web/juminkanja/S2430/initialize?prefCd=40&kikanCd=1400000100&kikanKbn=1", "url2": "www.houeikai.or.jp", "内容": "福岡豊栄会病院【1:病院】【診療科目:内科_循環器内科_整形外科_リウマチ科_リハビリテーション科】【一般病床数:60療養病床数:59精神病床数:0感染症病床数:0合計病床数:119】福岡県福岡市西区田尻東三丁目２７０３番地１" }, "geometry": { "type": "Point", "coordinates": [ 130.258977, 33.589093 ] } },
{ "type": "Feature", "properties": { "ID": 4011400000110, "正式名称": "医療法人　格心会晴明病院", "機関区分": 1, "都道府県コード": 40, "市区町村コード": 136, "所在地": "福岡県福岡市城南区七隈８丁目２０ー１０", "緯度": 33.545906, "経度": 130.363385, "url": "https://www.iryou.teikyouseido.mhlw.go.jp/znk-web/juminkanja/S2430/initialize?prefCd=40&kikanCd=1400000110&kikanKbn=1", "url2": "www.seimei-hp.jp", "内容": "医療法人　格心会晴明病院【1:病院】【診療科目:内科_精神科_心療内科】【一般病床数:0療養病床数:0精神病床数:148感染症病床数:0合計病床数:148】福岡県福岡市城南区七隈８丁目２０ー１０" }, "geometry": { "type": "Point", "coordinates": [ 130.363385, 33.545906 ] } },
{ "type": "Feature", "properties": { "ID": 4011400000120, "正式名称": "医療法人財団　華林会　村上華林堂病院", "機関区分": 1, "都道府県コード": 40, "市区町村コード": 135, "所在地": "福岡県福岡市西区戸切２丁目１４ー４５", "緯度": 33.55421, "経度": 130.315584, "url": "https://www.iryou.teikyouseido.mhlw.go.jp/znk-web/juminkanja/S2430/initialize?prefCd=40&kikanCd=1400000120&kikanKbn=1", "url2": "www.karindoh.or.jp", "内容": "医療法人財団　華林会　村上華林堂病院【1:病院】【診療科目:内科_血液・腫瘍内科_糖尿病内科_内分泌内科_糖尿病・内分泌内科_脳神経内科_呼吸器内科_循環器内科_消化器内科_腎臓内科_人工透析内科_肝臓内科_神経内科_老年内科_緩和ケア内科_整形外科_眼科_リハビリテーション科_放射線科】【一般病床数:160療養病床数:0精神病床数:0感染症病床数:0合計病床数:160】福岡県福岡市西区戸切２丁目１４ー４５" }, "geometry": { "type": "Point", "coordinates": [ 130.315584, 33.55421 ] } },
{ "type": "Feature", "properties": { "ID": 4011400000130, "正式名称": "平尾病院", "機関区分": 1, "都道府県コード": 40, "市区町村コード": 133, "所在地": "福岡県福岡市中央区平尾５丁目２２―１８", "緯度": 33.569015, "経度": 130.395382, "url": "https://www.iryou.teikyouseido.mhlw.go.jp/znk-web/juminkanja/S2430/initialize?prefCd=40&kikanCd=1400000130&kikanKbn=1", "url2": null, "内容": "平尾病院【1:病院】【診療科目:内科_脳神経外科_リハビリテーション科】【一般病床数:0療養病床数:72精神病床数:0感染症病床数:0合計病床数:72】福岡県福岡市中央区平尾５丁目２２―１８" }, "geometry": { "type": "Point", "coordinates": [ 130.395382, 33.569015 ] } },
{ "type": "Feature", "properties": { "ID": 4011400000140, "正式名称": "医療法人原信会　原口病院循環器科内科", "機関区分": 1, "都道府県コード": 40, "市区町村コード": 137, "所在地": "福岡県福岡市早良区小田部６丁目１１－１５", "緯度": 33.57051, "経度": 130.328165, "url": "https://www.iryou.teikyouseido.mhlw.go.jp/znk-web/juminkanja/S2430/initialize?prefCd=40&kikanCd=1400000140&kikanKbn=1", "url2": "https://www.haraguchi-hp.com/", "内容": "医療法人原信会　原口病院循環器科内科【1:病院】【診療科目:内科_循環器内科】【一般病床数:48療養病床数:0精神病床数:0感染症病床数:0合計病床数:48】福岡県福岡市早良区小田部６丁目１１－１５" }, "geometry": { "type": "Point", "coordinates": [ 130.328165, 33.57051 ] } },
{ "type": "Feature", "properties": { "ID": 4011400000150, "正式名称": "医療法人　吉村病院", "機関区分": 1, "都道府県コード": 40, "市区町村コード": 137, "所在地": "福岡県福岡市早良区西新３－１１－２７", "緯度": 33.584262, "経度": 130.357579, "url": "https://www.iryou.teikyouseido.mhlw.go.jp/znk-web/juminkanja/S2430/initialize?prefCd=40&kikanCd=1400000150&kikanKbn=1", "url2": "https://hosp-yoshimura.com/", "内容": "医療法人　吉村病院【1:病院】【診療科目:内科_循環器内科_消化器内科_外科_消化器外科_肛門外科_整形外科_泌尿器科_リハビリテーション科_放射線科_麻酔科】【一般病床数:57療養病床数:0精神病床数:0感染症病床数:0合計病床数:57】福岡県福岡市早良区西新３－１１－２７" }, "geometry": { "type": "Point", "coordinates": [ 130.357579, 33.584262 ] } },
{ "type": "Feature", "properties": { "ID": 4011400000160, "正式名称": "医療法人　西福岡桜十字　桜十字大手門病院", "機関区分": 1, "都道府県コード": 40, "市区町村コード": 133, "所在地": "福岡県福岡市中央区大手門３丁目１５－１", "緯度": 33.59192, "経度": 130.38276, "url": "https://www.iryou.teikyouseido.mhlw.go.jp/znk-web/juminkanja/S2430/initialize?prefCd=40&kikanCd=1400000160&kikanKbn=1", "url2": "https://sj-otemon.jp/", "内容": "医療法人　西福岡桜十字　桜十字大手門病院【1:病院】【診療科目:内科_循環器内科_リハビリテーション科】【一般病床数:40療養病床数:60精神病床数:0感染症病床数:0合計病床数:100】福岡県福岡市中央区大手門３丁目１５－１" }, "geometry": { "type": "Point", "coordinates": [ 130.38276, 33.59192 ] } },
{ "type": "Feature", "properties": { "ID": 4011400000170, "正式名称": "秋本病院", "機関区分": 1, "都道府県コード": 40, "市区町村コード": 133, "所在地": "福岡県福岡市中央区警固１－８－３", "緯度": 33.582967, "経度": 130.39462, "url": "https://www.iryou.teikyouseido.mhlw.go.jp/znk-web/juminkanja/S2430/initialize?prefCd=40&kikanCd=1400000170&kikanKbn=1", "url2": "www.akimoto-hospital.jp", "内容": "秋本病院【1:病院】【診療科目:内科_緩和ケア内科_外科_脳神経外科_消化器外科_胃腸外科_肛門外科_整形外科_麻酔科】【一般病床数:50療養病床数:0精神病床数:0感染症病床数:0合計病床数:50】福岡県福岡市中央区警固１－８－３" }, "geometry": { "type": "Point", "coordinates": [ 130.39462, 33.582967 ] } },
{ "type": "Feature", "properties": { "ID": 4011400000180, "正式名称": "及川病院", "機関区分": 1, "都道府県コード": 40, "市区町村コード": 133, "所在地": "福岡県福岡市中央区平尾２丁目２１番１６号", "緯度": 33.573042, "経度": 130.402159, "url": "https://www.iryou.teikyouseido.mhlw.go.jp/znk-web/juminkanja/S2430/initialize?prefCd=40&kikanCd=1400000180&kikanKbn=1", "url2": "https://www.oikawahp.or.jp", "内容": "及川病院【1:病院】【診療科目:緩和ケア内科_乳腺化学療法内科_乳腺外科_心療内科】【一般病床数:36療養病床数:0精神病床数:0感染症病床数:0合計病床数:36】福岡県福岡市中央区平尾２丁目２１番１６号" }, "geometry": { "type": "Point", "coordinates": [ 130.402159, 33.573042 ] } },
{ "type": "Feature", "properties": { "ID": 4011400000190, "正式名称": "福岡ハートネット病院", "機関区分": 1, "都道府県コード": 40, "市区町村コード": 135, "所在地": "福岡県福岡市西区姪の浜２丁目２ー５０", "緯度": 33.587262, "経度": 130.331582, "url": "https://www.iryou.teikyouseido.mhlw.go.jp/znk-web/juminkanja/S2430/initialize?prefCd=40&kikanCd=1400000190&kikanKbn=1", "url2": "https://heartnet-hp.jp/", "内容": "福岡ハートネット病院【1:病院】【診療科目:内科_血液内科_糖尿病内科_内分泌内科_脳神経内科_呼吸器内科_循環器内科_消化器内科_肝臓内科_腫瘍内科_老年内科_整形外科_精神科_リウマチ科_リハビリテーション科_放射線科_麻酔科】【一般病床数:150療養病床数:0精神病床数:0感染症病床数:0合計病床数:150】福岡県福岡市西区姪の浜２丁目２ー５０" }, "geometry": { "type": "Point", "coordinates": [ 130.331582, 33.587262 ] } },
{ "type": "Feature", "properties": { "ID": 4011400000200, "正式名称": "医療法人　敬天会　武田病院", "機関区分": 1, "都道府県コード": 40, "市区町村コード": 136, "所在地": "福岡県福岡市城南区別府４－５－８", "緯度": 33.571945, "経度": 130.361836, "url": "https://www.iryou.teikyouseido.mhlw.go.jp/znk-web/juminkanja/S2430/initialize?prefCd=40&kikanCd=1400000200&kikanKbn=1", "url2": "https://keitenkai-takeda.com/", "内容": "医療法人　敬天会　武田病院【1:病院】【診療科目:内科_整形外科_リハビリテーション科】【一般病床数:0療養病床数:118精神病床数:0感染症病床数:0合計病床数:118】福岡県福岡市城南区別府４－５－８" }, "geometry": { "type": "Point", "coordinates": [ 130.361836, 33.571945 ] } },
{ "type": "Feature", "properties": { "ID": 4011400000210, "正式名称": "医療法人社団瑞月会　福岡みつき病院", "機関区分": 1, "都道府県コード": 40, "市区町村コード": 136, "所在地": "福岡県福岡市城南区別府１丁目２ー１", "緯度": 33.575458, "経度": 130.374273, "url": "https://www.iryou.teikyouseido.mhlw.go.jp/znk-web/juminkanja/S2430/initialize?prefCd=40&kikanCd=1400000210&kikanKbn=1", "url2": "www.ando-byouin.jp/", "内容": "医療法人社団瑞月会　福岡みつき病院【1:病院】【診療科目:循環器内科_胃腸内科_外科_整形外科】【一般病床数:60療養病床数:0精神病床数:0感染症病床数:0合計病床数:60】福岡県福岡市城南区別府１丁目２ー１" }, "geometry": { "type": "Point", "coordinates": [ 130.374273, 33.575458 ] } },
{ "type": "Feature", "properties": { "ID": 4011400000220, "正式名称": "松永病院", "機関区分": 1, "都道府県コード": 40, "市区町村コード": 136, "所在地": "福岡県福岡市城南区片江１－４－３８", "緯度": 33.55185, "経度": 130.378551, "url": "https://www.iryou.teikyouseido.mhlw.go.jp/znk-web/juminkanja/S2430/initialize?prefCd=40&kikanCd=1400000220&kikanKbn=1", "url2": "https://sj-matsunaga.jp", "内容": "松永病院【1:病院】【診療科目:胃腸内科_外科_整形外科_精神科_リウマチ科_リハビリテーション科】【一般病床数:44療養病床数:0精神病床数:0感染症病床数:0合計病床数:44】福岡県福岡市城南区片江１－４－３８" }, "geometry": { "type": "Point", "coordinates": [ 130.378551, 33.55185 ] } },
{ "type": "Feature", "properties": { "ID": 4011400000230, "正式名称": "聖峰会マリン病院", "機関区分": 1, "都道府県コード": 40, "市区町村コード": 135, "所在地": "福岡県福岡市西区小戸", "緯度": 33.587178, "経度": 130.312417, "url": "https://www.iryou.teikyouseido.mhlw.go.jp/znk-web/juminkanja/S2430/initialize?prefCd=40&kikanCd=1400000230&kikanKbn=1", "url2": "www.marine-hp.com", "内容": "聖峰会マリン病院【1:病院】【診療科目:内科_呼吸器内科_循環器内科_消化器内科_外科_脳神経外科_消化器外科_肛門外科_整形外科_リハビリテーション科_救急科_麻酔科】【一般病床数:85療養病床数:0精神病床数:0感染症病床数:0合計病床数:85】福岡県福岡市西区小戸" }, "geometry": { "type": "Point", "coordinates": [ 130.312417, 33.587178 ] } },
{ "type": "Feature", "properties": { "ID": 4011400000250, "正式名称": "医療法人正誠会倉重病院", "機関区分": 1, "都道府県コード": 40, "市区町村コード": 137, "所在地": "福岡県福岡市早良区有田２丁目１０‐５０", "緯度": 33.56182, "経度": 130.336999, "url": "https://www.iryou.teikyouseido.mhlw.go.jp/znk-web/juminkanja/S2430/initialize?prefCd=40&kikanCd=1400000250&kikanKbn=1", "url2": "kurashige-hp.sakura.ne.jp", "内容": "医療法人正誠会倉重病院【1:病院】【診療科目:内科_胃腸内科_外科_整形外科】【一般病床数:0療養病床数:43精神病床数:0感染症病床数:0合計病床数:43】福岡県福岡市早良区有田２丁目１０‐５０" }, "geometry": { "type": "Point", "coordinates": [ 130.336999, 33.56182 ] } },
{ "type": "Feature", "properties": { "ID": 4011400000260, "正式名称": "医療法人三裕会　拾六町病院", "機関区分": 1, "都道府県コード": 40, "市区町村コード": 135, "所在地": "福岡県福岡市西区拾六町２－２３－１０", "緯度": 33.564097, "経度": 130.310279, "url": "https://www.iryou.teikyouseido.mhlw.go.jp/znk-web/juminkanja/S2430/initialize?prefCd=40&kikanCd=1400000260&kikanKbn=1", "url2": "https://www.sanyu-kai.jp/", "内容": "医療法人三裕会　拾六町病院【1:病院】【診療科目:内科】【一般病床数:0療養病床数:62精神病床数:0感染症病床数:0合計病床数:62】福岡県福岡市西区拾六町２－２３－１０" }, "geometry": { "type": "Point", "coordinates": [ 130.310279, 33.564097 ] } },
{ "type": "Feature", "properties": { "ID": 4011400000270, "正式名称": "石蔵病院", "機関区分": 1, "都道府県コード": 40, "市区町村コード": 133, "所在地": "福岡県福岡市中央区赤坂３丁目２ー１３", "緯度": 33.581319, "経度": 130.385771, "url": "https://www.iryou.teikyouseido.mhlw.go.jp/znk-web/juminkanja/S2430/initialize?prefCd=40&kikanCd=1400000270&kikanKbn=1", "url2": null, "内容": "石蔵病院【1:病院】【診療科目:精神科】【一般病床数:0療養病床数:0精神病床数:58感染症病床数:0合計病床数:58】福岡県福岡市中央区赤坂３丁目２ー１３" }, "geometry": { "type": "Point", "coordinates": [ 130.385771, 33.581319 ] } },
{ "type": "Feature", "properties": { "ID": 4011400000280, "正式名称": "百年橋リハビリテーション病院", "機関区分": 1, "都道府県コード": 40, "市区町村コード": 133, "所在地": "福岡県福岡市中央区清川３ー１７ー１１", "緯度": 33.576653, "経度": 130.412408, "url": "https://www.iryou.teikyouseido.mhlw.go.jp/znk-web/juminkanja/S2430/initialize?prefCd=40&kikanCd=1400000280&kikanKbn=1", "url2": "https://h.seisyukai.jp/", "内容": "百年橋リハビリテーション病院【1:病院】【診療科目:内科_糖尿病内科_脳神経内科_呼吸器内科_循環器内科_外科_脳神経外科_整形外科_リハビリテーション科_麻酔科】【一般病床数:0療養病床数:98精神病床数:0感染症病床数:0合計病床数:98】福岡県福岡市中央区清川３ー１７ー１１" }, "geometry": { "type": "Point", "coordinates": [ 130.412408, 33.576653 ] } },
{ "type": "Feature", "properties": { "ID": 4011400000300, "正式名称": "福岡歯科大学医科歯科総合病院", "機関区分": 1, "都道府県コード": 40, "市区町村コード": 137, "所在地": "福岡県福岡市早良区田村２丁目１５－１", "緯度": 33.545138, "経度": 130.333432, "url": "https://www.iryou.teikyouseido.mhlw.go.jp/znk-web/juminkanja/S2430/initialize?prefCd=40&kikanCd=1400000300&kikanKbn=1", "url2": "www.fdcnet.ac.jp/hos/", "内容": "福岡歯科大学医科歯科総合病院【1:病院】【診療科目:内科_糖尿病内科_呼吸器内科_循環器内科_腎臓内科_禁煙外来_外科_消化器外科_乳腺外科_肛門外科_内視鏡外科_整形外科_形成外科_美容外科_小児科_眼科_耳鼻いんこう科_皮膚科_心療内科_歯科_矯正歯科_歯科口腔外科_小児歯科_リハビリテーション科_放射線診断科_臨床検査科_麻酔科】【一般病床数:50療養病床数:0精神病床数:0感染症病床数:0合計病床数:50】福岡県福岡市早良区田村２丁目１５－１" }, "geometry": { "type": "Point", "coordinates": [ 130.333432, 33.545138 ] } },
{ "type": "Feature", "properties": { "ID": 4011400000310, "正式名称": "医療法人　永寿会　川添記念病院", "機関区分": 1, "都道府県コード": 40, "市区町村コード": 135, "所在地": "福岡県福岡市西区今津４７６０", "緯度": 33.615923, "経度": 130.229646, "url": "https://www.iryou.teikyouseido.mhlw.go.jp/znk-web/juminkanja/S2430/initialize?prefCd=40&kikanCd=1400000310&kikanKbn=1", "url2": "www.kawazoe.or.jp", "内容": "医療法人　永寿会　川添記念病院【1:病院】【診療科目:精神科_心療内科】【一般病床数:0療養病床数:0精神病床数:300感染症病床数:0合計病床数:300】福岡県福岡市西区今津４７６０" }, "geometry": { "type": "Point", "coordinates": [ 130.229646, 33.615923 ] } },
{ "type": "Feature", "properties": { "ID": 4011400000320, "正式名称": "さくら病院", "機関区分": 1, "都道府県コード": 40, "市区町村コード": 136, "所在地": "福岡県福岡市城南区南片江６丁目２－３２", "緯度": 33.545351, "経度": 130.369718, "url": "https://www.iryou.teikyouseido.mhlw.go.jp/znk-web/juminkanja/S2430/initialize?prefCd=40&kikanCd=1400000320&kikanKbn=1", "url2": "www.sakurahp.or.jp", "内容": "さくら病院【1:病院】【診療科目:内科_血液内科_糖尿病内科_呼吸器内科_循環器内科_消化器内科_肝臓内科_神経内科_老年内科_緩和ケア内科_心療内科_リハビリテーション科_放射線科_麻酔科】【一般病床数:152療養病床数:0精神病床数:0感染症病床数:0合計病床数:152】福岡県福岡市城南区南片江６丁目２－３２" }, "geometry": { "type": "Point", "coordinates": [ 130.369718, 33.545351 ] } },
{ "type": "Feature", "properties": { "ID": 4011400000330, "正式名称": "医療法人社団誠和会牟田病院", "機関区分": 1, "都道府県コード": 40, "市区町村コード": 137, "所在地": "福岡県福岡市早良区干隈３－９ー１", "緯度": 33.553552, "経度": 130.349232, "url": "https://www.iryou.teikyouseido.mhlw.go.jp/znk-web/juminkanja/S2430/initialize?prefCd=40&kikanCd=1400000330&kikanKbn=1", "url2": "https://seiwakai-hp.jp", "内容": "医療法人社団誠和会牟田病院【1:病院】【診療科目:内科_糖尿病内科_脳神経内科_呼吸器内科_循環器内科_胃腸内科_外科_整形外科_小児科_泌尿器科_リハビリテーション科】【一般病床数:65療養病床数:98精神病床数:0感染症病床数:0合計病床数:163】福岡県福岡市早良区干隈３－９ー１" }, "geometry": { "type": "Point", "coordinates": [ 130.349232, 33.553552 ] } },
{ "type": "Feature", "properties": { "ID": 4011400000340, "正式名称": "医療法人　西福岡病院", "機関区分": 1, "都道府県コード": 40, "市区町村コード": 135, "所在地": "福岡県福岡市西区生の松原３丁目１８ー８", "緯度": 33.576984, "経度": 130.296668, "url": "https://www.iryou.teikyouseido.mhlw.go.jp/znk-web/juminkanja/S2430/initialize?prefCd=40&kikanCd=1400000340&kikanKbn=1", "url2": "www.nishifukuhp.or.jp", "内容": "医療法人　西福岡病院【1:病院】【診療科目:内科_性感染症内科_糖尿病内科_脳神経内科_呼吸器内科_循環器内科_消化器内科_人工透析内科_腫瘍内科_緩和ケア内科_禁煙外来_外科_呼吸器外科_整形外科_婦人科_眼科_耳鼻いんこう科_皮膚科_泌尿器科_アレルギー科_リウマチ科_リハビリテーション科_放射線診断科】【一般病床数:142療養病床数:46精神病床数:0感染症病床数:0合計病床数:198】福岡県福岡市西区生の松原３丁目１８ー８" }, "geometry": { "type": "Point", "coordinates": [ 130.296668, 33.576984 ] } },
{ "type": "Feature", "properties": { "ID": 4011400000350, "正式名称": "国家公務員共済組合連合会浜の町病院", "機関区分": 1, "都道府県コード": 40, "市区町村コード": 133, "所在地": "福岡県福岡市中央区長浜３－３－１", "緯度": 33.596401, "経度": 130.393631, "url": "https://www.iryou.teikyouseido.mhlw.go.jp/znk-web/juminkanja/S2430/initialize?prefCd=40&kikanCd=1400000350&kikanKbn=1", "url2": "https://hamanomachi.kkr.or.jp", "内容": "国家公務員共済組合連合会浜の町病院【1:病院】【診療科目:感染症内科_血液内科_糖尿病・内分泌内科_脳神経内科_呼吸器内科_循環器内科_消化器内科_腎臓内科_肝臓内科_腫瘍内科_緩和ケア内科_健康診断科_脳神経外科_呼吸器外科_消化器外科_乳腺・内分泌外科_整形外科_形成外科_小児科_産婦人科_眼科_耳鼻いんこう科_皮膚科_泌尿器科_歯科_リウマチ科_放射線診断科_放射線治療科_病理診断科_救急科_麻酔科】【一般病床数:468療養病床数:0精神病床数:0感染症病床数:0合計病床数:468】福岡県福岡市中央区長浜３－３－１" }, "geometry": { "type": "Point", "coordinates": [ 130.393631, 33.596401 ] } },
{ "type": "Feature", "properties": { "ID": 4011400000360, "正式名称": "医療法人　泯江堂　油山病院", "機関区分": 1, "都道府県コード": 40, "市区町村コード": 137, "所在地": "福岡県福岡市早良区野芥５丁目６番３７号", "緯度": 33.538768, "経度": 130.348665, "url": "https://www.iryou.teikyouseido.mhlw.go.jp/znk-web/juminkanja/S2430/initialize?prefCd=40&kikanCd=1400000360&kikanKbn=1", "url2": "www.aburayama-hospital.com", "内容": "医療法人　泯江堂　油山病院【1:病院】【診療科目:内科_精神科】【一般病床数:0療養病床数:45精神病床数:235感染症病床数:0合計病床数:280】福岡県福岡市早良区野芥５丁目６番３７号" }, "geometry": { "type": "Point", "coordinates": [ 130.348665, 33.538768 ] } },
{ "type": "Feature", "properties": { "ID": 4011400000380, "正式名称": "医療法人溝口外科整形外科病院", "機関区分": 1, "都道府県コード": 40, "市区町村コード": 133, "所在地": "福岡県福岡市中央区天神４丁目６－２５", "緯度": 33.594429, "経度": 130.399492, "url": "https://www.iryou.teikyouseido.mhlw.go.jp/znk-web/juminkanja/S2430/initialize?prefCd=40&kikanCd=1400000380&kikanKbn=1", "url2": "www.mizoguchi-hp.jp", "内容": "医療法人溝口外科整形外科病院【1:病院】【診療科目:外科_整形外科_形成外科_リハビリテーション科_麻酔科】【一般病床数:89療養病床数:0精神病床数:0感染症病床数:0合計病床数:89】福岡県福岡市中央区天神４丁目６－２５" }, "geometry": { "type": "Point", "coordinates": [ 130.399492, 33.594429 ] } },
{ "type": "Feature", "properties": { "ID": 4011400000390, "正式名称": "長尾病院", "機関区分": 1, "都道府県コード": 40, "市区町村コード": 136, "所在地": "福岡県福岡市城南区樋井川３丁目４７番１号", "緯度": 33.54399, "経度": 130.387856, "url": "https://www.iryou.teikyouseido.mhlw.go.jp/znk-web/juminkanja/S2430/initialize?prefCd=40&kikanCd=1400000390&kikanKbn=1", "url2": "www.nagao.or.jp", "内容": "長尾病院【1:病院】【診療科目:内科_糖尿病内科_内分泌内科_脳神経内科_循環器内科_消化器内科_胃腸内科_腎臓内科_人工透析内科_老年内科_整形外科_リウマチ科_リハビリテーション科】【一般病床数:101療養病床数:22精神病床数:0感染症病床数:0合計病床数:123】福岡県福岡市城南区樋井川３丁目４７番１号" }, "geometry": { "type": "Point", "coordinates": [ 130.387856, 33.54399 ] } },
{ "type": "Feature", "properties": { "ID": 4011400000400, "正式名称": "福岡記念病院", "機関区分": 1, "都道府県コード": 40, "市区町村コード": 137, "所在地": "福岡県福岡市早良区西新１丁目１ー３５", "緯度": 33.584999, "経度": 130.362807, "url": "https://www.iryou.teikyouseido.mhlw.go.jp/znk-web/juminkanja/S2430/initialize?prefCd=40&kikanCd=1400000400&kikanKbn=1", "url2": "www.kinen.jp", "内容": "福岡記念病院【1:病院】【診療科目:内科_感染症内科_糖尿病・内分泌内科_脳神経内科_呼吸器内科_循環器内科_消化器内科_肝臓内科_外科_脳神経外科_呼吸器外科_血管外科_心臓血管外科_消化器外科_肝臓外科_乳腺外科_大腸・肛門外科_整形外科_形成外科_脊椎・脊髄外科_小児科_婦人科_眼科_耳鼻いんこう科_皮膚科_泌尿器科_精神科_歯科_歯科口腔外科_リウマチ科_リハビリテーション科_放射線科_病理診断科_臨床検査科_救急科_麻酔科】【一般病床数:239療養病床数:0精神病床数:0感染症病床数:0合計病床数:239】福岡県福岡市早良区西新１丁目１ー３５" }, "geometry": { "type": "Point", "coordinates": [ 130.362807, 33.584999 ] } },
{ "type": "Feature", "properties": { "ID": 4011400000410, "正式名称": "医療法人　弘医会　福岡鳥飼病院", "機関区分": 1, "都道府県コード": 40, "市区町村コード": 136, "所在地": "福岡県福岡市城南区鳥飼", "緯度": 33.576153, "経度": 130.368801, "url": "https://www.iryou.teikyouseido.mhlw.go.jp/znk-web/juminkanja/S2430/initialize?prefCd=40&kikanCd=1400000410&kikanKbn=1", "url2": "www.kouikai.jp/torikai/", "内容": "医療法人　弘医会　福岡鳥飼病院【1:病院】【診療科目:内科_糖尿病内科_呼吸器内科_循環器内科_消化器内科_神経内科_外科_脳神経外科_呼吸器外科_心臓血管外科_消化器外科_乳腺外科_整形外科_形成外科_小児科_皮膚科_リウマチ科_リハビリテーション科_麻酔科】【一般病床数:117療養病床数:60精神病床数:0感染症病床数:0合計病床数:177】福岡県福岡市城南区鳥飼" }, "geometry": { "type": "Point", "coordinates": [ 130.368801, 33.576153 ] } },
{ "type": "Feature", "properties": { "ID": 4011400000420, "正式名称": "伊都の丘病院", "機関区分": 1, "都道府県コード": 40, "市区町村コード": 135, "所在地": "福岡県福岡市西区徳永北１８番５号", "緯度": 33.573484, "経度": 130.256006, "url": "https://www.iryou.teikyouseido.mhlw.go.jp/znk-web/juminkanja/S2430/initialize?prefCd=40&kikanCd=1400000420&kikanKbn=1", "url2": "htpps;//ito.hospital", "内容": "伊都の丘病院【1:病院】【診療科目:内科_漢方内科_精神科_神経科_心療内科】【一般病床数:0療養病床数:0精神病床数:148感染症病床数:0合計病床数:148】福岡県福岡市西区徳永北１８番５号" }, "geometry": { "type": "Point", "coordinates": [ 130.256006, 33.573484 ] } },
{ "type": "Feature", "properties": { "ID": 4011400000430, "正式名称": "医療法人　白翠園春日病院", "機関区分": 1, "都道府県コード": 40, "市区町村コード": 135, "所在地": "福岡県福岡市西区今宿青木１１０５", "緯度": 33.578512, "経度": 130.291169, "url": "https://www.iryou.teikyouseido.mhlw.go.jp/znk-web/juminkanja/S2430/initialize?prefCd=40&kikanCd=1400000430&kikanKbn=1", "url2": "hakusuien-kasuga.com/", "内容": "医療法人　白翠園春日病院【1:病院】【診療科目:精神科_神経科_心療内科】【一般病床数:0療養病床数:0精神病床数:131感染症病床数:0合計病床数:131】福岡県福岡市西区今宿青木１１０５" }, "geometry": { "type": "Point", "coordinates": [ 130.291169, 33.578512 ] } },
{ "type": "Feature", "properties": { "ID": 4011400000450, "正式名称": "医療法人　楽天堂広橋病院", "機関区分": 1, "都道府県コード": 40, "市区町村コード": 137, "所在地": "福岡県福岡市早良区東入部６－２０－５６", "緯度": 33.518658, "経度": 130.333389, "url": "https://www.iryou.teikyouseido.mhlw.go.jp/znk-web/juminkanja/S2430/initialize?prefCd=40&kikanCd=1400000450&kikanKbn=1", "url2": "www.rakutendo-g.com/", "内容": "医療法人　楽天堂広橋病院【1:病院】【診療科目:内科_リハビリテーション科】【一般病床数:0療養病床数:120精神病床数:0感染症病床数:0合計病床数:120】福岡県福岡市早良区東入部６－２０－５６" }, "geometry": { "type": "Point", "coordinates": [ 130.333389, 33.518658 ] } },
{ "type": "Feature", "properties": { "ID": 4011400000460, "正式名称": "今津赤十字病院", "機関区分": 1, "都道府県コード": 40, "市区町村コード": 135, "所在地": "福岡県福岡市西区今津", "緯度": 33.599898, "経度": 130.271864, "url": "https://www.iryou.teikyouseido.mhlw.go.jp/znk-web/juminkanja/S2430/initialize?prefCd=40&kikanCd=1400000460&kikanKbn=1", "url2": "imazu-med-jrc.jp", "内容": "今津赤十字病院【1:病院】【診療科目:内科_循環器内科_胃腸内科_神経内科_精神科_リハビリテーション科_放射線科】【一般病床数:90療養病床数:30精神病床数:60感染症病床数:0合計病床数:180】福岡県福岡市西区今津" }, "geometry": { "type": "Point", "coordinates": [ 130.271864, 33.599898 ] } },
{ "type": "Feature", "properties": { "ID": 4011400000470, "正式名称": "福岡和仁会病院", "機関区分": 1, "都道府県コード": 40, "市区町村コード": 135, "所在地": "福岡県福岡市西区生の松原１丁目３３ー１８", "緯度": 33.579817, "経度": 130.29503, "url": "https://www.iryou.teikyouseido.mhlw.go.jp/znk-web/juminkanja/S2430/initialize?prefCd=40&kikanCd=1400000470&kikanKbn=1", "url2": "fukuoka-wajinkai-hp.or.jp", "内容": "福岡和仁会病院【1:病院】【診療科目:内科_糖尿病内科_循環器内科_消化器内科_人工透析内科_神経内科_整形外科_皮膚科_泌尿器科_リハビリテーション科】【一般病床数:0療養病床数:192精神病床数:0感染症病床数:0合計病床数:192】福岡県福岡市西区生の松原１丁目３３ー１８" }, "geometry": { "type": "Point", "coordinates": [ 130.29503, 33.579817 ] } },
{ "type": "Feature", "properties": { "ID": 4011400000480, "正式名称": "地方独立行政法人　福岡市立病院機構　福岡市立こども病院", "機関区分": 1, "都道府県コード": 40, "市区町村コード": 131, "所在地": "福岡県福岡市東区香椎照葉５ー１ー１", "緯度": 33.662374, "経度": 130.418689, "url": "https://www.iryou.teikyouseido.mhlw.go.jp/znk-web/juminkanja/S2430/initialize?prefCd=40&kikanCd=1400000480&kikanKbn=1", "url2": "https://childhp.fcho.jp/", "内容": "地方独立行政法人　福岡市立病院機構　福岡市立こども病院【1:病院】【診療科目:小児科_小児眼科_小児耳鼻いんこう科_小児皮膚科_児童精神科_小児外科_小児泌尿器科_新生児内科_小児神経科、胎児循環器科、血液・感染免疫科、小児感染免疫科・総合診療科、内分泌・代謝科、循環器科、腎臓内科、心臓血管外科、脳神経外科、形成外科、アレルギー・呼吸器科、放射線科、麻酔科、リハビリテーション科_産科_小児歯科_リハビリテーション科_放射線科_麻酔科】【一般病床数:239療養病床数:0精神病床数:0感染症病床数:0合計病床数:239】福岡県福岡市東区香椎照葉５ー１ー１" }, "geometry": { "type": "Point", "coordinates": [ 130.418689, 33.662374 ] } },
{ "type": "Feature", "properties": { "ID": 4011400000490, "正式名称": "社会医療法人福西会　福西会病院", "機関区分": 1, "都道府県コード": 40, "市区町村コード": 137, "所在地": "福岡県福岡市早良区野芥", "緯度": 33.548183, "経度": 130.348137, "url": "https://www.iryou.teikyouseido.mhlw.go.jp/znk-web/juminkanja/S2430/initialize?prefCd=40&kikanCd=1400000490&kikanKbn=1", "url2": "fukuseikai-hp.com/", "内容": "社会医療法人福西会　福西会病院【1:病院】【診療科目:内科_呼吸器内科_循環器内科_消化器内科_腎臓内科_人工透析内科_神経内科_外科_脳神経外科_呼吸器外科_消化器外科_肛門外科_整形外科_泌尿器科_リハビリテーション科_放射線科_麻酔科】【一般病床数:198療養病床数:0精神病床数:0感染症病床数:0合計病床数:198】福岡県福岡市早良区野芥" }, "geometry": { "type": "Point", "coordinates": [ 130.348137, 33.548183 ] } },
{ "type": "Feature", "properties": { "ID": 4011400000500, "正式名称": "医療法人　博仁会　福岡リハビリテーション病院", "機関区分": 1, "都道府県コード": 40, "市区町村コード": 135, "所在地": "福岡県福岡市西区野方７丁目７７０", "緯度": 33.557959, "経度": 130.302641, "url": "https://www.iryou.teikyouseido.mhlw.go.jp/znk-web/juminkanja/S2430/initialize?prefCd=40&kikanCd=1400000500&kikanKbn=1", "url2": "https://frh.or.jp/", "内容": "医療法人　博仁会　福岡リハビリテーション病院【1:病院】【診療科目:内科_糖尿病内科_脳神経内科_循環器内科_消化器内科_脳神経外科_整形外科_歯科_リウマチ科_リハビリテーション科_麻酔科】【一般病床数:183療養病床数:45精神病床数:0感染症病床数:0合計病床数:228】福岡県福岡市西区野方７丁目７７０" }, "geometry": { "type": "Point", "coordinates": [ 130.302641, 33.557959 ] } },
{ "type": "Feature", "properties": { "ID": 4011400000510, "正式名称": "福岡中央病院", "機関区分": 1, "都道府県コード": 40, "市区町村コード": 133, "所在地": "福岡県福岡市中央区薬院２丁目６ー１１", "緯度": 33.58018, "経度": 130.393854, "url": "https://www.iryou.teikyouseido.mhlw.go.jp/znk-web/juminkanja/S2430/initialize?prefCd=40&kikanCd=1400000510&kikanKbn=1", "url2": "f-central.kouhoukai.or.jp/", "内容": "福岡中央病院【1:病院】【診療科目:内科_感染症内科_血液内科_糖尿病・内分泌内科_脳神経内科_呼吸器内科_循環器内科_消化器内科_肝臓内科_外科_消化器外科_乳腺外科_肛門外科_整形外科_形成外科_婦人科_眼科_耳鼻いんこう科_皮膚科_泌尿器科_心療内科_リウマチ科_リハビリテーション科_放射線科_麻酔科】【一般病床数:147療養病床数:45精神病床数:0感染症病床数:0合計病床数:192】福岡県福岡市中央区薬院２丁目６ー１１" }, "geometry": { "type": "Point", "coordinates": [ 130.393854, 33.58018 ] } },
{ "type": "Feature", "properties": { "ID": 4011400000520, "正式名称": "社会医療法人財団　白十字会　白十字リハビリテーション病院", "機関区分": 1, "都道府県コード": 40, "市区町村コード": 135, "所在地": "福岡県福岡市西区石丸３－３－９", "緯度": 33.5741, "経度": 130.315595, "url": "https://www.iryou.teikyouseido.mhlw.go.jp/znk-web/juminkanja/S2430/initialize?prefCd=40&kikanCd=1400000520&kikanKbn=1", "url2": "https://www.fukuoka.hakujyujikai.or.jp/reha/", "内容": "社会医療法人財団　白十字会　白十字リハビリテーション病院【1:病院】【診療科目:内科_脳血管内科_脳神経外科_心臓血管外科_リハビリテーション科】【一般病床数:0療養病床数:160精神病床数:0感染症病床数:0合計病床数:160】福岡県福岡市西区石丸３－３－９" }, "geometry": { "type": "Point", "coordinates": [ 130.315595, 33.5741 ] } },
{ "type": "Feature", "properties": { "ID": 4011400000530, "正式名称": "医療法人　社団広仁会広瀬病院", "機関区分": 1, "都道府県コード": 40, "市区町村コード": 133, "所在地": "福岡県福岡市中央区渡辺通１丁目１２番１１号", "緯度": 33.584493, "経度": 130.40496, "url": "https://www.iryou.teikyouseido.mhlw.go.jp/znk-web/juminkanja/S2430/initialize?prefCd=40&kikanCd=1400000530&kikanKbn=1", "url2": "www.hirose-hp.or.jp", "内容": "医療法人　社団広仁会広瀬病院【1:病院】【診療科目:内科_糖尿病内科_呼吸器内科_循環器内科_ペインクリニック内科_外科_脳神経外科_消化器外科_乳腺外科_整形外科_歯科口腔外科】【一般病床数:62療養病床数:0精神病床数:0感染症病床数:0合計病床数:62】福岡県福岡市中央区渡辺通１丁目１２番１１号" }, "geometry": { "type": "Point", "coordinates": [ 130.40496, 33.584493 ] } },
{ "type": "Feature", "properties": { "ID": 4011400000540, "正式名称": "学校法人福岡大学　福岡大学西新病院", "機関区分": 1, "都道府県コード": 40, "市区町村コード": 137, "所在地": "福岡県福岡市早良区祖原１５－７", "緯度": 33.580013, "経度": 130.356718, "url": "https://www.iryou.teikyouseido.mhlw.go.jp/znk-web/juminkanja/S2430/initialize?prefCd=40&kikanCd=1400000540&kikanKbn=1", "url2": "www.nishijin.fukuoka-u.ac.jp", "内容": "学校法人福岡大学　福岡大学西新病院【1:病院】【診療科目:内科_感染症内科_糖尿病・代謝内科_脳神経内科_呼吸器内科_循環器内科_消化器内科_リハビリテーション科_放射線科】【一般病床数:117療養病床数:0精神病床数:0感染症病床数:0合計病床数:117】福岡県福岡市早良区祖原１５－７" }, "geometry": { "type": "Point", "coordinates": [ 130.356718, 33.580013 ] } },
{ "type": "Feature", "properties": { "ID": 4011400000550, "正式名称": "博愛会病院", "機関区分": 1, "都道府県コード": 40, "市区町村コード": 133, "所在地": "福岡県福岡市中央区笹丘１丁目２８ー２５", "緯度": 33.563849, "経度": 130.377745, "url": "https://www.iryou.teikyouseido.mhlw.go.jp/znk-web/juminkanja/S2430/initialize?prefCd=40&kikanCd=1400000550&kikanKbn=1", "url2": "www.hakuaikai.or.jp", "内容": "博愛会病院【1:病院】【診療科目:内科_糖尿病内科_呼吸器内科_循環器内科_消化器内科_胃腸内科_肝臓内科_老年内科_整形外科_リウマチ科_リハビリテーション科】【一般病床数:97療養病床数:48精神病床数:0感染症病床数:0合計病床数:145】福岡県福岡市中央区笹丘１丁目２８ー２５" }, "geometry": { "type": "Point", "coordinates": [ 130.377745, 33.563849 ] } },
{ "type": "Feature", "properties": { "ID": 4011400000560, "正式名称": "倉光病院", "機関区分": 1, "都道府県コード": 40, "市区町村コード": 135, "所在地": "福岡県福岡市西区飯盛６６４－１", "緯度": 33.5411, "経度": 130.310418, "url": "https://www.iryou.teikyouseido.mhlw.go.jp/znk-web/juminkanja/S2430/initialize?prefCd=40&kikanCd=1400000560&kikanKbn=1", "url2": "www.kuramitsu-hp.or.jp/", "内容": "倉光病院【1:病院】【診療科目:内科_精神科_歯科】【一般病床数:0療養病床数:0精神病床数:130感染症病床数:0合計病床数:130】福岡県福岡市西区飯盛６６４－１" }, "geometry": { "type": "Point", "coordinates": [ 130.310418, 33.5411 ] } },
{ "type": "Feature", "properties": { "ID": 4011400000570, "正式名称": "医療法人社団　福光会　福田眼科病院", "機関区分": 1, "都道府県コード": 40, "市区町村コード": 137, "所在地": "福岡県福岡市早良区藤崎１丁目２４－１", "緯度": 33.581068, "経度": 130.346692, "url": "https://www.iryou.teikyouseido.mhlw.go.jp/znk-web/juminkanja/S2430/initialize?prefCd=40&kikanCd=1400000570&kikanKbn=1", "url2": "www.fukudaganka.jp/", "内容": "医療法人社団　福光会　福田眼科病院【1:病院】【診療科目:眼科】【一般病床数:38療養病床数:0精神病床数:0感染症病床数:0合計病床数:38】福岡県福岡市早良区藤崎１丁目２４－１" }, "geometry": { "type": "Point", "coordinates": [ 130.346692, 33.581068 ] } },
{ "type": "Feature", "properties": { "ID": 4011400000580, "正式名称": "茂木病院", "機関区分": 1, "都道府県コード": 40, "市区町村コード": 135, "所在地": "福岡県福岡市西区姪の浜", "緯度": 33.588122, "経度": 130.322027, "url": "https://www.iryou.teikyouseido.mhlw.go.jp/znk-web/juminkanja/S2430/initialize?prefCd=40&kikanCd=1400000580&kikanKbn=1", "url2": "www.mo-gi.jp", "内容": "茂木病院【1:病院】【診療科目:内科_呼吸器内科_消化器内科_リハビリテーション科】【一般病床数:0療養病床数:42精神病床数:0感染症病床数:0合計病床数:42】福岡県福岡市西区姪の浜" }, "geometry": { "type": "Point", "coordinates": [ 130.322027, 33.588122 ] } },
{ "type": "Feature", "properties": { "ID": 4011400000590, "正式名称": "シーサイド病院", "機関区分": 1, "都道府県コード": 40, "市区町村コード": 135, "所在地": "福岡県福岡市西区今津３８１０番地", "緯度": 33.61159, "経度": 130.229785, "url": "https://www.iryou.teikyouseido.mhlw.go.jp/znk-web/juminkanja/S2430/initialize?prefCd=40&kikanCd=1400000590&kikanKbn=1", "url2": "www.seaside-hp.or.jp", "内容": "シーサイド病院【1:病院】【診療科目:内科_歯科_リハビリテーション科】【一般病床数:0療養病床数:180精神病床数:0感染症病床数:0合計病床数:180】福岡県福岡市西区今津３８１０番地" }, "geometry": { "type": "Point", "coordinates": [ 130.229785, 33.61159 ] } },
{ "type": "Feature", "properties": { "ID": 4011400000600, "正式名称": "医療法人　重喜会　南福岡脳神経外科病院", "機関区分": 1, "都道府県コード": 40, "市区町村コード": 134, "所在地": "福岡県福岡市南区曰佐５丁目２－２３", "緯度": 33.535863, "経度": 130.429618, "url": "https://www.iryou.teikyouseido.mhlw.go.jp/znk-web/juminkanja/S2430/initialize?prefCd=40&kikanCd=1400000600&kikanKbn=1", "url2": "https://minami-fukuokahp.jp/", "内容": "医療法人　重喜会　南福岡脳神経外科病院【1:病院】【診療科目:内科_感染症内科_血液・腫瘍内科_糖尿病内科_呼吸器内科_循環器内科_胃腸内科_腫瘍内科_疼痛緩和内科_脳神経外科_リハビリテーション科_麻酔科】【一般病床数:40療養病床数:39精神病床数:0感染症病床数:0合計病床数:79】福岡県福岡市南区曰佐５丁目２－２３" }, "geometry": { "type": "Point", "coordinates": [ 130.429618, 33.535863 ] } },
{ "type": "Feature", "properties": { "ID": 4011400000610, "正式名称": "医療法人　医療法人寺沢病院", "機関区分": 1, "都道府県コード": 40, "市区町村コード": 134, "所在地": "福岡県福岡市南区市崎１－１４－１１", "緯度": 33.570959, "経度": 130.403076, "url": "https://www.iryou.teikyouseido.mhlw.go.jp/znk-web/juminkanja/S2430/initialize?prefCd=40&kikanCd=1400000610&kikanKbn=1", "url2": "https://www.terasawa-h.jp/", "内容": "医療法人　医療法人寺沢病院【1:病院】【診療科目:内科_糖尿病内科_循環器内科_消化器内科_神経内科_小児科_精神科_リハビリテーション科】【一般病床数:86療養病床数:0精神病床数:0感染症病床数:0合計病床数:86】福岡県福岡市南区市崎１－１４－１１" }, "geometry": { "type": "Point", "coordinates": [ 130.403076, 33.570959 ] } },
{ "type": "Feature", "properties": { "ID": 4011400000620, "正式名称": "医療法人勢成会　井口野間病院", "機関区分": 1, "都道府県コード": 40, "市区町村コード": 134, "所在地": "福岡県福岡市南区寺塚１丁目３ー４７", "緯度": 33.554933, "経度": 130.404798, "url": "https://www.iryou.teikyouseido.mhlw.go.jp/znk-web/juminkanja/S2430/initialize?prefCd=40&kikanCd=1400000620&kikanKbn=1", "url2": "www.inokuchinoma.com", "内容": "医療法人勢成会　井口野間病院【1:病院】【診療科目:内科_精神科_心療内科】【一般病床数:0療養病床数:0精神病床数:198感染症病床数:0合計病床数:198】福岡県福岡市南区寺塚１丁目３ー４７" }, "geometry": { "type": "Point", "coordinates": [ 130.404798, 33.554933 ] } },
{ "type": "Feature", "properties": { "ID": 4011400000630, "正式名称": "那珂川病院", "機関区分": 1, "都道府県コード": 40, "市区町村コード": 134, "所在地": "福岡県福岡市南区向新町２丁目１７ー１７", "緯度": 33.539186, "経度": 130.428046, "url": "https://www.iryou.teikyouseido.mhlw.go.jp/znk-web/juminkanja/S2430/initialize?prefCd=40&kikanCd=1400000630&kikanKbn=1", "url2": "www.nakagawa-hp.com", "内容": "那珂川病院【1:病院】【診療科目:内科_血液内科_循環器内科_消化器内科_腎臓内科_緩和ケア内科_外科_脳神経外科_血管外科_消化器外科_肛門外科_整形外科_眼科_泌尿器科_リハビリテーション科_放射線科_麻酔科】【一般病床数:116療養病床数:46精神病床数:0感染症病床数:0合計病床数:162】福岡県福岡市南区向新町２丁目１７ー１７" }, "geometry": { "type": "Point", "coordinates": [ 130.428046, 33.539186 ] } },
{ "type": "Feature", "properties": { "ID": 4011400000640, "正式名称": "医療法人同信会　福岡整形外科病院", "機関区分": 1, "都道府県コード": 40, "市区町村コード": 134, "所在地": "福岡県福岡市南区柳河内", "緯度": 33.54874, "経度": 130.405021, "url": "https://www.iryou.teikyouseido.mhlw.go.jp/znk-web/juminkanja/S2430/initialize?prefCd=40&kikanCd=1400000640&kikanKbn=1", "url2": "www.fukuokaseikei.com", "内容": "医療法人同信会　福岡整形外科病院【1:病院】【診療科目:整形外科_リウマチ科_リハビリテーション科_麻酔科】【一般病床数:175療養病床数:0精神病床数:0感染症病床数:0合計病床数:175】福岡県福岡市南区柳河内" }, "geometry": { "type": "Point", "coordinates": [ 130.405021, 33.54874 ] } },
{ "type": "Feature", "properties": { "ID": 4011400000660, "正式名称": "公立学校共済組合　九州中央病院", "機関区分": 1, "都道府県コード": 40, "市区町村コード": 134, "所在地": "福岡県福岡市南区塩原３ー２３ー１", "緯度": 33.563294, "経度": 130.424629, "url": "https://www.iryou.teikyouseido.mhlw.go.jp/znk-web/juminkanja/S2430/initialize?prefCd=40&kikanCd=1400000660&kikanKbn=1", "url2": "https://www.kyuchu.jp", "内容": "公立学校共済組合　九州中央病院【1:病院】【診療科目:内科_糖尿病・内分泌内科_脳神経内科_呼吸器内科_循環器内科_消化器内科_腎臓内科_肝臓内科_膵臓内科_外科_脳神経外科_呼吸器外科_血管外科_消化器外科_肝臓・胆のう・膵臓外科_乳腺外科_整形外科_形成外科_婦人科_眼科_耳鼻いんこう科_皮膚科_泌尿器科_精神科_心療内科_歯科口腔外科_リウマチ科_リハビリテーション科_放射線科_病理診断科_麻酔科】【一般病床数:330療養病床数:0精神病床数:0感染症病床数:0合計病床数:330】福岡県福岡市南区塩原３ー２３ー１" }, "geometry": { "type": "Point", "coordinates": [ 130.424629, 33.563294 ] } },
{ "type": "Feature", "properties": { "ID": 4011400000670, "正式名称": "若久病院", "機関区分": 1, "都道府県コード": 40, "市区町村コード": 134, "所在地": "福岡県福岡市南区若久５ー３ー１", "緯度": 33.548351, "経度": 130.409853, "url": "https://www.iryou.teikyouseido.mhlw.go.jp/znk-web/juminkanja/S2430/initialize?prefCd=40&kikanCd=1400000670&kikanKbn=1", "url2": "www.wakahisa.or.jp", "内容": "若久病院【1:病院】【診療科目:精神科】【一般病床数:0療養病床数:0精神病床数:305感染症病床数:0合計病床数:305】福岡県福岡市南区若久５ー３ー１" }, "geometry": { "type": "Point", "coordinates": [ 130.409853, 33.548351 ] } },
{ "type": "Feature", "properties": { "ID": 4011400000680, "正式名称": "医療法人　恵光会原病院", "機関区分": 1, "都道府県コード": 40, "市区町村コード": 134, "所在地": "福岡県福岡市南区若久", "緯度": 33.553823, "経度": 130.41763, "url": "https://www.iryou.teikyouseido.mhlw.go.jp/znk-web/juminkanja/S2430/initialize?prefCd=40&kikanCd=1400000680&kikanKbn=1", "url2": "www.hara-hospital.com/", "内容": "医療法人　恵光会原病院【1:病院】【診療科目:内科_呼吸器内科_循環器内科_消化器内科_整形外科_心療内科_歯科_歯科口腔外科_リハビリテーション科】【一般病床数:89療養病床数:131精神病床数:0感染症病床数:0合計病床数:220】福岡県福岡市南区若久" }, "geometry": { "type": "Point", "coordinates": [ 130.41763, 33.553823 ] } },
{ "type": "Feature", "properties": { "ID": 4011400000690, "正式名称": "福岡保養院", "機関区分": 1, "都道府県コード": 40, "市区町村コード": 134, "所在地": "福岡県福岡市南区高木", "緯度": 33.560211, "経度": 130.435267, "url": "https://www.iryou.teikyouseido.mhlw.go.jp/znk-web/juminkanja/S2430/initialize?prefCd=40&kikanCd=1400000690&kikanKbn=1", "url2": "www.f-hoyouin.com", "内容": "福岡保養院【1:病院】【診療科目:内科_精神科_心療内科】【一般病床数:0療養病床数:0精神病床数:334感染症病床数:0合計病床数:334】福岡県福岡市南区高木" }, "geometry": { "type": "Point", "coordinates": [ 130.435267, 33.560211 ] } },
{ "type": "Feature", "properties": { "ID": 4011400000700, "正式名称": "西岡病院", "機関区分": 1, "都道府県コード": 40, "市区町村コード": 134, "所在地": "福岡県福岡市南区老司", "緯度": 33.535269, "経度": 130.427463, "url": "https://www.iryou.teikyouseido.mhlw.go.jp/znk-web/juminkanja/S2430/initialize?prefCd=40&kikanCd=1400000700&kikanKbn=1", "url2": "www.nishioka-hp.or.jp", "内容": "西岡病院【1:病院】【診療科目:内科_胃腸内科_精神科】【一般病床数:0療養病床数:30精神病床数:120感染症病床数:0合計病床数:150】福岡県福岡市南区老司" }, "geometry": { "type": "Point", "coordinates": [ 130.427463, 33.535269 ] } },
{ "type": "Feature", "properties": { "ID": 4011400000710, "正式名称": "中村病院", "機関区分": 1, "都道府県コード": 40, "市区町村コード": 134, "所在地": "福岡県福岡市南区老司３丁目３３－１", "緯度": 33.531881, "経度": 130.420353, "url": "https://www.iryou.teikyouseido.mhlw.go.jp/znk-web/juminkanja/S2430/initialize?prefCd=40&kikanCd=1400000710&kikanKbn=1", "url2": "sowa-nakamura.or.jp", "内容": "中村病院【1:病院】【診療科目:内科_精神科_老年精神科】【一般病床数:0療養病床数:45精神病床数:180感染症病床数:0合計病床数:225】福岡県福岡市南区老司３丁目３３－１" }, "geometry": { "type": "Point", "coordinates": [ 130.420353, 33.531881 ] } },
{ "type": "Feature", "properties": { "ID": 4011400000720, "正式名称": "夫婦石病院", "機関区分": 1, "都道府県コード": 40, "市区町村コード": 134, "所在地": "福岡県福岡市南区大字桧原８５３ー９", "緯度": 33.523298, "経度": 130.37994, "url": "https://www.iryou.teikyouseido.mhlw.go.jp/znk-web/juminkanja/S2430/initialize?prefCd=40&kikanCd=1400000720&kikanKbn=1", "url2": "www.meotoiwa.com", "内容": "夫婦石病院【1:病院】【診療科目:内科_腎臓内科_整形外科_リハビリテーション科】【一般病床数:155療養病床数:20精神病床数:0感染症病床数:0合計病床数:175】福岡県福岡市南区大字桧原８５３ー９" }, "geometry": { "type": "Point", "coordinates": [ 130.37994, 33.523298 ] } },
{ "type": "Feature", "properties": { "ID": 4011400000730, "正式名称": "南折立病院", "機関区分": 1, "都道府県コード": 40, "市区町村コード": 134, "所在地": "福岡県福岡市南区横手", "緯度": 33.551268, "経度": 130.437934, "url": "https://www.iryou.teikyouseido.mhlw.go.jp/znk-web/juminkanja/S2430/initialize?prefCd=40&kikanCd=1400000730&kikanKbn=1", "url2": "www.seikokai-mc.or.jp/", "内容": "南折立病院【1:病院】【診療科目:内科_外科_皮膚科_リハビリテーション科】【一般病床数:60療養病床数:0精神病床数:0感染症病床数:0合計病床数:60】福岡県福岡市南区横手" }, "geometry": { "type": "Point", "coordinates": [ 130.437934, 33.551268 ] } },
{ "type": "Feature", "properties": { "ID": 4011400000740, "正式名称": "福岡県立精神医療センター太宰府病院", "機関区分": 1, "都道府県コード": 40, "市区町村コード": 221, "所在地": "福岡県太宰府市五条３ー８ー１", "緯度": 33.508052, "経度": 130.526483, "url": "https://www.iryou.teikyouseido.mhlw.go.jp/znk-web/juminkanja/S2430/initialize?prefCd=40&kikanCd=1400000740&kikanKbn=1", "url2": "www.dazaifu-hsp.jp/", "内容": "福岡県立精神医療センター太宰府病院【1:病院】【診療科目:内科_精神科_神経科_歯科_リハビリテーション科】【一般病床数:0療養病床数:0精神病床数:300感染症病床数:0合計病床数:300】福岡県太宰府市五条３ー８ー１" }, "geometry": { "type": "Point", "coordinates": [ 130.526483, 33.508052 ] } },
{ "type": "Feature", "properties": { "ID": 4011400000750, "正式名称": "医療法人　悠水会　水城病院", "機関区分": 1, "都道府県コード": 40, "市区町村コード": 221, "所在地": "福岡県太宰府市通古賀３丁目１０番１号", "緯度": 33.511496, "経度": 130.506568, "url": "https://www.iryou.teikyouseido.mhlw.go.jp/znk-web/juminkanja/S2430/initialize?prefCd=40&kikanCd=1400000750&kikanKbn=1", "url2": "www.mizuki.or.jp", "内容": "医療法人　悠水会　水城病院【1:病院】【診療科目:内科_循環器内科_皮膚科_精神科_心療内科_リハビリテーション科】【一般病床数:0療養病床数:112精神病床数:0感染症病床数:0合計病床数:112】福岡県太宰府市通古賀３丁目１０番１号" }, "geometry": { "type": "Point", "coordinates": [ 130.506568, 33.511496 ] } },
{ "type": "Feature", "properties": { "ID": 4011400000760, "正式名称": "医療法人恵山会　丸山病院", "機関区分": 1, "都道府県コード": 40, "市区町村コード": 221, "所在地": "福岡県太宰府市坂本１ー４ー６", "緯度": 33.513857, "経度": 130.506568, "url": "https://www.iryou.teikyouseido.mhlw.go.jp/znk-web/juminkanja/S2430/initialize?prefCd=40&kikanCd=1400000760&kikanKbn=1", "url2": "https://maruyamahosp.jp/", "内容": "医療法人恵山会　丸山病院【1:病院】【診療科目:内科_循環器内科_消化器内科_リハビリテーション科】【一般病床数:52療養病床数:0精神病床数:0感染症病床数:0合計病床数:52】福岡県太宰府市坂本１ー４ー６" }, "geometry": { "type": "Point", "coordinates": [ 130.506568, 33.513857 ] } },
{ "type": "Feature", "properties": { "ID": 4011400000780, "正式名称": "街のひかり病院ハピタル", "機関区分": 1, "都道府県コード": 40, "市区町村コード": 219, "所在地": "福岡県大野城市筒井１ー３ー１", "緯度": 33.540964, "経度": 130.474431, "url": "https://www.iryou.teikyouseido.mhlw.go.jp/znk-web/juminkanja/S2430/initialize?prefCd=40&kikanCd=1400000780&kikanKbn=1", "url2": "www.hatabyouin.jp/", "内容": "街のひかり病院ハピタル【1:病院】【診療科目:内科_循環器内科_消化器内科_外科_血管外科_整形外科_リハビリテーション科】【一般病床数:54療養病床数:50精神病床数:0感染症病床数:0合計病床数:104】福岡県大野城市筒井１ー３ー１" }, "geometry": { "type": "Point", "coordinates": [ 130.474431, 33.540964 ] } },
{ "type": "Feature", "properties": { "ID": 4011400000790, "正式名称": "医療法人　同仁会　乙金病院", "機関区分": 1, "都道府県コード": 40, "市区町村コード": 219, "所在地": "福岡県大野城市乙金東４ー１２ー１", "緯度": 33.557491, "経度": 130.500789, "url": "https://www.iryou.teikyouseido.mhlw.go.jp/znk-web/juminkanja/S2430/initialize?prefCd=40&kikanCd=1400000790&kikanKbn=1", "url2": "www.otogane.or.jp", "内容": "医療法人　同仁会　乙金病院【1:病院】【診療科目:内科_児童精神科_精神科_心療内科_リハビリテーション科】【一般病床数:0療養病床数:46精神病床数:152感染症病床数:0合計病床数:198】福岡県大野城市乙金東４ー１２ー１" }, "geometry": { "type": "Point", "coordinates": [ 130.500789, 33.557491 ] } },
{ "type": "Feature", "properties": { "ID": 4011400000800, "正式名称": "医療法人十全会　おおりん病院", "機関区分": 1, "都道府県コード": 40, "市区町村コード": 219, "所在地": "福岡県大野城市中央１－１３－８", "緯度": 33.525438, "経度": 130.484986, "url": "https://www.iryou.teikyouseido.mhlw.go.jp/znk-web/juminkanja/S2430/initialize?prefCd=40&kikanCd=1400000800&kikanKbn=1", "url2": "oorin.org/", "内容": "医療法人十全会　おおりん病院【1:病院】【診療科目:内科_呼吸器内科_消化器内科_精神科_心療内科_放射線科】【一般病床数:38療養病床数:0精神病床数:303感染症病床数:0合計病床数:341】福岡県大野城市中央１－１３－８" }, "geometry": { "type": "Point", "coordinates": [ 130.484986, 33.525438 ] } },
{ "type": "Feature", "properties": { "ID": 4011400000810, "正式名称": "医療法人文佑会原病院", "機関区分": 1, "都道府県コード": 40, "市区町村コード": 219, "所在地": "福岡県大野城市白木原５ー１ー１５", "緯度": 33.530965, "経度": 130.485292, "url": "https://www.iryou.teikyouseido.mhlw.go.jp/znk-web/juminkanja/S2430/initialize?prefCd=40&kikanCd=1400000810&kikanKbn=1", "url2": "https://hara-hp.or.jp/", "内容": "医療法人文佑会原病院【1:病院】【診療科目:内科_糖尿病内科_脳神経内科_循環器内科_胃腸内科_リハビリテーション科_放射線科】【一般病床数:53療養病床数:50精神病床数:0感染症病床数:0合計病床数:103】福岡県大野城市白木原５ー１ー１５" }, "geometry": { "type": "Point", "coordinates": [ 130.485292, 33.530965 ] } },
{ "type": "Feature", "properties": { "ID": 4011400000820, "正式名称": "特定医療法人社団三光会誠愛リハビリテーション病院", "機関区分": 1, "都道府県コード": 40, "市区町村コード": 219, "所在地": "福岡県大野城市南大利２丁目７番２号", "緯度": 33.509317, "経度": 130.479682, "url": "https://www.iryou.teikyouseido.mhlw.go.jp/znk-web/juminkanja/S2430/initialize?prefCd=40&kikanCd=1400000820&kikanKbn=1", "url2": "www.seiai-riha.com", "内容": "特定医療法人社団三光会誠愛リハビリテーション病院【1:病院】【診療科目:内科_神経内科_小児科_リハビリテーション科】【一般病床数:54療養病床数:145精神病床数:0感染症病床数:0合計病床数:199】福岡県大野城市南大利２丁目７番２号" }, "geometry": { "type": "Point", "coordinates": [ 130.479682, 33.509317 ] } },
{ "type": "Feature", "properties": { "ID": 4011400000830, "正式名称": "医療法人徳洲会　福岡徳洲会病院", "機関区分": 1, "都道府県コード": 40, "市区町村コード": 218, "所在地": "福岡県春日市須玖北４―５", "緯度": 33.5441, "経度": 130.446939, "url": "https://www.iryou.teikyouseido.mhlw.go.jp/znk-web/juminkanja/S2430/initialize?prefCd=40&kikanCd=1400000830&kikanKbn=1", "url2": "www.f-toku.jp", "内容": "医療法人徳洲会　福岡徳洲会病院【1:病院】【診療科目:内科_糖尿病内科_内分泌内科_呼吸器内科_循環器内科_消化器内科_腎臓内科_肝臓内科_神経内科_外科_脳神経外科_呼吸器外科_心臓血管外科_消化器外科_肛門外科_整形外科_形成外科_小児科_産婦人科_眼科_耳鼻いんこう科_皮膚科_泌尿器科_精神科_心療内科_歯科_矯正歯科_歯科口腔外科_小児歯科_アレルギー科_リウマチ科_リハビリテーション科_放射線診断科_放射線治療科_病理診断科_救急科_麻酔科】【一般病床数:600療養病床数:0精神病床数:0感染症病床数:2合計病床数:602】福岡県春日市須玖北４―５" }, "geometry": { "type": "Point", "coordinates": [ 130.446939, 33.5441 ] } },
{ "type": "Feature", "properties": { "ID": 4011400000840, "正式名称": "医療法人　社団　渡辺病院", "機関区分": 1, "都道府県コード": 40, "市区町村コード": 218, "所在地": "福岡県春日市岡本１ー１０５", "緯度": 33.541464, "経度": 130.450072, "url": "https://www.iryou.teikyouseido.mhlw.go.jp/znk-web/juminkanja/S2430/initialize?prefCd=40&kikanCd=1400000840&kikanKbn=1", "url2": "www.watanabe-byouin.jp/", "内容": "医療法人　社団　渡辺病院【1:病院】【診療科目:内科_胃腸内科_外科_リハビリテーション科】【一般病床数:0療養病床数:51精神病床数:0感染症病床数:0合計病床数:51】福岡県春日市岡本１ー１０５" }, "geometry": { "type": "Point", "coordinates": [ 130.450072, 33.541464 ] } },
{ "type": "Feature", "properties": { "ID": 4011400000850, "正式名称": "医療法人春成会樋口病院", "機関区分": 1, "都道府県コード": 40, "市区町村コード": 218, "所在地": "福岡県春日市紅葉ケ丘東１丁目８６番地", "緯度": 33.521272, "経度": 130.457933, "url": "https://www.iryou.teikyouseido.mhlw.go.jp/znk-web/juminkanja/S2430/initialize?prefCd=40&kikanCd=1400000850&kikanKbn=1", "url2": "https://www.higuchi-hosp.or.jp/", "内容": "医療法人春成会樋口病院【1:病院】【診療科目:内科_糖尿病内科_循環器内科_消化器内科_腎臓内科_形成外科_皮膚科_泌尿器科_アレルギー科_リハビリテーション科_放射線科】【一般病床数:60療養病床数:0精神病床数:0感染症病床数:0合計病床数:60】福岡県春日市紅葉ケ丘東１丁目８６番地" }, "geometry": { "type": "Point", "coordinates": [ 130.457933, 33.521272 ] } },
{ "type": "Feature", "properties": { "ID": 4011400000860, "正式名称": "医療法人　みらい　筑紫野病院", "機関区分": 1, "都道府県コード": 40, "市区町村コード": 217, "所在地": "福岡県筑紫野市天山３７", "緯度": 33.479417, "経度": 130.563203, "url": "https://www.iryou.teikyouseido.mhlw.go.jp/znk-web/juminkanja/S2430/initialize?prefCd=40&kikanCd=1400000860&kikanKbn=1", "url2": "www.chikushino-hp.jp./", "内容": "医療法人　みらい　筑紫野病院【1:病院】【診療科目:精神科_心療内科】【一般病床数:0療養病床数:0精神病床数:155感染症病床数:0合計病床数:155】福岡県筑紫野市天山３７" }, "geometry": { "type": "Point", "coordinates": [ 130.563203, 33.479417 ] } },
{ "type": "Feature", "properties": { "ID": 4011400000870, "正式名称": "社会福祉法人恩賜財団済生会支部　福岡県済生会二日市病院", "機関区分": 1, "都道府県コード": 40, "市区町村コード": 217, "所在地": "福岡県筑紫野市湯町３丁目１３－１", "緯度": 33.488749, "経度": 130.51554, "url": "https://www.iryou.teikyouseido.mhlw.go.jp/znk-web/juminkanja/S2430/initialize?prefCd=40&kikanCd=1400000870&kikanKbn=1", "url2": "www.saiseikai-futsukaichi.org", "内容": "社会福祉法人恩賜財団済生会支部　福岡県済生会二日市病院【1:病院】【診療科目:内科_血液内科_糖尿病内科_脳神経内科_呼吸器内科_循環器内科_消化器内科_腎臓内科_外科_脳神経外科_呼吸器外科_血管外科_消化器外科_整形外科_形成外科_美容外科_皮膚科_泌尿器科_リハビリテーション科_放射線科_救急科_麻酔科】【一般病床数:260療養病床数:0精神病床数:0感染症病床数:0合計病床数:260】福岡県筑紫野市湯町３丁目１３－１" }, "geometry": { "type": "Point", "coordinates": [ 130.51554, 33.488749 ] } },
{ "type": "Feature", "properties": { "ID": 4011400000880, "正式名称": "社会医療法人　喜悦会　二日市那珂川病院", "機関区分": 1, "都道府県コード": 40, "市区町村コード": 217, "所在地": "福岡県筑紫野市二日市中央３ー６ー１２", "緯度": 33.498081, "経度": 130.517678, "url": "https://www.iryou.teikyouseido.mhlw.go.jp/znk-web/juminkanja/S2430/initialize?prefCd=40&kikanCd=1400000880&kikanKbn=1", "url2": "futsukaichi-nakagawa.com", "内容": "社会医療法人　喜悦会　二日市那珂川病院【1:病院】【診療科目:内科_循環器内科_消化器内科_緩和ケア内科_リハビリテーション科】【一般病床数:14療養病床数:36精神病床数:0感染症病床数:0合計病床数:50】福岡県筑紫野市二日市中央３ー６ー１２" }, "geometry": { "type": "Point", "coordinates": [ 130.517678, 33.498081 ] } },
{ "type": "Feature", "properties": { "ID": 4011400000890, "正式名称": "社会医療法人　喜悦会　ちくし那珂川病院", "機関区分": 1, "都道府県コード": 40, "市区町村コード": 231, "所在地": "福岡県那珂川市仲２丁目８番１号", "緯度": 33.50805, "経度": 130.427575, "url": "https://www.iryou.teikyouseido.mhlw.go.jp/znk-web/juminkanja/S2430/initialize?prefCd=40&kikanCd=1400000890&kikanKbn=1", "url2": "www.c-nakagawa.or.jp/", "内容": "社会医療法人　喜悦会　ちくし那珂川病院【1:病院】【診療科目:内科_糖尿病内科_循環器内科_消化器内科_外科_リハビリテーション科】【一般病床数:99療養病床数:0精神病床数:0感染症病床数:0合計病床数:99】福岡県那珂川市仲２丁目８番１号" }, "geometry": { "type": "Point", "coordinates": [ 130.427575, 33.50805 ] } },
{ "type": "Feature", "properties": { "ID": 4011400000900, "正式名称": "牧病院", "機関区分": 1, "都道府県コード": 40, "市区町村コード": 217, "所在地": "福岡県筑紫野市永岡９７６－１", "緯度": 33.471751, "経度": 130.540066, "url": "https://www.iryou.teikyouseido.mhlw.go.jp/znk-web/juminkanja/S2430/initialize?prefCd=40&kikanCd=1400000900&kikanKbn=1", "url2": "www.maki.or.jp", "内容": "牧病院【1:病院】【診療科目:内科_精神科_神経科】【一般病床数:0療養病床数:0精神病床数:316感染症病床数:0合計病床数:316】福岡県筑紫野市永岡９７６－１" }, "geometry": { "type": "Point", "coordinates": [ 130.540066, 33.471751 ] } },
{ "type": "Feature", "properties": { "ID": 4011400000910, "正式名称": "福岡大学筑紫病院", "機関区分": 1, "都道府県コード": 40, "市区町村コード": 217, "所在地": "福岡県筑紫野市俗明院１丁目１－１", "緯度": 33.482111, "経度": 130.532261, "url": "https://www.iryou.teikyouseido.mhlw.go.jp/znk-web/juminkanja/S2430/initialize?prefCd=40&kikanCd=1400000910&kikanKbn=1", "url2": "https://www.chikushi.fukuoka-u.ac.jp/", "内容": "福岡大学筑紫病院【1:病院】【診療科目:内科_糖尿病・内分泌内科_脳神経内科_呼吸器内科_循環器内科_消化器内科_腎臓内科_外科_脳神経外科_呼吸器外科_消化器外科_乳腺外科_整形外科_形成外科_小児科_小児アレルギー科_眼科_耳鼻いんこう科_皮膚科_泌尿器科_リウマチ科_リハビリテーション科_放射線科_病理診断科_救急科_麻酔科】【一般病床数:308療養病床数:0精神病床数:0感染症病床数:2合計病床数:310】福岡県筑紫野市俗明院１丁目１－１" }, "geometry": { "type": "Point", "coordinates": [ 130.532261, 33.482111 ] } },
{ "type": "Feature", "properties": { "ID": 4011400000920, "正式名称": "医療法人小西第一病院", "機関区分": 1, "都道府県コード": 40, "市区町村コード": 217, "所在地": "福岡県筑紫野市石崎１－３－１", "緯度": 33.486832, "経度": 130.526928, "url": "https://www.iryou.teikyouseido.mhlw.go.jp/znk-web/juminkanja/S2430/initialize?prefCd=40&kikanCd=1400000920&kikanKbn=1", "url2": "www.konishidaiichi-hp.or.jp", "内容": "医療法人小西第一病院【1:病院】【診療科目:内科_糖尿病内科_糖尿病・内分泌内科_脳神経内科_呼吸器内科_循環器内科_消化器内科_神経内科_漢方内科_緩和ケア内科_外科_脳神経外科_呼吸器外科_血管外科_消化器外科_乳腺外科_内視鏡外科_整形外科_リウマチ科_リハビリテーション科】【一般病床数:121療養病床数:0精神病床数:0感染症病床数:0合計病床数:121】福岡県筑紫野市石崎１－３－１" }, "geometry": { "type": "Point", "coordinates": [ 130.526928, 33.486832 ] } },
{ "type": "Feature", "properties": { "ID": 4011400000930, "正式名称": "医療法人文杏堂　杉病院", "機関区分": 1, "都道府県コード": 40, "市区町村コード": 217, "所在地": "福岡県筑紫野市二日市中央１ー３ー２", "緯度": 33.495276, "経度": 130.520234, "url": "https://www.iryou.teikyouseido.mhlw.go.jp/znk-web/juminkanja/S2430/initialize?prefCd=40&kikanCd=1400000930&kikanKbn=1", "url2": "sugi-hospital.jp", "内容": "医療法人文杏堂　杉病院【1:病院】【診療科目:内科_循環器内科_リハビリテーション科】【一般病床数:36療養病床数:36精神病床数:0感染症病床数:0合計病床数:72】福岡県筑紫野市二日市中央１ー３ー２" }, "geometry": { "type": "Point", "coordinates": [ 130.520234, 33.495276 ] } },
{ "type": "Feature", "properties": { "ID": 4011400000940, "正式名称": "医療法人社団　邦生会　高山病院", "機関区分": 1, "都道府県コード": 40, "市区町村コード": 217, "所在地": "福岡県筑紫野市針摺中央２丁目１１ー１０", "緯度": 33.483805, "経度": 130.536677, "url": "https://www.iryou.teikyouseido.mhlw.go.jp/znk-web/juminkanja/S2430/initialize?prefCd=40&kikanCd=1400000940&kikanKbn=1", "url2": "www.takayama-hosp.org", "内容": "医療法人社団　邦生会　高山病院【1:病院】【診療科目:内科_循環器内科_腎臓内科_人工透析内科_泌尿器科】【一般病床数:50療養病床数:0精神病床数:0感染症病床数:0合計病床数:50】福岡県筑紫野市針摺中央２丁目１１ー１０" }, "geometry": { "type": "Point", "coordinates": [ 130.536677, 33.483805 ] } },
{ "type": "Feature", "properties": { "ID": 4011400000960, "正式名称": "医療法人正明会　諸岡整形外科病院", "機関区分": 1, "都道府県コード": 40, "市区町村コード": 231, "所在地": "福岡県那珂川市片縄３－８１", "緯度": 33.516549, "経度": 130.423797, "url": "https://www.iryou.teikyouseido.mhlw.go.jp/znk-web/juminkanja/S2430/initialize?prefCd=40&kikanCd=1400000960&kikanKbn=1", "url2": "www.morookahp.com", "内容": "医療法人正明会　諸岡整形外科病院【1:病院】【診療科目:整形外科_リウマチ科_リハビリテーション科_麻酔科】【一般病床数:60療養病床数:0精神病床数:0感染症病床数:0合計病床数:60】福岡県那珂川市片縄３－８１" }, "geometry": { "type": "Point", "coordinates": [ 130.423797, 33.516549 ] } },
{ "type": "Feature", "properties": { "ID": 4011400000970, "正式名称": "可也病院", "機関区分": 1, "都道府県コード": 40, "市区町村コード": 230, "所在地": "福岡県糸島市志摩師吉１２００", "緯度": 33.576871, "経度": 130.174152, "url": "https://www.iryou.teikyouseido.mhlw.go.jp/znk-web/juminkanja/S2430/initialize?prefCd=40&kikanCd=1400000970&kikanKbn=1", "url2": "https//:www.kayahospital.com", "内容": "可也病院【1:病院】【診療科目:内科_精神科_リハビリテーション科】【一般病床数:0療養病床数:0精神病床数:253感染症病床数:0合計病床数:253】福岡県糸島市志摩師吉１２００" }, "geometry": { "type": "Point", "coordinates": [ 130.174152, 33.576871 ] } },
{ "type": "Feature", "properties": { "ID": 4011400000980, "正式名称": "小富士病院", "機関区分": 1, "都道府県コード": 40, "市区町村コード": 230, "所在地": "福岡県糸島市志摩久家", "緯度": 33.563733, "経度": 130.140155, "url": "https://www.iryou.teikyouseido.mhlw.go.jp/znk-web/juminkanja/S2430/initialize?prefCd=40&kikanCd=1400000980&kikanKbn=1", "url2": "www.kofuji-hospital.com", "内容": "小富士病院【1:病院】【診療科目:内科_呼吸器内科_リハビリテーション科】【一般病床数:0療養病床数:39精神病床数:0感染症病床数:0合計病床数:39】福岡県糸島市志摩久家" }, "geometry": { "type": "Point", "coordinates": [ 130.140155, 33.563733 ] } },
{ "type": "Feature", "properties": { "ID": 4011400000990, "正式名称": "医療法人博仁会　福吉病院", "機関区分": 1, "都道府県コード": 40, "市区町村コード": 230, "所在地": "福岡県糸島市福吉二丁目１６番１号", "緯度": 33.502656, "経度": 130.080718, "url": "https://www.iryou.teikyouseido.mhlw.go.jp/znk-web/juminkanja/S2430/initialize?prefCd=40&kikanCd=1400000990&kikanKbn=1", "url2": null, "内容": "医療法人博仁会　福吉病院【1:病院】【診療科目:内科_脳神経内科_呼吸器内科_循環器内科_外科_整形外科_小児科_リハビリテーション科】【一般病床数:0療養病床数:44精神病床数:0感染症病床数:0合計病床数:44】福岡県糸島市福吉二丁目１６番１号" }, "geometry": { "type": "Point", "coordinates": [ 130.080718, 33.502656 ] } },
{ "type": "Feature", "properties": { "ID": 4011400001020, "正式名称": "医療法人せいわ会　みなかぜ病院", "機関区分": 1, "都道府県コード": 40, "市区町村コード": 230, "所在地": "福岡県糸島市篠原西１丁目１４ー１", "緯度": 33.551097, "経度": 130.202178, "url": "https://www.iryou.teikyouseido.mhlw.go.jp/znk-web/juminkanja/S2430/initialize?prefCd=40&kikanCd=1400001020&kikanKbn=1", "url2": "www.minakaze.jp/", "内容": "医療法人せいわ会　みなかぜ病院【1:病院】【診療科目:内科_精神科_心療内科】【一般病床数:0療養病床数:0精神病床数:203感染症病床数:0合計病床数:203】福岡県糸島市篠原西１丁目１４ー１" }, "geometry": { "type": "Point", "coordinates": [ 130.202178, 33.551097 ] } },
{ "type": "Feature", "properties": { "ID": 4011400001030, "正式名称": "医療法人　西福岡桜十字　原田病院", "機関区分": 1, "都道府県コード": 40, "市区町村コード": 230, "所在地": "福岡県糸島市有田９１２ー４", "緯度": 33.543042, "経度": 130.216371, "url": "https://www.iryou.teikyouseido.mhlw.go.jp/znk-web/juminkanja/S2430/initialize?prefCd=40&kikanCd=1400001030&kikanKbn=1", "url2": "www.sj-harada.jp/", "内容": "医療法人　西福岡桜十字　原田病院【1:病院】【診療科目:内科_胃腸内科_リハビリテーション科】【一般病床数:0療養病床数:41精神病床数:0感染症病床数:0合計病床数:41】福岡県糸島市有田９１２ー４" }, "geometry": { "type": "Point", "coordinates": [ 130.216371, 33.543042 ] } },
{ "type": "Feature", "properties": { "ID": 4011400001040, "正式名称": "医療法人恵真会渡辺整形外科病院", "機関区分": 1, "都道府県コード": 40, "市区町村コード": 230, "所在地": "福岡県糸島市前原１８１１番地１", "緯度": 33.55829, "経度": 130.189401, "url": "https://www.iryou.teikyouseido.mhlw.go.jp/znk-web/juminkanja/S2430/initialize?prefCd=40&kikanCd=1400001040&kikanKbn=1", "url2": "www.keishin.or.jp", "内容": "医療法人恵真会渡辺整形外科病院【1:病院】【診療科目:整形外科_リウマチ科_リハビリテーション科_麻酔科】【一般病床数:59療養病床数:0精神病床数:0感染症病床数:0合計病床数:59】福岡県糸島市前原１８１１番地１" }, "geometry": { "type": "Point", "coordinates": [ 130.189401, 33.55829 ] } },
{ "type": "Feature", "properties": { "ID": 4011400001060, "正式名称": "井上病院", "機関区分": 1, "都道府県コード": 40, "市区町村コード": 230, "所在地": "福岡県糸島市波多江６９９ー１", "緯度": 33.560791, "経度": 130.226397, "url": "https://www.iryou.teikyouseido.mhlw.go.jp/znk-web/juminkanja/S2430/initialize?prefCd=40&kikanCd=1400001060&kikanKbn=1", "url2": "www.sih.or.jp", "内容": "井上病院【1:病院】【診療科目:内科_糖尿病内科_循環器内科_消化器内科_緩和ケア内科_外科_血管外科_消化器外科_乳腺外科_肛門外科_整形外科_リハビリテーション科】【一般病床数:73療養病床数:0精神病床数:0感染症病床数:0合計病床数:73】福岡県糸島市波多江６９９ー１" }, "geometry": { "type": "Point", "coordinates": [ 130.226397, 33.560791 ] } },
{ "type": "Feature", "properties": { "ID": 4011400001070, "正式名称": "社会医療法人財団　池友会福岡和白病院", "機関区分": 1, "都道府県コード": 40, "市区町村コード": 131, "所在地": "福岡県福岡市東区和白丘２－２－７５", "緯度": 33.692252, "経度": 130.433375, "url": "https://www.iryou.teikyouseido.mhlw.go.jp/znk-web/juminkanja/S2430/initialize?prefCd=40&kikanCd=1400001070&kikanKbn=1", "url2": "www.f-wajirohp.jp/", "内容": "社会医療法人財団　池友会福岡和白病院【1:病院】【診療科目:内科_糖尿病・代謝内科_脳神経内科_呼吸器内科_循環器内科_消化器内科_腎臓内科_総合血管病外来_外科_脳神経外科_呼吸器外科_心臓血管外科_消化器外科_乳腺外科_整形外科_形成外科_脊髄脊椎外科、ガンマナイフ_小児外科_産婦人科_眼科_皮膚科_泌尿器科_リウマチ科_リハビリテーション科_放射線科_病理診断科_救急科_麻酔科】【一般病床数:369療養病床数:0精神病床数:0感染症病床数:0合計病床数:369】福岡県福岡市東区和白丘２－２－７５" }, "geometry": { "type": "Point", "coordinates": [ 130.433375, 33.692252 ] } },
{ "type": "Feature", "properties": { "ID": 4011400001080, "正式名称": "社会医療法人財団　池友会　香椎丘リハビリテーション病院", "機関区分": 1, "都道府県コード": 40, "市区町村コード": 131, "所在地": "福岡県福岡市東区下原２丁目２４番３６号", "緯度": 33.670699, "経度": 130.460179, "url": "https://www.iryou.teikyouseido.mhlw.go.jp/znk-web/juminkanja/S2430/initialize?prefCd=40&kikanCd=1400001080&kikanKbn=1", "url2": "www.kashii-rh.net/", "内容": "社会医療法人財団　池友会　香椎丘リハビリテーション病院【1:病院】【診療科目:内科_リハビリテーション科】【一般病床数:0療養病床数:120精神病床数:0感染症病床数:0合計病床数:120】福岡県福岡市東区下原２丁目２４番３６号" }, "geometry": { "type": "Point", "coordinates": [ 130.460179, 33.670699 ] } },
{ "type": "Feature", "properties": { "ID": 4011400001090, "正式名称": "医療法人八女健朋会　八媛病院", "機関区分": 1, "都道府県コード": 40, "市区町村コード": 210, "所在地": "福岡県八女市本１４８６", "緯度": 33.229502, "経度": 130.582541, "url": "https://www.iryou.teikyouseido.mhlw.go.jp/znk-web/juminkanja/S2430/initialize?prefCd=40&kikanCd=1400001090&kikanKbn=1", "url2": "www.yahimehp.jp", "内容": "医療法人八女健朋会　八媛病院【1:病院】【診療科目:内科】【一般病床数:0療養病床数:60精神病床数:0感染症病床数:0合計病床数:60】福岡県八女市本１４８６" }, "geometry": { "type": "Point", "coordinates": [ 130.582541, 33.229502 ] } },
{ "type": "Feature", "properties": { "ID": 4011400001100, "正式名称": "社会医療法人筑水会　筑水会病院", "機関区分": 1, "都道府県コード": 40, "市区町村コード": 210, "所在地": "福岡県八女市吉田", "緯度": 33.222835, "経度": 130.55221, "url": "https://www.iryou.teikyouseido.mhlw.go.jp/znk-web/juminkanja/S2430/initialize?prefCd=40&kikanCd=1400001100&kikanKbn=1", "url2": "www.chikusuikai.or.jp/", "内容": "社会医療法人筑水会　筑水会病院【1:病院】【診療科目:内科_精神科_神経科_心療内科】【一般病床数:0療養病床数:0精神病床数:284感染症病床数:0合計病床数:284】福岡県八女市吉田" }, "geometry": { "type": "Point", "coordinates": [ 130.55221, 33.222835 ] } },
{ "type": "Feature", "properties": { "ID": 4011400001110, "正式名称": "公立八女総合病院", "機関区分": 1, "都道府県コード": 40, "市区町村コード": 210, "所在地": "福岡県八女市高塚５４０番地２", "緯度": 33.206226, "経度": 130.560182, "url": "https://www.iryou.teikyouseido.mhlw.go.jp/znk-web/juminkanja/S2430/initialize?prefCd=40&kikanCd=1400001110&kikanKbn=1", "url2": "www.hosp-yame.jp", "内容": "公立八女総合病院【1:病院】【診療科目:血液内科_代謝・内分泌内科_呼吸器内科_心臓血管内科_消化器内科_腎臓内科_肝臓内科_神経内科_脳神経外科_呼吸器外科_血管外科_消化器外科_乳腺・内分泌外科_大腸・肛門外科_整形外科_肝臓・胆のう外科_小児科_産婦人科_眼科_耳鼻いんこう科_皮膚科_泌尿器科_精神科_歯科口腔外科_リウマチ科_リハビリテーション科_放射線診断科_放射線治療科_病理診断科_臨床検査科_麻酔科】【一般病床数:300療養病床数:0精神病床数:0感染症病床数:0合計病床数:300】福岡県八女市高塚５４０番地２" }, "geometry": { "type": "Point", "coordinates": [ 130.560182, 33.206226 ] } },
{ "type": "Feature", "properties": { "ID": 4011400001120, "正式名称": "柳病院", "機関区分": 1, "都道府県コード": 40, "市区町村コード": 210, "所在地": "福岡県八女市吉田２－１", "緯度": 33.221465, "経度": 130.559378, "url": "https://www.iryou.teikyouseido.mhlw.go.jp/znk-web/juminkanja/S2430/initialize?prefCd=40&kikanCd=1400001120&kikanKbn=1", "url2": "www.ryuuikukai.com/yanagi/", "内容": "柳病院【1:病院】【診療科目:代謝・内分泌内科_脳神経内科_循環器内科_消化器内科_外科_呼吸器外科_消化器外科_整形外科_泌尿器科_リハビリテーション科_放射線科】【一般病床数:86療養病床数:49精神病床数:0感染症病床数:0合計病床数:135】福岡県八女市吉田２－１" }, "geometry": { "type": "Point", "coordinates": [ 130.559378, 33.221465 ] } },
{ "type": "Feature", "properties": { "ID": 4011400001130, "正式名称": "医療法人社団慶仁会川崎病院", "機関区分": 1, "都道府県コード": 40, "市区町村コード": 210, "所在地": "福岡県八女市津江５３８", "緯度": 33.214587, "経度": 130.575125, "url": "https://www.iryou.teikyouseido.mhlw.go.jp/znk-web/juminkanja/S2430/initialize?prefCd=40&kikanCd=1400001130&kikanKbn=1", "url2": "www.kawasaki-h.or.jp/", "内容": "医療法人社団慶仁会川崎病院【1:病院】【診療科目:内科_脳神経外科_整形外科_形成外科_リウマチ科_リハビリテーション科_放射線科_麻酔科】【一般病床数:95療養病床数:120精神病床数:0感染症病床数:0合計病床数:215】福岡県八女市津江５３８" }, "geometry": { "type": "Point", "coordinates": [ 130.575125, 33.214587 ] } },
{ "type": "Feature", "properties": { "ID": 4011400001140, "正式名称": "八女リハビリ病院", "機関区分": 1, "都道府県コード": 40, "市区町村コード": 210, "所在地": "福岡県八女市吉田２２２０－１", "緯度": 33.232223, "経度": 130.56182, "url": "https://www.iryou.teikyouseido.mhlw.go.jp/znk-web/juminkanja/S2430/initialize?prefCd=40&kikanCd=1400001140&kikanKbn=1", "url2": "www.ryuuikukai.com/", "内容": "八女リハビリ病院【1:病院】【診療科目:内科_外科_整形外科_歯科_リハビリテーション科_放射線科】【一般病床数:51療養病床数:139精神病床数:0感染症病床数:0合計病床数:190】福岡県八女市吉田２２２０－１" }, "geometry": { "type": "Point", "coordinates": [ 130.56182, 33.232223 ] } },
{ "type": "Feature", "properties": { "ID": 4011400001150, "正式名称": "弥永協立病院", "機関区分": 1, "都道府県コード": 40, "市区町村コード": 203, "所在地": "福岡県久留米市六ツ門町１２－１２", "緯度": 33.312074, "経度": 130.513323, "url": "https://www.iryou.teikyouseido.mhlw.go.jp/znk-web/juminkanja/S2430/initialize?prefCd=40&kikanCd=1400001150&kikanKbn=1", "url2": "yanagakyouritsu.com/", "内容": "弥永協立病院【1:病院】【診療科目:内科_外科_消化器外科_乳腺外科_肛門外科_大腸・肛門外科_整形外科】【一般病床数:52療養病床数:0精神病床数:0感染症病床数:0合計病床数:52】福岡県久留米市六ツ門町１２－１２" }, "geometry": { "type": "Point", "coordinates": [ 130.513323, 33.312074 ] } },
{ "type": "Feature", "properties": { "ID": 4011400001160, "正式名称": "医療法人福岡桜十字　花畑病院", "機関区分": 1, "都道府県コード": 40, "市区町村コード": 203, "所在地": "福岡県久留米市西町９１４", "緯度": 33.304803, "経度": 130.518891, "url": "https://www.iryou.teikyouseido.mhlw.go.jp/znk-web/juminkanja/S2430/initialize?prefCd=40&kikanCd=1400001160&kikanKbn=1", "url2": "www.sj-hanabatake.jp/", "内容": "医療法人福岡桜十字　花畑病院【1:病院】【診療科目:内科_循環器内科_外科_整形外科_リハビリテーション科_放射線科】【一般病床数:30療養病床数:105精神病床数:0感染症病床数:0合計病床数:135】福岡県久留米市西町９１４" }, "geometry": { "type": "Point", "coordinates": [ 130.518891, 33.304803 ] } },
{ "type": "Feature", "properties": { "ID": 4011400001200, "正式名称": "社会医療法人聖ルチア会　聖ルチア病院", "機関区分": 1, "都道府県コード": 40, "市区町村コード": 203, "所在地": "福岡県久留米市津福本町１０１２番地", "緯度": 33.306269, "経度": 130.50549, "url": "https://www.iryou.teikyouseido.mhlw.go.jp/znk-web/juminkanja/S2430/initialize?prefCd=40&kikanCd=1400001200&kikanKbn=1", "url2": "www.st-lucia.or.jp", "内容": "社会医療法人聖ルチア会　聖ルチア病院【1:病院】【診療科目:内科_児童精神科_精神科_心療内科_老年精神科】【一般病床数:0療養病床数:0精神病床数:263感染症病床数:0合計病床数:263】福岡県久留米市津福本町１０１２番地" }, "geometry": { "type": "Point", "coordinates": [ 130.50549, 33.306269 ] } },
{ "type": "Feature", "properties": { "ID": 4011400001210, "正式名称": "独立行政法人地域医療機能推進機構　久留米総合病院", "機関区分": 1, "都道府県コード": 40, "市区町村コード": 203, "所在地": "福岡県久留米市櫛原町２１番地", "緯度": 33.318412, "経度": 130.513466, "url": "https://www.iryou.teikyouseido.mhlw.go.jp/znk-web/juminkanja/S2430/initialize?prefCd=40&kikanCd=1400001210&kikanKbn=1", "url2": "kurume.jcho.go.jp/", "内容": "独立行政法人地域医療機能推進機構　久留米総合病院【1:病院】【診療科目:内科_感染症内科_糖尿病内科_代謝内科_内分泌内科_呼吸器内科_循環器内科_消化器内科_腎臓内科_人工透析内科_ペインクリニック内科_外科_消化器外科_乳腺外科_整形外科_形成外科_産婦人科_眼科_皮膚科_泌尿器科_精神科_リハビリテーション科_放射線科_救急科_麻酔科】【一般病床数:175療養病床数:0精神病床数:0感染症病床数:0合計病床数:175】福岡県久留米市櫛原町２１番地" }, "geometry": { "type": "Point", "coordinates": [ 130.513466, 33.318412 ] } },
{ "type": "Feature", "properties": { "ID": 4011400001230, "正式名称": "のぞえ総合心療病院", "機関区分": 1, "都道府県コード": 40, "市区町村コード": 203, "所在地": "福岡県久留米市藤山町１７３０番地", "緯度": 33.269163, "経度": 130.542516, "url": "https://www.iryou.teikyouseido.mhlw.go.jp/znk-web/juminkanja/S2430/initialize?prefCd=40&kikanCd=1400001230&kikanKbn=1", "url2": "nozoe.or.jp", "内容": "のぞえ総合心療病院【1:病院】【診療科目:精神科_神経科_心療内科】【一般病床数:0療養病床数:0精神病床数:146感染症病床数:0合計病床数:146】福岡県久留米市藤山町１７３０番地" }, "geometry": { "type": "Point", "coordinates": [ 130.542516, 33.269163 ] } },
{ "type": "Feature", "properties": { "ID": 4011400001240, "正式名称": "医療法人　善志会　久留米南病院", "機関区分": 1, "都道府県コード": 40, "市区町村コード": 203, "所在地": "福岡県久留米市荒木町下荒木１６１６番地１", "緯度": 33.26544, "経度": 130.483216, "url": "https://www.iryou.teikyouseido.mhlw.go.jp/znk-web/juminkanja/S2430/initialize?prefCd=40&kikanCd=1400001240&kikanKbn=1", "url2": "www.kurume-minami.com", "内容": "医療法人　善志会　久留米南病院【1:病院】【診療科目:内科_呼吸器内科_循環器内科_胃腸内科_泌尿器科_リハビリテーション科】【一般病床数:0療養病床数:100精神病床数:0感染症病床数:0合計病床数:100】福岡県久留米市荒木町下荒木１６１６番地１" }, "geometry": { "type": "Point", "coordinates": [ 130.483216, 33.26544 ] } },
{ "type": "Feature", "properties": { "ID": 4011400001250, "正式名称": "医療法人日新会　久留米記念病院", "機関区分": 1, "都道府県コード": 40, "市区町村コード": 203, "所在地": "福岡県久留米市東合川８丁目８番２２号", "緯度": 33.32599, "経度": 130.553013, "url": "https://www.iryou.teikyouseido.mhlw.go.jp/znk-web/juminkanja/S2430/initialize?prefCd=40&kikanCd=1400001250&kikanKbn=1", "url2": "kurumekinen-hp.jp", "内容": "医療法人日新会　久留米記念病院【1:病院】【診療科目:内科_呼吸器内科_循環器内科_胃腸内科_外科_整形外科_リハビリテーション科_放射線科】【一般病床数:0療養病床数:160精神病床数:0感染症病床数:0合計病床数:160】福岡県久留米市東合川８丁目８番２２号" }, "geometry": { "type": "Point", "coordinates": [ 130.553013, 33.32599 ] } },
{ "type": "Feature", "properties": { "ID": 4011400001260, "正式名称": "高良台リハビリテーション病院", "機関区分": 1, "都道府県コード": 40, "市区町村コード": 203, "所在地": "福岡県久留米市藤光町９６５番地の２", "緯度": 33.26333, "経度": 130.510102, "url": "https://www.iryou.teikyouseido.mhlw.go.jp/znk-web/juminkanja/S2430/initialize?prefCd=40&kikanCd=1400001260&kikanKbn=1", "url2": "www.kyueikai.jp/", "内容": "高良台リハビリテーション病院【1:病院】【診療科目:内科_呼吸器内科_循環器内科_消化器内科_神経内科_整形外科_歯科_リハビリテーション科_放射線科】【一般病床数:100療養病床数:0精神病床数:0感染症病床数:0合計病床数:100】福岡県久留米市藤光町９６５番地の２" }, "geometry": { "type": "Point", "coordinates": [ 130.510102, 33.26333 ] } },
{ "type": "Feature", "properties": { "ID": 4011400001270, "正式名称": "医療法人　楠病院", "機関区分": 1, "都道府県コード": 40, "市区町村コード": 203, "所在地": "福岡県久留米市日吉町１１５", "緯度": 33.315546, "経度": 130.516433, "url": "https://www.iryou.teikyouseido.mhlw.go.jp/znk-web/juminkanja/S2430/initialize?prefCd=40&kikanCd=1400001270&kikanKbn=1", "url2": "www.kusu.or.jp/", "内容": "医療法人　楠病院【1:病院】【診療科目:内科_外科_整形外科_形成外科_精神科_心療内科_リハビリテーション科】【一般病床数:18療養病床数:30精神病床数:0感染症病床数:0合計病床数:48】福岡県久留米市日吉町１１５" }, "geometry": { "type": "Point", "coordinates": [ 130.516433, 33.315546 ] } },
{ "type": "Feature", "properties": { "ID": 4011400001280, "正式名称": "医療法人　社団　掘川会　堀川病院", "機関区分": 1, "都道府県コード": 40, "市区町村コード": 203, "所在地": "福岡県久留米市西町５１０番地", "緯度": 33.302603, "経度": 130.516017, "url": "https://www.iryou.teikyouseido.mhlw.go.jp/znk-web/juminkanja/S2430/initialize?prefCd=40&kikanCd=1400001280&kikanKbn=1", "url2": "www.horikawa.or.jp", "内容": "医療法人　社団　掘川会　堀川病院【1:病院】【診療科目:内科_神経内科_外科_精神科_心療内科】【一般病床数:0療養病床数:55精神病床数:328感染症病床数:0合計病床数:383】福岡県久留米市西町５１０番地" }, "geometry": { "type": "Point", "coordinates": [ 130.516017, 33.302603 ] } },
{ "type": "Feature", "properties": { "ID": 4011400001290, "正式名称": "くるめ病院", "機関区分": 1, "都道府県コード": 40, "市区町村コード": 203, "所在地": "福岡県久留米市新合川二丁目２番１８号", "緯度": 33.31913, "経度": 130.53907, "url": "https://www.iryou.teikyouseido.mhlw.go.jp/znk-web/juminkanja/S2430/initialize?prefCd=40&kikanCd=1400001290&kikanKbn=1", "url2": "www.kurume.hp.jp", "内容": "くるめ病院【1:病院】【診療科目:消化器内科_胃腸内科_内視鏡内科_消化器外科_胃腸外科_肛門外科_内視鏡外科】【一般病床数:85療養病床数:0精神病床数:0感染症病床数:0合計病床数:85】福岡県久留米市新合川二丁目２番１８号" }, "geometry": { "type": "Point", "coordinates": [ 130.53907, 33.31913 ] } },
{ "type": "Feature", "properties": { "ID": 4011400001300, "正式名称": "古賀病院２１", "機関区分": 1, "都道府県コード": 40, "市区町村コード": 203, "所在地": "福岡県久留米市宮ノ陣３丁目３番８号", "緯度": 33.336267, "経度": 130.537375, "url": "https://www.iryou.teikyouseido.mhlw.go.jp/znk-web/juminkanja/S2430/initialize?prefCd=40&kikanCd=1400001300&kikanKbn=1", "url2": "www.tenjinkai.or.jp", "内容": "古賀病院２１【1:病院】【診療科目:内科_糖尿病・内分泌内科_脳神経内科_呼吸器内科_循環器内科_消化器内科_腎臓内科_緩和ケア内科_外科_脳神経外科_消化器外科_整形外科_耳鼻いんこう科_皮膚科_泌尿器科_リウマチ科_リハビリテーション科_放射線診断科_放射線治療科_救急科_麻酔科_放射線診断科・放射線治療科】【一般病床数:191療養病床数:0精神病床数:0感染症病床数:0合計病床数:191】福岡県久留米市宮ノ陣３丁目３番８号" }, "geometry": { "type": "Point", "coordinates": [ 130.537375, 33.336267 ] } },
{ "type": "Feature", "properties": { "ID": 4011400001310, "正式名称": "医療法人社団芳英会　宮の陣病院", "機関区分": 1, "都道府県コード": 40, "市区町村コード": 203, "所在地": "福岡県久留米市宮ノ陣１丁目１番７０号", "緯度": 33.329823, "経度": 130.528626, "url": "https://www.iryou.teikyouseido.mhlw.go.jp/znk-web/juminkanja/S2430/initialize?prefCd=40&kikanCd=1400001310&kikanKbn=1", "url2": "www.houeikai.jp", "内容": "医療法人社団芳英会　宮の陣病院【1:病院】【診療科目:内科_精神科_心療内科】【一般病床数:0療養病床数:0精神病床数:166感染症病床数:0合計病床数:166】福岡県久留米市宮ノ陣１丁目１番７０号" }, "geometry": { "type": "Point", "coordinates": [ 130.528626, 33.329823 ] } },
{ "type": "Feature", "properties": { "ID": 4011400001320, "正式名称": "久留米大学医療センター", "機関区分": 1, "都道府県コード": 40, "市区町村コード": 203, "所在地": "福岡県久留米市国分町１５５－１", "緯度": 33.290688, "経度": 130.542515, "url": "https://www.iryou.teikyouseido.mhlw.go.jp/znk-web/juminkanja/S2430/initialize?prefCd=40&kikanCd=1400001320&kikanKbn=1", "url2": "https://iryo.kurume-u.ac.jp/", "内容": "久留米大学医療センター【1:病院】【診療科目:呼吸器内科_循環器内科_消化器内科_漢方内科_内分泌・代謝・糖尿病内科_外科_心臓血管外科_整形外科_形成外科_小児科_漢方小児科_婦人科_漢方産婦人科_眼科_皮膚科_泌尿器科_漢方皮膚科_漢方泌尿器科_精神科_漢方精神科_リウマチ科_リハビリテーション科_放射線科_病理診断科_麻酔科】【一般病床数:250療養病床数:0精神病床数:0感染症病床数:0合計病床数:250】福岡県久留米市国分町１５５－１" }, "geometry": { "type": "Point", "coordinates": [ 130.542515, 33.290688 ] } },
{ "type": "Feature", "properties": { "ID": 4011400001340, "正式名称": "松岡病院", "機関区分": 1, "都道府県コード": 40, "市区町村コード": 203, "所在地": "福岡県久留米市安武町住吉１７６６番地", "緯度": 33.282867, "経度": 130.466444, "url": "https://www.iryou.teikyouseido.mhlw.go.jp/znk-web/juminkanja/S2430/initialize?prefCd=40&kikanCd=1400001340&kikanKbn=1", "url2": "www.kurume-matsuoka.or.jp", "内容": "松岡病院【1:病院】【診療科目:内科_胃腸内科_精神科_心療内科】【一般病床数:0療養病床数:0精神病床数:218感染症病床数:0合計病床数:218】福岡県久留米市安武町住吉１７６６番地" }, "geometry": { "type": "Point", "coordinates": [ 130.466444, 33.282867 ] } },
{ "type": "Feature", "properties": { "ID": 4011400001350, "正式名称": "医療法人松風海　内藤病院", "機関区分": 1, "都道府県コード": 40, "市区町村コード": 203, "所在地": "福岡県久留米市西１１６９番地１", "緯度": 33.309209, "経度": 130.51631, "url": "https://www.iryou.teikyouseido.mhlw.go.jp/znk-web/juminkanja/S2430/initialize?prefCd=40&kikanCd=1400001350&kikanKbn=1", "url2": "www.shoufukai.or.jp", "内容": "医療法人松風海　内藤病院【1:病院】【診療科目:糖尿病内科_内分泌内科_呼吸器内科_循環器内科_消化器内科_腫瘍内科_呼吸器外科_消化器外科_肛門外科_腫瘍外科_リハビリテーション科_麻酔科】【一般病床数:90療養病床数:0精神病床数:0感染症病床数:0合計病床数:90】福岡県久留米市西１１６９番地１" }, "geometry": { "type": "Point", "coordinates": [ 130.51631, 33.309209 ] } },
{ "type": "Feature", "properties": { "ID": 4011400001360, "正式名称": "医療法人蔦の会　たなか病院", "機関区分": 1, "都道府県コード": 40, "市区町村コード": 203, "所在地": "福岡県久留米市太郎原町", "緯度": 33.316631, "経度": 130.577483, "url": "https://www.iryou.teikyouseido.mhlw.go.jp/znk-web/juminkanja/S2430/initialize?prefCd=40&kikanCd=1400001360&kikanKbn=1", "url2": "www.tutanokai.or.jp", "内容": "医療法人蔦の会　たなか病院【1:病院】【診療科目:内科_精神科_神経科】【一般病床数:0療養病床数:17精神病床数:107感染症病床数:0合計病床数:124】福岡県久留米市太郎原町" }, "geometry": { "type": "Point", "coordinates": [ 130.577483, 33.316631 ] } },
{ "type": "Feature", "properties": { "ID": 4011400001370, "正式名称": "新古賀病院", "機関区分": 1, "都道府県コード": 40, "市区町村コード": 203, "所在地": "福岡県久留米市天神町１２０番地", "緯度": 33.309991, "経度": 130.520683, "url": "https://www.iryou.teikyouseido.mhlw.go.jp/znk-web/juminkanja/S2430/initialize?prefCd=40&kikanCd=1400001370&kikanKbn=1", "url2": "www.tenjinkai.or.jp", "内容": "新古賀病院【1:病院】【診療科目:内科_糖尿病・内分泌内科_脳神経内科_呼吸器内科_循環器内科_消化器内科_腎臓内科_外科_脳神経外科_呼吸器外科_心臓血管外科_消化器外科_乳腺外科_形成外科_婦人科_歯科_リハビリテーション科_放射線診断科_放射線治療科_病理診断科_臨床検査科_救急科_麻酔科】【一般病床数:260療養病床数:0精神病床数:0感染症病床数:8合計病床数:268】福岡県久留米市天神町１２０番地" }, "geometry": { "type": "Point", "coordinates": [ 130.520683, 33.309991 ] } },
{ "type": "Feature", "properties": { "ID": 4011400001380, "正式名称": "医療法人オアシス　福岡志恩病院", "機関区分": 1, "都道府県コード": 40, "市区町村コード": 216, "所在地": "福岡県小郡市美鈴が丘", "緯度": 33.434117, "経度": 130.552816, "url": "https://www.iryou.teikyouseido.mhlw.go.jp/znk-web/juminkanja/S2430/initialize?prefCd=40&kikanCd=1400001380&kikanKbn=1", "url2": "shion-hp.jp/", "内容": "医療法人オアシス　福岡志恩病院【1:病院】【診療科目:整形外科_リウマチ科_リハビリテーション科_麻酔科】【一般病床数:61療養病床数:0精神病床数:0感染症病床数:0合計病床数:61】福岡県小郡市美鈴が丘" }, "geometry": { "type": "Point", "coordinates": [ 130.552816, 33.434117 ] } },
{ "type": "Feature", "properties": { "ID": 4011400001400, "正式名称": "医療法人コミュノテ風と虹　のぞえの丘病院", "機関区分": 1, "都道府県コード": 40, "市区町村コード": 203, "所在地": "福岡県久留米市上津町２５４３番地１", "緯度": 33.2665, "経度": 130.540719, "url": "https://www.iryou.teikyouseido.mhlw.go.jp/znk-web/juminkanja/S2430/initialize?prefCd=40&kikanCd=1400001400&kikanKbn=1", "url2": "nozoenooka.jp/", "内容": "医療法人コミュノテ風と虹　のぞえの丘病院【1:病院】【診療科目:児童精神科_精神科_心療内科】【一般病床数:0療養病床数:0精神病床数:73感染症病床数:0合計病床数:73】福岡県久留米市上津町２５４３番地１" }, "geometry": { "type": "Point", "coordinates": [ 130.540719, 33.2665 ] } },
{ "type": "Feature", "properties": { "ID": 4011400001410, "正式名称": "半井病院", "機関区分": 1, "都道府県コード": 40, "市区町村コード": 203, "所在地": "福岡県久留米市高良内町４４７２番地", "緯度": 33.287686, "経度": 130.543214, "url": "https://www.iryou.teikyouseido.mhlw.go.jp/znk-web/juminkanja/S2430/initialize?prefCd=40&kikanCd=1400001410&kikanKbn=1", "url2": null, "内容": "半井病院【1:病院】【診療科目:内科_呼吸器内科_リハビリテーション科_放射線科_麻酔科】【一般病床数:0療養病床数:112精神病床数:0感染症病床数:0合計病床数:112】福岡県久留米市高良内町４４７２番地" }, "geometry": { "type": "Point", "coordinates": [ 130.543214, 33.287686 ] } },
{ "type": "Feature", "properties": { "ID": 4011400001420, "正式名称": "筑後市立病院", "機関区分": 1, "都道府県コード": 40, "市区町村コード": 211, "所在地": "福岡県筑後市和泉９１７－１", "緯度": 33.204614, "経度": 130.491328, "url": "https://www.iryou.teikyouseido.mhlw.go.jp/znk-web/juminkanja/S2430/initialize?prefCd=40&kikanCd=1400001420&kikanKbn=1", "url2": "https://www.chikugocity-hp.jp/index.html", "内容": "筑後市立病院【1:病院】【診療科目:内科_代謝・内分泌内科_呼吸器内科_循環器内科_消化器内科_外科_脳神経外科_呼吸器外科_心臓血管外科_消化器外科_整形外科_小児科_産婦人科_眼科_耳鼻いんこう科_皮膚科_泌尿器科_リハビリテーション科_放射線科_救急科_麻酔科】【一般病床数:197療養病床数:0精神病床数:0感染症病床数:2合計病床数:199】福岡県筑後市和泉９１７－１" }, "geometry": { "type": "Point", "coordinates": [ 130.491328, 33.204614 ] } },
{ "type": "Feature", "properties": { "ID": 4011400001430, "正式名称": "医療法人清友会植田病院", "機関区分": 1, "都道府県コード": 40, "市区町村コード": 211, "所在地": "福岡県筑後市大字西牟田６３５９ー３", "緯度": 33.241777, "経度": 130.49977, "url": "https://www.iryou.teikyouseido.mhlw.go.jp/znk-web/juminkanja/S2430/initialize?prefCd=40&kikanCd=1400001430&kikanKbn=1", "url2": "www.ueda-hospital.jp", "内容": "医療法人清友会植田病院【1:病院】【診療科目:内科_循環器内科_消化器内科_精神科_神経科_リハビリテーション科_放射線科】【一般病床数:0療養病床数:41精神病床数:176感染症病床数:0合計病床数:217】福岡県筑後市大字西牟田６３５９ー３" }, "geometry": { "type": "Point", "coordinates": [ 130.49977, 33.241777 ] } },
{ "type": "Feature", "properties": { "ID": 4011400001440, "正式名称": "朝倉医師会病院", "機関区分": 1, "都道府県コード": 40, "市区町村コード": 228, "所在地": "福岡県朝倉市来春４２２ー１", "緯度": 33.411094, "経度": 130.665584, "url": "https://www.iryou.teikyouseido.mhlw.go.jp/znk-web/juminkanja/S2430/initialize?prefCd=40&kikanCd=1400001440&kikanKbn=1", "url2": "www.asakura-med.or.jp/hospital/", "内容": "朝倉医師会病院【1:病院】【診療科目:内科_糖尿病・内分泌内科_脳神経内科_呼吸器内科_循環器内科_消化器内科_腎臓内科_外科_脳神経外科_呼吸器外科_血管外科_消化器外科_肝臓・胆のう・膵臓外科_乳腺外科_大腸・肛門外科_内視鏡外科_整形外科_小児科_小児外科_眼科_皮膚科_泌尿器科_リハビリテーション科_放射線科_病理診断科_救急科_麻酔科】【一般病床数:224療養病床数:0精神病床数:0感染症病床数:0合計病床数:224】福岡県朝倉市来春４２２ー１" }, "geometry": { "type": "Point", "coordinates": [ 130.665584, 33.411094 ] } },
{ "type": "Feature", "properties": { "ID": 4011400001450, "正式名称": "甘木病院", "機関区分": 1, "都道府県コード": 40, "市区町村コード": 228, "所在地": "福岡県朝倉市屋永２２９５ー２", "緯度": 33.398484, "経度": 130.670778, "url": "https://www.iryou.teikyouseido.mhlw.go.jp/znk-web/juminkanja/S2430/initialize?prefCd=40&kikanCd=1400001450&kikanKbn=1", "url2": "amagi-hospital.or.jp/", "内容": "甘木病院【1:病院】【診療科目:内科_精神科_心療内科】【一般病床数:0療養病床数:0精神病床数:160感染症病床数:0合計病床数:160】福岡県朝倉市屋永２２９５ー２" }, "geometry": { "type": "Point", "coordinates": [ 130.670778, 33.398484 ] } },
{ "type": "Feature", "properties": { "ID": 4011400001470, "正式名称": "甘木中央病院", "機関区分": 1, "都道府県コード": 40, "市区町村コード": 228, "所在地": "福岡県朝倉市甘木６６７", "緯度": 33.416621, "経度": 130.65889, "url": "https://www.iryou.teikyouseido.mhlw.go.jp/znk-web/juminkanja/S2430/initialize?prefCd=40&kikanCd=1400001470&kikanKbn=1", "url2": "www.amagichuuou-hp.jp", "内容": "甘木中央病院【1:病院】【診療科目:内科_糖尿病・内分泌内科_呼吸器内科_循環器内科_消化器内科_外科_脳神経外科_ペインクリニック外科_整形外科_小児外科_皮膚科_精神科_リハビリテーション科_放射線科_麻酔科】【一般病床数:100療養病床数:80精神病床数:0感染症病床数:0合計病床数:180】福岡県朝倉市甘木６６７" }, "geometry": { "type": "Point", "coordinates": [ 130.65889, 33.416621 ] } },
{ "type": "Feature", "properties": { "ID": 4011400001480, "正式名称": "医療法人社団　医王会　朝倉健生病院", "機関区分": 1, "都道府県コード": 40, "市区町村コード": 228, "所在地": "福岡県朝倉市甘木１５１番地４", "緯度": 33.415454, "経度": 130.662057, "url": "https://www.iryou.teikyouseido.mhlw.go.jp/znk-web/juminkanja/S2430/initialize?prefCd=40&kikanCd=1400001480&kikanKbn=1", "url2": "www.a-kensei.jp", "内容": "医療法人社団　医王会　朝倉健生病院【1:病院】【診療科目:内科_糖尿病内科_脳神経内科_呼吸器内科_循環器内科_消化器内科_腎臓内科_人工透析内科_神経内科_外科_脳神経外科_心臓血管外科_消化器外科_大腸・肛門外科_ペインクリニック外科_胸部外科_整形外科_形成外科_眼科_皮膚科_泌尿器科_リウマチ科_リハビリテーション科_放射線科_麻酔科】【一般病床数:150療養病床数:0精神病床数:0感染症病床数:0合計病床数:150】福岡県朝倉市甘木１５１番地４" }, "geometry": { "type": "Point", "coordinates": [ 130.662057, 33.415454 ] } },
{ "type": "Feature", "properties": { "ID": 4011400001490, "正式名称": "医療法人かつき会　香月病院", "機関区分": 1, "都道府県コード": 40, "市区町村コード": 228, "所在地": "福岡県朝倉市下浦７１５番地", "緯度": 33.39715, "経度": 130.635782, "url": "https://www.iryou.teikyouseido.mhlw.go.jp/znk-web/juminkanja/S2430/initialize?prefCd=40&kikanCd=1400001490&kikanKbn=1", "url2": "www.katsuki-kai.com/katsukihospital/index.htm", "内容": "医療法人かつき会　香月病院【1:病院】【診療科目:内科_糖尿病内科_呼吸器内科_循環器内科_消化器内科_外科_消化器外科_肛門外科_整形外科_形成外科_リハビリテーション科_麻酔科】【一般病床数:0療養病床数:60精神病床数:0感染症病床数:0合計病床数:60】福岡県朝倉市下浦７１５番地" }, "geometry": { "type": "Point", "coordinates": [ 130.635782, 33.39715 ] } },
{ "type": "Feature", "properties": { "ID": 4011400001500, "正式名称": "医療法人社団高邦会　高木病院", "機関区分": 1, "都道府県コード": 40, "市区町村コード": 212, "所在地": "福岡県大川市大字酒見１４１番地１１", "緯度": 33.206493, "経度": 130.380047, "url": "https://www.iryou.teikyouseido.mhlw.go.jp/znk-web/juminkanja/S2430/initialize?prefCd=40&kikanCd=1400001500&kikanKbn=1", "url2": "https://takagi.kouhoukai.or.jp/", "内容": "医療法人社団高邦会　高木病院【1:病院】【診療科目:内科_血液内科_内分泌内科_脂質代謝内科_糖尿病・代謝内科_脳神経内科_呼吸器内科_循環器内科_消化器内科_腎臓内科_人工透析内科_肝臓内科_ペインクリニック内科_外科_脳神経外科_呼吸器外科_心臓血管外科_消化器外科_肝臓・胆のう・膵臓外科_肛門外科_整形外科_形成外科_小児科_産科_産婦人科（生殖医療）_眼科_耳鼻いんこう科_皮膚科_泌尿器科_精神科_歯科口腔外科_リウマチ科_放射線科_放射線診断科_放射線治療科_病理診断科_臨床検査科_救急科_麻酔科】【一般病床数:426療養病床数:80精神病床数:0感染症病床数:0合計病床数:506】福岡県大川市大字酒見１４１番地１１" }, "geometry": { "type": "Point", "coordinates": [ 130.380047, 33.206493 ] } },
{ "type": "Feature", "properties": { "ID": 4011400001510, "正式名称": "福田病院", "機関区分": 1, "都道府県コード": 40, "市区町村コード": 212, "所在地": "福岡県大川市向島１７１７－３", "緯度": 33.212444, "経度": 130.373032, "url": "https://www.iryou.teikyouseido.mhlw.go.jp/znk-web/juminkanja/S2430/initialize?prefCd=40&kikanCd=1400001510&kikanKbn=1", "url2": "www.fukuda-hp.net", "内容": "福田病院【1:病院】【診療科目:内科_糖尿病・内分泌内科_循環器内科_消化器内科_腎臓内科_肝臓内科_外科_脳神経外科_心臓血管外科_消化器外科_肝臓外科_肛門外科_整形外科_形成外科_泌尿器科_リウマチ科_リハビリテーション科】【一般病床数:53療養病床数:60精神病床数:0感染症病床数:0合計病床数:113】福岡県大川市向島１７１７－３" }, "geometry": { "type": "Point", "coordinates": [ 130.373032, 33.212444 ] } },
{ "type": "Feature", "properties": { "ID": 4011400001520, "正式名称": "みずま高邦会病院", "機関区分": 1, "都道府県コード": 40, "市区町村コード": 522, "所在地": "福岡県三潴郡大木町八町牟田１６２１番地１", "緯度": 33.210779, "経度": 130.420889, "url": "https://www.iryou.teikyouseido.mhlw.go.jp/znk-web/juminkanja/S2430/initialize?prefCd=40&kikanCd=1400001520&kikanKbn=1", "url2": "mizuma.kouhoukai.or.jp/", "内容": "みずま高邦会病院【1:病院】【診療科目:内科_脳神経内科_老年内科_リハビリテーション科】【一般病床数:0療養病床数:120精神病床数:0感染症病床数:0合計病床数:120】福岡県三潴郡大木町八町牟田１６２１番地１" }, "geometry": { "type": "Point", "coordinates": [ 130.420889, 33.210779 ] } },
{ "type": "Feature", "properties": { "ID": 4011400001530, "正式名称": "新古賀リハビリテーション病院みらい", "機関区分": 1, "都道府県コード": 40, "市区町村コード": 216, "所在地": "福岡県小郡市山隈字弥八郎２７３番地１１", "緯度": 33.407982, "経度": 130.596368, "url": "https://www.iryou.teikyouseido.mhlw.go.jp/znk-web/juminkanja/S2430/initialize?prefCd=40&kikanCd=1400001530&kikanKbn=1", "url2": "www.tenjinkai.or.jp/mirai/", "内容": "新古賀リハビリテーション病院みらい【1:病院】【診療科目:内科_呼吸器内科_循環器内科_消化器内科_腎臓内科_人工透析内科_神経内科_心療内科_歯科_リハビリテーション科】【一般病床数:0療養病床数:145精神病床数:0感染症病床数:0合計病床数:145】福岡県小郡市山隈字弥八郎２７３番地１１" }, "geometry": { "type": "Point", "coordinates": [ 130.596368, 33.407982 ] } },
{ "type": "Feature", "properties": { "ID": 4011400001540, "正式名称": "嶋田病院", "機関区分": 1, "都道府県コード": 40, "市区町村コード": 216, "所在地": "福岡県小郡市小郡２１７－１", "緯度": 33.396066, "経度": 130.5544, "url": "https://www.iryou.teikyouseido.mhlw.go.jp/znk-web/juminkanja/S2430/initialize?prefCd=40&kikanCd=1400001540&kikanKbn=1", "url2": "www.shimadahp.jp", "内容": "嶋田病院【1:病院】【診療科目:内科_感染症内科_糖尿病内科_呼吸器内科_循環器内科_消化器内科_神経内科_外科_脳神経外科_消化器外科_整形外科_形成外科_アレルギー科_リハビリテーション科】【一般病床数:150療養病床数:0精神病床数:0感染症病床数:0合計病床数:150】福岡県小郡市小郡２１７－１" }, "geometry": { "type": "Point", "coordinates": [ 130.5544, 33.396066 ] } },
{ "type": "Feature", "properties": { "ID": 4011400001550, "正式名称": "医療法人せいわ会　聖和記念病院", "機関区分": 1, "都道府県コード": 40, "市区町村コード": 216, "所在地": "福岡県小郡市津古字半女寺１４７０番地１", "緯度": 33.44506, "経度": 130.566509, "url": "https://www.iryou.teikyouseido.mhlw.go.jp/znk-web/juminkanja/S2430/initialize?prefCd=40&kikanCd=1400001550&kikanKbn=1", "url2": "www.seiwa-kai.com", "内容": "医療法人せいわ会　聖和記念病院【1:病院】【診療科目:内科_呼吸器内科_循環器内科_胃腸内科_リハビリテーション科】【一般病床数:95療養病床数:68精神病床数:0感染症病床数:0合計病床数:163】福岡県小郡市津古字半女寺１４７０番地１" }, "geometry": { "type": "Point", "coordinates": [ 130.566509, 33.44506 ] } },
{ "type": "Feature", "properties": { "ID": 4011400001560, "正式名称": "医療法人　寿栄会　本間病院", "機関区分": 1, "都道府県コード": 40, "市区町村コード": 216, "所在地": "福岡県小郡市三沢５２６番地", "緯度": 33.414424, "経度": 130.543039, "url": "https://www.iryou.teikyouseido.mhlw.go.jp/znk-web/juminkanja/S2430/initialize?prefCd=40&kikanCd=1400001560&kikanKbn=1", "url2": "www.honma.or.jp", "内容": "医療法人　寿栄会　本間病院【1:病院】【診療科目:内科_循環器内科_精神科_心療内科_リハビリテーション科_放射線科】【一般病床数:0療養病床数:50精神病床数:180感染症病床数:0合計病床数:230】福岡県小郡市三沢５２６番地" }, "geometry": { "type": "Point", "coordinates": [ 130.543039, 33.414424 ] } },
{ "type": "Feature", "properties": { "ID": 4011400001570, "正式名称": "医療法人　協和病院", "機関区分": 1, "都道府県コード": 40, "市区町村コード": 216, "所在地": "福岡県小郡市祇園２－１－１０", "緯度": 33.394455, "経度": 130.549401, "url": "https://www.iryou.teikyouseido.mhlw.go.jp/znk-web/juminkanja/S2430/initialize?prefCd=40&kikanCd=1400001570&kikanKbn=1", "url2": "www.kyouwahp.jp/", "内容": "医療法人　協和病院【1:病院】【診療科目:内科_糖尿病内科_胃腸内科_外科_肛門外科_整形外科_皮膚科_リハビリテーション科】【一般病床数:40療養病床数:45精神病床数:0感染症病床数:0合計病床数:85】福岡県小郡市祇園２－１－１０" }, "geometry": { "type": "Point", "coordinates": [ 130.549401, 33.394455 ] } },
{ "type": "Feature", "properties": { "ID": 4011400001580, "正式名称": "医療法人　格心会　蒲池病院", "機関区分": 1, "都道府県コード": 40, "市区町村コード": 216, "所在地": "福岡県小郡市小郡１３４２番地１", "緯度": 33.393177, "経度": 130.54529, "url": "https://www.iryou.teikyouseido.mhlw.go.jp/znk-web/juminkanja/S2430/initialize?prefCd=40&kikanCd=1400001580&kikanKbn=1", "url2": "www.kamachi-hp.jp/", "内容": "医療法人　格心会　蒲池病院【1:病院】【診療科目:内科_児童精神科_精神科_心療内科】【一般病床数:0療養病床数:0精神病床数:148感染症病床数:0合計病床数:148】福岡県小郡市小郡１３４２番地１" }, "geometry": { "type": "Point", "coordinates": [ 130.54529, 33.393177 ] } },
{ "type": "Feature", "properties": { "ID": 4011400001590, "正式名称": "医療法人みどり　疋田病院", "機関区分": 1, "都道府県コード": 40, "市区町村コード": 131, "所在地": "福岡県福岡市東区香椎４ー８ー１５", "緯度": 33.656201, "経度": 130.450165, "url": "https://www.iryou.teikyouseido.mhlw.go.jp/znk-web/juminkanja/S2430/initialize?prefCd=40&kikanCd=1400001590&kikanKbn=1", "url2": "www.hikita-hp.com/", "内容": "医療法人みどり　疋田病院【1:病院】【診療科目:精神科】【一般病床数:0療養病床数:0精神病床数:246感染症病床数:0合計病床数:246】福岡県福岡市東区香椎４ー８ー１５" }, "geometry": { "type": "Point", "coordinates": [ 130.450165, 33.656201 ] } },
{ "type": "Feature", "properties": { "ID": 4011400001600, "正式名称": "太刀洗病院", "機関区分": 1, "都道府県コード": 40, "市区町村コード": 447, "所在地": "福岡県朝倉郡筑前町山隈８４２－１", "緯度": 33.425147, "経度": 130.617505, "url": "https://www.iryou.teikyouseido.mhlw.go.jp/znk-web/juminkanja/S2430/initialize?prefCd=40&kikanCd=1400001600&kikanKbn=1", "url2": "www.kouikai.jp/tachiarai/", "内容": "太刀洗病院【1:病院】【診療科目:内科_外科_皮膚科_リハビリテーション科】【一般病床数:60療養病床数:56精神病床数:0感染症病床数:0合計病床数:116】福岡県朝倉郡筑前町山隈８４２－１" }, "geometry": { "type": "Point", "coordinates": [ 130.617505, 33.425147 ] } },
{ "type": "Feature", "properties": { "ID": 4011400001610, "正式名称": "医療法人社団うら梅の郷会　朝倉記念病院", "機関区分": 1, "都道府県コード": 40, "市区町村コード": 447, "所在地": "福岡県朝倉郡筑前町大久保５００", "緯度": 33.432018, "経度": 130.613926, "url": "https://www.iryou.teikyouseido.mhlw.go.jp/znk-web/juminkanja/S2430/initialize?prefCd=40&kikanCd=1400001610&kikanKbn=1", "url2": "https//uraume.jp/", "内容": "医療法人社団うら梅の郷会　朝倉記念病院【1:病院】【診療科目:内科_精神科_もの忘れ外来，思春期外来】【一般病床数:0療養病床数:0精神病床数:158感染症病床数:0合計病床数:158】福岡県朝倉郡筑前町大久保５００" }, "geometry": { "type": "Point", "coordinates": [ 130.613926, 33.432018 ] } },
{ "type": "Feature", "properties": { "ID": 4011400001620, "正式名称": "医療法人　日新会　稲永病院", "機関区分": 1, "都道府県コード": 40, "市区町村コード": 447, "所在地": "福岡県朝倉郡筑前町久光１２６４", "緯度": 33.437618, "経度": 130.630948, "url": "https://www.iryou.teikyouseido.mhlw.go.jp/znk-web/juminkanja/S2430/initialize?prefCd=40&kikanCd=1400001620&kikanKbn=1", "url2": "www.inenagahp.jp", "内容": "医療法人　日新会　稲永病院【1:病院】【診療科目:内科_循環器内科_消化器内科_リハビリテーション科_放射線科】【一般病床数:0療養病床数:160精神病床数:0感染症病床数:0合計病床数:160】福岡県朝倉郡筑前町久光１２６４" }, "geometry": { "type": "Point", "coordinates": [ 130.630948, 33.437618 ] } },
{ "type": "Feature", "properties": { "ID": 4011400001630, "正式名称": "医療法人　優なぎ会　雁の巣病院", "機関区分": 1, "都道府県コード": 40, "市区町村コード": 131, "所在地": "福岡県福岡市東区雁の巣１丁目２６ー１", "緯度": 33.685363, "経度": 130.405639, "url": "https://www.iryou.teikyouseido.mhlw.go.jp/znk-web/juminkanja/S2430/initialize?prefCd=40&kikanCd=1400001630&kikanKbn=1", "url2": "www.gannosu.org", "内容": "医療法人　優なぎ会　雁の巣病院【1:病院】【診療科目:内科_精神科_心療内科_歯科_リハビリテーション科】【一般病床数:0療養病床数:0精神病床数:291感染症病床数:0合計病床数:291】福岡県福岡市東区雁の巣１丁目２６ー１" }, "geometry": { "type": "Point", "coordinates": [ 130.405639, 33.685363 ] } },
{ "type": "Feature", "properties": { "ID": 4011400001640, "正式名称": "医療法人　輝栄会　　　福岡輝栄会病院", "機関区分": 1, "都道府県コード": 40, "市区町村コード": 131, "所在地": "福岡県福岡市東区千早４丁目１４番４０号", "緯度": 33.648062, "経度": 130.437154, "url": "https://www.iryou.teikyouseido.mhlw.go.jp/znk-web/juminkanja/S2430/initialize?prefCd=40&kikanCd=1400001640&kikanKbn=1", "url2": "www.kieikai.ne.jp", "内容": "医療法人　輝栄会　　　福岡輝栄会病院【1:病院】【診療科目:内科_糖尿病・内分泌内科_呼吸器内科_循環器内科_消化器内科_外科_脳神経外科_呼吸器外科_心臓血管外科_胃腸外科_肛門外科_整形外科_形成外科_眼科_泌尿器科_アレルギー科_リウマチ科_リハビリテーション科_放射線科_麻酔科】【一般病床数:214療養病床数:45精神病床数:0感染症病床数:0合計病床数:259】福岡県福岡市東区千早４丁目１４番４０号" }, "geometry": { "type": "Point", "coordinates": [ 130.437154, 33.648062 ] } },
{ "type": "Feature", "properties": { "ID": 4011400001660, "正式名称": "三善病院", "機関区分": 1, "都道府県コード": 40, "市区町村コード": 131, "所在地": "福岡県福岡市東区唐原", "緯度": 33.679642, "経度": 130.439958, "url": "https://www.iryou.teikyouseido.mhlw.go.jp/znk-web/juminkanja/S2430/initialize?prefCd=40&kikanCd=1400001660&kikanKbn=1", "url2": "www.sanzenhp.jp/", "内容": "三善病院【1:病院】【診療科目:内科_精神科_心療内科】【一般病床数:15療養病床数:0精神病床数:120感染症病床数:0合計病床数:135】福岡県福岡市東区唐原" }, "geometry": { "type": "Point", "coordinates": [ 130.439958, 33.679642 ] } },
{ "type": "Feature", "properties": { "ID": 4011400001690, "正式名称": "医療法人　小野病院", "機関区分": 1, "都道府県コード": 40, "市区町村コード": 132, "所在地": "福岡県福岡市博多区美野島３－５－２１", "緯度": 33.578125, "経度": 130.420046, "url": "https://www.iryou.teikyouseido.mhlw.go.jp/znk-web/juminkanja/S2430/initialize?prefCd=40&kikanCd=1400001690&kikanKbn=1", "url2": "www.onohospital.net/", "内容": "医療法人　小野病院【1:病院】【診療科目:内科_消化器内科_整形外科_リウマチ科_麻酔科】【一般病床数:0療養病床数:32精神病床数:0感染症病床数:0合計病床数:32】福岡県福岡市博多区美野島３－５－２１" }, "geometry": { "type": "Point", "coordinates": [ 130.420046, 33.578125 ] } },
{ "type": "Feature", "properties": { "ID": 4011400001710, "正式名称": "医療法人友愛会　友田病院", "機関区分": 1, "都道府県コード": 40, "市区町村コード": 132, "所在地": "福岡県福岡市博多区諸岡４丁目２８－２４", "緯度": 33.558795, "経度": 130.447294, "url": "https://www.iryou.teikyouseido.mhlw.go.jp/znk-web/juminkanja/S2430/initialize?prefCd=40&kikanCd=1400001710&kikanKbn=1", "url2": "yuaikai-tomoda.or.jp/", "内容": "医療法人友愛会　友田病院【1:病院】【診療科目:内科_糖尿病内科_内分泌内科_消化器内科_胃腸内科_内視鏡内科_疼痛緩和内科_外科_消化器外科_肛門外科_整形外科_リハビリテーション科_放射線科_麻酔科】【一般病床数:72療養病床数:0精神病床数:0感染症病床数:0合計病床数:72】福岡県福岡市博多区諸岡４丁目２８－２４" }, "geometry": { "type": "Point", "coordinates": [ 130.447294, 33.558795 ] } },
{ "type": "Feature", "properties": { "ID": 4011400001720, "正式名称": "松田耳鼻咽喉科", "機関区分": 1, "都道府県コード": 40, "市区町村コード": 131, "所在地": "福岡県福岡市東区箱崎２丁目１０－２", "緯度": 33.618649, "経度": 130.422045, "url": "https://www.iryou.teikyouseido.mhlw.go.jp/znk-web/juminkanja/S2430/initialize?prefCd=40&kikanCd=1400001720&kikanKbn=1", "url2": "http://matsuda-hospital.jp/", "内容": "松田耳鼻咽喉科【1:病院】【診療科目:耳鼻いんこう科】【一般病床数:19療養病床数:0精神病床数:0感染症病床数:0合計病床数:19】福岡県福岡市東区箱崎２丁目１０－２" }, "geometry": { "type": "Point", "coordinates": [ 130.422045, 33.618649 ] } },
{ "type": "Feature", "properties": { "ID": 4011400001730, "正式名称": "医療法人　永野病院", "機関区分": 1, "都道府県コード": 40, "市区町村コード": 132, "所在地": "福岡県福岡市博多区浦田", "緯度": 33.573322, "経度": 130.473736, "url": "https://www.iryou.teikyouseido.mhlw.go.jp/znk-web/juminkanja/S2430/initialize?prefCd=40&kikanCd=1400001730&kikanKbn=1", "url2": null, "内容": "医療法人　永野病院【1:病院】【診療科目:内科_呼吸器内科_循環器内科_胃腸内科_腎臓内科_リハビリテーション科_放射線科】【一般病床数:0療養病床数:60精神病床数:0感染症病床数:0合計病床数:60】福岡県福岡市博多区浦田" }, "geometry": { "type": "Point", "coordinates": [ 130.473736, 33.573322 ] } },
{ "type": "Feature", "properties": { "ID": 4011400001740, "正式名称": "医療法人松井医仁会　大島眼科病院", "機関区分": 1, "都道府県コード": 40, "市区町村コード": 132, "所在地": "福岡県福岡市博多区上呉服町１１－８", "緯度": 33.598595, "経度": 130.410852, "url": "https://www.iryou.teikyouseido.mhlw.go.jp/znk-web/juminkanja/S2430/initialize?prefCd=40&kikanCd=1400001740&kikanKbn=1", "url2": "www.ohshimaganka.com/", "内容": "医療法人松井医仁会　大島眼科病院【1:病院】【診療科目:糖尿病内科_眼科】【一般病床数:65療養病床数:0精神病床数:0感染症病床数:0合計病床数:65】福岡県福岡市博多区上呉服町１１－８" }, "geometry": { "type": "Point", "coordinates": [ 130.410852, 33.598595 ] } },
{ "type": "Feature", "properties": { "ID": 4011400001750, "正式名称": "医療法人　貝塚病院", "機関区分": 1, "都道府県コード": 40, "市区町村コード": 131, "所在地": "福岡県福岡市東区箱崎７－７－２７", "緯度": 33.635869, "経度": 130.424961, "url": "https://www.iryou.teikyouseido.mhlw.go.jp/znk-web/juminkanja/S2430/initialize?prefCd=40&kikanCd=1400001750&kikanKbn=1", "url2": "www.kaizuka-hosp.or.jp/", "内容": "医療法人　貝塚病院【1:病院】【診療科目:内科_糖尿病内科_呼吸器内科_循環器内科_消化器内科_腎臓内科_神経内科_外科_脳神経外科_血管外科_消化器外科_乳腺外科_大腸・肛門外科_整形外科_形成外科_眼科_皮膚科_泌尿器科_精神科_リハビリテーション科_放射線科_麻酔科】【一般病床数:199療養病床数:0精神病床数:0感染症病床数:0合計病床数:199】福岡県福岡市東区箱崎７－７－２７" }, "geometry": { "type": "Point", "coordinates": [ 130.424961, 33.635869 ] } },
{ "type": "Feature", "properties": { "ID": 4011400001760, "正式名称": "医療法人原三信病院　香椎原病院", "機関区分": 1, "都道府県コード": 40, "市区町村コード": 131, "所在地": "福岡県福岡市東区香椎３丁目３番１号", "緯度": 33.657061, "経度": 130.451347, "url": "https://www.iryou.teikyouseido.mhlw.go.jp/znk-web/juminkanja/S2430/initialize?prefCd=40&kikanCd=1400001760&kikanKbn=1", "url2": "www.kashiihara.or.jp/", "内容": "医療法人原三信病院　香椎原病院【1:病院】【診療科目:内科_循環器内科_リハビリテーション科】【一般病床数:0療養病床数:192精神病床数:0感染症病床数:0合計病床数:192】福岡県福岡市東区香椎３丁目３番１号" }, "geometry": { "type": "Point", "coordinates": [ 130.451347, 33.657061 ] } },
{ "type": "Feature", "properties": { "ID": 4011400001770, "正式名称": "医療法人古森病院", "機関区分": 1, "都道府県コード": 40, "市区町村コード": 132, "所在地": "福岡県福岡市博多区対馬小路９ー１３", "緯度": 33.599984, "経度": 130.401825, "url": "https://www.iryou.teikyouseido.mhlw.go.jp/znk-web/juminkanja/S2430/initialize?prefCd=40&kikanCd=1400001770&kikanKbn=1", "url2": "komori-hp.cloud-line.com/", "内容": "医療法人古森病院【1:病院】【診療科目:内科_呼吸器内科_循環器内科_胃腸内科_整形外科_皮膚科_リハビリテーション科_放射線科】【一般病床数:0療養病床数:42精神病床数:0感染症病床数:0合計病床数:42】福岡県福岡市博多区対馬小路９ー１３" }, "geometry": { "type": "Point", "coordinates": [ 130.401825, 33.599984 ] } },
{ "type": "Feature", "properties": { "ID": 4011400001780, "正式名称": "医療法人　原三信病院", "機関区分": 1, "都道府県コード": 40, "市区町村コード": 132, "所在地": "福岡県福岡市博多区大博町１ー８", "緯度": 33.601678, "経度": 130.405241, "url": "https://www.iryou.teikyouseido.mhlw.go.jp/znk-web/juminkanja/S2430/initialize?prefCd=40&kikanCd=1400001780&kikanKbn=1", "url2": "www.harasanshin.or.jp", "内容": "医療法人　原三信病院【1:病院】【診療科目:内科_感染症内科_血液内科_糖尿病内科_呼吸器内科_循環器内科_消化器内科_腎臓内科_神経内科_外科_脳神経外科_消化器外科_胸部外科_整形外科_婦人科_眼科_耳鼻いんこう科_皮膚科_泌尿器科_精神科_歯科_歯科口腔外科_リウマチ科_リハビリテーション科_放射線科_麻酔科】【一般病床数:324療養病床数:0精神病床数:0感染症病床数:0合計病床数:324】福岡県福岡市博多区大博町１ー８" }, "geometry": { "type": "Point", "coordinates": [ 130.405241, 33.601678 ] } },
{ "type": "Feature", "properties": { "ID": 4011400001790, "正式名称": "さく病院", "機関区分": 1, "都道府県コード": 40, "市区町村コード": 132, "所在地": "福岡県福岡市博多区竹下４－６－２５", "緯度": 33.56921, "経度": 130.432601, "url": "https://www.iryou.teikyouseido.mhlw.go.jp/znk-web/juminkanja/S2430/initialize?prefCd=40&kikanCd=1400001790&kikanKbn=1", "url2": "https://www.saku.or.jp", "内容": "さく病院【1:病院】【診療科目:内科_糖尿病内科_循環器内科_胃腸内科_神経内科_外科_整形外科_皮膚科_泌尿器科_アレルギー科_リウマチ科_リハビリテーション科_放射線科】【一般病床数:172療養病床数:0精神病床数:0感染症病床数:0合計病床数:172】福岡県福岡市博多区竹下４－６－２５" }, "geometry": { "type": "Point", "coordinates": [ 130.432601, 33.56921 ] } },
{ "type": "Feature", "properties": { "ID": 4011400001800, "正式名称": "国家公務員共済組合連合会千早病院", "機関区分": 1, "都道府県コード": 40, "市区町村コード": 131, "所在地": "福岡県福岡市東区千早２丁目３０番１号", "緯度": 33.648146, "経度": 130.434043, "url": "https://www.iryou.teikyouseido.mhlw.go.jp/znk-web/juminkanja/S2430/initialize?prefCd=40&kikanCd=1400001800&kikanKbn=1", "url2": "https://chihaya-hp.kkr.or.jp", "内容": "国家公務員共済組合連合会千早病院【1:病院】【診療科目:内科_呼吸器内科_循環器内科_消化器内科_外科_整形外科_眼科_皮膚科_リウマチ科_リハビリテーション科_放射線科_麻酔科】【一般病床数:175療養病床数:0精神病床数:0感染症病床数:0合計病床数:175】福岡県福岡市東区千早２丁目３０番１号" }, "geometry": { "type": "Point", "coordinates": [ 130.434043, 33.648146 ] } },
{ "type": "Feature", "properties": { "ID": 4011400001820, "正式名称": "原土井病院", "機関区分": 1, "都道府県コード": 40, "市区町村コード": 131, "所在地": "福岡県福岡市東区青葉６－４０－８", "緯度": 33.644674, "経度": 130.468484, "url": "https://www.iryou.teikyouseido.mhlw.go.jp/znk-web/juminkanja/S2430/initialize?prefCd=40&kikanCd=1400001820&kikanKbn=1", "url2": "www.haradoi-hospital.com", "内容": "原土井病院【1:病院】【診療科目:内科_血液内科_糖尿病内科_代謝内科_呼吸器内科_循環器内科_消化器内科_神経内科_漢方内科_老年内科_緩和ケア内科_総合診療科_脳神経外科_整形外科_婦人科_皮膚科_精神科_心療内科_歯科_歯科口腔外科_リウマチ科_リハビリテーション科_放射線科】【一般病床数:206療養病床数:180精神病床数:0感染症病床数:0合計病床数:386】福岡県福岡市東区青葉６－４０－８" }, "geometry": { "type": "Point", "coordinates": [ 130.468484, 33.644674 ] } },
{ "type": "Feature", "properties": { "ID": 4011400001830, "正式名称": "千鳥橋病院", "機関区分": 1, "都道府県コード": 40, "市区町村コード": 132, "所在地": "福岡県福岡市博多区千代５丁目１８－１", "緯度": 33.608094, "経度": 130.412157, "url": "https://www.iryou.teikyouseido.mhlw.go.jp/znk-web/juminkanja/S2430/initialize?prefCd=40&kikanCd=1400001830&kikanKbn=1", "url2": "www.chidoribashi-hp.or.jp/", "内容": "千鳥橋病院【1:病院】【診療科目:内科_感染症内科_糖尿病・内分泌内科_脳神経内科_呼吸器内科_循環器内科_消化器内科_腎臓内科_外科_脳神経外科_呼吸器外科_消化器外科_乳腺外科_肛門外科_胸部外科_整形外科_形成外科_小児科_産科_婦人科_耳鼻いんこう科_皮膚科_精神科_リハビリテーション科_放射線科_病理診断科_麻酔科】【一般病床数:350療養病床数:0精神病床数:0感染症病床数:0合計病床数:350】福岡県福岡市博多区千代５丁目１８－１" }, "geometry": { "type": "Point", "coordinates": [ 130.412157, 33.608094 ] } },
{ "type": "Feature", "properties": { "ID": 4011400001840, "正式名称": "医療法人社団　山水会　香椎療養所", "機関区分": 1, "都道府県コード": 40, "市区町村コード": 131, "所在地": "福岡県福岡市東区香椎１丁目９ー１５", "緯度": 33.653534, "経度": 130.447153, "url": "https://www.iryou.teikyouseido.mhlw.go.jp/znk-web/juminkanja/S2430/initialize?prefCd=40&kikanCd=1400001840&kikanKbn=1", "url2": "www.kashii.org/", "内容": "医療法人社団　山水会　香椎療養所【1:病院】【診療科目:精神科】【一般病床数:0療養病床数:0精神病床数:180感染症病床数:0合計病床数:180】福岡県福岡市東区香椎１丁目９ー１５" }, "geometry": { "type": "Point", "coordinates": [ 130.447153, 33.653534 ] } },
{ "type": "Feature", "properties": { "ID": 4011400001850, "正式名称": "医療法人八木厚生会　八木病院", "機関区分": 1, "都道府県コード": 40, "市区町村コード": 131, "所在地": "福岡県福岡市東区馬出２丁目２１番２５号", "緯度": 33.611983, "経度": 130.419767, "url": "https://www.iryou.teikyouseido.mhlw.go.jp/znk-web/juminkanja/S2430/initialize?prefCd=40&kikanCd=1400001850&kikanKbn=1", "url2": "www.yagi.or.jp", "内容": "医療法人八木厚生会　八木病院【1:病院】【診療科目:内科_脳神経内科_呼吸器内科_循環器内科_消化器内科_漢方内科_外科_脳神経外科_消化器外科_整形外科_皮膚科_リウマチ科_リハビリテーション科_救急科_麻酔科】【一般病床数:93療養病床数:34精神病床数:0感染症病床数:0合計病床数:127】福岡県福岡市東区馬出２丁目２１番２５号" }, "geometry": { "type": "Point", "coordinates": [ 130.419767, 33.611983 ] } },
{ "type": "Feature", "properties": { "ID": 4011400001860, "正式名称": "医療法人相生会　福岡みらい病院", "機関区分": 1, "都道府県コード": 40, "市区町村コード": 131, "所在地": "福岡県福岡市東区香椎照葉３－５－１", "緯度": 33.660283, "経度": 130.418211, "url": "https://www.iryou.teikyouseido.mhlw.go.jp/znk-web/juminkanja/S2430/initialize?prefCd=40&kikanCd=1400001860&kikanKbn=1", "url2": "https://www.fukuoka-mirai.jp/", "内容": "医療法人相生会　福岡みらい病院【1:病院】【診療科目:内科_脳神経内科_循環器内科_緩和ケア内科_外科_脳神経外科_整形外科_婦人科_リウマチ科_リハビリテーション科_麻酔科】【一般病床数:179療養病床数:239精神病床数:0感染症病床数:0合計病床数:418】福岡県福岡市東区香椎照葉３－５－１" }, "geometry": { "type": "Point", "coordinates": [ 130.418211, 33.660283 ] } },
{ "type": "Feature", "properties": { "ID": 4011400001870, "正式名称": "医療法人　済世会　河野名島病院", "機関区分": 1, "都道府県コード": 40, "市区町村コード": 131, "所在地": "福岡県福岡市東区名島４ー２８ー５３", "緯度": 33.640081, "経度": 130.430696, "url": "https://www.iryou.teikyouseido.mhlw.go.jp/znk-web/juminkanja/S2430/initialize?prefCd=40&kikanCd=1400001870&kikanKbn=1", "url2": "www.kawano-hp.com/najima/", "内容": "医療法人　済世会　河野名島病院【1:病院】【診療科目:内科_皮膚科_精神科_心療内科_歯科】【一般病床数:0療養病床数:33精神病床数:155感染症病床数:0合計病床数:188】福岡県福岡市東区名島４ー２８ー５３" }, "geometry": { "type": "Point", "coordinates": [ 130.430696, 33.640081 ] } },
{ "type": "Feature", "properties": { "ID": 4011400001880, "正式名称": "福岡市民病院", "機関区分": 1, "都道府県コード": 40, "市区町村コード": 132, "所在地": "福岡県福岡市博多区吉塚本町１３番１号", "緯度": 33.604595, "経度": 130.422169, "url": "https://www.iryou.teikyouseido.mhlw.go.jp/znk-web/juminkanja/S2430/initialize?prefCd=40&kikanCd=1400001880&kikanKbn=1", "url2": "https://shiminhp.fcho.jp/", "内容": "福岡市民病院【1:病院】【診療科目:内科_感染症内科_糖尿病内科_脳神経内科_循環器内科_消化器内科_腎臓内科_肝臓内科_外科_脳神経外科_血管外科_消化器外科_肝臓外科_整形外科_眼科_リウマチ科_リハビリテーション科_放射線科_救急科_麻酔科】【一般病床数:200療養病床数:0精神病床数:0感染症病床数:4合計病床数:204】福岡県福岡市博多区吉塚本町１３番１号" }, "geometry": { "type": "Point", "coordinates": [ 130.422169, 33.604595 ] } },
{ "type": "Feature", "properties": { "ID": 4011400001890, "正式名称": "医療法人相生会　金隈病院", "機関区分": 1, "都道府県コード": 40, "市区町村コード": 132, "所在地": "福岡県福岡市博多区金の隈３ー２４ー１６", "緯度": 33.556574, "経度": 130.481458, "url": "https://www.iryou.teikyouseido.mhlw.go.jp/znk-web/juminkanja/S2430/initialize?prefCd=40&kikanCd=1400001890&kikanKbn=1", "url2": "www.kanenokuma-hp.jp/", "内容": "医療法人相生会　金隈病院【1:病院】【診療科目:内科_歯科_リハビリテーション科】【一般病床数:0療養病床数:395精神病床数:0感染症病床数:0合計病床数:395】福岡県福岡市博多区金の隈３ー２４ー１６" }, "geometry": { "type": "Point", "coordinates": [ 130.481458, 33.556574 ] } },
{ "type": "Feature", "properties": { "ID": 4011400001900, "正式名称": "社会医療法人社団　至誠会　木村病院", "機関区分": 1, "都道府県コード": 40, "市区町村コード": 132, "所在地": "福岡県福岡市博多区千代２－１３－１９", "緯度": 33.600873, "経度": 130.414879, "url": "https://www.iryou.teikyouseido.mhlw.go.jp/znk-web/juminkanja/S2430/initialize?prefCd=40&kikanCd=1400001900&kikanKbn=1", "url2": "www.kimura-hosp.or.jp", "内容": "社会医療法人社団　至誠会　木村病院【1:病院】【診療科目:内科_循環器内科_消化器内科_緩和ケア内科_外科_脳神経外科_消化器外科_肝臓・胆のう・膵臓外科_大腸・肛門外科_ペインクリニック外科_整形外科_リハビリテーション科_救急科_麻酔科】【一般病床数:121療養病床数:0精神病床数:0感染症病床数:0合計病床数:121】福岡県福岡市博多区千代２－１３－１９" }, "geometry": { "type": "Point", "coordinates": [ 130.414879, 33.600873 ] } },
{ "type": "Feature", "properties": { "ID": 4011400001910, "正式名称": "林眼科病院", "機関区分": 1, "都道府県コード": 40, "市区町村コード": 132, "所在地": "福岡県福岡市博多区博多駅前４丁目２３ー３５", "緯度": 33.584541, "経度": 130.417435, "url": "https://www.iryou.teikyouseido.mhlw.go.jp/znk-web/juminkanja/S2430/initialize?prefCd=40&kikanCd=1400001910&kikanKbn=1", "url2": "www.hayashi.or.jp/", "内容": "林眼科病院【1:病院】【診療科目:眼科】【一般病床数:60療養病床数:0精神病床数:0感染症病床数:0合計病床数:60】福岡県福岡市博多区博多駅前４丁目２３ー３５" }, "geometry": { "type": "Point", "coordinates": [ 130.417435, 33.584541 ] } },
{ "type": "Feature", "properties": { "ID": 4011400001920, "正式名称": "医療法人　博腎会　博腎会病院", "機関区分": 1, "都道府県コード": 40, "市区町村コード": 132, "所在地": "福岡県福岡市博多区住吉２－２１－２１", "緯度": 33.585819, "経度": 130.410047, "url": "https://www.iryou.teikyouseido.mhlw.go.jp/znk-web/juminkanja/S2430/initialize?prefCd=40&kikanCd=1400001920&kikanKbn=1", "url2": "https://www.hakujinkai-hosp.or.jp/", "内容": "医療法人　博腎会　博腎会病院【1:病院】【診療科目:内科_糖尿病内科_腎臓内科_人工透析内科_リハビリテーション科】【一般病床数:35療養病床数:0精神病床数:0感染症病床数:0合計病床数:35】福岡県福岡市博多区住吉２－２１－２１" }, "geometry": { "type": "Point", "coordinates": [ 130.410047, 33.585819 ] } },
{ "type": "Feature", "properties": { "ID": 4011400001930, "正式名称": "医療法人福岡桜十字　桜十字福岡病院", "機関区分": 1, "都道府県コード": 40, "市区町村コード": 133, "所在地": "福岡県福岡市中央区渡辺通３丁目５－１１", "緯度": 33.585124, "経度": 130.404353, "url": "https://www.iryou.teikyouseido.mhlw.go.jp/znk-web/juminkanja/S2430/initialize?prefCd=40&kikanCd=1400001930&kikanKbn=1", "url2": "www.sj-fukuoka.or.jp/", "内容": "医療法人福岡桜十字　桜十字福岡病院【1:病院】【診療科目:内科_糖尿病内科_脳神経内科_呼吸器内科_循環器内科_消化器内科_漢方内科_婦人科_リハビリテーション科_放射線科】【一般病床数:199療養病床数:0精神病床数:0感染症病床数:0合計病床数:199】福岡県福岡市中央区渡辺通３丁目５－１１" }, "geometry": { "type": "Point", "coordinates": [ 130.404353, 33.585124 ] } },
{ "type": "Feature", "properties": { "ID": 4011400001940, "正式名称": "東福岡和仁会病院", "機関区分": 1, "都道府県コード": 40, "市区町村コード": 131, "所在地": "福岡県福岡市東区奈多１丁目４番１号", "緯度": 33.691279, "経度": 130.41921, "url": "https://www.iryou.teikyouseido.mhlw.go.jp/znk-web/juminkanja/S2430/initialize?prefCd=40&kikanCd=1400001940&kikanKbn=1", "url2": "higashifukuoka-wajinkai.jp", "内容": "東福岡和仁会病院【1:病院】【診療科目:内科_神経内科_リハビリテーション科】【一般病床数:0療養病床数:145精神病床数:0感染症病床数:0合計病床数:145】福岡県福岡市東区奈多１丁目４番１号" }, "geometry": { "type": "Point", "coordinates": [ 130.41921, 33.691279 ] } },
{ "type": "Feature", "properties": { "ID": 4011400001970, "正式名称": "社会福祉法人　慈愛会　医療福祉センター聖ヨゼフ園", "機関区分": 1, "都道府県コード": 40, "市区町村コード": 503, "所在地": "福岡県三井郡大刀洗町大字山隈３７４番地の１", "緯度": 33.409037, "経度": 130.610228, "url": "https://www.iryou.teikyouseido.mhlw.go.jp/znk-web/juminkanja/S2430/initialize?prefCd=40&kikanCd=1400001970&kikanKbn=1", "url2": "www.jiaikai-fuk.or.jp/", "内容": "社会福祉法人　慈愛会　医療福祉センター聖ヨゼフ園【1:病院】【診療科目:内科_小児科_精神科_歯科_リハビリテーション科】【一般病床数:120療養病床数:0精神病床数:0感染症病床数:0合計病床数:120】福岡県三井郡大刀洗町大字山隈３７４番地の１" }, "geometry": { "type": "Point", "coordinates": [ 130.610228, 33.409037 ] } },
{ "type": "Feature", "properties": { "ID": 4011400001980, "正式名称": "神代病院", "機関区分": 1, "都道府県コード": 40, "市区町村コード": 203, "所在地": "福岡県久留米市北野町中川９００番地１", "緯度": 33.360328, "経度": 130.62378, "url": "https://www.iryou.teikyouseido.mhlw.go.jp/znk-web/juminkanja/S2430/initialize?prefCd=40&kikanCd=1400001980&kikanKbn=1", "url2": "kumashiro-hp.or.jp", "内容": "神代病院【1:病院】【診療科目:内科_糖尿病内科_呼吸器内科_循環器内科_消化器内科_外科_脳神経外科_消化器外科_肛門外科_整形外科_皮膚科_リハビリテーション科_放射線科_救急科】【一般病床数:42療養病床数:58精神病床数:0感染症病床数:0合計病床数:100】福岡県久留米市北野町中川９００番地１" }, "geometry": { "type": "Point", "coordinates": [ 130.62378, 33.360328 ] } },
{ "type": "Feature", "properties": { "ID": 4011400002000, "正式名称": "博多心臓血管病院", "機関区分": 1, "都道府県コード": 40, "市区町村コード": 132, "所在地": "福岡県福岡市博多区中呉服町３ー１５", "緯度": 33.599706, "経度": 130.408824, "url": "https://www.iryou.teikyouseido.mhlw.go.jp/znk-web/juminkanja/S2430/initialize?prefCd=40&kikanCd=1400002000&kikanKbn=1", "url2": "https://www.hakata-hv-hp.or.jp/", "内容": "博多心臓血管病院【1:病院】【診療科目:内科_循環器内科_心臓内科_心臓血管内科_リハビリテーション科_放射線科】【一般病床数:25療養病床数:0精神病床数:0感染症病床数:0合計病床数:25】福岡県福岡市博多区中呉服町３ー１５" }, "geometry": { "type": "Point", "coordinates": [ 130.408824, 33.599706 ] } },
{ "type": "Feature", "properties": { "ID": 4011400002010, "正式名称": "田主丸中央病院", "機関区分": 1, "都道府県コード": 40, "市区町村コード": 203, "所在地": "福岡県久留米市田主丸町益生田", "緯度": 33.336899, "経度": 130.689459, "url": "https://www.iryou.teikyouseido.mhlw.go.jp/znk-web/juminkanja/S2430/initialize?prefCd=40&kikanCd=1400002010&kikanKbn=1", "url2": "https://seihoukai.or.jp/", "内容": "田主丸中央病院【1:病院】【診療科目:内科_感染症内科_血液内科_糖尿病・内分泌内科_脳神経内科_呼吸器内科_循環器内科_消化器内科_腎臓内科_人工透析内科_内視鏡内科_ペインクリニック内科_緩和ケア内科_外科_脳神経外科_呼吸器外科_心臓血管外科_消化器外科_整形外科_形成外科_眼科_耳鼻いんこう科_皮膚科_泌尿器科_精神科_歯科_歯科口腔外科_リウマチ科_リハビリテーション科_放射線科_救急科_麻酔科】【一般病床数:178療養病床数:72精神病床数:93感染症病床数:0合計病床数:343】福岡県久留米市田主丸町益生田" }, "geometry": { "type": "Point", "coordinates": [ 130.689459, 33.336899 ] } },
{ "type": "Feature", "properties": { "ID": 4011400002020, "正式名称": "医療法人　原鶴温泉病院", "機関区分": 1, "都道府県コード": 40, "市区町村コード": 225, "所在地": "福岡県うきは市吉井町千年６２８番地", "緯度": 33.352407, "経度": 130.774877, "url": "https://www.iryou.teikyouseido.mhlw.go.jp/znk-web/juminkanja/S2430/initialize?prefCd=40&kikanCd=1400002020&kikanKbn=1", "url2": "http://www.harazuru-hp.or.jp/", "内容": "医療法人　原鶴温泉病院【1:病院】【診療科目:内科_循環器内科_消化器内科_胃腸内科_肝臓内科_外科_整形外科_リウマチ科_リハビリテーション科】【一般病床数:0療養病床数:78精神病床数:0感染症病床数:0合計病床数:78】福岡県うきは市吉井町千年６２８番地" }, "geometry": { "type": "Point", "coordinates": [ 130.774877, 33.352407 ] } },
{ "type": "Feature", "properties": { "ID": 4011400002030, "正式名称": "医療法人向陽会　筑後川温泉病院", "機関区分": 1, "都道府県コード": 40, "市区町村コード": 225, "所在地": "福岡県うきは市浮羽町古川１０５５番地", "緯度": 33.357547, "経度": 130.809517, "url": "https://www.iryou.teikyouseido.mhlw.go.jp/znk-web/juminkanja/S2430/initialize?prefCd=40&kikanCd=1400002030&kikanKbn=1", "url2": "www.onsen-hp.or.jp", "内容": "医療法人向陽会　筑後川温泉病院【1:病院】【診療科目:内科_循環器内科_整形外科_リハビリテーション科】【一般病床数:56療養病床数:36精神病床数:0感染症病床数:0合計病床数:92】福岡県うきは市浮羽町古川１０５５番地" }, "geometry": { "type": "Point", "coordinates": [ 130.809517, 33.357547 ] } },
{ "type": "Feature", "properties": { "ID": 4011400002040, "正式名称": "医療法人　吉村病院", "機関区分": 1, "都道府県コード": 40, "市区町村コード": 203, "所在地": "福岡県久留米市田主丸町田主丸５２０－１", "緯度": 33.342519, "経度": 130.691389, "url": "https://www.iryou.teikyouseido.mhlw.go.jp/znk-web/juminkanja/S2430/initialize?prefCd=40&kikanCd=1400002040&kikanKbn=1", "url2": null, "内容": "医療法人　吉村病院【1:病院】【診療科目:内科_消化器内科_外科_消化器外科_肛門外科_整形外科_リハビリテーション科】【一般病床数:0療養病床数:50精神病床数:0感染症病床数:0合計病床数:50】福岡県久留米市田主丸町田主丸５２０－１" }, "geometry": { "type": "Point", "coordinates": [ 130.691389, 33.342519 ] } },
{ "type": "Feature", "properties": { "ID": 4011400002050, "正式名称": "筑後吉井こころホスピタル", "機関区分": 1, "都道府県コード": 40, "市区町村コード": 225, "所在地": "福岡県うきは市吉井町２１６番地２", "緯度": 33.342075, "経度": 130.752745, "url": "https://www.iryou.teikyouseido.mhlw.go.jp/znk-web/juminkanja/S2430/initialize?prefCd=40&kikanCd=1400002050&kikanKbn=1", "url2": "soujin.or.jp", "内容": "筑後吉井こころホスピタル【1:病院】【診療科目:内科_小児科_精神科_心療内科】【一般病床数:0療養病床数:0精神病床数:180感染症病床数:0合計病床数:180】福岡県うきは市吉井町２１６番地２" }, "geometry": { "type": "Point", "coordinates": [ 130.752745, 33.342075 ] } },
{ "type": "Feature", "properties": { "ID": 4011400002060, "正式名称": "富田病院", "機関区分": 1, "都道府県コード": 40, "市区町村コード": 203, "所在地": "福岡県久留米市城島町四郎丸２６１番地", "緯度": 33.243386, "経度": 130.403418, "url": "https://www.iryou.teikyouseido.mhlw.go.jp/znk-web/juminkanja/S2430/initialize?prefCd=40&kikanCd=1400002060&kikanKbn=1", "url2": "tomita-hp-johjima.jp", "内容": "富田病院【1:病院】【診療科目:内科_循環器内科_消化器内科_外科_脳神経外科_呼吸器外科_整形外科_リハビリテーション科】【一般病床数:26療養病床数:45精神病床数:0感染症病床数:0合計病床数:71】福岡県久留米市城島町四郎丸２６１番地" }, "geometry": { "type": "Point", "coordinates": [ 130.403418, 33.243386 ] } },
{ "type": "Feature", "properties": { "ID": 4011400002070, "正式名称": "医療法人　白壽会　安本病院", "機関区分": 1, "都道府県コード": 40, "市区町村コード": 203, "所在地": "福岡県久留米市三潴町玉満２３７１番地", "緯度": 33.248414, "経度": 130.460635, "url": "https://www.iryou.teikyouseido.mhlw.go.jp/znk-web/juminkanja/S2430/initialize?prefCd=40&kikanCd=1400002070&kikanKbn=1", "url2": "www.yasumoto.or.jp/", "内容": "医療法人　白壽会　安本病院【1:病院】【診療科目:内科_呼吸器内科_消化器内科_人工透析内科_外科_整形外科_皮膚科_リハビリテーション科】【一般病床数:48療養病床数:45精神病床数:0感染症病床数:0合計病床数:93】福岡県久留米市三潴町玉満２３７１番地" }, "geometry": { "type": "Point", "coordinates": [ 130.460635, 33.248414 ] } },
{ "type": "Feature", "properties": { "ID": 4011400002090, "正式名称": "医療法人　繁桜会　馬場病院", "機関区分": 1, "都道府県コード": 40, "市区町村コード": 544, "所在地": "福岡県八女郡広川町新代１３８９ー４０９", "緯度": 33.258275, "経度": 130.539238, "url": "https://www.iryou.teikyouseido.mhlw.go.jp/znk-web/juminkanja/S2430/initialize?prefCd=40&kikanCd=1400002090&kikanKbn=1", "url2": "www.baba-hsp.jp/", "内容": "医療法人　繁桜会　馬場病院【1:病院】【診療科目:循環器内科_神経内科_脳神経外科_リハビリテーション科】【一般病床数:55療養病床数:0精神病床数:0感染症病床数:0合計病床数:55】福岡県八女郡広川町新代１３８９ー４０９" }, "geometry": { "type": "Point", "coordinates": [ 130.539238, 33.258275 ] } },
{ "type": "Feature", "properties": { "ID": 4011400002100, "正式名称": "医療法人　泰久会　横田病院", "機関区分": 1, "都道府県コード": 40, "市区町村コード": 544, "所在地": "福岡県八女郡広川町大字新代１４２８ー９４", "緯度": 33.25422, "経度": 130.541877, "url": "https://www.iryou.teikyouseido.mhlw.go.jp/znk-web/juminkanja/S2430/initialize?prefCd=40&kikanCd=1400002100&kikanKbn=1", "url2": "www.yokota-hp.org/", "内容": "医療法人　泰久会　横田病院【1:病院】【診療科目:内科_循環器内科】【一般病床数:52療養病床数:0精神病床数:0感染症病床数:0合計病床数:52】福岡県八女郡広川町大字新代１４２８ー９４" }, "geometry": { "type": "Point", "coordinates": [ 130.541877, 33.25422 ] } },
{ "type": "Feature", "properties": { "ID": 4011400002110, "正式名称": "医療法人　久美愛福岡　耳納高原病院", "機関区分": 1, "都道府県コード": 40, "市区町村コード": 210, "所在地": "福岡県八女市星野村７２７７ー７", "緯度": 33.279666, "経度": 130.753024, "url": "https://www.iryou.teikyouseido.mhlw.go.jp/znk-web/juminkanja/S2430/initialize?prefCd=40&kikanCd=1400002110&kikanKbn=1", "url2": "https://minou-hp.jp/", "内容": "医療法人　久美愛福岡　耳納高原病院【1:病院】【診療科目:内科_リハビリテーション科】【一般病床数:0療養病床数:160精神病床数:0感染症病床数:0合計病床数:160】福岡県八女市星野村７２７７ー７" }, "geometry": { "type": "Point", "coordinates": [ 130.753024, 33.279666 ] } },
{ "type": "Feature", "properties": { "ID": 4011400002120, "正式名称": "姫野病院", "機関区分": 1, "都道府県コード": 40, "市区町村コード": 544, "所在地": "福岡県八女郡広川町新代２３１６", "緯度": 33.237139, "経度": 130.552738, "url": "https://www.iryou.teikyouseido.mhlw.go.jp/znk-web/juminkanja/S2430/initialize?prefCd=40&kikanCd=1400002120&kikanKbn=1", "url2": "himeno-hp.jp", "内容": "姫野病院【1:病院】【診療科目:内科_糖尿病内科_脳神経内科_呼吸器内科_循環器内科_消化器内科_腎臓内科_脳神経外科_整形外科_小児科_皮膚科_泌尿器科_精神科_歯科_リウマチ科_リハビリテーション科_麻酔科】【一般病床数:140療養病床数:0精神病床数:0感染症病床数:0合計病床数:140】福岡県八女郡広川町新代２３１６" }, "geometry": { "type": "Point", "coordinates": [ 130.552738, 33.237139 ] } },
{ "type": "Feature", "properties": { "ID": 4011400002130, "正式名称": "医療法人広川病院", "機関区分": 1, "都道府県コード": 40, "市区町村コード": 544, "所在地": "福岡県八女郡広川町新代９３０", "緯度": 33.250638, "経度": 130.544016, "url": "https://www.iryou.teikyouseido.mhlw.go.jp/znk-web/juminkanja/S2430/initialize?prefCd=40&kikanCd=1400002130&kikanKbn=1", "url2": "http://www.hirokawa-hp.com", "内容": "医療法人広川病院【1:病院】【診療科目:内科_循環器内科】【一般病床数:0療養病床数:203精神病床数:0感染症病床数:0合計病床数:203】福岡県八女郡広川町新代９３０" }, "geometry": { "type": "Point", "coordinates": [ 130.544016, 33.250638 ] } },
{ "type": "Feature", "properties": { "ID": 4011400002140, "正式名称": "社会医療法人弘恵会ヨコクラ病院", "機関区分": 1, "都道府県コード": 40, "市区町村コード": 229, "所在地": "福岡県みやま市高田町濃施４８０－２", "緯度": 33.10118, "経度": 130.457127, "url": "https://www.iryou.teikyouseido.mhlw.go.jp/znk-web/juminkanja/S2430/initialize?prefCd=40&kikanCd=1400002140&kikanKbn=1", "url2": "https://yokokura-hp.or.jp", "内容": "社会医療法人弘恵会ヨコクラ病院【1:病院】【診療科目:内科_循環器内科_胃腸内科_外科_脳神経外科_心臓血管外科_肛門外科_整形外科_皮膚科_心療内科_リハビリテーション科_放射線科_救急科_麻酔科】【一般病床数:129療養病床数:70精神病床数:0感染症病床数:0合計病床数:199】福岡県みやま市高田町濃施４８０－２" }, "geometry": { "type": "Point", "coordinates": [ 130.457127, 33.10118 ] } },
{ "type": "Feature", "properties": { "ID": 4011400002150, "正式名称": "医療法人　聖恵会　出会いの里病院", "機関区分": 1, "都道府県コード": 40, "市区町村コード": 342, "所在地": "福岡県糟屋郡篠栗町庄４丁目９番１６号", "緯度": 33.6209, "経度": 130.520675, "url": "https://www.iryou.teikyouseido.mhlw.go.jp/znk-web/juminkanja/S2430/initialize?prefCd=40&kikanCd=1400002150&kikanKbn=1", "url2": null, "内容": "医療法人　聖恵会　出会いの里病院【1:病院】【診療科目:内科_心臓内科_精神科_心療内科_老年精神科】【一般病床数:0療養病床数:0精神病床数:110感染症病床数:0合計病床数:110】福岡県糟屋郡篠栗町庄４丁目９番１６号" }, "geometry": { "type": "Point", "coordinates": [ 130.520675, 33.6209 ] } },
{ "type": "Feature", "properties": { "ID": 4011400002160, "正式名称": "医療法人社団正信会水戸病院", "機関区分": 1, "都道府県コード": 40, "市区町村コード": 344, "所在地": "福岡県糟屋郡須惠町大字旅石１１５－４８３", "緯度": 33.584126, "経度": 130.496539, "url": "https://www.iryou.teikyouseido.mhlw.go.jp/znk-web/juminkanja/S2430/initialize?prefCd=40&kikanCd=1400002160&kikanKbn=1", "url2": "www.s-mito.org", "内容": "医療法人社団正信会水戸病院【1:病院】【診療科目:内科_糖尿病内科_内分泌内科_脂質代謝内科_呼吸器内科_循環器内科_消化器内科_肝臓内科_神経内科_老年内科_総合診療科_小児科_アレルギー科_リハビリテーション科_臨床検査科】【一般病床数:82療養病床数:0精神病床数:0感染症病床数:0合計病床数:82】福岡県糟屋郡須惠町大字旅石１１５－４８３" }, "geometry": { "type": "Point", "coordinates": [ 130.496539, 33.584126 ] } },
{ "type": "Feature", "properties": { "ID": 4011400002170, "正式名称": "久山療育園重症児者医療療育センター", "機関区分": 1, "都道府県コード": 40, "市区町村コード": 348, "所在地": "福岡県糟屋郡久山町大字久原１８６９", "緯度": 33.642648, "経度": 130.512703, "url": "https://www.iryou.teikyouseido.mhlw.go.jp/znk-web/juminkanja/S2430/initialize?prefCd=40&kikanCd=1400002170&kikanKbn=1", "url2": "hisayama-smid.jp/", "内容": "久山療育園重症児者医療療育センター【1:病院】【診療科目:内科_小児科_歯科_リハビリテーション科】【一般病床数:94療養病床数:0精神病床数:0感染症病床数:0合計病床数:94】福岡県糟屋郡久山町大字久原１８６９" }, "geometry": { "type": "Point", "coordinates": [ 130.512703, 33.642648 ] } },
{ "type": "Feature", "properties": { "ID": 4011400002180, "正式名称": "医療法人箱田会箱田病院", "機関区分": 1, "都道府県コード": 40, "市区町村コード": 349, "所在地": "福岡県糟屋郡粕屋町仲原", "緯度": 33.607151, "経度": 130.470096, "url": "https://www.iryou.teikyouseido.mhlw.go.jp/znk-web/juminkanja/S2430/initialize?prefCd=40&kikanCd=1400002180&kikanKbn=1", "url2": "hakoda.mvo.jp", "内容": "医療法人箱田会箱田病院【1:病院】【診療科目:内科_精神科】【一般病床数:0療養病床数:0精神病床数:132感染症病床数:0合計病床数:132】福岡県糟屋郡粕屋町仲原" }, "geometry": { "type": "Point", "coordinates": [ 130.470096, 33.607151 ] } },
{ "type": "Feature", "properties": { "ID": 4011400002190, "正式名称": "河野粕屋病院", "機関区分": 1, "都道府県コード": 40, "市区町村コード": 341, "所在地": "福岡県糟屋郡宇美町神武原６丁目１ー１", "緯度": 33.575628, "経度": 130.548007, "url": "https://www.iryou.teikyouseido.mhlw.go.jp/znk-web/juminkanja/S2430/initialize?prefCd=40&kikanCd=1400002190&kikanKbn=1", "url2": "www.kawano-hp.com/kasuya/index.php", "内容": "河野粕屋病院【1:病院】【診療科目:内科_精神科_神経科_心療内科】【一般病床数:0療養病床数:23精神病床数:202感染症病床数:0合計病床数:225】福岡県糟屋郡宇美町神武原６丁目１ー１" }, "geometry": { "type": "Point", "coordinates": [ 130.548007, 33.575628 ] } },
{ "type": "Feature", "properties": { "ID": 4011400002200, "正式名称": "医療法人社団三誠会　ひまわり病院", "機関区分": 1, "都道府県コード": 40, "市区町村コード": 349, "所在地": "福岡県糟屋郡粕屋町長者原東一丁目１０番３号", "緯度": 33.614206, "経度": 130.47779, "url": "https://www.iryou.teikyouseido.mhlw.go.jp/znk-web/juminkanja/S2430/initialize?prefCd=40&kikanCd=1400002200&kikanKbn=1", "url2": "himawari-hospital.jp", "内容": "医療法人社団三誠会　ひまわり病院【1:病院】【診療科目:内科_呼吸器内科_循環器内科_消化器内科_外科_肛門外科_整形外科_リハビリテーション科】【一般病床数:36療養病床数:0精神病床数:0感染症病床数:0合計病床数:36】福岡県糟屋郡粕屋町長者原東一丁目１０番３号" }, "geometry": { "type": "Point", "coordinates": [ 130.47779, 33.614206 ] } },
{ "type": "Feature", "properties": { "ID": 4011400002210, "正式名称": "社会医療法人北九州病院　北九州若杉病院", "機関区分": 1, "都道府県コード": 40, "市区町村コード": 342, "所在地": "福岡県糟屋郡篠栗町田中四丁目１番１号", "緯度": 33.625872, "経度": 130.517299, "url": "https://www.iryou.teikyouseido.mhlw.go.jp/znk-web/juminkanja/S2430/initialize?prefCd=40&kikanCd=1400002210&kikanKbn=1", "url2": "www.kitakyu-hp.or.jp/wakasugi/", "内容": "社会医療法人北九州病院　北九州若杉病院【1:病院】【診療科目:内科_呼吸器内科_循環器内科_消化器内科_リウマチ科_リハビリテーション科】【一般病床数:177療養病床数:60精神病床数:0感染症病床数:0合計病床数:237】福岡県糟屋郡篠栗町田中四丁目１番１号" }, "geometry": { "type": "Point", "coordinates": [ 130.517299, 33.625872 ] } },
{ "type": "Feature", "properties": { "ID": 4011400002220, "正式名称": "泯江堂　三野原病院", "機関区分": 1, "都道府県コード": 40, "市区町村コード": 342, "所在地": "福岡県糟屋郡篠栗町金出３５５３", "緯度": 33.624122, "経度": 130.537118, "url": "https://www.iryou.teikyouseido.mhlw.go.jp/znk-web/juminkanja/S2430/initialize?prefCd=40&kikanCd=1400002220&kikanKbn=1", "url2": "www.minkodo-minohara.com", "内容": "泯江堂　三野原病院【1:病院】【診療科目:内科_脳神経内科_呼吸器内科_循環器内科_胃腸内科_腎臓内科_ペインクリニック内科_皮膚科_歯科_リハビリテーション科_放射線科】【一般病床数:97療養病床数:53精神病床数:0感染症病床数:0合計病床数:150】福岡県糟屋郡篠栗町金出３５５３" }, "geometry": { "type": "Point", "coordinates": [ 130.537118, 33.624122 ] } },
{ "type": "Feature", "properties": { "ID": 4011400002230, "正式名称": "医療法人社団日晴会久恒病院", "機関区分": 1, "都道府県コード": 40, "市区町村コード": 343, "所在地": "福岡県糟屋郡志免町大字田富字牛丸１５２ー１", "緯度": 33.574794, "経度": 130.498261, "url": "https://www.iryou.teikyouseido.mhlw.go.jp/znk-web/juminkanja/S2430/initialize?prefCd=40&kikanCd=1400002230&kikanKbn=1", "url2": "www.hisatsune-hp.jp", "内容": "医療法人社団日晴会久恒病院【1:病院】【診療科目:胃腸内科_外科_整形外科_リハビリテーション科_麻酔科】【一般病床数:47療養病床数:0精神病床数:0感染症病床数:0合計病床数:47】福岡県糟屋郡志免町大字田富字牛丸１５２ー１" }, "geometry": { "type": "Point", "coordinates": [ 130.498261, 33.574794 ] } },
{ "type": "Feature", "properties": { "ID": 4011400002240, "正式名称": "医療法人社団緑風会水戸病院", "機関区分": 1, "都道府県コード": 40, "市区町村コード": 343, "所在地": "福岡県糟屋郡志免町志免東４丁目１番１号", "緯度": 33.584682, "経度": 130.492206, "url": "https://www.iryou.teikyouseido.mhlw.go.jp/znk-web/juminkanja/S2430/initialize?prefCd=40&kikanCd=1400002240&kikanKbn=1", "url2": "www.mitohospital.com/", "内容": "医療法人社団緑風会水戸病院【1:病院】【診療科目:精神科_心療内科】【一般病床数:0療養病床数:0精神病床数:200感染症病床数:0合計病床数:200】福岡県糟屋郡志免町志免東４丁目１番１号" }, "geometry": { "type": "Point", "coordinates": [ 130.492206, 33.584682 ] } },
{ "type": "Feature", "properties": { "ID": 4011400002250, "正式名称": "社会医療法人青洲会　福岡青洲会病院", "機関区分": 1, "都道府県コード": 40, "市区町村コード": 349, "所在地": "福岡県糟屋郡粕屋町長者原西４－１１－８", "緯度": 33.619705, "経度": 130.462208, "url": "https://www.iryou.teikyouseido.mhlw.go.jp/znk-web/juminkanja/S2430/initialize?prefCd=40&kikanCd=1400002250&kikanKbn=1", "url2": "https://f.seisyukai.jp/", "内容": "社会医療法人青洲会　福岡青洲会病院【1:病院】【診療科目:内科_糖尿病内科_脳神経内科_呼吸器内科_循環器内科_消化器内科_腎臓内科_人工透析内科_外科_脳神経外科_呼吸器外科_心臓血管外科_消化器外科_乳腺外科_肛門外科_胸部外科_整形外科_形成外科_脊椎_眼科_泌尿器科_アレルギー科_リハビリテーション科_放射線科_病理診断科_臨床検査科_救急科_麻酔科】【一般病床数:213療養病床数:0精神病床数:0感染症病床数:0合計病床数:213】福岡県糟屋郡粕屋町長者原西４－１１－８" }, "geometry": { "type": "Point", "coordinates": [ 130.462208, 33.619705 ] } },
{ "type": "Feature", "properties": { "ID": 4011400002260, "正式名称": "医療法人みなみ粕屋南病院", "機関区分": 1, "都道府県コード": 40, "市区町村コード": 341, "所在地": "福岡県糟屋郡宇美町神武原６丁目２－７", "緯度": 33.575739, "経度": 130.549173, "url": "https://www.iryou.teikyouseido.mhlw.go.jp/znk-web/juminkanja/S2430/initialize?prefCd=40&kikanCd=1400002260&kikanKbn=1", "url2": "www.kasuya-minami.or.jp", "内容": "医療法人みなみ粕屋南病院【1:病院】【診療科目:内科_糖尿病内科_循環器内科_消化器内科_腎臓内科_人工透析内科_リハビリテーション科】【一般病床数:0療養病床数:206精神病床数:0感染症病床数:0合計病床数:206】福岡県糟屋郡宇美町神武原６丁目２－７" }, "geometry": { "type": "Point", "coordinates": [ 130.549173, 33.575739 ] } },
{ "type": "Feature", "properties": { "ID": 4011400002270, "正式名称": "うえの病院", "機関区分": 1, "都道府県コード": 40, "市区町村コード": 343, "所在地": "福岡県糟屋郡志免町志免", "緯度": 33.583237, "経度": 130.488401, "url": "https://www.iryou.teikyouseido.mhlw.go.jp/znk-web/juminkanja/S2430/initialize?prefCd=40&kikanCd=1400002270&kikanKbn=1", "url2": "www.uenohospital.jp/", "内容": "うえの病院【1:病院】【診療科目:消化器内科_人工透析内科_外科_消化器外科_大腸・肛門外科_内視鏡外科_リハビリテーション科】【一般病床数:36療養病床数:0精神病床数:0感染症病床数:0合計病床数:36】福岡県糟屋郡志免町志免" }, "geometry": { "type": "Point", "coordinates": [ 130.488401, 33.583237 ] } },
{ "type": "Feature", "properties": { "ID": 4011400002280, "正式名称": "医療法人ケンサン会　片井整形外科・内科病院", "機関区分": 1, "都道府県コード": 40, "市区町村コード": 349, "所在地": "福岡県糟屋郡粕屋町大字大隈１３２ー１", "緯度": 33.620122, "経度": 130.49901, "url": "https://www.iryou.teikyouseido.mhlw.go.jp/znk-web/juminkanja/S2430/initialize?prefCd=40&kikanCd=1400002280&kikanKbn=1", "url2": "katai.jp/", "内容": "医療法人ケンサン会　片井整形外科・内科病院【1:病院】【診療科目:内科_消化器内科_整形外科_形成外科_リウマチ科_リハビリテーション科】【一般病床数:43療養病床数:0精神病床数:0感染症病床数:0合計病床数:43】福岡県糟屋郡粕屋町大字大隈１３２ー１" }, "geometry": { "type": "Point", "coordinates": [ 130.49901, 33.620122 ] } },
{ "type": "Feature", "properties": { "ID": 4011400002290, "正式名称": "幸明会　船小屋病院", "機関区分": 1, "都道府県コード": 40, "市区町村コード": 229, "所在地": "福岡県みやま市瀬高町長田", "緯度": 33.173507, "経度": 130.497744, "url": "https://www.iryou.teikyouseido.mhlw.go.jp/znk-web/juminkanja/S2430/initialize?prefCd=40&kikanCd=1400002290&kikanKbn=1", "url2": "www.funagoya.or.jp", "内容": "幸明会　船小屋病院【1:病院】【診療科目:内科_呼吸器内科_神経内科_精神科_心療内科_リハビリテーション科】【一般病床数:0療養病床数:0精神病床数:278感染症病床数:0合計病床数:278】福岡県みやま市瀬高町長田" }, "geometry": { "type": "Point", "coordinates": [ 130.497744, 33.173507 ] } },
{ "type": "Feature", "properties": { "ID": 4011400002310, "正式名称": "医療法人井上会篠栗病院", "機関区分": 1, "都道府県コード": 40, "市区町村コード": 342, "所在地": "福岡県糟屋郡篠栗町田中１丁目１０番１号", "緯度": 33.624263, "経度": 130.521686, "url": "https://www.iryou.teikyouseido.mhlw.go.jp/znk-web/juminkanja/S2430/initialize?prefCd=40&kikanCd=1400002310&kikanKbn=1", "url2": "www.sasaguri.or.jp", "内容": "医療法人井上会篠栗病院【1:病院】【診療科目:内科_糖尿病内科_脳神経内科_呼吸器内科_循環器内科_心臓血管内科_消化器内科_腎臓内科_人工透析内科_肝臓内科_外科_血管外科_消化器外科_大腸・肛門外科_整形外科_耳鼻いんこう科_皮膚科_精神科_神経科_老年精神科_歯科_リウマチ科_リハビリテーション科_放射線科_放射線診断科】【一般病床数:135療養病床数:55精神病床数:70感染症病床数:0合計病床数:260】福岡県糟屋郡篠栗町田中１丁目１０番１号" }, "geometry": { "type": "Point", "coordinates": [ 130.521686, 33.624263 ] } },
{ "type": "Feature", "properties": { "ID": 4011400002320, "正式名称": "社会保険　仲原病院", "機関区分": 1, "都道府県コード": 40, "市区町村コード": 343, "所在地": "福岡県糟屋郡志免町別府北２－１２－１", "緯度": 33.607512, "経度": 130.454792, "url": "https://www.iryou.teikyouseido.mhlw.go.jp/znk-web/juminkanja/S2430/initialize?prefCd=40&kikanCd=1400002320&kikanKbn=1", "url2": "www.nakabaru-hp.jp/", "内容": "社会保険　仲原病院【1:病院】【診療科目:内科_消化器内科_腎臓内科_人工透析内科_整形外科_形成外科_リハビリテーション科_放射線科_麻酔科】【一般病床数:125療養病床数:0精神病床数:0感染症病床数:0合計病床数:125】福岡県糟屋郡志免町別府北２－１２－１" }, "geometry": { "type": "Point", "coordinates": [ 130.454792, 33.607512 ] } },
{ "type": "Feature", "properties": { "ID": 4011400002330, "正式名称": "医療法人社団廣徳会岡部病院", "機関区分": 1, "都道府県コード": 40, "市区町村コード": 341, "所在地": "福岡県糟屋郡宇美町明神坂１丁目２番１号", "緯度": 33.572406, "経度": 130.512788, "url": "https://www.iryou.teikyouseido.mhlw.go.jp/znk-web/juminkanja/S2430/initialize?prefCd=40&kikanCd=1400002330&kikanKbn=1", "url2": "www.okabe-hospital.or.jp", "内容": "医療法人社団廣徳会岡部病院【1:病院】【診療科目:内科_糖尿病内科_脂質代謝内科_糖尿病・内分泌内科_糖尿病・代謝内科_代謝・内分泌内科_呼吸器内科_循環器内科_消化器内科_胃腸内科_腎臓内科_人工透析内科_肝臓内科_疼痛緩和内科_ペインクリニック内科_整形外科_耳鼻いんこう科_泌尿器科_精神科_心療内科_リウマチ科_リハビリテーション科_放射線科_臨床検査科_麻酔科】【一般病床数:0療養病床数:123精神病床数:0感染症病床数:0合計病床数:141】福岡県糟屋郡宇美町明神坂１丁目２番１号" }, "geometry": { "type": "Point", "coordinates": [ 130.512788, 33.572406 ] } },
{ "type": "Feature", "properties": { "ID": 4011400002340, "正式名称": "社会医療法人　栄光会　栄光病院", "機関区分": 1, "都道府県コード": 40, "市区町村コード": 343, "所在地": "福岡県糟屋郡志免町別府西三丁目８番１５号", "緯度": 33.599901, "経度": 130.45657, "url": "https://www.iryou.teikyouseido.mhlw.go.jp/znk-web/juminkanja/S2430/initialize?prefCd=40&kikanCd=1400002340&kikanKbn=1", "url2": "www.eikoh.or.jp", "内容": "社会医療法人　栄光会　栄光病院【1:病院】【診療科目:内科_糖尿病内科_脳神経内科_呼吸器内科_循環器内科_消化器内科_ホスピス外来　完全予約制_外科_肛門外科_整形外科_泌尿器科】【一般病床数:144療養病床数:34精神病床数:0感染症病床数:0合計病床数:178】福岡県糟屋郡志免町別府西三丁目８番１５号" }, "geometry": { "type": "Point", "coordinates": [ 130.45657, 33.599901 ] } },
{ "type": "Feature", "properties": { "ID": 4011400002350, "正式名称": "医療法人　成雅会　泰平病院", "機関区分": 1, "都道府県コード": 40, "市区町村コード": 344, "所在地": "福岡県糟屋郡須惠町新原１４－７", "緯度": 33.579516, "経度": 130.514467, "url": "https://www.iryou.teikyouseido.mhlw.go.jp/znk-web/juminkanja/S2430/initialize?prefCd=40&kikanCd=1400002350&kikanKbn=1", "url2": "www.taihei.or.jp/", "内容": "医療法人　成雅会　泰平病院【1:病院】【診療科目:内科_リハビリテーション科】【一般病床数:70療養病床数:49精神病床数:0感染症病床数:0合計病床数:119】福岡県糟屋郡須惠町新原１４－７" }, "geometry": { "type": "Point", "coordinates": [ 130.514467, 33.579516 ] } },
{ "type": "Feature", "properties": { "ID": 4011400002360, "正式名称": "一般財団法人医療・介護・教育研究財団柳川病院", "機関区分": 1, "都道府県コード": 40, "市区町村コード": 207, "所在地": "福岡県柳川市筑紫町２９", "緯度": 33.168144, "経度": 130.401975, "url": "https://www.iryou.teikyouseido.mhlw.go.jp/znk-web/juminkanja/S2430/initialize?prefCd=40&kikanCd=1400002360&kikanKbn=1", "url2": "www.yanagawa-hsp.jp/", "内容": "一般財団法人医療・介護・教育研究財団柳川病院【1:病院】【診療科目:内科_血液内科_糖尿病・内分泌内科_循環器内科_消化器内科_外科_脳神経外科_心臓血管外科_消化器外科_乳腺外科_肛門外科_整形外科_婦人科_皮膚科_泌尿器科_リハビリテーション科_放射線科_麻酔科】【一般病床数:150療養病床数:0精神病床数:0感染症病床数:0合計病床数:150】福岡県柳川市筑紫町２９" }, "geometry": { "type": "Point", "coordinates": [ 130.401975, 33.168144 ] } },
{ "type": "Feature", "properties": { "ID": 4011400002370, "正式名称": "長田病院", "機関区分": 1, "都道府県コード": 40, "市区町村コード": 207, "所在地": "福岡県柳川市下宮永町５２３番地１", "緯度": 33.142814, "経度": 130.402837, "url": "https://www.iryou.teikyouseido.mhlw.go.jp/znk-web/juminkanja/S2430/initialize?prefCd=40&kikanCd=1400002370&kikanKbn=1", "url2": "www.seiwakai.info", "内容": "長田病院【1:病院】【診療科目:内科_糖尿病内科_呼吸器内科_循環器内科_消化器内科_胃腸内科_人工透析内科_肝臓内科_老年内科_緩和ケア内科_アレルギー科_リハビリテーション科_放射線科】【一般病床数:96療養病床数:86精神病床数:0感染症病床数:0合計病床数:182】福岡県柳川市下宮永町５２３番地１" }, "geometry": { "type": "Point", "coordinates": [ 130.402837, 33.142814 ] } },
{ "type": "Feature", "properties": { "ID": 4011400002380, "正式名称": "医療法人翠甲会甲斐病院", "機関区分": 1, "都道府県コード": 40, "市区町村コード": 207, "所在地": "福岡県柳川市筑紫町６０ー１", "緯度": 33.166811, "経度": 130.403142, "url": "https://www.iryou.teikyouseido.mhlw.go.jp/znk-web/juminkanja/S2430/initialize?prefCd=40&kikanCd=1400002380&kikanKbn=1", "url2": "www.kai-hp.com", "内容": "医療法人翠甲会甲斐病院【1:病院】【診療科目:内科_精神科_心療内科】【一般病床数:0療養病床数:0精神病床数:170感染症病床数:0合計病床数:170】福岡県柳川市筑紫町６０ー１" }, "geometry": { "type": "Point", "coordinates": [ 130.403142, 33.166811 ] } },
{ "type": "Feature", "properties": { "ID": 4011400002390, "正式名称": "柳川リハビリテーション病院", "機関区分": 1, "都道府県コード": 40, "市区町村コード": 207, "所在地": "福岡県柳川市上宮永町１１３ー２", "緯度": 33.155118, "経度": 130.404392, "url": "https://www.iryou.teikyouseido.mhlw.go.jp/znk-web/juminkanja/S2430/initialize?prefCd=40&kikanCd=1400002390&kikanKbn=1", "url2": "yanagawa.kouhoukai.or.jp", "内容": "柳川リハビリテーション病院【1:病院】【診療科目:内科_脳神経内科_呼吸器内科_循環器内科_脳神経外科_整形外科_皮膚科_歯科口腔外科_リウマチ科_リハビリテーション科】【一般病床数:120療養病床数:120精神病床数:0感染症病床数:0合計病床数:240】福岡県柳川市上宮永町１１３ー２" }, "geometry": { "type": "Point", "coordinates": [ 130.404392, 33.155118 ] } },
{ "type": "Feature", "properties": { "ID": 4011400002400, "正式名称": "医療法人金子病院", "機関区分": 1, "都道府県コード": 40, "市区町村コード": 207, "所在地": "福岡県柳川市久々原６５", "緯度": 33.168199, "経度": 130.382116, "url": "https://www.iryou.teikyouseido.mhlw.go.jp/znk-web/juminkanja/S2430/initialize?prefCd=40&kikanCd=1400002400&kikanKbn=1", "url2": "www.kaneko-hp.or.jp", "内容": "医療法人金子病院【1:病院】【診療科目:内科_糖尿病内科_内分泌内科_呼吸器内科_循環器内科_消化器内科_小児科_皮膚科_リハビリテーション科】【一般病床数:0療養病床数:31精神病床数:0感染症病床数:0合計病床数:31】福岡県柳川市久々原６５" }, "geometry": { "type": "Point", "coordinates": [ 130.382116, 33.168199 ] } },
{ "type": "Feature", "properties": { "ID": 4011400002420, "正式名称": "医療法人　静光園白川病院", "機関区分": 1, "都道府県コード": 40, "市区町村コード": 202, "所在地": "福岡県大牟田市上白川町１丁目１４６番地", "緯度": 33.047159, "経度": 130.461334, "url": "https://www.iryou.teikyouseido.mhlw.go.jp/znk-web/juminkanja/S2430/initialize?prefCd=40&kikanCd=1400002420&kikanKbn=1", "url2": "www.shirakawa.or.jp", "内容": "医療法人　静光園白川病院【1:病院】【診療科目:内科_呼吸器内科_循環器内科_胃腸内科_神経内科_リハビリテーション科_放射線科】【一般病床数:120療養病床数:60精神病床数:0感染症病床数:0合計病床数:180】福岡県大牟田市上白川町１丁目１４６番地" }, "geometry": { "type": "Point", "coordinates": [ 130.461334, 33.047159 ] } },
{ "type": "Feature", "properties": { "ID": 4011400002430, "正式名称": "医療法人　洗心会　倉永病院", "機関区分": 1, "都道府県コード": 40, "市区町村コード": 202, "所在地": "福岡県大牟田市吉野大字８４３番地", "緯度": 33.07549, "経度": 130.478082, "url": "https://www.iryou.teikyouseido.mhlw.go.jp/znk-web/juminkanja/S2430/initialize?prefCd=40&kikanCd=1400002430&kikanKbn=1", "url2": "www.senshinkai.or.jp/kuranaga/", "内容": "医療法人　洗心会　倉永病院【1:病院】【診療科目:内科_精神科_老年精神科_歯科】【一般病床数:0療養病床数:0精神病床数:286感染症病床数:0合計病床数:286】福岡県大牟田市吉野大字８４３番地" }, "geometry": { "type": "Point", "coordinates": [ 130.478082, 33.07549 ] } },
{ "type": "Feature", "properties": { "ID": 4011400002440, "正式名称": "くさかべ病院", "機関区分": 1, "都道府県コード": 40, "市区町村コード": 202, "所在地": "福岡県大牟田市大字吉野８５９", "緯度": 33.07499, "経度": 130.479026, "url": "https://www.iryou.teikyouseido.mhlw.go.jp/znk-web/juminkanja/S2430/initialize?prefCd=40&kikanCd=1400002440&kikanKbn=1", "url2": "www.soga-hospital.jp/", "内容": "くさかべ病院【1:病院】【診療科目:内科_胃腸内科_神経内科_皮膚科_心療内科_リハビリテーション科_放射線科】【一般病床数:30療養病床数:90精神病床数:0感染症病床数:0合計病床数:120】福岡県大牟田市大字吉野８５９" }, "geometry": { "type": "Point", "coordinates": [ 130.479026, 33.07499 ] } },
{ "type": "Feature", "properties": { "ID": 4011400002450, "正式名称": "大牟田保養院", "機関区分": 1, "都道府県コード": 40, "市区町村コード": 202, "所在地": "福岡県大牟田市黄金町１丁目１７８番地", "緯度": 33.021445, "経度": 130.450125, "url": "https://www.iryou.teikyouseido.mhlw.go.jp/znk-web/juminkanja/S2430/initialize?prefCd=40&kikanCd=1400002450&kikanKbn=1", "url2": "https://www.i-shinwa.com/omuta/", "内容": "大牟田保養院【1:病院】【診療科目:内科_精神科_心療内科_老年精神科】【一般病床数:0療養病床数:0精神病床数:280感染症病床数:0合計病床数:280】福岡県大牟田市黄金町１丁目１７８番地" }, "geometry": { "type": "Point", "coordinates": [ 130.450125, 33.021445 ] } },
{ "type": "Feature", "properties": { "ID": 4011400002470, "正式名称": "みさき病院", "機関区分": 1, "都道府県コード": 40, "市区町村コード": 202, "所在地": "福岡県大牟田市岬１２３０", "緯度": 33.067601, "経度": 130.441391, "url": "https://www.iryou.teikyouseido.mhlw.go.jp/znk-web/juminkanja/S2430/initialize?prefCd=40&kikanCd=1400002470&kikanKbn=1", "url2": "https://misaki-hp.jp/guide.html", "内容": "みさき病院【1:病院】【診療科目:内科_呼吸器内科_循環器内科_胃腸内科_神経内科_小児科_皮膚科_精神科_リハビリテーション科_放射線科】【一般病床数:48療養病床数:96精神病床数:0感染症病床数:0合計病床数:144】福岡県大牟田市岬１２３０" }, "geometry": { "type": "Point", "coordinates": [ 130.441391, 33.067601 ] } },
{ "type": "Feature", "properties": { "ID": 4011400002480, "正式名称": "大牟田中央病院", "機関区分": 1, "都道府県コード": 40, "市区町村コード": 202, "所在地": "福岡県大牟田市大字歴木１８４１番地", "緯度": 33.034966, "経度": 130.476639, "url": "https://www.iryou.teikyouseido.mhlw.go.jp/znk-web/juminkanja/S2430/initialize?prefCd=40&kikanCd=1400002480&kikanKbn=1", "url2": "omuta-chuou.jp/", "内容": "大牟田中央病院【1:病院】【診療科目:内科_呼吸器内科_循環器内科_消化器内科_外科_消化器外科_肛門外科_整形外科_小児科_小児外科_リハビリテーション科_放射線診断科】【一般病床数:134療養病床数:102精神病床数:0感染症病床数:0合計病床数:236】福岡県大牟田市大字歴木１８４１番地" }, "geometry": { "type": "Point", "coordinates": [ 130.476639, 33.034966 ] } },
{ "type": "Feature", "properties": { "ID": 4011400002490, "正式名称": "医療法人　静光園第二病院", "機関区分": 1, "都道府県コード": 40, "市区町村コード": 202, "所在地": "福岡県大牟田市下池町２９番地", "緯度": 33.007331, "経度": 130.469474, "url": "https://www.iryou.teikyouseido.mhlw.go.jp/znk-web/juminkanja/S2430/initialize?prefCd=40&kikanCd=1400002490&kikanKbn=1", "url2": "https://daini.or.jp/", "内容": "医療法人　静光園第二病院【1:病院】【診療科目:内科_精神科_神経科】【一般病床数:0療養病床数:0精神病床数:184感染症病床数:0合計病床数:184】福岡県大牟田市下池町２９番地" }, "geometry": { "type": "Point", "coordinates": [ 130.469474, 33.007331 ] } },
{ "type": "Feature", "properties": { "ID": 4011400002500, "正式名称": "社会福祉法人　恩賜財団　済生会支部　福岡県済生会大牟田病院", "機関区分": 1, "都道府県コード": 40, "市区町村コード": 202, "所在地": "福岡県大牟田市田隈８１０", "緯度": 33.056519, "経度": 130.465723, "url": "https://www.iryou.teikyouseido.mhlw.go.jp/znk-web/juminkanja/S2430/initialize?prefCd=40&kikanCd=1400002500&kikanKbn=1", "url2": "https://omuta-saiseikai.jp/", "内容": "社会福祉法人　恩賜財団　済生会支部　福岡県済生会大牟田病院【1:病院】【診療科目:内科_糖尿病・内分泌内科_脳神経内科_呼吸器内科_循環器内科_胃腸内科_内視鏡内科_外科_脳神経外科_整形外科_小児外科_婦人科_眼科_泌尿器科_リウマチ科_リハビリテーション科_放射線科_麻酔科】【一般病床数:176療養病床数:0精神病床数:0感染症病床数:0合計病床数:176】福岡県大牟田市田隈８１０" }, "geometry": { "type": "Point", "coordinates": [ 130.465723, 33.056519 ] } },
{ "type": "Feature", "properties": { "ID": 4011400002510, "正式名称": "米の山病院", "機関区分": 1, "都道府県コード": 40, "市区町村コード": 202, "所在地": "福岡県大牟田市歴木４ー１０", "緯度": 33.036411, "経度": 130.484638, "url": "https://www.iryou.teikyouseido.mhlw.go.jp/znk-web/juminkanja/S2430/initialize?prefCd=40&kikanCd=1400002510&kikanKbn=1", "url2": "www.kome-net.or.jp", "内容": "米の山病院【1:病院】【診療科目:内科_糖尿病内科_呼吸器内科_循環器内科_消化器内科_胃腸内科_人工透析内科_肝臓内科_神経内科_漢方内科_外科_消化器外科_整形外科_小児科_眼科_皮膚科_泌尿器科_歯科_歯科口腔外科_小児歯科_アレルギー科_リハビリテーション科_放射線科_病理診断科_臨床検査科_救急科_麻酔科】【一般病床数:171療養病床数:48精神病床数:0感染症病床数:0合計病床数:219】福岡県大牟田市歴木４ー１０" }, "geometry": { "type": "Point", "coordinates": [ 130.484638, 33.036411 ] } },
{ "type": "Feature", "properties": { "ID": 4011400002520, "正式名称": "不知火病院", "機関区分": 1, "都道府県コード": 40, "市区町村コード": 202, "所在地": "福岡県大牟田市大字手鎌１８００番地", "緯度": 33.049853, "経度": 130.442892, "url": "https://www.iryou.teikyouseido.mhlw.go.jp/znk-web/juminkanja/S2430/initialize?prefCd=40&kikanCd=1400002520&kikanKbn=1", "url2": "www.shiranui-byoin.or.jp", "内容": "不知火病院【1:病院】【診療科目:内科_循環器内科_消化器内科_精神科_神経科_心療内科_放射線科】【一般病床数:0療養病床数:0精神病床数:217感染症病床数:0合計病床数:217】福岡県大牟田市大字手鎌１８００番地" }, "geometry": { "type": "Point", "coordinates": [ 130.442892, 33.049853 ] } },
{ "type": "Feature", "properties": { "ID": 4011400002530, "正式名称": "南大牟田病院", "機関区分": 1, "都道府県コード": 40, "市区町村コード": 202, "所在地": "福岡県大牟田市臼井町２３番地の１", "緯度": 33.005719, "経度": 130.460808, "url": "https://www.iryou.teikyouseido.mhlw.go.jp/znk-web/juminkanja/S2430/initialize?prefCd=40&kikanCd=1400002530&kikanKbn=1", "url2": "www.zaidan-omtiryo.jp", "内容": "南大牟田病院【1:病院】【診療科目:内科_呼吸器内科_循環器内科_消化器内科_外科_整形外科_リハビリテーション科_放射線科_麻酔科】【一般病床数:74療養病床数:36精神病床数:0感染症病床数:0合計病床数:110】福岡県大牟田市臼井町２３番地の１" }, "geometry": { "type": "Point", "coordinates": [ 130.460808, 33.005719 ] } },
{ "type": "Feature", "properties": { "ID": 4011400002540, "正式名称": "医療法人　完光会今野病院", "機関区分": 1, "都道府県コード": 40, "市区町村コード": 202, "所在地": "福岡県大牟田市末広町５ー２", "緯度": 33.018869, "経度": 130.458371, "url": "https://www.iryou.teikyouseido.mhlw.go.jp/znk-web/juminkanja/S2430/initialize?prefCd=40&kikanCd=1400002540&kikanKbn=1", "url2": "www.konno-hp.jp/", "内容": "医療法人　完光会今野病院【1:病院】【診療科目:内科_糖尿病内科_呼吸器内科_循環器内科_消化器内科_緩和ケア内科_外科_整形外科_リハビリテーション科】【一般病床数:20療養病床数:37精神病床数:0感染症病床数:0合計病床数:57】福岡県大牟田市末広町５ー２" }, "geometry": { "type": "Point", "coordinates": [ 130.458371, 33.018869 ] } },
{ "type": "Feature", "properties": { "ID": 4011400002550, "正式名称": "医療法人　冨松記念会　三池病院", "機関区分": 1, "都道府県コード": 40, "市区町村コード": 202, "所在地": "福岡県大牟田市三池８５５番地", "緯度": 33.052881, "経度": 130.477805, "url": "https://www.iryou.teikyouseido.mhlw.go.jp/znk-web/juminkanja/S2430/initialize?prefCd=40&kikanCd=1400002550&kikanKbn=1", "url2": "miikehp.com/", "内容": "医療法人　冨松記念会　三池病院【1:病院】【診療科目:内科_循環器内科_消化器内科_精神科_神経科_心療内科_老年精神科】【一般病床数:23療養病床数:0精神病床数:240感染症病床数:0合計病床数:263】福岡県大牟田市三池８５５番地" }, "geometry": { "type": "Point", "coordinates": [ 130.477805, 33.052881 ] } },
{ "type": "Feature", "properties": { "ID": 4011400002560, "正式名称": "医療法人　悠久会大牟田共立病院", "機関区分": 1, "都道府県コード": 40, "市区町村コード": 202, "所在地": "福岡県大牟田市明治町３－７－５", "緯度": 33.041132, "経度": 130.446586, "url": "https://www.iryou.teikyouseido.mhlw.go.jp/znk-web/juminkanja/S2430/initialize?prefCd=40&kikanCd=1400002560&kikanKbn=1", "url2": "https://www.omutakyoritsu.com/", "内容": "医療法人　悠久会大牟田共立病院【1:病院】【診療科目:内科_呼吸器内科_循環器内科_消化器内科_リウマチ科_リハビリテーション科_放射線科】【一般病床数:46療養病床数:56精神病床数:0感染症病床数:0合計病床数:102】福岡県大牟田市明治町３－７－５" }, "geometry": { "type": "Point", "coordinates": [ 130.446586, 33.041132 ] } },
{ "type": "Feature", "properties": { "ID": 4011400002590, "正式名称": "杉循環器科内科病院", "機関区分": 1, "都道府県コード": 40, "市区町村コード": 202, "所在地": "福岡県大牟田市大字田隈９５０ー１", "緯度": 33.059936, "経度": 130.466, "url": "https://www.iryou.teikyouseido.mhlw.go.jp/znk-web/juminkanja/S2430/initialize?prefCd=40&kikanCd=1400002590&kikanKbn=1", "url2": "www.sugi-hosp.jp", "内容": "杉循環器科内科病院【1:病院】【診療科目:内科_循環器内科_腎臓内科】【一般病床数:81療養病床数:0精神病床数:0感染症病床数:0合計病床数:81】福岡県大牟田市大字田隈９５０ー１" }, "geometry": { "type": "Point", "coordinates": [ 130.466, 33.059936 ] } },
{ "type": "Feature", "properties": { "ID": 4011400002610, "正式名称": "医療法人　恒生堂　永田整形外科病院", "機関区分": 1, "都道府県コード": 40, "市区町村コード": 202, "所在地": "福岡県大牟田市不知火町一丁目６番３", "緯度": 33.028105, "経度": 130.446003, "url": "https://www.iryou.teikyouseido.mhlw.go.jp/znk-web/juminkanja/S2430/initialize?prefCd=40&kikanCd=1400002610&kikanKbn=1", "url2": "www.nagata-hospital.or.jp/", "内容": "医療法人　恒生堂　永田整形外科病院【1:病院】【診療科目:脳神経外科_整形外科_形成外科_リウマチ科_リハビリテーション科_麻酔科】【一般病床数:124療養病床数:0精神病床数:0感染症病床数:0合計病床数:124】福岡県大牟田市不知火町一丁目６番３" }, "geometry": { "type": "Point", "coordinates": [ 130.446003, 33.028105 ] } },
{ "type": "Feature", "properties": { "ID": 4011400002620, "正式名称": "社会保険大牟田天領病院", "機関区分": 1, "都道府県コード": 40, "市区町村コード": 202, "所在地": "福岡県大牟田市天領町１丁目１００番地", "緯度": 33.018967, "経度": 130.435254, "url": "https://www.iryou.teikyouseido.mhlw.go.jp/znk-web/juminkanja/S2430/initialize?prefCd=40&kikanCd=1400002620&kikanKbn=1", "url2": "https://omutatenryo-hp.jp/", "内容": "社会保険大牟田天領病院【1:病院】【診療科目:内科_糖尿病・代謝内科_脳神経内科_呼吸器内科_循環器内科_消化器内科_腎臓内科_外科_脳神経外科_呼吸器外科_消化器外科_整形外科_耳鼻いんこう科_皮膚科_泌尿器科_精神科_リハビリテーション科_放射線科_病理診断科_救急科_麻酔科】【一般病床数:389療養病床数:0精神病床数:0感染症病床数:0合計病床数:389】福岡県大牟田市天領町１丁目１００番地" }, "geometry": { "type": "Point", "coordinates": [ 130.435254, 33.018967 ] } },
{ "type": "Feature", "properties": { "ID": 4011400002630, "正式名称": "医療法人　けんこう兼行病院", "機関区分": 1, "都道府県コード": 40, "市区町村コード": 202, "所在地": "福岡県大牟田市大字歴木９７７ー４", "緯度": 33.041271, "経度": 130.46689, "url": "https://www.iryou.teikyouseido.mhlw.go.jp/znk-web/juminkanja/S2430/initialize?prefCd=40&kikanCd=1400002630&kikanKbn=1", "url2": "mc.kenkougroup.or.jp/", "内容": "医療法人　けんこう兼行病院【1:病院】【診療科目:内科_呼吸器内科_循環器内科_消化器内科_整形外科_リウマチ科_リハビリテーション科_放射線科_麻酔科】【一般病床数:32療養病床数:38精神病床数:0感染症病床数:0合計病床数:70】福岡県大牟田市大字歴木９７７ー４" }, "geometry": { "type": "Point", "coordinates": [ 130.46689, 33.041271 ] } },
{ "type": "Feature", "properties": { "ID": 4011400002640, "正式名称": "菅原病院", "機関区分": 1, "都道府県コード": 40, "市区町村コード": 202, "所在地": "福岡県大牟田市小川町３０－１", "緯度": 33.022356, "経度": 130.42931, "url": "https://www.iryou.teikyouseido.mhlw.go.jp/znk-web/juminkanja/S2430/initialize?prefCd=40&kikanCd=1400002640&kikanKbn=1", "url2": "www.sugahara-hospital.com", "内容": "菅原病院【1:病院】【診療科目:内科_呼吸器内科_循環器内科_胃腸内科_神経内科_リハビリテーション科】【一般病床数:0療養病床数:60精神病床数:0感染症病床数:0合計病床数:60】福岡県大牟田市小川町３０－１" }, "geometry": { "type": "Point", "coordinates": [ 130.42931, 33.022356 ] } },
{ "type": "Feature", "properties": { "ID": 4011400002650, "正式名称": "小竹町立病院", "機関区分": 1, "都道府県コード": 40, "市区町村コード": 401, "所在地": "福岡県鞍手郡小竹町勝野１１９１", "緯度": 33.707116, "経度": 130.704767, "url": "https://www.iryou.teikyouseido.mhlw.go.jp/znk-web/juminkanja/S2430/initialize?prefCd=40&kikanCd=1400002650&kikanKbn=1", "url2": "www.kotakehp.ivory.ne.jp/", "内容": "小竹町立病院【1:病院】【診療科目:内科_糖尿病・代謝内科_消化器内科_リハビリテーション科】【一般病床数:56療養病床数:0精神病床数:0感染症病床数:0合計病床数:56】福岡県鞍手郡小竹町勝野１１９１" }, "geometry": { "type": "Point", "coordinates": [ 130.704767, 33.707116 ] } },
{ "type": "Feature", "properties": { "ID": 4011400002660, "正式名称": "鞍手共立病院", "機関区分": 1, "都道府県コード": 40, "市区町村コード": 226, "所在地": "福岡県宮若市龍徳５５４番地", "緯度": 33.737501, "経度": 130.695878, "url": "https://www.iryou.teikyouseido.mhlw.go.jp/znk-web/juminkanja/S2430/initialize?prefCd=40&kikanCd=1400002660&kikanKbn=1", "url2": "www.kuratekyoritsu-hospital.or.jp/", "内容": "鞍手共立病院【1:病院】【診療科目:内科_神経内科_精神科】【一般病床数:0療養病床数:48精神病床数:236感染症病床数:0合計病床数:284】福岡県宮若市龍徳５５４番地" }, "geometry": { "type": "Point", "coordinates": [ 130.695878, 33.737501 ] } },
{ "type": "Feature", "properties": { "ID": 4011400002670, "正式名称": "地方独立行政法人　くらて病院", "機関区分": 1, "都道府県コード": 40, "市区町村コード": 402, "所在地": "福岡県鞍手郡鞍手町小牧２２２６番地２", "緯度": 33.791825, "経度": 130.690793, "url": "https://www.iryou.teikyouseido.mhlw.go.jp/znk-web/juminkanja/S2430/initialize?prefCd=40&kikanCd=1400002670&kikanKbn=1", "url2": "kurate-hp.com/", "内容": "地方独立行政法人　くらて病院【1:病院】【診療科目:内科_血液内科_糖尿病内科_脳神経内科_呼吸器内科_循環器内科_消化器内科_腎臓内科_人工透析内科_外科_脳神経外科_乳腺外科_肛門外科_整形外科_形成外科_小児科_眼科_耳鼻いんこう科_皮膚科_泌尿器科_リウマチ科_リハビリテーション科_放射線科_麻酔科】【一般病床数:222療養病床数:0精神病床数:0感染症病床数:0合計病床数:222】福岡県鞍手郡鞍手町小牧２２２６番地２" }, "geometry": { "type": "Point", "coordinates": [ 130.690793, 33.791825 ] } },
{ "type": "Feature", "properties": { "ID": 4011400002680, "正式名称": "医療法人　安倍病院", "機関区分": 1, "都道府県コード": 40, "市区町村コード": 226, "所在地": "福岡県宮若市長井鶴２５０番地３", "緯度": 33.730362, "経度": 130.65416, "url": "https://www.iryou.teikyouseido.mhlw.go.jp/znk-web/juminkanja/S2430/initialize?prefCd=40&kikanCd=1400002680&kikanKbn=1", "url2": "www.abe-hp.or.jp", "内容": "医療法人　安倍病院【1:病院】【診療科目:内科_糖尿病内科_呼吸器内科_循環器内科_胃腸内科_内視鏡内科_外科_リハビリテーション科】【一般病床数:60療養病床数:0精神病床数:0感染症病床数:0合計病床数:60】福岡県宮若市長井鶴２５０番地３" }, "geometry": { "type": "Point", "coordinates": [ 130.65416, 33.730362 ] } },
{ "type": "Feature", "properties": { "ID": 4011400002690, "正式名称": "医療法人相生会　宮田病院", "機関区分": 1, "都道府県コード": 40, "市区町村コード": 226, "所在地": "福岡県宮若市本城１６３６", "緯度": 33.733557, "経度": 130.675102, "url": "https://www.iryou.teikyouseido.mhlw.go.jp/znk-web/juminkanja/S2430/initialize?prefCd=40&kikanCd=1400002690&kikanKbn=1", "url2": "https://www.miyata-hospital.com/", "内容": "医療法人相生会　宮田病院【1:病院】【診療科目:内科_脳神経内科_呼吸器内科_循環器内科_消化器内科_人工透析内科_外科_脳神経外科_呼吸器外科_消化器外科_肛門外科_整形外科_小児科_耳鼻いんこう科_皮膚科_泌尿器科_リハビリテーション科_放射線科_麻酔科】【一般病床数:85療養病床数:133精神病床数:0感染症病床数:0合計病床数:218】福岡県宮若市本城１６３６" }, "geometry": { "type": "Point", "coordinates": [ 130.675102, 33.733557 ] } },
{ "type": "Feature", "properties": { "ID": 4011400002710, "正式名称": "医療法人笠松会　有吉病院", "機関区分": 1, "都道府県コード": 40, "市区町村コード": 226, "所在地": "福岡県宮若市上有木３９７－１", "緯度": 33.761553, "経度": 130.623689, "url": "https://www.iryou.teikyouseido.mhlw.go.jp/znk-web/juminkanja/S2430/initialize?prefCd=40&kikanCd=1400002710&kikanKbn=1", "url2": "www.ariyoshi-hp.jp", "内容": "医療法人笠松会　有吉病院【1:病院】【診療科目:内科_糖尿病内科_内分泌内科_循環器内科_消化器内科_老年内科_小児科_皮膚科_リハビリテーション科】【一般病床数:0療養病床数:56精神病床数:0感染症病床数:0合計病床数:56】福岡県宮若市上有木３９７－１" }, "geometry": { "type": "Point", "coordinates": [ 130.623689, 33.761553 ] } },
{ "type": "Feature", "properties": { "ID": 4011400002720, "正式名称": "北九州宗像中央病院", "機関区分": 1, "都道府県コード": 40, "市区町村コード": 220, "所在地": "福岡県宗像市稲元二丁目２番５号", "緯度": 33.807852, "経度": 130.548723, "url": "https://www.iryou.teikyouseido.mhlw.go.jp/znk-web/juminkanja/S2430/initialize?prefCd=40&kikanCd=1400002720&kikanKbn=1", "url2": "www.kitakyu-hp.or.jp/contents/kitahos_munakatachuo.htm", "内容": "北九州宗像中央病院【1:病院】【診療科目:内科_脳神経内科_呼吸器内科_リハビリテーション科】【一般病床数:84療養病床数:152精神病床数:0感染症病床数:0合計病床数:236】福岡県宗像市稲元二丁目２番５号" }, "geometry": { "type": "Point", "coordinates": [ 130.548723, 33.807852 ] } },
{ "type": "Feature", "properties": { "ID": 4011400002730, "正式名称": "福間病院", "機関区分": 1, "都道府県コード": 40, "市区町村コード": 224, "所在地": "福岡県福津市花見が浜１丁目５－１", "緯度": 33.760737, "経度": 130.475898, "url": "https://www.iryou.teikyouseido.mhlw.go.jp/znk-web/juminkanja/S2430/initialize?prefCd=40&kikanCd=1400002730&kikanKbn=1", "url2": "www.fukuma-hp.or.jp/", "内容": "福間病院【1:病院】【診療科目:内科_児童精神科_精神科_心療内科_歯科】【一般病床数:0療養病床数:0精神病床数:500感染症病床数:0合計病床数:500】福岡県福津市花見が浜１丁目５－１" }, "geometry": { "type": "Point", "coordinates": [ 130.475898, 33.760737 ] } },
{ "type": "Feature", "properties": { "ID": 4011400002740, "正式名称": "医療法人静かな海の会　津屋崎中央病院", "機関区分": 1, "都道府県コード": 40, "市区町村コード": 224, "所在地": "福岡県福津市渡１５６４", "緯度": 33.788713, "経度": 130.455787, "url": "https://www.iryou.teikyouseido.mhlw.go.jp/znk-web/juminkanja/S2430/initialize?prefCd=40&kikanCd=1400002740&kikanKbn=1", "url2": "www.tuyazaki-hp.jp/", "内容": "医療法人静かな海の会　津屋崎中央病院【1:病院】【診療科目:内科_循環器内科_リハビリテーション科】【一般病床数:0療養病床数:40精神病床数:0感染症病床数:0合計病床数:40】福岡県福津市渡１５６４" }, "geometry": { "type": "Point", "coordinates": [ 130.455787, 33.788713 ] } },
{ "type": "Feature", "properties": { "ID": 4011400002760, "正式名称": "三宅脳神経外科病院", "機関区分": 1, "都道府県コード": 40, "市区町村コード": 205, "所在地": "福岡県飯塚市楽市２４３ー１１", "緯度": 33.613154, "経度": 130.679994, "url": "https://www.iryou.teikyouseido.mhlw.go.jp/znk-web/juminkanja/S2430/initialize?prefCd=40&kikanCd=1400002760&kikanKbn=1", "url2": null, "内容": "三宅脳神経外科病院【1:病院】【診療科目:脳神経外科】【一般病床数:44療養病床数:0精神病床数:0感染症病床数:0合計病床数:44】福岡県飯塚市楽市２４３ー１１" }, "geometry": { "type": "Point", "coordinates": [ 130.679994, 33.613154 ] } },
{ "type": "Feature", "properties": { "ID": 4011400002770, "正式名称": "有松産科婦人科ユースクリニック", "機関区分": 1, "都道府県コード": 40, "市区町村コード": 227, "所在地": "福岡県嘉麻市鴨生８２４", "緯度": 33.610128, "経度": 130.723962, "url": "https://www.iryou.teikyouseido.mhlw.go.jp/znk-web/juminkanja/S2430/initialize?prefCd=40&kikanCd=1400002770&kikanKbn=1", "url2": "www.mediqube.com/arimatsu/usr/pc/", "内容": "有松産科婦人科ユースクリニック【1:病院】【診療科目:内科_小児科_産婦人科】【一般病床数:40療養病床数:0精神病床数:0感染症病床数:0合計病床数:40】福岡県嘉麻市鴨生８２４" }, "geometry": { "type": "Point", "coordinates": [ 130.723962, 33.610128 ] } },
{ "type": "Feature", "properties": { "ID": 4011400002780, "正式名称": "宮城病院", "機関区分": 1, "都道府県コード": 40, "市区町村コード": 224, "所在地": "福岡県福津市日蒔野５ー１２ー２", "緯度": 33.757995, "経度": 130.497479, "url": "https://www.iryou.teikyouseido.mhlw.go.jp/znk-web/juminkanja/S2430/initialize?prefCd=40&kikanCd=1400002780&kikanKbn=1", "url2": null, "内容": "宮城病院【1:病院】【診療科目:内科_肝臓内科_整形外科_リハビリテーション科】【一般病床数:60療養病床数:60精神病床数:0感染症病床数:0合計病床数:120】福岡県福津市日蒔野５ー１２ー２" }, "geometry": { "type": "Point", "coordinates": [ 130.497479, 33.757995 ] } },
{ "type": "Feature", "properties": { "ID": 4011400002790, "正式名称": "福岡県済生会飯塚嘉穂病院", "機関区分": 1, "都道府県コード": 40, "市区町村コード": 205, "所在地": "福岡県飯塚市太郎丸２６５", "緯度": 33.601655, "経度": 130.665551, "url": "https://www.iryou.teikyouseido.mhlw.go.jp/znk-web/juminkanja/S2430/initialize?prefCd=40&kikanCd=1400002790&kikanKbn=1", "url2": "https://iizuka-kaho.jp/access", "内容": "福岡県済生会飯塚嘉穂病院【1:病院】【診療科目:内科_糖尿病内科_脳神経内科_呼吸器内科_循環器内科_心臓内科_消化器内科_緩和ケア内科_膵臓内科_外科_整形外科_眼科_皮膚科_心療内科_リウマチ科_リハビリテーション科】【一般病床数:197療養病床数:0精神病床数:0感染症病床数:0合計病床数:197】福岡県飯塚市太郎丸２６５" }, "geometry": { "type": "Point", "coordinates": [ 130.665551, 33.601655 ] } },
{ "type": "Feature", "properties": { "ID": 4011400002800, "正式名称": "飯塚市立病院", "機関区分": 1, "都道府県コード": 40, "市区町村コード": 205, "所在地": "福岡県飯塚市弁分６３３ー１", "緯度": 33.619958, "経度": 130.652635, "url": "https://www.iryou.teikyouseido.mhlw.go.jp/znk-web/juminkanja/S2430/initialize?prefCd=40&kikanCd=1400002800&kikanKbn=1", "url2": "iizukacityhp.jp/", "内容": "飯塚市立病院【1:病院】【診療科目:内科_脳神経内科_循環器内科_外科_脳神経外科_呼吸器外科_乳腺外科_整形外科_小児科_眼科_耳鼻いんこう科_皮膚科_泌尿器科_リハビリテーション科_放射線科_救急科_麻酔科】【一般病床数:250療養病床数:0精神病床数:0感染症病床数:0合計病床数:250】福岡県飯塚市弁分６３３ー１" }, "geometry": { "type": "Point", "coordinates": [ 130.652635, 33.619958 ] } },
{ "type": "Feature", "properties": { "ID": 4011400002810, "正式名称": "医療法人博愛会　頴田病院", "機関区分": 1, "都道府県コード": 40, "市区町村コード": 205, "所在地": "福岡県飯塚市口原１０６１番地１", "緯度": 33.68548, "経度": 130.720294, "url": "https://www.iryou.teikyouseido.mhlw.go.jp/znk-web/juminkanja/S2430/initialize?prefCd=40&kikanCd=1400002810&kikanKbn=1", "url2": "www.kaita-hospital.jp/", "内容": "医療法人博愛会　頴田病院【1:病院】【診療科目:内科_腎臓内科_外科_整形外科_小児科_婦人科_眼科_耳鼻いんこう科_リハビリテーション科】【一般病床数:60療養病床数:36精神病床数:0感染症病床数:0合計病床数:96】福岡県飯塚市口原１０６１番地１" }, "geometry": { "type": "Point", "coordinates": [ 130.720294, 33.68548 ] } },
{ "type": "Feature", "properties": { "ID": 4011400002820, "正式名称": "医療法人ユーアイ　西野病院", "機関区分": 1, "都道府県コード": 40, "市区町村コード": 227, "所在地": "福岡県嘉麻市鴨生５３２番地", "緯度": 33.605602, "経度": 130.727543, "url": "https://www.iryou.teikyouseido.mhlw.go.jp/znk-web/juminkanja/S2430/initialize?prefCd=40&kikanCd=1400002820&kikanKbn=1", "url2": "https://www.nishino-hp.com", "内容": "医療法人ユーアイ　西野病院【1:病院】【診療科目:内科_胃腸内科_人工透析内科_外科_整形外科_形成外科_リハビリテーション科】【一般病床数:50療養病床数:30精神病床数:0感染症病床数:0合計病床数:80】福岡県嘉麻市鴨生５３２番地" }, "geometry": { "type": "Point", "coordinates": [ 130.727543, 33.605602 ] } },
{ "type": "Feature", "properties": { "ID": 4011400002830, "正式名称": "医療法人仁正会鎌田病院", "機関区分": 1, "都道府県コード": 40, "市区町村コード": 227, "所在地": "福岡県嘉麻市中益４２０ー１", "緯度": 33.54483, "経度": 130.74574, "url": "https://www.iryou.teikyouseido.mhlw.go.jp/znk-web/juminkanja/S2430/initialize?prefCd=40&kikanCd=1400002830&kikanKbn=1", "url2": "kamadahp.com/", "内容": "医療法人仁正会鎌田病院【1:病院】【診療科目:内科_外科_整形外科】【一般病床数:60療養病床数:0精神病床数:0感染症病床数:0合計病床数:60】福岡県嘉麻市中益４２０ー１" }, "geometry": { "type": "Point", "coordinates": [ 130.74574, 33.54483 ] } },
{ "type": "Feature", "properties": { "ID": 4011400002840, "正式名称": "健康リハビリテーション内田病院", "機関区分": 1, "都道府県コード": 40, "市区町村コード": 227, "所在地": "福岡県嘉麻市牛隈２５１０―４", "緯度": 33.575382, "経度": 130.723686, "url": "https://www.iryou.teikyouseido.mhlw.go.jp/znk-web/juminkanja/S2430/initialize?prefCd=40&kikanCd=1400002840&kikanKbn=1", "url2": "www.sanai-fukuoka.or.jp/", "内容": "健康リハビリテーション内田病院【1:病院】【診療科目:内科_胃腸内科_リハビリテーション科】【一般病床数:0療養病床数:72精神病床数:0感染症病床数:0合計病床数:72】福岡県嘉麻市牛隈２５１０―４" }, "geometry": { "type": "Point", "coordinates": [ 130.723686, 33.575382 ] } },
{ "type": "Feature", "properties": { "ID": 4011400002850, "正式名称": "嘉穂信和病院", "機関区分": 1, "都道府県コード": 40, "市区町村コード": 421, "所在地": "福岡県嘉穂郡桂川町土師２８番地", "緯度": 33.580349, "経度": 130.701187, "url": "https://www.iryou.teikyouseido.mhlw.go.jp/znk-web/juminkanja/S2430/initialize?prefCd=40&kikanCd=1400002850&kikanKbn=1", "url2": "https://www.h-ishida.jp/", "内容": "嘉穂信和病院【1:病院】【診療科目:内科_リハビリテーション科】【一般病床数:30療養病床数:30精神病床数:0感染症病床数:0合計病床数:60】福岡県嘉穂郡桂川町土師２８番地" }, "geometry": { "type": "Point", "coordinates": [ 130.701187, 33.580349 ] } },
{ "type": "Feature", "properties": { "ID": 4011400002860, "正式名称": "一般社団法人福岡県社会保険医療協会　社会保険稲築病院", "機関区分": 1, "都道府県コード": 40, "市区町村コード": 227, "所在地": "福岡県嘉麻市口春７４４ー１", "緯度": 33.600406, "経度": 130.713491, "url": "https://www.iryou.teikyouseido.mhlw.go.jp/znk-web/juminkanja/S2430/initialize?prefCd=40&kikanCd=1400002860&kikanKbn=1", "url2": "http://inatsukihospital.jp", "内容": "一般社団法人福岡県社会保険医療協会　社会保険稲築病院【1:病院】【診療科目:内科_整形外科_眼科_皮膚科_リハビリテーション科】【一般病床数:93療養病床数:51精神病床数:0感染症病床数:0合計病床数:144】福岡県嘉麻市口春７４４ー１" }, "geometry": { "type": "Point", "coordinates": [ 130.713491, 33.600406 ] } },
{ "type": "Feature", "properties": { "ID": 4011400002870, "正式名称": "宗像水光会総合病院", "機関区分": 1, "都道府県コード": 40, "市区町村コード": 224, "所在地": "福岡県福津市日蒔野５丁目７番地の１", "緯度": 33.760245, "経度": 130.496645, "url": "https://www.iryou.teikyouseido.mhlw.go.jp/znk-web/juminkanja/S2430/initialize?prefCd=40&kikanCd=1400002870&kikanKbn=1", "url2": "www.suikokai.or.jp", "内容": "宗像水光会総合病院【1:病院】【診療科目:内科_血液内科_糖尿病・代謝内科_呼吸器内科_循環器内科_消化器内科_腎臓内科_肝臓内科_外科_脳神経外科_心臓血管外科_消化器外科_乳腺外科_大腸・肛門外科_整形外科_形成外科_小児科_産婦人科_眼科_耳鼻いんこう科_皮膚科_泌尿器科_リウマチ科_放射線科_麻酔科】【一般病床数:300療養病床数:0精神病床数:0感染症病床数:0合計病床数:300】福岡県福津市日蒔野５丁目７番地の１" }, "geometry": { "type": "Point", "coordinates": [ 130.496645, 33.760245 ] } },
{ "type": "Feature", "properties": { "ID": 4011400002900, "正式名称": "医療法人新光園　英彦山病院", "機関区分": 1, "都道府県コード": 40, "市区町村コード": 602, "所在地": "福岡県田川郡添田町中元寺８４４－１４", "緯度": 33.538916, "経度": 130.858535, "url": "https://www.iryou.teikyouseido.mhlw.go.jp/znk-web/juminkanja/S2430/initialize?prefCd=40&kikanCd=1400002900&kikanKbn=1", "url2": "www.hikosan-hp.jp", "内容": "医療法人新光園　英彦山病院【1:病院】【診療科目:内科_精神科】【一般病床数:0療養病床数:0精神病床数:147感染症病床数:0合計病床数:147】福岡県田川郡添田町中元寺８４４－１４" }, "geometry": { "type": "Point", "coordinates": [ 130.858535, 33.538916 ] } },
{ "type": "Feature", "properties": { "ID": 4011400002910, "正式名称": "糸田町立緑ヶ丘病院", "機関区分": 1, "都道府県コード": 40, "市区町村コード": 604, "所在地": "福岡県田川郡糸田町宮川二３１８７", "緯度": 33.65854, "経度": 130.782511, "url": "https://www.iryou.teikyouseido.mhlw.go.jp/znk-web/juminkanja/S2430/initialize?prefCd=40&kikanCd=1400002910&kikanKbn=1", "url2": null, "内容": "糸田町立緑ヶ丘病院【1:病院】【診療科目:内科_外科_整形外科_小児科_リハビリテーション科_放射線科】【一般病床数:54療養病床数:45精神病床数:0感染症病床数:0合計病床数:99】福岡県田川郡糸田町宮川二３１８７" }, "geometry": { "type": "Point", "coordinates": [ 130.782511, 33.65854 ] } },
{ "type": "Feature", "properties": { "ID": 4011400002920, "正式名称": "松本病院", "機関区分": 1, "都道府県コード": 40, "市区町村コード": 605, "所在地": "福岡県田川郡川崎町川崎大字川崎１６８１番地の１", "緯度": 33.597828, "経度": 130.815487, "url": "https://www.iryou.teikyouseido.mhlw.go.jp/znk-web/juminkanja/S2430/initialize?prefCd=40&kikanCd=1400002920&kikanKbn=1", "url2": "matsumoto-hospital.or.jp", "内容": "松本病院【1:病院】【診療科目:内科_外科_脳神経外科_整形外科_形成外科_眼科_リハビリテーション科_放射線科】【一般病床数:46療養病床数:34精神病床数:0感染症病床数:0合計病床数:80】福岡県田川郡川崎町川崎大字川崎１６８１番地の１" }, "geometry": { "type": "Point", "coordinates": [ 130.815487, 33.597828 ] } },
{ "type": "Feature", "properties": { "ID": 4011400002930, "正式名称": "医療法人上野病院", "機関区分": 1, "都道府県コード": 40, "市区町村コード": 610, "所在地": "福岡県田川郡福智町上野３４２０", "緯度": 33.71145, "経度": 130.766928, "url": "https://www.iryou.teikyouseido.mhlw.go.jp/znk-web/juminkanja/S2430/initialize?prefCd=40&kikanCd=1400002930&kikanKbn=1", "url2": "www.agano-byouin.com", "内容": "医療法人上野病院【1:病院】【診療科目:内科_胃腸内科_精神科_心療内科_リハビリテーション科】【一般病床数:0療養病床数:0精神病床数:194感染症病床数:0合計病床数:194】福岡県田川郡福智町上野３４２０" }, "geometry": { "type": "Point", "coordinates": [ 130.766928, 33.71145 ] } },
{ "type": "Feature", "properties": { "ID": 4011400002960, "正式名称": "地方独立行政法人川崎町立病院", "機関区分": 1, "都道府県コード": 40, "市区町村コード": 605, "所在地": "福岡県田川郡川崎町大字川崎２４３０番地の１", "緯度": 33.580077, "経度": 130.815149, "url": "https://www.iryou.teikyouseido.mhlw.go.jp/znk-web/juminkanja/S2430/initialize?prefCd=40&kikanCd=1400002960&kikanKbn=1", "url2": "https://kawasaki-hospital.com", "内容": "地方独立行政法人川崎町立病院【1:病院】【診療科目:内科_外科_小児科_眼科_リハビリテーション科_放射線科】【一般病床数:53療養病床数:36精神病床数:0感染症病床数:0合計病床数:89】福岡県田川郡川崎町大字川崎２４３０番地の１" }, "geometry": { "type": "Point", "coordinates": [ 130.815149, 33.580077 ] } },
{ "type": "Feature", "properties": { "ID": 4011400002970, "正式名称": "医療法人恵和会　田川慈恵病院", "機関区分": 1, "都道府県コード": 40, "市区町村コード": 610, "所在地": "福岡県田川郡福智町弁城３５５２番地", "緯度": 33.693897, "経度": 130.787204, "url": "https://www.iryou.teikyouseido.mhlw.go.jp/znk-web/juminkanja/S2430/initialize?prefCd=40&kikanCd=1400002970&kikanKbn=1", "url2": "keiwakai-group.or.jp/jikeikai/", "内容": "医療法人恵和会　田川慈恵病院【1:病院】【診療科目:内科_精神科_神経科_リハビリテーション科】【一般病床数:0療養病床数:48精神病床数:195感染症病床数:0合計病床数:243】福岡県田川郡福智町弁城３５５２番地" }, "geometry": { "type": "Point", "coordinates": [ 130.787204, 33.693897 ] } },
{ "type": "Feature", "properties": { "ID": 4011400002980, "正式名称": "社会保険直方病院", "機関区分": 1, "都道府県コード": 40, "市区町村コード": 204, "所在地": "福岡県直方市須崎町１－１", "緯度": 33.749195, "経度": 130.725569, "url": "https://www.iryou.teikyouseido.mhlw.go.jp/znk-web/juminkanja/S2430/initialize?prefCd=40&kikanCd=1400002980&kikanKbn=1", "url2": "www.nogata-hp.jp", "内容": "社会保険直方病院【1:病院】【診療科目:内科_血液内科_糖尿病・内分泌内科_脳神経内科_呼吸器内科_循環器内科_消化器内科_腎臓内科_人工透析内科_肝臓内科_外科_脳神経外科_心臓血管外科_消化器外科_乳腺外科_肛門外科_整形外科_耳鼻いんこう科_皮膚科_泌尿器科_リハビリテーション科_放射線科_麻酔科】【一般病床数:156療養病床数:0精神病床数:0感染症病床数:0合計病床数:156】福岡県直方市須崎町１－１" }, "geometry": { "type": "Point", "coordinates": [ 130.725569, 33.749195 ] } },
{ "type": "Feature", "properties": { "ID": 4011400002990, "正式名称": "独立行政法人　地域医療機能推進機構　福岡ゆたか中央病院", "機関区分": 1, "都道府県コード": 40, "市区町村コード": 204, "所在地": "福岡県直方市感田５２３ー５", "緯度": 33.758833, "経度": 130.736929, "url": "https://www.iryou.teikyouseido.mhlw.go.jp/znk-web/juminkanja/S2430/initialize?prefCd=40&kikanCd=1400002990&kikanKbn=1", "url2": "https://fukuoka.jcho.go.jp/", "内容": "独立行政法人　地域医療機能推進機構　福岡ゆたか中央病院【1:病院】【診療科目:内科_呼吸器内科_循環器内科_消化器内科_外科_呼吸器外科_乳腺外科_肛門外科_整形外科_眼科_皮膚科_リウマチ科_リハビリテーション科_放射線科_麻酔科】【一般病床数:132療養病床数:0精神病床数:0感染症病床数:0合計病床数:152】福岡県直方市感田５２３ー５" }, "geometry": { "type": "Point", "coordinates": [ 130.736929, 33.758833 ] } },
{ "type": "Feature", "properties": { "ID": 4011400003000, "正式名称": "高山病院", "機関区分": 1, "都道府県コード": 40, "市区町村コード": 204, "所在地": "福岡県直方市下境３９１０番地５０", "緯度": 33.720254, "経度": 130.734403, "url": "https://www.iryou.teikyouseido.mhlw.go.jp/znk-web/juminkanja/S2430/initialize?prefCd=40&kikanCd=1400003000&kikanKbn=1", "url2": "nogata-fukusuikai.jp", "内容": "高山病院【1:病院】【診療科目:内科_精神科_心療内科_歯科_リハビリテーション科】【一般病床数:0療養病床数:50精神病床数:210感染症病床数:0合計病床数:260】福岡県直方市下境３９１０番地５０" }, "geometry": { "type": "Point", "coordinates": [ 130.734403, 33.720254 ] } },
{ "type": "Feature", "properties": { "ID": 4011400003010, "正式名称": "医療法人社団　　直心会西田病院", "機関区分": 1, "都道府県コード": 40, "市区町村コード": 204, "所在地": "福岡県直方市永満寺１３４７番地", "緯度": 33.727672, "経度": 130.76767, "url": "https://www.iryou.teikyouseido.mhlw.go.jp/znk-web/juminkanja/S2430/initialize?prefCd=40&kikanCd=1400003010&kikanKbn=1", "url2": "tyoku-nishida.jp", "内容": "医療法人社団　　直心会西田病院【1:病院】【診療科目:老年内科_精神科_心療内科】【一般病床数:0療養病床数:0精神病床数:112感染症病床数:0合計病床数:112】福岡県直方市永満寺１３４７番地" }, "geometry": { "type": "Point", "coordinates": [ 130.76767, 33.727672 ] } },
{ "type": "Feature", "properties": { "ID": 4011400003020, "正式名称": "直方中村病院", "機関区分": 1, "都道府県コード": 40, "市区町村コード": 204, "所在地": "福岡県直方市頓野", "緯度": 33.760611, "経度": 130.757816, "url": "https://www.iryou.teikyouseido.mhlw.go.jp/znk-web/juminkanja/S2430/initialize?prefCd=40&kikanCd=1400003020&kikanKbn=1", "url2": "www.onkokai.jp", "内容": "直方中村病院【1:病院】【診療科目:精神科_心療内科】【一般病床数:0療養病床数:0精神病床数:167感染症病床数:0合計病床数:171】福岡県直方市頓野" }, "geometry": { "type": "Point", "coordinates": [ 130.757816, 33.760611 ] } },
{ "type": "Feature", "properties": { "ID": 4011400003030, "正式名称": "医療法人一寿会　西尾病院", "機関区分": 1, "都道府県コード": 40, "市区町村コード": 204, "所在地": "福岡県直方市津田町９番３８号", "緯度": 33.747313, "経度": 130.729213, "url": "https://www.iryou.teikyouseido.mhlw.go.jp/znk-web/juminkanja/S2430/initialize?prefCd=40&kikanCd=1400003030&kikanKbn=1", "url2": "ichiju-kai.jp", "内容": "医療法人一寿会　西尾病院【1:病院】【診療科目:内科_脳神経内科_循環器内科_消化器内科_外科_整形外科_眼科_泌尿器科_リウマチ科_リハビリテーション科_麻酔科】【一般病床数:84療養病床数:0精神病床数:0感染症病床数:0合計病床数:84】福岡県直方市津田町９番３８号" }, "geometry": { "type": "Point", "coordinates": [ 130.729213, 33.747313 ] } },
{ "type": "Feature", "properties": { "ID": 4011400003050, "正式名称": "たていわ病院", "機関区分": 1, "都道府県コード": 40, "市区町村コード": 205, "所在地": "福岡県飯塚市立岩１７２５", "緯度": 33.650345, "経度": 130.692159, "url": "https://www.iryou.teikyouseido.mhlw.go.jp/znk-web/juminkanja/S2430/initialize?prefCd=40&kikanCd=1400003050&kikanKbn=1", "url2": "www.tateiwa.or.jp", "内容": "たていわ病院【1:病院】【診療科目:精神科_心療内科】【一般病床数:0療養病床数:0精神病床数:200感染症病床数:0合計病床数:200】福岡県飯塚市立岩１７２５" }, "geometry": { "type": "Point", "coordinates": [ 130.692159, 33.650345 ] } },
{ "type": "Feature", "properties": { "ID": 4011400003060, "正式名称": "飯塚記念病院", "機関区分": 1, "都道府県コード": 40, "市区町村コード": 205, "所在地": "福岡県飯塚市鶴三緒１４５２ー２", "緯度": 33.625348, "経度": 130.695076, "url": "https://www.iryou.teikyouseido.mhlw.go.jp/znk-web/juminkanja/S2430/initialize?prefCd=40&kikanCd=1400003060&kikanKbn=1", "url2": "iizukakinen.jp", "内容": "飯塚記念病院【1:病院】【診療科目:内科_消化器内科_腎臓内科_整形外科_精神科_神経科_心療内科】【一般病床数:0療養病床数:0精神病床数:400感染症病床数:0合計病床数:400】福岡県飯塚市鶴三緒１４５２ー２" }, "geometry": { "type": "Point", "coordinates": [ 130.695076, 33.625348 ] } },
{ "type": "Feature", "properties": { "ID": 4011400003070, "正式名称": "社会保険二瀬病院", "機関区分": 1, "都道府県コード": 40, "市区町村コード": 205, "所在地": "福岡県飯塚市伊川", "緯度": 33.657621, "経度": 130.654773, "url": "https://www.iryou.teikyouseido.mhlw.go.jp/znk-web/juminkanja/S2430/initialize?prefCd=40&kikanCd=1400003070&kikanKbn=1", "url2": "futase-hp.jp", "内容": "社会保険二瀬病院【1:病院】【診療科目:内科_呼吸器内科_皮膚科_リハビリテーション科】【一般病床数:55療養病床数:0精神病床数:0感染症病床数:0合計病床数:55】福岡県飯塚市伊川" }, "geometry": { "type": "Point", "coordinates": [ 130.654773, 33.657621 ] } },
{ "type": "Feature", "properties": { "ID": 4011400003090, "正式名称": "独立行政法人　労働者健康安全機構　総合せき損センター", "機関区分": 1, "都道府県コード": 40, "市区町村コード": 205, "所在地": "福岡県飯塚市伊岐須５５０番地４", "緯度": 33.647122, "経度": 130.652718, "url": "https://www.iryou.teikyouseido.mhlw.go.jp/znk-web/juminkanja/S2430/initialize?prefCd=40&kikanCd=1400003090&kikanKbn=1", "url2": "sekisonh.johas.go.jp/", "内容": "独立行政法人　労働者健康安全機構　総合せき損センター【1:病院】【診療科目:内科_脳神経外科_整形外科_泌尿器科_リハビリテーション科_麻酔科】【一般病床数:150療養病床数:0精神病床数:0感染症病床数:0合計病床数:150】福岡県飯塚市伊岐須５５０番地４" }, "geometry": { "type": "Point", "coordinates": [ 130.652718, 33.647122 ] } },
{ "type": "Feature", "properties": { "ID": 4011400003100, "正式名称": "医療法人社団親和会共立病院", "機関区分": 1, "都道府県コード": 40, "市区町村コード": 205, "所在地": "福岡県飯塚市横田７７０－３", "緯度": 33.649511, "経度": 130.667939, "url": "https://www.iryou.teikyouseido.mhlw.go.jp/znk-web/juminkanja/S2430/initialize?prefCd=40&kikanCd=1400003100&kikanKbn=1", "url2": "f-shinwakai.or.jp/kyoritsu/", "内容": "医療法人社団親和会共立病院【1:病院】【診療科目:内科_消化器内科_緩和ケア内科_皮膚科_リウマチ科_リハビリテーション科】【一般病床数:89療養病床数:50精神病床数:0感染症病床数:0合計病床数:139】福岡県飯塚市横田７７０－３" }, "geometry": { "type": "Point", "coordinates": [ 130.667939, 33.649511 ] } },
{ "type": "Feature", "properties": { "ID": 4011400003130, "正式名称": "児嶋病院", "機関区分": 1, "都道府県コード": 40, "市区町村コード": 205, "所在地": "福岡県飯塚市花瀬８７－１", "緯度": 33.64206, "経度": 130.66054, "url": "https://www.iryou.teikyouseido.mhlw.go.jp/znk-web/juminkanja/S2430/initialize?prefCd=40&kikanCd=1400003130&kikanKbn=1", "url2": "www.kojima-hospital.com/pc/", "内容": "児嶋病院【1:病院】【診療科目:内科_循環器内科_消化器内科_外科_脳神経外科_リハビリテーション科】【一般病床数:44療養病床数:0精神病床数:0感染症病床数:0合計病床数:44】福岡県飯塚市花瀬８７－１" }, "geometry": { "type": "Point", "coordinates": [ 130.66054, 33.64206 ] } },
{ "type": "Feature", "properties": { "ID": 4011400003140, "正式名称": "大法山病院", "機関区分": 1, "都道府県コード": 40, "市区町村コード": 206, "所在地": "福岡県田川市猪国", "緯度": 33.579855, "経度": 130.786319, "url": "https://www.iryou.teikyouseido.mhlw.go.jp/znk-web/juminkanja/S2430/initialize?prefCd=40&kikanCd=1400003140&kikanKbn=1", "url2": "www.taihozan.or.jp/", "内容": "大法山病院【1:病院】【診療科目:内科_循環器内科_消化器内科_精神科_心療内科_リハビリテーション科】【一般病床数:0療養病床数:0精神病床数:340感染症病床数:0合計病床数:340】福岡県田川市猪国" }, "geometry": { "type": "Point", "coordinates": [ 130.786319, 33.579855 ] } },
{ "type": "Feature", "properties": { "ID": 4011400003150, "正式名称": "医療法人鷹ノ羽会　村上外科病院", "機関区分": 1, "都道府県コード": 40, "市区町村コード": 206, "所在地": "福岡県田川市魚町１２番５号", "緯度": 33.64332, "経度": 130.818869, "url": "https://www.iryou.teikyouseido.mhlw.go.jp/znk-web/juminkanja/S2430/initialize?prefCd=40&kikanCd=1400003150&kikanKbn=1", "url2": "murakami-geka.com/index.php", "内容": "医療法人鷹ノ羽会　村上外科病院【1:病院】【診療科目:内科_胃腸内科_外科_脳神経外科_肛門外科_整形外科_リハビリテーション科_放射線科_麻酔科】【一般病床数:60療養病床数:0精神病床数:0感染症病床数:0合計病床数:60】福岡県田川市魚町１２番５号" }, "geometry": { "type": "Point", "coordinates": [ 130.818869, 33.64332 ] } },
{ "type": "Feature", "properties": { "ID": 4011400003160, "正式名称": "一本松すずかけ病院", "機関区分": 1, "都道府県コード": 40, "市区町村コード": 206, "所在地": "福岡県田川市夏吉１４２", "緯度": 33.657263, "経度": 130.834673, "url": "https://www.iryou.teikyouseido.mhlw.go.jp/znk-web/juminkanja/S2430/initialize?prefCd=40&kikanCd=1400003160&kikanKbn=1", "url2": "https://wakoukai-gr.jp/", "内容": "一本松すずかけ病院【1:病院】【診療科目:内科_精神科】【一般病床数:44療養病床数:0精神病床数:242感染症病床数:0合計病床数:286】福岡県田川市夏吉１４２" }, "geometry": { "type": "Point", "coordinates": [ 130.834673, 33.657263 ] } },
{ "type": "Feature", "properties": { "ID": 4011400003170, "正式名称": "社会保険田川病院", "機関区分": 1, "都道府県コード": 40, "市区町村コード": 206, "所在地": "福岡県田川市上本町１０番１８号", "緯度": 33.623766, "経度": 130.798233, "url": "https://www.iryou.teikyouseido.mhlw.go.jp/znk-web/juminkanja/S2430/initialize?prefCd=40&kikanCd=1400003170&kikanKbn=1", "url2": "https://www.s-tagawa-hp.tagawa.fukuoka.jp/", "内容": "社会保険田川病院【1:病院】【診療科目:内科_糖尿病・内分泌内科_呼吸器内科_循環器内科_消化器内科_老年内科_緩和ケア内科_外科_脳神経外科_乳腺外科_整形外科_形成外科_小児科_産婦人科_眼科_耳鼻いんこう科_皮膚科_泌尿器科_精神科_歯科口腔外科_リハビリテーション科_放射線診断科_放射線治療科_病理診断科_救急科_麻酔科】【一般病床数:335療養病床数:0精神病床数:0感染症病床数:0合計病床数:335】福岡県田川市上本町１０番１８号" }, "geometry": { "type": "Point", "coordinates": [ 130.798233, 33.623766 ] } },
{ "type": "Feature", "properties": { "ID": 4011400003180, "正式名称": "見立病院", "機関区分": 1, "都道府県コード": 40, "市区町村コード": 206, "所在地": "福岡県田川市弓削田３２３７", "緯度": 33.635709, "経度": 130.77504, "url": "https://www.iryou.teikyouseido.mhlw.go.jp/znk-web/juminkanja/S2430/initialize?prefCd=40&kikanCd=1400003180&kikanKbn=1", "url2": "www.shouwakai.or.jp", "内容": "見立病院【1:病院】【診療科目:内科_神経内科_精神科_心療内科_リハビリテーション科】【一般病床数:0療養病床数:0精神病床数:353感染症病床数:0合計病床数:353】福岡県田川市弓削田３２３７" }, "geometry": { "type": "Point", "coordinates": [ 130.77504, 33.635709 ] } },
{ "type": "Feature", "properties": { "ID": 4011400003190, "正式名称": "（社福）柏芳会　田川新生病院", "機関区分": 1, "都道府県コード": 40, "市区町村コード": 206, "所在地": "福岡県田川市夏吉", "緯度": 33.680732, "経度": 130.815758, "url": "https://www.iryou.teikyouseido.mhlw.go.jp/znk-web/juminkanja/S2430/initialize?prefCd=40&kikanCd=1400003190&kikanKbn=1", "url2": "www.tagawasinsei.jp/", "内容": "（社福）柏芳会　田川新生病院【1:病院】【診療科目:内科_糖尿病内科_脳神経内科_呼吸器内科_循環器内科_心臓血管外科_整形外科_皮膚科_泌尿器科_リウマチ科】【一般病床数:30療養病床数:60精神病床数:0感染症病床数:0合計病床数:90】福岡県田川市夏吉" }, "geometry": { "type": "Point", "coordinates": [ 130.815758, 33.680732 ] } },
{ "type": "Feature", "properties": { "ID": 4011400003210, "正式名称": "嘉麻赤十字病院", "機関区分": 1, "都道府県コード": 40, "市区町村コード": 227, "所在地": "福岡県嘉麻市上山田１２３７", "緯度": 33.561967, "経度": 130.762044, "url": "https://www.iryou.teikyouseido.mhlw.go.jp/znk-web/juminkanja/S2430/initialize?prefCd=40&kikanCd=1400003210&kikanKbn=1", "url2": "https:www.kama-jrc.jp/", "内容": "嘉麻赤十字病院【1:病院】【診療科目:内科_糖尿病内科_呼吸器内科_循環器内科_消化器内科_神経内科_外科_肛門外科_整形外科_小児科_眼科_耳鼻いんこう科_皮膚科_泌尿器科_精神科_リハビリテーション科_放射線科】【一般病床数:128療養病床数:0精神病床数:0感染症病床数:0合計病床数:128】福岡県嘉麻市上山田１２３７" }, "geometry": { "type": "Point", "coordinates": [ 130.762044, 33.561967 ] } },
{ "type": "Feature", "properties": { "ID": 4011400003220, "正式名称": "松岡病院", "機関区分": 1, "都道府県コード": 40, "市区町村コード": 227, "所在地": "福岡県嘉麻市上山田１２８７", "緯度": 33.557023, "経度": 130.756322, "url": "https://www.iryou.teikyouseido.mhlw.go.jp/znk-web/juminkanja/S2430/initialize?prefCd=40&kikanCd=1400003220&kikanKbn=1", "url2": "www.chikuzankai.com", "内容": "松岡病院【1:病院】【診療科目:内科_神経内科_精神科_リハビリテーション科】【一般病床数:0療養病床数:0精神病床数:184感染症病床数:0合計病床数:184】福岡県嘉麻市上山田１２８７" }, "geometry": { "type": "Point", "coordinates": [ 130.756322, 33.557023 ] } },
{ "type": "Feature", "properties": { "ID": 4011400003240, "正式名称": "医療法人　成晴会　堤病院", "機関区分": 1, "都道府県コード": 40, "市区町村コード": 383, "所在地": "福岡県遠賀郡岡垣町鍋田２丁目１番１号", "緯度": 33.845516, "経度": 130.633325, "url": "https://www.iryou.teikyouseido.mhlw.go.jp/znk-web/juminkanja/S2430/initialize?prefCd=40&kikanCd=1400003240&kikanKbn=1", "url2": "tsutsumi-hp.com", "内容": "医療法人　成晴会　堤病院【1:病院】【診療科目:精神科_神経科】【一般病床数:0療養病床数:0精神病床数:360感染症病床数:0合計病床数:360】福岡県遠賀郡岡垣町鍋田２丁目１番１号" }, "geometry": { "type": "Point", "coordinates": [ 130.633325, 33.845516 ] } },
{ "type": "Feature", "properties": { "ID": 4011400003250, "正式名称": "遠賀中間医師会おかがき病院", "機関区分": 1, "都道府県コード": 40, "市区町村コード": 383, "所在地": "福岡県遠賀郡岡垣町大字手野１４５", "緯度": 33.873761, "経度": 130.587912, "url": "https://www.iryou.teikyouseido.mhlw.go.jp/znk-web/juminkanja/S2430/initialize?prefCd=40&kikanCd=1400003250&kikanKbn=1", "url2": "www.onmah.jp/", "内容": "遠賀中間医師会おかがき病院【1:病院】【診療科目:内科_循環器内科_消化器内科_総合診療科_外科_整形外科_皮膚科_精神科_リハビリテーション科】【一般病床数:100療養病床数:0精神病床数:0感染症病床数:0合計病床数:100】福岡県遠賀郡岡垣町大字手野１４５" }, "geometry": { "type": "Point", "coordinates": [ 130.587912, 33.873761 ] } },
{ "type": "Feature", "properties": { "ID": 4011400003260, "正式名称": "地方独立行政法人芦屋中央病院", "機関区分": 1, "都道府県コード": 40, "市区町村コード": 381, "所在地": "福岡県遠賀郡芦屋町大字山鹿２８３番地７", "緯度": 33.903585, "経度": 130.678803, "url": "https://www.iryou.teikyouseido.mhlw.go.jp/znk-web/juminkanja/S2430/initialize?prefCd=40&kikanCd=1400003260&kikanKbn=1", "url2": "https://www.ashiya-central-hospital.jp", "内容": "地方独立行政法人芦屋中央病院【1:病院】【診療科目:内科_糖尿病・代謝内科_呼吸器内科_循環器内科_消化器内科_腎臓内科_肝臓内科_神経内科_膠原病内科、脳卒中専門外来_外科_整形外科_スポーツ外傷・障害専門外来_眼科_耳鼻いんこう科_皮膚科_泌尿器科_リハビリテーション科_放射線科】【一般病床数:105療養病床数:32精神病床数:0感染症病床数:0合計病床数:137】福岡県遠賀郡芦屋町大字山鹿２８３番地７" }, "geometry": { "type": "Point", "coordinates": [ 130.678803, 33.903585 ] } },
{ "type": "Feature", "properties": { "ID": 4011400003280, "正式名称": "医療法人正周会水巻共立病院", "機関区分": 1, "都道府県コード": 40, "市区町村コード": 382, "所在地": "福岡県遠賀郡水巻町吉田西４丁目２番１号", "緯度": 33.844128, "経度": 130.703652, "url": "https://www.iryou.teikyouseido.mhlw.go.jp/znk-web/juminkanja/S2430/initialize?prefCd=40&kikanCd=1400003280&kikanKbn=1", "url2": "https://seishukai-gr.jp/", "内容": "医療法人正周会水巻共立病院【1:病院】【診療科目:内科_呼吸器内科_循環器内科_消化器内科_整形外科_皮膚科_リハビリテーション科_放射線科】【一般病床数:0療養病床数:54精神病床数:0感染症病床数:0合計病床数:54】福岡県遠賀郡水巻町吉田西４丁目２番１号" }, "geometry": { "type": "Point", "coordinates": [ 130.703652, 33.844128 ] } },
{ "type": "Feature", "properties": { "ID": 4011400003300, "正式名称": "医療法人羅寿久会浅木病院", "機関区分": 1, "都道府県コード": 40, "市区町村コード": 384, "所在地": "福岡県遠賀郡遠賀町浅木２丁目３０番１号", "緯度": 33.826463, "経度": 130.666961, "url": "https://www.iryou.teikyouseido.mhlw.go.jp/znk-web/juminkanja/S2430/initialize?prefCd=40&kikanCd=1400003300&kikanKbn=1", "url2": "www.asagi-hospital.or.jp/", "内容": "医療法人羅寿久会浅木病院【1:病院】【診療科目:内科_脳神経内科_呼吸器内科_循環器内科_消化器内科_リハビリテーション科】【一般病床数:58療養病床数:0精神病床数:0感染症病床数:0合計病床数:58】福岡県遠賀郡遠賀町浅木２丁目３０番１号" }, "geometry": { "type": "Point", "coordinates": [ 130.666961, 33.826463 ] } },
{ "type": "Feature", "properties": { "ID": 4011400003310, "正式名称": "医療法人　健愛会　健愛記念病院", "機関区分": 1, "都道府県コード": 40, "市区町村コード": 384, "所在地": "福岡県遠賀郡遠賀町木守１１９１", "緯度": 33.835601, "経度": 130.667322, "url": "https://www.iryou.teikyouseido.mhlw.go.jp/znk-web/juminkanja/S2430/initialize?prefCd=40&kikanCd=1400003310&kikanKbn=1", "url2": "www.kenai.or.jp", "内容": "医療法人　健愛会　健愛記念病院【1:病院】【診療科目:呼吸器内科_循環器内科_消化器内科_脳神経外科_呼吸器外科_消化器外科_整形外科_リハビリテーション科_麻酔科】【一般病床数:80療養病床数:0精神病床数:0感染症病床数:0合計病床数:80】福岡県遠賀郡遠賀町木守１１９１" }, "geometry": { "type": "Point", "coordinates": [ 130.667322, 33.835601 ] } },
{ "type": "Feature", "properties": { "ID": 4011400003320, "正式名称": "医療法人隆信会遠賀いそべ病院", "機関区分": 1, "都道府県コード": 40, "市区町村コード": 384, "所在地": "福岡県遠賀郡遠賀町浅木１２１１番地の３", "緯度": 33.835073, "経度": 130.667433, "url": "https://www.iryou.teikyouseido.mhlw.go.jp/znk-web/juminkanja/S2430/initialize?prefCd=40&kikanCd=1400003320&kikanKbn=1", "url2": "www.ongaisobe.com", "内容": "医療法人隆信会遠賀いそべ病院【1:病院】【診療科目:内科_リハビリテーション科】【一般病床数:0療養病床数:94精神病床数:0感染症病床数:0合計病床数:94】福岡県遠賀郡遠賀町浅木１２１１番地の３" }, "geometry": { "type": "Point", "coordinates": [ 130.667433, 33.835073 ] } },
{ "type": "Feature", "properties": { "ID": 4011400003330, "正式名称": "宗像病院", "機関区分": 1, "都道府県コード": 40, "市区町村コード": 220, "所在地": "福岡県宗像市光岡１３０番地", "緯度": 33.787465, "経度": 130.559333, "url": "https://www.iryou.teikyouseido.mhlw.go.jp/znk-web/juminkanja/S2430/initialize?prefCd=40&kikanCd=1400003330&kikanKbn=1", "url2": "www.munakata-hp.or.jp", "内容": "宗像病院【1:病院】【診療科目:内科_胃腸内科_神経内科_精神科_歯科】【一般病床数:0療養病床数:0精神病床数:237感染症病床数:0合計病床数:237】福岡県宗像市光岡１３０番地" }, "geometry": { "type": "Point", "coordinates": [ 130.559333, 33.787465 ] } },
{ "type": "Feature", "properties": { "ID": 4011400003340, "正式名称": "医療法人社団益豊会回生病院", "機関区分": 1, "都道府県コード": 40, "市区町村コード": 220, "所在地": "福岡県宗像市朝町２００ー１", "緯度": 33.763385, "経度": 130.595747, "url": "https://www.iryou.teikyouseido.mhlw.go.jp/znk-web/juminkanja/S2430/initialize?prefCd=40&kikanCd=1400003340&kikanKbn=1", "url2": "www.kaisei-hpl.jp", "内容": "医療法人社団益豊会回生病院【1:病院】【診療科目:内科_精神科_神経科_歯科】【一般病床数:0療養病床数:0精神病床数:231感染症病床数:0合計病床数:231】福岡県宗像市朝町２００ー１" }, "geometry": { "type": "Point", "coordinates": [ 130.595747, 33.763385 ] } },
{ "type": "Feature", "properties": { "ID": 4011400003350, "正式名称": "宗像医師会病院", "機関区分": 1, "都道府県コード": 40, "市区町村コード": 220, "所在地": "福岡県宗像市田熊５丁目５番３号", "緯度": 33.799991, "経度": 130.527225, "url": "https://www.iryou.teikyouseido.mhlw.go.jp/znk-web/juminkanja/S2430/initialize?prefCd=40&kikanCd=1400003350&kikanKbn=1", "url2": "www.mmah.jp", "内容": "宗像医師会病院【1:病院】【診療科目:内科_糖尿病内科_呼吸器内科_循環器内科_消化器内科_腎臓内科_腫瘍内科_外科_整形外科_小児科_リウマチ科_リハビリテーション科_放射線科】【一般病床数:164療養病床数:0精神病床数:0感染症病床数:0合計病床数:164】福岡県宗像市田熊５丁目５番３号" }, "geometry": { "type": "Point", "coordinates": [ 130.527225, 33.799991 ] } },
{ "type": "Feature", "properties": { "ID": 4011400003360, "正式名称": "医療法人社団　原道会　摩利支病院", "機関区分": 1, "都道府県コード": 40, "市区町村コード": 220, "所在地": "福岡県宗像市東郷６丁目２番１０号", "緯度": 33.802269, "経度": 130.539557, "url": "https://www.iryou.teikyouseido.mhlw.go.jp/znk-web/juminkanja/S2430/initialize?prefCd=40&kikanCd=1400003360&kikanKbn=1", "url2": "www.marishi.or.jp", "内容": "医療法人社団　原道会　摩利支病院【1:病院】【診療科目:内科_糖尿病内科_呼吸器内科_循環器内科_胃腸内科_腎臓内科_肝臓内科_神経内科_整形外科_心療内科_リハビリテーション科】【一般病床数:43療養病床数:27精神病床数:0感染症病床数:0合計病床数:70】福岡県宗像市東郷６丁目２番１０号" }, "geometry": { "type": "Point", "coordinates": [ 130.539557, 33.802269 ] } },
{ "type": "Feature", "properties": { "ID": 4011400003370, "正式名称": "蜂須賀病院", "機関区分": 1, "都道府県コード": 40, "市区町村コード": 220, "所在地": "福岡県宗像市野坂２６５０", "緯度": 33.786688, "経度": 130.564361, "url": "https://www.iryou.teikyouseido.mhlw.go.jp/znk-web/juminkanja/S2430/initialize?prefCd=40&kikanCd=1400003370&kikanKbn=1", "url2": "www.hachisuga.jp", "内容": "蜂須賀病院【1:病院】【診療科目:神経内科_脳神経外科_整形外科_リハビリテーション科_麻酔科】【一般病床数:96療養病床数:0精神病床数:0感染症病床数:0合計病床数:96】福岡県宗像市野坂２６５０" }, "geometry": { "type": "Point", "coordinates": [ 130.564361, 33.786688 ] } },
{ "type": "Feature", "properties": { "ID": 4011400003380, "正式名称": "医療法人光洋会　赤間病院", "機関区分": 1, "都道府県コード": 40, "市区町村コード": 220, "所在地": "福岡県宗像市石丸", "緯度": 33.805214, "経度": 130.594719, "url": "https://www.iryou.teikyouseido.mhlw.go.jp/znk-web/juminkanja/S2430/initialize?prefCd=40&kikanCd=1400003380&kikanKbn=1", "url2": "www.akama-hp.or.jp", "内容": "医療法人光洋会　赤間病院【1:病院】【診療科目:内科_糖尿病内科_呼吸器内科_循環器内科_消化器内科_心療内科_リハビリテーション科_放射線科】【一般病床数:42療養病床数:44精神病床数:0感染症病床数:0合計病床数:86】福岡県宗像市石丸" }, "geometry": { "type": "Point", "coordinates": [ 130.594719, 33.805214 ] } },
{ "type": "Feature", "properties": { "ID": 4011400003400, "正式名称": "森都病院", "機関区分": 1, "都道府県コード": 40, "市区町村コード": 220, "所在地": "福岡県宗像市田久３ー３ー１", "緯度": 33.804382, "経度": 130.570624, "url": "https://www.iryou.teikyouseido.mhlw.go.jp/znk-web/juminkanja/S2430/initialize?prefCd=40&kikanCd=1400003400&kikanKbn=1", "url2": null, "内容": "森都病院【1:病院】【診療科目:内科_循環器内科_胃腸内科_神経内科_外科_整形外科】【一般病床数:0療養病床数:60精神病床数:0感染症病床数:0合計病床数:60】福岡県宗像市田久３ー３ー１" }, "geometry": { "type": "Point", "coordinates": [ 130.570624, 33.804382 ] } },
{ "type": "Feature", "properties": { "ID": 4011400003420, "正式名称": "新中間病院", "機関区分": 1, "都道府県コード": 40, "市区町村コード": 215, "所在地": "福岡県中間市通谷１ー３６ー１", "緯度": 33.824094, "経度": 130.731777, "url": "https://www.iryou.teikyouseido.mhlw.go.jp/znk-web/juminkanja/S2430/initialize?prefCd=40&kikanCd=1400003420&kikanKbn=1", "url2": "www.shinnakama.or.jp", "内容": "新中間病院【1:病院】【診療科目:内科_胃腸内科_人工透析内科_外科_肛門外科_整形外科_皮膚科_リハビリテーション科】【一般病床数:103療養病床数:42精神病床数:0感染症病床数:0合計病床数:145】福岡県中間市通谷１ー３６ー１" }, "geometry": { "type": "Point", "coordinates": [ 130.731777, 33.824094 ] } },
{ "type": "Feature", "properties": { "ID": 4011400003450, "正式名称": "社会医療法人　共愛会　戸畑共立病院", "機関区分": 1, "都道府県コード": 40, "市区町村コード": 105, "所在地": "福岡県北九州市戸畑区沢見２ー５ー１", "緯度": 33.896264, "経度": 130.838111, "url": "https://www.iryou.teikyouseido.mhlw.go.jp/znk-web/juminkanja/S2430/initialize?prefCd=40&kikanCd=1400003450&kikanKbn=1", "url2": "www.kyoaikai.com", "内容": "社会医療法人　共愛会　戸畑共立病院【1:病院】【診療科目:内科_血液内科_代謝内科_内分泌内科_呼吸器内科_循環器内科_消化器内科_腎臓内科_外科_脳神経外科_呼吸器外科_血管外科_消化器外科_肝臓外科_膵臓外科_胆のう外科_乳腺外科_整形外科_形成外科_小児科_小児外科_産婦人科_眼科_皮膚科_泌尿器科_精神科_歯科_歯科口腔外科_リハビリテーション科_放射線診断科_放射線治療科_病理診断科_臨床検査科_救急科_麻酔科】【一般病床数:218療養病床数:0精神病床数:0感染症病床数:0合計病床数:218】福岡県北九州市戸畑区沢見２ー５ー１" }, "geometry": { "type": "Point", "coordinates": [ 130.838111, 33.896264 ] } },
{ "type": "Feature", "properties": { "ID": 4011400003460, "正式名称": "戸畑けんわ病院", "機関区分": 1, "都道府県コード": 40, "市区町村コード": 105, "所在地": "福岡県北九州市戸畑区新池一丁目５番５号", "緯度": 33.89568, "経度": 130.827501, "url": "https://www.iryou.teikyouseido.mhlw.go.jp/znk-web/juminkanja/S2430/initialize?prefCd=40&kikanCd=1400003460&kikanKbn=1", "url2": "https://tobata.kenwakai.gr.jp/", "内容": "戸畑けんわ病院【1:病院】【診療科目:内科_呼吸器内科_循環器内科_消化器内科_神経内科_外科_肛門外科_整形外科_形成外科_皮膚科_泌尿器科_リハビリテーション科_放射線科】【一般病床数:102療養病床数:201精神病床数:0感染症病床数:0合計病床数:303】福岡県北九州市戸畑区新池一丁目５番５号" }, "geometry": { "type": "Point", "coordinates": [ 130.827501, 33.89568 ] } },
{ "type": "Feature", "properties": { "ID": 4011400003470, "正式名称": "医療法人医和基会　戸畑総合病院", "機関区分": 1, "都道府県コード": 40, "市区町村コード": 105, "所在地": "福岡県北九州市戸畑区福柳木１丁目３ー３３", "緯度": 33.881182, "経度": 130.832612, "url": "https://www.iryou.teikyouseido.mhlw.go.jp/znk-web/juminkanja/S2430/initialize?prefCd=40&kikanCd=1400003470&kikanKbn=1", "url2": "www.iwakikai.com", "内容": "医療法人医和基会　戸畑総合病院【1:病院】【診療科目:内科_糖尿病内科_呼吸器内科_循環器内科_消化器内科_神経内科_外科_脳神経外科_呼吸器外科_心臓血管外科_消化器外科_乳腺外科_整形外科_形成外科_小児科_産婦人科_眼科_耳鼻いんこう科_皮膚科_泌尿器科_歯科_歯科口腔外科_リウマチ科_リハビリテーション科_放射線科_麻酔科】【一般病床数:193療養病床数:0精神病床数:0感染症病床数:0合計病床数:193】福岡県北九州市戸畑区福柳木１丁目３ー３３" }, "geometry": { "type": "Point", "coordinates": [ 130.832612, 33.881182 ] } },
{ "type": "Feature", "properties": { "ID": 4011400003480, "正式名称": "社会医療法人　共愛会　戸畑リハビリテーション病院", "機関区分": 1, "都道府県コード": 40, "市区町村コード": 105, "所在地": "福岡県北九州市戸畑区小芝二丁目４番３１号", "緯度": 33.894597, "経度": 130.8365, "url": "https://www.iryou.teikyouseido.mhlw.go.jp/znk-web/juminkanja/S2430/initialize?prefCd=40&kikanCd=1400003480&kikanKbn=1", "url2": "www.kyoaikai.com/reha/", "内容": "社会医療法人　共愛会　戸畑リハビリテーション病院【1:病院】【診療科目:内科_ペインクリニック内科_リハビリテーション科】【一般病床数:99療養病床数:74精神病床数:0感染症病床数:0合計病床数:173】福岡県北九州市戸畑区小芝二丁目４番３１号" }, "geometry": { "type": "Point", "coordinates": [ 130.8365, 33.894597 ] } },
{ "type": "Feature", "properties": { "ID": 4011400003500, "正式名称": "若戸病院", "機関区分": 1, "都道府県コード": 40, "市区町村コード": 103, "所在地": "福岡県北九州市若松区小敷ひびきの１丁目１０番１号", "緯度": 33.897955, "経度": 130.704789, "url": "https://www.iryou.teikyouseido.mhlw.go.jp/znk-web/juminkanja/S2430/initialize?prefCd=40&kikanCd=1400003500&kikanKbn=1", "url2": "www.wakato.or.jp/", "内容": "若戸病院【1:病院】【診療科目:内科_呼吸器内科_皮膚科_精神科_神経科_リハビリテーション科】【一般病床数:0療養病床数:0精神病床数:228感染症病床数:0合計病床数:228】福岡県北九州市若松区小敷ひびきの１丁目１０番１号" }, "geometry": { "type": "Point", "coordinates": [ 130.704789, 33.897955 ] } },
{ "type": "Feature", "properties": { "ID": 4011400003510, "正式名称": "医療法人すみだ会　こころの杜ホスピタル", "機関区分": 1, "都道府県コード": 40, "市区町村コード": 103, "所在地": "福岡県北九州市若松区蜑住１４３５番地", "緯度": 33.901788, "経度": 130.709067, "url": "https://www.iryou.teikyouseido.mhlw.go.jp/znk-web/juminkanja/S2430/initialize?prefCd=40&kikanCd=1400003510&kikanKbn=1", "url2": "sumida-hospital.com/", "内容": "医療法人すみだ会　こころの杜ホスピタル【1:病院】【診療科目:内科_精神科_神経科_リハビリテーション科】【一般病床数:0療養病床数:0精神病床数:209感染症病床数:0合計病床数:209】福岡県北九州市若松区蜑住１４３５番地" }, "geometry": { "type": "Point", "coordinates": [ 130.709067, 33.901788 ] } },
{ "type": "Feature", "properties": { "ID": 4011400003520, "正式名称": "医療法人寿芳会　芳野病院", "機関区分": 1, "都道府県コード": 40, "市区町村コード": 103, "所在地": "福岡県北九州市若松区本町２丁目１５－６", "緯度": 33.902318, "経度": 130.810141, "url": "https://www.iryou.teikyouseido.mhlw.go.jp/znk-web/juminkanja/S2430/initialize?prefCd=40&kikanCd=1400003520&kikanKbn=1", "url2": "www.yoshino-hp.com", "内容": "医療法人寿芳会　芳野病院【1:病院】【診療科目:内科_循環器内科_消化器内科_人工透析内科_外科_脳神経外科_整形外科_リハビリテーション科】【一般病床数:106療養病床数:37精神病床数:0感染症病床数:0合計病床数:143】福岡県北九州市若松区本町２丁目１５－６" }, "geometry": { "type": "Point", "coordinates": [ 130.810141, 33.902318 ] } },
{ "type": "Feature", "properties": { "ID": 4011400003550, "正式名称": "特定医療法人　東筑会　東筑病院", "機関区分": 1, "都道府県コード": 40, "市区町村コード": 109, "所在地": "福岡県北九州市八幡西区八枝一丁目７番２０号", "緯度": 33.849527, "経度": 130.725456, "url": "https://www.iryou.teikyouseido.mhlw.go.jp/znk-web/juminkanja/S2430/initialize?prefCd=40&kikanCd=1400003550&kikanKbn=1", "url2": "https://www.touchiku-hospital.com", "内容": "特定医療法人　東筑会　東筑病院【1:病院】【診療科目:内科_糖尿病内科_脳神経内科_呼吸器内科_循環器内科_消化器内科_内視鏡内科_リウマチ科_リハビリテーション科】【一般病床数:121療養病床数:78精神病床数:0感染症病床数:0合計病床数:199】福岡県北九州市八幡西区八枝一丁目７番２０号" }, "geometry": { "type": "Point", "coordinates": [ 130.725456, 33.849527 ] } },
{ "type": "Feature", "properties": { "ID": 4011400003560, "正式名称": "丘ノ規病院", "機関区分": 1, "都道府県コード": 40, "市区町村コード": 109, "所在地": "福岡県北九州市八幡西区則松", "緯度": 33.852183, "経度": 130.728483, "url": "https://www.iryou.teikyouseido.mhlw.go.jp/znk-web/juminkanja/S2430/initialize?prefCd=40&kikanCd=1400003560&kikanKbn=1", "url2": "https://okanoki.jp/", "内容": "丘ノ規病院【1:病院】【診療科目:内科_呼吸器内科_循環器内科_消化器内科_神経内科_リハビリテーション科】【一般病床数:0療養病床数:250精神病床数:0感染症病床数:0合計病床数:250】福岡県北九州市八幡西区則松" }, "geometry": { "type": "Point", "coordinates": [ 130.728483, 33.852183 ] } },
{ "type": "Feature", "properties": { "ID": 4011400003570, "正式名称": "新生会病院", "機関区分": 1, "都道府県コード": 40, "市区町村コード": 109, "所在地": "福岡県北九州市八幡西区下上津役一丁目５番１号", "緯度": 33.830908, "経度": 130.741094, "url": "https://www.iryou.teikyouseido.mhlw.go.jp/znk-web/juminkanja/S2430/initialize?prefCd=40&kikanCd=1400003570&kikanKbn=1", "url2": "www.shinseikai-hos.or.jp/", "内容": "新生会病院【1:病院】【診療科目:内科_脳神経内科_循環器内科_消化器内科_外科_整形外科_小児科_耳鼻いんこう科_皮膚科_歯科_歯科口腔外科_小児歯科_アレルギー科_リハビリテーション科】【一般病床数:20療養病床数:59精神病床数:0感染症病床数:0合計病床数:79】福岡県北九州市八幡西区下上津役一丁目５番１号" }, "geometry": { "type": "Point", "coordinates": [ 130.741094, 33.830908 ] } },
{ "type": "Feature", "properties": { "ID": 4011400003580, "正式名称": "医療法人　隆幸会　河内病院", "機関区分": 1, "都道府県コード": 40, "市区町村コード": 108, "所在地": "福岡県北九州市八幡東区田代２０番１号", "緯度": 33.803023, "経度": 130.792784, "url": "https://www.iryou.teikyouseido.mhlw.go.jp/znk-web/juminkanja/S2430/initialize?prefCd=40&kikanCd=1400003580&kikanKbn=1", "url2": "kawachi-hospital.com/", "内容": "医療法人　隆幸会　河内病院【1:病院】【診療科目:内科_精神科_神経科】【一般病床数:0療養病床数:0精神病床数:200感染症病床数:0合計病床数:200】福岡県北九州市八幡東区田代２０番１号" }, "geometry": { "type": "Point", "coordinates": [ 130.792784, 33.803023 ] } },
{ "type": "Feature", "properties": { "ID": 4011400003590, "正式名称": "医療法人ふらて会　西野病院", "機関区分": 1, "都道府県コード": 40, "市区町村コード": 108, "所在地": "福岡県北九州市八幡東区山路松尾町１３－２７", "緯度": 33.859657, "経度": 130.848194, "url": "https://www.iryou.teikyouseido.mhlw.go.jp/znk-web/juminkanja/S2430/initialize?prefCd=40&kikanCd=1400003590&kikanKbn=1", "url2": "furate.net/publics/index/10/", "内容": "医療法人ふらて会　西野病院【1:病院】【診療科目:内科_呼吸器内科_循環器内科_消化器内科_神経内科_整形外科_リハビリテーション科_放射線科】【一般病床数:20療養病床数:100精神病床数:0感染症病床数:0合計病床数:120】福岡県北九州市八幡東区山路松尾町１３－２７" }, "geometry": { "type": "Point", "coordinates": [ 130.848194, 33.859657 ] } },
{ "type": "Feature", "properties": { "ID": 4011400003600, "正式名称": "医療法人しょうわ会　フェリシア福岡病院", "機関区分": 1, "都道府県コード": 40, "市区町村コード": 109, "所在地": "福岡県北九州市八幡西区陣原一丁目２番１１号", "緯度": 33.86763, "経度": 130.743407, "url": "https://www.iryou.teikyouseido.mhlw.go.jp/znk-web/juminkanja/S2430/initialize?prefCd=40&kikanCd=1400003600&kikanKbn=1", "url2": "https://www.showa-felicia.com/", "内容": "医療法人しょうわ会　フェリシア福岡病院【1:病院】【診療科目:内科_循環器内科_消化器内科_内視鏡内科_外科_整形外科_リハビリテーション科_麻酔科】【一般病床数:183療養病床数:0精神病床数:0感染症病床数:0合計病床数:183】福岡県北九州市八幡西区陣原一丁目２番１１号" }, "geometry": { "type": "Point", "coordinates": [ 130.743407, 33.86763 ] } },
{ "type": "Feature", "properties": { "ID": 4011400003610, "正式名称": "社会医療法人　製鉄記念八幡病院", "機関区分": 1, "都道府県コード": 40, "市区町村コード": 108, "所在地": "福岡県北九州市八幡東区春の町１丁目１－１", "緯度": 33.865628, "経度": 130.806892, "url": "https://www.iryou.teikyouseido.mhlw.go.jp/znk-web/juminkanja/S2430/initialize?prefCd=40&kikanCd=1400003610&kikanKbn=1", "url2": "www.ns.yawata-mhp.or.jp/", "内容": "社会医療法人　製鉄記念八幡病院【1:病院】【診療科目:内科_血液内科_糖尿病内科_脳神経内科_呼吸器内科_循環器内科_消化器内科_腎臓内科_肝臓内科_腫瘍内科_緩和ケア内科_外科_脳神経外科_呼吸器外科_血管外科_消化器外科_乳腺外科_整形外科_形成外科_緩和ケア外科_小児科_産婦人科_眼科_耳鼻いんこう科_皮膚科_泌尿器科_歯科_リウマチ科_リハビリテーション科_放射線科_病理診断科_麻酔科】【一般病床数:453療養病床数:0精神病床数:0感染症病床数:0合計病床数:453】福岡県北九州市八幡東区春の町１丁目１－１" }, "geometry": { "type": "Point", "coordinates": [ 130.806892, 33.865628 ] } },
{ "type": "Feature", "properties": { "ID": 4011400003620, "正式名称": "医療法人社団　黒崎整形外科病院", "機関区分": 1, "都道府県コード": 40, "市区町村コード": 109, "所在地": "福岡県北九州市八幡西区筒井町５－２９", "緯度": 33.865016, "経度": 130.760952, "url": "https://www.iryou.teikyouseido.mhlw.go.jp/znk-web/juminkanja/S2430/initialize?prefCd=40&kikanCd=1400003620&kikanKbn=1", "url2": "www.kurosaki-seikei.com/", "内容": "医療法人社団　黒崎整形外科病院【1:病院】【診療科目:整形外科_リウマチ科_リハビリテーション科_麻酔科】【一般病床数:65療養病床数:0精神病床数:0感染症病床数:0合計病床数:65】福岡県北九州市八幡西区筒井町５－２９" }, "geometry": { "type": "Point", "coordinates": [ 130.760952, 33.865016 ] } },
{ "type": "Feature", "properties": { "ID": 4011400003630, "正式名称": "医療法人　健美会　佐々木病院", "機関区分": 1, "都道府県コード": 40, "市区町村コード": 109, "所在地": "福岡県北九州市八幡西区吉祥寺町９番３６号", "緯度": 33.8048, "経度": 130.733151, "url": "https://www.iryou.teikyouseido.mhlw.go.jp/znk-web/juminkanja/S2430/initialize?prefCd=40&kikanCd=1400003630&kikanKbn=1", "url2": "https://sasaki-hsp.jp/", "内容": "医療法人　健美会　佐々木病院【1:病院】【診療科目:内科_呼吸器内科_循環器内科_消化器内科_整形外科_皮膚科_リハビリテーション科_放射線科】【一般病床数:40療養病床数:34精神病床数:0感染症病床数:0合計病床数:74】福岡県北九州市八幡西区吉祥寺町９番３６号" }, "geometry": { "type": "Point", "coordinates": [ 130.733151, 33.8048 ] } },
{ "type": "Feature", "properties": { "ID": 4011400003640, "正式名称": "ＣｉｅＲ　Ｃｌｉｎｉｃ　Ｋｕｒｏｓａｋｉ", "機関区分": 1, "都道府県コード": 40, "市区町村コード": 109, "所在地": "福岡県北九州市八幡西区黒崎３ー４－５", "緯度": 33.865766, "経度": 130.764174, "url": "https://www.iryou.teikyouseido.mhlw.go.jp/znk-web/juminkanja/S2430/initialize?prefCd=40&kikanCd=1400003640&kikanKbn=1", "url2": "https://hamada-hp.net", "内容": "ＣｉｅＲ　Ｃｌｉｎｉｃ　Ｋｕｒｏｓａｋｉ【1:病院】【診療科目:内科_胃腸内科_外科_肛門外科】【一般病床数:2療養病床数:0精神病床数:0感染症病床数:0合計病床数:2】福岡県北九州市八幡西区黒崎３ー４－５" }, "geometry": { "type": "Point", "coordinates": [ 130.764174, 33.865766 ] } },
{ "type": "Feature", "properties": { "ID": 4011400003650, "正式名称": "社会福祉法人恩賜財団済生会支部福岡県済生会八幡総合病院", "機関区分": 1, "都道府県コード": 40, "市区町村コード": 109, "所在地": "福岡県北九州市八幡西区大字則松２７５番地", "緯度": 33.852796, "経度": 130.72484, "url": "https://www.iryou.teikyouseido.mhlw.go.jp/znk-web/juminkanja/S2430/initialize?prefCd=40&kikanCd=1400003650&kikanKbn=1", "url2": "www.yahata.saiseikai.or.jp/", "内容": "社会福祉法人恩賜財団済生会支部福岡県済生会八幡総合病院【1:病院】【診療科目:内科_血液内科_糖尿病・内分泌内科_脳神経内科_呼吸器内科_循環器内科_消化器内科_腎臓内科_肝臓内科_緩和ケア内科_外科_脳神経外科_呼吸器外科_血管外科_消化器外科_乳腺外科_整形外科_人工透析外科_眼科_耳鼻いんこう科_皮膚科_泌尿器科_歯科_リウマチ科_リハビリテーション科_放射線科_病理診断科_臨床検査科_救急科_麻酔科】【一般病床数:355療養病床数:0精神病床数:0感染症病床数:0合計病床数:355】福岡県北九州市八幡西区大字則松２７５番地" }, "geometry": { "type": "Point", "coordinates": [ 130.72484, 33.852796 ] } },
{ "type": "Feature", "properties": { "ID": 4011400003660, "正式名称": "医療法人　社団翠会　八幡厚生病院", "機関区分": 1, "都道府県コード": 40, "市区町村コード": 109, "所在地": "福岡県北九州市八幡西区里中１２番１２号", "緯度": 33.841462, "経度": 130.735622, "url": "https://www.iryou.teikyouseido.mhlw.go.jp/znk-web/juminkanja/S2430/initialize?prefCd=40&kikanCd=1400003660&kikanKbn=1", "url2": "www.yahata-hp.com/", "内容": "医療法人　社団翠会　八幡厚生病院【1:病院】【診療科目:内科_精神科_心療内科】【一般病床数:0療養病床数:0精神病床数:315感染症病床数:0合計病床数:315】福岡県北九州市八幡西区里中１２番１２号" }, "geometry": { "type": "Point", "coordinates": [ 130.735622, 33.841462 ] } },
{ "type": "Feature", "properties": { "ID": 4011400003670, "正式名称": "独立行政法人　地域医療機能推進機構　九州病院", "機関区分": 1, "都道府県コード": 40, "市区町村コード": 109, "所在地": "福岡県北九州市八幡西区岸の浦１ー８ー１", "緯度": 33.857406, "経度": 130.765674, "url": "https://www.iryou.teikyouseido.mhlw.go.jp/znk-web/juminkanja/S2430/initialize?prefCd=40&kikanCd=1400003670&kikanKbn=1", "url2": "kyusyu.jcho.go.jp/", "内容": "独立行政法人　地域医療機能推進機構　九州病院【1:病院】【診療科目:内科_血液内科_代謝内科_内分泌内科_脳神経内科_呼吸器内科_循環器内科_消化器内科_胃腸内科_腎臓内科_肝臓内科_腫瘍内科_老年内科_緩和ケア内科_膵臓内科_外科_脳神経外科_呼吸器外科_心臓血管外科_消化器外科_胃腸外科_肝臓外科_膵臓外科_胆のう外科_乳腺外科_ペインクリニック外科_頭頸部外科_整形外科_形成外科_小児科_小児外科_循環器小児科、新生児小児科_産婦人科_眼科_耳鼻いんこう科_皮膚科_泌尿器科_精神科_リハビリテーション科_放射線診断科_放射線治療科_病理診断科_臨床検査科_救急科_麻酔科_心臓リハビリテーション科】【一般病床数:575療養病床数:0精神病床数:0感染症病床数:0合計病床数:575】福岡県北九州市八幡西区岸の浦１ー８ー１" }, "geometry": { "type": "Point", "coordinates": [ 130.765674, 33.857406 ] } },
{ "type": "Feature", "properties": { "ID": 4011400003680, "正式名称": "医療法人　義翔会　小嶺江藤病院", "機関区分": 1, "都道府県コード": 40, "市区町村コード": 109, "所在地": "福岡県北九州市八幡西区小嶺３丁目１９－１", "緯度": 33.814577, "経度": 130.759537, "url": "https://www.iryou.teikyouseido.mhlw.go.jp/znk-web/juminkanja/S2430/initialize?prefCd=40&kikanCd=1400003680&kikanKbn=1", "url2": "www.komine-eto.or.jp", "内容": "医療法人　義翔会　小嶺江藤病院【1:病院】【診療科目:内科_精神科】【一般病床数:0療養病床数:0精神病床数:207感染症病床数:0合計病床数:207】福岡県北九州市八幡西区小嶺３丁目１９－１" }, "geometry": { "type": "Point", "coordinates": [ 130.759537, 33.814577 ] } },
{ "type": "Feature", "properties": { "ID": 4011400003710, "正式名称": "医療法人社団　明愛会　大平メディカルケア病院", "機関区分": 1, "都道府県コード": 40, "市区町村コード": 109, "所在地": "福岡県北九州市八幡西区大平三丁目１４番７号", "緯度": 33.819437, "経度": 130.746732, "url": "https://www.iryou.teikyouseido.mhlw.go.jp/znk-web/juminkanja/S2430/initialize?prefCd=40&kikanCd=1400003710&kikanKbn=1", "url2": "www.jojinkai.com/ohira/", "内容": "医療法人社団　明愛会　大平メディカルケア病院【1:病院】【診療科目:内科_呼吸器内科_循環器内科_消化器内科_外科_脳神経外科_肛門外科_整形外科_皮膚科_泌尿器科_リハビリテーション科】【一般病床数:44療養病床数:120精神病床数:0感染症病床数:0合計病床数:164】福岡県北九州市八幡西区大平三丁目１４番７号" }, "geometry": { "type": "Point", "coordinates": [ 130.746732, 33.819437 ] } },
{ "type": "Feature", "properties": { "ID": 4011400003720, "正式名称": "医療法人　社団　尚ワ会　エンゼル病院", "機関区分": 1, "都道府県コード": 40, "市区町村コード": 109, "所在地": "福岡県北九州市八幡西区友田一丁目１１番１号", "緯度": 33.86782, "経度": 130.724872, "url": "https://www.iryou.teikyouseido.mhlw.go.jp/znk-web/juminkanja/S2430/initialize?prefCd=40&kikanCd=1400003720&kikanKbn=1", "url2": "www.angel-wh.jp", "内容": "医療法人　社団　尚ワ会　エンゼル病院【1:病院】【診療科目:産婦人科】【一般病床数:35療養病床数:0精神病床数:0感染症病床数:0合計病床数:35】福岡県北九州市八幡西区友田一丁目１１番１号" }, "geometry": { "type": "Point", "coordinates": [ 130.724872, 33.86782 ] } },
{ "type": "Feature", "properties": { "ID": 4011400003730, "正式名称": "医療法人　社団誠心会　萩原中央病院", "機関区分": 1, "都道府県コード": 40, "市区町村コード": 109, "所在地": "福岡県北九州市八幡西区萩原１ー１０ー１", "緯度": 33.860322, "経度": 130.748092, "url": "https://www.iryou.teikyouseido.mhlw.go.jp/znk-web/juminkanja/S2430/initialize?prefCd=40&kikanCd=1400003730&kikanKbn=1", "url2": "https://www.hagiwara.or.jp/", "内容": "医療法人　社団誠心会　萩原中央病院【1:病院】【診療科目:内科_糖尿病内科_代謝内科_呼吸器内科_循環器内科_心臓内科_消化器内科_内視鏡内科_大腸内視鏡内科_リウマチ科_リハビリテーション科_放射線診断科】【一般病床数:115療養病床数:0精神病床数:0感染症病床数:0合計病床数:115】福岡県北九州市八幡西区萩原１ー１０ー１" }, "geometry": { "type": "Point", "coordinates": [ 130.748092, 33.860322 ] } },
{ "type": "Feature", "properties": { "ID": 4011400003740, "正式名称": "北九州八幡東病院", "機関区分": 1, "都道府県コード": 40, "市区町村コード": 108, "所在地": "福岡県北九州市八幡東区東田一丁目４番３号", "緯度": 33.870312, "経度": 130.798398, "url": "https://www.iryou.teikyouseido.mhlw.go.jp/znk-web/juminkanja/S2430/initialize?prefCd=40&kikanCd=1400003740&kikanKbn=1", "url2": "www.kitakyu-hp.or.jp/contents/kitahos_yahatahigasi.htm", "内容": "北九州八幡東病院【1:病院】【診療科目:内科_神経内科_リハビリテーション科】【一般病床数:200療養病床数:220精神病床数:0感染症病床数:0合計病床数:420】福岡県北九州市八幡東区東田一丁目４番３号" }, "geometry": { "type": "Point", "coordinates": [ 130.798398, 33.870312 ] } },
{ "type": "Feature", "properties": { "ID": 4011400003750, "正式名称": "医療法人　緑風会　八幡大蔵病院", "機関区分": 1, "都道府県コード": 40, "市区町村コード": 108, "所在地": "福岡県北九州市八幡東区河内２丁目４ー１１", "緯度": 33.82791, "経度": 130.795755, "url": "https://www.iryou.teikyouseido.mhlw.go.jp/znk-web/juminkanja/S2430/initialize?prefCd=40&kikanCd=1400003750&kikanKbn=1", "url2": "www.ohkura-ryokufukai.com/", "内容": "医療法人　緑風会　八幡大蔵病院【1:病院】【診療科目:内科_神経内科_精神科】【一般病床数:0療養病床数:0精神病床数:180感染症病床数:0合計病床数:180】福岡県北九州市八幡東区河内２丁目４ー１１" }, "geometry": { "type": "Point", "coordinates": [ 130.795755, 33.82791 ] } },
{ "type": "Feature", "properties": { "ID": 4011400003760, "正式名称": "医療法人　三憲会　折尾病院", "機関区分": 1, "都道府県コード": 40, "市区町村コード": 109, "所在地": "福岡県北九州市八幡西区本城３丁目２６番１８号", "緯度": 33.884235, "経度": 130.734954, "url": "https://www.iryou.teikyouseido.mhlw.go.jp/znk-web/juminkanja/S2430/initialize?prefCd=40&kikanCd=1400003760&kikanKbn=1", "url2": "www.orio-hp.or.jp/", "内容": "医療法人　三憲会　折尾病院【1:病院】【診療科目:精神科_神経科】【一般病床数:0療養病床数:0精神病床数:194感染症病床数:0合計病床数:194】福岡県北九州市八幡西区本城３丁目２６番１８号" }, "geometry": { "type": "Point", "coordinates": [ 130.734954, 33.884235 ] } },
{ "type": "Feature", "properties": { "ID": 4011400003770, "正式名称": "医療法人　財団はまゆう会　新王子病院", "機関区分": 1, "都道府県コード": 40, "市区町村コード": 109, "所在地": "福岡県北九州市八幡西区鉄王２ー２０－１", "緯度": 33.848795, "経度": 130.752564, "url": "https://www.iryou.teikyouseido.mhlw.go.jp/znk-web/juminkanja/S2430/initialize?prefCd=40&kikanCd=1400003770&kikanKbn=1", "url2": "www.hamayuukai.or.jp/", "内容": "医療法人　財団はまゆう会　新王子病院【1:病院】【診療科目:内科_循環器内科_腎臓内科_リハビリテーション科】【一般病床数:41療養病床数:0精神病床数:0感染症病床数:0合計病床数:41】福岡県北九州市八幡西区鉄王２ー２０－１" }, "geometry": { "type": "Point", "coordinates": [ 130.752564, 33.848795 ] } },
{ "type": "Feature", "properties": { "ID": 4011400003780, "正式名称": "医療法人　香林会　香月中央病院", "機関区分": 1, "都道府県コード": 40, "市区町村コード": 109, "所在地": "福岡県北九州市八幡西区香月中央１丁目１４番１８号", "緯度": 33.801023, "経度": 130.735345, "url": "https://www.iryou.teikyouseido.mhlw.go.jp/znk-web/juminkanja/S2430/initialize?prefCd=40&kikanCd=1400003780&kikanKbn=1", "url2": "https://kourinkai-katsuki.or.jp", "内容": "医療法人　香林会　香月中央病院【1:病院】【診療科目:内科_外科_胃腸外科_整形外科_泌尿器科_リハビリテーション科】【一般病床数:60療養病床数:0精神病床数:0感染症病床数:0合計病床数:60】福岡県北九州市八幡西区香月中央１丁目１４番１８号" }, "geometry": { "type": "Point", "coordinates": [ 130.735345, 33.801023 ] } },
{ "type": "Feature", "properties": { "ID": 4011400003810, "正式名称": "八幡慈恵病院", "機関区分": 1, "都道府県コード": 40, "市区町村コード": 109, "所在地": "福岡県北九州市八幡西区木屋瀬１丁目１２番２３号", "緯度": 33.78158, "経度": 130.727818, "url": "https://www.iryou.teikyouseido.mhlw.go.jp/znk-web/juminkanja/S2430/initialize?prefCd=40&kikanCd=1400003810&kikanKbn=1", "url2": "yahatajikei.com", "内容": "八幡慈恵病院【1:病院】【診療科目:内科_呼吸器内科_循環器内科_胃腸内科_リハビリテーション科_放射線科】【一般病床数:60療養病床数:70精神病床数:0感染症病床数:0合計病床数:130】福岡県北九州市八幡西区木屋瀬１丁目１２番２３号" }, "geometry": { "type": "Point", "coordinates": [ 130.727818, 33.78158 ] } },
{ "type": "Feature", "properties": { "ID": 4011400003820, "正式名称": "医療法人社団愛和会古賀中央病院", "機関区分": 1, "都道府県コード": 40, "市区町村コード": 223, "所在地": "福岡県古賀市天神１－１３－３０", "緯度": 33.731636, "経度": 130.463371, "url": "https://www.iryou.teikyouseido.mhlw.go.jp/znk-web/juminkanja/S2430/initialize?prefCd=40&kikanCd=1400003820&kikanKbn=1", "url2": "www.koga-c-hp.or.jp", "内容": "医療法人社団愛和会古賀中央病院【1:病院】【診療科目:内科_消化器内科_外科_整形外科_婦人科_リハビリテーション科】【一般病床数:60療養病床数:0精神病床数:0感染症病床数:0合計病床数:60】福岡県古賀市天神１－１３－３０" }, "geometry": { "type": "Point", "coordinates": [ 130.463371, 33.731636 ] } },
{ "type": "Feature", "properties": { "ID": 4011400003830, "正式名称": "社会医療法人　北九州病院　北九州古賀病院", "機関区分": 1, "都道府県コード": 40, "市区町村コード": 223, "所在地": "福岡県古賀市千鳥二丁目１２番１号", "緯度": 33.743247, "経度": 130.476231, "url": "https://www.iryou.teikyouseido.mhlw.go.jp/znk-web/juminkanja/S2430/initialize?prefCd=40&kikanCd=1400003830&kikanKbn=1", "url2": "kitakyu-hp.or.jp/contents/kitahos_koga.htm", "内容": "社会医療法人　北九州病院　北九州古賀病院【1:病院】【診療科目:内科_脳神経内科_呼吸器内科_精神科_リハビリテーション科】【一般病床数:120療養病床数:261精神病床数:93感染症病床数:0合計病床数:474】福岡県古賀市千鳥二丁目１２番１号" }, "geometry": { "type": "Point", "coordinates": [ 130.476231, 33.743247 ] } },
{ "type": "Feature", "properties": { "ID": 4011400003850, "正式名称": "医療法人豊資会加野病院", "機関区分": 1, "都道府県コード": 40, "市区町村コード": 345, "所在地": "福岡県糟屋郡新宮町中央駅前１ー２ー１", "緯度": 33.712973, "経度": 130.451274, "url": "https://www.iryou.teikyouseido.mhlw.go.jp/znk-web/juminkanja/S2430/initialize?prefCd=40&kikanCd=1400003850&kikanKbn=1", "url2": "https://kano-hospital.jp/", "内容": "医療法人豊資会加野病院【1:病院】【診療科目:内科_糖尿病内科_腎臓内科_泌尿器科_麻酔科】【一般病床数:30療養病床数:0精神病床数:0感染症病床数:0合計病床数:30】福岡県糟屋郡新宮町中央駅前１ー２ー１" }, "geometry": { "type": "Point", "coordinates": [ 130.451274, 33.712973 ] } },
{ "type": "Feature", "properties": { "ID": 4011400003860, "正式名称": "医療法人　聖恵会　福岡聖恵病院", "機関区分": 1, "都道府県コード": 40, "市区町村コード": 223, "所在地": "福岡県古賀市鹿部４８２番地", "緯度": 33.716833, "経度": 130.461066, "url": "https://www.iryou.teikyouseido.mhlw.go.jp/znk-web/juminkanja/S2430/initialize?prefCd=40&kikanCd=1400003860&kikanKbn=1", "url2": "www.megumi-kai.or.jp/", "内容": "医療法人　聖恵会　福岡聖恵病院【1:病院】【診療科目:内科_神経内科_老年内科_緩和ケア内科_精神科_心療内科_老年精神科_歯科_リハビリテーション科】【一般病床数:98療養病床数:0精神病床数:190感染症病床数:0合計病床数:288】福岡県古賀市鹿部４８２番地" }, "geometry": { "type": "Point", "coordinates": [ 130.461066, 33.716833 ] } },
{ "type": "Feature", "properties": { "ID": 4011400003870, "正式名称": "宮部病院", "機関区分": 1, "都道府県コード": 40, "市区町村コード": 647, "所在地": "福岡県築上郡築上町湊３３６", "緯度": 33.651685, "経度": 131.064014, "url": "https://www.iryou.teikyouseido.mhlw.go.jp/znk-web/juminkanja/S2430/initialize?prefCd=40&kikanCd=1400003870&kikanKbn=1", "url2": null, "内容": "宮部病院【1:病院】【診療科目:内科_外科_整形外科_婦人科_皮膚科】【一般病床数:0療養病床数:44精神病床数:0感染症病床数:0合計病床数:44】福岡県築上郡築上町湊３３６" }, "geometry": { "type": "Point", "coordinates": [ 131.064014, 33.651685 ] } },
{ "type": "Feature", "properties": { "ID": 4011400003890, "正式名称": "医療法人　けやき会　東病院", "機関区分": 1, "都道府県コード": 40, "市区町村コード": 642, "所在地": "福岡県築上郡吉富町大字広津５９３ー１", "緯度": 33.601998, "経度": 131.174116, "url": "https://www.iryou.teikyouseido.mhlw.go.jp/znk-web/juminkanja/S2430/initialize?prefCd=40&kikanCd=1400003890&kikanKbn=1", "url2": "www.higashi-hosp.net", "内容": "医療法人　けやき会　東病院【1:病院】【診療科目:内科_脳神経内科_循環器内科_消化器内科_小児科_リハビリテーション科】【一般病床数:72療養病床数:0精神病床数:0感染症病床数:0合計病床数:72】福岡県築上郡吉富町大字広津５９３ー１" }, "geometry": { "type": "Point", "coordinates": [ 131.174116, 33.601998 ] } },
{ "type": "Feature", "properties": { "ID": 4011400003900, "正式名称": "京都病院", "機関区分": 1, "都道府県コード": 40, "市区町村コード": 625, "所在地": "福岡県京都郡みやこ町勝山箕田２９８番地", "緯度": 33.693399, "経度": 130.90811, "url": "https://www.iryou.teikyouseido.mhlw.go.jp/znk-web/juminkanja/S2430/initialize?prefCd=40&kikanCd=1400003900&kikanKbn=1", "url2": "www.miyako-hp.or.jp/", "内容": "京都病院【1:病院】【診療科目:内科_脳神経内科_呼吸器内科_循環器内科_消化器内科_外科_整形外科_リハビリテーション科】【一般病床数:58療養病床数:116精神病床数:0感染症病床数:0合計病床数:174】福岡県京都郡みやこ町勝山箕田２９８番地" }, "geometry": { "type": "Point", "coordinates": [ 130.90811, 33.693399 ] } },
{ "type": "Feature", "properties": { "ID": 4011400003910, "正式名称": "健和会京町病院", "機関区分": 1, "都道府県コード": 40, "市区町村コード": 621, "所在地": "福岡県京都郡苅田町京町２ー２１ー１", "緯度": 33.778336, "経度": 130.982129, "url": "https://www.iryou.teikyouseido.mhlw.go.jp/znk-web/juminkanja/S2430/initialize?prefCd=40&kikanCd=1400003910&kikanKbn=1", "url2": "www.kenwakai.gr.jp/kyoumati/", "内容": "健和会京町病院【1:病院】【診療科目:内科_小児科_皮膚科_リハビリテーション科_放射線科】【一般病床数:0療養病床数:112精神病床数:0感染症病床数:0合計病床数:112】福岡県京都郡苅田町京町２ー２１ー１" }, "geometry": { "type": "Point", "coordinates": [ 130.982129, 33.778336 ] } },
{ "type": "Feature", "properties": { "ID": 4011400003920, "正式名称": "社会医療法人　陽明会　小波瀬病院", "機関区分": 1, "都道府県コード": 40, "市区町村コード": 621, "所在地": "福岡県京都郡苅田町新津１５９８", "緯度": 33.752561, "経度": 130.971103, "url": "https://www.iryou.teikyouseido.mhlw.go.jp/znk-web/juminkanja/S2430/initialize?prefCd=40&kikanCd=1400003920&kikanKbn=1", "url2": "www.youmeikai.jp/obase/", "内容": "社会医療法人　陽明会　小波瀬病院【1:病院】【診療科目:内科_呼吸器内科_循環器内科_消化器内科_腎臓内科_神経内科_膠原病内科_外科_脳神経外科_呼吸器外科_消化器外科_乳腺外科_整形外科_形成外科_婦人科_眼科_耳鼻いんこう科_泌尿器科_心療内科_リウマチ科_リハビリテーション科_放射線科_救急科_麻酔科_脳・血管内科】【一般病床数:166療養病床数:100精神病床数:0感染症病床数:0合計病床数:266】福岡県京都郡苅田町新津１５９８" }, "geometry": { "type": "Point", "coordinates": [ 130.971103, 33.752561 ] } },
{ "type": "Feature", "properties": { "ID": 4011400003950, "正式名称": "社会医療法人　陽明会　御所病院", "機関区分": 1, "都道府県コード": 40, "市区町村コード": 621, "所在地": "福岡県京都郡苅田町新津", "緯度": 33.752557, "経度": 130.9713, "url": "https://www.iryou.teikyouseido.mhlw.go.jp/znk-web/juminkanja/S2430/initialize?prefCd=40&kikanCd=1400003950&kikanKbn=1", "url2": "www.youmeikai.jp/obase/", "内容": "社会医療法人　陽明会　御所病院【1:病院】【診療科目:内科_リハビリテーション科】【一般病床数:60療養病床数:60精神病床数:0感染症病床数:0合計病床数:120】福岡県京都郡苅田町新津" }, "geometry": { "type": "Point", "coordinates": [ 130.9713, 33.752557 ] } },
{ "type": "Feature", "properties": { "ID": 4011400003960, "正式名称": "医療法人　社団豊和会豊前病院", "機関区分": 1, "都道府県コード": 40, "市区町村コード": 214, "所在地": "福岡県豊前市大字久路土１５４５", "緯度": 33.593943, "経度": 131.132259, "url": "https://www.iryou.teikyouseido.mhlw.go.jp/znk-web/juminkanja/S2430/initialize?prefCd=40&kikanCd=1400003960&kikanKbn=1", "url2": "buzen-hp.com/", "内容": "医療法人　社団豊和会豊前病院【1:病院】【診療科目:内科_精神科_神経科_心療内科】【一般病床数:0療養病床数:45精神病床数:187感染症病床数:0合計病床数:232】福岡県豊前市大字久路土１５４５" }, "geometry": { "type": "Point", "coordinates": [ 131.132259, 33.593943 ] } },
{ "type": "Feature", "properties": { "ID": 4011400003970, "正式名称": "（医療法人　社団祥和会）大川病院", "機関区分": 1, "都道府県コード": 40, "市区町村コード": 214, "所在地": "福岡県豊前市四郎丸２８１", "緯度": 33.60533, "経度": 131.099817, "url": "https://www.iryou.teikyouseido.mhlw.go.jp/znk-web/juminkanja/S2430/initialize?prefCd=40&kikanCd=1400003970&kikanKbn=1", "url2": "ookawahp.com", "内容": "（医療法人　社団祥和会）大川病院【1:病院】【診療科目:精神科_心療内科】【一般病床数:0療養病床数:0精神病床数:240感染症病床数:0合計病床数:240】福岡県豊前市四郎丸２８１" }, "geometry": { "type": "Point", "coordinates": [ 131.099817, 33.60533 ] } },
{ "type": "Feature", "properties": { "ID": 4011400003980, "正式名称": "大原病院", "機関区分": 1, "都道府県コード": 40, "市区町村コード": 213, "所在地": "福岡県行橋市宮市町", "緯度": 33.729535, "経度": 130.972353, "url": "https://www.iryou.teikyouseido.mhlw.go.jp/znk-web/juminkanja/S2430/initialize?prefCd=40&kikanCd=1400003980&kikanKbn=1", "url2": "kisei-kai.net", "内容": "大原病院【1:病院】【診療科目:内科_呼吸器内科_循環器内科_消化器内科_整形外科_リハビリテーション科_放射線科】【一般病床数:36療養病床数:65精神病床数:0感染症病床数:0合計病床数:101】福岡県行橋市宮市町" }, "geometry": { "type": "Point", "coordinates": [ 130.972353, 33.729535 ] } },
{ "type": "Feature", "properties": { "ID": 4011400003990, "正式名称": "医療法人　社団翠会　行橋記念病院", "機関区分": 1, "都道府県コード": 40, "市区町村コード": 213, "所在地": "福岡県行橋市北泉３ー１１ー１", "緯度": 33.717009, "経度": 130.988963, "url": "https://www.iryou.teikyouseido.mhlw.go.jp/znk-web/juminkanja/S2430/initialize?prefCd=40&kikanCd=1400003990&kikanKbn=1", "url2": "www.yukuhashi-hp.or.jp/", "内容": "医療法人　社団翠会　行橋記念病院【1:病院】【診療科目:神経内科_精神科_心療内科】【一般病床数:0療養病床数:0精神病床数:288感染症病床数:0合計病床数:288】福岡県行橋市北泉３ー１１ー１" }, "geometry": { "type": "Point", "coordinates": [ 130.988963, 33.717009 ] } },
{ "type": "Feature", "properties": { "ID": 4011400004000, "正式名称": "（医療法人　敬愛会）新田原聖母病院", "機関区分": 1, "都道府県コード": 40, "市区町村コード": 213, "所在地": "福岡県行橋市東徳永３８２番地", "緯度": 33.687069, "経度": 131.009657, "url": "https://www.iryou.teikyouseido.mhlw.go.jp/znk-web/juminkanja/S2430/initialize?prefCd=40&kikanCd=1400004000&kikanKbn=1", "url2": "www.s-seibo.or.jp", "内容": "（医療法人　敬愛会）新田原聖母病院【1:病院】【診療科目:内科_糖尿病・内分泌内科_脳神経内科_呼吸器内科_循環器内科_消化器内科_脳神経外科_整形外科_形成外科_眼科_皮膚科_リハビリテーション科】【一般病床数:53療養病床数:53精神病床数:0感染症病床数:0合計病床数:106】福岡県行橋市東徳永３８２番地" }, "geometry": { "type": "Point", "coordinates": [ 131.009657, 33.687069 ] } },
{ "type": "Feature", "properties": { "ID": 4011400004010, "正式名称": "新行橋病院", "機関区分": 1, "都道府県コード": 40, "市区町村コード": 213, "所在地": "福岡県行橋市道場寺１４１１番地", "緯度": 33.693401, "経度": 131.012267, "url": "https://www.iryou.teikyouseido.mhlw.go.jp/znk-web/juminkanja/S2430/initialize?prefCd=40&kikanCd=1400004010&kikanKbn=1", "url2": "www.shinyukuhashihospital.or.jp", "内容": "新行橋病院【1:病院】【診療科目:内科_循環器内科_消化器内科_人工透析内科_内視鏡内科_外科_脳神経外科_呼吸器外科_心臓血管外科_消化器外科_内視鏡外科_整形外科_形成外科_皮膚科_泌尿器科_リハビリテーション科_放射線科_病理診断科_臨床検査科_救急科_麻酔科】【一般病床数:246療養病床数:0精神病床数:0感染症病床数:0合計病床数:246】福岡県行橋市道場寺１４１１番地" }, "geometry": { "type": "Point", "coordinates": [ 131.012267, 33.693401 ] } },
{ "type": "Feature", "properties": { "ID": 4011400004020, "正式名称": "医療法人森和会　行橋中央病院", "機関区分": 1, "都道府県コード": 40, "市区町村コード": 213, "所在地": "福岡県行橋市西宮市５ー５ー４２", "緯度": 33.724544, "経度": 130.963381, "url": "https://www.iryou.teikyouseido.mhlw.go.jp/znk-web/juminkanja/S2430/initialize?prefCd=40&kikanCd=1400004020&kikanKbn=1", "url2": "www.ych21.com", "内容": "医療法人森和会　行橋中央病院【1:病院】【診療科目:内科_糖尿病内科_呼吸器内科_循環器内科_消化器内科_人工透析内科_肝臓内科_整形外科_リウマチ科_リハビリテーション科】【一般病床数:98療養病床数:50精神病床数:0感染症病床数:0合計病床数:148】福岡県行橋市西宮市５ー５ー４２" }, "geometry": { "type": "Point", "coordinates": [ 130.963381, 33.724544 ] } },
{ "type": "Feature", "properties": { "ID": 4011400004030, "正式名称": "行橋厚生病院", "機関区分": 1, "都道府県コード": 40, "市区町村コード": 213, "所在地": "福岡県行橋市大野井", "緯度": 33.715342, "経度": 130.966132, "url": "https://www.iryou.teikyouseido.mhlw.go.jp/znk-web/juminkanja/S2430/initialize?prefCd=40&kikanCd=1400004030&kikanKbn=1", "url2": "www.yukuhashikousei.com", "内容": "行橋厚生病院【1:病院】【診療科目:内科_循環器内科_精神科_心療内科_リハビリテーション科】【一般病床数:0療養病床数:44精神病床数:180感染症病床数:0合計病床数:224】福岡県行橋市大野井" }, "geometry": { "type": "Point", "coordinates": [ 130.966132, 33.715342 ] } },
{ "type": "Feature", "properties": { "ID": 4011400004040, "正式名称": "公益社団法人日本海員掖済会門司掖済会病院", "機関区分": 1, "都道府県コード": 40, "市区町村コード": 101, "所在地": "福岡県北九州市門司区清滝一丁目３番１号", "緯度": 33.942261, "経度": 130.961348, "url": "https://www.iryou.teikyouseido.mhlw.go.jp/znk-web/juminkanja/S2430/initialize?prefCd=40&kikanCd=1400004040&kikanKbn=1", "url2": "ekisaikai-moji.jp", "内容": "公益社団法人日本海員掖済会門司掖済会病院【1:病院】【診療科目:内科_糖尿病内科_脳神経内科_循環器内科_胃腸内科_腎臓内科_神経内科_外科_胃腸外科_整形外科_婦人科_眼科_耳鼻いんこう科_皮膚科_泌尿器科_歯科_歯科口腔外科_リハビリテーション科_放射線科_麻酔科】【一般病床数:194療養病床数:0精神病床数:0感染症病床数:0合計病床数:194】福岡県北九州市門司区清滝一丁目３番１号" }, "geometry": { "type": "Point", "coordinates": [ 130.961348, 33.942261 ] } },
{ "type": "Feature", "properties": { "ID": 4011400004050, "正式名称": "北九州市立門司病院", "機関区分": 1, "都道府県コード": 40, "市区町村コード": 101, "所在地": "福岡県北九州市門司区南本町３番１号", "緯度": 33.915847, "経度": 130.940684, "url": "https://www.iryou.teikyouseido.mhlw.go.jp/znk-web/juminkanja/S2430/initialize?prefCd=40&kikanCd=1400004050&kikanKbn=1", "url2": "www.akanekai-moji.com", "内容": "北九州市立門司病院【1:病院】【診療科目:内科_血液内科_呼吸器内科_循環器内科_消化器内科_神経内科_外科_整形外科_小児科_眼科_皮膚科_泌尿器科_リハビリテーション科_放射線科】【一般病床数:50療養病床数:50精神病床数:0感染症病床数:0合計病床数:155】福岡県北九州市門司区南本町３番１号" }, "geometry": { "type": "Point", "coordinates": [ 130.940684, 33.915847 ] } },
{ "type": "Feature", "properties": { "ID": 4011400004060, "正式名称": "医療法人豊司会　　新門司病院", "機関区分": 1, "都道府県コード": 40, "市区町村コード": 101, "所在地": "福岡県北九州市門司区猿喰６１５", "緯度": 33.896572, "経度": 130.975682, "url": "https://www.iryou.teikyouseido.mhlw.go.jp/znk-web/juminkanja/S2430/initialize?prefCd=40&kikanCd=1400004060&kikanKbn=1", "url2": "shinmoji.com", "内容": "医療法人豊司会　　新門司病院【1:病院】【診療科目:内科_神経内科_精神科_リハビリテーション科】【一般病床数:0療養病床数:0精神病床数:260感染症病床数:0合計病床数:260】福岡県北九州市門司区猿喰６１５" }, "geometry": { "type": "Point", "coordinates": [ 130.975682, 33.896572 ] } },
{ "type": "Feature", "properties": { "ID": 4011400004070, "正式名称": "医療法人　碧水会　門司田野浦病院", "機関区分": 1, "都道府県コード": 40, "市区町村コード": 101, "所在地": "福岡県北九州市門司区田野浦１０１８－１", "緯度": 33.959787, "経度": 130.999816, "url": "https://www.iryou.teikyouseido.mhlw.go.jp/znk-web/juminkanja/S2430/initialize?prefCd=40&kikanCd=1400004070&kikanKbn=1", "url2": "www.moji-tanoura.jp/", "内容": "医療法人　碧水会　門司田野浦病院【1:病院】【診療科目:内科_精神科_心療内科】【一般病床数:0療養病床数:0精神病床数:384感染症病床数:0合計病床数:384】福岡県北九州市門司区田野浦１０１８－１" }, "geometry": { "type": "Point", "coordinates": [ 130.999816, 33.959787 ] } },
{ "type": "Feature", "properties": { "ID": 4011400004080, "正式名称": "医療法人社団養寿園　　春日病院", "機関区分": 1, "都道府県コード": 40, "市区町村コード": 101, "所在地": "福岡県北九州市門司区春日町２２番１９号", "緯度": 33.92904, "経度": 130.972542, "url": "https://www.iryou.teikyouseido.mhlw.go.jp/znk-web/juminkanja/S2430/initialize?prefCd=40&kikanCd=1400004080&kikanKbn=1", "url2": "www.yojuen.com/kasugahospital/", "内容": "医療法人社団養寿園　　春日病院【1:病院】【診療科目:内科_循環器内科_リハビリテーション科_放射線科】【一般病床数:56療養病床数:96精神病床数:0感染症病床数:0合計病床数:152】福岡県北九州市門司区春日町２２番１９号" }, "geometry": { "type": "Point", "coordinates": [ 130.972542, 33.92904 ] } },
{ "type": "Feature", "properties": { "ID": 4011400004090, "正式名称": "医療法人社団響会　　緑ヶ丘病院", "機関区分": 1, "都道府県コード": 40, "市区町村コード": 101, "所在地": "福岡県北九州市門司区緑ヶ丘３番５号", "緯度": 33.885378, "経度": 130.930714, "url": "https://www.iryou.teikyouseido.mhlw.go.jp/znk-web/juminkanja/S2430/initialize?prefCd=40&kikanCd=1400004090&kikanKbn=1", "url2": null, "内容": "医療法人社団響会　　緑ヶ丘病院【1:病院】【診療科目:内科_呼吸器内科_循環器内科_消化器内科_リハビリテーション科】【一般病床数:54療養病床数:50精神病床数:0感染症病床数:0合計病床数:104】福岡県北九州市門司区緑ヶ丘３番５号" }, "geometry": { "type": "Point", "coordinates": [ 130.930714, 33.885378 ] } },
{ "type": "Feature", "properties": { "ID": 4011400004100, "正式名称": "独立行政法人労働者健康安全機構　九州労災病院　門司メディカルセンター", "機関区分": 1, "都道府県コード": 40, "市区町村コード": 101, "所在地": "福岡県北九州市門司区東港町３番１号", "緯度": 33.950982, "経度": 130.965014, "url": "https://www.iryou.teikyouseido.mhlw.go.jp/znk-web/juminkanja/S2430/initialize?prefCd=40&kikanCd=1400004100&kikanKbn=1", "url2": "www.mojih.johas.go.jp", "内容": "独立行政法人労働者健康安全機構　九州労災病院　門司メディカルセンター【1:病院】【診療科目:内科_脳神経内科_循環器内科_消化器内科_外科_脳神経外科_整形外科_眼科_皮膚科_泌尿器科_歯科_リハビリテーション科_放射線科_麻酔科】【一般病床数:175療養病床数:0精神病床数:0感染症病床数:0合計病床数:175】福岡県北九州市門司区東港町３番１号" }, "geometry": { "type": "Point", "coordinates": [ 130.965014, 33.950982 ] } },
{ "type": "Feature", "properties": { "ID": 4011400004110, "正式名称": "医療法人　社団　松和会　門司松ヶ江病院", "機関区分": 1, "都道府県コード": 40, "市区町村コード": 101, "所在地": "福岡県北九州市門司区大字畑３５５番地", "緯度": 33.886017, "経度": 130.97321, "url": "https://www.iryou.teikyouseido.mhlw.go.jp/znk-web/juminkanja/S2430/initialize?prefCd=40&kikanCd=1400004110&kikanKbn=1", "url2": "www.matsugae.or.jp", "内容": "医療法人　社団　松和会　門司松ヶ江病院【1:病院】【診療科目:内科_老年内科_精神科_心療内科】【一般病床数:0療養病床数:0精神病床数:192感染症病床数:0合計病床数:192】福岡県北九州市門司区大字畑３５５番地" }, "geometry": { "type": "Point", "coordinates": [ 130.97321, 33.886017 ] } },
{ "type": "Feature", "properties": { "ID": 4011400004130, "正式名称": "鳥巣病院", "機関区分": 1, "都道府県コード": 40, "市区町村コード": 101, "所在地": "福岡県北九州市門司区吉志５丁目５―１０", "緯度": 33.865158, "経度": 130.960184, "url": "https://www.iryou.teikyouseido.mhlw.go.jp/znk-web/juminkanja/S2430/initialize?prefCd=40&kikanCd=1400004130&kikanKbn=1", "url2": "www.torisu-hp.or.jp", "内容": "鳥巣病院【1:病院】【診療科目:内科_循環器内科_精神科_リハビリテーション科】【一般病床数:0療養病床数:48精神病床数:0感染症病床数:0合計病床数:48】福岡県北九州市門司区吉志５丁目５―１０" }, "geometry": { "type": "Point", "coordinates": [ 130.960184, 33.865158 ] } },
{ "type": "Feature", "properties": { "ID": 4011400004140, "正式名称": "九州鉄道記念病院", "機関区分": 1, "都道府県コード": 40, "市区町村コード": 101, "所在地": "福岡県北九州市門司区高田二丁目１番１号", "緯度": 33.900682, "経度": 130.936629, "url": "https://www.iryou.teikyouseido.mhlw.go.jp/znk-web/juminkanja/S2430/initialize?prefCd=40&kikanCd=1400004140&kikanKbn=1", "url2": "https://www.krm-hospital.com/", "内容": "九州鉄道記念病院【1:病院】【診療科目:内科_血液内科_糖尿病内科_呼吸器内科_循環器内科_消化器内科_肝臓内科_神経内科_外科_乳腺外科_肛門外科_整形外科_婦人科_眼科_耳鼻いんこう科_泌尿器科_リウマチ科_リハビリテーション科_放射線科_病理診断科_臨床検査科】【一般病床数:158療養病床数:78精神病床数:0感染症病床数:0合計病床数:236】福岡県北九州市門司区高田二丁目１番１号" }, "geometry": { "type": "Point", "coordinates": [ 130.936629, 33.900682 ] } },
{ "type": "Feature", "properties": { "ID": 4011400004150, "正式名称": "林田病院", "機関区分": 1, "都道府県コード": 40, "市区町村コード": 106, "所在地": "福岡県北九州市小倉北区神幸町", "緯度": 33.8806, "経度": 130.901467, "url": "https://www.iryou.teikyouseido.mhlw.go.jp/znk-web/juminkanja/S2430/initialize?prefCd=40&kikanCd=1400004150&kikanKbn=1", "url2": "https://hayashida-hosp.com", "内容": "林田病院【1:病院】【診療科目:循環器内科_胃腸内科_外科_整形外科_皮膚科】【一般病床数:0療養病床数:37精神病床数:0感染症病床数:0合計病床数:37】福岡県北九州市小倉北区神幸町" }, "geometry": { "type": "Point", "coordinates": [ 130.901467, 33.8806 ] } },
{ "type": "Feature", "properties": { "ID": 4011400004160, "正式名称": "医療法人　真鶴会　小倉第一病院", "機関区分": 1, "都道府県コード": 40, "市区町村コード": 106, "所在地": "福岡県北九州市小倉北区下到津１ー１２ー１４", "緯度": 33.879572, "経度": 130.858248, "url": "https://www.iryou.teikyouseido.mhlw.go.jp/znk-web/juminkanja/S2430/initialize?prefCd=40&kikanCd=1400004160&kikanKbn=1", "url2": "www.kdh.gr.jp", "内容": "医療法人　真鶴会　小倉第一病院【1:病院】【診療科目:糖尿病内科_循環器内科_腎臓内科_人工透析内科_形成外科_皮膚科_リウマチ科】【一般病床数:32療養病床数:48精神病床数:0感染症病床数:0合計病床数:80】福岡県北九州市小倉北区下到津１ー１２ー１４" }, "geometry": { "type": "Point", "coordinates": [ 130.858248, 33.879572 ] } },
{ "type": "Feature", "properties": { "ID": 4011400004170, "正式名称": "東和病院", "機関区分": 1, "都道府県コード": 40, "市区町村コード": 107, "所在地": "福岡県北九州市小倉南区守恒本町一丁目３番１号", "緯度": 33.837077, "経度": 130.872748, "url": "https://www.iryou.teikyouseido.mhlw.go.jp/znk-web/juminkanja/S2430/initialize?prefCd=40&kikanCd=1400004170&kikanKbn=1", "url2": "www.tohwa-hospital.or.jp", "内容": "東和病院【1:病院】【診療科目:内科_糖尿病内科_脳神経内科_呼吸器内科_循環器内科_消化器内科_腎臓内科_外科_脳神経外科_整形外科_小児科_眼科_泌尿器科_歯科_歯科口腔外科_リウマチ科_リハビリテーション科_放射線科】【一般病床数:94療養病床数:105精神病床数:0感染症病床数:0合計病床数:199】福岡県北九州市小倉南区守恒本町一丁目３番１号" }, "geometry": { "type": "Point", "coordinates": [ 130.872748, 33.837077 ] } },
{ "type": "Feature", "properties": { "ID": 4011400004180, "正式名称": "小倉きふね病院", "機関区分": 1, "都道府県コード": 40, "市区町村コード": 106, "所在地": "福岡県北九州市小倉北区貴船町３番３号", "緯度": 33.870795, "経度": 130.871886, "url": "https://www.iryou.teikyouseido.mhlw.go.jp/znk-web/juminkanja/S2430/initialize?prefCd=40&kikanCd=1400004180&kikanKbn=1", "url2": "www.tensuikai.or.jp/kokura-kifune/", "内容": "小倉きふね病院【1:病院】【診療科目:内科_呼吸器内科_消化器内科_整形外科_小児科_耳鼻いんこう科_アレルギー科_リハビリテーション科】【一般病床数:99療養病床数:0精神病床数:0感染症病床数:0合計病床数:99】福岡県北九州市小倉北区貴船町３番３号" }, "geometry": { "type": "Point", "coordinates": [ 130.871886, 33.870795 ] } },
{ "type": "Feature", "properties": { "ID": 4011400004190, "正式名称": "医療法人成康会　堤小倉病院", "機関区分": 1, "都道府県コード": 40, "市区町村コード": 107, "所在地": "福岡県北九州市小倉南区大字堀越３５８番地", "緯度": 33.817218, "経度": 130.882109, "url": "https://www.iryou.teikyouseido.mhlw.go.jp/znk-web/juminkanja/S2430/initialize?prefCd=40&kikanCd=1400004190&kikanKbn=1", "url2": "www.tsutsumikokura.com/", "内容": "医療法人成康会　堤小倉病院【1:病院】【診療科目:内科_精神科_神経科】【一般病床数:0療養病床数:0精神病床数:310感染症病床数:0合計病床数:310】福岡県北九州市小倉南区大字堀越３５８番地" }, "geometry": { "type": "Point", "coordinates": [ 130.882109, 33.817218 ] } },
{ "type": "Feature", "properties": { "ID": 4011400004200, "正式名称": "北九州市立総合療育センター", "機関区分": 1, "都道府県コード": 40, "市区町村コード": 107, "所在地": "福岡県北九州市小倉南区春ケ丘１０番４号", "緯度": 33.849353, "経度": 130.885247, "url": "https://www.iryou.teikyouseido.mhlw.go.jp/znk-web/juminkanja/S2430/initialize?prefCd=40&kikanCd=1400004200&kikanKbn=1", "url2": "www.kitaq-src.jp/", "内容": "北九州市立総合療育センター【1:病院】【診療科目:内科_整形外科_小児科_児童精神科_婦人科_眼科_耳鼻いんこう科_泌尿器科_精神科_歯科_矯正歯科_小児歯科_リハビリテーション科】【一般病床数:165療養病床数:0精神病床数:0感染症病床数:0合計病床数:165】福岡県北九州市小倉南区春ケ丘１０番４号" }, "geometry": { "type": "Point", "coordinates": [ 130.885247, 33.849353 ] } },
{ "type": "Feature", "properties": { "ID": 4011400004210, "正式名称": "独立行政法人労働者健康安全機構九州労災病院", "機関区分": 1, "都道府県コード": 40, "市区町村コード": 107, "所在地": "福岡県北九州市小倉南区曽根北町１番１号", "緯度": 33.837245, "経度": 130.938214, "url": "https://www.iryou.teikyouseido.mhlw.go.jp/znk-web/juminkanja/S2430/initialize?prefCd=40&kikanCd=1400004210&kikanKbn=1", "url2": "www.kyushuh.johas.go.jp", "内容": "独立行政法人労働者健康安全機構九州労災病院【1:病院】【診療科目:内科_脳神経内科_呼吸器内科_循環器内科_消化器内科_外科_脳神経外科_消化器外科_整形外科_小児科_産婦人科_眼科_耳鼻いんこう科_皮膚科_泌尿器科_精神科_歯科口腔外科_リハビリテーション科_放射線診断科_放射線治療科_病理診断科_救急科_麻酔科】【一般病床数:450療養病床数:0精神病床数:0感染症病床数:0合計病床数:450】福岡県北九州市小倉南区曽根北町１番１号" }, "geometry": { "type": "Point", "coordinates": [ 130.938214, 33.837245 ] } },
{ "type": "Feature", "properties": { "ID": 4011400004220, "正式名称": "医療法人日明会　日明病院", "機関区分": 1, "都道府県コード": 40, "市区町村コード": 106, "所在地": "福岡県北九州市小倉北区日明３―３―３２", "緯度": 33.890737, "経度": 130.855665, "url": "https://www.iryou.teikyouseido.mhlw.go.jp/znk-web/juminkanja/S2430/initialize?prefCd=40&kikanCd=1400004220&kikanKbn=1", "url2": "hiagari-hp.com", "内容": "医療法人日明会　日明病院【1:病院】【診療科目:内科_精神科_心療内科】【一般病床数:0療養病床数:0精神病床数:280感染症病床数:0合計病床数:280】福岡県北九州市小倉北区日明３―３―３２" }, "geometry": { "type": "Point", "coordinates": [ 130.855665, 33.890737 ] } },
{ "type": "Feature", "properties": { "ID": 4011400004230, "正式名称": "医療法人錦会　小倉中井病院", "機関区分": 1, "都道府県コード": 40, "市区町村コード": 106, "所在地": "福岡県北九州市小倉北区中井５丁目１１番８号", "緯度": 33.887709, "経度": 130.846749, "url": "https://www.iryou.teikyouseido.mhlw.go.jp/znk-web/juminkanja/S2430/initialize?prefCd=40&kikanCd=1400004230&kikanKbn=1", "url2": "www.kokura-nakai.jp", "内容": "医療法人錦会　小倉中井病院【1:病院】【診療科目:内科_外科_脳神経外科_整形外科_婦人科_耳鼻いんこう科_皮膚科_泌尿器科_精神科_心療内科_リハビリテーション科_放射線科】【一般病床数:7療養病床数:140精神病床数:0感染症病床数:0合計病床数:147】福岡県北九州市小倉北区中井５丁目１１番８号" }, "geometry": { "type": "Point", "coordinates": [ 130.846749, 33.887709 ] } },
{ "type": "Feature", "properties": { "ID": 4011400004240, "正式名称": "南ケ丘病院", "機関区分": 1, "都道府県コード": 40, "市区町村コード": 106, "所在地": "福岡県北九州市小倉北区今町３－１３－１", "緯度": 33.855325, "経度": 130.870859, "url": "https://www.iryou.teikyouseido.mhlw.go.jp/znk-web/juminkanja/S2430/initialize?prefCd=40&kikanCd=1400004240&kikanKbn=1", "url2": "www.seiryokai.jp", "内容": "南ケ丘病院【1:病院】【診療科目:内科_精神科_心療内科_リハビリテーション科】【一般病床数:0療養病床数:64精神病床数:256感染症病床数:0合計病床数:320】福岡県北九州市小倉北区今町３－１３－１" }, "geometry": { "type": "Point", "coordinates": [ 130.870859, 33.855325 ] } },
{ "type": "Feature", "properties": { "ID": 4011400004250, "正式名称": "公益財団法人小倉医療協会　三萩野病院", "機関区分": 1, "都道府県コード": 40, "市区町村コード": 106, "所在地": "福岡県北九州市小倉北区三萩野二丁目２番７号", "緯度": 33.871095, "経度": 130.884967, "url": "https://www.iryou.teikyouseido.mhlw.go.jp/znk-web/juminkanja/S2430/initialize?prefCd=40&kikanCd=1400004250&kikanKbn=1", "url2": "https://www.m-hp.or.jp/", "内容": "公益財団法人小倉医療協会　三萩野病院【1:病院】【診療科目:内科_脳神経内科_呼吸器内科_循環器内科_消化器内科_外科_消化器外科_女性乳腺外科_整形外科_泌尿器科_心療内科_リハビリテーション科_放射線科】【一般病床数:146療養病床数:0精神病床数:0感染症病床数:0合計病床数:146】福岡県北九州市小倉北区三萩野二丁目２番７号" }, "geometry": { "type": "Point", "coordinates": [ 130.884967, 33.871095 ] } },
{ "type": "Feature", "properties": { "ID": 4011400004260, "正式名称": "国家公務員共済組合連合会　新小倉病院", "機関区分": 1, "都道府県コード": 40, "市区町村コード": 106, "所在地": "福岡県北九州市小倉北区金田１丁目３－１", "緯度": 33.878516, "経度": 130.866553, "url": "https://www.iryou.teikyouseido.mhlw.go.jp/znk-web/juminkanja/S2430/initialize?prefCd=40&kikanCd=1400004260&kikanKbn=1", "url2": "https://shin-kokura.kkr.or.jp/", "内容": "国家公務員共済組合連合会　新小倉病院【1:病院】【診療科目:内科_感染症内科_血液内科_糖尿病内科_脳神経内科_呼吸器内科_循環器内科_消化器内科_肝臓内科_老年内科_外科_呼吸器外科_消化器外科_肝臓外科_整形外科_婦人科_眼科_皮膚科_泌尿器科_歯科口腔外科_リウマチ科_リハビリテーション科_放射線科_麻酔科】【一般病床数:259療養病床数:41精神病床数:0感染症病床数:0合計病床数:300】福岡県北九州市小倉北区金田１丁目３－１" }, "geometry": { "type": "Point", "coordinates": [ 130.866553, 33.878516 ] } },
{ "type": "Feature", "properties": { "ID": 4011400004270, "正式名称": "小倉記念病院", "機関区分": 1, "都道府県コード": 40, "市区町村コード": 106, "所在地": "福岡県北九州市小倉北区浅野三丁目２番１号", "緯度": 33.890571, "経度": 130.882468, "url": "https://www.iryou.teikyouseido.mhlw.go.jp/znk-web/juminkanja/S2430/initialize?prefCd=40&kikanCd=1400004270&kikanKbn=1", "url2": "www.kokurakinen.or.jp/", "内容": "小倉記念病院【1:病院】【診療科目:内科_血液内科_糖尿病・内分泌内科_糖尿病・代謝内科_脳神経内科_呼吸器内科_循環器内科_消化器内科_腎臓内科_外科_脳神経外科_呼吸器外科_血管外科_心臓血管外科_消化器外科_乳腺外科_頭頸部外科_整形外科_形成外科_婦人科_眼科_耳鼻いんこう科_皮膚科_泌尿器科_精神科_放射線科_病理診断科_麻酔科】【一般病床数:656療養病床数:0精神病床数:0感染症病床数:0合計病床数:656】福岡県北九州市小倉北区浅野三丁目２番１号" }, "geometry": { "type": "Point", "coordinates": [ 130.882468, 33.890571 ] } },
{ "type": "Feature", "properties": { "ID": 4011400004280, "正式名称": "小倉リハビリテーション病院", "機関区分": 1, "都道府県コード": 40, "市区町村コード": 106, "所在地": "福岡県北九州市小倉北区篠崎", "緯度": 33.86814, "経度": 130.869092, "url": "https://www.iryou.teikyouseido.mhlw.go.jp/znk-web/juminkanja/S2430/initialize?prefCd=40&kikanCd=1400004280&kikanKbn=1", "url2": "www.kyouwakai.net/", "内容": "小倉リハビリテーション病院【1:病院】【診療科目:内科_神経内科_整形外科_皮膚科_歯科_リハビリテーション科】【一般病床数:40療養病床数:158精神病床数:0感染症病床数:0合計病床数:198】福岡県北九州市小倉北区篠崎" }, "geometry": { "type": "Point", "coordinates": [ 130.869092, 33.86814 ] } },
{ "type": "Feature", "properties": { "ID": 4011400004290, "正式名称": "大手町リハビリテーション病院", "機関区分": 1, "都道府県コード": 40, "市区町村コード": 106, "所在地": "福岡県北九州市小倉北区大手町１４番１８号", "緯度": 33.8751, "経度": 130.869942, "url": "https://www.iryou.teikyouseido.mhlw.go.jp/znk-web/juminkanja/S2430/initialize?prefCd=40&kikanCd=1400004290&kikanKbn=1", "url2": "www.kenwakai.gr.jp/otemachi-riha/", "内容": "大手町リハビリテーション病院【1:病院】【診療科目:内科_脳神経外科_心臓血管外科_整形外科_皮膚科_リハビリテーション科_放射線科】【一般病床数:55療養病床数:275精神病床数:0感染症病床数:0合計病床数:330】福岡県北九州市小倉北区大手町１４番１８号" }, "geometry": { "type": "Point", "coordinates": [ 130.869942, 33.8751 ] } },
{ "type": "Feature", "properties": { "ID": 4011400004300, "正式名称": "小倉蒲生病院", "機関区分": 1, "都道府県コード": 40, "市区町村コード": 107, "所在地": "福岡県北九州市小倉南区蒲生五丁目５番１号", "緯度": 33.83816, "経度": 130.859888, "url": "https://www.iryou.teikyouseido.mhlw.go.jp/znk-web/juminkanja/S2430/initialize?prefCd=40&kikanCd=1400004300&kikanKbn=1", "url2": "www.kokura-gamou.jp/", "内容": "小倉蒲生病院【1:病院】【診療科目:神経内科_精神科】【一般病床数:0療養病床数:0精神病床数:254感染症病床数:0合計病床数:254】福岡県北九州市小倉南区蒲生五丁目５番１号" }, "geometry": { "type": "Point", "coordinates": [ 130.859888, 33.83816 ] } },
{ "type": "Feature", "properties": { "ID": 4011400004310, "正式名称": "医療法人社団響会　前田病院", "機関区分": 1, "都道府県コード": 40, "市区町村コード": 106, "所在地": "福岡県北九州市小倉北区片野新町１ー１ー２３", "緯度": 33.864028, "経度": 130.883092, "url": "https://www.iryou.teikyouseido.mhlw.go.jp/znk-web/juminkanja/S2430/initialize?prefCd=40&kikanCd=1400004310&kikanKbn=1", "url2": null, "内容": "医療法人社団響会　前田病院【1:病院】【診療科目:内科_感染症内科_血液内科_糖尿病内科_呼吸器内科_消化器内科_腎臓内科_リウマチ科_リハビリテーション科】【一般病床数:55療養病床数:43精神病床数:0感染症病床数:0合計病床数:98】福岡県北九州市小倉北区片野新町１ー１ー２３" }, "geometry": { "type": "Point", "coordinates": [ 130.883092, 33.864028 ] } },
{ "type": "Feature", "properties": { "ID": 4011400004320, "正式名称": "社会福祉法人杏和会　やまびこ学園", "機関区分": 1, "都道府県コード": 40, "市区町村コード": 107, "所在地": "福岡県北九州市小倉南区木下６０８", "緯度": 33.777889, "経度": 130.862251, "url": "https://www.iryou.teikyouseido.mhlw.go.jp/znk-web/juminkanja/S2430/initialize?prefCd=40&kikanCd=1400004320&kikanKbn=1", "url2": "http://yamabiko-g.or.jp", "内容": "社会福祉法人杏和会　やまびこ学園【1:病院】【診療科目:内科_小児科】【一般病床数:100療養病床数:0精神病床数:0感染症病床数:0合計病床数:100】福岡県北九州市小倉南区木下６０８" }, "geometry": { "type": "Point", "coordinates": [ 130.862251, 33.777889 ] } },
{ "type": "Feature", "properties": { "ID": 4011400004340, "正式名称": "慈恵曽根病院", "機関区分": 1, "都道府県コード": 40, "市区町村コード": 107, "所在地": "福岡県北九州市小倉南区沼本町", "緯度": 33.846105, "経度": 130.944075, "url": "https://www.iryou.teikyouseido.mhlw.go.jp/znk-web/juminkanja/S2430/initialize?prefCd=40&kikanCd=1400004340&kikanKbn=1", "url2": "http://www.jikeikai.jp/01/index.html", "内容": "慈恵曽根病院【1:病院】【診療科目:内科_循環器内科_外科_消化器外科_肛門外科_内視鏡外科_整形外科_リウマチ科_リハビリテーション科_放射線科】【一般病床数:55療養病床数:0精神病床数:0感染症病床数:0合計病床数:55】福岡県北九州市小倉南区沼本町" }, "geometry": { "type": "Point", "coordinates": [ 130.944075, 33.846105 ] } },
{ "type": "Feature", "properties": { "ID": 4011400004350, "正式名称": "社会医療法人財団　池友会　新小文字病院", "機関区分": 1, "都道府県コード": 40, "市区町村コード": 101, "所在地": "福岡県北九州市門司区大里新町２ー５", "緯度": 33.896987, "経度": 130.924547, "url": "https://www.iryou.teikyouseido.mhlw.go.jp/znk-web/juminkanja/S2430/initialize?prefCd=40&kikanCd=1400004350&kikanKbn=1", "url2": "www.shinkomonji-hp.jp", "内容": "社会医療法人財団　池友会　新小文字病院【1:病院】【診療科目:内科_糖尿病・内分泌内科_呼吸器内科_循環器内科_消化器内科_外科_脳神経外科_呼吸器外科_血管外科_消化器外科_整形外科_形成外科_皮膚科_泌尿器科_リウマチ科_リハビリテーション科_放射線科_病理診断科_救急科_麻酔科】【一般病床数:214療養病床数:0精神病床数:0感染症病床数:0合計病床数:214】福岡県北九州市門司区大里新町２ー５" }, "geometry": { "type": "Point", "coordinates": [ 130.924547, 33.896987 ] } },
{ "type": "Feature", "properties": { "ID": 4011400004360, "正式名称": "公立大学法人　九州歯科大学附属病院", "機関区分": 1, "都道府県コード": 40, "市区町村コード": 106, "所在地": "福岡県北九州市小倉北区真鶴２丁目６－１", "緯度": 33.8716, "経度": 130.853471, "url": "https://www.iryou.teikyouseido.mhlw.go.jp/znk-web/juminkanja/S2430/initialize?prefCd=40&kikanCd=1400004360&kikanKbn=1", "url2": "www.kyu-dent.ac.jp/", "内容": "公立大学法人　九州歯科大学附属病院【1:病院】【診療科目:内科_歯科_矯正歯科_歯科口腔外科_小児歯科】【一般病床数:60療養病床数:0精神病床数:0感染症病床数:0合計病床数:60】福岡県北九州市小倉北区真鶴２丁目６－１" }, "geometry": { "type": "Point", "coordinates": [ 130.853471, 33.8716 ] } },
{ "type": "Feature", "properties": { "ID": 4011400004380, "正式名称": "特定医療法人天臣会松尾病院", "機関区分": 1, "都道府県コード": 40, "市区町村コード": 107, "所在地": "福岡県北九州市小倉南区葛原高松１－２－３０", "緯度": 33.845466, "経度": 130.924799, "url": "https://www.iryou.teikyouseido.mhlw.go.jp/znk-web/juminkanja/S2430/initialize?prefCd=40&kikanCd=1400004380&kikanKbn=1", "url2": "www.matsuo-hp.jp/", "内容": "特定医療法人天臣会松尾病院【1:病院】【診療科目:内科_精神科】【一般病床数:0療養病床数:0精神病床数:321感染症病床数:0合計病床数:321】福岡県北九州市小倉南区葛原高松１－２－３０" }, "geometry": { "type": "Point", "coordinates": [ 130.924799, 33.845466 ] } },
{ "type": "Feature", "properties": { "ID": 4011400004390, "正式名称": "北九州湯川病院", "機関区分": 1, "都道府県コード": 40, "市区町村コード": 107, "所在地": "福岡県北九州市小倉南区湯川５丁目１０番１０号", "緯度": 33.845715, "経度": 130.907578, "url": "https://www.iryou.teikyouseido.mhlw.go.jp/znk-web/juminkanja/S2430/initialize?prefCd=40&kikanCd=1400004390&kikanKbn=1", "url2": "www.kitakyu-hp.or.jp/contents/kitahos_yugawa.htm", "内容": "北九州湯川病院【1:病院】【診療科目:内科_リハビリテーション科】【一般病床数:102療養病床数:120精神病床数:0感染症病床数:0合計病床数:222】福岡県北九州市小倉南区湯川５丁目１０番１０号" }, "geometry": { "type": "Point", "coordinates": [ 130.907578, 33.845715 ] } },
{ "type": "Feature", "properties": { "ID": 4011400004400, "正式名称": "北九州中央病院", "機関区分": 1, "都道府県コード": 40, "市区町村コード": 106, "所在地": "福岡県北九州市小倉北区香春口１丁目１３番１号", "緯度": 33.873212, "経度": 130.879969, "url": "https://www.iryou.teikyouseido.mhlw.go.jp/znk-web/juminkanja/S2430/initialize?prefCd=40&kikanCd=1400004400&kikanKbn=1", "url2": "www.kitakyu-hp.or.jp", "内容": "北九州中央病院【1:病院】【診療科目:内科_循環器内科_消化器内科_リハビリテーション科】【一般病床数:60療養病床数:240精神病床数:0感染症病床数:0合計病床数:300】福岡県北九州市小倉北区香春口１丁目１３番１号" }, "geometry": { "type": "Point", "coordinates": [ 130.879969, 33.873212 ] } },
{ "type": "Feature", "properties": { "ID": 4011400004410, "正式名称": "医療法人社団恵友会　霧ヶ丘つだ病院", "機関区分": 1, "都道府県コード": 40, "市区町村コード": 106, "所在地": "福岡県北九州市小倉北区霧ケ丘３－９－２０", "緯度": 33.852492, "経度": 130.896218, "url": "https://www.iryou.teikyouseido.mhlw.go.jp/znk-web/juminkanja/S2430/initialize?prefCd=40&kikanCd=1400004410&kikanKbn=1", "url2": "www.k-you.or.jp", "内容": "医療法人社団恵友会　霧ヶ丘つだ病院【1:病院】【診療科目:内科_呼吸器内科_循環器内科_消化器内科_マウスピース（睡眠時無呼吸症候群）作成_リウマチ科_リハビリテーション科】【一般病床数:69療養病床数:0精神病床数:0感染症病床数:0合計病床数:69】福岡県北九州市小倉北区霧ケ丘３－９－２０" }, "geometry": { "type": "Point", "coordinates": [ 130.896218, 33.852492 ] } },
{ "type": "Feature", "properties": { "ID": 4011400004420, "正式名称": "小倉南メディカルケア病院", "機関区分": 1, "都道府県コード": 40, "市区町村コード": 107, "所在地": "福岡県北九州市小倉南区葛原東二丁目１４番２号", "緯度": 33.819913, "経度": 130.916578, "url": "https://www.iryou.teikyouseido.mhlw.go.jp/znk-web/juminkanja/S2430/initialize?prefCd=40&kikanCd=1400004420&kikanKbn=1", "url2": "www.jojinkai.com/kokura/", "内容": "小倉南メディカルケア病院【1:病院】【診療科目:内科_漢方内科_小児科_リハビリテーション科】【一般病床数:0療養病床数:90精神病床数:0感染症病床数:0合計病床数:90】福岡県北九州市小倉南区葛原東二丁目１４番２号" }, "geometry": { "type": "Point", "coordinates": [ 130.916578, 33.819913 ] } },
{ "type": "Feature", "properties": { "ID": 4011400004440, "正式名称": "医療法人慈恵会　小倉セントラル病院", "機関区分": 1, "都道府県コード": 40, "市区町村コード": 107, "所在地": "福岡県北九州市小倉南区長野本町４丁目６番１号", "緯度": 33.827551, "経度": 130.910495, "url": "https://www.iryou.teikyouseido.mhlw.go.jp/znk-web/juminkanja/S2430/initialize?prefCd=40&kikanCd=1400004440&kikanKbn=1", "url2": "www.jikeikai.jp/05/index.html", "内容": "医療法人慈恵会　小倉セントラル病院【1:病院】【診療科目:内科_外科_消化器外科_肛門外科_麻酔科】【一般病床数:0療養病床数:60精神病床数:0感染症病床数:0合計病床数:60】福岡県北九州市小倉南区長野本町４丁目６番１号" }, "geometry": { "type": "Point", "coordinates": [ 130.910495, 33.827551 ] } },
{ "type": "Feature", "properties": { "ID": 4011400004450, "正式名称": "社会福祉法人　小倉新栄会　新栄会病院", "機関区分": 1, "都道府県コード": 40, "市区町村コード": 106, "所在地": "福岡県北九州市小倉北区弁天町１２番１１号", "緯度": 33.869684, "経度": 130.863192, "url": "https://www.iryou.teikyouseido.mhlw.go.jp/znk-web/juminkanja/S2430/initialize?prefCd=40&kikanCd=1400004450&kikanKbn=1", "url2": "www.shin-eikai.com", "内容": "社会福祉法人　小倉新栄会　新栄会病院【1:病院】【診療科目:内科_糖尿病内科_消化器内科_腎臓内科_整形外科_皮膚科_リハビリテーション科_放射線科】【一般病床数:0療養病床数:105精神病床数:0感染症病床数:0合計病床数:105】福岡県北九州市小倉北区弁天町１２番１１号" }, "geometry": { "type": "Point", "coordinates": [ 130.863192, 33.869684 ] } },
{ "type": "Feature", "properties": { "ID": 4011400004460, "正式名称": "医療法人杏和会　平尾台病院", "機関区分": 1, "都道府県コード": 40, "市区町村コード": 107, "所在地": "福岡県北九州市小倉南区木下５５５", "緯度": 33.777556, "経度": 130.862251, "url": "https://www.iryou.teikyouseido.mhlw.go.jp/znk-web/juminkanja/S2430/initialize?prefCd=40&kikanCd=1400004460&kikanKbn=1", "url2": null, "内容": "医療法人杏和会　平尾台病院【1:病院】【診療科目:精神科_神経科】【一般病床数:0療養病床数:0精神病床数:136感染症病床数:0合計病床数:136】福岡県北九州市小倉南区木下５５５" }, "geometry": { "type": "Point", "coordinates": [ 130.862251, 33.777556 ] } },
{ "type": "Feature", "properties": { "ID": 4011400004470, "正式名称": "社会医療法人北九州病院　北九州安部山公園病院", "機関区分": 1, "都道府県コード": 40, "市区町村コード": 107, "所在地": "福岡県北九州市小倉南区大字湯川１３９番地の２１", "緯度": 33.850243, "経度": 130.909633, "url": "https://www.iryou.teikyouseido.mhlw.go.jp/znk-web/juminkanja/S2430/initialize?prefCd=40&kikanCd=1400004470&kikanKbn=1", "url2": "https://abeyama.kitakyu-hp.or.jp/", "内容": "社会医療法人北九州病院　北九州安部山公園病院【1:病院】【診療科目:内科_リハビリテーション科】【一般病床数:0療養病床数:160精神病床数:0感染症病床数:0合計病床数:160】福岡県北九州市小倉南区大字湯川１３９番地の２１" }, "geometry": { "type": "Point", "coordinates": [ 130.909633, 33.850243 ] } },
{ "type": "Feature", "properties": { "ID": 4011400004480, "正式名称": "医療法人　錦会　上曽根病院", "機関区分": 1, "都道府県コード": 40, "市区町村コード": 107, "所在地": "福岡県北九州市小倉南区上曽根五丁目１３番１号", "緯度": 33.811775, "経度": 130.945353, "url": "https://www.iryou.teikyouseido.mhlw.go.jp/znk-web/juminkanja/S2430/initialize?prefCd=40&kikanCd=1400004480&kikanKbn=1", "url2": "www.kamisone.jp", "内容": "医療法人　錦会　上曽根病院【1:病院】【診療科目:内科_神経内科_外科_脳神経外科_整形外科_リハビリテーション科】【一般病床数:0療養病床数:136精神病床数:0感染症病床数:0合計病床数:136】福岡県北九州市小倉南区上曽根五丁目１３番１号" }, "geometry": { "type": "Point", "coordinates": [ 130.945353, 33.811775 ] } },
{ "type": "Feature", "properties": { "ID": 4011400004490, "正式名称": "医療法人　あさひ松本病院", "機関区分": 1, "都道府県コード": 40, "市区町村コード": 107, "所在地": "福岡県北九州市小倉南区津田五丁目１番５号", "緯度": 33.826801, "経度": 130.928632, "url": "https://www.iryou.teikyouseido.mhlw.go.jp/znk-web/juminkanja/S2430/initialize?prefCd=40&kikanCd=1400004490&kikanKbn=1", "url2": "www.asahimatumoto.or.jp", "内容": "医療法人　あさひ松本病院【1:病院】【診療科目:内科_循環器内科_消化器内科_神経内科_リウマチ科_リハビリテーション科】【一般病床数:70療養病床数:30精神病床数:0感染症病床数:0合計病床数:100】福岡県北九州市小倉南区津田五丁目１番５号" }, "geometry": { "type": "Point", "coordinates": [ 130.928632, 33.826801 ] } },
{ "type": "Feature", "properties": { "ID": 4011400004500, "正式名称": "小倉到津病院", "機関区分": 1, "都道府県コード": 40, "市区町村コード": 106, "所在地": "福岡県北九州市小倉北区下到津５丁目１０番３１号", "緯度": 33.875627, "経度": 130.855526, "url": "https://www.iryou.teikyouseido.mhlw.go.jp/znk-web/juminkanja/S2430/initialize?prefCd=40&kikanCd=1400004500&kikanKbn=1", "url2": "www.kokuraitouzu.com", "内容": "小倉到津病院【1:病院】【診療科目:内科_呼吸器内科_循環器内科_消化器内科_リハビリテーション科_放射線科】【一般病床数:53療養病床数:47精神病床数:0感染症病床数:0合計病床数:100】福岡県北九州市小倉北区下到津５丁目１０番３１号" }, "geometry": { "type": "Point", "coordinates": [ 130.855526, 33.875627 ] } },
{ "type": "Feature", "properties": { "ID": 4011400004510, "正式名称": "社会医療法人北九州病院　北九州小倉病院", "機関区分": 1, "都道府県コード": 40, "市区町村コード": 106, "所在地": "福岡県北九州市小倉北区上富野三丁目１９番１号", "緯度": 33.887349, "経度": 130.901439, "url": "https://www.iryou.teikyouseido.mhlw.go.jp/znk-web/juminkanja/S2430/initialize?prefCd=40&kikanCd=1400004510&kikanKbn=1", "url2": "https://www.kitakyu-hp.or.jp/contents/kitahos_kokura.htm", "内容": "社会医療法人北九州病院　北九州小倉病院【1:病院】【診療科目:内科_循環器内科_消化器内科_リハビリテーション科】【一般病床数:77療養病床数:120精神病床数:0感染症病床数:0合計病床数:197】福岡県北九州市小倉北区上富野三丁目１９番１号" }, "geometry": { "type": "Point", "coordinates": [ 130.901439, 33.887349 ] } },
{ "type": "Feature", "properties": { "ID": 4011400004520, "正式名称": "医療法人はるか　聖ヨハネ病院", "機関区分": 1, "都道府県コード": 40, "市区町村コード": 109, "所在地": "福岡県北九州市八幡西区陣山１丁目４ー２８", "緯度": 33.867321, "経度": 130.779506, "url": "https://www.iryou.teikyouseido.mhlw.go.jp/znk-web/juminkanja/S2430/initialize?prefCd=40&kikanCd=1400004520&kikanKbn=1", "url2": "haruka-mc.jp/", "内容": "医療法人はるか　聖ヨハネ病院【1:病院】【診療科目:内科_神経内科_緩和ケア内科_外科_リハビリテーション科_救急科】【一般病床数:39療養病床数:0精神病床数:0感染症病床数:0合計病床数:39】福岡県北九州市八幡西区陣山１丁目４ー２８" }, "geometry": { "type": "Point", "coordinates": [ 130.779506, 33.867321 ] } },
{ "type": "Feature", "properties": { "ID": 4011400004540, "正式名称": "独立行政法人国立病院機構福岡東医療センター", "機関区分": 1, "都道府県コード": 40, "市区町村コード": 223, "所在地": "福岡県古賀市千鳥１－１－１", "緯度": 33.739664, "経度": 130.476648, "url": "https://www.iryou.teikyouseido.mhlw.go.jp/znk-web/juminkanja/S2430/initialize?prefCd=40&kikanCd=1400004540&kikanKbn=1", "url2": "https://fukuokae.hosp.go.jp/", "内容": "独立行政法人国立病院機構福岡東医療センター【1:病院】【診療科目:内科_感染症内科_血液・腫瘍内科_糖尿病・内分泌内科_呼吸器内科_循環器内科_消化器内科_腎臓内科_肝臓内科_神経内科_緩和ケア内科_外科_脳神経外科_呼吸器外科_血管外科_心臓血管外科_肝臓外科_整形外科_小児科_神経小児科_婦人科_皮膚科_精神科_心療内科_歯科口腔外科_アレルギー科_リハビリテーション科_放射線科_病理診断科_救急科_麻酔科】【一般病床数:499療養病床数:0精神病床数:0感染症病床数:12合計病床数:549】福岡県古賀市千鳥１－１－１" }, "geometry": { "type": "Point", "coordinates": [ 130.476648, 33.739664 ] } },
{ "type": "Feature", "properties": { "ID": 4011400004550, "正式名称": "独立行政法人国立病院機構　九州がんセンター", "機関区分": 1, "都道府県コード": 40, "市区町村コード": 134, "所在地": "福岡県福岡市南区野多目３丁目１－１", "緯度": 33.543491, "経度": 130.42238, "url": "https://www.iryou.teikyouseido.mhlw.go.jp/znk-web/juminkanja/S2430/initialize?prefCd=40&kikanCd=1400004550&kikanKbn=1", "url2": "https://kyushu-cc.hosp.go.jp/", "内容": "独立行政法人国立病院機構　九州がんセンター【1:病院】【診療科目:内科_呼吸器内科_循環器内科_消化器内科_外科_呼吸器外科_気管食道外科_整形外科_形成外科_小児科_婦人科_耳鼻いんこう科_皮膚科_泌尿器科_精神科_歯科_リハビリテーション科_放射線科_病理診断科_麻酔科】【一般病床数:411療養病床数:0精神病床数:0感染症病床数:0合計病床数:411】福岡県福岡市南区野多目３丁目１－１" }, "geometry": { "type": "Point", "coordinates": [ 130.42238, 33.543491 ] } },
{ "type": "Feature", "properties": { "ID": 4011400004570, "正式名称": "独立行政法人国立病院機構　福岡病院", "機関区分": 1, "都道府県コード": 40, "市区町村コード": 134, "所在地": "福岡県福岡市南区屋形原４－３９－１", "緯度": 33.534714, "経度": 130.408743, "url": "https://www.iryou.teikyouseido.mhlw.go.jp/znk-web/juminkanja/S2430/initialize?prefCd=40&kikanCd=1400004570&kikanKbn=1", "url2": "https://fukuoka.hosp.go.jp/", "内容": "独立行政法人国立病院機構　福岡病院【1:病院】【診療科目:内科_呼吸器内科_循環器内科_外科_整形外科_小児科_耳鼻いんこう科_皮膚科_精神科_心療内科_歯科_アレルギー科_リウマチ科_リハビリテーション科_放射線科_麻酔科】【一般病床数:360療養病床数:0精神病床数:0感染症病床数:0合計病床数:360】福岡県福岡市南区屋形原４－３９－１" }, "geometry": { "type": "Point", "coordinates": [ 130.408743, 33.534714 ] } },
{ "type": "Feature", "properties": { "ID": 4011400004590, "正式名称": "（独行）国立病院機構大牟田病院", "機関区分": 1, "都道府県コード": 40, "市区町村コード": 202, "所在地": "福岡県大牟田市橘１０４４の１", "緯度": 33.072295, "経度": 130.47261, "url": "https://www.iryou.teikyouseido.mhlw.go.jp/znk-web/juminkanja/S2430/initialize?prefCd=40&kikanCd=1400004590&kikanKbn=1", "url2": "https://omuta.hosp.go.jp/", "内容": "（独行）国立病院機構大牟田病院【1:病院】【診療科目:内科_脳神経内科_呼吸器内科_循環器内科_外科_呼吸器外科_小児科_皮膚科_リウマチ科_リハビリテーション科_放射線科_麻酔科】【一般病床数:380療養病床数:0精神病床数:0感染症病床数:2合計病床数:402】福岡県大牟田市橘１０４４の１" }, "geometry": { "type": "Point", "coordinates": [ 130.47261, 33.072295 ] } },
{ "type": "Feature", "properties": { "ID": 4011400004600, "正式名称": "独立行政法人国立病院機構小倉医療センター", "機関区分": 1, "都道府県コード": 40, "市区町村コード": 107, "所在地": "福岡県北九州市小倉南区春ケ丘１０番１号", "緯度": 33.849603, "経度": 130.883414, "url": "https://www.iryou.teikyouseido.mhlw.go.jp/znk-web/juminkanja/S2430/initialize?prefCd=40&kikanCd=1400004600&kikanKbn=1", "url2": "https://kokura.hosp.go.jp/", "内容": "独立行政法人国立病院機構小倉医療センター【1:病院】【診療科目:内科_呼吸器内科_循環器内科_消化器内科_外科_消化器外科_乳腺外科_整形外科_小児科_小児外科_産科_婦人科_眼科_耳鼻いんこう科_皮膚科_泌尿器科_精神科_心療内科_歯科_放射線科_病理診断科_麻酔科】【一般病床数:350療養病床数:0精神病床数:50感染症病床数:0合計病床数:400】福岡県北九州市小倉南区春ケ丘１０番１号" }, "geometry": { "type": "Point", "coordinates": [ 130.883414, 33.849603 ] } },
{ "type": "Feature", "properties": { "ID": 4011400004610, "正式名称": "医療法人　互舎会　筥松病院", "機関区分": 1, "都道府県コード": 40, "市区町村コード": 131, "所在地": "福岡県福岡市東区筥松１丁目３番９号", "緯度": 33.615177, "経度": 130.431363, "url": "https://www.iryou.teikyouseido.mhlw.go.jp/znk-web/juminkanja/S2430/initialize?prefCd=40&kikanCd=1400004610&kikanKbn=1", "url2": "hakomatsu-hp.com", "内容": "医療法人　互舎会　筥松病院【1:病院】【診療科目:精神科_心療内科】【一般病床数:0療養病床数:0精神病床数:183感染症病床数:0合計病床数:183】福岡県福岡市東区筥松１丁目３番９号" }, "geometry": { "type": "Point", "coordinates": [ 130.431363, 33.615177 ] } },
{ "type": "Feature", "properties": { "ID": 4011400004620, "正式名称": "福岡県こども療育センター新光園", "機関区分": 1, "都道府県コード": 40, "市区町村コード": 345, "所在地": "福岡県糟屋郡新宮町緑ヶ浜４丁目２番１号", "緯度": 33.712083, "経度": 130.445235, "url": "https://www.iryou.teikyouseido.mhlw.go.jp/znk-web/juminkanja/S2430/initialize?prefCd=40&kikanCd=1400004620&kikanKbn=1", "url2": "www.pref.fukuoka.lg.jp/contents/syo-kai.html", "内容": "福岡県こども療育センター新光園【1:病院】【診療科目:整形外科_小児科_児童精神科_小児歯科】【一般病床数:30療養病床数:0精神病床数:0感染症病床数:0合計病床数:30】福岡県糟屋郡新宮町緑ヶ浜４丁目２番１号" }, "geometry": { "type": "Point", "coordinates": [ 130.445235, 33.712083 ] } },
{ "type": "Feature", "properties": { "ID": 4011400004630, "正式名称": "医療法人社団　宗正会　東福間病院", "機関区分": 1, "都道府県コード": 40, "市区町村コード": 224, "所在地": "福岡県福津市津丸１１６４ー３", "緯度": 33.772208, "経度": 130.505114, "url": "https://www.iryou.teikyouseido.mhlw.go.jp/znk-web/juminkanja/S2430/initialize?prefCd=40&kikanCd=1400004630&kikanKbn=1", "url2": "https://www.souseikai-hp.or.jp", "内容": "医療法人社団　宗正会　東福間病院【1:病院】【診療科目:内科_神経内科_リハビリテーション科_放射線科】【一般病床数:0療養病床数:51精神病床数:0感染症病床数:0合計病床数:51】福岡県福津市津丸１１６４ー３" }, "geometry": { "type": "Point", "coordinates": [ 130.505114, 33.772208 ] } },
{ "type": "Feature", "properties": { "ID": 4011400004650, "正式名称": "医療法人社団益豊会今宿病院", "機関区分": 1, "都道府県コード": 40, "市区町村コード": 135, "所在地": "福岡県福岡市西区今宿２丁目１２番７号", "緯度": 33.582094, "経度": 130.265921, "url": "https://www.iryou.teikyouseido.mhlw.go.jp/znk-web/juminkanja/S2430/initialize?prefCd=40&kikanCd=1400004650&kikanKbn=1", "url2": "www.imajuku-hospital.gr.jp", "内容": "医療法人社団益豊会今宿病院【1:病院】【診療科目:内科_精神科_心療内科】【一般病床数:0療養病床数:0精神病床数:140感染症病床数:0合計病床数:140】福岡県福岡市西区今宿２丁目１２番７号" }, "geometry": { "type": "Point", "coordinates": [ 130.265921, 33.582094 ] } },
{ "type": "Feature", "properties": { "ID": 4011400004660, "正式名称": "福岡山王病院", "機関区分": 1, "都道府県コード": 40, "市区町村コード": 137, "所在地": "福岡県福岡市早良区百道浜３丁目６番４５号", "緯度": 33.591018, "経度": 130.350484, "url": "https://www.iryou.teikyouseido.mhlw.go.jp/znk-web/juminkanja/S2430/initialize?prefCd=40&kikanCd=1400004660&kikanKbn=1", "url2": "f-sanno.kouhoukai.or.jp/", "内容": "福岡山王病院【1:病院】【診療科目:内科_血液・腫瘍内科_糖尿病内科_代謝内科_内分泌内科_脳神経内科_呼吸器内科_循環器内科_消化器内科_腎臓内科_肝臓内科_ペインクリニック内科_総合診療科_外科_脳神経外科_呼吸器外科_血管外科_心臓血管外科_消化器外科_肝臓・胆のう・膵臓外科_乳腺外科_大腸・肛門外科_整形外科_形成外科_小児科_産婦人科_産科_産婦人科（生殖医療）_眼科_耳鼻いんこう科_皮膚科_泌尿器科_リハビリテーション科_放射線科_放射線診断科_放射線治療科_病理診断科_臨床検査科_麻酔科】【一般病床数:199療養病床数:0精神病床数:0感染症病床数:0合計病床数:199】福岡県福岡市早良区百道浜３丁目６番４５号" }, "geometry": { "type": "Point", "coordinates": [ 130.350484, 33.591018 ] } },
{ "type": "Feature", "properties": { "ID": 4011400004680, "正式名称": "医療法人　芙蓉会　筑紫南ヶ丘病院", "機関区分": 1, "都道府県コード": 40, "市区町村コード": 219, "所在地": "福岡県大野城市牛頸１０３４－５", "緯度": 33.506246, "経度": 130.475737, "url": "https://www.iryou.teikyouseido.mhlw.go.jp/znk-web/juminkanja/S2430/initialize?prefCd=40&kikanCd=1400004680&kikanKbn=1", "url2": "www.minamigaoka.jp/", "内容": "医療法人　芙蓉会　筑紫南ヶ丘病院【1:病院】【診療科目:内科_循環器内科_消化器内科_リハビリテーション科】【一般病床数:0療養病床数:250精神病床数:0感染症病床数:0合計病床数:250】福岡県大野城市牛頸１０３４－５" }, "geometry": { "type": "Point", "coordinates": [ 130.475737, 33.506246 ] } },
{ "type": "Feature", "properties": { "ID": 4011400004690, "正式名称": "医療法人つくし会病院", "機関区分": 1, "都道府県コード": 40, "市区町村コード": 219, "所在地": "福岡県大野城市乙金３ー１８ー２０", "緯度": 33.541742, "経度": 130.497735, "url": "https://www.iryou.teikyouseido.mhlw.go.jp/znk-web/juminkanja/S2430/initialize?prefCd=40&kikanCd=1400004690&kikanKbn=1", "url2": "www.tsukushi-kai.com/", "内容": "医療法人つくし会病院【1:病院】【診療科目:内科_リハビリテーション科】【一般病床数:0療養病床数:172精神病床数:0感染症病床数:0合計病床数:172】福岡県大野城市乙金３ー１８ー２０" }, "geometry": { "type": "Point", "coordinates": [ 130.497735, 33.541742 ] } },
{ "type": "Feature", "properties": { "ID": 4011400004700, "正式名称": "石津病院", "機関区分": 1, "都道府県コード": 40, "市区町村コード": 218, "所在地": "福岡県春日市大谷１丁目７３番地", "緯度": 33.530076, "経度": 130.45385, "url": "https://www.iryou.teikyouseido.mhlw.go.jp/znk-web/juminkanja/S2430/initialize?prefCd=40&kikanCd=1400004700&kikanKbn=1", "url2": "ishizu-hospital.com", "内容": "石津病院【1:病院】【診療科目:内科_糖尿病内科_呼吸器内科_消化器内科_神経内科_リハビリテーション科】【一般病床数:60療養病床数:0精神病床数:0感染症病床数:0合計病床数:60】福岡県春日市大谷１丁目７３番地" }, "geometry": { "type": "Point", "coordinates": [ 130.45385, 33.530076 ] } },
{ "type": "Feature", "properties": { "ID": 4011400004720, "正式名称": "医療法人徳洲会　二日市徳洲会病院", "機関区分": 1, "都道府県コード": 40, "市区町村コード": 217, "所在地": "福岡県筑紫野市二日市中央４ー８ー２５", "緯度": 33.499609, "経度": 130.517151, "url": "https://www.iryou.teikyouseido.mhlw.go.jp/znk-web/juminkanja/S2430/initialize?prefCd=40&kikanCd=1400004720&kikanKbn=1", "url2": "www.futsukaichi.tokushukai.or.jp/", "内容": "医療法人徳洲会　二日市徳洲会病院【1:病院】【診療科目:内科_循環器内科_消化器内科_神経内科_脳神経外科_整形外科_心療内科_リウマチ科_リハビリテーション科】【一般病床数:52療養病床数:0精神病床数:0感染症病床数:0合計病床数:52】福岡県筑紫野市二日市中央４ー８ー２５" }, "geometry": { "type": "Point", "coordinates": [ 130.517151, 33.499609 ] } },
{ "type": "Feature", "properties": { "ID": 4011400004730, "正式名称": "久留米リハビリテーション病院", "機関区分": 1, "都道府県コード": 40, "市区町村コード": 203, "所在地": "福岡県久留米市山本町豊田１８８７", "緯度": 33.306396, "経度": 130.589912, "url": "https://www.iryou.teikyouseido.mhlw.go.jp/znk-web/juminkanja/S2430/initialize?prefCd=40&kikanCd=1400004730&kikanKbn=1", "url2": "www.kurume-reha.or.jp", "内容": "久留米リハビリテーション病院【1:病院】【診療科目:内科_糖尿病内科_循環器内科_消化器内科_整形外科_リウマチ科_リハビリテーション科】【一般病床数:36療養病床数:84精神病床数:0感染症病床数:0合計病床数:120】福岡県久留米市山本町豊田１８８７" }, "geometry": { "type": "Point", "coordinates": [ 130.589912, 33.306396 ] } },
{ "type": "Feature", "properties": { "ID": 4011400004740, "正式名称": "医療法人海邦会　松崎記念病院", "機関区分": 1, "都道府県コード": 40, "市区町村コード": 216, "所在地": "福岡県小郡市松崎１８番地７", "緯度": 33.398566, "経度": 130.587286, "url": "https://www.iryou.teikyouseido.mhlw.go.jp/znk-web/juminkanja/S2430/initialize?prefCd=40&kikanCd=1400004740&kikanKbn=1", "url2": "www.kaihokai.or.jp/matsuzaki-kinen-hp.html", "内容": "医療法人海邦会　松崎記念病院【1:病院】【診療科目:内科_呼吸器内科_皮膚科_放射線科】【一般病床数:0療養病床数:50精神病床数:0感染症病床数:0合計病床数:50】福岡県小郡市松崎１８番地７" }, "geometry": { "type": "Point", "coordinates": [ 130.587286, 33.398566 ] } },
{ "type": "Feature", "properties": { "ID": 4011400004750, "正式名称": "ゆうかり医療療育センター", "機関区分": 1, "都道府県コード": 40, "市区町村コード": 203, "所在地": "福岡県久留米市田主丸町中尾１２７４番地１", "緯度": 33.33163, "経度": 130.645644, "url": "https://www.iryou.teikyouseido.mhlw.go.jp/znk-web/juminkanja/S2430/initialize?prefCd=40&kikanCd=1400004750&kikanKbn=1", "url2": "www.yuukari.or.jp", "内容": "ゆうかり医療療育センター【1:病院】【診療科目:整形外科_小児科_歯科】【一般病床数:150療養病床数:0精神病床数:0感染症病床数:0合計病床数:150】福岡県久留米市田主丸町中尾１２７４番地１" }, "geometry": { "type": "Point", "coordinates": [ 130.645644, 33.33163 ] } },
{ "type": "Feature", "properties": { "ID": 4011400004760, "正式名称": "柳川療育センター", "機関区分": 1, "都道府県コード": 40, "市区町村コード": 207, "所在地": "福岡県柳川市三橋町棚町２１８番地１", "緯度": 33.152468, "経度": 130.445863, "url": "https://www.iryou.teikyouseido.mhlw.go.jp/znk-web/juminkanja/S2430/initialize?prefCd=40&kikanCd=1400004760&kikanKbn=1", "url2": "http://yrc.kouhoukai.org/", "内容": "柳川療育センター【1:病院】【診療科目:内科_整形外科_小児科_小児神経科_リハビリテーション科】【一般病床数:120療養病床数:0精神病床数:0感染症病床数:0合計病床数:120】福岡県柳川市三橋町棚町２１８番地１" }, "geometry": { "type": "Point", "coordinates": [ 130.445863, 33.152468 ] } },
{ "type": "Feature", "properties": { "ID": 4011400004780, "正式名称": "方城療育園いきがい", "機関区分": 1, "都道府県コード": 40, "市区町村コード": 610, "所在地": "福岡県田川郡福智町弁城４１９３番地１５", "緯度": 33.69673, "経度": 130.778816, "url": "https://www.iryou.teikyouseido.mhlw.go.jp/znk-web/juminkanja/S2430/initialize?prefCd=40&kikanCd=1400004780&kikanKbn=1", "url2": "hojo-r.sakura.ne.jp/", "内容": "方城療育園いきがい【1:病院】【診療科目:内科_小児科_精神科】【一般病床数:50療養病床数:0精神病床数:0感染症病床数:0合計病床数:50】福岡県田川郡福智町弁城４１９３番地１５" }, "geometry": { "type": "Point", "coordinates": [ 130.778816, 33.69673 ] } },
{ "type": "Feature", "properties": { "ID": 4011400004790, "正式名称": "水北第一病院", "機関区分": 1, "都道府県コード": 40, "市区町村コード": 382, "所在地": "福岡県遠賀郡水巻町吉田西３－１３－１３", "緯度": 33.8446, "経度": 130.70168, "url": "https://www.iryou.teikyouseido.mhlw.go.jp/znk-web/juminkanja/S2430/initialize?prefCd=40&kikanCd=1400004790&kikanKbn=1", "url2": "suihoku.com", "内容": "水北第一病院【1:病院】【診療科目:内科_循環器内科_消化器内科_肝臓内科_外科_脳神経外科_小児科_泌尿器科_リハビリテーション科_放射線科】【一般病床数:124療養病床数:0精神病床数:0感染症病床数:0合計病床数:124】福岡県遠賀郡水巻町吉田西３－１３－１３" }, "geometry": { "type": "Point", "coordinates": [ 130.70168, 33.8446 ] } },
{ "type": "Feature", "properties": { "ID": 4011400004800, "正式名称": "福岡新水巻病院", "機関区分": 1, "都道府県コード": 40, "市区町村コード": 382, "所在地": "福岡県遠賀郡水巻町立屋敷１ー２ー１", "緯度": 33.852182, "経度": 130.688542, "url": "https://www.iryou.teikyouseido.mhlw.go.jp/znk-web/juminkanja/S2430/initialize?prefCd=40&kikanCd=1400004800&kikanKbn=1", "url2": "www.f-shinmizumaki.jp/", "内容": "福岡新水巻病院【1:病院】【診療科目:内科_呼吸器内科_循環器内科_消化器内科_外科_脳神経外科_心臓血管外科_消化器外科_整形外科_形成外科_小児科_産婦人科_皮膚科_泌尿器科_歯科口腔外科_リハビリテーション科_放射線科_病理診断科_臨床検査科_救急科_麻酔科】【一般病床数:227療養病床数:0精神病床数:0感染症病床数:0合計病床数:227】福岡県遠賀郡水巻町立屋敷１ー２ー１" }, "geometry": { "type": "Point", "coordinates": [ 130.688542, 33.852182 ] } },
{ "type": "Feature", "properties": { "ID": 4011400004810, "正式名称": "青葉台病院", "機関区分": 1, "都道府県コード": 40, "市区町村コード": 103, "所在地": "福岡県北九州市若松区青葉台東", "緯度": 33.90126, "経度": 130.690124, "url": "https://www.iryou.teikyouseido.mhlw.go.jp/znk-web/juminkanja/S2430/initialize?prefCd=40&kikanCd=1400004810&kikanKbn=1", "url2": "yamabuki.sakura.ne.jp/~eisinkai/", "内容": "青葉台病院【1:病院】【診療科目:内科_呼吸器内科_循環器内科_消化器内科_リハビリテーション科_放射線科】【一般病床数:43療養病床数:0精神病床数:0感染症病床数:0合計病床数:43】福岡県北九州市若松区青葉台東" }, "geometry": { "type": "Point", "coordinates": [ 130.690124, 33.90126 ] } },
{ "type": "Feature", "properties": { "ID": 4011400004820, "正式名称": "八幡西病院", "機関区分": 1, "都道府県コード": 40, "市区町村コード": 109, "所在地": "福岡県北九州市八幡西区小嶺台１－１６－２３", "緯度": 33.814299, "経度": 130.751454, "url": "https://www.iryou.teikyouseido.mhlw.go.jp/znk-web/juminkanja/S2430/initialize?prefCd=40&kikanCd=1400004820&kikanKbn=1", "url2": "yahatanishi-hp.jp/", "内容": "八幡西病院【1:病院】【診療科目:内科_リハビリテーション科】【一般病床数:0療養病床数:201精神病床数:0感染症病床数:0合計病床数:201】福岡県北九州市八幡西区小嶺台１－１６－２３" }, "geometry": { "type": "Point", "coordinates": [ 130.751454, 33.814299 ] } },
{ "type": "Feature", "properties": { "ID": 4011400600120, "正式名称": "たたらリハビリテーション病院", "機関区分": 1, "都道府県コード": 40, "市区町村コード": 131, "所在地": "福岡県福岡市東区八田１丁目４－６６", "緯度": 33.633564, "経度": 130.457236, "url": "https://www.iryou.teikyouseido.mhlw.go.jp/znk-web/juminkanja/S2430/initialize?prefCd=40&kikanCd=1400600120&kikanKbn=1", "url2": "www.tatara-reha.jp/", "内容": "たたらリハビリテーション病院【1:病院】【診療科目:内科_神経内科_緩和ケア内科_歯科_矯正歯科_歯科口腔外科_小児歯科_リハビリテーション科】【一般病床数:69療養病床数:130精神病床数:0感染症病床数:0合計病床数:199】福岡県福岡市東区八田１丁目４－６６" }, "geometry": { "type": "Point", "coordinates": [ 130.457236, 33.633564 ] } },
{ "type": "Feature", "properties": { "ID": 4011400600140, "正式名称": "自衛隊福岡病院", "機関区分": 1, "都道府県コード": 40, "市区町村コード": 218, "所在地": "福岡県春日市小倉東１ー６１", "緯度": 33.531409, "経度": 130.458099, "url": "https://www.iryou.teikyouseido.mhlw.go.jp/znk-web/juminkanja/S2430/initialize?prefCd=40&kikanCd=1400600140&kikanKbn=1", "url2": "www.mod.go.jp/gsdf/wae/kasuga/", "内容": "自衛隊福岡病院【1:病院】【診療科目:内科_外科_整形外科_小児科_産婦人科_眼科_耳鼻いんこう科_皮膚科_泌尿器科_精神科_歯科_リハビリテーション科_放射線科_麻酔科】【一般病床数:170療養病床数:0精神病床数:30感染症病床数:0合計病床数:200】福岡県春日市小倉東１ー６１" }, "geometry": { "type": "Point", "coordinates": [ 130.458099, 33.531409 ] } },
{ "type": "Feature", "properties": { "ID": 4011400600160, "正式名称": "沼本町病院", "機関区分": 1, "都道府県コード": 40, "市区町村コード": 107, "所在地": "福岡県北九州市小倉南区沼本町１－９ー３９", "緯度": 33.844994, "経度": 130.941242, "url": "https://www.iryou.teikyouseido.mhlw.go.jp/znk-web/juminkanja/S2430/initialize?prefCd=40&kikanCd=1400600160&kikanKbn=1", "url2": "www.jikeikai.jp", "内容": "沼本町病院【1:病院】【診療科目:内科_リハビリテーション科】【一般病床数:0療養病床数:95精神病床数:0感染症病床数:0合計病床数:95】福岡県北九州市小倉南区沼本町１－９ー３９" }, "geometry": { "type": "Point", "coordinates": [ 130.941242, 33.844994 ] } },
{ "type": "Feature", "properties": { "ID": 4011400600220, "正式名称": "遠賀中間医師会おんが病院", "機関区分": 1, "都道府県コード": 40, "市区町村コード": 384, "所在地": "福岡県遠賀郡遠賀町尾崎１７２５番地２", "緯度": 33.852209, "経度": 130.639435, "url": "https://www.iryou.teikyouseido.mhlw.go.jp/znk-web/juminkanja/S2430/initialize?prefCd=40&kikanCd=1400600220&kikanKbn=1", "url2": "www.onga-hp.jp/", "内容": "遠賀中間医師会おんが病院【1:病院】【診療科目:内科_糖尿病内科_呼吸器内科_循環器内科_消化器内科_肝臓内科_脳・血管内科_外科_脳神経外科_呼吸器外科_血管外科_整形外科_小児科_リウマチ科_リハビリテーション科_放射線科_救急科_麻酔科】【一般病床数:100療養病床数:0精神病床数:0感染症病床数:0合計病床数:100】福岡県遠賀郡遠賀町尾崎１７２５番地２" }, "geometry": { "type": "Point", "coordinates": [ 130.639435, 33.852209 ] } },
{ "type": "Feature", "properties": { "ID": 4011400600250, "正式名称": "糸島医師会病院", "機関区分": 1, "都道府県コード": 40, "市区町村コード": 230, "所在地": "福岡県糸島市浦志５３２―１", "緯度": 33.567567, "経度": 130.203372, "url": "https://www.iryou.teikyouseido.mhlw.go.jp/znk-web/juminkanja/S2430/initialize?prefCd=40&kikanCd=1400600250&kikanKbn=1", "url2": "itomedhp.jp/", "内容": "糸島医師会病院【1:病院】【診療科目:血液内科_糖尿病内科_脳神経内科_呼吸器内科_循環器内科_消化器内科_肝臓内科_緩和ケア内科_消化器外科_乳腺外科_肛門外科_内視鏡外科_整形外科_リハビリテーション科_放射線科_麻酔科】【一般病床数:150療養病床数:0精神病床数:0感染症病床数:0合計病床数:150】福岡県糸島市浦志５３２―１" }, "geometry": { "type": "Point", "coordinates": [ 130.203372, 33.567567 ] } },
{ "type": "Feature", "properties": { "ID": 4011400600270, "正式名称": "みどりの杜病院", "機関区分": 1, "都道府県コード": 40, "市区町村コード": 210, "所在地": "福岡県八女市立野３６２－１", "緯度": 33.209531, "経度": 130.537962, "url": "https://www.iryou.teikyouseido.mhlw.go.jp/znk-web/juminkanja/S2430/initialize?prefCd=40&kikanCd=1400600270&kikanKbn=1", "url2": "www.yame-midori.jp/", "内容": "みどりの杜病院【1:病院】【診療科目:緩和ケア内科】【一般病床数:30療養病床数:0精神病床数:0感染症病床数:0合計病床数:30】福岡県八女市立野３６２－１" }, "geometry": { "type": "Point", "coordinates": [ 130.537962, 33.209531 ] } },
{ "type": "Feature", "properties": { "ID": 4011400600280, "正式名称": "産業医科大学若松病院", "機関区分": 1, "都道府県コード": 40, "市区町村コード": 103, "所在地": "福岡県北九州市若松区浜町１丁目１７ー１", "緯度": 33.907623, "経度": 130.812113, "url": "https://www.iryou.teikyouseido.mhlw.go.jp/znk-web/juminkanja/S2430/initialize?prefCd=40&kikanCd=1400600280&kikanKbn=1", "url2": "www.uoeh-u.ac.jp/wakamatsu.html", "内容": "産業医科大学若松病院【1:病院】【診療科目:内科_循環器内科_消化器内科_緩和ケア内科_外科_脳神経外科_整形外科_小児科_産婦人科_眼科_耳鼻いんこう科_皮膚科_泌尿器科_リハビリテーション科_放射線科_麻酔科】【一般病床数:150療養病床数:0精神病床数:0感染症病床数:0合計病床数:150】福岡県北九州市若松区浜町１丁目１７ー１" }, "geometry": { "type": "Point", "coordinates": [ 130.812113, 33.907623 ] } },
{ "type": "Feature", "properties": { "ID": 4011400600310, "正式名称": "聖マリアヘルスケアセンター", "機関区分": 1, "都道府県コード": 40, "市区町村コード": 203, "所在地": "福岡県久留米市津福本町４４８番５", "緯度": 33.30252, "経度": 130.50974, "url": "https://www.iryou.teikyouseido.mhlw.go.jp/znk-web/juminkanja/S2430/initialize?prefCd=40&kikanCd=1400600310&kikanKbn=1", "url2": "https://www.st-mary-health.jp/", "内容": "聖マリアヘルスケアセンター【1:病院】【診療科目:消化器内科_人工透析内科_生活習慣病科_リハビリテーション科】【一般病床数:0療養病床数:198精神病床数:0感染症病床数:0合計病床数:198】福岡県久留米市津福本町４４８番５" }, "geometry": { "type": "Point", "coordinates": [ 130.50974, 33.30252 ] } },
{ "type": "Feature", "properties": { "ID": 4011400600320, "正式名称": "障がい児者医療生活支援ホーム　虹の家", "機関区分": 1, "都道府県コード": 40, "市区町村コード": 132, "所在地": "福岡県福岡市博多区千代１ー１５ー１０", "緯度": 33.600984, "経度": 130.416253, "url": "https://www.iryou.teikyouseido.mhlw.go.jp/znk-web/juminkanja/S2430/initialize?prefCd=40&kikanCd=1400600320&kikanKbn=1", "url2": "akinokai.jp", "内容": "障がい児者医療生活支援ホーム　虹の家【1:病院】【診療科目:内科_整形外科_小児科_リハビリテーション科】【一般病床数:68療養病床数:0精神病床数:0感染症病床数:0合計病床数:68】福岡県福岡市博多区千代１ー１５ー１０" }, "geometry": { "type": "Point", "coordinates": [ 130.416253, 33.600984 ] } },
{ "type": "Feature", "properties": { "ID": 4011400600330, "正式名称": "福岡信和病院", "機関区分": 1, "都道府県コード": 40, "市区町村コード": 134, "所在地": "福岡県福岡市南区皿山二丁目１番５３号", "緯度": 33.54725, "経度": 130.405138, "url": "https://www.iryou.teikyouseido.mhlw.go.jp/znk-web/juminkanja/S2430/initialize?prefCd=40&kikanCd=1400600330&kikanKbn=1", "url2": "www.f-shinwa.jp", "内容": "福岡信和病院【1:病院】【診療科目:内科_感染症内科_消化器内科_胃腸内科_神経内科_リウマチ科_リハビリテーション科_放射線科】【一般病床数:45療養病床数:0精神病床数:0感染症病床数:0合計病床数:45】福岡県福岡市南区皿山二丁目１番５３号" }, "geometry": { "type": "Point", "coordinates": [ 130.405138, 33.54725 ] } },
{ "type": "Feature", "properties": { "ID": 4011400600360, "正式名称": "医療法人鵬志会　別府病院", "機関区分": 1, "都道府県コード": 40, "市区町村コード": 221, "所在地": "福岡県太宰府市宰府１－６－２３", "緯度": 33.518051, "経度": 130.530538, "url": "https://www.iryou.teikyouseido.mhlw.go.jp/znk-web/juminkanja/S2430/initialize?prefCd=40&kikanCd=1400600360&kikanKbn=1", "url2": "www.houshikai.info", "内容": "医療法人鵬志会　別府病院【1:病院】【診療科目:内科_糖尿病内科_呼吸器内科_循環器内科_消化器内科_漢方内科_老年精神科_リハビリテーション科】【一般病床数:60療養病床数:0精神病床数:0感染症病床数:0合計病床数:60】福岡県太宰府市宰府１－６－２３" }, "geometry": { "type": "Point", "coordinates": [ 130.530538, 33.518051 ] } },
{ "type": "Feature", "properties": { "ID": 4011400600370, "正式名称": "医療法人相生会　新吉塚病院", "機関区分": 1, "都道府県コード": 40, "市区町村コード": 132, "所在地": "福岡県福岡市博多区吉塚７－６－２９", "緯度": 33.607956, "経度": 130.43253, "url": "https://www.iryou.teikyouseido.mhlw.go.jp/znk-web/juminkanja/S2430/initialize?prefCd=40&kikanCd=1400600370&kikanKbn=1", "url2": "https://www.lta-yoshizuka-g.jp/", "内容": "医療法人相生会　新吉塚病院【1:病院】【診療科目:内科_脳神経内科_整形外科_リウマチ科_リハビリテーション科】【一般病床数:0療養病床数:143精神病床数:0感染症病床数:0合計病床数:143】福岡県福岡市博多区吉塚７－６－２９" }, "geometry": { "type": "Point", "coordinates": [ 130.43253, 33.607956 ] } },
{ "type": "Feature", "properties": { "ID": 4011400600390, "正式名称": "医療法人光川会　福岡脳神経外科病院", "機関区分": 1, "都道府県コード": 40, "市区町村コード": 134, "所在地": "福岡県福岡市南区曰佐５ー３ー１５", "緯度": 33.536353, "経度": 130.430768, "url": "https://www.iryou.teikyouseido.mhlw.go.jp/znk-web/juminkanja/S2430/initialize?prefCd=40&kikanCd=1400600390&kikanKbn=1", "url2": "www.fukuokanh.jp/", "内容": "医療法人光川会　福岡脳神経外科病院【1:病院】【診療科目:循環器内科_神経内科_脳神経外科_リハビリテーション科】【一般病床数:92療養病床数:0精神病床数:0感染症病床数:0合計病床数:92】福岡県福岡市南区曰佐５ー３ー１５" }, "geometry": { "type": "Point", "coordinates": [ 130.430768, 33.536353 ] } },
{ "type": "Feature", "properties": { "ID": 4011400600400, "正式名称": "療養介護事業所　牧山療養院", "機関区分": 1, "都道府県コード": 40, "市区町村コード": 105, "所在地": "福岡県北九州市戸畑区初音町１３ー１３", "緯度": 33.892597, "経度": 130.820112, "url": "https://www.iryou.teikyouseido.mhlw.go.jp/znk-web/juminkanja/S2430/initialize?prefCd=40&kikanCd=1400600400&kikanKbn=1", "url2": "https://www.iwakikai.com/group/makiyamaryoyoin/", "内容": "療養介護事業所　牧山療養院【1:病院】【診療科目:内科_小児科】【一般病床数:33療養病床数:0精神病床数:0感染症病床数:0合計病床数:33】福岡県北九州市戸畑区初音町１３ー１３" }, "geometry": { "type": "Point", "coordinates": [ 130.820112, 33.892597 ] } },
{ "type": "Feature", "properties": { "ID": 4011400600410, "正式名称": "やました甲状腺病院", "機関区分": 1, "都道府県コード": 40, "市区町村コード": 132, "所在地": "福岡県福岡市博多区下呉服町１ー８", "緯度": 33.600179, "経度": 130.407198, "url": "https://www.iryou.teikyouseido.mhlw.go.jp/znk-web/juminkanja/S2430/initialize?prefCd=40&kikanCd=1400600410&kikanKbn=1", "url2": "www.kojosen.com", "内容": "やました甲状腺病院【1:病院】【診療科目:内科_外科_麻酔科】【一般病床数:38療養病床数:0精神病床数:0感染症病床数:0合計病床数:38】福岡県福岡市博多区下呉服町１ー８" }, "geometry": { "type": "Point", "coordinates": [ 130.407198, 33.600179 ] } },
{ "type": "Feature", "properties": { "ID": 4011400600450, "正式名称": "療養介護事業所　ひなた家", "機関区分": 1, "都道府県コード": 40, "市区町村コード": 109, "所在地": "福岡県北九州市八幡西区真名子２ー２ー１２", "緯度": 33.785913, "経度": 130.729235, "url": "https://www.iryou.teikyouseido.mhlw.go.jp/znk-web/juminkanja/S2430/initialize?prefCd=40&kikanCd=1400600450&kikanKbn=1", "url2": "www.kizunanokai.jp/", "内容": "療養介護事業所　ひなた家【1:病院】【診療科目:内科_小児科】【一般病床数:46療養病床数:0精神病床数:0感染症病床数:0合計病床数:46】福岡県北九州市八幡西区真名子２ー２ー１２" }, "geometry": { "type": "Point", "coordinates": [ 130.729235, 33.785913 ] } },
{ "type": "Feature", "properties": { "ID": 4011400600460, "正式名称": "社会医療法人財団白十字会　白十字病院", "機関区分": 1, "都道府県コード": 40, "市区町村コード": 135, "所在地": "福岡県福岡市西区石丸４丁目３ー１", "緯度": 33.570902, "経度": 130.315472, "url": "https://www.iryou.teikyouseido.mhlw.go.jp/znk-web/juminkanja/S2430/initialize?prefCd=40&kikanCd=1400600460&kikanKbn=1", "url2": "www.fukuoka.hakujyujikai.or.jp/", "内容": "社会医療法人財団白十字会　白十字病院【1:病院】【診療科目:内科_血液内科_糖尿病内科_内分泌内科_呼吸器内科_心臓血管内科_消化器内科_腎臓内科_人工透析内科_肝臓内科_脳・血管内科_外科_脳神経外科_心臓血管外科_消化器外科_乳腺外科_整形外科_形成外科_眼科_皮膚科_泌尿器科_精神科_歯科口腔外科_放射線科_病理診断科_救急科_麻酔科】【一般病床数:282療養病床数:0精神病床数:0感染症病床数:0合計病床数:282】福岡県福岡市西区石丸４丁目３ー１" }, "geometry": { "type": "Point", "coordinates": [ 130.315472, 33.570902 ] } },
{ "type": "Feature", "properties": { "ID": 4012400080150, "正式名称": "医療法人緑風会　ヴァージンクリニック福岡天神院", "機関区分": 1, "都道府県コード": 40, "市区町村コード": 133, "所在地": "福岡県福岡市中央区今泉２－５－２８ノイラ天神２階", "緯度": 33.585896, "経度": 130.396938, "url": "https://www.iryou.teikyouseido.mhlw.go.jp/znk-web/juminkanja/S2430/initialize?prefCd=40&kikanCd=2400080150&kikanKbn=1", "url2": "https://v-clinic.jp", "内容": "医療法人緑風会　ヴァージンクリニック福岡天神院【1:病院】【診療科目:美容皮膚科_皮膚科】【一般病床数:0療養病床数:0精神病床数:0感染症病床数:0合計病床数:0】福岡県福岡市中央区今泉２－５－２８ノイラ天神２階" }, "geometry": { "type": "Point", "coordinates": [ 130.396938, 33.585896 ] } },
{ "type": "Feature", "properties": { "ID": 4012400100010, "正式名称": "独立行政法人国立病院機構　九州医療センター", "機関区分": 1, "都道府県コード": 40, "市区町村コード": 133, "所在地": "福岡県福岡市中央区地行浜１丁目８ー１", "緯度": 33.592428, "経度": 130.360857, "url": "https://www.iryou.teikyouseido.mhlw.go.jp/znk-web/juminkanja/S2430/initialize?prefCd=40&kikanCd=2400100010&kikanKbn=1", "url2": "https://kyushu-mc.hosp.go.jp/about/access.html", "内容": "独立行政法人国立病院機構　九州医療センター【1:病院】【診療科目:感染症内科_血液内科_代謝・内分泌内科_脳神経内科_呼吸器内科_循環器内科_消化器内科_腎臓内科_神経内科_腫瘍内科_高血圧内科、総合診療科、脳血管内科_呼吸器外科_血管外科_心臓外科_消化器外科_肝臓・胆のう・膵臓外科_乳腺外科_整形外科_形成外科_小児科_小児外科_産科_婦人科_眼科_耳鼻いんこう科_気管食道・耳鼻いんこう科_皮膚科_泌尿器科_精神科_歯科_歯科口腔外科_アレルギー科_リウマチ科_リハビリテーション科_放射線科_病理診断科_救急科_麻酔科】【一般病床数:650療養病床数:0精神病床数:50感染症病床数:2合計病床数:702】福岡県福岡市中央区地行浜１丁目８ー１" }, "geometry": { "type": "Point", "coordinates": [ 130.360857, 33.592428 ] } },
{ "type": "Feature", "properties": { "ID": 4012400100050, "正式名称": "九州大学病院", "機関区分": 1, "都道府県コード": 40, "市区町村コード": 131, "所在地": "福岡県福岡市東区馬出３丁目１－１", "緯度": 33.607928, "経度": 130.414074, "url": "https://www.iryou.teikyouseido.mhlw.go.jp/znk-web/juminkanja/S2430/initialize?prefCd=40&kikanCd=2400100050&kikanKbn=1", "url2": "www.hosp.kyushu-u.ac.jp/", "内容": "九州大学病院【1:病院】【診療科目:内科_呼吸器内科_循環器内科_神経内科_外科_脳神経外科_心臓血管外科_整形外科_形成外科_小児科_小児外科_産科_婦人科_眼科_耳鼻いんこう科_皮膚科_泌尿器科_精神科_心療内科_歯科_矯正歯科_歯科口腔外科_小児歯科_放射線科_麻酔科】【一般病床数:1182療養病床数:0精神病床数:60感染症病床数:0合計病床数:1242】福岡県福岡市東区馬出３丁目１－１" }, "geometry": { "type": "Point", "coordinates": [ 130.414074, 33.607928 ] } },
{ "type": "Feature", "properties": { "ID": 4012400100120, "正式名称": "福岡赤十字病院", "機関区分": 1, "都道府県コード": 40, "市区町村コード": 134, "所在地": "福岡県福岡市南区大楠３丁目１－１", "緯度": 33.572209, "経度": 130.413852, "url": "https://www.iryou.teikyouseido.mhlw.go.jp/znk-web/juminkanja/S2430/initialize?prefCd=40&kikanCd=2400100120&kikanKbn=1", "url2": "www.fukuoka-med.jrc.or.jp", "内容": "福岡赤十字病院【1:病院】【診療科目:感染症内科_血液・腫瘍内科_内分泌内科_糖尿病・代謝内科_脳神経内科_呼吸器内科_循環器内科_消化器内科_腎臓内科_肝臓内科_膠原病内科、総合診療科_外科_脳神経外科_心臓血管外科_整形外科_形成外科_小児科_産婦人科_眼科_耳鼻いんこう科_皮膚科_泌尿器科_精神科_歯科口腔外科_リウマチ科_リハビリテーション科_放射線科_救急科_麻酔科】【一般病床数:509療養病床数:0精神病床数:0感染症病床数:2合計病床数:511】福岡県福岡市南区大楠３丁目１－１" }, "geometry": { "type": "Point", "coordinates": [ 130.413852, 33.572209 ] } },
{ "type": "Feature", "properties": { "ID": 4012400100140, "正式名称": "福岡県済生会福岡総合病院", "機関区分": 1, "都道府県コード": 40, "市区町村コード": 133, "所在地": "福岡県福岡市中央区天神１丁目３番４６号", "緯度": 33.589362, "経度": 130.402356, "url": "https://www.iryou.teikyouseido.mhlw.go.jp/znk-web/juminkanja/S2430/initialize?prefCd=40&kikanCd=2400100140&kikanKbn=1", "url2": "https://www.saiseikai-hp.chuo.fukuoka.jp/", "内容": "福岡県済生会福岡総合病院【1:病院】【診療科目:内科_脳神経内科_呼吸器内科_循環器内科_消化器内科_外科_脳神経外科_呼吸器外科_血管外科_心臓血管外科_消化器外科_乳腺外科_頭頸部外科_整形外科_形成外科_婦人科_眼科_耳鼻いんこう科_皮膚科_泌尿器科_精神科_心療内科_放射線科_病理診断科_救急科_麻酔科】【一般病床数:369療養病床数:0精神病床数:0感染症病床数:0合計病床数:369】福岡県福岡市中央区天神１丁目３番４６号" }, "geometry": { "type": "Point", "coordinates": [ 130.402356, 33.589362 ] } },
{ "type": "Feature", "properties": { "ID": 4012400100150, "正式名称": "福岡大学病院", "機関区分": 1, "都道府県コード": 40, "市区町村コード": 136, "所在地": "福岡県福岡市城南区七隈七丁目４５番１号", "緯度": 33.547461, "経度": 130.359358, "url": "https://www.iryou.teikyouseido.mhlw.go.jp/znk-web/juminkanja/S2430/initialize?prefCd=40&kikanCd=2400100150&kikanKbn=1", "url2": "www.hop.fukuoka-u.ac.jp", "内容": "福岡大学病院【1:病院】【診療科目:血液・腫瘍内科_糖尿病・内分泌内科_脳神経内科_呼吸器内科_循環器内科_消化器内科_腎臓内科_総合診療科_脳神経外科_呼吸器外科_心臓血管外科_消化器外科_乳腺外科_整形外科_形成外科_美容外科_小児科_小児外科_産婦人科_眼科_頭頸部・耳鼻いんこう科_皮膚科_腎泌尿器外科_精神科_歯科口腔外科_リハビリテーション科_放射線科_麻酔科】【一般病床数:731療養病床数:0精神病床数:40感染症病床数:0合計病床数:771】福岡県福岡市城南区七隈七丁目４５番１号" }, "geometry": { "type": "Point", "coordinates": [ 130.359358, 33.547461 ] } },
{ "type": "Feature", "properties": { "ID": 4012400200020, "正式名称": "久留米大学病院", "機関区分": 1, "都道府県コード": 40, "市区町村コード": 203, "所在地": "福岡県久留米市旭町６７番地", "緯度": 33.328569, "経度": 130.511389, "url": "https://www.iryou.teikyouseido.mhlw.go.jp/znk-web/juminkanja/S2430/initialize?prefCd=40&kikanCd=2400200020&kikanKbn=1", "url2": "www.hosp.kurume-u.ac.jp/", "内容": "久留米大学病院【1:病院】【診療科目:内科_血液・腫瘍内科_脳神経内科_呼吸器内科_心臓血管内科_消化器内科_腎臓内科_内分泌・代謝・糖尿病内科_外科_脳神経外科_呼吸器外科_心臓血管外科_消化器外科_整形外科_形成外科_美容外科_小児科_小児外科_産科_婦人科_眼科_耳鼻いんこう科_皮膚科_泌尿器科_精神科_歯科_矯正歯科_歯科口腔外科_小児歯科_リハビリテーション科_放射線科_病理診断科_救急科_麻酔科】【一般病床数:965療養病床数:0精神病床数:53感染症病床数:0合計病床数:1018】福岡県久留米市旭町６７番地" }, "geometry": { "type": "Point", "coordinates": [ 130.511389, 33.328569 ] } },
{ "type": "Feature", "properties": { "ID": 4012400200130, "正式名称": "聖マリア病院", "機関区分": 1, "都道府県コード": 40, "市区町村コード": 203, "所在地": "福岡県久留米市津福本町４２２", "緯度": 33.304409, "経度": 130.509157, "url": "https://www.iryou.teikyouseido.mhlw.go.jp/znk-web/juminkanja/S2430/initialize?prefCd=40&kikanCd=2400200130&kikanKbn=1", "url2": "www.st-mary-med.or.jp/", "内容": "聖マリア病院【1:病院】【診療科目:内科_感染症内科_血液内科_糖尿病・内分泌内科_呼吸器内科_循環器内科_消化器内科_腎臓内科_神経内科_腫瘍内科_緩和ケア内科_脳血管内科_外科_脳神経外科_呼吸器外科_心臓血管外科_乳腺外科_ペインクリニック外科_移植外科_整形外科_形成外科_小児科_小児外科_新生児内科_小児循環器内科_産婦人科_眼科_耳鼻いんこう科_皮膚科_泌尿器科_精神科_歯科_矯正歯科_歯科口腔外科_小児歯科_リウマチ科_リハビリテーション科_放射線科_放射線治療科_病理診断科_救急科_麻酔科】【一般病床数:931療養病床数:100精神病床数:60感染症病床数:6合計病床数:1097】福岡県久留米市津福本町４２２" }, "geometry": { "type": "Point", "coordinates": [ 130.509157, 33.304409 ] } },
{ "type": "Feature", "properties": { "ID": 4012400300030, "正式名称": "大牟田市立病院", "機関区分": 1, "都道府県コード": 40, "市区町村コード": 202, "所在地": "福岡県大牟田市宝坂町２丁目１９－１", "緯度": 33.024245, "経度": 130.445503, "url": "https://www.iryou.teikyouseido.mhlw.go.jp/znk-web/juminkanja/S2430/initialize?prefCd=40&kikanCd=2400300030&kikanKbn=1", "url2": "https://ghp.omuta.fukuoka.jp/", "内容": "大牟田市立病院【1:病院】【診療科目:内科_血液内科_代謝・内分泌内科_循環器内科_消化器内科_腎臓内科_腫瘍内科_内視鏡内科_外科_脳神経外科_呼吸器外科_血管外科_消化器外科_腫瘍外科_整形外科_形成外科_小児科_産婦人科_眼科_耳鼻いんこう科_皮膚科_泌尿器科_精神科_リハビリテーション科_放射線科_救急科_麻酔科】【一般病床数:320療養病床数:0精神病床数:0感染症病床数:0合計病床数:320】福岡県大牟田市宝坂町２丁目１９－１" }, "geometry": { "type": "Point", "coordinates": [ 130.445503, 33.024245 ] } },
{ "type": "Feature", "properties": { "ID": 4012400400040, "正式名称": "株式会社　麻生　飯塚病院", "機関区分": 1, "都道府県コード": 40, "市区町村コード": 205, "所在地": "福岡県飯塚市芳雄町３－８３", "緯度": 33.642078, "経度": 130.691431, "url": "https://www.iryou.teikyouseido.mhlw.go.jp/znk-web/juminkanja/S2430/initialize?prefCd=40&kikanCd=2400400040&kikanKbn=1", "url2": "https://aih-net.com/", "内容": "株式会社　麻生　飯塚病院【1:病院】【診療科目:内科_感染症内科_血液内科_糖尿病・内分泌内科_呼吸器内科_循環器内科_消化器内科_腎臓内科_肝臓内科_神経内科_漢方内科_疼痛緩和内科_外科_脳神経外科_呼吸器外科_心臓血管外科_整形外科_形成外科_小児科_小児外科_産婦人科_眼科_耳鼻いんこう科_皮膚科_泌尿器科_精神科_心療内科_歯科口腔外科_リウマチ科_リハビリテーション科_放射線科_病理診断科_救急科_麻酔科】【一般病床数:963療養病床数:0精神病床数:43感染症病床数:0合計病床数:1006】福岡県飯塚市芳雄町３－８３" }, "geometry": { "type": "Point", "coordinates": [ 130.691431, 33.642078 ] } },
{ "type": "Feature", "properties": { "ID": 4012400500060, "正式名称": "地方独立行政法人北九州市立病院機構北九州市立八幡病院", "機関区分": 1, "都道府県コード": 40, "市区町村コード": 108, "所在地": "福岡県北九州市八幡東区尾倉二丁目６番２号", "緯度": 33.864523, "経度": 130.796381, "url": "https://www.iryou.teikyouseido.mhlw.go.jp/znk-web/juminkanja/S2430/initialize?prefCd=40&kikanCd=2400500060&kikanKbn=1", "url2": "https://www.kitakyu-cho.jp/yahata/", "内容": "地方独立行政法人北九州市立病院機構北九州市立八幡病院【1:病院】【診療科目:内科_呼吸器内科_循環器内科_外科_脳神経外科_呼吸器外科_消化器外科_肝臓外科_膵臓外科_胆のう外科_頭頸部外科_内視鏡外科_整形外科_形成外科_小児科_小児外科_小児血液・腫瘍内科（改行）小児神経内科_婦人科_眼科_耳鼻いんこう科_皮膚科_泌尿器科_精神科_歯科_リハビリテーション科_放射線科_臨床検査科_救急科_麻酔科】【一般病床数:350療養病床数:0精神病床数:0感染症病床数:0合計病床数:350】福岡県北九州市八幡東区尾倉二丁目６番２号" }, "geometry": { "type": "Point", "coordinates": [ 130.796381, 33.864523 ] } },
{ "type": "Feature", "properties": { "ID": 4012400500070, "正式名称": "北九州市立医療センター", "機関区分": 1, "都道府県コード": 40, "市区町村コード": 106, "所在地": "福岡県北九州市小倉北区馬借二丁目１番１号", "緯度": 33.879266, "経度": 130.878635, "url": "https://www.iryou.teikyouseido.mhlw.go.jp/znk-web/juminkanja/S2430/initialize?prefCd=40&kikanCd=2400500070&kikanKbn=1", "url2": "www.kitakyu-cho.jp/center/", "内容": "北九州市立医療センター【1:病院】【診療科目:内科_感染症内科_血液内科_糖尿病・内分泌内科_呼吸器内科_循環器内科_消化器内科_肝臓内科_腫瘍内科_緩和ケア内科_外科_脳神経外科_呼吸器外科_食道外科_心臓血管外科_消化器外科_胃腸外科_大腸外科_肝臓外科_膵臓外科_胆のう外科_乳腺外科_乳腺・内分泌外科_肛門外科_整形外科_形成外科_小児科_小児外科_産婦人科_眼科_耳鼻いんこう科_皮膚科_泌尿器科_精神科_心療内科_歯科_リハビリテーション科_放射線科_病理診断科_救急科_麻酔科】【一般病床数:506療養病床数:0精神病床数:0感染症病床数:16合計病床数:522】福岡県北九州市小倉北区馬借二丁目１番１号" }, "geometry": { "type": "Point", "coordinates": [ 130.878635, 33.879266 ] } },
{ "type": "Feature", "properties": { "ID": 4012400500080, "正式名称": "健和会大手町病院", "機関区分": 1, "都道府県コード": 40, "市区町村コード": 106, "所在地": "福岡県北九州市小倉北区大手町１３番１号", "緯度": 33.876238, "経度": 130.870804, "url": "https://www.iryou.teikyouseido.mhlw.go.jp/znk-web/juminkanja/S2430/initialize?prefCd=40&kikanCd=2400500080&kikanKbn=1", "url2": "https://otemachi.kenwakai.gr.jp/", "内容": "健和会大手町病院【1:病院】【診療科目:内科_感染症内科_糖尿病内科_代謝内科_呼吸器内科_循環器内科_消化器内科_腎臓内科_人工透析内科_神経内科_外科_脳神経外科_心臓血管外科_消化器外科_整形外科_形成外科_小児科_産婦人科_眼科_耳鼻いんこう科_皮膚科_泌尿器科_精神科_リウマチ科_リハビリテーション科_放射線科_病理診断科_救急科_麻酔科】【一般病床数:449療養病床数:0精神病床数:0感染症病床数:0合計病床数:449】福岡県北九州市小倉北区大手町１３番１号" }, "geometry": { "type": "Point", "coordinates": [ 130.870804, 33.876238 ] } },
{ "type": "Feature", "properties": { "ID": 4012400500090, "正式名称": "社会医療法人　北九州病院　北九州総合病院", "機関区分": 1, "都道府県コード": 40, "市区町村コード": 106, "所在地": "福岡県北九州市小倉北区東城野１番１号", "緯度": 33.85963, "経度": 130.887691, "url": "https://www.iryou.teikyouseido.mhlw.go.jp/znk-web/juminkanja/S2430/initialize?prefCd=40&kikanCd=2400500090&kikanKbn=1", "url2": "www.kitakyu-hp.or.jp/contents/kitahos_sogo.htm", "内容": "社会医療法人　北九州病院　北九州総合病院【1:病院】【診療科目:内科_血液内科_糖尿病内科_呼吸器内科_循環器内科_消化器内科_人工透析内科_外科_脳神経外科_呼吸器外科_消化器外科_乳腺外科_胸部外科_整形外科_形成外科_小児科_産婦人科_眼科_耳鼻咽喉科・頭頸部外科_皮膚科_泌尿器科_心療内科_リウマチ科_リハビリテーション科_放射線科_放射線診断科_放射線治療科_病理診断科_臨床検査科_救急科_麻酔科】【一般病床数:360療養病床数:0精神病床数:0感染症病床数:0合計病床数:360】福岡県北九州市小倉北区東城野１番１号" }, "geometry": { "type": "Point", "coordinates": [ 130.887691, 33.85963 ] } },
{ "type": "Feature", "properties": { "ID": 4012400500100, "正式名称": "産業医科大学病院", "機関区分": 1, "都道府県コード": 40, "市区町村コード": 109, "所在地": "福岡県北九州市八幡西区医生ヶ丘１番１号", "緯度": 33.877791, "経度": 130.713789, "url": "https://www.iryou.teikyouseido.mhlw.go.jp/znk-web/juminkanja/S2430/initialize?prefCd=40&kikanCd=2400500100&kikanKbn=1", "url2": "https://www.uoeh-u.ac.jp/hospital.html", "内容": "産業医科大学病院【1:病院】【診療科目:内科_脳神経内科_呼吸器内科_外科_脳神経外科_心臓血管外科_整形外科_形成外科_小児科_小児外科_産婦人科_眼科_耳鼻いんこう科_皮膚科_泌尿器科_精神科_歯科口腔外科_リハビリテーション科_放射線科_病理診断科_救急科_麻酔科】【一般病床数:638療養病床数:0精神病床数:26感染症病床数:0合計病床数:664】福岡県北九州市八幡西区医生ヶ丘１番１号" }, "geometry": { "type": "Point", "coordinates": [ 130.713789, 33.877791 ] } },
{ "type": "Feature", "properties": { "ID": 4012400600110, "正式名称": "田川市立病院", "機関区分": 1, "都道府県コード": 40, "市区町村コード": 206, "所在地": "福岡県田川市大字糒１７００番地２", "緯度": 33.659417, "経度": 130.799488, "url": "https://www.iryou.teikyouseido.mhlw.go.jp/znk-web/juminkanja/S2430/initialize?prefCd=40&kikanCd=2400600110&kikanKbn=1", "url2": "hospital.city.tagawa.fukuoka.jp/", "内容": "田川市立病院【1:病院】【診療科目:内科_糖尿病・内分泌内科_呼吸器内科_循環器内科_消化器内科_腎臓内科_神経内科_緩和ケア内科_総合診療科_外科_呼吸器外科_整形外科_形成外科_小児科_産婦人科_眼科_耳鼻いんこう科_皮膚科_泌尿器科_精神科_歯科_歯科口腔外科_リハビリテーション科_放射線科_病理診断科_救急科_麻酔科】【一般病床数:305療養病床数:0精神病床数:0感染症病床数:8合計病床数:313】福岡県田川市大字糒１７００番地２" }, "geometry": { "type": "Point", "coordinates": [ 130.799488, 33.659417 ] } }
]
}
