{
"type": "FeatureCollection",
"name": "geo_40_認知症対応型共同生活介護",
"crs": { "type": "name", "properties": { "name": "urn:ogc:def:crs:OGC:1.3:CRS84" } },
"features": [
{ "type": "Feature", "properties": { "内容": "グループホームなずな【認知症対応型共同生活介護】福岡県北九州市門司区矢筈町6-18", "url": "https://www.kaigokensaku.mhlw.go.jp/40/index.php?action_kouhyou_detail_004_kani=true&JigyosyoCd=4090100225-00&ServiceCd=320&Type=search", "url2": null }, "geometry": { "type": "Point", "coordinates": [ 130.9419345, 33.9186015 ] } },
{ "type": "Feature", "properties": { "内容": "グループホーム　シライシップ【認知症対応型共同生活介護】福岡県北九州市門司区柳町１－１１－１", "url": "https://www.kaigokensaku.mhlw.go.jp/40/index.php?action_kouhyou_detail_004_kani=true&JigyosyoCd=4070100534-00&ServiceCd=320&Type=search", "url2": null }, "geometry": { "type": "Point", "coordinates": [ 130.937988, 33.9043808 ] } },
{ "type": "Feature", "properties": { "内容": "グループホーム　ひまわり【認知症対応型共同生活介護】福岡県北九州市門司区稲積１－１２－２７", "url": "https://www.kaigokensaku.mhlw.go.jp/40/index.php?action_kouhyou_detail_004_kani=true&JigyosyoCd=4070100971-00&ServiceCd=320&Type=search", "url2": null }, "geometry": { "type": "Point", "coordinates": [ 130.927480699999933, 33.8875713 ] } },
{ "type": "Feature", "properties": { "内容": "グループホームなごみ吉志【認知症対応型共同生活介護】福岡県北九州市門司区吉志1丁目8番42号", "url": "https://www.kaigokensaku.mhlw.go.jp/40/index.php?action_kouhyou_detail_004_kani=true&JigyosyoCd=4090100043-00&ServiceCd=320&Type=search", "url2": null }, "geometry": { "type": "Point", "coordinates": [ 130.97109169999996, 33.8681022 ] } },
{ "type": "Feature", "properties": { "内容": "グループホーム　彩光苑【認知症対応型共同生活介護】福岡県北九州市門司区矢筈町6-18", "url": "https://www.kaigokensaku.mhlw.go.jp/40/index.php?action_kouhyou_detail_004_kani=true&JigyosyoCd=4090100092-00&ServiceCd=320&Type=search", "url2": null }, "geometry": { "type": "Point", "coordinates": [ 130.9419345, 33.9186015 ] } },
{ "type": "Feature", "properties": { "内容": "グループホーム友愛【認知症対応型共同生活介護】福岡県北九州市門司区青葉台６番１号", "url": "https://www.kaigokensaku.mhlw.go.jp/40/index.php?action_kouhyou_detail_004_kani=true&JigyosyoCd=4070100989-00&ServiceCd=320&Type=search", "url2": null }, "geometry": { "type": "Point", "coordinates": [ 130.920861800000011, 33.8860796 ] } },
{ "type": "Feature", "properties": { "内容": "グループホーム四季の郷【認知症対応型共同生活介護】福岡県北九州市門司区吉志７丁目２４番３０号", "url": "https://www.kaigokensaku.mhlw.go.jp/40/index.php?action_kouhyou_detail_004_kani=true&JigyosyoCd=4090100068-00&ServiceCd=320&Type=search", "url2": null }, "geometry": { "type": "Point", "coordinates": [ 130.965989300000047, 33.8686326 ] } },
{ "type": "Feature", "properties": { "内容": "グループホームみどりのき【認知症対応型共同生活介護】福岡県北九州市門司区大久保1丁目９－２", "url": "https://www.kaigokensaku.mhlw.go.jp/40/index.php?action_kouhyou_detail_004_kani=true&JigyosyoCd=4090100126-00&ServiceCd=320&Type=search", "url2": "httｐ//www.sawayakaclub.jp" }, "geometry": { "type": "Point", "coordinates": [ 130.973597400000017, 33.9566588 ] } },
{ "type": "Feature", "properties": { "内容": "グループホーム　ひかりの丘【認知症対応型共同生活介護】福岡県北九州市門司区上藤松3丁目２－１", "url": "https://www.kaigokensaku.mhlw.go.jp/40/index.php?action_kouhyou_detail_004_kani=true&JigyosyoCd=4090100159-00&ServiceCd=320&Type=search", "url2": "http://www.hikarinooka2010.jp" }, "geometry": { "type": "Point", "coordinates": [ 130.924392099999977, 33.8833244 ] } },
{ "type": "Feature", "properties": { "内容": "グループホーム　ひかりの道【認知症対応型共同生活介護】福岡県北九州市門司区奥田５丁目１-１８", "url": "https://www.kaigokensaku.mhlw.go.jp/40/index.php?action_kouhyou_detail_004_kani=true&JigyosyoCd=4090100217-00&ServiceCd=320&Type=search", "url2": null }, "geometry": { "type": "Point", "coordinates": [ 130.9581971, 33.9123134 ] } },
{ "type": "Feature", "properties": { "内容": "グループホーム潮風【認知症対応型共同生活介護】北九州市門司区新開13-14", "url": "https://www.kaigokensaku.mhlw.go.jp/40/index.php?action_kouhyou_detail_004_kani=true&JigyosyoCd=4090100241-00&ServiceCd=320&Type=search", "url2": "http://www.yojuen.com/shiokaze/" }, "geometry": { "type": "Point", "coordinates": [ 130.9885597, 33.9562366 ] } },
{ "type": "Feature", "properties": { "内容": "グループホームえん【認知症対応型共同生活介護】福岡県北九州市門司区田野浦2丁目9番33号", "url": "https://www.kaigokensaku.mhlw.go.jp/40/index.php?action_kouhyou_detail_004_kani=true&JigyosyoCd=4090100308-00&ServiceCd=320&Type=search", "url2": "www.emiko-planning-office.jp" }, "geometry": { "type": "Point", "coordinates": [ 130.993881399999964, 33.9567396 ] } },
{ "type": "Feature", "properties": { "内容": "グループホーム　好日苑大里の郷【認知症対応型共同生活介護】北九州市門司区大里戸ノ上4丁目1番40号", "url": "https://www.kaigokensaku.mhlw.go.jp/40/index.php?action_kouhyou_detail_004_kani=true&JigyosyoCd=4090100316-00&ServiceCd=320&Type=search", "url2": "http://www.koujitsuen.com" }, "geometry": { "type": "Point", "coordinates": [ 130.945967900000028, 33.9025476 ] } },
{ "type": "Feature", "properties": { "内容": "グループホーム　谷町【認知症対応型共同生活介護】福岡県北九州市門司区谷町1-1-2", "url": "https://www.kaigokensaku.mhlw.go.jp/40/index.php?action_kouhyou_detail_004_kani=true&JigyosyoCd=4090100464-00&ServiceCd=320&Type=search", "url2": null }, "geometry": { "type": "Point", "coordinates": [ 130.975778, 33.9431826 ] } },
{ "type": "Feature", "properties": { "内容": "グループホーム土屋北九州【認知症対応型共同生活介護】福岡県北九州市門司区稲積1-12-27", "url": "https://www.kaigokensaku.mhlw.go.jp/40/index.php?action_kouhyou_detail_004_kani=true&JigyosyoCd=4090100605-00&ServiceCd=320&Type=search", "url2": "https://tcy.co.jp/service/group-home-tsuchiya/" }, "geometry": { "type": "Point", "coordinates": [ 130.927468800000014, 33.8875922 ] } },
{ "type": "Feature", "properties": { "内容": "グループホームリラ【認知症対応型共同生活介護】福岡県北九州市門司区小森江３丁目3-26", "url": "https://www.kaigokensaku.mhlw.go.jp/40/index.php?action_kouhyou_detail_004_kani=true&JigyosyoCd=4090100522-00&ServiceCd=320&Type=search", "url2": null }, "geometry": { "type": "Point", "coordinates": [ 130.940007400000013, 33.9183754 ] } },
{ "type": "Feature", "properties": { "内容": "グループホームきずな【認知症対応型共同生活介護】福岡県北九州市門司区吉志1丁目41番1号", "url": "https://www.kaigokensaku.mhlw.go.jp/40/index.php?action_kouhyou_detail_004_kani=true&JigyosyoCd=4090100167-00&ServiceCd=320&Type=search", "url2": null }, "geometry": { "type": "Point", "coordinates": [ 130.9718775, 33.8749459 ] } },
{ "type": "Feature", "properties": { "内容": "グループホーム　かいせい【認知症対応型共同生活介護】福岡県北九州市門司区錦町4番26号", "url": "https://www.kaigokensaku.mhlw.go.jp/40/index.php?action_kouhyou_detail_004_kani=true&JigyosyoCd=4090100191-00&ServiceCd=320&Type=search", "url2": "http://care-netbiz/40/kaisei" }, "geometry": { "type": "Point", "coordinates": [ 130.967698199999973, 33.9443269 ] } },
{ "type": "Feature", "properties": { "内容": "グループホーム　きしの森【認知症対応型共同生活介護】福岡県北九州市門司区吉志七丁目20-28", "url": "https://www.kaigokensaku.mhlw.go.jp/40/index.php?action_kouhyou_detail_004_kani=true&JigyosyoCd=4090100399-00&ServiceCd=320&Type=search", "url2": null }, "geometry": { "type": "Point", "coordinates": [ 130.967791900000066, 33.8705379 ] } },
{ "type": "Feature", "properties": { "内容": "ふれあいの家　浜町【認知症対応型共同生活介護】福岡県北九州市若松区浜町2-7-6", "url": "https://www.kaigokensaku.mhlw.go.jp/40/index.php?action_kouhyou_detail_004_kani=true&JigyosyoCd=4070201076-00&ServiceCd=320&Type=search", "url2": "http://www.kyoeikosan.co.jp/fureai" }, "geometry": { "type": "Point", "coordinates": [ 130.808734800000025, 33.9059726 ] } },
{ "type": "Feature", "properties": { "内容": "グループホーム　玄海の森【認知症対応型共同生活介護】北九州市若松区有毛2933-6", "url": "https://www.kaigokensaku.mhlw.go.jp/40/index.php?action_kouhyou_detail_004_kani=true&JigyosyoCd=4070201142-00&ServiceCd=320&Type=search", "url2": null }, "geometry": { "type": "Point", "coordinates": [ 130.690055700000016, 33.9335083 ] } },
{ "type": "Feature", "properties": { "内容": "グループホームすずらんの家【認知症対応型共同生活介護】福岡県北九州市若松区大字畠田25-1　すずらんの家", "url": "https://www.kaigokensaku.mhlw.go.jp/40/index.php?action_kouhyou_detail_004_kani=true&JigyosyoCd=4090200058-00&ServiceCd=320&Type=search", "url2": "http://www.suzuran-home.com/" }, "geometry": { "type": "Point", "coordinates": [ 130.749130219712811, 33.900421574903135 ] } },
{ "type": "Feature", "properties": { "内容": "グループホーム大正館【認知症対応型共同生活介護】北九州市若松区花野路１－２－５", "url": "https://www.kaigokensaku.mhlw.go.jp/40/index.php?action_kouhyou_detail_004_kani=true&JigyosyoCd=4070200821-00&ServiceCd=320&Type=search", "url2": "http://taisho‐kan.com/" }, "geometry": { "type": "Point", "coordinates": [ 130.682890600000064, 33.9074132 ] } },
{ "type": "Feature", "properties": { "内容": "グループホームけやきの杜【認知症対応型共同生活介護】福岡県北九州市若松区西小石町１７番２７号", "url": "https://www.kaigokensaku.mhlw.go.jp/40/index.php?action_kouhyou_detail_004_kani=true&JigyosyoCd=4070200854-00&ServiceCd=320&Type=search", "url2": "http://www.e-keyaki.jp" }, "geometry": { "type": "Point", "coordinates": [ 130.7901531, 33.9186094 ] } },
{ "type": "Feature", "properties": { "内容": "グループホーム　いこい【認知症対応型共同生活介護】福岡県北九州市若松区畑谷町6-18", "url": "https://www.kaigokensaku.mhlw.go.jp/40/index.php?action_kouhyou_detail_004_kani=true&JigyosyoCd=4070201183-00&ServiceCd=320&Type=search", "url2": null }, "geometry": { "type": "Point", "coordinates": [ 130.793669499999965, 33.9043251 ] } },
{ "type": "Feature", "properties": { "内容": "グループホーム　わかくさ【認知症対応型共同生活介護】福岡県北九州市若松区本町一丁目８番３号", "url": "https://www.kaigokensaku.mhlw.go.jp/40/index.php?action_kouhyou_detail_004_kani=true&JigyosyoCd=4090200082-00&ServiceCd=320&Type=search", "url2": "http://www.yoshino-hp.com/" }, "geometry": { "type": "Point", "coordinates": [ 130.811020699999972, 33.9032063 ] } },
{ "type": "Feature", "properties": { "内容": "グループホームいきいき桜苑【認知症対応型共同生活介護】福岡県北九州市若松区青葉台西6丁目2-10", "url": "https://www.kaigokensaku.mhlw.go.jp/40/index.php?action_kouhyou_detail_004_kani=true&JigyosyoCd=4090700503-00&ServiceCd=320&Type=search", "url2": "http://www.kaigo-ikik.com" }, "geometry": { "type": "Point", "coordinates": [ 130.680427059678181, 33.903586711846771 ] } },
{ "type": "Feature", "properties": { "内容": "グループホーム　ベイサイドわかまつ【認知症対応型共同生活介護】福岡県北九州市若松区浜町1丁目19-1", "url": "https://www.kaigokensaku.mhlw.go.jp/40/index.php?action_kouhyou_detail_004_kani=true&JigyosyoCd=4090200165-00&ServiceCd=320&Type=search", "url2": "http://www.kiyoukai.or.jp/" }, "geometry": { "type": "Point", "coordinates": [ 130.81457869999997, 33.9064588 ] } },
{ "type": "Feature", "properties": { "内容": "ひびき荘グループホーム【認知症対応型共同生活介護】福岡県北九州市若松区大字安屋3310-3", "url": "https://www.kaigokensaku.mhlw.go.jp/40/index.php?action_kouhyou_detail_004_kani=true&JigyosyoCd=4070200300-00&ServiceCd=320&Type=search", "url2": "http://www.hibiki.or.jp" }, "geometry": { "type": "Point", "coordinates": [ 130.700818199999958, 33.9358334 ] } },
{ "type": "Feature", "properties": { "内容": "グループホーム　ひびきの虹色館【認知症対応型共同生活介護】福岡県北九州市若松区ひびきの南一丁目2番3号", "url": "https://www.kaigokensaku.mhlw.go.jp/40/index.php?action_kouhyou_detail_004_kani=true&JigyosyoCd=4090200108-00&ServiceCd=320&Type=search", "url2": "www.honjyoukai.com" }, "geometry": { "type": "Point", "coordinates": [ 130.714940633065822, 33.88840100278636 ] } },
{ "type": "Feature", "properties": { "内容": "グループホーム　ふき【認知症対応型共同生活介護】福岡県北九州市若松区大字有毛１７６５番地", "url": "https://www.kaigokensaku.mhlw.go.jp/40/index.php?action_kouhyou_detail_004_kani=true&JigyosyoCd=4090200140-00&ServiceCd=320&Type=search", "url2": "http://koukikai-hp.com/" }, "geometry": { "type": "Point", "coordinates": [ 130.690311599999973, 33.9207261 ] } },
{ "type": "Feature", "properties": { "内容": "グループホーム　らいふ【認知症対応型共同生活介護】福岡県北九州市戸畑区新池１丁目5番4号", "url": "https://www.kaigokensaku.mhlw.go.jp/40/index.php?action_kouhyou_detail_004_kani=true&JigyosyoCd=4090300023-00&ServiceCd=320&Type=search", "url2": "http://care-net.biz/40/kitakyulife/" }, "geometry": { "type": "Point", "coordinates": [ 130.827961100000039, 33.895274100000016 ] } },
{ "type": "Feature", "properties": { "内容": "グループホーム金刀比羅【認知症対応型共同生活介護】北九州市戸畑区金比羅町４番２９号", "url": "https://www.kaigokensaku.mhlw.go.jp/40/index.php?action_kouhyou_detail_004_kani=true&JigyosyoCd=4070300324-00&ServiceCd=320&Type=search", "url2": "https://www.iwakikai.com/group/gh_kotohira.html" }, "geometry": { "type": "Point", "coordinates": [ 130.841465900000031, 33.878114899999986 ] } },
{ "type": "Feature", "properties": { "内容": "グループホームわらい【認知症対応型共同生活介護】北九州市戸畑区新川町５－６", "url": "https://www.kaigokensaku.mhlw.go.jp/40/index.php?action_kouhyou_detail_004_kani=true&JigyosyoCd=4070305000-00&ServiceCd=320&Type=search", "url2": "nomura-kea@iaa.itkeeper.ne.jp" }, "geometry": { "type": "Point", "coordinates": [ 130.821295100000043, 33.8915438 ] } },
{ "type": "Feature", "properties": { "内容": "グループホーム　とばた【認知症対応型共同生活介護】福岡県北九州市戸畑区千防一丁目1番6号高齢者複合施設　ふれあいの里とばた", "url": "https://www.kaigokensaku.mhlw.go.jp/40/index.php?action_kouhyou_detail_004_kani=true&JigyosyoCd=4090300049-00&ServiceCd=320&Type=search", "url2": "https://www.fureainosato-tobata.jp/" }, "geometry": { "type": "Point", "coordinates": [ 130.83036089999996, 33.8936826 ] } },
{ "type": "Feature", "properties": { "内容": "認知症対応型共同生活介護　プロムナードとばた【認知症対応型共同生活介護】福岡県北九州市戸畑区金比羅町4番40号", "url": "https://www.kaigokensaku.mhlw.go.jp/40/index.php?action_kouhyou_detail_004_kani=true&JigyosyoCd=4090300098-00&ServiceCd=320&Type=search", "url2": "http://www.iwakifukushikai.jp" }, "geometry": { "type": "Point", "coordinates": [ 130.841654799999986, 33.8787343 ] } },
{ "type": "Feature", "properties": { "内容": "さわやかグループホームなかばる【認知症対応型共同生活介護】北九州市戸畑区中原西三丁目８番１２号", "url": "https://www.kaigokensaku.mhlw.go.jp/40/index.php?action_kouhyou_detail_004_kani=true&JigyosyoCd=4090300114-00&ServiceCd=320&Type=search", "url2": "http://.sawayakaclub.jp" }, "geometry": { "type": "Point", "coordinates": [ 130.844064330827337, 33.89843812051965 ] } },
{ "type": "Feature", "properties": { "内容": "グループホーム戸畑夜宮【認知症対応型共同生活介護】福岡県北九州市戸畑区夜宮3丁目3-14", "url": "https://www.kaigokensaku.mhlw.go.jp/40/index.php?action_kouhyou_detail_004_kani=true&JigyosyoCd=4090300247-00&ServiceCd=320&Type=search", "url2": "https://n-sato.com/" }, "geometry": { "type": "Point", "coordinates": [ 130.833648750401267, 33.88355834263816 ] } },
{ "type": "Feature", "properties": { "内容": "グループホーム　ほうらい小芝【認知症対応型共同生活介護】福岡県北九州市戸畑区小芝一丁目６－１０", "url": "https://www.kaigokensaku.mhlw.go.jp/40/index.php?action_kouhyou_detail_004_kani=true&JigyosyoCd=4070300621-00&ServiceCd=320&Type=search", "url2": "https://hourai-group.com/" }, "geometry": { "type": "Point", "coordinates": [ 130.835854899999958, 33.892051182441094 ] } },
{ "type": "Feature", "properties": { "内容": "グループホーム新池【認知症対応型共同生活介護】福岡県　　北九州市　戸畑区　新池　３－３－１９", "url": "https://www.kaigokensaku.mhlw.go.jp/40/index.php?action_kouhyou_detail_004_kani=true&JigyosyoCd=4070300647-00&ServiceCd=320&Type=search", "url2": null }, "geometry": { "type": "Point", "coordinates": [ 130.828885899999932, 33.8993931 ] } },
{ "type": "Feature", "properties": { "内容": "グループホームいこいの里中原【認知症対応型共同生活介護】北九州市戸畑区中原西２丁目7－8", "url": "https://www.kaigokensaku.mhlw.go.jp/40/index.php?action_kouhyou_detail_004_kani=true&JigyosyoCd=4070300688-00&ServiceCd=320&Type=search", "url2": "http://ikoino-sato.com" }, "geometry": { "type": "Point", "coordinates": [ 130.841515399999906, 33.8974462 ] } },
{ "type": "Feature", "properties": { "内容": "グループホーム　笑和【認知症対応型共同生活介護】福岡県北九州市小倉北区泉台二丁目７番１９号", "url": "https://www.kaigokensaku.mhlw.go.jp/40/index.php?action_kouhyou_detail_004_kani=true&JigyosyoCd=4070402138-00&ServiceCd=320&Type=search", "url2": null }, "geometry": { "type": "Point", "coordinates": [ 130.8491156, 33.8666192 ] } },
{ "type": "Feature", "properties": { "内容": "グループホームおむすび苑【認知症対応型共同生活介護】赤坂一丁目7番18号おむすび苑", "url": "https://www.kaigokensaku.mhlw.go.jp/40/index.php?action_kouhyou_detail_004_kani=true&JigyosyoCd=4090400211-00&ServiceCd=320&Type=search", "url2": "ｈｔｔｐ//www.woder.2002.co.jp" }, "geometry": { "type": "Point", "coordinates": [ 134.488886399999956, 34.8158914 ] } },
{ "type": "Feature", "properties": { "内容": "医療法人北愛会　グループホーム　さくらんぼ【認知症対応型共同生活介護】福岡県北九州市小倉北区上富野3丁目17-1", "url": "https://www.kaigokensaku.mhlw.go.jp/40/index.php?action_kouhyou_detail_004_kani=true&JigyosyoCd=4070401379-00&ServiceCd=320&Type=search", "url2": "http://hoku-i.jp" }, "geometry": { "type": "Point", "coordinates": [ 130.902994300000046, 33.8851903 ] } },
{ "type": "Feature", "properties": { "内容": "グループホーム　花みずき【認知症対応型共同生活介護】北九州市小倉北区篠崎1-9-6", "url": "https://www.kaigokensaku.mhlw.go.jp/40/index.php?action_kouhyou_detail_004_kani=true&JigyosyoCd=4070401627-00&ServiceCd=320&Type=search", "url2": "kaijuen,jp" }, "geometry": { "type": "Point", "coordinates": [ 130.870597500000031, 33.8640169 ] } },
{ "type": "Feature", "properties": { "内容": "グループホーム馬借【認知症対応型共同生活介護】北九州市小倉北区馬借１丁目６－４０", "url": "https://www.kaigokensaku.mhlw.go.jp/40/index.php?action_kouhyou_detail_004_kani=true&JigyosyoCd=4070401932-00&ServiceCd=320&Type=search", "url2": "https://sadamoto-naika.com" }, "geometry": { "type": "Point", "coordinates": [ 130.878004899999951, 33.8810707 ] } },
{ "type": "Feature", "properties": { "内容": "グループホーム　　琴音【認知症対応型共同生活介護】北九州市小倉北区真鶴１丁目１２番１０号第２日の出ビル２Ｆ", "url": "https://www.kaigokensaku.mhlw.go.jp/40/index.php?action_kouhyou_detail_004_kani=true&JigyosyoCd=4070402096-00&ServiceCd=320&Type=search", "url2": null }, "geometry": { "type": "Point", "coordinates": [ 130.85413159999996, 33.8733102 ] } },
{ "type": "Feature", "properties": { "内容": "グループホームかがやき【認知症対応型共同生活介護】福岡県北九州市小倉北区神岳2丁目10番14号", "url": "https://www.kaigokensaku.mhlw.go.jp/40/index.php?action_kouhyou_detail_004_kani=true&JigyosyoCd=4070402393-00&ServiceCd=320&Type=search", "url2": "http//www.sawayakaclub.jp" }, "geometry": { "type": "Point", "coordinates": [ 130.893704, 33.8714218 ] } },
{ "type": "Feature", "properties": { "内容": "グループホーム　リズム【認知症対応型共同生活介護】北九州市小倉北区熊谷２丁目1-1５", "url": "https://www.kaigokensaku.mhlw.go.jp/40/index.php?action_kouhyou_detail_004_kani=true&JigyosyoCd=4070402468-00&ServiceCd=320&Type=search", "url2": null }, "geometry": { "type": "Point", "coordinates": [ 130.865489422719151, 33.858118640088989 ] } },
{ "type": "Feature", "properties": { "内容": "グループホームたんぽぽの家【認知症対応型共同生活介護】北九州市小倉北区中井5-6-28", "url": "https://www.kaigokensaku.mhlw.go.jp/40/index.php?action_kouhyou_detail_004_kani=true&JigyosyoCd=4070402559-00&ServiceCd=320&Type=search", "url2": null }, "geometry": { "type": "Point", "coordinates": [ 130.845545799999968, 33.8902831 ] } },
{ "type": "Feature", "properties": { "内容": "グループホームあんずの郷【認知症対応型共同生活介護】真鶴二丁目３番２５号", "url": "https://www.kaigokensaku.mhlw.go.jp/40/index.php?action_kouhyou_detail_004_kani=true&JigyosyoCd=4070402583-00&ServiceCd=320&Type=search", "url2": "http://www.ohgokai.or.jp" }, "geometry": { "type": "Point", "coordinates": [ 130.854884399999946, 33.8715438 ] } },
{ "type": "Feature", "properties": { "内容": "ふれあいの家　貴船【認知症対応型共同生活介護】福岡県北九州市小倉北区貴船町18-13", "url": "https://www.kaigokensaku.mhlw.go.jp/40/index.php?action_kouhyou_detail_004_kani=true&JigyosyoCd=4090400054-00&ServiceCd=320&Type=search", "url2": "http://www.kyoeikosan.co.jp/fureai" }, "geometry": { "type": "Point", "coordinates": [ 130.874158299999976, 33.8677637 ] } },
{ "type": "Feature", "properties": { "内容": "社会福祉法人　正勇会　グループホーム　ソレイユの丘【認知症対応型共同生活介護】福岡県北九州市小倉北区中井１丁目７番１４号", "url": "https://www.kaigokensaku.mhlw.go.jp/40/index.php?action_kouhyou_detail_004_kani=true&JigyosyoCd=4090400104-00&ServiceCd=320&Type=search", "url2": "http://www.soreiyugroup.or.jp" }, "geometry": { "type": "Point", "coordinates": [ 130.853467200000068, 33.8935106 ] } },
{ "type": "Feature", "properties": { "内容": "ふれあいの家　到津【認知症対応型共同生活介護】北九州市小倉北区下到津２－１－３", "url": "https://www.kaigokensaku.mhlw.go.jp/40/index.php?action_kouhyou_detail_004_kani=true&JigyosyoCd=4090400120-00&ServiceCd=320&Type=search", "url2": "http://www.kyoeikosan.co.jp/fureai" }, "geometry": { "type": "Point", "coordinates": [ 130.854992399999986, 33.8810149 ] } },
{ "type": "Feature", "properties": { "内容": "ニチイケアセンター北九州神幸【認知症対応型共同生活介護】福岡県北九州市小倉北区神幸町3番29号", "url": "https://www.kaigokensaku.mhlw.go.jp/40/index.php?action_kouhyou_detail_004_kani=true&JigyosyoCd=4090400153-00&ServiceCd=320&Type=search", "url2": "http://www.nichiigakkan.co.jp/" }, "geometry": { "type": "Point", "coordinates": [ 130.900308600000017, 33.8799434 ] } },
{ "type": "Feature", "properties": { "内容": "ふれあいの家　黄金【認知症対応型共同生活介護】福岡県北九州市小倉北区黄金１－９－１２", "url": "https://www.kaigokensaku.mhlw.go.jp/40/index.php?action_kouhyou_detail_004_kani=true&JigyosyoCd=4090400179-00&ServiceCd=320&Type=search", "url2": "http://www.kyoeikosan.co.jp/fureai" }, "geometry": { "type": "Point", "coordinates": [ 130.878683239950533, 33.870586430303483 ] } },
{ "type": "Feature", "properties": { "内容": "グループホーム都の杜【認知症対応型共同生活介護】都1丁目12番12号グループホーム都の杜", "url": "https://www.kaigokensaku.mhlw.go.jp/40/index.php?action_kouhyou_detail_004_kani=true&JigyosyoCd=4090400203-00&ServiceCd=320&Type=search", "url2": "http://wwwfujicare.co.jp" }, "geometry": { "type": "Point", "coordinates": [ 139.697266899999931, 35.6899821 ] } },
{ "type": "Feature", "properties": { "内容": "グループホーム三萩野【認知症対応型共同生活介護】福岡県北九州市小倉北区白銀2丁目11-4年長者の里　小倉東館4階", "url": "https://www.kaigokensaku.mhlw.go.jp/40/index.php?action_kouhyou_detail_004_kani=true&JigyosyoCd=4090400245-00&ServiceCd=320&Type=search", "url2": "http://n-sato.com" }, "geometry": { "type": "Point", "coordinates": [ 130.877152600000045, 33.868074454199466 ] } },
{ "type": "Feature", "properties": { "内容": "グループホームひだまり【認知症対応型共同生活介護】北九州市小倉北区片野４丁目23-2ひだまり", "url": "https://www.kaigokensaku.mhlw.go.jp/40/index.php?action_kouhyou_detail_004_kani=true&JigyosyoCd=4090400252-00&ServiceCd=320&Type=search", "url2": "http://www.senrikai.or.jp" }, "geometry": { "type": "Point", "coordinates": [ 130.88174140000001, 33.861245 ] } },
{ "type": "Feature", "properties": { "内容": "グループホームソレイユ北小倉【認知症対応型共同生活介護】福岡県北九州市小倉北区西港30番52号", "url": "https://www.kaigokensaku.mhlw.go.jp/40/index.php?action_kouhyou_detail_004_kani=true&JigyosyoCd=4090400294-00&ServiceCd=320&Type=search", "url2": "http://www.soreiyugroup.or.jp" }, "geometry": { "type": "Point", "coordinates": [ 130.856202404507513, 33.898158077145474 ] } },
{ "type": "Feature", "properties": { "内容": "グループホーム秋桜【認知症対応型共同生活介護】足原1丁目5番25号", "url": "https://www.kaigokensaku.mhlw.go.jp/40/index.php?action_kouhyou_detail_004_kani=true&JigyosyoCd=4090400310-00&ServiceCd=320&Type=search", "url2": "http://www.sinai.or.jp" }, "geometry": { "type": "Point", "coordinates": [ 130.896671952123285, 33.870169154390339 ] } },
{ "type": "Feature", "properties": { "内容": "グループホーム　ねむの郷【認知症対応型共同生活介護】清水5-11-35ねむの郷　1階", "url": "https://www.kaigokensaku.mhlw.go.jp/40/index.php?action_kouhyou_detail_004_kani=true&JigyosyoCd=4090400328-00&ServiceCd=320&Type=search", "url2": "https://ohgokai.or.jp" }, "geometry": { "type": "Point", "coordinates": [ 130.853201200000058, 33.8703633 ] } },
{ "type": "Feature", "properties": { "内容": "医療法人　北愛会　グループホーム　桜ハウス【認知症対応型共同生活介護】福岡県北九州市小倉北区上富野4-12-42", "url": "https://www.kaigokensaku.mhlw.go.jp/40/index.php?action_kouhyou_detail_004_kani=true&JigyosyoCd=4090400351-00&ServiceCd=320&Type=search", "url2": "http://hoku-i.jp/" }, "geometry": { "type": "Point", "coordinates": [ 130.9041664, 33.8851542 ] } },
{ "type": "Feature", "properties": { "内容": "グループホーム　たのしい家小倉北【認知症対応型共同生活介護】福岡県北九州市小倉北区中井五丁目３番１１号", "url": "https://www.kaigokensaku.mhlw.go.jp/40/index.php?action_kouhyou_detail_004_kani=true&JigyosyoCd=4090400468-00&ServiceCd=320&Type=search", "url2": null }, "geometry": { "type": "Point", "coordinates": [ 130.846651, 33.889289 ] } },
{ "type": "Feature", "properties": { "内容": "グループホームかすみ草【認知症対応型共同生活介護】福岡県北九州市小倉北区霧ヶ丘3丁目16-4", "url": "https://www.kaigokensaku.mhlw.go.jp/40/index.php?action_kouhyou_detail_004_kani=true&JigyosyoCd=4090400500-00&ServiceCd=320&Type=search", "url2": "cskokura.fukuoka.jp/" }, "geometry": { "type": "Point", "coordinates": [ 130.8978846, 33.8511215 ] } },
{ "type": "Feature", "properties": { "内容": "グループホーム　いこいの里　宇佐町【認知症対応型共同生活介護】北九州市小倉北区宇佐町1丁目9-36", "url": "https://www.kaigokensaku.mhlw.go.jp/40/index.php?action_kouhyou_detail_004_kani=true&JigyosyoCd=4090400146-00&ServiceCd=320&Type=search", "url2": "http://ikoino-sato.com" }, "geometry": { "type": "Point", "coordinates": [ 130.891537400000061, 33.8762546 ] } },
{ "type": "Feature", "properties": { "内容": "グループホーム　あしたば【認知症対応型共同生活介護】北九州市　小倉南区　新道寺３９６", "url": "https://www.kaigokensaku.mhlw.go.jp/40/index.php?action_kouhyou_detail_004_kani=true&JigyosyoCd=4070501061-00&ServiceCd=320&Type=search", "url2": null }, "geometry": { "type": "Point", "coordinates": [ 130.864977558860829, 33.783242375863146 ] } },
{ "type": "Feature", "properties": { "内容": "グループホーム　のんきさん・おたがいさま【認知症対応型共同生活介護】北九州市小倉南区沼本町２丁目８－３７", "url": "https://www.kaigokensaku.mhlw.go.jp/40/index.php?action_kouhyou_detail_004_kani=true&JigyosyoCd=4070501053-00&ServiceCd=320&Type=search", "url2": "http://www.toki-wa.jp" }, "geometry": { "type": "Point", "coordinates": [ 130.939561200000071, 33.8510894 ] } },
{ "type": "Feature", "properties": { "内容": "グループホーム　もみの木【認知症対応型共同生活介護】福岡県北九州市小倉南区朽網西３丁目５番２号", "url": "https://www.kaigokensaku.mhlw.go.jp/40/index.php?action_kouhyou_detail_004_kani=true&JigyosyoCd=4070502390-00&ServiceCd=320&Type=search", "url2": "http://mominoki-care.jp" }, "geometry": { "type": "Point", "coordinates": [ 130.946570400000041, 33.8097529 ] } },
{ "type": "Feature", "properties": { "内容": "グループホーム　みちくさ【認知症対応型共同生活介護】福岡県北九州市小倉南区重住２丁目４番２0号", "url": "https://www.kaigokensaku.mhlw.go.jp/40/index.php?action_kouhyou_detail_004_kani=true&JigyosyoCd=4070502374-00&ServiceCd=320&Type=search", "url2": "furusatofukushi@ia4.itkeeper.ne.jp" }, "geometry": { "type": "Point", "coordinates": [ 130.889628510311923, 33.854840879286542 ] } },
{ "type": "Feature", "properties": { "内容": "グループホームひまわりヒルズ【認知症対応型共同生活介護】曽根北町4番31号特別養護老人ホームひまわり内４階", "url": "https://www.kaigokensaku.mhlw.go.jp/40/index.php?action_kouhyou_detail_004_kani=true&JigyosyoCd=4090500630-00&ServiceCd=320&Type=search", "url2": "https://hasshinkai.com/" }, "geometry": { "type": "Point", "coordinates": [ 130.941253100000012, 33.8368285 ] } },
{ "type": "Feature", "properties": { "内容": "なごみ　春ヶ丘【認知症対応型共同生活介護】北九州市小倉南区春ヶ丘5-1", "url": "https://www.kaigokensaku.mhlw.go.jp/40/index.php?action_kouhyou_detail_004_kani=true&JigyosyoCd=4070502101-00&ServiceCd=320&Type=search", "url2": null }, "geometry": { "type": "Point", "coordinates": [ 130.88252209999996, 33.8523572 ] } },
{ "type": "Feature", "properties": { "内容": "グループホーム　憩いの家【認知症対応型共同生活介護】福岡県北九州市小倉南区木下７５７－５", "url": "https://www.kaigokensaku.mhlw.go.jp/40/index.php?action_kouhyou_detail_004_kani=true&JigyosyoCd=4070502143-00&ServiceCd=320&Type=search", "url2": null }, "geometry": { "type": "Point", "coordinates": [ 130.866058800000019, 33.7757242 ] } },
{ "type": "Feature", "properties": { "内容": "社会福祉法人　春秋会　グループホーム　好日苑　徳力の郷【認知症対応型共同生活介護】福岡県北九州市小倉南区南方３丁目５番６号", "url": "https://www.kaigokensaku.mhlw.go.jp/40/index.php?action_kouhyou_detail_004_kani=true&JigyosyoCd=4090500390-00&ServiceCd=320&Type=search", "url2": "https://www.koujitsuen.com/tokuriki/" }, "geometry": { "type": "Point", "coordinates": [ 130.862244207502272, 33.832910051414949 ] } },
{ "type": "Feature", "properties": { "内容": "グループホーム　サニーホーム【認知症対応型共同生活介護】福岡県北九州市小倉南区長野本町４丁目１９３３", "url": "https://www.kaigokensaku.mhlw.go.jp/40/index.php?action_kouhyou_detail_004_kani=true&JigyosyoCd=4070502606-00&ServiceCd=320&Type=search", "url2": null }, "geometry": { "type": "Point", "coordinates": [ 130.909378299999958, 33.8305132 ] } },
{ "type": "Feature", "properties": { "内容": "グループホーム　双葉荘【認知症対応型共同生活介護】福岡県北九州市小倉南区高野３丁目１１番１号", "url": "https://www.kaigokensaku.mhlw.go.jp/40/index.php?action_kouhyou_detail_004_kani=true&JigyosyoCd=4090500093-00&ServiceCd=320&Type=search", "url2": "http://www.futabakai.or.jp" }, "geometry": { "type": "Point", "coordinates": [ 130.85260530000005, 33.8290099 ] } },
{ "type": "Feature", "properties": { "内容": "グループホームこもれびII【認知症対応型共同生活介護】福岡県北九州市小倉南区蜷田若園３丁目４－９", "url": "https://www.kaigokensaku.mhlw.go.jp/40/index.php?action_kouhyou_detail_004_kani=true&JigyosyoCd=4090500119-00&ServiceCd=320&Type=search", "url2": "http://kanclinic.jp/" }, "geometry": { "type": "Point", "coordinates": [ 130.894140428836067, 33.844783354153655 ] } },
{ "type": "Feature", "properties": { "内容": "グループホーム　美咲ヶ丘【認知症対応型共同生活介護】北九州市小倉南区大字新道寺１０８５－１", "url": "https://www.kaigokensaku.mhlw.go.jp/40/index.php?action_kouhyou_detail_004_kani=true&JigyosyoCd=4070501947-00&ServiceCd=320&Type=search", "url2": "https://www.misakigaoka.com/" }, "geometry": { "type": "Point", "coordinates": [ 130.866630399999963, 33.7927697 ] } },
{ "type": "Feature", "properties": { "内容": "グループホーム高野【認知症対応型共同生活介護】福岡県北九州市小倉南区高野５丁目１１番1号", "url": "https://www.kaigokensaku.mhlw.go.jp/40/index.php?action_kouhyou_detail_004_kani=true&JigyosyoCd=4070502739-00&ServiceCd=320&Type=search", "url2": "http://www.tensuikai.or.jp/takano/" }, "geometry": { "type": "Point", "coordinates": [ 130.84726969999997, 33.8294375 ] } },
{ "type": "Feature", "properties": { "内容": "グループホームいそねの里【認知症対応型共同生活介護】北九州市小倉南区中曽根東二丁目１６番３６号", "url": "https://www.kaigokensaku.mhlw.go.jp/40/index.php?action_kouhyou_detail_004_kani=true&JigyosyoCd=4070501152-00&ServiceCd=320&Type=search", "url2": null }, "geometry": { "type": "Point", "coordinates": [ 130.945828, 33.8336917 ] } },
{ "type": "Feature", "properties": { "内容": "グループホーム光生園【認知症対応型共同生活介護】福岡県北九州市小倉南区葛原高松２丁目１４番１２号", "url": "https://www.kaigokensaku.mhlw.go.jp/40/index.php?action_kouhyou_detail_004_kani=true&JigyosyoCd=4070501392-00&ServiceCd=320&Type=search", "url2": "http://www.kouseien.biz/" }, "geometry": { "type": "Point", "coordinates": [ 130.92056249999996, 33.8497557 ] } },
{ "type": "Feature", "properties": { "内容": "グループホーム　さくら【認知症対応型共同生活介護】北九州市小倉南区朽網西１丁目６番6号", "url": "https://www.kaigokensaku.mhlw.go.jp/40/index.php?action_kouhyou_detail_004_kani=true&JigyosyoCd=4070501467-00&ServiceCd=320&Type=search", "url2": "http://www.sakurakai52.or.jp" }, "geometry": { "type": "Point", "coordinates": [ 130.952792100000011, 33.811964 ] } },
{ "type": "Feature", "properties": { "内容": "医療法人社団　天翠会　グループホームみどり【認知症対応型共同生活介護】福岡県北九州市小倉南区上吉田3丁目16－1", "url": "https://www.kaigokensaku.mhlw.go.jp/40/index.php?action_kouhyou_detail_004_kani=true&JigyosyoCd=4070501541-00&ServiceCd=320&Type=search", "url2": "http//www.tensuikai.or.jp" }, "geometry": { "type": "Point", "coordinates": [ 130.946769, 33.8559057 ] } },
{ "type": "Feature", "properties": { "内容": "グループホームなかよし【認知症対応型共同生活介護】福岡県北九州市小倉南区東水町６－７", "url": "https://www.kaigokensaku.mhlw.go.jp/40/index.php?action_kouhyou_detail_004_kani=true&JigyosyoCd=4070501590-00&ServiceCd=320&Type=search", "url2": "nakayoshi1013@dream.email.ne.jp" }, "geometry": { "type": "Point", "coordinates": [ 130.895515499999988, 33.8499993 ] } },
{ "type": "Feature", "properties": { "内容": "グループホームはなまる【認知症対応型共同生活介護】福岡県北九州市小倉南区中曽根1-4-10", "url": "https://www.kaigokensaku.mhlw.go.jp/40/index.php?action_kouhyou_detail_004_kani=true&JigyosyoCd=4070501954-00&ServiceCd=320&Type=search", "url2": null }, "geometry": { "type": "Point", "coordinates": [ 130.9381148, 33.8277644 ] } },
{ "type": "Feature", "properties": { "内容": "グループホーム　あかつき園【認知症対応型共同生活介護】福岡県北九州市小倉南区石田町３番２０号", "url": "https://www.kaigokensaku.mhlw.go.jp/40/index.php?action_kouhyou_detail_004_kani=true&JigyosyoCd=4070502226-00&ServiceCd=320&Type=search", "url2": null }, "geometry": { "type": "Point", "coordinates": [ 130.887252799999942, 33.8400226 ] } },
{ "type": "Feature", "properties": { "内容": "グループホーム　ドレミ【認知症対応型共同生活介護】北九州市小倉南区中曽根東４丁目１４－６", "url": "https://www.kaigokensaku.mhlw.go.jp/40/index.php?action_kouhyou_detail_004_kani=true&JigyosyoCd=4070502242-00&ServiceCd=320&Type=search", "url2": "www.sinai.or.jp" }, "geometry": { "type": "Point", "coordinates": [ 130.947558500000014, 33.8314865 ] } },
{ "type": "Feature", "properties": { "内容": "小倉南ケアセンター和が家【認知症対応型共同生活介護】北九州市小倉南区津田1-5-16", "url": "https://www.kaigokensaku.mhlw.go.jp/40/index.php?action_kouhyou_detail_004_kani=true&JigyosyoCd=4070502440-00&ServiceCd=320&Type=search", "url2": "http://www.care-wagaya.com/index.html" }, "geometry": { "type": "Point", "coordinates": [ 130.921040799999986, 33.8308857 ] } },
{ "type": "Feature", "properties": { "内容": "グループホームひかり【認知症対応型共同生活介護】福岡県北九州市小倉南区長野東町11番16号", "url": "https://www.kaigokensaku.mhlw.go.jp/40/index.php?action_kouhyou_detail_004_kani=true&JigyosyoCd=4070502614-00&ServiceCd=320&Type=search", "url2": "http://www.sawayakaclub.jp" }, "geometry": { "type": "Point", "coordinates": [ 130.918449799999962, 33.8195898 ] } },
{ "type": "Feature", "properties": { "内容": "グループホーム第２ふれあい家族【認知症対応型共同生活介護】北九州市小倉南区長行西2-2-17", "url": "https://www.kaigokensaku.mhlw.go.jp/40/index.php?action_kouhyou_detail_004_kani=true&JigyosyoCd=4070502663-00&ServiceCd=320&Type=search", "url2": "http://fureai-web.net" }, "geometry": { "type": "Point", "coordinates": [ 130.8509196, 33.8193749 ] } },
{ "type": "Feature", "properties": { "内容": "医療法人　かん養生クリニック　グループホーム　こもれび【認知症対応型共同生活介護】北九州市小倉南区蜷田若園３丁目４－１０", "url": "https://www.kaigokensaku.mhlw.go.jp/40/index.php?action_kouhyou_detail_004_kani=true&JigyosyoCd=4090500069-00&ServiceCd=320&Type=search", "url2": "http://kanclinic.jp/" }, "geometry": { "type": "Point", "coordinates": [ 130.89407140000003, 33.8449138 ] } },
{ "type": "Feature", "properties": { "内容": "グループホーム　ふたばのその【認知症対応型共同生活介護】福岡県北九州市小倉南区徳吉西１丁目２０番１５号", "url": "https://www.kaigokensaku.mhlw.go.jp/40/index.php?action_kouhyou_detail_004_kani=true&JigyosyoCd=4090500242-00&ServiceCd=320&Type=search", "url2": "www.futabakai.or.jp" }, "geometry": { "type": "Point", "coordinates": [ 130.857702499999959, 33.8168559 ] } },
{ "type": "Feature", "properties": { "内容": "グループホーム　メロディ【認知症対応型共同生活介護】福岡県北九州市小倉南区上貫三丁目3-25", "url": "https://www.kaigokensaku.mhlw.go.jp/40/index.php?action_kouhyou_detail_004_kani=true&JigyosyoCd=4090500275-00&ServiceCd=320&Type=search", "url2": "http://www.sinai.or.jp" }, "geometry": { "type": "Point", "coordinates": [ 130.922903854631045, 33.814064792289763 ] } },
{ "type": "Feature", "properties": { "内容": "グループホーム　モンテラッセ【認知症対応型共同生活介護】福岡県北九州市小倉南区蒲生２丁目4-11", "url": "https://www.kaigokensaku.mhlw.go.jp/40/index.php?action_kouhyou_detail_004_kani=true&JigyosyoCd=4090500432-00&ServiceCd=320&Type=search", "url2": "http//monatelier.jp/monterrasse/" }, "geometry": { "type": "Point", "coordinates": [ 130.865876100000037, 33.8454886 ] } },
{ "type": "Feature", "properties": { "内容": "グループホーム吉兵衛どんの里【認知症対応型共同生活介護】福岡県北九州市小倉南区徳吉南3－16－17", "url": "https://www.kaigokensaku.mhlw.go.jp/40/index.php?action_kouhyou_detail_004_kani=true&JigyosyoCd=4090500473-00&ServiceCd=320&Type=search", "url2": null }, "geometry": { "type": "Point", "coordinates": [ 130.8488662, 33.8120062 ] } },
{ "type": "Feature", "properties": { "内容": "グループホーム北九州シティホーム南館【認知症対応型共同生活介護】福岡県北九州市小倉南区沼緑町１丁目１１番１９号", "url": "https://www.kaigokensaku.mhlw.go.jp/40/index.php?action_kouhyou_detail_004_kani=true&JigyosyoCd=4090500507-00&ServiceCd=320&Type=search", "url2": "https://kaorukai.jp/" }, "geometry": { "type": "Point", "coordinates": [ 130.933949799999937, 33.8426108 ] } },
{ "type": "Feature", "properties": { "内容": "愛の家グループホーム北九州曽根【認知症対応型共同生活介護】福岡県北九州市小倉南区東貫1丁目13-63", "url": "https://www.kaigokensaku.mhlw.go.jp/40/index.php?action_kouhyou_detail_004_kani=true&JigyosyoCd=4090500796-00&ServiceCd=320&Type=search", "url2": "https://mcs-ainoie.com/search/fukuoka/kitakyushushi/gh316/" }, "geometry": { "type": "Point", "coordinates": [ 130.9360278, 33.8215421 ] } },
{ "type": "Feature", "properties": { "内容": "グループホームハッピー若園【認知症対応型共同生活介護】福岡県北九州市小倉南区若園１丁目６－１６", "url": "https://www.kaigokensaku.mhlw.go.jp/40/index.php?action_kouhyou_detail_004_kani=true&JigyosyoCd=4090500655-00&ServiceCd=320&Type=search", "url2": "http://happy-arrow-wakazono.co" }, "geometry": { "type": "Point", "coordinates": [ 130.8883042, 33.8511693 ] } },
{ "type": "Feature", "properties": { "内容": "グループホーム　かおる苑【認知症対応型共同生活介護】沼緑町１丁目１１番２１号", "url": "https://www.kaigokensaku.mhlw.go.jp/40/index.php?action_kouhyou_detail_004_kani=true&JigyosyoCd=4090500515-00&ServiceCd=320&Type=search", "url2": "https://kaorukai.jp/" }, "geometry": { "type": "Point", "coordinates": [ 130.933667300000025, 33.8422181 ] } },
{ "type": "Feature", "properties": { "内容": "グループホーム　はーとふるくさみ【認知症対応型共同生活介護】福岡県北九州市小倉南区朽網西三丁目５番２号", "url": "https://www.kaigokensaku.mhlw.go.jp/40/index.php?action_kouhyou_detail_004_kani=true&JigyosyoCd=4090500879-00&ServiceCd=320&Type=search", "url2": null }, "geometry": { "type": "Point", "coordinates": [ 130.9466172, 33.8097544 ] } },
{ "type": "Feature", "properties": { "内容": "グループホーム牧水の丘【認知症対応型共同生活介護】北九州市八幡東区東鉄町５番２０号", "url": "https://www.kaigokensaku.mhlw.go.jp/40/index.php?action_kouhyou_detail_004_kani=true&JigyosyoCd=4070600558-00&ServiceCd=320&Type=search", "url2": "http://www.elder-s.co.jp" }, "geometry": { "type": "Point", "coordinates": [ 130.834978099999944, 33.8638858 ] } },
{ "type": "Feature", "properties": { "内容": "グループホーム　八幡【認知症対応型共同生活介護】福岡県北九州市八幡東区大蔵3丁目2番1号", "url": "https://www.kaigokensaku.mhlw.go.jp/40/index.php?action_kouhyou_detail_004_kani=true&JigyosyoCd=4070600517-00&ServiceCd=320&Type=search", "url2": "http://n-sato.com" }, "geometry": { "type": "Point", "coordinates": [ 130.816548218385378, 33.855800697935997 ] } },
{ "type": "Feature", "properties": { "内容": "グループホーム森の家【認知症対応型共同生活介護】福岡県北九州市八幡東区山路松尾町１３－２５", "url": "https://www.kaigokensaku.mhlw.go.jp/40/index.php?action_kouhyou_detail_004_kani=true&JigyosyoCd=4070600657-00&ServiceCd=320&Type=search", "url2": "http://www.furate.net/" }, "geometry": { "type": "Point", "coordinates": [ 130.847954395106512, 33.858712193803058 ] } },
{ "type": "Feature", "properties": { "内容": "グループホーム　牧水の丘II【認知症対応型共同生活介護】福岡県北九州市八幡東区東鉄町５－１", "url": "https://www.kaigokensaku.mhlw.go.jp/40/index.php?action_kouhyou_detail_004_kani=true&JigyosyoCd=4070600764-00&ServiceCd=320&Type=search", "url2": "http://www.elder-s.co.jp" }, "geometry": { "type": "Point", "coordinates": [ 130.834786399999984, 33.8634525 ] } },
{ "type": "Feature", "properties": { "内容": "グル－プホ－ム高見【認知症対応型共同生活介護】北九州市八幡東区高見５丁目2-1", "url": "https://www.kaigokensaku.mhlw.go.jp/40/index.php?action_kouhyou_detail_004_kani=true&JigyosyoCd=4070600962-00&ServiceCd=320&Type=search", "url2": "http://www.elder-s.co.jp" }, "geometry": { "type": "Point", "coordinates": [ 130.837383199999977, 33.8711183 ] } },
{ "type": "Feature", "properties": { "内容": "グループホーム　大蔵【認知症対応型共同生活介護】福岡県北九州市八幡東区大蔵３丁目２－１", "url": "https://www.kaigokensaku.mhlw.go.jp/40/index.php?action_kouhyou_detail_004_kani=true&JigyosyoCd=4090600059-00&ServiceCd=320&Type=search", "url2": "http://www.nenchousha.com" }, "geometry": { "type": "Point", "coordinates": [ 130.816671600000063, 33.856264 ] } },
{ "type": "Feature", "properties": { "内容": "グループホーム山王【認知症対応型共同生活介護】福岡県北九州市八幡東区山王1-15-1", "url": "https://www.kaigokensaku.mhlw.go.jp/40/index.php?action_kouhyou_detail_004_kani=true&JigyosyoCd=4090600075-00&ServiceCd=320&Type=search", "url2": "http://www.nenchousha.com" }, "geometry": { "type": "Point", "coordinates": [ 130.816071299999976, 33.8690236 ] } },
{ "type": "Feature", "properties": { "内容": "グループホーム　ビートルズ【認知症対応型共同生活介護】北九州市八幡東区白川町7番43号", "url": "https://www.kaigokensaku.mhlw.go.jp/40/index.php?action_kouhyou_detail_004_kani=true&JigyosyoCd=4090600083-00&ServiceCd=320&Type=search", "url2": "http://sinai.or.jp" }, "geometry": { "type": "Point", "coordinates": [ 130.819326400000023, 33.873926 ] } },
{ "type": "Feature", "properties": { "内容": "ふれあいの家　祝町【認知症対応型共同生活介護】福岡県北九州市八幡東区祝町2-13-5", "url": "https://www.kaigokensaku.mhlw.go.jp/40/index.php?action_kouhyou_detail_004_kani=true&JigyosyoCd=4090600091-00&ServiceCd=320&Type=search", "url2": "http://www.kyoeikosan.co.jp/fureai" }, "geometry": { "type": "Point", "coordinates": [ 130.828300899999931, 33.8643355 ] } },
{ "type": "Feature", "properties": { "内容": "ニチイケアセンター東田【認知症対応型共同生活介護】福岡県北九州市八幡東区東田1-3-11", "url": "https://www.kaigokensaku.mhlw.go.jp/40/index.php?action_kouhyou_detail_004_kani=true&JigyosyoCd=4090600125-00&ServiceCd=320&Type=search", "url2": "http://www.nichiigakkan.co.jp" }, "geometry": { "type": "Point", "coordinates": [ 130.7981909, 33.8697021 ] } },
{ "type": "Feature", "properties": { "内容": "グループホーム　ピアノ【認知症対応型共同生活介護】昭和3丁目1-27", "url": "https://www.kaigokensaku.mhlw.go.jp/40/index.php?action_kouhyou_detail_004_kani=true&JigyosyoCd=4090600216-00&ServiceCd=320&Type=search", "url2": "www.sinai.or.jp" }, "geometry": { "type": "Point", "coordinates": [ 139.883157899999986, 36.5680136 ] } },
{ "type": "Feature", "properties": { "内容": "ふれあいの家　清和苑【認知症対応型共同生活介護】福岡県北九州市八幡東区清田2丁目12-7", "url": "https://www.kaigokensaku.mhlw.go.jp/40/index.php?action_kouhyou_detail_004_kani=true&JigyosyoCd=4090600240-00&ServiceCd=320&Type=search", "url2": "https://soshin-care.co.jp/" }, "geometry": { "type": "Point", "coordinates": [ 130.839034100000021, 33.860025400000019 ] } },
{ "type": "Feature", "properties": { "内容": "グループホーム　ふくじゅそう【認知症対応型共同生活介護】福岡県北九州市八幡西区本城四丁目7-46", "url": "https://www.kaigokensaku.mhlw.go.jp/40/index.php?action_kouhyou_detail_004_kani=true&JigyosyoCd=4070702289-00&ServiceCd=320&Type=search", "url2": "http://www.kyuun.com" }, "geometry": { "type": "Point", "coordinates": [ 130.73821369999996, 33.884492700000017 ] } },
{ "type": "Feature", "properties": { "内容": "風の里　グループホーム【認知症対応型共同生活介護】北九州市八幡西区里中二丁目１７－１３", "url": "https://www.kaigokensaku.mhlw.go.jp/40/index.php?action_kouhyou_detail_004_kani=true&JigyosyoCd=4090700057-00&ServiceCd=320&Type=search", "url2": "kazekozou@mvj.biglobe.ne.jp" }, "geometry": { "type": "Point", "coordinates": [ 130.739215, 33.8453722 ] } },
{ "type": "Feature", "properties": { "内容": "グループホームもやい【認知症対応型共同生活介護】北九州市八幡西区竹末1丁目10-15", "url": "https://www.kaigokensaku.mhlw.go.jp/40/index.php?action_kouhyou_detail_004_kani=true&JigyosyoCd=4070703022-00&ServiceCd=320&Type=search", "url2": "http://blog.livedoor.jp/ghmoyai2257/" }, "geometry": { "type": "Point", "coordinates": [ 130.744165986508136, 33.850931069442552 ] } },
{ "type": "Feature", "properties": { "内容": "グループホーム　倫尚園【認知症対応型共同生活介護】福岡県北九州市八幡西区馬場山東３丁目１１番１号", "url": "https://www.kaigokensaku.mhlw.go.jp/40/index.php?action_kouhyou_detail_004_kani=true&JigyosyoCd=4070701760-00&ServiceCd=320&Type=search", "url2": "welbabayama@abeam.ocn.ne.jp." }, "geometry": { "type": "Point", "coordinates": [ 130.74909619999994, 33.7921975 ] } },
{ "type": "Feature", "properties": { "内容": "グループホーム　グローバルケアⅡ【認知症対応型共同生活介護】中の原一丁目４－７", "url": "https://www.kaigokensaku.mhlw.go.jp/40/index.php?action_kouhyou_detail_004_kani=true&JigyosyoCd=4070703113-00&ServiceCd=320&Type=search", "url2": "www.gl-care.org" }, "geometry": { "type": "Point", "coordinates": [ 130.753458599999931, 33.8324685 ] } },
{ "type": "Feature", "properties": { "内容": "グループホーム　この葉【認知症対応型共同生活介護】福岡県北九州市八幡西区三ッ頭二丁目１５－１０", "url": "https://www.kaigokensaku.mhlw.go.jp/40/index.php?action_kouhyou_detail_004_kani=true&JigyosyoCd=4070703238-00&ServiceCd=320&Type=search", "url2": null }, "geometry": { "type": "Point", "coordinates": [ 130.6873213, 33.8849743 ] } },
{ "type": "Feature", "properties": { "内容": "グループホームこころ【認知症対応型共同生活介護】北九州市八幡西区木屋瀬2丁目7-8", "url": "https://www.kaigokensaku.mhlw.go.jp/40/index.php?action_kouhyou_detail_004_kani=true&JigyosyoCd=4070702800-00&ServiceCd=320&Type=search", "url2": "ghkokoro.com" }, "geometry": { "type": "Point", "coordinates": [ 130.724284300000022, 33.7838485 ] } },
{ "type": "Feature", "properties": { "内容": "福の里グループホーム結【認知症対応型共同生活介護】福岡県北九州市八幡西区楠橋上方二丁目18-37", "url": "https://www.kaigokensaku.mhlw.go.jp/40/index.php?action_kouhyou_detail_004_kani=true&JigyosyoCd=4070702677-00&ServiceCd=320&Type=search", "url2": "fukunosato@crux.ocn.ne.jp" }, "geometry": { "type": "Point", "coordinates": [ 130.729583899999966, 33.7931363 ] } },
{ "type": "Feature", "properties": { "内容": "グループホームグローバルケア【認知症対応型共同生活介護】福岡県北九州市八幡西区藤原三丁目１０－１５", "url": "https://www.kaigokensaku.mhlw.go.jp/40/index.php?action_kouhyou_detail_004_kani=true&JigyosyoCd=4070702081-00&ServiceCd=320&Type=search", "url2": "www://gl-care.org" }, "geometry": { "type": "Point", "coordinates": [ 130.707456699999966, 33.877187 ] } },
{ "type": "Feature", "properties": { "内容": "グループホームやまびこ【認知症対応型共同生活介護】福岡県北九州市八幡西区町上津役東3丁目10-16", "url": "https://www.kaigokensaku.mhlw.go.jp/40/index.php?action_kouhyou_detail_004_kani=true&JigyosyoCd=4070700689-00&ServiceCd=320&Type=search", "url2": "http://yamabiko-npo.jp" }, "geometry": { "type": "Point", "coordinates": [ 130.763766300000043, 33.8216613 ] } },
{ "type": "Feature", "properties": { "内容": "螢の郷【認知症対応型共同生活介護】北九州市八幡西区香月西３丁目１０－１７", "url": "https://www.kaigokensaku.mhlw.go.jp/40/index.php?action_kouhyou_detail_004_kani=true&JigyosyoCd=4070701331-00&ServiceCd=320&Type=search", "url2": null }, "geometry": { "type": "Point", "coordinates": [ 130.725028699999939, 33.8023769 ] } },
{ "type": "Feature", "properties": { "内容": "八幡西ケアセンター和が家【認知症対応型共同生活介護】北九州市八幡西区御開3-9-53", "url": "https://www.kaigokensaku.mhlw.go.jp/40/index.php?action_kouhyou_detail_004_kani=true&JigyosyoCd=4070701711-00&ServiceCd=320&Type=search", "url2": "http://www.care-wagaya.com/" }, "geometry": { "type": "Point", "coordinates": [ 130.7351721, 33.8887561 ] } },
{ "type": "Feature", "properties": { "内容": "グループホーム　ひだまり【認知症対応型共同生活介護】福岡県北九州市八幡西区浅川１丁目２５－６", "url": "https://www.kaigokensaku.mhlw.go.jp/40/index.php?action_kouhyou_detail_004_kani=true&JigyosyoCd=4070703105-00&ServiceCd=320&Type=search", "url2": "http://www.kenko-support.com/hidamari/" }, "geometry": { "type": "Point", "coordinates": [ 130.702803300000028, 33.8780645 ] } },
{ "type": "Feature", "properties": { "内容": "グリーンリーフ星ヶ丘【認知症対応型共同生活介護】福岡県北九州市八幡西区星ヶ丘6丁目１－３７", "url": "https://www.kaigokensaku.mhlw.go.jp/40/index.php?action_kouhyou_detail_004_kani=true&JigyosyoCd=4070703576-00&ServiceCd=320&Type=search", "url2": "http://www.yusanko.com" }, "geometry": { "type": "Point", "coordinates": [ 130.748738300000014, 33.7739553 ] } },
{ "type": "Feature", "properties": { "内容": "グループホームのぞみ【認知症対応型共同生活介護】福岡県北九州市八幡西区陣原3丁目25-1", "url": "https://www.kaigokensaku.mhlw.go.jp/40/index.php?action_kouhyou_detail_004_kani=true&JigyosyoCd=4070703667-00&ServiceCd=320&Type=search", "url2": "nozomi@seishou.biz" }, "geometry": { "type": "Point", "coordinates": [ 130.739207215344209, 33.86839076695486 ] } },
{ "type": "Feature", "properties": { "内容": "グループホーム黒崎【認知症対応型共同生活介護】福岡県北九州市八幡西区東王子町７番８号", "url": "https://www.kaigokensaku.mhlw.go.jp/40/index.php?action_kouhyou_detail_004_kani=true&JigyosyoCd=4090700040-00&ServiceCd=320&Type=search", "url2": "http://www.kitakyushu-hcs.co.jp" }, "geometry": { "type": "Point", "coordinates": [ 130.759176700000012, 33.8589739 ] } },
{ "type": "Feature", "properties": { "内容": "グループホームいなほ園【認知症対応型共同生活介護】福岡県北九州市八幡西区町上津役東２丁目２１－４４", "url": "https://www.kaigokensaku.mhlw.go.jp/40/index.php?action_kouhyou_detail_004_kani=true&JigyosyoCd=4090700099-00&ServiceCd=320&Type=search", "url2": "http://yamabiko-npo.jp" }, "geometry": { "type": "Point", "coordinates": [ 130.756219800000054, 33.8211724 ] } },
{ "type": "Feature", "properties": { "内容": "グループホーム蓬莱【認知症対応型共同生活介護】福岡県北九州市八幡西区森下町27-38ケアプラザ俱楽部雪月花内", "url": "https://www.kaigokensaku.mhlw.go.jp/40/index.php?action_kouhyou_detail_004_kani=true&JigyosyoCd=4090700248-00&ServiceCd=320&Type=search", "url2": "http://www.moyai.or.jp/" }, "geometry": { "type": "Point", "coordinates": [ 130.741881299999932, 33.8490663 ] } },
{ "type": "Feature", "properties": { "内容": "グリーンリーフ瀬板【認知症対応型共同生活介護】北九州市八幡西区則松東二丁目1番12号", "url": "https://www.kaigokensaku.mhlw.go.jp/40/index.php?action_kouhyou_detail_004_kani=true&JigyosyoCd=4090700263-00&ServiceCd=320&Type=search", "url2": "http://www.yusanko.com" }, "geometry": { "type": "Point", "coordinates": [ 130.723702022645512, 33.856092250167009 ] } },
{ "type": "Feature", "properties": { "内容": "グループホームわかば【認知症対応型共同生活介護】北九州市八幡西区香月西二丁目9番３号", "url": "https://www.kaigokensaku.mhlw.go.jp/40/index.php?action_kouhyou_detail_004_kani=true&JigyosyoCd=4090700339-00&ServiceCd=320&Type=search", "url2": "https://kenbikai.org/" }, "geometry": { "type": "Point", "coordinates": [ 130.732453499999963, 33.803826 ] } },
{ "type": "Feature", "properties": { "内容": "きたふくグループホーム「自悠の郷」幸神【認知症対応型共同生活介護】北九州市八幡西区幸神2丁目6-5２階", "url": "https://www.kaigokensaku.mhlw.go.jp/40/index.php?action_kouhyou_detail_004_kani=true&JigyosyoCd=4090700396-00&ServiceCd=320&Type=search", "url2": "https://kitafuku.co.jp" }, "geometry": { "type": "Point", "coordinates": [ 130.766304, 33.8518471 ] } },
{ "type": "Feature", "properties": { "内容": "さわやかグループホームせいのう【認知症対応型共同生活介護】福岡県北九州市八幡西区清納2丁目11-13さわやかせいのう館", "url": "https://www.kaigokensaku.mhlw.go.jp/40/index.php?action_kouhyou_detail_004_kani=true&JigyosyoCd=4090700412-00&ServiceCd=320&Type=search", "url2": "http://www.sawayakaclub.jp" }, "geometry": { "type": "Point", "coordinates": [ 130.7776083, 33.8601381 ] } },
{ "type": "Feature", "properties": { "内容": "グループホームかすがの杜【認知症対応型共同生活介護】八千代町9番30号", "url": "https://www.kaigokensaku.mhlw.go.jp/40/index.php?action_kouhyou_detail_004_kani=true&JigyosyoCd=4090700420-00&ServiceCd=320&Type=search", "url2": null }, "geometry": { "type": "Point", "coordinates": [ 130.773986299999933, 33.8633266 ] } },
{ "type": "Feature", "properties": { "内容": "グループホーム聖ヨゼフの園【認知症対応型共同生活介護】鷹見台１丁目4-17", "url": "https://www.kaigokensaku.mhlw.go.jp/40/index.php?action_kouhyou_detail_004_kani=true&JigyosyoCd=4090700602-00&ServiceCd=320&Type=search", "url2": "http://www.st-joseph.or.jp/" }, "geometry": { "type": "Point", "coordinates": [ 130.722044399999959, 33.8426692 ] } },
{ "type": "Feature", "properties": { "内容": "グループホーム愛【認知症対応型共同生活介護】福岡県北九州市八幡西区鷹の巣1丁目7-7鷹の巣ビル2階・3階", "url": "https://www.kaigokensaku.mhlw.go.jp/40/index.php?action_kouhyou_detail_004_kani=true&JigyosyoCd=4090700644-00&ServiceCd=320&Type=search", "url2": null }, "geometry": { "type": "Point", "coordinates": [ 130.7458752, 33.8568349 ] } },
{ "type": "Feature", "properties": { "内容": "グループホーム　ひろき苑【認知症対応型共同生活介護】福岡県北九州市八幡西区本城4丁目7番46号", "url": "https://www.kaigokensaku.mhlw.go.jp/40/index.php?action_kouhyou_detail_004_kani=true&JigyosyoCd=4090700842-00&ServiceCd=320&Type=search", "url2": "http://kawamura-fs.com/yahata.html" }, "geometry": { "type": "Point", "coordinates": [ 130.738230499999986, 33.8844641 ] } },
{ "type": "Feature", "properties": { "内容": "ニチイケアセンター下上津役【認知症対応型共同生活介護】福岡県北九州市八幡西区下上津役二丁目11番21号", "url": "https://www.kaigokensaku.mhlw.go.jp/40/index.php?action_kouhyou_detail_004_kani=true&JigyosyoCd=4090700172-00&ServiceCd=320&Type=search", "url2": "http://www.nichiigakkan.co.jp/" }, "geometry": { "type": "Point", "coordinates": [ 130.742034800000056, 33.8270743 ] } },
{ "type": "Feature", "properties": { "内容": "サポートセンター本城グループホーム【認知症対応型共同生活介護】本城東6丁目1-16", "url": "https://www.kaigokensaku.mhlw.go.jp/40/index.php?action_kouhyou_detail_004_kani=true&JigyosyoCd=4090700321-00&ServiceCd=320&Type=search", "url2": "http://www.hibiki.or.jp" }, "geometry": { "type": "Point", "coordinates": [ 130.730077516532873, 33.87423428760097 ] } },
{ "type": "Feature", "properties": { "内容": "グループホーム　ほたるのまち【認知症対応型共同生活介護】福岡県北九州市八幡西区上上津役５－８－１", "url": "https://www.kaigokensaku.mhlw.go.jp/40/index.php?action_kouhyou_detail_004_kani=true&JigyosyoCd=4090700784-00&ServiceCd=320&Type=search", "url2": null }, "geometry": { "type": "Point", "coordinates": [ 130.761782700000026, 33.8264914 ] } },
{ "type": "Feature", "properties": { "内容": "あおぞらの里　グループホーム黒崎【認知症対応型共同生活介護】北九州市八幡西区東鳴水3-6-12階", "url": "https://www.kaigokensaku.mhlw.go.jp/40/index.php?action_kouhyou_detail_004_kani=true&JigyosyoCd=4070702818-00&ServiceCd=320&Type=search", "url2": "https://www.cedar-group.co.jp/" }, "geometry": { "type": "Point", "coordinates": [ 130.769776861971337, 33.855008518803494 ] } },
{ "type": "Feature", "properties": { "内容": "いきいき良花居【認知症対応型共同生活介護】北九州市八幡西区東折尾町１６－１０", "url": "https://www.kaigokensaku.mhlw.go.jp/40/index.php?action_kouhyou_detail_004_kani=true&JigyosyoCd=4090700107-00&ServiceCd=320&Type=search", "url2": "kaigo-ikik.com" }, "geometry": { "type": "Point", "coordinates": [ 130.720169, 33.8628584 ] } },
{ "type": "Feature", "properties": { "内容": "グループホーム華里【認知症対応型共同生活介護】福岡県北九州市八幡西区八枝3丁目12-10", "url": "https://www.kaigokensaku.mhlw.go.jp/40/index.php?action_kouhyou_detail_004_kani=true&JigyosyoCd=4070702115-00&ServiceCd=320&Type=search", "url2": "http://blog.livedoor.jp/ghhanasato8840/" }, "geometry": { "type": "Point", "coordinates": [ 130.726307799999972, 33.845944 ] } },
{ "type": "Feature", "properties": { "内容": "グループホーム星ヶ丘【認知症対応型共同生活介護】北九州市八幡西区星ヶ丘3-5-21", "url": "https://www.kaigokensaku.mhlw.go.jp/40/index.php?action_kouhyou_detail_004_kani=true&JigyosyoCd=4070702602-00&ServiceCd=320&Type=search", "url2": "https://kaigo-hoshinosato.com" }, "geometry": { "type": "Point", "coordinates": [ 130.750441, 33.7721416 ] } },
{ "type": "Feature", "properties": { "内容": "グループホーム　きらめき【認知症対応型共同生活介護】北九州市八幡西区本城一丁目20番20号", "url": "https://www.kaigokensaku.mhlw.go.jp/40/index.php?action_kouhyou_detail_004_kani=true&JigyosyoCd=4070702685-00&ServiceCd=320&Type=search", "url2": "http://www.pro-kirameki.com" }, "geometry": { "type": "Point", "coordinates": [ 130.72880766330718, 33.882008664313631 ] } },
{ "type": "Feature", "properties": { "内容": "愛好の里グループホーム青春・明苑【認知症対応型共同生活介護】福岡県北九州市八幡西区馬場山東一丁目２６番２０号", "url": "https://www.kaigokensaku.mhlw.go.jp/40/index.php?action_kouhyou_detail_004_kani=true&JigyosyoCd=4070703451-00&ServiceCd=320&Type=search", "url2": null }, "geometry": { "type": "Point", "coordinates": [ 130.752343, 33.7991189 ] } },
{ "type": "Feature", "properties": { "内容": "株式会社プロデュース　グループホームきらめき　上の原【認知症対応型共同生活介護】北九州市八幡西区上の原2丁目17-11", "url": "https://www.kaigokensaku.mhlw.go.jp/40/index.php?action_kouhyou_detail_004_kani=true&JigyosyoCd=4090700354-00&ServiceCd=320&Type=search", "url2": "http://www.pro-kirameki.com/yousu.html" }, "geometry": { "type": "Point", "coordinates": [ 130.7537112, 33.837418 ] } },
{ "type": "Feature", "properties": { "内容": "グループホームラペ名島【認知症対応型共同生活介護】福岡市東区名島1丁目5-22", "url": "https://www.kaigokensaku.mhlw.go.jp/40/index.php?action_kouhyou_detail_004_kani=true&JigyosyoCd=4070800869-00&ServiceCd=320&Type=search", "url2": null }, "geometry": { "type": "Point", "coordinates": [ 130.422630160821541, 33.646747050337375 ] } },
{ "type": "Feature", "properties": { "内容": "グループホーム「ばらいろ」【認知症対応型共同生活介護】福岡県福岡市東区名子１－１－５", "url": "https://www.kaigokensaku.mhlw.go.jp/40/index.php?action_kouhyou_detail_004_kani=true&JigyosyoCd=4070801073-00&ServiceCd=320&Type=search", "url2": "http://asunaro-mk.jp/" }, "geometry": { "type": "Point", "coordinates": [ 130.472856099999944, 33.6383201 ] } },
{ "type": "Feature", "properties": { "内容": "グループホーム　青葉の里【認知症対応型共同生活介護】福岡市東区土井4丁目5番16号高齢者複合施設　みんなの家　青葉の里　２階", "url": "https://www.kaigokensaku.mhlw.go.jp/40/index.php?action_kouhyou_detail_004_kani=true&JigyosyoCd=4070801164-00&ServiceCd=320&Type=search", "url2": "http://www.homecareservice.co.jp" }, "geometry": { "type": "Point", "coordinates": [ 130.467126099999973, 33.6351344 ] } },
{ "type": "Feature", "properties": { "内容": "グループホームあおば【認知症対応型共同生活介護】福岡市東区名子3丁目１番8号グループホームたいようの風　2階", "url": "https://www.kaigokensaku.mhlw.go.jp/40/index.php?action_kouhyou_detail_004_kani=true&JigyosyoCd=4070801172-00&ServiceCd=320&Type=search", "url2": "http://www.homecareservice.co.jp/" }, "geometry": { "type": "Point", "coordinates": [ 130.472186887348215, 33.638913947386833 ] } },
{ "type": "Feature", "properties": { "内容": "愛の家グループホーム筥松【認知症対応型共同生活介護】福岡市東区筥松新町3-3", "url": "https://www.kaigokensaku.mhlw.go.jp/40/index.php?action_kouhyou_detail_004_kani=true&JigyosyoCd=4070801727-00&ServiceCd=320&Type=search", "url2": "http://www.mcsg.co.jp/" }, "geometry": { "type": "Point", "coordinates": [ 130.436384500000031, 33.6129195 ] } },
{ "type": "Feature", "properties": { "内容": "つくしんぼのグループホーム【認知症対応型共同生活介護】福岡市東区箱崎ふ頭３丁目６番２６号つくしんぼ箱崎ビル", "url": "https://www.kaigokensaku.mhlw.go.jp/40/index.php?action_kouhyou_detail_004_kani=true&JigyosyoCd=4070801750-00&ServiceCd=320&Type=search", "url2": "http://www.kaigoservice.jp" }, "geometry": { "type": "Point", "coordinates": [ 130.423104, 33.6384719 ] } },
{ "type": "Feature", "properties": { "内容": "グループホーム　ウイング【認知症対応型共同生活介護】福岡市東区原田4丁目１６－１", "url": "https://www.kaigokensaku.mhlw.go.jp/40/index.php?action_kouhyou_detail_004_kani=true&JigyosyoCd=4070801875-00&ServiceCd=320&Type=search", "url2": "gh-wing.com" }, "geometry": { "type": "Point", "coordinates": [ 130.44361159999994, 33.6240712 ] } },
{ "type": "Feature", "properties": { "内容": "グループホーム唐原【認知症対応型共同生活介護】福岡県福岡市東区唐原３丁目６番８号", "url": "https://www.kaigokensaku.mhlw.go.jp/40/index.php?action_kouhyou_detail_004_kani=true&JigyosyoCd=4090800949-00&ServiceCd=320&Type=search", "url2": "http://www.homecareservice.co.jp/" }, "geometry": { "type": "Point", "coordinates": [ 130.4368567, 33.6777028 ] } },
{ "type": "Feature", "properties": { "内容": "グループホーム　楽園【認知症対応型共同生活介護】福岡市東区志賀島1735番地の１５３", "url": "https://www.kaigokensaku.mhlw.go.jp/40/index.php?action_kouhyou_detail_004_kani=true&JigyosyoCd=4090800030-00&ServiceCd=320&Type=search", "url2": "http://www.rakuen-fukushi.com/" }, "geometry": { "type": "Point", "coordinates": [ 130.308385600000065, 33.6602801 ] } },
{ "type": "Feature", "properties": { "内容": "グループホーム　菜の花【認知症対応型共同生活介護】福岡県福岡市東区和白東4丁目6番26号", "url": "https://www.kaigokensaku.mhlw.go.jp/40/index.php?action_kouhyou_detail_004_kani=true&JigyosyoCd=4090800048-00&ServiceCd=320&Type=search", "url2": null }, "geometry": { "type": "Point", "coordinates": [ 130.4433639, 33.6974243 ] } },
{ "type": "Feature", "properties": { "内容": "グループホーム千手【認知症対応型共同生活介護】福岡市東区名島1丁目6-13", "url": "https://www.kaigokensaku.mhlw.go.jp/40/index.php?action_kouhyou_detail_004_kani=true&JigyosyoCd=4090800071-00&ServiceCd=320&Type=search", "url2": "http://smile-kaigo.com/" }, "geometry": { "type": "Point", "coordinates": [ 130.424003399999947, 33.6466376 ] } },
{ "type": "Feature", "properties": { "内容": "ニチイケアセンター土井【認知症対応型共同生活介護】福岡県福岡市東区若宮１丁目２７－２４号ニチイケアセンター土井", "url": "https://www.kaigokensaku.mhlw.go.jp/40/index.php?action_kouhyou_detail_004_kani=true&JigyosyoCd=4090800089-00&ServiceCd=320&Type=search", "url2": "https://www.nichii-kaigo.jp/base/base-result/05T83/" }, "geometry": { "type": "Point", "coordinates": [ 130.457271499999933, 33.6356871 ] } },
{ "type": "Feature", "properties": { "内容": "グループホーム三苫駅前【認知症対応型共同生活介護】福岡県福岡市東区三苫4－8－1", "url": "https://www.kaigokensaku.mhlw.go.jp/40/index.php?action_kouhyou_detail_004_kani=true&JigyosyoCd=4090800113-00&ServiceCd=320&Type=search", "url2": "http://www.homecareservice.co.jp/" }, "geometry": { "type": "Point", "coordinates": [ 130.422392899999977, 33.7000645 ] } },
{ "type": "Feature", "properties": { "内容": "グループホーム　アソシエ和白【認知症対応型共同生活介護】和白東1丁目25-11", "url": "https://www.kaigokensaku.mhlw.go.jp/40/index.php?action_kouhyou_detail_004_kani=true&JigyosyoCd=4090800162-00&ServiceCd=320&Type=search", "url2": "sprc3kz9@chime.onc..ne.jp" }, "geometry": { "type": "Point", "coordinates": [ 130.437120099999987, 33.6886193 ] } },
{ "type": "Feature", "properties": { "内容": "ささえ手ホーム綾【認知症対応型共同生活介護】福岡県福岡市東区水谷１丁目３０－２２", "url": "https://www.kaigokensaku.mhlw.go.jp/40/index.php?action_kouhyou_detail_004_kani=true&JigyosyoCd=4090800170-00&ServiceCd=320&Type=search", "url2": "https://fukuwel.or.jp" }, "geometry": { "type": "Point", "coordinates": [ 130.44485699325412, 33.649120760297095 ] } },
{ "type": "Feature", "properties": { "内容": "グループホーム花うさぎ千早【認知症対応型共同生活介護】福岡県福岡市東区千早４丁目１３番２７号ケアホーム花うさぎ千早", "url": "https://www.kaigokensaku.mhlw.go.jp/40/index.php?action_kouhyou_detail_004_kani=true&JigyosyoCd=4090800196-00&ServiceCd=320&Type=search", "url2": "http://www.hanausagi-daiwa.com" }, "geometry": { "type": "Point", "coordinates": [ 130.435897100000034, 33.6469657 ] } },
{ "type": "Feature", "properties": { "内容": "グループホームトリニテ松崎【認知症対応型共同生活介護】福岡市東区松崎2-7-21", "url": "https://www.kaigokensaku.mhlw.go.jp/40/index.php?action_kouhyou_detail_004_kani=true&JigyosyoCd=4090800238-00&ServiceCd=320&Type=search", "url2": "http://www.kieikai.ne.jp/torinite/" }, "geometry": { "type": "Point", "coordinates": [ 130.439100400000029, 33.6348311 ] } },
{ "type": "Feature", "properties": { "内容": "グループホーム照葉【認知症対応型共同生活介護】福岡市東区香椎照葉3-4-3", "url": "https://www.kaigokensaku.mhlw.go.jp/40/index.php?action_kouhyou_detail_004_kani=true&JigyosyoCd=4090800279-00&ServiceCd=320&Type=search", "url2": "https://itofukushikai.com/" }, "geometry": { "type": "Point", "coordinates": [ 130.421591600000056, 33.6605775 ] } },
{ "type": "Feature", "properties": { "内容": "和やか　みとま【認知症対応型共同生活介護】福岡県福岡市東区三苫５丁目８番２０号", "url": "https://www.kaigokensaku.mhlw.go.jp/40/index.php?action_kouhyou_detail_004_kani=true&JigyosyoCd=4090800345-00&ServiceCd=320&Type=search", "url2": null }, "geometry": { "type": "Point", "coordinates": [ 130.422617800000012, 33.7077834 ] } },
{ "type": "Feature", "properties": { "内容": "グループホーム土井駅南【認知症対応型共同生活介護】福岡県福岡市東区土井3丁目20番12号レジデンス土井駅南2F", "url": "https://www.kaigokensaku.mhlw.go.jp/40/index.php?action_kouhyou_detail_004_kani=true&JigyosyoCd=4090800667-00&ServiceCd=320&Type=search", "url2": "http://www.homecareservice.co.jp/" }, "geometry": { "type": "Point", "coordinates": [ 130.467307, 33.633949 ] } },
{ "type": "Feature", "properties": { "内容": "和やか　わじろ【認知症対応型共同生活介護】福岡県福岡市東区和白６丁目１番２０号", "url": "https://www.kaigokensaku.mhlw.go.jp/40/index.php?action_kouhyou_detail_004_kani=true&JigyosyoCd=4090800691-00&ServiceCd=320&Type=search", "url2": null }, "geometry": { "type": "Point", "coordinates": [ 130.424332600000014, 33.6937051 ] } },
{ "type": "Feature", "properties": { "内容": "グループホーム　ゆふの宮【認知症対応型共同生活介護】福岡県福岡市東区箱崎３丁目5-42エフタス４F", "url": "https://www.kaigokensaku.mhlw.go.jp/40/index.php?action_kouhyou_detail_004_kani=true&JigyosyoCd=4090800709-00&ServiceCd=320&Type=search", "url2": "https://www.fukujincare.com/satogroup/miya.html" }, "geometry": { "type": "Point", "coordinates": [ 130.426502, 33.6202329 ] } },
{ "type": "Feature", "properties": { "内容": "照葉けいあいホーム【認知症対応型共同生活介護】福岡県福岡市東区香椎照葉7丁目8－1照葉けいあいホーム", "url": "https://www.kaigokensaku.mhlw.go.jp/40/index.php?action_kouhyou_detail_004_kani=true&JigyosyoCd=4090800782-00&ServiceCd=320&Type=search", "url2": "www.keriaien.org" }, "geometry": { "type": "Point", "coordinates": [ 130.420590800000014, 33.6709684 ] } },
{ "type": "Feature", "properties": { "内容": "グループホーム　いやし屋本舗【認知症対応型共同生活介護】土井１丁目25番7号ケアレジデンス青葉１F", "url": "https://www.kaigokensaku.mhlw.go.jp/40/index.php?action_kouhyou_detail_004_kani=true&JigyosyoCd=4090800816-00&ServiceCd=320&Type=search", "url2": null }, "geometry": { "type": "Point", "coordinates": [ 130.4651241, 33.635799 ] } },
{ "type": "Feature", "properties": { "内容": "グループホーム桜寿のさと松田【認知症対応型共同生活介護】松田3丁目20番22号", "url": "https://www.kaigokensaku.mhlw.go.jp/40/index.php?action_kouhyou_detail_004_kani=true&JigyosyoCd=4090800881-00&ServiceCd=320&Type=search", "url2": "https://oujyufukushikai.co.jp" }, "geometry": { "type": "Point", "coordinates": [ 130.448893199999986, 33.6191439 ] } },
{ "type": "Feature", "properties": { "内容": "グループホームフレンド香住ヶ丘【認知症対応型共同生活介護】福岡県福岡市東区香住ヶ丘2丁目3番23号", "url": "https://www.kaigokensaku.mhlw.go.jp/40/index.php?action_kouhyou_detail_004_kani=true&JigyosyoCd=4090800907-00&ServiceCd=320&Type=search", "url2": "https://www.friend-grouphome.com/product/kasumigaoka/" }, "geometry": { "type": "Point", "coordinates": [ 130.4422133, 33.6689727 ] } },
{ "type": "Feature", "properties": { "内容": "グループホーム　あざみ苑【認知症対応型共同生活介護】福岡県福岡市東区若宮４丁目２－４８大野ビル", "url": "https://www.kaigokensaku.mhlw.go.jp/40/index.php?action_kouhyou_detail_004_kani=true&JigyosyoCd=4070801867-00&ServiceCd=320&Type=search", "url2": "http://www.azami-mikaduki.com/kisaragi_camphor/" }, "geometry": { "type": "Point", "coordinates": [ 130.446780100000069, 33.6417805 ] } },
{ "type": "Feature", "properties": { "内容": "グループホーム香椎下原【認知症対応型共同生活介護】福岡市東区下原２丁目１５－３１", "url": "https://www.kaigokensaku.mhlw.go.jp/40/index.php?action_kouhyou_detail_004_kani=true&JigyosyoCd=4090800220-00&ServiceCd=320&Type=search", "url2": null }, "geometry": { "type": "Point", "coordinates": [ 130.458086099999946, 33.669872 ] } },
{ "type": "Feature", "properties": { "内容": "アップルハート　くつろぎ福岡東【認知症対応型共同生活介護】福岡県福岡市東区和白東1丁目29-21アップルハート　くつろぎ福岡東", "url": "https://www.kaigokensaku.mhlw.go.jp/40/index.php?action_kouhyou_detail_004_kani=true&JigyosyoCd=4090800311-00&ServiceCd=320&Type=search", "url2": "http://www.aso-kaigo.jp/offices/fukuokahigashi" }, "geometry": { "type": "Point", "coordinates": [ 130.438356883605962, 33.688846057562095 ] } },
{ "type": "Feature", "properties": { "内容": "グループホームさつき【認知症対応型共同生活介護】福岡県福岡市東区奈多3丁目４－１６", "url": "https://www.kaigokensaku.mhlw.go.jp/40/index.php?action_kouhyou_detail_004_kani=true&JigyosyoCd=4070801297-00&ServiceCd=320&Type=search", "url2": "gruouphome-satsuki.com" }, "geometry": { "type": "Point", "coordinates": [ 130.412532899999974, 33.6877908 ] } },
{ "type": "Feature", "properties": { "内容": "グループホーム　愛心【認知症対応型共同生活介護】福岡県福岡市博多区月隈６丁目１６番１１－１号", "url": "https://www.kaigokensaku.mhlw.go.jp/40/index.php?action_kouhyou_detail_004_kani=true&JigyosyoCd=4070900875-00&ServiceCd=320&Type=search", "url2": "http://www.aishinnooka.com" }, "geometry": { "type": "Point", "coordinates": [ 130.466819699999974, 33.5714886 ] } },
{ "type": "Feature", "properties": { "内容": "グループホームアート園【認知症対応型共同生活介護】福岡県福岡市博多区浦田１丁目１２番１２号", "url": "https://www.kaigokensaku.mhlw.go.jp/40/index.php?action_kouhyou_detail_004_kani=true&JigyosyoCd=4070901238-00&ServiceCd=320&Type=search", "url2": "https://art-enn.jp/" }, "geometry": { "type": "Point", "coordinates": [ 130.478451899999982, 33.5752857 ] } },
{ "type": "Feature", "properties": { "内容": "グループホーム　東光寺【認知症対応型共同生活介護】福岡市博多区半道橋１－１８－３５", "url": "https://www.kaigokensaku.mhlw.go.jp/40/index.php?action_kouhyou_detail_004_kani=true&JigyosyoCd=4070901832-00&ServiceCd=320&Type=search", "url2": null }, "geometry": { "type": "Point", "coordinates": [ 130.441135300000042, 33.5794842 ] } },
{ "type": "Feature", "properties": { "内容": "グループホーム月華【認知症対応型共同生活介護】福岡市博多区比恵町12番21号", "url": "https://www.kaigokensaku.mhlw.go.jp/40/index.php?action_kouhyou_detail_004_kani=true&JigyosyoCd=4070901956-00&ServiceCd=320&Type=search", "url2": "https://nagara-clinic.jp" }, "geometry": { "type": "Point", "coordinates": [ 130.429902399999946, 33.5855695 ] } },
{ "type": "Feature", "properties": { "内容": "グループホームウィズライフ奈良屋【認知症対応型共同生活介護】福岡市博多区奈良屋町8-19", "url": "https://www.kaigokensaku.mhlw.go.jp/40/index.php?action_kouhyou_detail_004_kani=true&JigyosyoCd=4090900012-00&ServiceCd=320&Type=search", "url2": "http://www.ncs-net.org/" }, "geometry": { "type": "Point", "coordinates": [ 130.405498399999942, 33.5998482 ] } },
{ "type": "Feature", "properties": { "内容": "ニチイケアセンター麦野【認知症対応型共同生活介護】福岡県福岡市博多区麦野3丁目15-22", "url": "https://www.kaigokensaku.mhlw.go.jp/40/index.php?action_kouhyou_detail_004_kani=true&JigyosyoCd=4090900046-00&ServiceCd=320&Type=search", "url2": "http://www.nichii-kaigo.jp/base/base-result/05T84/" }, "geometry": { "type": "Point", "coordinates": [ 130.462767399999962, 33.5527351 ] } },
{ "type": "Feature", "properties": { "内容": "グループホーム　ふぁみりー那珂【認知症対応型共同生活介護】福岡県福岡市博多区那珂三丁目１４－６グループホームふぁみりー那珂", "url": "https://www.kaigokensaku.mhlw.go.jp/40/index.php?action_kouhyou_detail_004_kani=true&JigyosyoCd=4090900087-00&ServiceCd=320&Type=search", "url2": null }, "geometry": { "type": "Point", "coordinates": [ 130.439983981614688, 33.569532264080543 ] } },
{ "type": "Feature", "properties": { "内容": "グループホーム　彩友【認知症対応型共同生活介護】福岡県福岡市博多区吉塚1丁目33番10号", "url": "https://www.kaigokensaku.mhlw.go.jp/40/index.php?action_kouhyou_detail_004_kani=true&JigyosyoCd=4090900129-00&ServiceCd=320&Type=search", "url2": null }, "geometry": { "type": "Point", "coordinates": [ 130.424141723764478, 33.600176273507913 ] } },
{ "type": "Feature", "properties": { "内容": "月の丘　とめさん家【認知症対応型共同生活介護】福岡市博多区金の隈3丁目18-15", "url": "https://www.kaigokensaku.mhlw.go.jp/40/index.php?action_kouhyou_detail_004_kani=true&JigyosyoCd=4090900137-00&ServiceCd=320&Type=search", "url2": "tukinooka-tomesanti@rice.ocn.ne.jp" }, "geometry": { "type": "Point", "coordinates": [ 130.478868700000021, 33.5548632 ] } },
{ "type": "Feature", "properties": { "内容": "グループホームのしい家空港通り【認知症対応型共同生活介護】福岡県福岡市博多区豊1丁目4番3号", "url": "https://www.kaigokensaku.mhlw.go.jp/40/index.php?action_kouhyou_detail_004_kani=true&JigyosyoCd=4090900202-00&ServiceCd=320&Type=search", "url2": null }, "geometry": { "type": "Point", "coordinates": [ 130.43212571838535, 33.59778458597274 ] } },
{ "type": "Feature", "properties": { "内容": "板付けいあいホーム【認知症対応型共同生活介護】福岡市博多区板付6-1-17", "url": "https://www.kaigokensaku.mhlw.go.jp/40/index.php?action_kouhyou_detail_004_kani=true&JigyosyoCd=4090900426-00&ServiceCd=320&Type=search", "url2": "http//www.keiaien.org" }, "geometry": { "type": "Point", "coordinates": [ 130.4572447, 33.5583971 ] } },
{ "type": "Feature", "properties": { "内容": "認知症グループホーム　ケアスタ福岡【認知症対応型共同生活介護】福岡県福岡市博多区千代1-30-25ケアスタ福岡", "url": "https://www.kaigokensaku.mhlw.go.jp/40/index.php?action_kouhyou_detail_004_kani=true&JigyosyoCd=4090900293-00&ServiceCd=320&Type=search", "url2": "www.keiaien.org" }, "geometry": { "type": "Point", "coordinates": [ 130.4201081, 33.6038982 ] } },
{ "type": "Feature", "properties": { "内容": "グループホーム　ユトリア博多【認知症対応型共同生活介護】福岡県福岡市博多区博多駅南3丁目4-36ユトリア博多", "url": "https://www.kaigokensaku.mhlw.go.jp/40/index.php?action_kouhyou_detail_004_kani=true&JigyosyoCd=4090900368-00&ServiceCd=320&Type=search", "url2": "https://www.citycare.jp/" }, "geometry": { "type": "Point", "coordinates": [ 130.426943, 33.5826512 ] } },
{ "type": "Feature", "properties": { "内容": "グループホーム　花みず木【認知症対応型共同生活介護】福岡市博多区西月隈３丁目３－５４", "url": "https://www.kaigokensaku.mhlw.go.jp/40/index.php?action_kouhyou_detail_004_kani=true&JigyosyoCd=4070901188-00&ServiceCd=320&Type=search", "url2": "http://yamaboushi-hanamizuki.jp/" }, "geometry": { "type": "Point", "coordinates": [ 130.4523848, 33.5719853 ] } },
{ "type": "Feature", "properties": { "内容": "ライフケア大手門　認知症対応型共同生活介護事業所【認知症対応型共同生活介護】福岡県福岡市中央区大手門２－５－１５", "url": "https://www.kaigokensaku.mhlw.go.jp/40/index.php?action_kouhyou_detail_004_kani=true&JigyosyoCd=4071000428-00&ServiceCd=320&Type=search", "url2": "http://www.o-lifecare.com" }, "geometry": { "type": "Point", "coordinates": [ 130.383227019573951, 33.591868100000035 ] } },
{ "type": "Feature", "properties": { "内容": "笹丘ふれあい館【認知症対応型共同生活介護】福岡市中央区笹丘１丁目１５番１号笹丘ふれあい館", "url": "https://www.kaigokensaku.mhlw.go.jp/40/index.php?action_kouhyou_detail_004_kani=true&JigyosyoCd=4071000568-00&ServiceCd=320&Type=search", "url2": "http://www.kyoeikosan.co.jp/fureai" }, "geometry": { "type": "Point", "coordinates": [ 130.3799924, 33.5670819 ] } },
{ "type": "Feature", "properties": { "内容": "グループホーム　ここのつの実【認知症対応型共同生活介護】福岡市中央区笹丘1丁目34－21", "url": "https://www.kaigokensaku.mhlw.go.jp/40/index.php?action_kouhyou_detail_004_kani=true&JigyosyoCd=4071000766-00&ServiceCd=320&Type=search", "url2": "kokonotunomi.gh@gmail.com" }, "geometry": { "type": "Point", "coordinates": [ 130.376274562149092, 33.567569337955568 ] } },
{ "type": "Feature", "properties": { "内容": "グループホームラぺ福浜【認知症対応型共同生活介護】福岡県福岡市中央区福浜2丁目1-5", "url": "https://www.kaigokensaku.mhlw.go.jp/40/index.php?action_kouhyou_detail_004_kani=true&JigyosyoCd=4071000865-00&ServiceCd=320&Type=search", "url2": null }, "geometry": { "type": "Point", "coordinates": [ 130.36929, 33.5958786 ] } },
{ "type": "Feature", "properties": { "内容": "平尾宅老所【認知症対応型共同生活介護】福岡市中央区平尾１丁目１０番６号", "url": "https://www.kaigokensaku.mhlw.go.jp/40/index.php?action_kouhyou_detail_004_kani=true&JigyosyoCd=4071001194-00&ServiceCd=320&Type=search", "url2": null }, "geometry": { "type": "Point", "coordinates": [ 130.402524025760272, 33.576423452019235 ] } },
{ "type": "Feature", "properties": { "内容": "インマイライフあらと　認知症対応型共同生活介護【認知症対応型共同生活介護】荒戸三丁目3-13", "url": "https://www.kaigokensaku.mhlw.go.jp/40/index.php?action_kouhyou_detail_004_kani=true&JigyosyoCd=4091000259-00&ServiceCd=320&Type=search", "url2": "https://shimakai.jp/" }, "geometry": { "type": "Point", "coordinates": [ 130.374127100000038, 33.5921148 ] } },
{ "type": "Feature", "properties": { "内容": "グループホームゆふの庄【認知症対応型共同生活介護】福岡県福岡市中央区鳥飼１丁目5-10", "url": "https://www.kaigokensaku.mhlw.go.jp/40/index.php?action_kouhyou_detail_004_kani=true&JigyosyoCd=4091000150-00&ServiceCd=320&Type=search", "url2": "www.fukujincare.com" }, "geometry": { "type": "Point", "coordinates": [ 130.368811144180341, 33.581882276306779 ] } },
{ "type": "Feature", "properties": { "内容": "すこやかほ～む桜坂【認知症対応型共同生活介護】福岡県福岡市中央区桜坂1丁目10番59号すこやかほ～む桜坂", "url": "https://www.kaigokensaku.mhlw.go.jp/40/index.php?action_kouhyou_detail_004_kani=true&JigyosyoCd=4091000218-00&ServiceCd=320&Type=search", "url2": null }, "geometry": { "type": "Point", "coordinates": [ 130.38844, 33.5780557 ] } },
{ "type": "Feature", "properties": { "内容": "グループホーム福岡天神南さくらそう【認知症対応型共同生活介護】福岡県福岡市中央区春吉2丁目15番18号", "url": "https://www.kaigokensaku.mhlw.go.jp/40/index.php?action_kouhyou_detail_004_kani=true&JigyosyoCd=4091000119-00&ServiceCd=320&Type=search", "url2": "https://sakura-so.jp/fukuokatenjinminami" }, "geometry": { "type": "Point", "coordinates": [ 130.40672619999998, 33.5865551 ] } },
{ "type": "Feature", "properties": { "内容": "グループホーム同朋１・２【認知症対応型共同生活介護】福岡県福岡市南区横手３丁目37－24", "url": "https://www.kaigokensaku.mhlw.go.jp/40/index.php?action_kouhyou_detail_004_kani=true&JigyosyoCd=4071100640-00&ServiceCd=320&Type=search", "url2": null }, "geometry": { "type": "Point", "coordinates": [ 130.439199899999949, 33.546088 ] } },
{ "type": "Feature", "properties": { "内容": "グループホーム　めぐみ【認知症対応型共同生活介護】福岡県福岡市南区桧原1丁目１７－１６", "url": "https://www.kaigokensaku.mhlw.go.jp/40/index.php?action_kouhyou_detail_004_kani=true&JigyosyoCd=4071100939-00&ServiceCd=320&Type=search", "url2": null }, "geometry": { "type": "Point", "coordinates": [ 130.39445939999996, 33.5405326 ] } },
{ "type": "Feature", "properties": { "内容": "ふれあいの家　高宮【認知症対応型共同生活介護】福岡市南区高宮2-18-15", "url": "https://www.kaigokensaku.mhlw.go.jp/40/index.php?action_kouhyou_detail_004_kani=true&JigyosyoCd=4071100962-00&ServiceCd=320&Type=search", "url2": "http://www.kyoeikosan.co.jp/fureai" }, "geometry": { "type": "Point", "coordinates": [ 130.407976500000018, 33.5673905 ] } },
{ "type": "Feature", "properties": { "内容": "グループホーム　ライフエイド柏原【認知症対応型共同生活介護】福岡市南区柏原1丁目2-46", "url": "https://www.kaigokensaku.mhlw.go.jp/40/index.php?action_kouhyou_detail_004_kani=true&JigyosyoCd=4071101234-00&ServiceCd=320&Type=search", "url2": null }, "geometry": { "type": "Point", "coordinates": [ 130.400711900000033, 33.5319334 ] } },
{ "type": "Feature", "properties": { "内容": "日佐宅老所【認知症対応型共同生活介護】福岡市南区的場２－３１－２１", "url": "https://www.kaigokensaku.mhlw.go.jp/40/index.php?action_kouhyou_detail_004_kani=true&JigyosyoCd=4071101358-00&ServiceCd=320&Type=search", "url2": null }, "geometry": { "type": "Point", "coordinates": [ 130.433931, 33.5411773 ] } },
{ "type": "Feature", "properties": { "内容": "グループホーム　のため【認知症対応型共同生活介護】福岡市南区野多目5丁目20－12", "url": "https://www.kaigokensaku.mhlw.go.jp/40/index.php?action_kouhyou_detail_004_kani=true&JigyosyoCd=4071101770-00&ServiceCd=320&Type=search", "url2": null }, "geometry": { "type": "Point", "coordinates": [ 130.413255099999986, 33.53958 ] } },
{ "type": "Feature", "properties": { "内容": "であいの郷長住【認知症対応型共同生活介護】福岡県福岡市南区長住6丁目７－２９", "url": "https://www.kaigokensaku.mhlw.go.jp/40/index.php?action_kouhyou_detail_004_kani=true&JigyosyoCd=4071101846-00&ServiceCd=320&Type=search", "url2": "http://www.kaigodeai.com/sato/index.html" }, "geometry": { "type": "Point", "coordinates": [ 130.3998065705523, 33.545166933016169 ] } },
{ "type": "Feature", "properties": { "内容": "グループホーム花うさぎ塩原【認知症対応型共同生活介護】福岡市南区塩原二丁目2番8号ケアホーム花うさぎ塩原", "url": "https://www.kaigokensaku.mhlw.go.jp/40/index.php?action_kouhyou_detail_004_kani=true&JigyosyoCd=4071102018-00&ServiceCd=320&Type=search", "url2": null }, "geometry": { "type": "Point", "coordinates": [ 130.427444799999989, 33.566313 ] } },
{ "type": "Feature", "properties": { "内容": "ふくよかの家、大平寺【認知症対応型共同生活介護】福岡県福岡市南区大平寺2-13-30ふくよかケアプラザ大平寺の森", "url": "https://www.kaigokensaku.mhlw.go.jp/40/index.php?action_kouhyou_detail_004_kani=true&JigyosyoCd=4091100018-00&ServiceCd=320&Type=search", "url2": "http://www.fukuyoka.com/" }, "geometry": { "type": "Point", "coordinates": [ 130.3933849, 33.5303974 ] } },
{ "type": "Feature", "properties": { "内容": "グループホーム　清水の里【認知症対応型共同生活介護】福岡県福岡市南区清水３－５－１３", "url": "https://www.kaigokensaku.mhlw.go.jp/40/index.php?action_kouhyou_detail_004_kani=true&JigyosyoCd=4091100026-00&ServiceCd=320&Type=search", "url2": null }, "geometry": { "type": "Point", "coordinates": [ 130.422667199999978, 33.5698041 ] } },
{ "type": "Feature", "properties": { "内容": "グループホーム柳河内【認知症対応型共同生活介護】福岡市南区柳河内2-6-57", "url": "https://www.kaigokensaku.mhlw.go.jp/40/index.php?action_kouhyou_detail_004_kani=true&JigyosyoCd=4091100034-00&ServiceCd=320&Type=search", "url2": "http://www.sunnylife.info/" }, "geometry": { "type": "Point", "coordinates": [ 130.406763500000011, 33.5498315 ] } },
{ "type": "Feature", "properties": { "内容": "グループホーム　大池【認知症対応型共同生活介護】福岡市南区寺塚２丁目８－１０", "url": "https://www.kaigokensaku.mhlw.go.jp/40/index.php?action_kouhyou_detail_004_kani=true&JigyosyoCd=4091100042-00&ServiceCd=320&Type=search", "url2": "http://www.sunnylife.info" }, "geometry": { "type": "Point", "coordinates": [ 130.40334896137702, 33.558086420295808 ] } },
{ "type": "Feature", "properties": { "内容": "グループホームライフエイド柏原ミルテ【認知症対応型共同生活介護】福岡県福岡市南区柏原１丁目2-4", "url": "https://www.kaigokensaku.mhlw.go.jp/40/index.php?action_kouhyou_detail_004_kani=true&JigyosyoCd=4091100067-00&ServiceCd=320&Type=search", "url2": "http:www.hara-hospital.co.jp" }, "geometry": { "type": "Point", "coordinates": [ 130.400581399999965, 33.5324501 ] } },
{ "type": "Feature", "properties": { "内容": "ポジティブリーケア若久【認知症対応型共同生活介護】福岡県福岡市南区若久4丁目8-13", "url": "https://www.kaigokensaku.mhlw.go.jp/40/index.php?action_kouhyou_detail_004_kani=true&JigyosyoCd=4091100109-00&ServiceCd=320&Type=search", "url2": "https://best-life.icu" }, "geometry": { "type": "Point", "coordinates": [ 130.411696399999983, 33.5521423 ] } },
{ "type": "Feature", "properties": { "内容": "三丁目グループホーム【認知症対応型共同生活介護】福岡市南区横手3丁目2－8", "url": "https://www.kaigokensaku.mhlw.go.jp/40/index.php?action_kouhyou_detail_004_kani=true&JigyosyoCd=4091100174-00&ServiceCd=320&Type=search", "url2": "http://www.sunnylife.info" }, "geometry": { "type": "Point", "coordinates": [ 130.437807797622668, 33.547825258331244 ] } },
{ "type": "Feature", "properties": { "内容": "グループホーム柳瀬【認知症対応型共同生活介護】福岡県福岡市南区柳瀬1丁目8番24号", "url": "https://www.kaigokensaku.mhlw.go.jp/40/index.php?action_kouhyou_detail_004_kani=true&JigyosyoCd=4091100182-00&ServiceCd=320&Type=search", "url2": "http//www.smile-kaigo.com" }, "geometry": { "type": "Point", "coordinates": [ 130.43338110000002, 33.5345919 ] } },
{ "type": "Feature", "properties": { "内容": "グループホーム　ゆふの郷【認知症対応型共同生活介護】福岡県福岡市南区長丘1-4-37ゆふの郷", "url": "https://www.kaigokensaku.mhlw.go.jp/40/index.php?action_kouhyou_detail_004_kani=true&JigyosyoCd=4091100208-00&ServiceCd=320&Type=search", "url2": "www.fukujin-p.co.jp" }, "geometry": { "type": "Point", "coordinates": [ 130.4002332, 33.5553503 ] } },
{ "type": "Feature", "properties": { "内容": "グループホーム　アソシエ野間大池【認知症対応型共同生活介護】野間4丁目18番5号", "url": "https://www.kaigokensaku.mhlw.go.jp/40/index.php?action_kouhyou_detail_004_kani=true&JigyosyoCd=4091100216-00&ServiceCd=320&Type=search", "url2": "http://associe-group.jp" }, "geometry": { "type": "Point", "coordinates": [ 130.409335218454771, 33.55599580562528 ] } },
{ "type": "Feature", "properties": { "内容": "グループホームたのしい家野多目【認知症対応型共同生活介護】福岡県福岡市南区野多目２丁目12-1", "url": "https://www.kaigokensaku.mhlw.go.jp/40/index.php?action_kouhyou_detail_004_kani=true&JigyosyoCd=4091100273-00&ServiceCd=320&Type=search", "url2": null }, "geometry": { "type": "Point", "coordinates": [ 130.421524991436371, 33.541253378262368 ] } },
{ "type": "Feature", "properties": { "内容": "高齢者グループホーム　心の丘【認知症対応型共同生活介護】福岡県福岡市南区鶴田1丁目10-20", "url": "https://www.kaigokensaku.mhlw.go.jp/40/index.php?action_kouhyou_detail_004_kani=true&JigyosyoCd=4091100315-00&ServiceCd=320&Type=search", "url2": null }, "geometry": { "type": "Point", "coordinates": [ 130.408749357672122, 33.527259762852097 ] } },
{ "type": "Feature", "properties": { "内容": "であいの郷　桧原【認知症対応型共同生活介護】福岡県福岡市南区桧原7-56-20", "url": "https://www.kaigokensaku.mhlw.go.jp/40/index.php?action_kouhyou_detail_004_kani=true&JigyosyoCd=4091100364-00&ServiceCd=320&Type=search", "url2": "https://www.kaigodeai.com/" }, "geometry": { "type": "Point", "coordinates": [ 130.3862881, 33.537399 ] } },
{ "type": "Feature", "properties": { "内容": "グループホームひまわり大楠【認知症対応型共同生活介護】福岡県福岡市南区大楠1丁目17-7FIG大楠医療介護総合センター　４階・５階", "url": "https://www.kaigokensaku.mhlw.go.jp/40/index.php?action_kouhyou_detail_004_kani=true&JigyosyoCd=4091100398-00&ServiceCd=320&Type=search", "url2": "www.npo-hima.net" }, "geometry": { "type": "Point", "coordinates": [ 130.416613183467149, 33.573058957029545 ] } },
{ "type": "Feature", "properties": { "内容": "グループホーム第3幸せの枝【認知症対応型共同生活介護】福岡市南区柏原3丁目29-5", "url": "https://www.kaigokensaku.mhlw.go.jp/40/index.php?action_kouhyou_detail_004_kani=true&JigyosyoCd=4091100711-00&ServiceCd=320&Type=search", "url2": null }, "geometry": { "type": "Point", "coordinates": [ 130.4034964, 33.5233849 ] } },
{ "type": "Feature", "properties": { "内容": "グループホームささえあい太陽ほほえみ【認知症対応型共同生活介護】福岡県福岡市南区和田3-24-15グループホームささえあい太陽ほほえみ", "url": "https://www.kaigokensaku.mhlw.go.jp/40/index.php?action_kouhyou_detail_004_kani=true&JigyosyoCd=4091100786-00&ServiceCd=320&Type=search", "url2": null }, "geometry": { "type": "Point", "coordinates": [ 130.4218591, 33.5453854 ] } },
{ "type": "Feature", "properties": { "内容": "グループホームおさ【認知症対応型共同生活介護】福岡市南区日佐3-40-30", "url": "https://www.kaigokensaku.mhlw.go.jp/40/index.php?action_kouhyou_detail_004_kani=true&JigyosyoCd=4071101473-00&ServiceCd=320&Type=search", "url2": "https://yu-sei.or.jp/osa/" }, "geometry": { "type": "Point", "coordinates": [ 130.440220218754547, 33.534480348543433 ] } },
{ "type": "Feature", "properties": { "内容": "グループホーム　ソレイユ【認知症対応型共同生活介護】福岡県福岡市南区老司１丁目１１－１１", "url": "https://www.kaigokensaku.mhlw.go.jp/40/index.php?action_kouhyou_detail_004_kani=true&JigyosyoCd=4071102133-00&ServiceCd=320&Type=search", "url2": null }, "geometry": { "type": "Point", "coordinates": [ 130.426737300000013, 33.5368221 ] } },
{ "type": "Feature", "properties": { "内容": "グループホーム　花うさぎ大橋【認知症対応型共同生活介護】福岡県福岡市南区大橋3丁目19-15", "url": "https://www.kaigokensaku.mhlw.go.jp/40/index.php?action_kouhyou_detail_004_kani=true&JigyosyoCd=4091100224-00&ServiceCd=320&Type=search", "url2": "http://ｗｗｗ.hanausagi-daiwa.com" }, "geometry": { "type": "Point", "coordinates": [ 130.43205039999998, 33.552584199999984 ] } },
{ "type": "Feature", "properties": { "内容": "グループホーム　光の丘【認知症対応型共同生活介護】福岡市南区若久団地9番1号", "url": "https://www.kaigokensaku.mhlw.go.jp/40/index.php?action_kouhyou_detail_004_kani=true&JigyosyoCd=4091100505-00&ServiceCd=320&Type=search", "url2": "Keikoukai-hikarinooka.jp" }, "geometry": { "type": "Point", "coordinates": [ 130.4182022, 33.5546638 ] } },
{ "type": "Feature", "properties": { "内容": "花畑ホーム　アイナリーケア　グループホーム【認知症対応型共同生活介護】福岡県福岡市南区太平寺2-37-18", "url": "https://www.kaigokensaku.mhlw.go.jp/40/index.php?action_kouhyou_detail_004_kani=true&JigyosyoCd=4091100760-00&ServiceCd=320&Type=search", "url2": "http:/fukuokashirayurikai.com/hanahata/" }, "geometry": { "type": "Point", "coordinates": [ 130.396223099999986, 33.5313474 ] } },
{ "type": "Feature", "properties": { "内容": "グループホーム　ひだまり【認知症対応型共同生活介護】福岡市西区野方1-16-26", "url": "https://www.kaigokensaku.mhlw.go.jp/40/index.php?action_kouhyou_detail_004_kani=true&JigyosyoCd=4071200556-00&ServiceCd=320&Type=search", "url2": "http://gh-hidamari.jp/" }, "geometry": { "type": "Point", "coordinates": [ 130.311942184061422, 33.55755255708025 ] } },
{ "type": "Feature", "properties": { "内容": "グループホーム楽居【認知症対応型共同生活介護】福岡県福岡市西区内浜2丁目4番9号", "url": "https://www.kaigokensaku.mhlw.go.jp/40/index.php?action_kouhyou_detail_004_kani=true&JigyosyoCd=4071200440-00&ServiceCd=320&Type=search", "url2": "https://tokitsu.net/" }, "geometry": { "type": "Point", "coordinates": [ 130.318460700000088, 33.582900515163743 ] } },
{ "type": "Feature", "properties": { "内容": "グループホームほんわかハウス【認知症対応型共同生活介護】福岡県福岡市西区大字飯氏２４２－１", "url": "https://www.kaigokensaku.mhlw.go.jp/40/index.php?action_kouhyou_detail_004_kani=true&JigyosyoCd=4071200549-00&ServiceCd=320&Type=search", "url2": "http://www.kaiyokai.jp" }, "geometry": { "type": "Point", "coordinates": [ 130.248391296594264, 33.562732032881165 ] } },
{ "type": "Feature", "properties": { "内容": "グループホーム怡土【認知症対応型共同生活介護】福岡県福岡市西区北原2丁目15番10号", "url": "https://www.kaigokensaku.mhlw.go.jp/40/index.php?action_kouhyou_detail_004_kani=true&JigyosyoCd=4071200622-00&ServiceCd=320&Type=search", "url2": "https://itofukushikai.com" }, "geometry": { "type": "Point", "coordinates": [ 130.257712808598399, 33.58151401086959 ] } },
{ "type": "Feature", "properties": { "内容": "医療法人社団飯盛会　グループホームいいもり【認知症対応型共同生活介護】福岡県福岡市西区大字飯盛６６４番地１", "url": "https://www.kaigokensaku.mhlw.go.jp/40/index.php?action_kouhyou_detail_004_kani=true&JigyosyoCd=4071200770-00&ServiceCd=320&Type=search", "url2": "http://www.kuramitsu-hp.or.jp/" }, "geometry": { "type": "Point", "coordinates": [ 130.310087299999964, 33.5407197 ] } },
{ "type": "Feature", "properties": { "内容": "グループホームシーサイド【認知症対応型共同生活介護】福岡県福岡市西区今津3810番地", "url": "https://www.kaigokensaku.mhlw.go.jp/40/index.php?action_kouhyou_detail_004_kani=true&JigyosyoCd=4071200804-00&ServiceCd=320&Type=search", "url2": "https://www.seaside-hp.or.jp" }, "geometry": { "type": "Point", "coordinates": [ 130.229509199999939, 33.6117854 ] } },
{ "type": "Feature", "properties": { "内容": "グループホームほんわかハウス新館【認知症対応型共同生活介護】福岡市西区今宿青木７９２－４", "url": "https://www.kaigokensaku.mhlw.go.jp/40/index.php?action_kouhyou_detail_004_kani=true&JigyosyoCd=4071201000-00&ServiceCd=320&Type=search", "url2": "http://www.kaiyokai.jp/" }, "geometry": { "type": "Point", "coordinates": [ 130.2829314, 33.572718899999984 ] } },
{ "type": "Feature", "properties": { "内容": "グループホーム多久庵【認知症対応型共同生活介護】福岡県福岡市西区内浜２丁目4-9", "url": "https://www.kaigokensaku.mhlw.go.jp/40/index.php?action_kouhyou_detail_004_kani=true&JigyosyoCd=4071201026-00&ServiceCd=320&Type=search", "url2": "https://tokitsu.net/" }, "geometry": { "type": "Point", "coordinates": [ 130.31837459999997, 33.582925 ] } },
{ "type": "Feature", "properties": { "内容": "グループホームみんなの家【認知症対応型共同生活介護】福岡市西区能古324-1", "url": "https://www.kaigokensaku.mhlw.go.jp/40/index.php?action_kouhyou_detail_004_kani=true&JigyosyoCd=4071201133-00&ServiceCd=320&Type=search", "url2": null }, "geometry": { "type": "Point", "coordinates": [ 130.309724700000061, 33.6175158 ] } },
{ "type": "Feature", "properties": { "内容": "グループホーム　テラシス桜花【認知症対応型共同生活介護】福岡市西区愛宕２丁目１９番６号", "url": "https://www.kaigokensaku.mhlw.go.jp/40/index.php?action_kouhyou_detail_004_kani=true&JigyosyoCd=4071201265-00&ServiceCd=320&Type=search", "url2": "http://www.sawara-hp.jp/atago.html" }, "geometry": { "type": "Point", "coordinates": [ 130.332351300000028, 33.5858329 ] } },
{ "type": "Feature", "properties": { "内容": "グループホーム　ウェルビーメディハウス西浦【認知症対応型共同生活介護】福岡市西区大字西浦字川フケ1038番地1", "url": "https://www.kaigokensaku.mhlw.go.jp/40/index.php?action_kouhyou_detail_004_kani=true&JigyosyoCd=4071201356-00&ServiceCd=320&Type=search", "url2": null }, "geometry": { "type": "Point", "coordinates": [ 130.212308498967786, 33.650376967680558 ] } },
{ "type": "Feature", "properties": { "内容": "グループホーム　フラワーガーデン【認知症対応型共同生活介護】福岡県福岡市西区拾六町1丁目２１－１１", "url": "https://www.kaigokensaku.mhlw.go.jp/40/index.php?action_kouhyou_detail_004_kani=true&JigyosyoCd=4071201513-00&ServiceCd=320&Type=search", "url2": "http://www.flowergarden-web.com/" }, "geometry": { "type": "Point", "coordinates": [ 130.316324900000041, 33.5645126 ] } },
{ "type": "Feature", "properties": { "内容": "グループホームいしまる【認知症対応型共同生活介護】福岡県福岡市西区石丸2-4-6", "url": "https://www.kaigokensaku.mhlw.go.jp/40/index.php?action_kouhyou_detail_004_kani=true&JigyosyoCd=4091200198-00&ServiceCd=320&Type=search", "url2": "http://kaede01.com/" }, "geometry": { "type": "Point", "coordinates": [ 130.319374499999981, 33.5714594 ] } },
{ "type": "Feature", "properties": { "内容": "グループホーム　アダーズ野方【認知症対応型共同生活介護】福岡県福岡市西区野方2-8-20", "url": "https://www.kaigokensaku.mhlw.go.jp/40/index.php?action_kouhyou_detail_004_kani=true&JigyosyoCd=4091200206-00&ServiceCd=320&Type=search", "url2": null }, "geometry": { "type": "Point", "coordinates": [ 130.313037767507893, 33.553816594899367 ] } },
{ "type": "Feature", "properties": { "内容": "グループホーム　海の花【認知症対応型共同生活介護】福岡県福岡市西区今津6015番地", "url": "https://www.kaigokensaku.mhlw.go.jp/40/index.php?action_kouhyou_detail_004_kani=true&JigyosyoCd=4091200461-00&ServiceCd=320&Type=search", "url2": "https://saiunnouta.com/" }, "geometry": { "type": "Point", "coordinates": [ 130.270677799999987, 33.5976478 ] } },
{ "type": "Feature", "properties": { "内容": "グループホームひだまり【認知症対応型共同生活介護】福岡県福岡市西区野方1丁目１６番２６号", "url": "https://www.kaigokensaku.mhlw.go.jp/40/index.php?action_kouhyou_detail_004_kani=true&JigyosyoCd=4091200578-00&ServiceCd=320&Type=search", "url2": "https://gh-hidamari.jp/" }, "geometry": { "type": "Point", "coordinates": [ 130.3119853, 33.5575483 ] } },
{ "type": "Feature", "properties": { "内容": "グループホーム田尻の里【認知症対応型共同生活介護】福岡県福岡市西区丸川１丁目1520", "url": "https://www.kaigokensaku.mhlw.go.jp/40/index.php?action_kouhyou_detail_004_kani=true&JigyosyoCd=4091200040-00&ServiceCd=320&Type=search", "url2": "info@tajirinosato.com" }, "geometry": { "type": "Point", "coordinates": [ 130.241753770191906, 33.588184474006916 ] } },
{ "type": "Feature", "properties": { "内容": "株式会社大慈会　グループホームさくらの家【認知症対応型共同生活介護】福岡県　福岡市　西区福重１丁目５－１３", "url": "https://www.kaigokensaku.mhlw.go.jp/40/index.php?action_kouhyou_detail_004_kani=true&JigyosyoCd=4071200572-00&ServiceCd=320&Type=search", "url2": "https://gsakuranoie.wixsite.com/website" }, "geometry": { "type": "Point", "coordinates": [ 130.3248797, 33.5666876 ] } },
{ "type": "Feature", "properties": { "内容": "グループホーム安養【認知症対応型共同生活介護】福岡県福岡市西区生の松原3丁目１３－１５", "url": "https://www.kaigokensaku.mhlw.go.jp/40/index.php?action_kouhyou_detail_004_kani=true&JigyosyoCd=4071200630-00&ServiceCd=320&Type=search", "url2": "www.fcs.or.jp" }, "geometry": { "type": "Point", "coordinates": [ 130.29995734047543, 33.575739551101321 ] } },
{ "type": "Feature", "properties": { "内容": "グループホームかけはし【認知症対応型共同生活介護】福岡市西区愛宕南２－１３－２３", "url": "https://www.kaigokensaku.mhlw.go.jp/40/index.php?action_kouhyou_detail_004_kani=true&JigyosyoCd=4071201042-00&ServiceCd=320&Type=search", "url2": null }, "geometry": { "type": "Point", "coordinates": [ 130.331032, 33.5824638 ] } },
{ "type": "Feature", "properties": { "内容": "グループホーム今宿【認知症対応型共同生活介護】福岡県福岡市西区今宿東1−30−52グループホーム今宿", "url": "https://www.kaigokensaku.mhlw.go.jp/40/index.php?action_kouhyou_detail_004_kani=true&JigyosyoCd=4091200248-00&ServiceCd=320&Type=search", "url2": "https://itofukushikai.com" }, "geometry": { "type": "Point", "coordinates": [ 130.272294598147596, 33.577666755591075 ] } },
{ "type": "Feature", "properties": { "内容": "グループホーム　花安養【認知症対応型共同生活介護】福岡市西区下山門2丁目16-15", "url": "https://www.kaigokensaku.mhlw.go.jp/40/index.php?action_kouhyou_detail_004_kani=true&JigyosyoCd=4091200164-00&ServiceCd=320&Type=search", "url2": "FukuokaCareServicehttp://www.fcs.or.jp/" }, "geometry": { "type": "Point", "coordinates": [ 130.312305599999945, 33.5825777 ] } },
{ "type": "Feature", "properties": { "内容": "シティ・ホーム神松寺【認知症対応型共同生活介護】福岡市城南区神松寺１丁目７番１号", "url": "https://www.kaigokensaku.mhlw.go.jp/40/index.php?action_kouhyou_detail_004_kani=true&JigyosyoCd=4071300299-00&ServiceCd=320&Type=search", "url2": "http://www.citycare.jp" }, "geometry": { "type": "Point", "coordinates": [ 130.3753044, 33.5567303 ] } },
{ "type": "Feature", "properties": { "内容": "グループホーム　油山福祉の里【認知症対応型共同生活介護】福岡市城南区大字東油山４９９番地１６", "url": "https://www.kaigokensaku.mhlw.go.jp/40/index.php?action_kouhyou_detail_004_kani=true&JigyosyoCd=4071300372-00&ServiceCd=320&Type=search", "url2": "http://www.fukusikai.or.jp" }, "geometry": { "type": "Point", "coordinates": [ 130.376107929808086, 33.528346883201024 ] } },
{ "type": "Feature", "properties": { "内容": "グループホームとりかい【認知症対応型共同生活介護】福岡市城南区鳥飼6丁目7番14号", "url": "https://www.kaigokensaku.mhlw.go.jp/40/index.php?action_kouhyou_detail_004_kani=true&JigyosyoCd=4071300406-00&ServiceCd=320&Type=search", "url2": "https://www.kouikai.jp/torikaizaitaku/gh/" }, "geometry": { "type": "Point", "coordinates": [ 130.368390399999953, 33.5762306 ] } },
{ "type": "Feature", "properties": { "内容": "ふれあいの家　田島【認知症対応型共同生活介護】福岡市城南区田島2－21－6", "url": "https://www.kaigokensaku.mhlw.go.jp/40/index.php?action_kouhyou_detail_004_kani=true&JigyosyoCd=4071300620-00&ServiceCd=320&Type=search", "url2": "http://www.kyoeikosan.co.jp/fureai" }, "geometry": { "type": "Point", "coordinates": [ 130.369629300000042, 33.5708312 ] } },
{ "type": "Feature", "properties": { "内容": "グループホーム　ウィズライフ別府【認知症対応型共同生活介護】福岡県福岡市城南区別府3-7-18", "url": "https://www.kaigokensaku.mhlw.go.jp/40/index.php?action_kouhyou_detail_004_kani=true&JigyosyoCd=4071300729-00&ServiceCd=320&Type=search", "url2": "http://www.ncs-net.org/" }, "geometry": { "type": "Point", "coordinates": [ 130.367415599999958, 33.5736086 ] } },
{ "type": "Feature", "properties": { "内容": "グループホーム竹の庵【認知症対応型共同生活介護】福岡市城南区片江1丁目20番10", "url": "https://www.kaigokensaku.mhlw.go.jp/40/index.php?action_kouhyou_detail_004_kani=true&JigyosyoCd=4091300048-00&ServiceCd=320&Type=search", "url2": "http://www.caring.jp" }, "geometry": { "type": "Point", "coordinates": [ 130.37788230000001, 33.551231 ] } },
{ "type": "Feature", "properties": { "内容": "グループホーム　なごみ【認知症対応型共同生活介護】福岡県福岡市城南区七隈２丁目７番４１号七隈の里", "url": "https://www.kaigokensaku.mhlw.go.jp/40/index.php?action_kouhyou_detail_004_kani=true&JigyosyoCd=4091300063-00&ServiceCd=320&Type=search", "url2": "http://www.kaede01.com/" }, "geometry": { "type": "Point", "coordinates": [ 130.3604388, 33.5617181 ] } },
{ "type": "Feature", "properties": { "内容": "グループホームたのしい家七隈【認知症対応型共同生活介護】福岡市城南区七隈7-8-15", "url": "https://www.kaigokensaku.mhlw.go.jp/40/index.php?action_kouhyou_detail_004_kani=true&JigyosyoCd=4091300105-00&ServiceCd=320&Type=search", "url2": null }, "geometry": { "type": "Point", "coordinates": [ 130.360124657008328, 33.551341938075247 ] } },
{ "type": "Feature", "properties": { "内容": "ケアタウン茶山グループホーム【認知症対応型共同生活介護】福岡県福岡市城南区茶山3丁目9番1号", "url": "https://www.kaigokensaku.mhlw.go.jp/40/index.php?action_kouhyou_detail_004_kani=true&JigyosyoCd=4091300246-00&ServiceCd=320&Type=search", "url2": "https://chayama.fukusiminsei.or.jp/" }, "geometry": { "type": "Point", "coordinates": [ 130.365194, 33.560835 ] } },
{ "type": "Feature", "properties": { "内容": "グループホームわかば【認知症対応型共同生活介護】福岡県福岡市城南区樋井川6-15-1", "url": "https://www.kaigokensaku.mhlw.go.jp/40/index.php?action_kouhyou_detail_004_kani=true&JigyosyoCd=4091300279-00&ServiceCd=320&Type=search", "url2": null }, "geometry": { "type": "Point", "coordinates": [ 130.3855271, 33.5412418 ] } },
{ "type": "Feature", "properties": { "内容": "有限会社　クロヤマ　グループホーム　むつみ【認知症対応型共同生活介護】福岡市早良区内野5-24-42", "url": "https://www.kaigokensaku.mhlw.go.jp/40/index.php?action_kouhyou_detail_004_kani=true&JigyosyoCd=4091400038-00&ServiceCd=320&Type=search", "url2": null }, "geometry": { "type": "Point", "coordinates": [ 130.3431084, 33.4972685 ] } },
{ "type": "Feature", "properties": { "内容": "グループホーム安住【認知症対応型共同生活介護】福岡県福岡市早良区原３－１０－６", "url": "https://www.kaigokensaku.mhlw.go.jp/40/index.php?action_kouhyou_detail_004_kani=true&JigyosyoCd=4071400651-00&ServiceCd=320&Type=search", "url2": null }, "geometry": { "type": "Point", "coordinates": [ 130.345611700000063, 33.5710061 ] } },
{ "type": "Feature", "properties": { "内容": "グループホームおあしすありた【認知症対応型共同生活介護】福岡県福岡市早良区有田6丁目2-5", "url": "https://www.kaigokensaku.mhlw.go.jp/40/index.php?action_kouhyou_detail_004_kani=true&JigyosyoCd=4071401097-00&ServiceCd=320&Type=search", "url2": "www.nakayama-seikei.net" }, "geometry": { "type": "Point", "coordinates": [ 130.332510100000036, 33.559113 ] } },
{ "type": "Feature", "properties": { "内容": "グループホーム幸せの枝【認知症対応型共同生活介護】福岡県福岡市早良区田村4丁目19-24", "url": "https://www.kaigokensaku.mhlw.go.jp/40/index.php?action_kouhyou_detail_004_kani=true&JigyosyoCd=4071401105-00&ServiceCd=320&Type=search", "url2": null }, "geometry": { "type": "Point", "coordinates": [ 130.33559379999997, 33.5397979 ] } },
{ "type": "Feature", "properties": { "内容": "グループホーム　ツーハーツ【認知症対応型共同生活介護】福岡県福岡市早良区次郎丸５丁目１８番２８号", "url": "https://www.kaigokensaku.mhlw.go.jp/40/index.php?action_kouhyou_detail_004_kani=true&JigyosyoCd=4071401188-00&ServiceCd=320&Type=search", "url2": "http://www.kousei-kai.org/twohearts/" }, "geometry": { "type": "Point", "coordinates": [ 130.331404900000052, 33.546975 ] } },
{ "type": "Feature", "properties": { "内容": "ふれあいの家　百道【認知症対応型共同生活介護】福岡市早良区百道3-13-30百道ふれあい館　2階・3階", "url": "https://www.kaigokensaku.mhlw.go.jp/40/index.php?action_kouhyou_detail_004_kani=true&JigyosyoCd=4071401568-00&ServiceCd=320&Type=search", "url2": "http://www.kyoeikosan.co.jp/fureai" }, "geometry": { "type": "Point", "coordinates": [ 130.3442837, 33.5845271 ] } },
{ "type": "Feature", "properties": { "内容": "グループホーム　あおい【認知症対応型共同生活介護】福岡市早良区西入部２丁目７番２０号", "url": "https://www.kaigokensaku.mhlw.go.jp/40/index.php?action_kouhyou_detail_004_kani=true&JigyosyoCd=4071401717-00&ServiceCd=320&Type=search", "url2": null }, "geometry": { "type": "Point", "coordinates": [ 130.324498746032759, 33.520328449657555 ] } },
{ "type": "Feature", "properties": { "内容": "すこやかほ～む有住【認知症対応型共同生活介護】福岡県福岡市早良区有田７－２４－７すこやかほ～む有住", "url": "https://www.kaigokensaku.mhlw.go.jp/40/index.php?action_kouhyou_detail_004_kani=true&JigyosyoCd=4091400046-00&ServiceCd=320&Type=search", "url2": "http://careservice21.com/" }, "geometry": { "type": "Point", "coordinates": [ 130.329432399999973, 33.5598935 ] } },
{ "type": "Feature", "properties": { "内容": "グループホーム　すみれの花【認知症対応型共同生活介護】福岡県福岡市早良区荒江３丁目２０－３", "url": "https://www.kaigokensaku.mhlw.go.jp/40/index.php?action_kouhyou_detail_004_kani=true&JigyosyoCd=4091400061-00&ServiceCd=320&Type=search", "url2": "https://seiwakai-care.jp/" }, "geometry": { "type": "Point", "coordinates": [ 130.351989099999969, 33.570356 ] } },
{ "type": "Feature", "properties": { "内容": "グループホーム　ふれあい【認知症対応型共同生活介護】福岡県福岡市早良区早良1丁目5-51", "url": "https://www.kaigokensaku.mhlw.go.jp/40/index.php?action_kouhyou_detail_004_kani=true&JigyosyoCd=4091400103-00&ServiceCd=320&Type=search", "url2": null }, "geometry": { "type": "Point", "coordinates": [ 130.337278, 33.5068926 ] } },
{ "type": "Feature", "properties": { "内容": "グループホーム　むろみ【認知症対応型共同生活介護】福岡県福岡市早良区室見5丁目10-34", "url": "https://www.kaigokensaku.mhlw.go.jp/40/index.php?action_kouhyou_detail_004_kani=true&JigyosyoCd=4091400202-00&ServiceCd=320&Type=search", "url2": null }, "geometry": { "type": "Point", "coordinates": [ 130.337943007409649, 33.579213776359929 ] } },
{ "type": "Feature", "properties": { "内容": "グループホーム　ポート野芥【認知症対応型共同生活介護】福岡市早良区野芥８丁目７番１号", "url": "https://www.kaigokensaku.mhlw.go.jp/40/index.php?action_kouhyou_detail_004_kani=true&JigyosyoCd=4091400228-00&ServiceCd=320&Type=search", "url2": "http://www.a-mizuhokai.jp" }, "geometry": { "type": "Point", "coordinates": [ 130.3389214, 33.537685182603617 ] } },
{ "type": "Feature", "properties": { "内容": "グループホームぱせり【認知症対応型共同生活介護】福岡県福岡市早良区原５丁目９－３０", "url": "https://www.kaigokensaku.mhlw.go.jp/40/index.php?action_kouhyou_detail_004_kani=true&JigyosyoCd=4091400236-00&ServiceCd=320&Type=search", "url2": "https://demo-paseri.ipm-sites.net/" }, "geometry": { "type": "Point", "coordinates": [ 130.339926099999957, 33.5653596 ] } },
{ "type": "Feature", "properties": { "内容": "さわやかグループホームいいくら【認知症対応型共同生活介護】福岡県福岡市早良区飯倉4丁目８－７さわやかグループホームいいくら", "url": "https://www.kaigokensaku.mhlw.go.jp/40/index.php?action_kouhyou_detail_004_kani=true&JigyosyoCd=4091400244-00&ServiceCd=320&Type=search", "url2": "www.sawayakaclub.jp" }, "geometry": { "type": "Point", "coordinates": [ 130.35318929999994, 33.5615958 ] } },
{ "type": "Feature", "properties": { "内容": "社会福祉法人実寿穂会　グループホーム　ポート賀茂【認知症対応型共同生活介護】早良区賀茂４丁目４１－３０", "url": "https://www.kaigokensaku.mhlw.go.jp/40/index.php?action_kouhyou_detail_004_kani=true&JigyosyoCd=4091400251-00&ServiceCd=320&Type=search", "url2": null }, "geometry": { "type": "Point", "coordinates": [ 130.337423899999976, 33.5522607 ] } },
{ "type": "Feature", "properties": { "内容": "グループホームこたべ【認知症対応型共同生活介護】福岡県福岡市早良区小田部1丁目21番17号リボンこたべ", "url": "https://www.kaigokensaku.mhlw.go.jp/40/index.php?action_kouhyou_detail_004_kani=true&JigyosyoCd=4091400418-00&ServiceCd=320&Type=search", "url2": null }, "geometry": { "type": "Point", "coordinates": [ 130.334231060188358, 33.56905580654022 ] } },
{ "type": "Feature", "properties": { "内容": "高齢者在宅複合施設サザン【認知症対応型共同生活介護】福岡県福岡市早良区次郎丸1-29-40", "url": "https://www.kaigokensaku.mhlw.go.jp/40/index.php?action_kouhyou_detail_004_kani=true&JigyosyoCd=4091400459-00&ServiceCd=320&Type=search", "url2": "https://ogata-sazan.jp/" }, "geometry": { "type": "Point", "coordinates": [ 130.335213, 33.5515815 ] } },
{ "type": "Feature", "properties": { "内容": "グループホームサクラ田隈【認知症対応型共同生活介護】田隈２丁目21-31", "url": "https://www.kaigokensaku.mhlw.go.jp/40/index.php?action_kouhyou_detail_004_kani=true&JigyosyoCd=4091400574-00&ServiceCd=320&Type=search", "url2": null }, "geometry": { "type": "Point", "coordinates": [ 130.3358629, 33.5460146 ] } },
{ "type": "Feature", "properties": { "内容": "グループホーム　ウィズライフ西新【認知症対応型共同生活介護】福岡市早良区城西２－９－１８", "url": "https://www.kaigokensaku.mhlw.go.jp/40/index.php?action_kouhyou_detail_004_kani=true&JigyosyoCd=4071400594-00&ServiceCd=320&Type=search", "url2": "http://www.with-g.com/" }, "geometry": { "type": "Point", "coordinates": [ 130.363471299999986, 33.579969 ] } },
{ "type": "Feature", "properties": { "内容": "グループホーム第二幸せの枝【認知症対応型共同生活介護】福岡県福岡市早良区田村7丁目24-84", "url": "https://www.kaigokensaku.mhlw.go.jp/40/index.php?action_kouhyou_detail_004_kani=true&JigyosyoCd=4071401865-00&ServiceCd=320&Type=search", "url2": null }, "geometry": { "type": "Point", "coordinates": [ 130.324222299999974, 33.5365895 ] } },
{ "type": "Feature", "properties": { "内容": "グループホーム　ライフケアしかた【認知症対応型共同生活介護】福岡県福岡市早良区四箇6丁目12番41号ライフケアしかた", "url": "https://www.kaigokensaku.mhlw.go.jp/40/index.php?action_kouhyou_detail_004_kani=true&JigyosyoCd=4091400517-00&ServiceCd=320&Type=search", "url2": "www.o‐lifecare.com" }, "geometry": { "type": "Point", "coordinates": [ 130.331215899999989, 33.5303031 ] } },
{ "type": "Feature", "properties": { "内容": "グループホーム　アソシエ飯倉【認知症対応型共同生活介護】福岡県福岡市早良区飯倉5丁目21-4", "url": "https://www.kaigokensaku.mhlw.go.jp/40/index.php?action_kouhyou_detail_004_kani=true&JigyosyoCd=4091400129-00&ServiceCd=320&Type=search", "url2": "http://associe-group.jp/publics/index/25/" }, "geometry": { "type": "Point", "coordinates": [ 130.354167100000041, 33.5605126 ] } },
{ "type": "Feature", "properties": { "内容": "グリーンコープ　グループホーム早良・和（のどか）【認知症対応型共同生活介護】福岡市早良区次郎丸6丁目11ー30２F", "url": "https://www.kaigokensaku.mhlw.go.jp/40/index.php?action_kouhyou_detail_004_kani=true&JigyosyoCd=4091400137-00&ServiceCd=320&Type=search", "url2": "http//www.fukushi-greencoop.or.jp//" }, "geometry": { "type": "Point", "coordinates": [ 130.336576799999989, 33.5476889 ] } },
{ "type": "Feature", "properties": { "内容": "グループホーム　ファミーユ【認知症対応型共同生活介護】福岡県大牟田市野添20－19", "url": "https://www.kaigokensaku.mhlw.go.jp/40/index.php?action_kouhyou_detail_004_kani=true&JigyosyoCd=4071501664-00&ServiceCd=320&Type=search", "url2": null }, "geometry": { "type": "Point", "coordinates": [ 130.461570299999948, 33.006412 ] } },
{ "type": "Feature", "properties": { "内容": "グループホーム　なかまちの家【認知症対応型共同生活介護】福岡県大牟田市中町１丁目５－２", "url": "https://www.kaigokensaku.mhlw.go.jp/40/index.php?action_kouhyou_detail_004_kani=true&JigyosyoCd=4071501557-00&ServiceCd=320&Type=search", "url2": "http://www.s―soreiyu.com/" }, "geometry": { "type": "Point", "coordinates": [ 130.443437899999907, 33.0401611 ] } },
{ "type": "Feature", "properties": { "内容": "グループホームしおさい【認知症対応型共同生活介護】福岡県大牟田市岬2858-1", "url": "https://www.kaigokensaku.mhlw.go.jp/40/index.php?action_kouhyou_detail_004_kani=true&JigyosyoCd=4091500639-00&ServiceCd=320&Type=search", "url2": "http://www.o-takatori-h.sakura.ne.jp/" }, "geometry": { "type": "Point", "coordinates": [ 130.437951917825671, 33.067283671293694 ] } },
{ "type": "Feature", "properties": { "内容": "グループホームひまわり【認知症対応型共同生活介護】大牟田市新地町6-14", "url": "https://www.kaigokensaku.mhlw.go.jp/40/index.php?action_kouhyou_detail_004_kani=true&JigyosyoCd=4091500605-00&ServiceCd=320&Type=search", "url2": null }, "geometry": { "type": "Point", "coordinates": [ 130.435995519049129, 33.034152669622856 ] } },
{ "type": "Feature", "properties": { "内容": "グループホームきらめき【認知症対応型共同生活介護】福岡県大牟田市上白川町１丁目２４６", "url": "https://www.kaigokensaku.mhlw.go.jp/40/index.php?action_kouhyou_detail_004_kani=true&JigyosyoCd=4091500357-00&ServiceCd=320&Type=search", "url2": "kirameki@sirakawa,or,jp" }, "geometry": { "type": "Point", "coordinates": [ 130.4627001, 33.0478356 ] } },
{ "type": "Feature", "properties": { "内容": "グループホーム　ふぁみりえ【認知症対応型共同生活介護】福岡県大牟田市沖田町492番地", "url": "https://www.kaigokensaku.mhlw.go.jp/40/index.php?action_kouhyou_detail_004_kani=true&JigyosyoCd=4071501060-00&ServiceCd=320&Type=search", "url2": "https://www.sunfriends.net/" }, "geometry": { "type": "Point", "coordinates": [ 130.4487517, 33.0115417 ] } },
{ "type": "Feature", "properties": { "内容": "グループホーム　きなっせ【認知症対応型共同生活介護】福岡県大牟田市吉野１３６４－１", "url": "https://www.kaigokensaku.mhlw.go.jp/40/index.php?action_kouhyou_detail_004_kani=true&JigyosyoCd=4091500647-00&ServiceCd=320&Type=search", "url2": null }, "geometry": { "type": "Point", "coordinates": [ 130.4665612, 33.0766461 ] } },
{ "type": "Feature", "properties": { "内容": "シャルールコパン【認知症対応型共同生活介護】大牟田市城町1丁目7番地2シャルールコパン2階", "url": "https://www.kaigokensaku.mhlw.go.jp/40/index.php?action_kouhyou_detail_004_kani=true&JigyosyoCd=4091500431-00&ServiceCd=320&Type=search", "url2": "http://www.s-soreiyu.com/" }, "geometry": { "type": "Point", "coordinates": [ 130.443564182139653, 33.044004511414144 ] } },
{ "type": "Feature", "properties": { "内容": "グループホーム　蒼【認知症対応型共同生活介護】福岡県大牟田市岩本2418-1", "url": "https://www.kaigokensaku.mhlw.go.jp/40/index.php?action_kouhyou_detail_004_kani=true&JigyosyoCd=4091500456-00&ServiceCd=320&Type=search", "url2": "https://ueda-omuta.com" }, "geometry": { "type": "Point", "coordinates": [ 130.487741599999907, 33.0719337 ] } },
{ "type": "Feature", "properties": { "内容": "天光園グループホーム【認知症対応型共同生活介護】福岡県大牟田市大字宮崎1710-3", "url": "https://www.kaigokensaku.mhlw.go.jp/40/index.php?action_kouhyou_detail_004_kani=true&JigyosyoCd=4071501086-00&ServiceCd=320&Type=search", "url2": "http://www.tenkouen.com" }, "geometry": { "type": "Point", "coordinates": [ 130.475629755819654, 33.083009968374903 ] } },
{ "type": "Feature", "properties": { "内容": "グループホームふれあい【認知症対応型共同生活介護】福岡県大牟田市大字田隈766番地5", "url": "https://www.kaigokensaku.mhlw.go.jp/40/index.php?action_kouhyou_detail_004_kani=true&JigyosyoCd=4091500019-00&ServiceCd=320&Type=search", "url2": "https://fureai.sakuraweb.com/" }, "geometry": { "type": "Point", "coordinates": [ 130.4651523, 33.0549404 ] } },
{ "type": "Feature", "properties": { "内容": "グループホーム　三丁目のわが家【認知症対応型共同生活介護】福岡県大牟田市諏訪町３丁目５９番地", "url": "https://www.kaigokensaku.mhlw.go.jp/40/index.php?action_kouhyou_detail_004_kani=true&JigyosyoCd=4091500498-00&ServiceCd=320&Type=search", "url2": "www.asuka-kaigo-service.com" }, "geometry": { "type": "Point", "coordinates": [ 130.432429897622626, 33.016181441618514 ] } },
{ "type": "Feature", "properties": { "内容": "高齢者グループホーム　やまぼうし【認知症対応型共同生活介護】福岡県大牟田市櫟野3260-102", "url": "https://www.kaigokensaku.mhlw.go.jp/40/index.php?action_kouhyou_detail_004_kani=true&JigyosyoCd=4091500316-00&ServiceCd=320&Type=search", "url2": "hibari@globe.ocn.ne.jp" }, "geometry": { "type": "Point", "coordinates": [ 130.480763600000046, 33.0163336 ] } },
{ "type": "Feature", "properties": { "内容": "グループホームたかさご【認知症対応型共同生活介護】福岡県大牟田市高砂町16番地", "url": "https://www.kaigokensaku.mhlw.go.jp/40/index.php?action_kouhyou_detail_004_kani=true&JigyosyoCd=4091500654-00&ServiceCd=320&Type=search", "url2": "http://o-takatori-h.sakura.ne.jp" }, "geometry": { "type": "Point", "coordinates": [ 130.426988907374948, 33.01494806025714 ] } },
{ "type": "Feature", "properties": { "内容": "グループホーム　ユウワ【認知症対応型共同生活介護】福岡県大牟田市出雲町1番地15", "url": "https://www.kaigokensaku.mhlw.go.jp/40/index.php?action_kouhyou_detail_004_kani=true&JigyosyoCd=4071500930-00&ServiceCd=320&Type=search", "url2": null }, "geometry": { "type": "Point", "coordinates": [ 130.449846, 33.0310928 ] } },
{ "type": "Feature", "properties": { "内容": "医）今野病院グループホーム青葉【認知症対応型共同生活介護】福岡県大牟田市青葉町12番地11グループホーム青葉Ⅰ・グループホーム青葉Ⅱ", "url": "https://www.kaigokensaku.mhlw.go.jp/40/index.php?action_kouhyou_detail_004_kani=true&JigyosyoCd=4071500922-00&ServiceCd=320&Type=search", "url2": "http://www.konno-hp.jp/" }, "geometry": { "type": "Point", "coordinates": [ 130.4590528, 33.018859 ] } },
{ "type": "Feature", "properties": { "内容": "グループホーム　あおきの里【認知症対応型共同生活介護】福岡県久留米市城島町上青木２６２", "url": "https://www.kaigokensaku.mhlw.go.jp/40/index.php?action_kouhyou_detail_004_kani=true&JigyosyoCd=4091600199-00&ServiceCd=320&Type=search", "url2": "https://best-life.icu" }, "geometry": { "type": "Point", "coordinates": [ 130.408533027053068, 33.243367299235715 ] } },
{ "type": "Feature", "properties": { "内容": "グループホーム　ふきのとう【認知症対応型共同生活介護】福岡県久留米市荒木町白口２３４３－１", "url": "https://www.kaigokensaku.mhlw.go.jp/40/index.php?action_kouhyou_detail_004_kani=true&JigyosyoCd=4071600979-00&ServiceCd=320&Type=search", "url2": "http://kiccho.org" }, "geometry": { "type": "Point", "coordinates": [ 130.498719, 33.2752932 ] } },
{ "type": "Feature", "properties": { "内容": "コスモピア高良内【認知症対応型共同生活介護】福岡県久留米市高良内町３９１９－５", "url": "https://www.kaigokensaku.mhlw.go.jp/40/index.php?action_kouhyou_detail_004_kani=true&JigyosyoCd=4071602033-00&ServiceCd=320&Type=search", "url2": null }, "geometry": { "type": "Point", "coordinates": [ 130.55563410000002, 33.2834432 ] } },
{ "type": "Feature", "properties": { "内容": "グループホームたいようの家【認知症対応型共同生活介護】福岡県久留米市大石町９９番地１", "url": "https://www.kaigokensaku.mhlw.go.jp/40/index.php?action_kouhyou_detail_004_kani=true&JigyosyoCd=4071602736-00&ServiceCd=320&Type=search", "url2": null }, "geometry": { "type": "Point", "coordinates": [ 130.496705099999986, 33.3152839 ] } },
{ "type": "Feature", "properties": { "内容": "グループホームひまわり２号館【認知症対応型共同生活介護】福岡県久留米市善導寺町飯田1393-9", "url": "https://www.kaigokensaku.mhlw.go.jp/40/index.php?action_kouhyou_detail_004_kani=true&JigyosyoCd=4071601506-00&ServiceCd=320&Type=search", "url2": "https://seihoukai.or.jp/facility/himawari2/" }, "geometry": { "type": "Point", "coordinates": [ 130.616828299999952, 33.3260597 ] } },
{ "type": "Feature", "properties": { "内容": "グループホームくましろ弐番館【認知症対応型共同生活介護】福岡県久留米市北野町石崎１６２番地１", "url": "https://www.kaigokensaku.mhlw.go.jp/40/index.php?action_kouhyou_detail_004_kani=true&JigyosyoCd=4071602348-00&ServiceCd=320&Type=search", "url2": "www//kumashiro-hospital.or.jp" }, "geometry": { "type": "Point", "coordinates": [ 130.566338099999939, 33.3292641 ] } },
{ "type": "Feature", "properties": { "内容": "グループホームくましろ【認知症対応型共同生活介護】福岡県久留米市北野町八重亀391番地1", "url": "https://www.kaigokensaku.mhlw.go.jp/40/index.php?action_kouhyou_detail_004_kani=true&JigyosyoCd=4077600130-00&ServiceCd=320&Type=search", "url2": "www//kumashiro-hospital.or.jp" }, "geometry": { "type": "Point", "coordinates": [ 130.62510229999998, 33.354343399999976 ] } },
{ "type": "Feature", "properties": { "内容": "グループホーム「日和庵」すわの【認知症対応型共同生活介護】福岡県久留米市西町１０４６－７", "url": "https://www.kaigokensaku.mhlw.go.jp/40/index.php?action_kouhyou_detail_004_kani=true&JigyosyoCd=4091600116-00&ServiceCd=320&Type=search", "url2": null }, "geometry": { "type": "Point", "coordinates": [ 130.520971799999984, 33.305207 ] } },
{ "type": "Feature", "properties": { "内容": "ポジティブリーケア荒木【認知症対応型共同生活介護】福岡県久留米市荒木町荒木1972-18", "url": "https://www.kaigokensaku.mhlw.go.jp/40/index.php?action_kouhyou_detail_004_kani=true&JigyosyoCd=4091600579-00&ServiceCd=320&Type=search", "url2": "https://best-life.icu" }, "geometry": { "type": "Point", "coordinates": [ 130.516492500000027, 33.2700776 ] } },
{ "type": "Feature", "properties": { "内容": "社会福祉法人　養福会　グループホーム養福会【認知症対応型共同生活介護】福岡県久留米市野伏間１－１２－１", "url": "https://www.kaigokensaku.mhlw.go.jp/40/index.php?action_kouhyou_detail_004_kani=true&JigyosyoCd=4091601700-00&ServiceCd=320&Type=search", "url2": "hppt://www.youfukukai.or.jp" }, "geometry": { "type": "Point", "coordinates": [ 130.5128334, 33.2849091 ] } },
{ "type": "Feature", "properties": { "内容": "グループホーム　じゅうれん【認知症対応型共同生活介護】久留米市三潴町西牟田6557-89", "url": "https://www.kaigokensaku.mhlw.go.jp/40/index.php?action_kouhyou_detail_004_kani=true&JigyosyoCd=4078000108-00&ServiceCd=320&Type=search", "url2": "www.jyuuren.or.jp" }, "geometry": { "type": "Point", "coordinates": [ 130.487984500000039, 33.2523089 ] } },
{ "type": "Feature", "properties": { "内容": "グループホーム　さくら館【認知症対応型共同生活介護】福岡県久留米市田主丸町豊城１７５１", "url": "https://www.kaigokensaku.mhlw.go.jp/40/index.php?action_kouhyou_detail_004_kani=true&JigyosyoCd=4091600207-00&ServiceCd=320&Type=search", "url2": "http://hijirikai.com" }, "geometry": { "type": "Point", "coordinates": [ 130.68489210000007, 33.3420898 ] } },
{ "type": "Feature", "properties": { "内容": "グループホーム　唱和【認知症対応型共同生活介護】福岡県久留米市御井旗崎4－7－33", "url": "https://www.kaigokensaku.mhlw.go.jp/40/index.php?action_kouhyou_detail_004_kani=true&JigyosyoCd=4091601452-00&ServiceCd=320&Type=search", "url2": "http://www.kaede01.com/" }, "geometry": { "type": "Point", "coordinates": [ 130.562437700000032, 33.3158299 ] } },
{ "type": "Feature", "properties": { "内容": "グループホーム　御井つつじ苑【認知症対応型共同生活介護】久留米市御井町２０１１番地", "url": "https://www.kaigokensaku.mhlw.go.jp/40/index.php?action_kouhyou_detail_004_kani=true&JigyosyoCd=4071600912-00&ServiceCd=320&Type=search", "url2": "https://tutujien.org" }, "geometry": { "type": "Point", "coordinates": [ 130.546571563307225, 33.303663128986365 ] } },
{ "type": "Feature", "properties": { "内容": "グループホーム　陽だまり【認知症対応型共同生活介護】久留米市御井町2491番地1グループホーム陽だまり", "url": "https://www.kaigokensaku.mhlw.go.jp/40/index.php?action_kouhyou_detail_004_kani=true&JigyosyoCd=4071601902-00&ServiceCd=320&Type=search", "url2": null }, "geometry": { "type": "Point", "coordinates": [ 130.554150299999947, 33.3008361 ] } },
{ "type": "Feature", "properties": { "内容": "グループホーム　金島つつじ苑【認知症対応型共同生活介護】久留米市北野町八重亀５７８－１　２F", "url": "https://www.kaigokensaku.mhlw.go.jp/40/index.php?action_kouhyou_detail_004_kani=true&JigyosyoCd=4071601258-00&ServiceCd=320&Type=search", "url2": "https://tutujien.org" }, "geometry": { "type": "Point", "coordinates": [ 130.621123463049145, 33.353743098086021 ] } },
{ "type": "Feature", "properties": { "内容": "グループホーム　野中つつじ苑【認知症対応型共同生活介護】福岡県久留米市野中町７７１－１", "url": "https://www.kaigokensaku.mhlw.go.jp/40/index.php?action_kouhyou_detail_004_kani=true&JigyosyoCd=4071602074-00&ServiceCd=320&Type=search", "url2": "https://tutujien.org/" }, "geometry": { "type": "Point", "coordinates": [ 130.533121, 33.3081099 ] } },
{ "type": "Feature", "properties": { "内容": "グループホームシオンくしはら【認知症対応型共同生活介護】福岡県久留米市東櫛原　６１－１", "url": "https://www.kaigokensaku.mhlw.go.jp/40/index.php?action_kouhyou_detail_004_kani=true&JigyosyoCd=4091600033-00&ServiceCd=320&Type=search", "url2": "http://www.villa-kusiharaor.jp/" }, "geometry": { "type": "Point", "coordinates": [ 130.522475, 33.3246114 ] } },
{ "type": "Feature", "properties": { "内容": "グループホームメゾンマリア【認知症対応型共同生活介護】福岡県久留米市津福本町272-1グループホームメゾンマリア", "url": "https://www.kaigokensaku.mhlw.go.jp/40/index.php?action_kouhyou_detail_004_kani=true&JigyosyoCd=4091601239-00&ServiceCd=320&Type=search", "url2": "http://www.heiwanoseibo.com" }, "geometry": { "type": "Point", "coordinates": [ 130.4979823, 33.297391 ] } },
{ "type": "Feature", "properties": { "内容": "ひまわり館【認知症対応型共同生活介護】久留米市田主丸町田主丸1004-1", "url": "https://www.kaigokensaku.mhlw.go.jp/40/index.php?action_kouhyou_detail_004_kani=true&JigyosyoCd=4077400143-00&ServiceCd=320&Type=search", "url2": "www.seihoukai.or.jp" }, "geometry": { "type": "Point", "coordinates": [ 130.691344500000014, 33.3364711 ] } },
{ "type": "Feature", "properties": { "内容": "グループホームじゅらくだい【認知症対応型共同生活介護】福岡県久留米市野中町９１４番地", "url": "https://www.kaigokensaku.mhlw.go.jp/40/index.php?action_kouhyou_detail_004_kani=true&JigyosyoCd=4091600124-00&ServiceCd=320&Type=search", "url2": null }, "geometry": { "type": "Point", "coordinates": [ 130.5336711, 33.311818 ] } },
{ "type": "Feature", "properties": { "内容": "こがグループホーム野伏間【認知症対応型共同生活介護】野伏間一丁目13番地２号西館　東館", "url": "https://www.kaigokensaku.mhlw.go.jp/40/index.php?action_kouhyou_detail_004_kani=true&JigyosyoCd=4091600710-00&ServiceCd=320&Type=search", "url2": "http://www.tenjinkai.or.jp" }, "geometry": { "type": "Point", "coordinates": [ 130.512537249070192, 33.284719411617054 ] } },
{ "type": "Feature", "properties": { "内容": "グループホームやすもと【認知症対応型共同生活介護】三瀦町玉満2390番地1", "url": "https://www.kaigokensaku.mhlw.go.jp/40/index.php?action_kouhyou_detail_004_kani=true&JigyosyoCd=4091601478-00&ServiceCd=320&Type=search", "url2": "https://www.yasumoto.or.jp/grouphome" }, "geometry": { "type": "Point", "coordinates": [ 130.459300027172418, 33.248721232330382 ] } },
{ "type": "Feature", "properties": { "内容": "グループホームいちょうの杜津福【認知症対応型共同生活介護】久留米市津福今町610-7", "url": "https://www.kaigokensaku.mhlw.go.jp/40/index.php?action_kouhyou_detail_004_kani=true&JigyosyoCd=4071601712-00&ServiceCd=320&Type=search", "url2": "www.ichounomori.com" }, "geometry": { "type": "Point", "coordinates": [ 130.50674, 33.2912584 ] } },
{ "type": "Feature", "properties": { "内容": "グループホーム　らくらく【認知症対応型共同生活介護】福岡県久留米市宮ノ陣町若松2348-5", "url": "https://www.kaigokensaku.mhlw.go.jp/40/index.php?action_kouhyou_detail_004_kani=true&JigyosyoCd=4071601894-00&ServiceCd=320&Type=search", "url2": null }, "geometry": { "type": "Point", "coordinates": [ 130.564999199999988, 33.3451377 ] } },
{ "type": "Feature", "properties": { "内容": "グループホーム千歳こうらうち【認知症対応型共同生活介護】福岡県久留米市高良内町172-1", "url": "https://www.kaigokensaku.mhlw.go.jp/40/index.php?action_kouhyou_detail_004_kani=true&JigyosyoCd=4071602322-00&ServiceCd=320&Type=search", "url2": null }, "geometry": { "type": "Point", "coordinates": [ 130.555233700000031, 33.2946144 ] } },
{ "type": "Feature", "properties": { "内容": "グループホーム千歳あいかわ【認知症対応型共同生活介護】久留米市合川町１３９２番地１", "url": "https://www.kaigokensaku.mhlw.go.jp/40/index.php?action_kouhyou_detail_004_kani=true&JigyosyoCd=4071602330-00&ServiceCd=320&Type=search", "url2": null }, "geometry": { "type": "Point", "coordinates": [ 130.536940299999969, 33.3137234 ] } },
{ "type": "Feature", "properties": { "内容": "グループホーム「仲間館・絆」【認知症対応型共同生活介護】福岡県久留米市城島町内野３２２－１", "url": "https://www.kaigokensaku.mhlw.go.jp/40/index.php?action_kouhyou_detail_004_kani=true&JigyosyoCd=4071602728-00&ServiceCd=320&Type=search", "url2": null }, "geometry": { "type": "Point", "coordinates": [ 130.4340449, 33.2599374 ] } },
{ "type": "Feature", "properties": { "内容": "グループホーム　あおぎり荘【認知症対応型共同生活介護】福岡県久留米市城島町芦塚804番地3", "url": "https://www.kaigokensaku.mhlw.go.jp/40/index.php?action_kouhyou_detail_004_kani=true&JigyosyoCd=4077800110-00&ServiceCd=320&Type=search", "url2": "j-aogiri@ec5.technowave.ne.jp" }, "geometry": { "type": "Point", "coordinates": [ 130.43520639999997, 33.2798631 ] } },
{ "type": "Feature", "properties": { "内容": "グループホーム　いちょうの杜　三潴【認知症対応型共同生活介護】福岡県久留米市三潴町玉満４００－５", "url": "https://www.kaigokensaku.mhlw.go.jp/40/index.php?action_kouhyou_detail_004_kani=true&JigyosyoCd=4078000090-00&ServiceCd=320&Type=search", "url2": "http://www.ichounomori.com" }, "geometry": { "type": "Point", "coordinates": [ 130.466719600000033, 33.2414348 ] } },
{ "type": "Feature", "properties": { "内容": "グループホーム　いちょうの杜　諏訪野【認知症対応型共同生活介護】福岡県久留米市諏訪野町2170-19", "url": "https://www.kaigokensaku.mhlw.go.jp/40/index.php?action_kouhyou_detail_004_kani=true&JigyosyoCd=4091600082-00&ServiceCd=320&Type=search", "url2": "www.ichounomori.com" }, "geometry": { "type": "Point", "coordinates": [ 130.527643600000033, 33.3091847 ] } },
{ "type": "Feature", "properties": { "内容": "グループホームいちょうの杜やすらぎ【認知症対応型共同生活介護】福岡県久留米市三潴町高三潴４９１－２", "url": "https://www.kaigokensaku.mhlw.go.jp/40/index.php?action_kouhyou_detail_004_kani=true&JigyosyoCd=4091600256-00&ServiceCd=320&Type=search", "url2": "http://www.ichounomori.com" }, "geometry": { "type": "Point", "coordinates": [ 130.4624814, 33.2614575 ] } },
{ "type": "Feature", "properties": { "内容": "株式会社　ニチイ学館　二チイケアセンター野中【認知症対応型共同生活介護】福岡県久留米市野中町４４７番地", "url": "https://www.kaigokensaku.mhlw.go.jp/40/index.php?action_kouhyou_detail_004_kani=true&JigyosyoCd=4091600504-00&ServiceCd=320&Type=search", "url2": null }, "geometry": { "type": "Point", "coordinates": [ 130.5371374, 33.3079628 ] } },
{ "type": "Feature", "properties": { "内容": "グループホームあいの里【認知症対応型共同生活介護】福岡県久留米市山川安居野3丁目3番18号", "url": "https://www.kaigokensaku.mhlw.go.jp/40/index.php?action_kouhyou_detail_004_kani=true&JigyosyoCd=4071601993-00&ServiceCd=320&Type=search", "url2": "http://www.houseien.net/" }, "geometry": { "type": "Point", "coordinates": [ 130.572585, 33.3185373 ] } },
{ "type": "Feature", "properties": { "内容": "グループホーム　市の上【認知症対応型共同生活介護】福岡県久留米市合川町１７５４－１", "url": "https://www.kaigokensaku.mhlw.go.jp/40/index.php?action_kouhyou_detail_004_kani=true&JigyosyoCd=4091600074-00&ServiceCd=320&Type=search", "url2": "http://www.kaede01.com/" }, "geometry": { "type": "Point", "coordinates": [ 130.533787800000027, 33.3164982 ] } },
{ "type": "Feature", "properties": { "内容": "グループホーム西牟田【認知症対応型共同生活介護】福岡県久留米市三潴町西牟田6323-9", "url": "https://www.kaigokensaku.mhlw.go.jp/40/index.php?action_kouhyou_detail_004_kani=true&JigyosyoCd=4091600157-00&ServiceCd=320&Type=search", "url2": "https://www.h-miyukien.info/" }, "geometry": { "type": "Point", "coordinates": [ 130.497301731877087, 33.250273865922864 ] } },
{ "type": "Feature", "properties": { "内容": "グループホーム大城の里【認知症対応型共同生活介護】福岡県久留米市北野町乙丸3-13", "url": "https://www.kaigokensaku.mhlw.go.jp/40/index.php?action_kouhyou_detail_004_kani=true&JigyosyoCd=4091600215-00&ServiceCd=320&Type=search", "url2": "http://www.houseien.net" }, "geometry": { "type": "Point", "coordinates": [ 130.609117400000059, 33.3512905 ] } },
{ "type": "Feature", "properties": { "内容": "株式会社ニチイ学館　ニチイケアセンター小森野【認知症対応型共同生活介護】福岡県久留米市小森野5丁目15番地18号", "url": "https://www.kaigokensaku.mhlw.go.jp/40/index.php?action_kouhyou_detail_004_kani=true&JigyosyoCd=4091600512-00&ServiceCd=320&Type=search", "url2": "http:www.nichiigakkan.co.jp" }, "geometry": { "type": "Point", "coordinates": [ 130.516737199999966, 33.3383409 ] } },
{ "type": "Feature", "properties": { "内容": "グループホーム　時代【認知症対応型共同生活介護】福岡県久留米市合川町1574-1", "url": "https://www.kaigokensaku.mhlw.go.jp/40/index.php?action_kouhyou_detail_004_kani=true&JigyosyoCd=4091601197-00&ServiceCd=320&Type=search", "url2": null }, "geometry": { "type": "Point", "coordinates": [ 130.534354536939986, 33.313372582819895 ] } },
{ "type": "Feature", "properties": { "内容": "グループホーム　さくら苑弐番館【認知症対応型共同生活介護】江戸屋敷1丁目11番1号", "url": "https://www.kaigokensaku.mhlw.go.jp/40/index.php?action_kouhyou_detail_004_kani=true&JigyosyoCd=4091601205-00&ServiceCd=320&Type=search", "url2": "http://www.sakura-en-kurume.com/" }, "geometry": { "type": "Point", "coordinates": [ 130.510896631353148, 33.287362759802569 ] } },
{ "type": "Feature", "properties": { "内容": "グループホーム　こすもす【認知症対応型共同生活介護】福岡県久留米市上津町1217－1", "url": "https://www.kaigokensaku.mhlw.go.jp/40/index.php?action_kouhyou_detail_004_kani=true&JigyosyoCd=4071601811-00&ServiceCd=320&Type=search", "url2": "http://www.tsuji-i.com" }, "geometry": { "type": "Point", "coordinates": [ 130.534251899999958, 33.2884369 ] } },
{ "type": "Feature", "properties": { "内容": "グループホーム　ほのぼの苑【認知症対応型共同生活介護】久留米市御井旗崎３－７－３", "url": "https://www.kaigokensaku.mhlw.go.jp/40/index.php?action_kouhyou_detail_004_kani=true&JigyosyoCd=4071601266-00&ServiceCd=320&Type=search", "url2": null }, "geometry": { "type": "Point", "coordinates": [ 130.561205299999983, 33.3157292 ] } },
{ "type": "Feature", "properties": { "内容": "グループホームこころ【認知症対応型共同生活介護】福岡県久留米市城島町下青木１０１０－２", "url": "https://www.kaigokensaku.mhlw.go.jp/40/index.php?action_kouhyou_detail_004_kani=true&JigyosyoCd=4071602272-00&ServiceCd=320&Type=search", "url2": "http://care-net.biz/40/cocoro/" }, "geometry": { "type": "Point", "coordinates": [ 130.400191599999971, 33.2359671 ] } },
{ "type": "Feature", "properties": { "内容": "グループホームほほえみ館【認知症対応型共同生活介護】久留米市城島町城島37-2", "url": "https://www.kaigokensaku.mhlw.go.jp/40/index.php?action_kouhyou_detail_004_kani=true&JigyosyoCd=4077800086-00&ServiceCd=320&Type=search", "url2": "http//care-net.biz/40/hohoemi/" }, "geometry": { "type": "Point", "coordinates": [ 130.431257220715878, 33.257549516637134 ] } },
{ "type": "Feature", "properties": { "内容": "グループホーム　めぐみ苑【認知症対応型共同生活介護】福岡県小郡市大崎７３８－１", "url": "https://www.kaigokensaku.mhlw.go.jp/40/index.php?action_kouhyou_detail_004_kani=true&JigyosyoCd=4092900010-00&ServiceCd=320&Type=search", "url2": null }, "geometry": { "type": "Point", "coordinates": [ 130.553333299999963, 33.3854591 ] } },
{ "type": "Feature", "properties": { "内容": "グループホーム　さくら苑【認知症対応型共同生活介護】福岡県久留米市南１丁目１７番1号", "url": "https://www.kaigokensaku.mhlw.go.jp/40/index.php?action_kouhyou_detail_004_kani=true&JigyosyoCd=4071601738-00&ServiceCd=320&Type=search", "url2": "https://www.sakura-en-kurume.com/" }, "geometry": { "type": "Point", "coordinates": [ 130.518233399999986, 33.2906308 ] } },
{ "type": "Feature", "properties": { "内容": "グループホームほのぼの【認知症対応型共同生活介護】福岡県久留米市城島町江上６５７－２", "url": "https://www.kaigokensaku.mhlw.go.jp/40/index.php?action_kouhyou_detail_004_kani=true&JigyosyoCd=4077800078-00&ServiceCd=320&Type=search", "url2": null }, "geometry": { "type": "Point", "coordinates": [ 130.4360855, 33.2292134 ] } },
{ "type": "Feature", "properties": { "内容": "グループホーム　みどりのうた【認知症対応型共同生活介護】福岡県久留米市東櫛原町1647-6", "url": "https://www.kaigokensaku.mhlw.go.jp/40/index.php?action_kouhyou_detail_004_kani=true&JigyosyoCd=4091601767-00&ServiceCd=320&Type=search", "url2": "http://kaigo.lsneo.co.jp/gh_midori/index.html" }, "geometry": { "type": "Point", "coordinates": [ 130.52743, 33.3210526 ] } },
{ "type": "Feature", "properties": { "内容": "グループホームこすもすII【認知症対応型共同生活介護】福岡県久留米市国分町2050番地1", "url": "https://www.kaigokensaku.mhlw.go.jp/40/index.php?action_kouhyou_detail_004_kani=true&JigyosyoCd=4091600298-00&ServiceCd=320&Type=search", "url2": "http://www.tsuji-i.com" }, "geometry": { "type": "Point", "coordinates": [ 130.534142876421328, 33.289339954731119 ] } },
{ "type": "Feature", "properties": { "内容": "グループホーム銀の庵【認知症対応型共同生活介護】久留米市国分町1571-8", "url": "https://www.kaigokensaku.mhlw.go.jp/40/index.php?action_kouhyou_detail_004_kani=true&JigyosyoCd=4071602496-00&ServiceCd=320&Type=search", "url2": "https://www.ginnoan-tsubasa.com/" }, "geometry": { "type": "Point", "coordinates": [ 130.530255513625548, 33.294684880825166 ] } },
{ "type": "Feature", "properties": { "内容": "ポジティブリーケアはま【認知症対応型共同生活介護】福岡県久留米市城島町浜２２６番地２", "url": "https://www.kaigokensaku.mhlw.go.jp/40/index.php?action_kouhyou_detail_004_kani=true&JigyosyoCd=4077800060-00&ServiceCd=320&Type=search", "url2": null }, "geometry": { "type": "Point", "coordinates": [ 130.430670599999985, 33.2670587 ] } },
{ "type": "Feature", "properties": { "内容": "グループホーム　北野【認知症対応型共同生活介護】福岡県久留米市北野町中　3201番地", "url": "https://www.kaigokensaku.mhlw.go.jp/40/index.php?action_kouhyou_detail_004_kani=true&JigyosyoCd=4091601643-00&ServiceCd=320&Type=search", "url2": "http://www.houseien.net/" }, "geometry": { "type": "Point", "coordinates": [ 130.586891504893487, 33.343771430162981 ] } },
{ "type": "Feature", "properties": { "内容": "ポジティブリーケアあおき【認知症対応型共同生活介護】城島町上青木262", "url": "https://www.kaigokensaku.mhlw.go.jp/40/index.php?action_kouhyou_detail_004_kani=true&JigyosyoCd=4091601874-00&ServiceCd=320&Type=search", "url2": null }, "geometry": { "type": "Point", "coordinates": [ 130.4121508, 33.2393389 ] } },
{ "type": "Feature", "properties": { "内容": "グループホーム王子苑【認知症対応型共同生活介護】福岡県直方市大字感田1040－4", "url": "https://www.kaigokensaku.mhlw.go.jp/40/index.php?action_kouhyou_detail_004_kani=true&JigyosyoCd=4071700555-00&ServiceCd=320&Type=search", "url2": "https://oujien.com/" }, "geometry": { "type": "Point", "coordinates": [ 130.739847599999962, 33.7634454 ] } },
{ "type": "Feature", "properties": { "内容": "グループホーム母屋【認知症対応型共同生活介護】福岡県直方市山部743-9", "url": "https://www.kaigokensaku.mhlw.go.jp/40/index.php?action_kouhyou_detail_004_kani=true&JigyosyoCd=4091700114-00&ServiceCd=320&Type=search", "url2": null }, "geometry": { "type": "Point", "coordinates": [ 130.719047100000012, 33.7480611 ] } },
{ "type": "Feature", "properties": { "内容": "グループホームひまわり【認知症対応型共同生活介護】直方市上境1595番地1", "url": "https://www.kaigokensaku.mhlw.go.jp/40/index.php?action_kouhyou_detail_004_kani=true&JigyosyoCd=4091700049-00&ServiceCd=320&Type=search", "url2": null }, "geometry": { "type": "Point", "coordinates": [ 130.750842599999942, 33.7242362 ] } },
{ "type": "Feature", "properties": { "内容": "グループホームなごみ直方【認知症対応型共同生活介護】福岡県直方市大字植木1534番地1", "url": "https://www.kaigokensaku.mhlw.go.jp/40/index.php?action_kouhyou_detail_004_kani=true&JigyosyoCd=4091700056-00&ServiceCd=320&Type=search", "url2": null }, "geometry": { "type": "Point", "coordinates": [ 130.7122104, 33.7724218 ] } },
{ "type": "Feature", "properties": { "内容": "グループホームみのりの郷【認知症対応型共同生活介護】福岡県直方市津田町５番２５号", "url": "https://www.kaigokensaku.mhlw.go.jp/40/index.php?action_kouhyou_detail_004_kani=true&JigyosyoCd=4071700696-00&ServiceCd=320&Type=search", "url2": "minorinosato.co.jp" }, "geometry": { "type": "Point", "coordinates": [ 130.7301463, 33.7477779 ] } },
{ "type": "Feature", "properties": { "内容": "グループホームはなれ【認知症対応型共同生活介護】福岡県直方市上境2614-3", "url": "https://www.kaigokensaku.mhlw.go.jp/40/index.php?action_kouhyou_detail_004_kani=true&JigyosyoCd=4091700064-00&ServiceCd=320&Type=search", "url2": null }, "geometry": { "type": "Point", "coordinates": [ 130.756486275671307, 33.732030396067096 ] } },
{ "type": "Feature", "properties": { "内容": "有限会社　グループホームみんなの家【認知症対応型共同生活介護】福岡県直方市大字上頓野３６３５番地１", "url": "https://www.kaigokensaku.mhlw.go.jp/40/index.php?action_kouhyou_detail_004_kani=true&JigyosyoCd=4071700571-00&ServiceCd=320&Type=search", "url2": null }, "geometry": { "type": "Point", "coordinates": [ 130.783246500000018, 33.7738478 ] } },
{ "type": "Feature", "properties": { "内容": "グループホームいこいの家【認知症対応型共同生活介護】福岡県直方市大字上頓野４６７６－２４", "url": "https://www.kaigokensaku.mhlw.go.jp/40/index.php?action_kouhyou_detail_004_kani=true&JigyosyoCd=4071700415-00&ServiceCd=320&Type=search", "url2": null }, "geometry": { "type": "Point", "coordinates": [ 130.766131500000029, 33.7717503 ] } },
{ "type": "Feature", "properties": { "内容": "グループホームめぐみ【認知症対応型共同生活介護】福岡県直方市頓野437-5", "url": "https://www.kaigokensaku.mhlw.go.jp/40/index.php?action_kouhyou_detail_004_kani=true&JigyosyoCd=4071700589-00&ServiceCd=320&Type=search", "url2": "https://keiwakai-group.or.jp/megumi/" }, "geometry": { "type": "Point", "coordinates": [ 130.7583634, 33.7485001 ] } },
{ "type": "Feature", "properties": { "内容": "ポジティブリーケアほなみ【認知症対応型共同生活介護】福岡県飯塚市枝国430番地2ポジティブリーケアほなみ", "url": "https://www.kaigokensaku.mhlw.go.jp/40/index.php?action_kouhyou_detail_004_kani=true&JigyosyoCd=4091800542-00&ServiceCd=320&Type=search", "url2": null }, "geometry": { "type": "Point", "coordinates": [ 130.67041, 33.6331453 ] } },
{ "type": "Feature", "properties": { "内容": "グループホームほほえみ頴田【認知症対応型共同生活介護】福岡県飯塚市勢田173-3", "url": "https://www.kaigokensaku.mhlw.go.jp/40/index.php?action_kouhyou_detail_004_kani=true&JigyosyoCd=4076400193-00&ServiceCd=320&Type=search", "url2": null }, "geometry": { "type": "Point", "coordinates": [ 130.736753, 33.6910726 ] } },
{ "type": "Feature", "properties": { "内容": "グループホームほりいけ【認知症対応型共同生活介護】福岡県飯塚市堀池２６８番地１", "url": "https://www.kaigokensaku.mhlw.go.jp/40/index.php?action_kouhyou_detail_004_kani=true&JigyosyoCd=4091800013-00&ServiceCd=320&Type=search", "url2": null }, "geometry": { "type": "Point", "coordinates": [ 130.681521299999986, 33.6250234 ] } },
{ "type": "Feature", "properties": { "内容": "グループホーム　陽楽【認知症対応型共同生活介護】福岡県飯塚市庄司１０２０番地１", "url": "https://www.kaigokensaku.mhlw.go.jp/40/index.php?action_kouhyou_detail_004_kani=true&JigyosyoCd=4071801213-00&ServiceCd=320&Type=search", "url2": "http://tadanosato.jp" }, "geometry": { "type": "Point", "coordinates": [ 130.6587889, 33.6847742 ] } },
{ "type": "Feature", "properties": { "内容": "グループホーム太陽の郷【認知症対応型共同生活介護】福岡県飯塚市鯰田５１６番地１７", "url": "https://www.kaigokensaku.mhlw.go.jp/40/index.php?action_kouhyou_detail_004_kani=true&JigyosyoCd=4091800195-00&ServiceCd=320&Type=search", "url2": "http://www.taiyonosato.jp" }, "geometry": { "type": "Point", "coordinates": [ 130.7100517, 33.6666106 ] } },
{ "type": "Feature", "properties": { "内容": "グループホーム　　ふるさと【認知症対応型共同生活介護】福岡県飯塚市綱分870番地26", "url": "https://www.kaigokensaku.mhlw.go.jp/40/index.php?action_kouhyou_detail_004_kani=true&JigyosyoCd=4091800211-00&ServiceCd=320&Type=search", "url2": "gh_hurusato@yahoo.co.jp" }, "geometry": { "type": "Point", "coordinates": [ 130.732378499999982, 33.6362979 ] } },
{ "type": "Feature", "properties": { "内容": "グループホームさくら【認知症対応型共同生活介護】福岡県飯塚市秋松709番地11", "url": "https://www.kaigokensaku.mhlw.go.jp/40/index.php?action_kouhyou_detail_004_kani=true&JigyosyoCd=4076200296-00&ServiceCd=320&Type=search", "url2": null }, "geometry": { "type": "Point", "coordinates": [ 130.673452600000019, 33.6239649 ] } },
{ "type": "Feature", "properties": { "内容": "グループホーム陽楽みずゑ【認知症対応型共同生活介護】福岡県飯塚市川津87番地3", "url": "https://www.kaigokensaku.mhlw.go.jp/40/index.php?action_kouhyou_detail_004_kani=true&JigyosyoCd=4091800146-00&ServiceCd=320&Type=search", "url2": "http://tadanosato/jp" }, "geometry": { "type": "Point", "coordinates": [ 130.6807341, 33.6562755 ] } },
{ "type": "Feature", "properties": { "内容": "グループホーム　椿の里【認知症対応型共同生活介護】福岡県飯塚市椿623番地20", "url": "https://www.kaigokensaku.mhlw.go.jp/40/index.php?action_kouhyou_detail_004_kani=true&JigyosyoCd=4076200205-00&ServiceCd=320&Type=search", "url2": "http://tbk-en.jp" }, "geometry": { "type": "Point", "coordinates": [ 130.651936181614673, 33.618618270215521 ] } },
{ "type": "Feature", "properties": { "内容": "グループホーム　わかつき菰田【認知症対応型共同生活介護】福岡県飯塚市菰田１４２番地１", "url": "https://www.kaigokensaku.mhlw.go.jp/40/index.php?action_kouhyou_detail_004_kani=true&JigyosyoCd=4071800314-00&ServiceCd=320&Type=search", "url2": "https://akariya.ltd/" }, "geometry": { "type": "Point", "coordinates": [ 130.693278599999985, 33.6273262 ] } },
{ "type": "Feature", "properties": { "内容": "グループホーム「ひより」【認知症対応型共同生活介護】福岡県飯塚市上三緒１番地１１", "url": "https://www.kaigokensaku.mhlw.go.jp/40/index.php?action_kouhyou_detail_004_kani=true&JigyosyoCd=4091800104-00&ServiceCd=320&Type=search", "url2": null }, "geometry": { "type": "Point", "coordinates": [ 130.718465599999945, 33.6198963 ] } },
{ "type": "Feature", "properties": { "内容": "グループホーム向日葵【認知症対応型共同生活介護】福岡県飯塚市伊川1-1", "url": "https://www.kaigokensaku.mhlw.go.jp/40/index.php?action_kouhyou_detail_004_kani=true&JigyosyoCd=4091800500-00&ServiceCd=320&Type=search", "url2": "https://www.mare17519.co.jp/" }, "geometry": { "type": "Point", "coordinates": [ 130.6562619, 33.6509371 ] } },
{ "type": "Feature", "properties": { "内容": "グループホーム紫陽花【認知症対応型共同生活介護】福岡県飯塚市菰田西3-9-10", "url": "https://www.kaigokensaku.mhlw.go.jp/40/index.php?action_kouhyou_detail_004_kani=true&JigyosyoCd=4091800518-00&ServiceCd=320&Type=search", "url2": "https://www.mare17519.co.jp/" }, "geometry": { "type": "Point", "coordinates": [ 130.6881029, 33.6324947 ] } },
{ "type": "Feature", "properties": { "内容": "グループホームほほえみ【認知症対応型共同生活介護】福岡県飯塚市長尾928-6", "url": "https://www.kaigokensaku.mhlw.go.jp/40/index.php?action_kouhyou_detail_004_kani=true&JigyosyoCd=4076100108-00&ServiceCd=320&Type=search", "url2": null }, "geometry": { "type": "Point", "coordinates": [ 130.652451199999973, 33.5750104 ] } },
{ "type": "Feature", "properties": { "内容": "グループホーム　ふみの里【認知症対応型共同生活介護】福岡県飯塚市阿恵３６５番地７", "url": "https://www.kaigokensaku.mhlw.go.jp/40/index.php?action_kouhyou_detail_004_kani=true&JigyosyoCd=4076100181-00&ServiceCd=320&Type=search", "url2": null }, "geometry": { "type": "Point", "coordinates": [ 130.646295399999985, 33.5666453 ] } },
{ "type": "Feature", "properties": { "内容": "グリーンコープグループホーム飯塚・和（のどか）【認知症対応型共同生活介護】福岡県飯塚市潤野967番地13", "url": "https://www.kaigokensaku.mhlw.go.jp/40/index.php?action_kouhyou_detail_004_kani=true&JigyosyoCd=4091800237-00&ServiceCd=320&Type=search", "url2": "http//www.fukusi-greencoop.or.jp/" }, "geometry": { "type": "Point", "coordinates": [ 130.663797299999942, 33.6349136 ] } },
{ "type": "Feature", "properties": { "内容": "ポジティブリーケアえだくに【認知症対応型共同生活介護】福岡県飯塚市枝国439番地", "url": "https://www.kaigokensaku.mhlw.go.jp/40/index.php?action_kouhyou_detail_004_kani=true&JigyosyoCd=4091800559-00&ServiceCd=320&Type=search", "url2": null }, "geometry": { "type": "Point", "coordinates": [ 130.672092600000013, 33.6338141 ] } },
{ "type": "Feature", "properties": { "内容": "グル－プホ－ム心笑み　伊田【認知症対応型共同生活介護】福岡県田川市大字伊田3764番地1", "url": "https://www.kaigokensaku.mhlw.go.jp/40/index.php?action_kouhyou_detail_004_kani=true&JigyosyoCd=4071901591-00&ServiceCd=320&Type=search", "url2": null }, "geometry": { "type": "Point", "coordinates": [ 130.82374789727416, 33.648921230474976 ] } },
{ "type": "Feature", "properties": { "内容": "グループホーム夏吉園【認知症対応型共同生活介護】田川市大字夏吉3614-1", "url": "https://www.kaigokensaku.mhlw.go.jp/40/index.php?action_kouhyou_detail_004_kani=true&JigyosyoCd=4071900940-00&ServiceCd=320&Type=search", "url2": null }, "geometry": { "type": "Point", "coordinates": [ 130.814773400000036, 33.6789094 ] } },
{ "type": "Feature", "properties": { "内容": "医療法人吉峯医院　グループホーム日の出【認知症対応型共同生活介護】福岡県田川市新町２４番２４号", "url": "https://www.kaigokensaku.mhlw.go.jp/40/index.php?action_kouhyou_detail_004_kani=true&JigyosyoCd=4071900924-00&ServiceCd=320&Type=search", "url2": null }, "geometry": { "type": "Point", "coordinates": [ 130.811330099999964, 33.6448624 ] } },
{ "type": "Feature", "properties": { "内容": "グループホーム　サンホーム【認知症対応型共同生活介護】田川市大字川宮1711番地29", "url": "https://www.kaigokensaku.mhlw.go.jp/40/index.php?action_kouhyou_detail_004_kani=true&JigyosyoCd=4071900866-00&ServiceCd=320&Type=search", "url2": null }, "geometry": { "type": "Point", "coordinates": [ 130.801906559034393, 33.648651734140138 ] } },
{ "type": "Feature", "properties": { "内容": "グループホーム見立【認知症対応型共同生活介護】福岡県田川市大字弓削田3251", "url": "https://www.kaigokensaku.mhlw.go.jp/40/index.php?action_kouhyou_detail_004_kani=true&JigyosyoCd=4071900791-00&ServiceCd=320&Type=search", "url2": null }, "geometry": { "type": "Point", "coordinates": [ 130.775628099999949, 33.63708740000002 ] } },
{ "type": "Feature", "properties": { "内容": "グループホームやすらぎ【認知症対応型共同生活介護】福岡県田川市大字伊田426番地", "url": "https://www.kaigokensaku.mhlw.go.jp/40/index.php?action_kouhyou_detail_004_kani=true&JigyosyoCd=4071901153-00&ServiceCd=320&Type=search", "url2": null }, "geometry": { "type": "Point", "coordinates": [ 130.837658899999951, 33.6417106 ] } },
{ "type": "Feature", "properties": { "内容": "グループホーム　老花家【認知症対応型共同生活介護】福岡県田川市大字伊田２５８５番地４", "url": "https://www.kaigokensaku.mhlw.go.jp/40/index.php?action_kouhyou_detail_004_kani=true&JigyosyoCd=4091900052-00&ServiceCd=320&Type=search", "url2": "http://sinyoukai.com" }, "geometry": { "type": "Point", "coordinates": [ 130.818816804785115, 33.6386852210006 ] } },
{ "type": "Feature", "properties": { "内容": "いきいきハウス日吉町【認知症対応型共同生活介護】福岡県田川市大字糒2264－1", "url": "https://www.kaigokensaku.mhlw.go.jp/40/index.php?action_kouhyou_detail_004_kani=true&JigyosyoCd=4071900908-00&ServiceCd=320&Type=search", "url2": "https://bestcare-company.com/" }, "geometry": { "type": "Point", "coordinates": [ 130.792416340058907, 33.660484037347217 ] } },
{ "type": "Feature", "properties": { "内容": "グループホーム　めぐみの里【認知症対応型共同生活介護】田川市夏吉364番地", "url": "https://www.kaigokensaku.mhlw.go.jp/40/index.php?action_kouhyou_detail_004_kani=true&JigyosyoCd=4071900833-00&ServiceCd=320&Type=search", "url2": null }, "geometry": { "type": "Point", "coordinates": [ 130.820579, 33.65557 ] } },
{ "type": "Feature", "properties": { "内容": "グループホーム　愛の里　白寿荘【認知症対応型共同生活介護】福岡県田川市大字奈良1534-31", "url": "https://www.kaigokensaku.mhlw.go.jp/40/index.php?action_kouhyou_detail_004_kani=true&JigyosyoCd=4071901179-00&ServiceCd=320&Type=search", "url2": "http://ainosato.jp" }, "geometry": { "type": "Point", "coordinates": [ 130.813864, 33.6206206 ] } },
{ "type": "Feature", "properties": { "内容": "グループホームまほろば【認知症対応型共同生活介護】福岡県柳川市三橋町正行351", "url": "https://www.kaigokensaku.mhlw.go.jp/40/index.php?action_kouhyou_detail_004_kani=true&JigyosyoCd=4078900216-00&ServiceCd=320&Type=search", "url2": "http://www.geocities.jp/mahoroba_yuwa/" }, "geometry": { "type": "Point", "coordinates": [ 130.431164399999943, 33.1687334 ] } },
{ "type": "Feature", "properties": { "内容": "グループホーム　太乙【認知症対応型共同生活介護】福岡県柳川市大和町豊原669", "url": "https://www.kaigokensaku.mhlw.go.jp/40/index.php?action_kouhyou_detail_004_kani=true&JigyosyoCd=4092000175-00&ServiceCd=320&Type=search", "url2": null }, "geometry": { "type": "Point", "coordinates": [ 130.425860426074337, 33.14394234750813 ] } },
{ "type": "Feature", "properties": { "内容": "グループホーム　合歓の木【認知症対応型共同生活介護】福岡県柳川市久々原４４番地２", "url": "https://www.kaigokensaku.mhlw.go.jp/40/index.php?action_kouhyou_detail_004_kani=true&JigyosyoCd=4092000084-00&ServiceCd=320&Type=search", "url2": "http://kaneko-hp.or.jp" }, "geometry": { "type": "Point", "coordinates": [ 130.382966900000042, 33.1690625 ] } },
{ "type": "Feature", "properties": { "内容": "グループホーム敬和苑【認知症対応型共同生活介護】柳川市大和町栄220番地の2", "url": "https://www.kaigokensaku.mhlw.go.jp/40/index.php?action_kouhyou_detail_004_kani=true&JigyosyoCd=4078800101-00&ServiceCd=320&Type=search", "url2": "http://www.keiwaen.com/" }, "geometry": { "type": "Point", "coordinates": [ 130.428707199999963, 33.1341485 ] } },
{ "type": "Feature", "properties": { "内容": "グループホームゆとり庵【認知症対応型共同生活介護】福岡県柳川市田脇７６０－１", "url": "https://www.kaigokensaku.mhlw.go.jp/40/index.php?action_kouhyou_detail_004_kani=true&JigyosyoCd=4072000336-00&ServiceCd=320&Type=search", "url2": "www.ikushima.or.jp" }, "geometry": { "type": "Point", "coordinates": [ 130.375889467081493, 33.170607001218002 ] } },
{ "type": "Feature", "properties": { "内容": "社会福祉法人　やまと医正会　グループホーム第二敬和苑【認知症対応型共同生活介護】福岡県柳川市大和町塩塚1388-1", "url": "https://www.kaigokensaku.mhlw.go.jp/40/index.php?action_kouhyou_detail_004_kani=true&JigyosyoCd=4078800143-00&ServiceCd=320&Type=search", "url2": "dai2keiwaen@ia9.jfkeeper.ne.jp" }, "geometry": { "type": "Point", "coordinates": [ 130.434458144735686, 33.13654521170141 ] } },
{ "type": "Feature", "properties": { "内容": "グループホームほほえみの家【認知症対応型共同生活介護】福岡県柳川市三橋町木元３２１－１", "url": "https://www.kaigokensaku.mhlw.go.jp/40/index.php?action_kouhyou_detail_004_kani=true&JigyosyoCd=4092000068-00&ServiceCd=320&Type=search", "url2": null }, "geometry": { "type": "Point", "coordinates": [ 130.441452564834179, 33.178457301434783 ] } },
{ "type": "Feature", "properties": { "内容": "グループホーム　春【認知症対応型共同生活介護】福岡県柳川市西浜武1085-1", "url": "https://www.kaigokensaku.mhlw.go.jp/40/index.php?action_kouhyou_detail_004_kani=true&JigyosyoCd=4092000019-00&ServiceCd=320&Type=search", "url2": "ghharu@y-ｊkeikai.jｐ" }, "geometry": { "type": "Point", "coordinates": [ 130.386399799999907, 33.1699958 ] } },
{ "type": "Feature", "properties": { "内容": "グループホームつくだ【認知症対応型共同生活介護】福岡県柳川市佃町793番地1", "url": "https://www.kaigokensaku.mhlw.go.jp/40/index.php?action_kouhyou_detail_004_kani=true&JigyosyoCd=4072000443-00&ServiceCd=320&Type=search", "url2": "http://www.seiwakai.info" }, "geometry": { "type": "Point", "coordinates": [ 130.407472900000016, 33.1343645 ] } },
{ "type": "Feature", "properties": { "内容": "グループホーム桜の木【認知症対応型共同生活介護】福岡県柳川市矢加部230番地4", "url": "https://www.kaigokensaku.mhlw.go.jp/40/index.php?action_kouhyou_detail_004_kani=true&JigyosyoCd=4092000076-00&ServiceCd=320&Type=search", "url2": null }, "geometry": { "type": "Point", "coordinates": [ 130.415076799999952, 33.1819038 ] } },
{ "type": "Feature", "properties": { "内容": "グループホーム　生き活き参番館【認知症対応型共同生活介護】福岡県柳川市三橋町下百町２１７－５", "url": "https://www.kaigokensaku.mhlw.go.jp/40/index.php?action_kouhyou_detail_004_kani=true&JigyosyoCd=4092000100-00&ServiceCd=320&Type=search", "url2": "ikiikisanban@kmd.biglobe.ne.jp" }, "geometry": { "type": "Point", "coordinates": [ 130.422740439274122, 33.164278634003111 ] } },
{ "type": "Feature", "properties": { "内容": "グループホーム陽だまりの家【認知症対応型共同生活介護】福岡県八女市高塚212番地", "url": "https://www.kaigokensaku.mhlw.go.jp/40/index.php?action_kouhyou_detail_004_kani=true&JigyosyoCd=4092300237-00&ServiceCd=320&Type=search", "url2": null }, "geometry": { "type": "Point", "coordinates": [ 130.555028, 33.2039589 ] } },
{ "type": "Feature", "properties": { "内容": "グループホーム　野いちご弍番館【認知症対応型共同生活介護】福岡県　八女市　新庄　５６７－１", "url": "https://www.kaigokensaku.mhlw.go.jp/40/index.php?action_kouhyou_detail_004_kani=true&JigyosyoCd=4072300561-00&ServiceCd=320&Type=search", "url2": "http://noichigo.fukuoka.jp/" }, "geometry": { "type": "Point", "coordinates": [ 130.53805710000006, 33.1979381 ] } },
{ "type": "Feature", "properties": { "内容": "グループホームこよみ【認知症対応型共同生活介護】福岡県八女市黒木町本分1405番地", "url": "https://www.kaigokensaku.mhlw.go.jp/40/index.php?action_kouhyou_detail_004_kani=true&JigyosyoCd=4078100114-00&ServiceCd=320&Type=search", "url2": "koyomi-kurogi.com" }, "geometry": { "type": "Point", "coordinates": [ 130.655569799999967, 33.2140188 ] } },
{ "type": "Feature", "properties": { "内容": "社会福祉法人　南八女福祉会　グループホーム春の山【認知症対応型共同生活介護】福岡県　八女市　上陽町　北川内　182番地1", "url": "https://www.kaigokensaku.mhlw.go.jp/40/index.php?action_kouhyou_detail_004_kani=true&JigyosyoCd=4092300088-00&ServiceCd=320&Type=search", "url2": null }, "geometry": { "type": "Point", "coordinates": [ 130.635209440414428, 33.236525298032014 ] } },
{ "type": "Feature", "properties": { "内容": "グループホーム　野いちご【認知症対応型共同生活介護】福岡県　八女市　矢原　５１－１", "url": "https://www.kaigokensaku.mhlw.go.jp/40/index.php?action_kouhyou_detail_004_kani=true&JigyosyoCd=4072300355-00&ServiceCd=320&Type=search", "url2": "http://noichigo.fukuoka.jp/corporate-profile/" }, "geometry": { "type": "Point", "coordinates": [ 130.549717800000053, 33.1885781 ] } },
{ "type": "Feature", "properties": { "内容": "グループホーム　いずんじま【認知症対応型共同生活介護】福岡県八女市川犬1025番地", "url": "https://www.kaigokensaku.mhlw.go.jp/40/index.php?action_kouhyou_detail_004_kani=true&JigyosyoCd=4072300462-00&ServiceCd=320&Type=search", "url2": "http://myame-fukushi.com/" }, "geometry": { "type": "Point", "coordinates": [ 130.5395294, 33.1919665 ] } },
{ "type": "Feature", "properties": { "内容": "立花グループホームかつき苑【認知症対応型共同生活介護】福岡県八女市立花町山崎1918", "url": "https://www.kaigokensaku.mhlw.go.jp/40/index.php?action_kouhyou_detail_004_kani=true&JigyosyoCd=4078300094-00&ServiceCd=320&Type=search", "url2": "www.katukien.com/" }, "geometry": { "type": "Point", "coordinates": [ 130.574484799999937, 33.201941 ] } },
{ "type": "Feature", "properties": { "内容": "星寿園グループホームほしのさと【認知症対応型共同生活介護】福岡県八女市星野村10779-7", "url": "https://www.kaigokensaku.mhlw.go.jp/40/index.php?action_kouhyou_detail_004_kani=true&JigyosyoCd=4092300054-00&ServiceCd=320&Type=search", "url2": "http://seijyuen.jp/" }, "geometry": { "type": "Point", "coordinates": [ 130.762395199999986, 33.2500476 ] } },
{ "type": "Feature", "properties": { "内容": "医療法人　正慈会　グループホームゆらり館【認知症対応型共同生活介護】福岡県八女市納楚446-1", "url": "https://www.kaigokensaku.mhlw.go.jp/40/index.php?action_kouhyou_detail_004_kani=true&JigyosyoCd=4072300397-00&ServiceCd=320&Type=search", "url2": null }, "geometry": { "type": "Point", "coordinates": [ 130.572253325794918, 33.214860024281755 ] } },
{ "type": "Feature", "properties": { "内容": "医療法人城戸医院グループホームけやき【認知症対応型共同生活介護】福岡県八女市室岡字中道１０９９番２デイサービス・グループホームけやき", "url": "https://www.kaigokensaku.mhlw.go.jp/40/index.php?action_kouhyou_detail_004_kani=true&JigyosyoCd=4072300553-00&ServiceCd=320&Type=search", "url2": "http://kidoiin.jp/" }, "geometry": { "type": "Point", "coordinates": [ 130.529262600000038, 33.2184997 ] } },
{ "type": "Feature", "properties": { "内容": "森の里グループホームたちばな【認知症対応型共同生活介護】福岡県八女市立花町白木610-1", "url": "https://www.kaigokensaku.mhlw.go.jp/40/index.php?action_kouhyou_detail_004_kani=true&JigyosyoCd=4078300128-00&ServiceCd=320&Type=search", "url2": "http://www.morinosato.org" }, "geometry": { "type": "Point", "coordinates": [ 130.562039899999945, 33.1628727 ] } },
{ "type": "Feature", "properties": { "内容": "グループホーム第２夢想園【認知症対応型共同生活介護】福岡県八女市黒木町土窪１８３２", "url": "https://www.kaigokensaku.mhlw.go.jp/40/index.php?action_kouhyou_detail_004_kani=true&JigyosyoCd=4098100011-00&ServiceCd=320&Type=search", "url2": null }, "geometry": { "type": "Point", "coordinates": [ 130.6393438, 33.2044167 ] } },
{ "type": "Feature", "properties": { "内容": "グループホーム　フラワーハイム【認知症対応型共同生活介護】福岡県八女市立花町下辺春5460番地1", "url": "https://www.kaigokensaku.mhlw.go.jp/40/index.php?action_kouhyou_detail_004_kani=true&JigyosyoCd=4078300169-00&ServiceCd=320&Type=search", "url2": "http://www.baikaen.jp" }, "geometry": { "type": "Point", "coordinates": [ 130.612825363280081, 33.194848505587238 ] } },
{ "type": "Feature", "properties": { "内容": "ポジティブリーケア立花【認知症対応型共同生活介護】福岡県八女市立花町白木610-1", "url": "https://www.kaigokensaku.mhlw.go.jp/40/index.php?action_kouhyou_detail_004_kani=true&JigyosyoCd=4092300302-00&ServiceCd=320&Type=search", "url2": "rehealthia-corp.com" }, "geometry": { "type": "Point", "coordinates": [ 130.56212690000001, 33.1628518 ] } },
{ "type": "Feature", "properties": { "内容": "グループホーム　AGLINK【認知症対応型共同生活介護】福岡県八女市黒木町桑原277番地1", "url": "https://www.kaigokensaku.mhlw.go.jp/40/index.php?action_kouhyou_detail_004_kani=true&JigyosyoCd=4092300278-00&ServiceCd=320&Type=search", "url2": null }, "geometry": { "type": "Point", "coordinates": [ 130.6654536, 33.2107459 ] } },
{ "type": "Feature", "properties": { "内容": "グループホームひかり【認知症対応型共同生活介護】福岡県筑後市尾島５１０番地１", "url": "https://www.kaigokensaku.mhlw.go.jp/40/index.php?action_kouhyou_detail_004_kani=true&JigyosyoCd=4072400320-00&ServiceCd=320&Type=search", "url2": "https://meichikukai.net/" }, "geometry": { "type": "Point", "coordinates": [ 130.500868299999979, 33.1907077 ] } },
{ "type": "Feature", "properties": { "内容": "グループホームのぞみ【認知症対応型共同生活介護】福岡県筑後市大字志１２６－３", "url": "https://www.kaigokensaku.mhlw.go.jp/40/index.php?action_kouhyou_detail_004_kani=true&JigyosyoCd=4092400011-00&ServiceCd=320&Type=search", "url2": "http://www.youzankai.net/gh-nozomi/" }, "geometry": { "type": "Point", "coordinates": [ 130.4980908, 33.1851139 ] } },
{ "type": "Feature", "properties": { "内容": "グループホーム　こすも【認知症対応型共同生活介護】福岡県筑後市大字高江72番地", "url": "https://www.kaigokensaku.mhlw.go.jp/40/index.php?action_kouhyou_detail_004_kani=true&JigyosyoCd=4072400312-00&ServiceCd=320&Type=search", "url2": "https://e-cosmo.jp/" }, "geometry": { "type": "Point", "coordinates": [ 130.47698319999995, 33.2239924 ] } },
{ "type": "Feature", "properties": { "内容": "グループホーム　さくらそう【認知症対応型共同生活介護】福岡県筑後市大字西牟田6028-1", "url": "https://www.kaigokensaku.mhlw.go.jp/40/index.php?action_kouhyou_detail_004_kani=true&JigyosyoCd=4092400078-00&ServiceCd=320&Type=search", "url2": "http:/sakuraen.biz/sakura_oka/sakuraoka-top.hrml" }, "geometry": { "type": "Point", "coordinates": [ 130.49981159999993, 33.2400159 ] } },
{ "type": "Feature", "properties": { "内容": "グループホーム　野の花【認知症対応型共同生活介護】福岡県筑後市大字前津1417-1", "url": "https://www.kaigokensaku.mhlw.go.jp/40/index.php?action_kouhyou_detail_004_kani=true&JigyosyoCd=4092400102-00&ServiceCd=320&Type=search", "url2": null }, "geometry": { "type": "Point", "coordinates": [ 130.5095695, 33.2266205 ] } },
{ "type": "Feature", "properties": { "内容": "医療法人　城戸医院　グループホーム　ぶどうの樹【認知症対応型共同生活介護】福岡県筑後市大字久富667-3", "url": "https://www.kaigokensaku.mhlw.go.jp/40/index.php?action_kouhyou_detail_004_kani=true&JigyosyoCd=4092400029-00&ServiceCd=320&Type=search", "url2": "http://www.k5.dion.ne.jp/~kido-iin" }, "geometry": { "type": "Point", "coordinates": [ 130.491838, 33.2172544 ] } },
{ "type": "Feature", "properties": { "内容": "グループホーム　南十字星【認知症対応型共同生活介護】福岡県筑後市熊野1335‐5", "url": "https://www.kaigokensaku.mhlw.go.jp/40/index.php?action_kouhyou_detail_004_kani=true&JigyosyoCd=4092400144-00&ServiceCd=320&Type=search", "url2": null }, "geometry": { "type": "Point", "coordinates": [ 130.498681890213021, 33.227286892435735 ] } },
{ "type": "Feature", "properties": { "内容": "グループホーム野の花【認知症対応型共同生活介護】福岡県筑後市大字前津1417-1", "url": "https://www.kaigokensaku.mhlw.go.jp/40/index.php?action_kouhyou_detail_004_kani=true&JigyosyoCd=4092400177-00&ServiceCd=320&Type=search", "url2": null }, "geometry": { "type": "Point", "coordinates": [ 130.509367700000013, 33.226276 ] } },
{ "type": "Feature", "properties": { "内容": "グループホーム　さざん家【認知症対応型共同生活介護】筑後市大字熊野１２４－３", "url": "https://www.kaigokensaku.mhlw.go.jp/40/index.php?action_kouhyou_detail_004_kani=true&JigyosyoCd=4072400346-00&ServiceCd=320&Type=search", "url2": "http://care-net.biz/40/sazanka" }, "geometry": { "type": "Point", "coordinates": [ 130.510749799999985, 33.2310005 ] } },
{ "type": "Feature", "properties": { "内容": "グループホーム　いこいの家【認知症対応型共同生活介護】福岡県大川市大字道海島６６０－１", "url": "https://www.kaigokensaku.mhlw.go.jp/40/index.php?action_kouhyou_detail_004_kani=true&JigyosyoCd=4072500343-00&ServiceCd=320&Type=search", "url2": "http://www.eijunosato.com" }, "geometry": { "type": "Point", "coordinates": [ 130.378808299999946, 33.2355165 ] } },
{ "type": "Feature", "properties": { "内容": "医）福田病院　グループホーム　スマイルライフ【認知症対応型共同生活介護】福岡県大川市大字向島1051-2", "url": "https://www.kaigokensaku.mhlw.go.jp/40/index.php?action_kouhyou_detail_004_kani=true&JigyosyoCd=4072500475-00&ServiceCd=320&Type=search", "url2": null }, "geometry": { "type": "Point", "coordinates": [ 130.375881, 33.2163878 ] } },
{ "type": "Feature", "properties": { "内容": "グループホーム　いこいの家鐘ヶ江【認知症対応型共同生活介護】福岡県大川市大字鐘ヶ江２４９－１", "url": "https://www.kaigokensaku.mhlw.go.jp/40/index.php?action_kouhyou_detail_004_kani=true&JigyosyoCd=4072500517-00&ServiceCd=320&Type=search", "url2": "http//www.eijyunosato.com" }, "geometry": { "type": "Point", "coordinates": [ 130.39079270000002, 33.2330504 ] } },
{ "type": "Feature", "properties": { "内容": "グループホーム　第二こすもす【認知症対応型共同生活介護】福岡県大川市大字津390番地9", "url": "https://www.kaigokensaku.mhlw.go.jp/40/index.php?action_kouhyou_detail_004_kani=true&JigyosyoCd=4072500392-00&ServiceCd=320&Type=search", "url2": "http://care-net-.biz/40/ookawakakureikai/" }, "geometry": { "type": "Point", "coordinates": [ 130.373545299999932, 33.2023975 ] } },
{ "type": "Feature", "properties": { "内容": "グループホーム　こすもす苑【認知症対応型共同生活介護】福岡県大川市大字大野島855番地", "url": "https://www.kaigokensaku.mhlw.go.jp/40/index.php?action_kouhyou_detail_004_kani=true&JigyosyoCd=4072500509-00&ServiceCd=320&Type=search", "url2": "http://care.net.biz/40/ookawakakureikai/" }, "geometry": { "type": "Point", "coordinates": [ 130.341974100000016, 33.204883 ] } },
{ "type": "Feature", "properties": { "内容": "グループホーム大川【認知症対応型共同生活介護】福岡県大川市大字榎津160番地1ケアサポートハウス大川", "url": "https://www.kaigokensaku.mhlw.go.jp/40/index.php?action_kouhyou_detail_004_kani=true&JigyosyoCd=4072500285-00&ServiceCd=320&Type=search", "url2": "htttp://csh-okawa.or.jp/" }, "geometry": { "type": "Point", "coordinates": [ 130.380599699999948, 33.2053472 ] } },
{ "type": "Feature", "properties": { "内容": "グループホーム　松寿苑【認知症対応型共同生活介護】大川市大字本木室1005-8", "url": "https://www.kaigokensaku.mhlw.go.jp/40/index.php?action_kouhyou_detail_004_kani=true&JigyosyoCd=4072500483-00&ServiceCd=320&Type=search", "url2": "www.shoujuen-okawa.com" }, "geometry": { "type": "Point", "coordinates": [ 130.396936735581903, 33.217721894512501 ] } },
{ "type": "Feature", "properties": { "内容": "グループホーム　真心【認知症対応型共同生活介護】福岡県行橋市道場寺１２７４－１", "url": "https://www.kaigokensaku.mhlw.go.jp/40/index.php?action_kouhyou_detail_004_kani=true&JigyosyoCd=4092600057-00&ServiceCd=320&Type=search", "url2": null }, "geometry": { "type": "Point", "coordinates": [ 131.016984699999966, 33.6851392 ] } },
{ "type": "Feature", "properties": { "内容": "みやこの苑グループホーム【認知症対応型共同生活介護】行橋市大字二塚584番地", "url": "https://www.kaigokensaku.mhlw.go.jp/40/index.php?action_kouhyou_detail_004_kani=true&JigyosyoCd=4072600408-00&ServiceCd=320&Type=search", "url2": "http://miyako-no-sono.or.jp/" }, "geometry": { "type": "Point", "coordinates": [ 130.937070700000049, 33.7282054 ] } },
{ "type": "Feature", "properties": { "内容": "グループホーム楽生縁【認知症対応型共同生活介護】福岡県行橋市大字東徳永167-6", "url": "https://www.kaigokensaku.mhlw.go.jp/40/index.php?action_kouhyou_detail_004_kani=true&JigyosyoCd=4092600149-00&ServiceCd=320&Type=search", "url2": null }, "geometry": { "type": "Point", "coordinates": [ 131.00728, 33.6862694 ] } },
{ "type": "Feature", "properties": { "内容": "株式会社さわやか倶楽部グループホームあおいうみ【認知症対応型共同生活介護】福岡県行橋市西宮市１丁目１２番３３号", "url": "https://www.kaigokensaku.mhlw.go.jp/40/index.php?action_kouhyou_detail_004_kani=true&JigyosyoCd=4092600040-00&ServiceCd=320&Type=search", "url2": "http://www.sawayakaclub.jp" }, "geometry": { "type": "Point", "coordinates": [ 130.965499099999988, 33.7297249 ] } },
{ "type": "Feature", "properties": { "内容": "ふくし生協けいちく事業所　グループホームほのぼの【認知症対応型共同生活介護】福岡県行橋市南泉１丁目35-4", "url": "https://www.kaigokensaku.mhlw.go.jp/40/index.php?action_kouhyou_detail_004_kani=true&JigyosyoCd=4092600164-00&ServiceCd=320&Type=search", "url2": "https://www.fukushiseikyou.jp" }, "geometry": { "type": "Point", "coordinates": [ 130.970277329360897, 33.702728777927938 ] } },
{ "type": "Feature", "properties": { "内容": "グループホームコスモス今川【認知症対応型共同生活介護】福岡県行橋市大字大野井４７７－１", "url": "https://www.kaigokensaku.mhlw.go.jp/40/index.php?action_kouhyou_detail_004_kani=true&JigyosyoCd=4072600903-00&ServiceCd=320&Type=search", "url2": null }, "geometry": { "type": "Point", "coordinates": [ 130.960855600000059, 33.7131295 ] } },
{ "type": "Feature", "properties": { "内容": "グループホームコスモス今元【認知症対応型共同生活介護】今井3138－1", "url": "https://www.kaigokensaku.mhlw.go.jp/40/index.php?action_kouhyou_detail_004_kani=true&JigyosyoCd=4092600081-00&ServiceCd=320&Type=search", "url2": null }, "geometry": { "type": "Point", "coordinates": [ 131.003148399999986, 33.7337204 ] } },
{ "type": "Feature", "properties": { "内容": "グループホーム　つるとかめ【認知症対応型共同生活介護】福岡県行橋市東大橋1丁目3-10", "url": "https://www.kaigokensaku.mhlw.go.jp/40/index.php?action_kouhyou_detail_004_kani=true&JigyosyoCd=4072600713-00&ServiceCd=320&Type=search", "url2": null }, "geometry": { "type": "Point", "coordinates": [ 130.9861277, 33.7342695 ] } },
{ "type": "Feature", "properties": { "内容": "グループホーム　来夢【認知症対応型共同生活介護】福岡県行橋市道場寺1250番地", "url": "https://www.kaigokensaku.mhlw.go.jp/40/index.php?action_kouhyou_detail_004_kani=true&JigyosyoCd=4092600115-00&ServiceCd=320&Type=search", "url2": null }, "geometry": { "type": "Point", "coordinates": [ 131.014690299999984, 33.6904746 ] } },
{ "type": "Feature", "properties": { "内容": "グループホーム愛の家【認知症対応型共同生活介護】行橋市流末1277-3", "url": "https://www.kaigokensaku.mhlw.go.jp/40/index.php?action_kouhyou_detail_004_kani=true&JigyosyoCd=4072600614-00&ServiceCd=320&Type=search", "url2": "http://kyouseinosato.or.jp" }, "geometry": { "type": "Point", "coordinates": [ 130.964723165820118, 33.702078053199649 ] } },
{ "type": "Feature", "properties": { "内容": "グループホームほうらい【認知症対応型共同生活介護】福岡県豊前市大字今市１３５－１", "url": "https://www.kaigokensaku.mhlw.go.jp/40/index.php?action_kouhyou_detail_004_kani=true&JigyosyoCd=4072700380-00&ServiceCd=320&Type=search", "url2": "http://www.houraisannsou.com" }, "geometry": { "type": "Point", "coordinates": [ 131.126412800000026, 33.6130985 ] } },
{ "type": "Feature", "properties": { "内容": "グループホームあやめ【認知症対応型共同生活介護】福岡県豊前市大字三毛門1348番地1", "url": "https://www.kaigokensaku.mhlw.go.jp/40/index.php?action_kouhyou_detail_004_kani=true&JigyosyoCd=4092700097-00&ServiceCd=320&Type=search", "url2": "http://buzen-tomeikai.com" }, "geometry": { "type": "Point", "coordinates": [ 131.159833892898519, 33.61583213040992 ] } },
{ "type": "Feature", "properties": { "内容": "なごみ園グループホーム【認知症対応型共同生活介護】福岡県豊前市大字三毛門914番地1", "url": "https://www.kaigokensaku.mhlw.go.jp/40/index.php?action_kouhyou_detail_004_kani=true&JigyosyoCd=4092700063-00&ServiceCd=320&Type=search", "url2": "care-net.biz/40/nagomien/index.php" }, "geometry": { "type": "Point", "coordinates": [ 131.1531357, 33.6108977 ] } },
{ "type": "Feature", "properties": { "内容": "グループホーム望海荘【認知症対応型共同生活介護】福岡県豊前市大字松江690番10", "url": "https://www.kaigokensaku.mhlw.go.jp/40/index.php?action_kouhyou_detail_004_kani=true&JigyosyoCd=4072700372-00&ServiceCd=320&Type=search", "url2": "http://bokaiso.jp/" }, "geometry": { "type": "Point", "coordinates": [ 131.087464731954952, 33.614390893187462 ] } },
{ "type": "Feature", "properties": { "内容": "グループホームさくら【認知症対応型共同生活介護】福岡県中間市中尾三丁目10－25", "url": "https://www.kaigokensaku.mhlw.go.jp/40/index.php?action_kouhyou_detail_004_kani=true&JigyosyoCd=4072800321-00&ServiceCd=320&Type=search", "url2": null }, "geometry": { "type": "Point", "coordinates": [ 130.7165652, 33.8136142 ] } },
{ "type": "Feature", "properties": { "内容": "グループホーム希望の郷なかま【認知症対応型共同生活介護】福岡県中間市朝霧３丁目１０－１５", "url": "https://www.kaigokensaku.mhlw.go.jp/40/index.php?action_kouhyou_detail_004_kani=true&JigyosyoCd=4092800020-00&ServiceCd=320&Type=search", "url2": "https://care-net.biz/40/kibounosato/" }, "geometry": { "type": "Point", "coordinates": [ 130.732899800000041, 33.8154921 ] } },
{ "type": "Feature", "properties": { "内容": "グループホーム　たなごころ【認知症対応型共同生活介護】福岡県中間市岩瀬４丁目１３－２", "url": "https://www.kaigokensaku.mhlw.go.jp/40/index.php?action_kouhyou_detail_004_kani=true&JigyosyoCd=4092800061-00&ServiceCd=320&Type=search", "url2": "https://www.facebook.com/group.home.tanagokoro" }, "geometry": { "type": "Point", "coordinates": [ 130.708859935582041, 33.835093655919565 ] } },
{ "type": "Feature", "properties": { "内容": "グル－プホ－ムほのぼの【認知症対応型共同生活介護】福岡県中間市蓮花寺３丁目２１－３", "url": "https://www.kaigokensaku.mhlw.go.jp/40/index.php?action_kouhyou_detail_004_kani=true&JigyosyoCd=4092800087-00&ServiceCd=320&Type=search", "url2": null }, "geometry": { "type": "Point", "coordinates": [ 130.7156953, 33.831001 ] } },
{ "type": "Feature", "properties": { "内容": "グループホームなかお【認知症対応型共同生活介護】福岡県中間市中尾1丁目11番17号", "url": "https://www.kaigokensaku.mhlw.go.jp/40/index.php?action_kouhyou_detail_004_kani=true&JigyosyoCd=4092800111-00&ServiceCd=320&Type=search", "url2": null }, "geometry": { "type": "Point", "coordinates": [ 130.714809800000012, 33.8159195 ] } },
{ "type": "Feature", "properties": { "内容": "グループホームかえで中間【認知症対応型共同生活介護】福岡県中間市大字上底井野1675-1", "url": "https://www.kaigokensaku.mhlw.go.jp/40/index.php?action_kouhyou_detail_004_kani=true&JigyosyoCd=4092800145-00&ServiceCd=320&Type=search", "url2": null }, "geometry": { "type": "Point", "coordinates": [ 130.687967, 33.8177162 ] } },
{ "type": "Feature", "properties": { "内容": "グループホーム砂山【認知症対応型共同生活介護】福岡県中間市大字垣生字九反間１５５８－１", "url": "https://www.kaigokensaku.mhlw.go.jp/40/index.php?action_kouhyou_detail_004_kani=true&JigyosyoCd=4092800012-00&ServiceCd=320&Type=search", "url2": "http://futaba-sunayama.jp/" }, "geometry": { "type": "Point", "coordinates": [ 130.689914400000021, 33.8270702 ] } },
{ "type": "Feature", "properties": { "内容": "グループホーム　美鈴ヶ丘【認知症対応型共同生活介護】福岡県小郡市三沢5430", "url": "https://www.kaigokensaku.mhlw.go.jp/40/index.php?action_kouhyou_detail_004_kani=true&JigyosyoCd=4072900303-00&ServiceCd=320&Type=search", "url2": "http://www.chouseikai.jp" }, "geometry": { "type": "Point", "coordinates": [ 130.547798958877621, 33.432807942703803 ] } },
{ "type": "Feature", "properties": { "内容": "グループホーム　まつざきの宿【認知症対応型共同生活介護】小郡市松崎字福泉塚476-1", "url": "https://www.kaigokensaku.mhlw.go.jp/40/index.php?action_kouhyou_detail_004_kani=true&JigyosyoCd=4072900352-00&ServiceCd=320&Type=search", "url2": "http://www.chouseikai.jp" }, "geometry": { "type": "Point", "coordinates": [ 130.585960300000011, 33.3960852 ] } },
{ "type": "Feature", "properties": { "内容": "社会福祉法人長生会　グループホームあずま野【認知症対応型共同生活介護】福岡県小郡市小郡字東野2482-2", "url": "https://www.kaigokensaku.mhlw.go.jp/40/index.php?action_kouhyou_detail_004_kani=true&JigyosyoCd=4092900085-00&ServiceCd=320&Type=search", "url2": "http://www.chouseikai.jp/" }, "geometry": { "type": "Point", "coordinates": [ 130.552495537295471, 33.407621187377615 ] } },
{ "type": "Feature", "properties": { "内容": "グループホームさくら２番館【認知症対応型共同生活介護】福岡県小郡市八坂489-1", "url": "https://www.kaigokensaku.mhlw.go.jp/40/index.php?action_kouhyou_detail_004_kani=true&JigyosyoCd=4092900101-00&ServiceCd=320&Type=search", "url2": "http://hijirikai.com" }, "geometry": { "type": "Point", "coordinates": [ 130.560577299999977, 33.367044 ] } },
{ "type": "Feature", "properties": { "内容": "グループホーム　大原苑【認知症対応型共同生活介護】福岡県小郡市大板井３９１－３６", "url": "https://www.kaigokensaku.mhlw.go.jp/40/index.php?action_kouhyou_detail_004_kani=true&JigyosyoCd=4072900337-00&ServiceCd=320&Type=search", "url2": "http://www1.bbiq.jp/gh-oohara/" }, "geometry": { "type": "Point", "coordinates": [ 130.559768299999973, 33.4007492 ] } },
{ "type": "Feature", "properties": { "内容": "グループホーム　くろつちの杜【認知症対応型共同生活介護】福岡県小郡市井上５１６－１番地", "url": "https://www.kaigokensaku.mhlw.go.jp/40/index.php?action_kouhyou_detail_004_kani=true&JigyosyoCd=4072900295-00&ServiceCd=320&Type=search", "url2": "http://www.mikku.co.jp/seijuen/" }, "geometry": { "type": "Point", "coordinates": [ 130.577172099999984, 33.405801 ] } },
{ "type": "Feature", "properties": { "内容": "グループホーム風のふく丘Ⅱ【認知症対応型共同生活介護】福岡県小郡市吹上６９４番地１", "url": "https://www.kaigokensaku.mhlw.go.jp/40/index.php?action_kouhyou_detail_004_kani=true&JigyosyoCd=4072900329-00&ServiceCd=320&Type=search", "url2": "http://www.kazenofukuoka.jp" }, "geometry": { "type": "Point", "coordinates": [ 130.58005490000005, 33.412653 ] } },
{ "type": "Feature", "properties": { "内容": "グループホーム幸【認知症対応型共同生活介護】小郡市寺福童949番地40", "url": "https://www.kaigokensaku.mhlw.go.jp/40/index.php?action_kouhyou_detail_004_kani=true&JigyosyoCd=4072900394-00&ServiceCd=320&Type=search", "url2": "http://tachiarai-kouseien.jp/" }, "geometry": { "type": "Point", "coordinates": [ 130.551365417365986, 33.389731902246048 ] } },
{ "type": "Feature", "properties": { "内容": "グループホーム風のふく丘【認知症対応型共同生活介護】小郡市干潟２０６１番地の２", "url": "https://www.kaigokensaku.mhlw.go.jp/40/index.php?action_kouhyou_detail_004_kani=true&JigyosyoCd=4072900287-00&ServiceCd=320&Type=search", "url2": "http://kazenofukuoka.jp" }, "geometry": { "type": "Point", "coordinates": [ 130.583049100000039, 33.4115725 ] } },
{ "type": "Feature", "properties": { "内容": "医療法人寿栄会　グループホーム笑顔【認知症対応型共同生活介護】小郡市三沢528-3", "url": "https://www.kaigokensaku.mhlw.go.jp/40/index.php?action_kouhyou_detail_004_kani=true&JigyosyoCd=4072900378-00&ServiceCd=320&Type=search", "url2": "egao@honma.or.jp" }, "geometry": { "type": "Point", "coordinates": [ 130.542464039350108, 33.414234223659335 ] } },
{ "type": "Feature", "properties": { "内容": "ピアッツァ桜台グループホーム【認知症対応型共同生活介護】福岡県筑紫野市大字常松４５６－２", "url": "https://www.kaigokensaku.mhlw.go.jp/40/index.php?action_kouhyou_detail_004_kani=true&JigyosyoCd=4073000608-00&ServiceCd=320&Type=search", "url2": "http://www.maki.or.jp" }, "geometry": { "type": "Point", "coordinates": [ 130.540428978048681, 33.470326906387903 ] } },
{ "type": "Feature", "properties": { "内容": "グループホームおもやい【認知症対応型共同生活介護】福岡県筑紫野市大字西小田991番地の1", "url": "https://www.kaigokensaku.mhlw.go.jp/40/index.php?action_kouhyou_detail_004_kani=true&JigyosyoCd=4093000042-00&ServiceCd=320&Type=search", "url2": "www.seiwa-kai.com" }, "geometry": { "type": "Point", "coordinates": [ 130.568493600000011, 33.4453443 ] } },
{ "type": "Feature", "properties": { "内容": "医療法人徳洲会　グループホームあんしん【認知症対応型共同生活介護】福岡県筑紫野市武蔵五丁目３番２３号", "url": "https://www.kaigokensaku.mhlw.go.jp/40/index.php?action_kouhyou_detail_004_kani=true&JigyosyoCd=4093000091-00&ServiceCd=320&Type=search", "url2": "http://www.futsukaichi.tokushukai.or.jp/" }, "geometry": { "type": "Point", "coordinates": [ 130.519163688963317, 33.481101359731454 ] } },
{ "type": "Feature", "properties": { "内容": "グループホームさわやかテラス【認知症対応型共同生活介護】福岡県筑紫野市俗明院1丁目13番5号", "url": "https://www.kaigokensaku.mhlw.go.jp/40/index.php?action_kouhyou_detail_004_kani=true&JigyosyoCd=4073000426-00&ServiceCd=320&Type=search", "url2": "http://care-net.biz/40/welfare-sawayaka/" }, "geometry": { "type": "Point", "coordinates": [ 130.5344907, 33.480425600000018 ] } },
{ "type": "Feature", "properties": { "内容": "グループホーム　我楽ちくしの【認知症対応型共同生活介護】福岡県筑紫野市大字山口８６５－１", "url": "https://www.kaigokensaku.mhlw.go.jp/40/index.php?action_kouhyou_detail_004_kani=true&JigyosyoCd=4073000491-00&ServiceCd=320&Type=search", "url2": "http://www.koureisyakaigo-garaku.com/" }, "geometry": { "type": "Point", "coordinates": [ 130.5116918, 33.463176 ] } },
{ "type": "Feature", "properties": { "内容": "よこみぞ医院グループホームゆとろぎ【認知症対応型共同生活介護】福岡県筑紫野市大字立明寺509番地1", "url": "https://www.kaigokensaku.mhlw.go.jp/40/index.php?action_kouhyou_detail_004_kani=true&JigyosyoCd=4093000075-00&ServiceCd=320&Type=search", "url2": null }, "geometry": { "type": "Point", "coordinates": [ 130.523284699999977, 33.4846213 ] } },
{ "type": "Feature", "properties": { "内容": "グループホーム　さわやかテラス筑紫野【認知症対応型共同生活介護】立明寺533-1", "url": "https://www.kaigokensaku.mhlw.go.jp/40/index.php?action_kouhyou_detail_004_kani=true&JigyosyoCd=4093000208-00&ServiceCd=320&Type=search", "url2": "http://care-net.biz/40/welfare-sawayaka/" }, "geometry": { "type": "Point", "coordinates": [ 130.526725699999986, 33.4832808 ] } },
{ "type": "Feature", "properties": { "内容": "ポジティブリーケア永岡【認知症対応型共同生活介護】福岡県筑紫野市永岡1489-1", "url": "https://www.kaigokensaku.mhlw.go.jp/40/index.php?action_kouhyou_detail_004_kani=true&JigyosyoCd=4093000034-00&ServiceCd=320&Type=search", "url2": "https://realize-corp.com" }, "geometry": { "type": "Point", "coordinates": [ 130.537417600000026, 33.4734057 ] } },
{ "type": "Feature", "properties": { "内容": "グループホームたんたん【認知症対応型共同生活介護】美咲1023番地2", "url": "https://www.kaigokensaku.mhlw.go.jp/40/index.php?action_kouhyou_detail_004_kani=true&JigyosyoCd=4093000166-00&ServiceCd=320&Type=search", "url2": "http://www.tantan.life" }, "geometry": { "type": "Point", "coordinates": [ 130.560782900000049, 33.4622178 ] } },
{ "type": "Feature", "properties": { "内容": "グループホーム　茶屋本陣【認知症対応型共同生活介護】福岡県筑紫野市大字山家５２５９―６番地", "url": "https://www.kaigokensaku.mhlw.go.jp/40/index.php?action_kouhyou_detail_004_kani=true&JigyosyoCd=4073000376-00&ServiceCd=320&Type=search", "url2": null }, "geometry": { "type": "Point", "coordinates": [ 130.573337300000048, 33.479932900000023 ] } },
{ "type": "Feature", "properties": { "内容": "二日市温泉長寿苑そよ風【認知症対応型共同生活介護】福岡県筑紫野市武蔵一丁目1番24号", "url": "https://www.kaigokensaku.mhlw.go.jp/40/index.php?action_kouhyou_detail_004_kani=true&JigyosyoCd=4093000059-00&ServiceCd=320&Type=search", "url2": "http://www.sykz.co.jp" }, "geometry": { "type": "Point", "coordinates": [ 130.511602100000033, 33.49061780000001 ] } },
{ "type": "Feature", "properties": { "内容": "アップルハートくつろぎ春日【認知症対応型共同生活介護】小倉３丁目７１－５", "url": "https://www.kaigokensaku.mhlw.go.jp/40/index.php?action_kouhyou_detail_004_kani=true&JigyosyoCd=4093100073-00&ServiceCd=320&Type=search", "url2": "kutsurogi-kasuga@aso-group.co.jp" }, "geometry": { "type": "Point", "coordinates": [ 138.562405399999989, 37.3725055 ] } },
{ "type": "Feature", "properties": { "内容": "アップルハートくつろぎ春日南【認知症対応型共同生活介護】福岡県春日市松ヶ丘4丁目1番", "url": "https://www.kaigokensaku.mhlw.go.jp/40/index.php?action_kouhyou_detail_004_kani=true&JigyosyoCd=4093100131-00&ServiceCd=320&Type=search", "url2": "http://www.aso-kaigo.jp/offices/kasugaminami" }, "geometry": { "type": "Point", "coordinates": [ 130.457406799999944, 33.5086506 ] } },
{ "type": "Feature", "properties": { "内容": "ライフケアホーム　春日苑【認知症対応型共同生活介護】福岡県春日市天神山6丁目２２．２３", "url": "https://www.kaigokensaku.mhlw.go.jp/40/index.php?action_kouhyou_detail_004_kani=true&JigyosyoCd=4073100358-00&ServiceCd=320&Type=search", "url2": "http://c-kasugaen.com" }, "geometry": { "type": "Point", "coordinates": [ 130.446601120237801, 33.516877524409466 ] } },
{ "type": "Feature", "properties": { "内容": "グループホーム　クローバー【認知症対応型共同生活介護】福岡県春日市大谷3丁目１００番地", "url": "https://www.kaigokensaku.mhlw.go.jp/40/index.php?action_kouhyou_detail_004_kani=true&JigyosyoCd=4093100081-00&ServiceCd=320&Type=search", "url2": "http://www.otogane.or.jp" }, "geometry": { "type": "Point", "coordinates": [ 130.450337571814742, 33.527686739541288 ] } },
{ "type": "Feature", "properties": { "内容": "グループひまわり館【認知症対応型共同生活介護】福岡県春日市桜ヶ丘八丁目２９番地", "url": "https://www.kaigokensaku.mhlw.go.jp/40/index.php?action_kouhyou_detail_004_kani=true&JigyosyoCd=4073100309-00&ServiceCd=320&Type=search", "url2": "http://www.fukusikai.co.jp" }, "geometry": { "type": "Point", "coordinates": [ 130.449921300000028, 33.5481798 ] } },
{ "type": "Feature", "properties": { "内容": "グループホームさわやかテラス春日【認知症対応型共同生活介護】福岡県春日市須玖南１丁目９１番地", "url": "https://www.kaigokensaku.mhlw.go.jp/40/index.php?action_kouhyou_detail_004_kani=true&JigyosyoCd=4073100473-00&ServiceCd=320&Type=search", "url2": "http://care-net.biz/40/welfare-sawayaka/" }, "geometry": { "type": "Point", "coordinates": [ 130.446352199999978, 33.5395279 ] } },
{ "type": "Feature", "properties": { "内容": "グループホーム　イコロの里【認知症対応型共同生活介護】福岡県春日市平田台1丁目138番2号", "url": "https://www.kaigokensaku.mhlw.go.jp/40/index.php?action_kouhyou_detail_004_kani=true&JigyosyoCd=4093100172-00&ServiceCd=320&Type=search", "url2": "http://www.goodtimehome.com" }, "geometry": { "type": "Point", "coordinates": [ 130.473179339286787, 33.514558204698041 ] } },
{ "type": "Feature", "properties": { "内容": "エフコープグループホームぽみえ大野城【認知症対応型共同生活介護】福岡県大野城市下大利1丁目４番32号", "url": "https://www.kaigokensaku.mhlw.go.jp/40/index.php?action_kouhyou_detail_004_kani=true&JigyosyoCd=4093200287-00&ServiceCd=320&Type=search", "url2": "https://www.fcoop.or.jp/shopping/service/care/" }, "geometry": { "type": "Point", "coordinates": [ 130.485719499999988, 33.5216027 ] } },
{ "type": "Feature", "properties": { "内容": "グループホーム　オリーブ【認知症対応型共同生活介護】筒井1-17-29", "url": "https://www.kaigokensaku.mhlw.go.jp/40/index.php?action_kouhyou_detail_004_kani=true&JigyosyoCd=4093200204-00&ServiceCd=320&Type=search", "url2": "http://www.otogane.or.jp/olive/" }, "geometry": { "type": "Point", "coordinates": [ 130.477037202446837, 33.543772813196846 ] } },
{ "type": "Feature", "properties": { "内容": "グループホーム　宝満ラポール　大野城【認知症対応型共同生活介護】福岡県大野城市仲畑4丁目19-10", "url": "https://www.kaigokensaku.mhlw.go.jp/40/index.php?action_kouhyou_detail_004_kani=true&JigyosyoCd=4093200162-00&ServiceCd=320&Type=search", "url2": "http://www.homan.or.jp" }, "geometry": { "type": "Point", "coordinates": [ 130.4714444, 33.5500885 ] } },
{ "type": "Feature", "properties": { "内容": "グループホーム我楽【認知症対応型共同生活介護】福岡県大野城市乙金台1丁目11番31号", "url": "https://www.kaigokensaku.mhlw.go.jp/40/index.php?action_kouhyou_detail_004_kani=true&JigyosyoCd=4073200158-00&ServiceCd=320&Type=search", "url2": "http:/www.koureisyakaigo-garaku.com/" }, "geometry": { "type": "Point", "coordinates": [ 130.491939699999989, 33.5400208 ] } },
{ "type": "Feature", "properties": { "内容": "グループホームさわやかテラス大野城【認知症対応型共同生活介護】福岡県大野城市牛頸４丁目５－２９", "url": "https://www.kaigokensaku.mhlw.go.jp/40/index.php?action_kouhyou_detail_004_kani=true&JigyosyoCd=4073200240-00&ServiceCd=320&Type=search", "url2": "http://care-net.biz/40/welfare-sawayaka/" }, "geometry": { "type": "Point", "coordinates": [ 130.4706195, 33.5041764 ] } },
{ "type": "Feature", "properties": { "内容": "グループホーム　陽だまり倶楽部【認知症対応型共同生活介護】福岡県大野城市南ヶ丘２丁目1番12号", "url": "https://www.kaigokensaku.mhlw.go.jp/40/index.php?action_kouhyou_detail_004_kani=true&JigyosyoCd=4073200273-00&ServiceCd=320&Type=search", "url2": "hidamari@yuseido.co.jp" }, "geometry": { "type": "Point", "coordinates": [ 130.481840700000021, 33.5062015 ] } },
{ "type": "Feature", "properties": { "内容": "グループホーム　陽だまり倶楽部東大利【認知症対応型共同生活介護】福岡県大野城市東大利3丁目11番28号", "url": "https://www.kaigokensaku.mhlw.go.jp/40/index.php?action_kouhyou_detail_004_kani=true&JigyosyoCd=4093200113-00&ServiceCd=320&Type=search", "url2": "http://www.yuseido.co.jp" }, "geometry": { "type": "Point", "coordinates": [ 130.488676199999986, 33.526386 ] } },
{ "type": "Feature", "properties": { "内容": "グループホームさわやかテラス大野城中央【認知症対応型共同生活介護】福岡県大野城市中央2丁目5番19号", "url": "https://www.kaigokensaku.mhlw.go.jp/40/index.php?action_kouhyou_detail_004_kani=true&JigyosyoCd=4093200188-00&ServiceCd=320&Type=search", "url2": "http://care-net.biz/40/welfare-sawayaka/" }, "geometry": { "type": "Point", "coordinates": [ 130.484082100000023, 33.5228723 ] } },
{ "type": "Feature", "properties": { "内容": "ヒューマンライフケア　大野城の宿【認知症対応型共同生活介護】福岡県大野城市中3丁目1番37号", "url": "https://www.kaigokensaku.mhlw.go.jp/40/index.php?action_kouhyou_detail_004_kani=true&JigyosyoCd=4093200147-00&ServiceCd=320&Type=search", "url2": "http://hlc.athuman.com/" }, "geometry": { "type": "Point", "coordinates": [ 130.4886262, 33.5510278 ] } },
{ "type": "Feature", "properties": { "内容": "宗寿園グループホーム愛々【認知症対応型共同生活介護】福岡県宗像市稲元５－２－２", "url": "https://www.kaigokensaku.mhlw.go.jp/40/index.php?action_kouhyou_detail_004_kani=true&JigyosyoCd=4093300079-00&ServiceCd=320&Type=search", "url2": "https://www.kitatikuzen.net/" }, "geometry": { "type": "Point", "coordinates": [ 130.557808099999988, 33.815764 ] } },
{ "type": "Feature", "properties": { "内容": "グループホームつぶら【認知症対応型共同生活介護】宗像市陵厳寺2丁目29番6号", "url": "https://www.kaigokensaku.mhlw.go.jp/40/index.php?action_kouhyou_detail_004_kani=true&JigyosyoCd=4073300263-00&ServiceCd=320&Type=search", "url2": null }, "geometry": { "type": "Point", "coordinates": [ 130.5840485, 33.8133256 ] } },
{ "type": "Feature", "properties": { "内容": "まりしの郷里　みち【認知症対応型共同生活介護】福岡県宗像市東郷６丁目２番１９号", "url": "https://www.kaigokensaku.mhlw.go.jp/40/index.php?action_kouhyou_detail_004_kani=true&JigyosyoCd=4093300046-00&ServiceCd=320&Type=search", "url2": "http://www.marishi.or.jp/" }, "geometry": { "type": "Point", "coordinates": [ 130.539129499999945, 33.8019512 ] } },
{ "type": "Feature", "properties": { "内容": "城山庵【認知症対応型共同生活介護】福岡県宗像市石丸1丁目3番27号", "url": "https://www.kaigokensaku.mhlw.go.jp/40/index.php?action_kouhyou_detail_004_kani=true&JigyosyoCd=4093300020-00&ServiceCd=320&Type=search", "url2": "jhttp://www.akama-hp.or.jp" }, "geometry": { "type": "Point", "coordinates": [ 130.593633899999986, 33.8044488 ] } },
{ "type": "Feature", "properties": { "内容": "認知症対応型共同生活介護　グレース東郷【認知症対応型共同生活介護】福岡県宗像市東郷１７３番地の1", "url": "https://www.kaigokensaku.mhlw.go.jp/40/index.php?action_kouhyou_detail_004_kani=true&JigyosyoCd=4093300236-00&ServiceCd=320&Type=search", "url2": "https://grace-togo.com/" }, "geometry": { "type": "Point", "coordinates": [ 130.546380052562739, 33.799338444615145 ] } },
{ "type": "Feature", "properties": { "内容": "ニチイケアセンター日の里【認知症対応型共同生活介護】福岡県宗像市日の里７丁目２５番２", "url": "https://www.kaigokensaku.mhlw.go.jp/40/index.php?action_kouhyou_detail_004_kani=true&JigyosyoCd=4093300186-00&ServiceCd=320&Type=search", "url2": "https://www.nichii-kaigo.jp/base/base-result/05P94/" }, "geometry": { "type": "Point", "coordinates": [ 130.530886399999986, 33.7849473 ] } },
{ "type": "Feature", "properties": { "内容": "グループホーム　さわやかむなかたのもり【認知症対応型共同生活介護】福岡県宗像市自由ヶ丘2丁目１７番地１", "url": "https://www.kaigokensaku.mhlw.go.jp/40/index.php?action_kouhyou_detail_004_kani=true&JigyosyoCd=4093300160-00&ServiceCd=320&Type=search", "url2": "http://munakatanomori.sawayakaclub.jp/" }, "geometry": { "type": "Point", "coordinates": [ 130.5775906, 33.7980105 ] } },
{ "type": "Feature", "properties": { "内容": "グループホーム　杏【認知症対応型共同生活介護】福岡県宗像市田野1370番地2", "url": "https://www.kaigokensaku.mhlw.go.jp/40/index.php?action_kouhyou_detail_004_kani=true&JigyosyoCd=4093300103-00&ServiceCd=320&Type=search", "url2": "http://www.houshikai.or.jp" }, "geometry": { "type": "Point", "coordinates": [ 130.525879, 33.8635304 ] } },
{ "type": "Feature", "properties": { "内容": "グループホーム　ファミリー【認知症対応型共同生活介護】福岡県宗像市平井１－１９－１", "url": "https://www.kaigokensaku.mhlw.go.jp/40/index.php?action_kouhyou_detail_004_kani=true&JigyosyoCd=4073300313-00&ServiceCd=320&Type=search", "url2": "http//www.home-family.jp/" }, "geometry": { "type": "Point", "coordinates": [ 130.523303299999952, 33.7980345 ] } },
{ "type": "Feature", "properties": { "内容": "グループホーム　笑苑【認知症対応型共同生活介護】福岡県太宰府市高雄１丁目３６６４番地２５８", "url": "https://www.kaigokensaku.mhlw.go.jp/40/index.php?action_kouhyou_detail_004_kani=true&JigyosyoCd=4073400295-00&ServiceCd=320&Type=search", "url2": null }, "geometry": { "type": "Point", "coordinates": [ 130.535178099999939, 33.4963953 ] } },
{ "type": "Feature", "properties": { "内容": "グループホーム　安寿【認知症対応型共同生活介護】福岡県太宰府市高雄１丁目３６６４番地２５６", "url": "https://www.kaigokensaku.mhlw.go.jp/40/index.php?action_kouhyou_detail_004_kani=true&JigyosyoCd=4073400477-00&ServiceCd=320&Type=search", "url2": null }, "geometry": { "type": "Point", "coordinates": [ 130.535255900000038, 33.4965397 ] } },
{ "type": "Feature", "properties": { "内容": "グループホーム安寿【認知症対応型共同生活介護】福岡県太宰府市高雄1丁目3664-256", "url": "https://www.kaigokensaku.mhlw.go.jp/40/index.php?action_kouhyou_detail_004_kani=true&JigyosyoCd=4093400135-00&ServiceCd=320&Type=search", "url2": "m_cvta@mizuho-medicare@" }, "geometry": { "type": "Point", "coordinates": [ 130.5353764, 33.4965539 ] } },
{ "type": "Feature", "properties": { "内容": "グループホーム笑苑【認知症対応型共同生活介護】福岡県太宰府市高雄1丁目3664番258", "url": "https://www.kaigokensaku.mhlw.go.jp/40/index.php?action_kouhyou_detail_004_kani=true&JigyosyoCd=4093400143-00&ServiceCd=320&Type=search", "url2": null }, "geometry": { "type": "Point", "coordinates": [ 130.535214700000012, 33.4963437 ] } },
{ "type": "Feature", "properties": { "内容": "グループホーム　国分【認知症対応型共同生活介護】宰都2丁目8-12", "url": "https://www.kaigokensaku.mhlw.go.jp/40/index.php?action_kouhyou_detail_004_kani=true&JigyosyoCd=4073400469-00&ServiceCd=320&Type=search", "url2": "http://www.dohogroup.jp/" }, "geometry": { "type": "Point", "coordinates": [ 130.496611600000051, 33.5178647 ] } },
{ "type": "Feature", "properties": { "内容": "ニチイケアセンター太宰府【認知症対応型共同生活介護】福岡県太宰府市大佐野3丁目15-5", "url": "https://www.kaigokensaku.mhlw.go.jp/40/index.php?action_kouhyou_detail_004_kani=true&JigyosyoCd=4093400069-00&ServiceCd=320&Type=search", "url2": "https://www.nichii-kaigo.jp/base/base-result/05T82/" }, "geometry": { "type": "Point", "coordinates": [ 130.491045399999962, 33.4995664 ] } },
{ "type": "Feature", "properties": { "内容": "グループホーム　ゆうゆうシニア館・高雄【認知症対応型共同生活介護】福岡県太宰府市高雄4-24-30", "url": "https://www.kaigokensaku.mhlw.go.jp/40/index.php?action_kouhyou_detail_004_kani=true&JigyosyoCd=4093400119-00&ServiceCd=320&Type=search", "url2": "https://www.yuyu-group.co.jp/" }, "geometry": { "type": "Point", "coordinates": [ 130.5411894, 33.498783 ] } },
{ "type": "Feature", "properties": { "内容": "グループホーム五条【認知症対応型共同生活介護】太宰府市五条２丁目１５－１５", "url": "https://www.kaigokensaku.mhlw.go.jp/40/index.php?action_kouhyou_detail_004_kani=true&JigyosyoCd=4073400261-00&ServiceCd=320&Type=search", "url2": "https://magokoro-home.website" }, "geometry": { "type": "Point", "coordinates": [ 130.5223148, 33.5109604 ] } },
{ "type": "Feature", "properties": { "内容": "グループホームはなみずき【認知症対応型共同生活介護】福岡県太宰府市水城6丁目15-28", "url": "https://www.kaigokensaku.mhlw.go.jp/40/index.php?action_kouhyou_detail_004_kani=true&JigyosyoCd=4073400485-00&ServiceCd=320&Type=search", "url2": null }, "geometry": { "type": "Point", "coordinates": [ 130.499889, 33.5301663 ] } },
{ "type": "Feature", "properties": { "内容": "りびんぐ　紀水庵【認知症対応型共同生活介護】福岡県古賀市小山田４９７番地１りびんぐ紀水庵", "url": "https://www.kaigokensaku.mhlw.go.jp/40/index.php?action_kouhyou_detail_004_kani=true&JigyosyoCd=4073600282-00&ServiceCd=320&Type=search", "url2": "http:/www.kisuian.net" }, "geometry": { "type": "Point", "coordinates": [ 130.503859499999976, 33.715191 ] } },
{ "type": "Feature", "properties": { "内容": "グループホームどんぐり【認知症対応型共同生活介護】福岡県古賀市青柳町８０３番地", "url": "https://www.kaigokensaku.mhlw.go.jp/40/index.php?action_kouhyou_detail_004_kani=true&JigyosyoCd=4073600514-00&ServiceCd=320&Type=search", "url2": "ttp://www/houshikai.or.jp/donguri/grouphome/" }, "geometry": { "type": "Point", "coordinates": [ 130.485344599999962, 33.7128189 ] } },
{ "type": "Feature", "properties": { "内容": "グループホーム　花梨【認知症対応型共同生活介護】福岡県古賀市花見南2丁目14ー15", "url": "https://www.kaigokensaku.mhlw.go.jp/40/index.php?action_kouhyou_detail_004_kani=true&JigyosyoCd=4073600308-00&ServiceCd=320&Type=search", "url2": "http://www.housikai.or.jp/karin/" }, "geometry": { "type": "Point", "coordinates": [ 130.466798299999937, 33.7428655 ] } },
{ "type": "Feature", "properties": { "内容": "グループホーム　わたしのお家【認知症対応型共同生活介護】福岡県古賀市天神３－３－１３", "url": "https://www.kaigokensaku.mhlw.go.jp/40/index.php?action_kouhyou_detail_004_kani=true&JigyosyoCd=4073600415-00&ServiceCd=320&Type=search", "url2": null }, "geometry": { "type": "Point", "coordinates": [ 130.467492900000025, 33.736769 ] } },
{ "type": "Feature", "properties": { "内容": "グループホーム　安居【認知症対応型共同生活介護】古賀市鹿部485-1", "url": "https://www.kaigokensaku.mhlw.go.jp/40/index.php?action_kouhyou_detail_004_kani=true&JigyosyoCd=4073600423-00&ServiceCd=320&Type=search", "url2": "http://www.megumi-kai.or.jp/" }, "geometry": { "type": "Point", "coordinates": [ 130.463198700000021, 33.7167123 ] } },
{ "type": "Feature", "properties": { "内容": "けあビジョンホーム古賀【認知症対応型共同生活介護】福岡県古賀市谷山939番地1号", "url": "https://www.kaigokensaku.mhlw.go.jp/40/index.php?action_kouhyou_detail_004_kani=true&JigyosyoCd=4093600098-00&ServiceCd=320&Type=search", "url2": "http://www.visualvision.co.jp" }, "geometry": { "type": "Point", "coordinates": [ 130.49530839111722, 33.712277566350238 ] } },
{ "type": "Feature", "properties": { "内容": "グループホーム　すまいる【認知症対応型共同生活介護】福岡県福津市高平１1番地の１５", "url": "https://www.kaigokensaku.mhlw.go.jp/40/index.php?action_kouhyou_detail_004_kani=true&JigyosyoCd=4074500259-00&ServiceCd=320&Type=search", "url2": "https://www.souseikai-hp.or.jp/" }, "geometry": { "type": "Point", "coordinates": [ 130.5062015, 33.772581399999979 ] } },
{ "type": "Feature", "properties": { "内容": "津屋崎園グループホーム座々【認知症対応型共同生活介護】福津市奴山1205-1", "url": "https://www.kaigokensaku.mhlw.go.jp/40/index.php?action_kouhyou_detail_004_kani=true&JigyosyoCd=4074600109-00&ServiceCd=320&Type=search", "url2": "http://www.kitatikuzen.net" }, "geometry": { "type": "Point", "coordinates": [ 130.4916055, 33.8192843 ] } },
{ "type": "Feature", "properties": { "内容": "グループホーム福間【認知症対応型共同生活介護】福岡県福津市上西郷738番地", "url": "https://www.kaigokensaku.mhlw.go.jp/40/index.php?action_kouhyou_detail_004_kani=true&JigyosyoCd=4074500200-00&ServiceCd=320&Type=search", "url2": "https://www.kenjien.com/" }, "geometry": { "type": "Point", "coordinates": [ 130.510913867459067, 33.757308101566771 ] } },
{ "type": "Feature", "properties": { "内容": "グループホーム和らぎ【認知症対応型共同生活介護】福岡県福津市西福間４丁目１-１５", "url": "https://www.kaigokensaku.mhlw.go.jp/40/index.php?action_kouhyou_detail_004_kani=true&JigyosyoCd=4094500065-00&ServiceCd=320&Type=search", "url2": "http://suikokai.or.jp/group/yawaragi.html" }, "geometry": { "type": "Point", "coordinates": [ 130.477164602516211, 33.76926056507611 ] } },
{ "type": "Feature", "properties": { "内容": "グループホーム　ＷＡ・ＴＡ・ＲＩ【認知症対応型共同生活介護】福岡県福津市渡1480番地10", "url": "https://www.kaigokensaku.mhlw.go.jp/40/index.php?action_kouhyou_detail_004_kani=true&JigyosyoCd=4094500131-00&ServiceCd=320&Type=search", "url2": "http:/www.kitatikuzen.net/" }, "geometry": { "type": "Point", "coordinates": [ 130.4566323, 33.7894766 ] } },
{ "type": "Feature", "properties": { "内容": "グループホーム　ひまわり３号館【認知症対応型共同生活介護】福岡県うきは市吉井町福益　１２１－２", "url": "https://www.kaigokensaku.mhlw.go.jp/40/index.php?action_kouhyou_detail_004_kani=true&JigyosyoCd=4077300194-00&ServiceCd=320&Type=search", "url2": "himawari03@seihoukai.or.jp" }, "geometry": { "type": "Point", "coordinates": [ 130.7488151, 33.3369533 ] } },
{ "type": "Feature", "properties": { "内容": "グループホームゆり苑【認知症対応型共同生活介護】福岡県うきは市吉井町生葉705番地1", "url": "https://www.kaigokensaku.mhlw.go.jp/40/index.php?action_kouhyou_detail_004_kani=true&JigyosyoCd=4077300160-00&ServiceCd=320&Type=search", "url2": "https://grouphome-yurien.com/" }, "geometry": { "type": "Point", "coordinates": [ 130.73506569999995, 33.3436995 ] } },
{ "type": "Feature", "properties": { "内容": "グループホームたかみ【認知症対応型共同生活介護】うきは市浮羽町高見1750-1", "url": "https://www.kaigokensaku.mhlw.go.jp/40/index.php?action_kouhyou_detail_004_kani=true&JigyosyoCd=4077300244-00&ServiceCd=320&Type=search", "url2": "http://www.minnanokaigo.com/facility/G227002/" }, "geometry": { "type": "Point", "coordinates": [ 130.805566499999941, 33.3440154 ] } },
{ "type": "Feature", "properties": { "内容": "グループホーム三春【認知症対応型共同生活介護】福岡県うきは市浮羽町三春1982-1", "url": "https://www.kaigokensaku.mhlw.go.jp/40/index.php?action_kouhyou_detail_004_kani=true&JigyosyoCd=4077500132-00&ServiceCd=320&Type=search", "url2": "http://www.minnanokaigo.com/facility/G227001/" }, "geometry": { "type": "Point", "coordinates": [ 130.8232011, 33.3440632 ] } },
{ "type": "Feature", "properties": { "内容": "医療法人　浮羽外科医院　グループホーム浮羽【認知症対応型共同生活介護】浮羽町東隈上331-1", "url": "https://www.kaigokensaku.mhlw.go.jp/40/index.php?action_kouhyou_detail_004_kani=true&JigyosyoCd=4097300059-00&ServiceCd=320&Type=search", "url2": "http://www.ukihaclinic.jp" }, "geometry": { "type": "Point", "coordinates": [ 130.801642099999981, 33.3381325 ] } },
{ "type": "Feature", "properties": { "内容": "有限会社もみじ　グループホームもみじの里【認知症対応型共同生活介護】福岡県宮若市上大隈６７５－１", "url": "https://www.kaigokensaku.mhlw.go.jp/40/index.php?action_kouhyou_detail_004_kani=true&JigyosyoCd=4075500613-00&ServiceCd=320&Type=search", "url2": "momijinokazoku@woody.ocn.ne.jp" }, "geometry": { "type": "Point", "coordinates": [ 130.670207299999987, 33.7207568 ] } },
{ "type": "Feature", "properties": { "内容": "グループホームうぐいす【認知症対応型共同生活介護】宮若市本城1104番地", "url": "https://www.kaigokensaku.mhlw.go.jp/40/index.php?action_kouhyou_detail_004_kani=true&JigyosyoCd=4075500704-00&ServiceCd=320&Type=search", "url2": "http://care-net.biz/40/uguisu/" }, "geometry": { "type": "Point", "coordinates": [ 130.677959047815648, 33.730819824789755 ] } },
{ "type": "Feature", "properties": { "内容": "グループホームなびき【認知症対応型共同生活介護】福岡県宮若市下有木１５０７－１", "url": "https://www.kaigokensaku.mhlw.go.jp/40/index.php?action_kouhyou_detail_004_kani=true&JigyosyoCd=4095500015-00&ServiceCd=320&Type=search", "url2": "nabiki.mints.ne.jp/" }, "geometry": { "type": "Point", "coordinates": [ 130.631614600000034, 33.752861 ] } },
{ "type": "Feature", "properties": { "内容": "グループホーム笠松の郷【認知症対応型共同生活介護】福岡県宮若市上有木３２０番地", "url": "https://www.kaigokensaku.mhlw.go.jp/40/index.php?action_kouhyou_detail_004_kani=true&JigyosyoCd=4075500316-00&ServiceCd=320&Type=search", "url2": null }, "geometry": { "type": "Point", "coordinates": [ 130.623145198811358, 33.762239489276595 ] } },
{ "type": "Feature", "properties": { "内容": "照陽園グループホーム【認知症対応型共同生活介護】福岡県宮若市磯光2159-1", "url": "https://www.kaigokensaku.mhlw.go.jp/40/index.php?action_kouhyou_detail_004_kani=true&JigyosyoCd=4075500431-00&ServiceCd=320&Type=search", "url2": "http://shoyouen.or.jp" }, "geometry": { "type": "Point", "coordinates": [ 130.6703827, 33.7008198 ] } },
{ "type": "Feature", "properties": { "内容": "グループホーム　ジョイナス【認知症対応型共同生活介護】福岡県宮若市本城720番地", "url": "https://www.kaigokensaku.mhlw.go.jp/40/index.php?action_kouhyou_detail_004_kani=true&JigyosyoCd=4095500080-00&ServiceCd=320&Type=search", "url2": null }, "geometry": { "type": "Point", "coordinates": [ 130.670943099999931, 33.7290339 ] } },
{ "type": "Feature", "properties": { "内容": "医療法人　安倍病院　グループホーム　みどりの里【認知症対応型共同生活介護】福岡県宮若市長井鶴２３０番地", "url": "https://www.kaigokensaku.mhlw.go.jp/40/index.php?action_kouhyou_detail_004_kani=true&JigyosyoCd=4075500415-00&ServiceCd=320&Type=search", "url2": "http://www.abe-hp.or.jp/" }, "geometry": { "type": "Point", "coordinates": [ 130.654952800000046, 33.7297584 ] } },
{ "type": "Feature", "properties": { "内容": "グループホーム田苑【認知症対応型共同生活介護】福岡県宮若市福丸247番地1グループホーム田苑", "url": "https://www.kaigokensaku.mhlw.go.jp/40/index.php?action_kouhyou_detail_004_kani=true&JigyosyoCd=4075600090-00&ServiceCd=320&Type=search", "url2": null }, "geometry": { "type": "Point", "coordinates": [ 130.628334528836035, 33.731170278899334 ] } },
{ "type": "Feature", "properties": { "内容": "グループホーム幸生園【認知症対応型共同生活介護】福岡県宮若市龍徳1488番地", "url": "https://www.kaigokensaku.mhlw.go.jp/40/index.php?action_kouhyou_detail_004_kani=true&JigyosyoCd=4075500548-00&ServiceCd=320&Type=search", "url2": "https://kouseien.amebaownd.com/" }, "geometry": { "type": "Point", "coordinates": [ 130.685572539286795, 33.734799789746518 ] } },
{ "type": "Feature", "properties": { "内容": "グループホームやまぶき【認知症対応型共同生活介護】福岡県宮若市沼口976-1", "url": "https://www.kaigokensaku.mhlw.go.jp/40/index.php?action_kouhyou_detail_004_kani=true&JigyosyoCd=4075600108-00&ServiceCd=320&Type=search", "url2": "www.shiseikai.jp" }, "geometry": { "type": "Point", "coordinates": [ 130.610958, 33.7370789 ] } },
{ "type": "Feature", "properties": { "内容": "グループホーム　わきたの里【認知症対応型共同生活介護】宮若市脇田８０５番地", "url": "https://www.kaigokensaku.mhlw.go.jp/40/index.php?action_kouhyou_detail_004_kani=true&JigyosyoCd=4075600124-00&ServiceCd=320&Type=search", "url2": "http://wakitanosato.jp" }, "geometry": { "type": "Point", "coordinates": [ 130.581334100000049, 33.6959187 ] } },
{ "type": "Feature", "properties": { "内容": "グループホーム友愛【認知症対応型共同生活介護】宮若市宮田男田元191番地-6", "url": "https://www.kaigokensaku.mhlw.go.jp/40/index.php?action_kouhyou_detail_004_kani=true&JigyosyoCd=4095500072-00&ServiceCd=320&Type=search", "url2": null }, "geometry": { "type": "Point", "coordinates": [ 130.663532878018231, 33.720241313806298 ] } },
{ "type": "Feature", "properties": { "内容": "グループホームかなえ【認知症対応型共同生活介護】福岡県宮若市磯光1713-45", "url": "https://www.kaigokensaku.mhlw.go.jp/40/index.php?action_kouhyou_detail_004_kani=true&JigyosyoCd=4075500688-00&ServiceCd=320&Type=search", "url2": "G.kanae1175@gmail.com" }, "geometry": { "type": "Point", "coordinates": [ 130.681763304826291, 33.701950218900016 ] } },
{ "type": "Feature", "properties": { "内容": "グループホーム木蓮の家【認知症対応型共同生活介護】福岡県宮若市長井鶴２６３－７", "url": "https://www.kaigokensaku.mhlw.go.jp/40/index.php?action_kouhyou_detail_004_kani=true&JigyosyoCd=4075500472-00&ServiceCd=320&Type=search", "url2": null }, "geometry": { "type": "Point", "coordinates": [ 130.655011100000024, 33.7309471 ] } },
{ "type": "Feature", "properties": { "内容": "グループホーム　ほたるの里【認知症対応型共同生活介護】福岡県嘉麻市桑野２６３９番地１", "url": "https://www.kaigokensaku.mhlw.go.jp/40/index.php?action_kouhyou_detail_004_kani=true&JigyosyoCd=4076000118-00&ServiceCd=320&Type=search", "url2": null }, "geometry": { "type": "Point", "coordinates": [ 130.780006400000048, 33.5171944 ] } },
{ "type": "Feature", "properties": { "内容": "グループ　ホーム　ひかりの里【認知症対応型共同生活介護】福岡県嘉麻市上山田1094-84", "url": "https://www.kaigokensaku.mhlw.go.jp/40/index.php?action_kouhyou_detail_004_kani=true&JigyosyoCd=4072100177-00&ServiceCd=320&Type=search", "url2": null }, "geometry": { "type": "Point", "coordinates": [ 130.772528134285068, 33.57006232289514 ] } },
{ "type": "Feature", "properties": { "内容": "グループホーム嘉穂やすらぎ【認知症対応型共同生活介護】福岡県嘉麻市鴨生476番地6", "url": "https://www.kaigokensaku.mhlw.go.jp/40/index.php?action_kouhyou_detail_004_kani=true&JigyosyoCd=4075800195-00&ServiceCd=320&Type=search", "url2": null }, "geometry": { "type": "Point", "coordinates": [ 130.724416472708072, 33.608205161930563 ] } },
{ "type": "Feature", "properties": { "内容": "グループホーム　けやき【認知症対応型共同生活介護】福岡県嘉麻市鴨生94番地19", "url": "https://www.kaigokensaku.mhlw.go.jp/40/index.php?action_kouhyou_detail_004_kani=true&JigyosyoCd=4075800419-00&ServiceCd=320&Type=search", "url2": "http://www.ｓ-clf.co.jp" }, "geometry": { "type": "Point", "coordinates": [ 130.7330885, 33.6068187 ] } },
{ "type": "Feature", "properties": { "内容": "医療法人社団親和会　グループホームつつじの丘【認知症対応型共同生活介護】福岡県嘉麻市牛隈2510-98", "url": "https://www.kaigokensaku.mhlw.go.jp/40/index.php?action_kouhyou_detail_004_kani=true&JigyosyoCd=4092100041-00&ServiceCd=320&Type=search", "url2": "f-shinwakai.or.jp/" }, "geometry": { "type": "Point", "coordinates": [ 130.723077200000034, 33.5748734 ] } },
{ "type": "Feature", "properties": { "内容": "グループホームやまだ桧の郷【認知症対応型共同生活介護】福岡県嘉麻市下山田７１５番地１やまだ桧の郷", "url": "https://www.kaigokensaku.mhlw.go.jp/40/index.php?action_kouhyou_detail_004_kani=true&JigyosyoCd=4072100284-00&ServiceCd=320&Type=search", "url2": null }, "geometry": { "type": "Point", "coordinates": [ 130.751753099999974, 33.5776573 ] } },
{ "type": "Feature", "properties": { "内容": "グループホーム　うすい【認知症対応型共同生活介護】福岡県嘉麻市下臼井１０８２番地", "url": "https://www.kaigokensaku.mhlw.go.jp/40/index.php?action_kouhyou_detail_004_kani=true&JigyosyoCd=4092100025-00&ServiceCd=320&Type=search", "url2": null }, "geometry": { "type": "Point", "coordinates": [ 130.699805732979002, 33.57466206323631 ] } },
{ "type": "Feature", "properties": { "内容": "グループホーム　こすもす【認知症対応型共同生活介護】福岡県嘉麻市平山16番地", "url": "https://www.kaigokensaku.mhlw.go.jp/40/index.php?action_kouhyou_detail_004_kani=true&JigyosyoCd=4092100033-00&ServiceCd=320&Type=search", "url2": null }, "geometry": { "type": "Point", "coordinates": [ 130.703816, 33.5631129 ] } },
{ "type": "Feature", "properties": { "内容": "グループホーム　嘉麻の杜【認知症対応型共同生活介護】福岡県嘉麻市下山田715番地13", "url": "https://www.kaigokensaku.mhlw.go.jp/40/index.php?action_kouhyou_detail_004_kani=true&JigyosyoCd=4092100058-00&ServiceCd=320&Type=search", "url2": null }, "geometry": { "type": "Point", "coordinates": [ 130.750489300000027, 33.5784016 ] } },
{ "type": "Feature", "properties": { "内容": "グループホーム鴨生の里【認知症対応型共同生活介護】福岡県嘉麻市鴨生６９３番地１", "url": "https://www.kaigokensaku.mhlw.go.jp/40/index.php?action_kouhyou_detail_004_kani=true&JigyosyoCd=4075800310-00&ServiceCd=320&Type=search", "url2": null }, "geometry": { "type": "Point", "coordinates": [ 130.723268, 33.6102416 ] } },
{ "type": "Feature", "properties": { "内容": "グループホームゆうゆう【認知症対応型共同生活介護】福岡県朝倉市下浦字地光564番地1恕経館　　　グル一プホ一ムゆうゆう", "url": "https://www.kaigokensaku.mhlw.go.jp/40/index.php?action_kouhyou_detail_004_kani=true&JigyosyoCd=4072200373-00&ServiceCd=320&Type=search", "url2": "http://www.kastuki-kai.com/yuyu/index.htm" }, "geometry": { "type": "Point", "coordinates": [ 130.635689700000057, 33.397334 ] } },
{ "type": "Feature", "properties": { "内容": "きらく荘グループホーム【認知症対応型共同生活介護】福岡県朝倉市城859", "url": "https://www.kaigokensaku.mhlw.go.jp/40/index.php?action_kouhyou_detail_004_kani=true&JigyosyoCd=4072200381-00&ServiceCd=320&Type=search", "url2": "http://www.kirakuso.jp" }, "geometry": { "type": "Point", "coordinates": [ 130.718749104368612, 33.414397841197953 ] } },
{ "type": "Feature", "properties": { "内容": "グループホームすずらん【認知症対応型共同生活介護】朝倉市杷木穂坂89-1", "url": "https://www.kaigokensaku.mhlw.go.jp/40/index.php?action_kouhyou_detail_004_kani=true&JigyosyoCd=4092200148-00&ServiceCd=320&Type=search", "url2": null }, "geometry": { "type": "Point", "coordinates": [ 130.831701900000013, 33.3506457 ] } },
{ "type": "Feature", "properties": { "内容": "ぐるーぷほーむあいらんど【認知症対応型共同生活介護】朝倉市甘木2427番地朝倉市甘木2427番地", "url": "https://www.kaigokensaku.mhlw.go.jp/40/index.php?action_kouhyou_detail_004_kani=true&JigyosyoCd=4072200365-00&ServiceCd=320&Type=search", "url2": "https://jusenkai.com/" }, "geometry": { "type": "Point", "coordinates": [ 130.649078689813223, 33.423095155101791 ] } },
{ "type": "Feature", "properties": { "内容": "けあビジョンホーム朝倉【認知症対応型共同生活介護】福岡県朝倉市宮野１６９７番地１", "url": "https://www.kaigokensaku.mhlw.go.jp/40/index.php?action_kouhyou_detail_004_kani=true&JigyosyoCd=4092200122-00&ServiceCd=320&Type=search", "url2": null }, "geometry": { "type": "Point", "coordinates": [ 130.728698939037912, 33.392156334966842 ] } },
{ "type": "Feature", "properties": { "内容": "グループホーム和笑【認知症対応型共同生活介護】福岡県朝倉市長谷山393-10", "url": "https://www.kaigokensaku.mhlw.go.jp/40/index.php?action_kouhyou_detail_004_kani=true&JigyosyoCd=4072200423-00&ServiceCd=320&Type=search", "url2": null }, "geometry": { "type": "Point", "coordinates": [ 130.685098599999947, 33.4673582 ] } },
{ "type": "Feature", "properties": { "内容": "グループホーム陽だまり【認知症対応型共同生活介護】福岡県みやま市瀬高町下庄480-3", "url": "https://www.kaigokensaku.mhlw.go.jp/40/index.php?action_kouhyou_detail_004_kani=true&JigyosyoCd=4078700145-00&ServiceCd=320&Type=search", "url2": null }, "geometry": { "type": "Point", "coordinates": [ 130.474574582950567, 33.14728532648585 ] } },
{ "type": "Feature", "properties": { "内容": "グループホームゆすら【認知症対応型共同生活介護】福岡県みやま市瀬高町本郷2036番地1", "url": "https://www.kaigokensaku.mhlw.go.jp/40/index.php?action_kouhyou_detail_004_kani=true&JigyosyoCd=4098700109-00&ServiceCd=320&Type=search", "url2": "http://hongo-fukushikai.com/" }, "geometry": { "type": "Point", "coordinates": [ 130.482557255294751, 33.179794130465723 ] } },
{ "type": "Feature", "properties": { "内容": "グループホーム　夢想園【認知症対応型共同生活介護】福岡県みやま市瀬高町松田４８１", "url": "https://www.kaigokensaku.mhlw.go.jp/40/index.php?action_kouhyou_detail_004_kani=true&JigyosyoCd=4078700210-00&ServiceCd=320&Type=search", "url2": null }, "geometry": { "type": "Point", "coordinates": [ 130.485604117860447, 33.142890894390725 ] } },
{ "type": "Feature", "properties": { "内容": "グループホーム　ほたる【認知症対応型共同生活介護】福岡県みやま市瀬高町坂田55", "url": "https://www.kaigokensaku.mhlw.go.jp/40/index.php?action_kouhyou_detail_004_kani=true&JigyosyoCd=4098700083-00&ServiceCd=320&Type=search", "url2": "http://hotaru.funagoya.or.jp" }, "geometry": { "type": "Point", "coordinates": [ 130.498374199999944, 33.1663409 ] } },
{ "type": "Feature", "properties": { "内容": "グループホーム「やまびこ」【認知症対応型共同生活介護】福岡県みやま市山川町河原内1224番地", "url": "https://www.kaigokensaku.mhlw.go.jp/40/index.php?action_kouhyou_detail_004_kani=true&JigyosyoCd=4079000065-00&ServiceCd=320&Type=search", "url2": "https://www.yamabiko-care.com/" }, "geometry": { "type": "Point", "coordinates": [ 130.519953500000042, 33.1373916 ] } },
{ "type": "Feature", "properties": { "内容": "グループホーム　青空【認知症対応型共同生活介護】福岡県みやま市高田町海津1461番地2", "url": "https://www.kaigokensaku.mhlw.go.jp/40/index.php?action_kouhyou_detail_004_kani=true&JigyosyoCd=4079100147-00&ServiceCd=320&Type=search", "url2": "https://www.aozora140601.com/" }, "geometry": { "type": "Point", "coordinates": [ 130.480773, 33.1248393 ] } },
{ "type": "Feature", "properties": { "内容": "グループホーム惠のいえ【認知症対応型共同生活介護】福岡県みやま市高田町濃施北５０１－３", "url": "https://www.kaigokensaku.mhlw.go.jp/40/index.php?action_kouhyou_detail_004_kani=true&JigyosyoCd=4098700117-00&ServiceCd=320&Type=search", "url2": null }, "geometry": { "type": "Point", "coordinates": [ 130.456575656730564, 33.101774505614223 ] } },
{ "type": "Feature", "properties": { "内容": "グループホーム　あぜ道【認知症対応型共同生活介護】福岡県みやま市瀬高町大江２２８９－１", "url": "https://www.kaigokensaku.mhlw.go.jp/40/index.php?action_kouhyou_detail_004_kani=true&JigyosyoCd=4078700194-00&ServiceCd=320&Type=search", "url2": "https://www.ykta.jp/chikurikan" }, "geometry": { "type": "Point", "coordinates": [ 130.483586400000036, 33.1420208 ] } },
{ "type": "Feature", "properties": { "内容": "グループホームなかま【認知症対応型共同生活介護】福岡県みやま市高田町岩津７８５木造瓦葺平屋", "url": "https://www.kaigokensaku.mhlw.go.jp/40/index.php?action_kouhyou_detail_004_kani=true&JigyosyoCd=4079100162-00&ServiceCd=320&Type=search", "url2": null }, "geometry": { "type": "Point", "coordinates": [ 130.471040600000038, 33.1151597 ] } },
{ "type": "Feature", "properties": { "内容": "グループホーム富の里【認知症対応型共同生活介護】福岡県糸島市富508-4", "url": "https://www.kaigokensaku.mhlw.go.jp/40/index.php?action_kouhyou_detail_004_kani=true&JigyosyoCd=4073500318-00&ServiceCd=320&Type=search", "url2": "http://www.jiaikai-fuk.or.jp" }, "geometry": { "type": "Point", "coordinates": [ 130.2094621, 33.5393289 ] } },
{ "type": "Feature", "properties": { "内容": "グループホームふる里【認知症対応型共同生活介護】福岡県糸島市二丈深江２３５９－２", "url": "https://www.kaigokensaku.mhlw.go.jp/40/index.php?action_kouhyou_detail_004_kani=true&JigyosyoCd=4093500090-00&ServiceCd=320&Type=search", "url2": "http://furusato1995.com/" }, "geometry": { "type": "Point", "coordinates": [ 130.132097800000054, 33.50842140000001 ] } },
{ "type": "Feature", "properties": { "内容": "居宅サービスセンター　グループホームいこい【認知症対応型共同生活介護】福岡県糸島市浦志２丁目２１番２号", "url": "https://www.kaigokensaku.mhlw.go.jp/40/index.php?action_kouhyou_detail_004_kani=true&JigyosyoCd=4073500227-00&ServiceCd=320&Type=search", "url2": null }, "geometry": { "type": "Point", "coordinates": [ 130.210131100000012, 33.5618731 ] } },
{ "type": "Feature", "properties": { "内容": "グループホームめぐみ【認知症対応型共同生活介護】福岡県糸島市志登567番地1", "url": "https://www.kaigokensaku.mhlw.go.jp/40/index.php?action_kouhyou_detail_004_kani=true&JigyosyoCd=4073500284-00&ServiceCd=320&Type=search", "url2": "http://www.keishin.or.jp/" }, "geometry": { "type": "Point", "coordinates": [ 130.217910610094037, 33.57222349388163 ] } },
{ "type": "Feature", "properties": { "内容": "グループホーム・あかり【認知症対応型共同生活介護】福岡県糸島市志摩小富士258", "url": "https://www.kaigokensaku.mhlw.go.jp/40/index.php?action_kouhyou_detail_004_kani=true&JigyosyoCd=4077200121-00&ServiceCd=320&Type=search", "url2": "http://hataegeka.or.jp/pacis/" }, "geometry": { "type": "Point", "coordinates": [ 130.183083900000042, 33.5642606 ] } },
{ "type": "Feature", "properties": { "内容": "グループホーム　マイネスハウス　ひなた庵【認知症対応型共同生活介護】福岡県糸島市高上１７１番地", "url": "https://www.kaigokensaku.mhlw.go.jp/40/index.php?action_kouhyou_detail_004_kani=true&JigyosyoCd=4073500243-00&ServiceCd=320&Type=search", "url2": "http://www.m-h.jp" }, "geometry": { "type": "Point", "coordinates": [ 130.230382599999984, 33.5246063 ] } },
{ "type": "Feature", "properties": { "内容": "グループホーム可也　桜の里【認知症対応型共同生活介護】福岡県糸島市志摩師吉901-3", "url": "https://www.kaigokensaku.mhlw.go.jp/40/index.php?action_kouhyou_detail_004_kani=true&JigyosyoCd=4077200147-00&ServiceCd=320&Type=search", "url2": "http://kaya-sakuranosato.com/" }, "geometry": { "type": "Point", "coordinates": [ 130.174831300000051, 33.5781279 ] } },
{ "type": "Feature", "properties": { "内容": "グループホームやさしい時間【認知症対応型共同生活介護】福岡県那珂川市後野４ー１０－５", "url": "https://www.kaigokensaku.mhlw.go.jp/40/index.php?action_kouhyou_detail_004_kani=true&JigyosyoCd=4093700013-00&ServiceCd=320&Type=search", "url2": "http://www.shinkou-hd.jp" }, "geometry": { "type": "Point", "coordinates": [ 130.416729199999963, 33.5053258 ] } },
{ "type": "Feature", "properties": { "内容": "グリーンコープグループホーム那珂川・和(のどか）【認知症対応型共同生活介護】福岡県那珂川市片縄北3丁目16-18", "url": "https://www.kaigokensaku.mhlw.go.jp/40/index.php?action_kouhyou_detail_004_kani=true&JigyosyoCd=4093700070-00&ServiceCd=320&Type=search", "url2": "http://www.fukushi-greencoop.or.jp/" }, "geometry": { "type": "Point", "coordinates": [ 130.42283939999993, 33.5243027 ] } },
{ "type": "Feature", "properties": { "内容": "有限会社　さくらグループ　グループホーム　さくら【認知症対応型共同生活介護】福岡県那珂川市安徳526番1号", "url": "https://www.kaigokensaku.mhlw.go.jp/40/index.php?action_kouhyou_detail_004_kani=true&JigyosyoCd=4093700096-00&ServiceCd=320&Type=search", "url2": null }, "geometry": { "type": "Point", "coordinates": [ 130.4267089, 33.497613 ] } },
{ "type": "Feature", "properties": { "内容": "グループホーム紫苑のさと【認知症対応型共同生活介護】福岡県粕屋郡宇美町井野１５－９グループホーム紫苑のさと", "url": "https://www.kaigokensaku.mhlw.go.jp/40/index.php?action_kouhyou_detail_004_kani=true&JigyosyoCd=4093800011-00&ServiceCd=320&Type=search", "url2": "http://www.amenitylife-f.co,jp" }, "geometry": { "type": "Point", "coordinates": [ 130.50401880000004, 33.5655761 ] } },
{ "type": "Feature", "properties": { "内容": "グループホーム同行園【認知症対応型共同生活介護】福岡県糟屋郡宇美町障子岳南２丁目14番25号", "url": "https://www.kaigokensaku.mhlw.go.jp/40/index.php?action_kouhyou_detail_004_kani=true&JigyosyoCd=4073800197-00&ServiceCd=320&Type=search", "url2": "http://www.dohogroup.jp" }, "geometry": { "type": "Point", "coordinates": [ 130.5382737, 33.5641211 ] } },
{ "type": "Feature", "properties": { "内容": "グループホーム　ひだまり【認知症対応型共同生活介護】糟屋郡篠栗町大字金出3279-1泯江堂介護センター", "url": "https://www.kaigokensaku.mhlw.go.jp/40/index.php?action_kouhyou_detail_004_kani=true&JigyosyoCd=4073900138-00&ServiceCd=320&Type=search", "url2": "minkodo-minohara.com" }, "geometry": { "type": "Point", "coordinates": [ 130.54158806454862, 33.630210730486603 ] } },
{ "type": "Feature", "properties": { "内容": "グループホーム　いやしの家【認知症対応型共同生活介護】福岡県糟屋郡志免町別府２丁目１番８号", "url": "https://www.kaigokensaku.mhlw.go.jp/40/index.php?action_kouhyou_detail_004_kani=true&JigyosyoCd=4074000219-00&ServiceCd=320&Type=search", "url2": "http://www.iyashinoie.jp/" }, "geometry": { "type": "Point", "coordinates": [ 130.464391299999988, 33.6012405 ] } },
{ "type": "Feature", "properties": { "内容": "グループホーム　水戸【認知症対応型共同生活介護】志免東４丁目1番２号", "url": "https://www.kaigokensaku.mhlw.go.jp/40/index.php?action_kouhyou_detail_004_kani=true&JigyosyoCd=4094000033-00&ServiceCd=320&Type=search", "url2": null }, "geometry": { "type": "Point", "coordinates": [ 130.493367341139219, 33.583843372233879 ] } },
{ "type": "Feature", "properties": { "内容": "グル－プホ－ム陽だまりの丘【認知症対応型共同生活介護】福岡県糟屋郡須惠町大字新原１４－７", "url": "https://www.kaigokensaku.mhlw.go.jp/40/index.php?action_kouhyou_detail_004_kani=true&JigyosyoCd=4074100100-00&ServiceCd=320&Type=search", "url2": "http://www.taihei.or.jp" }, "geometry": { "type": "Point", "coordinates": [ 130.5141784, 33.5795911 ] } },
{ "type": "Feature", "properties": { "内容": "グループホームももの里【認知症対応型共同生活介護】福岡県糟屋郡須恵町佐谷１１８１－５", "url": "https://www.kaigokensaku.mhlw.go.jp/40/index.php?action_kouhyou_detail_004_kani=true&JigyosyoCd=4074100175-00&ServiceCd=320&Type=search", "url2": "http://www.momo-no-sato.com/" }, "geometry": { "type": "Point", "coordinates": [ 130.527252, 33.5800328 ] } },
{ "type": "Feature", "properties": { "内容": "グループホーム吉松新宮【認知症対応型共同生活介護】福岡県糟屋郡新宮町下府１丁目4-12", "url": "https://www.kaigokensaku.mhlw.go.jp/40/index.php?action_kouhyou_detail_004_kani=true&JigyosyoCd=4094200062-00&ServiceCd=320&Type=search", "url2": null }, "geometry": { "type": "Point", "coordinates": [ 130.440451700000011, 33.7108711 ] } },
{ "type": "Feature", "properties": { "内容": "グループホームしんぐう【認知症対応型共同生活介護】福岡県糟屋郡新宮町下府１丁目4-12", "url": "https://www.kaigokensaku.mhlw.go.jp/40/index.php?action_kouhyou_detail_004_kani=true&JigyosyoCd=4094200070-00&ServiceCd=320&Type=search", "url2": "http://kaigo.lsneo.co.jp/gh_shingu/index.html" }, "geometry": { "type": "Point", "coordinates": [ 130.4404424, 33.7108888 ] } },
{ "type": "Feature", "properties": { "内容": "医療法人　原外科医院　グループホーム　Ｅｖｅｒ夜臼【認知症対応型共同生活介護】福岡県糟屋郡新宮町新宮東2丁目15番13号", "url": "https://www.kaigokensaku.mhlw.go.jp/40/index.php?action_kouhyou_detail_004_kani=true&JigyosyoCd=4094200047-00&ServiceCd=320&Type=search", "url2": null }, "geometry": { "type": "Point", "coordinates": [ 130.446213873680108, 33.704916425245671 ] } },
{ "type": "Feature", "properties": { "内容": "グループホーム　レイクウッド久山【認知症対応型共同生活介護】福岡県糟屋郡久山町大字猪野字池の浦1610-61グループホーム　レイクウッド久山", "url": "https://www.kaigokensaku.mhlw.go.jp/40/index.php?action_kouhyou_detail_004_kani=true&JigyosyoCd=4094300011-00&ServiceCd=320&Type=search", "url2": "http://www.lakewoodhisayama.com" }, "geometry": { "type": "Point", "coordinates": [ 130.499833599999988, 33.6468086 ] } },
{ "type": "Feature", "properties": { "内容": "グループホームなかばる【認知症対応型共同生活介護】糟屋郡粕屋町甲仲原1-20-23", "url": "https://www.kaigokensaku.mhlw.go.jp/40/index.php?action_kouhyou_detail_004_kani=true&JigyosyoCd=4094400050-00&ServiceCd=320&Type=search", "url2": "http://taro-cl.com" }, "geometry": { "type": "Point", "coordinates": [ 130.477617399999986, 33.6040458 ] } },
{ "type": "Feature", "properties": { "内容": "グループホーム朝茶【認知症対応型共同生活介護】福岡県粕屋町長者原西二丁目６番５０号", "url": "https://www.kaigokensaku.mhlw.go.jp/40/index.php?action_kouhyou_detail_004_kani=true&JigyosyoCd=4074400286-00&ServiceCd=320&Type=search", "url2": "http://asacha.jimdo.com/" }, "geometry": { "type": "Point", "coordinates": [ 130.470256899999981, 33.6184527 ] } },
{ "type": "Feature", "properties": { "内容": "グループホーム朝茶II【認知症対応型共同生活介護】福岡県糟屋郡粕屋町長者原西二丁目７番１６号", "url": "https://www.kaigokensaku.mhlw.go.jp/40/index.php?action_kouhyou_detail_004_kani=true&JigyosyoCd=4094400035-00&ServiceCd=320&Type=search", "url2": "http://asacha.jimdo.com/" }, "geometry": { "type": "Point", "coordinates": [ 130.470970699999953, 33.6183639 ] } },
{ "type": "Feature", "properties": { "内容": "グループホーム　かすや【認知症対応型共同生活介護】福岡県粕屋郡粕屋町甲仲原1-20-23", "url": "https://www.kaigokensaku.mhlw.go.jp/40/index.php?action_kouhyou_detail_004_kani=true&JigyosyoCd=4094400076-00&ServiceCd=320&Type=search", "url2": null }, "geometry": { "type": "Point", "coordinates": [ 130.477617400000014, 33.6040458 ] } },
{ "type": "Feature", "properties": { "内容": "グループホームくもじ【認知症対応型共同生活介護】福岡県遠賀郡芦屋町西浜町5番26号", "url": "https://www.kaigokensaku.mhlw.go.jp/40/index.php?action_kouhyou_detail_004_kani=true&JigyosyoCd=4074900103-00&ServiceCd=320&Type=search", "url2": null }, "geometry": { "type": "Point", "coordinates": [ 130.663005952114872, 33.896616981390231 ] } },
{ "type": "Feature", "properties": { "内容": "グループホーム芦屋はまゆう【認知症対応型共同生活介護】福岡県遠賀郡芦屋町山鹿1060", "url": "https://www.kaigokensaku.mhlw.go.jp/40/index.php?action_kouhyou_detail_004_kani=true&JigyosyoCd=4094900067-00&ServiceCd=320&Type=search", "url2": null }, "geometry": { "type": "Point", "coordinates": [ 130.6647811, 33.907305 ] } },
{ "type": "Feature", "properties": { "内容": "グループホームオアシス【認知症対応型共同生活介護】福岡県遠賀郡芦屋町大字芦屋1233-3", "url": "https://www.kaigokensaku.mhlw.go.jp/40/index.php?action_kouhyou_detail_004_kani=true&JigyosyoCd=4094900042-00&ServiceCd=320&Type=search", "url2": null }, "geometry": { "type": "Point", "coordinates": [ 130.6556051, 33.8717897 ] } },
{ "type": "Feature", "properties": { "内容": "グループホームなごみ水巻【認知症対応型共同生活介護】福岡県遠賀郡水巻町下二西２丁目３番２５号", "url": "https://www.kaigokensaku.mhlw.go.jp/40/index.php?action_kouhyou_detail_004_kani=true&JigyosyoCd=4095000016-00&ServiceCd=320&Type=search", "url2": null }, "geometry": { "type": "Point", "coordinates": [ 130.691147, 33.8493814 ] } },
{ "type": "Feature", "properties": { "内容": "グループホームみずまき【認知症対応型共同生活介護】福岡県遠賀郡水巻町吉田西3-15-11", "url": "https://www.kaigokensaku.mhlw.go.jp/40/index.php?action_kouhyou_detail_004_kani=true&JigyosyoCd=4075000168-00&ServiceCd=320&Type=search", "url2": null }, "geometry": { "type": "Point", "coordinates": [ 130.7032544, 33.8449156 ] } },
{ "type": "Feature", "properties": { "内容": "グループホーム　なのはな【認知症対応型共同生活介護】福岡県遠賀郡水巻町猪熊８丁目１６－３１", "url": "https://www.kaigokensaku.mhlw.go.jp/40/index.php?action_kouhyou_detail_004_kani=true&JigyosyoCd=4095000024-00&ServiceCd=320&Type=search", "url2": null }, "geometry": { "type": "Point", "coordinates": [ 130.684030099999973, 33.8817107 ] } },
{ "type": "Feature", "properties": { "内容": "グループホーム　希望の郷【認知症対応型共同生活介護】福岡県遠賀郡岡垣町旭台3丁目５－５", "url": "https://www.kaigokensaku.mhlw.go.jp/40/index.php?action_kouhyou_detail_004_kani=true&JigyosyoCd=4075100208-00&ServiceCd=320&Type=search", "url2": "https://care-net.biz/40/kibounosato/" }, "geometry": { "type": "Point", "coordinates": [ 130.6213447, 33.8587264 ] } },
{ "type": "Feature", "properties": { "内容": "グループホームひまわり【認知症対応型共同生活介護】福岡県遠賀郡岡垣町内浦955-1", "url": "https://www.kaigokensaku.mhlw.go.jp/40/index.php?action_kouhyou_detail_004_kani=true&JigyosyoCd=4075100273-00&ServiceCd=320&Type=search", "url2": null }, "geometry": { "type": "Point", "coordinates": [ 130.567481494442774, 33.870823794628606 ] } },
{ "type": "Feature", "properties": { "内容": "グループホームなごみ岡垣【認知症対応型共同生活介護】福岡県遠賀郡岡垣町大字三吉３８５番地", "url": "https://www.kaigokensaku.mhlw.go.jp/40/index.php?action_kouhyou_detail_004_kani=true&JigyosyoCd=4095100022-00&ServiceCd=320&Type=search", "url2": null }, "geometry": { "type": "Point", "coordinates": [ 130.594785799999954, 33.8639536 ] } },
{ "type": "Feature", "properties": { "内容": "グループホーム　更生会にじの郷【認知症対応型共同生活介護】福岡県遠賀郡岡垣町中央台3－22－1", "url": "https://www.kaigokensaku.mhlw.go.jp/40/index.php?action_kouhyou_detail_004_kani=true&JigyosyoCd=4095100030-00&ServiceCd=320&Type=search", "url2": "http://nihonsyouisya.jp/" }, "geometry": { "type": "Point", "coordinates": [ 130.62228001772155, 33.848348758236234 ] } },
{ "type": "Feature", "properties": { "内容": "グループホーム　きもりの家【認知症対応型共同生活介護】福岡県遠賀郡遠賀町浅木575番地", "url": "https://www.kaigokensaku.mhlw.go.jp/40/index.php?action_kouhyou_detail_004_kani=true&JigyosyoCd=4075200222-00&ServiceCd=320&Type=search", "url2": null }, "geometry": { "type": "Point", "coordinates": [ 130.668735594967643, 33.835307491120872 ] } },
{ "type": "Feature", "properties": { "内容": "グリーンリーフ遠賀【認知症対応型共同生活介護】福岡県遠賀郡遠賀町大字若松327-1", "url": "https://www.kaigokensaku.mhlw.go.jp/40/index.php?action_kouhyou_detail_004_kani=true&JigyosyoCd=4095200012-00&ServiceCd=320&Type=search", "url2": null }, "geometry": { "type": "Point", "coordinates": [ 130.673750091328117, 33.859599255723388 ] } },
{ "type": "Feature", "properties": { "内容": "グループホーム　あおぞら【認知症対応型共同生活介護】福岡県遠賀郡遠賀町虫生津南2番1号", "url": "https://www.kaigokensaku.mhlw.go.jp/40/index.php?action_kouhyou_detail_004_kani=true&JigyosyoCd=4095200038-00&ServiceCd=320&Type=search", "url2": null }, "geometry": { "type": "Point", "coordinates": [ 130.66866349999998, 33.820204 ] } },
{ "type": "Feature", "properties": { "内容": "グループホームこたけ【認知症対応型共同生活介護】御徳115‐3", "url": "https://www.kaigokensaku.mhlw.go.jp/40/index.php?action_kouhyou_detail_004_kani=true&JigyosyoCd=4095300010-00&ServiceCd=320&Type=search", "url2": "http://care-tanpopo.jp" }, "geometry": { "type": "Point", "coordinates": [ 130.720754199999988, 33.7030183 ] } },
{ "type": "Feature", "properties": { "内容": "グループホーム　新多園【認知症対応型共同生活介護】福岡県鞍手郡小竹町大字新多177-8", "url": "https://www.kaigokensaku.mhlw.go.jp/40/index.php?action_kouhyou_detail_004_kani=true&JigyosyoCd=4075300154-00&ServiceCd=320&Type=search", "url2": "http://niidaen.jp/" }, "geometry": { "type": "Point", "coordinates": [ 130.690078099999937, 33.696046 ] } },
{ "type": "Feature", "properties": { "内容": "グループホーム　陽だまり【認知症対応型共同生活介護】福岡県鞍手郡小竹町大字勝野２７７７番地", "url": "https://www.kaigokensaku.mhlw.go.jp/40/index.php?action_kouhyou_detail_004_kani=true&JigyosyoCd=4075300188-00&ServiceCd=320&Type=search", "url2": null }, "geometry": { "type": "Point", "coordinates": [ 130.701141300000018, 33.6910718 ] } },
{ "type": "Feature", "properties": { "内容": "グループホームきんもくせい【認知症対応型共同生活介護】鞍手郡小竹町大字勝野4202番地の7", "url": "https://www.kaigokensaku.mhlw.go.jp/40/index.php?action_kouhyou_detail_004_kani=true&JigyosyoCd=4075300204-00&ServiceCd=320&Type=search", "url2": "f-shinwakai.or.jp" }, "geometry": { "type": "Point", "coordinates": [ 130.700535599999967, 33.6848808 ] } },
{ "type": "Feature", "properties": { "内容": "グループホーム　敬寿【認知症対応型共同生活介護】福岡県鞍手郡小竹町大字勝野1751番地", "url": "https://www.kaigokensaku.mhlw.go.jp/40/index.php?action_kouhyou_detail_004_kani=true&JigyosyoCd=4075300139-00&ServiceCd=320&Type=search", "url2": "http://www.9-10.jp" }, "geometry": { "type": "Point", "coordinates": [ 130.699591599999962, 33.700779 ] } },
{ "type": "Feature", "properties": { "内容": "グループホーム　みずき【認知症対応型共同生活介護】福岡県鞍手郡小竹町大字新多１４１８-9", "url": "https://www.kaigokensaku.mhlw.go.jp/40/index.php?action_kouhyou_detail_004_kani=true&JigyosyoCd=4075300261-00&ServiceCd=320&Type=search", "url2": null }, "geometry": { "type": "Point", "coordinates": [ 130.693132209788985, 33.69426516081397 ] } },
{ "type": "Feature", "properties": { "内容": "(有)エバーグリーン　グループホームくるみ【認知症対応型共同生活介護】鞍手郡鞍手町大字中山3599番地", "url": "https://www.kaigokensaku.mhlw.go.jp/40/index.php?action_kouhyou_detail_004_kani=true&JigyosyoCd=4075400293-00&ServiceCd=320&Type=search", "url2": "https://www.caresuki-fukuoka-kaigo.jp/enterprisers/484" }, "geometry": { "type": "Point", "coordinates": [ 130.67447459999994, 33.7907185 ] } },
{ "type": "Feature", "properties": { "内容": "グループホームなごみ【認知症対応型共同生活介護】鞍手郡鞍手町大字小牧1969", "url": "https://www.kaigokensaku.mhlw.go.jp/40/index.php?action_kouhyou_detail_004_kani=true&JigyosyoCd=4075400376-00&ServiceCd=320&Type=search", "url2": null }, "geometry": { "type": "Point", "coordinates": [ 130.688868, 33.7948601 ] } },
{ "type": "Feature", "properties": { "内容": "グループホームやすらぎ園【認知症対応型共同生活介護】福岡県鞍手郡鞍手町大字木月1826番地1", "url": "https://www.kaigokensaku.mhlw.go.jp/40/index.php?action_kouhyou_detail_004_kani=true&JigyosyoCd=4075400285-00&ServiceCd=320&Type=search", "url2": "http://www.yasuragi-en.or.jp" }, "geometry": { "type": "Point", "coordinates": [ 130.676165925686632, 33.799340961285623 ] } },
{ "type": "Feature", "properties": { "内容": "グループホームかえで【認知症対応型共同生活介護】福岡県鞍手郡鞍手町大字室木８０１番地", "url": "https://www.kaigokensaku.mhlw.go.jp/40/index.php?action_kouhyou_detail_004_kani=true&JigyosyoCd=4075400327-00&ServiceCd=320&Type=search", "url2": null }, "geometry": { "type": "Point", "coordinates": [ 130.661883939881164, 33.754831001514098 ] } },
{ "type": "Feature", "properties": { "内容": "グループホーム　みやび【認知症対応型共同生活介護】福岡県鞍手郡鞍手町大字猪倉５４２番地", "url": "https://www.kaigokensaku.mhlw.go.jp/40/index.php?action_kouhyou_detail_004_kani=true&JigyosyoCd=4075400335-00&ServiceCd=320&Type=search", "url2": null }, "geometry": { "type": "Point", "coordinates": [ 130.686954300000025, 33.7966098 ] } },
{ "type": "Feature", "properties": { "内容": "グループホームあゆみ【認知症対応型共同生活介護】福岡県嘉穂郡桂川町土師１９６７－１", "url": "https://www.kaigokensaku.mhlw.go.jp/40/index.php?action_kouhyou_detail_004_kani=true&JigyosyoCd=4075700163-00&ServiceCd=320&Type=search", "url2": null }, "geometry": { "type": "Point", "coordinates": [ 130.689903400000048, 33.5717784 ] } },
{ "type": "Feature", "properties": { "内容": "グループホームあゆみ２番館【認知症対応型共同生活介護】福岡県嘉穂郡桂川町大字土師３２８５－１", "url": "https://www.kaigokensaku.mhlw.go.jp/40/index.php?action_kouhyou_detail_004_kani=true&JigyosyoCd=4095700011-00&ServiceCd=320&Type=search", "url2": "ayumi2ban@aqua.ocn.ne.jp" }, "geometry": { "type": "Point", "coordinates": [ 130.684062342119631, 33.571496613908536 ] } },
{ "type": "Feature", "properties": { "内容": "グループホーム弘医荘【認知症対応型共同生活介護】福岡県朝倉郡筑前町高上962", "url": "https://www.kaigokensaku.mhlw.go.jp/40/index.php?action_kouhyou_detail_004_kani=true&JigyosyoCd=4076700196-00&ServiceCd=320&Type=search", "url2": "http://www.kouikai.jp/" }, "geometry": { "type": "Point", "coordinates": [ 130.617732299999943, 33.424964 ] } },
{ "type": "Feature", "properties": { "内容": "グループホーム　さくら【認知症対応型共同生活介護】福岡県朝倉郡筑前町長者町２２６－５", "url": "https://www.kaigokensaku.mhlw.go.jp/40/index.php?action_kouhyou_detail_004_kani=true&JigyosyoCd=4076800061-00&ServiceCd=320&Type=search", "url2": "sakura.tikuzen.net" }, "geometry": { "type": "Point", "coordinates": [ 130.609796299999971, 33.4561269 ] } },
{ "type": "Feature", "properties": { "内容": "グループホーム　ふたば【認知症対応型共同生活介護】福岡県三井郡大刀洗町大字高樋字西中曽理１２４５番地１", "url": "https://www.kaigokensaku.mhlw.go.jp/40/index.php?action_kouhyou_detail_004_kani=true&JigyosyoCd=4077700096-00&ServiceCd=320&Type=search", "url2": "http://www.tachiarai-kouseien.jp/" }, "geometry": { "type": "Point", "coordinates": [ 130.622480200000041, 33.3723723 ] } },
{ "type": "Feature", "properties": { "内容": "聖母園　グループホーム【認知症対応型共同生活介護】福岡県三井郡大刀洗町大字今４９１番地", "url": "https://www.kaigokensaku.mhlw.go.jp/40/index.php?action_kouhyou_detail_004_kani=true&JigyosyoCd=4077700138-00&ServiceCd=320&Type=search", "url2": "https://www.kibou-no-oka.org/" }, "geometry": { "type": "Point", "coordinates": [ 130.597677166355879, 33.371063214743202 ] } },
{ "type": "Feature", "properties": { "内容": "グループホーム　幸【認知症対応型共同生活介護】福岡県三潴郡大木町大字侍島８６１", "url": "https://www.kaigokensaku.mhlw.go.jp/40/index.php?action_kouhyou_detail_004_kani=true&JigyosyoCd=4077900142-00&ServiceCd=320&Type=search", "url2": "http://www.h-miyukien.info/publics/index/41/" }, "geometry": { "type": "Point", "coordinates": [ 130.44788, 33.2053277 ] } },
{ "type": "Feature", "properties": { "内容": "ケアホーム和楽園【認知症対応型共同生活介護】福岡県三潴郡大木町絵下古賀284-1", "url": "https://www.kaigokensaku.mhlw.go.jp/40/index.php?action_kouhyou_detail_004_kani=true&JigyosyoCd=4097900031-00&ServiceCd=320&Type=search", "url2": null }, "geometry": { "type": "Point", "coordinates": [ 130.437158400000044, 33.2049108 ] } },
{ "type": "Feature", "properties": { "内容": "グループホーム朝日苑【認知症対応型共同生活介護】福岡県三潴郡大木町大字大藪１８６－１", "url": "https://www.kaigokensaku.mhlw.go.jp/40/index.php?action_kouhyou_detail_004_kani=true&JigyosyoCd=4097900015-00&ServiceCd=320&Type=search", "url2": "http//www.kumin.ne.jp/asahien/index.html" }, "geometry": { "type": "Point", "coordinates": [ 130.4496494, 33.1866073 ] } },
{ "type": "Feature", "properties": { "内容": "医）福田病院　グループホーム　とまと【認知症対応型共同生活介護】福岡県三潴郡大木町大角1133番地3グループホームとまと", "url": "https://www.kaigokensaku.mhlw.go.jp/40/index.php?action_kouhyou_detail_004_kani=true&JigyosyoCd=4077900159-00&ServiceCd=320&Type=search", "url2": null }, "geometry": { "type": "Point", "coordinates": [ 130.446043, 33.223514 ] } },
{ "type": "Feature", "properties": { "内容": "グループホームフォセット広川【認知症対応型共同生活介護】福岡県八女郡広川町大字長延630-1", "url": "https://www.kaigokensaku.mhlw.go.jp/40/index.php?action_kouhyou_detail_004_kani=true&JigyosyoCd=4098400049-00&ServiceCd=320&Type=search", "url2": "https://www.mare17519.co.jp/" }, "geometry": { "type": "Point", "coordinates": [ 130.5672643, 33.243877099999978 ] } },
{ "type": "Feature", "properties": { "内容": "若久グループホーム【認知症対応型共同生活介護】福岡県八女郡広川町新代1389－117", "url": "https://www.kaigokensaku.mhlw.go.jp/40/index.php?action_kouhyou_detail_004_kani=true&JigyosyoCd=4078400175-00&ServiceCd=320&Type=search", "url2": "https://www.kyueikai.jp/group/kyueikai-sv/" }, "geometry": { "type": "Point", "coordinates": [ 130.540524600000026, 33.2591706 ] } },
{ "type": "Feature", "properties": { "内容": "グループホームかすりの里【認知症対応型共同生活介護】福岡県八女郡広川町広川1263番地3", "url": "https://www.kaigokensaku.mhlw.go.jp/40/index.php?action_kouhyou_detail_004_kani=true&JigyosyoCd=4098400023-00&ServiceCd=320&Type=search", "url2": "http://www.hirokawa-west.co.jp" }, "geometry": { "type": "Point", "coordinates": [ 130.52288150000004, 33.2478325 ] } },
{ "type": "Feature", "properties": { "内容": "グループホーム銀杏の木【認知症対応型共同生活介護】福岡県八女郡広川町大字長延６３０番地２", "url": "https://www.kaigokensaku.mhlw.go.jp/40/index.php?action_kouhyou_detail_004_kani=true&JigyosyoCd=4098400015-00&ServiceCd=320&Type=search", "url2": "www.mare17519.co.jp" }, "geometry": { "type": "Point", "coordinates": [ 130.567151569047923, 33.243815870236183 ] } },
{ "type": "Feature", "properties": { "内容": "グループホームさん愛【認知症対応型共同生活介護】福岡県田川郡香春町大字香春1660-1", "url": "https://www.kaigokensaku.mhlw.go.jp/40/index.php?action_kouhyou_detail_004_kani=true&JigyosyoCd=4079200335-00&ServiceCd=320&Type=search", "url2": "http://www.sanai-gh.jp" }, "geometry": { "type": "Point", "coordinates": [ 130.82632, 33.6664247 ] } },
{ "type": "Feature", "properties": { "内容": "グループホーム　小春の家【認知症対応型共同生活介護】福岡県田川郡香春町大字鏡山268番地", "url": "https://www.kaigokensaku.mhlw.go.jp/40/index.php?action_kouhyou_detail_004_kani=true&JigyosyoCd=4079200202-00&ServiceCd=320&Type=search", "url2": null }, "geometry": { "type": "Point", "coordinates": [ 130.85231465581964, 33.679693756019219 ] } },
{ "type": "Feature", "properties": { "内容": "グループホーム　豊【認知症対応型共同生活介護】福岡県田川郡香春町大字採銅所5384‐１", "url": "https://www.kaigokensaku.mhlw.go.jp/40/index.php?action_kouhyou_detail_004_kani=true&JigyosyoCd=4079200319-00&ServiceCd=320&Type=search", "url2": "http://yutaka-d.net/facility/" }, "geometry": { "type": "Point", "coordinates": [ 130.85772350000002, 33.6962296 ] } },
{ "type": "Feature", "properties": { "内容": "株式会社　コスモピア公和苑【認知症対応型共同生活介護】福岡県田川郡香春町大字中津原字百畝1113番1", "url": "https://www.kaigokensaku.mhlw.go.jp/40/index.php?action_kouhyou_detail_004_kani=true&JigyosyoCd=4079200111-00&ServiceCd=320&Type=search", "url2": "http://www.kouwaen.com" }, "geometry": { "type": "Point", "coordinates": [ 130.838328442127931, 33.657994093300886 ] } },
{ "type": "Feature", "properties": { "内容": "グループホームマイライフ【認知症対応型共同生活介護】福岡県田川郡香春町中津原１９６５－１番地", "url": "https://www.kaigokensaku.mhlw.go.jp/40/index.php?action_kouhyou_detail_004_kani=true&JigyosyoCd=4099200026-00&ServiceCd=320&Type=search", "url2": "https://www.yoshinagainc.com/mylife-kawara" }, "geometry": { "type": "Point", "coordinates": [ 130.847622, 33.6501488 ] } },
{ "type": "Feature", "properties": { "内容": "グループホーム香春【認知症対応型共同生活介護】福岡県田川郡香春町香春７７６－２", "url": "https://www.kaigokensaku.mhlw.go.jp/40/index.php?action_kouhyou_detail_004_kani=true&JigyosyoCd=4079200285-00&ServiceCd=320&Type=search", "url2": "https://www.bgmgroup.co.jp/" }, "geometry": { "type": "Point", "coordinates": [ 130.841341300000067, 33.6677357 ] } },
{ "type": "Feature", "properties": { "内容": "グループホーム　添寿の里【認知症対応型共同生活介護】福岡県田川郡添田町大字庄1123－1", "url": "https://www.kaigokensaku.mhlw.go.jp/40/index.php?action_kouhyou_detail_004_kani=true&JigyosyoCd=4079300184-00&ServiceCd=320&Type=search", "url2": "http://www.tenjyu-kai.com/" }, "geometry": { "type": "Point", "coordinates": [ 130.852318299999979, 33.5773094 ] } },
{ "type": "Feature", "properties": { "内容": "グループホーム　みかんの木【認知症対応型共同生活介護】福岡県田川郡添田町大字添田1911-2", "url": "https://www.kaigokensaku.mhlw.go.jp/40/index.php?action_kouhyou_detail_004_kani=true&JigyosyoCd=4099300016-00&ServiceCd=320&Type=search", "url2": null }, "geometry": { "type": "Point", "coordinates": [ 130.8578513, 33.5759291 ] } },
{ "type": "Feature", "properties": { "内容": "良正会グループホーム糸田苑【認知症対応型共同生活介護】福岡県田川郡糸田町1698番地1", "url": "https://www.kaigokensaku.mhlw.go.jp/40/index.php?action_kouhyou_detail_004_kani=true&JigyosyoCd=4079500114-00&ServiceCd=320&Type=search", "url2": "http://www3.ocn.ne.jp/~houjuen" }, "geometry": { "type": "Point", "coordinates": [ 130.774229399344676, 33.655199902118603 ] } },
{ "type": "Feature", "properties": { "内容": "グループホーム　亀ハウス【認知症対応型共同生活介護】福岡県田川郡糸田町3123番地2", "url": "https://www.kaigokensaku.mhlw.go.jp/40/index.php?action_kouhyou_detail_004_kani=true&JigyosyoCd=4079500122-00&ServiceCd=320&Type=search", "url2": "http://hojuen.sakura.ne.jp" }, "geometry": { "type": "Point", "coordinates": [ 130.761683799999986, 33.648225 ] } },
{ "type": "Feature", "properties": { "内容": "有限会社　グループホーム　ひまわり【認知症対応型共同生活介護】福岡県田川郡糸田町４１４３－１", "url": "https://www.kaigokensaku.mhlw.go.jp/40/index.php?action_kouhyou_detail_004_kani=true&JigyosyoCd=4079500148-00&ServiceCd=320&Type=search", "url2": null }, "geometry": { "type": "Point", "coordinates": [ 130.779114099999987, 33.6528308 ] } },
{ "type": "Feature", "properties": { "内容": "グループホームあたか【認知症対応型共同生活介護】福岡県田川郡川崎町大字安眞木3083-2", "url": "https://www.kaigokensaku.mhlw.go.jp/40/index.php?action_kouhyou_detail_004_kani=true&JigyosyoCd=4079600534-00&ServiceCd=320&Type=search", "url2": null }, "geometry": { "type": "Point", "coordinates": [ 130.825964800000065, 33.561332700000037 ] } },
{ "type": "Feature", "properties": { "内容": "グループホーム菜の花苑【認知症対応型共同生活介護】福岡県田川郡川崎町大字安眞木３３９５番地", "url": "https://www.kaigokensaku.mhlw.go.jp/40/index.php?action_kouhyou_detail_004_kani=true&JigyosyoCd=4099600100-00&ServiceCd=320&Type=search", "url2": "http://heartymind.jp/" }, "geometry": { "type": "Point", "coordinates": [ 130.826872988976987, 33.564942865280635 ] } },
{ "type": "Feature", "properties": { "内容": "グループホームかがやき【認知症対応型共同生活介護】福岡県田川郡川崎町大字川崎112番地グループホームかがやき", "url": "https://www.kaigokensaku.mhlw.go.jp/40/index.php?action_kouhyou_detail_004_kani=true&JigyosyoCd=4099600118-00&ServiceCd=320&Type=search", "url2": null }, "geometry": { "type": "Point", "coordinates": [ 130.8327964, 33.5953529 ] } },
{ "type": "Feature", "properties": { "内容": "グループホーム　永井の里【認知症対応型共同生活介護】福岡県田川郡川崎町川崎4427", "url": "https://www.kaigokensaku.mhlw.go.jp/40/index.php?action_kouhyou_detail_004_kani=true&JigyosyoCd=4079600245-00&ServiceCd=320&Type=search", "url2": "https://furuawahospital.com" }, "geometry": { "type": "Point", "coordinates": [ 130.80123530000003, 33.5977229 ] } },
{ "type": "Feature", "properties": { "内容": "いきいきハウス池尻【認知症対応型共同生活介護】福岡県田川郡川崎町大字田原345-15", "url": "https://www.kaigokensaku.mhlw.go.jp/40/index.php?action_kouhyou_detail_004_kani=true&JigyosyoCd=4079600377-00&ServiceCd=320&Type=search", "url2": "https://bestcare-company.com/" }, "geometry": { "type": "Point", "coordinates": [ 130.817425210057991, 33.611938394919527 ] } },
{ "type": "Feature", "properties": { "内容": "グループホーム光【認知症対応型共同生活介護】福岡県田川郡川崎町大字田原１１２１", "url": "https://www.kaigokensaku.mhlw.go.jp/40/index.php?action_kouhyou_detail_004_kani=true&JigyosyoCd=4079600526-00&ServiceCd=320&Type=search", "url2": null }, "geometry": { "type": "Point", "coordinates": [ 130.810789800000066, 33.6055307 ] } },
{ "type": "Feature", "properties": { "内容": "グループホームなごみの里【認知症対応型共同生活介護】田川郡川崎町大字田原2185-1", "url": "https://www.kaigokensaku.mhlw.go.jp/40/index.php?action_kouhyou_detail_004_kani=true&JigyosyoCd=4079600401-00&ServiceCd=320&Type=search", "url2": null }, "geometry": { "type": "Point", "coordinates": [ 130.801604600000019, 33.6026696 ] } },
{ "type": "Feature", "properties": { "内容": "グループホームきずな【認知症対応型共同生活介護】福岡県田川郡川崎町大字田原７７７番地の７", "url": "https://www.kaigokensaku.mhlw.go.jp/40/index.php?action_kouhyou_detail_004_kani=true&JigyosyoCd=4099600092-00&ServiceCd=320&Type=search", "url2": null }, "geometry": { "type": "Point", "coordinates": [ 130.825185799999986, 33.6038701 ] } },
{ "type": "Feature", "properties": { "内容": "株式会社　グループホームよろこび【認知症対応型共同生活介護】田川郡大任町大字大行事４１２５－１グループホーム　よろこび", "url": "https://www.kaigokensaku.mhlw.go.jp/40/index.php?action_kouhyou_detail_004_kani=true&JigyosyoCd=4099900054-00&ServiceCd=320&Type=search", "url2": null }, "geometry": { "type": "Point", "coordinates": [ 130.846982055372592, 33.61439981662776 ] } },
{ "type": "Feature", "properties": { "内容": "グループホームしじみ苑【認知症対応型共同生活介護】福岡県田川郡大任町大字今任原３４８５－１", "url": "https://www.kaigokensaku.mhlw.go.jp/40/index.php?action_kouhyou_detail_004_kani=true&JigyosyoCd=4079900223-00&ServiceCd=320&Type=search", "url2": null }, "geometry": { "type": "Point", "coordinates": [ 130.845494480408661, 33.642316470118672 ] } },
{ "type": "Feature", "properties": { "内容": "有限会社　たかみねの里【認知症対応型共同生活介護】福岡県田川郡大任町大字大行事２７４５番地", "url": "https://www.kaigokensaku.mhlw.go.jp/40/index.php?action_kouhyou_detail_004_kani=true&JigyosyoCd=4079900215-00&ServiceCd=320&Type=search", "url2": "https://takaminenosato.p-kit.com/" }, "geometry": { "type": "Point", "coordinates": [ 130.857792099999983, 33.6071477 ] } },
{ "type": "Feature", "properties": { "内容": "グループホーム　幸【認知症対応型共同生活介護】福岡県田川郡大任町大字今任原3401-116", "url": "https://www.kaigokensaku.mhlw.go.jp/40/index.php?action_kouhyou_detail_004_kani=true&JigyosyoCd=4099900021-00&ServiceCd=320&Type=search", "url2": null }, "geometry": { "type": "Point", "coordinates": [ 130.846853, 33.6360031 ] } },
{ "type": "Feature", "properties": { "内容": "グループホーム　ほがらか【認知症対応型共同生活介護】福岡県田川郡赤村大字内田2234-1", "url": "https://www.kaigokensaku.mhlw.go.jp/40/index.php?action_kouhyou_detail_004_kani=true&JigyosyoCd=4070001021-00&ServiceCd=320&Type=search", "url2": "www.hatsueikai.or.jp" }, "geometry": { "type": "Point", "coordinates": [ 130.8715075, 33.6118894 ] } },
{ "type": "Feature", "properties": { "内容": "グループホーム心笑み赤村【認知症対応型共同生活介護】福岡県田川郡赤村大字内田２２２３－２７", "url": "https://www.kaigokensaku.mhlw.go.jp/40/index.php?action_kouhyou_detail_004_kani=true&JigyosyoCd=4070001419-00&ServiceCd=320&Type=search", "url2": null }, "geometry": { "type": "Point", "coordinates": [ 130.86364930000002, 33.6322512 ] } },
{ "type": "Feature", "properties": { "内容": "グループホーム花みずき【認知症対応型共同生活介護】福岡県田川郡赤村大字赤4538-4", "url": "https://www.kaigokensaku.mhlw.go.jp/40/index.php?action_kouhyou_detail_004_kani=true&JigyosyoCd=4097800017-00&ServiceCd=320&Type=search", "url2": null }, "geometry": { "type": "Point", "coordinates": [ 130.869226758491521, 33.610063315980085 ] } },
{ "type": "Feature", "properties": { "内容": "グループホーム　えがお【認知症対応型共同生活介護】田川郡福智町伊方2450番地17", "url": "https://www.kaigokensaku.mhlw.go.jp/40/index.php?action_kouhyou_detail_004_kani=true&JigyosyoCd=4079800217-00&ServiceCd=320&Type=search", "url2": null }, "geometry": { "type": "Point", "coordinates": [ 130.806346100000042, 33.6829339 ] } },
{ "type": "Feature", "properties": { "内容": "グループホームなごみの丘【認知症対応型共同生活介護】福岡県福智町伊方２５９４－１", "url": "https://www.kaigokensaku.mhlw.go.jp/40/index.php?action_kouhyou_detail_004_kani=true&JigyosyoCd=4079800225-00&ServiceCd=320&Type=search", "url2": "http://www.nagominooka.jp/inquiry.html" }, "geometry": { "type": "Point", "coordinates": [ 130.80398230000003, 33.676393 ] } },
{ "type": "Feature", "properties": { "内容": "グループホーム　あおぞら【認知症対応型共同生活介護】福岡県田川郡福智町赤池470番地2号", "url": "https://www.kaigokensaku.mhlw.go.jp/40/index.php?action_kouhyou_detail_004_kani=true&JigyosyoCd=4079700219-00&ServiceCd=320&Type=search", "url2": null }, "geometry": { "type": "Point", "coordinates": [ 130.759876, 33.6904234 ] } },
{ "type": "Feature", "properties": { "内容": "グループホーム　なごみ苑【認知症対応型共同生活介護】福岡県田川郡福智町金田９８７番地", "url": "https://www.kaigokensaku.mhlw.go.jp/40/index.php?action_kouhyou_detail_004_kani=true&JigyosyoCd=4079400190-00&ServiceCd=320&Type=search", "url2": null }, "geometry": { "type": "Point", "coordinates": [ 130.78302020000001, 33.6809338 ] } },
{ "type": "Feature", "properties": { "内容": "グループホーム　悠友【認知症対応型共同生活介護】福岡県田川郡福智町神崎1098-195", "url": "https://www.kaigokensaku.mhlw.go.jp/40/index.php?action_kouhyou_detail_004_kani=true&JigyosyoCd=4079400380-00&ServiceCd=320&Type=search", "url2": "gh.youyou2006@gmail.com" }, "geometry": { "type": "Point", "coordinates": [ 130.762750899999986, 33.6789635 ] } },
{ "type": "Feature", "properties": { "内容": "グループホームふくち【認知症対応型共同生活介護】福岡県田川郡福智町弁城４１９３番地２８", "url": "https://www.kaigokensaku.mhlw.go.jp/40/index.php?action_kouhyou_detail_004_kani=true&JigyosyoCd=4079800191-00&ServiceCd=320&Type=search", "url2": "http://www.fukuchikai.jp/" }, "geometry": { "type": "Point", "coordinates": [ 130.7801538, 33.696993 ] } },
{ "type": "Feature", "properties": { "内容": "グループホームあかいけ【認知症対応型共同生活介護】福岡県田川郡福智町赤池409-13", "url": "https://www.kaigokensaku.mhlw.go.jp/40/index.php?action_kouhyou_detail_004_kani=true&JigyosyoCd=4099400048-00&ServiceCd=320&Type=search", "url2": "http://www.houtokukai.com" }, "geometry": { "type": "Point", "coordinates": [ 130.760509299999967, 33.6891347 ] } },
{ "type": "Feature", "properties": { "内容": "グループホームほのぼの【認知症対応型共同生活介護】福岡県田川郡福智町弁城3081番地1", "url": "https://www.kaigokensaku.mhlw.go.jp/40/index.php?action_kouhyou_detail_004_kani=true&JigyosyoCd=4099400022-00&ServiceCd=320&Type=search", "url2": "http://www.sunhillsfukuchi.com" }, "geometry": { "type": "Point", "coordinates": [ 130.7813648, 33.6886467 ] } },
{ "type": "Feature", "properties": { "内容": "グループホーム　ひなたの家【認知症対応型共同生活介護】福岡県田川郡福智町弁城2482-1", "url": "https://www.kaigokensaku.mhlw.go.jp/40/index.php?action_kouhyou_detail_004_kani=true&JigyosyoCd=4079800233-00&ServiceCd=320&Type=search", "url2": null }, "geometry": { "type": "Point", "coordinates": [ 130.787658400000026, 33.6898635 ] } },
{ "type": "Feature", "properties": { "内容": "グループホームくぬぎの里【認知症対応型共同生活介護】福岡県田川郡福智町神崎１０５６-１１４", "url": "https://www.kaigokensaku.mhlw.go.jp/40/index.php?action_kouhyou_detail_004_kani=true&JigyosyoCd=4079400125-00&ServiceCd=320&Type=search", "url2": "https://qq8a8z3d.wixsite.com/kunugi" }, "geometry": { "type": "Point", "coordinates": [ 130.759537499999965, 33.6749637 ] } },
{ "type": "Feature", "properties": { "内容": "グループホーム徳星園【認知症対応型共同生活介護】福岡県田川郡福智町神崎７０６番地２", "url": "https://www.kaigokensaku.mhlw.go.jp/40/index.php?action_kouhyou_detail_004_kani=true&JigyosyoCd=4079400372-00&ServiceCd=320&Type=search", "url2": "http://koyo-keiju.jp" }, "geometry": { "type": "Point", "coordinates": [ 130.762559399999986, 33.6700422 ] } },
{ "type": "Feature", "properties": { "内容": "グループホーム　あがの【認知症対応型共同生活介護】福岡県田川郡福智町上野２６７８番地の1", "url": "https://www.kaigokensaku.mhlw.go.jp/40/index.php?action_kouhyou_detail_004_kani=true&JigyosyoCd=4079700201-00&ServiceCd=320&Type=search", "url2": "http://www.gh-agno.com/" }, "geometry": { "type": "Point", "coordinates": [ 130.774570899999958, 33.714513 ] } },
{ "type": "Feature", "properties": { "内容": "グループホーム　まごころ【認知症対応型共同生活介護】福岡県京都郡苅田町大字提字唐松2781番地", "url": "https://www.kaigokensaku.mhlw.go.jp/40/index.php?action_kouhyou_detail_004_kani=true&JigyosyoCd=4098000013-00&ServiceCd=320&Type=search", "url2": "http://www.hakuaikai-group.jp/hakuaien/" }, "geometry": { "type": "Point", "coordinates": [ 130.9805103, 33.7759209 ] } },
{ "type": "Feature", "properties": { "内容": "はーとふるかんだ【認知症対応型共同生活介護】福岡県京都郡苅田町若久町２丁目１８番地３", "url": "https://www.kaigokensaku.mhlw.go.jp/40/index.php?action_kouhyou_detail_004_kani=true&JigyosyoCd=4098000054-00&ServiceCd=320&Type=search", "url2": null }, "geometry": { "type": "Point", "coordinates": [ 130.97132217486876, 33.798532200459377 ] } },
{ "type": "Feature", "properties": { "内容": "グループホーム　いこいの里　小波瀬【認知症対応型共同生活介護】福岡県京都郡苅田町大字新津1505-27", "url": "https://www.kaigokensaku.mhlw.go.jp/40/index.php?action_kouhyou_detail_004_kani=true&JigyosyoCd=4070001351-00&ServiceCd=320&Type=search", "url2": "http://ikoino-sato.com" }, "geometry": { "type": "Point", "coordinates": [ 130.970561252323137, 33.756520720392245 ] } },
{ "type": "Feature", "properties": { "内容": "グループホーム　かすみそう【認知症対応型共同生活介護】福岡県京都郡苅田町大字稲光1244グループホームかすみそう", "url": "https://www.kaigokensaku.mhlw.go.jp/40/index.php?action_kouhyou_detail_004_kani=true&JigyosyoCd=4098000062-00&ServiceCd=320&Type=search", "url2": "http://www.kouwaen.or.jp" }, "geometry": { "type": "Point", "coordinates": [ 130.941016399999967, 33.7539801 ] } },
{ "type": "Feature", "properties": { "内容": "グループホーム　おひさまの家【認知症対応型共同生活介護】福岡県京都郡苅田町大字稲光字黒岩1130－1", "url": "https://www.kaigokensaku.mhlw.go.jp/40/index.php?action_kouhyou_detail_004_kani=true&JigyosyoCd=4070001153-00&ServiceCd=320&Type=search", "url2": null }, "geometry": { "type": "Point", "coordinates": [ 130.9805103, 33.7759209 ] } },
{ "type": "Feature", "properties": { "内容": "グループホーム　いやしのさと【認知症対応型共同生活介護】福岡県京都郡みやこ町国分1396番地", "url": "https://www.kaigokensaku.mhlw.go.jp/40/index.php?action_kouhyou_detail_004_kani=true&JigyosyoCd=4070000890-00&ServiceCd=320&Type=search", "url2": "http://iyashi310.web.fc2.com" }, "geometry": { "type": "Point", "coordinates": [ 130.971213700000021, 33.6877492 ] } },
{ "type": "Feature", "properties": { "内容": "グループホーム　美咲【認知症対応型共同生活介護】福岡県京都郡みやこ町犀川本庄458-2", "url": "https://www.kaigokensaku.mhlw.go.jp/40/index.php?action_kouhyou_detail_004_kani=true&JigyosyoCd=4070001385-00&ServiceCd=320&Type=search", "url2": null }, "geometry": { "type": "Point", "coordinates": [ 130.939968850926221, 33.650565462066567 ] } },
{ "type": "Feature", "properties": { "内容": "グループホーム　白梅の里【認知症対応型共同生活介護】福岡県京都郡みやこ町犀川久富1616番地", "url": "https://www.kaigokensaku.mhlw.go.jp/40/index.php?action_kouhyou_detail_004_kani=true&JigyosyoCd=4070000254-00&ServiceCd=320&Type=search", "url2": "http://saigawaen.jp/" }, "geometry": { "type": "Point", "coordinates": [ 130.959018499999956, 33.6601858 ] } },
{ "type": "Feature", "properties": { "内容": "マルミ苑グループホーム【認知症対応型共同生活介護】福岡県京都郡みやこ町犀川谷口４２５番地マルミ苑グループホーム", "url": "https://www.kaigokensaku.mhlw.go.jp/40/index.php?action_kouhyou_detail_004_kani=true&JigyosyoCd=4070001203-00&ServiceCd=320&Type=search", "url2": null }, "geometry": { "type": "Point", "coordinates": [ 130.934142699999938, 33.6593825 ] } },
{ "type": "Feature", "properties": { "内容": "グループホームつくし【認知症対応型共同生活介護】福岡県京都郡みやこ町勝山松田1133", "url": "https://www.kaigokensaku.mhlw.go.jp/40/index.php?action_kouhyou_detail_004_kani=true&JigyosyoCd=4070001211-00&ServiceCd=320&Type=search", "url2": null }, "geometry": { "type": "Point", "coordinates": [ 130.90645988465576, 33.692318026697976 ] } },
{ "type": "Feature", "properties": { "内容": "認知症高齢者グループホーム『みやこの愛』【認知症対応型共同生活介護】福岡県京都郡みやこ町豊津１２０５－１", "url": "https://www.kaigokensaku.mhlw.go.jp/40/index.php?action_kouhyou_detail_004_kani=true&JigyosyoCd=4070001377-00&ServiceCd=320&Type=search", "url2": null }, "geometry": { "type": "Point", "coordinates": [ 130.971083599999929, 33.6742036 ] } },
{ "type": "Feature", "properties": { "内容": "グループホームおおさかの里【認知症対応型共同生活介護】福岡県京都郡みやこ町犀川大坂６４６－１", "url": "https://www.kaigokensaku.mhlw.go.jp/40/index.php?action_kouhyou_detail_004_kani=true&JigyosyoCd=4070001401-00&ServiceCd=320&Type=search", "url2": null }, "geometry": { "type": "Point", "coordinates": [ 130.901837500000056, 33.6520386 ] } },
{ "type": "Feature", "properties": { "内容": "グループホームだんらん【認知症対応型共同生活介護】福岡県築上郡吉富町直江７７－４", "url": "https://www.kaigokensaku.mhlw.go.jp/40/index.php?action_kouhyou_detail_004_kani=true&JigyosyoCd=4070001195-00&ServiceCd=320&Type=search", "url2": null }, "geometry": { "type": "Point", "coordinates": [ 131.1670375, 33.6075842 ] } },
{ "type": "Feature", "properties": { "内容": "グループホーム　けやき【認知症対応型共同生活介護】福岡県築上郡吉富町大字広津６０３番地２", "url": "https://www.kaigokensaku.mhlw.go.jp/40/index.php?action_kouhyou_detail_004_kani=true&JigyosyoCd=4098800032-00&ServiceCd=320&Type=search", "url2": "http://www.higashi-hosp.net" }, "geometry": { "type": "Point", "coordinates": [ 131.173495300000013, 33.6019457 ] } },
{ "type": "Feature", "properties": { "内容": "グループホーム　照日ケ丘【認知症対応型共同生活介護】福岡県築上郡上毛町大字安雲585-44", "url": "https://www.kaigokensaku.mhlw.go.jp/40/index.php?action_kouhyou_detail_004_kani=true&JigyosyoCd=4070001286-00&ServiceCd=320&Type=search", "url2": "http//minori-kai.or.jp/" }, "geometry": { "type": "Point", "coordinates": [ 131.1433035, 33.5720855 ] } },
{ "type": "Feature", "properties": { "内容": "グループホーム　シャラの木【認知症対応型共同生活介護】福岡県築上郡築上町大字東築城1630-1", "url": "https://www.kaigokensaku.mhlw.go.jp/40/index.php?action_kouhyou_detail_004_kani=true&JigyosyoCd=4099800015-00&ServiceCd=320&Type=search", "url2": "http://www.higasitsuikihoikuen.com/" }, "geometry": { "type": "Point", "coordinates": [ 131.035113700428838, 33.672107089873954 ] } },
{ "type": "Feature", "properties": { "内容": "グループホーム浜の宮【認知症対応型共同生活介護】福岡県築上郡築上町大字高塚763番地3", "url": "https://www.kaigokensaku.mhlw.go.jp/40/index.php?action_kouhyou_detail_004_kani=true&JigyosyoCd=4070001260-00&ServiceCd=320&Type=search", "url2": null }, "geometry": { "type": "Point", "coordinates": [ 131.063539799999916, 33.6568708 ] } }
]
}
