{
"type": "FeatureCollection",
"name": "geo_40_通所介護",
"crs": { "type": "name", "properties": { "name": "urn:ogc:def:crs:OGC:1.3:CRS84" } },
"features": [
{ "type": "Feature", "properties": { "内容": "リハビリ特化型デイサービス　A-Frame【通所介護】福岡県北九州市門司区大字田野浦957-1ハピネス田野浦102号", "url": "https://www.kaigokensaku.mhlw.go.jp/40/index.php?action_kouhyou_detail_004_kani=true&JigyosyoCd=4070102431-00&ServiceCd=150&Type=search", "url2": "http://www.reha-mahalo.com/" }, "geometry": { "type": "Point", "coordinates": [ 130.992858188360657, 33.960130887854312 ] } },
{ "type": "Feature", "properties": { "内容": "ふれんどケアセンター西新町【通所介護】西新町1丁目6-1-101マツヤビル1F", "url": "https://www.kaigokensaku.mhlw.go.jp/40/index.php?action_kouhyou_detail_004_kani=true&JigyosyoCd=4070102571-00&ServiceCd=150&Type=search", "url2": null }, "geometry": { "type": "Point", "coordinates": [ 130.922289500000034, 33.8916847 ] } },
{ "type": "Feature", "properties": { "内容": "デイサービスいかわ【通所介護】福岡県北九州市門司区大字伊川1058-3", "url": "https://www.kaigokensaku.mhlw.go.jp/40/index.php?action_kouhyou_detail_004_kani=true&JigyosyoCd=4070103033-00&ServiceCd=150&Type=search", "url2": "https://ikawa-elementary-school.amebaownd.com/" }, "geometry": { "type": "Point", "coordinates": [ 130.977924552114899, 33.910114468051034 ] } },
{ "type": "Feature", "properties": { "内容": "通所介護桑の実【通所介護】福岡県北九州市門司区上本町1－44住宅型有料老人ホーム　桑の実", "url": "https://www.kaigokensaku.mhlw.go.jp/40/index.php?action_kouhyou_detail_004_kani=true&JigyosyoCd=4070102316-00&ServiceCd=150&Type=search", "url2": "kagetuenn.kobayashi@triton.osn.ne.jp" }, "geometry": { "type": "Point", "coordinates": [ 130.979663699999946, 33.944813 ] } },
{ "type": "Feature", "properties": { "内容": "たかさごデイサービス【通所介護】福岡県北九州市門司区黒川西2丁目6番2号", "url": "https://www.kaigokensaku.mhlw.go.jp/40/index.php?action_kouhyou_detail_004_kani=true&JigyosyoCd=4070100815-00&ServiceCd=150&Type=search", "url2": "https://takasagoen.jp" }, "geometry": { "type": "Point", "coordinates": [ 130.980855764418038, 33.919313499834786 ] } },
{ "type": "Feature", "properties": { "内容": "ニチイケアセンター門司【通所介護】福岡県北九州市門司区錦町4番22号", "url": "https://www.kaigokensaku.mhlw.go.jp/40/index.php?action_kouhyou_detail_004_kani=true&JigyosyoCd=4070100260-00&ServiceCd=150&Type=search", "url2": "http://www.nichiigakkan.co.jp" }, "geometry": { "type": "Point", "coordinates": [ 130.967728699999952, 33.9444242 ] } },
{ "type": "Feature", "properties": { "内容": "ケアライフ門司デイサービスセンター【通所介護】福岡県北九州市門司区寺内5丁目2番1号", "url": "https://www.kaigokensaku.mhlw.go.jp/40/index.php?action_kouhyou_detail_004_kani=true&JigyosyoCd=4070101599-00&ServiceCd=150&Type=search", "url2": "http://www.bestlife1165.com/" }, "geometry": { "type": "Point", "coordinates": [ 130.949037, 33.903775299999985 ] } },
{ "type": "Feature", "properties": { "内容": "北九州市立ふれあいむら社ノ木デイサービスセンター【通所介護】北九州市門司区社ノ木２丁目４番１号", "url": "https://www.kaigokensaku.mhlw.go.jp/40/index.php?action_kouhyou_detail_004_kani=true&JigyosyoCd=4070100138-00&ServiceCd=150&Type=search", "url2": null }, "geometry": { "type": "Point", "coordinates": [ 130.928611573680115, 33.892785495406223 ] } },
{ "type": "Feature", "properties": { "内容": "あおぞらの里　戸ノ上デイサービスセンター【通所介護】福岡県北九州市門司区大里戸ノ上２丁目３番２２号", "url": "https://www.kaigokensaku.mhlw.go.jp/40/index.php?action_kouhyou_detail_004_kani=true&JigyosyoCd=4070100401-00&ServiceCd=150&Type=search", "url2": "http://www.cedar-web.com/" }, "geometry": { "type": "Point", "coordinates": [ 130.940651600000024, 33.9053001 ] } },
{ "type": "Feature", "properties": { "内容": "NPO法人生活支援館「パートナー」デイサービスセンター【通所介護】福岡県北九州市門司区柳町4丁目9-25", "url": "https://www.kaigokensaku.mhlw.go.jp/40/index.php?action_kouhyou_detail_004_kani=true&JigyosyoCd=4070100609-00&ServiceCd=150&Type=search", "url2": "http://www.ss-partner.com" }, "geometry": { "type": "Point", "coordinates": [ 130.94090170000004, 33.901806 ] } },
{ "type": "Feature", "properties": { "内容": "きたふくデイサービスセンター「自悠茶論」大里【通所介護】福岡県北九州市門司区大里東2丁目15－4", "url": "https://www.kaigokensaku.mhlw.go.jp/40/index.php?action_kouhyou_detail_004_kani=true&JigyosyoCd=4070100765-00&ServiceCd=150&Type=search", "url2": "https://kitafuku.co.jp/" }, "geometry": { "type": "Point", "coordinates": [ 130.943512300000066, 33.9122911 ] } },
{ "type": "Feature", "properties": { "内容": "デイサービス　なごみ【通所介護】福岡県北九州市門司区大里戸の上１丁目９－２６ー１号丸正ビル", "url": "https://www.kaigokensaku.mhlw.go.jp/40/index.php?action_kouhyou_detail_004_kani=true&JigyosyoCd=4070100914-00&ServiceCd=150&Type=search", "url2": null }, "geometry": { "type": "Point", "coordinates": [ 130.938215200000059, 33.9062216 ] } },
{ "type": "Feature", "properties": { "内容": "ケアハウス好日苑デイサービスセンター【通所介護】北九州市門司区大里戸ノ上４丁目１－４０", "url": "https://www.kaigokensaku.mhlw.go.jp/40/index.php?action_kouhyou_detail_004_kani=true&JigyosyoCd=4070101045-00&ServiceCd=150&Type=search", "url2": "http://www.koujitsuen.com/" }, "geometry": { "type": "Point", "coordinates": [ 130.945833789549283, 33.903037362574302 ] } },
{ "type": "Feature", "properties": { "内容": "ニチイケアセンター早鞆【通所介護】福岡県北九州市門司区清見４丁目13-6", "url": "https://www.kaigokensaku.mhlw.go.jp/40/index.php?action_kouhyou_detail_004_kani=true&JigyosyoCd=4070101078-00&ServiceCd=150&Type=search", "url2": "http:www.nichiigakkan.co.jp" }, "geometry": { "type": "Point", "coordinates": [ 130.982757699999979, 33.9491125 ] } },
{ "type": "Feature", "properties": { "内容": "さわやか和布刈館デイサービスセンター【通所介護】福岡県北九州市門司区大久保1丁目9番15号", "url": "https://www.kaigokensaku.mhlw.go.jp/40/index.php?action_kouhyou_detail_004_kani=true&JigyosyoCd=4070101342-00&ServiceCd=150&Type=search", "url2": "http://www.sawayakaclub.jp/" }, "geometry": { "type": "Point", "coordinates": [ 130.9739502, 33.9568588 ] } },
{ "type": "Feature", "properties": { "内容": "さわやか新門司館　デイサービスセンター【通所介護】福岡県北九州市門司区大字畑１５４３－１", "url": "https://www.kaigokensaku.mhlw.go.jp/40/index.php?action_kouhyou_detail_004_kani=true&JigyosyoCd=4070101490-00&ServiceCd=150&Type=search", "url2": "http://www.sawayakaclub.jp" }, "geometry": { "type": "Point", "coordinates": [ 130.974860499999977, 33.876493 ] } },
{ "type": "Feature", "properties": { "内容": "ふれんどケアセンター永黒【通所介護】北九州市門司区永黒2丁目5-15", "url": "https://www.kaigokensaku.mhlw.go.jp/40/index.php?action_kouhyou_detail_004_kani=true&JigyosyoCd=4070101979-00&ServiceCd=150&Type=search", "url2": null }, "geometry": { "type": "Point", "coordinates": [ 130.949559099999988, 33.9085637 ] } },
{ "type": "Feature", "properties": { "内容": "デイルームだんらん【通所介護】大里東四丁目12番30号", "url": "https://www.kaigokensaku.mhlw.go.jp/40/index.php?action_kouhyou_detail_004_kani=true&JigyosyoCd=4070102233-00&ServiceCd=150&Type=search", "url2": null }, "geometry": { "type": "Point", "coordinates": [ 130.944667799999934, 33.9114106 ] } },
{ "type": "Feature", "properties": { "内容": "春風デイサ－ビス【通所介護】福岡県北九州市門司区鳴竹一丁目14番17号", "url": "https://www.kaigokensaku.mhlw.go.jp/40/index.php?action_kouhyou_detail_004_kani=true&JigyosyoCd=4070102449-00&ServiceCd=150&Type=search", "url2": "http://www.yojuen.com/kasugahospital/profile/" }, "geometry": { "type": "Point", "coordinates": [ 130.98821810000004, 33.9547924 ] } },
{ "type": "Feature", "properties": { "内容": "ふれんどケアセンター【通所介護】永黒２丁目5-16", "url": "https://www.kaigokensaku.mhlw.go.jp/40/index.php?action_kouhyou_detail_004_kani=true&JigyosyoCd=4070102472-00&ServiceCd=150&Type=search", "url2": null }, "geometry": { "type": "Point", "coordinates": [ 130.949559099999988, 33.9085637 ] } },
{ "type": "Feature", "properties": { "内容": "デイサービスセンター　海峡つばさ館【通所介護】福岡県北九州市門司区松原１丁目6-18", "url": "https://www.kaigokensaku.mhlw.go.jp/40/index.php?action_kouhyou_detail_004_kani=true&JigyosyoCd=4070102829-00&ServiceCd=150&Type=search", "url2": null }, "geometry": { "type": "Point", "coordinates": [ 130.925011499999982, 33.9001006 ] } },
{ "type": "Feature", "properties": { "内容": "デイサービスもじっこ【通所介護】東門司2丁目3-22", "url": "https://www.kaigokensaku.mhlw.go.jp/40/index.php?action_kouhyou_detail_004_kani=true&JigyosyoCd=4070102985-00&ServiceCd=150&Type=search", "url2": "https://www.akitake-iin.com/" }, "geometry": { "type": "Point", "coordinates": [ 130.972264398367372, 33.948184870185536 ] } },
{ "type": "Feature", "properties": { "内容": "カフェトレ　だんらん【通所介護】福岡県北九州市門司区大里本町３丁目10-101", "url": "https://www.kaigokensaku.mhlw.go.jp/40/index.php?action_kouhyou_detail_004_kani=true&JigyosyoCd=4070103116-00&ServiceCd=150&Type=search", "url2": null }, "geometry": { "type": "Point", "coordinates": [ 130.929073300000027, 33.904294 ] } },
{ "type": "Feature", "properties": { "内容": "サポートセンター門司　デイサービス【通所介護】福岡県北九州市門司区松原１丁目３番８号", "url": "https://www.kaigokensaku.mhlw.go.jp/40/index.php?action_kouhyou_detail_004_kani=true&JigyosyoCd=4070102563-00&ServiceCd=150&Type=search", "url2": "http://www.hibiki.or.jp/" }, "geometry": { "type": "Point", "coordinates": [ 130.92459759999997, 33.9008589 ] } },
{ "type": "Feature", "properties": { "内容": "ホームタウン大里【通所介護】福岡県北九州市門司区柳町1丁目6番10号", "url": "https://www.kaigokensaku.mhlw.go.jp/40/index.php?action_kouhyou_detail_004_kani=true&JigyosyoCd=4070102654-00&ServiceCd=150&Type=search", "url2": null }, "geometry": { "type": "Point", "coordinates": [ 130.937188099999958, 33.9053029 ] } },
{ "type": "Feature", "properties": { "内容": "デイサービスるんるん社ノ木【通所介護】福岡県北九州市門司区社ノ木1-17-5メゾン社ノ木　1階", "url": "https://www.kaigokensaku.mhlw.go.jp/40/index.php?action_kouhyou_detail_004_kani=true&JigyosyoCd=4070102936-00&ServiceCd=150&Type=search", "url2": "https://momo-nyanko.com" }, "geometry": { "type": "Point", "coordinates": [ 130.9271843, 33.8931939 ] } },
{ "type": "Feature", "properties": { "内容": "リハビリ特化型デイサービスPLAN-B【通所介護】北九州市門司区寺内3丁目7-3", "url": "https://www.kaigokensaku.mhlw.go.jp/40/index.php?action_kouhyou_detail_004_kani=true&JigyosyoCd=4070102639-00&ServiceCd=150&Type=search", "url2": "http://reha-mahalo.com/" }, "geometry": { "type": "Point", "coordinates": [ 130.945873260498047, 33.903661617329178 ] } },
{ "type": "Feature", "properties": { "内容": "リハビリ特化型デイサービスHINATA【通所介護】福岡県北九州市門司区片上海岸4番18号", "url": "https://www.kaigokensaku.mhlw.go.jp/40/index.php?action_kouhyou_detail_004_kani=true&JigyosyoCd=4070102886-00&ServiceCd=150&Type=search", "url2": null }, "geometry": { "type": "Point", "coordinates": [ 130.942700699999932, 33.929256 ] } },
{ "type": "Feature", "properties": { "内容": "リハビリ特化型デイサービスGOAL-D【通所介護】福岡県北九州市門司区黒川西3ｰ10ｰ19", "url": "https://www.kaigokensaku.mhlw.go.jp/40/index.php?action_kouhyou_detail_004_kani=true&JigyosyoCd=4070103199-00&ServiceCd=150&Type=search", "url2": "https://reha-mahalo.com/goal-d/" }, "geometry": { "type": "Point", "coordinates": [ 130.9825907, 33.9205146 ] } },
{ "type": "Feature", "properties": { "内容": "パナソニックエイジフリーケアセンター北九州門司・デイサービス【通所介護】福岡県北九州市門司区大里本町２丁目4-33", "url": "https://www.kaigokensaku.mhlw.go.jp/40/index.php?action_kouhyou_detail_004_kani=true&JigyosyoCd=4070102977-00&ServiceCd=150&Type=search", "url2": "https://sumai.panasonic.jp/agefree/map/detail.php?id=419" }, "geometry": { "type": "Point", "coordinates": [ 130.9339158, 33.9113133 ] } },
{ "type": "Feature", "properties": { "内容": "デイサービスセンター　　ライフポート若松【通所介護】北九州市若松区藤ノ木２丁目１番２２号", "url": "https://www.kaigokensaku.mhlw.go.jp/40/index.php?action_kouhyou_detail_004_kani=true&JigyosyoCd=4070200227-00&ServiceCd=150&Type=search", "url2": "http://www.lifeport.or.jp" }, "geometry": { "type": "Point", "coordinates": [ 130.781265399999938, 33.89279 ] } },
{ "type": "Feature", "properties": { "内容": "ひびき荘第２デイサービスセンター【通所介護】北九州市若松区西園町１１－２８", "url": "https://www.kaigokensaku.mhlw.go.jp/40/index.php?action_kouhyou_detail_004_kani=true&JigyosyoCd=4070200755-00&ServiceCd=150&Type=search", "url2": "hibikisoudai2@hibiki.or.jp" }, "geometry": { "type": "Point", "coordinates": [ 130.801913199999944, 33.9092803 ] } },
{ "type": "Feature", "properties": { "内容": "のぞみデイサービス【通所介護】北九州市若松区畠田三丁目749番地1", "url": "https://www.kaigokensaku.mhlw.go.jp/40/index.php?action_kouhyou_detail_004_kani=true&JigyosyoCd=4070201050-00&ServiceCd=150&Type=search", "url2": "https://www.nozomi-sogopuran.com" }, "geometry": { "type": "Point", "coordinates": [ 130.741683128449949, 33.904156391269318 ] } },
{ "type": "Feature", "properties": { "内容": "かえるデイサービス【通所介護】北九州市若松区畠田２丁目２－２１", "url": "https://www.kaigokensaku.mhlw.go.jp/40/index.php?action_kouhyou_detail_004_kani=true&JigyosyoCd=4070201159-00&ServiceCd=150&Type=search", "url2": null }, "geometry": { "type": "Point", "coordinates": [ 130.743257, 33.9036324 ] } },
{ "type": "Feature", "properties": { "内容": "通所処これから【通所介護】和田町14-26", "url": "https://www.kaigokensaku.mhlw.go.jp/40/index.php?action_kouhyou_detail_004_kani=true&JigyosyoCd=4070202199-00&ServiceCd=150&Type=search", "url2": "http://fukushi-kk.com/" }, "geometry": { "type": "Point", "coordinates": [ 130.790347900000029, 33.8925792 ] } },
{ "type": "Feature", "properties": { "内容": "介護老人保健施設　シルバーケア玄海デイサービスセンター【通所介護】北九州市若松区大字有毛２９２４", "url": "https://www.kaigokensaku.mhlw.go.jp/40/index.php?action_kouhyou_detail_004_kani=true&JigyosyoCd=4070200540-00&ServiceCd=150&Type=search", "url2": "http://www.seishukai.jp" }, "geometry": { "type": "Point", "coordinates": [ 130.689030799999955, 33.9340499 ] } },
{ "type": "Feature", "properties": { "内容": "デイサービス　ゑびす【通所介護】北九州市若松区浜町１丁目３－１", "url": "https://www.kaigokensaku.mhlw.go.jp/40/index.php?action_kouhyou_detail_004_kani=true&JigyosyoCd=4070201274-00&ServiceCd=150&Type=search", "url2": "http://www.yoshino-care.com" }, "geometry": { "type": "Point", "coordinates": [ 130.812953900000025, 33.9044812 ] } },
{ "type": "Feature", "properties": { "内容": "ツクイ若松高須【通所介護】高須東3丁目５－３０", "url": "https://www.kaigokensaku.mhlw.go.jp/40/index.php?action_kouhyou_detail_004_kani=true&JigyosyoCd=4070202306-00&ServiceCd=150&Type=search", "url2": null }, "geometry": { "type": "Point", "coordinates": [ 130.6968783, 33.8856816 ] } },
{ "type": "Feature", "properties": { "内容": "デイサービス　くきのはま【通所介護】北九州市若松区本町2丁目17-1ベイサイドプラザ若松別館3F", "url": "https://www.kaigokensaku.mhlw.go.jp/40/index.php?action_kouhyou_detail_004_kani=true&JigyosyoCd=4070201258-00&ServiceCd=150&Type=search", "url2": "info@yoshino-care.com" }, "geometry": { "type": "Point", "coordinates": [ 130.809048699999948, 33.9019897 ] } },
{ "type": "Feature", "properties": { "内容": "デイサービスセンターすずらん【通所介護】福岡県北九州市若松区大字畠田25-1すずらんの家", "url": "https://www.kaigokensaku.mhlw.go.jp/40/index.php?action_kouhyou_detail_004_kani=true&JigyosyoCd=4070201381-00&ServiceCd=150&Type=search", "url2": "http://www.suzuran-home.com/" }, "geometry": { "type": "Point", "coordinates": [ 130.748620599999981, 33.9004661 ] } },
{ "type": "Feature", "properties": { "内容": "デイサービス花芽【通所介護】福岡県北九州市若松区赤崎町10番1号", "url": "https://www.kaigokensaku.mhlw.go.jp/40/index.php?action_kouhyou_detail_004_kani=true&JigyosyoCd=4070202355-00&ServiceCd=150&Type=search", "url2": "https://day-haname.com/" }, "geometry": { "type": "Point", "coordinates": [ 130.7894986, 33.9182876 ] } },
{ "type": "Feature", "properties": { "内容": "デイサービス　ファースト【通所介護】北九州市若松区北湊町5番23号ハッスルリード2号室、3号室", "url": "https://www.kaigokensaku.mhlw.go.jp/40/index.php?action_kouhyou_detail_004_kani=true&JigyosyoCd=4070202488-00&ServiceCd=150&Type=search", "url2": "https://day-1st.co.jp" }, "geometry": { "type": "Point", "coordinates": [ 130.801838800000013, 33.9140469 ] } },
{ "type": "Feature", "properties": { "内容": "ひびき荘デイサービスセンター【通所介護】北九州市若松区大字安屋３３１０－３", "url": "https://www.kaigokensaku.mhlw.go.jp/40/index.php?action_kouhyou_detail_004_kani=true&JigyosyoCd=4070200193-00&ServiceCd=150&Type=search", "url2": "http://www.hibiki.or.jp" }, "geometry": { "type": "Point", "coordinates": [ 130.700818199999958, 33.9358334 ] } },
{ "type": "Feature", "properties": { "内容": "リハビリデイサービスいきいき【通所介護】福岡県北九州市若松区青葉台西6-2-11", "url": "https://www.kaigokensaku.mhlw.go.jp/40/index.php?action_kouhyou_detail_004_kani=true&JigyosyoCd=4070200409-00&ServiceCd=150&Type=search", "url2": "ikik123homepage@yahoo.co.jp" }, "geometry": { "type": "Point", "coordinates": [ 130.68405180000002, 33.8995002 ] } },
{ "type": "Feature", "properties": { "内容": "デイサービスセンター若松【通所介護】北九州市若松区西園町９番２１号", "url": "https://www.kaigokensaku.mhlw.go.jp/40/index.php?action_kouhyou_detail_004_kani=true&JigyosyoCd=4070200466-00&ServiceCd=150&Type=search", "url2": "http://www.shinsetsu.net" }, "geometry": { "type": "Point", "coordinates": [ 130.801893699999937, 33.9101247 ] } },
{ "type": "Feature", "properties": { "内容": "デイサービスセンターけやきの杜【通所介護】福岡県北九州市若松区西小石町17番27号", "url": "https://www.kaigokensaku.mhlw.go.jp/40/index.php?action_kouhyou_detail_004_kani=true&JigyosyoCd=4070200862-00&ServiceCd=150&Type=search", "url2": "http://www.e-keyaki.jp/" }, "geometry": { "type": "Point", "coordinates": [ 130.7901531, 33.9186094 ] } },
{ "type": "Feature", "properties": { "内容": "デイサービスセンター　そよ風【通所介護】東小石町６－３６", "url": "https://www.kaigokensaku.mhlw.go.jp/40/index.php?action_kouhyou_detail_004_kani=true&JigyosyoCd=4070201910-00&ServiceCd=150&Type=search", "url2": null }, "geometry": { "type": "Point", "coordinates": [ 130.79477361904901, 33.918313746540761 ] } },
{ "type": "Feature", "properties": { "内容": "デイライフ晴れる家【通所介護】北九州市若松区畠田1-14-45", "url": "https://www.kaigokensaku.mhlw.go.jp/40/index.php?action_kouhyou_detail_004_kani=true&JigyosyoCd=4070202181-00&ServiceCd=150&Type=search", "url2": "http://www.kiraku-house.com" }, "geometry": { "type": "Point", "coordinates": [ 130.749187844844073, 33.904255370560072 ] } },
{ "type": "Feature", "properties": { "内容": "デイサービスリアリゼひびきの【通所介護】福岡県若松区塩屋3丁目7番5号", "url": "https://www.kaigokensaku.mhlw.go.jp/40/index.php?action_kouhyou_detail_004_kani=true&JigyosyoCd=4070202231-00&ServiceCd=150&Type=search", "url2": "https://www.riarize.jp" }, "geometry": { "type": "Point", "coordinates": [ 130.717489300000011, 33.891125 ] } },
{ "type": "Feature", "properties": { "内容": "喜楽の家デイサービスセンター【通所介護】青葉台西6丁目２－１２", "url": "https://www.kaigokensaku.mhlw.go.jp/40/index.php?action_kouhyou_detail_004_kani=true&JigyosyoCd=4070202330-00&ServiceCd=150&Type=search", "url2": "www.kiraku-house.com" }, "geometry": { "type": "Point", "coordinates": [ 130.680675400000013, 33.9036391 ] } },
{ "type": "Feature", "properties": { "内容": "ライフナビひびきの【通所介護】北九州市若松区小敷ひびきの2-2-10", "url": "https://www.kaigokensaku.mhlw.go.jp/40/index.php?action_kouhyou_detail_004_kani=true&JigyosyoCd=4070202413-00&ServiceCd=150&Type=search", "url2": null }, "geometry": { "type": "Point", "coordinates": [ 130.703706, 33.8921566 ] } },
{ "type": "Feature", "properties": { "内容": "デイサービス若松のたいよう【通所介護】福岡県北九州市若松区青葉台西62-19", "url": "https://www.kaigokensaku.mhlw.go.jp/40/index.php?action_kouhyou_detail_004_kani=true&JigyosyoCd=4070202447-00&ServiceCd=150&Type=search", "url2": "https://www.taiyouhome.com" }, "geometry": { "type": "Point", "coordinates": [ 130.6822606, 33.9044642 ] } },
{ "type": "Feature", "properties": { "内容": "リハビリデイサービスALWAYS若松【通所介護】片山1-4-11", "url": "https://www.kaigokensaku.mhlw.go.jp/40/index.php?action_kouhyou_detail_004_kani=true&JigyosyoCd=4070202520-00&ServiceCd=150&Type=search", "url2": null }, "geometry": { "type": "Point", "coordinates": [ 139.569076, 35.770975599999986 ] } },
{ "type": "Feature", "properties": { "内容": "リハビリ専門機能訓練デイサービスアンビション【通所介護】塩屋4−1−4LEGEND111-2", "url": "https://www.kaigokensaku.mhlw.go.jp/40/index.php?action_kouhyou_detail_004_kani=true&JigyosyoCd=4070202348-00&ServiceCd=150&Type=search", "url2": "https://www.ambition-medical-riha.jp/" }, "geometry": { "type": "Point", "coordinates": [ 130.714273058677236, 33.897652177377886 ] } },
{ "type": "Feature", "properties": { "内容": "コンパスウォーク赤崎【通所介護】福岡県北九州市若松区赤崎町9-5", "url": "https://www.kaigokensaku.mhlw.go.jp/40/index.php?action_kouhyou_detail_004_kani=true&JigyosyoCd=4070202496-00&ServiceCd=150&Type=search", "url2": null }, "geometry": { "type": "Point", "coordinates": [ 130.788367245223185, 33.919461592079763 ] } },
{ "type": "Feature", "properties": { "内容": "ﾃﾞｲｻｰﾋﾞｽ喜楽俱楽部【通所介護】北九州市若松区青葉台西6-2-14", "url": "https://www.kaigokensaku.mhlw.go.jp/40/index.php?action_kouhyou_detail_004_kani=true&JigyosyoCd=4070202512-00&ServiceCd=150&Type=search", "url2": "https://kiraku-house.com/" }, "geometry": { "type": "Point", "coordinates": [ 130.680675400000013, 33.9036391 ] } },
{ "type": "Feature", "properties": { "内容": "デイサービスきたえるーむ北九州若松【通所介護】福岡県北九州市若松区西畑町9-88", "url": "https://www.kaigokensaku.mhlw.go.jp/40/index.php?action_kouhyou_detail_004_kani=true&JigyosyoCd=4070202454-00&ServiceCd=150&Type=search", "url2": "https://kitaeroom.com/" }, "geometry": { "type": "Point", "coordinates": [ 130.7925244, 33.9093919 ] } },
{ "type": "Feature", "properties": { "内容": "パナソニックエイジフリーケアセンター北九州戸畑デイサービス【通所介護】福岡県北九州市戸畑区菅原2丁目11番22号パナソニックエイジフリーケアセンター", "url": "https://www.kaigokensaku.mhlw.go.jp/40/index.php?action_kouhyou_detail_004_kani=true&JigyosyoCd=4070301207-00&ServiceCd=150&Type=search", "url2": null }, "geometry": { "type": "Point", "coordinates": [ 130.826486499999987, 33.8850861 ] } },
{ "type": "Feature", "properties": { "内容": "戸畑大谷園　デイサービスセンター【通所介護】北九州市戸畑区西大谷1丁目6-22", "url": "https://www.kaigokensaku.mhlw.go.jp/40/index.php?action_kouhyou_detail_004_kani=true&JigyosyoCd=4070300118-00&ServiceCd=150&Type=search", "url2": "http://www.tobata-minsei.or.jp/Ohtani%20Home%20Page/dey.html" }, "geometry": { "type": "Point", "coordinates": [ 130.8262006, 33.8802755 ] } },
{ "type": "Feature", "properties": { "内容": "明治町デイサービスセンター【通所介護】福岡県北九州市戸畑区明治町１０番１８号", "url": "https://www.kaigokensaku.mhlw.go.jp/40/index.php?action_kouhyou_detail_004_kani=true&JigyosyoCd=4070300456-00&ServiceCd=150&Type=search", "url2": "http://kyoaikai.com/day/index.html" }, "geometry": { "type": "Point", "coordinates": [ 130.823536399999966, 33.899282 ] } },
{ "type": "Feature", "properties": { "内容": "デイサービスさわやか小芝倶楽部【通所介護】北九州市戸畑区小芝1丁目６－１０", "url": "https://www.kaigokensaku.mhlw.go.jp/40/index.php?action_kouhyou_detail_004_kani=true&JigyosyoCd=4070300639-00&ServiceCd=150&Type=search", "url2": "s-koshiba.com" }, "geometry": { "type": "Point", "coordinates": [ 130.835854899999958, 33.8920022 ] } },
{ "type": "Feature", "properties": { "内容": "さわやかパークサイド新川デイサービスセンター【通所介護】福岡県北九州市戸畑区新川町２番１３号さわやかパークサイド新川", "url": "https://www.kaigokensaku.mhlw.go.jp/40/index.php?action_kouhyou_detail_004_kani=true&JigyosyoCd=4070300654-00&ServiceCd=150&Type=search", "url2": "shinkawa@sawayakaclub.jp" }, "geometry": { "type": "Point", "coordinates": [ 130.823461599999973, 33.8907522 ] } },
{ "type": "Feature", "properties": { "内容": "デイサービスセンターとばた【通所介護】福岡県北九州市戸畑区千防１丁目１番６号高齢者複合施設　ふれあいの里とばた", "url": "https://www.kaigokensaku.mhlw.go.jp/40/index.php?action_kouhyou_detail_004_kani=true&JigyosyoCd=4070300837-00&ServiceCd=150&Type=search", "url2": "https://www.fureainosato-tobata.jp/" }, "geometry": { "type": "Point", "coordinates": [ 130.83036089999996, 33.8936826 ] } },
{ "type": "Feature", "properties": { "内容": "デイサービスきたえるーむ北九州戸畑中央【通所介護】福岡県北九州市戸畑区新池二丁目14-13幸町サンライズコーポラス　1F", "url": "https://www.kaigokensaku.mhlw.go.jp/40/index.php?action_kouhyou_detail_004_kani=true&JigyosyoCd=4070301181-00&ServiceCd=150&Type=search", "url2": "http://www.kitaeroom.com/" }, "geometry": { "type": "Point", "coordinates": [ 130.827261, 33.8987321 ] } },
{ "type": "Feature", "properties": { "内容": "デイサービスIRODORI戸畑【通所介護】福岡県北九州市戸畑区新池2-2-8", "url": "https://www.kaigokensaku.mhlw.go.jp/40/index.php?action_kouhyou_detail_004_kani=true&JigyosyoCd=4070301355-00&ServiceCd=150&Type=search", "url2": "http://way9ii.com" }, "geometry": { "type": "Point", "coordinates": [ 130.8285737, 33.896343 ] } },
{ "type": "Feature", "properties": { "内容": "ライフラボ戸畑【通所介護】福岡県北九州市戸畑区中原西3-3-36", "url": "https://www.kaigokensaku.mhlw.go.jp/40/index.php?action_kouhyou_detail_004_kani=true&JigyosyoCd=4070301405-00&ServiceCd=150&Type=search", "url2": "https://www.hot-will.com/" }, "geometry": { "type": "Point", "coordinates": [ 130.842499299999986, 33.8960586 ] } },
{ "type": "Feature", "properties": { "内容": "リハビリ特化型デイサービス　C-ROAD【通所介護】福岡県北九州市戸畑区銀座1-9-19", "url": "https://www.kaigokensaku.mhlw.go.jp/40/index.php?action_kouhyou_detail_004_kani=true&JigyosyoCd=4070301157-00&ServiceCd=150&Type=search", "url2": "http://reha-mahalo.com/" }, "geometry": { "type": "Point", "coordinates": [ 130.816767600000048, 33.8972626 ] } },
{ "type": "Feature", "properties": { "内容": "やすらぎの郷牧山　デイサービスセンター【通所介護】福岡県　北九州市　戸畑区新川町３番３３号", "url": "https://www.kaigokensaku.mhlw.go.jp/40/index.php?action_kouhyou_detail_004_kani=true&JigyosyoCd=4070300167-00&ServiceCd=150&Type=search", "url2": "http://www.iwakikai.com" }, "geometry": { "type": "Point", "coordinates": [ 130.821989499999972, 33.8916244 ] } },
{ "type": "Feature", "properties": { "内容": "ツクイ小倉三郎丸【通所介護】北九州市小倉北区三郎丸３丁目１０－５０", "url": "https://www.kaigokensaku.mhlw.go.jp/40/index.php?action_kouhyou_detail_004_kani=true&JigyosyoCd=4070402609-00&ServiceCd=150&Type=search", "url2": "http://www.tsukui.net/search/detail.php?officeid=307" }, "geometry": { "type": "Point", "coordinates": [ 130.885577099999978, 33.8666805 ] } },
{ "type": "Feature", "properties": { "内容": "デイサービス　三萩野【通所介護】福岡県北九州市小倉北区片野新町１丁目１-３４アストリア片野２・３Ｆアストリア片野", "url": "https://www.kaigokensaku.mhlw.go.jp/40/index.php?action_kouhyou_detail_004_kani=true&JigyosyoCd=4070402492-00&ServiceCd=150&Type=search", "url2": null }, "geometry": { "type": "Point", "coordinates": [ 130.882920707656922, 33.864803456193997 ] } },
{ "type": "Feature", "properties": { "内容": "レッツ倶楽部霧ケ丘【通所介護】福岡県北九州市小倉北区高坊2-9-25ウィルステージ霧ケ丘　１階", "url": "https://www.kaigokensaku.mhlw.go.jp/40/index.php?action_kouhyou_detail_004_kani=true&JigyosyoCd=4070405461-00&ServiceCd=150&Type=search", "url2": "https://www.lets-club.jp/shop/kirigaoka/" }, "geometry": { "type": "Point", "coordinates": [ 130.892680399999989, 33.8553468 ] } },
{ "type": "Feature", "properties": { "内容": "アイビーデイサービスセンター【通所介護】北九州市小倉北区高峰町17-10", "url": "https://www.kaigokensaku.mhlw.go.jp/40/index.php?action_kouhyou_detail_004_kani=true&JigyosyoCd=4070404076-00&ServiceCd=150&Type=search", "url2": "http://ivy-day.co.jp/" }, "geometry": { "type": "Point", "coordinates": [ 130.853742399999987, 33.8863392 ] } },
{ "type": "Feature", "properties": { "内容": "デイサービスヒルズこくら【通所介護】下到津3丁目5-8ナーシングホームこくら1F", "url": "https://www.kaigokensaku.mhlw.go.jp/40/index.php?action_kouhyou_detail_004_kani=true&JigyosyoCd=4070405784-00&ServiceCd=150&Type=search", "url2": "https://www.iwasaki-group.co.jp/ds/kokura/" }, "geometry": { "type": "Point", "coordinates": [ 130.854531900000012, 33.8781037 ] } },
{ "type": "Feature", "properties": { "内容": "リハビリ特化型デイサービスSTANDUPⅢ【通所介護】井堀1-23-16", "url": "https://www.kaigokensaku.mhlw.go.jp/40/index.php?action_kouhyou_detail_004_kani=true&JigyosyoCd=4070405578-00&ServiceCd=150&Type=search", "url2": null }, "geometry": { "type": "Point", "coordinates": [ 130.8460897, 33.8820179 ] } },
{ "type": "Feature", "properties": { "内容": "らすかる【通所介護】福岡県北九州市小倉北区竪林町4-6", "url": "https://www.kaigokensaku.mhlw.go.jp/40/index.php?action_kouhyou_detail_004_kani=true&JigyosyoCd=4070301454-00&ServiceCd=150&Type=search", "url2": null }, "geometry": { "type": "Point", "coordinates": [ 130.8629669, 33.8693297 ] } },
{ "type": "Feature", "properties": { "内容": "緑ヶ丘デイサービス【通所介護】福岡県北九州市小倉北区緑ヶ丘1丁目6-43ツチダビル1階", "url": "https://www.kaigokensaku.mhlw.go.jp/40/index.php?action_kouhyou_detail_004_kani=true&JigyosyoCd=4070406188-00&ServiceCd=150&Type=search", "url2": null }, "geometry": { "type": "Point", "coordinates": [ 130.8575552, 33.890243 ] } },
{ "type": "Feature", "properties": { "内容": "デイサービスまいぷらん【通所介護】下到津5丁目１０－２", "url": "https://www.kaigokensaku.mhlw.go.jp/40/index.php?action_kouhyou_detail_004_kani=true&JigyosyoCd=4070405438-00&ServiceCd=150&Type=search", "url2": null }, "geometry": { "type": "Point", "coordinates": [ 130.856112, 33.8759499 ] } },
{ "type": "Feature", "properties": { "内容": "ツクイ小倉三郎丸【通所介護】福岡県北九州市小倉北区三郎丸3-10-50", "url": "https://www.kaigokensaku.mhlw.go.jp/40/index.php?action_kouhyou_detail_004_kani=true&JigyosyoCd=4070405610-00&ServiceCd=150&Type=search", "url2": null }, "geometry": { "type": "Point", "coordinates": [ 130.8855797, 33.8666368 ] } },
{ "type": "Feature", "properties": { "内容": "足原のぞみ苑デイサービスセンター【通所介護】福岡県北九州市小倉北区熊本三丁目１２－９", "url": "https://www.kaigokensaku.mhlw.go.jp/40/index.php?action_kouhyou_detail_004_kani=true&JigyosyoCd=4070400454-00&ServiceCd=150&Type=search", "url2": "http://www.nozomi-en.jp" }, "geometry": { "type": "Point", "coordinates": [ 130.8952928, 33.8668057 ] } },
{ "type": "Feature", "properties": { "内容": "風の丘今町デイサービス【通所介護】福岡県北九州市小倉北区今町二丁目２９番２２号", "url": "https://www.kaigokensaku.mhlw.go.jp/40/index.php?action_kouhyou_detail_004_kani=true&JigyosyoCd=4070404928-00&ServiceCd=150&Type=search", "url2": "http://feelinks.jimdo.com/" }, "geometry": { "type": "Point", "coordinates": [ 130.871465331216086, 33.858150359065561 ] } },
{ "type": "Feature", "properties": { "内容": "レッツ倶楽部霧ケ丘【通所介護】高坊2-9-25ウィルステージ霧ケ丘1F", "url": "https://www.kaigokensaku.mhlw.go.jp/40/index.php?action_kouhyou_detail_004_kani=true&JigyosyoCd=4070406030-00&ServiceCd=150&Type=search", "url2": "https://www.lets-club.jp/shop/kirigaoka/" }, "geometry": { "type": "Point", "coordinates": [ 130.892680399999989, 33.8553468 ] } },
{ "type": "Feature", "properties": { "内容": "デイサービスセービング小倉城野【通所介護】福岡県北九州市小倉北区東城野町2番42号", "url": "https://www.kaigokensaku.mhlw.go.jp/40/index.php?action_kouhyou_detail_004_kani=true&JigyosyoCd=4070406451-00&ServiceCd=150&Type=search", "url2": null }, "geometry": { "type": "Point", "coordinates": [ 130.8880278, 33.8583308 ] } },
{ "type": "Feature", "properties": { "内容": "デイサービスセンター　コーラス【通所介護】北九州市小倉北区熊谷4丁目1-6", "url": "https://www.kaigokensaku.mhlw.go.jp/40/index.php?action_kouhyou_detail_004_kani=true&JigyosyoCd=4070400942-00&ServiceCd=150&Type=search", "url2": "www.sinai.or.jp" }, "geometry": { "type": "Point", "coordinates": [ 130.864594213353001, 33.858280769720288 ] } },
{ "type": "Feature", "properties": { "内容": "あおぞらの里　小文字デイサービスセンター【通所介護】北九州市小倉北区大畠１－７－１９", "url": "https://www.kaigokensaku.mhlw.go.jp/40/index.php?action_kouhyou_detail_004_kani=true&JigyosyoCd=4070401072-00&ServiceCd=150&Type=search", "url2": "http://www.cedar-web.com" }, "geometry": { "type": "Point", "coordinates": [ 130.894998200000032, 33.8725134 ] } },
{ "type": "Feature", "properties": { "内容": "小倉デイサービスセンター【通所介護】福岡県北九州市小倉北区下到津4丁目5-23パークサイドYSCビル1F", "url": "https://www.kaigokensaku.mhlw.go.jp/40/index.php?action_kouhyou_detail_004_kani=true&JigyosyoCd=4070401239-00&ServiceCd=150&Type=search", "url2": "https://care-net.biz/40/elder-s/" }, "geometry": { "type": "Point", "coordinates": [ 130.857103400000028, 33.8785069 ] } },
{ "type": "Feature", "properties": { "内容": "しんえいデイサービス【通所介護】北九州市小倉北区弁天町6-20", "url": "https://www.kaigokensaku.mhlw.go.jp/40/index.php?action_kouhyou_detail_004_kani=true&JigyosyoCd=4070401569-00&ServiceCd=150&Type=search", "url2": "http://www.shin-eikai.com/nagomi/" }, "geometry": { "type": "Point", "coordinates": [ 130.862665712828061, 33.870430860147145 ] } },
{ "type": "Feature", "properties": { "内容": "桜倶楽部デイサービスセンター【通所介護】北九州市小倉北区須賀町1-26", "url": "https://www.kaigokensaku.mhlw.go.jp/40/index.php?action_kouhyou_detail_004_kani=true&JigyosyoCd=4070402526-00&ServiceCd=150&Type=search", "url2": "http://hoku-i.jp" }, "geometry": { "type": "Point", "coordinates": [ 130.9067245, 33.8833489 ] } },
{ "type": "Feature", "properties": { "内容": "ソレイユデイサービスセンター【通所介護】福岡県北九州市小倉北区中井一丁目７番１４号", "url": "https://www.kaigokensaku.mhlw.go.jp/40/index.php?action_kouhyou_detail_004_kani=true&JigyosyoCd=4070403003-00&ServiceCd=150&Type=search", "url2": "http://www.soreiyugroup.or.jp" }, "geometry": { "type": "Point", "coordinates": [ 130.853467200000068, 33.8935106 ] } },
{ "type": "Feature", "properties": { "内容": "ひろきの森デイサービスセンター【通所介護】福岡県北九州市小倉北区東篠崎２丁目7番37号", "url": "https://www.kaigokensaku.mhlw.go.jp/40/index.php?action_kouhyou_detail_004_kani=true&JigyosyoCd=4070403680-00&ServiceCd=150&Type=search", "url2": "http://www.kawamura-fs.com/" }, "geometry": { "type": "Point", "coordinates": [ 130.875188900000012, 33.8627587 ] } },
{ "type": "Feature", "properties": { "内容": "デイサービス　四季の郷小倉【通所介護】福岡県北九州市小倉北区東篠崎三丁目５番４７号", "url": "https://www.kaigokensaku.mhlw.go.jp/40/index.php?action_kouhyou_detail_004_kani=true&JigyosyoCd=4070403748-00&ServiceCd=150&Type=search", "url2": null }, "geometry": { "type": "Point", "coordinates": [ 130.872789434254429, 33.86616984537838 ] } },
{ "type": "Feature", "properties": { "内容": "デイサービスセンター陽だまりの丘【通所介護】福岡県北九州市小倉北区中井１丁目7-14", "url": "https://www.kaigokensaku.mhlw.go.jp/40/index.php?action_kouhyou_detail_004_kani=true&JigyosyoCd=4070403839-00&ServiceCd=150&Type=search", "url2": "http://www.soreiyugroup.or.jp" }, "geometry": { "type": "Point", "coordinates": [ 130.853494022090189, 33.893483882765644 ] } },
{ "type": "Feature", "properties": { "内容": "ﾃﾞｲｻｰﾋﾞｽｾﾝﾀｰ都の杜【通所介護】北九州市小倉北区都１丁目１２番１２号複合介護施設都の杜", "url": "https://www.kaigokensaku.mhlw.go.jp/40/index.php?action_kouhyou_detail_004_kani=true&JigyosyoCd=4070403847-00&ServiceCd=150&Type=search", "url2": "http://www.fuzicare.co.jp" }, "geometry": { "type": "Point", "coordinates": [ 130.848395799999906, 33.8790594 ] } },
{ "type": "Feature", "properties": { "内容": "デイサービスセンター風の花【通所介護】北九州市小倉北区浅野３丁目１番３号ハイコート浅野２Ｆ", "url": "https://www.kaigokensaku.mhlw.go.jp/40/index.php?action_kouhyou_detail_004_kani=true&JigyosyoCd=4070404050-00&ServiceCd=150&Type=search", "url2": null }, "geometry": { "type": "Point", "coordinates": [ 130.881665500000054, 33.8908586 ] } },
{ "type": "Feature", "properties": { "内容": "リハビリセンターウィル片野【通所介護】北九州市小倉北区片野新町一丁目15-12", "url": "https://www.kaigokensaku.mhlw.go.jp/40/index.php?action_kouhyou_detail_004_kani=true&JigyosyoCd=4070404118-00&ServiceCd=150&Type=search", "url2": "http://www.hot-will.com" }, "geometry": { "type": "Point", "coordinates": [ 130.887316, 33.8629448 ] } },
{ "type": "Feature", "properties": { "内容": "デイサービスセンターソレイユ北小倉【通所介護】北九州市小倉北区西港町30番52号", "url": "https://www.kaigokensaku.mhlw.go.jp/40/index.php?action_kouhyou_detail_004_kani=true&JigyosyoCd=4070404258-00&ServiceCd=150&Type=search", "url2": "http//www.soreiyugroup.or.jp" }, "geometry": { "type": "Point", "coordinates": [ 130.856209832293644, 33.898283783013206 ] } },
{ "type": "Feature", "properties": { "内容": "デイサービスセンター　ブルーノート【通所介護】福岡県北九州市小倉北区木町１丁目４番３９号", "url": "https://www.kaigokensaku.mhlw.go.jp/40/index.php?action_kouhyou_detail_004_kani=true&JigyosyoCd=4070404522-00&ServiceCd=150&Type=search", "url2": "www.sinai.or.jp/" }, "geometry": { "type": "Point", "coordinates": [ 130.867119699999989, 33.8731242 ] } },
{ "type": "Feature", "properties": { "内容": "パレス三萩野デイサービス【通所介護】福岡県北九州市小倉北区白銀2丁目11-4年長者の里小倉西館", "url": "https://www.kaigokensaku.mhlw.go.jp/40/index.php?action_kouhyou_detail_004_kani=true&JigyosyoCd=4070404696-00&ServiceCd=150&Type=search", "url2": "http://n-sato.com/" }, "geometry": { "type": "Point", "coordinates": [ 130.876751555767697, 33.868061723137089 ] } },
{ "type": "Feature", "properties": { "内容": "花デイサービス【通所介護】福岡県北九州市小倉北区赤坂１丁目8-7", "url": "https://www.kaigokensaku.mhlw.go.jp/40/index.php?action_kouhyou_detail_004_kani=true&JigyosyoCd=4070404738-00&ServiceCd=150&Type=search", "url2": "http://wonder2002.co.jp/hana/" }, "geometry": { "type": "Point", "coordinates": [ 130.904944099999966, 33.8863097 ] } },
{ "type": "Feature", "properties": { "内容": "ソレイユ浅野デイサービスセンター【通所介護】福岡県北九州市小倉北区浅野三丁目1番25号特別養護老人ホーム　ソレイユ浅野", "url": "https://www.kaigokensaku.mhlw.go.jp/40/index.php?action_kouhyou_detail_004_kani=true&JigyosyoCd=4070404761-00&ServiceCd=150&Type=search", "url2": "http://www.soreiyugroup.or.jp" }, "geometry": { "type": "Point", "coordinates": [ 130.882684739425713, 33.891286087906003 ] } },
{ "type": "Feature", "properties": { "内容": "デイサービスつむぎ【通所介護】福岡県北九州市小倉北区下富野2丁目10-31メディケアハウス富野内", "url": "https://www.kaigokensaku.mhlw.go.jp/40/index.php?action_kouhyou_detail_004_kani=true&JigyosyoCd=4070404852-00&ServiceCd=150&Type=search", "url2": "http://kaneko-clinic-2011.jp" }, "geometry": { "type": "Point", "coordinates": [ 130.898594799999955, 33.8815099 ] } },
{ "type": "Feature", "properties": { "内容": "デイサービス来未の丘【通所介護】福岡県北九州市小倉北区今町2丁目26番17号", "url": "https://www.kaigokensaku.mhlw.go.jp/40/index.php?action_kouhyou_detail_004_kani=true&JigyosyoCd=4070405552-00&ServiceCd=150&Type=search", "url2": "https://ds-kuruminooka.wixsite.com/free" }, "geometry": { "type": "Point", "coordinates": [ 130.8717548, 33.8579628 ] } },
{ "type": "Feature", "properties": { "内容": "ライフスタイル三萩野【通所介護】福岡県北九州市小倉北区片野新町1丁目1-34アストリア片野3階", "url": "https://www.kaigokensaku.mhlw.go.jp/40/index.php?action_kouhyou_detail_004_kani=true&JigyosyoCd=4070405776-00&ServiceCd=150&Type=search", "url2": "https://iw-style.info/portfolio-items/day-mihagino/" }, "geometry": { "type": "Point", "coordinates": [ 130.882894991401656, 33.864903722304277 ] } },
{ "type": "Feature", "properties": { "内容": "リハビリ特化型デイ　TOPSHIP【通所介護】福岡県北九州市小倉北区三郎丸三丁目14番1号", "url": "https://www.kaigokensaku.mhlw.go.jp/40/index.php?action_kouhyou_detail_004_kani=true&JigyosyoCd=4070405792-00&ServiceCd=150&Type=search", "url2": "https://topship.jp/" }, "geometry": { "type": "Point", "coordinates": [ 130.889390100000014, 33.8667069 ] } },
{ "type": "Feature", "properties": { "内容": "サニーライフ小倉デイサービス【通所介護】福岡県北九州市小倉北区黄金１丁目６番３２号", "url": "https://www.kaigokensaku.mhlw.go.jp/40/index.php?action_kouhyou_detail_004_kani=true&JigyosyoCd=4070405883-00&ServiceCd=150&Type=search", "url2": "https://www.sunnylife-group.co.jp" }, "geometry": { "type": "Point", "coordinates": [ 130.8799124, 33.8707945 ] } },
{ "type": "Feature", "properties": { "内容": "シニアフィットネスサロンえにしあ【通所介護】下到津4-8-21ルミナス101", "url": "https://www.kaigokensaku.mhlw.go.jp/40/index.php?action_kouhyou_detail_004_kani=true&JigyosyoCd=4070405891-00&ServiceCd=150&Type=search", "url2": "https://www.enisia.jp/" }, "geometry": { "type": "Point", "coordinates": [ 130.8567271, 33.8768939 ] } },
{ "type": "Feature", "properties": { "内容": "リハビリ特化型デイサービス　CHANCE【通所介護】吉野町13-2", "url": "https://www.kaigokensaku.mhlw.go.jp/40/index.php?action_kouhyou_detail_004_kani=true&JigyosyoCd=4070406063-00&ServiceCd=150&Type=search", "url2": "hotheart-kaigo.com" }, "geometry": { "type": "Point", "coordinates": [ 130.877061, 33.872631 ] } },
{ "type": "Feature", "properties": { "内容": "リハデイ．リズム【通所介護】福岡県北九州市小倉北区真鶴２丁目4-15内田ビル　101号", "url": "https://www.kaigokensaku.mhlw.go.jp/40/index.php?action_kouhyou_detail_004_kani=true&JigyosyoCd=4070406360-00&ServiceCd=150&Type=search", "url2": null }, "geometry": { "type": "Point", "coordinates": [ 130.85458220000001, 33.8718076 ] } },
{ "type": "Feature", "properties": { "内容": "モナトリエ・デイサービスセンター【通所介護】魚町4-3-8", "url": "https://www.kaigokensaku.mhlw.go.jp/40/index.php?action_kouhyou_detail_004_kani=true&JigyosyoCd=4070403896-00&ServiceCd=150&Type=search", "url2": "www.monatelier.jp" }, "geometry": { "type": "Point", "coordinates": [ 130.88056030000007, 33.8814123 ] } },
{ "type": "Feature", "properties": { "内容": "ライフスタイル砂津【通所介護】福岡県北九州市小倉北区砂津二丁目1-37すなつ松井クリニック2階", "url": "https://www.kaigokensaku.mhlw.go.jp/40/index.php?action_kouhyou_detail_004_kani=true&JigyosyoCd=4070405768-00&ServiceCd=150&Type=search", "url2": "https://iw-style.info/portfolio-items/lss/" }, "geometry": { "type": "Point", "coordinates": [ 130.8912478, 33.8826434 ] } },
{ "type": "Feature", "properties": { "内容": "北九州シティホームデイサービス【通所介護】福岡県北九州市小倉北区萩崎町1番32号", "url": "https://www.kaigokensaku.mhlw.go.jp/40/index.php?action_kouhyou_detail_004_kani=true&JigyosyoCd=4070400231-00&ServiceCd=150&Type=search", "url2": "http://www.kaorukai.jp" }, "geometry": { "type": "Point", "coordinates": [ 130.883868600000028, 33.8740547 ] } },
{ "type": "Feature", "properties": { "内容": "ホームタウン小倉【通所介護】福岡県北九州市小倉北区室町1-1-1リバーウォーク北九州３F", "url": "https://www.kaigokensaku.mhlw.go.jp/40/index.php?action_kouhyou_detail_004_kani=true&JigyosyoCd=4070405644-00&ServiceCd=150&Type=search", "url2": "http://www.growcare.co.jp" }, "geometry": { "type": "Point", "coordinates": [ 130.875154900000013, 33.8858856 ] } },
{ "type": "Feature", "properties": { "内容": "リハビリ特化型デイサービスSTANDUPⅢ【通所介護】井堀1－23－16", "url": "https://www.kaigokensaku.mhlw.go.jp/40/index.php?action_kouhyou_detail_004_kani=true&JigyosyoCd=4070406162-00&ServiceCd=150&Type=search", "url2": null }, "geometry": { "type": "Point", "coordinates": [ 130.8460928, 33.8820066 ] } },
{ "type": "Feature", "properties": { "内容": "ツクイ小倉南方【通所介護】北九州市小倉南区南方5-13-38", "url": "https://www.kaigokensaku.mhlw.go.jp/40/index.php?action_kouhyou_detail_004_kani=true&JigyosyoCd=4070503406-00&ServiceCd=150&Type=search", "url2": "http://www.tsukui.net" }, "geometry": { "type": "Point", "coordinates": [ 130.861429700000031, 33.827799 ] } },
{ "type": "Feature", "properties": { "内容": "デイサービスセンターいこいの里曽根弐番館【通所介護】福岡県北九州市小倉南区曽根北町2番6号", "url": "https://www.kaigokensaku.mhlw.go.jp/40/index.php?action_kouhyou_detail_004_kani=true&JigyosyoCd=4070505674-00&ServiceCd=150&Type=search", "url2": "http://www.ukishiro.com/cara/" }, "geometry": { "type": "Point", "coordinates": [ 130.9394383, 33.8386466 ] } },
{ "type": "Feature", "properties": { "内容": "デイサービスセンターいこいの里曽根壱番館【通所介護】福岡県北九州市小倉南区曽根北町2番5号", "url": "https://www.kaigokensaku.mhlw.go.jp/40/index.php?action_kouhyou_detail_004_kani=true&JigyosyoCd=4070505476-00&ServiceCd=150&Type=search", "url2": "http://www.ukishiro.com/care/" }, "geometry": { "type": "Point", "coordinates": [ 130.939067512195123, 33.83920121382139 ] } },
{ "type": "Feature", "properties": { "内容": "デイサービスセンターみちくさ【通所介護】福岡県北九州市小倉南区重住２丁目４番２０号", "url": "https://www.kaigokensaku.mhlw.go.jp/40/index.php?action_kouhyou_detail_004_kani=true&JigyosyoCd=4070504834-00&ServiceCd=150&Type=search", "url2": "http://cc-mitikusa.com/" }, "geometry": { "type": "Point", "coordinates": [ 130.889739298217052, 33.854957169873082 ] } },
{ "type": "Feature", "properties": { "内容": "ﾃﾞｲｻｰﾋﾞｽｾﾝﾀｰｲｴﾛｰ【通所介護】徳力１－１－１８華山第一ビル２階", "url": "https://www.kaigokensaku.mhlw.go.jp/40/index.php?action_kouhyou_detail_004_kani=true&JigyosyoCd=4070505732-00&ServiceCd=150&Type=search", "url2": "info@ds-yellow.com" }, "geometry": { "type": "Point", "coordinates": [ 130.8686006, 33.8334222 ] } },
{ "type": "Feature", "properties": { "内容": "妙香デイサービス小倉南【通所介護】大字貫2891-1", "url": "https://www.kaigokensaku.mhlw.go.jp/40/index.php?action_kouhyou_detail_004_kani=true&JigyosyoCd=4070505294-00&ServiceCd=150&Type=search", "url2": "http://myo-kou.com/" }, "geometry": { "type": "Point", "coordinates": [ 130.932485464572693, 33.804702853140817 ] } },
{ "type": "Feature", "properties": { "内容": "リハサポート　さぷらい【通所介護】福岡県北九州市小倉南区沼本町1-4-5シャトレレ沼本町Ⅱ", "url": "https://www.kaigokensaku.mhlw.go.jp/40/index.php?action_kouhyou_detail_004_kani=true&JigyosyoCd=4070505336-00&ServiceCd=150&Type=search", "url2": "http://www.supply-company.jp/company1" }, "geometry": { "type": "Point", "coordinates": [ 130.940483800000038, 33.846456 ] } },
{ "type": "Feature", "properties": { "内容": "リハビリ特化型デイ　STANDUP！【通所介護】福岡県北九州市小倉南区曽根北町4-16メディクレスト102", "url": "https://www.kaigokensaku.mhlw.go.jp/40/index.php?action_kouhyou_detail_004_kani=true&JigyosyoCd=4070505187-00&ServiceCd=150&Type=search", "url2": null }, "geometry": { "type": "Point", "coordinates": [ 130.9404783, 33.8364829 ] } },
{ "type": "Feature", "properties": { "内容": "リハビリ特化型デイ　STANDUPⅡ【通所介護】福岡県北九州市小倉南区北方2丁目4番1号", "url": "https://www.kaigokensaku.mhlw.go.jp/40/index.php?action_kouhyou_detail_004_kani=true&JigyosyoCd=4070505518-00&ServiceCd=150&Type=search", "url2": "https://standup-gr.net/" }, "geometry": { "type": "Point", "coordinates": [ 130.878041, 33.8511299 ] } },
{ "type": "Feature", "properties": { "内容": "たんぽぽデイサービスセンターみなみ【通所介護】福岡県北九州市小倉南区下石田2-3-12", "url": "https://www.kaigokensaku.mhlw.go.jp/40/index.php?action_kouhyou_detail_004_kani=true&JigyosyoCd=4070501665-00&ServiceCd=150&Type=search", "url2": null }, "geometry": { "type": "Point", "coordinates": [ 130.888802899999973, 33.834876 ] } },
{ "type": "Feature", "properties": { "内容": "デイサービスセンターツツジ苑小倉南【通所介護】福岡県北九州市小倉南区上吉田6丁目17番28号", "url": "https://www.kaigokensaku.mhlw.go.jp/40/index.php?action_kouhyou_detail_004_kani=true&JigyosyoCd=4070505633-00&ServiceCd=150&Type=search", "url2": null }, "geometry": { "type": "Point", "coordinates": [ 130.955553400000014, 33.8573324 ] } },
{ "type": "Feature", "properties": { "内容": "デイサービス　げんきさん【通所介護】福岡県北九州市小倉南区沼本町２ー８－３７", "url": "https://www.kaigokensaku.mhlw.go.jp/40/index.php?action_kouhyou_detail_004_kani=true&JigyosyoCd=4070505773-00&ServiceCd=150&Type=search", "url2": "http://www.toki-wa.jp/" }, "geometry": { "type": "Point", "coordinates": [ 130.939591400000012, 33.8512651 ] } },
{ "type": "Feature", "properties": { "内容": "デイサービス暖家。小倉南【通所介護】福岡県北九州市小倉南区大字貫2891-1", "url": "https://www.kaigokensaku.mhlw.go.jp/40/index.php?action_kouhyou_detail_004_kani=true&JigyosyoCd=4070505971-00&ServiceCd=150&Type=search", "url2": "https://fukushi-danke.com" }, "geometry": { "type": "Point", "coordinates": [ 130.932465, 33.804707200000017 ] } },
{ "type": "Feature", "properties": { "内容": "andデイサービス【通所介護】福岡県北九州市小倉南区徳力2-1-4", "url": "https://www.kaigokensaku.mhlw.go.jp/40/index.php?action_kouhyou_detail_004_kani=true&JigyosyoCd=4070506193-00&ServiceCd=150&Type=search", "url2": null }, "geometry": { "type": "Point", "coordinates": [ 130.8686291, 33.8318807 ] } },
{ "type": "Feature", "properties": { "内容": "黒船デイサービス3号【通所介護】福岡県北九州市小倉南区横代東町二丁目５番２号", "url": "https://www.kaigokensaku.mhlw.go.jp/40/index.php?action_kouhyou_detail_004_kani=true&JigyosyoCd=4070505260-00&ServiceCd=150&Type=search", "url2": "https://kurofunedayservice.jimdo.com/黒船デイサービス3号/" }, "geometry": { "type": "Point", "coordinates": [ 130.90303406322937, 33.835823390188779 ] } },
{ "type": "Feature", "properties": { "内容": "あおぞらの里　徳力デイサービスセンター【通所介護】北九州市小倉南区南方１丁目５番９号", "url": "https://www.kaigokensaku.mhlw.go.jp/40/index.php?action_kouhyou_detail_004_kani=true&JigyosyoCd=4070500782-00&ServiceCd=150&Type=search", "url2": "http://www.cedar-web.com" }, "geometry": { "type": "Point", "coordinates": [ 130.864071, 33.8359092 ] } },
{ "type": "Feature", "properties": { "内容": "デイサービスセンターすずらん小倉【通所介護】福岡県北九州市小倉南区長野1丁目3-1すずらんの家小倉", "url": "https://www.kaigokensaku.mhlw.go.jp/40/index.php?action_kouhyou_detail_004_kani=true&JigyosyoCd=4070505617-00&ServiceCd=150&Type=search", "url2": null }, "geometry": { "type": "Point", "coordinates": [ 130.9103622, 33.835629 ] } },
{ "type": "Feature", "properties": { "内容": "白船デイサービス1号【通所介護】福岡県北九州市小倉南区沼本町一丁目9番37号", "url": "https://www.kaigokensaku.mhlw.go.jp/40/index.php?action_kouhyou_detail_004_kani=true&JigyosyoCd=4070505716-00&ServiceCd=150&Type=search", "url2": "https://kurofunedayservice.jimdofree.com/" }, "geometry": { "type": "Point", "coordinates": [ 130.9417068, 33.8448027 ] } },
{ "type": "Feature", "properties": { "内容": "デイサービスセンター　美咲ケ丘【通所介護】福岡県北九州市小倉南区大字新道寺１０８５－１", "url": "https://www.kaigokensaku.mhlw.go.jp/40/index.php?action_kouhyou_detail_004_kani=true&JigyosyoCd=4070500121-00&ServiceCd=150&Type=search", "url2": "http://www.misakigaoka.com/" }, "geometry": { "type": "Point", "coordinates": [ 130.866630399999963, 33.7927697 ] } },
{ "type": "Feature", "properties": { "内容": "ニチイケアセンター広徳【通所介護】福岡県北九州市小倉南区南方2-5-23", "url": "https://www.kaigokensaku.mhlw.go.jp/40/index.php?action_kouhyou_detail_004_kani=true&JigyosyoCd=4070504040-00&ServiceCd=150&Type=search", "url2": "http://www.nichiigakkan.co.jp" }, "geometry": { "type": "Point", "coordinates": [ 130.864312700000028, 33.8345816 ] } },
{ "type": "Feature", "properties": { "内容": "デイサービス高野【通所介護】福岡県北九州市小倉南区高野5丁目11番1号", "url": "https://www.kaigokensaku.mhlw.go.jp/40/index.php?action_kouhyou_detail_004_kani=true&JigyosyoCd=4070401338-00&ServiceCd=150&Type=search", "url2": "http://www.tensuikai.or.jp/takano/" }, "geometry": { "type": "Point", "coordinates": [ 130.84726969999997, 33.8294375 ] } },
{ "type": "Feature", "properties": { "内容": "デイサービスセンター舞ヶ丘明静苑【通所介護】北九州市小倉南区大字横代380-2", "url": "https://www.kaigokensaku.mhlw.go.jp/40/index.php?action_kouhyou_detail_004_kani=true&JigyosyoCd=4070500238-00&ServiceCd=150&Type=search", "url2": "http://meiseien.com" }, "geometry": { "type": "Point", "coordinates": [ 130.8985103, 33.8255885 ] } },
{ "type": "Feature", "properties": { "内容": "宅老所いそねの里【通所介護】北九州市小倉南区曽根北町４番２２号", "url": "https://www.kaigokensaku.mhlw.go.jp/40/index.php?action_kouhyou_detail_004_kani=true&JigyosyoCd=4070500790-00&ServiceCd=150&Type=search", "url2": null }, "geometry": { "type": "Point", "coordinates": [ 130.940458217552191, 33.836102357946643 ] } },
{ "type": "Feature", "properties": { "内容": "デイサービスこもれび【通所介護】福岡県北九州市小倉南区蜷田若園３丁目４－８", "url": "https://www.kaigokensaku.mhlw.go.jp/40/index.php?action_kouhyou_detail_004_kani=true&JigyosyoCd=4070501889-00&ServiceCd=150&Type=search", "url2": "http://kanclinic.jp/" }, "geometry": { "type": "Point", "coordinates": [ 130.8941853, 33.8445638 ] } },
{ "type": "Feature", "properties": { "内容": "小倉つばさ館デイサービス【通所介護】沼南町１丁目3-7住宅型有料老人ホーム　小倉つばさ館", "url": "https://www.kaigokensaku.mhlw.go.jp/40/index.php?action_kouhyou_detail_004_kani=true&JigyosyoCd=4070102845-00&ServiceCd=150&Type=search", "url2": null }, "geometry": { "type": "Point", "coordinates": [ 130.936964399999965, 33.843543 ] } },
{ "type": "Feature", "properties": { "内容": "ふれあいデイサービスセンター【通所介護】福岡県北九州市小倉南区沼本町4丁目4－２１", "url": "https://www.kaigokensaku.mhlw.go.jp/40/index.php?action_kouhyou_detail_004_kani=true&JigyosyoCd=4070500147-00&ServiceCd=150&Type=search", "url2": "http://www.jionkai.jp/" }, "geometry": { "type": "Point", "coordinates": [ 130.946652303901374, 33.845940623846914 ] } },
{ "type": "Feature", "properties": { "内容": "社会福祉法人　双葉会　双葉苑デイサービスセンター【通所介護】福岡県北九州市小倉南区長行東３－１３－１７", "url": "https://www.kaigokensaku.mhlw.go.jp/40/index.php?action_kouhyou_detail_004_kani=true&JigyosyoCd=4070500287-00&ServiceCd=150&Type=search", "url2": "http://www.futaba-kai.or.jp" }, "geometry": { "type": "Point", "coordinates": [ 130.857731300000069, 33.8172263 ] } },
{ "type": "Feature", "properties": { "内容": "好日苑デイサービスセンター【通所介護】北九州市小倉南区曽根新田北3丁目2-1", "url": "https://www.kaigokensaku.mhlw.go.jp/40/index.php?action_kouhyou_detail_004_kani=true&JigyosyoCd=4070500493-00&ServiceCd=150&Type=search", "url2": "http://www.koujitsuen.com/" }, "geometry": { "type": "Point", "coordinates": [ 130.9536862, 33.8224794 ] } },
{ "type": "Feature", "properties": { "内容": "あだち園デイサービスセンター【通所介護】福岡県北九州市小倉南区沼緑町２丁目９－１", "url": "https://www.kaigokensaku.mhlw.go.jp/40/index.php?action_kouhyou_detail_004_kani=true&JigyosyoCd=4070500816-00&ServiceCd=150&Type=search", "url2": "http://www,adachien.com" }, "geometry": { "type": "Point", "coordinates": [ 130.928409200000033, 33.8492893 ] } },
{ "type": "Feature", "properties": { "内容": "医療法人社団　天翠会　吉田みどりの里　デイサービスみどり【通所介護】福岡県北九州市小倉南区上吉田３丁目１６番１号", "url": "https://www.kaigokensaku.mhlw.go.jp/40/index.php?action_kouhyou_detail_004_kani=true&JigyosyoCd=4070501418-00&ServiceCd=150&Type=search", "url2": "http://www.tensuikai.or.jp" }, "geometry": { "type": "Point", "coordinates": [ 130.946769, 33.8559057 ] } },
{ "type": "Feature", "properties": { "内容": "デイサービスセンター陽だまり苑【通所介護】福岡県北九州市小倉南区葛原本町2丁目2-21", "url": "https://www.kaigokensaku.mhlw.go.jp/40/index.php?action_kouhyou_detail_004_kani=true&JigyosyoCd=4070501673-00&ServiceCd=150&Type=search", "url2": "hidamarien.sakura.ne.jp/" }, "geometry": { "type": "Point", "coordinates": [ 130.917746812045834, 33.843346181593851 ] } },
{ "type": "Feature", "properties": { "内容": "小倉南ケアセンター和が家【通所介護】北九州市小倉南区津田1丁目5-16", "url": "https://www.kaigokensaku.mhlw.go.jp/40/index.php?action_kouhyou_detail_004_kani=true&JigyosyoCd=4070502440-00&ServiceCd=150&Type=search", "url2": "http://www.care-wagaya.com/index.html" }, "geometry": { "type": "Point", "coordinates": [ 130.921040799999986, 33.8308857 ] } },
{ "type": "Feature", "properties": { "内容": "おきなの杜デイサービス　いきがい元気塾【通所介護】福岡県北九州市小倉南区大字長野455番地の35", "url": "https://www.kaigokensaku.mhlw.go.jp/40/index.php?action_kouhyou_detail_004_kani=true&JigyosyoCd=4070502788-00&ServiceCd=150&Type=search", "url2": "http://care-net.biz/40/okinanomori/" }, "geometry": { "type": "Point", "coordinates": [ 130.915880600000037, 33.8195314 ] } },
{ "type": "Feature", "properties": { "内容": "きたふくデイサービスセンター「自悠茶論」志徳【通所介護】北九州市小倉南区徳力４丁目８－１８", "url": "https://www.kaigokensaku.mhlw.go.jp/40/index.php?action_kouhyou_detail_004_kani=true&JigyosyoCd=4070502903-00&ServiceCd=150&Type=search", "url2": "https://kitafuku.co.jp/" }, "geometry": { "type": "Point", "coordinates": [ 130.867979399999967, 33.8245133 ] } },
{ "type": "Feature", "properties": { "内容": "デイサービスせいかつＣＡＮ城野【通所介護】福岡県北九州市小倉南区城野１丁目６－４", "url": "https://www.kaigokensaku.mhlw.go.jp/40/index.php?action_kouhyou_detail_004_kani=true&JigyosyoCd=4070503158-00&ServiceCd=150&Type=search", "url2": "http://www.kitakyushu-hcs.co.jp" }, "geometry": { "type": "Point", "coordinates": [ 130.8876272, 33.8574399 ] } },
{ "type": "Feature", "properties": { "内容": "こくらの郷デイサービスセンター【通所介護】福岡県北九州市小倉南区高野四丁目12-11", "url": "https://www.kaigokensaku.mhlw.go.jp/40/index.php?action_kouhyou_detail_004_kani=true&JigyosyoCd=4070503190-00&ServiceCd=150&Type=search", "url2": "https://shoujukai.or.jp" }, "geometry": { "type": "Point", "coordinates": [ 130.8501526, 33.8336898 ] } },
{ "type": "Feature", "properties": { "内容": "デイサービスセンターいこいの里若園【通所介護】福岡県北九州市小倉南区若園３丁目１１－１", "url": "https://www.kaigokensaku.mhlw.go.jp/40/index.php?action_kouhyou_detail_004_kani=true&JigyosyoCd=4070503372-00&ServiceCd=150&Type=search", "url2": "http://ikoino-sato.com" }, "geometry": { "type": "Point", "coordinates": [ 130.890891099999976, 33.8481328 ] } },
{ "type": "Feature", "properties": { "内容": "ワンステップリハビリデイサービス【通所介護】福岡県北九州市小倉南区横代東町1-1-45", "url": "https://www.kaigokensaku.mhlw.go.jp/40/index.php?action_kouhyou_detail_004_kani=true&JigyosyoCd=4070503810-00&ServiceCd=150&Type=search", "url2": "https://onestep-deyservice.studio.site/" }, "geometry": { "type": "Point", "coordinates": [ 130.9011041, 33.8364789 ] } },
{ "type": "Feature", "properties": { "内容": "デイサービスせいかつＣＡＮ曽根【通所介護】福岡県北九州市小倉南区田原１丁目3-26", "url": "https://www.kaigokensaku.mhlw.go.jp/40/index.php?action_kouhyou_detail_004_kani=true&JigyosyoCd=4070503836-00&ServiceCd=150&Type=search", "url2": "http://www.kitakyushu-hcs.co.jp" }, "geometry": { "type": "Point", "coordinates": [ 130.93309279999994, 33.8297251 ] } },
{ "type": "Feature", "properties": { "内容": "おきなの杜デイサービス　やりがい文化村【通所介護】福岡県北九州市小倉南区大字長野455番地の26", "url": "https://www.kaigokensaku.mhlw.go.jp/40/index.php?action_kouhyou_detail_004_kani=true&JigyosyoCd=4070503869-00&ServiceCd=150&Type=search", "url2": "http:/care-net.biz/40/okinanomori/" }, "geometry": { "type": "Point", "coordinates": [ 130.915880600000037, 33.8195314 ] } },
{ "type": "Feature", "properties": { "内容": "デイサービスセンター　ドローム母原【通所介護】福岡県北九州市小倉南区大字母原777番地", "url": "https://www.kaigokensaku.mhlw.go.jp/40/index.php?action_kouhyou_detail_004_kani=true&JigyosyoCd=4070503943-00&ServiceCd=150&Type=search", "url2": "http://www.drom-mohara.com" }, "geometry": { "type": "Point", "coordinates": [ 130.874974299999963, 33.7961583 ] } },
{ "type": "Feature", "properties": { "内容": "コミュニティセンターゆめ咲くら【通所介護】福岡県北九州市小倉南区下城野３丁目８－２４", "url": "https://www.kaigokensaku.mhlw.go.jp/40/index.php?action_kouhyou_detail_004_kani=true&JigyosyoCd=4070504065-00&ServiceCd=150&Type=search", "url2": null }, "geometry": { "type": "Point", "coordinates": [ 130.874583700000017, 33.8544181 ] } },
{ "type": "Feature", "properties": { "内容": "小倉南ケアセンターそよ風【通所介護】北九州市小倉南区横代北町4-21-12", "url": "https://www.kaigokensaku.mhlw.go.jp/40/index.php?action_kouhyou_detail_004_kani=true&JigyosyoCd=4070504198-00&ServiceCd=150&Type=search", "url2": null }, "geometry": { "type": "Point", "coordinates": [ 130.897045759524531, 33.83282286722492 ] } },
{ "type": "Feature", "properties": { "内容": "デイサービスヒューマン【通所介護】福岡県北九州市小倉南区中曽根東2-10-5クオーレ三光", "url": "https://www.kaigokensaku.mhlw.go.jp/40/index.php?action_kouhyou_detail_004_kani=true&JigyosyoCd=4070504354-00&ServiceCd=150&Type=search", "url2": "https://cuore.humanbridge.co.jp/dayservice/" }, "geometry": { "type": "Point", "coordinates": [ 130.943666215233378, 33.832358157465919 ] } },
{ "type": "Feature", "properties": { "内容": "デイサービスじりつ【通所介護】北九州市小倉南区大字志井１７８", "url": "https://www.kaigokensaku.mhlw.go.jp/40/index.php?action_kouhyou_detail_004_kani=true&JigyosyoCd=4070504578-00&ServiceCd=150&Type=search", "url2": "http://care-net.biz/40/jiritu/" }, "geometry": { "type": "Point", "coordinates": [ 130.8733698, 33.815813699999978 ] } },
{ "type": "Feature", "properties": { "内容": "デイサービスせいかつＣＡＮ湯川【通所介護】福岡県北九州市小倉南区湯川5丁目9-17", "url": "https://www.kaigokensaku.mhlw.go.jp/40/index.php?action_kouhyou_detail_004_kani=true&JigyosyoCd=4070504800-00&ServiceCd=150&Type=search", "url2": "http://www.kitakyushu-hcs.co.jp" }, "geometry": { "type": "Point", "coordinates": [ 130.90630691045078, 33.84405093545071 ] } },
{ "type": "Feature", "properties": { "内容": "ひびきの郷デイサービスセンター【通所介護】福岡県北九州市小倉南区下石田１－２－１石田スカイマンション・101", "url": "https://www.kaigokensaku.mhlw.go.jp/40/index.php?action_kouhyou_detail_004_kani=true&JigyosyoCd=4070505369-00&ServiceCd=150&Type=search", "url2": null }, "geometry": { "type": "Point", "coordinates": [ 130.890483099999983, 33.8397004 ] } },
{ "type": "Feature", "properties": { "内容": "おきなの杜デイサービス　OKINAdeARUKU【通所介護】福岡県北九州市小倉南区大字長野616番地の2", "url": "https://www.kaigokensaku.mhlw.go.jp/40/index.php?action_kouhyou_detail_004_kani=true&JigyosyoCd=4070505401-00&ServiceCd=150&Type=search", "url2": "http://care-net.biz/40/okinanomori/" }, "geometry": { "type": "Point", "coordinates": [ 130.916720575204863, 33.819408047118273 ] } },
{ "type": "Feature", "properties": { "内容": "デイサービスセンターいこいの里徳吉【通所介護】徳吉西3丁目2番6号", "url": "https://www.kaigokensaku.mhlw.go.jp/40/index.php?action_kouhyou_detail_004_kani=true&JigyosyoCd=4070505484-00&ServiceCd=150&Type=search", "url2": "http://ikoino-sato.com" }, "geometry": { "type": "Point", "coordinates": [ 130.856329599999981, 33.8122832 ] } },
{ "type": "Feature", "properties": { "内容": "ツクイ小倉南方【通所介護】南方5-13-38", "url": "https://www.kaigokensaku.mhlw.go.jp/40/index.php?action_kouhyou_detail_004_kani=true&JigyosyoCd=4070505740-00&ServiceCd=150&Type=search", "url2": "https://corp.tsukui.net/" }, "geometry": { "type": "Point", "coordinates": [ 130.8614297, 33.827799 ] } },
{ "type": "Feature", "properties": { "内容": "デイサービスいこいの里曽根さくら【通所介護】曽根北町2番5号", "url": "https://www.kaigokensaku.mhlw.go.jp/40/index.php?action_kouhyou_detail_004_kani=true&JigyosyoCd=4070505864-00&ServiceCd=150&Type=search", "url2": "http://ikoino-sato.com" }, "geometry": { "type": "Point", "coordinates": [ 130.9425944, 33.8362177 ] } },
{ "type": "Feature", "properties": { "内容": "デイサービスいこいの里曽根あじさい【通所介護】福岡県北九州市小倉南区曽根北町２番５号", "url": "https://www.kaigokensaku.mhlw.go.jp/40/index.php?action_kouhyou_detail_004_kani=true&JigyosyoCd=4070505872-00&ServiceCd=150&Type=search", "url2": "http://ikoino-sato.com" }, "geometry": { "type": "Point", "coordinates": [ 130.9394383, 33.8386466 ] } },
{ "type": "Feature", "properties": { "内容": "デイサービスいこいの里曽根こすもす【通所介護】福岡県北九州市小倉南区曽根北町2番6号", "url": "https://www.kaigokensaku.mhlw.go.jp/40/index.php?action_kouhyou_detail_004_kani=true&JigyosyoCd=4070505898-00&ServiceCd=150&Type=search", "url2": "http://ikoino-sato.com" }, "geometry": { "type": "Point", "coordinates": [ 130.9394383, 33.8386466 ] } },
{ "type": "Feature", "properties": { "内容": "デイサービスいこいの里曽根もみじ【通所介護】福岡県北九州市小倉南区曽根北町2番6号", "url": "https://www.kaigokensaku.mhlw.go.jp/40/index.php?action_kouhyou_detail_004_kani=true&JigyosyoCd=4070505906-00&ServiceCd=150&Type=search", "url2": "http://ikoino-sato.com" }, "geometry": { "type": "Point", "coordinates": [ 130.9394383, 33.8386466 ] } },
{ "type": "Feature", "properties": { "内容": "デイサービスへいわ【通所介護】福岡県北九州市小倉南区石田南3丁目2番30号", "url": "https://www.kaigokensaku.mhlw.go.jp/40/index.php?action_kouhyou_detail_004_kani=true&JigyosyoCd=4070502564-00&ServiceCd=150&Type=search", "url2": null }, "geometry": { "type": "Point", "coordinates": [ 130.881924093206749, 33.822095955390864 ] } },
{ "type": "Feature", "properties": { "内容": "虹の音　デイサービスセンター【通所介護】北九州市小倉南区若園４丁目１３－３９", "url": "https://www.kaigokensaku.mhlw.go.jp/40/index.php?action_kouhyou_detail_004_kani=true&JigyosyoCd=4070504057-00&ServiceCd=150&Type=search", "url2": "nijinootods@mist,ocn,ne,jp" }, "geometry": { "type": "Point", "coordinates": [ 130.8854522882217, 33.844573794944168 ] } },
{ "type": "Feature", "properties": { "内容": "リーフテラス【通所介護】中曽根三丁目6番18号", "url": "https://www.kaigokensaku.mhlw.go.jp/40/index.php?action_kouhyou_detail_004_kani=true&JigyosyoCd=4070506037-00&ServiceCd=150&Type=search", "url2": "https://leafkaigo.my.canva.site/jp" }, "geometry": { "type": "Point", "coordinates": [ 130.938945100000012, 33.825055499999984 ] } },
{ "type": "Feature", "properties": { "内容": "株式会社ＬＩＮＫ【通所介護】北九州市小倉南区蒲生4-5-24", "url": "https://www.kaigokensaku.mhlw.go.jp/40/index.php?action_kouhyou_detail_004_kani=true&JigyosyoCd=4070505948-00&ServiceCd=150&Type=search", "url2": null }, "geometry": { "type": "Point", "coordinates": [ 130.864633700000013, 33.8421528 ] } },
{ "type": "Feature", "properties": { "内容": "さわやか　螢風館デイサービスセンター【通所介護】福岡県北九州市小倉南区長野東町１１番１５号", "url": "https://www.kaigokensaku.mhlw.go.jp/40/index.php?action_kouhyou_detail_004_kani=true&JigyosyoCd=4070502432-00&ServiceCd=150&Type=search", "url2": "http://www.sawayakaclub.jp" }, "geometry": { "type": "Point", "coordinates": [ 130.91864970000006, 33.8201703 ] } },
{ "type": "Feature", "properties": { "内容": "デイサービスメディファムクラブ【通所介護】福岡県北九州市小倉南区南若園町2-25", "url": "https://www.kaigokensaku.mhlw.go.jp/40/index.php?action_kouhyou_detail_004_kani=true&JigyosyoCd=4070504727-00&ServiceCd=150&Type=search", "url2": "https://medifam-lounge.com/" }, "geometry": { "type": "Point", "coordinates": [ 130.887291364418019, 33.842196645151766 ] } },
{ "type": "Feature", "properties": { "内容": "インクルきく【通所介護】福岡県北九州市小倉南区春ケ丘10-11", "url": "https://www.kaigokensaku.mhlw.go.jp/40/index.php?action_kouhyou_detail_004_kani=true&JigyosyoCd=4070505625-00&ServiceCd=150&Type=search", "url2": "https://www.kitaiku.com/facilities/inclu-kiku/" }, "geometry": { "type": "Point", "coordinates": [ 130.8825974, 33.8481176 ] } },
{ "type": "Feature", "properties": { "内容": "デイサービスセンターまちかど【通所介護】北九州市小倉南区下石田一丁目18番20号まちかど弐番館", "url": "https://www.kaigokensaku.mhlw.go.jp/40/index.php?action_kouhyou_detail_004_kani=true&JigyosyoCd=4070504388-00&ServiceCd=150&Type=search", "url2": null }, "geometry": { "type": "Point", "coordinates": [ 130.891969099999983, 33.8384728 ] } },
{ "type": "Feature", "properties": { "内容": "リハビリ特化型デイ　STANDUP！【通所介護】福岡県北九州市小倉南区曽根北町4‐16メディクレスト１０２", "url": "https://www.kaigokensaku.mhlw.go.jp/40/index.php?action_kouhyou_detail_004_kani=true&JigyosyoCd=4070506078-00&ServiceCd=150&Type=search", "url2": null }, "geometry": { "type": "Point", "coordinates": [ 130.9402906, 33.8365197 ] } },
{ "type": "Feature", "properties": { "内容": "リハビリ特化型デイ　STANDUPⅡ【通所介護】福岡県北九州市小倉南区北方２丁目４番１号", "url": "https://www.kaigokensaku.mhlw.go.jp/40/index.php?action_kouhyou_detail_004_kani=true&JigyosyoCd=4070506086-00&ServiceCd=150&Type=search", "url2": null }, "geometry": { "type": "Point", "coordinates": [ 130.878030700000011, 33.8511723 ] } },
{ "type": "Feature", "properties": { "内容": "デイサービスセンター東田愛香苑【通所介護】福岡県北九州市八幡東区東田２丁目２番４３号高齢者向け優良賃貸住宅東田の愛香苑１Ｆ", "url": "https://www.kaigokensaku.mhlw.go.jp/40/index.php?action_kouhyou_detail_004_kani=true&JigyosyoCd=4070601317-00&ServiceCd=150&Type=search", "url2": "http://www.aikouen-kitakyu.com" }, "geometry": { "type": "Point", "coordinates": [ 130.804241559677308, 33.868814240161186 ] } },
{ "type": "Feature", "properties": { "内容": "デイサービスほほえみ八幡東【通所介護】福岡県北九州市八幡東区枝光四丁目2番6号", "url": "https://www.kaigokensaku.mhlw.go.jp/40/index.php?action_kouhyou_detail_004_kani=true&JigyosyoCd=4070601416-00&ServiceCd=150&Type=search", "url2": null }, "geometry": { "type": "Point", "coordinates": [ 130.814451599999984, 33.88306390000001 ] } },
{ "type": "Feature", "properties": { "内容": "ゲラングリーンバード八幡駅前【通所介護】福岡県北九州市八幡東区西本町２－８－７", "url": "https://www.kaigokensaku.mhlw.go.jp/40/index.php?action_kouhyou_detail_004_kani=true&JigyosyoCd=4070602083-00&ServiceCd=150&Type=search", "url2": "http://www.senior-court-yahata.jp" }, "geometry": { "type": "Point", "coordinates": [ 130.796425799999952, 33.8682126 ] } },
{ "type": "Feature", "properties": { "内容": "八幡デイサービスセンター【通所介護】北九州市八幡東区大蔵三丁目2番1号", "url": "https://www.kaigokensaku.mhlw.go.jp/40/index.php?action_kouhyou_detail_004_kani=true&JigyosyoCd=4070600566-00&ServiceCd=150&Type=search", "url2": "http://www.elder-g.co.jp/" }, "geometry": { "type": "Point", "coordinates": [ 130.817202677385012, 33.856905491016761 ] } },
{ "type": "Feature", "properties": { "内容": "デイサービスセンター春の町【通所介護】福岡県北九州市八幡東区春の町4丁目3番26号", "url": "https://www.kaigokensaku.mhlw.go.jp/40/index.php?action_kouhyou_detail_004_kani=true&JigyosyoCd=4070601929-00&ServiceCd=150&Type=search", "url2": "https://s-k-corporation.com" }, "geometry": { "type": "Point", "coordinates": [ 130.801539300000059, 33.8672544 ] } },
{ "type": "Feature", "properties": { "内容": "デイサービス　ぎおん【通所介護】福岡県北九州市八幡東区東台良町5-45", "url": "https://www.kaigokensaku.mhlw.go.jp/40/index.php?action_kouhyou_detail_004_kani=true&JigyosyoCd=4070601432-00&ServiceCd=150&Type=search", "url2": null }, "geometry": { "type": "Point", "coordinates": [ 130.792635081021103, 33.860495070403061 ] } },
{ "type": "Feature", "properties": { "内容": "さわやかリハビリデイサービス清田【通所介護】福岡県北九州市八幡東区清田3‐4‐7", "url": "https://www.kaigokensaku.mhlw.go.jp/40/index.php?action_kouhyou_detail_004_kani=true&JigyosyoCd=4070601564-00&ServiceCd=150&Type=search", "url2": "kiyota@sawayakaclub.jp" }, "geometry": { "type": "Point", "coordinates": [ 141.435524399999963, 43.0184638 ] } },
{ "type": "Feature", "properties": { "内容": "八幡デイサービスセンター【通所介護】福岡県北九州市八幡東区大蔵3丁目2-1", "url": "https://www.kaigokensaku.mhlw.go.jp/40/index.php?action_kouhyou_detail_004_kani=true&JigyosyoCd=4070602257-00&ServiceCd=150&Type=search", "url2": null }, "geometry": { "type": "Point", "coordinates": [ 130.816861, 33.856904399999969 ] } },
{ "type": "Feature", "properties": { "内容": "デイサービス　桃園【通所介護】福岡県北九州市八幡東区桃園1丁目５－１", "url": "https://www.kaigokensaku.mhlw.go.jp/40/index.php?action_kouhyou_detail_004_kani=true&JigyosyoCd=4070601713-00&ServiceCd=150&Type=search", "url2": "http://www.medical-village.ne.jp" }, "geometry": { "type": "Point", "coordinates": [ 130.784692299999961, 33.8633836 ] } },
{ "type": "Feature", "properties": { "内容": "リハビリﾃﾞｲｻｰﾋﾞｽなでしこ八幡【通所介護】福岡県北九州市八幡東区宮の町１丁目２－２０住宅型有料老人ホームなでしこ八幡一番館1階", "url": "https://www.kaigokensaku.mhlw.go.jp/40/index.php?action_kouhyou_detail_004_kani=true&JigyosyoCd=4070601994-00&ServiceCd=150&Type=search", "url2": "https://nadeshiko-yahata.com" }, "geometry": { "type": "Point", "coordinates": [ 130.831589781202013, 33.860621121330801 ] } },
{ "type": "Feature", "properties": { "内容": "デイサービスひなたの家八幡【通所介護】福岡県北九州市八幡東区尾倉3丁目6番1号", "url": "https://www.kaigokensaku.mhlw.go.jp/40/index.php?action_kouhyou_detail_004_kani=true&JigyosyoCd=4070405404-00&ServiceCd=150&Type=search", "url2": null }, "geometry": { "type": "Point", "coordinates": [ 130.79790355052836, 33.863794900340501 ] } },
{ "type": "Feature", "properties": { "内容": "善興園デイサービスセンター【通所介護】福岡県北九州市八幡東区前田3丁目8番15号", "url": "https://www.kaigokensaku.mhlw.go.jp/40/index.php?action_kouhyou_detail_004_kani=true&JigyosyoCd=4070600046-00&ServiceCd=150&Type=search", "url2": "http://www.zenkokai.or.jp/" }, "geometry": { "type": "Point", "coordinates": [ 130.785771299999965, 33.867432 ] } },
{ "type": "Feature", "properties": { "内容": "大蔵園デイサービスセンター【通所介護】北九州市八幡東区大蔵３丁目２番１号", "url": "https://www.kaigokensaku.mhlw.go.jp/40/index.php?action_kouhyou_detail_004_kani=true&JigyosyoCd=4070600087-00&ServiceCd=150&Type=search", "url2": "http://n-sato.com" }, "geometry": { "type": "Point", "coordinates": [ 130.816671600000063, 33.856264 ] } },
{ "type": "Feature", "properties": { "内容": "デイサービスセンター誠光園【通所介護】北九州市八幡東区藤見町３番１号", "url": "https://www.kaigokensaku.mhlw.go.jp/40/index.php?action_kouhyou_detail_004_kani=true&JigyosyoCd=4070600152-00&ServiceCd=150&Type=search", "url2": "http://www.seikou-kai.net/" }, "geometry": { "type": "Point", "coordinates": [ 130.822912299999984, 33.8697736 ] } },
{ "type": "Feature", "properties": { "内容": "きたふくデイサービスセンター「自悠茶論」皿倉【通所介護】福岡県北九州市八幡東区帆柱１丁目７番５０号", "url": "https://www.kaigokensaku.mhlw.go.jp/40/index.php?action_kouhyou_detail_004_kani=true&JigyosyoCd=4070600525-00&ServiceCd=150&Type=search", "url2": "https://kitafuku.co.jp" }, "geometry": { "type": "Point", "coordinates": [ 130.800466812246157, 33.861933326868829 ] } },
{ "type": "Feature", "properties": { "内容": "デイサービスせいかつCAN【通所介護】北九州市八幡東区中央2丁目22-16", "url": "https://www.kaigokensaku.mhlw.go.jp/40/index.php?action_kouhyou_detail_004_kani=true&JigyosyoCd=4070600921-00&ServiceCd=150&Type=search", "url2": "http://ｗｗｗ.kitakyusｈu-hcs.co.jp" }, "geometry": { "type": "Point", "coordinates": [ 130.811674499999981, 33.8666683 ] } },
{ "type": "Feature", "properties": { "内容": "医療法人ふらて会デイサービスふらて【通所介護】北九州市八幡東区昭和１丁目2-28ふらて会在宅支援センター", "url": "https://www.kaigokensaku.mhlw.go.jp/40/index.php?action_kouhyou_detail_004_kani=true&JigyosyoCd=4070601077-00&ServiceCd=150&Type=search", "url2": "http://www.furate.net/" }, "geometry": { "type": "Point", "coordinates": [ 130.838058300000057, 33.8667161 ] } },
{ "type": "Feature", "properties": { "内容": "山王デイサービスセンター【通所介護】福岡県北九州市八幡東区山王一丁目15番1号", "url": "https://www.kaigokensaku.mhlw.go.jp/40/index.php?action_kouhyou_detail_004_kani=true&JigyosyoCd=4070601358-00&ServiceCd=150&Type=search", "url2": "https://n-sato.com/" }, "geometry": { "type": "Point", "coordinates": [ 130.816071299999976, 33.8690236 ] } },
{ "type": "Feature", "properties": { "内容": "田原整形外科デイサービスセンター　たはら【通所介護】福岡県北九州市八幡東区東田１丁目３番１０号", "url": "https://www.kaigokensaku.mhlw.go.jp/40/index.php?action_kouhyou_detail_004_kani=true&JigyosyoCd=4070601697-00&ServiceCd=150&Type=search", "url2": "https://tahara-dayservice.com/" }, "geometry": { "type": "Point", "coordinates": [ 130.798622529005456, 33.869639212968721 ] } },
{ "type": "Feature", "properties": { "内容": "デイサービスセンター想い【通所介護】福岡県北九州市八幡東区祇園２丁目９番５号", "url": "https://www.kaigokensaku.mhlw.go.jp/40/index.php?action_kouhyou_detail_004_kani=true&JigyosyoCd=4070602026-00&ServiceCd=150&Type=search", "url2": "http://www.day-omoi.jp" }, "geometry": { "type": "Point", "coordinates": [ 130.789407200000028, 33.8619326 ] } },
{ "type": "Feature", "properties": { "内容": "デイサービスセンター東風館【通所介護】福岡県北九州市八幡東区松尾町２３－１６", "url": "https://www.kaigokensaku.mhlw.go.jp/40/index.php?action_kouhyou_detail_004_kani=true&JigyosyoCd=4070602034-00&ServiceCd=150&Type=search", "url2": null }, "geometry": { "type": "Point", "coordinates": [ 130.8454385, 33.862229 ] } },
{ "type": "Feature", "properties": { "内容": "デイサービス　リゾートアロハ　八幡【通所介護】中央二丁目18-6", "url": "https://www.kaigokensaku.mhlw.go.jp/40/index.php?action_kouhyou_detail_004_kani=true&JigyosyoCd=4070602125-00&ServiceCd=150&Type=search", "url2": "http://hp.kaipoke.biz/xpx/" }, "geometry": { "type": "Point", "coordinates": [ 130.811086961687835, 33.865538425053856 ] } },
{ "type": "Feature", "properties": { "内容": "つくしケアセンター八幡【通所介護】福岡県北九州市八幡東区西本町1丁目17番1号つくしの杜　八幡", "url": "https://www.kaigokensaku.mhlw.go.jp/40/index.php?action_kouhyou_detail_004_kani=true&JigyosyoCd=4070602224-00&ServiceCd=150&Type=search", "url2": "https://kitakyu-sakuraservice.jp/pages/34/" }, "geometry": { "type": "Point", "coordinates": [ 130.7981048, 33.8682105 ] } },
{ "type": "Feature", "properties": { "内容": "デイサービス　ファイン【通所介護】福岡県北九州市八幡東区川淵町８番２４号", "url": "https://www.kaigokensaku.mhlw.go.jp/40/index.php?action_kouhyou_detail_004_kani=true&JigyosyoCd=4070601382-00&ServiceCd=150&Type=search", "url2": "http://www.ds-fine.net" }, "geometry": { "type": "Point", "coordinates": [ 130.839074799999906, 33.8680576 ] } },
{ "type": "Feature", "properties": { "内容": "(株)スペースケア・さくら【通所介護】福岡県北九州市八幡東区山王２－８－３５", "url": "https://www.kaigokensaku.mhlw.go.jp/40/index.php?action_kouhyou_detail_004_kani=true&JigyosyoCd=4070601036-00&ServiceCd=150&Type=search", "url2": null }, "geometry": { "type": "Point", "coordinates": [ 130.816224, 33.8701291 ] } },
{ "type": "Feature", "properties": { "内容": "HOT北九州【通所介護】福岡県北九州市八幡東区中尾２−１−１", "url": "https://www.kaigokensaku.mhlw.go.jp/40/index.php?action_kouhyou_detail_004_kani=true&JigyosyoCd=4070602315-00&ServiceCd=150&Type=search", "url2": null }, "geometry": { "type": "Point", "coordinates": [ 130.831255359524505, 33.860027963858407 ] } },
{ "type": "Feature", "properties": { "内容": "デイサービスほほえみ八幡東【通所介護】福岡県北九州市八幡東区枝光4丁目2番6号", "url": "https://www.kaigokensaku.mhlw.go.jp/40/index.php?action_kouhyou_detail_004_kani=true&JigyosyoCd=4070602190-00&ServiceCd=150&Type=search", "url2": "https://www.hohoemi-gr.com/" }, "geometry": { "type": "Point", "coordinates": [ 130.814432900000014, 33.8830695 ] } },
{ "type": "Feature", "properties": { "内容": "つくしケアセンター本城【通所介護】北九州市八幡西区千代ヶ崎3丁目6-30", "url": "https://www.kaigokensaku.mhlw.go.jp/40/index.php?action_kouhyou_detail_004_kani=true&JigyosyoCd=4070702990-00&ServiceCd=150&Type=search", "url2": "http://www.sakuraservice.jp/" }, "geometry": { "type": "Point", "coordinates": [ 130.716549100000066, 33.8802454 ] } },
{ "type": "Feature", "properties": { "内容": "ひろき苑デイサービスセンター八幡【通所介護】北九州市八幡西区竹末１丁目８番２４号", "url": "https://www.kaigokensaku.mhlw.go.jp/40/index.php?action_kouhyou_detail_004_kani=true&JigyosyoCd=4070704319-00&ServiceCd=150&Type=search", "url2": "http://www.kawamura-fs.com" }, "geometry": { "type": "Point", "coordinates": [ 130.745608700000048, 33.850849500000017 ] } },
{ "type": "Feature", "properties": { "内容": "デイサービスこすもす【通所介護】北九州市八幡西区本城四丁目７－４６", "url": "https://www.kaigokensaku.mhlw.go.jp/40/index.php?action_kouhyou_detail_004_kani=true&JigyosyoCd=4070702271-00&ServiceCd=150&Type=search", "url2": "http://www.kyuun.com" }, "geometry": { "type": "Point", "coordinates": [ 130.73821369999996, 33.8844927 ] } },
{ "type": "Feature", "properties": { "内容": "デイサービス金剛倶楽部【通所介護】金剛3丁目2-4", "url": "https://www.kaigokensaku.mhlw.go.jp/40/index.php?action_kouhyou_detail_004_kani=true&JigyosyoCd=4070707577-00&ServiceCd=150&Type=search", "url2": null }, "geometry": { "type": "Point", "coordinates": [ 139.187093, 36.239187 ] } },
{ "type": "Feature", "properties": { "内容": "とまとデイサービスセンター【通所介護】福岡県北九州市八幡西区割子川2-16-13", "url": "https://www.kaigokensaku.mhlw.go.jp/40/index.php?action_kouhyou_detail_004_kani=true&JigyosyoCd=4070700945-00&ServiceCd=150&Type=search", "url2": null }, "geometry": { "type": "Point", "coordinates": [ 130.756982099999959, 33.839917300000025 ] } },
{ "type": "Feature", "properties": { "内容": "デイサービスセンターいこいの里本城弐番館【通所介護】福岡県北九州市八幡西区本城東4丁目4番3号", "url": "https://www.kaigokensaku.mhlw.go.jp/40/index.php?action_kouhyou_detail_004_kani=true&JigyosyoCd=4070705712-00&ServiceCd=150&Type=search", "url2": "http://www.ukishiro.com/care/" }, "geometry": { "type": "Point", "coordinates": [ 130.735706, 33.8742493 ] } },
{ "type": "Feature", "properties": { "内容": "産業医科大学介護施設「虹の丘」デイサービス【通所介護】福岡県北九州市八幡西区光貞台3丁目13番10号", "url": "https://www.kaigokensaku.mhlw.go.jp/40/index.php?action_kouhyou_detail_004_kani=true&JigyosyoCd=4070703444-00&ServiceCd=150&Type=search", "url2": "https://www.uoeh-u.ac.jp/facilities/nijinooka.html" }, "geometry": { "type": "Point", "coordinates": [ 130.718018, 33.8864893 ] } },
{ "type": "Feature", "properties": { "内容": "ＣＯＣＯＳＩＡデイサービスみのり【通所介護】町上津役西１丁目22-6ＣＯＣＯＳＩＡデイサービスみのり", "url": "https://www.kaigokensaku.mhlw.go.jp/40/index.php?action_kouhyou_detail_004_kani=true&JigyosyoCd=4070707593-00&ServiceCd=150&Type=search", "url2": null }, "geometry": { "type": "Point", "coordinates": [ 130.745079499999946, 33.8265229 ] } },
{ "type": "Feature", "properties": { "内容": "COCOSIAデイサービスよしみ【通所介護】福岡県北九州市八幡西区中の原3丁目1-10", "url": "https://www.kaigokensaku.mhlw.go.jp/40/index.php?action_kouhyou_detail_004_kani=true&JigyosyoCd=4070707676-00&ServiceCd=150&Type=search", "url2": null }, "geometry": { "type": "Point", "coordinates": [ 130.7516703, 33.833343 ] } },
{ "type": "Feature", "properties": { "内容": "運動特化型半日デイ　ありんこ俱楽部【通所介護】北九州市八幡西区菅原町5‐1－1階医療法人俊英会有吉クリニック　1階", "url": "https://www.kaigokensaku.mhlw.go.jp/40/index.php?action_kouhyou_detail_004_kani=true&JigyosyoCd=4070708047-00&ServiceCd=150&Type=search", "url2": "https://www.ariyoshi-cl-2.com/arinko" }, "geometry": { "type": "Point", "coordinates": [ 130.7630867, 33.86227 ] } },
{ "type": "Feature", "properties": { "内容": "介護事業所　らぐたいむ【通所介護】福岡県北九州市八幡西区則松7-19-8ビータの生活館１F", "url": "https://www.kaigokensaku.mhlw.go.jp/40/index.php?action_kouhyou_detail_004_kani=true&JigyosyoCd=4070704863-00&ServiceCd=150&Type=search", "url2": "http://www.ragtime-ds.com/info/" }, "geometry": { "type": "Point", "coordinates": [ 130.723699600000032, 33.8501601 ] } },
{ "type": "Feature", "properties": { "内容": "三寿庵デイサービスセンター【通所介護】岩崎四丁目２番２０号", "url": "https://www.kaigokensaku.mhlw.go.jp/40/index.php?action_kouhyou_detail_004_kani=true&JigyosyoCd=4070705373-00&ServiceCd=150&Type=search", "url2": "グーグルで「三寿庵デイサービスセンター」で検索するとウエブページがあります" }, "geometry": { "type": "Point", "coordinates": [ 130.7185819, 33.80764 ] } },
{ "type": "Feature", "properties": { "内容": "ログハウス【通所介護】北九州市八幡西区下上津役3-3-6", "url": "https://www.kaigokensaku.mhlw.go.jp/40/index.php?action_kouhyou_detail_004_kani=true&JigyosyoCd=4070704103-00&ServiceCd=150&Type=search", "url2": "http://www.kirinkan.co.jp/d_skirinkan/" }, "geometry": { "type": "Point", "coordinates": [ 130.741982, 33.8258522 ] } },
{ "type": "Feature", "properties": { "内容": "小嶺デイサービス【通所介護】福岡県北九州市八幡西区町上津役東二丁目１番１３号小嶺外科胃腸科医院３階", "url": "https://www.kaigokensaku.mhlw.go.jp/40/index.php?action_kouhyou_detail_004_kani=true&JigyosyoCd=4070704566-00&ServiceCd=150&Type=search", "url2": null }, "geometry": { "type": "Point", "coordinates": [ 130.7533922, 33.8221334 ] } },
{ "type": "Feature", "properties": { "内容": "八幡リハビリテーションデイサービス【通所介護】鷹の巣1-7-7鷹の巣ビル４階", "url": "https://www.kaigokensaku.mhlw.go.jp/40/index.php?action_kouhyou_detail_004_kani=true&JigyosyoCd=4070707171-00&ServiceCd=150&Type=search", "url2": "https://kyowacare.wixsite.com/yahata-riha" }, "geometry": { "type": "Point", "coordinates": [ 130.7458752, 33.8568349 ] } },
{ "type": "Feature", "properties": { "内容": "カフェ・ピエス【通所介護】北九州市八幡西区引野二丁目12番46号ラポール引野内", "url": "https://www.kaigokensaku.mhlw.go.jp/40/index.php?action_kouhyou_detail_004_kani=true&JigyosyoCd=4070705837-00&ServiceCd=150&Type=search", "url2": "http://blog.livedoor.jp/daypiesu/" }, "geometry": { "type": "Point", "coordinates": [ 130.751039975393724, 33.843900849215309 ] } },
{ "type": "Feature", "properties": { "内容": "デイサービスARIGO【通所介護】福岡県北九州市八幡西区東鳴水1丁目8-12", "url": "https://www.kaigokensaku.mhlw.go.jp/40/index.php?action_kouhyou_detail_004_kani=true&JigyosyoCd=4070707726-00&ServiceCd=150&Type=search", "url2": null }, "geometry": { "type": "Point", "coordinates": [ 130.771912131977984, 33.858285648348179 ] } },
{ "type": "Feature", "properties": { "内容": "デイサービスあんしん館【通所介護】福岡県北九州市八幡西区馬場山緑5番25号", "url": "https://www.kaigokensaku.mhlw.go.jp/40/index.php?action_kouhyou_detail_004_kani=true&JigyosyoCd=4070402674-00&ServiceCd=150&Type=search", "url2": "http://www.anshincare.jp" }, "geometry": { "type": "Point", "coordinates": [ 130.736071270495586, 33.792005956161297 ] } },
{ "type": "Feature", "properties": { "内容": "あすなろデイサービスセンター和ごころ【通所介護】福岡県北九州市八幡西区上香月1丁目15-2", "url": "https://www.kaigokensaku.mhlw.go.jp/40/index.php?action_kouhyou_detail_004_kani=true&JigyosyoCd=4070706348-00&ServiceCd=150&Type=search", "url2": null }, "geometry": { "type": "Point", "coordinates": [ 130.737254488560438, 33.802153677455323 ] } },
{ "type": "Feature", "properties": { "内容": "デイサービスあやのいえ【通所介護】北九州市八幡西区椋枝1-1-15", "url": "https://www.kaigokensaku.mhlw.go.jp/40/index.php?action_kouhyou_detail_004_kani=true&JigyosyoCd=4070705167-00&ServiceCd=150&Type=search", "url2": null }, "geometry": { "type": "Point", "coordinates": [ 130.739504899999929, 33.8115009 ] } },
{ "type": "Feature", "properties": { "内容": "リハビリテーションデイサービス　アルファ【通所介護】福岡県北九州市八幡西区大字金剛１３７７－１", "url": "https://www.kaigokensaku.mhlw.go.jp/40/index.php?action_kouhyou_detail_004_kani=true&JigyosyoCd=4070706769-00&ServiceCd=150&Type=search", "url2": "htts://www.amviloi.net" }, "geometry": { "type": "Point", "coordinates": [ 130.75011829999994, 33.7925392 ] } },
{ "type": "Feature", "properties": { "内容": "あぐさ館デイサービスセンター【通所介護】吉祥寺町１９番３３号", "url": "https://www.kaigokensaku.mhlw.go.jp/40/index.php?action_kouhyou_detail_004_kani=true&JigyosyoCd=4070708492-00&ServiceCd=150&Type=search", "url2": null }, "geometry": { "type": "Point", "coordinates": [ 130.736375, 33.805641 ] } },
{ "type": "Feature", "properties": { "内容": "テンダーデイサービスセンター【通所介護】福岡県北九州市八幡西区町上津役東２丁目１６番２５号", "url": "https://www.kaigokensaku.mhlw.go.jp/40/index.php?action_kouhyou_detail_004_kani=true&JigyosyoCd=4070701950-00&ServiceCd=150&Type=search", "url2": null }, "geometry": { "type": "Point", "coordinates": [ 130.756022499999972, 33.8222306 ] } },
{ "type": "Feature", "properties": { "内容": "あおぞらの里　黒崎デイサービスセンター【通所介護】福岡県北九州市八幡西区黒崎４丁目４－８", "url": "https://www.kaigokensaku.mhlw.go.jp/40/index.php?action_kouhyou_detail_004_kani=true&JigyosyoCd=4070702792-00&ServiceCd=150&Type=search", "url2": "http://cedar-group.co.jp/" }, "geometry": { "type": "Point", "coordinates": [ 130.764620499999978, 33.863829 ] } },
{ "type": "Feature", "properties": { "内容": "さわやかレークサイド中の原デイサービスセンター【通所介護】福岡県北九州市八幡西区中の原二丁目19番2号", "url": "https://www.kaigokensaku.mhlw.go.jp/40/index.php?action_kouhyou_detail_004_kani=true&JigyosyoCd=4070703600-00&ServiceCd=150&Type=search", "url2": "https//www.sawayakaclub.jp" }, "geometry": { "type": "Point", "coordinates": [ 130.750839400000018, 33.8293826 ] } },
{ "type": "Feature", "properties": { "内容": "デイサービスセンター　木屋瀬の杜【通所介護】福岡県北九州市八幡西区木屋瀬東四丁目５番１号", "url": "https://www.kaigokensaku.mhlw.go.jp/40/index.php?action_kouhyou_detail_004_kani=true&JigyosyoCd=4070705274-00&ServiceCd=150&Type=search", "url2": "http://koyanose.seiwa-shoji.jp/" }, "geometry": { "type": "Point", "coordinates": [ 130.731900644783082, 33.774409585100983 ] } },
{ "type": "Feature", "properties": { "内容": "デイサービス　一歩【通所介護】陣原1丁目１番8号", "url": "https://www.kaigokensaku.mhlw.go.jp/40/index.php?action_kouhyou_detail_004_kani=true&JigyosyoCd=4070706603-00&ServiceCd=150&Type=search", "url2": "https://longtime.co.jp/" }, "geometry": { "type": "Point", "coordinates": [ 130.747601553967343, 33.866948698378103 ] } },
{ "type": "Feature", "properties": { "内容": "デイサービス夢ひろば【通所介護】福岡県北九州市八幡西区穴生２－５－９１", "url": "https://www.kaigokensaku.mhlw.go.jp/40/index.php?action_kouhyou_detail_004_kani=true&JigyosyoCd=4070701174-00&ServiceCd=150&Type=search", "url2": "http://www.fukushiseikyou.jp/" }, "geometry": { "type": "Point", "coordinates": [ 130.74173074786836, 33.859655738134286 ] } },
{ "type": "Feature", "properties": { "内容": "デイサービスセンター菜の花【通所介護】福岡県北九州市八幡西区上香月1-3-14", "url": "https://www.kaigokensaku.mhlw.go.jp/40/index.php?action_kouhyou_detail_004_kani=true&JigyosyoCd=4070700259-00&ServiceCd=150&Type=search", "url2": "http://www.seiunkai.org/" }, "geometry": { "type": "Point", "coordinates": [ 130.741368800000032, 33.8037101 ] } },
{ "type": "Feature", "properties": { "内容": "あおばデイサービス【通所介護】福岡県北九州市八幡西区上上津役二丁目14番17号", "url": "https://www.kaigokensaku.mhlw.go.jp/40/index.php?action_kouhyou_detail_004_kani=true&JigyosyoCd=4070701620-00&ServiceCd=150&Type=search", "url2": null }, "geometry": { "type": "Point", "coordinates": [ 130.757122200000026, 33.8296438 ] } },
{ "type": "Feature", "properties": { "内容": "デイサービスセンター　いこいの里永犬丸【通所介護】北九州市八幡西区里中2丁目1番28号", "url": "https://www.kaigokensaku.mhlw.go.jp/40/index.php?action_kouhyou_detail_004_kani=true&JigyosyoCd=4070704624-00&ServiceCd=150&Type=search", "url2": "http://ikoino-sato.com" }, "geometry": { "type": "Point", "coordinates": [ 130.737620900000024, 33.8394034 ] } },
{ "type": "Feature", "properties": { "内容": "COCOSIAデイサービスよしみ【通所介護】中の原3丁目1-10", "url": "https://www.kaigokensaku.mhlw.go.jp/40/index.php?action_kouhyou_detail_004_kani=true&JigyosyoCd=4070708096-00&ServiceCd=150&Type=search", "url2": "http://soshin-care.co.jp" }, "geometry": { "type": "Point", "coordinates": [ 130.7516703, 33.833343 ] } },
{ "type": "Feature", "properties": { "内容": "デイサービスセンター福の里　楠橋別館【通所介護】福岡県北九州市八幡西区楠橋上方2丁目11-27", "url": "https://www.kaigokensaku.mhlw.go.jp/40/index.php?action_kouhyou_detail_004_kani=true&JigyosyoCd=4070708211-00&ServiceCd=150&Type=search", "url2": null }, "geometry": { "type": "Point", "coordinates": [ 130.7280202, 33.7930817 ] } },
{ "type": "Feature", "properties": { "内容": "リバティーデイサービスセンター【通所介護】御開2-1-4", "url": "https://www.kaigokensaku.mhlw.go.jp/40/index.php?action_kouhyou_detail_004_kani=true&JigyosyoCd=4070708542-00&ServiceCd=150&Type=search", "url2": null }, "geometry": { "type": "Point", "coordinates": [ 130.7372096, 33.8850974 ] } },
{ "type": "Feature", "properties": { "内容": "倫尚園デイサービスセンター【通所介護】北九州市八幡西区馬場山東一丁目3番22号", "url": "https://www.kaigokensaku.mhlw.go.jp/40/index.php?action_kouhyou_detail_004_kani=true&JigyosyoCd=4070700127-00&ServiceCd=150&Type=search", "url2": "http://rinsyoukai.or.jp" }, "geometry": { "type": "Point", "coordinates": [ 130.749576599999955, 33.7975386 ] } },
{ "type": "Feature", "properties": { "内容": "もみじ苑　デイサービスセンター【通所介護】福岡県北九州市八幡西区藤原４丁目１５番３３号", "url": "https://www.kaigokensaku.mhlw.go.jp/40/index.php?action_kouhyou_detail_004_kani=true&JigyosyoCd=4070700291-00&ServiceCd=150&Type=search", "url2": "http://www.honjyoukai.com/momijien.htm" }, "geometry": { "type": "Point", "coordinates": [ 130.710105200000044, 33.88112 ] } },
{ "type": "Feature", "properties": { "内容": "デイサービスゆうゆう【通所介護】福岡県北九州市八幡西区光貞台三丁目１７番１１号", "url": "https://www.kaigokensaku.mhlw.go.jp/40/index.php?action_kouhyou_detail_004_kani=true&JigyosyoCd=4070700705-00&ServiceCd=150&Type=search", "url2": "http://www.ds-yuuyuu.info" }, "geometry": { "type": "Point", "coordinates": [ 130.7169126, 33.886799393607042 ] } },
{ "type": "Feature", "properties": { "内容": "なかむら整骨院デイサービス【通所介護】福岡県北九州市八幡西区東神原町１番１号アイティビル2F・3F", "url": "https://www.kaigokensaku.mhlw.go.jp/40/index.php?action_kouhyou_detail_004_kani=true&JigyosyoCd=4070700820-00&ServiceCd=150&Type=search", "url2": "http://www.aity-k.jp" }, "geometry": { "type": "Point", "coordinates": [ 130.7714727, 33.8624433 ] } },
{ "type": "Feature", "properties": { "内容": "デイサービス　さくら館【通所介護】福岡県北九州市八幡西区三ツ頭2丁目９－１１", "url": "https://www.kaigokensaku.mhlw.go.jp/40/index.php?action_kouhyou_detail_004_kani=true&JigyosyoCd=4070700911-00&ServiceCd=150&Type=search", "url2": "http://www.d-sakurakan.com/" }, "geometry": { "type": "Point", "coordinates": [ 130.6908932, 33.8835606 ] } },
{ "type": "Feature", "properties": { "内容": "黒崎松快園デイサービスセンター和泉の里【通所介護】北九州市岡田町10－10", "url": "https://www.kaigokensaku.mhlw.go.jp/40/index.php?action_kouhyou_detail_004_kani=true&JigyosyoCd=4070701166-00&ServiceCd=150&Type=search", "url2": "http://www.shokaien.com" }, "geometry": { "type": "Point", "coordinates": [ 130.765705285150148, 33.859777734766283 ] } },
{ "type": "Feature", "properties": { "内容": "折尾デイサービスセンター【通所介護】北九州市八幡西区力丸町１－８", "url": "https://www.kaigokensaku.mhlw.go.jp/40/index.php?action_kouhyou_detail_004_kani=true&JigyosyoCd=4070701372-00&ServiceCd=150&Type=search", "url2": "https://care-net.biz/40/elder-s/" }, "geometry": { "type": "Point", "coordinates": [ 130.72270709999998, 33.8757321 ] } },
{ "type": "Feature", "properties": { "内容": "八幡西ケアセンター和が家【通所介護】北九州市八幡西区御開３丁目9-56", "url": "https://www.kaigokensaku.mhlw.go.jp/40/index.php?action_kouhyou_detail_004_kani=true&JigyosyoCd=4070701711-00&ServiceCd=150&Type=search", "url2": "http://www.care-wagaya.com/index.html" }, "geometry": { "type": "Point", "coordinates": [ 130.733527699999968, 33.8886117 ] } },
{ "type": "Feature", "properties": { "内容": "デイサービスセンター　春風館【通所介護】北九州市八幡西区馬場山西11番3号", "url": "https://www.kaigokensaku.mhlw.go.jp/40/index.php?action_kouhyou_detail_004_kani=true&JigyosyoCd=4070702040-00&ServiceCd=150&Type=search", "url2": "http://www.syunpuukan.co.jp/" }, "geometry": { "type": "Point", "coordinates": [ 130.742571699999985, 33.7912643 ] } },
{ "type": "Feature", "properties": { "内容": "だんだんディサービス【通所介護】福岡県北九州市八幡西区浅川台１丁目２５番12号", "url": "https://www.kaigokensaku.mhlw.go.jp/40/index.php?action_kouhyou_detail_004_kani=true&JigyosyoCd=4070703139-00&ServiceCd=150&Type=search", "url2": "http://kenkou-s-c.com" }, "geometry": { "type": "Point", "coordinates": [ 130.701671919573982, 33.877511246473539 ] } },
{ "type": "Feature", "properties": { "内容": "ディサービスセンター　出会い・茶屋の原【通所介護】北九州市八幡西区茶屋の原２丁目12－12", "url": "https://www.kaigokensaku.mhlw.go.jp/40/index.php?action_kouhyou_detail_004_kani=true&JigyosyoCd=4070703261-00&ServiceCd=150&Type=search", "url2": "http://deai-chayanoharu.com/" }, "geometry": { "type": "Point", "coordinates": [ 130.743104127816764, 33.795530323555909 ] } },
{ "type": "Feature", "properties": { "内容": "穴生デイサービスセンター【通所介護】北九州市八幡西区鉄竜１丁目１番１０号", "url": "https://www.kaigokensaku.mhlw.go.jp/40/index.php?action_kouhyou_detail_004_kani=true&JigyosyoCd=4070703295-00&ServiceCd=150&Type=search", "url2": "http://n-sato.com/" }, "geometry": { "type": "Point", "coordinates": [ 130.752463499999976, 33.8550159 ] } },
{ "type": "Feature", "properties": { "内容": "ふじの木園デイサービスセンター【通所介護】福岡県北九州市八幡西区椋枝２丁目１１番２０号", "url": "https://www.kaigokensaku.mhlw.go.jp/40/index.php?action_kouhyou_detail_004_kani=true&JigyosyoCd=4070703378-00&ServiceCd=150&Type=search", "url2": "http://www.fujinokien.or.jp" }, "geometry": { "type": "Point", "coordinates": [ 130.732258399999978, 33.80884 ] } },
{ "type": "Feature", "properties": { "内容": "デイサービスホーム黒川の里【通所介護】北九州市八幡西区石坂3丁目1番1号", "url": "https://www.kaigokensaku.mhlw.go.jp/40/index.php?action_kouhyou_detail_004_kani=true&JigyosyoCd=4070703428-00&ServiceCd=150&Type=search", "url2": "http://www.e-65.jp" }, "geometry": { "type": "Point", "coordinates": [ 130.750082527206729, 33.807537337148247 ] } },
{ "type": "Feature", "properties": { "内容": "ニチイケアセンター永犬丸【通所介護】北九州市八幡西区永犬丸3丁目1番4号", "url": "https://www.kaigokensaku.mhlw.go.jp/40/index.php?action_kouhyou_detail_004_kani=true&JigyosyoCd=4070703717-00&ServiceCd=150&Type=search", "url2": "http:/www.nichiigakkan.co.jp" }, "geometry": { "type": "Point", "coordinates": [ 130.728660499999933, 33.8430166 ] } },
{ "type": "Feature", "properties": { "内容": "デイサービスせいかつCAN黒崎【通所介護】福岡県北九州市八幡西区東王子町7番8号", "url": "https://www.kaigokensaku.mhlw.go.jp/40/index.php?action_kouhyou_detail_004_kani=true&JigyosyoCd=4070704004-00&ServiceCd=150&Type=search", "url2": "http://www.kitakyushu-hcs.co.jp" }, "geometry": { "type": "Point", "coordinates": [ 130.759176700000012, 33.8589739 ] } },
{ "type": "Feature", "properties": { "内容": "デイサービスみのりの里星ヶ丘【通所介護】福岡県北九州市八幡西区大字野面1686", "url": "https://www.kaigokensaku.mhlw.go.jp/40/index.php?action_kouhyou_detail_004_kani=true&JigyosyoCd=4070704384-00&ServiceCd=150&Type=search", "url2": "https://goo.gl/maps/xp5yowczEuH1bPNP9" }, "geometry": { "type": "Point", "coordinates": [ 130.745507023217414, 33.776622078502285 ] } },
{ "type": "Feature", "properties": { "内容": "きたふくデイサービスセンター「自悠茶論」幸神【通所介護】福岡県北九州市八幡西区幸神２丁目６－２２", "url": "https://www.kaigokensaku.mhlw.go.jp/40/index.php?action_kouhyou_detail_004_kani=true&JigyosyoCd=4070704681-00&ServiceCd=150&Type=search", "url2": "https://kitafuku.co.jp" }, "geometry": { "type": "Point", "coordinates": [ 130.766276299999959, 33.8520443 ] } },
{ "type": "Feature", "properties": { "内容": "森の癒【通所介護】福岡県北九州市八幡西区下上津役3-3-6", "url": "https://www.kaigokensaku.mhlw.go.jp/40/index.php?action_kouhyou_detail_004_kani=true&JigyosyoCd=4070704848-00&ServiceCd=150&Type=search", "url2": "http://www.kirinkan.co.jp" }, "geometry": { "type": "Point", "coordinates": [ 130.741982, 33.8258522 ] } },
{ "type": "Feature", "properties": { "内容": "デイサービス　サンライフ【通所介護】福岡県北九州市八幡西区大字野面１０２７番地４", "url": "https://www.kaigokensaku.mhlw.go.jp/40/index.php?action_kouhyou_detail_004_kani=true&JigyosyoCd=4070704939-00&ServiceCd=150&Type=search", "url2": null }, "geometry": { "type": "Point", "coordinates": [ 130.732139400000051, 33.7780076 ] } },
{ "type": "Feature", "properties": { "内容": "デイサービスセンターいこいの里本城【通所介護】北九州市八幡西区本城東４丁目４－４２", "url": "https://www.kaigokensaku.mhlw.go.jp/40/index.php?action_kouhyou_detail_004_kani=true&JigyosyoCd=4070704962-00&ServiceCd=150&Type=search", "url2": "http://ikoino-sato.com" }, "geometry": { "type": "Point", "coordinates": [ 130.73557991041605, 33.874275122083191 ] } },
{ "type": "Feature", "properties": { "内容": "ベルの郷　デイサービスセンター【通所介護】福岡県北九州市八幡西区星ヶ丘5丁目5-1", "url": "https://www.kaigokensaku.mhlw.go.jp/40/index.php?action_kouhyou_detail_004_kani=true&JigyosyoCd=4070705019-00&ServiceCd=150&Type=search", "url2": "http://bellnosato.com/" }, "geometry": { "type": "Point", "coordinates": [ 130.749424500000032, 33.7707529 ] } },
{ "type": "Feature", "properties": { "内容": "愛care　本陣橋【通所介護】福岡県北九州市八幡西区本城東５－１２－２２", "url": "https://www.kaigokensaku.mhlw.go.jp/40/index.php?action_kouhyou_detail_004_kani=true&JigyosyoCd=4070705092-00&ServiceCd=150&Type=search", "url2": "http://ｴｽｼｰｴﾙ.jp/nakano.html" }, "geometry": { "type": "Point", "coordinates": [ 130.730992799999967, 33.8705801 ] } },
{ "type": "Feature", "properties": { "内容": "別所きょうわ苑デイサービスセンター【通所介護】福岡県北九州市八幡西区別所町19-31", "url": "https://www.kaigokensaku.mhlw.go.jp/40/index.php?action_kouhyou_detail_004_kani=true&JigyosyoCd=4070705233-00&ServiceCd=150&Type=search", "url2": null }, "geometry": { "type": "Point", "coordinates": [ 130.75598279999997, 33.8488251 ] } },
{ "type": "Feature", "properties": { "内容": "医療法人　桜クリニック　桜倶楽部【通所介護】北九州市八幡西区永犬丸東町3丁目１５－２９", "url": "https://www.kaigokensaku.mhlw.go.jp/40/index.php?action_kouhyou_detail_004_kani=true&JigyosyoCd=4070705332-00&ServiceCd=150&Type=search", "url2": "www.sakuracl.jp/index2.html" }, "geometry": { "type": "Point", "coordinates": [ 130.741079, 33.8350513 ] } },
{ "type": "Feature", "properties": { "内容": "デイサービス　すずらんの里【通所介護】北九州市八幡西区木屋瀬５丁目２０－４", "url": "https://www.kaigokensaku.mhlw.go.jp/40/index.php?action_kouhyou_detail_004_kani=true&JigyosyoCd=4070705480-00&ServiceCd=150&Type=search", "url2": null }, "geometry": { "type": "Point", "coordinates": [ 130.72774554431922, 33.775769723465096 ] } },
{ "type": "Feature", "properties": { "内容": "ケアリングデイサービス黒崎【通所介護】八千代町９番３０号㈱ケアリング　北九州支店", "url": "https://www.kaigokensaku.mhlw.go.jp/40/index.php?action_kouhyou_detail_004_kani=true&JigyosyoCd=4070705902-00&ServiceCd=150&Type=search", "url2": "http://www.caring.jp/" }, "geometry": { "type": "Point", "coordinates": [ 130.773986299999933, 33.863326600000015 ] } },
{ "type": "Feature", "properties": { "内容": "デイサービス　輪音庭．【通所介護】永犬丸西町1丁目1番24号", "url": "https://www.kaigokensaku.mhlw.go.jp/40/index.php?action_kouhyou_detail_004_kani=true&JigyosyoCd=4070706173-00&ServiceCd=150&Type=search", "url2": "https://care-net.biz/40/sawayaka/" }, "geometry": { "type": "Point", "coordinates": [ 130.728866399999987, 33.8415908 ] } },
{ "type": "Feature", "properties": { "内容": "医療法人西田医院湧水館リハビットセンター【通所介護】福岡県北九州市八幡西区木屋瀬東一丁目7番28号", "url": "https://www.kaigokensaku.mhlw.go.jp/40/index.php?action_kouhyou_detail_004_kani=true&JigyosyoCd=4070706470-00&ServiceCd=150&Type=search", "url2": "http://yuusuikan.com/" }, "geometry": { "type": "Point", "coordinates": [ 130.730780796759092, 33.781186595043657 ] } },
{ "type": "Feature", "properties": { "内容": "グランヴィラ大平　デイサービスセンター【通所介護】福岡県北九州市八幡西区船越三丁目１番１３号", "url": "https://www.kaigokensaku.mhlw.go.jp/40/index.php?action_kouhyou_detail_004_kani=true&JigyosyoCd=4070706520-00&ServiceCd=150&Type=search", "url2": "https://www.jojinkai.com/gv_ohira/" }, "geometry": { "type": "Point", "coordinates": [ 130.745762499999955, 33.8173226 ] } },
{ "type": "Feature", "properties": { "内容": "あるるデイサービス【通所介護】福岡県北九州市八幡西区御開1-1-18", "url": "https://www.kaigokensaku.mhlw.go.jp/40/index.php?action_kouhyou_detail_004_kani=true&JigyosyoCd=4070706652-00&ServiceCd=150&Type=search", "url2": null }, "geometry": { "type": "Point", "coordinates": [ 130.736413800000037, 33.884823199999985 ] } },
{ "type": "Feature", "properties": { "内容": "リハビリ専門デイ・和の丘【通所介護】福岡県北九州市八幡西区別当町一番十号", "url": "https://www.kaigokensaku.mhlw.go.jp/40/index.php?action_kouhyou_detail_004_kani=true&JigyosyoCd=4070706678-00&ServiceCd=150&Type=search", "url2": null }, "geometry": { "type": "Point", "coordinates": [ 130.763332200000036, 33.8469615 ] } },
{ "type": "Feature", "properties": { "内容": "新生会地域デイサ－ビスセンタ－【通所介護】北九州市八幡西区三ヶ森四丁目13番8号新生会地域デイサ－ビスセンタ－", "url": "https://www.kaigokensaku.mhlw.go.jp/40/index.php?action_kouhyou_detail_004_kani=true&JigyosyoCd=4070706843-00&ServiceCd=150&Type=search", "url2": "day_service@shinseikai-hos.or.jp" }, "geometry": { "type": "Point", "coordinates": [ 130.739445899999964, 33.8325904 ] } },
{ "type": "Feature", "properties": { "内容": "デイサービス　こがねむし【通所介護】福岡県北九州市八幡西区馬場山緑9番11号こがねむし", "url": "https://www.kaigokensaku.mhlw.go.jp/40/index.php?action_kouhyou_detail_004_kani=true&JigyosyoCd=4070706868-00&ServiceCd=150&Type=search", "url2": "https://www.koganemushi-yahata.com" }, "geometry": { "type": "Point", "coordinates": [ 130.7370032, 33.7901227 ] } },
{ "type": "Feature", "properties": { "内容": "Ｓｍｉｌｅ　Ｌｉｆｅ　ＮＡＴＵＲＡＬ【通所介護】楠橋上方2-16-13", "url": "https://www.kaigokensaku.mhlw.go.jp/40/index.php?action_kouhyou_detail_004_kani=true&JigyosyoCd=4070706967-00&ServiceCd=150&Type=search", "url2": "green1121.com" }, "geometry": { "type": "Point", "coordinates": [ 130.729517200000032, 33.7946584 ] } },
{ "type": "Feature", "properties": { "内容": "デイサービスセンター　虹のかがやき【通所介護】上上津役６－１１－２２", "url": "https://www.kaigokensaku.mhlw.go.jp/40/index.php?action_kouhyou_detail_004_kani=true&JigyosyoCd=4070707064-00&ServiceCd=150&Type=search", "url2": null }, "geometry": { "type": "Point", "coordinates": [ 130.765407800000048, 33.8225029 ] } },
{ "type": "Feature", "properties": { "内容": "デイサービスむつみ【通所介護】北九州市八幡西区木屋瀬三丁目2番30号", "url": "https://www.kaigokensaku.mhlw.go.jp/40/index.php?action_kouhyou_detail_004_kani=true&JigyosyoCd=4070707304-00&ServiceCd=150&Type=search", "url2": "http://mutsumi.or.jp" }, "geometry": { "type": "Point", "coordinates": [ 130.71959, 33.782421 ] } },
{ "type": "Feature", "properties": { "内容": "有限会社ほっと・ハート　充実生活コミュニティゆめりんご【通所介護】小嶺台1丁目16番1号", "url": "https://www.kaigokensaku.mhlw.go.jp/40/index.php?action_kouhyou_detail_004_kani=true&JigyosyoCd=4070707320-00&ServiceCd=150&Type=search", "url2": null }, "geometry": { "type": "Point", "coordinates": [ 130.750998673541261, 33.813068810541921 ] } },
{ "type": "Feature", "properties": { "内容": "デイサービス　ベリーの樹【通所介護】福岡県北九州市八幡西区香月中央２丁目１０番２４号", "url": "https://www.kaigokensaku.mhlw.go.jp/40/index.php?action_kouhyou_detail_004_kani=true&JigyosyoCd=4070707346-00&ServiceCd=150&Type=search", "url2": "https://www.berryfin-kitakyushu.com/" }, "geometry": { "type": "Point", "coordinates": [ 130.7325823, 33.8005189 ] } },
{ "type": "Feature", "properties": { "内容": "デイサービスじょいらいふ【通所介護】福岡県北九州市八幡西区町上津役西1丁目11-20ガーデンハウスゆ～とぴあ", "url": "https://www.kaigokensaku.mhlw.go.jp/40/index.php?action_kouhyou_detail_004_kani=true&JigyosyoCd=4070707353-00&ServiceCd=150&Type=search", "url2": "https://www.shoki-utopia.jp" }, "geometry": { "type": "Point", "coordinates": [ 130.747842503041056, 33.825593487499553 ] } },
{ "type": "Feature", "properties": { "内容": "リハビリデイサービス出会い茶屋の原【通所介護】福岡県北九州市八幡西区茶屋の原2-10-15リハビリデイサービス出会い茶屋の原", "url": "https://www.kaigokensaku.mhlw.go.jp/40/index.php?action_kouhyou_detail_004_kani=true&JigyosyoCd=4070707395-00&ServiceCd=150&Type=search", "url2": "https://fukushinosato-deai.com/" }, "geometry": { "type": "Point", "coordinates": [ 130.742070799999965, 33.7946605 ] } },
{ "type": "Feature", "properties": { "内容": "デイサービス白馬【通所介護】市瀬二丁目１２番６４号", "url": "https://www.kaigokensaku.mhlw.go.jp/40/index.php?action_kouhyou_detail_004_kani=true&JigyosyoCd=4070707452-00&ServiceCd=150&Type=search", "url2": "https://hakuba5.com" }, "geometry": { "type": "Point", "coordinates": [ 130.765006200000016, 33.8362975 ] } },
{ "type": "Feature", "properties": { "内容": "デイサービス　みずーり【通所介護】北九州市八幡西区香月中央二丁目１０番２４号", "url": "https://www.kaigokensaku.mhlw.go.jp/40/index.php?action_kouhyou_detail_004_kani=true&JigyosyoCd=4070707494-00&ServiceCd=150&Type=search", "url2": "https://www.berryfin-kitakyushu.com/" }, "geometry": { "type": "Point", "coordinates": [ 130.732756099999989, 33.8005574 ] } },
{ "type": "Feature", "properties": { "内容": "デイサービス千代ケ崎【通所介護】福岡県北九州市八幡西区千代ヶ崎２丁目７番３７号", "url": "https://www.kaigokensaku.mhlw.go.jp/40/index.php?action_kouhyou_detail_004_kani=true&JigyosyoCd=4070707544-00&ServiceCd=150&Type=search", "url2": null }, "geometry": { "type": "Point", "coordinates": [ 130.716199, 33.874949 ] } },
{ "type": "Feature", "properties": { "内容": "木花家【通所介護】福岡県北九州市八幡西区下上津役3-6-6", "url": "https://www.kaigokensaku.mhlw.go.jp/40/index.php?action_kouhyou_detail_004_kani=true&JigyosyoCd=4070707635-00&ServiceCd=150&Type=search", "url2": "http://www.kirinkan.co.jp/" }, "geometry": { "type": "Point", "coordinates": [ 130.741338399999989, 33.8261748 ] } },
{ "type": "Feature", "properties": { "内容": "ひろき苑デイサービスセンター八幡【通所介護】福岡県北九州市八幡西区本城4丁目７－４６", "url": "https://www.kaigokensaku.mhlw.go.jp/40/index.php?action_kouhyou_detail_004_kani=true&JigyosyoCd=4070707718-00&ServiceCd=150&Type=search", "url2": "http://kawamura-fs.com/company.html" }, "geometry": { "type": "Point", "coordinates": [ 130.738230499999986, 33.884464100000017 ] } },
{ "type": "Feature", "properties": { "内容": "Greenライフ【通所介護】八幡西区楠橋上方２－１５－１８", "url": "https://www.kaigokensaku.mhlw.go.jp/40/index.php?action_kouhyou_detail_004_kani=true&JigyosyoCd=4070707775-00&ServiceCd=150&Type=search", "url2": null }, "geometry": { "type": "Point", "coordinates": [ 130.729005, 33.7951274 ] } },
{ "type": "Feature", "properties": { "内容": "リハビリデイサービス　元気【通所介護】福岡県北九州市八幡西区岩崎一丁目7-6", "url": "https://www.kaigokensaku.mhlw.go.jp/40/index.php?action_kouhyou_detail_004_kani=true&JigyosyoCd=4070707957-00&ServiceCd=150&Type=search", "url2": "http://hp.kaipoke.biz/2b1/" }, "geometry": { "type": "Point", "coordinates": [ 130.71855020000001, 33.8054066 ] } },
{ "type": "Feature", "properties": { "内容": "デイサービスいこいの里本城さくら【通所介護】福岡県北九州市八幡西区本城東四丁目4番3号", "url": "https://www.kaigokensaku.mhlw.go.jp/40/index.php?action_kouhyou_detail_004_kani=true&JigyosyoCd=4070707999-00&ServiceCd=150&Type=search", "url2": "http://www.ikoino-sato.com" }, "geometry": { "type": "Point", "coordinates": [ 130.7351703, 33.8744571 ] } },
{ "type": "Feature", "properties": { "内容": "デイサービスいこいの里本城もみじ【通所介護】福岡県北九州市八幡西区本城東4丁目4番3号", "url": "https://www.kaigokensaku.mhlw.go.jp/40/index.php?action_kouhyou_detail_004_kani=true&JigyosyoCd=4070708005-00&ServiceCd=150&Type=search", "url2": "http://ikoino-sato.com" }, "geometry": { "type": "Point", "coordinates": [ 130.7351703, 33.8744571 ] } },
{ "type": "Feature", "properties": { "内容": "デイサービス　折尾すずらん【通所介護】福岡県北九州市八幡西区折尾1丁目14-9", "url": "https://www.kaigokensaku.mhlw.go.jp/40/index.php?action_kouhyou_detail_004_kani=true&JigyosyoCd=4070708039-00&ServiceCd=150&Type=search", "url2": "https://day-oriosuzuran.com" }, "geometry": { "type": "Point", "coordinates": [ 130.7155674, 33.8647609 ] } },
{ "type": "Feature", "properties": { "内容": "COCOSIAデイサービスみのり【通所介護】福岡県北九州市八幡西区町上津役西1-22-6.", "url": "https://www.kaigokensaku.mhlw.go.jp/40/index.php?action_kouhyou_detail_004_kani=true&JigyosyoCd=4070708104-00&ServiceCd=150&Type=search", "url2": null }, "geometry": { "type": "Point", "coordinates": [ 130.745218, 33.8264131 ] } },
{ "type": "Feature", "properties": { "内容": "アマリリスエンターテイメントデイサービス【通所介護】北九州市八幡西区椋枝二丁目12番7号", "url": "https://www.kaigokensaku.mhlw.go.jp/40/index.php?action_kouhyou_detail_004_kani=true&JigyosyoCd=4070708179-00&ServiceCd=150&Type=search", "url2": null }, "geometry": { "type": "Point", "coordinates": [ 130.734588, 33.8126814 ] } },
{ "type": "Feature", "properties": { "内容": "リハビリデイサービスそら【通所介護】福岡県北九州市八幡西区小嶺二丁目４番２６号", "url": "https://www.kaigokensaku.mhlw.go.jp/40/index.php?action_kouhyou_detail_004_kani=true&JigyosyoCd=4070708245-00&ServiceCd=150&Type=search", "url2": "https://iroha-group.jp/rehaday-sora.html" }, "geometry": { "type": "Point", "coordinates": [ 130.753214, 33.8180009 ] } },
{ "type": "Feature", "properties": { "内容": "デイサービスきたえるーむ北九州永犬丸【通所介護】福岡県北九州市八幡西区八枝三丁目７－２２タウンフォート", "url": "https://www.kaigokensaku.mhlw.go.jp/40/index.php?action_kouhyou_detail_004_kani=true&JigyosyoCd=4070708310-00&ServiceCd=150&Type=search", "url2": "https://kitaeroom.com/" }, "geometry": { "type": "Point", "coordinates": [ 130.7282145, 33.8443984 ] } },
{ "type": "Feature", "properties": { "内容": "つくしの華本城デイサービスセンター【通所介護】北九州市八幡西区千代ヶ崎3丁目6-15", "url": "https://www.kaigokensaku.mhlw.go.jp/40/index.php?action_kouhyou_detail_004_kani=true&JigyosyoCd=4070708419-00&ServiceCd=150&Type=search", "url2": "https://kitakyu-sakuraservice.jp" }, "geometry": { "type": "Point", "coordinates": [ 130.7158148, 33.8795687 ] } },
{ "type": "Feature", "properties": { "内容": "つくしケアセンター陣原【通所介護】北九州市八幡西区陣原１－１－５１つくしの杜陣原", "url": "https://www.kaigokensaku.mhlw.go.jp/40/index.php?action_kouhyou_detail_004_kani=true&JigyosyoCd=4070708427-00&ServiceCd=150&Type=search", "url2": "https://kitakyu-sakuraservice.jp" }, "geometry": { "type": "Point", "coordinates": [ 130.7466269, 33.8672217 ] } },
{ "type": "Feature", "properties": { "内容": "北九州市八幡西区【通所介護】福岡県北九州市八幡西区清納１丁目2-32", "url": "https://www.kaigokensaku.mhlw.go.jp/40/index.php?action_kouhyou_detail_004_kani=true&JigyosyoCd=4070708468-00&ServiceCd=150&Type=search", "url2": "https://haruka-mc.jp/haruka-sp/dsseinou/" }, "geometry": { "type": "Point", "coordinates": [ 130.779035, 33.8622584 ] } },
{ "type": "Feature", "properties": { "内容": "デイサービス　ここあの里則松【通所介護】福岡県北九州市八幡西区則松6丁目9-41", "url": "https://www.kaigokensaku.mhlw.go.jp/40/index.php?action_kouhyou_detail_004_kani=true&JigyosyoCd=4070708484-00&ServiceCd=150&Type=search", "url2": "https://www.cocoa-kaigo.com" }, "geometry": { "type": "Point", "coordinates": [ 130.718096357672124, 33.852244703686729 ] } },
{ "type": "Feature", "properties": { "内容": "デイサービス　あひる【通所介護】北九州市八幡西区上上津役４丁目7-2", "url": "https://www.kaigokensaku.mhlw.go.jp/40/index.php?action_kouhyou_detail_004_kani=true&JigyosyoCd=4072800529-00&ServiceCd=150&Type=search", "url2": null }, "geometry": { "type": "Point", "coordinates": [ 130.758794299999977, 33.8286023 ] } },
{ "type": "Feature", "properties": { "内容": "デイサービスセンター花の樹【通所介護】福岡県北九州市八幡西区中の原3-5-7", "url": "https://www.kaigokensaku.mhlw.go.jp/40/index.php?action_kouhyou_detail_004_kani=true&JigyosyoCd=4070701786-00&ServiceCd=150&Type=search", "url2": null }, "geometry": { "type": "Point", "coordinates": [ 130.748936800000024, 33.8322018 ] } },
{ "type": "Feature", "properties": { "内容": "サポートセンター本城デイサービス【通所介護】本城東6丁目1-16", "url": "https://www.kaigokensaku.mhlw.go.jp/40/index.php?action_kouhyou_detail_004_kani=true&JigyosyoCd=4070705357-00&ServiceCd=150&Type=search", "url2": "http://www.hibiki.or.jp" }, "geometry": { "type": "Point", "coordinates": [ 130.730072152114843, 33.874256556987525 ] } },
{ "type": "Feature", "properties": { "内容": "デイサービス　さくら館浅川事業所【通所介護】福岡県北九州市八幡西区三ツ頭２丁目１０－１４", "url": "https://www.kaigokensaku.mhlw.go.jp/40/index.php?action_kouhyou_detail_004_kani=true&JigyosyoCd=4070702230-00&ServiceCd=150&Type=search", "url2": "http://www.d-sakurakan.com/" }, "geometry": { "type": "Point", "coordinates": [ 130.691589085666834, 33.884022389953955 ] } },
{ "type": "Feature", "properties": { "内容": "デイサービスセンター　湯ったりの和【通所介護】福岡県北九州市八幡西区茶屋の原２－６－６", "url": "https://www.kaigokensaku.mhlw.go.jp/40/index.php?action_kouhyou_detail_004_kani=true&JigyosyoCd=4070704699-00&ServiceCd=150&Type=search", "url2": "http://minori2009.com" }, "geometry": { "type": "Point", "coordinates": [ 130.740096691535257, 33.791959747512607 ] } },
{ "type": "Feature", "properties": { "内容": "グリーンコープデイサービスセンターおひらき【通所介護】福岡県北九州市八幡西区御開3丁目40-47ふくしセンターおひらき", "url": "https://www.kaigokensaku.mhlw.go.jp/40/index.php?action_kouhyou_detail_004_kani=true&JigyosyoCd=4070708476-00&ServiceCd=150&Type=search", "url2": "htttp://wwwfukusi-greencoop.or.jp" }, "geometry": { "type": "Point", "coordinates": [ 130.737671799999987, 33.890481 ] } },
{ "type": "Feature", "properties": { "内容": "デイサービスセンターおひさま【通所介護】北九州市八幡西区八枝3丁目12-10華里おひさま園", "url": "https://www.kaigokensaku.mhlw.go.jp/40/index.php?action_kouhyou_detail_004_kani=true&JigyosyoCd=4070702156-00&ServiceCd=150&Type=search", "url2": "http://www.goncli.net/" }, "geometry": { "type": "Point", "coordinates": [ 130.726307799999972, 33.845944 ] } },
{ "type": "Feature", "properties": { "内容": "デイサービス　クレアール【通所介護】福岡県北九州市八幡西区岸の浦二丁目2-35サービス付き高齢者向け住宅　クレアール黒崎", "url": "https://www.kaigokensaku.mhlw.go.jp/40/index.php?action_kouhyou_detail_004_kani=true&JigyosyoCd=4070706785-00&ServiceCd=150&Type=search", "url2": "https://mukauno-sato.com" }, "geometry": { "type": "Point", "coordinates": [ 130.763840100000039, 33.860618300000034 ] } },
{ "type": "Feature", "properties": { "内容": "デイサービスはっぴいたいむ【通所介護】福岡県北九州市八幡西区陣原五丁目3番7号", "url": "https://www.kaigokensaku.mhlw.go.jp/40/index.php?action_kouhyou_detail_004_kani=true&JigyosyoCd=4070707742-00&ServiceCd=150&Type=search", "url2": null }, "geometry": { "type": "Point", "coordinates": [ 130.737221, 33.8653797 ] } },
{ "type": "Feature", "properties": { "内容": "ほねつぎデイサービス本城【通所介護】福岡県北九州市八幡西区千代ケ崎2‐11－1", "url": "https://www.kaigokensaku.mhlw.go.jp/40/index.php?action_kouhyou_detail_004_kani=true&JigyosyoCd=4070708146-00&ServiceCd=150&Type=search", "url2": null }, "geometry": { "type": "Point", "coordinates": [ 130.718320015344233, 33.876151814693635 ] } },
{ "type": "Feature", "properties": { "内容": "デイサービス　あずき＆ベリー【通所介護】八幡西区岩崎4丁目2-20", "url": "https://www.kaigokensaku.mhlw.go.jp/40/index.php?action_kouhyou_detail_004_kani=true&JigyosyoCd=4070708278-00&ServiceCd=150&Type=search", "url2": "https://www.nakamashi-kaigo.com/" }, "geometry": { "type": "Point", "coordinates": [ 130.7185825, 33.807633100000011 ] } },
{ "type": "Feature", "properties": { "内容": "運動特化型半日デイありんこ俱楽部【通所介護】北九州市八幡西区菅原町5－1有吉クリニック１階", "url": "https://www.kaigokensaku.mhlw.go.jp/40/index.php?action_kouhyou_detail_004_kani=true&JigyosyoCd=4070708302-00&ServiceCd=150&Type=search", "url2": "https://www.ariyoshi-cl-2.com/arinko" }, "geometry": { "type": "Point", "coordinates": [ 130.7630749, 33.8622849 ] } },
{ "type": "Feature", "properties": { "内容": "デイサービス　ラペ香住ヶ丘【通所介護】福岡県福岡市東区香住ヶ丘4-3-12", "url": "https://www.kaigokensaku.mhlw.go.jp/40/index.php?action_kouhyou_detail_004_kani=true&JigyosyoCd=4070805108-00&ServiceCd=150&Type=search", "url2": null }, "geometry": { "type": "Point", "coordinates": [ 130.434487399999966, 33.6745485 ] } },
{ "type": "Feature", "properties": { "内容": "光薫寺ビハーラデイサービスセンター【通所介護】福岡県福岡市東区蒲田5丁目7番1号", "url": "https://www.kaigokensaku.mhlw.go.jp/40/index.php?action_kouhyou_detail_004_kani=true&JigyosyoCd=4070800075-00&ServiceCd=150&Type=search", "url2": "http://biha-ra.sakura.ne.jp" }, "geometry": { "type": "Point", "coordinates": [ 130.492945599999985, 33.6446892 ] } },
{ "type": "Feature", "properties": { "内容": "青葉デイサービスセンター【通所介護】福岡県福岡市東区青葉2丁目１４－９", "url": "https://www.kaigokensaku.mhlw.go.jp/40/index.php?action_kouhyou_detail_004_kani=true&JigyosyoCd=4070800315-00&ServiceCd=150&Type=search", "url2": "http://www12.ocn.ne.jp/~biha-ra/" }, "geometry": { "type": "Point", "coordinates": [ 130.458945800000038, 33.644325 ] } },
{ "type": "Feature", "properties": { "内容": "奈多創生園デイサービスセンター【通所介護】福岡県福岡市東区雁の巣1丁目7番25号", "url": "https://www.kaigokensaku.mhlw.go.jp/40/index.php?action_kouhyou_detail_004_kani=true&JigyosyoCd=4070800422-00&ServiceCd=150&Type=search", "url2": "http://www.souseikai.or.jp/service/tsusyo/index.html" }, "geometry": { "type": "Point", "coordinates": [ 130.408249899999987, 33.687002 ] } },
{ "type": "Feature", "properties": { "内容": "グッドタイムデイサービスセンター【通所介護】福岡県福岡市東区奈多１丁目２番２号", "url": "https://www.kaigokensaku.mhlw.go.jp/40/index.php?action_kouhyou_detail_004_kani=true&JigyosyoCd=4070800646-00&ServiceCd=150&Type=search", "url2": "http://www.goodtimehome.com" }, "geometry": { "type": "Point", "coordinates": [ 130.4189212, 33.6901684 ] } },
{ "type": "Feature", "properties": { "内容": "あおぞらの里　香住ヶ丘デイサービスセンター【通所介護】福岡市東区香住ヶ丘三丁目9番3号", "url": "https://www.kaigokensaku.mhlw.go.jp/40/index.php?action_kouhyou_detail_004_kani=true&JigyosyoCd=4070800687-00&ServiceCd=150&Type=search", "url2": "http://www.cedar-web.com" }, "geometry": { "type": "Point", "coordinates": [ 130.4373706, 33.6722127 ] } },
{ "type": "Feature", "properties": { "内容": "デイサービスセンター東福岡和仁会【通所介護】福岡市東区奈多１－４－１", "url": "https://www.kaigokensaku.mhlw.go.jp/40/index.php?action_kouhyou_detail_004_kani=true&JigyosyoCd=4070800802-00&ServiceCd=150&Type=search", "url2": null }, "geometry": { "type": "Point", "coordinates": [ 130.419060100000024, 33.6912961 ] } },
{ "type": "Feature", "properties": { "内容": "デイサービスセンター　フレンドピーチ【通所介護】福岡県福岡市東区松崎４丁目１７番1号", "url": "https://www.kaigokensaku.mhlw.go.jp/40/index.php?action_kouhyou_detail_004_kani=true&JigyosyoCd=4070801081-00&ServiceCd=150&Type=search", "url2": "https://www.friendpeach.or.jp/" }, "geometry": { "type": "Point", "coordinates": [ 130.439488799999907, 33.6432913 ] } },
{ "type": "Feature", "properties": { "内容": "あおぞらの里舞松原デイサービスセンター【通所介護】福岡県福岡市東区若宮2丁目2番35号", "url": "https://www.kaigokensaku.mhlw.go.jp/40/index.php?action_kouhyou_detail_004_kani=true&JigyosyoCd=4070801131-00&ServiceCd=150&Type=search", "url2": "https://www.cedar-group.co.jp" }, "geometry": { "type": "Point", "coordinates": [ 130.450777810572617, 33.632771326867143 ] } },
{ "type": "Feature", "properties": { "内容": "さんすまいる唐原デイサービスセンター【通所介護】福岡県福岡市東区唐原7丁目１５－５１", "url": "https://www.kaigokensaku.mhlw.go.jp/40/index.php?action_kouhyou_detail_004_kani=true&JigyosyoCd=4070801396-00&ServiceCd=150&Type=search", "url2": "http://tounoharu.sunsmile.or.jp/" }, "geometry": { "type": "Point", "coordinates": [ 130.44887540000002, 33.6757878 ] } },
{ "type": "Feature", "properties": { "内容": "いきいき八田デイサービス【通所介護】福岡県福岡市東区八田1-4-15", "url": "https://www.kaigokensaku.mhlw.go.jp/40/index.php?action_kouhyou_detail_004_kani=true&JigyosyoCd=4070801438-00&ServiceCd=150&Type=search", "url2": "http://chidorifukushi.jp" }, "geometry": { "type": "Point", "coordinates": [ 130.457179900000028, 33.6331679 ] } },
{ "type": "Feature", "properties": { "内容": "デイサービスセンター　親孝行【通所介護】福岡県福岡市東区三苫４丁目３番１５号ﾌｧﾐｴｰﾙ安里1階", "url": "https://www.kaigokensaku.mhlw.go.jp/40/index.php?action_kouhyou_detail_004_kani=true&JigyosyoCd=4070801545-00&ServiceCd=150&Type=search", "url2": "https://famiyellanri.com/" }, "geometry": { "type": "Point", "coordinates": [ 130.421865199999957, 33.6973343 ] } },
{ "type": "Feature", "properties": { "内容": "ベストケア・デイサービスセンター香椎下原【通所介護】福岡県福岡市東区下原1丁目17－14", "url": "https://www.kaigokensaku.mhlw.go.jp/40/index.php?action_kouhyou_detail_004_kani=true&JigyosyoCd=4070802584-00&ServiceCd=150&Type=search", "url2": "http://www.best-care.jp/" }, "geometry": { "type": "Point", "coordinates": [ 130.4548807, 33.6720717 ] } },
{ "type": "Feature", "properties": { "内容": "ケアポート箱崎デイサービスセンター【通所介護】福岡県福岡市東区原田２－２１－１０", "url": "https://www.kaigokensaku.mhlw.go.jp/40/index.php?action_kouhyou_detail_004_kani=true&JigyosyoCd=4070802659-00&ServiceCd=150&Type=search", "url2": "http://www.telwel-west.co.jp/kaigo/" }, "geometry": { "type": "Point", "coordinates": [ 130.432206800000017, 33.6197632 ] } },
{ "type": "Feature", "properties": { "内容": "デイサービスセンターアソシエ御島崎【通所介護】福岡県福岡市東区御島崎２－３－５", "url": "https://www.kaigokensaku.mhlw.go.jp/40/index.php?action_kouhyou_detail_004_kani=true&JigyosyoCd=4070802741-00&ServiceCd=150&Type=search", "url2": "http://www.associe-group.jp" }, "geometry": { "type": "Point", "coordinates": [ 130.4365517, 33.6615131 ] } },
{ "type": "Feature", "properties": { "内容": "デイサービスセンター　テポーレ千早【通所介護】福岡県福岡市東区千早２丁目３－２８", "url": "https://www.kaigokensaku.mhlw.go.jp/40/index.php?action_kouhyou_detail_004_kani=true&JigyosyoCd=4070802790-00&ServiceCd=150&Type=search", "url2": "http://www.tepore.jp" }, "geometry": { "type": "Point", "coordinates": [ 130.432425200000012, 33.6452741 ] } },
{ "type": "Feature", "properties": { "内容": "デイサービスセンター　微笑園【通所介護】福岡県福岡市東区三苫2丁目28番40号", "url": "https://www.kaigokensaku.mhlw.go.jp/40/index.php?action_kouhyou_detail_004_kani=true&JigyosyoCd=4070803020-00&ServiceCd=150&Type=search", "url2": "http://www.tensin-kai.or.jp/bishoen" }, "geometry": { "type": "Point", "coordinates": [ 130.411746599999987, 33.6926014 ] } },
{ "type": "Feature", "properties": { "内容": "ケアリングデイサービス筥崎【通所介護】福岡県福岡市東区馬出4丁目3-8", "url": "https://www.kaigokensaku.mhlw.go.jp/40/index.php?action_kouhyou_detail_004_kani=true&JigyosyoCd=4070803038-00&ServiceCd=150&Type=search", "url2": "http://www.caring.jp/" }, "geometry": { "type": "Point", "coordinates": [ 130.417033, 33.6146635 ] } },
{ "type": "Feature", "properties": { "内容": "デイサービスすばる【通所介護】福岡市東区和白東2丁目19番15号", "url": "https://www.kaigokensaku.mhlw.go.jp/40/index.php?action_kouhyou_detail_004_kani=true&JigyosyoCd=4070803046-00&ServiceCd=150&Type=search", "url2": "http://www.subaru-kaigo.jp/" }, "geometry": { "type": "Point", "coordinates": [ 130.43885320000004, 33.6928023 ] } },
{ "type": "Feature", "properties": { "内容": "デイサービス花うさぎ千早【通所介護】福岡県福岡市東区千早4丁目13番27号", "url": "https://www.kaigokensaku.mhlw.go.jp/40/index.php?action_kouhyou_detail_004_kani=true&JigyosyoCd=4070803194-00&ServiceCd=150&Type=search", "url2": "http://www.hanausagi-daiwa.com" }, "geometry": { "type": "Point", "coordinates": [ 130.435897100000034, 33.6469657 ] } },
{ "type": "Feature", "properties": { "内容": "あすなろ青葉デイサービスセンター【通所介護】福岡市東区青葉1-4-1", "url": "https://www.kaigokensaku.mhlw.go.jp/40/index.php?action_kouhyou_detail_004_kani=true&JigyosyoCd=4070803392-00&ServiceCd=150&Type=search", "url2": null }, "geometry": { "type": "Point", "coordinates": [ 130.459437699999967, 33.6398755 ] } },
{ "type": "Feature", "properties": { "内容": "デイサービスセンタースカイ【通所介護】福岡県福岡市東区名島3丁目52番25号住宅型有料老人ホーム　オーベルハイム名島", "url": "https://www.kaigokensaku.mhlw.go.jp/40/index.php?action_kouhyou_detail_004_kani=true&JigyosyoCd=4070803525-00&ServiceCd=150&Type=search", "url2": "http://www.ober.co.jp/" }, "geometry": { "type": "Point", "coordinates": [ 130.434078, 33.6441465 ] } },
{ "type": "Feature", "properties": { "内容": "医療法人輝栄会　デイサービストリニテ千早【通所介護】福岡市東区千早５丁目２番２２号トリニテ千早館　１F", "url": "https://www.kaigokensaku.mhlw.go.jp/40/index.php?action_kouhyou_detail_004_kani=true&JigyosyoCd=4070803590-00&ServiceCd=150&Type=search", "url2": "www.kieikai.ne.jp" }, "geometry": { "type": "Point", "coordinates": [ 130.439816, 33.6523735 ] } },
{ "type": "Feature", "properties": { "内容": "デイサービスセンター名島【通所介護】福岡県福岡市東区名島3丁目52番5号特別養護老人ホームシエル名島　1階併設", "url": "https://www.kaigokensaku.mhlw.go.jp/40/index.php?action_kouhyou_detail_004_kani=true&JigyosyoCd=4070803616-00&ServiceCd=150&Type=search", "url2": "http://www.kouwakai-ciel.jp/" }, "geometry": { "type": "Point", "coordinates": [ 130.43355209021297, 33.643717422221471 ] } },
{ "type": "Feature", "properties": { "内容": "デイサービスげんき【通所介護】西戸崎6丁目7-17", "url": "https://www.kaigokensaku.mhlw.go.jp/40/index.php?action_kouhyou_detail_004_kani=true&JigyosyoCd=4070803673-00&ServiceCd=150&Type=search", "url2": null }, "geometry": { "type": "Point", "coordinates": [ 130.348698300000024, 33.652755900000024 ] } },
{ "type": "Feature", "properties": { "内容": "デイサービスセンターうたし【通所介護】舞松原2-1-4草場ハイツ1階", "url": "https://www.kaigokensaku.mhlw.go.jp/40/index.php?action_kouhyou_detail_004_kani=true&JigyosyoCd=4070803715-00&ServiceCd=150&Type=search", "url2": "https://g-destiny.co.jp" }, "geometry": { "type": "Point", "coordinates": [ 130.448263399999973, 33.6408113 ] } },
{ "type": "Feature", "properties": { "内容": "いきいき箱崎デイサービス【通所介護】福岡市東区箱崎6丁目18番9号", "url": "https://www.kaigokensaku.mhlw.go.jp/40/index.php?action_kouhyou_detail_004_kani=true&JigyosyoCd=4070803749-00&ServiceCd=150&Type=search", "url2": "http//chidorifukushi.jp" }, "geometry": { "type": "Point", "coordinates": [ 130.421415600000046, 33.6257873 ] } },
{ "type": "Feature", "properties": { "内容": "リハビリデイ　パーム舞松原【通所介護】舞松原1丁目1-9", "url": "https://www.kaigokensaku.mhlw.go.jp/40/index.php?action_kouhyou_detail_004_kani=true&JigyosyoCd=4070803889-00&ServiceCd=150&Type=search", "url2": "https://ulysses-fukuoka.com/" }, "geometry": { "type": "Point", "coordinates": [ 130.452441200000067, 33.6372785 ] } },
{ "type": "Feature", "properties": { "内容": "SJR千早デイサービスセンター【通所介護】水谷2丁目50番1号", "url": "https://www.kaigokensaku.mhlw.go.jp/40/index.php?action_kouhyou_detail_004_kani=true&JigyosyoCd=4070803905-00&ServiceCd=150&Type=search", "url2": "http://www.sjr-jr.co.jp/chihaya/" }, "geometry": { "type": "Point", "coordinates": [ 139.575500299999931, 35.8392998 ] } },
{ "type": "Feature", "properties": { "内容": "デイサービスセンターアソシエ大樹【通所介護】福岡県福岡市東区若宮2丁目40-8", "url": "https://www.kaigokensaku.mhlw.go.jp/40/index.php?action_kouhyou_detail_004_kani=true&JigyosyoCd=4070804192-00&ServiceCd=150&Type=search", "url2": "http://associe-group.jp/" }, "geometry": { "type": "Point", "coordinates": [ 130.452516199999963, 33.636830266228642 ] } },
{ "type": "Feature", "properties": { "内容": "デイサービスセンター桜寿の樹【通所介護】福岡県福岡市東区松田三丁目13番17号", "url": "https://www.kaigokensaku.mhlw.go.jp/40/index.php?action_kouhyou_detail_004_kani=true&JigyosyoCd=4070804226-00&ServiceCd=150&Type=search", "url2": "oujyufukushikai.co.jp" }, "geometry": { "type": "Point", "coordinates": [ 130.447042099999976, 33.6189829 ] } },
{ "type": "Feature", "properties": { "内容": "グリーンコープデイサービスセンターたのつ【通所介護】福岡県福岡市東区多の津５丁目５－１社会福祉法人グリーンコープふくしセンター多の津", "url": "https://www.kaigokensaku.mhlw.go.jp/40/index.php?action_kouhyou_detail_004_kani=true&JigyosyoCd=4070804382-00&ServiceCd=150&Type=search", "url2": "URL:http://www.fukushi-greencoop.or.jp" }, "geometry": { "type": "Point", "coordinates": [ 130.448397500000056, 33.6202328 ] } },
{ "type": "Feature", "properties": { "内容": "デイサービスセンター杜乃里【通所介護】福岡県福岡市東区名島３丁目１２番５号オーベル名島橋", "url": "https://www.kaigokensaku.mhlw.go.jp/40/index.php?action_kouhyou_detail_004_kani=true&JigyosyoCd=4070804804-00&ServiceCd=150&Type=search", "url2": "https://ober.co.jp" }, "geometry": { "type": "Point", "coordinates": [ 130.429597699999931, 33.6432021 ] } },
{ "type": "Feature", "properties": { "内容": "香住ヶ丘リハビリデイサービスセンター【通所介護】福岡市東区香住ヶ丘一丁目７番５号", "url": "https://www.kaigokensaku.mhlw.go.jp/40/index.php?action_kouhyou_detail_004_kani=true&JigyosyoCd=4070804978-00&ServiceCd=150&Type=search", "url2": "http://care-net.biz/40/kasumigaoka_day/" }, "geometry": { "type": "Point", "coordinates": [ 130.439926199999974, 33.6678466 ] } },
{ "type": "Feature", "properties": { "内容": "saRuku【通所介護】福岡県福岡市東区和白丘1-13-5和白宮前ビル1階", "url": "https://www.kaigokensaku.mhlw.go.jp/40/index.php?action_kouhyou_detail_004_kani=true&JigyosyoCd=4070805041-00&ServiceCd=150&Type=search", "url2": "https://ulysses-fukuoka.com/" }, "geometry": { "type": "Point", "coordinates": [ 130.436326600000029, 33.69661 ] } },
{ "type": "Feature", "properties": { "内容": "デイサービスあいら【通所介護】大字上和白1401-4有料老人ホームあいら", "url": "https://www.kaigokensaku.mhlw.go.jp/40/index.php?action_kouhyou_detail_004_kani=true&JigyosyoCd=4070805355-00&ServiceCd=150&Type=search", "url2": null }, "geometry": { "type": "Point", "coordinates": [ 130.436482399999932, 33.6814131 ] } },
{ "type": "Feature", "properties": { "内容": "アメリデイサービス香椎下原【通所介護】香椎下原3丁目15-3", "url": "https://www.kaigokensaku.mhlw.go.jp/40/index.php?action_kouhyou_detail_004_kani=true&JigyosyoCd=4070805454-00&ServiceCd=150&Type=search", "url2": "https://gracehome-ameri.jp/" }, "geometry": { "type": "Point", "coordinates": [ 130.459747, 33.674583 ] } },
{ "type": "Feature", "properties": { "内容": "ツクイ福岡香椎【通所介護】福岡県福岡市東区香椎駅東4-27-4", "url": "https://www.kaigokensaku.mhlw.go.jp/40/index.php?action_kouhyou_detail_004_kani=true&JigyosyoCd=4070805488-00&ServiceCd=150&Type=search", "url2": "http://www.tsukui.net/" }, "geometry": { "type": "Point", "coordinates": [ 130.453556, 33.6681926 ] } },
{ "type": "Feature", "properties": { "内容": "リハビリデイサービスRe'sela【通所介護】福岡県福岡市東区香住ヶ丘二丁目48番5号", "url": "https://www.kaigokensaku.mhlw.go.jp/40/index.php?action_kouhyou_detail_004_kani=true&JigyosyoCd=4070805546-00&ServiceCd=150&Type=search", "url2": "https://re-sela.co.jp/" }, "geometry": { "type": "Point", "coordinates": [ 130.438558099999966, 33.670415800000015 ] } },
{ "type": "Feature", "properties": { "内容": "さるく八田【通所介護】福岡県福岡市東区八田１－４－５１", "url": "https://www.kaigokensaku.mhlw.go.jp/40/index.php?action_kouhyou_detail_004_kani=true&JigyosyoCd=4070805587-00&ServiceCd=150&Type=search", "url2": "https://ulysses-fukuoka.com/index.html" }, "geometry": { "type": "Point", "coordinates": [ 130.4578592, 33.6331542 ] } },
{ "type": "Feature", "properties": { "内容": "機能訓練型デイサービスかがやき【通所介護】福岡市東区高美台２丁目４７－２号", "url": "https://www.kaigokensaku.mhlw.go.jp/40/index.php?action_kouhyou_detail_004_kani=true&JigyosyoCd=4070805637-00&ServiceCd=150&Type=search", "url2": "https://kagayaki.meiko-group.jp/group.html" }, "geometry": { "type": "Point", "coordinates": [ 130.4425516, 33.688278 ] } },
{ "type": "Feature", "properties": { "内容": "デイサービスいやしの杜【通所介護】福岡県福岡市東区土井1丁目25-7ケアレジデンス青葉1F", "url": "https://www.kaigokensaku.mhlw.go.jp/40/index.php?action_kouhyou_detail_004_kani=true&JigyosyoCd=4070805660-00&ServiceCd=150&Type=search", "url2": "https://www.k5plus.net" }, "geometry": { "type": "Point", "coordinates": [ 130.4650652, 33.6357963 ] } },
{ "type": "Feature", "properties": { "内容": "レッツ倶楽部香椎下原【通所介護】福岡県福岡市東区下原1-20-64", "url": "https://www.kaigokensaku.mhlw.go.jp/40/index.php?action_kouhyou_detail_004_kani=true&JigyosyoCd=4070805686-00&ServiceCd=150&Type=search", "url2": "https://www.lets-club.jp/shop/kashiishimobaru/index.html" }, "geometry": { "type": "Point", "coordinates": [ 130.453540499999974, 33.672115900000016 ] } },
{ "type": "Feature", "properties": { "内容": "デイサービスこいき【通所介護】福岡県福岡市東区箱崎4丁目5-19げんきビル１F", "url": "https://www.kaigokensaku.mhlw.go.jp/40/index.php?action_kouhyou_detail_004_kani=true&JigyosyoCd=4070805751-00&ServiceCd=150&Type=search", "url2": "https://segan.co.jp/" }, "geometry": { "type": "Point", "coordinates": [ 130.4169927, 33.6185578 ] } },
{ "type": "Feature", "properties": { "内容": "未病　理学療法士ラボ　Dayはれる【通所介護】福岡県福岡市東区雁の巣2丁目23番30号", "url": "https://www.kaigokensaku.mhlw.go.jp/40/index.php?action_kouhyou_detail_004_kani=true&JigyosyoCd=4070805819-00&ServiceCd=150&Type=search", "url2": "https://hareru-day.com/ptlab_hareru/" }, "geometry": { "type": "Point", "coordinates": [ 130.403701500000011, 33.6827657 ] } },
{ "type": "Feature", "properties": { "内容": "アクティブ【通所介護】福岡県福岡市東区三苫５丁目１番３７号", "url": "https://www.kaigokensaku.mhlw.go.jp/40/index.php?action_kouhyou_detail_004_kani=true&JigyosyoCd=4070805876-00&ServiceCd=150&Type=search", "url2": null }, "geometry": { "type": "Point", "coordinates": [ 130.4203718, 33.7014229 ] } },
{ "type": "Feature", "properties": { "内容": "デイサービス土井のたいよう【通所介護】福岡県福岡市東区土井2-41-45", "url": "https://www.kaigokensaku.mhlw.go.jp/40/index.php?action_kouhyou_detail_004_kani=true&JigyosyoCd=4070806056-00&ServiceCd=150&Type=search", "url2": "http://www.taiyouhome.com/" }, "geometry": { "type": "Point", "coordinates": [ 130.464661799999988, 33.631936 ] } },
{ "type": "Feature", "properties": { "内容": "アップライフ香椎浜【通所介護】福岡県福岡市東区香椎浜3丁目3番3号", "url": "https://www.kaigokensaku.mhlw.go.jp/40/index.php?action_kouhyou_detail_004_kani=true&JigyosyoCd=4070806221-00&ServiceCd=150&Type=search", "url2": "https://www.applecare-kaigo.com/dayservice/kashiihama/" }, "geometry": { "type": "Point", "coordinates": [ 130.4270406, 33.6584687 ] } },
{ "type": "Feature", "properties": { "内容": "パパイヤデイサービスセンター【通所介護】福岡県福岡市東区松島2丁目7番1号", "url": "https://www.kaigokensaku.mhlw.go.jp/40/index.php?action_kouhyou_detail_004_kani=true&JigyosyoCd=4070801248-00&ServiceCd=150&Type=search", "url2": null }, "geometry": { "type": "Point", "coordinates": [ 130.432284399999958, 33.6269846 ] } },
{ "type": "Feature", "properties": { "内容": "デイサービス　日本介護予防研究所【通所介護】福岡県福岡市東区土井二丁目8-9CDSビル　２階", "url": "https://www.kaigokensaku.mhlw.go.jp/40/index.php?action_kouhyou_detail_004_kani=true&JigyosyoCd=4070802337-00&ServiceCd=150&Type=search", "url2": "spy54de9@view.ocn.ne.jp" }, "geometry": { "type": "Point", "coordinates": [ 130.461557299999981, 33.632529 ] } },
{ "type": "Feature", "properties": { "内容": "さくらデイサービスLife福岡東【通所介護】福岡市東区土井4-1-34　2Fさくら接骨院２F", "url": "https://www.kaigokensaku.mhlw.go.jp/40/index.php?action_kouhyou_detail_004_kani=true&JigyosyoCd=4070803665-00&ServiceCd=150&Type=search", "url2": null }, "geometry": { "type": "Point", "coordinates": [ 130.463784831213388, 33.636543373795234 ] } },
{ "type": "Feature", "properties": { "内容": "デイサービス友彩【通所介護】福岡県福岡市東区下原1丁目２０番５７号サービス付き高齢者向け住宅　カームネス友彩内1F", "url": "https://www.kaigokensaku.mhlw.go.jp/40/index.php?action_kouhyou_detail_004_kani=true&JigyosyoCd=4070804754-00&ServiceCd=150&Type=search", "url2": "https://day-yuua.com" }, "geometry": { "type": "Point", "coordinates": [ 130.453464100000019, 33.6723938 ] } },
{ "type": "Feature", "properties": { "内容": "ニチイケアセンター香椎【通所介護】福岡県福岡市東区唐原五丁目9番56号", "url": "https://www.kaigokensaku.mhlw.go.jp/40/index.php?action_kouhyou_detail_004_kani=true&JigyosyoCd=4070806304-00&ServiceCd=150&Type=search", "url2": "https://www.nichiigakkan.co.jp/" }, "geometry": { "type": "Point", "coordinates": [ 130.4442917, 33.6745168 ] } },
{ "type": "Feature", "properties": { "内容": "ヒューマンライフケア土井の湯【通所介護】福岡市東区土井2丁目2番24号", "url": "https://www.kaigokensaku.mhlw.go.jp/40/index.php?action_kouhyou_detail_004_kani=true&JigyosyoCd=4070803368-00&ServiceCd=150&Type=search", "url2": "http://www.athuman.com" }, "geometry": { "type": "Point", "coordinates": [ 130.4597963, 33.6317902 ] } },
{ "type": "Feature", "properties": { "内容": "デイサービス三日月【通所介護】福岡県福岡市東区多の津5丁目43番7号", "url": "https://www.kaigokensaku.mhlw.go.jp/40/index.php?action_kouhyou_detail_004_kani=true&JigyosyoCd=4070805066-00&ServiceCd=150&Type=search", "url2": null }, "geometry": { "type": "Point", "coordinates": [ 130.451311199999964, 33.6212883 ] } },
{ "type": "Feature", "properties": { "内容": "青洲の華　デイサービスはこざき【通所介護】原田４丁目３４－２６有料老人ホーム　青洲の華　はこざき館", "url": "https://www.kaigokensaku.mhlw.go.jp/40/index.php?action_kouhyou_detail_004_kani=true&JigyosyoCd=4070805165-00&ServiceCd=150&Type=search", "url2": "http://www.komorebinosato.info" }, "geometry": { "type": "Point", "coordinates": [ 130.440348, 33.6208937 ] } },
{ "type": "Feature", "properties": { "内容": "ブルーミングケア福岡東【通所介護】福岡県福岡市東区唐原１丁目2‐16", "url": "https://www.kaigokensaku.mhlw.go.jp/40/index.php?action_kouhyou_detail_004_kani=true&JigyosyoCd=4070806312-00&ServiceCd=150&Type=search", "url2": null }, "geometry": { "type": "Point", "coordinates": [ 130.4398627, 33.6742824 ] } },
{ "type": "Feature", "properties": { "内容": "デイサービス　ヒーリング名島【通所介護】福岡市東区名島１－５－２０名島シーサイドⅠ", "url": "https://www.kaigokensaku.mhlw.go.jp/40/index.php?action_kouhyou_detail_004_kani=true&JigyosyoCd=4070803848-00&ServiceCd=150&Type=search", "url2": null }, "geometry": { "type": "Point", "coordinates": [ 130.422634806082243, 33.646518482712899 ] } },
{ "type": "Feature", "properties": { "内容": "あおぞらの里　和白デイサービスセンター【通所介護】福岡県福岡市東区和白丘2-11-17", "url": "https://www.kaigokensaku.mhlw.go.jp/40/index.php?action_kouhyou_detail_004_kani=true&JigyosyoCd=4070801826-00&ServiceCd=150&Type=search", "url2": "http://www.cedar-group.co.jp" }, "geometry": { "type": "Point", "coordinates": [ 130.432686900000022, 33.6933991 ] } },
{ "type": "Feature", "properties": { "内容": "デイサービスやすらぎの家【通所介護】福岡県福岡市東区多々良１丁目１７番８号", "url": "https://www.kaigokensaku.mhlw.go.jp/40/index.php?action_kouhyou_detail_004_kani=true&JigyosyoCd=4070802576-00&ServiceCd=150&Type=search", "url2": null }, "geometry": { "type": "Point", "coordinates": [ 130.454732899999954, 33.6327623 ] } },
{ "type": "Feature", "properties": { "内容": "デイサービスよつば唐原【通所介護】福岡市東区唐原３丁目６番１６号メディケアよつば唐原", "url": "https://www.kaigokensaku.mhlw.go.jp/40/index.php?action_kouhyou_detail_004_kani=true&JigyosyoCd=4070803772-00&ServiceCd=150&Type=search", "url2": "http://yotsuba-care.com" }, "geometry": { "type": "Point", "coordinates": [ 130.436466955155964, 33.67779549496278 ] } },
{ "type": "Feature", "properties": { "内容": "通所介護事業所　桜花の宴　悠愛【通所介護】福岡県福岡市博多区麦野3丁目16番30号", "url": "https://www.kaigokensaku.mhlw.go.jp/40/index.php?action_kouhyou_detail_004_kani=true&JigyosyoCd=4070902780-00&ServiceCd=150&Type=search", "url2": "http://yu-ai-group.jp/" }, "geometry": { "type": "Point", "coordinates": [ 130.4619341, 33.5538489 ] } },
{ "type": "Feature", "properties": { "内容": "ケアフィットルーム博多光丘【通所介護】福岡県福岡市博多区光丘町2丁目２－１８", "url": "https://www.kaigokensaku.mhlw.go.jp/40/index.php?action_kouhyou_detail_004_kani=true&JigyosyoCd=4070904646-00&ServiceCd=150&Type=search", "url2": "http://hp.kaipoke.biz/rvu/132696/base_0004.html" }, "geometry": { "type": "Point", "coordinates": [ 130.466271177520696, 33.53822262445415 ] } },
{ "type": "Feature", "properties": { "内容": "月隈愛心の丘デイサービスセンター【通所介護】福岡市博多区月隈六丁目１６番１１号", "url": "https://www.kaigokensaku.mhlw.go.jp/40/index.php?action_kouhyou_detail_004_kani=true&JigyosyoCd=4070900412-00&ServiceCd=150&Type=search", "url2": "http://www.aishinnooka.com" }, "geometry": { "type": "Point", "coordinates": [ 130.466819699999974, 33.5714886 ] } },
{ "type": "Feature", "properties": { "内容": "ワークショップみらい作業所【通所介護】福岡県福岡市博多区諸岡5丁目1番15号Kビル諸岡102", "url": "https://www.kaigokensaku.mhlw.go.jp/40/index.php?action_kouhyou_detail_004_kani=true&JigyosyoCd=4070905072-00&ServiceCd=150&Type=search", "url2": null }, "geometry": { "type": "Point", "coordinates": [ 130.452369, 33.5562067 ] } },
{ "type": "Feature", "properties": { "内容": "デイサービス　ラペ博多【通所介護】福岡県福岡市博多区博多駅南2-13-18-2Fヒルクレスト博多駅", "url": "https://www.kaigokensaku.mhlw.go.jp/40/index.php?action_kouhyou_detail_004_kani=true&JigyosyoCd=4070904521-00&ServiceCd=150&Type=search", "url2": null }, "geometry": { "type": "Point", "coordinates": [ 130.421169700000064, 33.5825585 ] } },
{ "type": "Feature", "properties": { "内容": "ケアイン博多デイサービスセンター【通所介護】東那珂一丁目８番８号", "url": "https://www.kaigokensaku.mhlw.go.jp/40/index.php?action_kouhyou_detail_004_kani=true&JigyosyoCd=4070904927-00&ServiceCd=150&Type=search", "url2": null }, "geometry": { "type": "Point", "coordinates": [ 130.439141165606657, 33.57732927724981 ] } },
{ "type": "Feature", "properties": { "内容": "デイサービスハピネスグレース【通所介護】福岡県福岡市博多区東雲町2丁目1-18", "url": "https://www.kaigokensaku.mhlw.go.jp/40/index.php?action_kouhyou_detail_004_kani=true&JigyosyoCd=4070905338-00&ServiceCd=150&Type=search", "url2": "https://care-three.com/" }, "geometry": { "type": "Point", "coordinates": [ 130.4666815, 33.5470317 ] } },
{ "type": "Feature", "properties": { "内容": "デイサービスセンターらいふ南福岡【通所介護】福岡市博多区寿町２－４－３８", "url": "https://www.kaigokensaku.mhlw.go.jp/40/index.php?action_kouhyou_detail_004_kani=true&JigyosyoCd=4070901329-00&ServiceCd=150&Type=search", "url2": "http://www.for-life-kaigo.jp/" }, "geometry": { "type": "Point", "coordinates": [ 130.460692599999987, 33.5432696 ] } },
{ "type": "Feature", "properties": { "内容": "シティデイサービス博多【通所介護】福岡市博多区博多駅前4丁目22番2号", "url": "https://www.kaigokensaku.mhlw.go.jp/40/index.php?action_kouhyou_detail_004_kani=true&JigyosyoCd=4070901600-00&ServiceCd=150&Type=search", "url2": "http://www.citycare.jp/" }, "geometry": { "type": "Point", "coordinates": [ 130.418567100000018, 33.5847972 ] } },
{ "type": "Feature", "properties": { "内容": "ケアリングデイサービスセンター【通所介護】福岡県福岡市博多区半道橋1丁目18番35号ケアリングデイサービスセンター・グループホーム東光寺", "url": "https://www.kaigokensaku.mhlw.go.jp/40/index.php?action_kouhyou_detail_004_kani=true&JigyosyoCd=4070901808-00&ServiceCd=150&Type=search", "url2": "https://www.caring.jp/" }, "geometry": { "type": "Point", "coordinates": [ 130.441135300000042, 33.5794842 ] } },
{ "type": "Feature", "properties": { "内容": "よかデイサービスそよかぜ【通所介護】福岡市博多区銀天町1－6－12", "url": "https://www.kaigokensaku.mhlw.go.jp/40/index.php?action_kouhyou_detail_004_kani=true&JigyosyoCd=4070902004-00&ServiceCd=150&Type=search", "url2": "hmdsc＠nposoyokaze.com" }, "geometry": { "type": "Point", "coordinates": [ 130.46253758265064, 33.54512874502516 ] } },
{ "type": "Feature", "properties": { "内容": "薔薇の樹苑デイサービスセンター【通所介護】福岡市博多区元町2丁目1番7号", "url": "https://www.kaigokensaku.mhlw.go.jp/40/index.php?action_kouhyou_detail_004_kani=true&JigyosyoCd=4070902053-00&ServiceCd=150&Type=search", "url2": "http://tokuwa.net" }, "geometry": { "type": "Point", "coordinates": [ 130.462764600000014, 33.5420309 ] } },
{ "type": "Feature", "properties": { "内容": "デイサービスながら【通所介護】福岡県福岡市博多区板付二丁目13-28サービス付き高齢者向け住宅　ラガーナ板付", "url": "https://www.kaigokensaku.mhlw.go.jp/40/index.php?action_kouhyou_detail_004_kani=true&JigyosyoCd=4070902178-00&ServiceCd=150&Type=search", "url2": "https://nagara-clinic.jp" }, "geometry": { "type": "Point", "coordinates": [ 130.453983802228322, 33.566051139306474 ] } },
{ "type": "Feature", "properties": { "内容": "デイサービス　ウィズランド博多【通所介護】福岡県福岡市博多区奈良屋町8-19", "url": "https://www.kaigokensaku.mhlw.go.jp/40/index.php?action_kouhyou_detail_004_kani=true&JigyosyoCd=4070902236-00&ServiceCd=150&Type=search", "url2": "http://www.ncs-net.org/land.html" }, "geometry": { "type": "Point", "coordinates": [ 130.405498399999942, 33.5998482 ] } },
{ "type": "Feature", "properties": { "内容": "デイサービスセンターたのしい家はかた【通所介護】福岡市博多区堅粕３丁目５番５号", "url": "https://www.kaigokensaku.mhlw.go.jp/40/index.php?action_kouhyou_detail_004_kani=true&JigyosyoCd=4070902483-00&ServiceCd=150&Type=search", "url2": null }, "geometry": { "type": "Point", "coordinates": [ 130.422580299999936, 33.5968545 ] } },
{ "type": "Feature", "properties": { "内容": "ヒューマンライフケア東平尾【通所介護】福岡県福岡市博多区東平尾１丁目18番54号パグーロ東平尾1階", "url": "https://www.kaigokensaku.mhlw.go.jp/40/index.php?action_kouhyou_detail_004_kani=true&JigyosyoCd=4070902699-00&ServiceCd=150&Type=search", "url2": "http://www.athuman.com/" }, "geometry": { "type": "Point", "coordinates": [ 130.457636699999966, 33.5896889 ] } },
{ "type": "Feature", "properties": { "内容": "さわやかいそうだ館デイサービスセンター【通所介護】福岡県福岡市博多区井相田3-3-18", "url": "https://www.kaigokensaku.mhlw.go.jp/40/index.php?action_kouhyou_detail_004_kani=true&JigyosyoCd=4070902871-00&ServiceCd=150&Type=search", "url2": "http:/www.sawayakaclub.jp" }, "geometry": { "type": "Point", "coordinates": [ 130.46726979999994, 33.5525159 ] } },
{ "type": "Feature", "properties": { "内容": "社会福祉法人　創生会　デイサービスセンター　イコロの家　山王公園【通所介護】福岡県福岡市博多区山王1丁目11番26号2階グッドタイムホーム山王公園", "url": "https://www.kaigokensaku.mhlw.go.jp/40/index.php?action_kouhyou_detail_004_kani=true&JigyosyoCd=4070902954-00&ServiceCd=150&Type=search", "url2": "http://www.souseikai.or.jp/company.html" }, "geometry": { "type": "Point", "coordinates": [ 130.431880200000023, 33.5806311 ] } },
{ "type": "Feature", "properties": { "内容": "デイサービスのやってん堂【通所介護】福岡市博多区浦田１丁目２１－８", "url": "https://www.kaigokensaku.mhlw.go.jp/40/index.php?action_kouhyou_detail_004_kani=true&JigyosyoCd=4070903127-00&ServiceCd=150&Type=search", "url2": "http://ameblo.jp/yattendo" }, "geometry": { "type": "Point", "coordinates": [ 130.47428560000003, 33.5748356 ] } },
{ "type": "Feature", "properties": { "内容": "千代パピヨンデイサービスセンター【通所介護】千代1丁目30-25ケアスタ福岡", "url": "https://www.kaigokensaku.mhlw.go.jp/40/index.php?action_kouhyou_detail_004_kani=true&JigyosyoCd=4070903143-00&ServiceCd=150&Type=search", "url2": "http://www.keiaien.org" }, "geometry": { "type": "Point", "coordinates": [ 130.419901446590643, 33.6036606897692 ] } },
{ "type": "Feature", "properties": { "内容": "デイサービス　にこスパ【通所介護】福岡市博多区板付１丁目５番９号", "url": "https://www.kaigokensaku.mhlw.go.jp/40/index.php?action_kouhyou_detail_004_kani=true&JigyosyoCd=4070903283-00&ServiceCd=150&Type=search", "url2": "http://smile-fukuoka.co.jp/" }, "geometry": { "type": "Point", "coordinates": [ 130.448699246141018, 33.569710855283262 ] } },
{ "type": "Feature", "properties": { "内容": "医療法人　柏愛会　デイサービス　柏の木【通所介護】福岡市博多区浦田一丁目11番15号", "url": "https://www.kaigokensaku.mhlw.go.jp/40/index.php?action_kouhyou_detail_004_kani=true&JigyosyoCd=4070903408-00&ServiceCd=150&Type=search", "url2": "http://www.h-ortho.jp" }, "geometry": { "type": "Point", "coordinates": [ 130.4781491, 33.5761522 ] } },
{ "type": "Feature", "properties": { "内容": "いきいき那珂デイサービスセンター【通所介護】福岡市博多区那珂4丁目19-8", "url": "https://www.kaigokensaku.mhlw.go.jp/40/index.php?action_kouhyou_detail_004_kani=true&JigyosyoCd=4070903507-00&ServiceCd=150&Type=search", "url2": "http://www.iki2-k.com" }, "geometry": { "type": "Point", "coordinates": [ 130.443584320237761, 33.569080394828106 ] } },
{ "type": "Feature", "properties": { "内容": "デイサービスセンター　さくらんぼ【通所介護】福岡県福岡市博多区月隈3丁目32-13住宅型有料老人ホーム　さくらんぼ", "url": "https://www.kaigokensaku.mhlw.go.jp/40/index.php?action_kouhyou_detail_004_kani=true&JigyosyoCd=4070903549-00&ServiceCd=150&Type=search", "url2": "http://www.sakuranbo1201.com/" }, "geometry": { "type": "Point", "coordinates": [ 130.46768069999996, 33.5728162 ] } },
{ "type": "Feature", "properties": { "内容": "デイサービスセンター知行庵【通所介護】金の隈一丁目28番48号サービス付き高齢者向け住宅知行庵", "url": "https://www.kaigokensaku.mhlw.go.jp/40/index.php?action_kouhyou_detail_004_kani=true&JigyosyoCd=4070903556-00&ServiceCd=150&Type=search", "url2": "http://www.chigyouan.com/" }, "geometry": { "type": "Point", "coordinates": [ 130.470970547885145, 33.5602325134331 ] } },
{ "type": "Feature", "properties": { "内容": "デイサービスセンター　想美【通所介護】諸岡一丁目24番25号サービス付き高齢者向け住宅　想美", "url": "https://www.kaigokensaku.mhlw.go.jp/40/index.php?action_kouhyou_detail_004_kani=true&JigyosyoCd=4070903564-00&ServiceCd=150&Type=search", "url2": "http://soubihukusikai.jp/" }, "geometry": { "type": "Point", "coordinates": [ 130.448596299999963, 33.5617448 ] } },
{ "type": "Feature", "properties": { "内容": "Let'sリハ博多【通所介護】福岡県福岡市博多区博多駅南3-12-16ホスピタルメント桜十字博多　１階", "url": "https://www.kaigokensaku.mhlw.go.jp/40/index.php?action_kouhyou_detail_004_kani=true&JigyosyoCd=4070903671-00&ServiceCd=150&Type=search", "url2": "http://www.sakurajyuji.jp/" }, "geometry": { "type": "Point", "coordinates": [ 130.425102899999956, 33.5801227 ] } },
{ "type": "Feature", "properties": { "内容": "デイサービス　すばる弐番館【通所介護】福岡県福岡市博多区金の隈3丁目18番30号有料老人ホームすばる弐番館", "url": "https://www.kaigokensaku.mhlw.go.jp/40/index.php?action_kouhyou_detail_004_kani=true&JigyosyoCd=4070903929-00&ServiceCd=150&Type=search", "url2": null }, "geometry": { "type": "Point", "coordinates": [ 130.479524199999986, 33.5546354 ] } },
{ "type": "Feature", "properties": { "内容": "宅老所こんね【通所介護】福岡県福岡市博多区新和町2丁目2番17号", "url": "https://www.kaigokensaku.mhlw.go.jp/40/index.php?action_kouhyou_detail_004_kani=true&JigyosyoCd=4070904323-00&ServiceCd=150&Type=search", "url2": null }, "geometry": { "type": "Point", "coordinates": [ 130.464053400000012, 33.5374954 ] } },
{ "type": "Feature", "properties": { "内容": "復活デイサービス月隈【通所介護】福岡県福岡市博多区東月隈4-2-15", "url": "https://www.kaigokensaku.mhlw.go.jp/40/index.php?action_kouhyou_detail_004_kani=true&JigyosyoCd=4070904398-00&ServiceCd=150&Type=search", "url2": null }, "geometry": { "type": "Point", "coordinates": [ 130.472316299999989, 33.5781407 ] } },
{ "type": "Feature", "properties": { "内容": "デイサービスさくら【通所介護】福岡県博多区麦野4-33-24サンホームさくら", "url": "https://www.kaigokensaku.mhlw.go.jp/40/index.php?action_kouhyou_detail_004_kani=true&JigyosyoCd=4070904554-00&ServiceCd=150&Type=search", "url2": null }, "geometry": { "type": "Point", "coordinates": [ 130.460689799999955, 33.5483023 ] } },
{ "type": "Feature", "properties": { "内容": "あおぞらデイサービスセンター博多【通所介護】福岡県福岡市博多区豊２丁目１番７号", "url": "https://www.kaigokensaku.mhlw.go.jp/40/index.php?action_kouhyou_detail_004_kani=true&JigyosyoCd=4070904703-00&ServiceCd=150&Type=search", "url2": "http://www.aozora-gp.com/" }, "geometry": { "type": "Point", "coordinates": [ 130.43262630000001, 33.5989757 ] } },
{ "type": "Feature", "properties": { "内容": "ツクイ博多吉塚【通所介護】福岡県福岡市博多区吉塚８－１－６９", "url": "https://www.kaigokensaku.mhlw.go.jp/40/index.php?action_kouhyou_detail_004_kani=true&JigyosyoCd=4070904844-00&ServiceCd=150&Type=search", "url2": "http://www.tsukui.net" }, "geometry": { "type": "Point", "coordinates": [ 130.4320974, 33.6057015 ] } },
{ "type": "Feature", "properties": { "内容": "デイサービスセンターよしづか【通所介護】吉塚7丁目2-16ファミエールよしづか", "url": "https://www.kaigokensaku.mhlw.go.jp/40/index.php?action_kouhyou_detail_004_kani=true&JigyosyoCd=4070904869-00&ServiceCd=150&Type=search", "url2": "https://famiyell-yoshiduka.com/about" }, "geometry": { "type": "Point", "coordinates": [ 130.4314767, 33.6074895 ] } },
{ "type": "Feature", "properties": { "内容": "デイサービス　おもやい【通所介護】月隈3丁目42-1", "url": "https://www.kaigokensaku.mhlw.go.jp/40/index.php?action_kouhyou_detail_004_kani=true&JigyosyoCd=4070904836-00&ServiceCd=150&Type=search", "url2": "https://www.k5plus.com/" }, "geometry": { "type": "Point", "coordinates": [ 130.467375213491835, 33.576694254766402 ] } },
{ "type": "Feature", "properties": { "内容": "さわやか立花館デイサービスセンター【通所介護】福岡県福岡市博多区立花寺１７３－１５", "url": "https://www.kaigokensaku.mhlw.go.jp/40/index.php?action_kouhyou_detail_004_kani=true&JigyosyoCd=4070901857-00&ServiceCd=150&Type=search", "url2": "http://sawayakaclub.jp" }, "geometry": { "type": "Point", "coordinates": [ 130.4754524, 33.5691974 ] } },
{ "type": "Feature", "properties": { "内容": "元気のふる里　デイサービス　那珂【通所介護】福岡市博多区那珂4丁目18-5　MAST筑紫通1階MAST筑紫通1階", "url": "https://www.kaigokensaku.mhlw.go.jp/40/index.php?action_kouhyou_detail_004_kani=true&JigyosyoCd=4070905353-00&ServiceCd=150&Type=search", "url2": null }, "geometry": { "type": "Point", "coordinates": [ 130.4444076, 33.569359400000025 ] } },
{ "type": "Feature", "properties": { "内容": "でいさーびすひょうたんじま【通所介護】諸岡1丁目21番48号住宅型有料老人ホームひょうたん島・デイサービスひょうたん島", "url": "https://www.kaigokensaku.mhlw.go.jp/40/index.php?action_kouhyou_detail_004_kani=true&JigyosyoCd=4070904034-00&ServiceCd=150&Type=search", "url2": "http://hyotanjima.jp/" }, "geometry": { "type": "Point", "coordinates": [ 130.448579600000016, 33.562456301686005 ] } },
{ "type": "Feature", "properties": { "内容": "デイサービスハイビスカス【通所介護】福岡県福岡市博多区立花寺2丁目20-20住宅型有料老人ホームハイビスカス", "url": "https://www.kaigokensaku.mhlw.go.jp/40/index.php?action_kouhyou_detail_004_kani=true&JigyosyoCd=4070904463-00&ServiceCd=150&Type=search", "url2": "http//www.geocities/hibiscus210170509/" }, "geometry": { "type": "Point", "coordinates": [ 130.470891700000038, 33.566231 ] } },
{ "type": "Feature", "properties": { "内容": "デイサービスセンターたのしいデイつきぐま【通所介護】福岡市博多区東月隈4-2-15", "url": "https://www.kaigokensaku.mhlw.go.jp/40/index.php?action_kouhyou_detail_004_kani=true&JigyosyoCd=4070903200-00&ServiceCd=150&Type=search", "url2": null }, "geometry": { "type": "Point", "coordinates": [ 130.472339242327848, 33.578085545824742 ] } },
{ "type": "Feature", "properties": { "内容": "デイサービスアンリ南福岡【通所介護】元町2-1-6アンリ南福岡", "url": "https://www.kaigokensaku.mhlw.go.jp/40/index.php?action_kouhyou_detail_004_kani=true&JigyosyoCd=4070904612-00&ServiceCd=150&Type=search", "url2": "http://www.henri-mf.jp/" }, "geometry": { "type": "Point", "coordinates": [ 135.497595400000023, 34.6622286 ] } },
{ "type": "Feature", "properties": { "内容": "一織庵デイサービス福岡桜坂【通所介護】福岡県福岡市中央区小笹4-4-35小笹中央デイケア倶楽部ビル2Ｆ", "url": "https://www.kaigokensaku.mhlw.go.jp/40/index.php?action_kouhyou_detail_004_kani=true&JigyosyoCd=4071002226-00&ServiceCd=150&Type=search", "url2": null }, "geometry": { "type": "Point", "coordinates": [ 130.387988800000016, 33.5689486 ] } },
{ "type": "Feature", "properties": { "内容": "あいデイサービスセンター【通所介護】福岡県福岡市中央区桜坂1-6-33ネズバン桜坂1F", "url": "https://www.kaigokensaku.mhlw.go.jp/40/index.php?action_kouhyou_detail_004_kani=true&JigyosyoCd=4071003067-00&ServiceCd=150&Type=search", "url2": "https://w-irc.co.jp" }, "geometry": { "type": "Point", "coordinates": [ 130.387660099999948, 33.578759699999985 ] } },
{ "type": "Feature", "properties": { "内容": "Let'sリハ！小笹【通所介護】福岡県福岡市中央区小笹1丁目13番11号", "url": "https://www.kaigokensaku.mhlw.go.jp/40/index.php?action_kouhyou_detail_004_kani=true&JigyosyoCd=4071003661-00&ServiceCd=150&Type=search", "url2": "https://www.lets-reha.jp/" }, "geometry": { "type": "Point", "coordinates": [ 130.3900545, 33.5640826 ] } },
{ "type": "Feature", "properties": { "内容": "ライフケア大手門　通所介護事業所【通所介護】福岡県福岡市中央区大手門２丁目５番１５号", "url": "https://www.kaigokensaku.mhlw.go.jp/40/index.php?action_kouhyou_detail_004_kani=true&JigyosyoCd=4071000477-00&ServiceCd=150&Type=search", "url2": "http://www.o-lifecare.com" }, "geometry": { "type": "Point", "coordinates": [ 130.38324311282804, 33.591903848464447 ] } },
{ "type": "Feature", "properties": { "内容": "はなみずき園デイサービスセンター【通所介護】福岡市中央区鳥飼二丁目４番８号", "url": "https://www.kaigokensaku.mhlw.go.jp/40/index.php?action_kouhyou_detail_004_kani=true&JigyosyoCd=4071000626-00&ServiceCd=150&Type=search", "url2": null }, "geometry": { "type": "Point", "coordinates": [ 130.370773399999962, 33.5835716 ] } },
{ "type": "Feature", "properties": { "内容": "デイサービスセンター草ヶ江【通所介護】福岡市中央区草香江２丁目１４－９クラシオン草香江104", "url": "https://www.kaigokensaku.mhlw.go.jp/40/index.php?action_kouhyou_detail_004_kani=true&JigyosyoCd=4071001525-00&ServiceCd=150&Type=search", "url2": "http://www.hakuaikai.or.jp" }, "geometry": { "type": "Point", "coordinates": [ 130.3732539, 33.5799415 ] } },
{ "type": "Feature", "properties": { "内容": "ヒューマンライフケアふくはま【通所介護】福岡市中央区福浜2丁目４－１－１０６", "url": "https://www.kaigokensaku.mhlw.go.jp/40/index.php?action_kouhyou_detail_004_kani=true&JigyosyoCd=4071002176-00&ServiceCd=150&Type=search", "url2": "hlc809@athuman.com" }, "geometry": { "type": "Point", "coordinates": [ 130.368045599999959, 33.5964452 ] } },
{ "type": "Feature", "properties": { "内容": "まいづるのデイサービス【通所介護】福岡県福岡市中央区舞鶴１－６－１ラフォーレ舞鶴２Ｆ", "url": "https://www.kaigokensaku.mhlw.go.jp/40/index.php?action_kouhyou_detail_004_kani=true&JigyosyoCd=4071002218-00&ServiceCd=150&Type=search", "url2": "https://goshogatani-maizuru.com/dayservice/" }, "geometry": { "type": "Point", "coordinates": [ 130.394218799999976, 33.5940902 ] } },
{ "type": "Feature", "properties": { "内容": "デイサービス　テラス桜坂【通所介護】福岡県福岡市中央区警固3丁目6番1号クラシオン桜坂1Ｆ", "url": "https://www.kaigokensaku.mhlw.go.jp/40/index.php?action_kouhyou_detail_004_kani=true&JigyosyoCd=4071002309-00&ServiceCd=150&Type=search", "url2": null }, "geometry": { "type": "Point", "coordinates": [ 130.3897025, 33.5775254 ] } },
{ "type": "Feature", "properties": { "内容": "デイサービスセンター　とうにん【通所介護】荒戸３－８－２２シャトレ２１大濠", "url": "https://www.kaigokensaku.mhlw.go.jp/40/index.php?action_kouhyou_detail_004_kani=true&JigyosyoCd=4071002390-00&ServiceCd=150&Type=search", "url2": "ｃｏｎｔａｃｔ＠ｔｏｕｎｉｎ．ｎｅｔ" }, "geometry": { "type": "Point", "coordinates": [ 130.37240369999995, 33.59344 ] } },
{ "type": "Feature", "properties": { "内容": "SJR六本松デイサービスセンター【通所介護】福岡県福岡市中央区六本松4-2-2SJR六本松　4階", "url": "https://www.kaigokensaku.mhlw.go.jp/40/index.php?action_kouhyou_detail_004_kani=true&JigyosyoCd=4071003109-00&ServiceCd=150&Type=search", "url2": "http://www.sjr-jr.co.jp/ropponmatsu/" }, "geometry": { "type": "Point", "coordinates": [ 130.37835629999995, 33.5763697 ] } },
{ "type": "Feature", "properties": { "内容": "ツクイ福岡六本松【通所介護】六本松4-5-24", "url": "https://www.kaigokensaku.mhlw.go.jp/40/index.php?action_kouhyou_detail_004_kani=true&JigyosyoCd=4071003323-00&ServiceCd=150&Type=search", "url2": "http://www.tsukui.net/home-care/2704" }, "geometry": { "type": "Point", "coordinates": [ 130.3781663, 33.5742443 ] } },
{ "type": "Feature", "properties": { "内容": "デイサービス小笹町【通所介護】福岡県福岡市中央区小笹4-5-2クラシオン小笹山手２番館", "url": "https://www.kaigokensaku.mhlw.go.jp/40/index.php?action_kouhyou_detail_004_kani=true&JigyosyoCd=4071003398-00&ServiceCd=150&Type=search", "url2": "https://reful-ozasamachi.wixsite.com/my-site" }, "geometry": { "type": "Point", "coordinates": [ 130.3865538, 33.5695812 ] } },
{ "type": "Feature", "properties": { "内容": "デイサービスセンター煌奏館【通所介護】福岡市中央区清川2丁目17番17号", "url": "https://www.kaigokensaku.mhlw.go.jp/40/index.php?action_kouhyou_detail_004_kani=true&JigyosyoCd=4071002937-00&ServiceCd=150&Type=search", "url2": "https://asukafukushikai.com/" }, "geometry": { "type": "Point", "coordinates": [ 130.410060698544811, 33.578310058879609 ] } },
{ "type": "Feature", "properties": { "内容": "デイサービスセンター幸せ物語　薬院【通所介護】福岡市中央区薬院3丁目7番6号コンタクトビレッジ薬院１階", "url": "https://www.kaigokensaku.mhlw.go.jp/40/index.php?action_kouhyou_detail_004_kani=true&JigyosyoCd=4071000709-00&ServiceCd=150&Type=search", "url2": null }, "geometry": { "type": "Point", "coordinates": [ 130.400374, 33.5779782 ] } },
{ "type": "Feature", "properties": { "内容": "デイサービスココファン福岡清川【通所介護】福岡市中央区清川2丁目6番22号デイサービスココファン福岡清川", "url": "https://www.kaigokensaku.mhlw.go.jp/40/index.php?action_kouhyou_detail_004_kani=true&JigyosyoCd=4071003695-00&ServiceCd=150&Type=search", "url2": "https://www.cocofump.co.jp/" }, "geometry": { "type": "Point", "coordinates": [ 130.410157, 33.580793 ] } },
{ "type": "Feature", "properties": { "内容": "デイサービスセンタービバール悠愛【通所介護】福岡県福岡市南区日佐５丁目１８番１０号", "url": "https://www.kaigokensaku.mhlw.go.jp/40/index.php?action_kouhyou_detail_004_kani=true&JigyosyoCd=4071105086-00&ServiceCd=150&Type=search", "url2": "http://yu-ai-group.jp/" }, "geometry": { "type": "Point", "coordinates": [ 130.4333117, 33.5361529 ] } },
{ "type": "Feature", "properties": { "内容": "特定非営利活動法人わはは【通所介護】福岡県福岡市南区西長住2丁目10番35号", "url": "https://www.kaigokensaku.mhlw.go.jp/40/index.php?action_kouhyou_detail_004_kani=true&JigyosyoCd=4071105698-00&ServiceCd=150&Type=search", "url2": null }, "geometry": { "type": "Point", "coordinates": [ 130.391185, 33.5506275 ] } },
{ "type": "Feature", "properties": { "内容": "ヒューマンライフケア大橋温泉【通所介護】福岡県福岡市南区大橋二丁目７番１号", "url": "https://www.kaigokensaku.mhlw.go.jp/40/index.php?action_kouhyou_detail_004_kani=true&JigyosyoCd=4071103131-00&ServiceCd=150&Type=search", "url2": "http://hlc.athuman.com" }, "geometry": { "type": "Point", "coordinates": [ 130.431261400000039, 33.5573003 ] } },
{ "type": "Feature", "properties": { "内容": "ジョイリハ大橋【通所介護】福岡市南区塩原4-14-22ジャス大橋ビル１F", "url": "https://www.kaigokensaku.mhlw.go.jp/40/index.php?action_kouhyou_detail_004_kani=true&JigyosyoCd=4071103735-00&ServiceCd=150&Type=search", "url2": "http://www.joyreha.co.jp/article/14515040.html" }, "geometry": { "type": "Point", "coordinates": [ 130.429308699999979, 33.5592556 ] } },
{ "type": "Feature", "properties": { "内容": "デイサービスウィズランドスマイルプラザ【通所介護】福岡県福岡市南区長丘5-25-7", "url": "https://www.kaigokensaku.mhlw.go.jp/40/index.php?action_kouhyou_detail_004_kani=true&JigyosyoCd=4071105771-00&ServiceCd=150&Type=search", "url2": "https://www.with-g.com/" }, "geometry": { "type": "Point", "coordinates": [ 130.3878464, 33.5570211 ] } },
{ "type": "Feature", "properties": { "内容": "いじりケアサービスセンター【通所介護】福岡市南区井尻２丁目２０－１１", "url": "https://www.kaigokensaku.mhlw.go.jp/40/index.php?action_kouhyou_detail_004_kani=true&JigyosyoCd=4071100046-00&ServiceCd=150&Type=search", "url2": null }, "geometry": { "type": "Point", "coordinates": [ 130.44349950000003, 33.5549232 ] } },
{ "type": "Feature", "properties": { "内容": "ささえあい太陽【通所介護】福岡市南区鶴田４－３－１２", "url": "https://www.kaigokensaku.mhlw.go.jp/40/index.php?action_kouhyou_detail_004_kani=true&JigyosyoCd=4070901220-00&ServiceCd=150&Type=search", "url2": "dearmind.com" }, "geometry": { "type": "Point", "coordinates": [ 130.410849698147587, 33.532050447334214 ] } },
{ "type": "Feature", "properties": { "内容": "ニチイケアセンター向新町【通所介護】福岡県福岡市南区向新町1-7-10", "url": "https://www.kaigokensaku.mhlw.go.jp/40/index.php?action_kouhyou_detail_004_kani=true&JigyosyoCd=4071100236-00&ServiceCd=150&Type=search", "url2": "https://www.nichii-kaigo.jp/base/base-result/05J94/" }, "geometry": { "type": "Point", "coordinates": [ 130.42876190000004, 33.5446712 ] } },
{ "type": "Feature", "properties": { "内容": "花の季苑　デイサービスセンター【通所介護】福岡市南区和田４丁目１６番１号", "url": "https://www.kaigokensaku.mhlw.go.jp/40/index.php?action_kouhyou_detail_004_kani=true&JigyosyoCd=4071100459-00&ServiceCd=150&Type=search", "url2": "http://tokuwa.net" }, "geometry": { "type": "Point", "coordinates": [ 130.421498499999984, 33.5489011 ] } },
{ "type": "Feature", "properties": { "内容": "温泉デイよこて媼爺倶楽部【通所介護】福岡市南区横手４－１３－３１ことぶきマンション　１Ｆ", "url": "https://www.kaigokensaku.mhlw.go.jp/40/index.php?action_kouhyou_detail_004_kani=true&JigyosyoCd=4071100574-00&ServiceCd=150&Type=search", "url2": "http://www.onsenday.com/" }, "geometry": { "type": "Point", "coordinates": [ 130.433044800000062, 33.5482209 ] } },
{ "type": "Feature", "properties": { "内容": "シティデイサービス長住【通所介護】福岡市南区長住３丁目７番１号", "url": "https://www.kaigokensaku.mhlw.go.jp/40/index.php?action_kouhyou_detail_004_kani=true&JigyosyoCd=4071100681-00&ServiceCd=150&Type=search", "url2": "http://www.citycare.jp" }, "geometry": { "type": "Point", "coordinates": [ 130.393639399999984, 33.5524729 ] } },
{ "type": "Feature", "properties": { "内容": "ケアポート高宮【通所介護】福岡県福岡市南区向野１丁目１７－２５ＮＴＴ筑紫丘ビル　１Ｆ", "url": "https://www.kaigokensaku.mhlw.go.jp/40/index.php?action_kouhyou_detail_004_kani=true&JigyosyoCd=4071101416-00&ServiceCd=150&Type=search", "url2": "http://www.telwel-west.co.jp/kaigo/area/takamiya/index.html" }, "geometry": { "type": "Point", "coordinates": [ 130.417803421941016, 33.563882972008514 ] } },
{ "type": "Feature", "properties": { "内容": "ほっと・ふぁみりぃ【通所介護】福岡県福岡市南区柳瀬2丁目9番28号", "url": "https://www.kaigokensaku.mhlw.go.jp/40/index.php?action_kouhyou_detail_004_kani=true&JigyosyoCd=4071101804-00&ServiceCd=150&Type=search", "url2": null }, "geometry": { "type": "Point", "coordinates": [ 130.435727604883851, 33.531840523706286 ] } },
{ "type": "Feature", "properties": { "内容": "デイサービス花うさぎ塩原【通所介護】福岡市南区塩原2丁目２番８号", "url": "https://www.kaigokensaku.mhlw.go.jp/40/index.php?action_kouhyou_detail_004_kani=true&JigyosyoCd=4071101978-00&ServiceCd=150&Type=search", "url2": "http://www.hanauasagi-daiwa.com/" }, "geometry": { "type": "Point", "coordinates": [ 130.427444799999989, 33.566313 ] } },
{ "type": "Feature", "properties": { "内容": "さかいの樹　野間大池通り【通所介護】福岡市南区野間4丁目1番12号1階", "url": "https://www.kaigokensaku.mhlw.go.jp/40/index.php?action_kouhyou_detail_004_kani=true&JigyosyoCd=4071101986-00&ServiceCd=150&Type=search", "url2": "http://www.med-sakai.jp" }, "geometry": { "type": "Point", "coordinates": [ 130.411307299999976, 33.5583694 ] } },
{ "type": "Feature", "properties": { "内容": "ふくよかケアプラザ大平寺の森デイ＆リハビリ倶楽部【通所介護】福岡県福岡市南区大平寺２丁目１３番３０号ふくよかケアプラザ大平寺の森", "url": "https://www.kaigokensaku.mhlw.go.jp/40/index.php?action_kouhyou_detail_004_kani=true&JigyosyoCd=4071102182-00&ServiceCd=150&Type=search", "url2": "http://www.fukuyoka.com/" }, "geometry": { "type": "Point", "coordinates": [ 130.393433179762241, 33.530603099827097 ] } },
{ "type": "Feature", "properties": { "内容": "デイサービスセンター　アソシエ【通所介護】福岡市南区中尾3丁目9-12", "url": "https://www.kaigokensaku.mhlw.go.jp/40/index.php?action_kouhyou_detail_004_kani=true&JigyosyoCd=4071102406-00&ServiceCd=150&Type=search", "url2": "associe@vanilla.ocn.ne.jp" }, "geometry": { "type": "Point", "coordinates": [ 130.409199599999965, 33.5456515 ] } },
{ "type": "Feature", "properties": { "内容": "デイサービスセンター　イコロの家　桧原【通所介護】福岡県福岡市南区桧原3丁目21番19号", "url": "https://www.kaigokensaku.mhlw.go.jp/40/index.php?action_kouhyou_detail_004_kani=true&JigyosyoCd=4071102513-00&ServiceCd=150&Type=search", "url2": "http://www.souseikai.or.jp" }, "geometry": { "type": "Point", "coordinates": [ 130.398026, 33.5345916 ] } },
{ "type": "Feature", "properties": { "内容": "さかいの樹　長丘【通所介護】福岡市南区長丘5丁目7-25", "url": "https://www.kaigokensaku.mhlw.go.jp/40/index.php?action_kouhyou_detail_004_kani=true&JigyosyoCd=4071102786-00&ServiceCd=150&Type=search", "url2": "http://www.med-sakai.jp" }, "geometry": { "type": "Point", "coordinates": [ 130.391289300000039, 33.556689 ] } },
{ "type": "Feature", "properties": { "内容": "デイサービス　ユーフィット福岡【通所介護】福岡県福岡市南区和田3丁目26-7グランドマスト大橋南1階", "url": "https://www.kaigokensaku.mhlw.go.jp/40/index.php?action_kouhyou_detail_004_kani=true&JigyosyoCd=4071106340-00&ServiceCd=150&Type=search", "url2": "https://youcone.com/" }, "geometry": { "type": "Point", "coordinates": [ 130.424034799999987, 33.5464129 ] } },
{ "type": "Feature", "properties": { "内容": "アルファデイサービスセンター博多南【通所介護】福岡県福岡市南区弥永3－3－1アルファリビング博多南", "url": "https://www.kaigokensaku.mhlw.go.jp/40/index.php?action_kouhyou_detail_004_kani=true&JigyosyoCd=4071106381-00&ServiceCd=150&Type=search", "url2": "https://www.a-living.jp/fukuoka/hakata-s/?utm_source=bing&utm_medium=cpc&utm_campaign=001&msclkid=29f93282eaca148aa67d5a6e9ab04047" }, "geometry": { "type": "Point", "coordinates": [ 130.432134100000013, 33.5258067 ] } },
{ "type": "Feature", "properties": { "内容": "ささえあい太陽　気楽家【通所介護】福岡県福岡市南区鶴田4丁目3－9", "url": "https://www.kaigokensaku.mhlw.go.jp/40/index.php?action_kouhyou_detail_004_kani=true&JigyosyoCd=4071102901-00&ServiceCd=150&Type=search", "url2": "http://dearmind.com" }, "geometry": { "type": "Point", "coordinates": [ 130.410592804600469, 33.531882956507204 ] } },
{ "type": "Feature", "properties": { "内容": "ゆふの森デイサービスセンター【通所介護】福岡市南区屋形原5-1-12", "url": "https://www.kaigokensaku.mhlw.go.jp/40/index.php?action_kouhyou_detail_004_kani=true&JigyosyoCd=4071103057-00&ServiceCd=150&Type=search", "url2": "http://www.fukujincare.com/mori/" }, "geometry": { "type": "Point", "coordinates": [ 130.40691419999996, 33.5309085 ] } },
{ "type": "Feature", "properties": { "内容": "デイサービスウィズランド長丘【通所介護】福岡県福岡市南区長丘三丁目21番5号", "url": "https://www.kaigokensaku.mhlw.go.jp/40/index.php?action_kouhyou_detail_004_kani=true&JigyosyoCd=4071103321-00&ServiceCd=150&Type=search", "url2": "http://www.ncs-net.org/" }, "geometry": { "type": "Point", "coordinates": [ 130.3923476, 33.5553586 ] } },
{ "type": "Feature", "properties": { "内容": "エリーゼデイサービス【通所介護】福岡県福岡市南区向新町２丁目９－２１", "url": "https://www.kaigokensaku.mhlw.go.jp/40/index.php?action_kouhyou_detail_004_kani=true&JigyosyoCd=4071103479-00&ServiceCd=150&Type=search", "url2": "http://elise-ohashi.Jp" }, "geometry": { "type": "Point", "coordinates": [ 130.428270399999974, 33.5398968 ] } },
{ "type": "Feature", "properties": { "内容": "デイサービス　であいの絆　長住【通所介護】長住5丁目11の23", "url": "https://www.kaigokensaku.mhlw.go.jp/40/index.php?action_kouhyou_detail_004_kani=true&JigyosyoCd=4071103719-00&ServiceCd=150&Type=search", "url2": "http://www.kaigodeai.com/kizuna/" }, "geometry": { "type": "Point", "coordinates": [ 130.39805257201823, 33.546650906549594 ] } },
{ "type": "Feature", "properties": { "内容": "デイサービス　このは【通所介護】福岡市南区皿山１丁目１番６号", "url": "https://www.kaigokensaku.mhlw.go.jp/40/index.php?action_kouhyou_detail_004_kani=true&JigyosyoCd=4071103768-00&ServiceCd=150&Type=search", "url2": "http://konohano-sato.com" }, "geometry": { "type": "Point", "coordinates": [ 130.4040804, 33.5492816 ] } },
{ "type": "Feature", "properties": { "内容": "デイサービスセンター　宝満ヴィラ大橋南【通所介護】高木１丁目１６－３７", "url": "https://www.kaigokensaku.mhlw.go.jp/40/index.php?action_kouhyou_detail_004_kani=true&JigyosyoCd=4071103792-00&ServiceCd=150&Type=search", "url2": "http://homan.or.jp" }, "geometry": { "type": "Point", "coordinates": [ 130.43495459021301, 33.561243195515445 ] } },
{ "type": "Feature", "properties": { "内容": "那珂川病院デイサービスセンター「清和」【通所介護】福岡市南区柳瀬1丁目31番11号", "url": "https://www.kaigokensaku.mhlw.go.jp/40/index.php?action_kouhyou_detail_004_kani=true&JigyosyoCd=4071103834-00&ServiceCd=150&Type=search", "url2": "http://www.nakagawa-hp.com" }, "geometry": { "type": "Point", "coordinates": [ 130.4370669, 33.5331561 ] } },
{ "type": "Feature", "properties": { "内容": "デイサービス　ウィズランド長丘Ⅲ【通所介護】福岡市南区長丘3-4-13", "url": "https://www.kaigokensaku.mhlw.go.jp/40/index.php?action_kouhyou_detail_004_kani=true&JigyosyoCd=4071103917-00&ServiceCd=150&Type=search", "url2": "http://www.with-g.com/" }, "geometry": { "type": "Point", "coordinates": [ 130.3964168, 33.5552892 ] } },
{ "type": "Feature", "properties": { "内容": "癒しのデイサービス福岡大橋【通所介護】福岡県福岡市南区塩原3丁目26-18幸田ビル1階", "url": "https://www.kaigokensaku.mhlw.go.jp/40/index.php?action_kouhyou_detail_004_kani=true&JigyosyoCd=4071104113-00&ServiceCd=150&Type=search", "url2": "http://www.riei.co.jp/communicare/sisetu/fukuoka-oohashi/index.html" }, "geometry": { "type": "Point", "coordinates": [ 130.427414399999947, 33.5607915 ] } },
{ "type": "Feature", "properties": { "内容": "デイサービスセンターアソシエ野間【通所介護】野間4丁目9-30", "url": "https://www.kaigokensaku.mhlw.go.jp/40/index.php?action_kouhyou_detail_004_kani=true&JigyosyoCd=4071104139-00&ServiceCd=150&Type=search", "url2": "http://associe-group.jp" }, "geometry": { "type": "Point", "coordinates": [ 135.391440500000044, 34.7654083 ] } },
{ "type": "Feature", "properties": { "内容": "デイサービスささえあい太陽まとば【通所介護】福岡市南区的場２－37－2住宅型有料老人ホームささえあい太陽まとば", "url": "https://www.kaigokensaku.mhlw.go.jp/40/index.php?action_kouhyou_detail_004_kani=true&JigyosyoCd=4071104147-00&ServiceCd=150&Type=search", "url2": "http://www.yu-sei.or.jp/matoba/" }, "geometry": { "type": "Point", "coordinates": [ 130.434065615344252, 33.540089163508043 ] } },
{ "type": "Feature", "properties": { "内容": "井尻リハビリステーション【通所介護】福岡市南区横手2-1-5", "url": "https://www.kaigokensaku.mhlw.go.jp/40/index.php?action_kouhyou_detail_004_kani=true&JigyosyoCd=4071104782-00&ServiceCd=150&Type=search", "url2": "http://www.fukukoukai.or.jp/ijireha/" }, "geometry": { "type": "Point", "coordinates": [ 130.438369400000056, 33.5509207 ] } },
{ "type": "Feature", "properties": { "内容": "うらたメディカルデイ若久の杜【通所介護】福岡市南区若久6丁目1-10", "url": "https://www.kaigokensaku.mhlw.go.jp/40/index.php?action_kouhyou_detail_004_kani=true&JigyosyoCd=4071104790-00&ServiceCd=150&Type=search", "url2": "urata.clinic.com" }, "geometry": { "type": "Point", "coordinates": [ 130.4113744, 33.549378 ] } },
{ "type": "Feature", "properties": { "内容": "BisCo　Day　Re'sela【通所介護】福岡市南区大楠2丁目19ー20ピュアドームエレガンテ平尾3階", "url": "https://www.kaigokensaku.mhlw.go.jp/40/index.php?action_kouhyou_detail_004_kani=true&JigyosyoCd=4071105094-00&ServiceCd=150&Type=search", "url2": "http://www.re-sela.co.jp" }, "geometry": { "type": "Point", "coordinates": [ 130.4072959, 33.5734704 ] } },
{ "type": "Feature", "properties": { "内容": "デイサービス笑日記【通所介護】福岡県福岡市南区桧原7丁目27番2号", "url": "https://www.kaigokensaku.mhlw.go.jp/40/index.php?action_kouhyou_detail_004_kani=true&JigyosyoCd=4071105128-00&ServiceCd=150&Type=search", "url2": "https://enikkimonogatari.com" }, "geometry": { "type": "Point", "coordinates": [ 130.388471100000061, 33.5392105 ] } },
{ "type": "Feature", "properties": { "内容": "ハッピーデイHawaii井尻【通所介護】福岡県福岡市南区井尻1-8-11井尻第3ビル1F", "url": "https://www.kaigokensaku.mhlw.go.jp/40/index.php?action_kouhyou_detail_004_kani=true&JigyosyoCd=4071105227-00&ServiceCd=150&Type=search", "url2": "http://www.samuesu.jp/pg128.html" }, "geometry": { "type": "Point", "coordinates": [ 130.439581481614709, 33.556308815221918 ] } },
{ "type": "Feature", "properties": { "内容": "デイサービス　ディーフェスタ福岡南【通所介護】福岡県福岡市南区中尾3丁目43番地2号", "url": "https://www.kaigokensaku.mhlw.go.jp/40/index.php?action_kouhyou_detail_004_kani=true&JigyosyoCd=4071105524-00&ServiceCd=150&Type=search", "url2": "http://www.kisuien.jp/fukuokaminami/main/15.html" }, "geometry": { "type": "Point", "coordinates": [ 130.406855299999989, 33.5417204 ] } },
{ "type": "Feature", "properties": { "内容": "コンパスウォーク大橋【通所介護】福岡県福岡市南区塩原3-22-16", "url": "https://www.kaigokensaku.mhlw.go.jp/40/index.php?action_kouhyou_detail_004_kani=true&JigyosyoCd=4071105532-00&ServiceCd=150&Type=search", "url2": null }, "geometry": { "type": "Point", "coordinates": [ 130.4250495, 33.5639919 ] } },
{ "type": "Feature", "properties": { "内容": "ツクイ福岡【通所介護】福岡県福岡市南区向野２－６－５", "url": "https://www.kaigokensaku.mhlw.go.jp/40/index.php?action_kouhyou_detail_004_kani=true&JigyosyoCd=4071105607-00&ServiceCd=150&Type=search", "url2": "http://www.tsukui.net/" }, "geometry": { "type": "Point", "coordinates": [ 130.42468740000001, 33.5611394 ] } },
{ "type": "Feature", "properties": { "内容": "サニーライフ福岡長丘デイサービス【通所介護】福岡市南区長丘5丁目4番22号有料老人ホーム　サニーライフ福岡長丘", "url": "https://www.kaigokensaku.mhlw.go.jp/40/index.php?action_kouhyou_detail_004_kani=true&JigyosyoCd=4071105730-00&ServiceCd=150&Type=search", "url2": "https://www.sunnylife-group.co.jp" }, "geometry": { "type": "Point", "coordinates": [ 130.391045674868792, 33.555099559639238 ] } },
{ "type": "Feature", "properties": { "内容": "デイサービスエレガンス花未来【通所介護】野多目4-21-46", "url": "https://www.kaigokensaku.mhlw.go.jp/40/index.php?action_kouhyou_detail_004_kani=true&JigyosyoCd=4071105839-00&ServiceCd=150&Type=search", "url2": "https://elegance-hanamirai.info" }, "geometry": { "type": "Point", "coordinates": [ 130.4227603, 33.5389073 ] } },
{ "type": "Feature", "properties": { "内容": "悠愛デイサービスセンター【通所介護】福岡県福岡市南区日佐4丁目39番28号", "url": "https://www.kaigokensaku.mhlw.go.jp/40/index.php?action_kouhyou_detail_004_kani=true&JigyosyoCd=4071105888-00&ServiceCd=150&Type=search", "url2": "https://a-lifesupport.co.jp/elder/yuai_day/" }, "geometry": { "type": "Point", "coordinates": [ 130.4346769, 33.5375697 ] } },
{ "type": "Feature", "properties": { "内容": "レッツ倶楽部野間大池【通所介護】大池1-23-1", "url": "https://www.kaigokensaku.mhlw.go.jp/40/index.php?action_kouhyou_detail_004_kani=true&JigyosyoCd=4071105979-00&ServiceCd=150&Type=search", "url2": "https://www.lets-club.jp/shop/nomaoike/" }, "geometry": { "type": "Point", "coordinates": [ 130.407824, 33.5561896 ] } },
{ "type": "Feature", "properties": { "内容": "ジョイリハSPA大橋【通所介護】福岡県福岡市南区塩原4-14-22ジャス大橋ビル1F", "url": "https://www.kaigokensaku.mhlw.go.jp/40/index.php?action_kouhyou_detail_004_kani=true&JigyosyoCd=4071106035-00&ServiceCd=150&Type=search", "url2": "https://joyreha.co.jp/" }, "geometry": { "type": "Point", "coordinates": [ 130.429353600000013, 33.5592272 ] } },
{ "type": "Feature", "properties": { "内容": "ヒューマンライフケア長住【通所介護】福岡県福岡市南区長住5丁目15番長住5丁目団地4号室", "url": "https://www.kaigokensaku.mhlw.go.jp/40/index.php?action_kouhyou_detail_004_kani=true&JigyosyoCd=4071106084-00&ServiceCd=150&Type=search", "url2": "https://human-lifecare.jp/" }, "geometry": { "type": "Point", "coordinates": [ 130.396701, 33.548008 ] } },
{ "type": "Feature", "properties": { "内容": "デイサービスフルハウス柏原【通所介護】福岡県福岡市南区柏原5丁目14-17", "url": "https://www.kaigokensaku.mhlw.go.jp/40/index.php?action_kouhyou_detail_004_kani=true&JigyosyoCd=4071106118-00&ServiceCd=150&Type=search", "url2": "https://colorshouse.jp" }, "geometry": { "type": "Point", "coordinates": [ 130.394591600000012, 33.5282132 ] } },
{ "type": "Feature", "properties": { "内容": "コンパスウォーク清水【通所介護】福岡県福岡市南区清水1-15-1", "url": "https://www.kaigokensaku.mhlw.go.jp/40/index.php?action_kouhyou_detail_004_kani=true&JigyosyoCd=4071106191-00&ServiceCd=150&Type=search", "url2": null }, "geometry": { "type": "Point", "coordinates": [ 130.42096923424495, 33.57069248284656 ] } },
{ "type": "Feature", "properties": { "内容": "デイサービス　恵【通所介護】福岡県福岡市南区花畑１丁目１番２４号特別養護老人ホーム恵", "url": "https://www.kaigokensaku.mhlw.go.jp/40/index.php?action_kouhyou_detail_004_kani=true&JigyosyoCd=4071105417-00&ServiceCd=150&Type=search", "url2": "ｈｔｔｐ：//ｗｗｗ．ｋｅｉｋｏｕｋａｉ-ｍｅｇｕｍｉ．ｊｐ" }, "geometry": { "type": "Point", "coordinates": [ 130.4066401, 33.5411031 ] } },
{ "type": "Feature", "properties": { "内容": "TAO【通所介護】福岡県福岡市南区若久1-17-10YK.BLD　1F", "url": "https://www.kaigokensaku.mhlw.go.jp/40/index.php?action_kouhyou_detail_004_kani=true&JigyosyoCd=4071106142-00&ServiceCd=150&Type=search", "url2": "https://tao-dayservice.sc-site.jp/" }, "geometry": { "type": "Point", "coordinates": [ 130.414395626983662, 33.555888624134603 ] } },
{ "type": "Feature", "properties": { "内容": "ブルーミングケア福岡南【通所介護】福岡県福岡市南区野多目５丁目１０番４７号", "url": "https://www.kaigokensaku.mhlw.go.jp/40/index.php?action_kouhyou_detail_004_kani=true&JigyosyoCd=4071106399-00&ServiceCd=150&Type=search", "url2": "https://hagukumi.studio.site/" }, "geometry": { "type": "Point", "coordinates": [ 130.416281199999986, 33.5421016 ] } },
{ "type": "Feature", "properties": { "内容": "機能回復センター　さかいの樹　南【通所介護】福岡市南区向新町1-14-12-1Ｆ", "url": "https://www.kaigokensaku.mhlw.go.jp/40/index.php?action_kouhyou_detail_004_kani=true&JigyosyoCd=4071102703-00&ServiceCd=150&Type=search", "url2": "http://www/med-sakai.jp" }, "geometry": { "type": "Point", "coordinates": [ 130.428868849073751, 33.542652713391753 ] } },
{ "type": "Feature", "properties": { "内容": "ハートフィールド筑紫丘【通所介護】福岡県福岡市南区向野２丁目１９－２０ヒルサイド筑紫丘", "url": "https://www.kaigokensaku.mhlw.go.jp/40/index.php?action_kouhyou_detail_004_kani=true&JigyosyoCd=4071103198-00&ServiceCd=150&Type=search", "url2": "http://www.hoaloha.co.jp" }, "geometry": { "type": "Point", "coordinates": [ 130.420642600000065, 33.5606552 ] } },
{ "type": "Feature", "properties": { "内容": "元気のふる里デイサービス長丘【通所介護】福岡市南区長丘1-13-18-1F", "url": "https://www.kaigokensaku.mhlw.go.jp/40/index.php?action_kouhyou_detail_004_kani=true&JigyosyoCd=4071106415-00&ServiceCd=150&Type=search", "url2": "https://dayservice.teno-support.co.jp/nagaoka/" }, "geometry": { "type": "Point", "coordinates": [ 130.398007299999989, 33.555547 ] } },
{ "type": "Feature", "properties": { "内容": "元気のふる里デイサービス老司【通所介護】福岡市南区老司3丁目12-18", "url": "https://www.kaigokensaku.mhlw.go.jp/40/index.php?action_kouhyou_detail_004_kani=true&JigyosyoCd=4071106423-00&ServiceCd=150&Type=search", "url2": null }, "geometry": { "type": "Point", "coordinates": [ 130.416289742327876, 33.53474778668658 ] } },
{ "type": "Feature", "properties": { "内容": "デイサービスえがおで寺塚2番館【通所介護】寺塚2丁目11-11", "url": "https://www.kaigokensaku.mhlw.go.jp/40/index.php?action_kouhyou_detail_004_kani=true&JigyosyoCd=4071105078-00&ServiceCd=150&Type=search", "url2": "https://www.egaode-n.com/egao/" }, "geometry": { "type": "Point", "coordinates": [ 130.4037022, 33.5597664 ] } },
{ "type": "Feature", "properties": { "内容": "デイサービス　ひのき【通所介護】福岡県福岡市南区桧原５丁目１番４３号", "url": "https://www.kaigokensaku.mhlw.go.jp/40/index.php?action_kouhyou_detail_004_kani=true&JigyosyoCd=4071101267-00&ServiceCd=150&Type=search", "url2": "www.hinoki-kai.com" }, "geometry": { "type": "Point", "coordinates": [ 130.39352359999998, 33.5367192 ] } },
{ "type": "Feature", "properties": { "内容": "通所介護事業所オリーブの木【通所介護】福岡市南区桧原５丁目１８番１２号", "url": "https://www.kaigokensaku.mhlw.go.jp/40/index.php?action_kouhyou_detail_004_kani=true&JigyosyoCd=4071105250-00&ServiceCd=150&Type=search", "url2": "https://www.olive-hibaru.com/" }, "geometry": { "type": "Point", "coordinates": [ 130.390268399999968, 33.5345943 ] } },
{ "type": "Feature", "properties": { "内容": "デイサービスひょうたん島　高木【通所介護】高木１丁目５－３", "url": "https://www.kaigokensaku.mhlw.go.jp/40/index.php?action_kouhyou_detail_004_kani=true&JigyosyoCd=4071105383-00&ServiceCd=150&Type=search", "url2": null }, "geometry": { "type": "Point", "coordinates": [ 130.4355865, 33.5623388 ] } },
{ "type": "Feature", "properties": { "内容": "デイサービス栞【通所介護】福岡県福岡市南区桧原5-5-23", "url": "https://www.kaigokensaku.mhlw.go.jp/40/index.php?action_kouhyou_detail_004_kani=true&JigyosyoCd=4071105946-00&ServiceCd=150&Type=search", "url2": "https://enikkimonogatari.com" }, "geometry": { "type": "Point", "coordinates": [ 130.392358700594372, 33.536497921809286 ] } },
{ "type": "Feature", "properties": { "内容": "健寿デイサービス周船寺苑【通所介護】福岡県福岡市西区千里418-１ハローパーク周船寺", "url": "https://www.kaigokensaku.mhlw.go.jp/40/index.php?action_kouhyou_detail_004_kani=true&JigyosyoCd=4071202354-00&ServiceCd=150&Type=search", "url2": null }, "geometry": { "type": "Point", "coordinates": [ 130.241668650366591, 33.564448877764725 ] } },
{ "type": "Feature", "properties": { "内容": "さかいの樹　学研都市【通所介護】福岡県福岡市西区北原1丁目5－21", "url": "https://www.kaigokensaku.mhlw.go.jp/40/index.php?action_kouhyou_detail_004_kani=true&JigyosyoCd=4071101499-00&ServiceCd=150&Type=search", "url2": "http://www.med-sakai.jp" }, "geometry": { "type": "Point", "coordinates": [ 130.257564316541959, 33.578334915649073 ] } },
{ "type": "Feature", "properties": { "内容": "七樹苑デイサービスセンター【通所介護】福岡県福岡市西区今宿上ノ原１６番地の１", "url": "https://www.kaigokensaku.mhlw.go.jp/40/index.php?action_kouhyou_detail_004_kani=true&JigyosyoCd=4071200283-00&ServiceCd=150&Type=search", "url2": "http://www.fujinomikai.com" }, "geometry": { "type": "Point", "coordinates": [ 130.283891499999982, 33.5668142 ] } },
{ "type": "Feature", "properties": { "内容": "社会福祉法人今山会寿生苑デイサービスセンター【通所介護】福岡県福岡市西区田尻東3丁目2705-1", "url": "https://www.kaigokensaku.mhlw.go.jp/40/index.php?action_kouhyou_detail_004_kani=true&JigyosyoCd=4071200382-00&ServiceCd=150&Type=search", "url2": "http://www.imayamakai.or.jp/" }, "geometry": { "type": "Point", "coordinates": [ 130.259428399999933, 33.5896662 ] } },
{ "type": "Feature", "properties": { "内容": "日赤大寿園デイサービスセンター【通所介護】福岡県福岡市西区今津520番地", "url": "https://www.kaigokensaku.mhlw.go.jp/40/index.php?action_kouhyou_detail_004_kani=true&JigyosyoCd=4071200408-00&ServiceCd=150&Type=search", "url2": "http://www.taijuen.jrc.or.jp/" }, "geometry": { "type": "Point", "coordinates": [ 130.272480099999939, 33.6016187 ] } },
{ "type": "Feature", "properties": { "内容": "(株)エス・エス・カンパニー生の松原デイサービスセンター【通所介護】福岡県福岡市西区生の松原1-33-1", "url": "https://www.kaigokensaku.mhlw.go.jp/40/index.php?action_kouhyou_detail_004_kani=true&JigyosyoCd=4071200945-00&ServiceCd=150&Type=search", "url2": "http://fukuoka-wajinkai-hp.or.jp/dayservice/index.html" }, "geometry": { "type": "Point", "coordinates": [ 130.293923800000016, 33.579869 ] } },
{ "type": "Feature", "properties": { "内容": "高齢者在宅複合施設　サザンII【通所介護】福岡県福岡市西区拾六町１丁目２６番２２号", "url": "https://www.kaigokensaku.mhlw.go.jp/40/index.php?action_kouhyou_detail_004_kani=true&JigyosyoCd=4071200978-00&ServiceCd=150&Type=search", "url2": "http://www.ogata-sazan.jp" }, "geometry": { "type": "Point", "coordinates": [ 130.31793319999997, 33.5634044 ] } },
{ "type": "Feature", "properties": { "内容": "リハモール福岡デイサービスセンター【通所介護】福岡市西区野方7丁目780番1", "url": "https://www.kaigokensaku.mhlw.go.jp/40/index.php?action_kouhyou_detail_004_kani=true&JigyosyoCd=4071201109-00&ServiceCd=150&Type=search", "url2": "http://reha-mall.or.jp/" }, "geometry": { "type": "Point", "coordinates": [ 130.303917899999988, 33.5577989 ] } },
{ "type": "Feature", "properties": { "内容": "デイサービスフラワーガーデン【通所介護】福岡県福岡市西区拾六町1丁目21番11号", "url": "https://www.kaigokensaku.mhlw.go.jp/40/index.php?action_kouhyou_detail_004_kani=true&JigyosyoCd=4071201463-00&ServiceCd=150&Type=search", "url2": "http://flowergarden-web.com" }, "geometry": { "type": "Point", "coordinates": [ 130.316324900000041, 33.5645126 ] } },
{ "type": "Feature", "properties": { "内容": "姪浜デイサービスセンター【通所介護】福岡県福岡市西区姪浜３丁目１番７号", "url": "https://www.kaigokensaku.mhlw.go.jp/40/index.php?action_kouhyou_detail_004_kani=true&JigyosyoCd=4071201547-00&ServiceCd=150&Type=search", "url2": "http://meinohama.net/" }, "geometry": { "type": "Point", "coordinates": [ 130.327723900000024, 33.5831528 ] } },
{ "type": "Feature", "properties": { "内容": "デイサービスセンターイコロの家　上山門【通所介護】福岡県福岡市西区上山門３丁目１８番２３号", "url": "https://www.kaigokensaku.mhlw.go.jp/40/index.php?action_kouhyou_detail_004_kani=true&JigyosyoCd=4071201646-00&ServiceCd=150&Type=search", "url2": "http://www.souseikai.or.jp" }, "geometry": { "type": "Point", "coordinates": [ 130.297137600000042, 33.5696311 ] } },
{ "type": "Feature", "properties": { "内容": "さわやか野方館デイサービスセンター【通所介護】福岡県福岡市西区野方4-34-1", "url": "https://www.kaigokensaku.mhlw.go.jp/40/index.php?action_kouhyou_detail_004_kani=true&JigyosyoCd=4071201828-00&ServiceCd=150&Type=search", "url2": "http://www.sawayakaclub.jp" }, "geometry": { "type": "Point", "coordinates": [ 130.298593699999969, 33.548744 ] } },
{ "type": "Feature", "properties": { "内容": "スター福祉村デイサービス【通所介護】福岡市西区今津4809-4スター福祉村デイサービス", "url": "https://www.kaigokensaku.mhlw.go.jp/40/index.php?action_kouhyou_detail_004_kani=true&JigyosyoCd=4071202065-00&ServiceCd=150&Type=search", "url2": "https://sf-kaigo.com" }, "geometry": { "type": "Point", "coordinates": [ 130.256061700000032, 33.6077644 ] } },
{ "type": "Feature", "properties": { "内容": "ＪＡ福岡市デイサービスセンターえがお【通所介護】福岡県福岡市西区福重1丁目10-7", "url": "https://www.kaigokensaku.mhlw.go.jp/40/index.php?action_kouhyou_detail_004_kani=true&JigyosyoCd=4071202115-00&ServiceCd=150&Type=search", "url2": null }, "geometry": { "type": "Point", "coordinates": [ 130.323424299999942, 33.5662876 ] } },
{ "type": "Feature", "properties": { "内容": "機能回復センター　さかいの樹　西【通所介護】福岡県福岡市西区上山門1丁目3－3", "url": "https://www.kaigokensaku.mhlw.go.jp/40/index.php?action_kouhyou_detail_004_kani=true&JigyosyoCd=4071202362-00&ServiceCd=150&Type=search", "url2": "http://www.med-sakai.jp" }, "geometry": { "type": "Point", "coordinates": [ 130.3071716, 33.5757894 ] } },
{ "type": "Feature", "properties": { "内容": "デイサービス　おあしす石丸【通所介護】福岡県福岡市西区石丸３丁目２０－８", "url": "https://www.kaigokensaku.mhlw.go.jp/40/index.php?action_kouhyou_detail_004_kani=true&JigyosyoCd=4071202529-00&ServiceCd=150&Type=search", "url2": null }, "geometry": { "type": "Point", "coordinates": [ 130.313338899999962, 33.5722731 ] } },
{ "type": "Feature", "properties": { "内容": "デイサービス杜の樹弐番館【通所介護】福岡県福岡市西区戸切3丁目23番1号", "url": "https://www.kaigokensaku.mhlw.go.jp/40/index.php?action_kouhyou_detail_004_kani=true&JigyosyoCd=4071202636-00&ServiceCd=150&Type=search", "url2": "http://www.care-morinoki.com" }, "geometry": { "type": "Point", "coordinates": [ 130.313969723793406, 33.551862146460401 ] } },
{ "type": "Feature", "properties": { "内容": "かがやきデイサービスセンター【通所介護】今宿町583住宅型有料老人ホーム　サンルーム輝き", "url": "https://www.kaigokensaku.mhlw.go.jp/40/index.php?action_kouhyou_detail_004_kani=true&JigyosyoCd=4071202800-00&ServiceCd=150&Type=search", "url2": "http://www.kisyoukai.jp/" }, "geometry": { "type": "Point", "coordinates": [ 130.267188565884425, 33.572402748313557 ] } },
{ "type": "Feature", "properties": { "内容": "ﾃﾞｲｻｰﾋﾞｽｾﾝﾀｰkukuna【通所介護】福岡市西区今宿東1丁目24-6", "url": "https://www.kaigokensaku.mhlw.go.jp/40/index.php?action_kouhyou_detail_004_kani=true&JigyosyoCd=4071202891-00&ServiceCd=150&Type=search", "url2": "https://kukuna9971.com" }, "geometry": { "type": "Point", "coordinates": [ 130.2735169, 33.5742129 ] } },
{ "type": "Feature", "properties": { "内容": "デイサービス和花【通所介護】西都二丁目16-19", "url": "https://www.kaigokensaku.mhlw.go.jp/40/index.php?action_kouhyou_detail_004_kani=true&JigyosyoCd=4071202909-00&ServiceCd=150&Type=search", "url2": null }, "geometry": { "type": "Point", "coordinates": [ 130.26840984161754, 33.575763223329936 ] } },
{ "type": "Feature", "properties": { "内容": "デイサービスほっとライフ伊都【通所介護】福岡県今宿西１丁目１７番６号ほっとライフ伊都", "url": "https://www.kaigokensaku.mhlw.go.jp/40/index.php?action_kouhyou_detail_004_kani=true&JigyosyoCd=4071202958-00&ServiceCd=150&Type=search", "url2": "www.hottolife.com" }, "geometry": { "type": "Point", "coordinates": [ 130.271152902221274, 33.574972060548262 ] } },
{ "type": "Feature", "properties": { "内容": "デイサービスセンターテラシス桜花イースト【通所介護】姪の浜２丁目２８－４３住宅型有料老人ホーム　テラシス桜花", "url": "https://www.kaigokensaku.mhlw.go.jp/40/index.php?action_kouhyou_detail_004_kani=true&JigyosyoCd=4071203089-00&ServiceCd=150&Type=search", "url2": "http://terrasis-ohka.jp/" }, "geometry": { "type": "Point", "coordinates": [ 130.332725292729151, 33.588233583274906 ] } },
{ "type": "Feature", "properties": { "内容": "デイサービスセンターなのくに【通所介護】福岡県福岡市西区拾六町団地2番18号", "url": "https://www.kaigokensaku.mhlw.go.jp/40/index.php?action_kouhyou_detail_004_kani=true&JigyosyoCd=4071203238-00&ServiceCd=150&Type=search", "url2": "http://www.keitokukai.jp/" }, "geometry": { "type": "Point", "coordinates": [ 130.307717300000036, 33.5659401 ] } },
{ "type": "Feature", "properties": { "内容": "フローシスデイサービス【通所介護】福岡県福岡市西区石丸2丁目39-10", "url": "https://www.kaigokensaku.mhlw.go.jp/40/index.php?action_kouhyou_detail_004_kani=true&JigyosyoCd=4071203485-00&ServiceCd=150&Type=search", "url2": "https://www.frowsisi.jp" }, "geometry": { "type": "Point", "coordinates": [ 130.316711637564794, 33.574939242327261 ] } },
{ "type": "Feature", "properties": { "内容": "デイサービスセンター　いと楽し【通所介護】福岡県福岡市西区徳永北1番52号地域複合福祉センターいと楽し", "url": "https://www.kaigokensaku.mhlw.go.jp/40/index.php?action_kouhyou_detail_004_kani=true&JigyosyoCd=4071203501-00&ServiceCd=150&Type=search", "url2": "http://ito.fukuwel.or.jp/" }, "geometry": { "type": "Point", "coordinates": [ 130.25855956538237, 33.576246549651231 ] } },
{ "type": "Feature", "properties": { "内容": "デイサービスセンターテラシス桜花　ウエスト【通所介護】福岡市西区姪の浜2丁目28-43住宅型有料老人ホーム　テラシス桜花", "url": "https://www.kaigokensaku.mhlw.go.jp/40/index.php?action_kouhyou_detail_004_kani=true&JigyosyoCd=4071203618-00&ServiceCd=150&Type=search", "url2": "http://terrasis-ohka.jp/" }, "geometry": { "type": "Point", "coordinates": [ 130.332729, 33.5883355 ] } },
{ "type": "Feature", "properties": { "内容": "デイサービス咲楽【通所介護】福岡県福岡市西区今宿西1-31-25", "url": "https://www.kaigokensaku.mhlw.go.jp/40/index.php?action_kouhyou_detail_004_kani=true&JigyosyoCd=4071203642-00&ServiceCd=150&Type=search", "url2": "http://www.paradis-care.jp/" }, "geometry": { "type": "Point", "coordinates": [ 130.268845599999963, 33.5750427 ] } },
{ "type": "Feature", "properties": { "内容": "アフィニティーつばきデイサービス【通所介護】福岡県福岡市西区拾六町5丁目16番29号有料老人ホーム　アフィニティーつばき内　1Ｆ", "url": "https://www.kaigokensaku.mhlw.go.jp/40/index.php?action_kouhyou_detail_004_kani=true&JigyosyoCd=4071203683-00&ServiceCd=150&Type=search", "url2": null }, "geometry": { "type": "Point", "coordinates": [ 130.3084199, 33.5698287 ] } },
{ "type": "Feature", "properties": { "内容": "デイサービスセンターえんね【通所介護】拾六町５丁目１８番１０号", "url": "https://www.kaigokensaku.mhlw.go.jp/40/index.php?action_kouhyou_detail_004_kani=true&JigyosyoCd=4071203766-00&ServiceCd=150&Type=search", "url2": null }, "geometry": { "type": "Point", "coordinates": [ 130.309417100000019, 33.5707703 ] } },
{ "type": "Feature", "properties": { "内容": "グランユニライフデイサービスセンター福岡周船寺【通所介護】福岡県福岡市西区周船寺3丁目6-35グランヴィル鳳凰館福岡周船寺2階", "url": "https://www.kaigokensaku.mhlw.go.jp/40/index.php?action_kouhyou_detail_004_kani=true&JigyosyoCd=4071203808-00&ServiceCd=150&Type=search", "url2": "https://grand-maison.jp/" }, "geometry": { "type": "Point", "coordinates": [ 130.249093600000037, 33.574239400000032 ] } },
{ "type": "Feature", "properties": { "内容": "デイサービスほっとライフ今宿【通所介護】今宿3丁目28番8号サービス付き高齢者向け住宅ほっとライフ今宿", "url": "https://www.kaigokensaku.mhlw.go.jp/40/index.php?action_kouhyou_detail_004_kani=true&JigyosyoCd=4071203964-00&ServiceCd=150&Type=search", "url2": "www.hottolife.com" }, "geometry": { "type": "Point", "coordinates": [ 130.268904696062719, 33.578735219434009 ] } },
{ "type": "Feature", "properties": { "内容": "高齢者在宅複合施設サザン３【通所介護】福岡県福岡市西区橋本1丁目34番40号", "url": "https://www.kaigokensaku.mhlw.go.jp/40/index.php?action_kouhyou_detail_004_kani=true&JigyosyoCd=4071204020-00&ServiceCd=150&Type=search", "url2": "https://www.ogata-sazan.jp/" }, "geometry": { "type": "Point", "coordinates": [ 130.3252525, 33.5626813 ] } },
{ "type": "Feature", "properties": { "内容": "ツクイ福岡小戸【通所介護】福岡県福岡市西区小戸4-28-7", "url": "https://www.kaigokensaku.mhlw.go.jp/40/index.php?action_kouhyou_detail_004_kani=true&JigyosyoCd=4071204061-00&ServiceCd=150&Type=search", "url2": null }, "geometry": { "type": "Point", "coordinates": [ 130.314672693254096, 33.583115197180319 ] } },
{ "type": "Feature", "properties": { "内容": "レッツ倶楽部野方【通所介護】福岡県福岡市西区野方1-2-2エリオント店舗A号・B号", "url": "https://www.kaigokensaku.mhlw.go.jp/40/index.php?action_kouhyou_detail_004_kani=true&JigyosyoCd=4071204152-00&ServiceCd=150&Type=search", "url2": "https://www.lets-club.jp/shop/nokata/index.html" }, "geometry": { "type": "Point", "coordinates": [ 130.310880256483472, 33.562208278203926 ] } },
{ "type": "Feature", "properties": { "内容": "ケアライフ野方デイサービスセンター【通所介護】福岡県福岡市西区野方1丁目13番1", "url": "https://www.kaigokensaku.mhlw.go.jp/40/index.php?action_kouhyou_detail_004_kani=true&JigyosyoCd=4071204251-00&ServiceCd=150&Type=search", "url2": "https://bestlife1165.com/" }, "geometry": { "type": "Point", "coordinates": [ 130.3102984, 33.5574967 ] } },
{ "type": "Feature", "properties": { "内容": "ホーオンデイサービスセンター【通所介護】福岡市西区野方6丁目18-3報恩の郷西の丘", "url": "https://www.kaigokensaku.mhlw.go.jp/40/index.php?action_kouhyou_detail_004_kani=true&JigyosyoCd=4071401808-00&ServiceCd=150&Type=search", "url2": null }, "geometry": { "type": "Point", "coordinates": [ 130.336442900000065, 33.5688288 ] } },
{ "type": "Feature", "properties": { "内容": "あおぞらの里福岡西デイサービスセンター【通所介護】福岡県福岡市西区野方１丁目１６番３８号", "url": "https://www.kaigokensaku.mhlw.go.jp/40/index.php?action_kouhyou_detail_004_kani=true&JigyosyoCd=4071200853-00&ServiceCd=150&Type=search", "url2": "http://www.cedar-group.co.jp" }, "geometry": { "type": "Point", "coordinates": [ 130.311722799999984, 33.5585518 ] } },
{ "type": "Feature", "properties": { "内容": "デイサービス　　涼の杜【通所介護】福岡市西区女原　３２０－１４", "url": "https://www.kaigokensaku.mhlw.go.jp/40/index.php?action_kouhyou_detail_004_kani=true&JigyosyoCd=4071202040-00&ServiceCd=150&Type=search", "url2": "http://www.ryonomori.com/" }, "geometry": { "type": "Point", "coordinates": [ 130.262159500000053, 33.5683044 ] } },
{ "type": "Feature", "properties": { "内容": "通所介護事業所　かりん【通所介護】福岡市西区戸切2丁目13-27", "url": "https://www.kaigokensaku.mhlw.go.jp/40/index.php?action_kouhyou_detail_004_kani=true&JigyosyoCd=4071202875-00&ServiceCd=150&Type=search", "url2": null }, "geometry": { "type": "Point", "coordinates": [ 130.316230799999971, 33.5544244 ] } },
{ "type": "Feature", "properties": { "内容": "拾六町デイサービスセンター【通所介護】福岡市西区拾六町団地4番3号", "url": "https://www.kaigokensaku.mhlw.go.jp/40/index.php?action_kouhyou_detail_004_kani=true&JigyosyoCd=4071200226-00&ServiceCd=150&Type=search", "url2": "http://rekishinosato.jp/publics/index/1/" }, "geometry": { "type": "Point", "coordinates": [ 130.3066119, 33.5643568 ] } },
{ "type": "Feature", "properties": { "内容": "デイサービスセンター　のこ清和園【通所介護】福岡県福岡市西区能古新開777番地1", "url": "https://www.kaigokensaku.mhlw.go.jp/40/index.php?action_kouhyou_detail_004_kani=true&JigyosyoCd=4071201596-00&ServiceCd=150&Type=search", "url2": "http://www.seiwaen-care.jp/" }, "geometry": { "type": "Point", "coordinates": [ 130.307205599999946, 33.6103054 ] } },
{ "type": "Feature", "properties": { "内容": "デイサービス　ひいの邱【通所介護】樋井川４丁目９－１５", "url": "https://www.kaigokensaku.mhlw.go.jp/40/index.php?action_kouhyou_detail_004_kani=true&JigyosyoCd=4071301578-00&ServiceCd=150&Type=search", "url2": "http://www.asahi-net.or.jp/~uj5k-isbs/hiino-oka/index.html" }, "geometry": { "type": "Point", "coordinates": [ 130.38648749999993, 33.5455931 ] } },
{ "type": "Feature", "properties": { "内容": "さかいの樹　七隈【通所介護】七隈8丁目6-28101", "url": "https://www.kaigokensaku.mhlw.go.jp/40/index.php?action_kouhyou_detail_004_kani=true&JigyosyoCd=4071301636-00&ServiceCd=150&Type=search", "url2": null }, "geometry": { "type": "Point", "coordinates": [ 130.363933200000019, 33.5528971 ] } },
{ "type": "Feature", "properties": { "内容": "デイサービスながおの郷【通所介護】福岡県福岡市城南区樋井川4丁目4番21号サービス付き高齢者向け住宅ながおの郷", "url": "https://www.kaigokensaku.mhlw.go.jp/40/index.php?action_kouhyou_detail_004_kani=true&JigyosyoCd=4071302386-00&ServiceCd=150&Type=search", "url2": "http://www．asahi⁻net．or．jp/~uj⑤k⁻isbs/hiino⁻oka/" }, "geometry": { "type": "Point", "coordinates": [ 130.387222, 33.5453497 ] } },
{ "type": "Feature", "properties": { "内容": "天然温泉デイサービス夢つばき【通所介護】福岡市城南区大字東油山字黒の原４９９番地１６", "url": "https://www.kaigokensaku.mhlw.go.jp/40/index.php?action_kouhyou_detail_004_kani=true&JigyosyoCd=4071300224-00&ServiceCd=150&Type=search", "url2": "http://www.fukusikai.or.jp" }, "geometry": { "type": "Point", "coordinates": [ 130.369976400000041, 33.5756863 ] } },
{ "type": "Feature", "properties": { "内容": "油山緑寿園　デイサービスセンター【通所介護】福岡県福岡市城南区南片江４－１４－１", "url": "https://www.kaigokensaku.mhlw.go.jp/40/index.php?action_kouhyou_detail_004_kani=true&JigyosyoCd=4071300265-00&ServiceCd=150&Type=search", "url2": "http://www.mycaregarden.jp/jyounanfk/" }, "geometry": { "type": "Point", "coordinates": [ 130.3748554, 33.5359716 ] } },
{ "type": "Feature", "properties": { "内容": "シティ・デイサービス神松寺【通所介護】福岡市城南区神松寺1丁目7番1号", "url": "https://www.kaigokensaku.mhlw.go.jp/40/index.php?action_kouhyou_detail_004_kani=true&JigyosyoCd=4071300315-00&ServiceCd=150&Type=search", "url2": "http://www.citycare.jp" }, "geometry": { "type": "Point", "coordinates": [ 130.3753044, 33.5567303 ] } },
{ "type": "Feature", "properties": { "内容": "白熊園デイサービスセンター【通所介護】福岡市城南区別府7丁目5番45号", "url": "https://www.kaigokensaku.mhlw.go.jp/40/index.php?action_kouhyou_detail_004_kani=true&JigyosyoCd=4071300901-00&ServiceCd=150&Type=search", "url2": "http://hakuyuu.or.jp/" }, "geometry": { "type": "Point", "coordinates": [ 130.368262800000025, 33.5693091 ] } },
{ "type": "Feature", "properties": { "内容": "株式会社ケアリング　城南支店　ケアリングデイサービス城南【通所介護】福岡市城南区片江1-20-10", "url": "https://www.kaigokensaku.mhlw.go.jp/40/index.php?action_kouhyou_detail_004_kani=true&JigyosyoCd=4071301099-00&ServiceCd=150&Type=search", "url2": "https://www.caring.jp" }, "geometry": { "type": "Point", "coordinates": [ 130.377930579762307, 33.551266765296077 ] } },
{ "type": "Feature", "properties": { "内容": "デイサービスめおといわ「おおぞら」【通所介護】福岡市城南区松山2-8-3医療法人社団誠仁会　地域包括ケアセンター松山", "url": "https://www.kaigokensaku.mhlw.go.jp/40/index.php?action_kouhyou_detail_004_kani=true&JigyosyoCd=4071301511-00&ServiceCd=150&Type=search", "url2": "http://www.meotoiwa.com/carematsuyama/" }, "geometry": { "type": "Point", "coordinates": [ 130.36426640000002, 33.5562994 ] } },
{ "type": "Feature", "properties": { "内容": "みどりの風デイサービスセンター長尾【通所介護】福岡県福岡市城南区長尾4丁目3-26", "url": "https://www.kaigokensaku.mhlw.go.jp/40/index.php?action_kouhyou_detail_004_kani=true&JigyosyoCd=4071301693-00&ServiceCd=150&Type=search", "url2": "https://www.solasto-carenetwork.com/" }, "geometry": { "type": "Point", "coordinates": [ 130.384755899999988, 33.5540807 ] } },
{ "type": "Feature", "properties": { "内容": "進藤整形外科　すずらん片江の丘【通所介護】福岡市城南区西片江2-13-1", "url": "https://www.kaigokensaku.mhlw.go.jp/40/index.php?action_kouhyou_detail_004_kani=true&JigyosyoCd=4071301826-00&ServiceCd=150&Type=search", "url2": "https://www.shintou-clinic.jp/" }, "geometry": { "type": "Point", "coordinates": [ 130.364078, 33.5429844 ] } },
{ "type": "Feature", "properties": { "内容": "進藤整形外科グランジュテなの花【通所介護】福岡県福岡市城南区西片江2丁目13-5サービス付き高齢者住宅　グランジュテなの花", "url": "https://www.kaigokensaku.mhlw.go.jp/40/index.php?action_kouhyou_detail_004_kani=true&JigyosyoCd=4071301834-00&ServiceCd=150&Type=search", "url2": "https://www.shinntou-clinic.jp" }, "geometry": { "type": "Point", "coordinates": [ 130.364241900000025, 33.5428677 ] } },
{ "type": "Feature", "properties": { "内容": "デイサービス　おあしす市民の森【通所介護】福岡県福岡市城南区東油山4丁目2－18", "url": "https://www.kaigokensaku.mhlw.go.jp/40/index.php?action_kouhyou_detail_004_kani=true&JigyosyoCd=4071302113-00&ServiceCd=150&Type=search", "url2": null }, "geometry": { "type": "Point", "coordinates": [ 130.380541200000039, 33.535349600000018 ] } },
{ "type": "Feature", "properties": { "内容": "グランジュテなの花弐番館デイサービス【通所介護】茶山２丁目１５番２２号", "url": "https://www.kaigokensaku.mhlw.go.jp/40/index.php?action_kouhyou_detail_004_kani=true&JigyosyoCd=4071302279-00&ServiceCd=150&Type=search", "url2": "www.shintou-clinic.jp" }, "geometry": { "type": "Point", "coordinates": [ 130.3670965, 33.5635014 ] } },
{ "type": "Feature", "properties": { "内容": "Let‘ｓリハ神松寺【通所介護】福岡県福岡市城南区神松寺2丁目１１－５", "url": "https://www.kaigokensaku.mhlw.go.jp/40/index.php?action_kouhyou_detail_004_kani=true&JigyosyoCd=4071302345-00&ServiceCd=150&Type=search", "url2": "http://medi-home.info/" }, "geometry": { "type": "Point", "coordinates": [ 130.3775544, 33.5534946 ] } },
{ "type": "Feature", "properties": { "内容": "医療法人高宮外科内科医院　ケアセンターわかば【通所介護】福岡県福岡市城南区樋井川6丁目15-1高宮外科内科医院　ケアセンターわかば", "url": "https://www.kaigokensaku.mhlw.go.jp/40/index.php?action_kouhyou_detail_004_kani=true&JigyosyoCd=4071302402-00&ServiceCd=150&Type=search", "url2": null }, "geometry": { "type": "Point", "coordinates": [ 130.385249, 33.5411658 ] } },
{ "type": "Feature", "properties": { "内容": "城南の杜デイサービスセンター【通所介護】福岡県福岡市城南区梅林3丁目10番8号", "url": "https://www.kaigokensaku.mhlw.go.jp/40/index.php?action_kouhyou_detail_004_kani=true&JigyosyoCd=4071302428-00&ServiceCd=150&Type=search", "url2": "http://www.keishinkai-s.or.jp/" }, "geometry": { "type": "Point", "coordinates": [ 130.356492300000014, 33.5478613 ] } },
{ "type": "Feature", "properties": { "内容": "医療法人社団　江頭会　さくら病院　通所デイサービス　アドバンスケア長尾【通所介護】福岡県福岡市城南区長尾１丁目１９番２４号", "url": "https://www.kaigokensaku.mhlw.go.jp/40/index.php?action_kouhyou_detail_004_kani=true&JigyosyoCd=4071302451-00&ServiceCd=150&Type=search", "url2": null }, "geometry": { "type": "Point", "coordinates": [ 130.377973500000053, 33.5600633 ] } },
{ "type": "Feature", "properties": { "内容": "アップルハート別府デイサービスセンター【通所介護】福岡県福岡市城南区別府4-12-23カルナス別府１F", "url": "https://www.kaigokensaku.mhlw.go.jp/40/index.php?action_kouhyou_detail_004_kani=true&JigyosyoCd=4071302519-00&ServiceCd=150&Type=search", "url2": "http://www.aso-group.co.jp/ams/" }, "geometry": { "type": "Point", "coordinates": [ 130.362884948410027, 33.574829895697491 ] } },
{ "type": "Feature", "properties": { "内容": "ツクイ福岡南片江【通所介護】福岡県福岡市城南区南片江3丁目15番1号ツクイ福岡南片江", "url": "https://www.kaigokensaku.mhlw.go.jp/40/index.php?action_kouhyou_detail_004_kani=true&JigyosyoCd=4071302584-00&ServiceCd=150&Type=search", "url2": "https://corp.tsukui.net/" }, "geometry": { "type": "Point", "coordinates": [ 130.373310300000014, 33.5405108 ] } },
{ "type": "Feature", "properties": { "内容": "ウエストライフ南片江　デイサービスセンター【通所介護】福岡県福岡市城南区南片江6丁目12番1号ウエストライフ南片江", "url": "https://www.kaigokensaku.mhlw.go.jp/40/index.php?action_kouhyou_detail_004_kani=true&JigyosyoCd=4071302600-00&ServiceCd=150&Type=search", "url2": "https://www.saibugasls.co.jp/w_minamikatae/index.html" }, "geometry": { "type": "Point", "coordinates": [ 130.370788333065832, 33.544128162725713 ] } },
{ "type": "Feature", "properties": { "内容": "グランジュテなの花参番館【通所介護】福岡市城南区片江5-14-15", "url": "https://www.kaigokensaku.mhlw.go.jp/40/index.php?action_kouhyou_detail_004_kani=true&JigyosyoCd=4071302659-00&ServiceCd=150&Type=search", "url2": "https://www.shintou-clinic.jp" }, "geometry": { "type": "Point", "coordinates": [ 130.3682595, 33.547795 ] } },
{ "type": "Feature", "properties": { "内容": "デイサービスたいよう油山館【通所介護】東油山4-7-45", "url": "https://www.kaigokensaku.mhlw.go.jp/40/index.php?action_kouhyou_detail_004_kani=true&JigyosyoCd=4071302782-00&ServiceCd=150&Type=search", "url2": "https://www.taiyouhome.com/" }, "geometry": { "type": "Point", "coordinates": [ 130.379335, 33.5341532 ] } },
{ "type": "Feature", "properties": { "内容": "デイサービス片江のたいよう【通所介護】福岡県福岡市城南区南片江2-13-25", "url": "https://www.kaigokensaku.mhlw.go.jp/40/index.php?action_kouhyou_detail_004_kani=true&JigyosyoCd=4071302840-00&ServiceCd=150&Type=search", "url2": "https://wwwtaiyouhome.com/institution/122" }, "geometry": { "type": "Point", "coordinates": [ 130.3737576, 33.5411729 ] } },
{ "type": "Feature", "properties": { "内容": "医療法人社団江頭会　さくら病院　デイサービスセンター　マイライフさくら【通所介護】福岡県福岡市城南区片江４丁目１６番１０号", "url": "https://www.kaigokensaku.mhlw.go.jp/40/index.php?action_kouhyou_detail_004_kani=true&JigyosyoCd=4071302873-00&ServiceCd=150&Type=search", "url2": "https://mylife-sakura.com" }, "geometry": { "type": "Point", "coordinates": [ 130.370550400000013, 33.5469163 ] } },
{ "type": "Feature", "properties": { "内容": "天然温泉デイサービス夢ひびき【通所介護】福岡県福岡市城南区東油山499番地1", "url": "https://www.kaigokensaku.mhlw.go.jp/40/index.php?action_kouhyou_detail_004_kani=true&JigyosyoCd=4071302964-00&ServiceCd=150&Type=search", "url2": "https://www.fukusikai.or.jp/" }, "geometry": { "type": "Point", "coordinates": [ 130.375393456000097, 33.527092975196645 ] } },
{ "type": "Feature", "properties": { "内容": "デイサービス　原さん家【通所介護】梅林５丁目５２−１０", "url": "https://www.kaigokensaku.mhlw.go.jp/40/index.php?action_kouhyou_detail_004_kani=true&JigyosyoCd=4071302972-00&ServiceCd=150&Type=search", "url2": "https://www.fukushiseikyou.jp" }, "geometry": { "type": "Point", "coordinates": [ 130.3491133, 33.5448569 ] } },
{ "type": "Feature", "properties": { "内容": "癒しのデイサービス油山【通所介護】福岡県福岡市城南区東油山3-21-13", "url": "https://www.kaigokensaku.mhlw.go.jp/40/index.php?action_kouhyou_detail_004_kani=true&JigyosyoCd=4071301255-00&ServiceCd=150&Type=search", "url2": "http://www.riei.co.jp" }, "geometry": { "type": "Point", "coordinates": [ 130.37929680000002, 33.5359106 ] } },
{ "type": "Feature", "properties": { "内容": "デイサービス　ひいの邱【通所介護】福岡市城南区樋井川4丁目9番15号", "url": "https://www.kaigokensaku.mhlw.go.jp/40/index.php?action_kouhyou_detail_004_kani=true&JigyosyoCd=4071302899-00&ServiceCd=150&Type=search", "url2": "https://nice-comfort.jp/" }, "geometry": { "type": "Point", "coordinates": [ 130.3865446, 33.5455048 ] } },
{ "type": "Feature", "properties": { "内容": "デイサービス　ながおの郷【通所介護】福岡市城南区樋井川4丁目4-21", "url": "https://www.kaigokensaku.mhlw.go.jp/40/index.php?action_kouhyou_detail_004_kani=true&JigyosyoCd=4071302915-00&ServiceCd=150&Type=search", "url2": "https://nice-comfort.jp/" }, "geometry": { "type": "Point", "coordinates": [ 130.38722580000001, 33.5452583 ] } },
{ "type": "Feature", "properties": { "内容": "ケアタウン茶山デイサービスセンター【通所介護】福岡県福岡市城南区茶山3丁目9番1号", "url": "https://www.kaigokensaku.mhlw.go.jp/40/index.php?action_kouhyou_detail_004_kani=true&JigyosyoCd=4071302477-00&ServiceCd=150&Type=search", "url2": "https://chayama.fukusiminsei.or.jp/" }, "geometry": { "type": "Point", "coordinates": [ 130.365194, 33.560835 ] } },
{ "type": "Feature", "properties": { "内容": "デイサービス　梅の実【通所介護】梅林5丁目21-12", "url": "https://www.kaigokensaku.mhlw.go.jp/40/index.php?action_kouhyou_detail_004_kani=true&JigyosyoCd=4071302253-00&ServiceCd=150&Type=search", "url2": "https://www.hcs-lakeside2.com/" }, "geometry": { "type": "Point", "coordinates": [ 136.768105900000023, 35.4181379 ] } },
{ "type": "Feature", "properties": { "内容": "ブルーミングケア福岡城南【通所介護】梅林三丁目21番11号", "url": "https://www.kaigokensaku.mhlw.go.jp/40/index.php?action_kouhyou_detail_004_kani=true&JigyosyoCd=4071302758-00&ServiceCd=150&Type=search", "url2": null }, "geometry": { "type": "Point", "coordinates": [ 130.3548705, 33.5487865 ] } },
{ "type": "Feature", "properties": { "内容": "さかいの樹　七隈【通所介護】七隈8丁目6-28ルアール七隈1B", "url": "https://www.kaigokensaku.mhlw.go.jp/40/index.php?action_kouhyou_detail_004_kani=true&JigyosyoCd=4071303046-00&ServiceCd=150&Type=search", "url2": "https://www.med-sakai.jp" }, "geometry": { "type": "Point", "coordinates": [ 130.364006499999988, 33.5527928 ] } },
{ "type": "Feature", "properties": { "内容": "有限会社お茶の間デイサービス【通所介護】福岡県福岡市早良区次郎丸2丁目2番地13号", "url": "https://www.kaigokensaku.mhlw.go.jp/40/index.php?action_kouhyou_detail_004_kani=true&JigyosyoCd=4071402525-00&ServiceCd=150&Type=search", "url2": null }, "geometry": { "type": "Point", "coordinates": [ 130.331661700000012, 33.5557687 ] } },
{ "type": "Feature", "properties": { "内容": "デイサービスきたえるーむ福岡昭代【通所介護】福岡県福岡市早良区昭代3丁目7-33", "url": "https://www.kaigokensaku.mhlw.go.jp/40/index.php?action_kouhyou_detail_004_kani=true&JigyosyoCd=4071404349-00&ServiceCd=150&Type=search", "url2": "http://kitaeroom.com/" }, "geometry": { "type": "Point", "coordinates": [ 130.350791594584706, 33.574796611089006 ] } },
{ "type": "Feature", "properties": { "内容": "デイサービスセンター菜根亭【通所介護】福岡県福岡市早良区田隈2丁目20番1号デイサービスセンター菜根亭", "url": "https://www.kaigokensaku.mhlw.go.jp/40/index.php?action_kouhyou_detail_004_kani=true&JigyosyoCd=4071401022-00&ServiceCd=150&Type=search", "url2": "http://www.support-fukutoku-g.com/" }, "geometry": { "type": "Point", "coordinates": [ 130.335918600000014, 33.5457585 ] } },
{ "type": "Feature", "properties": { "内容": "デイサービスセンター　やまびこの風【通所介護】田村1-8-10", "url": "https://www.kaigokensaku.mhlw.go.jp/40/index.php?action_kouhyou_detail_004_kani=true&JigyosyoCd=4071403465-00&ServiceCd=150&Type=search", "url2": "http://www.interrace.jp" }, "geometry": { "type": "Point", "coordinates": [ 130.326929175807209, 33.543008312722755 ] } },
{ "type": "Feature", "properties": { "内容": "デイサービスセンター桜華苑【通所介護】福岡市早良区有田1丁目28-21", "url": "https://www.kaigokensaku.mhlw.go.jp/40/index.php?action_kouhyou_detail_004_kani=true&JigyosyoCd=4071201885-00&ServiceCd=150&Type=search", "url2": null }, "geometry": { "type": "Point", "coordinates": [ 130.338511899999958, 33.5898796 ] } },
{ "type": "Feature", "properties": { "内容": "社会福祉法人　楽天堂　恵風苑デイサービスセンター【通所介護】福岡県福岡市早良区内野7丁目２５－１０", "url": "https://www.kaigokensaku.mhlw.go.jp/40/index.php?action_kouhyou_detail_004_kani=true&JigyosyoCd=4071400263-00&ServiceCd=150&Type=search", "url2": "http://www.keifuuen.jp/" }, "geometry": { "type": "Point", "coordinates": [ 130.343736199999967, 33.4937243 ] } },
{ "type": "Feature", "properties": { "内容": "野芥デイサービスセンター【通所介護】福岡市早良区野芥4丁目３１－４", "url": "https://www.kaigokensaku.mhlw.go.jp/40/index.php?action_kouhyou_detail_004_kani=true&JigyosyoCd=4071400420-00&ServiceCd=150&Type=search", "url2": "noke@rapid.ocn.ne.jp" }, "geometry": { "type": "Point", "coordinates": [ 130.346401499999956, 33.5390705 ] } },
{ "type": "Feature", "properties": { "内容": "デイサービスセンター　香楠荘【通所介護】福岡県福岡市早良区東入部２丁目１６番１７号", "url": "https://www.kaigokensaku.mhlw.go.jp/40/index.php?action_kouhyou_detail_004_kani=true&JigyosyoCd=4071400487-00&ServiceCd=150&Type=search", "url2": "http://www.kounansou.jp" }, "geometry": { "type": "Point", "coordinates": [ 130.336160699999937, 33.51728 ] } },
{ "type": "Feature", "properties": { "内容": "スターフィールドデイサービスセンター【通所介護】福岡市早良区小田部１丁目１０－９", "url": "https://www.kaigokensaku.mhlw.go.jp/40/index.php?action_kouhyou_detail_004_kani=true&JigyosyoCd=4071400719-00&ServiceCd=150&Type=search", "url2": "https:sf-kaigo.com/" }, "geometry": { "type": "Point", "coordinates": [ 130.3367151, 33.5679816 ] } },
{ "type": "Feature", "properties": { "内容": "デイサービスおあしすありた【通所介護】福岡県福岡市早良区有田6丁目2-5", "url": "https://www.kaigokensaku.mhlw.go.jp/40/index.php?action_kouhyou_detail_004_kani=true&JigyosyoCd=4071401071-00&ServiceCd=150&Type=search", "url2": "http://www.nakayama-seikei.net/kaigo/index/3" }, "geometry": { "type": "Point", "coordinates": [ 130.332510100000036, 33.559113 ] } },
{ "type": "Feature", "properties": { "内容": "サンシャインプラザデイサービスセンター【通所介護】福岡市早良区田村2丁目15番2号", "url": "https://www.kaigokensaku.mhlw.go.jp/40/index.php?action_kouhyou_detail_004_kani=true&JigyosyoCd=4071401345-00&ServiceCd=150&Type=search", "url2": "http://sunshine-plaza.or.jp/sun_plaza/" }, "geometry": { "type": "Point", "coordinates": [ 130.332327099999929, 33.5461973 ] } },
{ "type": "Feature", "properties": { "内容": "デイサービスセンターけやき【通所介護】福岡市早良区荒江３丁目２０番１号", "url": "https://www.kaigokensaku.mhlw.go.jp/40/index.php?action_kouhyou_detail_004_kani=true&JigyosyoCd=4071401626-00&ServiceCd=150&Type=search", "url2": "https://seiwakai-care.jp/" }, "geometry": { "type": "Point", "coordinates": [ 130.351347499999946, 33.570256 ] } },
{ "type": "Feature", "properties": { "内容": "デイサービスセンターツーハーツ【通所介護】福岡市　早良区　次郎丸5丁目　18番　28号", "url": "https://www.kaigokensaku.mhlw.go.jp/40/index.php?action_kouhyou_detail_004_kani=true&JigyosyoCd=4071402285-00&ServiceCd=150&Type=search", "url2": "http://www.kousei-kai.org/twoherts/" }, "geometry": { "type": "Point", "coordinates": [ 130.331404900000052, 33.546975 ] } },
{ "type": "Feature", "properties": { "内容": "デイサービスセンター　アソシエ南庄【通所介護】福岡市早良区南庄1丁目18－3", "url": "https://www.kaigokensaku.mhlw.go.jp/40/index.php?action_kouhyou_detail_004_kani=true&JigyosyoCd=4071402376-00&ServiceCd=150&Type=search", "url2": "http://www.associe-group.jp" }, "geometry": { "type": "Point", "coordinates": [ 130.34100920000003, 33.5731644 ] } },
{ "type": "Feature", "properties": { "内容": "社会福祉法人　創生会　デイサービスセンター　イコロの家　賀茂【通所介護】福岡県福岡市早良区賀茂３丁目１５－１３", "url": "https://www.kaigokensaku.mhlw.go.jp/40/index.php?action_kouhyou_detail_004_kani=true&JigyosyoCd=4071402798-00&ServiceCd=150&Type=search", "url2": null }, "geometry": { "type": "Point", "coordinates": [ 130.338357299999984, 33.547875 ] } },
{ "type": "Feature", "properties": { "内容": "ニチイケアセンター星の原【通所介護】福岡県福岡市早良区原8丁目36番13号", "url": "https://www.kaigokensaku.mhlw.go.jp/40/index.php?action_kouhyou_detail_004_kani=true&JigyosyoCd=4071403051-00&ServiceCd=150&Type=search", "url2": "http://www.nichii-kaigo.jp/base/base-result/05N84/" }, "geometry": { "type": "Point", "coordinates": [ 130.341870699999959, 33.5575797 ] } },
{ "type": "Feature", "properties": { "内容": "デイサービス　花音【通所介護】福岡市早良区四箇２－１５－１２", "url": "https://www.kaigokensaku.mhlw.go.jp/40/index.php?action_kouhyou_detail_004_kani=true&JigyosyoCd=4071403275-00&ServiceCd=150&Type=search", "url2": null }, "geometry": { "type": "Point", "coordinates": [ 130.327914, 33.5306235 ] } },
{ "type": "Feature", "properties": { "内容": "西新デイサービスセンター【通所介護】高取1-5-6レジデンス西新セスト", "url": "https://www.kaigokensaku.mhlw.go.jp/40/index.php?action_kouhyou_detail_004_kani=true&JigyosyoCd=4071403325-00&ServiceCd=150&Type=search", "url2": "nisijin_dsc@yahoo.co.jp" }, "geometry": { "type": "Point", "coordinates": [ 130.354116500000032, 33.58069660000001 ] } },
{ "type": "Feature", "properties": { "内容": "エフコープデイサービスりんご庵次郎丸【通所介護】福岡県福岡市早良区次郎丸４丁目１０－４９", "url": "https://www.kaigokensaku.mhlw.go.jp/40/index.php?action_kouhyou_detail_004_kani=true&JigyosyoCd=4071403648-00&ServiceCd=150&Type=search", "url2": "fcoop.or.jp" }, "geometry": { "type": "Point", "coordinates": [ 130.327596800000038, 33.5476972 ] } },
{ "type": "Feature", "properties": { "内容": "SJR高取デイサービスセンター【通所介護】福岡市早良区昭代三丁目7番40号SJR高取　1階", "url": "https://www.kaigokensaku.mhlw.go.jp/40/index.php?action_kouhyou_detail_004_kani=true&JigyosyoCd=4071403788-00&ServiceCd=150&Type=search", "url2": "http://sjr-jr.co.jp/takatori/" }, "geometry": { "type": "Point", "coordinates": [ 130.3517766, 33.574567 ] } },
{ "type": "Feature", "properties": { "内容": "株式会社　優掌【通所介護】田村1-5-16", "url": "https://www.kaigokensaku.mhlw.go.jp/40/index.php?action_kouhyou_detail_004_kani=true&JigyosyoCd=4071404109-00&ServiceCd=150&Type=search", "url2": "www.hohoemi-fukuoka.com" }, "geometry": { "type": "Point", "coordinates": [ 130.3280191, 33.5438919 ] } },
{ "type": "Feature", "properties": { "内容": "第２野芥デイサービスセンター【通所介護】福岡県福岡市早良区田村５丁目１０－１０", "url": "https://www.kaigokensaku.mhlw.go.jp/40/index.php?action_kouhyou_detail_004_kani=true&JigyosyoCd=4071404315-00&ServiceCd=150&Type=search", "url2": "http://www.noke-ds.org/" }, "geometry": { "type": "Point", "coordinates": [ 130.33523, 33.5387285 ] } },
{ "type": "Feature", "properties": { "内容": "デイサービスセンター　ラ･ポール有田【通所介護】福岡県福岡市早良区有田7丁目2-4", "url": "https://www.kaigokensaku.mhlw.go.jp/40/index.php?action_kouhyou_detail_004_kani=true&JigyosyoCd=4071404364-00&ServiceCd=150&Type=search", "url2": "https://a-mizuhokai.jp/" }, "geometry": { "type": "Point", "coordinates": [ 130.329626800000028, 33.564046 ] } },
{ "type": "Feature", "properties": { "内容": "西新デイサービスセンターnext【通所介護】福岡県福岡市早良区西新5丁目14番27号キルンズ西新1F", "url": "https://www.kaigokensaku.mhlw.go.jp/40/index.php?action_kouhyou_detail_004_kani=true&JigyosyoCd=4071404398-00&ServiceCd=150&Type=search", "url2": null }, "geometry": { "type": "Point", "coordinates": [ 130.354548099999988, 33.5805968 ] } },
{ "type": "Feature", "properties": { "内容": "ツクイ福岡早良【通所介護】福岡県福岡市早良区原４丁目18-25", "url": "https://www.kaigokensaku.mhlw.go.jp/40/index.php?action_kouhyou_detail_004_kani=true&JigyosyoCd=4071404596-00&ServiceCd=150&Type=search", "url2": "https://www.tsukui.net/company/message.html" }, "geometry": { "type": "Point", "coordinates": [ 130.338351, 33.569273 ] } },
{ "type": "Feature", "properties": { "内容": "レッツ倶楽部高取【通所介護】福岡県福岡市早良区高取1-1-15-101ビエンナーレ高取", "url": "https://www.kaigokensaku.mhlw.go.jp/40/index.php?action_kouhyou_detail_004_kani=true&JigyosyoCd=4071404851-00&ServiceCd=150&Type=search", "url2": "https://www.lets-club.jp/shop/takatori/" }, "geometry": { "type": "Point", "coordinates": [ 130.3531791, 33.5816163 ] } },
{ "type": "Feature", "properties": { "内容": "デイサービスセンターやまびこの風【通所介護】福岡県福岡市早良区田村1-8-10", "url": "https://www.kaigokensaku.mhlw.go.jp/40/index.php?action_kouhyou_detail_004_kani=true&JigyosyoCd=4071405056-00&ServiceCd=150&Type=search", "url2": "https://www.s-brillant.co.jp/" }, "geometry": { "type": "Point", "coordinates": [ 130.3264335, 33.5430718 ] } },
{ "type": "Feature", "properties": { "内容": "さかいの樹　原【通所介護】原4丁目4-7コムフォート原3", "url": "https://www.kaigokensaku.mhlw.go.jp/40/index.php?action_kouhyou_detail_004_kani=true&JigyosyoCd=4071405098-00&ServiceCd=150&Type=search", "url2": "http://www.med-sakai.jp/sakainoki/" }, "geometry": { "type": "Point", "coordinates": [ 130.3430394, 33.5673785 ] } },
{ "type": "Feature", "properties": { "内容": "うめはな通所介護【通所介護】福岡県福岡市早良区田村６丁目７番１０号", "url": "https://www.kaigokensaku.mhlw.go.jp/40/index.php?action_kouhyou_detail_004_kani=true&JigyosyoCd=4071405106-00&ServiceCd=150&Type=search", "url2": "https://umehana.net" }, "geometry": { "type": "Point", "coordinates": [ 130.3288282, 33.5375325 ] } },
{ "type": "Feature", "properties": { "内容": "レッツ倶楽部荒江【通所介護】福岡県福岡市早良区荒江3-13-17", "url": "https://www.kaigokensaku.mhlw.go.jp/40/index.php?action_kouhyou_detail_004_kani=true&JigyosyoCd=4071405114-00&ServiceCd=150&Type=search", "url2": "https://www.lets-club.jp/shop/arae/" }, "geometry": { "type": "Point", "coordinates": [ 130.352470428836057, 33.569276969729017 ] } },
{ "type": "Feature", "properties": { "内容": "デイサービス　イチョウの木【通所介護】福岡県福岡市早良区脇山１－２－１７", "url": "https://www.kaigokensaku.mhlw.go.jp/40/index.php?action_kouhyou_detail_004_kani=true&JigyosyoCd=4071405122-00&ServiceCd=150&Type=search", "url2": "https://www.ichou-no-ki.com/" }, "geometry": { "type": "Point", "coordinates": [ 130.3469791, 33.5000546 ] } },
{ "type": "Feature", "properties": { "内容": "デイサービス絆早良【通所介護】梅林7丁目13‐30住宅型有料老人ホームりあん早良", "url": "https://www.kaigokensaku.mhlw.go.jp/40/index.php?action_kouhyou_detail_004_kani=true&JigyosyoCd=4071405155-00&ServiceCd=150&Type=search", "url2": null }, "geometry": { "type": "Point", "coordinates": [ 130.354089447221412, 33.539283651669408 ] } },
{ "type": "Feature", "properties": { "内容": "健康支援センターライフ・ステーション早良【通所介護】福岡県福岡市早良区西入部1丁目11番5号", "url": "https://www.kaigokensaku.mhlw.go.jp/40/index.php?action_kouhyou_detail_004_kani=true&JigyosyoCd=4071405205-00&ServiceCd=150&Type=search", "url2": "www.ls-sportsday.com" }, "geometry": { "type": "Point", "coordinates": [ 130.3262493, 33.5234069 ] } },
{ "type": "Feature", "properties": { "内容": "あおぞらデイサービスセンター野芥【通所介護】福岡県福岡市早良区野芥7-26-18", "url": "https://www.kaigokensaku.mhlw.go.jp/40/index.php?action_kouhyou_detail_004_kani=true&JigyosyoCd=4071405262-00&ServiceCd=150&Type=search", "url2": "https://fukuoka-aozorareserch.net/facility/facility-10010254/" }, "geometry": { "type": "Point", "coordinates": [ 130.3393259, 33.5385258 ] } },
{ "type": "Feature", "properties": { "内容": "デイサービスセンターあすなろ【通所介護】福岡県福岡市早良区重留5丁目12-8", "url": "https://www.kaigokensaku.mhlw.go.jp/40/index.php?action_kouhyou_detail_004_kani=true&JigyosyoCd=4071402483-00&ServiceCd=150&Type=search", "url2": "www.asunaro-fukuoka.com" }, "geometry": { "type": "Point", "coordinates": [ 130.343599300000051, 33.526464625864861 ] } },
{ "type": "Feature", "properties": { "内容": "ワンフォーワンデイサービスセンター【通所介護】福岡県福岡市早良区東入部6丁目9番28号", "url": "https://www.kaigokensaku.mhlw.go.jp/40/index.php?action_kouhyou_detail_004_kani=true&JigyosyoCd=4071404794-00&ServiceCd=150&Type=search", "url2": "https://www.oneforone.co.jp/" }, "geometry": { "type": "Point", "coordinates": [ 130.3317801, 33.5190095 ] } },
{ "type": "Feature", "properties": { "内容": "ひろき苑デイサービスセンター福岡【通所介護】福岡県福岡市早良区田村5丁目3番22ひろき苑高齢者住宅福岡", "url": "https://www.kaigokensaku.mhlw.go.jp/40/index.php?action_kouhyou_detail_004_kani=true&JigyosyoCd=4071404968-00&ServiceCd=150&Type=search", "url2": "http://kawamura-fs.com" }, "geometry": { "type": "Point", "coordinates": [ 130.333266400000014, 33.5373772 ] } },
{ "type": "Feature", "properties": { "内容": "福あーるデイサービスセンター早良【通所介護】福岡県福岡市早良区荒江3丁目15番21号", "url": "https://www.kaigokensaku.mhlw.go.jp/40/index.php?action_kouhyou_detail_004_kani=true&JigyosyoCd=4071405395-00&ServiceCd=150&Type=search", "url2": "https://fuku-r.co.jp/elderly_daycare/" }, "geometry": { "type": "Point", "coordinates": [ 130.3513979, 33.56864 ] } },
{ "type": "Feature", "properties": { "内容": "デイサービス明の里【通所介護】福岡県福岡市早良区脇山２丁目１１番３８号", "url": "https://www.kaigokensaku.mhlw.go.jp/40/index.php?action_kouhyou_detail_004_kani=true&JigyosyoCd=4071403531-00&ServiceCd=150&Type=search", "url2": "http://subaru-uchino.com" }, "geometry": { "type": "Point", "coordinates": [ 130.350174422976977, 33.496225954146524 ] } },
{ "type": "Feature", "properties": { "内容": "高齢者在宅複合施設サザン【通所介護】福岡県福岡市早良区次郎丸1-29-40", "url": "https://www.kaigokensaku.mhlw.go.jp/40/index.php?action_kouhyou_detail_004_kani=true&JigyosyoCd=4071404588-00&ServiceCd=150&Type=search", "url2": "hrrps://www.ogata-sazan.jp/" }, "geometry": { "type": "Point", "coordinates": [ 130.335213, 33.5515815 ] } },
{ "type": "Feature", "properties": { "内容": "デイサービスセンターけらけらの森【通所介護】福岡県福岡市早良区田村4丁目18番2号", "url": "https://www.kaigokensaku.mhlw.go.jp/40/index.php?action_kouhyou_detail_004_kani=true&JigyosyoCd=4071404125-00&ServiceCd=150&Type=search", "url2": "https://www.kerakeranomori.jp/" }, "geometry": { "type": "Point", "coordinates": [ 130.334251557008429, 33.540031763635682 ] } },
{ "type": "Feature", "properties": { "内容": "デイサービスきたえるーむ福岡昭代【通所介護】福岡県福岡市早良区昭代3丁目7-33", "url": "https://www.kaigokensaku.mhlw.go.jp/40/index.php?action_kouhyou_detail_004_kani=true&JigyosyoCd=4071404877-00&ServiceCd=150&Type=search", "url2": "https://kitaeroom.com/" }, "geometry": { "type": "Point", "coordinates": [ 130.35090790000001, 33.5747086 ] } },
{ "type": "Feature", "properties": { "内容": "ハッピーデイサービスかもん【通所介護】重留６丁目１４番２９号", "url": "https://www.kaigokensaku.mhlw.go.jp/40/index.php?action_kouhyou_detail_004_kani=true&JigyosyoCd=4071405171-00&ServiceCd=150&Type=search", "url2": "http://care-net.biz/40/sinbi" }, "geometry": { "type": "Point", "coordinates": [ 130.338731781614626, 33.531341096336284 ] } },
{ "type": "Feature", "properties": { "内容": "ブルーミングケア花心館【通所介護】福岡県福岡市早良区田村7丁目6番16号", "url": "https://www.kaigokensaku.mhlw.go.jp/40/index.php?action_kouhyou_detail_004_kani=true&JigyosyoCd=4071405429-00&ServiceCd=150&Type=search", "url2": null }, "geometry": { "type": "Point", "coordinates": [ 130.3252133, 33.5362001 ] } },
{ "type": "Feature", "properties": { "内容": "デイサービス絆早良南【通所介護】重留5丁目12-8住宅型有料老人ホームりあん早良南", "url": "https://www.kaigokensaku.mhlw.go.jp/40/index.php?action_kouhyou_detail_004_kani=true&JigyosyoCd=4071405437-00&ServiceCd=150&Type=search", "url2": null }, "geometry": { "type": "Point", "coordinates": [ 130.343621899999988, 33.5265275 ] } },
{ "type": "Feature", "properties": { "内容": "あおぞらデイサービスセンター田村【通所介護】田村7-22-10", "url": "https://www.kaigokensaku.mhlw.go.jp/40/index.php?action_kouhyou_detail_004_kani=true&JigyosyoCd=4071405478-00&ServiceCd=150&Type=search", "url2": "https://aozora-cg.com/%e6%9c%89%e6%96%99%e8%80%81%e4%ba%ba%e3%83%9b%e3%83%bc%e3%83%a0%e3%81%82%e3%81%8a%e3%81%9e%e3%82%89%e7%94%b0%e6%9d%91/" }, "geometry": { "type": "Point", "coordinates": [ 133.6639164, 33.5570837 ] } },
{ "type": "Feature", "properties": { "内容": "早良ディサービスセンターなごみ【通所介護】福岡市早良区次郎丸６丁目１１－３０ふくしセンター早良", "url": "https://www.kaigokensaku.mhlw.go.jp/40/index.php?action_kouhyou_detail_004_kani=true&JigyosyoCd=4071403135-00&ServiceCd=150&Type=search", "url2": "http://www.fukushi-greencoop.or.jp/" }, "geometry": { "type": "Point", "coordinates": [ 130.3365602, 33.5476917 ] } },
{ "type": "Feature", "properties": { "内容": "デイサービス　ぷらいえ【通所介護】福岡県大牟田市大字田隈830-1", "url": "https://www.kaigokensaku.mhlw.go.jp/40/index.php?action_kouhyou_detail_004_kani=true&JigyosyoCd=4071503884-00&ServiceCd=150&Type=search", "url2": "http://user.ariakenet.com/~toushou/index.html" }, "geometry": { "type": "Point", "coordinates": [ 130.4651179, 33.0576275 ] } },
{ "type": "Feature", "properties": { "内容": "デイサービス　ばんこ【通所介護】福岡県大牟田市三池357番地5", "url": "https://www.kaigokensaku.mhlw.go.jp/40/index.php?action_kouhyou_detail_004_kani=true&JigyosyoCd=4071502647-00&ServiceCd=150&Type=search", "url2": "http://www.uu-union.co.jp/" }, "geometry": { "type": "Point", "coordinates": [ 130.472005299999978, 33.045972 ] } },
{ "type": "Feature", "properties": { "内容": "社会福祉法人　熊本東翔会　デイサービスひがしはら【通所介護】福岡県大牟田市大字田隈830番地1", "url": "https://www.kaigokensaku.mhlw.go.jp/40/index.php?action_kouhyou_detail_004_kani=true&JigyosyoCd=4071503942-00&ServiceCd=150&Type=search", "url2": "http://ww7.tiki.ne.jp/~taimeien/" }, "geometry": { "type": "Point", "coordinates": [ 130.4651179, 33.0576275 ] } },
{ "type": "Feature", "properties": { "内容": "デイサービス　とーとぅがなし【通所介護】福岡県大牟田市三池９１９－１７", "url": "https://www.kaigokensaku.mhlw.go.jp/40/index.php?action_kouhyou_detail_004_kani=true&JigyosyoCd=4071503959-00&ServiceCd=150&Type=search", "url2": "rinseikan@vesta.ocn.ne.jp" }, "geometry": { "type": "Point", "coordinates": [ 130.4828343, 33.0488415 ] } },
{ "type": "Feature", "properties": { "内容": "デイサービスセンター四季の丘【通所介護】福岡県大牟田市甘木1203-350", "url": "https://www.kaigokensaku.mhlw.go.jp/40/index.php?action_kouhyou_detail_004_kani=true&JigyosyoCd=4071502506-00&ServiceCd=150&Type=search", "url2": null }, "geometry": { "type": "Point", "coordinates": [ 130.45794090000004, 33.0683665 ] } },
{ "type": "Feature", "properties": { "内容": "デイサービスセンターみやべ【通所介護】福岡県大牟田市大字宮部174番地1", "url": "https://www.kaigokensaku.mhlw.go.jp/40/index.php?action_kouhyou_detail_004_kani=true&JigyosyoCd=4071503603-00&ServiceCd=150&Type=search", "url2": "http://fukuju.or.jp/miyabe" }, "geometry": { "type": "Point", "coordinates": [ 130.480926, 33.062495 ] } },
{ "type": "Feature", "properties": { "内容": "デイサービスセンターこもれび【通所介護】福岡県大牟田市中町１丁目４番地１", "url": "https://www.kaigokensaku.mhlw.go.jp/40/index.php?action_kouhyou_detail_004_kani=true&JigyosyoCd=4071500724-00&ServiceCd=150&Type=search", "url2": "http://www.s-soreiyu.com/" }, "geometry": { "type": "Point", "coordinates": [ 130.443643400000042, 33.0406166 ] } },
{ "type": "Feature", "properties": { "内容": "天光園デイサービスセンター【通所介護】福岡県大牟田市倉永693番地", "url": "https://www.kaigokensaku.mhlw.go.jp/40/index.php?action_kouhyou_detail_004_kani=true&JigyosyoCd=4071500468-00&ServiceCd=150&Type=search", "url2": "http://www.tenkouen.com" }, "geometry": { "type": "Point", "coordinates": [ 130.464140038954355, 33.076579303271139 ] } },
{ "type": "Feature", "properties": { "内容": "デイサービスセンターみなみ【通所介護】福岡県大牟田市臼井町２３番地の１", "url": "https://www.kaigokensaku.mhlw.go.jp/40/index.php?action_kouhyou_detail_004_kani=true&JigyosyoCd=4071501235-00&ServiceCd=150&Type=search", "url2": null }, "geometry": { "type": "Point", "coordinates": [ 130.460723199999961, 33.0059231 ] } },
{ "type": "Feature", "properties": { "内容": "デイサービス美さと【通所介護】大牟田市南船津町1丁目10番", "url": "https://www.kaigokensaku.mhlw.go.jp/40/index.php?action_kouhyou_detail_004_kani=true&JigyosyoCd=4071501284-00&ServiceCd=150&Type=search", "url2": "http://www.kenkougroup.or.jp/" }, "geometry": { "type": "Point", "coordinates": [ 130.4357913, 33.008661 ] } },
{ "type": "Feature", "properties": { "内容": "デイサービスすぎの木【通所介護】福岡県大牟田市大字甘木44－1", "url": "https://www.kaigokensaku.mhlw.go.jp/40/index.php?action_kouhyou_detail_004_kani=true&JigyosyoCd=4071503033-00&ServiceCd=150&Type=search", "url2": "http://sugi-no-ki.jp" }, "geometry": { "type": "Point", "coordinates": [ 130.465238096308894, 33.060344907984764 ] } },
{ "type": "Feature", "properties": { "内容": "デイサービス羽山台【通所介護】福岡県大牟田市大字草木581番地５デイサービス羽山台", "url": "https://www.kaigokensaku.mhlw.go.jp/40/index.php?action_kouhyou_detail_004_kani=true&JigyosyoCd=4071503058-00&ServiceCd=150&Type=search", "url2": null }, "geometry": { "type": "Point", "coordinates": [ 130.45977240000002, 33.0505297 ] } },
{ "type": "Feature", "properties": { "内容": "禾家デイサービス【通所介護】福岡県大牟田市一本町２番地１０", "url": "https://www.kaigokensaku.mhlw.go.jp/40/index.php?action_kouhyou_detail_004_kani=true&JigyosyoCd=4071503231-00&ServiceCd=150&Type=search", "url2": null }, "geometry": { "type": "Point", "coordinates": [ 130.45089259325411, 33.033358684502126 ] } },
{ "type": "Feature", "properties": { "内容": "あっとほーむフィットネスデイⅡ【通所介護】福岡県大牟田市浜田町5番1アネシス・プラージュ", "url": "https://www.kaigokensaku.mhlw.go.jp/40/index.php?action_kouhyou_detail_004_kani=true&JigyosyoCd=4071503538-00&ServiceCd=150&Type=search", "url2": null }, "geometry": { "type": "Point", "coordinates": [ 130.438357799999949, 33.0373196 ] } },
{ "type": "Feature", "properties": { "内容": "社会福祉法人　東翔会　　デイサービスセンターサンフレンズ【通所介護】福岡県大牟田市沖田町510", "url": "https://www.kaigokensaku.mhlw.go.jp/40/index.php?action_kouhyou_detail_004_kani=true&JigyosyoCd=4071500716-00&ServiceCd=150&Type=search", "url2": "//www.sunfriends.net/" }, "geometry": { "type": "Point", "coordinates": [ 130.449082200000021, 33.0117361 ] } },
{ "type": "Feature", "properties": { "内容": "やぶつばきデイサービスセンター【通所介護】福岡県大牟田市青葉町１３０番地２", "url": "https://www.kaigokensaku.mhlw.go.jp/40/index.php?action_kouhyou_detail_004_kani=true&JigyosyoCd=4071500187-00&ServiceCd=150&Type=search", "url2": "http://www.yabutubaki.jp" }, "geometry": { "type": "Point", "coordinates": [ 130.461603700000069, 33.0159583 ] } },
{ "type": "Feature", "properties": { "内容": "デイサービスセンターすまいる青葉【通所介護】大牟田市青葉町91-43", "url": "https://www.kaigokensaku.mhlw.go.jp/40/index.php?action_kouhyou_detail_004_kani=true&JigyosyoCd=4071502795-00&ServiceCd=150&Type=search", "url2": "http://www.smilehome-kanri.jp" }, "geometry": { "type": "Point", "coordinates": [ 130.461906970500223, 33.016578242263499 ] } },
{ "type": "Feature", "properties": { "内容": "デイサービスセンターすまいる黄金【通所介護】福岡県大牟田市黄金町2丁目12-81", "url": "https://www.kaigokensaku.mhlw.go.jp/40/index.php?action_kouhyou_detail_004_kani=true&JigyosyoCd=4071503348-00&ServiceCd=150&Type=search", "url2": "http://www.smilehome-kanri.jp" }, "geometry": { "type": "Point", "coordinates": [ 130.449922099999981, 33.0180946 ] } },
{ "type": "Feature", "properties": { "内容": "デイサービスセンターすまいる歴木【通所介護】福岡県大牟田市歴木1807-1195", "url": "https://www.kaigokensaku.mhlw.go.jp/40/index.php?action_kouhyou_detail_004_kani=true&JigyosyoCd=4071503652-00&ServiceCd=150&Type=search", "url2": "http://www.smilehome-kanri.jp" }, "geometry": { "type": "Point", "coordinates": [ 130.480889100000013, 33.033991 ] } },
{ "type": "Feature", "properties": { "内容": "デイサービス　ハピネス【通所介護】姫島町３６番地8", "url": "https://www.kaigokensaku.mhlw.go.jp/40/index.php?action_kouhyou_detail_004_kani=true&JigyosyoCd=4071503702-00&ServiceCd=150&Type=search", "url2": "hppts：//t-happiness-service-368.amebaownd.com/" }, "geometry": { "type": "Point", "coordinates": [ 130.428611600000011, 33.0140503 ] } },
{ "type": "Feature", "properties": { "内容": "デイサービス花水木【通所介護】福岡県大牟田市桜町154番地", "url": "https://www.kaigokensaku.mhlw.go.jp/40/index.php?action_kouhyou_detail_004_kani=true&JigyosyoCd=4071503793-00&ServiceCd=150&Type=search", "url2": null }, "geometry": { "type": "Point", "coordinates": [ 130.449363683992004, 33.004551221421714 ] } },
{ "type": "Feature", "properties": { "内容": "リハビリ特化型デイサービス　よかとこ【通所介護】新町68-2西山メディカルビル", "url": "https://www.kaigokensaku.mhlw.go.jp/40/index.php?action_kouhyou_detail_004_kani=true&JigyosyoCd=4071503074-00&ServiceCd=150&Type=search", "url2": "https://kumamotofc2020.sakura.ne.jp/tlc/yokatoko/" }, "geometry": { "type": "Point", "coordinates": [ 135.2359229, 34.357694 ] } },
{ "type": "Feature", "properties": { "内容": "リハビリ特化型デイサービス　ライズ【通所介護】福岡県大牟田市大字手鎌１１７０－１", "url": "https://www.kaigokensaku.mhlw.go.jp/40/index.php?action_kouhyou_detail_004_kani=true&JigyosyoCd=4071503439-00&ServiceCd=150&Type=search", "url2": null }, "geometry": { "type": "Point", "coordinates": [ 130.447316804486263, 33.053297141398872 ] } },
{ "type": "Feature", "properties": { "内容": "リハビリ特化型デイサービス　ミライ【通所介護】福岡県大牟田市大字手鎌1170-3", "url": "https://www.kaigokensaku.mhlw.go.jp/40/index.php?action_kouhyou_detail_004_kani=true&JigyosyoCd=4071503587-00&ServiceCd=150&Type=search", "url2": null }, "geometry": { "type": "Point", "coordinates": [ 130.4473312, 33.053231900000014 ] } },
{ "type": "Feature", "properties": { "内容": "サン久福木デイサービスセンター【通所介護】福岡県大牟田市大字久福木894番地", "url": "https://www.kaigokensaku.mhlw.go.jp/40/index.php?action_kouhyou_detail_004_kani=true&JigyosyoCd=4071500740-00&ServiceCd=150&Type=search", "url2": "http://www.genkokai.or.jp" }, "geometry": { "type": "Point", "coordinates": [ 130.490761799999973, 33.0559018 ] } },
{ "type": "Feature", "properties": { "内容": "米の山病院デイサービスセンター【通所介護】歴木4-58", "url": "https://www.kaigokensaku.mhlw.go.jp/40/index.php?action_kouhyou_detail_004_kani=true&JigyosyoCd=4071503405-00&ServiceCd=150&Type=search", "url2": "www.kome-net.or.jp" }, "geometry": { "type": "Point", "coordinates": [ 130.484313400000019, 33.0357148 ] } },
{ "type": "Feature", "properties": { "内容": "リハビリ特化型デイサービス　ホープ【通所介護】福岡県大牟田市右京町50番地11階部分（2階建て）", "url": "https://www.kaigokensaku.mhlw.go.jp/40/index.php?action_kouhyou_detail_004_kani=true&JigyosyoCd=4071503785-00&ServiceCd=150&Type=search", "url2": null }, "geometry": { "type": "Point", "coordinates": [ 130.438720599999982, 33.018355600000035 ] } },
{ "type": "Feature", "properties": { "内容": "デイサービス　なかまの里【通所介護】諏訪町１丁目17番地", "url": "https://www.kaigokensaku.mhlw.go.jp/40/index.php?action_kouhyou_detail_004_kani=true&JigyosyoCd=4071502860-00&ServiceCd=150&Type=search", "url2": null }, "geometry": { "type": "Point", "coordinates": [ 140.629781399999956, 36.5652823 ] } },
{ "type": "Feature", "properties": { "内容": "元気リハ　美音【通所介護】福岡県大牟田市新栄町12-2新栄町産業会館ビル", "url": "https://www.kaigokensaku.mhlw.go.jp/40/index.php?action_kouhyou_detail_004_kani=true&JigyosyoCd=4071503694-00&ServiceCd=150&Type=search", "url2": null }, "geometry": { "type": "Point", "coordinates": [ 130.4487284, 33.0384944 ] } },
{ "type": "Feature", "properties": { "内容": "通所介護　今日美【通所介護】福岡県大牟田市沖田町312-2", "url": "https://www.kaigokensaku.mhlw.go.jp/40/index.php?action_kouhyou_detail_004_kani=true&JigyosyoCd=4071503835-00&ServiceCd=150&Type=search", "url2": null }, "geometry": { "type": "Point", "coordinates": [ 130.450239399999987, 33.0076037 ] } },
{ "type": "Feature", "properties": { "内容": "デイサービス　ゆうさく【通所介護】福岡県大牟田市花園町2-1", "url": "https://www.kaigokensaku.mhlw.go.jp/40/index.php?action_kouhyou_detail_004_kani=true&JigyosyoCd=4071503900-00&ServiceCd=150&Type=search", "url2": null }, "geometry": { "type": "Point", "coordinates": [ 130.4522819, 33.0226585 ] } },
{ "type": "Feature", "properties": { "内容": "デイサービス結～musubi～【通所介護】福岡県大牟田市大字歴木1588番地3", "url": "https://www.kaigokensaku.mhlw.go.jp/40/index.php?action_kouhyou_detail_004_kani=true&JigyosyoCd=4071503744-00&ServiceCd=150&Type=search", "url2": "https://www.musubi-omuta.com" }, "geometry": { "type": "Point", "coordinates": [ 130.4720203, 33.0413107 ] } },
{ "type": "Feature", "properties": { "内容": "デイサービス　えがお【通所介護】福岡県大牟田市吉野２１５９番地", "url": "https://www.kaigokensaku.mhlw.go.jp/40/index.php?action_kouhyou_detail_004_kani=true&JigyosyoCd=4071503090-00&ServiceCd=150&Type=search", "url2": null }, "geometry": { "type": "Point", "coordinates": [ 130.468942536591783, 33.068857019642486 ] } },
{ "type": "Feature", "properties": { "内容": "宅老所　ことのは【通所介護】福岡県大牟田市大字吉野７３７番地４", "url": "https://www.kaigokensaku.mhlw.go.jp/40/index.php?action_kouhyou_detail_004_kani=true&JigyosyoCd=4071501854-00&ServiceCd=150&Type=search", "url2": "https://www.kotonoha2005.co.jp" }, "geometry": { "type": "Point", "coordinates": [ 130.4755672, 33.0753108 ] } },
{ "type": "Feature", "properties": { "内容": "デイサービス花音【通所介護】福岡県大牟田市小川町29-5", "url": "https://www.kaigokensaku.mhlw.go.jp/40/index.php?action_kouhyou_detail_004_kani=true&JigyosyoCd=4071503645-00&ServiceCd=150&Type=search", "url2": null }, "geometry": { "type": "Point", "coordinates": [ 130.429861, 33.021235 ] } },
{ "type": "Feature", "properties": { "内容": "デイサービス　スイ【通所介護】久留米市東櫛原町５０６－１", "url": "https://www.kaigokensaku.mhlw.go.jp/40/index.php?action_kouhyou_detail_004_kani=true&JigyosyoCd=4071605242-00&ServiceCd=150&Type=search", "url2": null }, "geometry": { "type": "Point", "coordinates": [ 130.518433800000025, 33.3271445 ] } },
{ "type": "Feature", "properties": { "内容": "みづまの杜デイサービスセンター【通所介護】三潴町高三潴1303-3", "url": "https://www.kaigokensaku.mhlw.go.jp/40/index.php?action_kouhyou_detail_004_kani=true&JigyosyoCd=4071606703-00&ServiceCd=150&Type=search", "url2": null }, "geometry": { "type": "Point", "coordinates": [ 130.45274859999995, 33.262071 ] } },
{ "type": "Feature", "properties": { "内容": "こがデイサービスみづまの杜【通所介護】三潴町高三潴1303番地3", "url": "https://www.kaigokensaku.mhlw.go.jp/40/index.php?action_kouhyou_detail_004_kani=true&JigyosyoCd=4071607917-00&ServiceCd=150&Type=search", "url2": null }, "geometry": { "type": "Point", "coordinates": [ 130.453065400000014, 33.2620954 ] } },
{ "type": "Feature", "properties": { "内容": "デイサービスセンター笑福亭【通所介護】福岡県久留米市東櫛原町666番地の1", "url": "https://www.kaigokensaku.mhlw.go.jp/40/index.php?action_kouhyou_detail_004_kani=true&JigyosyoCd=4071603056-00&ServiceCd=150&Type=search", "url2": "http://cloversupport.co.jp/" }, "geometry": { "type": "Point", "coordinates": [ 130.51669250185239, 33.327258075669505 ] } },
{ "type": "Feature", "properties": { "内容": "デイサービス風太【通所介護】福岡県久留米通東町5-16富士ビル1階", "url": "https://www.kaigokensaku.mhlw.go.jp/40/index.php?action_kouhyou_detail_004_kani=true&JigyosyoCd=4071603601-00&ServiceCd=150&Type=search", "url2": "http://day-futa.com/" }, "geometry": { "type": "Point", "coordinates": [ 130.522681420376557, 33.315424604273439 ] } },
{ "type": "Feature", "properties": { "内容": "デイサービス　なごみ【通所介護】城島町大依315番地1", "url": "https://www.kaigokensaku.mhlw.go.jp/40/index.php?action_kouhyou_detail_004_kani=true&JigyosyoCd=4071604955-00&ServiceCd=150&Type=search", "url2": "http://www.swc-hohoemi.or.jp" }, "geometry": { "type": "Point", "coordinates": [ 130.434432230026943, 33.256766857862701 ] } },
{ "type": "Feature", "properties": { "内容": "暖ったか館久留米大石町デイサービスセンター【通所介護】福岡県久留米市大石町265番地8", "url": "https://www.kaigokensaku.mhlw.go.jp/40/index.php?action_kouhyou_detail_004_kani=true&JigyosyoCd=4071605754-00&ServiceCd=150&Type=search", "url2": "https://www.silver-star.biz/" }, "geometry": { "type": "Point", "coordinates": [ 130.495191299999988, 33.3143284 ] } },
{ "type": "Feature", "properties": { "内容": "あかりデイサービス【通所介護】福岡県久留米市大善寺町宮本３４２－２３", "url": "https://www.kaigokensaku.mhlw.go.jp/40/index.php?action_kouhyou_detail_004_kani=true&JigyosyoCd=4071603569-00&ServiceCd=150&Type=search", "url2": "http://akari24.jp/" }, "geometry": { "type": "Point", "coordinates": [ 130.485142399999972, 33.2836615 ] } },
{ "type": "Feature", "properties": { "内容": "ヒカリテラス“デルソルオレンジ”【通所介護】福岡県久留米市山川追分2丁目2番7号", "url": "https://www.kaigokensaku.mhlw.go.jp/40/index.php?action_kouhyou_detail_004_kani=true&JigyosyoCd=4071606356-00&ServiceCd=150&Type=search", "url2": "https://bene-y.com/" }, "geometry": { "type": "Point", "coordinates": [ 130.568354799999952, 33.3151848 ] } },
{ "type": "Feature", "properties": { "内容": "いきいき荒木デイサービスセンター【通所介護】福岡県久留米市荒木町白口2018-2", "url": "https://www.kaigokensaku.mhlw.go.jp/40/index.php?action_kouhyou_detail_004_kani=true&JigyosyoCd=4071607941-00&ServiceCd=150&Type=search", "url2": "https://www.iki2-k.com/" }, "geometry": { "type": "Point", "coordinates": [ 130.501496300000014, 33.2783768 ] } },
{ "type": "Feature", "properties": { "内容": "デイサービスセンター共生の里津福【通所介護】福岡県久留米市荒木町白口５５２－３", "url": "https://www.kaigokensaku.mhlw.go.jp/40/index.php?action_kouhyou_detail_004_kani=true&JigyosyoCd=4071603668-00&ServiceCd=150&Type=search", "url2": "http//ks-kyousei.jp" }, "geometry": { "type": "Point", "coordinates": [ 130.499149100000068, 33.2899834 ] } },
{ "type": "Feature", "properties": { "内容": "デイサービスきずなの里【通所介護】福岡県久留米市御井旗崎３丁目4-6有料老人ホームきずなの里", "url": "https://www.kaigokensaku.mhlw.go.jp/40/index.php?action_kouhyou_detail_004_kani=true&JigyosyoCd=4071604534-00&ServiceCd=150&Type=search", "url2": "http:/www.kizunanosato.jp/" }, "geometry": { "type": "Point", "coordinates": [ 130.560491400000046, 33.3174124 ] } },
{ "type": "Feature", "properties": { "内容": "デイサービス楓弐番館【通所介護】久留米市藤山町217－16", "url": "https://www.kaigokensaku.mhlw.go.jp/40/index.php?action_kouhyou_detail_004_kani=true&JigyosyoCd=4071604658-00&ServiceCd=150&Type=search", "url2": "ライフサポート２４検索" }, "geometry": { "type": "Point", "coordinates": [ 130.547581900000068, 33.2772993 ] } },
{ "type": "Feature", "properties": { "内容": "スパビレッジデイサービス【通所介護】福岡県久留米市花畑3丁目18番1スパビレッジ・ホリカワ", "url": "https://www.kaigokensaku.mhlw.go.jp/40/index.php?action_kouhyou_detail_004_kani=true&JigyosyoCd=4071605697-00&ServiceCd=150&Type=search", "url2": "http://horikawa.or.jp/spavillage/" }, "geometry": { "type": "Point", "coordinates": [ 130.515953467320287, 33.303819382298528 ] } },
{ "type": "Feature", "properties": { "内容": "ＪＡくるめデイサービスセンターひかり【通所介護】福岡県久留米市篠原町4-7", "url": "https://www.kaigokensaku.mhlw.go.jp/40/index.php?action_kouhyou_detail_004_kani=true&JigyosyoCd=4071600540-00&ServiceCd=150&Type=search", "url2": "http://www.ja-kurume.or.jp/" }, "geometry": { "type": "Point", "coordinates": [ 130.525405, 33.3120511 ] } },
{ "type": "Feature", "properties": { "内容": "デイサービス　みんなの時間【通所介護】福岡県久留米市北野町今山370-5", "url": "https://www.kaigokensaku.mhlw.go.jp/40/index.php?action_kouhyou_detail_004_kani=true&JigyosyoCd=4071605143-00&ServiceCd=150&Type=search", "url2": "http://www.tanakamasaharu-clinic.jp/dayservice/" }, "geometry": { "type": "Point", "coordinates": [ 130.581595001852406, 33.343336016540967 ] } },
{ "type": "Feature", "properties": { "内容": "ふれあいの園デイサービスセンター【通所介護】福岡県久留米市城島町上青木165番地", "url": "https://www.kaigokensaku.mhlw.go.jp/40/index.php?action_kouhyou_detail_004_kani=true&JigyosyoCd=4077800037-00&ServiceCd=150&Type=search", "url2": "http://www.fureainosono.com/" }, "geometry": { "type": "Point", "coordinates": [ 130.411226700000043, 33.2438193 ] } },
{ "type": "Feature", "properties": { "内容": "上津デイサービスセンター【通所介護】福岡県久留米市上津町新井手１８６７番１", "url": "https://www.kaigokensaku.mhlw.go.jp/40/index.php?action_kouhyou_detail_004_kani=true&JigyosyoCd=4071601001-00&ServiceCd=150&Type=search", "url2": "http://www.youfukukai.or.jp/" }, "geometry": { "type": "Point", "coordinates": [ 130.540099, 33.280171200000034 ] } },
{ "type": "Feature", "properties": { "内容": "指定通所介護事業所　ふじの郷【通所介護】福岡県久留米市白山町字垣添390番21", "url": "https://www.kaigokensaku.mhlw.go.jp/40/index.php?action_kouhyou_detail_004_kani=true&JigyosyoCd=4071602058-00&ServiceCd=150&Type=search", "url2": "http://www.fujinosato0801.com/" }, "geometry": { "type": "Point", "coordinates": [ 130.499858522393851, 33.316882764934242 ] } },
{ "type": "Feature", "properties": { "内容": "こがデイサービス大石町【通所介護】大石町29－1", "url": "https://www.kaigokensaku.mhlw.go.jp/40/index.php?action_kouhyou_detail_004_kani=true&JigyosyoCd=4071606596-00&ServiceCd=150&Type=search", "url2": "http://www.tenjinkai.or.jp" }, "geometry": { "type": "Point", "coordinates": [ 130.4984743, 33.3151811 ] } },
{ "type": "Feature", "properties": { "内容": "山翠園デイサービスセンター【通所介護】福岡県久留米市山本町耳納１９８９－１番地", "url": "https://www.kaigokensaku.mhlw.go.jp/40/index.php?action_kouhyou_detail_004_kani=true&JigyosyoCd=4071600250-00&ServiceCd=150&Type=search", "url2": "https://sansuien-kurume.net" }, "geometry": { "type": "Point", "coordinates": [ 130.613423399999988, 33.312283 ] } },
{ "type": "Feature", "properties": { "内容": "デイサービスセンターメゾンマリア【通所介護】福岡県久留米市津福本町字草場276-2", "url": "https://www.kaigokensaku.mhlw.go.jp/40/index.php?action_kouhyou_detail_004_kani=true&JigyosyoCd=4071601381-00&ServiceCd=150&Type=search", "url2": "http://www.heiwanoseibo.com" }, "geometry": { "type": "Point", "coordinates": [ 130.511234, 33.303621 ] } },
{ "type": "Feature", "properties": { "内容": "デイサービスくましろ【通所介護】福岡県久留米市北野町八重亀４１２番地", "url": "https://www.kaigokensaku.mhlw.go.jp/40/index.php?action_kouhyou_detail_004_kani=true&JigyosyoCd=4071602363-00&ServiceCd=150&Type=search", "url2": "www//kumashiro-hospital.or.jp" }, "geometry": { "type": "Point", "coordinates": [ 130.624774500000058, 33.3553489 ] } },
{ "type": "Feature", "properties": { "内容": "デイサービスセンター　　くしはら【通所介護】久留米市東櫛原町６１－１", "url": "https://www.kaigokensaku.mhlw.go.jp/40/index.php?action_kouhyou_detail_004_kani=true&JigyosyoCd=4071602843-00&ServiceCd=150&Type=search", "url2": "http://www.villa-kushihara.or.jp/" }, "geometry": { "type": "Point", "coordinates": [ 130.522475, 33.3246114 ] } },
{ "type": "Feature", "properties": { "内容": "社会医療法人　天神会　デイサービス　アルカディア【通所介護】福岡県久留米市宮ノ陣4丁目30-10こがケアアベニュー宮ノ陣1階", "url": "https://www.kaigokensaku.mhlw.go.jp/40/index.php?action_kouhyou_detail_004_kani=true&JigyosyoCd=4071603270-00&ServiceCd=150&Type=search", "url2": "http://www.tenjinkai.or.jp/" }, "geometry": { "type": "Point", "coordinates": [ 130.5394546, 33.3335025 ] } },
{ "type": "Feature", "properties": { "内容": "こがデイサービス野伏間【通所介護】久留米市野伏間1－13－35", "url": "https://www.kaigokensaku.mhlw.go.jp/40/index.php?action_kouhyou_detail_004_kani=true&JigyosyoCd=4071604781-00&ServiceCd=150&Type=search", "url2": "https://www.tenjinkai.or.jp/top/shinkoga/" }, "geometry": { "type": "Point", "coordinates": [ 130.5125564, 33.2843703 ] } },
{ "type": "Feature", "properties": { "内容": "デイサービス　まんてん【通所介護】久留米市宮ノ陣6丁目２－１７", "url": "https://www.kaigokensaku.mhlw.go.jp/40/index.php?action_kouhyou_detail_004_kani=true&JigyosyoCd=4071605044-00&ServiceCd=150&Type=search", "url2": "https://www.manten1123.com" }, "geometry": { "type": "Point", "coordinates": [ 130.538909900000021, 33.3288001 ] } },
{ "type": "Feature", "properties": { "内容": "デイサービス豊潤庵【通所介護】大石町374番地2", "url": "https://www.kaigokensaku.mhlw.go.jp/40/index.php?action_kouhyou_detail_004_kani=true&JigyosyoCd=4071605580-00&ServiceCd=150&Type=search", "url2": "kosai-g.com" }, "geometry": { "type": "Point", "coordinates": [ 130.492776857672084, 33.314704271674323 ] } },
{ "type": "Feature", "properties": { "内容": "社会福祉法人ひじり会　通所介護さくら【通所介護】福岡県久留米市田主丸町石垣1291-6", "url": "https://www.kaigokensaku.mhlw.go.jp/40/index.php?action_kouhyou_detail_004_kani=true&JigyosyoCd=4077400044-00&ServiceCd=150&Type=search", "url2": "http://hijirikai.com" }, "geometry": { "type": "Point", "coordinates": [ 130.70652670000004, 33.3265335 ] } },
{ "type": "Feature", "properties": { "内容": "いきいき野中デイサービスセンター【通所介護】久留米市野中町３２９－１", "url": "https://www.kaigokensaku.mhlw.go.jp/40/index.php?action_kouhyou_detail_004_kani=true&JigyosyoCd=4071603395-00&ServiceCd=150&Type=search", "url2": "http://www.iki2-k.com" }, "geometry": { "type": "Point", "coordinates": [ 130.538667900000064, 33.3062546 ] } },
{ "type": "Feature", "properties": { "内容": "こがデイサービス縄手【通所介護】福岡県久留米市白山町２１０番地１住宅型有料老人ホーム　こがケアアベニュー縄手", "url": "https://www.kaigokensaku.mhlw.go.jp/40/index.php?action_kouhyou_detail_004_kani=true&JigyosyoCd=4071606679-00&ServiceCd=150&Type=search", "url2": "http://www.tenjinkai.or.jp" }, "geometry": { "type": "Point", "coordinates": [ 130.5014943, 33.316332 ] } },
{ "type": "Feature", "properties": { "内容": "いきいき安武デイサービスセンター【通所介護】福岡県久留米市安武町安武本3273-4", "url": "https://www.kaigokensaku.mhlw.go.jp/40/index.php?action_kouhyou_detail_004_kani=true&JigyosyoCd=4071602629-00&ServiceCd=150&Type=search", "url2": "http://www.iki2-k.com" }, "geometry": { "type": "Point", "coordinates": [ 130.490313800000024, 33.2881828 ] } },
{ "type": "Feature", "properties": { "内容": "デイサービスひびき久留米中央【通所介護】福岡県久留米市諏訪野町2157-2", "url": "https://www.kaigokensaku.mhlw.go.jp/40/index.php?action_kouhyou_detail_004_kani=true&JigyosyoCd=4071604187-00&ServiceCd=150&Type=search", "url2": "http://kurume-hibiki.com/" }, "geometry": { "type": "Point", "coordinates": [ 130.527840547679659, 33.308742979948242 ] } },
{ "type": "Feature", "properties": { "内容": "デイサービス　スイスイ【通所介護】久留米市荘島町459－1", "url": "https://www.kaigokensaku.mhlw.go.jp/40/index.php?action_kouhyou_detail_004_kani=true&JigyosyoCd=4071606612-00&ServiceCd=150&Type=search", "url2": null }, "geometry": { "type": "Point", "coordinates": [ 130.505734100000041, 33.3123869 ] } },
{ "type": "Feature", "properties": { "内容": "あおぎり荘在宅介護サービスセンター【通所介護】福岡県久留米市城島町芦塚804番地1", "url": "https://www.kaigokensaku.mhlw.go.jp/40/index.php?action_kouhyou_detail_004_kani=true&JigyosyoCd=4077800128-00&ServiceCd=150&Type=search", "url2": "j-aogiri@ec5.technowave.ne.jp" }, "geometry": { "type": "Point", "coordinates": [ 130.43520639999997, 33.2798631 ] } },
{ "type": "Feature", "properties": { "内容": "みづま敬和苑デイサービスセンター【通所介護】福岡県　久留米市　三潴町　西牟田６１２８－１", "url": "https://www.kaigokensaku.mhlw.go.jp/40/index.php?action_kouhyou_detail_004_kani=true&JigyosyoCd=4071602504-00&ServiceCd=150&Type=search", "url2": "http://www.keiwaen.com/miduma₋keiwaen/" }, "geometry": { "type": "Point", "coordinates": [ 130.503982001333952, 33.247605346433325 ] } },
{ "type": "Feature", "properties": { "内容": "リハビリスポットTASUKI三潴店【通所介護】福岡県久留米市三潴町福光292番地7", "url": "https://www.kaigokensaku.mhlw.go.jp/40/index.php?action_kouhyou_detail_004_kani=true&JigyosyoCd=4071606240-00&ServiceCd=150&Type=search", "url2": "https://tasuki.wixsite.com/tasuki-homepage-" }, "geometry": { "type": "Point", "coordinates": [ 130.455053910177867, 33.24168492048279 ] } },
{ "type": "Feature", "properties": { "内容": "デイサービスなでしこ【通所介護】福岡県久留米市荒木町白口1767番地1サービス付き高齢者向け住宅シニアレジデンスなでしこ", "url": "https://www.kaigokensaku.mhlw.go.jp/40/index.php?action_kouhyou_detail_004_kani=true&JigyosyoCd=4071606539-00&ServiceCd=150&Type=search", "url2": "www.atataka-nadeshiko.com" }, "geometry": { "type": "Point", "coordinates": [ 130.503993400000013, 33.2799762 ] } },
{ "type": "Feature", "properties": { "内容": "ニチイケアセンターくるめ【通所介護】福岡県久留米市長門石2丁目1番5号", "url": "https://www.kaigokensaku.mhlw.go.jp/40/index.php?action_kouhyou_detail_004_kani=true&JigyosyoCd=4071600961-00&ServiceCd=150&Type=search", "url2": null }, "geometry": { "type": "Point", "coordinates": [ 130.492106299999932, 33.3281772 ] } },
{ "type": "Feature", "properties": { "内容": "でいさーびす　すまーとらいふ【通所介護】福岡県久留米市南３丁目２６－５", "url": "https://www.kaigokensaku.mhlw.go.jp/40/index.php?action_kouhyou_detail_004_kani=true&JigyosyoCd=4071604427-00&ServiceCd=150&Type=search", "url2": "http://www.smartlife-ds.com/" }, "geometry": { "type": "Point", "coordinates": [ 130.520327700000053, 33.2910197 ] } },
{ "type": "Feature", "properties": { "内容": "デイサービスセンター　共生の里荒木【通所介護】荒木町白口1515", "url": "https://www.kaigokensaku.mhlw.go.jp/40/index.php?action_kouhyou_detail_004_kani=true&JigyosyoCd=4071605192-00&ServiceCd=150&Type=search", "url2": "http://ks-araki.jp/" }, "geometry": { "type": "Point", "coordinates": [ 130.51139287587128, 33.281008137553854 ] } },
{ "type": "Feature", "properties": { "内容": "デイサービスひびき久留米西【通所介護】福岡県久留米市荒木町白口２４９５番地", "url": "https://www.kaigokensaku.mhlw.go.jp/40/index.php?action_kouhyou_detail_004_kani=true&JigyosyoCd=4071605275-00&ServiceCd=150&Type=search", "url2": "http://kurume-hibiki.com/" }, "geometry": { "type": "Point", "coordinates": [ 130.494416633715787, 33.277103923564844 ] } },
{ "type": "Feature", "properties": { "内容": "ﾃﾞｲサービスセンター　しらゆりの郷【通所介護】福岡県久留米市小森野４丁目１番２２号ケアタウンしらゆりの郷", "url": "https://www.kaigokensaku.mhlw.go.jp/40/index.php?action_kouhyou_detail_004_kani=true&JigyosyoCd=4071605432-00&ServiceCd=150&Type=search", "url2": null }, "geometry": { "type": "Point", "coordinates": [ 130.515115, 33.3342578 ] } },
{ "type": "Feature", "properties": { "内容": "デイサービス　エバーガーデン久留米中央町【通所介護】福岡県久留米市中央町16番地33有料老人ホーム　エバーガーデン久留米中央町", "url": "https://www.kaigokensaku.mhlw.go.jp/40/index.php?action_kouhyou_detail_004_kani=true&JigyosyoCd=4071606109-00&ServiceCd=150&Type=search", "url2": "https://evergarden-kurume.jp/" }, "geometry": { "type": "Point", "coordinates": [ 130.50479329999996, 33.3184837 ] } },
{ "type": "Feature", "properties": { "内容": "デイサービスセンター江戸くま【通所介護】福岡県久留米市江戸屋敷１丁目１０番５５号", "url": "https://www.kaigokensaku.mhlw.go.jp/40/index.php?action_kouhyou_detail_004_kani=true&JigyosyoCd=4071606737-00&ServiceCd=150&Type=search", "url2": null }, "geometry": { "type": "Point", "coordinates": [ 130.511283300000059, 33.288780500000016 ] } },
{ "type": "Feature", "properties": { "内容": "デイサービススマートライフリハビリぷらす【通所介護】西町　130-9", "url": "https://www.kaigokensaku.mhlw.go.jp/40/index.php?action_kouhyou_detail_004_kani=true&JigyosyoCd=4071607297-00&ServiceCd=150&Type=search", "url2": "http://wwww.smartlife-ds.com" }, "geometry": { "type": "Point", "coordinates": [ 130.515770930688518, 33.295015009925208 ] } },
{ "type": "Feature", "properties": { "内容": "デイサ－ビスセンタ－はぜ並樹【通所介護】福岡県久留米市山本町豊田1567-1", "url": "https://www.kaigokensaku.mhlw.go.jp/40/index.php?action_kouhyou_detail_004_kani=true&JigyosyoCd=4071600995-00&ServiceCd=150&Type=search", "url2": "http://www.hazenomikai.or.jp/" }, "geometry": { "type": "Point", "coordinates": [ 130.59342259999994, 33.3089688 ] } },
{ "type": "Feature", "properties": { "内容": "デイサービスセンター久留米あいの里【通所介護】久留米市山川安居野3丁目3番18号", "url": "https://www.kaigokensaku.mhlw.go.jp/40/index.php?action_kouhyou_detail_004_kani=true&JigyosyoCd=4071601985-00&ServiceCd=150&Type=search", "url2": "http://www.houseien.net" }, "geometry": { "type": "Point", "coordinates": [ 130.572585, 33.3185373 ] } },
{ "type": "Feature", "properties": { "内容": "デイサービス　シルバーステージ【通所介護】福岡県久留米市上津1-10-31", "url": "https://www.kaigokensaku.mhlw.go.jp/40/index.php?action_kouhyou_detail_004_kani=true&JigyosyoCd=4071602389-00&ServiceCd=150&Type=search", "url2": "http://www.silverstage.jp" }, "geometry": { "type": "Point", "coordinates": [ 130.530150814732593, 33.28855126051306 ] } },
{ "type": "Feature", "properties": { "内容": "ソーシャルライフ梅満【通所介護】梅満町320番地1ソーシャルライフ梅満", "url": "https://www.kaigokensaku.mhlw.go.jp/40/index.php?action_kouhyou_detail_004_kani=true&JigyosyoCd=4071606315-00&ServiceCd=150&Type=search", "url2": "kyu-fukushi-service.co.jp/company/index.html" }, "geometry": { "type": "Point", "coordinates": [ 130.49510849214326, 33.311822174035797 ] } },
{ "type": "Feature", "properties": { "内容": "ブリッジライフ国分町【通所介護】福岡県久留米市国分町931番地11", "url": "https://www.kaigokensaku.mhlw.go.jp/40/index.php?action_kouhyou_detail_004_kani=true&JigyosyoCd=4071606877-00&ServiceCd=150&Type=search", "url2": "http://www.bridge-life.jp/shop/kokubumachi.html" }, "geometry": { "type": "Point", "coordinates": [ 130.536399949073825, 33.291005604498331 ] } },
{ "type": "Feature", "properties": { "内容": "デイサービス寿寿苑【通所介護】福岡県久留米市善導寺町飯田５０３番地３", "url": "https://www.kaigokensaku.mhlw.go.jp/40/index.php?action_kouhyou_detail_004_kani=true&JigyosyoCd=4071607651-00&ServiceCd=150&Type=search", "url2": null }, "geometry": { "type": "Point", "coordinates": [ 130.605848064418041, 33.321642660065415 ] } },
{ "type": "Feature", "properties": { "内容": "デイサービスセンターコスモス【通所介護】福岡県久留米市北野町鳥巣浜３６番地の１", "url": "https://www.kaigokensaku.mhlw.go.jp/40/index.php?action_kouhyou_detail_004_kani=true&JigyosyoCd=4077600056-00&ServiceCd=150&Type=search", "url2": "http://www.houseien.net" }, "geometry": { "type": "Point", "coordinates": [ 130.584917533096387, 33.33481077572133 ] } },
{ "type": "Feature", "properties": { "内容": "長生園デイサービス【通所介護】福岡県久留米市三潴町早津崎３８６番地", "url": "https://www.kaigokensaku.mhlw.go.jp/40/index.php?action_kouhyou_detail_004_kani=true&JigyosyoCd=4078000033-00&ServiceCd=150&Type=search", "url2": "http://www.k-tyouseien.com" }, "geometry": { "type": "Point", "coordinates": [ 130.4812349, 33.2663741 ] } },
{ "type": "Feature", "properties": { "内容": "ニチイケアセンター東町【通所介護】久留米市諏訪野町１８１４－４", "url": "https://www.kaigokensaku.mhlw.go.jp/40/index.php?action_kouhyou_detail_004_kani=true&JigyosyoCd=4071604484-00&ServiceCd=150&Type=search", "url2": null }, "geometry": { "type": "Point", "coordinates": [ 130.522838200000024, 33.3040293 ] } },
{ "type": "Feature", "properties": { "内容": "コロボックルの学校【通所介護】福岡県久留米市荒木町荒木1516-1", "url": "https://www.kaigokensaku.mhlw.go.jp/40/index.php?action_kouhyou_detail_004_kani=true&JigyosyoCd=4071606695-00&ServiceCd=150&Type=search", "url2": null }, "geometry": { "type": "Point", "coordinates": [ 130.501885306854206, 33.268645235679585 ] } },
{ "type": "Feature", "properties": { "内容": "デイサービスセンター縁家高良【通所介護】福岡県久留米市高良内町3795番地2", "url": "https://www.kaigokensaku.mhlw.go.jp/40/index.php?action_kouhyou_detail_004_kani=true&JigyosyoCd=4071607545-00&ServiceCd=150&Type=search", "url2": "https://soshin-care.co.jp/" }, "geometry": { "type": "Point", "coordinates": [ 130.5501769, 33.2868625 ] } },
{ "type": "Feature", "properties": { "内容": "デイサービスセンター　合川りんどう【通所介護】久留米市合川町４１６－１", "url": "https://www.kaigokensaku.mhlw.go.jp/40/index.php?action_kouhyou_detail_004_kani=true&JigyosyoCd=4071601928-00&ServiceCd=150&Type=search", "url2": null }, "geometry": { "type": "Point", "coordinates": [ 130.54459810000003, 33.3144735 ] } },
{ "type": "Feature", "properties": { "内容": "デイサービス　ほほえみクラブ【通所介護】久留米市城島町城島36番地1", "url": "https://www.kaigokensaku.mhlw.go.jp/40/index.php?action_kouhyou_detail_004_kani=true&JigyosyoCd=4071602900-00&ServiceCd=150&Type=search", "url2": "http://care-net.biz/40/hohoemi/" }, "geometry": { "type": "Point", "coordinates": [ 130.431417199999942, 33.2574849 ] } },
{ "type": "Feature", "properties": { "内容": "デイサービス　はなみずき【通所介護】福岡県久留米市御旗崎４丁目６番３０号", "url": "https://www.kaigokensaku.mhlw.go.jp/40/index.php?action_kouhyou_detail_004_kani=true&JigyosyoCd=4071603833-00&ServiceCd=150&Type=search", "url2": "https://sunrisehana-kurume.wixsite.com/hanakurume" }, "geometry": { "type": "Point", "coordinates": [ 130.562810086569243, 33.315443280245525 ] } },
{ "type": "Feature", "properties": { "内容": "若久デイサービスセンター荒木【通所介護】福岡県久留米市荒木町荒木1984-1高良台シニアビレッジ", "url": "https://www.kaigokensaku.mhlw.go.jp/40/index.php?action_kouhyou_detail_004_kani=true&JigyosyoCd=4071605119-00&ServiceCd=150&Type=search", "url2": "http://www.kyueikai.jp/senior/" }, "geometry": { "type": "Point", "coordinates": [ 130.51002852278441, 33.263736608723285 ] } },
{ "type": "Feature", "properties": { "内容": "生協デイサービス虹の樹【通所介護】福岡県久留米市東合川７丁目１番地２８号虹のセンター", "url": "https://www.kaigokensaku.mhlw.go.jp/40/index.php?action_kouhyou_detail_004_kani=true&JigyosyoCd=4071601845-00&ServiceCd=150&Type=search", "url2": "http://kurumeiryou.or.jp/" }, "geometry": { "type": "Point", "coordinates": [ 130.552445204629521, 33.324093090206297 ] } },
{ "type": "Feature", "properties": { "内容": "デイサービス　和おん【通所介護】福岡県久留米市宮ノ陣４丁目１３－１２シルバーケア和おん", "url": "https://www.kaigokensaku.mhlw.go.jp/40/index.php?action_kouhyou_detail_004_kani=true&JigyosyoCd=4071605713-00&ServiceCd=150&Type=search", "url2": null }, "geometry": { "type": "Point", "coordinates": [ 130.5345436, 33.3295778 ] } },
{ "type": "Feature", "properties": { "内容": "ディサービス　なごみのとなり【通所介護】福岡県久留米市田主丸町牧1385-12", "url": "https://www.kaigokensaku.mhlw.go.jp/40/index.php?action_kouhyou_detail_004_kani=true&JigyosyoCd=4071605861-00&ServiceCd=150&Type=search", "url2": null }, "geometry": { "type": "Point", "coordinates": [ 130.649289022614994, 33.341931659636039 ] } },
{ "type": "Feature", "properties": { "内容": "デイサービス理楽【通所介護】福岡県久留米市田主丸町船越171-9", "url": "https://www.kaigokensaku.mhlw.go.jp/40/index.php?action_kouhyou_detail_004_kani=true&JigyosyoCd=4071605960-00&ServiceCd=150&Type=search", "url2": "hhtp://www.soffione.biz" }, "geometry": { "type": "Point", "coordinates": [ 130.718294607602957, 33.34907437375967 ] } },
{ "type": "Feature", "properties": { "内容": "ツクイ久留米東合川【通所介護】福岡県久留米市東合川2丁目5番35号", "url": "https://www.kaigokensaku.mhlw.go.jp/40/index.php?action_kouhyou_detail_004_kani=true&JigyosyoCd=4071607065-00&ServiceCd=150&Type=search", "url2": "https://www.tsukui.net/home-care/2402/" }, "geometry": { "type": "Point", "coordinates": [ 130.549805, 33.3199485 ] } },
{ "type": "Feature", "properties": { "内容": "デイサービスセンター晴家（ハレルヤ）【通所介護】福岡県久留米市北野町高良2168番地1", "url": "https://www.kaigokensaku.mhlw.go.jp/40/index.php?action_kouhyou_detail_004_kani=true&JigyosyoCd=4071605028-00&ServiceCd=150&Type=search", "url2": null }, "geometry": { "type": "Point", "coordinates": [ 130.576438480950969, 33.333335751542272 ] } },
{ "type": "Feature", "properties": { "内容": "デイサービスはるのひ【通所介護】植木757-7", "url": "https://www.kaigokensaku.mhlw.go.jp/40/index.php?action_kouhyou_detail_004_kani=true&JigyosyoCd=4071702577-00&ServiceCd=150&Type=search", "url2": null }, "geometry": { "type": "Point", "coordinates": [ 130.707992, 33.771617 ] } },
{ "type": "Feature", "properties": { "内容": "デイサービスはるのひ【通所介護】福岡県直方市植木７５７－７", "url": "https://www.kaigokensaku.mhlw.go.jp/40/index.php?action_kouhyou_detail_004_kani=true&JigyosyoCd=4071702627-00&ServiceCd=150&Type=search", "url2": null }, "geometry": { "type": "Point", "coordinates": [ 130.708208899999988, 33.7717876 ] } },
{ "type": "Feature", "properties": { "内容": "デイサービスセンターほうらい【通所介護】福岡県直方市大字頓野1917－1", "url": "https://www.kaigokensaku.mhlw.go.jp/40/index.php?action_kouhyou_detail_004_kani=true&JigyosyoCd=4071702080-00&ServiceCd=150&Type=search", "url2": null }, "geometry": { "type": "Point", "coordinates": [ 130.7918521, 33.75538130000001 ] } },
{ "type": "Feature", "properties": { "内容": "遊ビリセンター和ら邸【通所介護】福岡県直方市頓野１５３５-１", "url": "https://www.kaigokensaku.mhlw.go.jp/40/index.php?action_kouhyou_detail_004_kani=true&JigyosyoCd=4071702098-00&ServiceCd=150&Type=search", "url2": null }, "geometry": { "type": "Point", "coordinates": [ 130.748647300000016, 33.7546687 ] } },
{ "type": "Feature", "properties": { "内容": "生活訓練wing【通所介護】福岡県直方市植木693-3コーポKAZU　１F", "url": "https://www.kaigokensaku.mhlw.go.jp/40/index.php?action_kouhyou_detail_004_kani=true&JigyosyoCd=4071702304-00&ServiceCd=150&Type=search", "url2": "http://www.kabuwing.com" }, "geometry": { "type": "Point", "coordinates": [ 130.7112228, 33.7702533 ] } },
{ "type": "Feature", "properties": { "内容": "さわやか直方館デイサービスセンター【通所介護】福岡県直方市大字山部４４２番地１", "url": "https://www.kaigokensaku.mhlw.go.jp/40/index.php?action_kouhyou_detail_004_kani=true&JigyosyoCd=4071700894-00&ServiceCd=150&Type=search", "url2": "http://www.sawayakaclub.jp" }, "geometry": { "type": "Point", "coordinates": [ 130.721396700000014, 33.7517912 ] } },
{ "type": "Feature", "properties": { "内容": "ひまわりデイサービスセンター【通所介護】福岡県直方市上境1592番地1シルバーマンションひまわり", "url": "https://www.kaigokensaku.mhlw.go.jp/40/index.php?action_kouhyou_detail_004_kani=true&JigyosyoCd=4071701348-00&ServiceCd=150&Type=search", "url2": null }, "geometry": { "type": "Point", "coordinates": [ 130.751639599999976, 33.7286718 ] } },
{ "type": "Feature", "properties": { "内容": "デイサービスえにし亭【通所介護】福岡県直方市感田２４４８－５", "url": "https://www.kaigokensaku.mhlw.go.jp/40/index.php?action_kouhyou_detail_004_kani=true&JigyosyoCd=4071701827-00&ServiceCd=150&Type=search", "url2": "http://www.total-cs.info/" }, "geometry": { "type": "Point", "coordinates": [ 130.724434299999984, 33.7699891 ] } },
{ "type": "Feature", "properties": { "内容": "リハビリ専門デイサービス　リハプラス【通所介護】福岡県直方市神正町4-23敷田ビル5　1階", "url": "https://www.kaigokensaku.mhlw.go.jp/40/index.php?action_kouhyou_detail_004_kani=true&JigyosyoCd=4071702437-00&ServiceCd=150&Type=search", "url2": "https://www.growlife-1001.com" }, "geometry": { "type": "Point", "coordinates": [ 130.724292600000012, 33.755364 ] } },
{ "type": "Feature", "properties": { "内容": "フィットネスデイGRAND【通所介護】福岡県直方市殿町4-31", "url": "https://www.kaigokensaku.mhlw.go.jp/40/index.php?action_kouhyou_detail_004_kani=true&JigyosyoCd=4071702494-00&ServiceCd=150&Type=search", "url2": "http://fulldelight.co.jp" }, "geometry": { "type": "Point", "coordinates": [ 130.7293416, 33.745613 ] } },
{ "type": "Feature", "properties": { "内容": "ToTbディサービス柚【通所介護】福岡県直方市大字上頓野2121番地2", "url": "https://www.kaigokensaku.mhlw.go.jp/40/index.php?action_kouhyou_detail_004_kani=true&JigyosyoCd=4071702544-00&ServiceCd=150&Type=search", "url2": null }, "geometry": { "type": "Point", "coordinates": [ 130.761605966270452, 33.762647449641015 ] } },
{ "type": "Feature", "properties": { "内容": "ふくし生協デイサービスなつみね【通所介護】直方市山部１４１９－８", "url": "https://www.kaigokensaku.mhlw.go.jp/40/index.php?action_kouhyou_detail_004_kani=true&JigyosyoCd=4071700936-00&ServiceCd=150&Type=search", "url2": "http://www.fukushiseikyou.jp/" }, "geometry": { "type": "Point", "coordinates": [ 130.724315387463292, 33.738658652720915 ] } },
{ "type": "Feature", "properties": { "内容": "老人デイサービスセンター長光園【通所介護】福岡県直方市大字頓野259番地53", "url": "https://www.kaigokensaku.mhlw.go.jp/40/index.php?action_kouhyou_detail_004_kani=true&JigyosyoCd=4071701116-00&ServiceCd=150&Type=search", "url2": "http://www.seikou-kai.net/" }, "geometry": { "type": "Point", "coordinates": [ 130.765290400000026, 33.7530192 ] } },
{ "type": "Feature", "properties": { "内容": "リハビリ特化型デイサービス愛心直方【通所介護】福岡県直方市新知町6-10ロイヤルメゾン101", "url": "https://www.kaigokensaku.mhlw.go.jp/40/index.php?action_kouhyou_detail_004_kani=true&JigyosyoCd=4071702171-00&ServiceCd=150&Type=search", "url2": null }, "geometry": { "type": "Point", "coordinates": [ 130.722415800000022, 33.7569629 ] } },
{ "type": "Feature", "properties": { "内容": "デイサービス　しおり【通所介護】福岡県直方市大字下境１２３８番地２", "url": "https://www.kaigokensaku.mhlw.go.jp/40/index.php?action_kouhyou_detail_004_kani=true&JigyosyoCd=4071700993-00&ServiceCd=150&Type=search", "url2": null }, "geometry": { "type": "Point", "coordinates": [ 130.745859600000017, 33.7294606 ] } },
{ "type": "Feature", "properties": { "内容": "暖ったか館直方上境デイサービスセンター【通所介護】福岡県直方市上境1811-1住宅型有料老人ホーム暖ったか館直方上境", "url": "https://www.kaigokensaku.mhlw.go.jp/40/index.php?action_kouhyou_detail_004_kani=true&JigyosyoCd=4071702189-00&ServiceCd=150&Type=search", "url2": "https://www.silver-star.biz" }, "geometry": { "type": "Point", "coordinates": [ 130.7532591, 33.7234002 ] } },
{ "type": "Feature", "properties": { "内容": "デイサービス生き生きホーム【通所介護】福岡県直方市溝堀3丁目5番41号", "url": "https://www.kaigokensaku.mhlw.go.jp/40/index.php?action_kouhyou_detail_004_kani=true&JigyosyoCd=4071700829-00&ServiceCd=150&Type=search", "url2": null }, "geometry": { "type": "Point", "coordinates": [ 130.731102400000026, 33.7333601 ] } },
{ "type": "Feature", "properties": { "内容": "デイサービスみんなの家【通所介護】福岡県直方市上境289番地1", "url": "https://www.kaigokensaku.mhlw.go.jp/40/index.php?action_kouhyou_detail_004_kani=true&JigyosyoCd=4071702346-00&ServiceCd=150&Type=search", "url2": "http://minnanoie-nogata.com/" }, "geometry": { "type": "Point", "coordinates": [ 130.759769199999965, 33.7259063 ] } },
{ "type": "Feature", "properties": { "内容": "あべりあ福智の里リハビリセンター【通所介護】福岡県直方市湯野原二丁目１５番１号", "url": "https://www.kaigokensaku.mhlw.go.jp/40/index.php?action_kouhyou_detail_004_kani=true&JigyosyoCd=4071702114-00&ServiceCd=150&Type=search", "url2": "soreiyugroup.or.jp" }, "geometry": { "type": "Point", "coordinates": [ 130.752005, 33.7677477 ] } },
{ "type": "Feature", "properties": { "内容": "健明会　総合ケアセンター【通所介護】福岡県直方市大字感田字遠浦１８４２－１２", "url": "https://www.kaigokensaku.mhlw.go.jp/40/index.php?action_kouhyou_detail_004_kani=true&JigyosyoCd=4071701231-00&ServiceCd=150&Type=search", "url2": "http://www.kenmeikai.jp/" }, "geometry": { "type": "Point", "coordinates": [ 130.741338940367086, 33.768971599827715 ] } },
{ "type": "Feature", "properties": { "内容": "たくみ苑デイサービスセンター【通所介護】直方市大字植木595番地サービス付高齢者住宅　たくみ苑", "url": "https://www.kaigokensaku.mhlw.go.jp/40/index.php?action_kouhyou_detail_004_kani=true&JigyosyoCd=4071701439-00&ServiceCd=150&Type=search", "url2": null }, "geometry": { "type": "Point", "coordinates": [ 130.7122104, 33.7724218 ] } },
{ "type": "Feature", "properties": { "内容": "あべりあ福智の丘デイサービスセンター【通所介護】福岡県直方市湯野原２丁目１５-１", "url": "https://www.kaigokensaku.mhlw.go.jp/40/index.php?action_kouhyou_detail_004_kani=true&JigyosyoCd=4071702106-00&ServiceCd=150&Type=search", "url2": "https://soreiyugroup.or.jp/" }, "geometry": { "type": "Point", "coordinates": [ 130.752005, 33.7677477 ] } },
{ "type": "Feature", "properties": { "内容": "ベルの郷ＡＮＮＥＸデイサービスセンター【通所介護】福岡県直方市感田1775-7", "url": "https://www.kaigokensaku.mhlw.go.jp/40/index.php?action_kouhyou_detail_004_kani=true&JigyosyoCd=4071701793-00&ServiceCd=150&Type=search", "url2": "http://bellnosato.com/annex/" }, "geometry": { "type": "Point", "coordinates": [ 130.743963549057071, 33.769639377955578 ] } },
{ "type": "Feature", "properties": { "内容": "デイサービスこころ【通所介護】福岡県直方市古町１０番１３号", "url": "https://www.kaigokensaku.mhlw.go.jp/40/index.php?action_kouhyou_detail_004_kani=true&JigyosyoCd=4071701983-00&ServiceCd=150&Type=search", "url2": "http://fukushinin.co.jp/" }, "geometry": { "type": "Point", "coordinates": [ 130.727735400000029, 33.7465947 ] } },
{ "type": "Feature", "properties": { "内容": "リハビリデイサービスなのはな【通所介護】福岡県直方市新知町6－10ロイヤルメゾン101号室", "url": "https://www.kaigokensaku.mhlw.go.jp/40/index.php?action_kouhyou_detail_004_kani=true&JigyosyoCd=4071702650-00&ServiceCd=150&Type=search", "url2": null }, "geometry": { "type": "Point", "coordinates": [ 130.7223884, 33.7569903 ] } },
{ "type": "Feature", "properties": { "内容": "デイサービス　げんき塾【通所介護】福岡県直方市大字感田1497-1番地", "url": "https://www.kaigokensaku.mhlw.go.jp/40/index.php?action_kouhyou_detail_004_kani=true&JigyosyoCd=4071701298-00&ServiceCd=150&Type=search", "url2": "minorinosato.co.jp" }, "geometry": { "type": "Point", "coordinates": [ 130.735452993562376, 33.767269132408003 ] } },
{ "type": "Feature", "properties": { "内容": "デイサービスセンターケアウォーク【通所介護】福岡県直方市大字植木１０６７番１３", "url": "https://www.kaigokensaku.mhlw.go.jp/40/index.php?action_kouhyou_detail_004_kani=true&JigyosyoCd=4071701801-00&ServiceCd=150&Type=search", "url2": "http://www.care-walk.coｍ/" }, "geometry": { "type": "Point", "coordinates": [ 130.7123937, 33.777035199999986 ] } },
{ "type": "Feature", "properties": { "内容": "五月園デイサービスセンター【通所介護】福岡県直方市下新入法花寺2593-8", "url": "https://www.kaigokensaku.mhlw.go.jp/40/index.php?action_kouhyou_detail_004_kani=true&JigyosyoCd=4071700134-00&ServiceCd=150&Type=search", "url2": "https://tsukumo-kai.jp/" }, "geometry": { "type": "Point", "coordinates": [ 130.699267546635355, 33.757117236351306 ] } },
{ "type": "Feature", "properties": { "内容": "デイサービスセンター　フレンズ【通所介護】福岡県直方市感田1973-1", "url": "https://www.kaigokensaku.mhlw.go.jp/40/index.php?action_kouhyou_detail_004_kani=true&JigyosyoCd=4071702320-00&ServiceCd=150&Type=search", "url2": null }, "geometry": { "type": "Point", "coordinates": [ 130.733093700000012, 33.770141 ] } },
{ "type": "Feature", "properties": { "内容": "デイサービス陽だまりpoppo【通所介護】福岡県直方市須崎町9－14陽だまりpoppビル", "url": "https://www.kaigokensaku.mhlw.go.jp/40/index.php?action_kouhyou_detail_004_kani=true&JigyosyoCd=4071702379-00&ServiceCd=150&Type=search", "url2": null }, "geometry": { "type": "Point", "coordinates": [ 130.726094499999988, 33.752698 ] } },
{ "type": "Feature", "properties": { "内容": "すみの苑デイサービスセンター【通所介護】福岡県直方市知古1408-5", "url": "https://www.kaigokensaku.mhlw.go.jp/40/index.php?action_kouhyou_detail_004_kani=true&JigyosyoCd=4071701082-00&ServiceCd=150&Type=search", "url2": "https://suminoen.com" }, "geometry": { "type": "Point", "coordinates": [ 130.7237073, 33.7582988 ] } },
{ "type": "Feature", "properties": { "内容": "デイサービスセンター　ｆｉｅｌｄ【通所介護】福岡県直方市大字頓野1935番地3", "url": "https://www.kaigokensaku.mhlw.go.jp/40/index.php?action_kouhyou_detail_004_kani=true&JigyosyoCd=4071702403-00&ServiceCd=150&Type=search", "url2": null }, "geometry": { "type": "Point", "coordinates": [ 130.744267900000011, 33.7526818 ] } },
{ "type": "Feature", "properties": { "内容": "デイサービスセンター　まひろ【通所介護】福岡県直方市大字上新入1647番地4住宅型有料老人ホーム　まひろの里", "url": "https://www.kaigokensaku.mhlw.go.jp/40/index.php?action_kouhyou_detail_004_kani=true&JigyosyoCd=4071701447-00&ServiceCd=150&Type=search", "url2": "https://mahironosato.com/" }, "geometry": { "type": "Point", "coordinates": [ 130.719921699999986, 33.7543548 ] } },
{ "type": "Feature", "properties": { "内容": "デイサービスぬくもり【通所介護】須崎町6-3", "url": "https://www.kaigokensaku.mhlw.go.jp/40/index.php?action_kouhyou_detail_004_kani=true&JigyosyoCd=4071702452-00&ServiceCd=150&Type=search", "url2": "http://kurajinosatoya.jp" }, "geometry": { "type": "Point", "coordinates": [ 130.724122387335854, 33.751387824766127 ] } },
{ "type": "Feature", "properties": { "内容": "デイサービス　ひなた【通所介護】福岡県直方市大字上境2661-2サービス付き高齢者向け住宅　ひなたの心", "url": "https://www.kaigokensaku.mhlw.go.jp/40/index.php?action_kouhyou_detail_004_kani=true&JigyosyoCd=4071701751-00&ServiceCd=150&Type=search", "url2": "http://hanatanokokoro.com" }, "geometry": { "type": "Point", "coordinates": [ 130.755477457177676, 33.729099304611154 ] } },
{ "type": "Feature", "properties": { "内容": "社会福祉法人グリーンコープデイサービスセンター直方【通所介護】福岡県直方市大字感田169-10", "url": "https://www.kaigokensaku.mhlw.go.jp/40/index.php?action_kouhyou_detail_004_kani=true&JigyosyoCd=4071701397-00&ServiceCd=150&Type=search", "url2": "ｃｖ２１ｗelds@greencoop.or.jp" }, "geometry": { "type": "Point", "coordinates": [ 130.752135800000019, 33.7629267 ] } },
{ "type": "Feature", "properties": { "内容": "デイサービスステーション　おとのわ【通所介護】福岡県直方市大字山部1474-6", "url": "https://www.kaigokensaku.mhlw.go.jp/40/index.php?action_kouhyou_detail_004_kani=true&JigyosyoCd=4071702676-00&ServiceCd=150&Type=search", "url2": null }, "geometry": { "type": "Point", "coordinates": [ 130.7174028, 33.7399388 ] } },
{ "type": "Feature", "properties": { "内容": "デイサービスセンター　エルム【通所介護】福岡県飯塚市明星寺45番地1", "url": "https://www.kaigokensaku.mhlw.go.jp/40/index.php?action_kouhyou_detail_004_kani=true&JigyosyoCd=4071801031-00&ServiceCd=150&Type=search", "url2": "http://r.goope.jp/elm/" }, "geometry": { "type": "Point", "coordinates": [ 130.6450549, 33.6229309 ] } },
{ "type": "Feature", "properties": { "内容": "デイサービス　ハレレア【通所介護】福岡県飯塚市下三緒435－1", "url": "https://www.kaigokensaku.mhlw.go.jp/40/index.php?action_kouhyou_detail_004_kani=true&JigyosyoCd=4071804548-00&ServiceCd=150&Type=search", "url2": null }, "geometry": { "type": "Point", "coordinates": [ 130.701159, 33.6342503 ] } },
{ "type": "Feature", "properties": { "内容": "通所介護すずらん【通所介護】福岡県飯塚市綱分933番地6", "url": "https://www.kaigokensaku.mhlw.go.jp/40/index.php?action_kouhyou_detail_004_kani=true&JigyosyoCd=4076300187-00&ServiceCd=150&Type=search", "url2": null }, "geometry": { "type": "Point", "coordinates": [ 130.736128300000018, 33.632515 ] } },
{ "type": "Feature", "properties": { "内容": "デイサービスみのりの丘【通所介護】福岡県飯塚市鹿毛馬１６５３番地７", "url": "https://www.kaigokensaku.mhlw.go.jp/40/index.php?action_kouhyou_detail_004_kani=true&JigyosyoCd=4071802781-00&ServiceCd=150&Type=search", "url2": null }, "geometry": { "type": "Point", "coordinates": [ 130.72832040000003, 33.6825065 ] } },
{ "type": "Feature", "properties": { "内容": "生活介護　にじいろｓｍｉｌｅ【通所介護】福岡県飯塚市小正１６７－３生活介護　にじいろｓｍｉｌｅ", "url": "https://www.kaigokensaku.mhlw.go.jp/40/index.php?action_kouhyou_detail_004_kani=true&JigyosyoCd=4071804423-00&ServiceCd=150&Type=search", "url2": "https://nijiirosmile.tkc.best-hp.jp" }, "geometry": { "type": "Point", "coordinates": [ 130.665894200000054, 33.6256771 ] } },
{ "type": "Feature", "properties": { "内容": "有限会社ウエフ　デイサービスセンターおとひめ【通所介護】福岡県飯塚市下三緒47番地１", "url": "https://www.kaigokensaku.mhlw.go.jp/40/index.php?action_kouhyou_detail_004_kani=true&JigyosyoCd=4071802906-00&ServiceCd=150&Type=search", "url2": null }, "geometry": { "type": "Point", "coordinates": [ 130.705696182002271, 33.633113674962644 ] } },
{ "type": "Feature", "properties": { "内容": "デイサービスセンターいずみの森【通所介護】福岡県飯塚市庄司１９４１番地１", "url": "https://www.kaigokensaku.mhlw.go.jp/40/index.php?action_kouhyou_detail_004_kani=true&JigyosyoCd=4071803581-00&ServiceCd=150&Type=search", "url2": "http://www.izumifukushikai.com" }, "geometry": { "type": "Point", "coordinates": [ 130.661854492590351, 33.673377487429327 ] } },
{ "type": "Feature", "properties": { "内容": "デイサービスセンターいずみ【通所介護】福岡県飯塚市庄司1878番地2", "url": "https://www.kaigokensaku.mhlw.go.jp/40/index.php?action_kouhyou_detail_004_kani=true&JigyosyoCd=4071804209-00&ServiceCd=150&Type=search", "url2": "http://www.izumifukushikai.com/" }, "geometry": { "type": "Point", "coordinates": [ 130.66073750000001, 33.6733983 ] } },
{ "type": "Feature", "properties": { "内容": "デイサービスセンター　わかな【通所介護】福岡県飯塚市小正21-6", "url": "https://www.kaigokensaku.mhlw.go.jp/40/index.php?action_kouhyou_detail_004_kani=true&JigyosyoCd=4071802286-00&ServiceCd=150&Type=search", "url2": null }, "geometry": { "type": "Point", "coordinates": [ 130.668080700000019, 33.6249757 ] } },
{ "type": "Feature", "properties": { "内容": "つばき苑デイサービスセンター【通所介護】福岡県飯塚市椿682番地", "url": "https://www.kaigokensaku.mhlw.go.jp/40/index.php?action_kouhyou_detail_004_kani=true&JigyosyoCd=4076200049-00&ServiceCd=150&Type=search", "url2": "http://tbk-en.jp" }, "geometry": { "type": "Point", "coordinates": [ 130.652126599999974, 33.6190342 ] } },
{ "type": "Feature", "properties": { "内容": "太陽の郷　デイサ－ビスセンタ－【通所介護】福岡県飯塚市下三緒690", "url": "https://www.kaigokensaku.mhlw.go.jp/40/index.php?action_kouhyou_detail_004_kani=true&JigyosyoCd=4071800355-00&ServiceCd=150&Type=search", "url2": "http//taiyonosato.jp" }, "geometry": { "type": "Point", "coordinates": [ 130.701261100000011, 33.6328812 ] } },
{ "type": "Feature", "properties": { "内容": "デイサービスセンター希望【通所介護】福岡県飯塚市南尾1番地96", "url": "https://www.kaigokensaku.mhlw.go.jp/40/index.php?action_kouhyou_detail_004_kani=true&JigyosyoCd=4071804258-00&ServiceCd=150&Type=search", "url2": null }, "geometry": { "type": "Point", "coordinates": [ 130.696029969292226, 33.619739825289138 ] } },
{ "type": "Feature", "properties": { "内容": "瑞穂の郷デイサービスセンター【通所介護】福岡県飯塚市大分１５４番地１", "url": "https://www.kaigokensaku.mhlw.go.jp/40/index.php?action_kouhyou_detail_004_kani=true&JigyosyoCd=4076100140-00&ServiceCd=150&Type=search", "url2": "http://www.honjinen.com" }, "geometry": { "type": "Point", "coordinates": [ 130.635162600000058, 33.5820684 ] } },
{ "type": "Feature", "properties": { "内容": "東ヶ丘デイサービスセンター【通所介護】福岡県飯塚市下三緒35番地442", "url": "https://www.kaigokensaku.mhlw.go.jp/40/index.php?action_kouhyou_detail_004_kani=true&JigyosyoCd=4071801361-00&ServiceCd=150&Type=search", "url2": "best-fukushi.co.jp" }, "geometry": { "type": "Point", "coordinates": [ 130.710627, 33.6376696 ] } },
{ "type": "Feature", "properties": { "内容": "デイサービスはなみずき【通所介護】福岡県飯塚市相田574-1", "url": "https://www.kaigokensaku.mhlw.go.jp/40/index.php?action_kouhyou_detail_004_kani=true&JigyosyoCd=4071803912-00&ServiceCd=150&Type=search", "url2": "http://lifepartner-iizuka.com/" }, "geometry": { "type": "Point", "coordinates": [ 130.659566300000051, 33.6629935 ] } },
{ "type": "Feature", "properties": { "内容": "デイサービスセンター多田の里【通所介護】福岡県飯塚市多田309番地11", "url": "https://www.kaigokensaku.mhlw.go.jp/40/index.php?action_kouhyou_detail_004_kani=true&JigyosyoCd=4076300088-00&ServiceCd=150&Type=search", "url2": "http://satoh-group.or.jp/tada/" }, "geometry": { "type": "Point", "coordinates": [ 130.741997399999946, 33.6439695 ] } },
{ "type": "Feature", "properties": { "内容": "リハビリデイサービス　サンライズ【通所介護】福岡県飯塚市阿恵384-4", "url": "https://www.kaigokensaku.mhlw.go.jp/40/index.php?action_kouhyou_detail_004_kani=true&JigyosyoCd=4071804175-00&ServiceCd=150&Type=search", "url2": null }, "geometry": { "type": "Point", "coordinates": [ 130.646146499999986, 33.5681902 ] } },
{ "type": "Feature", "properties": { "内容": "デイサービスセンター向陽【通所介護】飯塚市上三緒887番地1向陽館", "url": "https://www.kaigokensaku.mhlw.go.jp/40/index.php?action_kouhyou_detail_004_kani=true&JigyosyoCd=4071802823-00&ServiceCd=150&Type=search", "url2": null }, "geometry": { "type": "Point", "coordinates": [ 130.713210299999986, 33.6304648 ] } },
{ "type": "Feature", "properties": { "内容": "デイサービスゆう【通所介護】太郎丸934番地", "url": "https://www.kaigokensaku.mhlw.go.jp/40/index.php?action_kouhyou_detail_004_kani=true&JigyosyoCd=4071803920-00&ServiceCd=150&Type=search", "url2": null }, "geometry": { "type": "Point", "coordinates": [ 130.670430844914222, 33.61062020650337 ] } },
{ "type": "Feature", "properties": { "内容": "歩きの相談所【通所介護】福岡県飯塚市綱分1523－1", "url": "https://www.kaigokensaku.mhlw.go.jp/40/index.php?action_kouhyou_detail_004_kani=true&JigyosyoCd=4071804399-00&ServiceCd=150&Type=search", "url2": null }, "geometry": { "type": "Point", "coordinates": [ 130.7228472, 33.6308305 ] } },
{ "type": "Feature", "properties": { "内容": "デイサービスウェル飯塚【通所介護】吉原町11‐21", "url": "https://www.kaigokensaku.mhlw.go.jp/40/index.php?action_kouhyou_detail_004_kani=true&JigyosyoCd=4071804472-00&ServiceCd=150&Type=search", "url2": null }, "geometry": { "type": "Point", "coordinates": [ 130.6862136, 33.64039 ] } },
{ "type": "Feature", "properties": { "内容": "デイサービスくぬぎ苑【通所介護】福岡県飯塚市相田114-1", "url": "https://www.kaigokensaku.mhlw.go.jp/40/index.php?action_kouhyou_detail_004_kani=true&JigyosyoCd=4071801502-00&ServiceCd=150&Type=search", "url2": "http://kunugien.com/new/" }, "geometry": { "type": "Point", "coordinates": [ 130.661780200000067, 33.6570109 ] } },
{ "type": "Feature", "properties": { "内容": "アップルハート柏の森デイサービスセンター【通所介護】福岡県飯塚市柏の森大谷１１－４", "url": "https://www.kaigokensaku.mhlw.go.jp/40/index.php?action_kouhyou_detail_004_kani=true&JigyosyoCd=4071801569-00&ServiceCd=150&Type=search", "url2": "http://www.aso-group.co.jp/ams" }, "geometry": { "type": "Point", "coordinates": [ 130.710857499999946, 33.6405971 ] } },
{ "type": "Feature", "properties": { "内容": "アフィニティーつつじの丘　デイサービス【通所介護】福岡県飯塚市横田823番地1住宅型有料老人ホーム　アフィニティーつつじの丘", "url": "https://www.kaigokensaku.mhlw.go.jp/40/index.php?action_kouhyou_detail_004_kani=true&JigyosyoCd=4071804316-00&ServiceCd=150&Type=search", "url2": "https://f-shinwakai.or.jp/" }, "geometry": { "type": "Point", "coordinates": [ 130.6676749, 33.6437548 ] } },
{ "type": "Feature", "properties": { "内容": "りはぷるデイサービスセンター【通所介護】福岡県飯塚市佐與1396-7", "url": "https://www.kaigokensaku.mhlw.go.jp/40/index.php?action_kouhyou_detail_004_kani=true&JigyosyoCd=4071803219-00&ServiceCd=150&Type=search", "url2": "http://rehaproday.improboth.com/" }, "geometry": { "type": "Point", "coordinates": [ 130.7192126, 33.6774179 ] } },
{ "type": "Feature", "properties": { "内容": "医療法人社団　親和会　デイサービスきんもくせい頴田【通所介護】福岡県飯塚市口原347-1", "url": "https://www.kaigokensaku.mhlw.go.jp/40/index.php?action_kouhyou_detail_004_kani=true&JigyosyoCd=4071804001-00&ServiceCd=150&Type=search", "url2": "http://f-shinwakai.or.jp/" }, "geometry": { "type": "Point", "coordinates": [ 130.719251971827731, 33.684013763422058 ] } },
{ "type": "Feature", "properties": { "内容": "デイサービス　すこやかの里【通所介護】福岡県飯塚市下三緒35-664", "url": "https://www.kaigokensaku.mhlw.go.jp/40/index.php?action_kouhyou_detail_004_kani=true&JigyosyoCd=4071804092-00&ServiceCd=150&Type=search", "url2": null }, "geometry": { "type": "Point", "coordinates": [ 130.710946773995829, 33.636678100005149 ] } },
{ "type": "Feature", "properties": { "内容": "デイサービスセンター　ごんげん堂【通所介護】福岡県飯塚市勢田２５９３番地６５", "url": "https://www.kaigokensaku.mhlw.go.jp/40/index.php?action_kouhyou_detail_004_kani=true&JigyosyoCd=4076400037-00&ServiceCd=150&Type=search", "url2": null }, "geometry": { "type": "Point", "coordinates": [ 130.727075900000045, 33.7037573 ] } },
{ "type": "Feature", "properties": { "内容": "良創夢リハビリの森デイサービスセンター【通所介護】福岡県飯塚市忠隈394番地5", "url": "https://www.kaigokensaku.mhlw.go.jp/40/index.php?action_kouhyou_detail_004_kani=true&JigyosyoCd=4071801767-00&ServiceCd=150&Type=search", "url2": "http://www.rasoumu.co.jp/" }, "geometry": { "type": "Point", "coordinates": [ 130.68380800674592, 33.621414901084712 ] } },
{ "type": "Feature", "properties": { "内容": "デイサービスセンター　榎の里【通所介護】福岡県飯塚市赤坂580-4", "url": "https://www.kaigokensaku.mhlw.go.jp/40/index.php?action_kouhyou_detail_004_kani=true&JigyosyoCd=4071802112-00&ServiceCd=150&Type=search", "url2": "http://hakuryuen.net" }, "geometry": { "type": "Point", "coordinates": [ 130.735450600000036, 33.618244 ] } },
{ "type": "Feature", "properties": { "内容": "デイサービス　きこり【通所介護】飯塚市有安６２８番地３", "url": "https://www.kaigokensaku.mhlw.go.jp/40/index.php?action_kouhyou_detail_004_kani=true&JigyosyoCd=4071803094-00&ServiceCd=150&Type=search", "url2": null }, "geometry": { "type": "Point", "coordinates": [ 130.730556938623067, 33.649156430166165 ] } },
{ "type": "Feature", "properties": { "内容": "医療法人　夢結　良創夢デイサービスセンター飯塚店【通所介護】福岡県飯塚市鯰田2425番地206", "url": "https://www.kaigokensaku.mhlw.go.jp/40/index.php?action_kouhyou_detail_004_kani=true&JigyosyoCd=4071803755-00&ServiceCd=150&Type=search", "url2": "https://www.yumemusubi.jp" }, "geometry": { "type": "Point", "coordinates": [ 130.698277400000052, 33.6558841 ] } },
{ "type": "Feature", "properties": { "内容": "社会福祉法人飯塚市社会福祉協議会筑穂支所保健福祉総合センター通所介護事業所【通所介護】福岡県飯塚市長尾９１１－１", "url": "https://www.kaigokensaku.mhlw.go.jp/40/index.php?action_kouhyou_detail_004_kani=true&JigyosyoCd=4076100231-00&ServiceCd=150&Type=search", "url2": null }, "geometry": { "type": "Point", "coordinates": [ 130.644550900000013, 33.5734806 ] } },
{ "type": "Feature", "properties": { "内容": "デイサービス　レモンの木【通所介護】中１０７９番地", "url": "https://www.kaigokensaku.mhlw.go.jp/40/index.php?action_kouhyou_detail_004_kani=true&JigyosyoCd=4071802682-00&ServiceCd=150&Type=search", "url2": null }, "geometry": { "type": "Point", "coordinates": [ 130.675262, 33.6711208 ] } },
{ "type": "Feature", "properties": { "内容": "シニアコミュニティーつばき【通所介護】飯塚市若菜256番地77", "url": "https://www.kaigokensaku.mhlw.go.jp/40/index.php?action_kouhyou_detail_004_kani=true&JigyosyoCd=4071802708-00&ServiceCd=150&Type=search", "url2": "http://www.humanholdings.jp/" }, "geometry": { "type": "Point", "coordinates": [ 130.670103479854703, 33.629243219148485 ] } },
{ "type": "Feature", "properties": { "内容": "デイサービスセンター結【通所介護】口原1744番地", "url": "https://www.kaigokensaku.mhlw.go.jp/40/index.php?action_kouhyou_detail_004_kani=true&JigyosyoCd=4071803342-00&ServiceCd=150&Type=search", "url2": null }, "geometry": { "type": "Point", "coordinates": [ 130.715222745230079, 33.698171934781008 ] } },
{ "type": "Feature", "properties": { "内容": "デイサービスセンターいいづか【通所介護】福岡県飯塚市花瀬157番地1", "url": "https://www.kaigokensaku.mhlw.go.jp/40/index.php?action_kouhyou_detail_004_kani=true&JigyosyoCd=4071800264-00&ServiceCd=150&Type=search", "url2": "iihokai.com" }, "geometry": { "type": "Point", "coordinates": [ 130.658890883991944, 33.642581607058681 ] } },
{ "type": "Feature", "properties": { "内容": "天空の杜デイサービスセンター【通所介護】福岡県飯塚市平恒１８１－１", "url": "https://www.kaigokensaku.mhlw.go.jp/40/index.php?action_kouhyou_detail_004_kani=true&JigyosyoCd=4071802005-00&ServiceCd=150&Type=search", "url2": "http://www.9-10.jp" }, "geometry": { "type": "Point", "coordinates": [ 130.686682799999971, 33.611422 ] } },
{ "type": "Feature", "properties": { "内容": "デイサービスセンター和や家【通所介護】福岡県飯塚市柏の森946-9", "url": "https://www.kaigokensaku.mhlw.go.jp/40/index.php?action_kouhyou_detail_004_kani=true&JigyosyoCd=4071804498-00&ServiceCd=150&Type=search", "url2": "asuanro-f.jp" }, "geometry": { "type": "Point", "coordinates": [ 130.694975, 33.641741 ] } },
{ "type": "Feature", "properties": { "内容": "デイサービス　里【通所介護】福岡県飯塚市太郎丸西平田1036番地1", "url": "https://www.kaigokensaku.mhlw.go.jp/40/index.php?action_kouhyou_detail_004_kani=true&JigyosyoCd=4071803490-00&ServiceCd=150&Type=search", "url2": null }, "geometry": { "type": "Point", "coordinates": [ 130.66684859999998, 33.6100098 ] } },
{ "type": "Feature", "properties": { "内容": "ローシャルデイサービス飯塚【通所介護】福岡県飯塚市上三緒46番地1", "url": "https://www.kaigokensaku.mhlw.go.jp/40/index.php?action_kouhyou_detail_004_kani=true&JigyosyoCd=4071803896-00&ServiceCd=150&Type=search", "url2": "https://the-harmony.net/facility/index.html" }, "geometry": { "type": "Point", "coordinates": [ 130.713322100000028, 33.6256542 ] } },
{ "type": "Feature", "properties": { "内容": "わくわく倶楽部デイサービスセンター【通所介護】福岡県飯塚市内野２１４番地26", "url": "https://www.kaigokensaku.mhlw.go.jp/40/index.php?action_kouhyou_detail_004_kani=true&JigyosyoCd=4071801783-00&ServiceCd=150&Type=search", "url2": "https://www.wakuwaku-iizuka.com/" }, "geometry": { "type": "Point", "coordinates": [ 130.643999, 33.5463861 ] } },
{ "type": "Feature", "properties": { "内容": "デイサービス花【通所介護】福岡県飯塚市綱分１５８９－１", "url": "https://www.kaigokensaku.mhlw.go.jp/40/index.php?action_kouhyou_detail_004_kani=true&JigyosyoCd=4071802179-00&ServiceCd=150&Type=search", "url2": "hanahana@canvas.ocn.ne.jp" }, "geometry": { "type": "Point", "coordinates": [ 130.727981600000021, 33.6307344 ] } },
{ "type": "Feature", "properties": { "内容": "デイサービスenshia【通所介護】福岡県飯塚市相田581-3", "url": "https://www.kaigokensaku.mhlw.go.jp/40/index.php?action_kouhyou_detail_004_kani=true&JigyosyoCd=4071804357-00&ServiceCd=150&Type=search", "url2": "https://hanamizuki.lifepartner-iizuka.com/2022/11/30/540/" }, "geometry": { "type": "Point", "coordinates": [ 130.6524512, 33.6684717 ] } },
{ "type": "Feature", "properties": { "内容": "機能訓練センター　デイサービス大地【通所介護】福岡県飯塚市目尾786-1", "url": "https://www.kaigokensaku.mhlw.go.jp/40/index.php?action_kouhyou_detail_004_kani=true&JigyosyoCd=4071803227-00&ServiceCd=150&Type=search", "url2": null }, "geometry": { "type": "Point", "coordinates": [ 130.701982600000065, 33.6754235 ] } },
{ "type": "Feature", "properties": { "内容": "デイサービスセンターあいあい飯塚【通所介護】福岡県飯塚市幸袋575-12", "url": "https://www.kaigokensaku.mhlw.go.jp/40/index.php?action_kouhyou_detail_004_kani=true&JigyosyoCd=4071804571-00&ServiceCd=150&Type=search", "url2": "http://aiai-care.com" }, "geometry": { "type": "Point", "coordinates": [ 130.679864793254126, 33.659317795186873 ] } },
{ "type": "Feature", "properties": { "内容": "デイサービスかながわ苑【通所介護】福岡県田川市大字夏吉1785番地１", "url": "https://www.kaigokensaku.mhlw.go.jp/40/index.php?action_kouhyou_detail_004_kani=true&JigyosyoCd=4071902268-00&ServiceCd=150&Type=search", "url2": null }, "geometry": { "type": "Point", "coordinates": [ 130.8262148, 33.6548368 ] } },
{ "type": "Feature", "properties": { "内容": "つくしデイサービス【通所介護】福岡県田川市平松町3-74", "url": "https://www.kaigokensaku.mhlw.go.jp/40/index.php?action_kouhyou_detail_004_kani=true&JigyosyoCd=4071902813-00&ServiceCd=150&Type=search", "url2": null }, "geometry": { "type": "Point", "coordinates": [ 130.806034880118403, 33.632807360318679 ] } },
{ "type": "Feature", "properties": { "内容": "自立テラスたんと【通所介護】福岡県田川市大字弓削田341-1", "url": "https://www.kaigokensaku.mhlw.go.jp/40/index.php?action_kouhyou_detail_004_kani=true&JigyosyoCd=4071902896-00&ServiceCd=150&Type=search", "url2": null }, "geometry": { "type": "Point", "coordinates": [ 130.7904513, 33.6351901 ] } },
{ "type": "Feature", "properties": { "内容": "寿楽園デイサービスセンター【通所介護】福岡県田川市大字伊加利2096番地", "url": "https://www.kaigokensaku.mhlw.go.jp/40/index.php?action_kouhyou_detail_004_kani=true&JigyosyoCd=4071900320-00&ServiceCd=150&Type=search", "url2": "http://jyurakuen.or.jp/" }, "geometry": { "type": "Point", "coordinates": [ 130.832617562040696, 33.61840609084733 ] } },
{ "type": "Feature", "properties": { "内容": "デイサービスほまれ【通所介護】福岡県田川市中央町3番26号", "url": "https://www.kaigokensaku.mhlw.go.jp/40/index.php?action_kouhyou_detail_004_kani=true&JigyosyoCd=4071903217-00&ServiceCd=150&Type=search", "url2": null }, "geometry": { "type": "Point", "coordinates": [ 130.8064152, 33.6400279 ] } },
{ "type": "Feature", "properties": { "内容": "ことぶき園デイサービスセンター【通所介護】福岡県田川市大字伊田431-1", "url": "https://www.kaigokensaku.mhlw.go.jp/40/index.php?action_kouhyou_detail_004_kani=true&JigyosyoCd=4071900312-00&ServiceCd=150&Type=search", "url2": "http://www.tagawafukushikai.com" }, "geometry": { "type": "Point", "coordinates": [ 130.814466, 33.6433849 ] } },
{ "type": "Feature", "properties": { "内容": "デイサービスセンターきらぼし【通所介護】福岡県田川市弓削田117-1", "url": "https://www.kaigokensaku.mhlw.go.jp/40/index.php?action_kouhyou_detail_004_kani=true&JigyosyoCd=4071902607-00&ServiceCd=150&Type=search", "url2": "kiraboshi001@gmail.com" }, "geometry": { "type": "Point", "coordinates": [ 130.78960948584438, 33.625447234096903 ] } },
{ "type": "Feature", "properties": { "内容": "ゆめデイサービスセンター【通所介護】福岡県田川市大字糒1789番地1", "url": "https://www.kaigokensaku.mhlw.go.jp/40/index.php?action_kouhyou_detail_004_kani=true&JigyosyoCd=4071902615-00&ServiceCd=150&Type=search", "url2": null }, "geometry": { "type": "Point", "coordinates": [ 130.804268733204736, 33.655285213334842 ] } },
{ "type": "Feature", "properties": { "内容": "暖家の丘第2デイサービスセンター【通所介護】福岡県田川市大字位登108番地1", "url": "https://www.kaigokensaku.mhlw.go.jp/40/index.php?action_kouhyou_detail_004_kani=true&JigyosyoCd=4071902938-00&ServiceCd=150&Type=search", "url2": "http://dankenooka.net/" }, "geometry": { "type": "Point", "coordinates": [ 130.7990469, 33.6072571 ] } },
{ "type": "Feature", "properties": { "内容": "サンフェロー暖家の丘デイサービスセンター【通所介護】田川市大字糒824-20サンフェロー暖家の丘1階", "url": "https://www.kaigokensaku.mhlw.go.jp/40/index.php?action_kouhyou_detail_004_kani=true&JigyosyoCd=4071902474-00&ServiceCd=150&Type=search", "url2": "http://dankenooka.net/" }, "geometry": { "type": "Point", "coordinates": [ 130.805494, 33.6566753 ] } },
{ "type": "Feature", "properties": { "内容": "エースデイサービス【通所介護】福岡県田川市大字伊田2683-5", "url": "https://www.kaigokensaku.mhlw.go.jp/40/index.php?action_kouhyou_detail_004_kani=true&JigyosyoCd=4071902920-00&ServiceCd=150&Type=search", "url2": null }, "geometry": { "type": "Point", "coordinates": [ 130.815030799999931, 33.6377313 ] } },
{ "type": "Feature", "properties": { "内容": "暖家の丘デイサービスセンター【通所介護】福岡県田川市大字位登928番地", "url": "https://www.kaigokensaku.mhlw.go.jp/40/index.php?action_kouhyou_detail_004_kani=true&JigyosyoCd=4071900205-00&ServiceCd=150&Type=search", "url2": "http://iikanefukusikai.blogspot.jp/" }, "geometry": { "type": "Point", "coordinates": [ 130.788744400000041, 33.6096046 ] } },
{ "type": "Feature", "properties": { "内容": "サンプレイス暖家の丘デイサービスセンター【通所介護】福岡県田川市大字位登113-1サンプレイス暖家の丘", "url": "https://www.kaigokensaku.mhlw.go.jp/40/index.php?action_kouhyou_detail_004_kani=true&JigyosyoCd=4071902128-00&ServiceCd=150&Type=search", "url2": "http://www.dankenooka.net/" }, "geometry": { "type": "Point", "coordinates": [ 130.7991796, 33.6093549 ] } },
{ "type": "Feature", "properties": { "内容": "デイサービス光ヶ丘【通所介護】福岡県田川市大字伊田2562番地40", "url": "https://www.kaigokensaku.mhlw.go.jp/40/index.php?action_kouhyou_detail_004_kani=true&JigyosyoCd=4071903019-00&ServiceCd=150&Type=search", "url2": "https://totalcare-kawano.com/" }, "geometry": { "type": "Point", "coordinates": [ 130.8174976, 33.638115 ] } },
{ "type": "Feature", "properties": { "内容": "デイサービスセンターすばる【通所介護】福岡県田川市川宮63-3デイサービスセンターすばる", "url": "https://www.kaigokensaku.mhlw.go.jp/40/index.php?action_kouhyou_detail_004_kani=true&JigyosyoCd=4071902110-00&ServiceCd=150&Type=search", "url2": "http://www.subaru-rehab.net/" }, "geometry": { "type": "Point", "coordinates": [ 130.780227400000058, 33.6437508 ] } },
{ "type": "Feature", "properties": { "内容": "デイサービスセンターぱらだいす【通所介護】田川市夏吉３０６２番地の1", "url": "https://www.kaigokensaku.mhlw.go.jp/40/index.php?action_kouhyou_detail_004_kani=true&JigyosyoCd=4071902383-00&ServiceCd=150&Type=search", "url2": "http://www.paradise-kaigo.jp/" }, "geometry": { "type": "Point", "coordinates": [ 130.809652074868865, 33.675068704011075 ] } },
{ "type": "Feature", "properties": { "内容": "ローシャルデイサービス田川【通所介護】福岡県田川市弓削田1471-4", "url": "https://www.kaigokensaku.mhlw.go.jp/40/index.php?action_kouhyou_detail_004_kani=true&JigyosyoCd=4071903126-00&ServiceCd=150&Type=search", "url2": "https://www.the-harmony.net/facility/index.html" }, "geometry": { "type": "Point", "coordinates": [ 130.7715966, 33.6328525 ] } },
{ "type": "Feature", "properties": { "内容": "デイサービス　すずか【通所介護】大字伊田１２０９番地４", "url": "https://www.kaigokensaku.mhlw.go.jp/40/index.php?action_kouhyou_detail_004_kani=true&JigyosyoCd=4071902904-00&ServiceCd=150&Type=search", "url2": "http://hp.kaipoke.biz/64c/" }, "geometry": { "type": "Point", "coordinates": [ 130.82911480000007, 33.6473515 ] } },
{ "type": "Feature", "properties": { "内容": "デイサービスこもれ陽【通所介護】福岡県田川市川宮1059-1", "url": "https://www.kaigokensaku.mhlw.go.jp/40/index.php?action_kouhyou_detail_004_kani=true&JigyosyoCd=4071903167-00&ServiceCd=150&Type=search", "url2": "https://airisucarestation.com/" }, "geometry": { "type": "Point", "coordinates": [ 130.7951817, 33.641213700000016 ] } },
{ "type": "Feature", "properties": { "内容": "デイサービスセンター　後藤寺サクラ【通所介護】福岡県田川市丸山町1番4号", "url": "https://www.kaigokensaku.mhlw.go.jp/40/index.php?action_kouhyou_detail_004_kani=true&JigyosyoCd=4071902094-00&ServiceCd=150&Type=search", "url2": "http://www.gotouji-sakura.com" }, "geometry": { "type": "Point", "coordinates": [ 130.8011232, 33.6296775 ] } },
{ "type": "Feature", "properties": { "内容": "デイサービス　－レッヒェルン－【通所介護】福岡県田川市大字川宮６６４番地", "url": "https://www.kaigokensaku.mhlw.go.jp/40/index.php?action_kouhyou_detail_004_kani=true&JigyosyoCd=4071902557-00&ServiceCd=150&Type=search", "url2": null }, "geometry": { "type": "Point", "coordinates": [ 130.786615422338826, 33.648223056970139 ] } },
{ "type": "Feature", "properties": { "内容": "デイサービスセンターみつばち大浦【通所介護】福岡県田川市大字奈良1539-4", "url": "https://www.kaigokensaku.mhlw.go.jp/40/index.php?action_kouhyou_detail_004_kani=true&JigyosyoCd=4071902961-00&ServiceCd=150&Type=search", "url2": null }, "geometry": { "type": "Point", "coordinates": [ 130.817405154769915, 33.620647587830035 ] } },
{ "type": "Feature", "properties": { "内容": "笑優の風【通所介護】福岡県田川市大字伊田2793番地1", "url": "https://www.kaigokensaku.mhlw.go.jp/40/index.php?action_kouhyou_detail_004_kani=true&JigyosyoCd=4071903241-00&ServiceCd=150&Type=search", "url2": null }, "geometry": { "type": "Point", "coordinates": [ 130.8123773, 33.639553099999979 ] } },
{ "type": "Feature", "properties": { "内容": "デイサービスセンターあいあい田川【通所介護】福岡県田川市大字糒2085-10", "url": "https://www.kaigokensaku.mhlw.go.jp/40/index.php?action_kouhyou_detail_004_kani=true&JigyosyoCd=4071903258-00&ServiceCd=150&Type=search", "url2": "https://aiai-care.com/" }, "geometry": { "type": "Point", "coordinates": [ 130.798241104893492, 33.66119614903819 ] } },
{ "type": "Feature", "properties": { "内容": "デイサービスRasiku【通所介護】大字奈良233-3", "url": "https://www.kaigokensaku.mhlw.go.jp/40/index.php?action_kouhyou_detail_004_kani=true&JigyosyoCd=4071903142-00&ServiceCd=150&Type=search", "url2": "http://www.dei-rasiku.com" }, "geometry": { "type": "Point", "coordinates": [ 130.788727200000011, 33.6297209 ] } },
{ "type": "Feature", "properties": { "内容": "デイサービスセンターみつばち伊田【通所介護】福岡県田川市伊田1891-7", "url": "https://www.kaigokensaku.mhlw.go.jp/40/index.php?action_kouhyou_detail_004_kani=true&JigyosyoCd=4071903159-00&ServiceCd=150&Type=search", "url2": "https://mitsubachi-kaigo.jp/" }, "geometry": { "type": "Point", "coordinates": [ 130.827450199999987, 33.6400445 ] } },
{ "type": "Feature", "properties": { "内容": "生き活き弐番館【通所介護】福岡県柳川市三橋町蒲船津408", "url": "https://www.kaigokensaku.mhlw.go.jp/40/index.php?action_kouhyou_detail_004_kani=true&JigyosyoCd=4072000955-00&ServiceCd=150&Type=search", "url2": null }, "geometry": { "type": "Point", "coordinates": [ 130.425389599999988, 33.1677051 ] } },
{ "type": "Feature", "properties": { "内容": "社会福祉法人　やまと医正会　特別養護老人ホーム第二敬和苑デイサービスセンター【通所介護】福岡県柳川市大和町塩塚1378番地", "url": "https://www.kaigokensaku.mhlw.go.jp/40/index.php?action_kouhyou_detail_004_kani=true&JigyosyoCd=4072000583-00&ServiceCd=150&Type=search", "url2": "http://www.keiwaen.com" }, "geometry": { "type": "Point", "coordinates": [ 130.4349985, 33.1363874 ] } },
{ "type": "Feature", "properties": { "内容": "ヂンナー桃源郷【通所介護】福岡県柳川市矢加部249-5", "url": "https://www.kaigokensaku.mhlw.go.jp/40/index.php?action_kouhyou_detail_004_kani=true&JigyosyoCd=4072000146-00&ServiceCd=150&Type=search", "url2": "http://www.gakuseikai-web.com" }, "geometry": { "type": "Point", "coordinates": [ 130.417123800000013, 33.1847203 ] } },
{ "type": "Feature", "properties": { "内容": "津留医院デイサービスセンター【通所介護】福岡県柳川市大和町豊原１７０番地５メディケアハウス津留内", "url": "https://www.kaigokensaku.mhlw.go.jp/40/index.php?action_kouhyou_detail_004_kani=true&JigyosyoCd=4072000674-00&ServiceCd=150&Type=search", "url2": null }, "geometry": { "type": "Point", "coordinates": [ 130.42805420000002, 33.1444251 ] } },
{ "type": "Feature", "properties": { "内容": "ＪＡ柳川デイサービスセンター「たんぽぽ」【通所介護】柳川市吉富町114-1", "url": "https://www.kaigokensaku.mhlw.go.jp/40/index.php?action_kouhyou_detail_004_kani=true&JigyosyoCd=4072000682-00&ServiceCd=150&Type=search", "url2": "http://www.yanagawa-fk-ja.or.jp/" }, "geometry": { "type": "Point", "coordinates": [ 130.396429200000057, 33.155359 ] } },
{ "type": "Feature", "properties": { "内容": "社会福祉法人やまと医正会　敬和苑　デイサービスセンター【通所介護】福岡県柳川市大和町栄220番地の2", "url": "https://www.kaigokensaku.mhlw.go.jp/40/index.php?action_kouhyou_detail_004_kani=true&JigyosyoCd=4078800077-00&ServiceCd=150&Type=search", "url2": "http://www.keiwaen.com/" }, "geometry": { "type": "Point", "coordinates": [ 130.428707199999963, 33.1341485 ] } },
{ "type": "Feature", "properties": { "内容": "ふくしさーびす【通所介護】福岡県柳川市三橋町柳河1001-3", "url": "https://www.kaigokensaku.mhlw.go.jp/40/index.php?action_kouhyou_detail_004_kani=true&JigyosyoCd=4072000328-00&ServiceCd=150&Type=search", "url2": null }, "geometry": { "type": "Point", "coordinates": [ 130.40583639245142, 33.173981482905539 ] } },
{ "type": "Feature", "properties": { "内容": "デイサービスセンター　りはらいふ【通所介護】福岡県柳川市上宮永町284-2らいふサポートセンター柳川", "url": "https://www.kaigokensaku.mhlw.go.jp/40/index.php?action_kouhyou_detail_004_kani=true&JigyosyoCd=4072000815-00&ServiceCd=150&Type=search", "url2": "http://lsc-yanagawa.kouhoukai.org/" }, "geometry": { "type": "Point", "coordinates": [ 130.404597800000033, 33.1524818 ] } },
{ "type": "Feature", "properties": { "内容": "デイサービスけあふれんず【通所介護】福岡県柳川市古賀1-1", "url": "https://www.kaigokensaku.mhlw.go.jp/40/index.php?action_kouhyou_detail_004_kani=true&JigyosyoCd=4072000880-00&ServiceCd=150&Type=search", "url2": "https://care-friends.jp/" }, "geometry": { "type": "Point", "coordinates": [ 130.390535324095254, 33.162067018656728 ] } },
{ "type": "Feature", "properties": { "内容": "ほほえみ倶楽部デイサービスセンター【通所介護】福岡県柳川市三橋町木元318", "url": "https://www.kaigokensaku.mhlw.go.jp/40/index.php?action_kouhyou_detail_004_kani=true&JigyosyoCd=4078900232-00&ServiceCd=150&Type=search", "url2": null }, "geometry": { "type": "Point", "coordinates": [ 130.442016500000022, 33.1780467 ] } },
{ "type": "Feature", "properties": { "内容": "PEACHNOMORI【通所介護】福岡県柳川市田脇１４４番地３", "url": "https://www.kaigokensaku.mhlw.go.jp/40/index.php?action_kouhyou_detail_004_kani=true&JigyosyoCd=4072000807-00&ServiceCd=150&Type=search", "url2": null }, "geometry": { "type": "Point", "coordinates": [ 130.380637613491814, 33.176945979237679 ] } },
{ "type": "Feature", "properties": { "内容": "デイサービスセンター　そよかぜ【通所介護】福岡県柳川市三橋町磯鳥123-1、125-2、126-1", "url": "https://www.kaigokensaku.mhlw.go.jp/40/index.php?action_kouhyou_detail_004_kani=true&JigyosyoCd=4072000658-00&ServiceCd=150&Type=search", "url2": "https://soyokaze-yanagawa.com/" }, "geometry": { "type": "Point", "coordinates": [ 130.431071643408245, 33.179958844990672 ] } },
{ "type": "Feature", "properties": { "内容": "デイサービス太陽【通所介護】福岡県柳川市三橋町白鳥616-3住宅型有料老人ホーム「サンホーム柳川」", "url": "https://www.kaigokensaku.mhlw.go.jp/40/index.php?action_kouhyou_detail_004_kani=true&JigyosyoCd=4072000823-00&ServiceCd=150&Type=search", "url2": "http://sunmedic.net" }, "geometry": { "type": "Point", "coordinates": [ 130.436722599999939, 33.1637897 ] } },
{ "type": "Feature", "properties": { "内容": "デイサービスセンター　サンブリッジ【通所介護】福岡県柳川市三橋町正行476", "url": "https://www.kaigokensaku.mhlw.go.jp/40/index.php?action_kouhyou_detail_004_kani=true&JigyosyoCd=4078900034-00&ServiceCd=150&Type=search", "url2": "sunbridge@dune.ocn.ne.jp" }, "geometry": { "type": "Point", "coordinates": [ 130.436991900000066, 33.1665338 ] } },
{ "type": "Feature", "properties": { "内容": "デイサービスセンター　勝雄【通所介護】福岡県柳川市大和町塩塚１３８６-１", "url": "https://www.kaigokensaku.mhlw.go.jp/40/index.php?action_kouhyou_detail_004_kani=true&JigyosyoCd=4072000385-00&ServiceCd=150&Type=search", "url2": "https://www.keiwaen.com/" }, "geometry": { "type": "Point", "coordinates": [ 130.434362400000026, 33.136879 ] } },
{ "type": "Feature", "properties": { "内容": "デイサービスセンター　あいの里【通所介護】福岡県柳川市三橋町五拾町５４７番地", "url": "https://www.kaigokensaku.mhlw.go.jp/40/index.php?action_kouhyou_detail_004_kani=true&JigyosyoCd=4078900026-00&ServiceCd=150&Type=search", "url2": "単独では無し" }, "geometry": { "type": "Point", "coordinates": [ 130.458457599999946, 33.1558385 ] } },
{ "type": "Feature", "properties": { "内容": "デイサービスセンターつどいの家柳川【通所介護】福岡県柳川市三橋町柳河4番地1", "url": "https://www.kaigokensaku.mhlw.go.jp/40/index.php?action_kouhyou_detail_004_kani=true&JigyosyoCd=4072000740-00&ServiceCd=150&Type=search", "url2": "www.fukushi-greencoop.or.jp." }, "geometry": { "type": "Point", "coordinates": [ 130.409005400000069, 33.1728129 ] } },
{ "type": "Feature", "properties": { "内容": "あいきょうもん　デイサービスセンター【通所介護】福岡県八女市龍ヶ原279番地1", "url": "https://www.kaigokensaku.mhlw.go.jp/40/index.php?action_kouhyou_detail_004_kani=true&JigyosyoCd=4072301312-00&ServiceCd=150&Type=search", "url2": null }, "geometry": { "type": "Point", "coordinates": [ 130.537070399999948, 33.2207329 ] } },
{ "type": "Feature", "properties": { "内容": "デイサービス　うさぎのつばさ【通所介護】福岡県八女市室岡７９５番地５", "url": "https://www.kaigokensaku.mhlw.go.jp/40/index.php?action_kouhyou_detail_004_kani=true&JigyosyoCd=4072300983-00&ServiceCd=150&Type=search", "url2": "http://usagi-tubasa.sakura.ne.jp/" }, "geometry": { "type": "Point", "coordinates": [ 130.522354800000016, 33.2152444 ] } },
{ "type": "Feature", "properties": { "内容": "サクラ八女【通所介護】福岡県八女市本村536-5住宅型有料老人ホーム　サクラ八女", "url": "https://www.kaigokensaku.mhlw.go.jp/40/index.php?action_kouhyou_detail_004_kani=true&JigyosyoCd=4072301494-00&ServiceCd=150&Type=search", "url2": "https://sakura-yame.jp" }, "geometry": { "type": "Point", "coordinates": [ 130.5589635, 33.2180168 ] } },
{ "type": "Feature", "properties": { "内容": "Princess永翔【通所介護】福岡県八女市本1154-10八女津ひめ弐番館", "url": "https://www.kaigokensaku.mhlw.go.jp/40/index.php?action_kouhyou_detail_004_kani=true&JigyosyoCd=4072301551-00&ServiceCd=150&Type=search", "url2": null }, "geometry": { "type": "Point", "coordinates": [ 130.57242, 33.225786 ] } },
{ "type": "Feature", "properties": { "内容": "デイサービスセンターいずんじま【通所介護】福岡県八女市川犬１０２5番地", "url": "https://www.kaigokensaku.mhlw.go.jp/40/index.php?action_kouhyou_detail_004_kani=true&JigyosyoCd=4072300124-00&ServiceCd=150&Type=search", "url2": "http://myame-fukushi.com/" }, "geometry": { "type": "Point", "coordinates": [ 130.5395294, 33.1919665 ] } },
{ "type": "Feature", "properties": { "内容": "ＪＡふくおか八女デイサービスセンター「茶と花の里」【通所介護】福岡県八女市本村４２５―２８０", "url": "https://www.kaigokensaku.mhlw.go.jp/40/index.php?action_kouhyou_detail_004_kani=true&JigyosyoCd=4072300538-00&ServiceCd=150&Type=search", "url2": "http://www.jafyyame.or.jp/" }, "geometry": { "type": "Point", "coordinates": [ 130.557202700000062, 33.2132034 ] } },
{ "type": "Feature", "properties": { "内容": "デイサービス赤とんぼ【通所介護】福岡県八女市山内882番地サービス付き高齢者向け住宅赤とんぼ", "url": "https://www.kaigokensaku.mhlw.go.jp/40/index.php?action_kouhyou_detail_004_kani=true&JigyosyoCd=4072301452-00&ServiceCd=150&Type=search", "url2": "https://www.akatombo-yame.com" }, "geometry": { "type": "Point", "coordinates": [ 130.610246731874895, 33.217540894958589 ] } },
{ "type": "Feature", "properties": { "内容": "つむぎデイサービス【通所介護】福岡県八女市納楚高島466-1", "url": "https://www.kaigokensaku.mhlw.go.jp/40/index.php?action_kouhyou_detail_004_kani=true&JigyosyoCd=4072301635-00&ServiceCd=150&Type=search", "url2": null }, "geometry": { "type": "Point", "coordinates": [ 130.5711905, 33.2181962 ] } },
{ "type": "Feature", "properties": { "内容": "立花デイサービスかつき苑【通所介護】福岡県八女市立花町山崎１９５１－３", "url": "https://www.kaigokensaku.mhlw.go.jp/40/index.php?action_kouhyou_detail_004_kani=true&JigyosyoCd=4078300110-00&ServiceCd=150&Type=search", "url2": null }, "geometry": { "type": "Point", "coordinates": [ 130.576509499999929, 33.2047436 ] } },
{ "type": "Feature", "properties": { "内容": "いきいき稲富デイサービスセンター【通所介護】福岡県八女市稲富60-1", "url": "https://www.kaigokensaku.mhlw.go.jp/40/index.php?action_kouhyou_detail_004_kani=true&JigyosyoCd=4072300868-00&ServiceCd=150&Type=search", "url2": "http//:www.iki2-k.com" }, "geometry": { "type": "Point", "coordinates": [ 130.552780900000016, 33.2081871 ] } },
{ "type": "Feature", "properties": { "内容": "八女の里　デイサービスセンター　ふれあい荘【通所介護】福岡県八女市柳島863番地", "url": "https://www.kaigokensaku.mhlw.go.jp/40/index.php?action_kouhyou_detail_004_kani=true&JigyosyoCd=4072300181-00&ServiceCd=150&Type=search", "url2": "http://www.yame-sato.com/" }, "geometry": { "type": "Point", "coordinates": [ 130.6072762, 33.2159011 ] } },
{ "type": "Feature", "properties": { "内容": "桜の里デイサービスセンター【通所介護】福岡県八女市黒木町木屋2830", "url": "https://www.kaigokensaku.mhlw.go.jp/40/index.php?action_kouhyou_detail_004_kani=true&JigyosyoCd=4078100031-00&ServiceCd=150&Type=search", "url2": null }, "geometry": { "type": "Point", "coordinates": [ 130.7009051, 33.2084983 ] } },
{ "type": "Feature", "properties": { "内容": "医療法人城戸医院指定通所介護ひまわり【通所介護】福岡県八女市鵜池7番地", "url": "https://www.kaigokensaku.mhlw.go.jp/40/index.php?action_kouhyou_detail_004_kani=true&JigyosyoCd=4072300306-00&ServiceCd=150&Type=search", "url2": "http://kidoiin.jp/" }, "geometry": { "type": "Point", "coordinates": [ 130.531526599999978, 33.2098924 ] } },
{ "type": "Feature", "properties": { "内容": "デイサービスセンターなごみ荘【通所介護】福岡県八女市前古賀４８１番地ケアハウス八女（併設）", "url": "https://www.kaigokensaku.mhlw.go.jp/40/index.php?action_kouhyou_detail_004_kani=true&JigyosyoCd=4072300314-00&ServiceCd=150&Type=search", "url2": "https://www.yame-sato.com/" }, "geometry": { "type": "Point", "coordinates": [ 130.524946765606728, 33.19977269102462 ] } },
{ "type": "Feature", "properties": { "内容": "八女社協デイサービスセンター立花【通所介護】福岡県八女市立花町谷川１１５６", "url": "https://www.kaigokensaku.mhlw.go.jp/40/index.php?action_kouhyou_detail_004_kani=true&JigyosyoCd=4072300827-00&ServiceCd=150&Type=search", "url2": null }, "geometry": { "type": "Point", "coordinates": [ 130.592813799999931, 33.2014276 ] } },
{ "type": "Feature", "properties": { "内容": "光陽の郷デイサービス【通所介護】福岡県八女市上陽町北川内2818番地の1", "url": "https://www.kaigokensaku.mhlw.go.jp/40/index.php?action_kouhyou_detail_004_kani=true&JigyosyoCd=4072300751-00&ServiceCd=150&Type=search", "url2": "http://kouyounosato.com/" }, "geometry": { "type": "Point", "coordinates": [ 130.647761400000036, 33.2333331 ] } },
{ "type": "Feature", "properties": { "内容": "八女社協デイサービスセンター星野【通所介護】福岡県八女市星野村１０７７５－１４", "url": "https://www.kaigokensaku.mhlw.go.jp/40/index.php?action_kouhyou_detail_004_kani=true&JigyosyoCd=4072300850-00&ServiceCd=150&Type=search", "url2": null }, "geometry": { "type": "Point", "coordinates": [ 130.7570955, 33.2504225 ] } },
{ "type": "Feature", "properties": { "内容": "デイサービスセンターやさと【通所介護】八女市稲富465番地", "url": "https://www.kaigokensaku.mhlw.go.jp/40/index.php?action_kouhyou_detail_004_kani=true&JigyosyoCd=4072301254-00&ServiceCd=150&Type=search", "url2": "http://wellcarehome.or.jp/" }, "geometry": { "type": "Point", "coordinates": [ 130.551619800000026, 33.2099203 ] } },
{ "type": "Feature", "properties": { "内容": "デイサービスセンター梅花園【通所介護】福岡県八女市立花町下辺春5460番地1", "url": "https://www.kaigokensaku.mhlw.go.jp/40/index.php?action_kouhyou_detail_004_kani=true&JigyosyoCd=4078300060-00&ServiceCd=150&Type=search", "url2": "http://www.baikaen.jp" }, "geometry": { "type": "Point", "coordinates": [ 130.612815599999976, 33.1947506 ] } },
{ "type": "Feature", "properties": { "内容": "デイサービスセンターゆらり館【通所介護】福岡県八女市納楚446-1", "url": "https://www.kaigokensaku.mhlw.go.jp/40/index.php?action_kouhyou_detail_004_kani=true&JigyosyoCd=4072300447-00&ServiceCd=150&Type=search", "url2": "https://seijikai-5171.p-kit.com/" }, "geometry": { "type": "Point", "coordinates": [ 130.572076299999907, 33.2144202 ] } },
{ "type": "Feature", "properties": { "内容": "デイサービス八女津媛【通所介護】八女市本町1-360有料老人ホーム八女津媛", "url": "https://www.kaigokensaku.mhlw.go.jp/40/index.php?action_kouhyou_detail_004_kani=true&JigyosyoCd=4072301064-00&ServiceCd=150&Type=search", "url2": "http://yametsuhime.com/" }, "geometry": { "type": "Point", "coordinates": [ 130.56040239999993, 33.2125063 ] } },
{ "type": "Feature", "properties": { "内容": "第二光陽の郷デイサービス【通所介護】福岡県鵜池414番地", "url": "https://www.kaigokensaku.mhlw.go.jp/40/index.php?action_kouhyou_detail_004_kani=true&JigyosyoCd=4072301171-00&ServiceCd=150&Type=search", "url2": "http://kouyounosato.com" }, "geometry": { "type": "Point", "coordinates": [ 130.522599421118258, 33.2081061436403 ] } },
{ "type": "Feature", "properties": { "内容": "デイサービスセンターゆめはつらつ【通所介護】八女市蒲原1042-1", "url": "https://www.kaigokensaku.mhlw.go.jp/40/index.php?action_kouhyou_detail_004_kani=true&JigyosyoCd=4072301130-00&ServiceCd=150&Type=search", "url2": null }, "geometry": { "type": "Point", "coordinates": [ 130.548506, 33.2158419 ] } },
{ "type": "Feature", "properties": { "内容": "デイサービスセンター　Therafitlien「セラフィット　リアン」【通所介護】福岡県八女市津江５１４番地１", "url": "https://www.kaigokensaku.mhlw.go.jp/40/index.php?action_kouhyou_detail_004_kani=true&JigyosyoCd=4072301593-00&ServiceCd=150&Type=search", "url2": "http://www.kawasaki-h.jp" }, "geometry": { "type": "Point", "coordinates": [ 130.5745101, 33.2143837 ] } },
{ "type": "Feature", "properties": { "内容": "２【通所介護】福岡県筑後市長崎４２３−１", "url": "https://www.kaigokensaku.mhlw.go.jp/40/index.php?action_kouhyou_detail_004_kani=true&JigyosyoCd=4072400890-00&ServiceCd=150&Type=search", "url2": null }, "geometry": { "type": "Point", "coordinates": [ 130.48645466931157, 33.208347361538635 ] } },
{ "type": "Feature", "properties": { "内容": "デイサービス　さわやかとくひさ【通所介護】筑後市大字若菜１３２２番地１", "url": "https://www.kaigokensaku.mhlw.go.jp/40/index.php?action_kouhyou_detail_004_kani=true&JigyosyoCd=4072400536-00&ServiceCd=150&Type=search", "url2": null }, "geometry": { "type": "Point", "coordinates": [ 130.496204400000011, 33.2137494 ] } },
{ "type": "Feature", "properties": { "内容": "デイサービスセンター芳樹園【通所介護】福岡県筑後市鶴田555-1", "url": "https://www.kaigokensaku.mhlw.go.jp/40/index.php?action_kouhyou_detail_004_kani=true&JigyosyoCd=4072400072-00&ServiceCd=150&Type=search", "url2": "http://kourinfukushi.or.jp/" }, "geometry": { "type": "Point", "coordinates": [ 130.505187400000068, 33.1925271 ] } },
{ "type": "Feature", "properties": { "内容": "デイサービス　和顔施【通所介護】筑後市富久８３３番地１", "url": "https://www.kaigokensaku.mhlw.go.jp/40/index.php?action_kouhyou_detail_004_kani=true&JigyosyoCd=4072400650-00&ServiceCd=150&Type=search", "url2": "wagense@kkd.biglobe.ne.jp" }, "geometry": { "type": "Point", "coordinates": [ 130.466364800000065, 33.2099857 ] } },
{ "type": "Feature", "properties": { "内容": "デイサービス　絆【通所介護】筑後市馬間田151番地1", "url": "https://www.kaigokensaku.mhlw.go.jp/40/index.php?action_kouhyou_detail_004_kani=true&JigyosyoCd=4072400684-00&ServiceCd=150&Type=search", "url2": null }, "geometry": { "type": "Point", "coordinates": [ 130.46558419328457, 33.185543171049474 ] } },
{ "type": "Feature", "properties": { "内容": "ミック健康の森　筑後山ノ井【通所介護】福岡県筑後市山ノ井306-1", "url": "https://www.kaigokensaku.mhlw.go.jp/40/index.php?action_kouhyou_detail_004_kani=true&JigyosyoCd=4072400981-00&ServiceCd=150&Type=search", "url2": "http://un-mik.co.jp/kenko/" }, "geometry": { "type": "Point", "coordinates": [ 130.5025508, 33.2073097 ] } },
{ "type": "Feature", "properties": { "内容": "デイサービスセンター　桜の丘【通所介護】福岡県筑後市大字西牟田6365番地の8", "url": "https://www.kaigokensaku.mhlw.go.jp/40/index.php?action_kouhyou_detail_004_kani=true&JigyosyoCd=4072400122-00&ServiceCd=150&Type=search", "url2": "http://www.sakuraen.biz" }, "geometry": { "type": "Point", "coordinates": [ 130.498989400000028, 33.2419851 ] } },
{ "type": "Feature", "properties": { "内容": "いきいき久富デイサービスセンター【通所介護】筑後市久富1150-9", "url": "https://www.kaigokensaku.mhlw.go.jp/40/index.php?action_kouhyou_detail_004_kani=true&JigyosyoCd=4072400700-00&ServiceCd=150&Type=search", "url2": "http://www.iki2-k.com/dayservice5.html" }, "geometry": { "type": "Point", "coordinates": [ 130.493987699999934, 33.2213373 ] } },
{ "type": "Feature", "properties": { "内容": "機能回復運動型デイサービス　ウェルネス筑後【通所介護】福岡県筑後市熊野1447-1", "url": "https://www.kaigokensaku.mhlw.go.jp/40/index.php?action_kouhyou_detail_004_kani=true&JigyosyoCd=4072400775-00&ServiceCd=150&Type=search", "url2": "http://wfchi.jp/" }, "geometry": { "type": "Point", "coordinates": [ 130.505853200000047, 33.2246345 ] } },
{ "type": "Feature", "properties": { "内容": "デイサービスこすも【通所介護】福岡県筑後市大字熊野1075-1", "url": "https://www.kaigokensaku.mhlw.go.jp/40/index.php?action_kouhyou_detail_004_kani=true&JigyosyoCd=4072400585-00&ServiceCd=150&Type=search", "url2": "https://e-cosmo.jp/" }, "geometry": { "type": "Point", "coordinates": [ 130.494842899999981, 33.2289114 ] } },
{ "type": "Feature", "properties": { "内容": "デイサービス　れんげ草【通所介護】福岡県筑後市大字前津1924-3", "url": "https://www.kaigokensaku.mhlw.go.jp/40/index.php?action_kouhyou_detail_004_kani=true&JigyosyoCd=4072400825-00&ServiceCd=150&Type=search", "url2": null }, "geometry": { "type": "Point", "coordinates": [ 130.517554799999971, 33.2271345 ] } },
{ "type": "Feature", "properties": { "内容": "デイサービス小さな花【通所介護】福岡県筑後市熊野271-3", "url": "https://www.kaigokensaku.mhlw.go.jp/40/index.php?action_kouhyou_detail_004_kani=true&JigyosyoCd=4072400957-00&ServiceCd=150&Type=search", "url2": "https://alittle-flower.com/" }, "geometry": { "type": "Point", "coordinates": [ 130.5053806, 33.2288978 ] } },
{ "type": "Feature", "properties": { "内容": "永寿園デイサービスセンター【通所介護】福岡県大川市大字道海島859", "url": "https://www.kaigokensaku.mhlw.go.jp/40/index.php?action_kouhyou_detail_004_kani=true&JigyosyoCd=4072500038-00&ServiceCd=150&Type=search", "url2": "http://www.eijunosato.com" }, "geometry": { "type": "Point", "coordinates": [ 130.376417, 33.2320473 ] } },
{ "type": "Feature", "properties": { "内容": "デイサービスほっとあいRe＋【通所介護】福岡県大川市大字中八院1490番地1", "url": "https://www.kaigokensaku.mhlw.go.jp/40/index.php?action_kouhyou_detail_004_kani=true&JigyosyoCd=4072500848-00&ServiceCd=150&Type=search", "url2": "https://www.reborn-plan" }, "geometry": { "type": "Point", "coordinates": [ 130.4045668, 33.2119261 ] } },
{ "type": "Feature", "properties": { "内容": "特別養護老人ホーム　木もれ日苑　通所介護【通所介護】福岡県大川市中木室934", "url": "https://www.kaigokensaku.mhlw.go.jp/40/index.php?action_kouhyou_detail_004_kani=true&JigyosyoCd=4072500749-00&ServiceCd=150&Type=search", "url2": "http://komorebien.kouhoukai.org" }, "geometry": { "type": "Point", "coordinates": [ 130.419670499999938, 33.2111511 ] } },
{ "type": "Feature", "properties": { "内容": "リハビリデイサービス　たんなか【通所介護】福岡県大川市大字本木室408-5", "url": "https://www.kaigokensaku.mhlw.go.jp/40/index.php?action_kouhyou_detail_004_kani=true&JigyosyoCd=4072500798-00&ServiceCd=150&Type=search", "url2": "https://tanakakanata.com" }, "geometry": { "type": "Point", "coordinates": [ 130.402356700000013, 33.210399399999986 ] } },
{ "type": "Feature", "properties": { "内容": "あおぎり荘在宅介護サービスセンター【通所介護】大川市大字北古賀５５９－1", "url": "https://www.kaigokensaku.mhlw.go.jp/40/index.php?action_kouhyou_detail_004_kani=true&JigyosyoCd=4072500160-00&ServiceCd=150&Type=search", "url2": "https://okawaijinkai.or.jp" }, "geometry": { "type": "Point", "coordinates": [ 130.390457606082123, 33.196788888918284 ] } },
{ "type": "Feature", "properties": { "内容": "老人デイサービスセンター大川荘【通所介護】福岡県大川市大字大野島字笹の下857番1", "url": "https://www.kaigokensaku.mhlw.go.jp/40/index.php?action_kouhyou_detail_004_kani=true&JigyosyoCd=4072500194-00&ServiceCd=150&Type=search", "url2": "http://care-net.biz/40/ookawakakureikai/" }, "geometry": { "type": "Point", "coordinates": [ 130.341477, 33.204833 ] } },
{ "type": "Feature", "properties": { "内容": "デイサービスセンターなかばる【通所介護】福岡県大川市大字酒見85番地", "url": "https://www.kaigokensaku.mhlw.go.jp/40/index.php?action_kouhyou_detail_004_kani=true&JigyosyoCd=4072500426-00&ServiceCd=150&Type=search", "url2": null }, "geometry": { "type": "Point", "coordinates": [ 130.37905, 33.2088802 ] } },
{ "type": "Feature", "properties": { "内容": "デイサービスこうらく【通所介護】下木佐木１１６７番地１住宅型有料老人ホームこうらく", "url": "https://www.kaigokensaku.mhlw.go.jp/40/index.php?action_kouhyou_detail_004_kani=true&JigyosyoCd=4072500830-00&ServiceCd=150&Type=search", "url2": "https://paradis-care.jp" }, "geometry": { "type": "Point", "coordinates": [ 130.402992899999987, 33.2018471 ] } },
{ "type": "Feature", "properties": { "内容": "木の香園生活支援センター【通所介護】福岡県大川市大字下林433－1", "url": "https://www.kaigokensaku.mhlw.go.jp/40/index.php?action_kouhyou_detail_004_kani=true&JigyosyoCd=4072500731-00&ServiceCd=150&Type=search", "url2": "http://www.kinokaen.or.jp" }, "geometry": { "type": "Point", "coordinates": [ 130.4081694, 33.2287889 ] } },
{ "type": "Feature", "properties": { "内容": "デイサービスセンターみな和【通所介護】福岡県大川市大字大野島111-1", "url": "https://www.kaigokensaku.mhlw.go.jp/40/index.php?action_kouhyou_detail_004_kani=true&JigyosyoCd=4072500558-00&ServiceCd=150&Type=search", "url2": null }, "geometry": { "type": "Point", "coordinates": [ 130.3542536, 33.2041973 ] } },
{ "type": "Feature", "properties": { "内容": "宮の下デイサービスぼたん【通所介護】福岡県行橋市元永882", "url": "https://www.kaigokensaku.mhlw.go.jp/40/index.php?action_kouhyou_detail_004_kani=true&JigyosyoCd=4072601976-00&ServiceCd=150&Type=search", "url2": null }, "geometry": { "type": "Point", "coordinates": [ 131.008931499999989, 33.7201025 ] } },
{ "type": "Feature", "properties": { "内容": "喜楽デイサービスセンター【通所介護】福岡県行橋市北泉５丁目１１番６号京都建材ビル1F", "url": "https://www.kaigokensaku.mhlw.go.jp/40/index.php?action_kouhyou_detail_004_kani=true&JigyosyoCd=4072601174-00&ServiceCd=150&Type=search", "url2": "dayservice-kiraku.com" }, "geometry": { "type": "Point", "coordinates": [ 130.993927699999972, 33.709983 ] } },
{ "type": "Feature", "properties": { "内容": "ウィズゆくはしデイサービスセンター【通所介護】福岡県行橋市大字中津熊５０１番地", "url": "https://www.kaigokensaku.mhlw.go.jp/40/index.php?action_kouhyou_detail_004_kani=true&JigyosyoCd=4072600952-00&ServiceCd=150&Type=search", "url2": "https://www.yukusha.com/" }, "geometry": { "type": "Point", "coordinates": [ 130.963246499999968, 33.729661 ] } },
{ "type": "Feature", "properties": { "内容": "デイサービスセンター　ささえ【通所介護】福岡県行橋市南泉3丁目40-7", "url": "https://www.kaigokensaku.mhlw.go.jp/40/index.php?action_kouhyou_detail_004_kani=true&JigyosyoCd=4072601125-00&ServiceCd=150&Type=search", "url2": "http://www.izuminosato@sand.ocn.ne.jp" }, "geometry": { "type": "Point", "coordinates": [ 130.9768798, 33.6927236 ] } },
{ "type": "Feature", "properties": { "内容": "デイサービスセンター　大空【通所介護】福岡県行橋市中央3丁目8－19", "url": "https://www.kaigokensaku.mhlw.go.jp/40/index.php?action_kouhyou_detail_004_kani=true&JigyosyoCd=4072601331-00&ServiceCd=150&Type=search", "url2": null }, "geometry": { "type": "Point", "coordinates": [ 130.972523599999931, 33.7267643 ] } },
{ "type": "Feature", "properties": { "内容": "西日本ケアデイサービス【通所介護】福岡県行橋市天生田586-1", "url": "https://www.kaigokensaku.mhlw.go.jp/40/index.php?action_kouhyou_detail_004_kani=true&JigyosyoCd=4072602131-00&ServiceCd=150&Type=search", "url2": "https://carepod.cloud-line.com/" }, "geometry": { "type": "Point", "coordinates": [ 130.955570442327883, 33.696710476360082 ] } },
{ "type": "Feature", "properties": { "内容": "デイサービス　オプリ【通所介護】福岡県行橋市道場寺１４９２－１", "url": "https://www.kaigokensaku.mhlw.go.jp/40/index.php?action_kouhyou_detail_004_kani=true&JigyosyoCd=4072602149-00&ServiceCd=150&Type=search", "url2": "https://www.daylight-51.co.jp/" }, "geometry": { "type": "Point", "coordinates": [ 131.0069256809509, 33.69548187911051 ] } },
{ "type": "Feature", "properties": { "内容": "みやこの苑デイサービスセンター【通所介護】福岡県行橋市大字二塚５８４番地", "url": "https://www.kaigokensaku.mhlw.go.jp/40/index.php?action_kouhyou_detail_004_kani=true&JigyosyoCd=4072600184-00&ServiceCd=150&Type=search", "url2": "http://miyako-no-sono.or.jp/" }, "geometry": { "type": "Point", "coordinates": [ 130.937070700000049, 33.7282054 ] } },
{ "type": "Feature", "properties": { "内容": "デイサービス　れんか【通所介護】福岡県行橋市西宮市五丁目30番3号有料老人ホーム　あさがお", "url": "https://www.kaigokensaku.mhlw.go.jp/40/index.php?action_kouhyou_detail_004_kani=true&JigyosyoCd=4072602073-00&ServiceCd=150&Type=search", "url2": null }, "geometry": { "type": "Point", "coordinates": [ 130.9594909, 33.7255014 ] } },
{ "type": "Feature", "properties": { "内容": "デイサービスセンターゆくはし【通所介護】福岡県行橋市大字東徳永167番地11", "url": "https://www.kaigokensaku.mhlw.go.jp/40/index.php?action_kouhyou_detail_004_kani=true&JigyosyoCd=4072600358-00&ServiceCd=150&Type=search", "url2": "https://ameblo.jp/zuihoukaiyukuhashi/" }, "geometry": { "type": "Point", "coordinates": [ 131.00717439999994, 33.6861916 ] } },
{ "type": "Feature", "properties": { "内容": "デイサービスセンター芭蕉の杜【通所介護】福岡県行橋市下津熊939-1", "url": "https://www.kaigokensaku.mhlw.go.jp/40/index.php?action_kouhyou_detail_004_kani=true&JigyosyoCd=4072601018-00&ServiceCd=150&Type=search", "url2": null }, "geometry": { "type": "Point", "coordinates": [ 130.961868900000013, 33.7284667 ] } },
{ "type": "Feature", "properties": { "内容": "宅老所第二ほのぼの【通所介護】福岡県行橋市南泉１丁目３５番２号", "url": "https://www.kaigokensaku.mhlw.go.jp/40/index.php?action_kouhyou_detail_004_kani=true&JigyosyoCd=4072601158-00&ServiceCd=150&Type=search", "url2": "https://www.fukushiseikyou.jp" }, "geometry": { "type": "Point", "coordinates": [ 130.970916100000068, 33.7022447 ] } },
{ "type": "Feature", "properties": { "内容": "デイサービス　なぎさの家【通所介護】金屋649-1", "url": "https://www.kaigokensaku.mhlw.go.jp/40/index.php?action_kouhyou_detail_004_kani=true&JigyosyoCd=4072601786-00&ServiceCd=150&Type=search", "url2": null }, "geometry": { "type": "Point", "coordinates": [ 130.995420299999978, 33.7346601 ] } },
{ "type": "Feature", "properties": { "内容": "さわやかリハビリデイサービスゆくはし【通所介護】福岡県行橋市北泉3丁目11-4", "url": "https://www.kaigokensaku.mhlw.go.jp/40/index.php?action_kouhyou_detail_004_kani=true&JigyosyoCd=4072601844-00&ServiceCd=150&Type=search", "url2": "http://www.sawayakaciub.jp" }, "geometry": { "type": "Point", "coordinates": [ 130.989291800000046, 33.7175294 ] } },
{ "type": "Feature", "properties": { "内容": "デイサービスセンタープラム【通所介護】福岡県行橋市大野井110番１", "url": "https://www.kaigokensaku.mhlw.go.jp/40/index.php?action_kouhyou_detail_004_kani=true&JigyosyoCd=4072601919-00&ServiceCd=150&Type=search", "url2": null }, "geometry": { "type": "Point", "coordinates": [ 130.959950099999986, 33.7173004 ] } },
{ "type": "Feature", "properties": { "内容": "デイサービスセンター　大空にぎわい【通所介護】福岡県行橋市東泉4丁目6-16", "url": "https://www.kaigokensaku.mhlw.go.jp/40/index.php?action_kouhyou_detail_004_kani=true&JigyosyoCd=4072601927-00&ServiceCd=150&Type=search", "url2": null }, "geometry": { "type": "Point", "coordinates": [ 130.9933799, 33.7031064 ] } },
{ "type": "Feature", "properties": { "内容": "デイサービス　ゆうか【通所介護】福岡県行橋市道場寺1439番地386", "url": "https://www.kaigokensaku.mhlw.go.jp/40/index.php?action_kouhyou_detail_004_kani=true&JigyosyoCd=4072602107-00&ServiceCd=150&Type=search", "url2": null }, "geometry": { "type": "Point", "coordinates": [ 131.0105864, 33.6952995 ] } },
{ "type": "Feature", "properties": { "内容": "ひと息の村デイサービス【通所介護】福岡県行橋市行事七丁目25－3", "url": "https://www.kaigokensaku.mhlw.go.jp/40/index.php?action_kouhyou_detail_004_kani=true&JigyosyoCd=4072601810-00&ServiceCd=150&Type=search", "url2": "http://www.yazz-clinic.jp/" }, "geometry": { "type": "Point", "coordinates": [ 130.9659183, 33.7366436 ] } },
{ "type": "Feature", "properties": { "内容": "あおぞらの里　行橋デイサービスセンター【通所介護】行橋市大字道場寺1409-5", "url": "https://www.kaigokensaku.mhlw.go.jp/40/index.php?action_kouhyou_detail_004_kani=true&JigyosyoCd=4072600457-00&ServiceCd=150&Type=search", "url2": "ds-yukuhashi@cedar-web.com" }, "geometry": { "type": "Point", "coordinates": [ 131.0124932, 33.6929298 ] } },
{ "type": "Feature", "properties": { "内容": "デイサービスセンター　ひびき【通所介護】福岡県行橋市大字延永２２５－４", "url": "https://www.kaigokensaku.mhlw.go.jp/40/index.php?action_kouhyou_detail_004_kani=true&JigyosyoCd=4072601257-00&ServiceCd=150&Type=search", "url2": "https://ihj-light.sub.jp/231114_s-k-corporation/" }, "geometry": { "type": "Point", "coordinates": [ 130.940265982803311, 33.736596881055618 ] } },
{ "type": "Feature", "properties": { "内容": "ディサービスひかりの里【通所介護】福岡県行橋市西宮市1丁目6-25", "url": "https://www.kaigokensaku.mhlw.go.jp/40/index.php?action_kouhyou_detail_004_kani=true&JigyosyoCd=4072601992-00&ServiceCd=150&Type=search", "url2": null }, "geometry": { "type": "Point", "coordinates": [ 130.9680641, 33.7295807 ] } },
{ "type": "Feature", "properties": { "内容": "新田原デイサービス【通所介護】福岡県行橋市東徳永３３９－１", "url": "https://www.kaigokensaku.mhlw.go.jp/40/index.php?action_kouhyou_detail_004_kani=true&JigyosyoCd=4072601083-00&ServiceCd=150&Type=search", "url2": "http://www.s-seibo.or.jp" }, "geometry": { "type": "Point", "coordinates": [ 131.008577100000025, 33.6871082 ] } },
{ "type": "Feature", "properties": { "内容": "デイサービスセンターこころ【通所介護】福岡県行橋市中央二丁目7番8号", "url": "https://www.kaigokensaku.mhlw.go.jp/40/index.php?action_kouhyou_detail_004_kani=true&JigyosyoCd=4072600606-00&ServiceCd=150&Type=search", "url2": "http://www.ych21.com/" }, "geometry": { "type": "Point", "coordinates": [ 130.975003900000047, 33.7280587 ] } },
{ "type": "Feature", "properties": { "内容": "デイサービスセンターさらい【通所介護】大字延永90番地1", "url": "https://www.kaigokensaku.mhlw.go.jp/40/index.php?action_kouhyou_detail_004_kani=true&JigyosyoCd=4072601406-00&ServiceCd=150&Type=search", "url2": "nasafu@seagreen.ocn.ne.jp" }, "geometry": { "type": "Point", "coordinates": [ 130.9446173, 33.7312745 ] } },
{ "type": "Feature", "properties": { "内容": "はーとふるデイサービスセンター【通所介護】南泉1丁目24－12", "url": "https://www.kaigokensaku.mhlw.go.jp/40/index.php?action_kouhyou_detail_004_kani=true&JigyosyoCd=4072602057-00&ServiceCd=150&Type=search", "url2": null }, "geometry": { "type": "Point", "coordinates": [ 130.971609699999988, 33.7022443 ] } },
{ "type": "Feature", "properties": { "内容": "デイサービスセンターあいあい行橋【通所介護】福岡県行橋市西宮市５丁目３１番１７号", "url": "https://www.kaigokensaku.mhlw.go.jp/40/index.php?action_kouhyou_detail_004_kani=true&JigyosyoCd=4072602214-00&ServiceCd=150&Type=search", "url2": null }, "geometry": { "type": "Point", "coordinates": [ 130.958276, 33.7251961 ] } },
{ "type": "Feature", "properties": { "内容": "デイサービスセンター　亀保の里【通所介護】福岡県豊前市大字鬼木２０番地の１", "url": "https://www.kaigokensaku.mhlw.go.jp/40/index.php?action_kouhyou_detail_004_kani=true&JigyosyoCd=4072700083-00&ServiceCd=150&Type=search", "url2": "http://www.kibounosato.jp" }, "geometry": { "type": "Point", "coordinates": [ 131.129065800000035, 33.5775101 ] } },
{ "type": "Feature", "properties": { "内容": "デイサービスセンター望海荘【通所介護】福岡県豊前市松江991番地9", "url": "https://www.kaigokensaku.mhlw.go.jp/40/index.php?action_kouhyou_detail_004_kani=true&JigyosyoCd=4072700109-00&ServiceCd=150&Type=search", "url2": "http://bokaiso.jp/" }, "geometry": { "type": "Point", "coordinates": [ 131.087195182803384, 33.614420226498844 ] } },
{ "type": "Feature", "properties": { "内容": "通所介護リハビリセンターきずな豊前【通所介護】四郎丸119-1", "url": "https://www.kaigokensaku.mhlw.go.jp/40/index.php?action_kouhyou_detail_004_kani=true&JigyosyoCd=4072700638-00&ServiceCd=150&Type=search", "url2": "https://kizunistlien.jimdofree.com/" }, "geometry": { "type": "Point", "coordinates": [ 131.1058038, 33.6112138 ] } },
{ "type": "Feature", "properties": { "内容": "あおぞらの里豊前デイサービスセンター【通所介護】豊前市大字三毛門400-5", "url": "https://www.kaigokensaku.mhlw.go.jp/40/index.php?action_kouhyou_detail_004_kani=true&JigyosyoCd=4072700299-00&ServiceCd=150&Type=search", "url2": "http://www.cedar-web.com" }, "geometry": { "type": "Point", "coordinates": [ 131.159193599999981, 33.6101395 ] } },
{ "type": "Feature", "properties": { "内容": "デイサービスセンター　さくらんぼ【通所介護】福岡県豊前市大字薬師寺70番地1福祉センターさくらんぼ", "url": "https://www.kaigokensaku.mhlw.go.jp/40/index.php?action_kouhyou_detail_004_kani=true&JigyosyoCd=4072700653-00&ServiceCd=150&Type=search", "url2": null }, "geometry": { "type": "Point", "coordinates": [ 131.118102099999987, 33.5787034 ] } },
{ "type": "Feature", "properties": { "内容": "デイサービス　おこしかけ【通所介護】福岡県豊前市大字四郎丸1308-1", "url": "https://www.kaigokensaku.mhlw.go.jp/40/index.php?action_kouhyou_detail_004_kani=true&JigyosyoCd=4072700497-00&ServiceCd=150&Type=search", "url2": null }, "geometry": { "type": "Point", "coordinates": [ 131.09714427959716, 33.616349249377301 ] } },
{ "type": "Feature", "properties": { "内容": "豊前サンビレッヂデイサービスセンター【通所介護】福岡県豊前市大字下川底170", "url": "https://www.kaigokensaku.mhlw.go.jp/40/index.php?action_kouhyou_detail_004_kani=true&JigyosyoCd=4072700067-00&ServiceCd=150&Type=search", "url2": "http://fukuoka-houseikai.or.jp" }, "geometry": { "type": "Point", "coordinates": [ 131.091908600000011, 33.5549897 ] } },
{ "type": "Feature", "properties": { "内容": "デイサービス　ケアポートぶぜん【通所介護】福岡県豊前市大字赤熊１３５９－１", "url": "https://www.kaigokensaku.mhlw.go.jp/40/index.php?action_kouhyou_detail_004_kani=true&JigyosyoCd=4072700414-00&ServiceCd=150&Type=search", "url2": "https://careport-buzen.com/" }, "geometry": { "type": "Point", "coordinates": [ 131.1301479, 33.6196712 ] } },
{ "type": "Feature", "properties": { "内容": "なかまデイサービスセンター【通所介護】福岡県中間市通谷３丁目８－２１", "url": "https://www.kaigokensaku.mhlw.go.jp/40/index.php?action_kouhyou_detail_004_kani=true&JigyosyoCd=4072800404-00&ServiceCd=150&Type=search", "url2": null }, "geometry": { "type": "Point", "coordinates": [ 130.73324690000004, 33.8181585 ] } },
{ "type": "Feature", "properties": { "内容": "ささえ愛デイサービス【通所介護】福岡県中間市朝霧一丁目28番1号", "url": "https://www.kaigokensaku.mhlw.go.jp/40/index.php?action_kouhyou_detail_004_kani=true&JigyosyoCd=4072800594-00&ServiceCd=150&Type=search", "url2": null }, "geometry": { "type": "Point", "coordinates": [ 130.727483600000028, 33.8171752 ] } },
{ "type": "Feature", "properties": { "内容": "デイサービス桜の木【通所介護】福岡県中間市七重町11-7", "url": "https://www.kaigokensaku.mhlw.go.jp/40/index.php?action_kouhyou_detail_004_kani=true&JigyosyoCd=4072801733-00&ServiceCd=150&Type=search", "url2": null }, "geometry": { "type": "Point", "coordinates": [ 130.725679899999989, 33.8054064 ] } },
{ "type": "Feature", "properties": { "内容": "九州介護サービス　たいよう【通所介護】福岡県中間市中央1丁目１７－１", "url": "https://www.kaigokensaku.mhlw.go.jp/40/index.php?action_kouhyou_detail_004_kani=true&JigyosyoCd=4072801311-00&ServiceCd=150&Type=search", "url2": null }, "geometry": { "type": "Point", "coordinates": [ 130.711387599999966, 33.8225408 ] } },
{ "type": "Feature", "properties": { "内容": "デイサービス茶の間【通所介護】福岡県中間市中央３－１－３", "url": "https://www.kaigokensaku.mhlw.go.jp/40/index.php?action_kouhyou_detail_004_kani=true&JigyosyoCd=4072800750-00&ServiceCd=150&Type=search", "url2": null }, "geometry": { "type": "Point", "coordinates": [ 130.714589599999954, 33.8222786 ] } },
{ "type": "Feature", "properties": { "内容": "ライフタイムムーブフィットネス【通所介護】福岡県中間市岩瀬西町64-18", "url": "https://www.kaigokensaku.mhlw.go.jp/40/index.php?action_kouhyou_detail_004_kani=true&JigyosyoCd=4072801667-00&ServiceCd=150&Type=search", "url2": null }, "geometry": { "type": "Point", "coordinates": [ 130.707231299999989, 33.8340265 ] } },
{ "type": "Feature", "properties": { "内容": "リハビリ特化型デイサービス　GRAND【通所介護】福岡県中間市上底井野720-10", "url": "https://www.kaigokensaku.mhlw.go.jp/40/index.php?action_kouhyou_detail_004_kani=true&JigyosyoCd=4072801279-00&ServiceCd=150&Type=search", "url2": "http://fulldelight.co.jp" }, "geometry": { "type": "Point", "coordinates": [ 130.6980221, 33.8243485 ] } },
{ "type": "Feature", "properties": { "内容": "デイサービス　野の花【通所介護】福岡県中間市通谷6丁目21番10号", "url": "https://www.kaigokensaku.mhlw.go.jp/40/index.php?action_kouhyou_detail_004_kani=true&JigyosyoCd=4072801410-00&ServiceCd=150&Type=search", "url2": null }, "geometry": { "type": "Point", "coordinates": [ 130.740810099999976, 33.818306077738711 ] } },
{ "type": "Feature", "properties": { "内容": "あおのはデイサービス【通所介護】通谷3丁目23番5号", "url": "https://www.kaigokensaku.mhlw.go.jp/40/index.php?action_kouhyou_detail_004_kani=true&JigyosyoCd=4072801451-00&ServiceCd=150&Type=search", "url2": "https://wwwaonohaday.jindofree.com/" }, "geometry": { "type": "Point", "coordinates": [ 130.735279657220019, 33.819611709343739 ] } },
{ "type": "Feature", "properties": { "内容": "ミック健康の森　中間【通所介護】福岡県中間市岩瀬西町63-5", "url": "https://www.kaigokensaku.mhlw.go.jp/40/index.php?action_kouhyou_detail_004_kani=true&JigyosyoCd=4072801675-00&ServiceCd=150&Type=search", "url2": "https://mik-kenkonomori.com/" }, "geometry": { "type": "Point", "coordinates": [ 130.7070042, 33.8348561 ] } },
{ "type": "Feature", "properties": { "内容": "ウエルパークヒルズデイサービスセンター【通所介護】福岡県中間市通谷一丁目３６番３号", "url": "https://www.kaigokensaku.mhlw.go.jp/40/index.php?action_kouhyou_detail_004_kani=true&JigyosyoCd=4072800057-00&ServiceCd=150&Type=search", "url2": "https://wellph.jp/" }, "geometry": { "type": "Point", "coordinates": [ 130.731677499999932, 33.8237578 ] } },
{ "type": "Feature", "properties": { "内容": "岩尾内科デイサービスそらはな【通所介護】福岡県中間市中尾１丁目１番７号", "url": "https://www.kaigokensaku.mhlw.go.jp/40/index.php?action_kouhyou_detail_004_kani=true&JigyosyoCd=4072800339-00&ServiceCd=150&Type=search", "url2": "http://iwao-naika.com/" }, "geometry": { "type": "Point", "coordinates": [ 130.7124516, 33.8175081 ] } },
{ "type": "Feature", "properties": { "内容": "デイサービスセンター　桃のはな【通所介護】福岡県中間市垣生1424番地2", "url": "https://www.kaigokensaku.mhlw.go.jp/40/index.php?action_kouhyou_detail_004_kani=true&JigyosyoCd=4072800610-00&ServiceCd=150&Type=search", "url2": null }, "geometry": { "type": "Point", "coordinates": [ 130.694884705249024, 33.823939734770363 ] } },
{ "type": "Feature", "properties": { "内容": "デイサービス　こもれび【通所介護】福岡県中間市東中間２丁目13-37", "url": "https://www.kaigokensaku.mhlw.go.jp/40/index.php?action_kouhyou_detail_004_kani=true&JigyosyoCd=4072801642-00&ServiceCd=150&Type=search", "url2": null }, "geometry": { "type": "Point", "coordinates": [ 130.71906580000001, 33.819906 ] } },
{ "type": "Feature", "properties": { "内容": "デイサービス　コピーヌなかま【通所介護】福岡県中間市中鶴1丁目24-1", "url": "https://www.kaigokensaku.mhlw.go.jp/40/index.php?action_kouhyou_detail_004_kani=true&JigyosyoCd=4072801303-00&ServiceCd=150&Type=search", "url2": "https://www.crane-n.jp/" }, "geometry": { "type": "Point", "coordinates": [ 130.7038298, 33.8287454 ] } },
{ "type": "Feature", "properties": { "内容": "デイサービスセンターはつらつ【通所介護】福岡県中間市大字垣生８４８番３", "url": "https://www.kaigokensaku.mhlw.go.jp/40/index.php?action_kouhyou_detail_004_kani=true&JigyosyoCd=4072801345-00&ServiceCd=150&Type=search", "url2": null }, "geometry": { "type": "Point", "coordinates": [ 130.698360913738924, 33.819073013599272 ] } },
{ "type": "Feature", "properties": { "内容": "第２智美園デイサービスセンター【通所介護】中間市大字垣生2017番地3", "url": "https://www.kaigokensaku.mhlw.go.jp/40/index.php?action_kouhyou_detail_004_kani=true&JigyosyoCd=4072800644-00&ServiceCd=150&Type=search", "url2": "http://www.tomomien.com" }, "geometry": { "type": "Point", "coordinates": [ 130.698419300000069, 33.8237486 ] } },
{ "type": "Feature", "properties": { "内容": "デイサービス　リハビリセンターEAST【通所介護】福岡県中間市池田一丁目3番２号", "url": "https://www.kaigokensaku.mhlw.go.jp/40/index.php?action_kouhyou_detail_004_kani=true&JigyosyoCd=4072801253-00&ServiceCd=150&Type=search", "url2": "https://east-ltd.net/east.html" }, "geometry": { "type": "Point", "coordinates": [ 130.724293724492696, 33.814671163224084 ] } },
{ "type": "Feature", "properties": { "内容": "デイサービスリハビリセンターActive【通所介護】福岡県中間市中尾2丁目13-13", "url": "https://www.kaigokensaku.mhlw.go.jp/40/index.php?action_kouhyou_detail_004_kani=true&JigyosyoCd=4072801436-00&ServiceCd=150&Type=search", "url2": "https://east-ltd.net/active/" }, "geometry": { "type": "Point", "coordinates": [ 130.712321, 33.8186357 ] } },
{ "type": "Feature", "properties": { "内容": "デイサービスセンターなかまの和【通所介護】中間市中央4丁目２１－６", "url": "https://www.kaigokensaku.mhlw.go.jp/40/index.php?action_kouhyou_detail_004_kani=true&JigyosyoCd=4072800925-00&ServiceCd=150&Type=search", "url2": "http://minori2009.com" }, "geometry": { "type": "Point", "coordinates": [ 130.716729, 33.82433 ] } },
{ "type": "Feature", "properties": { "内容": "リハビリテーションデイサービス　スタート【通所介護】長津3丁目4番26号", "url": "https://www.kaigokensaku.mhlw.go.jp/40/index.php?action_kouhyou_detail_004_kani=true&JigyosyoCd=4072801006-00&ServiceCd=150&Type=search", "url2": "https://progress2012.studio.site/" }, "geometry": { "type": "Point", "coordinates": [ 130.70657379325408, 33.831593622196287 ] } },
{ "type": "Feature", "properties": { "内容": "デイサービス暖家。【通所介護】福岡県中間市土手ノ内一丁目40番26号", "url": "https://www.kaigokensaku.mhlw.go.jp/40/index.php?action_kouhyou_detail_004_kani=true&JigyosyoCd=4072801543-00&ServiceCd=150&Type=search", "url2": "https://fukushi-danke.com/" }, "geometry": { "type": "Point", "coordinates": [ 130.708469799999989, 33.8054287 ] } },
{ "type": "Feature", "properties": { "内容": "デイサービス日和【通所介護】福岡県中間市土手ノ内1-8-45", "url": "https://www.kaigokensaku.mhlw.go.jp/40/index.php?action_kouhyou_detail_004_kani=true&JigyosyoCd=4072801758-00&ServiceCd=150&Type=search", "url2": null }, "geometry": { "type": "Point", "coordinates": [ 130.7065518, 33.8101668 ] } },
{ "type": "Feature", "properties": { "内容": "社会福祉法人　東筑紫会　智美園デイサービスセンター【通所介護】福岡県中間市通谷６丁目７－１社会福祉法人　東筑紫会　特別養護老人ホーム智美園", "url": "https://www.kaigokensaku.mhlw.go.jp/40/index.php?action_kouhyou_detail_004_kani=true&JigyosyoCd=4072800156-00&ServiceCd=150&Type=search", "url2": "www.tomomien.com" }, "geometry": { "type": "Point", "coordinates": [ 130.742221200000017, 33.816556 ] } },
{ "type": "Feature", "properties": { "内容": "砂山デイサービスセンター【通所介護】福岡県中間市垣生字下大隈田1535番地", "url": "https://www.kaigokensaku.mhlw.go.jp/40/index.php?action_kouhyou_detail_004_kani=true&JigyosyoCd=4072800032-00&ServiceCd=150&Type=search", "url2": null }, "geometry": { "type": "Point", "coordinates": [ 130.7004637, 33.818877 ] } },
{ "type": "Feature", "properties": { "内容": "デイサービスLA・LIBERTA'【通所介護】福岡県中間市朝霧４丁目２１−１", "url": "https://www.kaigokensaku.mhlw.go.jp/40/index.php?action_kouhyou_detail_004_kani=true&JigyosyoCd=4072801337-00&ServiceCd=150&Type=search", "url2": "http://omg-co-ltd.com/" }, "geometry": { "type": "Point", "coordinates": [ 130.728153, 33.8156365 ] } },
{ "type": "Feature", "properties": { "内容": "やすらぎの家中間デイサービスセンター【通所介護】中間市蓮花寺2丁目11番30号", "url": "https://www.kaigokensaku.mhlw.go.jp/40/index.php?action_kouhyou_detail_004_kani=true&JigyosyoCd=4072801139-00&ServiceCd=150&Type=search", "url2": "http://www.fukushi-greencoop.or.jp" }, "geometry": { "type": "Point", "coordinates": [ 130.720649200000054, 33.8270405 ] } },
{ "type": "Feature", "properties": { "内容": "デイサービスセンター　ふくせんの郷【通所介護】福岡県小郡市松崎字福泉塚510-1", "url": "https://www.kaigokensaku.mhlw.go.jp/40/index.php?action_kouhyou_detail_004_kani=true&JigyosyoCd=4072900360-00&ServiceCd=150&Type=search", "url2": "http://www.chouseikai.jp" }, "geometry": { "type": "Point", "coordinates": [ 130.58603942516595, 33.396032015721808 ] } },
{ "type": "Feature", "properties": { "内容": "シマリス小郡【通所介護】小郡市大保110番地", "url": "https://www.kaigokensaku.mhlw.go.jp/40/index.php?action_kouhyou_detail_004_kani=true&JigyosyoCd=4072900576-00&ServiceCd=150&Type=search", "url2": "http://www.shimadahp.jp/care/shimarisu.html" }, "geometry": { "type": "Point", "coordinates": [ 130.56501460000004, 33.4100286 ] } },
{ "type": "Feature", "properties": { "内容": "コンパル【通所介護】福岡県小郡市小郡187番地1", "url": "https://www.kaigokensaku.mhlw.go.jp/40/index.php?action_kouhyou_detail_004_kani=true&JigyosyoCd=4072900733-00&ServiceCd=150&Type=search", "url2": "www.shimadahp.jp/eminas/nursingcare/" }, "geometry": { "type": "Point", "coordinates": [ 130.5537607, 33.3957637 ] } },
{ "type": "Feature", "properties": { "内容": "デイサービスセンター美鈴ヶ丘【通所介護】福岡県小郡市三沢字北立石5432-1", "url": "https://www.kaigokensaku.mhlw.go.jp/40/index.php?action_kouhyou_detail_004_kani=true&JigyosyoCd=4072900113-00&ServiceCd=150&Type=search", "url2": "http://www.chouseikai.jp/" }, "geometry": { "type": "Point", "coordinates": [ 130.563366500000029, 33.4287877 ] } },
{ "type": "Feature", "properties": { "内容": "シマリスみくに【通所介護】福岡県小郡市津古字西宮原1001番1", "url": "https://www.kaigokensaku.mhlw.go.jp/40/index.php?action_kouhyou_detail_004_kani=true&JigyosyoCd=4072900808-00&ServiceCd=150&Type=search", "url2": "shimadahp.jp" }, "geometry": { "type": "Point", "coordinates": [ 130.56669740000001, 33.4451398 ] } },
{ "type": "Feature", "properties": { "内容": "いきいき介護プラザ【通所介護】福岡県小郡市八坂553-1", "url": "https://www.kaigokensaku.mhlw.go.jp/40/index.php?action_kouhyou_detail_004_kani=true&JigyosyoCd=4072900907-00&ServiceCd=150&Type=search", "url2": null }, "geometry": { "type": "Point", "coordinates": [ 130.5612036, 33.3663958 ] } },
{ "type": "Feature", "properties": { "内容": "デイサービスセンター青寿苑【通所介護】福岡県小郡市井上５３１", "url": "https://www.kaigokensaku.mhlw.go.jp/40/index.php?action_kouhyou_detail_004_kani=true&JigyosyoCd=4072900154-00&ServiceCd=150&Type=search", "url2": "www.mikku.co.jp/seijuen/" }, "geometry": { "type": "Point", "coordinates": [ 130.577508200000011, 33.4054538 ] } },
{ "type": "Feature", "properties": { "内容": "通所介護　まどい【通所介護】津古字前田1416番地1住宅型有料老人ホーム　せいわの杜まどい", "url": "https://www.kaigokensaku.mhlw.go.jp/40/index.php?action_kouhyou_detail_004_kani=true&JigyosyoCd=4072900592-00&ServiceCd=150&Type=search", "url2": "https://www.seiwa-kai.com" }, "geometry": { "type": "Point", "coordinates": [ 130.56368, 33.4432445 ] } },
{ "type": "Feature", "properties": { "内容": "デイサービス絆　小郡【通所介護】福岡県小郡市923-1住宅型有料老人ホーム　りあん小郡内", "url": "https://www.kaigokensaku.mhlw.go.jp/40/index.php?action_kouhyou_detail_004_kani=true&JigyosyoCd=4072900816-00&ServiceCd=150&Type=search", "url2": null }, "geometry": { "type": "Point", "coordinates": [ 130.558084565832274, 33.44538637925212 ] } },
{ "type": "Feature", "properties": { "内容": "ソーシャルライフ福童【通所介護】福岡県小郡市福童227", "url": "https://www.kaigokensaku.mhlw.go.jp/40/index.php?action_kouhyou_detail_004_kani=true&JigyosyoCd=4072900725-00&ServiceCd=150&Type=search", "url2": "http://kyu-fukushi-service.co.jp" }, "geometry": { "type": "Point", "coordinates": [ 130.544137900410362, 33.385619075697392 ] } },
{ "type": "Feature", "properties": { "内容": "でいさーびすこよいの里筑紫野【通所介護】筑紫野市立明寺371-2", "url": "https://www.kaigokensaku.mhlw.go.jp/40/index.php?action_kouhyou_detail_004_kani=true&JigyosyoCd=4073001796-00&ServiceCd=150&Type=search", "url2": "https://pmind-koyoi.com/" }, "geometry": { "type": "Point", "coordinates": [ 130.524513903523541, 33.476876420146915 ] } },
{ "type": "Feature", "properties": { "内容": "ブルーミングケア福岡筑紫野【通所介護】福岡筑紫野市岡田1-9-1", "url": "https://www.kaigokensaku.mhlw.go.jp/40/index.php?action_kouhyou_detail_004_kani=true&JigyosyoCd=4073001762-00&ServiceCd=150&Type=search", "url2": null }, "geometry": { "type": "Point", "coordinates": [ 130.5554923, 33.4740814 ] } },
{ "type": "Feature", "properties": { "内容": "デイサービスセンターあけぼの【通所介護】福岡県筑紫野市紫４－６－１５", "url": "https://www.kaigokensaku.mhlw.go.jp/40/index.php?action_kouhyou_detail_004_kani=true&JigyosyoCd=4073000400-00&ServiceCd=150&Type=search", "url2": "https://care-akebono.com/" }, "geometry": { "type": "Point", "coordinates": [ 130.533470371163958, 33.494036073620485 ] } },
{ "type": "Feature", "properties": { "内容": "みどりの風デイサービスセンター二日市【通所介護】筑紫野市二日市中央三丁目7-19住宅型有料老人ホームみどりの風二日市", "url": "https://www.kaigokensaku.mhlw.go.jp/40/index.php?action_kouhyou_detail_004_kani=true&JigyosyoCd=4073001135-00&ServiceCd=150&Type=search", "url2": "http://solasto-carenetwork.com" }, "geometry": { "type": "Point", "coordinates": [ 130.5174376, 33.4986449 ] } },
{ "type": "Feature", "properties": { "内容": "デイサービスセンター　リスタートさくら【通所介護】福岡県筑紫野市二日市中央６－６－１０柴田ビル1階", "url": "https://www.kaigokensaku.mhlw.go.jp/40/index.php?action_kouhyou_detail_004_kani=true&JigyosyoCd=4073000749-00&ServiceCd=150&Type=search", "url2": null }, "geometry": { "type": "Point", "coordinates": [ 130.51643480000007, 33.5023362 ] } },
{ "type": "Feature", "properties": { "内容": "デイサービスセンターハーモニー聖和【通所介護】福岡県筑紫野市大字西小田991番地の3", "url": "https://www.kaigokensaku.mhlw.go.jp/40/index.php?action_kouhyou_detail_004_kani=true&JigyosyoCd=4073000756-00&ServiceCd=150&Type=search", "url2": "www.seiwa-kai.com" }, "geometry": { "type": "Point", "coordinates": [ 130.567943600000035, 33.445411 ] } },
{ "type": "Feature", "properties": { "内容": "デイサービス　リハモールちくし【通所介護】福岡県筑紫野市大字吉木2459－1梅の里　別館", "url": "https://www.kaigokensaku.mhlw.go.jp/40/index.php?action_kouhyou_detail_004_kani=true&JigyosyoCd=4073401293-00&ServiceCd=150&Type=search", "url2": "https://www.ume-bekkan.com" }, "geometry": { "type": "Point", "coordinates": [ 130.553778077910806, 33.511983313299929 ] } },
{ "type": "Feature", "properties": { "内容": "ちくしの荘デイサービスセンター【通所介護】福岡県筑紫野市原田462番地", "url": "https://www.kaigokensaku.mhlw.go.jp/40/index.php?action_kouhyou_detail_004_kani=true&JigyosyoCd=4073000236-00&ServiceCd=150&Type=search", "url2": "http://www.homan.or.jp" }, "geometry": { "type": "Point", "coordinates": [ 130.5428789, 33.4514688 ] } },
{ "type": "Feature", "properties": { "内容": "よこみぞ医院デイサービスつかさ【通所介護】福岡県筑紫野市大字立明寺509-1", "url": "https://www.kaigokensaku.mhlw.go.jp/40/index.php?action_kouhyou_detail_004_kani=true&JigyosyoCd=4073000897-00&ServiceCd=150&Type=search", "url2": "yokomizo-clinic.com" }, "geometry": { "type": "Point", "coordinates": [ 130.523284699999977, 33.4846213 ] } },
{ "type": "Feature", "properties": { "内容": "デイサービスセンターJA筑紫アネシス【通所介護】福岡県筑紫野市岡田3丁目11番地1筑紫野市総合保健福祉センター「カミーリヤ」", "url": "https://www.kaigokensaku.mhlw.go.jp/40/index.php?action_kouhyou_detail_004_kani=true&JigyosyoCd=4073000277-00&ServiceCd=150&Type=search", "url2": "http://www.ja-chkushi.or.jp/" }, "geometry": { "type": "Point", "coordinates": [ 130.551085853828482, 33.470135016102233 ] } },
{ "type": "Feature", "properties": { "内容": "デイサービスセンター天拝の園【通所介護】筑紫野市立明寺618-1", "url": "https://www.kaigokensaku.mhlw.go.jp/40/index.php?action_kouhyou_detail_004_kani=true&JigyosyoCd=4073000442-00&ServiceCd=150&Type=search", "url2": "http://www.tenpainosono.or.jp" }, "geometry": { "type": "Point", "coordinates": [ 130.530062199999946, 33.4814216 ] } },
{ "type": "Feature", "properties": { "内容": "二日市温泉長寿苑そよ風【通所介護】福岡県筑紫野市武蔵1丁目１－２４", "url": "https://www.kaigokensaku.mhlw.go.jp/40/index.php?action_kouhyou_detail_004_kani=true&JigyosyoCd=4073000699-00&ServiceCd=150&Type=search", "url2": "http://www.sykz.co.jp/" }, "geometry": { "type": "Point", "coordinates": [ 130.5116021, 33.4906178 ] } },
{ "type": "Feature", "properties": { "内容": "デイサービスセンター吉木【通所介護】筑紫野市大字吉木1728番地", "url": "https://www.kaigokensaku.mhlw.go.jp/40/index.php?action_kouhyou_detail_004_kani=true&JigyosyoCd=4073001085-00&ServiceCd=150&Type=search", "url2": "https://carecreates.com/" }, "geometry": { "type": "Point", "coordinates": [ 130.5621344, 33.5162932 ] } },
{ "type": "Feature", "properties": { "内容": "デイサービスセンターローズ【通所介護】永岡1286番2", "url": "https://www.kaigokensaku.mhlw.go.jp/40/index.php?action_kouhyou_detail_004_kani=true&JigyosyoCd=4073001127-00&ServiceCd=150&Type=search", "url2": "http://lavender-v.com/" }, "geometry": { "type": "Point", "coordinates": [ 130.532173807409634, 33.474748195416183 ] } },
{ "type": "Feature", "properties": { "内容": "ちくしの森　デイサービス【通所介護】俗明院一丁目7番3号ちくしの森　有料老人ホーム・デーサービス", "url": "https://www.kaigokensaku.mhlw.go.jp/40/index.php?action_kouhyou_detail_004_kani=true&JigyosyoCd=4073001291-00&ServiceCd=150&Type=search", "url2": "https://gracias-kaigo.com/" }, "geometry": { "type": "Point", "coordinates": [ 130.533048503041101, 33.480128363792431 ] } },
{ "type": "Feature", "properties": { "内容": "デイサービス筑紫野ＢＥＬＬＥＺＡ【通所介護】福岡県筑紫野市美しが丘南1-12-1筑紫野ベレッサ3階", "url": "https://www.kaigokensaku.mhlw.go.jp/40/index.php?action_kouhyou_detail_004_kani=true&JigyosyoCd=4073001457-00&ServiceCd=150&Type=search", "url2": "http://ds-chikusino-bellza.jimdo.com" }, "geometry": { "type": "Point", "coordinates": [ 130.541386619574041, 33.445843798334117 ] } },
{ "type": "Feature", "properties": { "内容": "二日市温泉翔裕園デイサービス【通所介護】福岡県筑紫野市湯町1-15-25二日市温泉翔裕園", "url": "https://www.kaigokensaku.mhlw.go.jp/40/index.php?action_kouhyou_detail_004_kani=true&JigyosyoCd=4073001507-00&ServiceCd=150&Type=search", "url2": "https://www.choujyunomori.jp/futsukaichi/" }, "geometry": { "type": "Point", "coordinates": [ 130.514135200000027, 33.49129 ] } },
{ "type": "Feature", "properties": { "内容": "リハビリデイ絆【通所介護】福岡県筑紫野市大字永岡503-8住宅型有料老人ホームりあん筑紫野", "url": "https://www.kaigokensaku.mhlw.go.jp/40/index.php?action_kouhyou_detail_004_kani=true&JigyosyoCd=4073001580-00&ServiceCd=150&Type=search", "url2": "https://www.lien-chikushino.com/" }, "geometry": { "type": "Point", "coordinates": [ 130.540001144404641, 33.475214086533896 ] } },
{ "type": "Feature", "properties": { "内容": "ツクイ筑紫野【通所介護】福岡県筑紫野市原田8-4-3", "url": "https://www.kaigokensaku.mhlw.go.jp/40/index.php?action_kouhyou_detail_004_kani=true&JigyosyoCd=4073001630-00&ServiceCd=150&Type=search", "url2": "https://www.chikushino.tsukui.net/" }, "geometry": { "type": "Point", "coordinates": [ 130.5405692, 33.4534744 ] } },
{ "type": "Feature", "properties": { "内容": "デイサービスセンターたんたん【通所介護】福岡県筑紫野市美咲1023番地2", "url": "https://www.kaigokensaku.mhlw.go.jp/40/index.php?action_kouhyou_detail_004_kani=true&JigyosyoCd=4073001309-00&ServiceCd=150&Type=search", "url2": "http://www.tantan.life" }, "geometry": { "type": "Point", "coordinates": [ 130.560782900000049, 33.4622178 ] } },
{ "type": "Feature", "properties": { "内容": "デイサービスセンター城山の郷【通所介護】福岡県筑紫野市大字筑紫383-6デイサービスセンター城山の郷", "url": "https://www.kaigokensaku.mhlw.go.jp/40/index.php?action_kouhyou_detail_004_kani=true&JigyosyoCd=4073200687-00&ServiceCd=150&Type=search", "url2": null }, "geometry": { "type": "Point", "coordinates": [ 130.544210165151298, 33.462556681646234 ] } },
{ "type": "Feature", "properties": { "内容": "デイサービスセンター雅翔【通所介護】福岡県筑紫野市光が丘４丁目５－３", "url": "https://www.kaigokensaku.mhlw.go.jp/40/index.php?action_kouhyou_detail_004_kani=true&JigyosyoCd=4073000772-00&ServiceCd=150&Type=search", "url2": "http://www.sanshukai.or.jp" }, "geometry": { "type": "Point", "coordinates": [ 130.561175120459893, 33.450170601464002 ] } },
{ "type": "Feature", "properties": { "内容": "筑紫野市大字原563-2【通所介護】大字原563-2サービス付き高齢者向け住宅知行庵筑紫", "url": "https://www.kaigokensaku.mhlw.go.jp/40/index.php?action_kouhyou_detail_004_kani=true&JigyosyoCd=4073001705-00&ServiceCd=150&Type=search", "url2": null }, "geometry": { "type": "Point", "coordinates": [ 130.541991660713194, 33.521136661304304 ] } },
{ "type": "Feature", "properties": { "内容": "みんなのうたデイサービス【通所介護】筑紫野市二日市北3丁目1-23総合福祉施設　みんなのうた", "url": "https://www.kaigokensaku.mhlw.go.jp/40/index.php?action_kouhyou_detail_004_kani=true&JigyosyoCd=4073001101-00&ServiceCd=150&Type=search", "url2": "www.minauta.com" }, "geometry": { "type": "Point", "coordinates": [ 130.523275799999965, 33.5045862 ] } },
{ "type": "Feature", "properties": { "内容": "デイサービスセンター天拝【通所介護】福岡県筑紫野市湯町2丁目９番２号", "url": "https://www.kaigokensaku.mhlw.go.jp/40/index.php?action_kouhyou_detail_004_kani=true&JigyosyoCd=4073000145-00&ServiceCd=150&Type=search", "url2": "http://www.musashien.com/tenpai.html" }, "geometry": { "type": "Point", "coordinates": [ 130.516427175532499, 33.490528902626664 ] } },
{ "type": "Feature", "properties": { "内容": "デイサービスセンター万葉の郷【通所介護】福岡県筑紫野市二日市南4-1-40", "url": "https://www.kaigokensaku.mhlw.go.jp/40/index.php?action_kouhyou_detail_004_kani=true&JigyosyoCd=4073001531-00&ServiceCd=150&Type=search", "url2": null }, "geometry": { "type": "Point", "coordinates": [ 130.5201237, 33.4898347 ] } },
{ "type": "Feature", "properties": { "内容": "リハビリデイサービスRECRU.【通所介護】福岡県筑紫野市大字筑紫1536", "url": "https://www.kaigokensaku.mhlw.go.jp/40/index.php?action_kouhyou_detail_004_kani=true&JigyosyoCd=4073001739-00&ServiceCd=150&Type=search", "url2": "https://synapse-fukuoka.net/" }, "geometry": { "type": "Point", "coordinates": [ 130.550850866934212, 33.462055159381478 ] } },
{ "type": "Feature", "properties": { "内容": "リハビリ特化型デイサービスセカホコ【通所介護】福岡県筑紫野市美しが丘南1-2-1", "url": "https://www.kaigokensaku.mhlw.go.jp/40/index.php?action_kouhyou_detail_004_kani=true&JigyosyoCd=4073001747-00&ServiceCd=150&Type=search", "url2": null }, "geometry": { "type": "Point", "coordinates": [ 130.546746399999989, 33.447402 ] } },
{ "type": "Feature", "properties": { "内容": "LACリハ春日【通所介護】福岡県春日市惣利1-127", "url": "https://www.kaigokensaku.mhlw.go.jp/40/index.php?action_kouhyou_detail_004_kani=true&JigyosyoCd=4073101844-00&ServiceCd=150&Type=search", "url2": null }, "geometry": { "type": "Point", "coordinates": [ 130.468644, 33.5149172 ] } },
{ "type": "Feature", "properties": { "内容": "Let'sリハ春日【通所介護】春日市下白水北３丁目15ラヴィーエヒナタ春日西1階1号室", "url": "https://www.kaigokensaku.mhlw.go.jp/40/index.php?action_kouhyou_detail_004_kani=true&JigyosyoCd=4073101851-00&ServiceCd=150&Type=search", "url2": "https://www.lets-reha.jp/shop/fukuoka-kasuga/" }, "geometry": { "type": "Point", "coordinates": [ 130.44434960000001, 33.5281536 ] } },
{ "type": "Feature", "properties": { "内容": "癒しのデイサービス福岡白水【通所介護】春日市大土居2-136", "url": "https://www.kaigokensaku.mhlw.go.jp/40/index.php?action_kouhyou_detail_004_kani=true&JigyosyoCd=4073101158-00&ServiceCd=150&Type=search", "url2": "http://www.riei.co.jp/communicare/sisetu/fukuoka-shirouzu/index.html" }, "geometry": { "type": "Point", "coordinates": [ 130.457715099999973, 33.5150972 ] } },
{ "type": "Feature", "properties": { "内容": "なごみのさと春日西デイサービス【通所介護】福岡県春日市一の谷５－１６", "url": "https://www.kaigokensaku.mhlw.go.jp/40/index.php?action_kouhyou_detail_004_kani=true&JigyosyoCd=4073101398-00&ServiceCd=150&Type=search", "url2": "http://www.nagomi-kasuga.com/" }, "geometry": { "type": "Point", "coordinates": [ 130.4462883, 33.521849 ] } },
{ "type": "Feature", "properties": { "内容": "ツクイ春日一の谷【通所介護】福岡県春日市一の谷1-102", "url": "https://www.kaigokensaku.mhlw.go.jp/40/index.php?action_kouhyou_detail_004_kani=true&JigyosyoCd=4073101562-00&ServiceCd=150&Type=search", "url2": "http：//www.tsukui.net" }, "geometry": { "type": "Point", "coordinates": [ 130.4490666, 33.5253262 ] } },
{ "type": "Feature", "properties": { "内容": "ケアライフ昇町デイサービスセンター【通所介護】福岡県春日市昇町6-122-1ケアライフ昇町", "url": "https://www.kaigokensaku.mhlw.go.jp/40/index.php?action_kouhyou_detail_004_kani=true&JigyosyoCd=4073101505-00&ServiceCd=150&Type=search", "url2": "http://www.bestlife1165.com" }, "geometry": { "type": "Point", "coordinates": [ 130.451951199999939, 33.5226744 ] } },
{ "type": "Feature", "properties": { "内容": "デイサービスセンター　かすがこうえん【通所介護】春日市春日1丁目39-1", "url": "https://www.kaigokensaku.mhlw.go.jp/40/index.php?action_kouhyou_detail_004_kani=true&JigyosyoCd=4073100267-00&ServiceCd=150&Type=search", "url2": "https://ds-kasuga-kaigo.jimdofree.com/" }, "geometry": { "type": "Point", "coordinates": [ 130.468919599999907, 33.5249633 ] } },
{ "type": "Feature", "properties": { "内容": "ケアライフ上白水デイサービスセンター【通所介護】福岡県春日市上白水6-30-1ケアライフ上白水", "url": "https://www.kaigokensaku.mhlw.go.jp/40/index.php?action_kouhyou_detail_004_kani=true&JigyosyoCd=4073101042-00&ServiceCd=150&Type=search", "url2": "https://www.bestlife1165.com" }, "geometry": { "type": "Point", "coordinates": [ 130.439433399999984, 33.5209739 ] } },
{ "type": "Feature", "properties": { "内容": "エフコープデイサービスりんご庵光町【通所介護】福岡県春日市光町2丁目91番地　りんご庵光町", "url": "https://www.kaigokensaku.mhlw.go.jp/40/index.php?action_kouhyou_detail_004_kani=true&JigyosyoCd=4073100598-00&ServiceCd=150&Type=search", "url2": "http://www.fcoop.or.jp/" }, "geometry": { "type": "Point", "coordinates": [ 130.327596800000038, 33.5476972 ] } },
{ "type": "Feature", "properties": { "内容": "デイサービスセンターフォレスト春日【通所介護】福岡県春日市大土居3丁目154‐1", "url": "https://www.kaigokensaku.mhlw.go.jp/40/index.php?action_kouhyou_detail_004_kani=true&JigyosyoCd=4073101760-00&ServiceCd=150&Type=search", "url2": "https://amenitylife-f.co.jp/" }, "geometry": { "type": "Point", "coordinates": [ 130.461528154244974, 33.511363505138618 ] } },
{ "type": "Feature", "properties": { "内容": "デイサービス春日のたいよう【通所介護】福岡県春日市天神山3-22", "url": "https://www.kaigokensaku.mhlw.go.jp/40/index.php?action_kouhyou_detail_004_kani=true&JigyosyoCd=4073101828-00&ServiceCd=150&Type=search", "url2": null }, "geometry": { "type": "Point", "coordinates": [ 130.45344, 33.5167309 ] } },
{ "type": "Feature", "properties": { "内容": "デイサービス　まつの樹【通所介護】福岡県春日市松ヶ丘5丁目57番綺羅羅弐番館", "url": "https://www.kaigokensaku.mhlw.go.jp/40/index.php?action_kouhyou_detail_004_kani=true&JigyosyoCd=4073101471-00&ServiceCd=150&Type=search", "url2": "http://www.m-sakura.com/conpany" }, "geometry": { "type": "Point", "coordinates": [ 130.45711510000001, 33.5077284 ] } },
{ "type": "Feature", "properties": { "内容": "デイゆめさくら【通所介護】福岡県春日市桜ヶ丘8丁目29", "url": "https://www.kaigokensaku.mhlw.go.jp/40/index.php?action_kouhyou_detail_004_kani=true&JigyosyoCd=4073100317-00&ServiceCd=150&Type=search", "url2": "http://yumesakura.jp/" }, "geometry": { "type": "Point", "coordinates": [ 130.449921300000028, 33.5481798 ] } },
{ "type": "Feature", "properties": { "内容": "ニチイケアセンター春日南【通所介護】福岡県春日市春日2丁目22番", "url": "https://www.kaigokensaku.mhlw.go.jp/40/index.php?action_kouhyou_detail_004_kani=true&JigyosyoCd=4073100853-00&ServiceCd=150&Type=search", "url2": "http://www.nichii-kaigo.jp/base/base-result/05N83/" }, "geometry": { "type": "Point", "coordinates": [ 130.4709861, 33.5238663 ] } },
{ "type": "Feature", "properties": { "内容": "デイサービスセンターリハビリモール【通所介護】福岡県春日市大谷８丁目１０６２Ｆ", "url": "https://www.kaigokensaku.mhlw.go.jp/40/index.php?action_kouhyou_detail_004_kani=true&JigyosyoCd=4073101281-00&ServiceCd=150&Type=search", "url2": "www.rehabilimall.com" }, "geometry": { "type": "Point", "coordinates": [ 130.45382963743441, 33.5255073 ] } },
{ "type": "Feature", "properties": { "内容": "デイサービスリハビリモールnext【通所介護】福岡県春日市大谷８丁目１０６タイラコーポ1F", "url": "https://www.kaigokensaku.mhlw.go.jp/40/index.php?action_kouhyou_detail_004_kani=true&JigyosyoCd=4073101323-00&ServiceCd=150&Type=search", "url2": null }, "geometry": { "type": "Point", "coordinates": [ 130.453740400000015, 33.5255295 ] } },
{ "type": "Feature", "properties": { "内容": "デイサービス　フェリーチェ【通所介護】下白水南5丁目27-1有料老人ホーム　フェリーチェ", "url": "https://www.kaigokensaku.mhlw.go.jp/40/index.php?action_kouhyou_detail_004_kani=true&JigyosyoCd=4073101513-00&ServiceCd=150&Type=search", "url2": "http://gracias-kaigo.com" }, "geometry": { "type": "Point", "coordinates": [ 130.442045515483102, 33.52287209638817 ] } },
{ "type": "Feature", "properties": { "内容": "桜ヶ丘デイサービスセンター【通所介護】福岡県春日市桜ヶ丘４丁目28番地1特別養護老人ホーム桜ヶ丘", "url": "https://www.kaigokensaku.mhlw.go.jp/40/index.php?action_kouhyou_detail_004_kani=true&JigyosyoCd=4073101687-00&ServiceCd=150&Type=search", "url2": "http://www.tokuwa.net/" }, "geometry": { "type": "Point", "coordinates": [ 130.448768199999989, 33.5438396 ] } },
{ "type": "Feature", "properties": { "内容": "デイサービスＡＸＩＡ春日【通所介護】上白水三丁目４６番地", "url": "https://www.kaigokensaku.mhlw.go.jp/40/index.php?action_kouhyou_detail_004_kani=true&JigyosyoCd=4073101372-00&ServiceCd=150&Type=search", "url2": null }, "geometry": { "type": "Point", "coordinates": [ 130.443746899999951, 33.5185187 ] } },
{ "type": "Feature", "properties": { "内容": "かすがの郷　デイサービスセンター【通所介護】福岡県春日市塚原台３丁目１２９番地", "url": "https://www.kaigokensaku.mhlw.go.jp/40/index.php?action_kouhyou_detail_004_kani=true&JigyosyoCd=4073100143-00&ServiceCd=150&Type=search", "url2": "https://www.otogane.or.jp/kasuga/" }, "geometry": { "type": "Point", "coordinates": [ 130.466772600000013, 33.5090758 ] } },
{ "type": "Feature", "properties": { "内容": "小梅デイサービス【通所介護】福岡県春日市一の谷1丁目143", "url": "https://www.kaigokensaku.mhlw.go.jp/40/index.php?action_kouhyou_detail_004_kani=true&JigyosyoCd=4073101497-00&ServiceCd=150&Type=search", "url2": "http://www.syousei-koume.com" }, "geometry": { "type": "Point", "coordinates": [ 130.449463299999934, 33.5238375 ] } },
{ "type": "Feature", "properties": { "内容": "グッドタイム春日デイサービスセンター【通所介護】福岡県春日市平田台1丁目138番2号グッドタイムホーム2・春日", "url": "https://www.kaigokensaku.mhlw.go.jp/40/index.php?action_kouhyou_detail_004_kani=true&JigyosyoCd=4073101539-00&ServiceCd=150&Type=search", "url2": "http://www.souseikai.or.jp" }, "geometry": { "type": "Point", "coordinates": [ 130.473034500000011, 33.5141758 ] } },
{ "type": "Feature", "properties": { "内容": "はるのかぜデイサービスセンター【通所介護】福岡県春日市白水ヶ丘2丁目134", "url": "https://www.kaigokensaku.mhlw.go.jp/40/index.php?action_kouhyou_detail_004_kani=true&JigyosyoCd=4073101745-00&ServiceCd=150&Type=search", "url2": null }, "geometry": { "type": "Point", "coordinates": [ 130.4433158, 33.5119602 ] } },
{ "type": "Feature", "properties": { "内容": "デイサービス　菜の花【通所介護】福岡県春日市須玖南4-14", "url": "https://www.kaigokensaku.mhlw.go.jp/40/index.php?action_kouhyou_detail_004_kani=true&JigyosyoCd=4073100721-00&ServiceCd=150&Type=search", "url2": "https://www.facebook.com/yuyugroup2013" }, "geometry": { "type": "Point", "coordinates": [ 130.444057899999962, 33.5390029 ] } },
{ "type": "Feature", "properties": { "内容": "愛アルファーデイサービス【通所介護】福岡県春日市一の谷6丁目32番地", "url": "https://www.kaigokensaku.mhlw.go.jp/40/index.php?action_kouhyou_detail_004_kani=true&JigyosyoCd=4073100515-00&ServiceCd=150&Type=search", "url2": "http://www.ufinitia.com/ai/" }, "geometry": { "type": "Point", "coordinates": [ 130.447993699999984, 33.5224351 ] } },
{ "type": "Feature", "properties": { "内容": "パナソニックエイジフリーケアセンター福岡大野城　デイサービス【通所介護】福岡県大野城市乙金2丁目9番1号パナソニックエイジフリーケアセンター", "url": "https://www.kaigokensaku.mhlw.go.jp/40/index.php?action_kouhyou_detail_004_kani=true&JigyosyoCd=4073201354-00&ServiceCd=150&Type=search", "url2": null }, "geometry": { "type": "Point", "coordinates": [ 130.490862099999958, 33.5464061 ] } },
{ "type": "Feature", "properties": { "内容": "大野城市北デイサービスセンター　こもれびの郷【通所介護】福岡県大野城市仲畑3丁目10番21号", "url": "https://www.kaigokensaku.mhlw.go.jp/40/index.php?action_kouhyou_detail_004_kani=true&JigyosyoCd=4073200133-00&ServiceCd=150&Type=search", "url2": "http://www.otogane.or.jp/day/" }, "geometry": { "type": "Point", "coordinates": [ 130.4743413, 33.550558 ] } },
{ "type": "Feature", "properties": { "内容": "中央デイサービスセンター【通所介護】福岡県大野城市上大利1丁目3番9号", "url": "https://www.kaigokensaku.mhlw.go.jp/40/index.php?action_kouhyou_detail_004_kani=true&JigyosyoCd=4073200125-00&ServiceCd=150&Type=search", "url2": "http://www.yuseikai.jp/" }, "geometry": { "type": "Point", "coordinates": [ 130.482060100000012, 33.5218807 ] } },
{ "type": "Feature", "properties": { "内容": "つどい処　せんだん【通所介護】大野城市大城４丁目２－１３", "url": "https://www.kaigokensaku.mhlw.go.jp/40/index.php?action_kouhyou_detail_004_kani=true&JigyosyoCd=4073200315-00&ServiceCd=150&Type=search", "url2": "https://www.sendannooka.com" }, "geometry": { "type": "Point", "coordinates": [ 130.491584482092321, 33.533749049878011 ] } },
{ "type": "Feature", "properties": { "内容": "デイサービス　グッドスマイル【通所介護】福岡県大野城市南ヶ丘２丁目24-1サンシティ南ヶ丘T-21", "url": "https://www.kaigokensaku.mhlw.go.jp/40/index.php?action_kouhyou_detail_004_kani=true&JigyosyoCd=4073201644-00&ServiceCd=150&Type=search", "url2": "http://hp.kaipoke.biz/kx5/" }, "geometry": { "type": "Point", "coordinates": [ 130.48118740000001, 33.5046399 ] } },
{ "type": "Feature", "properties": { "内容": "大野城市南デイサービスセンター南風【通所介護】福岡県大野城市つつじヶ丘3丁目1番31号", "url": "https://www.kaigokensaku.mhlw.go.jp/40/index.php?action_kouhyou_detail_004_kani=true&JigyosyoCd=4073200216-00&ServiceCd=150&Type=search", "url2": "http://www.musashien.com/nanpu.html" }, "geometry": { "type": "Point", "coordinates": [ 130.481024, 33.4970219 ] } },
{ "type": "Feature", "properties": { "内容": "悠生園デイサービスセンター【通所介護】福岡県大野城中2丁目3番1号悠生会地域包括ケアセンター　２階", "url": "https://www.kaigokensaku.mhlw.go.jp/40/index.php?action_kouhyou_detail_004_kani=true&JigyosyoCd=4073200026-00&ServiceCd=150&Type=search", "url2": "http://www.yuseikai.jp/" }, "geometry": { "type": "Point", "coordinates": [ 130.482821698133876, 33.549971956221896 ] } },
{ "type": "Feature", "properties": { "内容": "オーフィット【通所介護】福岡県大野城市緑ヶ丘4-10-5緑ヶ丘ヒルズウォークK　１F", "url": "https://www.kaigokensaku.mhlw.go.jp/40/index.php?action_kouhyou_detail_004_kani=true&JigyosyoCd=4073201636-00&ServiceCd=150&Type=search", "url2": null }, "geometry": { "type": "Point", "coordinates": [ 130.484895046032705, 33.502223848455749 ] } },
{ "type": "Feature", "properties": { "内容": "さくらデイサービス大野城【通所介護】福岡県大野城市東大利３丁目11-28", "url": "https://www.kaigokensaku.mhlw.go.jp/40/index.php?action_kouhyou_detail_004_kani=true&JigyosyoCd=4073201321-00&ServiceCd=150&Type=search", "url2": null }, "geometry": { "type": "Point", "coordinates": [ 130.488676199999986, 33.526386 ] } },
{ "type": "Feature", "properties": { "内容": "さくらデイサービスWAVE【通所介護】福岡県大野城市山田2丁目9－16", "url": "https://www.kaigokensaku.mhlw.go.jp/40/index.php?action_kouhyou_detail_004_kani=true&JigyosyoCd=4073201503-00&ServiceCd=150&Type=search", "url2": "https://www.ninecoat.jp/" }, "geometry": { "type": "Point", "coordinates": [ 130.4731141, 33.5461351 ] } },
{ "type": "Feature", "properties": { "内容": "SJR下大利デイサービスセンター【通所介護】福岡県大野城市下大利1丁目21番17号", "url": "https://www.kaigokensaku.mhlw.go.jp/40/index.php?action_kouhyou_detail_004_kani=true&JigyosyoCd=4073201610-00&ServiceCd=150&Type=search", "url2": "http://www.sjr-jr.co.jp" }, "geometry": { "type": "Point", "coordinates": [ 130.485521799999987, 33.5201777 ] } },
{ "type": "Feature", "properties": { "内容": "デイサービス　うぶすな【通所介護】福岡県大野城市つつじヶ丘1丁目1番7号", "url": "https://www.kaigokensaku.mhlw.go.jp/40/index.php?action_kouhyou_detail_004_kani=true&JigyosyoCd=4073201651-00&ServiceCd=150&Type=search", "url2": null }, "geometry": { "type": "Point", "coordinates": [ 130.484591336280403, 33.502024595532802 ] } },
{ "type": "Feature", "properties": { "内容": "デイサービスセンター　大野城【通所介護】平野台３丁目７番１", "url": "https://www.kaigokensaku.mhlw.go.jp/40/index.php?action_kouhyou_detail_004_kani=true&JigyosyoCd=4073200968-00&ServiceCd=150&Type=search", "url2": "http://elegance-tenpaizaka.info/wp-admin" }, "geometry": { "type": "Point", "coordinates": [ 130.466097499999933, 33.4947494 ] } },
{ "type": "Feature", "properties": { "内容": "デイサービスリンゴの樹【通所介護】福岡県大野城市平野台4丁目１０－５", "url": "https://www.kaigokensaku.mhlw.go.jp/40/index.php?action_kouhyou_detail_004_kani=true&JigyosyoCd=4073201719-00&ServiceCd=150&Type=search", "url2": null }, "geometry": { "type": "Point", "coordinates": [ 130.4671526, 33.4917838 ] } },
{ "type": "Feature", "properties": { "内容": "月の浦デイサービス・みんなの木【通所介護】福岡県大野城市月の浦3-24-3", "url": "https://www.kaigokensaku.mhlw.go.jp/40/index.php?action_kouhyou_detail_004_kani=true&JigyosyoCd=4073200844-00&ServiceCd=150&Type=search", "url2": "http://www.minnanoki.net/" }, "geometry": { "type": "Point", "coordinates": [ 130.461148, 33.4998404 ] } },
{ "type": "Feature", "properties": { "内容": "デイサービスセンター東風の郷【通所介護】福岡県大野城市乙金東３丁目４－１４", "url": "https://www.kaigokensaku.mhlw.go.jp/40/index.php?action_kouhyou_detail_004_kani=true&JigyosyoCd=4073201446-00&ServiceCd=150&Type=search", "url2": "https://lifestagefukuoka.com/kochinosato" }, "geometry": { "type": "Point", "coordinates": [ 130.493153500000062, 33.5530442 ] } },
{ "type": "Feature", "properties": { "内容": "デイサービス　こよいの里【通所介護】瓦田2丁目7-41", "url": "https://www.kaigokensaku.mhlw.go.jp/40/index.php?action_kouhyou_detail_004_kani=true&JigyosyoCd=4073201545-00&ServiceCd=150&Type=search", "url2": "https://pmind-koyoi.com/" }, "geometry": { "type": "Point", "coordinates": [ 130.480861365795135, 33.531655908084929 ] } },
{ "type": "Feature", "properties": { "内容": "デイサービスこころ（想）【通所介護】福岡県大野城市川久保二丁目３番５号", "url": "https://www.kaigokensaku.mhlw.go.jp/40/index.php?action_kouhyou_detail_004_kani=true&JigyosyoCd=4073201313-00&ServiceCd=150&Type=search", "url2": null }, "geometry": { "type": "Point", "coordinates": [ 130.489101099999971, 33.5500168 ] } },
{ "type": "Feature", "properties": { "内容": "運動リハビリ　デイサービス　ホコル【通所介護】福岡県大野城市乙金3丁目23番1号イオン乙金ショッピングセンター", "url": "https://www.kaigokensaku.mhlw.go.jp/40/index.php?action_kouhyou_detail_004_kani=true&JigyosyoCd=4073201263-00&ServiceCd=150&Type=search", "url2": "http://www.hokoru.com/" }, "geometry": { "type": "Point", "coordinates": [ 130.477804900000024, 33.5371819 ] } },
{ "type": "Feature", "properties": { "内容": "デイサービスセンターヒーリングハウス水城【通所介護】福岡県大野城市下大利４丁目７番１５号", "url": "https://www.kaigokensaku.mhlw.go.jp/40/index.php?action_kouhyou_detail_004_kani=true&JigyosyoCd=4073200711-00&ServiceCd=150&Type=search", "url2": null }, "geometry": { "type": "Point", "coordinates": [ 130.487456800000018, 33.5180062 ] } },
{ "type": "Feature", "properties": { "内容": "リハビリデイサービス　なゆた【通所介護】大野城市若草1-6-2", "url": "https://www.kaigokensaku.mhlw.go.jp/40/index.php?action_kouhyou_detail_004_kani=true&JigyosyoCd=4073200976-00&ServiceCd=150&Type=search", "url2": "rehabnayuta@apricot.ocn.ne.jp" }, "geometry": { "type": "Point", "coordinates": [ 130.465906, 33.5071593 ] } },
{ "type": "Feature", "properties": { "内容": "運動リハビリデイサービスHARERU【通所介護】福岡県大野城市錦町4－3－8グリンデルワルト1F", "url": "https://www.kaigokensaku.mhlw.go.jp/40/index.php?action_kouhyou_detail_004_kani=true&JigyosyoCd=4073201487-00&ServiceCd=150&Type=search", "url2": "https://oonojou.hareru.net/" }, "geometry": { "type": "Point", "coordinates": [ 130.477846799999952, 33.5371386 ] } },
{ "type": "Feature", "properties": { "内容": "ブルーミングケア福岡大野城【通所介護】福岡県大野城市大城4丁目24‐37", "url": "https://www.kaigokensaku.mhlw.go.jp/40/index.php?action_kouhyou_detail_004_kani=true&JigyosyoCd=4073201750-00&ServiceCd=150&Type=search", "url2": "https://sunnycat.jp/sunnycat/" }, "geometry": { "type": "Point", "coordinates": [ 130.497014298147576, 33.533156117199589 ] } },
{ "type": "Feature", "properties": { "内容": "匂花【通所介護】福岡県宗像市牟田尻1616番地", "url": "https://www.kaigokensaku.mhlw.go.jp/40/index.php?action_kouhyou_detail_004_kani=true&JigyosyoCd=4073301485-00&ServiceCd=150&Type=search", "url2": null }, "geometry": { "type": "Point", "coordinates": [ 130.502724889688153, 33.84293758541385 ] } },
{ "type": "Feature", "properties": { "内容": "デイサービスみあらか【通所介護】福岡県宗像市東郷3-6-14", "url": "https://www.kaigokensaku.mhlw.go.jp/40/index.php?action_kouhyou_detail_004_kani=true&JigyosyoCd=4073301584-00&ServiceCd=150&Type=search", "url2": null }, "geometry": { "type": "Point", "coordinates": [ 130.542499613491827, 33.808780379597643 ] } },
{ "type": "Feature", "properties": { "内容": "通所介護ライズ【通所介護】福岡県宗像市東郷129-1", "url": "https://www.kaigokensaku.mhlw.go.jp/40/index.php?action_kouhyou_detail_004_kani=true&JigyosyoCd=4073300677-00&ServiceCd=150&Type=search", "url2": "https://www.rise-info.com" }, "geometry": { "type": "Point", "coordinates": [ 130.5467456, 33.8006876 ] } },
{ "type": "Feature", "properties": { "内容": "デイサービス　よりあいの家【通所介護】福岡県宗像市武丸913-１", "url": "https://www.kaigokensaku.mhlw.go.jp/40/index.php?action_kouhyou_detail_004_kani=true&JigyosyoCd=4073301022-00&ServiceCd=150&Type=search", "url2": "http://yoriainoie@silver.ocn.ne.jp" }, "geometry": { "type": "Point", "coordinates": [ 130.6100463, 33.798602700000018 ] } },
{ "type": "Feature", "properties": { "内容": "ライズケアセンター【通所介護】宗像市東郷126-4", "url": "https://www.kaigokensaku.mhlw.go.jp/40/index.php?action_kouhyou_detail_004_kani=true&JigyosyoCd=4073301147-00&ServiceCd=150&Type=search", "url2": "https://www.rise-info.com/" }, "geometry": { "type": "Point", "coordinates": [ 130.547013791401668, 33.80052691139975 ] } },
{ "type": "Feature", "properties": { "内容": "ライズセントラル杏【通所介護】福岡県宗像市徳重1丁目2-20", "url": "https://www.kaigokensaku.mhlw.go.jp/40/index.php?action_kouhyou_detail_004_kani=true&JigyosyoCd=4073301881-00&ServiceCd=150&Type=search", "url2": "https://www.rise-info.com" }, "geometry": { "type": "Point", "coordinates": [ 130.583143915344237, 33.798356879533337 ] } },
{ "type": "Feature", "properties": { "内容": "ライズトレーニングセンターアクティブ【通所介護】福岡県宗像市東郷127-1", "url": "https://www.kaigokensaku.mhlw.go.jp/40/index.php?action_kouhyou_detail_004_kani=true&JigyosyoCd=4073302012-00&ServiceCd=150&Type=search", "url2": "https://www.rise-info.com" }, "geometry": { "type": "Point", "coordinates": [ 130.54692270000001, 33.8001555 ] } },
{ "type": "Feature", "properties": { "内容": "愛グループ　シャングリラ【通所介護】福岡県宗像市東郷３丁目2-1", "url": "https://www.kaigokensaku.mhlw.go.jp/40/index.php?action_kouhyou_detail_004_kani=true&JigyosyoCd=4073300958-00&ServiceCd=150&Type=search", "url2": "https://ai-shangri-la.com/" }, "geometry": { "type": "Point", "coordinates": [ 130.545281599999953, 33.8081312 ] } },
{ "type": "Feature", "properties": { "内容": "ライトリハセンター【通所介護】福岡県宗像市冨地原1824-1", "url": "https://www.kaigokensaku.mhlw.go.jp/40/index.php?action_kouhyou_detail_004_kani=true&JigyosyoCd=4073301543-00&ServiceCd=150&Type=search", "url2": "http://light-sogo.com" }, "geometry": { "type": "Point", "coordinates": [ 130.596468383961451, 33.7977011725783 ] } },
{ "type": "Feature", "properties": { "内容": "デイサービス　ほがらか【通所介護】福岡県宗像市自由ヶ丘3丁目１１番11号", "url": "https://www.kaigokensaku.mhlw.go.jp/40/index.php?action_kouhyou_detail_004_kani=true&JigyosyoCd=4073300701-00&ServiceCd=150&Type=search", "url2": null }, "geometry": { "type": "Point", "coordinates": [ 130.57890169999996, 33.7942192 ] } },
{ "type": "Feature", "properties": { "内容": "ライトケアセンター日の里【通所介護】福岡県宗像市日の里４丁目２２番９号", "url": "https://www.kaigokensaku.mhlw.go.jp/40/index.php?action_kouhyou_detail_004_kani=true&JigyosyoCd=4073301824-00&ServiceCd=150&Type=search", "url2": "https://light-sogo.com/" }, "geometry": { "type": "Point", "coordinates": [ 130.541324, 33.7947736 ] } },
{ "type": "Feature", "properties": { "内容": "デイサービス　ラディアむなかた【通所介護】宗像市宮田２－９－１", "url": "https://www.kaigokensaku.mhlw.go.jp/40/index.php?action_kouhyou_detail_004_kani=true&JigyosyoCd=4073301188-00&ServiceCd=150&Type=search", "url2": "http://www.hayashi-cl.jp/radia/" }, "geometry": { "type": "Point", "coordinates": [ 130.567238699999962, 33.792136 ] } },
{ "type": "Feature", "properties": { "内容": "ライトケアセンターひかりの里【通所介護】福岡県宗像市光岡139-6", "url": "https://www.kaigokensaku.mhlw.go.jp/40/index.php?action_kouhyou_detail_004_kani=true&JigyosyoCd=4073301436-00&ServiceCd=150&Type=search", "url2": "http://light-sogo.com" }, "geometry": { "type": "Point", "coordinates": [ 130.557649199999986, 33.7866759 ] } },
{ "type": "Feature", "properties": { "内容": "デイサービスセンター　みのり【通所介護】福岡県宗像市田熊1-3-3", "url": "https://www.kaigokensaku.mhlw.go.jp/40/index.php?action_kouhyou_detail_004_kani=true&JigyosyoCd=4073301782-00&ServiceCd=150&Type=search", "url2": "http://www.kitatikuzen.net/" }, "geometry": { "type": "Point", "coordinates": [ 130.5351661, 33.801477 ] } },
{ "type": "Feature", "properties": { "内容": "宗寿園デイサービスセンター暖々【通所介護】福岡県宗像市稲元５－２－２", "url": "https://www.kaigokensaku.mhlw.go.jp/40/index.php?action_kouhyou_detail_004_kani=true&JigyosyoCd=4073300081-00&ServiceCd=150&Type=search", "url2": "http://www.kitatikuzen.net" }, "geometry": { "type": "Point", "coordinates": [ 130.557808099999988, 33.815764 ] } },
{ "type": "Feature", "properties": { "内容": "デイサービス　けやき通り【通所介護】宗像市城西ヶ丘４－２０－２", "url": "https://www.kaigokensaku.mhlw.go.jp/40/index.php?action_kouhyou_detail_004_kani=true&JigyosyoCd=4073300875-00&ServiceCd=150&Type=search", "url2": "http://www.careplanets.co.jp/" }, "geometry": { "type": "Point", "coordinates": [ 130.5520808, 33.813903 ] } },
{ "type": "Feature", "properties": { "内容": "デイサービスセンター湊の杜【通所介護】福岡県宗像市神湊411住宅型有料老人ホームファミエール湊の杜　４階", "url": "https://www.kaigokensaku.mhlw.go.jp/40/index.php?action_kouhyou_detail_004_kani=true&JigyosyoCd=4073301105-00&ServiceCd=150&Type=search", "url2": null }, "geometry": { "type": "Point", "coordinates": [ 130.485299899999973, 33.8506808 ] } },
{ "type": "Feature", "properties": { "内容": "デイサービス宗像のたいよう【通所介護】宗像市徳重字沼503-2有料老人ホームたいよう宗像館", "url": "https://www.kaigokensaku.mhlw.go.jp/40/index.php?action_kouhyou_detail_004_kani=true&JigyosyoCd=4073302061-00&ServiceCd=150&Type=search", "url2": "https://www.taiyouhome.com/institution/1504/" }, "geometry": { "type": "Point", "coordinates": [ 130.5902462, 33.7993431 ] } },
{ "type": "Feature", "properties": { "内容": "べすとけあ・でいさーびすせんたーむなかた【通所介護】福岡県宗像市自由ケ丘３丁目１２番地１０", "url": "https://www.kaigokensaku.mhlw.go.jp/40/index.php?action_kouhyou_detail_004_kani=true&JigyosyoCd=4073301774-00&ServiceCd=150&Type=search", "url2": "http://www.best-care.jp/" }, "geometry": { "type": "Point", "coordinates": [ 130.5755778, 33.794629300000011 ] } },
{ "type": "Feature", "properties": { "内容": "デイサービスセンター　しおん【通所介護】福岡県宗像市三郎丸2丁目1-1はーとらいふ宗像", "url": "https://www.kaigokensaku.mhlw.go.jp/40/index.php?action_kouhyou_detail_004_kani=true&JigyosyoCd=4073301899-00&ServiceCd=150&Type=search", "url2": null }, "geometry": { "type": "Point", "coordinates": [ 130.5754388, 33.8084525 ] } },
{ "type": "Feature", "properties": { "内容": "ケアポート玄海デイサービスセンター【通所介護】福岡県宗像市神湊１１８番地２", "url": "https://www.kaigokensaku.mhlw.go.jp/40/index.php?action_kouhyou_detail_004_kani=true&JigyosyoCd=4074700032-00&ServiceCd=150&Type=search", "url2": "http://www.aso-group.co.jp/genkai/" }, "geometry": { "type": "Point", "coordinates": [ 130.4911078, 33.8457006 ] } },
{ "type": "Feature", "properties": { "内容": "デイサービスセンターいなもと【通所介護】福岡県宗像市稲元３丁目１番３５号", "url": "https://www.kaigokensaku.mhlw.go.jp/40/index.php?action_kouhyou_detail_004_kani=true&JigyosyoCd=4073300784-00&ServiceCd=150&Type=search", "url2": "http://www.s-clf.co.jp/" }, "geometry": { "type": "Point", "coordinates": [ 130.5511616, 33.8095896 ] } },
{ "type": "Feature", "properties": { "内容": "デイサービス向日葵宗像【通所介護】福岡県宗像市田島2290-1住宅型有料老人ホーム向日葵宗像", "url": "https://www.kaigokensaku.mhlw.go.jp/40/index.php?action_kouhyou_detail_004_kani=true&JigyosyoCd=4073301964-00&ServiceCd=150&Type=search", "url2": "htps://himawari-fukutsu.com" }, "geometry": { "type": "Point", "coordinates": [ 130.513181, 33.8298644 ] } },
{ "type": "Feature", "properties": { "内容": "デイサービス五条【通所介護】福岡県太宰府市五条2丁目15-15", "url": "https://www.kaigokensaku.mhlw.go.jp/40/index.php?action_kouhyou_detail_004_kani=true&JigyosyoCd=4073400279-00&ServiceCd=150&Type=search", "url2": null }, "geometry": { "type": "Point", "coordinates": [ 130.5223148, 33.5109604 ] } },
{ "type": "Feature", "properties": { "内容": "みずきデイサービスセンター【通所介護】福岡県太宰府市通古賀３丁目１９番３号", "url": "https://www.kaigokensaku.mhlw.go.jp/40/index.php?action_kouhyou_detail_004_kani=true&JigyosyoCd=4073400600-00&ServiceCd=150&Type=search", "url2": "http://www.mizuki.or.jp" }, "geometry": { "type": "Point", "coordinates": [ 130.505916299999967, 33.5117933 ] } },
{ "type": "Feature", "properties": { "内容": "うめはうすデイサービスセンター【通所介護】太宰府市宰府１丁目１１－１９", "url": "https://www.kaigokensaku.mhlw.go.jp/40/index.php?action_kouhyou_detail_004_kani=true&JigyosyoCd=4073400691-00&ServiceCd=150&Type=search", "url2": "https://macree.jp/" }, "geometry": { "type": "Point", "coordinates": [ 130.529623107409634, 33.519046146599472 ] } },
{ "type": "Feature", "properties": { "内容": "あくらすJサロン【通所介護】福岡県太宰府市観世音寺1-16-31", "url": "https://www.kaigokensaku.mhlw.go.jp/40/index.php?action_kouhyou_detail_004_kani=true&JigyosyoCd=4073401376-00&ServiceCd=150&Type=search", "url2": "https://aclass-seishin.jp/aclass-j/" }, "geometry": { "type": "Point", "coordinates": [ 130.518816582803311, 33.512420180775685 ] } },
{ "type": "Feature", "properties": { "内容": "デイサービスアクラスサロン【通所介護】福岡県太宰府市五条二丁目18番45号", "url": "https://www.kaigokensaku.mhlw.go.jp/40/index.php?action_kouhyou_detail_004_kani=true&JigyosyoCd=4073400527-00&ServiceCd=150&Type=search", "url2": "https://aclass-seishin.jp/" }, "geometry": { "type": "Point", "coordinates": [ 130.520578800000067, 33.5110353 ] } },
{ "type": "Feature", "properties": { "内容": "デイサービス北谷【通所介護】福岡県太宰府市大字北谷408番地1", "url": "https://www.kaigokensaku.mhlw.go.jp/40/index.php?action_kouhyou_detail_004_kani=true&JigyosyoCd=4073401269-00&ServiceCd=150&Type=search", "url2": "http://careplan-dazaifu.raindrop.jp/" }, "geometry": { "type": "Point", "coordinates": [ 130.544422613491861, 33.543827176358342 ] } },
{ "type": "Feature", "properties": { "内容": "デイサービス梅の里【通所介護】石坂1丁目21番3号シルバーライフ梅の里", "url": "https://www.kaigokensaku.mhlw.go.jp/40/index.php?action_kouhyou_detail_004_kani=true&JigyosyoCd=4073401632-00&ServiceCd=150&Type=search", "url2": null }, "geometry": { "type": "Point", "coordinates": [ 130.5309451, 33.5155454 ] } },
{ "type": "Feature", "properties": { "内容": "同朋園デイサービスセンター【通所介護】福岡県太宰府市大字向佐野５１５番地", "url": "https://www.kaigokensaku.mhlw.go.jp/40/index.php?action_kouhyou_detail_004_kani=true&JigyosyoCd=4073400188-00&ServiceCd=150&Type=search", "url2": "http//www.dohogroup.jp/" }, "geometry": { "type": "Point", "coordinates": [ 130.49907129541478, 33.512065821708205 ] } },
{ "type": "Feature", "properties": { "内容": "ディサービスセンター太宰府ステージひかり【通所介護】福岡県太宰府市御笠１－５－１５－１０７宰都ビル", "url": "https://www.kaigokensaku.mhlw.go.jp/40/index.php?action_kouhyou_detail_004_kani=true&JigyosyoCd=4073400808-00&ServiceCd=150&Type=search", "url2": null }, "geometry": { "type": "Point", "coordinates": [ 130.5373389, 33.5313441 ] } },
{ "type": "Feature", "properties": { "内容": "ふれあいデイサービスセンター太宰府【通所介護】福岡県太宰府市向佐野４丁目１６番１号", "url": "https://www.kaigokensaku.mhlw.go.jp/40/index.php?action_kouhyou_detail_004_kani=true&JigyosyoCd=4073400881-00&ServiceCd=150&Type=search", "url2": "www.amenitylife-f.co.jp" }, "geometry": { "type": "Point", "coordinates": [ 130.492378599999938, 33.509890400000018 ] } },
{ "type": "Feature", "properties": { "内容": "デイサービスセンター同朋【通所介護】福岡県太宰府市宰都2丁目8-12", "url": "https://www.kaigokensaku.mhlw.go.jp/40/index.php?action_kouhyou_detail_004_kani=true&JigyosyoCd=4073400170-00&ServiceCd=150&Type=search", "url2": "http://www.dohogroup.jp/" }, "geometry": { "type": "Point", "coordinates": [ 130.496611600000051, 33.5178647 ] } },
{ "type": "Feature", "properties": { "内容": "共生型デイサービスまほろば【通所介護】福岡県太宰府市青葉台３丁目２２番１０号", "url": "https://www.kaigokensaku.mhlw.go.jp/40/index.php?action_kouhyou_detail_004_kani=true&JigyosyoCd=4073401533-00&ServiceCd=150&Type=search", "url2": "https://www.green-care.co.jp" }, "geometry": { "type": "Point", "coordinates": [ 130.4890806, 33.512758 ] } },
{ "type": "Feature", "properties": { "内容": "サンケア太宰府デイサービスセンター【通所介護】太宰府市高雄３丁目４２２７－２６７", "url": "https://www.kaigokensaku.mhlw.go.jp/40/index.php?action_kouhyou_detail_004_kani=true&JigyosyoCd=4073400139-00&ServiceCd=150&Type=search", "url2": "http://baikou.or.jp/" }, "geometry": { "type": "Point", "coordinates": [ 130.546199500000057, 33.5025919 ] } },
{ "type": "Feature", "properties": { "内容": "デイサービス観世【通所介護】福岡県太宰府市観世音寺1-4-18", "url": "https://www.kaigokensaku.mhlw.go.jp/40/index.php?action_kouhyou_detail_004_kani=true&JigyosyoCd=4073400451-00&ServiceCd=150&Type=search", "url2": "https://magokoro-home.website" }, "geometry": { "type": "Point", "coordinates": [ 130.522231499999947, 33.5124047 ] } },
{ "type": "Feature", "properties": { "内容": "デイサービスセンター　リハル【通所介護】福岡県太宰府市通古賀３丁目12番６号", "url": "https://www.kaigokensaku.mhlw.go.jp/40/index.php?action_kouhyou_detail_004_kani=true&JigyosyoCd=4073401350-00&ServiceCd=150&Type=search", "url2": "www.rehabilimall.com" }, "geometry": { "type": "Point", "coordinates": [ 130.507496700000047, 33.5108128 ] } },
{ "type": "Feature", "properties": { "内容": "デイサービスセンター桜ガーデン太宰府【通所介護】太宰府市大佐野三丁目７番２５号桜ガーデン太宰府", "url": "https://www.kaigokensaku.mhlw.go.jp/40/index.php?action_kouhyou_detail_004_kani=true&JigyosyoCd=4073400998-00&ServiceCd=150&Type=search", "url2": "hfcs-fukuoka.com" }, "geometry": { "type": "Point", "coordinates": [ 130.4917814, 33.500502400000016 ] } },
{ "type": "Feature", "properties": { "内容": "ツクイ太宰府【通所介護】国分3-1-30", "url": "https://www.kaigokensaku.mhlw.go.jp/40/index.php?action_kouhyou_detail_004_kani=true&JigyosyoCd=4073401434-00&ServiceCd=150&Type=search", "url2": "https://www.dazaifui.net/" }, "geometry": { "type": "Point", "coordinates": [ 139.375820800000014, 35.721398200000017 ] } },
{ "type": "Feature", "properties": { "内容": "ユーフィット太宰府【通所介護】通古賀5-1-1", "url": "https://www.kaigokensaku.mhlw.go.jp/40/index.php?action_kouhyou_detail_004_kani=true&JigyosyoCd=4073401285-00&ServiceCd=150&Type=search", "url2": "https://you-fit.jp/" }, "geometry": { "type": "Point", "coordinates": [ 130.51137970000002, 33.5087659 ] } },
{ "type": "Feature", "properties": { "内容": "デイサービス　ららら【通所介護】太宰府市五条4-6-5デイサービス　ららら", "url": "https://www.kaigokensaku.mhlw.go.jp/40/index.php?action_kouhyou_detail_004_kani=true&JigyosyoCd=4073401004-00&ServiceCd=150&Type=search", "url2": "http://kakolalala.org/" }, "geometry": { "type": "Point", "coordinates": [ 130.528114400000049, 33.5090551 ] } },
{ "type": "Feature", "properties": { "内容": "グリーンコープデイサービスセンター都府楼【通所介護】都府楼南3-4-7", "url": "https://www.kaigokensaku.mhlw.go.jp/40/index.php?action_kouhyou_detail_004_kani=true&JigyosyoCd=4073400972-00&ServiceCd=150&Type=search", "url2": "cv10welds@greencoop.or.jp" }, "geometry": { "type": "Point", "coordinates": [ 130.508371600000032, 33.5042191 ] } },
{ "type": "Feature", "properties": { "内容": "通所介護ライズ古賀【通所介護】福岡県古賀市天神5丁目10-8", "url": "https://www.kaigokensaku.mhlw.go.jp/40/index.php?action_kouhyou_detail_004_kani=true&JigyosyoCd=4073600639-00&ServiceCd=150&Type=search", "url2": "https://www.rise-info.com" }, "geometry": { "type": "Point", "coordinates": [ 130.462302466726868, 33.731394141420189 ] } },
{ "type": "Feature", "properties": { "内容": "ライズケアセンター古賀【通所介護】福岡県古賀市美明2丁目1-6", "url": "https://www.kaigokensaku.mhlw.go.jp/40/index.php?action_kouhyou_detail_004_kani=true&JigyosyoCd=4073601090-00&ServiceCd=150&Type=search", "url2": "https://www.rise-info.com" }, "geometry": { "type": "Point", "coordinates": [ 130.4622154, 33.7219283 ] } },
{ "type": "Feature", "properties": { "内容": "ライズトレーニングセンター古賀【通所介護】福岡県古賀市天神5丁目10-7", "url": "https://www.kaigokensaku.mhlw.go.jp/40/index.php?action_kouhyou_detail_004_kani=true&JigyosyoCd=4073601173-00&ServiceCd=150&Type=search", "url2": "https://www.rise-info.com/" }, "geometry": { "type": "Point", "coordinates": [ 130.4624638, 33.7313601 ] } },
{ "type": "Feature", "properties": { "内容": "ライブリーワンデイサービス【通所介護】福岡県古賀市天神１－８－３６", "url": "https://www.kaigokensaku.mhlw.go.jp/40/index.php?action_kouhyou_detail_004_kani=true&JigyosyoCd=4073600449-00&ServiceCd=150&Type=search", "url2": "https://www.livelyone.jp/" }, "geometry": { "type": "Point", "coordinates": [ 130.465406900000062, 33.7321582 ] } },
{ "type": "Feature", "properties": { "内容": "医療法人　植田脳神経外科医院デイサービスセンター【通所介護】福岡県古賀市久保1095-1", "url": "https://www.kaigokensaku.mhlw.go.jp/40/index.php?action_kouhyou_detail_004_kani=true&JigyosyoCd=4073600233-00&ServiceCd=150&Type=search", "url2": null }, "geometry": { "type": "Point", "coordinates": [ 130.482258600000023, 33.7384748 ] } },
{ "type": "Feature", "properties": { "内容": "デイサービスセンター花見【通所介護】福岡県古賀市花見東７丁目2－１1", "url": "https://www.kaigokensaku.mhlw.go.jp/40/index.php?action_kouhyou_detail_004_kani=true&JigyosyoCd=4073600696-00&ServiceCd=150&Type=search", "url2": null }, "geometry": { "type": "Point", "coordinates": [ 130.4700173, 33.7514812 ] } },
{ "type": "Feature", "properties": { "内容": "デイサービス　こはる茶屋【通所介護】福岡県古賀市米多比５５５－１", "url": "https://www.kaigokensaku.mhlw.go.jp/40/index.php?action_kouhyou_detail_004_kani=true&JigyosyoCd=4073601066-00&ServiceCd=150&Type=search", "url2": "https://www.koharudyaya.com/" }, "geometry": { "type": "Point", "coordinates": [ 130.521097316085786, 33.728393467723464 ] } },
{ "type": "Feature", "properties": { "内容": "デイサービス古賀のたいよう【通所介護】青柳字瓜尾1228-8", "url": "https://www.kaigokensaku.mhlw.go.jp/40/index.php?action_kouhyou_detail_004_kani=true&JigyosyoCd=4073601181-00&ServiceCd=150&Type=search", "url2": "https://www.taiyouhome.com/" }, "geometry": { "type": "Point", "coordinates": [ 130.47395, 33.707607 ] } },
{ "type": "Feature", "properties": { "内容": "古賀市社会福祉協議会　通所介護事業所　「はーとふる古賀」【通所介護】福岡県古賀市庄２０５番地サンコスモ古賀", "url": "https://www.kaigokensaku.mhlw.go.jp/40/index.php?action_kouhyou_detail_004_kani=true&JigyosyoCd=4073600084-00&ServiceCd=150&Type=search", "url2": "http://www.kogasyakyou.jp/" }, "geometry": { "type": "Point", "coordinates": [ 130.479267199999981, 33.7297061 ] } },
{ "type": "Feature", "properties": { "内容": "つつみデイサービス【通所介護】福岡県古賀市薦野1892-1美原園内", "url": "https://www.kaigokensaku.mhlw.go.jp/40/index.php?action_kouhyou_detail_004_kani=true&JigyosyoCd=4073601025-00&ServiceCd=150&Type=search", "url2": null }, "geometry": { "type": "Point", "coordinates": [ 130.519977911639444, 33.730313013405841 ] } },
{ "type": "Feature", "properties": { "内容": "デイサービス花梨【通所介護】福岡県古賀市花見南2-14-15ハイマート　花梨", "url": "https://www.kaigokensaku.mhlw.go.jp/40/index.php?action_kouhyou_detail_004_kani=true&JigyosyoCd=4073600274-00&ServiceCd=150&Type=search", "url2": "http://www.houshikai.or.jp" }, "geometry": { "type": "Point", "coordinates": [ 130.466798299999937, 33.7428655 ] } },
{ "type": "Feature", "properties": { "内容": "デイサービスどんぐり【通所介護】福岡県古賀市青柳町803番地", "url": "https://www.kaigokensaku.mhlw.go.jp/40/index.php?action_kouhyou_detail_004_kani=true&JigyosyoCd=4073600472-00&ServiceCd=150&Type=search", "url2": "http://www.houshikai.or.jp" }, "geometry": { "type": "Point", "coordinates": [ 130.485344599999962, 33.7128189 ] } },
{ "type": "Feature", "properties": { "内容": "医療法人　Ｙ＆Ｋ　デイサービス　ブライカ【通所介護】福岡県古賀市今の庄１丁目１５６－１", "url": "https://www.kaigokensaku.mhlw.go.jp/40/index.php?action_kouhyou_detail_004_kani=true&JigyosyoCd=4073600878-00&ServiceCd=150&Type=search", "url2": "www.buraika.jp/" }, "geometry": { "type": "Point", "coordinates": [ 130.473825235106602, 33.730614475699277 ] } },
{ "type": "Feature", "properties": { "内容": "ベストケア・デイサービスセンター古賀【通所介護】福岡県古賀市中央2丁目825番7号", "url": "https://www.kaigokensaku.mhlw.go.jp/40/index.php?action_kouhyou_detail_004_kani=true&JigyosyoCd=4073601058-00&ServiceCd=150&Type=search", "url2": "http://www.best-care.jp/" }, "geometry": { "type": "Point", "coordinates": [ 130.474585600000012, 33.7338245 ] } },
{ "type": "Feature", "properties": { "内容": "デイサービスセンターいこいの里古賀【通所介護】福岡県古賀市今の庄2丁目15番10号", "url": "https://www.kaigokensaku.mhlw.go.jp/40/index.php?action_kouhyou_detail_004_kani=true&JigyosyoCd=4073601074-00&ServiceCd=150&Type=search", "url2": "http://ikoino-sato.com" }, "geometry": { "type": "Point", "coordinates": [ 130.4743868, 33.7269983 ] } },
{ "type": "Feature", "properties": { "内容": "みどり苑デイサービスセンター【通所介護】古賀市新原８４０番地", "url": "https://www.kaigokensaku.mhlw.go.jp/40/index.php?action_kouhyou_detail_004_kani=true&JigyosyoCd=4073600100-00&ServiceCd=150&Type=search", "url2": null }, "geometry": { "type": "Point", "coordinates": [ 130.480559408598282, 33.723401649521762 ] } },
{ "type": "Feature", "properties": { "内容": "あおぞらの里　古賀デイサービスセンター【通所介護】福岡県古賀市今の庄２丁目８番２８号", "url": "https://www.kaigokensaku.mhlw.go.jp/40/index.php?action_kouhyou_detail_004_kani=true&JigyosyoCd=4073600241-00&ServiceCd=150&Type=search", "url2": "http://www.cedar-group.co.jp" }, "geometry": { "type": "Point", "coordinates": [ 130.476659, 33.7273979 ] } },
{ "type": "Feature", "properties": { "内容": "介護事業所　ほたるの郷【通所介護】福岡県古賀市薬王寺518-1", "url": "https://www.kaigokensaku.mhlw.go.jp/40/index.php?action_kouhyou_detail_004_kani=true&JigyosyoCd=4073600365-00&ServiceCd=150&Type=search", "url2": "hotarunosatokoga@theia.ocn.ne.jp" }, "geometry": { "type": "Point", "coordinates": [ 130.5166193, 33.7161159 ] } },
{ "type": "Feature", "properties": { "内容": "水光デイサービスセンター【通所介護】福岡県福津市日蒔野5丁目8番地の5水光デイサービスセンター", "url": "https://www.kaigokensaku.mhlw.go.jp/40/index.php?action_kouhyou_detail_004_kani=true&JigyosyoCd=4074500036-00&ServiceCd=150&Type=search", "url2": null }, "geometry": { "type": "Point", "coordinates": [ 130.497801100000089, 33.759578 ] } },
{ "type": "Feature", "properties": { "内容": "デイサービスセンター　五福【通所介護】福間駅東１丁目3-5", "url": "https://www.kaigokensaku.mhlw.go.jp/40/index.php?action_kouhyou_detail_004_kani=true&JigyosyoCd=4074500887-00&ServiceCd=150&Type=search", "url2": null }, "geometry": { "type": "Point", "coordinates": [ 130.49171, 33.7635997 ] } },
{ "type": "Feature", "properties": { "内容": "株式会社　ツクイ福岡福津【通所介護】福岡県福津市日蒔野6-2-10", "url": "https://www.kaigokensaku.mhlw.go.jp/40/index.php?action_kouhyou_detail_004_kani=true&JigyosyoCd=4074501059-00&ServiceCd=150&Type=search", "url2": "fukuoka-fukutsu@tsukui.net" }, "geometry": { "type": "Point", "coordinates": [ 130.4943549, 33.7573217 ] } },
{ "type": "Feature", "properties": { "内容": "ライズ津屋崎【通所介護】福岡県福津市津屋崎1-37-7", "url": "https://www.kaigokensaku.mhlw.go.jp/40/index.php?action_kouhyou_detail_004_kani=true&JigyosyoCd=4074500838-00&ServiceCd=150&Type=search", "url2": "https://www.rise-info.com/" }, "geometry": { "type": "Point", "coordinates": [ 130.46684730000004, 33.7851382 ] } },
{ "type": "Feature", "properties": { "内容": "デイサービスセンター筑前顕慈園【通所介護】福岡県福津市上西郷734番地の3", "url": "https://www.kaigokensaku.mhlw.go.jp/40/index.php?action_kouhyou_detail_004_kani=true&JigyosyoCd=4074500168-00&ServiceCd=150&Type=search", "url2": "http://www.kenjien.com" }, "geometry": { "type": "Point", "coordinates": [ 130.510713699999968, 33.7581615 ] } },
{ "type": "Feature", "properties": { "内容": "宅老所第2たんぽぽ【通所介護】福津市東福間3-4-7", "url": "https://www.kaigokensaku.mhlw.go.jp/40/index.php?action_kouhyou_detail_004_kani=true&JigyosyoCd=4074500564-00&ServiceCd=150&Type=search", "url2": "https://www.fukushiseikyou.jp/" }, "geometry": { "type": "Point", "coordinates": [ 130.510518785736053, 33.777137630295037 ] } },
{ "type": "Feature", "properties": { "内容": "宅老所なの花【通所介護】福岡県福津市西福間3-18-7", "url": "https://www.kaigokensaku.mhlw.go.jp/40/index.php?action_kouhyou_detail_004_kani=true&JigyosyoCd=4074500937-00&ServiceCd=150&Type=search", "url2": null }, "geometry": { "type": "Point", "coordinates": [ 130.473894400000063, 33.7651324 ] } },
{ "type": "Feature", "properties": { "内容": "デイサービス三愛【通所介護】福岡県福津市手光1791-7", "url": "https://www.kaigokensaku.mhlw.go.jp/40/index.php?action_kouhyou_detail_004_kani=true&JigyosyoCd=4074500960-00&ServiceCd=150&Type=search", "url2": "http://sanai5812.com" }, "geometry": { "type": "Point", "coordinates": [ 130.501589700000068, 33.7698065 ] } },
{ "type": "Feature", "properties": { "内容": "津屋崎園デイサービスセンター【通所介護】福岡県福津市勝浦字練原3514番地2", "url": "https://www.kaigokensaku.mhlw.go.jp/40/index.php?action_kouhyou_detail_004_kani=true&JigyosyoCd=4074600034-00&ServiceCd=150&Type=search", "url2": "http:/www.kitatikuzen.net/" }, "geometry": { "type": "Point", "coordinates": [ 130.489233687419073, 33.822717690842623 ] } },
{ "type": "Feature", "properties": { "内容": "デイサ－ビス遊里苑【通所介護】福岡県福津市宮司2丁目13-12", "url": "https://www.kaigokensaku.mhlw.go.jp/40/index.php?action_kouhyou_detail_004_kani=true&JigyosyoCd=4074500408-00&ServiceCd=150&Type=search", "url2": "http://yurinomori‐m.com" }, "geometry": { "type": "Point", "coordinates": [ 130.480434097169137, 33.772929260576554 ] } },
{ "type": "Feature", "properties": { "内容": "デイサービス遊里乃杜【通所介護】福岡県福津市渡字池尻４６２－７", "url": "https://www.kaigokensaku.mhlw.go.jp/40/index.php?action_kouhyou_detail_004_kani=true&JigyosyoCd=4074500531-00&ServiceCd=150&Type=search", "url2": "http：//www．yurinomori-m.com/pc/index.html" }, "geometry": { "type": "Point", "coordinates": [ 130.471312759230045, 33.808308384860432 ] } },
{ "type": "Feature", "properties": { "内容": "デイサービスセンターオオルリ壱番館【通所介護】福岡県福津市日蒔野５丁目１９番地の７", "url": "https://www.kaigokensaku.mhlw.go.jp/40/index.php?action_kouhyou_detail_004_kani=true&JigyosyoCd=4074500895-00&ServiceCd=150&Type=search", "url2": "https://heartful-fukuoka.com/" }, "geometry": { "type": "Point", "coordinates": [ 130.493646, 33.7589198 ] } },
{ "type": "Feature", "properties": { "内容": "デイサービスセンター　オオルリ弐番館【通所介護】福岡県福津市日蒔野5丁目15-10", "url": "https://www.kaigokensaku.mhlw.go.jp/40/index.php?action_kouhyou_detail_004_kani=true&JigyosyoCd=4074500929-00&ServiceCd=150&Type=search", "url2": "https://heartful-fukuoka.com" }, "geometry": { "type": "Point", "coordinates": [ 130.495184699999982, 33.7591086 ] } },
{ "type": "Feature", "properties": { "内容": "あすなろ福間デイサービスセンター【通所介護】福津市日蒔野１丁目６番地１０", "url": "https://www.kaigokensaku.mhlw.go.jp/40/index.php?action_kouhyou_detail_004_kani=true&JigyosyoCd=4074500572-00&ServiceCd=150&Type=search", "url2": "URL:http://magokoro-fukushi.sakura.ne.jp/" }, "geometry": { "type": "Point", "coordinates": [ 130.4698859, 33.7868658 ] } },
{ "type": "Feature", "properties": { "内容": "デイサービス福津健康長寿園ＮＥＸＴ【通所介護】福岡県福津市渡1892-63", "url": "https://www.kaigokensaku.mhlw.go.jp/40/index.php?action_kouhyou_detail_004_kani=true&JigyosyoCd=4074500994-00&ServiceCd=150&Type=search", "url2": "https://kvasil-fukutsu.com/index.html" }, "geometry": { "type": "Point", "coordinates": [ 130.457720751589932, 33.790571956501523 ] } },
{ "type": "Feature", "properties": { "内容": "デイサービスセンター五福【通所介護】福岡県福津市福間駅東1丁目3‐5", "url": "https://www.kaigokensaku.mhlw.go.jp/40/index.php?action_kouhyou_detail_004_kani=true&JigyosyoCd=4074501166-00&ServiceCd=150&Type=search", "url2": null }, "geometry": { "type": "Point", "coordinates": [ 130.4917404, 33.7636337 ] } },
{ "type": "Feature", "properties": { "内容": "デイサービスたいよう【通所介護】福岡県福津市宮司浜3-26-32", "url": "https://www.kaigokensaku.mhlw.go.jp/40/index.php?action_kouhyou_detail_004_kani=true&JigyosyoCd=4074501133-00&ServiceCd=150&Type=search", "url2": null }, "geometry": { "type": "Point", "coordinates": [ 130.473621400000013, 33.7804133 ] } },
{ "type": "Feature", "properties": { "内容": "デイサービス向日葵【通所介護】福岡県福津市手光1636-1", "url": "https://www.kaigokensaku.mhlw.go.jp/40/index.php?action_kouhyou_detail_004_kani=true&JigyosyoCd=4074501000-00&ServiceCd=150&Type=search", "url2": "http://himawari-fukutsu.com" }, "geometry": { "type": "Point", "coordinates": [ 130.499994199999946, 33.7848242 ] } },
{ "type": "Feature", "properties": { "内容": "デイサービスセンター　福津の里【通所介護】福岡県福津市中央5丁目10番7号", "url": "https://www.kaigokensaku.mhlw.go.jp/40/index.php?action_kouhyou_detail_004_kani=true&JigyosyoCd=4074500515-00&ServiceCd=150&Type=search", "url2": "http://www.fukutunosato.com/" }, "geometry": { "type": "Point", "coordinates": [ 130.480493900000056, 33.7675462 ] } },
{ "type": "Feature", "properties": { "内容": "デイサービスセンターゆたかの杜【通所介護】福岡県うきは市吉井町生葉632-1", "url": "https://www.kaigokensaku.mhlw.go.jp/40/index.php?action_kouhyou_detail_004_kani=true&JigyosyoCd=4077300509-00&ServiceCd=150&Type=search", "url2": null }, "geometry": { "type": "Point", "coordinates": [ 130.732243299999936, 33.3450503 ] } },
{ "type": "Feature", "properties": { "内容": "ひじり会デイサービスセンターにじの家【通所介護】福岡県うきは市吉井町八和田876－1", "url": "https://www.kaigokensaku.mhlw.go.jp/40/index.php?action_kouhyou_detail_004_kani=true&JigyosyoCd=4077300541-00&ServiceCd=150&Type=search", "url2": "http://hijirikai.com/" }, "geometry": { "type": "Point", "coordinates": [ 130.7432867, 33.355165600000014 ] } },
{ "type": "Feature", "properties": { "内容": "デイサービスセンター千年の湯【通所介護】福岡県うきは市吉井町千年74番地1", "url": "https://www.kaigokensaku.mhlw.go.jp/40/index.php?action_kouhyou_detail_004_kani=true&JigyosyoCd=4077300376-00&ServiceCd=150&Type=search", "url2": "http://life-aid.net" }, "geometry": { "type": "Point", "coordinates": [ 130.774493799999959, 33.348289 ] } },
{ "type": "Feature", "properties": { "内容": "サンエステ株式会社デイサービス筑水荘【通所介護】福岡県うきは市吉井町千年596", "url": "https://www.kaigokensaku.mhlw.go.jp/40/index.php?action_kouhyou_detail_004_kani=true&JigyosyoCd=4077300574-00&ServiceCd=150&Type=search", "url2": null }, "geometry": { "type": "Point", "coordinates": [ 130.7751972, 33.3517899 ] } },
{ "type": "Feature", "properties": { "内容": "デイサービスセンターえびね【通所介護】福岡県うきは市浮羽町古川　７０７－３", "url": "https://www.kaigokensaku.mhlw.go.jp/40/index.php?action_kouhyou_detail_004_kani=true&JigyosyoCd=4077500025-00&ServiceCd=150&Type=search", "url2": "http://ebine.jp" }, "geometry": { "type": "Point", "coordinates": [ 130.794714500000026, 33.3512864 ] } },
{ "type": "Feature", "properties": { "内容": "デイサービスセンター三春【通所介護】浮羽町三春1975-4", "url": "https://www.kaigokensaku.mhlw.go.jp/40/index.php?action_kouhyou_detail_004_kani=true&JigyosyoCd=4077300491-00&ServiceCd=150&Type=search", "url2": null }, "geometry": { "type": "Point", "coordinates": [ 130.823028799999946, 33.3445826 ] } },
{ "type": "Feature", "properties": { "内容": "デイサービスセンター三春２号館【通所介護】福岡県うきは市浮羽町三春1986-1", "url": "https://www.kaigokensaku.mhlw.go.jp/40/index.php?action_kouhyou_detail_004_kani=true&JigyosyoCd=4077300566-00&ServiceCd=150&Type=search", "url2": null }, "geometry": { "type": "Point", "coordinates": [ 130.844989, 33.3303688 ] } },
{ "type": "Feature", "properties": { "内容": "デイサービスうるおい【通所介護】福岡県うきは市吉井町八和田２４６番地３", "url": "https://www.kaigokensaku.mhlw.go.jp/40/index.php?action_kouhyou_detail_004_kani=true&JigyosyoCd=4077300384-00&ServiceCd=150&Type=search", "url2": "https://www.uruoi-group.com" }, "geometry": { "type": "Point", "coordinates": [ 130.751614199999949, 33.360318 ] } },
{ "type": "Feature", "properties": { "内容": "デイサービスセンターかわせみ翡翠館【通所介護】福岡県うきは市浮羽町古川1002番地21", "url": "https://www.kaigokensaku.mhlw.go.jp/40/index.php?action_kouhyou_detail_004_kani=true&JigyosyoCd=4077300368-00&ServiceCd=150&Type=search", "url2": "https://kawasemi-care.com" }, "geometry": { "type": "Point", "coordinates": [ 130.812423800000033, 33.358067 ] } },
{ "type": "Feature", "properties": { "内容": "デイサービスセンターかりん【通所介護】福岡県うきは市吉井町新治176－1", "url": "https://www.kaigokensaku.mhlw.go.jp/40/index.php?action_kouhyou_detail_004_kani=true&JigyosyoCd=4077300087-00&ServiceCd=150&Type=search", "url2": "http://www.tachiarai-kouseien.jp/" }, "geometry": { "type": "Point", "coordinates": [ 130.7601029, 33.3484192 ] } },
{ "type": "Feature", "properties": { "内容": "デイルームみなみかぜ【通所介護】福岡県うきは市吉井町富永1864-2", "url": "https://www.kaigokensaku.mhlw.go.jp/40/index.php?action_kouhyou_detail_004_kani=true&JigyosyoCd=4077300285-00&ServiceCd=150&Type=search", "url2": "http://www.soffione.biz" }, "geometry": { "type": "Point", "coordinates": [ 130.73666250562249, 33.333339427356819 ] } },
{ "type": "Feature", "properties": { "内容": "老人デイサービスセンター　暖家【通所介護】福岡県宮若市本城字隠谷1756番地6", "url": "https://www.kaigokensaku.mhlw.go.jp/40/index.php?action_kouhyou_detail_004_kani=true&JigyosyoCd=4075500381-00&ServiceCd=150&Type=search", "url2": "https://dankeday.com" }, "geometry": { "type": "Point", "coordinates": [ 130.67495370000006, 33.7349085 ] } },
{ "type": "Feature", "properties": { "内容": "リハビリ特化型デイサービス愛心【通所介護】福岡県宮若市龍徳1106-6", "url": "https://www.kaigokensaku.mhlw.go.jp/40/index.php?action_kouhyou_detail_004_kani=true&JigyosyoCd=4075501017-00&ServiceCd=150&Type=search", "url2": null }, "geometry": { "type": "Point", "coordinates": [ 130.685777261376955, 33.731848022846833 ] } },
{ "type": "Feature", "properties": { "内容": "あっとほーむデイサービス【通所介護】福岡県宮若市磯光１３１２－３", "url": "https://www.kaigokensaku.mhlw.go.jp/40/index.php?action_kouhyou_detail_004_kani=true&JigyosyoCd=4075500795-00&ServiceCd=150&Type=search", "url2": null }, "geometry": { "type": "Point", "coordinates": [ 130.686791625131235, 33.711970159605826 ] } },
{ "type": "Feature", "properties": { "内容": "医療法人相生会　宮田病院附属山桜デイサービス【通所介護】福岡県宮若市本城723番地", "url": "https://www.kaigokensaku.mhlw.go.jp/40/index.php?action_kouhyou_detail_004_kani=true&JigyosyoCd=4075501074-00&ServiceCd=150&Type=search", "url2": "https://www.miyata-hospital.com" }, "geometry": { "type": "Point", "coordinates": [ 130.670368100000019, 33.7290811 ] } },
{ "type": "Feature", "properties": { "内容": "デイサービス友愛【通所介護】福岡県宮若市宮田２３２番地９", "url": "https://www.kaigokensaku.mhlw.go.jp/40/index.php?action_kouhyou_detail_004_kani=true&JigyosyoCd=4075500860-00&ServiceCd=150&Type=search", "url2": "yuuaikai@iaa.itkeeper.ne.jp" }, "geometry": { "type": "Point", "coordinates": [ 130.664702300000044, 33.7198956 ] } },
{ "type": "Feature", "properties": { "内容": "ぬく森デイサービス【通所介護】福岡県宮若市下有木1241-1", "url": "https://www.kaigokensaku.mhlw.go.jp/40/index.php?action_kouhyou_detail_004_kani=true&JigyosyoCd=4075501009-00&ServiceCd=150&Type=search", "url2": null }, "geometry": { "type": "Point", "coordinates": [ 130.6306396, 33.7568412 ] } },
{ "type": "Feature", "properties": { "内容": "デイサービスえみ【通所介護】嘉麻市平山17番地2", "url": "https://www.kaigokensaku.mhlw.go.jp/40/index.php?action_kouhyou_detail_004_kani=true&JigyosyoCd=4072100953-00&ServiceCd=150&Type=search", "url2": null }, "geometry": { "type": "Point", "coordinates": [ 130.6968426, 33.5609407 ] } },
{ "type": "Feature", "properties": { "内容": "ベストライフ株式会社　東ケ丘デイサービスセンターひばり【通所介護】福岡県嘉麻市漆生１３１７番地２６", "url": "https://www.kaigokensaku.mhlw.go.jp/40/index.php?action_kouhyou_detail_004_kani=true&JigyosyoCd=4072100532-00&ServiceCd=150&Type=search", "url2": "http//www.best-fukushi.co.jp" }, "geometry": { "type": "Point", "coordinates": [ 130.723041078048709, 33.589857758749808 ] } },
{ "type": "Feature", "properties": { "内容": "鎌田病院デイサービスセンター【通所介護】福岡県嘉麻市中益420-1", "url": "https://www.kaigokensaku.mhlw.go.jp/40/index.php?action_kouhyou_detail_004_kani=true&JigyosyoCd=4076000092-00&ServiceCd=150&Type=search", "url2": "kamada-day@bloom.ocn.ne.jp" }, "geometry": { "type": "Point", "coordinates": [ 130.745677399999977, 33.5449047 ] } },
{ "type": "Feature", "properties": { "内容": "第二稲穂園デイサービスセンター【通所介護】福岡県嘉麻市山野2373番地145", "url": "https://www.kaigokensaku.mhlw.go.jp/40/index.php?action_kouhyou_detail_004_kani=true&JigyosyoCd=4075800245-00&ServiceCd=150&Type=search", "url2": "http://daini-inaho.jp" }, "geometry": { "type": "Point", "coordinates": [ 130.70682, 33.601114700000011 ] } },
{ "type": "Feature", "properties": { "内容": "デイサービスすぱいだー【通所介護】貞月340-1株式会社アロヒスパイダー", "url": "https://www.kaigokensaku.mhlw.go.jp/40/index.php?action_kouhyou_detail_004_kani=true&JigyosyoCd=4072100912-00&ServiceCd=150&Type=search", "url2": "https://alohi-spider.com/" }, "geometry": { "type": "Point", "coordinates": [ 130.7316085, 33.5547453 ] } },
{ "type": "Feature", "properties": { "内容": "デイサービスこころの森【通所介護】福岡県嘉麻市鴨生94-28", "url": "https://www.kaigokensaku.mhlw.go.jp/40/index.php?action_kouhyou_detail_004_kani=true&JigyosyoCd=4072100631-00&ServiceCd=150&Type=search", "url2": "http://cocoroplus.co.jp/contact.html" }, "geometry": { "type": "Point", "coordinates": [ 130.733250699999985, 33.606345 ] } },
{ "type": "Feature", "properties": { "内容": "社会保険稲築病院デイサービスセンター【通所介護】福岡県嘉麻市口春744番地1", "url": "https://www.kaigokensaku.mhlw.go.jp/40/index.php?action_kouhyou_detail_004_kani=true&JigyosyoCd=4072100805-00&ServiceCd=150&Type=search", "url2": null }, "geometry": { "type": "Point", "coordinates": [ 130.713401299999987, 33.6004446 ] } },
{ "type": "Feature", "properties": { "内容": "嘉麻良創夢デイサービスセンター【通所介護】福岡県嘉麻市飯田５１１－１", "url": "https://www.kaigokensaku.mhlw.go.jp/40/index.php?action_kouhyou_detail_004_kani=true&JigyosyoCd=4072100490-00&ServiceCd=150&Type=search", "url2": "http://www.rasoumu.co.jp/" }, "geometry": { "type": "Point", "coordinates": [ 130.697836263618683, 33.567583770457851 ] } },
{ "type": "Feature", "properties": { "内容": "愛恵デイサービス【通所介護】福岡県嘉麻市鴨生222番地", "url": "https://www.kaigokensaku.mhlw.go.jp/40/index.php?action_kouhyou_detail_004_kani=true&JigyosyoCd=4072100896-00&ServiceCd=150&Type=search", "url2": null }, "geometry": { "type": "Point", "coordinates": [ 130.7295198, 33.6065653 ] } },
{ "type": "Feature", "properties": { "内容": "松寿園デイサ－ビスセンター【通所介護】福岡県嘉麻市漆生2338-1", "url": "https://www.kaigokensaku.mhlw.go.jp/40/index.php?action_kouhyou_detail_004_kani=true&JigyosyoCd=4075800112-00&ServiceCd=150&Type=search", "url2": null }, "geometry": { "type": "Point", "coordinates": [ 130.7088923, 33.5900492 ] } },
{ "type": "Feature", "properties": { "内容": "通所介護　うすいの里【通所介護】福岡県嘉麻市下臼井１０５５番地", "url": "https://www.kaigokensaku.mhlw.go.jp/40/index.php?action_kouhyou_detail_004_kani=true&JigyosyoCd=4075900029-00&ServiceCd=150&Type=search", "url2": "https://www.chikuhouen5020.jp" }, "geometry": { "type": "Point", "coordinates": [ 130.702854191505821, 33.574574293776841 ] } },
{ "type": "Feature", "properties": { "内容": "笑顔満開はなことば稲築【通所介護】岩崎503-1", "url": "https://www.kaigokensaku.mhlw.go.jp/40/index.php?action_kouhyou_detail_004_kani=true&JigyosyoCd=4072100862-00&ServiceCd=150&Type=search", "url2": null }, "geometry": { "type": "Point", "coordinates": [ 130.721228, 33.595308 ] } },
{ "type": "Feature", "properties": { "内容": "デイサービスすまいる【通所介護】福岡県嘉麻市平山11番地1", "url": "https://www.kaigokensaku.mhlw.go.jp/40/index.php?action_kouhyou_detail_004_kani=true&JigyosyoCd=4072100797-00&ServiceCd=150&Type=search", "url2": null }, "geometry": { "type": "Point", "coordinates": [ 130.696842599999968, 33.5609407 ] } },
{ "type": "Feature", "properties": { "内容": "ローシャルデイサービス嘉麻【通所介護】福岡県嘉麻市山野2295-10", "url": "https://www.kaigokensaku.mhlw.go.jp/40/index.php?action_kouhyou_detail_004_kani=true&JigyosyoCd=4072100854-00&ServiceCd=150&Type=search", "url2": "https://www.the-harmony.net/facility/index.html" }, "geometry": { "type": "Point", "coordinates": [ 130.7063924, 33.6048802 ] } },
{ "type": "Feature", "properties": { "内容": "アベニール・デイ　ちゃい夢【通所介護】福岡県嘉麻市山野1278-31", "url": "https://www.kaigokensaku.mhlw.go.jp/40/index.php?action_kouhyou_detail_004_kani=true&JigyosyoCd=4072100581-00&ServiceCd=150&Type=search", "url2": null }, "geometry": { "type": "Point", "coordinates": [ 130.703193456622301, 33.61331102319712 ] } },
{ "type": "Feature", "properties": { "内容": "星の丘デイサービスけやき【通所介護】福岡県朝倉市堤458番地1", "url": "https://www.kaigokensaku.mhlw.go.jp/40/index.php?action_kouhyou_detail_004_kani=true&JigyosyoCd=4072201066-00&ServiceCd=150&Type=search", "url2": "https://skymedical.jp/" }, "geometry": { "type": "Point", "coordinates": [ 130.6732384, 33.4191342 ] } },
{ "type": "Feature", "properties": { "内容": "デイサービス　好日庵【通所介護】福岡県朝倉市下浦字地光566-2", "url": "https://www.kaigokensaku.mhlw.go.jp/40/index.php?action_kouhyou_detail_004_kani=true&JigyosyoCd=4072201157-00&ServiceCd=150&Type=search", "url2": "http://www.katsuki-kai.com/koujituan/index.htm" }, "geometry": { "type": "Point", "coordinates": [ 130.636674268817131, 33.397820099864695 ] } },
{ "type": "Feature", "properties": { "内容": "デイサービス　いしずえ荘【通所介護】朝倉市入地2728-1", "url": "https://www.kaigokensaku.mhlw.go.jp/40/index.php?action_kouhyou_detail_004_kani=true&JigyosyoCd=4076600032-00&ServiceCd=150&Type=search", "url2": "http://www.keiaikai.net" }, "geometry": { "type": "Point", "coordinates": [ 130.711325, 33.3870782 ] } },
{ "type": "Feature", "properties": { "内容": "デイサービスTheRoadbyReAND【通所介護】福岡県朝倉市甘木2436-2", "url": "https://www.kaigokensaku.mhlw.go.jp/40/index.php?action_kouhyou_detail_004_kani=true&JigyosyoCd=4072201165-00&ServiceCd=150&Type=search", "url2": null }, "geometry": { "type": "Point", "coordinates": [ 130.6560528, 33.4213242 ] } },
{ "type": "Feature", "properties": { "内容": "きらく荘デイサービスセンター【通所介護】福岡県朝倉市城８５９", "url": "https://www.kaigokensaku.mhlw.go.jp/40/index.php?action_kouhyou_detail_004_kani=true&JigyosyoCd=4072200118-00&ServiceCd=150&Type=search", "url2": "http://www.kirakuso.jp" }, "geometry": { "type": "Point", "coordinates": [ 130.718282400000021, 33.4140038 ] } },
{ "type": "Feature", "properties": { "内容": "医療法人社団　医王会　デイサービスセンターけんせい【通所介護】福岡県朝倉市甘木1187番2", "url": "https://www.kaigokensaku.mhlw.go.jp/40/index.php?action_kouhyou_detail_004_kani=true&JigyosyoCd=4072200480-00&ServiceCd=150&Type=search", "url2": "http://www.a-kensei.jp" }, "geometry": { "type": "Point", "coordinates": [ 130.655312337542711, 33.418160101009946 ] } },
{ "type": "Feature", "properties": { "内容": "デイサービスローズ倶楽部【通所介護】福岡県朝倉市甘木1872-1", "url": "https://www.kaigokensaku.mhlw.go.jp/40/index.php?action_kouhyou_detail_004_kani=true&JigyosyoCd=4072200456-00&ServiceCd=150&Type=search", "url2": "http://www.keiaikai.net/" }, "geometry": { "type": "Point", "coordinates": [ 130.657875985680278, 33.423605031011334 ] } },
{ "type": "Feature", "properties": { "内容": "デイサービス　アン・ローゼ【通所介護】福岡県朝倉市杷木志波92-1", "url": "https://www.kaigokensaku.mhlw.go.jp/40/index.php?action_kouhyou_detail_004_kani=true&JigyosyoCd=4072200571-00&ServiceCd=150&Type=search", "url2": "http://www.keiaikai.net/unrosee/index.html" }, "geometry": { "type": "Point", "coordinates": [ 130.778008564665242, 33.355043845794171 ] } },
{ "type": "Feature", "properties": { "内容": "デイサービスセンターわかいち【通所介護】福岡県朝倉市杷木若市2401", "url": "https://www.kaigokensaku.mhlw.go.jp/40/index.php?action_kouhyou_detail_004_kani=true&JigyosyoCd=4076500133-00&ServiceCd=150&Type=search", "url2": "http://www.kazenofukuoka.jp" }, "geometry": { "type": "Point", "coordinates": [ 130.793925400000035, 33.3619184 ] } },
{ "type": "Feature", "properties": { "内容": "デイサービスセンター　のんびり村【通所介護】福岡県朝倉市山見４２９", "url": "https://www.kaigokensaku.mhlw.go.jp/40/index.php?action_kouhyou_detail_004_kani=true&JigyosyoCd=4072200142-00&ServiceCd=150&Type=search", "url2": "http://jusenkai.com/" }, "geometry": { "type": "Point", "coordinates": [ 130.707824100000039, 33.4507747 ] } },
{ "type": "Feature", "properties": { "内容": "星の丘デイサービスけやき【通所介護】福岡県朝倉市堤458-1", "url": "https://www.kaigokensaku.mhlw.go.jp/40/index.php?action_kouhyou_detail_004_kani=true&JigyosyoCd=4072201132-00&ServiceCd=150&Type=search", "url2": null }, "geometry": { "type": "Point", "coordinates": [ 130.6732384, 33.4191342 ] } },
{ "type": "Feature", "properties": { "内容": "デイサービスお多福来。【通所介護】山田343-1", "url": "https://www.kaigokensaku.mhlw.go.jp/40/index.php?action_kouhyou_detail_004_kani=true&JigyosyoCd=4072201074-00&ServiceCd=150&Type=search", "url2": null }, "geometry": { "type": "Point", "coordinates": [ 130.754183, 33.367408 ] } },
{ "type": "Feature", "properties": { "内容": "デイサービス　もやい【通所介護】朝倉市屋永4327番地の5", "url": "https://www.kaigokensaku.mhlw.go.jp/40/index.php?action_kouhyou_detail_004_kani=true&JigyosyoCd=4072200431-00&ServiceCd=150&Type=search", "url2": null }, "geometry": { "type": "Point", "coordinates": [ 130.670153600000049, 33.4082001 ] } },
{ "type": "Feature", "properties": { "内容": "デイサービス　あんずの実【通所介護】福岡県みやま市瀬高町本郷1348-1", "url": "https://www.kaigokensaku.mhlw.go.jp/40/index.php?action_kouhyou_detail_004_kani=true&JigyosyoCd=4078700764-00&ServiceCd=150&Type=search", "url2": "http://hongo-fukushikai.com" }, "geometry": { "type": "Point", "coordinates": [ 130.485044499999958, 33.168235 ] } },
{ "type": "Feature", "properties": { "内容": "デイサービスセンターらいふ・ぷらす【通所介護】福岡県みやま市瀬高町小川570番地1", "url": "https://www.kaigokensaku.mhlw.go.jp/40/index.php?action_kouhyou_detail_004_kani=true&JigyosyoCd=4078700830-00&ServiceCd=150&Type=search", "url2": null }, "geometry": { "type": "Point", "coordinates": [ 130.4838915, 33.1525954 ] } },
{ "type": "Feature", "properties": { "内容": "JAみなみ筑後デイサービスセンター「あぐりの郷」【通所介護】福岡県みやま市高田町原1080-1", "url": "https://www.kaigokensaku.mhlw.go.jp/40/index.php?action_kouhyou_detail_004_kani=true&JigyosyoCd=4079100188-00&ServiceCd=150&Type=search", "url2": "http://www.minamickg-fk-ja.or.jp/" }, "geometry": { "type": "Point", "coordinates": [ 130.476401399999986, 33.1114963 ] } },
{ "type": "Feature", "properties": { "内容": "デイサービス　青空【通所介護】福岡県みやま市高田町南新開１９０－１", "url": "https://www.kaigokensaku.mhlw.go.jp/40/index.php?action_kouhyou_detail_004_kani=true&JigyosyoCd=4079100196-00&ServiceCd=150&Type=search", "url2": null }, "geometry": { "type": "Point", "coordinates": [ 130.457914399999936, 33.0929809 ] } },
{ "type": "Feature", "properties": { "内容": "デイサービス清水【通所介護】福岡県みやま市瀬高町大草１７５５－７", "url": "https://www.kaigokensaku.mhlw.go.jp/40/index.php?action_kouhyou_detail_004_kani=true&JigyosyoCd=4072400353-00&ServiceCd=150&Type=search", "url2": null }, "geometry": { "type": "Point", "coordinates": [ 130.510567900000069, 33.1579585 ] } },
{ "type": "Feature", "properties": { "内容": "あたご苑デイサービスセンター【通所介護】福岡県みやま市高田町今福３１４－１高田総合保健福祉センター", "url": "https://www.kaigokensaku.mhlw.go.jp/40/index.php?action_kouhyou_detail_004_kani=true&JigyosyoCd=4079100097-00&ServiceCd=150&Type=search", "url2": "http://www.kourinkai1237.org/pg93.html" }, "geometry": { "type": "Point", "coordinates": [ 130.46668539999996, 33.1084964 ] } },
{ "type": "Feature", "properties": { "内容": "デイサービス「やまびこ」【通所介護】みやま市山川町河原内1227-3", "url": "https://www.kaigokensaku.mhlw.go.jp/40/index.php?action_kouhyou_detail_004_kani=true&JigyosyoCd=4078700483-00&ServiceCd=150&Type=search", "url2": "https://yamabiko-care.com/" }, "geometry": { "type": "Point", "coordinates": [ 130.51971513127441, 33.137151447879582 ] } },
{ "type": "Feature", "properties": { "内容": "デイサービス「やまびこプラス」【通所介護】福岡県みやま市高田町濃施濃施北516-1", "url": "https://www.kaigokensaku.mhlw.go.jp/40/index.php?action_kouhyou_detail_004_kani=true&JigyosyoCd=4078700848-00&ServiceCd=150&Type=search", "url2": "https://www.yamabiko-care.com/" }, "geometry": { "type": "Point", "coordinates": [ 130.456817904893455, 33.103345981491643 ] } },
{ "type": "Feature", "properties": { "内容": "デイサービス　りらく【通所介護】福岡県みやま市瀬高町大字太神1511-2", "url": "https://www.kaigokensaku.mhlw.go.jp/40/index.php?action_kouhyou_detail_004_kani=true&JigyosyoCd=4078700863-00&ServiceCd=150&Type=search", "url2": null }, "geometry": { "type": "Point", "coordinates": [ 130.4677805, 33.1271362 ] } },
{ "type": "Feature", "properties": { "内容": "第二竹里館デイサービスセンター【通所介護】福岡県みやま市瀬高町高柳256-1", "url": "https://www.kaigokensaku.mhlw.go.jp/40/index.php?action_kouhyou_detail_004_kani=true&JigyosyoCd=4078700608-00&ServiceCd=150&Type=search", "url2": "http://www.myclinic.ne.jp/yamauchi-kcp/pc/free.html" }, "geometry": { "type": "Point", "coordinates": [ 130.4629741, 33.1492088 ] } },
{ "type": "Feature", "properties": { "内容": "デイサービスセンターすまいる楠田【通所介護】福岡県みやま市高田町下楠田2153‐1", "url": "https://www.kaigokensaku.mhlw.go.jp/40/index.php?action_kouhyou_detail_004_kani=true&JigyosyoCd=4078700756-00&ServiceCd=150&Type=search", "url2": "http://www.smilehome-kanri.jp" }, "geometry": { "type": "Point", "coordinates": [ 130.463405700000067, 33.09262 ] } },
{ "type": "Feature", "properties": { "内容": "デイサービスセンターねむの木【通所介護】福岡県みやま市高田町下楠田1257-1", "url": "https://www.kaigokensaku.mhlw.go.jp/40/index.php?action_kouhyou_detail_004_kani=true&JigyosyoCd=4079100170-00&ServiceCd=150&Type=search", "url2": "http://www.kourinkai1237.org/" }, "geometry": { "type": "Point", "coordinates": [ 130.466972100000021, 33.0946865 ] } },
{ "type": "Feature", "properties": { "内容": "さくらの杜　デイサービス【通所介護】福岡県みやま市高田町大字下楠田1480-9", "url": "https://www.kaigokensaku.mhlw.go.jp/40/index.php?action_kouhyou_detail_004_kani=true&JigyosyoCd=4079100212-00&ServiceCd=150&Type=search", "url2": null }, "geometry": { "type": "Point", "coordinates": [ 130.462241799999987, 33.095178 ] } },
{ "type": "Feature", "properties": { "内容": "デイサービスりんご【通所介護】福岡県みやま市瀬高町太神685-2", "url": "https://www.kaigokensaku.mhlw.go.jp/40/index.php?action_kouhyou_detail_004_kani=true&JigyosyoCd=4078700798-00&ServiceCd=150&Type=search", "url2": null }, "geometry": { "type": "Point", "coordinates": [ 130.4754094, 33.136463 ] } },
{ "type": "Feature", "properties": { "内容": "デイサービスセンター　やすらぎの里【通所介護】福岡県みやま市瀬高町松田481", "url": "https://www.kaigokensaku.mhlw.go.jp/40/index.php?action_kouhyou_detail_004_kani=true&JigyosyoCd=4078700038-00&ServiceCd=150&Type=search", "url2": null }, "geometry": { "type": "Point", "coordinates": [ 130.485169600000063, 33.1424013 ] } },
{ "type": "Feature", "properties": { "内容": "デイサービスあとりえ【通所介護】みやま市高田町濃施653-1", "url": "https://www.kaigokensaku.mhlw.go.jp/40/index.php?action_kouhyou_detail_004_kani=true&JigyosyoCd=4078700541-00&ServiceCd=150&Type=search", "url2": "www.nozoenomori.jp" }, "geometry": { "type": "Point", "coordinates": [ 130.461924599999946, 33.1055437 ] } },
{ "type": "Feature", "properties": { "内容": "しのはらの里デイサービスセンター【通所介護】篠原西2丁目13番13号", "url": "https://www.kaigokensaku.mhlw.go.jp/40/index.php?action_kouhyou_detail_004_kani=true&JigyosyoCd=4073501159-00&ServiceCd=150&Type=search", "url2": "http://www.jiaikai-fuk.or.jp" }, "geometry": { "type": "Point", "coordinates": [ 130.205051300000036, 33.5499078 ] } },
{ "type": "Feature", "properties": { "内容": "デイサービスセンター第二志摩園【通所介護】福岡県糸島市志摩初1番地（糸島市総合福祉センター「ふれあい」内）", "url": "https://www.kaigokensaku.mhlw.go.jp/40/index.php?action_kouhyou_detail_004_kani=true&JigyosyoCd=4077200089-00&ServiceCd=150&Type=search", "url2": "http://www.shimaen.or.jp" }, "geometry": { "type": "Point", "coordinates": [ 130.185953787570497, 33.58370852370917 ] } },
{ "type": "Feature", "properties": { "内容": "医療法人太田脳神経外科医院デイサービスセンターいこい【通所介護】福岡県糸島市浦志２丁目２１番２号", "url": "https://www.kaigokensaku.mhlw.go.jp/40/index.php?action_kouhyou_detail_004_kani=true&JigyosyoCd=4073500235-00&ServiceCd=150&Type=search", "url2": "https://otaneuro.com/" }, "geometry": { "type": "Point", "coordinates": [ 130.210145, 33.5618481 ] } },
{ "type": "Feature", "properties": { "内容": "デイサービスセンターそれいゆ【通所介護】糸島市前原東1丁目５－１７介護拠点センターそれいゆ", "url": "https://www.kaigokensaku.mhlw.go.jp/40/index.php?action_kouhyou_detail_004_kani=true&JigyosyoCd=4073500946-00&ServiceCd=150&Type=search", "url2": null }, "geometry": { "type": "Point", "coordinates": [ 130.205977592625004, 33.55956305115879 ] } },
{ "type": "Feature", "properties": { "内容": "デイサービスセンター神楽の守　怡土館【通所介護】福岡県糸島市篠原東3丁目6-31", "url": "https://www.kaigokensaku.mhlw.go.jp/40/index.php?action_kouhyou_detail_004_kani=true&JigyosyoCd=4073501381-00&ServiceCd=150&Type=search", "url2": "http://kaguranomori.com" }, "geometry": { "type": "Point", "coordinates": [ 130.215659815344225, 33.549834374561009 ] } },
{ "type": "Feature", "properties": { "内容": "糸島市社会福祉協議会　デイサービスセンター【通所介護】福岡県糸島市潤１丁目22-1　糸島市健康福祉センターあごら内", "url": "https://www.kaigokensaku.mhlw.go.jp/40/index.php?action_kouhyou_detail_004_kani=true&JigyosyoCd=4073500664-00&ServiceCd=150&Type=search", "url2": "http://www.itoshima-shakyo.or.jp" }, "geometry": { "type": "Point", "coordinates": [ 130.219330100708021, 33.558831264345521 ] } },
{ "type": "Feature", "properties": { "内容": "デイサービスセンターありた【通所介護】福岡県糸島市有田中央1丁目11番12号", "url": "https://www.kaigokensaku.mhlw.go.jp/40/index.php?action_kouhyou_detail_004_kani=true&JigyosyoCd=4073501605-00&ServiceCd=150&Type=search", "url2": "htpps://www.kuraji-itoshima.com" }, "geometry": { "type": "Point", "coordinates": [ 130.216409700000014, 33.5442274 ] } },
{ "type": "Feature", "properties": { "内容": "ソーシャルライフ糸島【通所介護】福岡県糸島市潤2丁目13番1号", "url": "https://www.kaigokensaku.mhlw.go.jp/40/index.php?action_kouhyou_detail_004_kani=true&JigyosyoCd=4073501720-00&ServiceCd=150&Type=search", "url2": "https://kyu-fukushi-service.co.jp/company/index.html" }, "geometry": { "type": "Point", "coordinates": [ 130.219056099999989, 33.5623728 ] } },
{ "type": "Feature", "properties": { "内容": "デイサービス孫の家【通所介護】福岡県糸島市二丈松末西１丁目３－３０", "url": "https://www.kaigokensaku.mhlw.go.jp/40/index.php?action_kouhyou_detail_004_kani=true&JigyosyoCd=4073501753-00&ServiceCd=150&Type=search", "url2": "https://magonoie.com" }, "geometry": { "type": "Point", "coordinates": [ 130.1397154, 33.5231593 ] } },
{ "type": "Feature", "properties": { "内容": "デイサービスセンターいこいの里糸島【通所介護】福岡県糸島市荻浦5丁目10番1号", "url": "https://www.kaigokensaku.mhlw.go.jp/40/index.php?action_kouhyou_detail_004_kani=true&JigyosyoCd=4073501407-00&ServiceCd=150&Type=search", "url2": "http://ikoino-sato.com" }, "geometry": { "type": "Point", "coordinates": [ 130.184582014819398, 33.547212959484945 ] } },
{ "type": "Feature", "properties": { "内容": "デイサービスたいようⅡ【通所介護】二丈田中3-1-3", "url": "https://www.kaigokensaku.mhlw.go.jp/40/index.php?action_kouhyou_detail_004_kani=true&JigyosyoCd=4073501555-00&ServiceCd=150&Type=search", "url2": "https://www.taiyouhome.com/" }, "geometry": { "type": "Point", "coordinates": [ 130.169112752778631, 33.534346897070826 ] } },
{ "type": "Feature", "properties": { "内容": "デイサービスセンター桜寿のさと伊都【通所介護】福岡県糸島市高田1丁目7-1", "url": "https://www.kaigokensaku.mhlw.go.jp/40/index.php?action_kouhyou_detail_004_kani=true&JigyosyoCd=4073501688-00&ServiceCd=150&Type=search", "url2": "https://oujyufukushikai.co.jp/" }, "geometry": { "type": "Point", "coordinates": [ 130.2327554, 33.5688808 ] } },
{ "type": "Feature", "properties": { "内容": "社会福祉法人二丈福祉会　仙寿苑デイサービスセンター【通所介護】福岡県糸島市二丈深江2291番地1", "url": "https://www.kaigokensaku.mhlw.go.jp/40/index.php?action_kouhyou_detail_004_kani=true&JigyosyoCd=4077100032-00&ServiceCd=150&Type=search", "url2": "http://www.nijoufukusikai.com" }, "geometry": { "type": "Point", "coordinates": [ 130.132292199999938, 33.5100685 ] } },
{ "type": "Feature", "properties": { "内容": "神楽の守デイサービスセンター【通所介護】福岡県糸島市志摩井田原59-10", "url": "https://www.kaigokensaku.mhlw.go.jp/40/index.php?action_kouhyou_detail_004_kani=true&JigyosyoCd=4073500771-00&ServiceCd=150&Type=search", "url2": "https://kaguranomori.com/" }, "geometry": { "type": "Point", "coordinates": [ 130.184561, 33.5869163 ] } },
{ "type": "Feature", "properties": { "内容": "マイネスハウスデイサービスセンター【通所介護】福岡県糸島市高上171番地", "url": "https://www.kaigokensaku.mhlw.go.jp/40/index.php?action_kouhyou_detail_004_kani=true&JigyosyoCd=4073500060-00&ServiceCd=150&Type=search", "url2": "http://www.m-h.jp" }, "geometry": { "type": "Point", "coordinates": [ 130.230382599999984, 33.5246063 ] } },
{ "type": "Feature", "properties": { "内容": "富の里デイサービスセンター【通所介護】福岡県糸島市富508-4", "url": "https://www.kaigokensaku.mhlw.go.jp/40/index.php?action_kouhyou_detail_004_kani=true&JigyosyoCd=4073500144-00&ServiceCd=150&Type=search", "url2": "http://www.jiaikai-fuk.or.jp/" }, "geometry": { "type": "Point", "coordinates": [ 130.2094621, 33.5393289 ] } },
{ "type": "Feature", "properties": { "内容": "デイサービス彩々【通所介護】福岡県糸島市前原中央2丁目2番8号", "url": "https://www.kaigokensaku.mhlw.go.jp/40/index.php?action_kouhyou_detail_004_kani=true&JigyosyoCd=4073501738-00&ServiceCd=150&Type=search", "url2": null }, "geometry": { "type": "Point", "coordinates": [ 130.1986411, 33.5582537 ] } },
{ "type": "Feature", "properties": { "内容": "ＪＡ糸島デイサービスセンターひまわり【通所介護】福岡県糸島市浦志二丁目2-12", "url": "https://www.kaigokensaku.mhlw.go.jp/40/index.php?action_kouhyou_detail_004_kani=true&JigyosyoCd=4073500383-00&ServiceCd=150&Type=search", "url2": "https://ja-itoshima.or.jp" }, "geometry": { "type": "Point", "coordinates": [ 130.2089618, 33.5629257 ] } },
{ "type": "Feature", "properties": { "内容": "デイサービスセンター志摩園【通所介護】福岡県糸島市志摩久家2527-2", "url": "https://www.kaigokensaku.mhlw.go.jp/40/index.php?action_kouhyou_detail_004_kani=true&JigyosyoCd=4077200071-00&ServiceCd=150&Type=search", "url2": "http://www.shimaen.or.jp" }, "geometry": { "type": "Point", "coordinates": [ 130.13668789999997, 33.5650783 ] } },
{ "type": "Feature", "properties": { "内容": "ケア・オアシス南風台デイサービス【通所介護】南風台７丁目１番８号ケア・オアシス南風台", "url": "https://www.kaigokensaku.mhlw.go.jp/40/index.php?action_kouhyou_detail_004_kani=true&JigyosyoCd=4073500987-00&ServiceCd=150&Type=search", "url2": "http://www.117294.jp" }, "geometry": { "type": "Point", "coordinates": [ 130.194841200000042, 33.5483881 ] } },
{ "type": "Feature", "properties": { "内容": "通所介護事業所すまいるはぁと【通所介護】福岡県糸島市二丈武49番地3", "url": "https://www.kaigokensaku.mhlw.go.jp/40/index.php?action_kouhyou_detail_004_kani=true&JigyosyoCd=4073501639-00&ServiceCd=150&Type=search", "url2": "https://www.tetote-itoshima.com/" }, "geometry": { "type": "Point", "coordinates": [ 130.167026, 33.5275029 ] } },
{ "type": "Feature", "properties": { "内容": "デイサービス　こころ【通所介護】福岡県糸島市波多江駅南2丁目13-25", "url": "https://www.kaigokensaku.mhlw.go.jp/40/index.php?action_kouhyou_detail_004_kani=true&JigyosyoCd=4073501290-00&ServiceCd=150&Type=search", "url2": "http://www.kaigo556.com./" }, "geometry": { "type": "Point", "coordinates": [ 130.231057100000015, 33.563361299999976 ] } },
{ "type": "Feature", "properties": { "内容": "LaKiKi【通所介護】福岡県那珂川市片縄二丁目1フローラル片縄101", "url": "https://www.kaigokensaku.mhlw.go.jp/40/index.php?action_kouhyou_detail_004_kani=true&JigyosyoCd=4073700835-00&ServiceCd=150&Type=search", "url2": null }, "geometry": { "type": "Point", "coordinates": [ 130.424442257672126, 33.519358442870669 ] } },
{ "type": "Feature", "properties": { "内容": "フレッシュデイズ【通所介護】那珂川市仲１－６７", "url": "https://www.kaigokensaku.mhlw.go.jp/40/index.php?action_kouhyou_detail_004_kani=true&JigyosyoCd=4073700389-00&ServiceCd=150&Type=search", "url2": null }, "geometry": { "type": "Point", "coordinates": [ 130.425226299999963, 33.508538499999986 ] } },
{ "type": "Feature", "properties": { "内容": "あおぞらデイサービスセンター油山【通所介護】大字西畑423番地3", "url": "https://www.kaigokensaku.mhlw.go.jp/40/index.php?action_kouhyou_detail_004_kani=true&JigyosyoCd=4073700975-00&ServiceCd=150&Type=search", "url2": "https://www.aozora-cg.com/" }, "geometry": { "type": "Point", "coordinates": [ 130.384715699999987, 33.5062646 ] } },
{ "type": "Feature", "properties": { "内容": "ねむのき【通所介護】福岡県那珂川市下梶原2丁目6番3号", "url": "https://www.kaigokensaku.mhlw.go.jp/40/index.php?action_kouhyou_detail_004_kani=true&JigyosyoCd=4073700074-00&ServiceCd=150&Type=search", "url2": "http://www.nakafuku.jp" }, "geometry": { "type": "Point", "coordinates": [ 130.439369400000032, 33.4997286 ] } },
{ "type": "Feature", "properties": { "内容": "那珂川デイサービスほっと【通所介護】福岡県那珂川市大字安徳554番地１", "url": "https://www.kaigokensaku.mhlw.go.jp/40/index.php?action_kouhyou_detail_004_kani=true&JigyosyoCd=4073700322-00&ServiceCd=150&Type=search", "url2": null }, "geometry": { "type": "Point", "coordinates": [ 130.42609010000001, 33.5001198 ] } },
{ "type": "Feature", "properties": { "内容": "ツクイ福岡那珂川【通所介護】道善2丁目58番", "url": "https://www.kaigokensaku.mhlw.go.jp/40/index.php?action_kouhyou_detail_004_kani=true&JigyosyoCd=4073700892-00&ServiceCd=150&Type=search", "url2": "https://www.tsukui.net" }, "geometry": { "type": "Point", "coordinates": [ 130.4223055, 33.5134919 ] } },
{ "type": "Feature", "properties": { "内容": "那珂川市社会福祉協議会指定通所介護事業所【通所介護】福岡県那珂川市西隈1丁目1番2号福祉センター", "url": "https://www.kaigokensaku.mhlw.go.jp/40/index.php?action_kouhyou_detail_004_kani=true&JigyosyoCd=4073700124-00&ServiceCd=150&Type=search", "url2": "www.nakagawa-shakyo.jp/" }, "geometry": { "type": "Point", "coordinates": [ 130.4230543, 33.499859979707736 ] } },
{ "type": "Feature", "properties": { "内容": "ブルーミングケア福岡那珂川【通所介護】福岡県那珂川市片縄2-139", "url": "https://www.kaigokensaku.mhlw.go.jp/40/index.php?action_kouhyou_detail_004_kani=true&JigyosyoCd=4073701015-00&ServiceCd=150&Type=search", "url2": "https://carenation.jp/facitilies/" }, "geometry": { "type": "Point", "coordinates": [ 130.425580200000013, 33.5149555 ] } },
{ "type": "Feature", "properties": { "内容": "デイサービスセンター和【通所介護】福岡県那珂川市西隈1丁目19番10号", "url": "https://www.kaigokensaku.mhlw.go.jp/40/index.php?action_kouhyou_detail_004_kani=true&JigyosyoCd=4073700629-00&ServiceCd=150&Type=search", "url2": "http://www.kouchikukai.or.jp/nagomi/" }, "geometry": { "type": "Point", "coordinates": [ 130.419610199999966, 33.5019667 ] } },
{ "type": "Feature", "properties": { "内容": "デイサービスセンター「グランド　G-1」【通所介護】福岡県那珂川市道善一丁目１２１番地", "url": "https://www.kaigokensaku.mhlw.go.jp/40/index.php?action_kouhyou_detail_004_kani=true&JigyosyoCd=4073700462-00&ServiceCd=150&Type=search", "url2": "http://www.kouchikukai.or.jp/day/" }, "geometry": { "type": "Point", "coordinates": [ 130.42353479999997, 33.5119048 ] } },
{ "type": "Feature", "properties": { "内容": "オレンジデイサービスセンター【通所介護】福岡県那珂川市片縄北3-17-7", "url": "https://www.kaigokensaku.mhlw.go.jp/40/index.php?action_kouhyou_detail_004_kani=true&JigyosyoCd=4073700652-00&ServiceCd=150&Type=search", "url2": null }, "geometry": { "type": "Point", "coordinates": [ 130.42379870000002, 33.5253453 ] } },
{ "type": "Feature", "properties": { "内容": "あおぞらデイサービスセンター【通所介護】福岡県那珂川市片縄東1丁目25-8", "url": "https://www.kaigokensaku.mhlw.go.jp/40/index.php?action_kouhyou_detail_004_kani=true&JigyosyoCd=4073700736-00&ServiceCd=150&Type=search", "url2": null }, "geometry": { "type": "Point", "coordinates": [ 130.4261957, 33.5297755 ] } },
{ "type": "Feature", "properties": { "内容": "デイサロンケアエンジェル【通所介護】福岡県那珂川市中原3-19", "url": "https://www.kaigokensaku.mhlw.go.jp/40/index.php?action_kouhyou_detail_004_kani=true&JigyosyoCd=4073700355-00&ServiceCd=150&Type=search", "url2": "http://www.geocities.jp/angel_kaigo/" }, "geometry": { "type": "Point", "coordinates": [ 130.432834, 33.5169185 ] } },
{ "type": "Feature", "properties": { "内容": "あおぞらデイサービスセンター油山【通所介護】福岡県那珂川市大字西畑423番地3", "url": "https://www.kaigokensaku.mhlw.go.jp/40/index.php?action_kouhyou_detail_004_kani=true&JigyosyoCd=4073701031-00&ServiceCd=150&Type=search", "url2": "https://aozora-cg.com/" }, "geometry": { "type": "Point", "coordinates": [ 130.384715699999987, 33.5062646 ] } },
{ "type": "Feature", "properties": { "内容": "あおぞらデイサービスセンター宇美【通所介護】福岡県糟屋郡宇美町宇美中央2丁目24番33号", "url": "https://www.kaigokensaku.mhlw.go.jp/40/index.php?action_kouhyou_detail_004_kani=true&JigyosyoCd=4073800759-00&ServiceCd=150&Type=search", "url2": "https://www.aozora-cg.com/" }, "geometry": { "type": "Point", "coordinates": [ 130.5255903, 33.5688054 ] } },
{ "type": "Feature", "properties": { "内容": "デイサービスうみもも館【通所介護】福岡県糟屋郡宇美町平和1丁目17番7", "url": "https://www.kaigokensaku.mhlw.go.jp/40/index.php?action_kouhyou_detail_004_kani=true&JigyosyoCd=4073800692-00&ServiceCd=150&Type=search", "url2": null }, "geometry": { "type": "Point", "coordinates": [ 130.52156092327877, 33.571998549289205 ] } },
{ "type": "Feature", "properties": { "内容": "宇美中央デイサービスセンターふれあい倶楽部【通所介護】福岡県糟屋郡宇美町障子岳6丁目4-16", "url": "https://www.kaigokensaku.mhlw.go.jp/40/index.php?action_kouhyou_detail_004_kani=true&JigyosyoCd=4073800270-00&ServiceCd=150&Type=search", "url2": "https://www.amenitylife-f.co.jp/" }, "geometry": { "type": "Point", "coordinates": [ 130.540973500000064, 33.5642295 ] } },
{ "type": "Feature", "properties": { "内容": "悠愛デイサービスセンターお結び家【通所介護】福岡県糟屋郡宇美町貴船２丁目３０番３号おむすび舎ゆうあい　1F", "url": "https://www.kaigokensaku.mhlw.go.jp/40/index.php?action_kouhyou_detail_004_kani=true&JigyosyoCd=4073800726-00&ServiceCd=150&Type=search", "url2": "https://a-lifesupport.co.jp/" }, "geometry": { "type": "Point", "coordinates": [ 130.510930214819325, 33.559685969992771 ] } },
{ "type": "Feature", "properties": { "内容": "華の丘デイサービス【通所介護】福岡県糟屋郡宇美町神武原3-29-5住宅型有料老人ホームゆうはな", "url": "https://www.kaigokensaku.mhlw.go.jp/40/index.php?action_kouhyou_detail_004_kani=true&JigyosyoCd=4073800551-00&ServiceCd=150&Type=search", "url2": null }, "geometry": { "type": "Point", "coordinates": [ 130.534493099999963, 33.57571690000001 ] } },
{ "type": "Feature", "properties": { "内容": "デイサービスセンター　ライフケア宇美【通所介護】福岡県糟屋郡宇美町大字井野414番地1", "url": "https://www.kaigokensaku.mhlw.go.jp/40/index.php?action_kouhyou_detail_004_kani=true&JigyosyoCd=4073800296-00&ServiceCd=150&Type=search", "url2": null }, "geometry": { "type": "Point", "coordinates": [ 130.497497399999929, 33.5689951 ] } },
{ "type": "Feature", "properties": { "内容": "ライフケア宇美Ⅱ号館【通所介護】糟屋郡宇美町大字井野532-1", "url": "https://www.kaigokensaku.mhlw.go.jp/40/index.php?action_kouhyou_detail_004_kani=true&JigyosyoCd=4073800387-00&ServiceCd=150&Type=search", "url2": null }, "geometry": { "type": "Point", "coordinates": [ 130.5002581, 33.5677286 ] } },
{ "type": "Feature", "properties": { "内容": "デイサービスセンター神苑【通所介護】明神坂１丁目２番２３号住宅型有料老人ホーム神苑", "url": "https://www.kaigokensaku.mhlw.go.jp/40/index.php?action_kouhyou_detail_004_kani=true&JigyosyoCd=4073800569-00&ServiceCd=150&Type=search", "url2": null }, "geometry": { "type": "Point", "coordinates": [ 130.512303800000041, 33.5722086 ] } },
{ "type": "Feature", "properties": { "内容": "みかさの里デイサービスきふね【通所介護】福岡県糟屋郡宇美町貴船1丁目30番1号", "url": "https://www.kaigokensaku.mhlw.go.jp/40/index.php?action_kouhyou_detail_004_kani=true&JigyosyoCd=4073800718-00&ServiceCd=150&Type=search", "url2": null }, "geometry": { "type": "Point", "coordinates": [ 130.514105199999989, 33.564294 ] } },
{ "type": "Feature", "properties": { "内容": "みらいサポ－ト株式会社【通所介護】福岡県糟屋郡宇美町宇美1-4-25", "url": "https://www.kaigokensaku.mhlw.go.jp/40/index.php?action_kouhyou_detail_004_kani=true&JigyosyoCd=4073800643-00&ServiceCd=150&Type=search", "url2": null }, "geometry": { "type": "Point", "coordinates": [ 130.511665099999959, 33.5711115 ] } },
{ "type": "Feature", "properties": { "内容": "デイサービスなかよし【通所介護】糟屋郡宇美町宇美東2丁目15番19号住宅型有料老人ホームなかよし", "url": "https://www.kaigokensaku.mhlw.go.jp/40/index.php?action_kouhyou_detail_004_kani=true&JigyosyoCd=4073800601-00&ServiceCd=150&Type=search", "url2": "http://nakayoshi-kaigo.com" }, "geometry": { "type": "Point", "coordinates": [ 130.535027099999979, 33.5700066 ] } },
{ "type": "Feature", "properties": { "内容": "すこやか　デイサービスセンター【通所介護】福岡県糟屋郡宇美町障子岳南２丁目２２番１０号住宅型有料老人ホーム　メディケア宇美", "url": "https://www.kaigokensaku.mhlw.go.jp/40/index.php?action_kouhyou_detail_004_kani=true&JigyosyoCd=4073800528-00&ServiceCd=150&Type=search", "url2": "http://heartbeat-2010.co.jp" }, "geometry": { "type": "Point", "coordinates": [ 130.537953107377945, 33.561994792942912 ] } },
{ "type": "Feature", "properties": { "内容": "篠栗荘デイサービスセンター【通所介護】福岡県糟屋郡篠栗町中央1-9-2オアシス篠栗1階", "url": "https://www.kaigokensaku.mhlw.go.jp/40/index.php?action_kouhyou_detail_004_kani=true&JigyosyoCd=4073900104-00&ServiceCd=150&Type=search", "url2": "http://sasaguri.fk-sinaikai.or.jp" }, "geometry": { "type": "Point", "coordinates": [ 130.5248686, 33.6258898 ] } },
{ "type": "Feature", "properties": { "内容": "ケアパートナー篠栗【通所介護】福岡県糟屋郡篠栗町尾仲５５５－１－１シャルマンローズ黒瀬１", "url": "https://www.kaigokensaku.mhlw.go.jp/40/index.php?action_kouhyou_detail_004_kani=true&JigyosyoCd=4073900187-00&ServiceCd=150&Type=search", "url2": "http://www.care-partner.com/" }, "geometry": { "type": "Point", "coordinates": [ 130.50945062937771, 33.621868158872275 ] } },
{ "type": "Feature", "properties": { "内容": "ささぐりの杜デイサービスセンター【通所介護】福岡県糟屋郡篠栗町高田614番地3", "url": "https://www.kaigokensaku.mhlw.go.jp/40/index.php?action_kouhyou_detail_004_kani=true&JigyosyoCd=4073900328-00&ServiceCd=150&Type=search", "url2": null }, "geometry": { "type": "Point", "coordinates": [ 130.525934099999972, 33.6273195 ] } },
{ "type": "Feature", "properties": { "内容": "エフコープデイサービスりんご庵ユニバ通り【通所介護】福岡県糟屋郡志免町別府西3丁目13-7モントーレラコルタユニバ通り", "url": "https://www.kaigokensaku.mhlw.go.jp/40/index.php?action_kouhyou_detail_004_kani=true&JigyosyoCd=4074000615-00&ServiceCd=150&Type=search", "url2": "http://apple.fcoop.or.jp/" }, "geometry": { "type": "Point", "coordinates": [ 130.454314954561568, 33.60013923519908 ] } },
{ "type": "Feature", "properties": { "内容": "陽だまり　デイサービス【通所介護】糟屋郡志免町片峰中央3丁目18-8", "url": "https://www.kaigokensaku.mhlw.go.jp/40/index.php?action_kouhyou_detail_004_kani=true&JigyosyoCd=4074000383-00&ServiceCd=150&Type=search", "url2": "http://www.hidamari-home.com/" }, "geometry": { "type": "Point", "coordinates": [ 130.4753743, 33.5797684 ] } },
{ "type": "Feature", "properties": { "内容": "デイサービスセンター・グレース【通所介護】糟屋郡志免町別府北4-1-38五斗蔵サービス付き高齢者向け住宅　絆　（同一建物）", "url": "https://www.kaigokensaku.mhlw.go.jp/40/index.php?action_kouhyou_detail_004_kani=true&JigyosyoCd=4074000573-00&ServiceCd=150&Type=search", "url2": "http://kizuna-imd.com/" }, "geometry": { "type": "Point", "coordinates": [ 130.451253400000041, 33.6038788 ] } },
{ "type": "Feature", "properties": { "内容": "社会福祉法人　志免町社会福祉協議会デイサービス輝き【通所介護】福岡県糟屋郡志免町大字志免451番地1", "url": "https://www.kaigokensaku.mhlw.go.jp/40/index.php?action_kouhyou_detail_004_kani=true&JigyosyoCd=4074000102-00&ServiceCd=150&Type=search", "url2": "http://www.shime-shakyo.or.jp/" }, "geometry": { "type": "Point", "coordinates": [ 130.487428499999965, 33.5894009 ] } },
{ "type": "Feature", "properties": { "内容": "日本赤十字社福岡県支部やすらぎの郷デイサービスセンター【通所介護】福岡県糟屋郡志免町大字吉原６００番地", "url": "https://www.kaigokensaku.mhlw.go.jp/40/index.php?action_kouhyou_detail_004_kani=true&JigyosyoCd=4074000128-00&ServiceCd=150&Type=search", "url2": "http://www.yasuraginosato.org" }, "geometry": { "type": "Point", "coordinates": [ 130.489151099999958, 33.57207810000002 ] } },
{ "type": "Feature", "properties": { "内容": "青洲会クリニック　デイサービスセンター【通所介護】福岡県糟屋郡志免町志免4丁目1-7", "url": "https://www.kaigokensaku.mhlw.go.jp/40/index.php?action_kouhyou_detail_004_kani=true&JigyosyoCd=4074000243-00&ServiceCd=150&Type=search", "url2": "http://www.seisyukai-cl.jp/nursing/dayservice.html" }, "geometry": { "type": "Point", "coordinates": [ 130.481962399999929, 33.5866872 ] } },
{ "type": "Feature", "properties": { "内容": "デイサービス　いやしの家【通所介護】福岡県糟屋郡志免町別府２丁目１番８号", "url": "https://www.kaigokensaku.mhlw.go.jp/40/index.php?action_kouhyou_detail_004_kani=true&JigyosyoCd=4074000664-00&ServiceCd=150&Type=search", "url2": "http://iyasinoie.jp" }, "geometry": { "type": "Point", "coordinates": [ 130.464373400594383, 33.601154610590754 ] } },
{ "type": "Feature", "properties": { "内容": "デイサービス　明道館【通所介護】福岡県糟屋郡須恵町大字植木499-6", "url": "https://www.kaigokensaku.mhlw.go.jp/40/index.php?action_kouhyou_detail_004_kani=true&JigyosyoCd=4074100373-00&ServiceCd=150&Type=search", "url2": "https://sue-meidoukan.com/hana/" }, "geometry": { "type": "Point", "coordinates": [ 130.500314600000024, 33.594054200000016 ] } },
{ "type": "Feature", "properties": { "内容": "アイル　デイサービスセンター【通所介護】福岡県糟屋郡須恵町大字須恵142番地1", "url": "https://www.kaigokensaku.mhlw.go.jp/40/index.php?action_kouhyou_detail_004_kani=true&JigyosyoCd=4074100134-00&ServiceCd=150&Type=search", "url2": null }, "geometry": { "type": "Point", "coordinates": [ 130.510239599999977, 33.5929478 ] } },
{ "type": "Feature", "properties": { "内容": "コンフォート須恵デイサービスセンター【通所介護】福岡県糟屋郡須惠町大字旅石68番地261住宅型有料老人ホームコンフォート須恵1F", "url": "https://www.kaigokensaku.mhlw.go.jp/40/index.php?action_kouhyou_detail_004_kani=true&JigyosyoCd=4074100233-00&ServiceCd=150&Type=search", "url2": "http://www.s-mito.org" }, "geometry": { "type": "Point", "coordinates": [ 130.496754725131268, 33.584959277150901 ] } },
{ "type": "Feature", "properties": { "内容": "デイサービスまたあした【通所介護】福岡県粕屋郡須恵町須恵７０５－８", "url": "https://www.kaigokensaku.mhlw.go.jp/40/index.php?action_kouhyou_detail_004_kani=true&JigyosyoCd=4074100183-00&ServiceCd=150&Type=search", "url2": "http://ikiikinigo.com/" }, "geometry": { "type": "Point", "coordinates": [ 130.505903377891627, 33.590137592568617 ] } },
{ "type": "Feature", "properties": { "内容": "華の郷デイサービス【通所介護】福岡県糟屋郡須恵町大字上須恵235番住宅型有料老人ホームゆうはな弐番館", "url": "https://www.kaigokensaku.mhlw.go.jp/40/index.php?action_kouhyou_detail_004_kani=true&JigyosyoCd=4074100365-00&ServiceCd=150&Type=search", "url2": null }, "geometry": { "type": "Point", "coordinates": [ 130.515705600000047, 33.5930811 ] } },
{ "type": "Feature", "properties": { "内容": "デイサービスセンター優雅の郷【通所介護】福岡県糟屋郡須恵町須恵98-2住宅型有料老人ホーム優雅の郷", "url": "https://www.kaigokensaku.mhlw.go.jp/40/index.php?action_kouhyou_detail_004_kani=true&JigyosyoCd=4074100399-00&ServiceCd=150&Type=search", "url2": null }, "geometry": { "type": "Point", "coordinates": [ 130.512387143516548, 33.59587454851436 ] } },
{ "type": "Feature", "properties": { "内容": "デイサービスセンター紡ぎ【通所介護】新原447番地1", "url": "https://www.kaigokensaku.mhlw.go.jp/40/index.php?action_kouhyou_detail_004_kani=true&JigyosyoCd=4074100449-00&ServiceCd=150&Type=search", "url2": "https://www.tsumugikan.com/" }, "geometry": { "type": "Point", "coordinates": [ 130.511725110206271, 33.58154683584214 ] } },
{ "type": "Feature", "properties": { "内容": "デイサービスたんぽぽしんぐう【通所介護】福岡県粕屋郡新宮町上府北１丁目１５－２２", "url": "https://www.kaigokensaku.mhlw.go.jp/40/index.php?action_kouhyou_detail_004_kani=true&JigyosyoCd=4074200611-00&ServiceCd=150&Type=search", "url2": "care-tanpopo.jp/" }, "geometry": { "type": "Point", "coordinates": [ 130.452627600000028, 33.7165316 ] } },
{ "type": "Feature", "properties": { "内容": "デイサービス新宮駅前【通所介護】福岡県糟屋郡新宮町緑ヶ浜4丁目１７番１２号", "url": "https://www.kaigokensaku.mhlw.go.jp/40/index.php?action_kouhyou_detail_004_kani=true&JigyosyoCd=4074200678-00&ServiceCd=150&Type=search", "url2": null }, "geometry": { "type": "Point", "coordinates": [ 130.4473358, 33.7116342 ] } },
{ "type": "Feature", "properties": { "内容": "デイサービス新宮　別館【通所介護】福岡県糟屋郡新宮町緑ヶ浜4丁目17番12号", "url": "https://www.kaigokensaku.mhlw.go.jp/40/index.php?action_kouhyou_detail_004_kani=true&JigyosyoCd=4074200686-00&ServiceCd=150&Type=search", "url2": "http://houshikai.info/" }, "geometry": { "type": "Point", "coordinates": [ 130.446960290737906, 33.711558340097675 ] } },
{ "type": "Feature", "properties": { "内容": "デイサービスセンター　新宮偕同園【通所介護】福岡県糟屋郡新宮町大字上府545番地1", "url": "https://www.kaigokensaku.mhlw.go.jp/40/index.php?action_kouhyou_detail_004_kani=true&JigyosyoCd=4074200033-00&ServiceCd=150&Type=search", "url2": "http://www.kaidoen.com" }, "geometry": { "type": "Point", "coordinates": [ 130.457418500000017, 33.7049577 ] } },
{ "type": "Feature", "properties": { "内容": "デイサービス新宮中央【通所介護】糟屋郡新宮町中央駅前１丁目２－１ハイマート橘", "url": "https://www.kaigokensaku.mhlw.go.jp/40/index.php?action_kouhyou_detail_004_kani=true&JigyosyoCd=4074200355-00&ServiceCd=150&Type=search", "url2": "http://www.houshikai.or.jp/tachibana/shisetsu/day.html" }, "geometry": { "type": "Point", "coordinates": [ 130.451307700000029, 33.7129956 ] } },
{ "type": "Feature", "properties": { "内容": "原外科医院デイサービスセンター【通所介護】福岡県糟屋郡新宮町下府1丁目3-5", "url": "https://www.kaigokensaku.mhlw.go.jp/40/index.php?action_kouhyou_detail_004_kani=true&JigyosyoCd=4074200223-00&ServiceCd=150&Type=search", "url2": "http://haragekam.wix.com/haragekahp" }, "geometry": { "type": "Point", "coordinates": [ 130.442338800000016, 33.7104426 ] } },
{ "type": "Feature", "properties": { "内容": "デイサービスセンターレイクウッド久山【通所介護】福岡県糟屋郡久山町大字猪野字池ノ浦1610-40", "url": "https://www.kaigokensaku.mhlw.go.jp/40/index.php?action_kouhyou_detail_004_kani=true&JigyosyoCd=4074300072-00&ServiceCd=150&Type=search", "url2": "www.lakewoodhisayama.com" }, "geometry": { "type": "Point", "coordinates": [ 130.50004817672118, 33.678107541027863 ] } },
{ "type": "Feature", "properties": { "内容": "デイサービスＴＯＲＩＵＳ【通所介護】糟屋郡久山町大字山田1095-1トリアスＮ1棟", "url": "https://www.kaigokensaku.mhlw.go.jp/40/index.php?action_kouhyou_detail_004_kani=true&JigyosyoCd=4074300098-00&ServiceCd=150&Type=search", "url2": "http://www.day-torius.com" }, "geometry": { "type": "Point", "coordinates": [ 130.49016493505701, 33.655172166716063 ] } },
{ "type": "Feature", "properties": { "内容": "デイサービスセンターぬくもり【通所介護】福岡県糟屋郡粕屋町原町２丁目2番２号", "url": "https://www.kaigokensaku.mhlw.go.jp/40/index.php?action_kouhyou_detail_004_kani=true&JigyosyoCd=4074400369-00&ServiceCd=150&Type=search", "url2": null }, "geometry": { "type": "Point", "coordinates": [ 130.469415499999968, 33.612583900000011 ] } },
{ "type": "Feature", "properties": { "内容": "グラント粕屋デイサービスセンター【通所介護】福岡県糟屋郡粕屋町原町二丁目2番11号", "url": "https://www.kaigokensaku.mhlw.go.jp/40/index.php?action_kouhyou_detail_004_kani=true&JigyosyoCd=4074400674-00&ServiceCd=150&Type=search", "url2": "https://fitzroy.care" }, "geometry": { "type": "Point", "coordinates": [ 130.468540100000013, 33.6125813 ] } },
{ "type": "Feature", "properties": { "内容": "ツクイ福岡粕屋【通所介護】福岡県粕屋郡粕屋町大字仲原1798-1", "url": "https://www.kaigokensaku.mhlw.go.jp/40/index.php?action_kouhyou_detail_004_kani=true&JigyosyoCd=4074400658-00&ServiceCd=150&Type=search", "url2": "https://www.tsukui.net/home-care/2329/" }, "geometry": { "type": "Point", "coordinates": [ 130.4580286, 33.6112608 ] } },
{ "type": "Feature", "properties": { "内容": "福岡青洲会病院デイサービスセンター【通所介護】福岡県粕屋郡粕屋町長者原西３丁目１５－７シオン", "url": "https://www.kaigokensaku.mhlw.go.jp/40/index.php?action_kouhyou_detail_004_kani=true&JigyosyoCd=4074400351-00&ServiceCd=150&Type=search", "url2": "http:/www.seisyuukai.jp/fukuoka/honbu/index/" }, "geometry": { "type": "Point", "coordinates": [ 130.463185299999964, 33.6198192 ] } },
{ "type": "Feature", "properties": { "内容": "青洲会セシリアデイサービスセンター【通所介護】福岡県糟屋郡粕屋町長者原西３丁目１４－１青洲会セシリアハイム", "url": "https://www.kaigokensaku.mhlw.go.jp/40/index.php?action_kouhyou_detail_004_kani=true&JigyosyoCd=4074400427-00&ServiceCd=150&Type=search", "url2": "http:/www.seisyuukai.jp/hukuoka/honbu/index/" }, "geometry": { "type": "Point", "coordinates": [ 130.462377447256131, 33.618167752775875 ] } },
{ "type": "Feature", "properties": { "内容": "デイサービスセンター緑の里【通所介護】福岡県糟屋郡粕屋町酒殿3丁目22番地1号", "url": "https://www.kaigokensaku.mhlw.go.jp/40/index.php?action_kouhyou_detail_004_kani=true&JigyosyoCd=4074400070-00&ServiceCd=150&Type=search", "url2": "http//www.mikatsukai.or.jp/" }, "geometry": { "type": "Point", "coordinates": [ 130.486056100000042, 33.5988442 ] } },
{ "type": "Feature", "properties": { "内容": "青洲の風デイサービスセンター　かよいちょう館【通所介護】福岡県糟屋郡粕屋町甲仲原1丁目19-19有料老人ホーム青洲の風　かよいちょう館", "url": "https://www.kaigokensaku.mhlw.go.jp/40/index.php?action_kouhyou_detail_004_kani=true&JigyosyoCd=4074400583-00&ServiceCd=150&Type=search", "url2": "http://seisyukai-kz.jp/" }, "geometry": { "type": "Point", "coordinates": [ 130.47709, 33.6047071 ] } },
{ "type": "Feature", "properties": { "内容": "デイサービススマイル【通所介護】福岡県糟屋郡粕屋町大隈1055番1", "url": "https://www.kaigokensaku.mhlw.go.jp/40/index.php?action_kouhyou_detail_004_kani=true&JigyosyoCd=4074400641-00&ServiceCd=150&Type=search", "url2": "http://www.smile-kaigo.com/" }, "geometry": { "type": "Point", "coordinates": [ 130.491869128954448, 33.626483816273542 ] } },
{ "type": "Feature", "properties": { "内容": "粕屋の杜　デイサービスセンター【通所介護】福岡県糟屋郡粕屋町大字仲原2906-1粕屋の杜", "url": "https://www.kaigokensaku.mhlw.go.jp/40/index.php?action_kouhyou_detail_004_kani=true&JigyosyoCd=4074400625-00&ServiceCd=150&Type=search", "url2": null }, "geometry": { "type": "Point", "coordinates": [ 130.453347399999984, 33.6139223 ] } },
{ "type": "Feature", "properties": { "内容": "デイサービスひまわり館【通所介護】福岡県遠賀郡芦屋町中ノ浜8－18", "url": "https://www.kaigokensaku.mhlw.go.jp/40/index.php?action_kouhyou_detail_004_kani=true&JigyosyoCd=4074900160-00&ServiceCd=150&Type=search", "url2": "hs-himawari.net/" }, "geometry": { "type": "Point", "coordinates": [ 130.666851100000031, 33.8941033 ] } },
{ "type": "Feature", "properties": { "内容": "特別養護老人ホームまつかぜ荘　デイサービスセンター【通所介護】福岡県遠賀郡芦屋町緑ヶ丘2-2", "url": "https://www.kaigokensaku.mhlw.go.jp/40/index.php?action_kouhyou_detail_004_kani=true&JigyosyoCd=4074900046-00&ServiceCd=150&Type=search", "url2": null }, "geometry": { "type": "Point", "coordinates": [ 130.667228900000026, 33.8868015 ] } },
{ "type": "Feature", "properties": { "内容": "デイサービスみらい【通所介護】福岡県遠賀郡芦屋町山鹿109番地２", "url": "https://www.kaigokensaku.mhlw.go.jp/40/index.php?action_kouhyou_detail_004_kani=true&JigyosyoCd=4074900319-00&ServiceCd=150&Type=search", "url2": null }, "geometry": { "type": "Point", "coordinates": [ 130.6679676, 33.898611 ] } },
{ "type": "Feature", "properties": { "内容": "デイサービス　この葉【通所介護】福岡県遠賀郡芦屋町大字山鹿87-11", "url": "https://www.kaigokensaku.mhlw.go.jp/40/index.php?action_kouhyou_detail_004_kani=true&JigyosyoCd=4074900376-00&ServiceCd=150&Type=search", "url2": null }, "geometry": { "type": "Point", "coordinates": [ 130.674064499999986, 33.8970325 ] } },
{ "type": "Feature", "properties": { "内容": "通所介護　花美・菜の花【通所介護】福岡県遠賀郡芦屋町大字山鹿３８０－２", "url": "https://www.kaigokensaku.mhlw.go.jp/40/index.php?action_kouhyou_detail_004_kani=true&JigyosyoCd=4074900186-00&ServiceCd=150&Type=search", "url2": "www.c-nanohana.com" }, "geometry": { "type": "Point", "coordinates": [ 130.671696409048991, 33.904370072769446 ] } },
{ "type": "Feature", "properties": { "内容": "おいでよあしや【通所介護】福岡県遠賀郡芦屋町山鹿1027-7", "url": "https://www.kaigokensaku.mhlw.go.jp/40/index.php?action_kouhyou_detail_004_kani=true&JigyosyoCd=4074900392-00&ServiceCd=150&Type=search", "url2": "https://www.instagram.com/oideyo_day/" }, "geometry": { "type": "Point", "coordinates": [ 130.6671303, 33.9084402 ] } },
{ "type": "Feature", "properties": { "内容": "デイサービス　月のうさぎ【通所介護】福岡県遠賀郡芦屋町幸町８－２４", "url": "https://www.kaigokensaku.mhlw.go.jp/40/index.php?action_kouhyou_detail_004_kani=true&JigyosyoCd=4075000549-00&ServiceCd=150&Type=search", "url2": "http：//care-usagi.com" }, "geometry": { "type": "Point", "coordinates": [ 130.659615699999989, 33.8946485 ] } },
{ "type": "Feature", "properties": { "内容": "デイサービス　こころの里【通所介護】福男県遠賀郡芦屋町山鹿１１番１号", "url": "https://www.kaigokensaku.mhlw.go.jp/40/index.php?action_kouhyou_detail_004_kani=true&JigyosyoCd=4074900384-00&ServiceCd=150&Type=search", "url2": null }, "geometry": { "type": "Point", "coordinates": [ 130.666428005384603, 33.898818993547408 ] } },
{ "type": "Feature", "properties": { "内容": "デイサービス赤とんぼ【通所介護】遠賀郡水巻町頃末南3丁目29-2", "url": "https://www.kaigokensaku.mhlw.go.jp/40/index.php?action_kouhyou_detail_004_kani=true&JigyosyoCd=4075000382-00&ServiceCd=150&Type=search", "url2": "https://www.fukushiseikyou.jp/" }, "geometry": { "type": "Point", "coordinates": [ 130.696817966409299, 33.849891374117966 ] } },
{ "type": "Feature", "properties": { "内容": "デイサービス　そてつの家【通所介護】猪熊八丁目１８番９号", "url": "https://www.kaigokensaku.mhlw.go.jp/40/index.php?action_kouhyou_detail_004_kani=true&JigyosyoCd=4075000721-00&ServiceCd=150&Type=search", "url2": "https://www.sotetu-h.com/" }, "geometry": { "type": "Point", "coordinates": [ 130.682875075532593, 33.882486981366924 ] } },
{ "type": "Feature", "properties": { "内容": "デイサービス　ここあの里【通所介護】福岡県遠賀郡水巻町伊左座5-2-9", "url": "https://www.kaigokensaku.mhlw.go.jp/40/index.php?action_kouhyou_detail_004_kani=true&JigyosyoCd=4075000754-00&ServiceCd=150&Type=search", "url2": "http://www.cocoa-kaigo.com" }, "geometry": { "type": "Point", "coordinates": [ 130.690740799999986, 33.8405795 ] } },
{ "type": "Feature", "properties": { "内容": "デイサービスにじいろ赤とんぼ【通所介護】遠賀郡水巻町頃末南1丁目12-5", "url": "https://www.kaigokensaku.mhlw.go.jp/40/index.php?action_kouhyou_detail_004_kani=true&JigyosyoCd=4075000770-00&ServiceCd=150&Type=search", "url2": "akatonbo@gol.com" }, "geometry": { "type": "Point", "coordinates": [ 130.69599070000001, 33.8542041 ] } },
{ "type": "Feature", "properties": { "内容": "わくわくデイサービスセンター【通所介護】遠賀郡水巻町猪熊1丁目6番40号", "url": "https://www.kaigokensaku.mhlw.go.jp/40/index.php?action_kouhyou_detail_004_kani=true&JigyosyoCd=4075000135-00&ServiceCd=150&Type=search", "url2": "mizumaki.or.jp" }, "geometry": { "type": "Point", "coordinates": [ 130.685421899999938, 33.869254 ] } },
{ "type": "Feature", "properties": { "内容": "デイサービスセンター　きらく【通所介護】福岡県遠賀郡水巻町猪熊6丁目1-13", "url": "https://www.kaigokensaku.mhlw.go.jp/40/index.php?action_kouhyou_detail_004_kani=true&JigyosyoCd=4075000663-00&ServiceCd=150&Type=search", "url2": null }, "geometry": { "type": "Point", "coordinates": [ 130.684052400000041, 33.8767614 ] } },
{ "type": "Feature", "properties": { "内容": "水卷松快園デイサービスセンターほほえみ【通所介護】福岡県遠賀郡水巻町吉田南二丁目９番１号", "url": "https://www.kaigokensaku.mhlw.go.jp/40/index.php?action_kouhyou_detail_004_kani=true&JigyosyoCd=4075000069-00&ServiceCd=150&Type=search", "url2": "http://www.shokaien.com" }, "geometry": { "type": "Point", "coordinates": [ 130.709909599999946, 33.8366196 ] } },
{ "type": "Feature", "properties": { "内容": "デイサービス暖家。水巻【通所介護】福岡県遠賀郡水巻町頃末北4-2-30", "url": "https://www.kaigokensaku.mhlw.go.jp/40/index.php?action_kouhyou_detail_004_kani=true&JigyosyoCd=4075000788-00&ServiceCd=150&Type=search", "url2": "https://fukushi-danke.com/" }, "geometry": { "type": "Point", "coordinates": [ 130.6969181, 33.858418200000031 ] } },
{ "type": "Feature", "properties": { "内容": "デイサービスセンターいいあす【通所介護】福岡県遠賀郡岡垣町公園通り1-13-2", "url": "https://www.kaigokensaku.mhlw.go.jp/40/index.php?action_kouhyou_detail_004_kani=true&JigyosyoCd=4075100992-00&ServiceCd=150&Type=search", "url2": "https://www.asunaro-okagaki.jp/iiasu/" }, "geometry": { "type": "Point", "coordinates": [ 130.608657537434425, 33.8487749 ] } },
{ "type": "Feature", "properties": { "内容": "デイサービスウェル岡垣【通所介護】福岡県遠賀郡岡垣町中央台6丁目10－9", "url": "https://www.kaigokensaku.mhlw.go.jp/40/index.php?action_kouhyou_detail_004_kani=true&JigyosyoCd=4075101164-00&ServiceCd=150&Type=search", "url2": "https://wellforest.co.jp/company/" }, "geometry": { "type": "Point", "coordinates": [ 130.617307399999987, 33.8478428 ] } },
{ "type": "Feature", "properties": { "内容": "サンライト海老津【通所介護】福岡県遠賀郡岡垣町大字海老津1100番地1", "url": "https://www.kaigokensaku.mhlw.go.jp/40/index.php?action_kouhyou_detail_004_kani=true&JigyosyoCd=4075101032-00&ServiceCd=150&Type=search", "url2": "https://light-sogo.com" }, "geometry": { "type": "Point", "coordinates": [ 130.614992226029045, 33.835914248283245 ] } },
{ "type": "Feature", "properties": { "内容": "リハデイ吉木【通所介護】遠賀郡岡垣町吉木東二丁目２３番１号", "url": "https://www.kaigokensaku.mhlw.go.jp/40/index.php?action_kouhyou_detail_004_kani=true&JigyosyoCd=4075100661-00&ServiceCd=150&Type=search", "url2": "http://www.re-live1105.com" }, "geometry": { "type": "Point", "coordinates": [ 130.605765499999961, 33.8593403 ] } },
{ "type": "Feature", "properties": { "内容": "デイサービスセンター　クレア【通所介護】福岡県遠賀郡岡垣町中央台３丁目２２番１号", "url": "https://www.kaigokensaku.mhlw.go.jp/40/index.php?action_kouhyou_detail_004_kani=true&JigyosyoCd=4075101065-00&ServiceCd=150&Type=search", "url2": null }, "geometry": { "type": "Point", "coordinates": [ 130.6222694, 33.8484367 ] } },
{ "type": "Feature", "properties": { "内容": "いこいの里　デイサービスセンター【通所介護】福岡県遠賀郡岡垣町大字高倉598-1", "url": "https://www.kaigokensaku.mhlw.go.jp/40/index.php?action_kouhyou_detail_004_kani=true&JigyosyoCd=4075100141-00&ServiceCd=150&Type=search", "url2": "http://nihonsyouisya.jp/" }, "geometry": { "type": "Point", "coordinates": [ 130.603863199999978, 33.8486193 ] } },
{ "type": "Feature", "properties": { "内容": "恵壽苑でいさーびす【通所介護】福岡県遠賀郡岡垣町大字手野1380番地2", "url": "https://www.kaigokensaku.mhlw.go.jp/40/index.php?action_kouhyou_detail_004_kani=true&JigyosyoCd=4075100232-00&ServiceCd=150&Type=search", "url2": null }, "geometry": { "type": "Point", "coordinates": [ 130.579070099999967, 33.8659919 ] } },
{ "type": "Feature", "properties": { "内容": "リハビリデイホワイト【通所介護】福岡県遠賀郡岡垣町海老津3-1-5シティフォレスト海老津103", "url": "https://www.kaigokensaku.mhlw.go.jp/40/index.php?action_kouhyou_detail_004_kani=true&JigyosyoCd=4075101115-00&ServiceCd=150&Type=search", "url2": "http://rihabiridei-white.my.canva.site/" }, "geometry": { "type": "Point", "coordinates": [ 130.6162187, 33.8380812 ] } },
{ "type": "Feature", "properties": { "内容": "自立支援型デイサービスこころ　1娯1笑【通所介護】福岡県遠賀郡岡垣町大字山田944番地", "url": "https://www.kaigokensaku.mhlw.go.jp/40/index.php?action_kouhyou_detail_004_kani=true&JigyosyoCd=4075100778-00&ServiceCd=150&Type=search", "url2": "http://fukushinin.co.jp" }, "geometry": { "type": "Point", "coordinates": [ 130.630646699999943, 33.8561853 ] } },
{ "type": "Feature", "properties": { "内容": "デイサービスセンター陽奏【通所介護】福岡県遠賀郡岡垣町東高倉二丁目21-2", "url": "https://www.kaigokensaku.mhlw.go.jp/40/index.php?action_kouhyou_detail_004_kani=true&JigyosyoCd=4075101172-00&ServiceCd=150&Type=search", "url2": null }, "geometry": { "type": "Point", "coordinates": [ 130.611644, 33.8441758 ] } },
{ "type": "Feature", "properties": { "内容": "松島医院　遊友館デイサービスセンター【通所介護】福岡県遠賀郡岡垣町大字高倉1935番１", "url": "https://www.kaigokensaku.mhlw.go.jp/40/index.php?action_kouhyou_detail_004_kani=true&JigyosyoCd=4075100810-00&ServiceCd=150&Type=search", "url2": null }, "geometry": { "type": "Point", "coordinates": [ 130.595510213861871, 33.841603238155514 ] } },
{ "type": "Feature", "properties": { "内容": "デイサービスわらいの里【通所介護】大字糠塚436-1住宅型有料老人ホームわらいの里", "url": "https://www.kaigokensaku.mhlw.go.jp/40/index.php?action_kouhyou_detail_004_kani=true&JigyosyoCd=4075100612-00&ServiceCd=150&Type=search", "url2": "http://www.warainosato.co.jp" }, "geometry": { "type": "Point", "coordinates": [ 141.482455699999946, 40.4945417 ] } },
{ "type": "Feature", "properties": { "内容": "リハビリ特化型デイ　ＳＭＩＬＥ　ＵＰ【通所介護】福岡県遠賀郡岡垣町野間2丁目15-18", "url": "https://www.kaigokensaku.mhlw.go.jp/40/index.php?action_kouhyou_detail_004_kani=true&JigyosyoCd=4075101107-00&ServiceCd=150&Type=search", "url2": null }, "geometry": { "type": "Point", "coordinates": [ 130.6136581, 33.8479277 ] } },
{ "type": "Feature", "properties": { "内容": "山田の小道【通所介護】福岡県遠賀郡岡垣町大字山田913番地2", "url": "https://www.kaigokensaku.mhlw.go.jp/40/index.php?action_kouhyou_detail_004_kani=true&JigyosyoCd=4075100711-00&ServiceCd=150&Type=search", "url2": "https://kidou-care.com/" }, "geometry": { "type": "Point", "coordinates": [ 130.632089413491798, 33.855246748697624 ] } },
{ "type": "Feature", "properties": { "内容": "りんどう【通所介護】福岡県遠賀郡岡垣町大字山田679番地", "url": "https://www.kaigokensaku.mhlw.go.jp/40/index.php?action_kouhyou_detail_004_kani=true&JigyosyoCd=4075101040-00&ServiceCd=150&Type=search", "url2": "https://kidou-care.com/" }, "geometry": { "type": "Point", "coordinates": [ 130.6308774, 33.8555506 ] } },
{ "type": "Feature", "properties": { "内容": "リハデイオレンジ【通所介護】遠賀郡遠賀町広渡1977－7", "url": "https://www.kaigokensaku.mhlw.go.jp/40/index.php?action_kouhyou_detail_004_kani=true&JigyosyoCd=4075200396-00&ServiceCd=150&Type=search", "url2": null }, "geometry": { "type": "Point", "coordinates": [ 130.674151100000017, 33.856586 ] } },
{ "type": "Feature", "properties": { "内容": "ソレイユ遠賀デイサービスセンター【通所介護】福岡県遠賀郡遠賀町大字鬼津６４０番地１", "url": "https://www.kaigokensaku.mhlw.go.jp/40/index.php?action_kouhyou_detail_004_kani=true&JigyosyoCd=4075200545-00&ServiceCd=150&Type=search", "url2": "http://soreiyugroup.or.jp" }, "geometry": { "type": "Point", "coordinates": [ 130.657588300000043, 33.8688151 ] } },
{ "type": "Feature", "properties": { "内容": "なごみデイサービス【通所介護】福岡県遠賀郡遠賀町大字別府3161番1号", "url": "https://www.kaigokensaku.mhlw.go.jp/40/index.php?action_kouhyou_detail_004_kani=true&JigyosyoCd=4075200529-00&ServiceCd=150&Type=search", "url2": "https://www.nozomi-sogopuran.com" }, "geometry": { "type": "Point", "coordinates": [ 130.6583862, 33.8459762 ] } },
{ "type": "Feature", "properties": { "内容": "デイサービスゆうわ　ひなた館【通所介護】福岡県遠賀郡遠賀町大字島津621-1デイサービスゆうわ　ひなた館", "url": "https://www.kaigokensaku.mhlw.go.jp/40/index.php?action_kouhyou_detail_004_kani=true&JigyosyoCd=4075200578-00&ServiceCd=150&Type=search", "url2": "https://yuuwa-day.theblog.me" }, "geometry": { "type": "Point", "coordinates": [ 130.673247938761961, 33.874066988794709 ] } },
{ "type": "Feature", "properties": { "内容": "デイサービス　オアシス【通所介護】福岡県遠賀郡遠賀町大字今古賀６３９－１", "url": "https://www.kaigokensaku.mhlw.go.jp/40/index.php?action_kouhyou_detail_004_kani=true&JigyosyoCd=4075000440-00&ServiceCd=150&Type=search", "url2": null }, "geometry": { "type": "Point", "coordinates": [ 130.669560710575865, 33.850509054692914 ] } },
{ "type": "Feature", "properties": { "内容": "デイサービスこころ　１０人１０色【通所介護】福岡県遠賀郡遠賀町別府３６５６ー６", "url": "https://www.kaigokensaku.mhlw.go.jp/40/index.php?action_kouhyou_detail_004_kani=true&JigyosyoCd=4075200487-00&ServiceCd=150&Type=search", "url2": "http://fukushinin.co.jp/wp/day_10nin/" }, "geometry": { "type": "Point", "coordinates": [ 130.660577126983668, 33.847737023702194 ] } },
{ "type": "Feature", "properties": { "内容": "デイサービスこころ　む笑づ【通所介護】福岡県遠賀郡遠賀町虫生津692-6", "url": "https://www.kaigokensaku.mhlw.go.jp/40/index.php?action_kouhyou_detail_004_kani=true&JigyosyoCd=4075200503-00&ServiceCd=150&Type=search", "url2": null }, "geometry": { "type": "Point", "coordinates": [ 130.661997299999939, 33.8253395 ] } },
{ "type": "Feature", "properties": { "内容": "リハビリデイサービス　いきいき遠賀【通所介護】福岡県遠賀郡遠賀町別府4105", "url": "https://www.kaigokensaku.mhlw.go.jp/40/index.php?action_kouhyou_detail_004_kani=true&JigyosyoCd=4075200495-00&ServiceCd=150&Type=search", "url2": "grin-onga.com" }, "geometry": { "type": "Point", "coordinates": [ 130.656005482581378, 33.850594637003944 ] } },
{ "type": "Feature", "properties": { "内容": "デイサービス森の風　遠賀【通所介護】福岡県遠賀郡遠賀町４６６－２－３", "url": "https://www.kaigokensaku.mhlw.go.jp/40/index.php?action_kouhyou_detail_004_kani=true&JigyosyoCd=4075200412-00&ServiceCd=150&Type=search", "url2": "morinokaze.onga@voice.ocn.ne.jp" }, "geometry": { "type": "Point", "coordinates": [ 130.665955755233767, 33.847686226955517 ] } },
{ "type": "Feature", "properties": { "内容": "遠賀園指定通所介護事業所　ふれあい【通所介護】福岡県遠賀郡遠賀町浅木3丁目18-1", "url": "https://www.kaigokensaku.mhlw.go.jp/40/index.php?action_kouhyou_detail_004_kani=true&JigyosyoCd=4075200081-00&ServiceCd=150&Type=search", "url2": "http://ongaen.net/" }, "geometry": { "type": "Point", "coordinates": [ 130.667205200000012, 33.8256312 ] } },
{ "type": "Feature", "properties": { "内容": "デイサービス　きもり【通所介護】福岡県遠賀郡遠賀町大字浅木５７６番地シルバーケア　きもり", "url": "https://www.kaigokensaku.mhlw.go.jp/40/index.php?action_kouhyou_detail_004_kani=true&JigyosyoCd=4075200453-00&ServiceCd=150&Type=search", "url2": "kenai@kenai.or.jp" }, "geometry": { "type": "Point", "coordinates": [ 130.668676586369315, 33.83548127136671 ] } },
{ "type": "Feature", "properties": { "内容": "デイサービスこころ　う楽か【通所介護】福岡県遠賀郡遠賀町木守1546-1", "url": "https://www.kaigokensaku.mhlw.go.jp/40/index.php?action_kouhyou_detail_004_kani=true&JigyosyoCd=4075200677-00&ServiceCd=150&Type=search", "url2": null }, "geometry": { "type": "Point", "coordinates": [ 130.663331699999986, 33.8387236 ] } },
{ "type": "Feature", "properties": { "内容": "デイサービス　かりん【通所介護】福岡県鞍手郡小竹町大字御徳１１８－１", "url": "https://www.kaigokensaku.mhlw.go.jp/40/index.php?action_kouhyou_detail_004_kani=true&JigyosyoCd=4075300378-00&ServiceCd=150&Type=search", "url2": "http://care-tanpopo.jp/" }, "geometry": { "type": "Point", "coordinates": [ 130.721459699999969, 33.7033905 ] } },
{ "type": "Feature", "properties": { "内容": "デイサービスみずき【通所介護】福岡県鞍手郡小竹町勝野3964-35", "url": "https://www.kaigokensaku.mhlw.go.jp/40/index.php?action_kouhyou_detail_004_kani=true&JigyosyoCd=4075300444-00&ServiceCd=150&Type=search", "url2": null }, "geometry": { "type": "Point", "coordinates": [ 130.7036305, 33.6870239 ] } },
{ "type": "Feature", "properties": { "内容": "ふれあいYOUYOU館【通所介護】鞍手郡鞍手町大字新延２８９－１", "url": "https://www.kaigokensaku.mhlw.go.jp/40/index.php?action_kouhyou_detail_004_kani=true&JigyosyoCd=4075400152-00&ServiceCd=150&Type=search", "url2": "http://kurate-yutaka-fukushikai.com" }, "geometry": { "type": "Point", "coordinates": [ 130.6704138, 33.7888242 ] } },
{ "type": "Feature", "properties": { "内容": "やすらぎ園デイサービスセンター【通所介護】福岡県鞍手郡鞍手町大字木月1826番地1", "url": "https://www.kaigokensaku.mhlw.go.jp/40/index.php?action_kouhyou_detail_004_kani=true&JigyosyoCd=4075400046-00&ServiceCd=150&Type=search", "url2": "http://www.yasuragi-en.or.jp" }, "geometry": { "type": "Point", "coordinates": [ 130.677303182308947, 33.798937531028209 ] } },
{ "type": "Feature", "properties": { "内容": "デイサービスワンハンドレット【通所介護】大字中山2402-6", "url": "https://www.kaigokensaku.mhlw.go.jp/40/index.php?action_kouhyou_detail_004_kani=true&JigyosyoCd=4075400558-00&ServiceCd=150&Type=search", "url2": null }, "geometry": { "type": "Point", "coordinates": [ 130.689915700000029, 33.7856804 ] } },
{ "type": "Feature", "properties": { "内容": "リハビリデイサービスアドバンス【通所介護】福岡県鞍手郡鞍手町大字中山2377-1サンシャトービル101", "url": "https://www.kaigokensaku.mhlw.go.jp/40/index.php?action_kouhyou_detail_004_kani=true&JigyosyoCd=4075400608-00&ServiceCd=150&Type=search", "url2": "https://www.advance-ds.jp/" }, "geometry": { "type": "Point", "coordinates": [ 130.6877689, 33.7883938 ] } },
{ "type": "Feature", "properties": { "内容": "デイサービスくらて【通所介護】鞍手郡鞍手町大字中山2446-32", "url": "https://www.kaigokensaku.mhlw.go.jp/40/index.php?action_kouhyou_detail_004_kani=true&JigyosyoCd=4075400442-00&ServiceCd=150&Type=search", "url2": "http://fukushi-kurate.main.jp/index.html" }, "geometry": { "type": "Point", "coordinates": [ 130.687169176354558, 33.784140125372858 ] } },
{ "type": "Feature", "properties": { "内容": "デイサービス　シャフト【通所介護】福岡県鞍手郡鞍手町大字猪倉360番地1", "url": "https://www.kaigokensaku.mhlw.go.jp/40/index.php?action_kouhyou_detail_004_kani=true&JigyosyoCd=4075400582-00&ServiceCd=150&Type=search", "url2": null }, "geometry": { "type": "Point", "coordinates": [ 130.6827868, 33.8004515 ] } },
{ "type": "Feature", "properties": { "内容": "恵みの里　デイサービスセンター【通所介護】福岡県鞍手郡鞍手町大字新北1678番地", "url": "https://www.kaigokensaku.mhlw.go.jp/40/index.php?action_kouhyou_detail_004_kani=true&JigyosyoCd=4075400491-00&ServiceCd=150&Type=search", "url2": "http://meguminosato.net/" }, "geometry": { "type": "Point", "coordinates": [ 130.675738599999931, 33.7762147 ] } },
{ "type": "Feature", "properties": { "内容": "社会福祉法人グリーンコープやすらぎの家鞍手デイサービスセンター【通所介護】福岡県鞍手郡鞍手町大字中山2451グリーンコープ鞍手店2Ｆ", "url": "https://www.kaigokensaku.mhlw.go.jp/40/index.php?action_kouhyou_detail_004_kani=true&JigyosyoCd=4075400434-00&ServiceCd=150&Type=search", "url2": "http://www.fukushai-greencoop.or.jp" }, "geometry": { "type": "Point", "coordinates": [ 130.68481, 33.7892023 ] } },
{ "type": "Feature", "properties": { "内容": "リハビリデイサービス　スイッチ【通所介護】福岡県嘉穂郡桂川町土居1073番地2", "url": "https://www.kaigokensaku.mhlw.go.jp/40/index.php?action_kouhyou_detail_004_kani=true&JigyosyoCd=4075700452-00&ServiceCd=150&Type=search", "url2": null }, "geometry": { "type": "Point", "coordinates": [ 130.671143300000011, 33.581581 ] } },
{ "type": "Feature", "properties": { "内容": "デイサービスセンター明日香園【通所介護】福岡県嘉穂郡桂川町大字土師4502-1", "url": "https://www.kaigokensaku.mhlw.go.jp/40/index.php?action_kouhyou_detail_004_kani=true&JigyosyoCd=4075700049-00&ServiceCd=150&Type=search", "url2": "www.asukaen.or.jp" }, "geometry": { "type": "Point", "coordinates": [ 130.674799, 33.564093 ] } },
{ "type": "Feature", "properties": { "内容": "ひかりデイサービス【通所介護】福岡県嘉穂郡桂川町吉隈１１９９", "url": "https://www.kaigokensaku.mhlw.go.jp/40/index.php?action_kouhyou_detail_004_kani=true&JigyosyoCd=4075700270-00&ServiceCd=150&Type=search", "url2": null }, "geometry": { "type": "Point", "coordinates": [ 130.6833312, 33.5857326 ] } },
{ "type": "Feature", "properties": { "内容": "あかりデイサービス【通所介護】土師平塚1243番地3", "url": "https://www.kaigokensaku.mhlw.go.jp/40/index.php?action_kouhyou_detail_004_kani=true&JigyosyoCd=4075700338-00&ServiceCd=150&Type=search", "url2": null }, "geometry": { "type": "Point", "coordinates": [ 130.685395400000061, 33.5702507 ] } },
{ "type": "Feature", "properties": { "内容": "ほたるデイサービス【通所介護】吉隈1200", "url": "https://www.kaigokensaku.mhlw.go.jp/40/index.php?action_kouhyou_detail_004_kani=true&JigyosyoCd=4075700411-00&ServiceCd=150&Type=search", "url2": null }, "geometry": { "type": "Point", "coordinates": [ 130.696213299999954, 33.5871854 ] } },
{ "type": "Feature", "properties": { "内容": "いろりデイサービス【通所介護】九郎丸531-1", "url": "https://www.kaigokensaku.mhlw.go.jp/40/index.php?action_kouhyou_detail_004_kani=true&JigyosyoCd=4075700429-00&ServiceCd=150&Type=search", "url2": null }, "geometry": { "type": "Point", "coordinates": [ 130.6663528, 33.5786834 ] } },
{ "type": "Feature", "properties": { "内容": "Take・Takeヒルズ【通所介護】福岡県朝倉郡筑前町弥永字梨木城１７０９－１", "url": "https://www.kaigokensaku.mhlw.go.jp/40/index.php?action_kouhyou_detail_004_kani=true&JigyosyoCd=4076700352-00&ServiceCd=150&Type=search", "url2": "http://nashinoki@jusenkai.main.jp" }, "geometry": { "type": "Point", "coordinates": [ 130.644534609247984, 33.441882305066073 ] } },
{ "type": "Feature", "properties": { "内容": "デイサービスセンター　美和の里【通所介護】福岡県朝倉郡筑前町原地蔵２２２６－３", "url": "https://www.kaigokensaku.mhlw.go.jp/40/index.php?action_kouhyou_detail_004_kani=true&JigyosyoCd=4076700063-00&ServiceCd=150&Type=search", "url2": "http://www.asakuraen.or.jp/" }, "geometry": { "type": "Point", "coordinates": [ 130.616127, 33.4110905 ] } },
{ "type": "Feature", "properties": { "内容": "デイサービスうるおいの杜【通所介護】福岡県朝倉郡筑前町朝園1937番地", "url": "https://www.kaigokensaku.mhlw.go.jp/40/index.php?action_kouhyou_detail_004_kani=true&JigyosyoCd=4076700303-00&ServiceCd=150&Type=search", "url2": "https://www.uruoi-group.com" }, "geometry": { "type": "Point", "coordinates": [ 130.636038376126862, 33.424667399177309 ] } },
{ "type": "Feature", "properties": { "内容": "デイサービスうるおいの丘【通所介護】福岡県朝倉郡筑前町朝園1937番地", "url": "https://www.kaigokensaku.mhlw.go.jp/40/index.php?action_kouhyou_detail_004_kani=true&JigyosyoCd=4076700329-00&ServiceCd=150&Type=search", "url2": "https://www.uruoi-group.com" }, "geometry": { "type": "Point", "coordinates": [ 130.636388398950231, 33.424724407885257 ] } },
{ "type": "Feature", "properties": { "内容": "ウェルファ筑前【通所介護】福岡県朝倉郡筑前町高田2315-3シルバーハウジング胡蝶閣１F", "url": "https://www.kaigokensaku.mhlw.go.jp/40/index.php?action_kouhyou_detail_004_kani=true&JigyosyoCd=4076700238-00&ServiceCd=150&Type=search", "url2": "www.bonwellfair.com/chikuzen" }, "geometry": { "type": "Point", "coordinates": [ 130.620146100000056, 33.4152597 ] } },
{ "type": "Feature", "properties": { "内容": "デイサービス山隈【通所介護】山隈1608番地11", "url": "https://www.kaigokensaku.mhlw.go.jp/40/index.php?action_kouhyou_detail_004_kani=true&JigyosyoCd=4076700311-00&ServiceCd=150&Type=search", "url2": "http://www.kosai-g.com/" }, "geometry": { "type": "Point", "coordinates": [ 130.611213382365236, 33.411776824351591 ] } },
{ "type": "Feature", "properties": { "内容": "朝老園デイサービスセンター【通所介護】福岡県朝倉郡筑前町朝日５８６番地", "url": "https://www.kaigokensaku.mhlw.go.jp/40/index.php?action_kouhyou_detail_004_kani=true&JigyosyoCd=4076800046-00&ServiceCd=150&Type=search", "url2": "http://www.chououen.or.jp" }, "geometry": { "type": "Point", "coordinates": [ 130.569346099999962, 33.4746528 ] } },
{ "type": "Feature", "properties": { "内容": "デイサービス宝珠の郷【通所介護】福岡県朝倉郡東峰村大字福井９４２－１", "url": "https://www.kaigokensaku.mhlw.go.jp/40/index.php?action_kouhyou_detail_004_kani=true&JigyosyoCd=4077000042-00&ServiceCd=150&Type=search", "url2": "https://www.e-housyu.jp/" }, "geometry": { "type": "Point", "coordinates": [ 130.878739900000028, 33.3803188 ] } },
{ "type": "Feature", "properties": { "内容": "デイサービスセンター大刀洗昌普久苑【通所介護】福岡県三井郡大刀洗町大字本郷3279大刀洗昌普久苑", "url": "https://www.kaigokensaku.mhlw.go.jp/40/index.php?action_kouhyou_detail_004_kani=true&JigyosyoCd=4077700336-00&ServiceCd=150&Type=search", "url2": "http://shofukuen.com/" }, "geometry": { "type": "Point", "coordinates": [ 130.6254629, 33.3846268 ] } },
{ "type": "Feature", "properties": { "内容": "デイサービス健康倶楽部きくち【通所介護】福岡県三井郡大刀洗町山隈23番地", "url": "https://www.kaigokensaku.mhlw.go.jp/40/index.php?action_kouhyou_detail_004_kani=true&JigyosyoCd=4077700351-00&ServiceCd=150&Type=search", "url2": null }, "geometry": { "type": "Point", "coordinates": [ 130.6102942, 33.4064046 ] } },
{ "type": "Feature", "properties": { "内容": "デイサービスセンター　旅路の荘【通所介護】福岡県三井郡大刀洗町大字今４９１番地", "url": "https://www.kaigokensaku.mhlw.go.jp/40/index.php?action_kouhyou_detail_004_kani=true&JigyosyoCd=4077700054-00&ServiceCd=150&Type=search", "url2": "http://www2s.biglobe.ne.jp/~seiboen" }, "geometry": { "type": "Point", "coordinates": [ 130.597615099999985, 33.3703134 ] } },
{ "type": "Feature", "properties": { "内容": "デイサービス　フレグランス【通所介護】福岡県三井郡大刀洗町大字本郷字上町４６１１－１", "url": "https://www.kaigokensaku.mhlw.go.jp/40/index.php?action_kouhyou_detail_004_kani=true&JigyosyoCd=4077700310-00&ServiceCd=150&Type=search", "url2": "www.katsuki-kai.com/" }, "geometry": { "type": "Point", "coordinates": [ 130.622480200000041, 33.3723723 ] } },
{ "type": "Feature", "properties": { "内容": "デイサービスセンター千歳の里【通所介護】福岡県三井郡大刀洗町甲条1521-3住宅型有料老人ホーム千歳の里（併設）", "url": "https://www.kaigokensaku.mhlw.go.jp/40/index.php?action_kouhyou_detail_004_kani=true&JigyosyoCd=4077700260-00&ServiceCd=150&Type=search", "url2": "chitose-no-sato.com" }, "geometry": { "type": "Point", "coordinates": [ 130.6132718, 33.3979001 ] } },
{ "type": "Feature", "properties": { "内容": "デイサービスセンター　いちご【通所介護】福岡県三潴郡大木町大字大角１１３３－１", "url": "https://www.kaigokensaku.mhlw.go.jp/40/index.php?action_kouhyou_detail_004_kani=true&JigyosyoCd=4077900134-00&ServiceCd=150&Type=search", "url2": "https://ichigo.or.jp" }, "geometry": { "type": "Point", "coordinates": [ 130.4456434, 33.2241532 ] } },
{ "type": "Feature", "properties": { "内容": "デイサービス椿【通所介護】福岡県三潴郡大木町上白垣622-2", "url": "https://www.kaigokensaku.mhlw.go.jp/40/index.php?action_kouhyou_detail_004_kani=true&JigyosyoCd=4077900183-00&ServiceCd=150&Type=search", "url2": null }, "geometry": { "type": "Point", "coordinates": [ 130.426158699999974, 33.2178311 ] } },
{ "type": "Feature", "properties": { "内容": "デイサービスセンターふれあいの里【通所介護】福岡県三潴郡大木町大字笹渕３９番地の１", "url": "https://www.kaigokensaku.mhlw.go.jp/40/index.php?action_kouhyou_detail_004_kani=true&JigyosyoCd=4077900043-00&ServiceCd=150&Type=search", "url2": "https://care-net.biz/40/yamanoikai/" }, "geometry": { "type": "Point", "coordinates": [ 130.4517845, 33.23933210000002 ] } },
{ "type": "Feature", "properties": { "内容": "筑後カレッジ【通所介護】福岡県三潴郡大木町大字大角1797番地１", "url": "https://www.kaigokensaku.mhlw.go.jp/40/index.php?action_kouhyou_detail_004_kani=true&JigyosyoCd=4077900258-00&ServiceCd=150&Type=search", "url2": "http://r.goope.jp/chikugocollege" }, "geometry": { "type": "Point", "coordinates": [ 130.447700926983629, 33.230704794888631 ] } },
{ "type": "Feature", "properties": { "内容": "デイサービスえる暮らす【通所介護】福岡県八女郡広川町新代字湯納楚1364番120", "url": "https://www.kaigokensaku.mhlw.go.jp/40/index.php?action_kouhyou_detail_004_kani=true&JigyosyoCd=4078400472-00&ServiceCd=150&Type=search", "url2": "https://www.hidakaseikei.or.jp/dayservice.php" }, "geometry": { "type": "Point", "coordinates": [ 130.540971185789772, 33.261246063904345 ] } },
{ "type": "Feature", "properties": { "内容": "彌栄苑　デイサービスセンター【通所介護】福岡県八女郡広川町大字新代1432-1", "url": "https://www.kaigokensaku.mhlw.go.jp/40/index.php?action_kouhyou_detail_004_kani=true&JigyosyoCd=4078400084-00&ServiceCd=150&Type=search", "url2": "http://www.iyasakaen.com/" }, "geometry": { "type": "Point", "coordinates": [ 130.544044, 33.252763 ] } },
{ "type": "Feature", "properties": { "内容": "デイサービスつどいの場【通所介護】福岡県八女郡広川町大字新代1811番地2", "url": "https://www.kaigokensaku.mhlw.go.jp/40/index.php?action_kouhyou_detail_004_kani=true&JigyosyoCd=4072301379-00&ServiceCd=150&Type=search", "url2": null }, "geometry": { "type": "Point", "coordinates": [ 130.573986800000057, 33.23089070000001 ] } },
{ "type": "Feature", "properties": { "内容": "若久デイサービスセンター【通所介護】福岡県八女郡広川町新代1389-128", "url": "https://www.kaigokensaku.mhlw.go.jp/40/index.php?action_kouhyou_detail_004_kani=true&JigyosyoCd=4078400076-00&ServiceCd=150&Type=search", "url2": "https://www.kyueikai.jp/group/kyueikai-sv/" }, "geometry": { "type": "Point", "coordinates": [ 130.5402700428223, 33.25940919120265 ] } },
{ "type": "Feature", "properties": { "内容": "デイサービス　こもれびの家【通所介護】福岡県八女郡広川町大字一條1065番地7", "url": "https://www.kaigokensaku.mhlw.go.jp/40/index.php?action_kouhyou_detail_004_kani=true&JigyosyoCd=4078400217-00&ServiceCd=150&Type=search", "url2": "http://www.komorebinoie.jp" }, "geometry": { "type": "Point", "coordinates": [ 130.515096299999982, 33.242752199999977 ] } },
{ "type": "Feature", "properties": { "内容": "デイサービス舞風台【通所介護】福岡県八女郡広川町大字水原1498-11番地サービス付き高齢者向け住宅舞風台", "url": "https://www.kaigokensaku.mhlw.go.jp/40/index.php?action_kouhyou_detail_004_kani=true&JigyosyoCd=4078400332-00&ServiceCd=150&Type=search", "url2": null }, "geometry": { "type": "Point", "coordinates": [ 130.590702886646994, 33.2423750743448 ] } },
{ "type": "Feature", "properties": { "内容": "社会福祉法人広川町社会福祉協議会【通所介護】福岡県八女郡広川町大字新代2165番地1", "url": "https://www.kaigokensaku.mhlw.go.jp/40/index.php?action_kouhyou_detail_004_kani=true&JigyosyoCd=4078400035-00&ServiceCd=150&Type=search", "url2": "hirokawashakyou.jp" }, "geometry": { "type": "Point", "coordinates": [ 130.552324399999947, 33.2404673 ] } },
{ "type": "Feature", "properties": { "内容": "デイサービスセンター　長峰の丘【通所介護】福岡県八女郡広川町六田351番地の8", "url": "https://www.kaigokensaku.mhlw.go.jp/40/index.php?action_kouhyou_detail_004_kani=true&JigyosyoCd=4078400134-00&ServiceCd=150&Type=search", "url2": "http://www.ryuuikukai.com/nagamine/index.html" }, "geometry": { "type": "Point", "coordinates": [ 130.565918, 33.2337154 ] } },
{ "type": "Feature", "properties": { "内容": "広川デイサービスほっと【通所介護】福岡県八女郡広川町大字日吉1250番地1", "url": "https://www.kaigokensaku.mhlw.go.jp/40/index.php?action_kouhyou_detail_004_kani=true&JigyosyoCd=4078400399-00&ServiceCd=150&Type=search", "url2": "www.casework-nakagawa.com/" }, "geometry": { "type": "Point", "coordinates": [ 130.552879399999938, 33.2591124 ] } },
{ "type": "Feature", "properties": { "内容": "デイサービスステーション　ぶどうの木【通所介護】福岡県八女郡広川町大字吉常723-4", "url": "https://www.kaigokensaku.mhlw.go.jp/40/index.php?action_kouhyou_detail_004_kani=true&JigyosyoCd=4078400456-00&ServiceCd=150&Type=search", "url2": "budounoki.online" }, "geometry": { "type": "Point", "coordinates": [ 130.574951199999987, 33.244255700000011 ] } },
{ "type": "Feature", "properties": { "内容": "デイサービスコスモピア公和苑【通所介護】福岡県田川郡香春町大字中津原字百畝１１１３番１", "url": "https://www.kaigokensaku.mhlw.go.jp/40/index.php?action_kouhyou_detail_004_kani=true&JigyosyoCd=4079200467-00&ServiceCd=150&Type=search", "url2": "http://www.kouwaen.com" }, "geometry": { "type": "Point", "coordinates": [ 130.838306984455812, 33.657985163040543 ] } },
{ "type": "Feature", "properties": { "内容": "香泉荘通所介護事業所【通所介護】福岡県田川郡香春町大字高野７２７番地香春町地域福祉センター「香泉荘」", "url": "https://www.kaigokensaku.mhlw.go.jp/40/index.php?action_kouhyou_detail_004_kani=true&JigyosyoCd=4079200079-00&ServiceCd=150&Type=search", "url2": "https://www.kawara-syakyo.com/" }, "geometry": { "type": "Point", "coordinates": [ 130.853726700000038, 33.6663136 ] } },
{ "type": "Feature", "properties": { "内容": "デイサービスセンターかわら【通所介護】福岡県田川郡香春町大字柿下１３０２－１", "url": "https://www.kaigokensaku.mhlw.go.jp/40/index.php?action_kouhyou_detail_004_kani=true&JigyosyoCd=4079200368-00&ServiceCd=150&Type=search", "url2": "https://www.careportkawara.com/" }, "geometry": { "type": "Point", "coordinates": [ 130.860943300000031, 33.6540014 ] } },
{ "type": "Feature", "properties": { "内容": "株式会社夜明　デイサービスセンターらくらく【通所介護】福岡県田川郡添田町大字添田2178-8", "url": "https://www.kaigokensaku.mhlw.go.jp/40/index.php?action_kouhyou_detail_004_kani=true&JigyosyoCd=4079300382-00&ServiceCd=150&Type=search", "url2": null }, "geometry": { "type": "Point", "coordinates": [ 130.858429200000046, 33.5705353 ] } },
{ "type": "Feature", "properties": { "内容": "豊寿園デイサービスセンター【通所介護】福岡県田川郡糸田町糸田1704番地", "url": "https://www.kaigokensaku.mhlw.go.jp/40/index.php?action_kouhyou_detail_004_kani=true&JigyosyoCd=4079500056-00&ServiceCd=150&Type=search", "url2": "http://www3.ocn.ne.ip/~houjuen" }, "geometry": { "type": "Point", "coordinates": [ 130.775380465051285, 33.655184032858394 ] } },
{ "type": "Feature", "properties": { "内容": "セブンハートデイサービスセンター【通所介護】福岡県田川郡糸田町1815-1", "url": "https://www.kaigokensaku.mhlw.go.jp/40/index.php?action_kouhyou_detail_004_kani=true&JigyosyoCd=4079500346-00&ServiceCd=150&Type=search", "url2": null }, "geometry": { "type": "Point", "coordinates": [ 130.780665099999965, 33.6708765 ] } },
{ "type": "Feature", "properties": { "内容": "こばとデイサービスセンター【通所介護】福岡県田川郡川崎町大字田原91-9", "url": "https://www.kaigokensaku.mhlw.go.jp/40/index.php?action_kouhyou_detail_004_kani=true&JigyosyoCd=4079600146-00&ServiceCd=150&Type=search", "url2": "http://www.yakokai.com" }, "geometry": { "type": "Point", "coordinates": [ 130.822930499999984, 33.6008149 ] } },
{ "type": "Feature", "properties": { "内容": "デイサービス　プライムリハビリセンター【通所介護】福岡県田川郡川崎町池尻882-1", "url": "https://www.kaigokensaku.mhlw.go.jp/40/index.php?action_kouhyou_detail_004_kani=true&JigyosyoCd=4079200491-00&ServiceCd=150&Type=search", "url2": null }, "geometry": { "type": "Point", "coordinates": [ 130.803836801074823, 33.615821642665686 ] } },
{ "type": "Feature", "properties": { "内容": "デイサービスセンターシリウス【通所介護】福岡県田川郡川崎町川崎865-1", "url": "https://www.kaigokensaku.mhlw.go.jp/40/index.php?action_kouhyou_detail_004_kani=true&JigyosyoCd=4079600872-00&ServiceCd=150&Type=search", "url2": "https://gingainc.com/" }, "geometry": { "type": "Point", "coordinates": [ 130.820550027941863, 33.597037440427826 ] } },
{ "type": "Feature", "properties": { "内容": "ほほえみデイサービス【通所介護】福岡県田川郡川崎町大字川崎４６８番地の３", "url": "https://www.kaigokensaku.mhlw.go.jp/40/index.php?action_kouhyou_detail_004_kani=true&JigyosyoCd=4079600609-00&ServiceCd=150&Type=search", "url2": null }, "geometry": { "type": "Point", "coordinates": [ 130.827489505557253, 33.592991385019801 ] } },
{ "type": "Feature", "properties": { "内容": "デイサービスきぼう【通所介護】福岡県田川郡川崎町池尻329-1", "url": "https://www.kaigokensaku.mhlw.go.jp/40/index.php?action_kouhyou_detail_004_kani=true&JigyosyoCd=4079600799-00&ServiceCd=150&Type=search", "url2": "http://powerfitness.web.fc2.com/" }, "geometry": { "type": "Point", "coordinates": [ 130.804382406745873, 33.612540894735005 ] } },
{ "type": "Feature", "properties": { "内容": "アイリスデイサービスセンター【通所介護】福岡県田川郡川崎町大字池尻457-1", "url": "https://www.kaigokensaku.mhlw.go.jp/40/index.php?action_kouhyou_detail_004_kani=true&JigyosyoCd=4079601136-00&ServiceCd=150&Type=search", "url2": "https://airisucarestation.com/" }, "geometry": { "type": "Point", "coordinates": [ 130.7975084, 33.6192322 ] } },
{ "type": "Feature", "properties": { "内容": "デイサービスセンターハグハグ【通所介護】福岡県田川郡川崎町大字田原725番地の32", "url": "https://www.kaigokensaku.mhlw.go.jp/40/index.php?action_kouhyou_detail_004_kani=true&JigyosyoCd=4079600674-00&ServiceCd=150&Type=search", "url2": null }, "geometry": { "type": "Point", "coordinates": [ 130.815291996295173, 33.602647200058392 ] } },
{ "type": "Feature", "properties": { "内容": "デイサービスセンターみもざ【通所介護】福岡県田川郡大任町今任原3500-8", "url": "https://www.kaigokensaku.mhlw.go.jp/40/index.php?action_kouhyou_detail_004_kani=true&JigyosyoCd=4079900405-00&ServiceCd=150&Type=search", "url2": "http://www.ds-mimosa.com/" }, "geometry": { "type": "Point", "coordinates": [ 130.8451273, 33.6445212 ] } },
{ "type": "Feature", "properties": { "内容": "ﾃﾞｲｻｰﾋﾞｽ優笑【通所介護】今任原2397番の1", "url": "https://www.kaigokensaku.mhlw.go.jp/40/index.php?action_kouhyou_detail_004_kani=true&JigyosyoCd=4079900439-00&ServiceCd=150&Type=search", "url2": null }, "geometry": { "type": "Point", "coordinates": [ 130.838084, 33.6361542 ] } },
{ "type": "Feature", "properties": { "内容": "デイサービス　サミック【通所介護】福岡県田川郡赤村大字赤4540番地5", "url": "https://www.kaigokensaku.mhlw.go.jp/40/index.php?action_kouhyou_detail_004_kani=true&JigyosyoCd=4077800292-00&ServiceCd=150&Type=search", "url2": "summick.or.jp/day/" }, "geometry": { "type": "Point", "coordinates": [ 130.86865008355332, 33.609431145952179 ] } },
{ "type": "Feature", "properties": { "内容": "デイサービスセンターいたわり【通所介護】福岡県田川郡福智町神崎1184番地2", "url": "https://www.kaigokensaku.mhlw.go.jp/40/index.php?action_kouhyou_detail_004_kani=true&JigyosyoCd=4079400299-00&ServiceCd=150&Type=search", "url2": "itawari@mb.fcom.ne.jp" }, "geometry": { "type": "Point", "coordinates": [ 130.767572400000063, 33.6785333 ] } },
{ "type": "Feature", "properties": { "内容": "デイサービスとんとん【通所介護】福岡県田川郡福智町金田427-10", "url": "https://www.kaigokensaku.mhlw.go.jp/40/index.php?action_kouhyou_detail_004_kani=true&JigyosyoCd=4079400935-00&ServiceCd=150&Type=search", "url2": "https://tonton1445.my.canva.site/" }, "geometry": { "type": "Point", "coordinates": [ 130.784768500000013, 33.6730818 ] } },
{ "type": "Feature", "properties": { "内容": "プライムトレーニングセンター【通所介護】福岡県田川郡福智町赤池３１０番地１プライムトレーニングセンター", "url": "https://www.kaigokensaku.mhlw.go.jp/40/index.php?action_kouhyou_detail_004_kani=true&JigyosyoCd=4079400836-00&ServiceCd=150&Type=search", "url2": null }, "geometry": { "type": "Point", "coordinates": [ 130.766697300000033, 33.6916153 ] } },
{ "type": "Feature", "properties": { "内容": "田んぼ園デイサービスセンター【通所介護】福岡県田川郡福智町伊方4227－2", "url": "https://www.kaigokensaku.mhlw.go.jp/40/index.php?action_kouhyou_detail_004_kani=true&JigyosyoCd=4079800084-00&ServiceCd=150&Type=search", "url2": "http://tanboen.or.jp/" }, "geometry": { "type": "Point", "coordinates": [ 130.800218699999959, 33.6887804 ] } },
{ "type": "Feature", "properties": { "内容": "デイサービス　さくらんぼ【通所介護】福岡県田川郡福智町金田1623番地1", "url": "https://www.kaigokensaku.mhlw.go.jp/40/index.php?action_kouhyou_detail_004_kani=true&JigyosyoCd=4079400844-00&ServiceCd=150&Type=search", "url2": null }, "geometry": { "type": "Point", "coordinates": [ 130.769272, 33.6871047 ] } },
{ "type": "Feature", "properties": { "内容": "デイサービスセンター竹の子【通所介護】福岡県田川郡福智町赤池367-366", "url": "https://www.kaigokensaku.mhlw.go.jp/40/index.php?action_kouhyou_detail_004_kani=true&JigyosyoCd=4079700110-00&ServiceCd=150&Type=search", "url2": "http://www.suzumenooyado.jp" }, "geometry": { "type": "Point", "coordinates": [ 130.759806700000013, 33.6854794 ] } },
{ "type": "Feature", "properties": { "内容": "社会福祉法人筑豊福祉会第二長寿園デイサ－ビスセンタ－【通所介護】福岡県田川郡福智町金田１２５７－２－１", "url": "https://www.kaigokensaku.mhlw.go.jp/40/index.php?action_kouhyou_detail_004_kani=true&JigyosyoCd=4079400059-00&ServiceCd=150&Type=search", "url2": "http://www16,ocn.ne,jp/~di2chou/" }, "geometry": { "type": "Point", "coordinates": [ 130.7713579, 33.6826469 ] } },
{ "type": "Feature", "properties": { "内容": "デイサービス陽だまり【通所介護】福岡県田川郡福智町伊方前村3690-1", "url": "https://www.kaigokensaku.mhlw.go.jp/40/index.php?action_kouhyou_detail_004_kani=true&JigyosyoCd=4079400802-00&ServiceCd=150&Type=search", "url2": null }, "geometry": { "type": "Point", "coordinates": [ 130.794807900000023, 33.6799787 ] } },
{ "type": "Feature", "properties": { "内容": "デイサービス　生力ユーカリ園【通所介護】福岡県田川郡福智町赤池１０１７番地１７０", "url": "https://www.kaigokensaku.mhlw.go.jp/40/index.php?action_kouhyou_detail_004_kani=true&JigyosyoCd=4079400687-00&ServiceCd=150&Type=search", "url2": "http://sousei.com" }, "geometry": { "type": "Point", "coordinates": [ 130.760514768300595, 33.699791318054125 ] } },
{ "type": "Feature", "properties": { "内容": "デイサービスセンターはな【通所介護】福岡県田川郡福智町弁城3081番地1", "url": "https://www.kaigokensaku.mhlw.go.jp/40/index.php?action_kouhyou_detail_004_kani=true&JigyosyoCd=4079400547-00&ServiceCd=150&Type=search", "url2": "http://www.sunhillsfukuchi.com" }, "geometry": { "type": "Point", "coordinates": [ 130.7813648, 33.6886467 ] } },
{ "type": "Feature", "properties": { "内容": "ツクイ苅田京町【通所介護】福岡県京都郡苅田町京町1-3-1", "url": "https://www.kaigokensaku.mhlw.go.jp/40/index.php?action_kouhyou_detail_004_kani=true&JigyosyoCd=4078000462-00&ServiceCd=150&Type=search", "url2": "https://www.tsukui.net/home-care/2437/" }, "geometry": { "type": "Point", "coordinates": [ 130.982164242238809, 33.782637885619714 ] } },
{ "type": "Feature", "properties": { "内容": "通所介護リハビリセンターきずな　苅田店【通所介護】福岡県京都郡苅田町神田町一丁目6番地3MDIマンション一階", "url": "https://www.kaigokensaku.mhlw.go.jp/40/index.php?action_kouhyou_detail_004_kani=true&JigyosyoCd=4078000314-00&ServiceCd=150&Type=search", "url2": "https://www.reha-kizuna.com/" }, "geometry": { "type": "Point", "coordinates": [ 130.979740699999979, 33.7828563 ] } },
{ "type": "Feature", "properties": { "内容": "デイサービスセンター　コスモスかんだ【通所介護】福岡県京都郡苅田町尾倉2990-1住宅型有料老人ホームコスモスかんだ", "url": "https://www.kaigokensaku.mhlw.go.jp/40/index.php?action_kouhyou_detail_004_kani=true&JigyosyoCd=4078000439-00&ServiceCd=150&Type=search", "url2": null }, "geometry": { "type": "Point", "coordinates": [ 130.978708, 33.7652414 ] } },
{ "type": "Feature", "properties": { "内容": "デイサービスセンター　えがお【通所介護】福岡県京都郡苅田町大字提字唐松２７８１番地", "url": "https://www.kaigokensaku.mhlw.go.jp/40/index.php?action_kouhyou_detail_004_kani=true&JigyosyoCd=4078000173-00&ServiceCd=150&Type=search", "url2": "http://www.hakuaikai-group.jp/hakuaien/" }, "geometry": { "type": "Point", "coordinates": [ 130.9805103, 33.7759209 ] } },
{ "type": "Feature", "properties": { "内容": "デイサービスセンター　ゆい【通所介護】福岡県京都郡苅田町与原2003番地8", "url": "https://www.kaigokensaku.mhlw.go.jp/40/index.php?action_kouhyou_detail_004_kani=true&JigyosyoCd=4078000504-00&ServiceCd=150&Type=search", "url2": null }, "geometry": { "type": "Point", "coordinates": [ 130.994140228836073, 33.753770598467199 ] } },
{ "type": "Feature", "properties": { "内容": "白川園デイサービスセンター【通所介護】福岡県　京都郡　苅田町大字法正寺６２３－１", "url": "https://www.kaigokensaku.mhlw.go.jp/40/index.php?action_kouhyou_detail_004_kani=true&JigyosyoCd=4070000163-00&ServiceCd=150&Type=search", "url2": "http://shirakawaen.group/" }, "geometry": { "type": "Point", "coordinates": [ 130.928674954631077, 33.748556709480816 ] } },
{ "type": "Feature", "properties": { "内容": "デイサービスセンター　桃の花【通所介護】京都郡みやこ町勝山大久保2362-1ケアポート　桃の花", "url": "https://www.kaigokensaku.mhlw.go.jp/40/index.php?action_kouhyou_detail_004_kani=true&JigyosyoCd=4079700383-00&ServiceCd=150&Type=search", "url2": null }, "geometry": { "type": "Point", "coordinates": [ 130.91677679999998, 33.6923038 ] } },
{ "type": "Feature", "properties": { "内容": "リハビリデイサービスCalm【通所介護】福岡県京都郡みやこ町勝山上田946-1", "url": "https://www.kaigokensaku.mhlw.go.jp/40/index.php?action_kouhyou_detail_004_kani=true&JigyosyoCd=4079700433-00&ServiceCd=150&Type=search", "url2": "https://itsuki-yukuhashi.com/calm/" }, "geometry": { "type": "Point", "coordinates": [ 130.918859800000064, 33.699417 ] } },
{ "type": "Feature", "properties": { "内容": "犀川園デイサービスセンター【通所介護】福岡県京都郡みやこ町犀川谷口759番地", "url": "https://www.kaigokensaku.mhlw.go.jp/40/index.php?action_kouhyou_detail_004_kani=true&JigyosyoCd=4079700466-00&ServiceCd=150&Type=search", "url2": "http://saigawaen.jp/" }, "geometry": { "type": "Point", "coordinates": [ 130.930113300000016, 33.6598265 ] } },
{ "type": "Feature", "properties": { "内容": "デイサービス　クローバー【通所介護】福岡県京都郡みやこ町豊津744-11", "url": "https://www.kaigokensaku.mhlw.go.jp/40/index.php?action_kouhyou_detail_004_kani=true&JigyosyoCd=4079700516-00&ServiceCd=150&Type=search", "url2": "www.dsclover.jp" }, "geometry": { "type": "Point", "coordinates": [ 130.975220608459466, 33.683897399449663 ] } },
{ "type": "Feature", "properties": { "内容": "サポートデイ　げんき【通所介護】福岡県京都郡みやこ町豊津1049番地3", "url": "https://www.kaigokensaku.mhlw.go.jp/40/index.php?action_kouhyou_detail_004_kani=true&JigyosyoCd=4079700540-00&ServiceCd=150&Type=search", "url2": "http://hp.kaipoke.biz/uke/" }, "geometry": { "type": "Point", "coordinates": [ 130.978341462638639, 33.674765082188415 ] } },
{ "type": "Feature", "properties": { "内容": "聖家族の家デイサービスセンター【通所介護】福岡県京都郡みやこ町豊津566番地の2", "url": "https://www.kaigokensaku.mhlw.go.jp/40/index.php?action_kouhyou_detail_004_kani=true&JigyosyoCd=4070000361-00&ServiceCd=150&Type=search", "url2": "info-t@seikazoku.jp" }, "geometry": { "type": "Point", "coordinates": [ 130.971330699999953, 33.6773116 ] } },
{ "type": "Feature", "properties": { "内容": "暮らしさぽーとデイサービス【通所介護】福岡県京都郡みやこ町勝山箕田363-1旧安部産婦人科医院", "url": "https://www.kaigokensaku.mhlw.go.jp/40/index.php?action_kouhyou_detail_004_kani=true&JigyosyoCd=4079700417-00&ServiceCd=150&Type=search", "url2": "https://www.instagram.com/kurasapo_ds/" }, "geometry": { "type": "Point", "coordinates": [ 130.910096899999985, 33.6924675 ] } },
{ "type": "Feature", "properties": { "内容": "勝山苑通所介護事業所【通所介護】福岡県京都郡みやこ町勝山大久保3224-1", "url": "https://www.kaigokensaku.mhlw.go.jp/40/index.php?action_kouhyou_detail_004_kani=true&JigyosyoCd=4070000296-00&ServiceCd=150&Type=search", "url2": "https://keayuku.com/" }, "geometry": { "type": "Point", "coordinates": [ 130.928639699999962, 33.6897153 ] } },
{ "type": "Feature", "properties": { "内容": "デイサービスセンター　陽【通所介護】福岡県京都郡みやこ町大字国分字240番地", "url": "https://www.kaigokensaku.mhlw.go.jp/40/index.php?action_kouhyou_detail_004_kani=true&JigyosyoCd=4072601851-00&ServiceCd=150&Type=search", "url2": "https://hinata-dsc.com" }, "geometry": { "type": "Point", "coordinates": [ 130.982829318742318, 33.682832655253037 ] } },
{ "type": "Feature", "properties": { "内容": "京都病院デイサービスセンター【通所介護】福岡県京都郡みやこ町勝山箕田298番地", "url": "https://www.kaigokensaku.mhlw.go.jp/40/index.php?action_kouhyou_detail_004_kani=true&JigyosyoCd=4070000841-00&ServiceCd=150&Type=search", "url2": "http://www.miyako-hp.or.jp" }, "geometry": { "type": "Point", "coordinates": [ 130.9079332, 33.6932896 ] } },
{ "type": "Feature", "properties": { "内容": "デイサービスセンター　さざんか荘【通所介護】福岡県築上郡上毛町大字東下1577－1", "url": "https://www.kaigokensaku.mhlw.go.jp/40/index.php?action_kouhyou_detail_004_kani=true&JigyosyoCd=4078900273-00&ServiceCd=150&Type=search", "url2": "sazanka@kei-ai-kai.com" }, "geometry": { "type": "Point", "coordinates": [ 131.130246599999964, 33.541991 ] } },
{ "type": "Feature", "properties": { "内容": "安雲拓心苑デイサービスセンター【通所介護】福岡県築上郡上毛町大字安雲585-44", "url": "https://www.kaigokensaku.mhlw.go.jp/40/index.php?action_kouhyou_detail_004_kani=true&JigyosyoCd=4070000619-00&ServiceCd=150&Type=search", "url2": "http://minori-kai.or.jp/" }, "geometry": { "type": "Point", "coordinates": [ 131.143731300000013, 33.573457600000019 ] } },
{ "type": "Feature", "properties": { "内容": "デイサービス太陽【通所介護】福岡県築上郡築上町大字下別府１５３３－１", "url": "https://www.kaigokensaku.mhlw.go.jp/40/index.php?action_kouhyou_detail_004_kani=true&JigyosyoCd=4070001054-00&ServiceCd=150&Type=search", "url2": "http://www.wakasugikai.com/" }, "geometry": { "type": "Point", "coordinates": [ 131.030925499999967, 33.6735658 ] } },
{ "type": "Feature", "properties": { "内容": "宮崎デイサービスセンター【通所介護】福岡県築上郡築上町東八田８１４番地の１", "url": "https://www.kaigokensaku.mhlw.go.jp/40/index.php?action_kouhyou_detail_004_kani=true&JigyosyoCd=4079800357-00&ServiceCd=150&Type=search", "url2": null }, "geometry": { "type": "Point", "coordinates": [ 131.044338644319168, 33.671046488238098 ] } },
{ "type": "Feature", "properties": { "内容": "桜デイサービスセンター【通所介護】福岡県築上郡築上町大字東八田８０２番地", "url": "https://www.kaigokensaku.mhlw.go.jp/40/index.php?action_kouhyou_detail_004_kani=true&JigyosyoCd=4079800381-00&ServiceCd=150&Type=search", "url2": null }, "geometry": { "type": "Point", "coordinates": [ 135.494678199999953, 34.524637 ] } },
{ "type": "Feature", "properties": { "内容": "デイサービスセンター　やすらぎ荘【通所介護】福岡県築上郡築上町大字湊1275番地", "url": "https://www.kaigokensaku.mhlw.go.jp/40/index.php?action_kouhyou_detail_004_kani=true&JigyosyoCd=4070000437-00&ServiceCd=150&Type=search", "url2": "http://mamorukai.biz/" }, "geometry": { "type": "Point", "coordinates": [ 131.072550399999955, 33.6505913 ] } },
{ "type": "Feature", "properties": { "内容": "デイサービスセンターうらら【通所介護】福岡県築上郡築上町大字築城1005-1デイサビスセンターうらら", "url": "https://www.kaigokensaku.mhlw.go.jp/40/index.php?action_kouhyou_detail_004_kani=true&JigyosyoCd=4079800423-00&ServiceCd=150&Type=search", "url2": null }, "geometry": { "type": "Point", "coordinates": [ 131.032506199999943, 33.6633669 ] } },
{ "type": "Feature", "properties": { "内容": "デイサービス　てとて【通所介護】福岡県築上郡築上町大字上り松879番地1", "url": "https://www.kaigokensaku.mhlw.go.jp/40/index.php?action_kouhyou_detail_004_kani=true&JigyosyoCd=4079800431-00&ServiceCd=150&Type=search", "url2": null }, "geometry": { "type": "Point", "coordinates": [ 131.067456600000014, 33.6413735 ] } },
{ "type": "Feature", "properties": { "内容": "誠松園デイサービスセンター【通所介護】福岡県築上郡築上町安武９８１", "url": "https://www.kaigokensaku.mhlw.go.jp/40/index.php?action_kouhyou_detail_004_kani=true&JigyosyoCd=4070000577-00&ServiceCd=150&Type=search", "url2": "http://seisyoen.jp/" }, "geometry": { "type": "Point", "coordinates": [ 131.006782051767232, 33.659236600410765 ] } }
]
}
