{
"type": "FeatureCollection",
"name": "geo_40_地域密着型通所介護",
"crs": { "type": "name", "properties": { "name": "urn:ogc:def:crs:OGC:1.3:CRS84" } },
"features": [
{ "type": "Feature", "properties": { "内容": "デイサービスりゅうあい【地域密着型通所介護】吉志４丁目１４－４０", "url": "https://www.kaigokensaku.mhlw.go.jp/40/index.php?action_kouhyou_detail_004_kani=true&JigyosyoCd=4070102589-00&ServiceCd=780&Type=search", "url2": null }, "geometry": { "type": "Point", "coordinates": [ 130.963450700000067, 33.8668383 ] } },
{ "type": "Feature", "properties": { "内容": "リハビリデイ　スロージム【地域密着型通所介護】福岡県北九州市門司区光町2丁目1番34号", "url": "https://www.kaigokensaku.mhlw.go.jp/40/index.php?action_kouhyou_detail_004_kani=true&JigyosyoCd=4070101870-00&ServiceCd=780&Type=search", "url2": "https://www.shikinoniwa.jp" }, "geometry": { "type": "Point", "coordinates": [ 130.918820399999959, 33.8867239 ] } },
{ "type": "Feature", "properties": { "内容": "ミック健康の森　門司駅前【地域密着型通所介護】福岡県北九州市門司区高田１丁目3-20グローリー門司駅前１階１０１号室", "url": "https://www.kaigokensaku.mhlw.go.jp/40/index.php?action_kouhyou_detail_004_kani=true&JigyosyoCd=4070102670-00&ServiceCd=780&Type=search", "url2": "http://www.un-mik.co.jp/" }, "geometry": { "type": "Point", "coordinates": [ 130.9323561, 33.902020100000023 ] } },
{ "type": "Feature", "properties": { "内容": "あいデイサービス【地域密着型通所介護】北九州市門司区矢筈町１４－１", "url": "https://www.kaigokensaku.mhlw.go.jp/40/index.php?action_kouhyou_detail_004_kani=true&JigyosyoCd=4070100906-00&ServiceCd=780&Type=search", "url2": null }, "geometry": { "type": "Point", "coordinates": [ 130.9450842, 33.9180461 ] } },
{ "type": "Feature", "properties": { "内容": "NPO法人もやいデイサービス【地域密着型通所介護】大里東１丁目９番11号大里東集会所", "url": "https://www.kaigokensaku.mhlw.go.jp/40/index.php?action_kouhyou_detail_004_kani=true&JigyosyoCd=4070102340-00&ServiceCd=780&Type=search", "url2": null }, "geometry": { "type": "Point", "coordinates": [ 130.9418068, 33.9145158 ] } },
{ "type": "Feature", "properties": { "内容": "合同会社るるど【地域密着型通所介護】福岡県北九州市門司区大里東一丁目6番25号", "url": "https://www.kaigokensaku.mhlw.go.jp/40/index.php?action_kouhyou_detail_004_kani=true&JigyosyoCd=4090100498-00&ServiceCd=780&Type=search", "url2": "無し。" }, "geometry": { "type": "Point", "coordinates": [ 130.940602099999978, 33.914503 ] } },
{ "type": "Feature", "properties": { "内容": "デイサービスセンター吉志【地域密着型通所介護】福岡県北九州市門司区吉志７丁目１－３２", "url": "https://www.kaigokensaku.mhlw.go.jp/40/index.php?action_kouhyou_detail_004_kani=true&JigyosyoCd=4090100597-00&ServiceCd=780&Type=search", "url2": null }, "geometry": { "type": "Point", "coordinates": [ 130.967097, 33.8675573 ] } },
{ "type": "Feature", "properties": { "内容": "清松園デイサービスセンター【地域密着型通所介護】北九州市門司区大字畑１９６０番地", "url": "https://www.kaigokensaku.mhlw.go.jp/40/index.php?action_kouhyou_detail_004_kani=true&JigyosyoCd=4070100203-00&ServiceCd=780&Type=search", "url2": "http://www.seishoen.jp/" }, "geometry": { "type": "Point", "coordinates": [ 130.9737718, 33.8761013 ] } },
{ "type": "Feature", "properties": { "内容": "大里おおかわデイサービス【地域密着型通所介護】北九州市門司区上二十町1-12", "url": "https://www.kaigokensaku.mhlw.go.jp/40/index.php?action_kouhyou_detail_004_kani=true&JigyosyoCd=4070101607-00&ServiceCd=780&Type=search", "url2": null }, "geometry": { "type": "Point", "coordinates": [ 130.945364899999959, 33.9108385 ] } },
{ "type": "Feature", "properties": { "内容": "青葉の家ﾃﾞｲｻｰﾋﾞｽ【地域密着型通所介護】北九州市門司区青葉台９番６号", "url": "https://www.kaigokensaku.mhlw.go.jp/40/index.php?action_kouhyou_detail_004_kani=true&JigyosyoCd=4070101987-00&ServiceCd=780&Type=search", "url2": null }, "geometry": { "type": "Point", "coordinates": [ 130.922253400000045, 33.8848353 ] } },
{ "type": "Feature", "properties": { "内容": "デイサービスセンタースマイル　おのクリハウス【地域密着型通所介護】北九州市門司区吉志1丁目40番42号住宅型有料老人ホームおのクリハウス内", "url": "https://www.kaigokensaku.mhlw.go.jp/40/index.php?action_kouhyou_detail_004_kani=true&JigyosyoCd=4070102118-00&ServiceCd=780&Type=search", "url2": "http://onoclihouse.com/" }, "geometry": { "type": "Point", "coordinates": [ 130.972710799999959, 33.8737155 ] } },
{ "type": "Feature", "properties": { "内容": "デイサービス　アサガオ【地域密着型通所介護】福岡県北九州市門司区西新町２丁目１１番６号", "url": "https://www.kaigokensaku.mhlw.go.jp/40/index.php?action_kouhyou_detail_004_kani=true&JigyosyoCd=4070102159-00&ServiceCd=780&Type=search", "url2": null }, "geometry": { "type": "Point", "coordinates": [ 130.9207063, 33.8899904 ] } },
{ "type": "Feature", "properties": { "内容": "リハビリ特化型デイサービスHIVE【地域密着型通所介護】福岡県北九州市門司区中二十町6-16二十町シーガルコーポ1階", "url": "https://www.kaigokensaku.mhlw.go.jp/40/index.php?action_kouhyou_detail_004_kani=true&JigyosyoCd=4090100548-00&ServiceCd=780&Type=search", "url2": "www.prologue-luciaz.com" }, "geometry": { "type": "Point", "coordinates": [ 130.941113566205502, 33.90838799380554 ] } },
{ "type": "Feature", "properties": { "内容": "ミック健康の森　門司駅前【地域密着型通所介護】高田1-3-20", "url": "https://www.kaigokensaku.mhlw.go.jp/40/index.php?action_kouhyou_detail_004_kani=true&JigyosyoCd=4090100571-00&ServiceCd=780&Type=search", "url2": "https://mik-kenkonomori.com/" }, "geometry": { "type": "Point", "coordinates": [ 139.7204193, 35.7133397 ] } },
{ "type": "Feature", "properties": { "内容": "宅老所いきいきつねみ【地域密着型通所介護】福岡県北九州市門司区吉志３丁目７番１３号", "url": "https://www.kaigokensaku.mhlw.go.jp/40/index.php?action_kouhyou_detail_004_kani=true&JigyosyoCd=4070102704-00&ServiceCd=780&Type=search", "url2": null }, "geometry": { "type": "Point", "coordinates": [ 130.968804347773556, 33.865423567368616 ] } },
{ "type": "Feature", "properties": { "内容": "ステータスクオ【地域密着型通所介護】福岡県北九州市門司区柳町3丁目17番1号ｱﾋﾞﾀｼｵﾝ柳町101号室", "url": "https://www.kaigokensaku.mhlw.go.jp/40/index.php?action_kouhyou_detail_004_kani=true&JigyosyoCd=4070102456-00&ServiceCd=780&Type=search", "url2": "https://www.growcare.co.jp/" }, "geometry": { "type": "Point", "coordinates": [ 130.940796099999943, 33.9032614 ] } },
{ "type": "Feature", "properties": { "内容": "陽光園デイサービスセンター【地域密着型通所介護】北九州市門司区大字田野浦１０２４番地６", "url": "https://www.kaigokensaku.mhlw.go.jp/40/index.php?action_kouhyou_detail_004_kani=true&JigyosyoCd=4070100294-00&ServiceCd=780&Type=search", "url2": "http://www.youkouen-moji.jp/" }, "geometry": { "type": "Point", "coordinates": [ 130.998959475068659, 33.960856316839156 ] } },
{ "type": "Feature", "properties": { "内容": "デイサービスセンターみのり【地域密着型通所介護】清見二丁目２番３２号福岡県北九州市門司区清見二丁目2番32号", "url": "https://www.kaigokensaku.mhlw.go.jp/40/index.php?action_kouhyou_detail_004_kani=true&JigyosyoCd=4070102084-00&ServiceCd=780&Type=search", "url2": null }, "geometry": { "type": "Point", "coordinates": [ 130.977422100000013, 33.9522871 ] } },
{ "type": "Feature", "properties": { "内容": "リハビリ特化/料理特化型デイサービスrelief【地域密着型通所介護】福岡県北九州市門司区西新町1-6-1松屋ビル1F", "url": "https://www.kaigokensaku.mhlw.go.jp/40/index.php?action_kouhyou_detail_004_kani=true&JigyosyoCd=4090100613-00&ServiceCd=780&Type=search", "url2": null }, "geometry": { "type": "Point", "coordinates": [ 130.9222934, 33.8916779 ] } },
{ "type": "Feature", "properties": { "内容": "リハビリ特化ﾃﾞｲｻｰﾋﾞｽA-Frame【地域密着型通所介護】福岡県北九州市門司区田野浦957番1号ハピネス田野浦102号", "url": "https://www.kaigokensaku.mhlw.go.jp/40/index.php?action_kouhyou_detail_004_kani=true&JigyosyoCd=4090100555-00&ServiceCd=780&Type=search", "url2": "www.reha-mahalo.com" }, "geometry": { "type": "Point", "coordinates": [ 130.992852450926193, 33.960139589056475 ] } },
{ "type": "Feature", "properties": { "内容": "さくらわが家【地域密着型通所介護】福岡県北九州市門司区東新町1丁目5－39", "url": "https://www.kaigokensaku.mhlw.go.jp/40/index.php?action_kouhyou_detail_004_kani=true&JigyosyoCd=4070102647-00&ServiceCd=780&Type=search", "url2": null }, "geometry": { "type": "Point", "coordinates": [ 130.926718376612854, 33.894218557747806 ] } },
{ "type": "Feature", "properties": { "内容": "リハプライド門司港【地域密着型通所介護】福岡県北九州市門司区老松町5-16KSK門司港コアプレイスⅡ1階", "url": "https://www.kaigokensaku.mhlw.go.jp/40/index.php?action_kouhyou_detail_004_kani=true&JigyosyoCd=4090100621-00&ServiceCd=780&Type=search", "url2": "https://www.rehapride.co.jp/mojiko/" }, "geometry": { "type": "Point", "coordinates": [ 130.9684287, 33.9454744 ] } },
{ "type": "Feature", "properties": { "内容": "デイサービスセンターピノキオ【地域密着型通所介護】福岡県北九州市若松区大字安屋3338", "url": "https://www.kaigokensaku.mhlw.go.jp/40/index.php?action_kouhyou_detail_004_kani=true&JigyosyoCd=4070200938-00&ServiceCd=780&Type=search", "url2": null }, "geometry": { "type": "Point", "coordinates": [ 130.702156528836099, 33.938174900000298 ] } },
{ "type": "Feature", "properties": { "内容": "デイサービス縁埜家【地域密着型通所介護】東畑町1-42", "url": "https://www.kaigokensaku.mhlw.go.jp/40/index.php?action_kouhyou_detail_004_kani=true&JigyosyoCd=4090200207-00&ServiceCd=780&Type=search", "url2": null }, "geometry": { "type": "Point", "coordinates": [ 136.927899700000012, 35.150175 ] } },
{ "type": "Feature", "properties": { "内容": "デイサービス　ふくみ【地域密着型通所介護】福岡県北九州市若松区赤崎町１０番１号", "url": "https://www.kaigokensaku.mhlw.go.jp/40/index.php?action_kouhyou_detail_004_kani=true&JigyosyoCd=4070202090-00&ServiceCd=780&Type=search", "url2": "http://koukikai-hp.com/" }, "geometry": { "type": "Point", "coordinates": [ 130.789517100000012, 33.9183816 ] } },
{ "type": "Feature", "properties": { "内容": "みもざデイサービスセンター【地域密着型通所介護】福岡県北九州市若松区上原町８番１号", "url": "https://www.kaigokensaku.mhlw.go.jp/40/index.php?action_kouhyou_detail_004_kani=true&JigyosyoCd=4070201548-00&ServiceCd=780&Type=search", "url2": "http://www.m-mimosa.com" }, "geometry": { "type": "Point", "coordinates": [ 130.792566800000031, 33.9140683 ] } },
{ "type": "Feature", "properties": { "内容": "喜楽の家デイサービスセンター【地域密着型通所介護】福岡県北九州市若松区大字畠田925-1", "url": "https://www.kaigokensaku.mhlw.go.jp/40/index.php?action_kouhyou_detail_004_kani=true&JigyosyoCd=4070201662-00&ServiceCd=780&Type=search", "url2": "http://www.kiraku-house.com/" }, "geometry": { "type": "Point", "coordinates": [ 130.730905300000018, 33.8965803 ] } },
{ "type": "Feature", "properties": { "内容": "たんぽぽデイサービスセンターわかまつ【地域密着型通所介護】福岡県北九州市若松区白山1-3-2クラシオン白山1階", "url": "https://www.kaigokensaku.mhlw.go.jp/40/index.php?action_kouhyou_detail_004_kani=true&JigyosyoCd=4070200474-00&ServiceCd=780&Type=search", "url2": null }, "geometry": { "type": "Point", "coordinates": [ 130.803187557502724, 33.905285601967435 ] } },
{ "type": "Feature", "properties": { "内容": "デイサービス　せせらぎ【地域密着型通所介護】福岡県北九州市若松区白山１丁目２番２１号北﨑医院", "url": "https://www.kaigokensaku.mhlw.go.jp/40/index.php?action_kouhyou_detail_004_kani=true&JigyosyoCd=4070201639-00&ServiceCd=780&Type=search", "url2": "http://www.kitazaki-seseragi.com/" }, "geometry": { "type": "Point", "coordinates": [ 130.80409548954924, 33.904813779678832 ] } },
{ "type": "Feature", "properties": { "内容": "月うさぎ　デイサービス【地域密着型通所介護】福岡県北九州市若松区畠田三丁目5-36", "url": "https://www.kaigokensaku.mhlw.go.jp/40/index.php?action_kouhyou_detail_004_kani=true&JigyosyoCd=4070201795-00&ServiceCd=780&Type=search", "url2": null }, "geometry": { "type": "Point", "coordinates": [ 130.742676500000016, 33.9027908 ] } },
{ "type": "Feature", "properties": { "内容": "早稲田イーライフ高須【地域密着型通所介護】高須東4-3-3第一ｻﾝｹｲﾋﾞﾙ1F", "url": "https://www.kaigokensaku.mhlw.go.jp/40/index.php?action_kouhyou_detail_004_kani=true&JigyosyoCd=4090200181-00&ServiceCd=780&Type=search", "url2": "http://elife-takasu.com/" }, "geometry": { "type": "Point", "coordinates": [ 130.692997218385216, 33.888705484477121 ] } },
{ "type": "Feature", "properties": { "内容": "よりどころ　叶夢【地域密着型通所介護】福岡県北九州市若松区赤島町４番２５号", "url": "https://www.kaigokensaku.mhlw.go.jp/40/index.php?action_kouhyou_detail_004_kani=true&JigyosyoCd=4070202033-00&ServiceCd=780&Type=search", "url2": null }, "geometry": { "type": "Point", "coordinates": [ 130.7803682, 33.894187 ] } },
{ "type": "Feature", "properties": { "内容": "リハビリ特化型デイサービス彩生【地域密着型通所介護】福岡県北九州市若松区上原町8-1", "url": "https://www.kaigokensaku.mhlw.go.jp/40/index.php?action_kouhyou_detail_004_kani=true&JigyosyoCd=4090200322-00&ServiceCd=780&Type=search", "url2": "https://wakazono-mch.com/saisei/" }, "geometry": { "type": "Point", "coordinates": [ 130.792535, 33.9141004 ] } },
{ "type": "Feature", "properties": { "内容": "デイサービス　さんぽ道【地域密着型通所介護】福岡県北九州市若松区鴨生田２丁目6-9ケーオービル１階", "url": "https://www.kaigokensaku.mhlw.go.jp/40/index.php?action_kouhyou_detail_004_kani=true&JigyosyoCd=4090200199-00&ServiceCd=780&Type=search", "url2": "http://sanpo-michi.moo.jp/" }, "geometry": { "type": "Point", "coordinates": [ 130.73753976074795, 33.894906551218462 ] } },
{ "type": "Feature", "properties": { "内容": "たんぽぽデイサービスセンターわかまつ【地域密着型通所介護】福岡県北九州市若松区白山1-3-2クラシオン白山　1F", "url": "https://www.kaigokensaku.mhlw.go.jp/40/index.php?action_kouhyou_detail_004_kani=true&JigyosyoCd=4090200272-00&ServiceCd=780&Type=search", "url2": null }, "geometry": { "type": "Point", "coordinates": [ 130.8032823, 33.9051992 ] } },
{ "type": "Feature", "properties": { "内容": "デイサービスあゆみ【地域密着型通所介護】北九州市若松区大字頓田１４３１－３２", "url": "https://www.kaigokensaku.mhlw.go.jp/40/index.php?action_kouhyou_detail_004_kani=true&JigyosyoCd=4070201399-00&ServiceCd=780&Type=search", "url2": "https://day-ayumi.jimdofree.com/" }, "geometry": { "type": "Point", "coordinates": [ 130.735993600000029, 33.9187716 ] } },
{ "type": "Feature", "properties": { "内容": "リハビリステーション　おあしす弐号館【地域密着型通所介護】福岡県北九州市若松区西天神町1-30", "url": "https://www.kaigokensaku.mhlw.go.jp/40/index.php?action_kouhyou_detail_004_kani=true&JigyosyoCd=4070202017-00&ServiceCd=780&Type=search", "url2": "http://www.yoshino-care.com" }, "geometry": { "type": "Point", "coordinates": [ 130.763067099999944, 33.8887094 ] } },
{ "type": "Feature", "properties": { "内容": "デイサービス　ベイサイドわかまつ【地域密着型通所介護】浜町1丁目19番1号", "url": "https://www.kaigokensaku.mhlw.go.jp/40/index.php?action_kouhyou_detail_004_kani=true&JigyosyoCd=4070202066-00&ServiceCd=780&Type=search", "url2": null }, "geometry": { "type": "Point", "coordinates": [ 139.717805699999985, 35.5159325 ] } },
{ "type": "Feature", "properties": { "内容": "おもやいの家通所介護サービス【地域密着型通所介護】福岡県北九州市若松区畑谷町6-20", "url": "https://www.kaigokensaku.mhlw.go.jp/40/index.php?action_kouhyou_detail_004_kani=true&JigyosyoCd=4070200631-00&ServiceCd=780&Type=search", "url2": "omoyai@jcom.home.ne.jp" }, "geometry": { "type": "Point", "coordinates": [ 130.7932945, 33.9045029 ] } },
{ "type": "Feature", "properties": { "内容": "デイサービスセンター　けやきの風【地域密着型通所介護】福岡県北九州市若松区原町16番11号", "url": "https://www.kaigokensaku.mhlw.go.jp/40/index.php?action_kouhyou_detail_004_kani=true&JigyosyoCd=4070201563-00&ServiceCd=780&Type=search", "url2": "www.e-keyaki.jp" }, "geometry": { "type": "Point", "coordinates": [ 130.79094606666493, 33.917723723021446 ] } },
{ "type": "Feature", "properties": { "内容": "わかとデイサービス【地域密着型通所介護】福岡県北九州市若松区中川町３－１７", "url": "https://www.kaigokensaku.mhlw.go.jp/40/index.php?action_kouhyou_detail_004_kani=true&JigyosyoCd=4070201597-00&ServiceCd=780&Type=search", "url2": "http://hlc.athuman.com" }, "geometry": { "type": "Point", "coordinates": [ 130.80755709999994, 33.9066058 ] } },
{ "type": "Feature", "properties": { "内容": "でいさーびすせんたー　はっぴーはうす高須【地域密着型通所介護】北九州市若松区高須西二丁目1-1", "url": "https://www.kaigokensaku.mhlw.go.jp/40/index.php?action_kouhyou_detail_004_kani=true&JigyosyoCd=4070201928-00&ServiceCd=780&Type=search", "url2": "https://happyhouse-kaigo.jp/" }, "geometry": { "type": "Point", "coordinates": [ 130.685204030827293, 33.887650014053726 ] } },
{ "type": "Feature", "properties": { "内容": "デイサービスセンターあじさい【地域密着型通所介護】福岡県北九州市若松区西畑町９番７３号", "url": "https://www.kaigokensaku.mhlw.go.jp/40/index.php?action_kouhyou_detail_004_kani=true&JigyosyoCd=4090200231-00&ServiceCd=780&Type=search", "url2": "https://e-ajisai.com" }, "geometry": { "type": "Point", "coordinates": [ 130.792228900000026, 33.9104196 ] } },
{ "type": "Feature", "properties": { "内容": "Let’ｓリハinthemall若松【地域密着型通所介護】福岡県北九州市若松区二島1-3-1イオン若松ショッピングセンター2F", "url": "https://www.kaigokensaku.mhlw.go.jp/40/index.php?action_kouhyou_detail_004_kani=true&JigyosyoCd=4090200280-00&ServiceCd=780&Type=search", "url2": "https://www.lets-reha.jp/shop/fukuoka-wakamatsu/" }, "geometry": { "type": "Point", "coordinates": [ 130.7434168, 33.8920381 ] } },
{ "type": "Feature", "properties": { "内容": "あおばの郷デイサービスセンター【地域密着型通所介護】福岡県北九州市若松区蜑住１６３４－１", "url": "https://www.kaigokensaku.mhlw.go.jp/40/index.php?action_kouhyou_detail_004_kani=true&JigyosyoCd=4070201696-00&ServiceCd=780&Type=search", "url2": "http://www.kaigoaoba.com" }, "geometry": { "type": "Point", "coordinates": [ 130.7125261, 33.9023986 ] } },
{ "type": "Feature", "properties": { "内容": "デイサービスセンターなずな苑【地域密着型通所介護】北九州市若松区畠田3丁目2-29", "url": "https://www.kaigokensaku.mhlw.go.jp/40/index.php?action_kouhyou_detail_004_kani=true&JigyosyoCd=4070201878-00&ServiceCd=780&Type=search", "url2": "http://nazuna.fukuoka.jp/" }, "geometry": { "type": "Point", "coordinates": [ 130.741796099999988, 33.9009244 ] } },
{ "type": "Feature", "properties": { "内容": "だんらんの家若松【地域密着型通所介護】福岡県北九州市若松区小石本村町5-6", "url": "https://www.kaigokensaku.mhlw.go.jp/40/index.php?action_kouhyou_detail_004_kani=true&JigyosyoCd=4090200355-00&ServiceCd=780&Type=search", "url2": "https://danrannoie.com/archives/5192" }, "geometry": { "type": "Point", "coordinates": [ 130.7837707, 33.9175789 ] } },
{ "type": "Feature", "properties": { "内容": "メルベイユひびきのデイサービスセンター【地域密着型通所介護】北九州市若松区大字小敷323-3", "url": "https://www.kaigokensaku.mhlw.go.jp/40/index.php?action_kouhyou_detail_004_kani=true&JigyosyoCd=4070201340-00&ServiceCd=780&Type=search", "url2": null }, "geometry": { "type": "Point", "coordinates": [ 130.7025916, 33.8923296 ] } },
{ "type": "Feature", "properties": { "内容": "デイサービス赤とんぼ若松【地域密着型通所介護】福岡県北九州市若松区童子丸2丁目15番11号", "url": "https://www.kaigokensaku.mhlw.go.jp/40/index.php?action_kouhyou_detail_004_kani=true&JigyosyoCd=4090200256-00&ServiceCd=780&Type=search", "url2": "https://sumiyoi-machidukuri.com/service/service3" }, "geometry": { "type": "Point", "coordinates": [ 130.76250490000001, 33.8907814 ] } },
{ "type": "Feature", "properties": { "内容": "デイサービス仁～JIN～【地域密着型通所介護】北九州市戸畑区新池１丁目１０番８号", "url": "https://www.kaigokensaku.mhlw.go.jp/40/index.php?action_kouhyou_detail_004_kani=true&JigyosyoCd=4070300936-00&ServiceCd=780&Type=search", "url2": null }, "geometry": { "type": "Point", "coordinates": [ 130.8257446, 33.8966156 ] } },
{ "type": "Feature", "properties": { "内容": "デイサービス　竹馬の友【地域密着型通所介護】境川二丁目４－１８", "url": "https://www.kaigokensaku.mhlw.go.jp/40/index.php?action_kouhyou_detail_004_kani=true&JigyosyoCd=4070301017-00&ServiceCd=780&Type=search", "url2": null }, "geometry": { "type": "Point", "coordinates": [ 130.845651299999986, 33.8920718 ] } },
{ "type": "Feature", "properties": { "内容": "リハビリ専門デイ　アクティブホーム【地域密着型通所介護】北九州市戸畑区浅生3丁目2-20", "url": "https://www.kaigokensaku.mhlw.go.jp/40/index.php?action_kouhyou_detail_004_kani=true&JigyosyoCd=4090300205-00&ServiceCd=780&Type=search", "url2": "https://day-activehome.com/" }, "geometry": { "type": "Point", "coordinates": [ 130.8265113, 33.8925494 ] } },
{ "type": "Feature", "properties": { "内容": "樹楽福柳木【地域密着型通所介護】福岡県北九州市戸畑区福柳木2丁目10－32", "url": "https://www.kaigokensaku.mhlw.go.jp/40/index.php?action_kouhyou_detail_004_kani=true&JigyosyoCd=4090300171-00&ServiceCd=780&Type=search", "url2": "https://www.big-advance.site/s/160/1903/company." }, "geometry": { "type": "Point", "coordinates": [ 130.83552370000001, 33.8799657 ] } },
{ "type": "Feature", "properties": { "内容": "リハビリ特化型デイサービス　ケンシン【地域密着型通所介護】福岡県北九州市戸畑区沢見２丁目6-6", "url": "https://www.kaigokensaku.mhlw.go.jp/40/index.php?action_kouhyou_detail_004_kani=true&JigyosyoCd=4090300197-00&ServiceCd=780&Type=search", "url2": "https://norisada-seikotsuin.jp/lp/nursing/" }, "geometry": { "type": "Point", "coordinates": [ 130.8380137, 33.8973265 ] } },
{ "type": "Feature", "properties": { "内容": "デイサービス仁～ＪＩＮ～【地域密着型通所介護】福岡県北九州市戸畑区新池１丁目10-8", "url": "https://www.kaigokensaku.mhlw.go.jp/40/index.php?action_kouhyou_detail_004_kani=true&JigyosyoCd=4090300163-00&ServiceCd=780&Type=search", "url2": null }, "geometry": { "type": "Point", "coordinates": [ 130.825719499999963, 33.8966072 ] } },
{ "type": "Feature", "properties": { "内容": "デイサービス心暖（みのん）【地域密着型通所介護】一枝2-3-20", "url": "https://www.kaigokensaku.mhlw.go.jp/40/index.php?action_kouhyou_detail_004_kani=true&JigyosyoCd=4090300239-00&ServiceCd=780&Type=search", "url2": null }, "geometry": { "type": "Point", "coordinates": [ 130.8413137, 33.8852652 ] } },
{ "type": "Feature", "properties": { "内容": "デイサービス癒しの風【地域密着型通所介護】高峰2丁目12番9号", "url": "https://www.kaigokensaku.mhlw.go.jp/40/index.php?action_kouhyou_detail_004_kani=true&JigyosyoCd=4070301025-00&ServiceCd=780&Type=search", "url2": "https://iyashinokaze.net" }, "geometry": { "type": "Point", "coordinates": [ 130.855894900000067, 33.8890861 ] } },
{ "type": "Feature", "properties": { "内容": "健活デイサービス癒しの空【地域密着型通所介護】福岡県北九州市戸畑区沖台二丁目4番1102号", "url": "https://www.kaigokensaku.mhlw.go.jp/40/index.php?action_kouhyou_detail_004_kani=true&JigyosyoCd=4090300155-00&ServiceCd=780&Type=search", "url2": "https://iyashinosora.net" }, "geometry": { "type": "Point", "coordinates": [ 130.824234300000029, 33.892079699999989 ] } },
{ "type": "Feature", "properties": { "内容": "ことひらデイサービスセンター【地域密着型通所介護】福岡県北九州市戸畑区金比羅町4番30号生活支援ハウスことひら生活支援ハウスことひら", "url": "https://www.kaigokensaku.mhlw.go.jp/40/index.php?action_kouhyou_detail_004_kani=true&JigyosyoCd=4070300589-00&ServiceCd=780&Type=search", "url2": "http://www.iwakikai.com" }, "geometry": { "type": "Point", "coordinates": [ 130.841960299999982, 33.8783566 ] } },
{ "type": "Feature", "properties": { "内容": "生活介護　和みの家　悠悠【地域密着型通所介護】椎の木町10-11-15", "url": "https://www.kaigokensaku.mhlw.go.jp/40/index.php?action_kouhyou_detail_004_kani=true&JigyosyoCd=4070300977-00&ServiceCd=780&Type=search", "url2": null }, "geometry": { "type": "Point", "coordinates": [ 130.822695741807422, 33.881039375485685 ] } },
{ "type": "Feature", "properties": { "内容": "ぼくらの境川ザプレイス【地域密着型通所介護】福岡県北九州市戸畑区境川2-4-18", "url": "https://www.kaigokensaku.mhlw.go.jp/40/index.php?action_kouhyou_detail_004_kani=true&JigyosyoCd=4090300189-00&ServiceCd=780&Type=search", "url2": "https://bokura-group.com" }, "geometry": { "type": "Point", "coordinates": [ 130.8456806, 33.8921141 ] } },
{ "type": "Feature", "properties": { "内容": "さわやかリハビリデイサービス木町【地域密着型通所介護】福岡県北九州市小倉北区木町3丁目13-17-102米谷第三ビル", "url": "https://www.kaigokensaku.mhlw.go.jp/40/index.php?action_kouhyou_detail_004_kani=true&JigyosyoCd=4070404332-00&ServiceCd=780&Type=search", "url2": "ｈｔｔｐ：//ｗｗ．ｓａｗａｙａｋａｃｌｕｂ．ｊｐ" }, "geometry": { "type": "Point", "coordinates": [ 130.865236952799933, 33.870688415771831 ] } },
{ "type": "Feature", "properties": { "内容": "ミック健康の森　三萩野【地域密着型通所介護】福岡県北九州市小倉北区熊本1-12-25", "url": "https://www.kaigokensaku.mhlw.go.jp/40/index.php?action_kouhyou_detail_004_kani=true&JigyosyoCd=4070404647-00&ServiceCd=780&Type=search", "url2": "http://www.un-mik.co.jp/" }, "geometry": { "type": "Point", "coordinates": [ 130.891441629313704, 33.867682543924595 ] } },
{ "type": "Feature", "properties": { "内容": "下富野デイサービス　ひかり【地域密着型通所介護】福岡県北九州市小倉北区下富野4丁目15番17号", "url": "https://www.kaigokensaku.mhlw.go.jp/40/index.php?action_kouhyou_detail_004_kani=true&JigyosyoCd=4090400450-00&ServiceCd=780&Type=search", "url2": "http://hikari5101.grupo.jp/" }, "geometry": { "type": "Point", "coordinates": [ 130.896786799999973, 33.8761381 ] } },
{ "type": "Feature", "properties": { "内容": "デイサービス貴船ザテラス【地域密着型通所介護】福岡県北九州市小倉北区白銀2丁目1-19", "url": "https://www.kaigokensaku.mhlw.go.jp/40/index.php?action_kouhyou_detail_004_kani=true&JigyosyoCd=4090400583-00&ServiceCd=780&Type=search", "url2": "https://bokura-group.com/access/dayservice-ktt/" }, "geometry": { "type": "Point", "coordinates": [ 130.874991784655748, 33.868827448940991 ] } },
{ "type": "Feature", "properties": { "内容": "ぼくらの貴船ザサロン【地域密着型通所介護】白銀2丁目1-19", "url": "https://www.kaigokensaku.mhlw.go.jp/40/index.php?action_kouhyou_detail_004_kani=true&JigyosyoCd=4090400625-00&ServiceCd=780&Type=search", "url2": "https://bokura-group.com/access/bokuranokts/" }, "geometry": { "type": "Point", "coordinates": [ 130.875076274239717, 33.868835715476798 ] } },
{ "type": "Feature", "properties": { "内容": "リハプライド小倉北【地域密着型通所介護】福岡県北九州市小倉北区中島1丁目18-28フェルト730Ⅱ　101号", "url": "https://www.kaigokensaku.mhlw.go.jp/40/index.php?action_kouhyou_detail_004_kani=true&JigyosyoCd=4090400575-00&ServiceCd=780&Type=search", "url2": null }, "geometry": { "type": "Point", "coordinates": [ 130.878959900000041, 33.8766715 ] } },
{ "type": "Feature", "properties": { "内容": "みぃちゃんのでいさーびす【地域密着型通所介護】福岡県北九州市小倉北区大田町５番６号", "url": "https://www.kaigokensaku.mhlw.go.jp/40/index.php?action_kouhyou_detail_004_kani=true&JigyosyoCd=4090400617-00&ServiceCd=780&Type=search", "url2": null }, "geometry": { "type": "Point", "coordinates": [ 130.891107799999986, 33.8792999 ] } },
{ "type": "Feature", "properties": { "内容": "さくらデイサービス小倉北【地域密着型通所介護】福岡県北九州市小倉北区竪町一丁目4番29号", "url": "https://www.kaigokensaku.mhlw.go.jp/40/index.php?action_kouhyou_detail_004_kani=true&JigyosyoCd=4070404456-00&ServiceCd=780&Type=search", "url2": null }, "geometry": { "type": "Point", "coordinates": [ 130.869399700000031, 33.8858451 ] } },
{ "type": "Feature", "properties": { "内容": "御温（おはる）【地域密着型通所介護】福岡県北九州市小倉北区篠崎5丁目15番27号　2F", "url": "https://www.kaigokensaku.mhlw.go.jp/40/index.php?action_kouhyou_detail_004_kani=true&JigyosyoCd=4090400724-00&ServiceCd=780&Type=search", "url2": null }, "geometry": { "type": "Point", "coordinates": [ 130.860090899999989, 33.8626293 ] } },
{ "type": "Feature", "properties": { "内容": "デイサービスセンター北九州【地域密着型通所介護】北九州市小倉北区中井5丁目１７－５", "url": "https://www.kaigokensaku.mhlw.go.jp/40/index.php?action_kouhyou_detail_004_kani=true&JigyosyoCd=4090400492-00&ServiceCd=780&Type=search", "url2": "http://carekita.jp/dayservice/" }, "geometry": { "type": "Point", "coordinates": [ 130.844140399999986, 33.8871306 ] } },
{ "type": "Feature", "properties": { "内容": "階寿園デイサービスセンター【地域密着型通所介護】福岡県北九州市小倉北区篠崎1-9-5", "url": "https://www.kaigokensaku.mhlw.go.jp/40/index.php?action_kouhyou_detail_004_kani=true&JigyosyoCd=4070401551-00&ServiceCd=780&Type=search", "url2": "http://kaijyuen.jp/" }, "geometry": { "type": "Point", "coordinates": [ 130.870975300000026, 33.8641975 ] } },
{ "type": "Feature", "properties": { "内容": "ミック健康の森　三萩野【地域密着型通所介護】熊本1-12-25", "url": "https://www.kaigokensaku.mhlw.go.jp/40/index.php?action_kouhyou_detail_004_kani=true&JigyosyoCd=4090500846-00&ServiceCd=780&Type=search", "url2": "http://un-mik.co.jp/" }, "geometry": { "type": "Point", "coordinates": [ 130.722669, 32.8470317 ] } },
{ "type": "Feature", "properties": { "内容": "レコードブック小倉大手町【地域密着型通所介護】福岡県北九州市小倉北区大手町13-4103", "url": "https://www.kaigokensaku.mhlw.go.jp/40/index.php?action_kouhyou_detail_004_kani=true&JigyosyoCd=4090400708-00&ServiceCd=780&Type=search", "url2": null }, "geometry": { "type": "Point", "coordinates": [ 130.870170199999961, 33.875896 ] } },
{ "type": "Feature", "properties": { "内容": "ヘルシーハイム　デイサービスセンター【地域密着型通所介護】北九州市小倉北区南丘1-7-24", "url": "https://www.kaigokensaku.mhlw.go.jp/40/index.php?action_kouhyou_detail_004_kani=true&JigyosyoCd=4070400264-00&ServiceCd=780&Type=search", "url2": "http://www.healthyhaim.or.jp/" }, "geometry": { "type": "Point", "coordinates": [ 130.871200600000066, 33.8522267 ] } },
{ "type": "Feature", "properties": { "内容": "デイサービスセンター　　愛香苑【地域密着型通所介護】北九州市小倉北区鋳物師町9番21号", "url": "https://www.kaigokensaku.mhlw.go.jp/40/index.php?action_kouhyou_detail_004_kani=true&JigyosyoCd=4070400660-00&ServiceCd=780&Type=search", "url2": "http:/www.aikouen-kitakyushu.com/imoji/" }, "geometry": { "type": "Point", "coordinates": [ 130.8655109, 33.8899501 ] } },
{ "type": "Feature", "properties": { "内容": "紫川デイサービス【地域密着型通所介護】北九州市小倉北区今町１－１－４１", "url": "https://www.kaigokensaku.mhlw.go.jp/40/index.php?action_kouhyou_detail_004_kani=true&JigyosyoCd=4070402591-00&ServiceCd=780&Type=search", "url2": null }, "geometry": { "type": "Point", "coordinates": [ 130.872783499999969, 33.862967 ] } },
{ "type": "Feature", "properties": { "内容": "さわやか大畠壱番館デイサービスセンター【地域密着型通所介護】福岡県北九州市小倉北区大畠3丁目3番51号", "url": "https://www.kaigokensaku.mhlw.go.jp/40/index.php?action_kouhyou_detail_004_kani=true&JigyosyoCd=4070403326-00&ServiceCd=780&Type=search", "url2": "http://oobatakeichibankan.sawayakaclub.jp/" }, "geometry": { "type": "Point", "coordinates": [ 130.895812, 33.8720746 ] } },
{ "type": "Feature", "properties": { "内容": "感動と笑顔のデイサービス。【地域密着型通所介護】福岡県北九州市小倉北区清水３丁目４番９号華道会館ビル5階", "url": "https://www.kaigokensaku.mhlw.go.jp/40/index.php?action_kouhyou_detail_004_kani=true&JigyosyoCd=4070403458-00&ServiceCd=780&Type=search", "url2": "http://www.witfo.com" }, "geometry": { "type": "Point", "coordinates": [ 130.858472900000038, 33.874424 ] } },
{ "type": "Feature", "properties": { "内容": "デイサービスらいふ【地域密着型通所介護】北九州市小倉北区大手町１４－２２", "url": "https://www.kaigokensaku.mhlw.go.jp/40/index.php?action_kouhyou_detail_004_kani=true&JigyosyoCd=4070403821-00&ServiceCd=780&Type=search", "url2": "http://www.kitakyulife.com" }, "geometry": { "type": "Point", "coordinates": [ 130.8698028, 33.874774 ] } },
{ "type": "Feature", "properties": { "内容": "リハビリ特化型デイサービスいきいきFitOne【地域密着型通所介護】北九州市小倉北区三郎丸1丁目11－12ベルメゾン大塚1Ｆ", "url": "https://www.kaigokensaku.mhlw.go.jp/40/index.php?action_kouhyou_detail_004_kani=true&JigyosyoCd=4070404019-00&ServiceCd=780&Type=search", "url2": null }, "geometry": { "type": "Point", "coordinates": [ 130.88705947210542, 33.865031941660803 ] } },
{ "type": "Feature", "properties": { "内容": "さわやかリハビリデイサービス大畠弐番館【地域密着型通所介護】大畠1-6-26さわやか大畠弐番館", "url": "https://www.kaigokensaku.mhlw.go.jp/40/index.php?action_kouhyou_detail_004_kani=true&JigyosyoCd=4070404324-00&ServiceCd=780&Type=search", "url2": "http://sawayakaclub.jp" }, "geometry": { "type": "Point", "coordinates": [ 130.895631500000036, 33.8723412 ] } },
{ "type": "Feature", "properties": { "内容": "ワンステップ日明デイサービス【地域密着型通所介護】福岡県北九州市小倉北区高峰町1-27高峰ビル1F(101)2F(201)", "url": "https://www.kaigokensaku.mhlw.go.jp/40/index.php?action_kouhyou_detail_004_kani=true&JigyosyoCd=4070404811-00&ServiceCd=780&Type=search", "url2": null }, "geometry": { "type": "Point", "coordinates": [ 130.855808700000011, 33.8902082 ] } },
{ "type": "Feature", "properties": { "内容": "デイサービス和才屋【地域密着型通所介護】金田1-1UR金田一丁目団地6号棟104・105号室", "url": "https://www.kaigokensaku.mhlw.go.jp/40/index.php?action_kouhyou_detail_004_kani=true&JigyosyoCd=4090400526-00&ServiceCd=780&Type=search", "url2": null }, "geometry": { "type": "Point", "coordinates": [ 130.868408300000027, 33.8793069 ] } },
{ "type": "Feature", "properties": { "内容": "デイサービス　あゆみの家【地域密着型通所介護】福岡県北九州市小倉北区井堀3丁目7-19-101", "url": "https://www.kaigokensaku.mhlw.go.jp/40/index.php?action_kouhyou_detail_004_kani=true&JigyosyoCd=4090400534-00&ServiceCd=780&Type=search", "url2": null }, "geometry": { "type": "Point", "coordinates": [ 130.844554300000027, 33.886253 ] } },
{ "type": "Feature", "properties": { "内容": "デイサービス　オレア【地域密着型通所介護】北九州市小倉北区日明一丁目12-14", "url": "https://www.kaigokensaku.mhlw.go.jp/40/index.php?action_kouhyou_detail_004_kani=true&JigyosyoCd=4090400542-00&ServiceCd=780&Type=search", "url2": null }, "geometry": { "type": "Point", "coordinates": [ 130.862172200000032, 33.8927553 ] } },
{ "type": "Feature", "properties": { "内容": "デイサービス和才屋木町店【地域密着型通所介護】福岡県北九州市小倉北区木町4-3-10201号室", "url": "https://www.kaigokensaku.mhlw.go.jp/40/index.php?action_kouhyou_detail_004_kani=true&JigyosyoCd=4090400658-00&ServiceCd=780&Type=search", "url2": "https://wazaiyakokura.wixsite.com/wazaiya" }, "geometry": { "type": "Point", "coordinates": [ 130.8658903, 33.8726664 ] } },
{ "type": "Feature", "properties": { "内容": "リハビリ専門デイサービス小倉【地域密着型通所介護】福岡県北九州市小倉北区日明二丁目8番17丸山ビル1階", "url": "https://www.kaigokensaku.mhlw.go.jp/40/index.php?action_kouhyou_detail_004_kani=true&JigyosyoCd=4090400757-00&ServiceCd=780&Type=search", "url2": null }, "geometry": { "type": "Point", "coordinates": [ 130.860770300000013, 33.8898469 ] } },
{ "type": "Feature", "properties": { "内容": "デイサービスセンター　オプリ【地域密着型通所介護】福岡県北九州市小倉北区日明１丁目１２番１３号", "url": "https://www.kaigokensaku.mhlw.go.jp/40/index.php?action_kouhyou_detail_004_kani=true&JigyosyoCd=4070404746-00&ServiceCd=780&Type=search", "url2": "http://www.daylight-51.co.jp/" }, "geometry": { "type": "Point", "coordinates": [ 130.862344399999984, 33.8927053 ] } },
{ "type": "Feature", "properties": { "内容": "mirai【地域密着型通所介護】福岡県北九州市小倉北区三郎丸1丁目5-1", "url": "https://www.kaigokensaku.mhlw.go.jp/40/index.php?action_kouhyou_detail_004_kani=true&JigyosyoCd=4090400633-00&ServiceCd=780&Type=search", "url2": "https:mirai-20170725.tkc.best-hp.jp" }, "geometry": { "type": "Point", "coordinates": [ 130.8875145, 33.865956 ] } },
{ "type": "Feature", "properties": { "内容": "早稲田イーライフ小倉北【地域密着型通所介護】福岡県北九州市小倉北区中井2-4-11オーヴィジョン中井　１階", "url": "https://www.kaigokensaku.mhlw.go.jp/40/index.php?action_kouhyou_detail_004_kani=true&JigyosyoCd=4070404126-00&ServiceCd=780&Type=search", "url2": "www.waseda-e-life.co.jp/" }, "geometry": { "type": "Point", "coordinates": [ 130.851370134393278, 33.891578769432037 ] } },
{ "type": "Feature", "properties": { "内容": "デイサービスるんるん小倉【地域密着型通所介護】泉台2－2－8", "url": "https://www.kaigokensaku.mhlw.go.jp/40/index.php?action_kouhyou_detail_004_kani=true&JigyosyoCd=4070404571-00&ServiceCd=780&Type=search", "url2": null }, "geometry": { "type": "Point", "coordinates": [ 130.848826154194626, 33.868841974013094 ] } },
{ "type": "Feature", "properties": { "内容": "グリーンコープデイサービスセンター小倉北【地域密着型通所介護】北九州市小倉北区清水３丁目１の１３", "url": "https://www.kaigokensaku.mhlw.go.jp/40/index.php?action_kouhyou_detail_004_kani=true&JigyosyoCd=4070403888-00&ServiceCd=780&Type=search", "url2": "cv01welds@greencoop.or.jp" }, "geometry": { "type": "Point", "coordinates": [ 130.859181199999966, 33.874624 ] } },
{ "type": "Feature", "properties": { "内容": "御友（おとも）【地域密着型通所介護】北九州市小倉北区日明2丁目4番1号", "url": "https://www.kaigokensaku.mhlw.go.jp/40/index.php?action_kouhyou_detail_004_kani=true&JigyosyoCd=4090400674-00&ServiceCd=780&Type=search", "url2": null }, "geometry": { "type": "Point", "coordinates": [ 130.8621676, 33.8903627 ] } },
{ "type": "Feature", "properties": { "内容": "デイサービス　瞳愛【地域密着型通所介護】北九州市小倉北区小文字１－４－４５", "url": "https://www.kaigokensaku.mhlw.go.jp/40/index.php?action_kouhyou_detail_004_kani=true&JigyosyoCd=4070403540-00&ServiceCd=780&Type=search", "url2": null }, "geometry": { "type": "Point", "coordinates": [ 130.901202900000044, 33.8790602 ] } },
{ "type": "Feature", "properties": { "内容": "風の森椿デイサービス【地域密着型通所介護】福岡県北九州市小倉北区須賀町20-7", "url": "https://www.kaigokensaku.mhlw.go.jp/40/index.php?action_kouhyou_detail_004_kani=true&JigyosyoCd=4090400765-00&ServiceCd=780&Type=search", "url2": null }, "geometry": { "type": "Point", "coordinates": [ 130.910771, 33.8787824 ] } },
{ "type": "Feature", "properties": { "内容": "風の森「須賀」デイサービスセンター【地域密着型通所介護】福岡県北九州市小倉北区須賀町20番7号", "url": "https://www.kaigokensaku.mhlw.go.jp/40/index.php?action_kouhyou_detail_004_kani=true&JigyosyoCd=4090400773-00&ServiceCd=780&Type=search", "url2": "https://kazenomori-suga.com" }, "geometry": { "type": "Point", "coordinates": [ 130.910771, 33.8787824 ] } },
{ "type": "Feature", "properties": { "内容": "デイサービスセンター　イエロー【地域密着型通所介護】徳力1-1-18華山第一ビル２Ｆ", "url": "https://www.kaigokensaku.mhlw.go.jp/40/index.php?action_kouhyou_detail_004_kani=true&JigyosyoCd=4070504370-00&ServiceCd=780&Type=search", "url2": "http://www.ds-yellow.com" }, "geometry": { "type": "Point", "coordinates": [ 130.868643, 33.8333567 ] } },
{ "type": "Feature", "properties": { "内容": "通所介護　和楽庵【地域密着型通所介護】福岡県北九州市小倉南区志井6-23-8", "url": "https://www.kaigokensaku.mhlw.go.jp/40/index.php?action_kouhyou_detail_004_kani=true&JigyosyoCd=4070501640-00&ServiceCd=780&Type=search", "url2": "http://warakuan.net" }, "geometry": { "type": "Point", "coordinates": [ 130.876984599999986, 33.817603 ] } },
{ "type": "Feature", "properties": { "内容": "デイサービス　げんきさん【地域密着型通所介護】北九州市小倉南区沼本町２丁目8-37", "url": "https://www.kaigokensaku.mhlw.go.jp/40/index.php?action_kouhyou_detail_004_kani=true&JigyosyoCd=4070502598-00&ServiceCd=780&Type=search", "url2": "http://www.toki-wa.jp/" }, "geometry": { "type": "Point", "coordinates": [ 130.939561200000071, 33.8510894 ] } },
{ "type": "Feature", "properties": { "内容": "デイサービスはっぴー・はっぴー【地域密着型通所介護】福岡県北九州市小倉南区下貫３－１－４３", "url": "https://www.kaigokensaku.mhlw.go.jp/40/index.php?action_kouhyou_detail_004_kani=true&JigyosyoCd=4070504081-00&ServiceCd=780&Type=search", "url2": null }, "geometry": { "type": "Point", "coordinates": [ 130.933337599999959, 33.8161795 ] } },
{ "type": "Feature", "properties": { "内容": "わかぞのサポートジム【地域密着型通所介護】福岡県北九州市小倉南区蜷田若園3丁目9-33", "url": "https://www.kaigokensaku.mhlw.go.jp/40/index.php?action_kouhyou_detail_004_kani=true&JigyosyoCd=4090500572-00&ServiceCd=780&Type=search", "url2": null }, "geometry": { "type": "Point", "coordinates": [ 130.8954143, 33.8411793 ] } },
{ "type": "Feature", "properties": { "内容": "上田惠亮デイサービス葛原【地域密着型通所介護】福岡県北九州市小倉南区葛原本町１－１－１１　ビッグファミリー葛原Ⅱ　2階ビッグファミリー葛原Ⅱ　２階", "url": "https://www.kaigokensaku.mhlw.go.jp/40/index.php?action_kouhyou_detail_004_kani=true&JigyosyoCd=4070504776-00&ServiceCd=780&Type=search", "url2": null }, "geometry": { "type": "Point", "coordinates": [ 130.9171076, 33.8415066 ] } },
{ "type": "Feature", "properties": { "内容": "デイサービスセンターイエロー【地域密着型通所介護】福岡県北九州市小倉南区徳力１丁目１－１８ー2階華山第一ビル２階", "url": "https://www.kaigokensaku.mhlw.go.jp/40/index.php?action_kouhyou_detail_004_kani=true&JigyosyoCd=4090500671-00&ServiceCd=780&Type=search", "url2": null }, "geometry": { "type": "Point", "coordinates": [ 130.8686006, 33.8334222 ] } },
{ "type": "Feature", "properties": { "内容": "ミック健康の森　守恒【地域密着型通所介護】福岡県北九州市小倉南区徳力新町1-8-27ハーベスト守恒　102号", "url": "https://www.kaigokensaku.mhlw.go.jp/40/index.php?action_kouhyou_detail_004_kani=true&JigyosyoCd=4070504958-00&ServiceCd=780&Type=search", "url2": "http://un-mik.co.jp/kenko/" }, "geometry": { "type": "Point", "coordinates": [ 130.8683929, 33.8365536 ] } },
{ "type": "Feature", "properties": { "内容": "ミック健康の森　下曽根【地域密着型通所介護】福岡県北九州市小倉南区田原新町2-10-15", "url": "https://www.kaigokensaku.mhlw.go.jp/40/index.php?action_kouhyou_detail_004_kani=true&JigyosyoCd=4070505005-00&ServiceCd=780&Type=search", "url2": "mkm.shimosone@un-mik.co.jp" }, "geometry": { "type": "Point", "coordinates": [ 130.931612299999983, 33.8307861 ] } },
{ "type": "Feature", "properties": { "内容": "ふらっとハウス【地域密着型通所介護】福岡県北九州市小倉南区南方4-6-36", "url": "https://www.kaigokensaku.mhlw.go.jp/40/index.php?action_kouhyou_detail_004_kani=true&JigyosyoCd=4090500754-00&ServiceCd=780&Type=search", "url2": "https://100fuku.com" }, "geometry": { "type": "Point", "coordinates": [ 130.860655799999989, 33.8295545 ] } },
{ "type": "Feature", "properties": { "内容": "株式会社　藤【地域密着型通所介護】福岡県北九州市小倉南区山手３丁目７－２", "url": "https://www.kaigokensaku.mhlw.go.jp/40/index.php?action_kouhyou_detail_004_kani=true&JigyosyoCd=4070504875-00&ServiceCd=780&Type=search", "url2": "https://day-honoka.jp/" }, "geometry": { "type": "Point", "coordinates": [ 130.880801, 33.828146500000024 ] } },
{ "type": "Feature", "properties": { "内容": "デイサービスセンター愛【地域密着型通所介護】福岡県北九州市小倉南区上石田2丁目15番15号", "url": "https://www.kaigokensaku.mhlw.go.jp/40/index.php?action_kouhyou_detail_004_kani=true&JigyosyoCd=4090500598-00&ServiceCd=780&Type=search", "url2": null }, "geometry": { "type": "Point", "coordinates": [ 130.882499200000012, 33.829648 ] } },
{ "type": "Feature", "properties": { "内容": "リハサポート　さぷらい【地域密着型通所介護】福岡県北九州市小倉南区沼本町1丁目4-5シャトレ沼本町1F", "url": "https://www.kaigokensaku.mhlw.go.jp/40/index.php?action_kouhyou_detail_004_kani=true&JigyosyoCd=4090500747-00&ServiceCd=780&Type=search", "url2": null }, "geometry": { "type": "Point", "coordinates": [ 130.9404443, 33.8464719 ] } },
{ "type": "Feature", "properties": { "内容": "わかぞのサポートクラブ【地域密着型通所介護】福岡県北九州市小倉南区蜷田若園3丁目9-33", "url": "https://www.kaigokensaku.mhlw.go.jp/40/index.php?action_kouhyou_detail_004_kani=true&JigyosyoCd=4090500580-00&ServiceCd=780&Type=search", "url2": null }, "geometry": { "type": "Point", "coordinates": [ 130.8954143, 33.8411793 ] } },
{ "type": "Feature", "properties": { "内容": "びり～ぶ２号館【地域密着型通所介護】福岡県北九州市小倉南区志井４丁目12-1", "url": "https://www.kaigokensaku.mhlw.go.jp/40/index.php?action_kouhyou_detail_004_kani=true&JigyosyoCd=4090500861-00&ServiceCd=780&Type=search", "url2": null }, "geometry": { "type": "Point", "coordinates": [ 130.871564164418032, 33.82015822452194 ] } },
{ "type": "Feature", "properties": { "内容": "地域密着型デイサービスみず樹【地域密着型通所介護】福岡県北九州市小倉南区沼緑町4-3-10", "url": "https://www.kaigokensaku.mhlw.go.jp/40/index.php?action_kouhyou_detail_004_kani=true&JigyosyoCd=4090500622-00&ServiceCd=780&Type=search", "url2": null }, "geometry": { "type": "Point", "coordinates": [ 130.925441420146853, 33.845506405146594 ] } },
{ "type": "Feature", "properties": { "内容": "リハプライド　まほら【地域密着型通所介護】北方１丁目12-42ジョイ北方　101", "url": "https://www.kaigokensaku.mhlw.go.jp/40/index.php?action_kouhyou_detail_004_kani=true&JigyosyoCd=4090500697-00&ServiceCd=780&Type=search", "url2": null }, "geometry": { "type": "Point", "coordinates": [ 139.9382118, 35.7221318 ] } },
{ "type": "Feature", "properties": { "内容": "リハプライド・小倉南【地域密着型通所介護】中曽根東１丁目３−３", "url": "https://www.kaigokensaku.mhlw.go.jp/40/index.php?action_kouhyou_detail_004_kani=true&JigyosyoCd=4090500788-00&ServiceCd=780&Type=search", "url2": "https://www.rehapride.co.jp/kokuraminami/" }, "geometry": { "type": "Point", "coordinates": [ 130.941306, 33.8282155 ] } },
{ "type": "Feature", "properties": { "内容": "デイホームよこしろ【地域密着型通所介護】北九州市小倉南区横代北町2丁目25-20", "url": "https://www.kaigokensaku.mhlw.go.jp/40/index.php?action_kouhyou_detail_004_kani=true&JigyosyoCd=4070401031-00&ServiceCd=780&Type=search", "url2": null }, "geometry": { "type": "Point", "coordinates": [ 130.898811062670916, 33.835768378759553 ] } },
{ "type": "Feature", "properties": { "内容": "黒船デイサービス4号【地域密着型通所介護】福岡県北九州市小倉南区横代東町ニ丁目4番28号", "url": "https://www.kaigokensaku.mhlw.go.jp/40/index.php?action_kouhyou_detail_004_kani=true&JigyosyoCd=4070504750-00&ServiceCd=780&Type=search", "url2": "http://kurofunedayservice.jimdo.com/" }, "geometry": { "type": "Point", "coordinates": [ 130.90274009999996, 33.8355263 ] } },
{ "type": "Feature", "properties": { "内容": "早稲田イーライフ守恒【地域密着型通所介護】福岡県北九州市小倉南区守恒本町2丁目3番7号オークランドハイツ1-A", "url": "https://www.kaigokensaku.mhlw.go.jp/40/index.php?action_kouhyou_detail_004_kani=true&JigyosyoCd=4070504941-00&ServiceCd=780&Type=search", "url2": "https://sites.google.com/site/wsdelife/" }, "geometry": { "type": "Point", "coordinates": [ 130.873839800000042, 33.8361342 ] } },
{ "type": "Feature", "properties": { "内容": "デイサービス　和三【地域密着型通所介護】中曽根新町3番5号", "url": "https://www.kaigokensaku.mhlw.go.jp/40/index.php?action_kouhyou_detail_004_kani=true&JigyosyoCd=4070504586-00&ServiceCd=780&Type=search", "url2": null }, "geometry": { "type": "Point", "coordinates": [ 130.946039400000018, 33.8228347 ] } },
{ "type": "Feature", "properties": { "内容": "笑顔満開はなことば小倉南【地域密着型通所介護】北九州市小倉南区横代東町3丁目28番9号", "url": "https://www.kaigokensaku.mhlw.go.jp/40/index.php?action_kouhyou_detail_004_kani=true&JigyosyoCd=4070504263-00&ServiceCd=780&Type=search", "url2": null }, "geometry": { "type": "Point", "coordinates": [ 130.90170420000004, 33.8314684 ] } },
{ "type": "Feature", "properties": { "内容": "リハビリ特化型デイ　ムーブメントプロ小倉南【地域密着型通所介護】福岡県北九州市小倉南区北方3丁目49番39号", "url": "https://www.kaigokensaku.mhlw.go.jp/40/index.php?action_kouhyou_detail_004_kani=true&JigyosyoCd=4070504792-00&ServiceCd=780&Type=search", "url2": "https://www.randc-shonan.co.jp/" }, "geometry": { "type": "Point", "coordinates": [ 130.87709968750832, 33.847721960523245 ] } },
{ "type": "Feature", "properties": { "内容": "笑顔満開はなことば小倉東【地域密着型通所介護】北九州市小倉南区沼緑町１丁目１９−１２", "url": "https://www.kaigokensaku.mhlw.go.jp/40/index.php?action_kouhyou_detail_004_kani=true&JigyosyoCd=4090500721-00&ServiceCd=780&Type=search", "url2": null }, "geometry": { "type": "Point", "coordinates": [ 130.9350588, 33.844363800000039 ] } },
{ "type": "Feature", "properties": { "内容": "たんぽぽデイサービスセンターみなみ【地域密着型通所介護】福岡県北九州市小倉南区下石田2-3-12", "url": "https://www.kaigokensaku.mhlw.go.jp/40/index.php?action_kouhyou_detail_004_kani=true&JigyosyoCd=4090500762-00&ServiceCd=780&Type=search", "url2": null }, "geometry": { "type": "Point", "coordinates": [ 130.8825508, 33.8196454 ] } },
{ "type": "Feature", "properties": { "内容": "ミック健康の森　下曽根【地域密着型通所介護】福岡県北九州市小倉南区田原新町２丁目１０－１５", "url": "https://www.kaigokensaku.mhlw.go.jp/40/index.php?action_kouhyou_detail_004_kani=true&JigyosyoCd=4090500820-00&ServiceCd=780&Type=search", "url2": null }, "geometry": { "type": "Point", "coordinates": [ 130.93162, 33.8307908 ] } },
{ "type": "Feature", "properties": { "内容": "ふれあい家族デイサービスセンター徳力【地域密着型通所介護】福岡県北九州市小倉南区徳力１丁目２５－３７", "url": "https://www.kaigokensaku.mhlw.go.jp/40/index.php?action_kouhyou_detail_004_kani=true&JigyosyoCd=4090500374-00&ServiceCd=780&Type=search", "url2": "http://fureai-web.net/" }, "geometry": { "type": "Point", "coordinates": [ 130.862582400000065, 33.8280268 ] } },
{ "type": "Feature", "properties": { "内容": "ミック健康の森　守恒【地域密着型通所介護】福岡県北九州市小倉南区徳力新町1-8-27ハーベスト守恒　102号", "url": "https://www.kaigokensaku.mhlw.go.jp/40/index.php?action_kouhyou_detail_004_kani=true&JigyosyoCd=4090100589-00&ServiceCd=780&Type=search", "url2": "http://un-mik.co.jp/" }, "geometry": { "type": "Point", "coordinates": [ 130.868475600000011, 33.8365793 ] } },
{ "type": "Feature", "properties": { "内容": "『ふくし生協』　ひまわりミニデイサービス【地域密着型通所介護】北九州市小倉南区大字母原648-8", "url": "https://www.kaigokensaku.mhlw.go.jp/40/index.php?action_kouhyou_detail_004_kani=true&JigyosyoCd=4070501103-00&ServiceCd=780&Type=search", "url2": "http://www1.sphere.ne.jp/fukushiseikyou/" }, "geometry": { "type": "Point", "coordinates": [ 130.873910499999965, 33.7939419 ] } },
{ "type": "Feature", "properties": { "内容": "デイサービスセンター　スマイル【地域密着型通所介護】北九州市小倉南区企救丘3-17-4-202", "url": "https://www.kaigokensaku.mhlw.go.jp/40/index.php?action_kouhyou_detail_004_kani=true&JigyosyoCd=4070501426-00&ServiceCd=780&Type=search", "url2": null }, "geometry": { "type": "Point", "coordinates": [ 130.874045700000011, 33.8241134 ] } },
{ "type": "Feature", "properties": { "内容": "上田惠亮デイサービスセンター【地域密着型通所介護】北九州市小倉南区下吉田３－１－３", "url": "https://www.kaigokensaku.mhlw.go.jp/40/index.php?action_kouhyou_detail_004_kani=true&JigyosyoCd=4070502044-00&ServiceCd=780&Type=search", "url2": "http://wwwuedayoshiakiseikeigeka" }, "geometry": { "type": "Point", "coordinates": [ 130.963090299999976, 33.8448603 ] } },
{ "type": "Feature", "properties": { "内容": "べっぷデイサービスセンター【地域密着型通所介護】福岡県北九州市小倉南区大字長野６０４番７", "url": "https://www.kaigokensaku.mhlw.go.jp/40/index.php?action_kouhyou_detail_004_kani=true&JigyosyoCd=4070502705-00&ServiceCd=780&Type=search", "url2": null }, "geometry": { "type": "Point", "coordinates": [ 130.915458400000034, 33.820323 ] } },
{ "type": "Feature", "properties": { "内容": "デイホームあおば【地域密着型通所介護】福岡県北九州市小倉南区横代東町3－3－33", "url": "https://www.kaigokensaku.mhlw.go.jp/40/index.php?action_kouhyou_detail_004_kani=true&JigyosyoCd=4070503216-00&ServiceCd=780&Type=search", "url2": null }, "geometry": { "type": "Point", "coordinates": [ 130.906398878573555, 33.832803217207477 ] } },
{ "type": "Feature", "properties": { "内容": "デイサービスユウアンドエイチ【地域密着型通所介護】福岡県北九州市小倉南区下石田１丁目２番８号", "url": "https://www.kaigokensaku.mhlw.go.jp/40/index.php?action_kouhyou_detail_004_kani=true&JigyosyoCd=4070503380-00&ServiceCd=780&Type=search", "url2": "http://www.iwamoto-clinic.jp/aboutus/index.html" }, "geometry": { "type": "Point", "coordinates": [ 130.8906025, 33.8396088 ] } },
{ "type": "Feature", "properties": { "内容": "デイホーム陽なた【地域密着型通所介護】福岡県北九州市小倉南区中曽根4-1-3-2F", "url": "https://www.kaigokensaku.mhlw.go.jp/40/index.php?action_kouhyou_detail_004_kani=true&JigyosyoCd=4070504131-00&ServiceCd=780&Type=search", "url2": "http://day-hinata.sakura.ne.jp/" }, "geometry": { "type": "Point", "coordinates": [ 130.940560447715853, 33.82749254360823 ] } },
{ "type": "Feature", "properties": { "内容": "愛と感動のデイサービス【地域密着型通所介護】北九州市小倉南区長野東町１−３３", "url": "https://www.kaigokensaku.mhlw.go.jp/40/index.php?action_kouhyou_detail_004_kani=true&JigyosyoCd=4070504446-00&ServiceCd=780&Type=search", "url2": null }, "geometry": { "type": "Point", "coordinates": [ 130.91378080000004, 33.824033600000014 ] } },
{ "type": "Feature", "properties": { "内容": "デイサービスセンター　ヴァイオリン【地域密着型通所介護】上貫３丁目３－２４", "url": "https://www.kaigokensaku.mhlw.go.jp/40/index.php?action_kouhyou_detail_004_kani=true&JigyosyoCd=4070504669-00&ServiceCd=780&Type=search", "url2": "http://sinai.or.jp" }, "geometry": { "type": "Point", "coordinates": [ 130.922750176721109, 33.814494682908794 ] } },
{ "type": "Feature", "properties": { "内容": "デイサロンよっといで【地域密着型通所介護】福岡県北九州市小倉南区徳力団地2-231号棟3号室", "url": "https://www.kaigokensaku.mhlw.go.jp/40/index.php?action_kouhyou_detail_004_kani=true&JigyosyoCd=4070504818-00&ServiceCd=780&Type=search", "url2": "http://fureai-web.net" }, "geometry": { "type": "Point", "coordinates": [ 130.865554400000065, 33.8307515 ] } },
{ "type": "Feature", "properties": { "内容": "デイサービスげんきさんⅡ【地域密着型通所介護】福岡県北九州市小倉南区沼緑町4-21-1", "url": "https://www.kaigokensaku.mhlw.go.jp/40/index.php?action_kouhyou_detail_004_kani=true&JigyosyoCd=4090500531-00&ServiceCd=780&Type=search", "url2": null }, "geometry": { "type": "Point", "coordinates": [ 130.934893238522363, 33.850507479283763 ] } },
{ "type": "Feature", "properties": { "内容": "デイサービスぴの【地域密着型通所介護】上吉田6丁目4-31", "url": "https://www.kaigokensaku.mhlw.go.jp/40/index.php?action_kouhyou_detail_004_kani=true&JigyosyoCd=4090500614-00&ServiceCd=780&Type=search", "url2": null }, "geometry": { "type": "Point", "coordinates": [ 135.625293199999987, 34.6649583 ] } },
{ "type": "Feature", "properties": { "内容": "ちっこに～にょ【地域密着型通所介護】福岡県北九州市小倉南区津田2丁目6-1", "url": "https://www.kaigokensaku.mhlw.go.jp/40/index.php?action_kouhyou_detail_004_kani=true&JigyosyoCd=4090500705-00&ServiceCd=780&Type=search", "url2": null }, "geometry": { "type": "Point", "coordinates": [ 130.920162299999987, 33.8266639 ] } },
{ "type": "Feature", "properties": { "内容": "Let'sリハ下曽根【地域密着型通所介護】福岡県北九州市小倉南区下曽根1-2-27", "url": "https://www.kaigokensaku.mhlw.go.jp/40/index.php?action_kouhyou_detail_004_kani=true&JigyosyoCd=4090500770-00&ServiceCd=780&Type=search", "url2": "https://www.lets-reha.jp/shop/fukuoka-kasuga/" }, "geometry": { "type": "Point", "coordinates": [ 130.9335096, 33.8349042 ] } },
{ "type": "Feature", "properties": { "内容": "リハビリセンターきしもと【地域密着型通所介護】福岡県北九州市小倉南区守恒本町２丁目３番２６号リハビリセンターきしもと", "url": "https://www.kaigokensaku.mhlw.go.jp/40/index.php?action_kouhyou_detail_004_kani=true&JigyosyoCd=4090500804-00&ServiceCd=780&Type=search", "url2": "https://www.ho-katsu.com" }, "geometry": { "type": "Point", "coordinates": [ 130.873883, 33.8364725 ] } },
{ "type": "Feature", "properties": { "内容": "リハビリデイサービスeスマイル【地域密着型通所介護】湯川1丁目5-6", "url": "https://www.kaigokensaku.mhlw.go.jp/40/index.php?action_kouhyou_detail_004_kani=true&JigyosyoCd=4090500812-00&ServiceCd=780&Type=search", "url2": "https://esmile9570.wixsite.com/esmile" }, "geometry": { "type": "Point", "coordinates": [ 130.9002284, 33.846392 ] } },
{ "type": "Feature", "properties": { "内容": "早稲田イーライフ徳力【地域密着型通所介護】徳力2丁目7-21Kハイム1F", "url": "https://www.kaigokensaku.mhlw.go.jp/40/index.php?action_kouhyou_detail_004_kani=true&JigyosyoCd=4090500424-00&ServiceCd=780&Type=search", "url2": "https://sites.google.com/site/waseda/" }, "geometry": { "type": "Point", "coordinates": [ 130.8682827, 33.829094 ] } },
{ "type": "Feature", "properties": { "内容": "デイサービス雫足立山【地域密着型通所介護】福岡県北九州市小倉南区中吉田4-10-6", "url": "https://www.kaigokensaku.mhlw.go.jp/40/index.php?action_kouhyou_detail_004_kani=true&JigyosyoCd=4090500556-00&ServiceCd=780&Type=search", "url2": null }, "geometry": { "type": "Point", "coordinates": [ 130.954329799999982, 33.8450036 ] } },
{ "type": "Feature", "properties": { "内容": "機能訓練特化型デイサービスびり～ぶ【地域密着型通所介護】福岡県北九州市小倉南区長野１丁目7-3", "url": "https://www.kaigokensaku.mhlw.go.jp/40/index.php?action_kouhyou_detail_004_kani=true&JigyosyoCd=4090500739-00&ServiceCd=780&Type=search", "url2": null }, "geometry": { "type": "Point", "coordinates": [ 130.9065832, 33.8368055 ] } },
{ "type": "Feature", "properties": { "内容": "ケアホーム陽【地域密着型通所介護】福岡県北九州市小倉南区上吉田６丁目７－１９", "url": "https://www.kaigokensaku.mhlw.go.jp/40/index.php?action_kouhyou_detail_004_kani=true&JigyosyoCd=4070503844-00&ServiceCd=780&Type=search", "url2": null }, "geometry": { "type": "Point", "coordinates": [ 130.954565699999989, 33.8549366 ] } },
{ "type": "Feature", "properties": { "内容": "デイサービス陽だまりの家【地域密着型通所介護】福岡県北九州市小倉南区八重洲町１１－５", "url": "https://www.kaigokensaku.mhlw.go.jp/40/index.php?action_kouhyou_detail_004_kani=true&JigyosyoCd=4070502671-00&ServiceCd=780&Type=search", "url2": "http://hidamarino-ie.net/" }, "geometry": { "type": "Point", "coordinates": [ 130.89314109999998, 33.839745 ] } },
{ "type": "Feature", "properties": { "内容": "デイサービス　はっぴーはっぴー【地域密着型通所介護】福岡県北九州市小倉南区上曽根新町13-30", "url": "https://www.kaigokensaku.mhlw.go.jp/40/index.php?action_kouhyou_detail_004_kani=true&JigyosyoCd=4090500689-00&ServiceCd=780&Type=search", "url2": null }, "geometry": { "type": "Point", "coordinates": [ 130.951313994460804, 33.813698839572702 ] } },
{ "type": "Feature", "properties": { "内容": "やすらぎの家小倉南デイサービスセンター【地域密着型通所介護】北九州市小倉南区田原４丁目４番２号", "url": "https://www.kaigokensaku.mhlw.go.jp/40/index.php?action_kouhyou_detail_004_kani=true&JigyosyoCd=4070504149-00&ServiceCd=780&Type=search", "url2": "http://www.fukushi-greencoop.or.jp/" }, "geometry": { "type": "Point", "coordinates": [ 130.931640300000026, 33.8226232 ] } },
{ "type": "Feature", "properties": { "内容": "デイサービスセンターひより【地域密着型通所介護】北九州市小倉南区徳力5-10-5", "url": "https://www.kaigokensaku.mhlw.go.jp/40/index.php?action_kouhyou_detail_004_kani=true&JigyosyoCd=4070504313-00&ServiceCd=780&Type=search", "url2": null }, "geometry": { "type": "Point", "coordinates": [ 130.86535238175361, 33.825761184770244 ] } },
{ "type": "Feature", "properties": { "内容": "上田恵亮デイサービス田原新町【地域密着型通所介護】福岡県北九州市小倉南区田原新町１丁目１５－２９ビックファミリービル100", "url": "https://www.kaigokensaku.mhlw.go.jp/40/index.php?action_kouhyou_detail_004_kani=true&JigyosyoCd=4090500903-00&ServiceCd=780&Type=search", "url2": "https://www.y-ueda2000.com/" }, "geometry": { "type": "Point", "coordinates": [ 130.9295157, 33.8321795 ] } },
{ "type": "Feature", "properties": { "内容": "デイサービスセンター　　　　スマイル【地域密着型通所介護】北九州市　小倉南区　津田1丁目９－５０", "url": "https://www.kaigokensaku.mhlw.go.jp/40/index.php?action_kouhyou_detail_004_kani=true&JigyosyoCd=4070501764-00&ServiceCd=780&Type=search", "url2": null }, "geometry": { "type": "Point", "coordinates": [ 130.921740799999952, 33.8289499 ] } },
{ "type": "Feature", "properties": { "内容": "デイサービス　ひよこ【地域密着型通所介護】福岡県北九州市小倉南区徳吉東５丁目３－１６", "url": "https://www.kaigokensaku.mhlw.go.jp/40/index.php?action_kouhyou_detail_004_kani=true&JigyosyoCd=4070503638-00&ServiceCd=780&Type=search", "url2": "https://carecenter-hiyoko.com" }, "geometry": { "type": "Point", "coordinates": [ 130.859410799999978, 33.8133674 ] } },
{ "type": "Feature", "properties": { "内容": "レモン・デイサービス【地域密着型通所介護】福岡県北九州市小倉南区八重洲町12-14", "url": "https://www.kaigokensaku.mhlw.go.jp/40/index.php?action_kouhyou_detail_004_kani=true&JigyosyoCd=4070504123-00&ServiceCd=780&Type=search", "url2": null }, "geometry": { "type": "Point", "coordinates": [ 130.893407700000012, 33.8400588 ] } },
{ "type": "Feature", "properties": { "内容": "小規模共生型デイサービスはなそらの家【地域密着型通所介護】朽網西5丁目11-6", "url": "https://www.kaigokensaku.mhlw.go.jp/40/index.php?action_kouhyou_detail_004_kani=true&JigyosyoCd=4070504735-00&ServiceCd=780&Type=search", "url2": null }, "geometry": { "type": "Point", "coordinates": [ 130.949403599999982, 33.8074339 ] } },
{ "type": "Feature", "properties": { "内容": "デイサービス　リゾートアロハ　八幡【地域密着型通所介護】福岡県北九州市八幡東区中央二丁目18-6", "url": "https://www.kaigokensaku.mhlw.go.jp/40/index.php?action_kouhyou_detail_004_kani=true&JigyosyoCd=4090600174-00&ServiceCd=780&Type=search", "url2": "http://hp.kaipoke.biz/xpx/" }, "geometry": { "type": "Point", "coordinates": [ 130.811094499999967, 33.8655416 ] } },
{ "type": "Feature", "properties": { "内容": "デイサービスセンターきれいや【地域密着型通所介護】北九州市八幡東区白川町１番７号", "url": "https://www.kaigokensaku.mhlw.go.jp/40/index.php?action_kouhyou_detail_004_kani=true&JigyosyoCd=4070600897-00&ServiceCd=780&Type=search", "url2": "http://www1.bbiq.jp/kireiya_kitaq/" }, "geometry": { "type": "Point", "coordinates": [ 130.817033266270471, 33.873178837085661 ] } },
{ "type": "Feature", "properties": { "内容": "風の森サポート倶楽部清田【地域密着型通所介護】福岡県北九州市八幡東区清田１丁目７番１１号1F", "url": "https://www.kaigokensaku.mhlw.go.jp/40/index.php?action_kouhyou_detail_004_kani=true&JigyosyoCd=4070601135-00&ServiceCd=780&Type=search", "url2": null }, "geometry": { "type": "Point", "coordinates": [ 130.834983700000066, 33.8606584 ] } },
{ "type": "Feature", "properties": { "内容": "こもり福祉サービス【地域密着型通所介護】福岡県北九州市八幡東区清田２丁目２－２７小森クリニック横", "url": "https://www.kaigokensaku.mhlw.go.jp/40/index.php?action_kouhyou_detail_004_kani=true&JigyosyoCd=4070601218-00&ServiceCd=780&Type=search", "url2": null }, "geometry": { "type": "Point", "coordinates": [ 130.839681986091904, 33.862878775367591 ] } },
{ "type": "Feature", "properties": { "内容": "ふるさとさんしょうしょうわ【地域密着型通所介護】昭和2丁目　1-10緑風会館2F", "url": "https://www.kaigokensaku.mhlw.go.jp/40/index.php?action_kouhyou_detail_004_kani=true&JigyosyoCd=4070601671-00&ServiceCd=780&Type=search", "url2": null }, "geometry": { "type": "Point", "coordinates": [ 130.841829230603054, 33.86863832479856 ] } },
{ "type": "Feature", "properties": { "内容": "帆柱の家のどか【地域密着型通所介護】福岡県北九州市八幡東区尾倉１－１３－１", "url": "https://www.kaigokensaku.mhlw.go.jp/40/index.php?action_kouhyou_detail_004_kani=true&JigyosyoCd=4070600749-00&ServiceCd=780&Type=search", "url2": null }, "geometry": { "type": "Point", "coordinates": [ 130.799662352003566, 33.862897454271049 ] } },
{ "type": "Feature", "properties": { "内容": "あんしん館八幡センター【地域密着型通所介護】北九州市八幡東区尾倉１丁目９番２６号", "url": "https://www.kaigokensaku.mhlw.go.jp/40/index.php?action_kouhyou_detail_004_kani=true&JigyosyoCd=4090600158-00&ServiceCd=780&Type=search", "url2": null }, "geometry": { "type": "Point", "coordinates": [ 130.800173860466003, 33.863802362271642 ] } },
{ "type": "Feature", "properties": { "内容": "アクティブ応援館つるsun【地域密着型通所介護】福岡県北九州市八幡東区西本町2-2-1さわらびガーデンモール八幡三番街102A", "url": "https://www.kaigokensaku.mhlw.go.jp/40/index.php?action_kouhyou_detail_004_kani=true&JigyosyoCd=4090600232-00&ServiceCd=780&Type=search", "url2": "https://hikari-nagomi.com/" }, "geometry": { "type": "Point", "coordinates": [ 130.795741761376973, 33.868005879230886 ] } },
{ "type": "Feature", "properties": { "内容": "リンクケアセンター八幡【地域密着型通所介護】福岡県北九州市八幡東区祇園1-6-2", "url": "https://www.kaigokensaku.mhlw.go.jp/40/index.php?action_kouhyou_detail_004_kani=true&JigyosyoCd=4070601820-00&ServiceCd=780&Type=search", "url2": "https://www.real-link-co.com/" }, "geometry": { "type": "Point", "coordinates": [ 130.78990328836062, 33.864972461079155 ] } },
{ "type": "Feature", "properties": { "内容": "デイサービス心音【地域密着型通所介護】福岡県北九州市八幡東区清田１丁目７番１１号", "url": "https://www.kaigokensaku.mhlw.go.jp/40/index.php?action_kouhyou_detail_004_kani=true&JigyosyoCd=4090600224-00&ServiceCd=780&Type=search", "url2": null }, "geometry": { "type": "Point", "coordinates": [ 130.8350064, 33.8606883 ] } },
{ "type": "Feature", "properties": { "内容": "デイサービスセンター柊【地域密着型通所介護】福岡県北九州市八幡東区前田2丁目13-10レイ前田１F", "url": "https://www.kaigokensaku.mhlw.go.jp/40/index.php?action_kouhyou_detail_004_kani=true&JigyosyoCd=4070601663-00&ServiceCd=780&Type=search", "url2": null }, "geometry": { "type": "Point", "coordinates": [ 130.7889821, 33.8661655 ] } },
{ "type": "Feature", "properties": { "内容": "アクティブ応援館かめsun【地域密着型通所介護】福岡県北九州市八幡東区西本町2丁目2番1号さわらびガーデンモール八幡三番街102C", "url": "https://www.kaigokensaku.mhlw.go.jp/40/index.php?action_kouhyou_detail_004_kani=true&JigyosyoCd=4070601473-00&ServiceCd=780&Type=search", "url2": "https://hikari-nagomi.com/" }, "geometry": { "type": "Point", "coordinates": [ 130.795506942168828, 33.867968908584771 ] } },
{ "type": "Feature", "properties": { "内容": "アイティデイサービス南八千代【地域密着型通所介護】福岡県北九州市八幡東区祇園4丁目8-36", "url": "https://www.kaigokensaku.mhlw.go.jp/40/index.php?action_kouhyou_detail_004_kani=true&JigyosyoCd=4070703006-00&ServiceCd=780&Type=search", "url2": "http://www.aity-k.jp/" }, "geometry": { "type": "Point", "coordinates": [ 130.785218935581952, 33.860437570189795 ] } },
{ "type": "Feature", "properties": { "内容": "ﾃﾞｲｻｰﾋﾞｽきたえるーむ北九州祇園【地域密着型通所介護】祇園1丁目8-1", "url": "https://www.kaigokensaku.mhlw.go.jp/40/index.php?action_kouhyou_detail_004_kani=true&JigyosyoCd=4090600166-00&ServiceCd=780&Type=search", "url2": "http：//ｗｗｗ.kitaeroom.com/" }, "geometry": { "type": "Point", "coordinates": [ 130.7901293, 33.8643963 ] } },
{ "type": "Feature", "properties": { "内容": "デイサービスセンター東田愛香苑【地域密着型通所介護】福岡県北九州市八幡東区東田２丁目２番４３号", "url": "https://www.kaigokensaku.mhlw.go.jp/40/index.php?action_kouhyou_detail_004_kani=true&JigyosyoCd=4090600190-00&ServiceCd=780&Type=search", "url2": "https://aikoukai-kitakyushu.com" }, "geometry": { "type": "Point", "coordinates": [ 130.8042906, 33.8688773 ] } },
{ "type": "Feature", "properties": { "内容": "空色のカメレオン【地域密着型通所介護】福岡県北九州市八幡東区春の町5丁目1-12-101", "url": "https://www.kaigokensaku.mhlw.go.jp/40/index.php?action_kouhyou_detail_004_kani=true&JigyosyoCd=4090600208-00&ServiceCd=780&Type=search", "url2": "https://be-still-here.com/" }, "geometry": { "type": "Point", "coordinates": [ 130.806664271163925, 33.866937565938315 ] } },
{ "type": "Feature", "properties": { "内容": "デイサービス樹里【地域密着型通所介護】北九州市八幡東区尾倉１丁目9-26", "url": "https://www.kaigokensaku.mhlw.go.jp/40/index.php?action_kouhyou_detail_004_kani=true&JigyosyoCd=4090600257-00&ServiceCd=780&Type=search", "url2": "llc-cherryblossom.com" }, "geometry": { "type": "Point", "coordinates": [ 130.8001992, 33.8637962 ] } },
{ "type": "Feature", "properties": { "内容": "デイサービス愛笑館【地域密着型通所介護】松尾町２０－２７", "url": "https://www.kaigokensaku.mhlw.go.jp/40/index.php?action_kouhyou_detail_004_kani=true&JigyosyoCd=4070601424-00&ServiceCd=780&Type=search", "url2": null }, "geometry": { "type": "Point", "coordinates": [ 130.843374600000061, 33.8627195 ] } },
{ "type": "Feature", "properties": { "内容": "デイサービス爽花【地域密着型通所介護】福岡県北九州市八幡東区帆柱4丁目１０番２３号", "url": "https://www.kaigokensaku.mhlw.go.jp/40/index.php?action_kouhyou_detail_004_kani=true&JigyosyoCd=4070601523-00&ServiceCd=780&Type=search", "url2": "http://ameblo.jp/souka-2013/" }, "geometry": { "type": "Point", "coordinates": [ 130.797064565776026, 33.858816307472651 ] } },
{ "type": "Feature", "properties": { "内容": "楽住デイサービス【地域密着型通所介護】福岡県北九州市八幡東区山路1-1-39楽住", "url": "https://www.kaigokensaku.mhlw.go.jp/40/index.php?action_kouhyou_detail_004_kani=true&JigyosyoCd=4090600182-00&ServiceCd=780&Type=search", "url2": null }, "geometry": { "type": "Point", "coordinates": [ 130.833681453967301, 33.855879155935405 ] } },
{ "type": "Feature", "properties": { "内容": "デイサービスはっぴいたいむ【地域密着型通所介護】陣原五丁目3番7号", "url": "https://www.kaigokensaku.mhlw.go.jp/40/index.php?action_kouhyou_detail_004_kani=true&JigyosyoCd=4090700701-00&ServiceCd=780&Type=search", "url2": null }, "geometry": { "type": "Point", "coordinates": [ 130.737214599999987, 33.8653836 ] } },
{ "type": "Feature", "properties": { "内容": "リハビリホーム　樹の杜【地域密着型通所介護】香月西1-4-27", "url": "https://www.kaigokensaku.mhlw.go.jp/40/index.php?action_kouhyou_detail_004_kani=true&JigyosyoCd=4070706389-00&ServiceCd=780&Type=search", "url2": "www.green1121.com" }, "geometry": { "type": "Point", "coordinates": [ 130.7299253, 33.8083151 ] } },
{ "type": "Feature", "properties": { "内容": "ＮＰＯあいの会デイサービス大浦【地域密着型通所介護】北九州市八幡西区大浦1-4-17", "url": "https://www.kaigokensaku.mhlw.go.jp/40/index.php?action_kouhyou_detail_004_kani=true&JigyosyoCd=4070701083-00&ServiceCd=780&Type=search", "url2": "http://www.npo-ainokai.org/" }, "geometry": { "type": "Point", "coordinates": [ 130.715655100000049, 33.8727877 ] } },
{ "type": "Feature", "properties": { "内容": "デイサービス　ふくろうの家【地域密着型通所介護】北九州市八幡西区千代2丁目24-8", "url": "https://www.kaigokensaku.mhlw.go.jp/40/index.php?action_kouhyou_detail_004_kani=true&JigyosyoCd=4070705910-00&ServiceCd=780&Type=search", "url2": "deisa-bisufukuronoie.hp.gogo.jp/pc/" }, "geometry": { "type": "Point", "coordinates": [ 130.74499620000006, 33.8060682 ] } },
{ "type": "Feature", "properties": { "内容": "介護予防センター　ビーバランス【地域密着型通所介護】千代３丁目１－６千代ショッピングパーク内", "url": "https://www.kaigokensaku.mhlw.go.jp/40/index.php?action_kouhyou_detail_004_kani=true&JigyosyoCd=4070705696-00&ServiceCd=780&Type=search", "url2": "http://b-balance.biz" }, "geometry": { "type": "Point", "coordinates": [ 130.744582199999968, 33.8102733 ] } },
{ "type": "Feature", "properties": { "内容": "デイサービス　集い【地域密着型通所介護】北九州市八幡西区則松6-6-5樋口ビル", "url": "https://www.kaigokensaku.mhlw.go.jp/40/index.php?action_kouhyou_detail_004_kani=true&JigyosyoCd=4070703832-00&ServiceCd=780&Type=search", "url2": null }, "geometry": { "type": "Point", "coordinates": [ 130.7220747, 33.8522125 ] } },
{ "type": "Feature", "properties": { "内容": "ワールドデイサービスセンター【地域密着型通所介護】北九州市八幡西区市瀬一丁目3番13号", "url": "https://www.kaigokensaku.mhlw.go.jp/40/index.php?action_kouhyou_detail_004_kani=true&JigyosyoCd=4070701877-00&ServiceCd=780&Type=search", "url2": "http://www1.ocn.ne.jp/~worldday/" }, "geometry": { "type": "Point", "coordinates": [ 130.7613854, 33.8409399 ] } },
{ "type": "Feature", "properties": { "内容": "愛care2号館【地域密着型通所介護】福岡県北九州市八幡西区本城東2丁目3-10", "url": "https://www.kaigokensaku.mhlw.go.jp/40/index.php?action_kouhyou_detail_004_kani=true&JigyosyoCd=4070704343-00&ServiceCd=780&Type=search", "url2": "http://welcome.nakano-scl.com/" }, "geometry": { "type": "Point", "coordinates": [ 130.734842100000037, 33.8770351 ] } },
{ "type": "Feature", "properties": { "内容": "デイサービスほっとステーション木屋瀬【地域密着型通所介護】野面1丁目8-1", "url": "https://www.kaigokensaku.mhlw.go.jp/40/index.php?action_kouhyou_detail_004_kani=true&JigyosyoCd=4090700958-00&ServiceCd=780&Type=search", "url2": null }, "geometry": { "type": "Point", "coordinates": [ 130.739387099999988, 33.7839654 ] } },
{ "type": "Feature", "properties": { "内容": "デイサービスセンター福の里　楠橋別館【地域密着型通所介護】福岡県北九州市八幡市区楠橋上方2－11－27", "url": "https://www.kaigokensaku.mhlw.go.jp/40/index.php?action_kouhyou_detail_004_kani=true&JigyosyoCd=4070706645-00&ServiceCd=780&Type=search", "url2": null }, "geometry": { "type": "Point", "coordinates": [ 130.7303018, 33.7931089 ] } },
{ "type": "Feature", "properties": { "内容": "リハビリ処　くろかわ【地域密着型通所介護】福岡県北九州市八幡西区石坂一丁目3番13号", "url": "https://www.kaigokensaku.mhlw.go.jp/40/index.php?action_kouhyou_detail_004_kani=true&JigyosyoCd=4090700990-00&ServiceCd=780&Type=search", "url2": null }, "geometry": { "type": "Point", "coordinates": [ 130.7500358, 33.8074219 ] } },
{ "type": "Feature", "properties": { "内容": "リハビリ処　くろかわ【地域密着型通所介護】福岡県北九州市八幡西区石坂1丁目3-13", "url": "https://www.kaigokensaku.mhlw.go.jp/40/index.php?action_kouhyou_detail_004_kani=true&JigyosyoCd=4090701006-00&ServiceCd=780&Type=search", "url2": "http://www.e-65.jp/" }, "geometry": { "type": "Point", "coordinates": [ 130.750030799999962, 33.807330399999977 ] } },
{ "type": "Feature", "properties": { "内容": "デイサービスだんらん松寿山【地域密着型通所介護】北九州市八幡西区松寿山三丁目２－５", "url": "https://www.kaigokensaku.mhlw.go.jp/40/index.php?action_kouhyou_detail_004_kani=true&JigyosyoCd=4070705928-00&ServiceCd=780&Type=search", "url2": "http://ameblo.jp/danran-syoujusan/" }, "geometry": { "type": "Point", "coordinates": [ 130.714297699999946, 33.848921 ] } },
{ "type": "Feature", "properties": { "内容": "たかのす治療院デイサービス【地域密着型通所介護】福岡県北九州市八幡西区鷹の巣２丁目4-5", "url": "https://www.kaigokensaku.mhlw.go.jp/40/index.php?action_kouhyou_detail_004_kani=true&JigyosyoCd=4070703493-00&ServiceCd=780&Type=search", "url2": "http://www1.bbiq.jp/takanosu/" }, "geometry": { "type": "Point", "coordinates": [ 130.750394300000039, 33.854802 ] } },
{ "type": "Feature", "properties": { "内容": "デイサービス　レクティス【地域密着型通所介護】北九州市八幡西区友田1-2-12", "url": "https://www.kaigokensaku.mhlw.go.jp/40/index.php?action_kouhyou_detail_004_kani=true&JigyosyoCd=4090700982-00&ServiceCd=780&Type=search", "url2": "http://hp.kaipoke.biz/00p" }, "geometry": { "type": "Point", "coordinates": [ 130.725453843447099, 33.8684014578673 ] } },
{ "type": "Feature", "properties": { "内容": "星ヶ丘デイサービス　ふきのとう【地域密着型通所介護】北九州市八幡西区星が丘６丁目４－４", "url": "https://www.kaigokensaku.mhlw.go.jp/40/index.php?action_kouhyou_detail_004_kani=true&JigyosyoCd=4070702305-00&ServiceCd=780&Type=search", "url2": null }, "geometry": { "type": "Point", "coordinates": [ 130.74843009999995, 33.7721083 ] } },
{ "type": "Feature", "properties": { "内容": "デイサービスあかね空【地域密着型通所介護】北九州市八幡西区星ヶ丘六丁目1番45号", "url": "https://www.kaigokensaku.mhlw.go.jp/40/index.php?action_kouhyou_detail_004_kani=true&JigyosyoCd=4070704038-00&ServiceCd=780&Type=search", "url2": null }, "geometry": { "type": "Point", "coordinates": [ 130.749410500000067, 33.7736192 ] } },
{ "type": "Feature", "properties": { "内容": "ほねつぎデイサービス黒崎【地域密着型通所介護】福岡県北九州市八幡西区幸神4-1-36", "url": "https://www.kaigokensaku.mhlw.go.jp/40/index.php?action_kouhyou_detail_004_kani=true&JigyosyoCd=4090700768-00&ServiceCd=780&Type=search", "url2": null }, "geometry": { "type": "Point", "coordinates": [ 130.7613672, 33.855972 ] } },
{ "type": "Feature", "properties": { "内容": "デイサービスセンター　ビー・ブレスト【地域密着型通所介護】北九州市八幡西区楠橋西2-6-14", "url": "https://www.kaigokensaku.mhlw.go.jp/40/index.php?action_kouhyou_detail_004_kani=true&JigyosyoCd=4070704095-00&ServiceCd=780&Type=search", "url2": null }, "geometry": { "type": "Point", "coordinates": [ 130.723209399999973, 33.7882425 ] } },
{ "type": "Feature", "properties": { "内容": "デイサービス　春の音【地域密着型通所介護】福岡県北九州市八幡西区折尾二丁目５番２０号", "url": "https://www.kaigokensaku.mhlw.go.jp/40/index.php?action_kouhyou_detail_004_kani=true&JigyosyoCd=4090701097-00&ServiceCd=780&Type=search", "url2": null }, "geometry": { "type": "Point", "coordinates": [ 130.7146603, 33.8672832 ] } },
{ "type": "Feature", "properties": { "内容": "デイサービスほまれ亭【地域密着型通所介護】北九州市八幡西区町上津役東３－５－１９", "url": "https://www.kaigokensaku.mhlw.go.jp/40/index.php?action_kouhyou_detail_004_kani=true&JigyosyoCd=4070705365-00&ServiceCd=780&Type=search", "url2": "http://hp.kaipoke.biz/gsu/index.html" }, "geometry": { "type": "Point", "coordinates": [ 130.7621997, 33.8227668 ] } },
{ "type": "Feature", "properties": { "内容": "デイサービス小春日和【地域密着型通所介護】福岡県北九州市八幡西区町上津役東一丁目３-３７", "url": "https://www.kaigokensaku.mhlw.go.jp/40/index.php?action_kouhyou_detail_004_kani=true&JigyosyoCd=4090700883-00&ServiceCd=780&Type=search", "url2": "http://www.anshincare.jp" }, "geometry": { "type": "Point", "coordinates": [ 130.753843054697285, 33.826472382279341 ] } },
{ "type": "Feature", "properties": { "内容": "ともはらデイサービスセンター　永犬丸【地域密着型通所介護】福岡県北九州市八幡西区永犬丸南町一丁目４番１７号", "url": "https://www.kaigokensaku.mhlw.go.jp/40/index.php?action_kouhyou_detail_004_kani=true&JigyosyoCd=4070705514-00&ServiceCd=780&Type=search", "url2": null }, "geometry": { "type": "Point", "coordinates": [ 130.733840800000053, 33.8339512 ] } },
{ "type": "Feature", "properties": { "内容": "エフコープデイサービス　りんご庵下上津役【地域密着型通所介護】福岡県北九州市八幡西区下上津役4-19-12", "url": "https://www.kaigokensaku.mhlw.go.jp/40/index.php?action_kouhyou_detail_004_kani=true&JigyosyoCd=4090700727-00&ServiceCd=780&Type=search", "url2": "http://www.fcoop.or.jp/" }, "geometry": { "type": "Point", "coordinates": [ 130.74405390000004, 33.8265327 ] } },
{ "type": "Feature", "properties": { "内容": "デイサービスセンター　福の里【地域密着型通所介護】北九州市八幡西区楠橋上方２－１８－３７", "url": "https://www.kaigokensaku.mhlw.go.jp/40/index.php?action_kouhyou_detail_004_kani=true&JigyosyoCd=4070703501-00&ServiceCd=780&Type=search", "url2": null }, "geometry": { "type": "Point", "coordinates": [ 130.729583899999966, 33.7931363 ] } },
{ "type": "Feature", "properties": { "内容": "テンダー楠橋デイサービスセンター【地域密着型通所介護】福岡県北九州市八幡西区楠橋下方2丁目２－１５", "url": "https://www.kaigokensaku.mhlw.go.jp/40/index.php?action_kouhyou_detail_004_kani=true&JigyosyoCd=4070704798-00&ServiceCd=780&Type=search", "url2": null }, "geometry": { "type": "Point", "coordinates": [ 130.727264600000012, 33.7911921 ] } },
{ "type": "Feature", "properties": { "内容": "笑顔満開はなことば八幡西【地域密着型通所介護】大平２丁目７−３", "url": "https://www.kaigokensaku.mhlw.go.jp/40/index.php?action_kouhyou_detail_004_kani=true&JigyosyoCd=4070705431-00&ServiceCd=780&Type=search", "url2": null }, "geometry": { "type": "Point", "coordinates": [ 130.747788101172034, 33.821011359923723 ] } },
{ "type": "Feature", "properties": { "内容": "デイサービス・はたの里【地域密着型通所介護】福岡県北九州市八幡西区楠橋上方1丁目11番1号", "url": "https://www.kaigokensaku.mhlw.go.jp/40/index.php?action_kouhyou_detail_004_kani=true&JigyosyoCd=4070704491-00&ServiceCd=780&Type=search", "url2": "https://katsuki-roujinhome.com" }, "geometry": { "type": "Point", "coordinates": [ 130.730612901083617, 33.79667549472174 ] } },
{ "type": "Feature", "properties": { "内容": "ログハウス【地域密着型通所介護】福岡県北九州市八幡西区下上津役3-3-6", "url": "https://www.kaigokensaku.mhlw.go.jp/40/index.php?action_kouhyou_detail_004_kani=true&JigyosyoCd=4090701014-00&ServiceCd=780&Type=search", "url2": "http://kirinkan.co.jp/" }, "geometry": { "type": "Point", "coordinates": [ 130.7419358, 33.8260133 ] } },
{ "type": "Feature", "properties": { "内容": "愛care本館【地域密着型通所介護】福岡県北九州市八幡西区本城東二丁目三番九号なかの鍼灸整骨院ビル2F", "url": "https://www.kaigokensaku.mhlw.go.jp/40/index.php?action_kouhyou_detail_004_kani=true&JigyosyoCd=4070703907-00&ServiceCd=780&Type=search", "url2": "http://sclcorp.co.jp/" }, "geometry": { "type": "Point", "coordinates": [ 130.734842100000037, 33.8772017 ] } },
{ "type": "Feature", "properties": { "内容": "デイサービスアップルハート八幡西【地域密着型通所介護】北九州市八幡西区別所町2-25ユリズビル1F", "url": "https://www.kaigokensaku.mhlw.go.jp/40/index.php?action_kouhyou_detail_004_kani=true&JigyosyoCd=4070704202-00&ServiceCd=780&Type=search", "url2": null }, "geometry": { "type": "Point", "coordinates": [ 130.760318399999989, 33.8429802 ] } },
{ "type": "Feature", "properties": { "内容": "でいさーびすせんたーはっぴーはうす【地域密着型通所介護】福岡県北九州市八幡西区浅川町１番２１号", "url": "https://www.kaigokensaku.mhlw.go.jp/40/index.php?action_kouhyou_detail_004_kani=true&JigyosyoCd=4070704350-00&ServiceCd=780&Type=search", "url2": "https://happyhouse-kaigo.jp/" }, "geometry": { "type": "Point", "coordinates": [ 130.6966648, 33.8850691 ] } },
{ "type": "Feature", "properties": { "内容": "早稲田イーライフ相生【地域密着型通所介護】福岡県北九州市八幡西区相生町14-8ＭＹビル", "url": "https://www.kaigokensaku.mhlw.go.jp/40/index.php?action_kouhyou_detail_004_kani=true&JigyosyoCd=4070705035-00&ServiceCd=780&Type=search", "url2": "http://b-wids.jp/" }, "geometry": { "type": "Point", "coordinates": [ 130.748841428836045, 33.849648603564994 ] } },
{ "type": "Feature", "properties": { "内容": "デイサービス　リアリゼ黒崎【地域密着型通所介護】北九州市八幡西区黒崎５丁目２番１４号リアリゼビル2F", "url": "https://www.kaigokensaku.mhlw.go.jp/40/index.php?action_kouhyou_detail_004_kani=true&JigyosyoCd=4070705134-00&ServiceCd=780&Type=search", "url2": null }, "geometry": { "type": "Point", "coordinates": [ 130.761881799999969, 33.8642845 ] } },
{ "type": "Feature", "properties": { "内容": "デイサービスセンター　京良城【地域密着型通所介護】北九州市八幡西区京良城町2番19号", "url": "https://www.kaigokensaku.mhlw.go.jp/40/index.php?action_kouhyou_detail_004_kani=true&JigyosyoCd=4070705886-00&ServiceCd=780&Type=search", "url2": "http://www.syunpuukan.co.jp/" }, "geometry": { "type": "Point", "coordinates": [ 130.764709900000071, 33.8464366 ] } },
{ "type": "Feature", "properties": { "内容": "デイサービス　あくと【地域密着型通所介護】紅梅３－２－６", "url": "https://www.kaigokensaku.mhlw.go.jp/40/index.php?action_kouhyou_detail_004_kani=true&JigyosyoCd=4070705894-00&ServiceCd=780&Type=search", "url2": null }, "geometry": { "type": "Point", "coordinates": [ 130.776219500000025, 33.8621601 ] } },
{ "type": "Feature", "properties": { "内容": "デイサービスここあ鳴水【地域密着型通所介護】鳴水町7番11号", "url": "https://www.kaigokensaku.mhlw.go.jp/40/index.php?action_kouhyou_detail_004_kani=true&JigyosyoCd=4070706108-00&ServiceCd=780&Type=search", "url2": "https://www.cocoa-kaigo.com/" }, "geometry": { "type": "Point", "coordinates": [ 130.779033858583063, 33.851442665086154 ] } },
{ "type": "Feature", "properties": { "内容": "ほっとステーションわかば【地域密着型通所介護】福岡県北九州市八幡西区若葉三丁目１２－１３", "url": "https://www.kaigokensaku.mhlw.go.jp/40/index.php?action_kouhyou_detail_004_kani=true&JigyosyoCd=4070706660-00&ServiceCd=780&Type=search", "url2": null }, "geometry": { "type": "Point", "coordinates": [ 130.742775333868394, 33.843113770753661 ] } },
{ "type": "Feature", "properties": { "内容": "ベッキーの耀【地域密着型通所介護】福岡県北九州市八幡西区楠木二丁目2番3号", "url": "https://www.kaigokensaku.mhlw.go.jp/40/index.php?action_kouhyou_detail_004_kani=true&JigyosyoCd=4070706686-00&ServiceCd=780&Type=search", "url2": "http://www.becky-akari.com/" }, "geometry": { "type": "Point", "coordinates": [ 130.721514087731521, 33.871561345984368 ] } },
{ "type": "Feature", "properties": { "内容": "デイサービス・豊年満作【地域密着型通所介護】福岡県北九州市八幡西区香月西3丁目9番10号", "url": "https://www.kaigokensaku.mhlw.go.jp/40/index.php?action_kouhyou_detail_004_kani=true&JigyosyoCd=4071701066-00&ServiceCd=780&Type=search", "url2": null }, "geometry": { "type": "Point", "coordinates": [ 130.728495, 33.8027046 ] } },
{ "type": "Feature", "properties": { "内容": "ラ・ポルトブルー【地域密着型通所介護】福岡県北九州市八幡西区陣原1丁目2番10号", "url": "https://www.kaigokensaku.mhlw.go.jp/40/index.php?action_kouhyou_detail_004_kani=true&JigyosyoCd=4090700628-00&ServiceCd=780&Type=search", "url2": "http://www.showa-hp.or.jp" }, "geometry": { "type": "Point", "coordinates": [ 130.743500444963644, 33.867434979432261 ] } },
{ "type": "Feature", "properties": { "内容": "デイサービス　ここあ則松【地域密着型通所介護】福岡県北九州市八幡西区則松６丁目9-42", "url": "https://www.kaigokensaku.mhlw.go.jp/40/index.php?action_kouhyou_detail_004_kani=true&JigyosyoCd=4090700636-00&ServiceCd=780&Type=search", "url2": "https://www.cocoa-kaigo.com/" }, "geometry": { "type": "Point", "coordinates": [ 130.717734047217277, 33.852296735235136 ] } },
{ "type": "Feature", "properties": { "内容": "デイサービスこうじゃく【地域密着型通所介護】福岡県北九州市八幡西区上上津役二丁目20番2号", "url": "https://www.kaigokensaku.mhlw.go.jp/40/index.php?action_kouhyou_detail_004_kani=true&JigyosyoCd=4090700651-00&ServiceCd=780&Type=search", "url2": null }, "geometry": { "type": "Point", "coordinates": [ 130.761635030163546, 33.830893486409046 ] } },
{ "type": "Feature", "properties": { "内容": "デイサービス　ふくろうの家【地域密着型通所介護】楠橋東２丁目８－６", "url": "https://www.kaigokensaku.mhlw.go.jp/40/index.php?action_kouhyou_detail_004_kani=true&JigyosyoCd=4090700685-00&ServiceCd=780&Type=search", "url2": "https://owl-home.info" }, "geometry": { "type": "Point", "coordinates": [ 130.731167, 33.788306 ] } },
{ "type": "Feature", "properties": { "内容": "デイサービス　いちのせ【地域密着型通所介護】福岡県北九州市八幡西区市瀬３丁目１３番８号", "url": "https://www.kaigokensaku.mhlw.go.jp/40/index.php?action_kouhyou_detail_004_kani=true&JigyosyoCd=4090700776-00&ServiceCd=780&Type=search", "url2": "https://danrannoie.com/home/ichinose.html" }, "geometry": { "type": "Point", "coordinates": [ 130.7692817, 33.835930500000011 ] } },
{ "type": "Feature", "properties": { "内容": "クレール皿倉【地域密着型通所介護】北九州市八幡西区河桃町", "url": "https://www.kaigokensaku.mhlw.go.jp/40/index.php?action_kouhyou_detail_004_kani=true&JigyosyoCd=4090700818-00&ServiceCd=780&Type=search", "url2": "-" }, "geometry": { "type": "Point", "coordinates": [ 130.781987332448523, 33.864313679617986 ] } },
{ "type": "Feature", "properties": { "内容": "デイサロン　Olive【地域密着型通所介護】福岡県北九州市八幡西区岩崎四丁目13番8号", "url": "https://www.kaigokensaku.mhlw.go.jp/40/index.php?action_kouhyou_detail_004_kani=true&JigyosyoCd=4090700826-00&ServiceCd=780&Type=search", "url2": null }, "geometry": { "type": "Point", "coordinates": [ 130.7158768, 33.8087467 ] } },
{ "type": "Feature", "properties": { "内容": "デイサービス金剛倶楽部【地域密着型通所介護】野面1丁目6-12", "url": "https://www.kaigokensaku.mhlw.go.jp/40/index.php?action_kouhyou_detail_004_kani=true&JigyosyoCd=4090700859-00&ServiceCd=780&Type=search", "url2": null }, "geometry": { "type": "Point", "coordinates": [ 130.73948, 33.784237 ] } },
{ "type": "Feature", "properties": { "内容": "リハビリホーム　樹の杜【地域密着型通所介護】福岡県北九州市八幡西区香月西1丁目4-27", "url": "https://www.kaigokensaku.mhlw.go.jp/40/index.php?action_kouhyou_detail_004_kani=true&JigyosyoCd=4090700875-00&ServiceCd=780&Type=search", "url2": "https://kinomori.co.jp" }, "geometry": { "type": "Point", "coordinates": [ 130.7302721, 33.8077337 ] } },
{ "type": "Feature", "properties": { "内容": "地域密着型通所介護デイサービス晋【地域密着型通所介護】北九州市上上津役三丁目5番18号", "url": "https://www.kaigokensaku.mhlw.go.jp/40/index.php?action_kouhyou_detail_004_kani=true&JigyosyoCd=4090700974-00&ServiceCd=780&Type=search", "url2": null }, "geometry": { "type": "Point", "coordinates": [ 130.75380770000001, 33.830016 ] } },
{ "type": "Feature", "properties": { "内容": "さわやかさくら山荘【地域密着型通所介護】福岡県北九州市八幡西区清納2丁目11-13", "url": "https://www.kaigokensaku.mhlw.go.jp/40/index.php?action_kouhyou_detail_004_kani=true&JigyosyoCd=4090701089-00&ServiceCd=780&Type=search", "url2": "https://sawayakaclub.jp/sakurasansou" }, "geometry": { "type": "Point", "coordinates": [ 130.778215534393297, 33.85997909837959 ] } },
{ "type": "Feature", "properties": { "内容": "きらきらデイサービス【地域密着型通所介護】福岡県北九州市八幡西区千代１丁目２番３号", "url": "https://www.kaigokensaku.mhlw.go.jp/40/index.php?action_kouhyou_detail_004_kani=true&JigyosyoCd=4070706496-00&ServiceCd=780&Type=search", "url2": null }, "geometry": { "type": "Point", "coordinates": [ 130.750140099999953, 33.8095178 ] } },
{ "type": "Feature", "properties": { "内容": "護休庵デイサービスセンター【地域密着型通所介護】北九州市八幡西区田町１丁目７－７", "url": "https://www.kaigokensaku.mhlw.go.jp/40/index.php?action_kouhyou_detail_004_kani=true&JigyosyoCd=4070705704-00&ServiceCd=780&Type=search", "url2": "http://asipeace.com" }, "geometry": { "type": "Point", "coordinates": [ 130.774875, 33.8691204 ] } },
{ "type": "Feature", "properties": { "内容": "リハビリ特化型デイサービスすずな【地域密着型通所介護】福岡県北九州市八幡西区瀬板2丁目10-15", "url": "https://www.kaigokensaku.mhlw.go.jp/40/index.php?action_kouhyou_detail_004_kani=true&JigyosyoCd=4070706561-00&ServiceCd=780&Type=search", "url2": "https://www.nazuna-7bonds.com/" }, "geometry": { "type": "Point", "coordinates": [ 130.731799168122791, 33.865005361752978 ] } },
{ "type": "Feature", "properties": { "内容": "デイサービス　花いちご【地域密着型通所介護】福岡県北九州市八幡西区大字本城2770-2", "url": "https://www.kaigokensaku.mhlw.go.jp/40/index.php?action_kouhyou_detail_004_kani=true&JigyosyoCd=4070704657-00&ServiceCd=780&Type=search", "url2": null }, "geometry": { "type": "Point", "coordinates": [ 130.725978400000031, 33.8872117 ] } },
{ "type": "Feature", "properties": { "内容": "リハプライド八幡黒崎【地域密着型通所介護】福岡県北九州市八幡西区別当町1-25メゾンモンブラン京良城1階", "url": "https://www.kaigokensaku.mhlw.go.jp/40/index.php?action_kouhyou_detail_004_kani=true&JigyosyoCd=4090701154-00&ServiceCd=780&Type=search", "url2": "https://www.rehapride.co.jp/yahatakurosaki/" }, "geometry": { "type": "Point", "coordinates": [ 130.762974600000035, 33.847953500000017 ] } },
{ "type": "Feature", "properties": { "内容": "健活デイサービス癒しの丘【地域密着型通所介護】福岡県北九州市八幡西区東鳴水３丁目６番２８号", "url": "https://www.kaigokensaku.mhlw.go.jp/40/index.php?action_kouhyou_detail_004_kani=true&JigyosyoCd=4090701162-00&ServiceCd=780&Type=search", "url2": "https://iyashinooka.net" }, "geometry": { "type": "Point", "coordinates": [ 130.769598300000013, 33.854945 ] } },
{ "type": "Feature", "properties": { "内容": "木屋瀬デイサービス楓【地域密着型通所介護】北九州市八幡西区木屋瀬3丁目１８－１８", "url": "https://www.kaigokensaku.mhlw.go.jp/40/index.php?action_kouhyou_detail_004_kani=true&JigyosyoCd=4070703840-00&ServiceCd=780&Type=search", "url2": "http://www." }, "geometry": { "type": "Point", "coordinates": [ 130.720520699999952, 33.7787435 ] } },
{ "type": "Feature", "properties": { "内容": "介護予防センター　ビーバランス【地域密着型通所介護】福岡県北九州市八幡西区千代3丁目1番6号　千代ショッピングパーク内", "url": "https://www.kaigokensaku.mhlw.go.jp/40/index.php?action_kouhyou_detail_004_kani=true&JigyosyoCd=4090700933-00&ServiceCd=780&Type=search", "url2": null }, "geometry": { "type": "Point", "coordinates": [ 130.744739339286809, 33.810227128481017 ] } },
{ "type": "Feature", "properties": { "内容": "デイサービス杏樹【地域密着型通所介護】福岡県北九州市八幡西区若葉３丁目1-1-13", "url": "https://www.kaigokensaku.mhlw.go.jp/40/index.php?action_kouhyou_detail_004_kani=true&JigyosyoCd=4090700966-00&ServiceCd=780&Type=search", "url2": null }, "geometry": { "type": "Point", "coordinates": [ 130.742209399999979, 33.8473777 ] } },
{ "type": "Feature", "properties": { "内容": "だんらんの家　木屋瀬【地域密着型通所介護】木屋瀬三丁目10-13", "url": "https://www.kaigokensaku.mhlw.go.jp/40/index.php?action_kouhyou_detail_004_kani=true&JigyosyoCd=4090701121-00&ServiceCd=780&Type=search", "url2": null }, "geometry": { "type": "Point", "coordinates": [ 130.721260300000012, 33.7803975 ] } },
{ "type": "Feature", "properties": { "内容": "なごみのデイサービス【地域密着型通所介護】福岡県福岡市東区千早２丁目２１－７", "url": "https://www.kaigokensaku.mhlw.go.jp/40/index.php?action_kouhyou_detail_004_kani=true&JigyosyoCd=4070803566-00&ServiceCd=780&Type=search", "url2": "info@nagomikango.com" }, "geometry": { "type": "Point", "coordinates": [ 130.4328001, 33.6474767 ] } },
{ "type": "Feature", "properties": { "内容": "宅老所　もやいの家【地域密着型通所介護】福岡市東区箱崎１丁目２４番１５号", "url": "https://www.kaigokensaku.mhlw.go.jp/40/index.php?action_kouhyou_detail_004_kani=true&JigyosyoCd=4070801198-00&ServiceCd=780&Type=search", "url2": "http://www.fukushiseikyou.jp/office/fukuoka-higashi/" }, "geometry": { "type": "Point", "coordinates": [ 130.423029700000029, 33.6160385 ] } },
{ "type": "Feature", "properties": { "内容": "デイサービス楽園【地域密着型通所介護】福岡市東区志賀島１７３５番地の１５３", "url": "https://www.kaigokensaku.mhlw.go.jp/40/index.php?action_kouhyou_detail_004_kani=true&JigyosyoCd=4070802212-00&ServiceCd=780&Type=search", "url2": "http://rakuen-fukushi.com" }, "geometry": { "type": "Point", "coordinates": [ 130.308313500494364, 33.660253352472246 ] } },
{ "type": "Feature", "properties": { "内容": "デイサービス　はなことば　さくら名島【地域密着型通所介護】福岡県福岡市東区名島1-15-10", "url": "https://www.kaigokensaku.mhlw.go.jp/40/index.php?action_kouhyou_detail_004_kani=true&JigyosyoCd=4090800402-00&ServiceCd=780&Type=search", "url2": "http://sakuranajima.com/about" }, "geometry": { "type": "Point", "coordinates": [ 130.423595200000022, 33.645554400000016 ] } },
{ "type": "Feature", "properties": { "内容": "レコードブック箱崎宮前【地域密着型通所介護】福岡県福岡市東区馬出3丁目12番地26号ロイヤルシティ箱崎　1階", "url": "https://www.kaigokensaku.mhlw.go.jp/40/index.php?action_kouhyou_detail_004_kani=true&JigyosyoCd=4090800535-00&ServiceCd=780&Type=search", "url2": "https://www.recordbook.jp/facility/hakozakimiyamae/" }, "geometry": { "type": "Point", "coordinates": [ 130.414539600000012, 33.6142273 ] } },
{ "type": "Feature", "properties": { "内容": "デイサービスらくらく【地域密着型通所介護】福岡県福岡市東区青葉３丁目３５番１６号", "url": "https://www.kaigokensaku.mhlw.go.jp/40/index.php?action_kouhyou_detail_004_kani=true&JigyosyoCd=4070802568-00&ServiceCd=780&Type=search", "url2": "http://www.nadeshicom.com" }, "geometry": { "type": "Point", "coordinates": [ 130.432678399999986, 33.638266600000023 ] } },
{ "type": "Feature", "properties": { "内容": "ほほえみデイサービス青葉【地域密着型通所介護】福岡県福岡市東区名子１丁目4-9", "url": "https://www.kaigokensaku.mhlw.go.jp/40/index.php?action_kouhyou_detail_004_kani=true&JigyosyoCd=4070802972-00&ServiceCd=780&Type=search", "url2": null }, "geometry": { "type": "Point", "coordinates": [ 130.476483499999972, 33.6378674 ] } },
{ "type": "Feature", "properties": { "内容": "花ろんど【地域密着型通所介護】福岡市東区唐原２丁目-11-23", "url": "https://www.kaigokensaku.mhlw.go.jp/40/index.php?action_kouhyou_detail_004_kani=true&JigyosyoCd=4070804176-00&ServiceCd=780&Type=search", "url2": "https://www.uni-bri.com" }, "geometry": { "type": "Point", "coordinates": [ 130.43309290000002, 33.6775731 ] } },
{ "type": "Feature", "properties": { "内容": "ミック健康の森　貝塚【地域密着型通所介護】福岡県福岡市東区筥松4-8-67", "url": "https://www.kaigokensaku.mhlw.go.jp/40/index.php?action_kouhyou_detail_004_kani=true&JigyosyoCd=4070804424-00&ServiceCd=780&Type=search", "url2": "http://un-mik.co.jp/kenko/" }, "geometry": { "type": "Point", "coordinates": [ 130.427837299999965, 33.6311812 ] } },
{ "type": "Feature", "properties": { "内容": "さくらデイサービス東研【地域密着型通所介護】福岡県福岡市東区八田3-13-15", "url": "https://www.kaigokensaku.mhlw.go.jp/40/index.php?action_kouhyou_detail_004_kani=true&JigyosyoCd=4070804267-00&ServiceCd=780&Type=search", "url2": "http://www.miyuki-seikotsuin.com/day.html" }, "geometry": { "type": "Point", "coordinates": [ 130.453757699999983, 33.6389422 ] } },
{ "type": "Feature", "properties": { "内容": "デイサービス三苫　輝【地域密着型通所介護】福岡県福岡市東区三苫１－５－１２", "url": "https://www.kaigokensaku.mhlw.go.jp/40/index.php?action_kouhyou_detail_004_kani=true&JigyosyoCd=4070802865-00&ServiceCd=780&Type=search", "url2": "http://dsmitoma.wixsite.com/mitoma" }, "geometry": { "type": "Point", "coordinates": [ 130.418871, 33.6964066 ] } },
{ "type": "Feature", "properties": { "内容": "箱崎第2もやいの家【地域密着型通所介護】福岡市東区箱崎１丁目26-36", "url": "https://www.kaigokensaku.mhlw.go.jp/40/index.php?action_kouhyou_detail_004_kani=true&JigyosyoCd=4070801933-00&ServiceCd=780&Type=search", "url2": "https://www.fukushiseikyou.jp/" }, "geometry": { "type": "Point", "coordinates": [ 130.424993399999948, 33.6169384 ] } },
{ "type": "Feature", "properties": { "内容": "デイサービス　ひまわりはらだ【地域密着型通所介護】福岡市東区原田2丁目14番33号", "url": "https://www.kaigokensaku.mhlw.go.jp/40/index.php?action_kouhyou_detail_004_kani=true&JigyosyoCd=4070802006-00&ServiceCd=780&Type=search", "url2": "http://www.npo-hima.net/ds_harada.html" }, "geometry": { "type": "Point", "coordinates": [ 130.432331699999963, 33.6219962 ] } },
{ "type": "Feature", "properties": { "内容": "デイサービスセンター　ヒーリングハウス【地域密着型通所介護】福岡市東区箱崎7丁目1番17号", "url": "https://www.kaigokensaku.mhlw.go.jp/40/index.php?action_kouhyou_detail_004_kani=true&JigyosyoCd=4070802238-00&ServiceCd=780&Type=search", "url2": "http://hfcs.jp" }, "geometry": { "type": "Point", "coordinates": [ 130.424937499999942, 33.6310728 ] } },
{ "type": "Feature", "properties": { "内容": "ケア・ワーカーズステーション福寿【地域密着型通所介護】福岡市東区箱崎４丁目37-9", "url": "https://www.kaigokensaku.mhlw.go.jp/40/index.php?action_kouhyou_detail_004_kani=true&JigyosyoCd=4070802352-00&ServiceCd=780&Type=search", "url2": null }, "geometry": { "type": "Point", "coordinates": [ 130.415438399999971, 33.6212876 ] } },
{ "type": "Feature", "properties": { "内容": "ほほえみデイサービス【地域密着型通所介護】福岡県福岡市東区箱崎1丁目24番24号", "url": "https://www.kaigokensaku.mhlw.go.jp/40/index.php?action_kouhyou_detail_004_kani=true&JigyosyoCd=4070802543-00&ServiceCd=780&Type=search", "url2": null }, "geometry": { "type": "Point", "coordinates": [ 130.423274099999958, 33.6159857 ] } },
{ "type": "Feature", "properties": { "内容": "イーライフ東福岡【地域密着型通所介護】福岡市東区松崎1-11-12", "url": "https://www.kaigokensaku.mhlw.go.jp/40/index.php?action_kouhyou_detail_004_kani=true&JigyosyoCd=4070802733-00&ServiceCd=780&Type=search", "url2": "http://www.elife-fukuoka.com" }, "geometry": { "type": "Point", "coordinates": [ 130.441133600000057, 33.6355117 ] } },
{ "type": "Feature", "properties": { "内容": "イーライフ千早【地域密着型通所介護】福岡県福岡市東区千早4-1-6稲光ビルⅡ　1階", "url": "https://www.kaigokensaku.mhlw.go.jp/40/index.php?action_kouhyou_detail_004_kani=true&JigyosyoCd=4070802949-00&ServiceCd=780&Type=search", "url2": "http://elife-fukuoka.com/" }, "geometry": { "type": "Point", "coordinates": [ 130.434333400000014, 33.6451909 ] } },
{ "type": "Feature", "properties": { "内容": "デイサービスさんぽ道【地域密着型通所介護】福岡県福岡市東区美和台７丁目１８－５", "url": "https://www.kaigokensaku.mhlw.go.jp/40/index.php?action_kouhyou_detail_004_kani=true&JigyosyoCd=4070803087-00&ServiceCd=780&Type=search", "url2": "http:/ameblo.jp/sanpocafe/" }, "geometry": { "type": "Point", "coordinates": [ 130.430353500000024, 33.7021508 ] } },
{ "type": "Feature", "properties": { "内容": "リハビリデイ　パーム和白【地域密着型通所介護】福岡市東区和白丘2丁目3‐30", "url": "https://www.kaigokensaku.mhlw.go.jp/40/index.php?action_kouhyou_detail_004_kani=true&JigyosyoCd=4070803434-00&ServiceCd=780&Type=search", "url2": "http://ulysses-palm.com/" }, "geometry": { "type": "Point", "coordinates": [ 130.429606599999943, 33.691327 ] } },
{ "type": "Feature", "properties": { "内容": "デイサービス東【地域密着型通所介護】福岡県福岡市東区松崎1丁目13-16", "url": "https://www.kaigokensaku.mhlw.go.jp/40/index.php?action_kouhyou_detail_004_kani=true&JigyosyoCd=4070803558-00&ServiceCd=780&Type=search", "url2": "http://k-setup.jp/dayservice.html" }, "geometry": { "type": "Point", "coordinates": [ 130.441727180481706, 33.634263873291211 ] } },
{ "type": "Feature", "properties": { "内容": "めぐみ　でいさーびす【地域密着型通所介護】福岡市東区舞松原一丁目12番17号マザーホーム第2ビル　1Ｆ-Ａ2", "url": "https://www.kaigokensaku.mhlw.go.jp/40/index.php?action_kouhyou_detail_004_kani=true&JigyosyoCd=4070803632-00&ServiceCd=780&Type=search", "url2": "https://hikarifukushi.jp/" }, "geometry": { "type": "Point", "coordinates": [ 130.448949500000026, 33.6405196 ] } },
{ "type": "Feature", "properties": { "内容": "デイサービスLOOP【地域密着型通所介護】福岡県福岡市東区香椎駅前２－４－９", "url": "https://www.kaigokensaku.mhlw.go.jp/40/index.php?action_kouhyou_detail_004_kani=true&JigyosyoCd=4070804002-00&ServiceCd=780&Type=search", "url2": null }, "geometry": { "type": "Point", "coordinates": [ 130.438568499999974, 33.6581144 ] } },
{ "type": "Feature", "properties": { "内容": "デイサービス三苫　雅【地域密着型通所介護】三苫1-5-13", "url": "https://www.kaigokensaku.mhlw.go.jp/40/index.php?action_kouhyou_detail_004_kani=true&JigyosyoCd=4070804234-00&ServiceCd=780&Type=search", "url2": null }, "geometry": { "type": "Point", "coordinates": [ 130.418773800000054, 33.696376 ] } },
{ "type": "Feature", "properties": { "内容": "ほほえみデイサービス福岡【地域密着型通所介護】福岡県福岡市東区筥松３丁目３-１７", "url": "https://www.kaigokensaku.mhlw.go.jp/40/index.php?action_kouhyou_detail_004_kani=true&JigyosyoCd=4070804341-00&ServiceCd=780&Type=search", "url2": null }, "geometry": { "type": "Point", "coordinates": [ 130.429015299999946, 33.6218934 ] } },
{ "type": "Feature", "properties": { "内容": "デイサービスのんき【地域密着型通所介護】福岡県福岡市東区西戸崎5-9-48", "url": "https://www.kaigokensaku.mhlw.go.jp/40/index.php?action_kouhyou_detail_004_kani=true&JigyosyoCd=4070804432-00&ServiceCd=780&Type=search", "url2": "http://home-genki.com/" }, "geometry": { "type": "Point", "coordinates": [ 130.348627449073803, 33.651843294511579 ] } },
{ "type": "Feature", "properties": { "内容": "早稲田イーライフ三苫【地域密着型通所介護】福岡県福岡市東区三苫5-5-45ブリージング三苫A　1F", "url": "https://www.kaigokensaku.mhlw.go.jp/40/index.php?action_kouhyou_detail_004_kani=true&JigyosyoCd=4070804572-00&ServiceCd=780&Type=search", "url2": "http://www.elife-fukuoka.com/" }, "geometry": { "type": "Point", "coordinates": [ 130.42114289999995, 33.7049807 ] } },
{ "type": "Feature", "properties": { "内容": "デイサービス　ラペ香住ヶ丘【地域密着型通所介護】福岡県福岡市東区香住ヶ丘4-3-12", "url": "https://www.kaigokensaku.mhlw.go.jp/40/index.php?action_kouhyou_detail_004_kani=true&JigyosyoCd=4090800931-00&ServiceCd=780&Type=search", "url2": null }, "geometry": { "type": "Point", "coordinates": [ 130.4344845, 33.6745444 ] } },
{ "type": "Feature", "properties": { "内容": "きたえるーむ福岡舞松原【地域密着型通所介護】福岡県福岡市東区舞松原5-27-25MCビル101号", "url": "https://www.kaigokensaku.mhlw.go.jp/40/index.php?action_kouhyou_detail_004_kani=true&JigyosyoCd=4090800956-00&ServiceCd=780&Type=search", "url2": "https://kitaeroom.com/shop/post-165.shtml" }, "geometry": { "type": "Point", "coordinates": [ 130.454641, 33.6450014 ] } },
{ "type": "Feature", "properties": { "内容": "デイサービスきんしゃい【地域密着型通所介護】福岡県福岡市東区箱崎1丁目29番4号", "url": "https://www.kaigokensaku.mhlw.go.jp/40/index.php?action_kouhyou_detail_004_kani=true&JigyosyoCd=4090800360-00&ServiceCd=780&Type=search", "url2": "http://care-net.biz/40/kinshai" }, "geometry": { "type": "Point", "coordinates": [ 130.423699, 33.6185715 ] } },
{ "type": "Feature", "properties": { "内容": "デイサービスきんしゃい帝大前【地域密着型通所介護】福岡県福岡市東区箱崎3丁目5番16号", "url": "https://www.kaigokensaku.mhlw.go.jp/40/index.php?action_kouhyou_detail_004_kani=true&JigyosyoCd=4090800378-00&ServiceCd=780&Type=search", "url2": "http://care-net.biz/40/kinshai" }, "geometry": { "type": "Point", "coordinates": [ 130.426090499999987, 33.6207435 ] } },
{ "type": "Feature", "properties": { "内容": "Let'sリハ原田【地域密着型通所介護】福岡県福岡市東区原田4丁目8番21号", "url": "https://www.kaigokensaku.mhlw.go.jp/40/index.php?action_kouhyou_detail_004_kani=true&JigyosyoCd=4090800410-00&ServiceCd=780&Type=search", "url2": "https://www.lets-reha.jp/" }, "geometry": { "type": "Point", "coordinates": [ 130.443289526462308, 33.625096591198883 ] } },
{ "type": "Feature", "properties": { "内容": "デイサービス楽園Ⅱ【地域密着型通所介護】福岡県福岡市東区志賀島1735-8", "url": "https://www.kaigokensaku.mhlw.go.jp/40/index.php?action_kouhyou_detail_004_kani=true&JigyosyoCd=4090800451-00&ServiceCd=780&Type=search", "url2": "https://www.rakuen-fukushi.com" }, "geometry": { "type": "Point", "coordinates": [ 130.3080023, 33.660219 ] } },
{ "type": "Feature", "properties": { "内容": "みらくるデイサービス筥松【地域密着型通所介護】福岡市東区筥松3-22-10", "url": "https://www.kaigokensaku.mhlw.go.jp/40/index.php?action_kouhyou_detail_004_kani=true&JigyosyoCd=4090800543-00&ServiceCd=780&Type=search", "url2": "https://mirakle.hakomatsu.com" }, "geometry": { "type": "Point", "coordinates": [ 130.429367800000023, 33.6272292 ] } },
{ "type": "Feature", "properties": { "内容": "デイサービス東　多々良【地域密着型通所介護】福岡市東区多々良1丁目52番10号", "url": "https://www.kaigokensaku.mhlw.go.jp/40/index.php?action_kouhyou_detail_004_kani=true&JigyosyoCd=4090800568-00&ServiceCd=780&Type=search", "url2": "http://k-setup.jp/" }, "geometry": { "type": "Point", "coordinates": [ 130.4168568, 33.6990691 ] } },
{ "type": "Feature", "properties": { "内容": "Let'sリハinthemall下原【地域密着型通所介護】福岡県福岡市東区下原4-2-1BRANCH福岡下原2階", "url": "https://www.kaigokensaku.mhlw.go.jp/40/index.php?action_kouhyou_detail_004_kani=true&JigyosyoCd=4090800584-00&ServiceCd=780&Type=search", "url2": "https://www.lets-reha.jp/" }, "geometry": { "type": "Point", "coordinates": [ 130.450769, 33.6726032 ] } },
{ "type": "Feature", "properties": { "内容": "デイサービス　ゆらいふ【地域密着型通所介護】下原2丁目15番33号あとほ～む香椎下原Ⅱ１Ｆ", "url": "https://www.kaigokensaku.mhlw.go.jp/40/index.php?action_kouhyou_detail_004_kani=true&JigyosyoCd=4090800592-00&ServiceCd=780&Type=search", "url2": null }, "geometry": { "type": "Point", "coordinates": [ 130.458157699999987, 33.6699444 ] } },
{ "type": "Feature", "properties": { "内容": "デイサービス　すまいるらいふ筥松【地域密着型通所介護】福岡県福岡市東区筥松１丁目4-20", "url": "https://www.kaigokensaku.mhlw.go.jp/40/index.php?action_kouhyou_detail_004_kani=true&JigyosyoCd=4090800600-00&ServiceCd=780&Type=search", "url2": "https://www.lifesolution.jp/" }, "geometry": { "type": "Point", "coordinates": [ 130.431741478538896, 33.616232693598526 ] } },
{ "type": "Feature", "properties": { "内容": "なごみのデイサービス千早【地域密着型通所介護】福岡県福岡市東区千早2丁目21番11号", "url": "https://www.kaigokensaku.mhlw.go.jp/40/index.php?action_kouhyou_detail_004_kani=true&JigyosyoCd=4090800642-00&ServiceCd=780&Type=search", "url2": "https:/www.nagomikango.com/" }, "geometry": { "type": "Point", "coordinates": [ 130.432785599999988, 33.6474858 ] } },
{ "type": "Feature", "properties": { "内容": "デイサービス　サンシン【地域密着型通所介護】福岡市東区唐原4丁目7-5", "url": "https://www.kaigokensaku.mhlw.go.jp/40/index.php?action_kouhyou_detail_004_kani=true&JigyosyoCd=4090800659-00&ServiceCd=780&Type=search", "url2": null }, "geometry": { "type": "Point", "coordinates": [ 130.4384063, 33.6792943 ] } },
{ "type": "Feature", "properties": { "内容": "デイサービス桜【地域密着型通所介護】福岡県福岡市東区名島1丁目15－10", "url": "https://www.kaigokensaku.mhlw.go.jp/40/index.php?action_kouhyou_detail_004_kani=true&JigyosyoCd=4090800717-00&ServiceCd=780&Type=search", "url2": "https://kafuu-company.com/" }, "geometry": { "type": "Point", "coordinates": [ 130.4235962, 33.6455195 ] } },
{ "type": "Feature", "properties": { "内容": "ミラクルデイサービスはこざき【地域密着型通所介護】馬出3-12-26ロイヤルシティ箱崎１階", "url": "https://www.kaigokensaku.mhlw.go.jp/40/index.php?action_kouhyou_detail_004_kani=true&JigyosyoCd=4090800790-00&ServiceCd=780&Type=search", "url2": "https://mirakle-hakomatsu.com/" }, "geometry": { "type": "Point", "coordinates": [ 130.4136637, 33.610253 ] } },
{ "type": "Feature", "properties": { "内容": "つくしんぼのデイサービス【地域密着型通所介護】福岡県福岡市東区箱崎ふ頭３丁目６番２６号1階", "url": "https://www.kaigokensaku.mhlw.go.jp/40/index.php?action_kouhyou_detail_004_kani=true&JigyosyoCd=4090800832-00&ServiceCd=780&Type=search", "url2": "http://www.kaigoservice.jp" }, "geometry": { "type": "Point", "coordinates": [ 130.42312, 33.6384704 ] } },
{ "type": "Feature", "properties": { "内容": "ミック健康の森　貝塚【地域密着型通所介護】福岡県福岡市東区筥松4-8-67", "url": "https://www.kaigokensaku.mhlw.go.jp/40/index.php?action_kouhyou_detail_004_kani=true&JigyosyoCd=4090800865-00&ServiceCd=780&Type=search", "url2": "https://mik-kenkonomori.com/" }, "geometry": { "type": "Point", "coordinates": [ 130.4277957, 33.6312688 ] } },
{ "type": "Feature", "properties": { "内容": "デイサービス東　土井【地域密着型通所介護】福岡県福岡市東区土井1丁目7-42", "url": "https://www.kaigokensaku.mhlw.go.jp/40/index.php?action_kouhyou_detail_004_kani=true&JigyosyoCd=4090800873-00&ServiceCd=780&Type=search", "url2": "https://k-setup.jp/" }, "geometry": { "type": "Point", "coordinates": [ 130.460935400000011, 33.6344229 ] } },
{ "type": "Feature", "properties": { "内容": "パークス福岡東【地域密着型通所介護】若宮二丁目41番22号", "url": "https://www.kaigokensaku.mhlw.go.jp/40/index.php?action_kouhyou_detail_004_kani=true&JigyosyoCd=4090800923-00&ServiceCd=780&Type=search", "url2": null }, "geometry": { "type": "Point", "coordinates": [ 130.451759126143088, 33.637227643531546 ] } },
{ "type": "Feature", "properties": { "内容": "デイサービス　ひまり【地域密着型通所介護】福岡市東区奈多3丁目3番20号", "url": "https://www.kaigokensaku.mhlw.go.jp/40/index.php?action_kouhyou_detail_004_kani=true&JigyosyoCd=4070803269-00&ServiceCd=780&Type=search", "url2": null }, "geometry": { "type": "Point", "coordinates": [ 130.412304886599713, 33.689053411965986 ] } },
{ "type": "Feature", "properties": { "内容": "デイサービス　Toquidoki　ときどき　九大県庁前【地域密着型通所介護】福岡県福岡市東区馬出2丁目2-43ライオンズマンション", "url": "https://www.kaigokensaku.mhlw.go.jp/40/index.php?action_kouhyou_detail_004_kani=true&JigyosyoCd=4090800493-00&ServiceCd=780&Type=search", "url2": "http://www.toquidoki.peacefulheart.jp/" }, "geometry": { "type": "Point", "coordinates": [ 130.419691300000068, 33.6102085 ] } },
{ "type": "Feature", "properties": { "内容": "デイサービス奈多cafe【地域密着型通所介護】福岡県福岡市東区奈多3丁目22-22", "url": "https://www.kaigokensaku.mhlw.go.jp/40/index.php?action_kouhyou_detail_004_kani=true&JigyosyoCd=4090800824-00&ServiceCd=780&Type=search", "url2": null }, "geometry": { "type": "Point", "coordinates": [ 130.4102098, 33.6890084 ] } },
{ "type": "Feature", "properties": { "内容": "デイサービス　にじいろ　三苫【地域密着型通所介護】福岡県福岡市東区三苫1丁目5番11号", "url": "https://www.kaigokensaku.mhlw.go.jp/40/index.php?action_kouhyou_detail_004_kani=true&JigyosyoCd=4090800972-00&ServiceCd=780&Type=search", "url2": "https://www.nijiiro-ds.com" }, "geometry": { "type": "Point", "coordinates": [ 130.4187806, 33.6965576 ] } },
{ "type": "Feature", "properties": { "内容": "デイサービス香椎　奏【地域密着型通所介護】福岡県福岡市東区香住ヶ丘2丁目4-12-1F", "url": "https://www.kaigokensaku.mhlw.go.jp/40/index.php?action_kouhyou_detail_004_kani=true&JigyosyoCd=4090800758-00&ServiceCd=780&Type=search", "url2": "https://dsmitoma.wixsite.com/kanade" }, "geometry": { "type": "Point", "coordinates": [ 130.442642299999989, 33.6684677 ] } },
{ "type": "Feature", "properties": { "内容": "デイサービスかやまち【地域密着型通所介護】名島４－１４－３７", "url": "https://www.kaigokensaku.mhlw.go.jp/40/index.php?action_kouhyou_detail_004_kani=true&JigyosyoCd=4070804333-00&ServiceCd=780&Type=search", "url2": null }, "geometry": { "type": "Point", "coordinates": [ 139.619592799999964, 35.8655309 ] } },
{ "type": "Feature", "properties": { "内容": "さかいの樹　那珂【地域密着型通所介護】福岡市博多区那珂5丁目3－50－1FステラST・ⅢC・D", "url": "https://www.kaigokensaku.mhlw.go.jp/40/index.php?action_kouhyou_detail_004_kani=true&JigyosyoCd=4090900285-00&ServiceCd=780&Type=search", "url2": "http://www/med-sakai.jp" }, "geometry": { "type": "Point", "coordinates": [ 130.442341100000021, 33.566194 ] } },
{ "type": "Feature", "properties": { "内容": "ミック健康の森竹下【地域密着型通所介護】竹下5-8-2", "url": "https://www.kaigokensaku.mhlw.go.jp/40/index.php?action_kouhyou_detail_004_kani=true&JigyosyoCd=4070903937-00&ServiceCd=780&Type=search", "url2": "http://www.un-mik.co.jp" }, "geometry": { "type": "Point", "coordinates": [ 130.434041500000035, 33.5694406 ] } },
{ "type": "Feature", "properties": { "内容": "心和の家デイサービス西月隈【地域密着型通所介護】福岡県福岡市博多区西月隈5-9-16", "url": "https://www.kaigokensaku.mhlw.go.jp/40/index.php?action_kouhyou_detail_004_kani=true&JigyosyoCd=4070802840-00&ServiceCd=780&Type=search", "url2": "http://www.sutekinajinsei.jp" }, "geometry": { "type": "Point", "coordinates": [ 130.458414764417995, 33.565704528404822 ] } },
{ "type": "Feature", "properties": { "内容": "シェモア福岡浦田通所介護事業部【地域密着型通所介護】福岡県福岡市博多区浦田１－２８－６６安寿の郷", "url": "https://www.kaigokensaku.mhlw.go.jp/40/index.php?action_kouhyou_detail_004_kani=true&JigyosyoCd=4070903036-00&ServiceCd=780&Type=search", "url2": "http://www.chezmoi.jp" }, "geometry": { "type": "Point", "coordinates": [ 130.475002300000028, 33.573933 ] } },
{ "type": "Feature", "properties": { "内容": "デイサービス　サンテラス【地域密着型通所介護】福岡市博多区諸岡４丁目26-16", "url": "https://www.kaigokensaku.mhlw.go.jp/40/index.php?action_kouhyou_detail_004_kani=true&JigyosyoCd=4070901477-00&ServiceCd=780&Type=search", "url2": "homepage3.nifty.com/yuaikai" }, "geometry": { "type": "Point", "coordinates": [ 130.447835199999986, 33.558714500000022 ] } },
{ "type": "Feature", "properties": { "内容": "イーライフ博多【地域密着型通所介護】福岡県福岡市博多区綱場町3-16三興ビル1階", "url": "https://www.kaigokensaku.mhlw.go.jp/40/index.php?action_kouhyou_detail_004_kani=true&JigyosyoCd=4070902228-00&ServiceCd=780&Type=search", "url2": "http://www.elife-fukuoka.com" }, "geometry": { "type": "Point", "coordinates": [ 130.407887100000039, 33.5970624 ] } },
{ "type": "Feature", "properties": { "内容": "イーライフ南福岡【地域密着型通所介護】福岡県福岡市博多区三筑2丁目8番10T・Yハイツ1階", "url": "https://www.kaigokensaku.mhlw.go.jp/40/index.php?action_kouhyou_detail_004_kani=true&JigyosyoCd=4070902350-00&ServiceCd=780&Type=search", "url2": "http://www.elife-fukuoka.com" }, "geometry": { "type": "Point", "coordinates": [ 130.454934699999967, 33.5492548 ] } },
{ "type": "Feature", "properties": { "内容": "希望の家【地域密着型通所介護】福岡県福岡市博多区南八幡町1－1－12", "url": "https://www.kaigokensaku.mhlw.go.jp/40/index.php?action_kouhyou_detail_004_kani=true&JigyosyoCd=4070902889-00&ServiceCd=780&Type=search", "url2": "https://wdoj.co.jp" }, "geometry": { "type": "Point", "coordinates": [ 130.456729, 33.5463607 ] } },
{ "type": "Feature", "properties": { "内容": "笑顔満開はなことば竹下【地域密着型通所介護】福岡県福岡市博多区那珂1丁目41番7号", "url": "https://www.kaigokensaku.mhlw.go.jp/40/index.php?action_kouhyou_detail_004_kani=true&JigyosyoCd=4070903044-00&ServiceCd=780&Type=search", "url2": null }, "geometry": { "type": "Point", "coordinates": [ 130.434033199999931, 33.5709543 ] } },
{ "type": "Feature", "properties": { "内容": "デイサービス諸岡【地域密着型通所介護】福岡市博多区諸岡2-13-32", "url": "https://www.kaigokensaku.mhlw.go.jp/40/index.php?action_kouhyou_detail_004_kani=true&JigyosyoCd=4070903168-00&ServiceCd=780&Type=search", "url2": "http://www.keiaien.org/" }, "geometry": { "type": "Point", "coordinates": [ 130.452112700000043, 33.558448 ] } },
{ "type": "Feature", "properties": { "内容": "まどかの郷デイサービス【地域密着型通所介護】福岡県福岡市博多区麦野4丁目41－21", "url": "https://www.kaigokensaku.mhlw.go.jp/40/index.php?action_kouhyou_detail_004_kani=true&JigyosyoCd=4070903499-00&ServiceCd=780&Type=search", "url2": "htps://www.madoka-care.com/" }, "geometry": { "type": "Point", "coordinates": [ 130.461095300000011, 33.5476829 ] } },
{ "type": "Feature", "properties": { "内容": "Let'sリハ博多駅南【地域密着型通所介護】福岡県福岡市博多区博多駅南5-9-13備広　福岡ビル　１F", "url": "https://www.kaigokensaku.mhlw.go.jp/40/index.php?action_kouhyou_detail_004_kani=true&JigyosyoCd=4090900236-00&ServiceCd=780&Type=search", "url2": "https://www.lets-reha.jp/" }, "geometry": { "type": "Point", "coordinates": [ 130.428718396532986, 33.576322803085198 ] } },
{ "type": "Feature", "properties": { "内容": "日常デイ笑顔があれば桜路【地域密着型通所介護】福岡市博多区春町２丁目６－２６", "url": "https://www.kaigokensaku.mhlw.go.jp/40/index.php?action_kouhyou_detail_004_kani=true&JigyosyoCd=4090900251-00&ServiceCd=780&Type=search", "url2": "https://egao-en.jp/" }, "geometry": { "type": "Point", "coordinates": [ 130.469974155819727, 33.543702976004177 ] } },
{ "type": "Feature", "properties": { "内容": "機能訓練特化型デイサービスリハプラス【地域密着型通所介護】半道橋２-７-５０３F", "url": "https://www.kaigokensaku.mhlw.go.jp/40/index.php?action_kouhyou_detail_004_kani=true&JigyosyoCd=4090900327-00&ServiceCd=780&Type=search", "url2": "http:/homan.or.jp" }, "geometry": { "type": "Point", "coordinates": [ 130.441355499999986, 33.5807043 ] } },
{ "type": "Feature", "properties": { "内容": "ニコニコさろんデイサービスセンター【地域密着型通所介護】東那珂１丁目６番３２号ビジネスワン東那珂ビル３F", "url": "https://www.kaigokensaku.mhlw.go.jp/40/index.php?action_kouhyou_detail_004_kani=true&JigyosyoCd=4090900376-00&ServiceCd=780&Type=search", "url2": null }, "geometry": { "type": "Point", "coordinates": [ 130.438362400000017, 33.576530200000015 ] } },
{ "type": "Feature", "properties": { "内容": "デイサービスさくら２号館【地域密着型通所介護】福岡県福岡市博多区麦野三丁目10番25号有料老人ホームさくら２号館", "url": "https://www.kaigokensaku.mhlw.go.jp/40/index.php?action_kouhyou_detail_004_kani=true&JigyosyoCd=4090900384-00&ServiceCd=780&Type=search", "url2": null }, "geometry": { "type": "Point", "coordinates": [ 130.4611418, 33.5527044 ] } },
{ "type": "Feature", "properties": { "内容": "ミック健康の森竹下【地域密着型通所介護】竹下5-8-2", "url": "https://www.kaigokensaku.mhlw.go.jp/40/index.php?action_kouhyou_detail_004_kani=true&JigyosyoCd=4090900400-00&ServiceCd=780&Type=search", "url2": "https://mik-kenkonomori.com/" }, "geometry": { "type": "Point", "coordinates": [ 130.427553, 33.574564 ] } },
{ "type": "Feature", "properties": { "内容": "地域密着型通所介護事業所　桜花の宴悠愛【地域密着型通所介護】福岡県福岡市博多区麦野3丁目16番30号桜花の宴悠愛", "url": "https://www.kaigokensaku.mhlw.go.jp/40/index.php?action_kouhyou_detail_004_kani=true&JigyosyoCd=4090900442-00&ServiceCd=780&Type=search", "url2": "https://www.a-lifesupport.co.jp/elder/ouka_yuai/" }, "geometry": { "type": "Point", "coordinates": [ 130.462006800000012, 33.553759 ] } },
{ "type": "Feature", "properties": { "内容": "デイサービス博多の森【地域密着型通所介護】福岡県福岡市博多区大字下月隈７３番１", "url": "https://www.kaigokensaku.mhlw.go.jp/40/index.php?action_kouhyou_detail_004_kani=true&JigyosyoCd=4070901766-00&ServiceCd=780&Type=search", "url2": "http://www.keiaien.org/" }, "geometry": { "type": "Point", "coordinates": [ 130.466022299999963, 33.5808097 ] } },
{ "type": "Feature", "properties": { "内容": "リハプライド春町【地域密着型通所介護】福岡県福岡市博多区春町2丁目4番13号明永ビル103号室", "url": "https://www.kaigokensaku.mhlw.go.jp/40/index.php?action_kouhyou_detail_004_kani=true&JigyosyoCd=4070903887-00&ServiceCd=780&Type=search", "url2": "http://www.rehapride.co.jp/harumachi/" }, "geometry": { "type": "Point", "coordinates": [ 130.469540100000017, 33.544286 ] } },
{ "type": "Feature", "properties": { "内容": "デイサービス麦野【地域密着型通所介護】福岡県福岡市博多区麦野2丁目17番14号", "url": "https://www.kaigokensaku.mhlw.go.jp/40/index.php?action_kouhyou_detail_004_kani=true&JigyosyoCd=4070903069-00&ServiceCd=780&Type=search", "url2": null }, "geometry": { "type": "Point", "coordinates": [ 130.45988710000006, 33.5560791 ] } },
{ "type": "Feature", "properties": { "内容": "Toquidokiときどき　博多駅南店【地域密着型通所介護】福岡県福岡市博多駅南3丁目3-3-102フェイズイン博多　102号", "url": "https://www.kaigokensaku.mhlw.go.jp/40/index.php?action_kouhyou_detail_004_kani=true&JigyosyoCd=4090900277-00&ServiceCd=780&Type=search", "url2": "https://toquidoki.com/" }, "geometry": { "type": "Point", "coordinates": [ 130.427522100000033, 33.5825503 ] } },
{ "type": "Feature", "properties": { "内容": "博多さくら園デイサービスセンター【地域密着型通所介護】福岡県福岡市博多区古門戸町4-23", "url": "https://www.kaigokensaku.mhlw.go.jp/40/index.php?action_kouhyou_detail_004_kani=true&JigyosyoCd=4070900610-00&ServiceCd=780&Type=search", "url2": null }, "geometry": { "type": "Point", "coordinates": [ 130.404704, 33.5980706 ] } },
{ "type": "Feature", "properties": { "内容": "Let'sリハ【地域密着型通所介護】福岡市中央区唐人町３－１１－３０F・H・Eビル１階", "url": "https://www.kaigokensaku.mhlw.go.jp/40/index.php?action_kouhyou_detail_004_kani=true&JigyosyoCd=4071002440-00&ServiceCd=780&Type=search", "url2": "https://www.lets-reha.jp/" }, "geometry": { "type": "Point", "coordinates": [ 130.371806500000048, 33.593815 ] } },
{ "type": "Feature", "properties": { "内容": "デイサービス徒然【地域密着型通所介護】福岡県福岡市中央区平和３丁目６番１８号", "url": "https://www.kaigokensaku.mhlw.go.jp/40/index.php?action_kouhyou_detail_004_kani=true&JigyosyoCd=4071000758-00&ServiceCd=780&Type=search", "url2": "http://www.turedure.jp/" }, "geometry": { "type": "Point", "coordinates": [ 130.397546700000021, 33.5661907 ] } },
{ "type": "Feature", "properties": { "内容": "デイサービス　ラペ福浜【地域密着型通所介護】福岡市中央区福浜2丁目1-5", "url": "https://www.kaigokensaku.mhlw.go.jp/40/index.php?action_kouhyou_detail_004_kani=true&JigyosyoCd=4071000832-00&ServiceCd=780&Type=search", "url2": "http://homepage3.nifty.com/elegance-fukuoka/index.html" }, "geometry": { "type": "Point", "coordinates": [ 130.3692539, 33.5958314 ] } },
{ "type": "Feature", "properties": { "内容": "ミニデイサービスよかよか！【地域密着型通所介護】福岡市中央区六本松１－６－７", "url": "https://www.kaigokensaku.mhlw.go.jp/40/index.php?action_kouhyou_detail_004_kani=true&JigyosyoCd=4071001590-00&ServiceCd=780&Type=search", "url2": "https://www.minidayyokayoka.com/" }, "geometry": { "type": "Point", "coordinates": [ 130.378167299999973, 33.5793805 ] } },
{ "type": "Feature", "properties": { "内容": "イーライフＯＺＡＳＡ【地域密着型通所介護】福岡県福岡市中央区小笹１丁目22番25号小笹カステリアA棟　1階", "url": "https://www.kaigokensaku.mhlw.go.jp/40/index.php?action_kouhyou_detail_004_kani=true&JigyosyoCd=4071002317-00&ServiceCd=780&Type=search", "url2": "http://www.elife-fukuoka.com" }, "geometry": { "type": "Point", "coordinates": [ 130.388539300000048, 33.5603247 ] } },
{ "type": "Feature", "properties": { "内容": "Let'sリハ　渡辺通【地域密着型通所介護】福岡県福岡市中央区清川2-5-33アクタス渡辺通パークシティ　1階", "url": "https://www.kaigokensaku.mhlw.go.jp/40/index.php?action_kouhyou_detail_004_kani=true&JigyosyoCd=4071002630-00&ServiceCd=780&Type=search", "url2": "https://www.lets-reha.jp/" }, "geometry": { "type": "Point", "coordinates": [ 130.41039, 33.5802586 ] } },
{ "type": "Feature", "properties": { "内容": "フィットネスサロン　Ｒｅ’ｓｅｌａ【地域密着型通所介護】平尾2-5-16オネスティ平尾２Ｆ", "url": "https://www.kaigokensaku.mhlw.go.jp/40/index.php?action_kouhyou_detail_004_kani=true&JigyosyoCd=4071002648-00&ServiceCd=780&Type=search", "url2": null }, "geometry": { "type": "Point", "coordinates": [ 130.405984799999942, 33.5736482 ] } },
{ "type": "Feature", "properties": { "内容": "早稲田イーライフ福岡ドーム南デイサービス【地域密着型通所介護】福岡県福岡市中央区地行2-13-16", "url": "https://www.kaigokensaku.mhlw.go.jp/40/index.php?action_kouhyou_detail_004_kani=true&JigyosyoCd=4071002705-00&ServiceCd=780&Type=search", "url2": "http://www.waseda-elife.com/" }, "geometry": { "type": "Point", "coordinates": [ 130.364307199999985, 33.5888071 ] } },
{ "type": "Feature", "properties": { "内容": "早稲田イーライフドーム南デイサービス2【地域密着型通所介護】福岡県福岡市中央区地行2-13-16", "url": "https://www.kaigokensaku.mhlw.go.jp/40/index.php?action_kouhyou_detail_004_kani=true&JigyosyoCd=4071002960-00&ServiceCd=780&Type=search", "url2": "http://www.waseda-elife.com/" }, "geometry": { "type": "Point", "coordinates": [ 130.364379399999962, 33.5888154 ] } },
{ "type": "Feature", "properties": { "内容": "デイサービスすまいるらいふ小笹【地域密着型通所介護】福岡県福岡市中央区小笹５丁目２０－１１すまいるほーむ小笹", "url": "https://www.kaigokensaku.mhlw.go.jp/40/index.php?action_kouhyou_detail_004_kani=true&JigyosyoCd=4071301446-00&ServiceCd=780&Type=search", "url2": "www.lifesolution.jp" }, "geometry": { "type": "Point", "coordinates": [ 130.388847596981009, 33.570298067303241 ] } },
{ "type": "Feature", "properties": { "内容": "デイサービス　夢【地域密着型通所介護】福岡県福岡市中央区六本松3-13-3", "url": "https://www.kaigokensaku.mhlw.go.jp/40/index.php?action_kouhyou_detail_004_kani=true&JigyosyoCd=4091000085-00&ServiceCd=780&Type=search", "url2": "yume@bell.ocn.ne.jp" }, "geometry": { "type": "Point", "coordinates": [ 130.383230799999978, 33.5799639 ] } },
{ "type": "Feature", "properties": { "内容": "早稲田イーライフ大濠【地域密着型通所介護】福岡市中央区荒戸2-3-45スリーパークマンション101", "url": "https://www.kaigokensaku.mhlw.go.jp/40/index.php?action_kouhyou_detail_004_kani=true&JigyosyoCd=4091000135-00&ServiceCd=780&Type=search", "url2": "http://www.waseda-elife.com/" }, "geometry": { "type": "Point", "coordinates": [ 130.377222800000027, 33.5922291 ] } },
{ "type": "Feature", "properties": { "内容": "デイサービスささおかの空【地域密着型通所介護】福岡県福岡市中央区笹丘二丁目９番２号", "url": "https://www.kaigokensaku.mhlw.go.jp/40/index.php?action_kouhyou_detail_004_kani=true&JigyosyoCd=4091000184-00&ServiceCd=780&Type=search", "url2": "sasaoka-sora292@sky.plala.or.jp" }, "geometry": { "type": "Point", "coordinates": [ 130.383537499999989, 33.564135 ] } },
{ "type": "Feature", "properties": { "内容": "レッツリハ黒門【地域密着型通所介護】福岡市中央区唐人町3-11-30F・H・Eビル１階", "url": "https://www.kaigokensaku.mhlw.go.jp/40/index.php?action_kouhyou_detail_004_kani=true&JigyosyoCd=4091000234-00&ServiceCd=780&Type=search", "url2": "https://www.lets-reha.jp/" }, "geometry": { "type": "Point", "coordinates": [ 130.3718154, 33.5937848 ] } },
{ "type": "Feature", "properties": { "内容": "一織庵デイサービス福岡桜坂【地域密着型通所介護】福岡県福岡市中央区小笹4-4-35小笹中央デイケア倶楽部ビル2F", "url": "https://www.kaigokensaku.mhlw.go.jp/40/index.php?action_kouhyou_detail_004_kani=true&JigyosyoCd=4071002226-00&ServiceCd=780&Type=search", "url2": null }, "geometry": { "type": "Point", "coordinates": [ 130.387977662049138, 33.5689558957937 ] } },
{ "type": "Feature", "properties": { "内容": "いわさきクリニックデイ・サービス【地域密着型通所介護】福岡市中央区大名２丁目７番１１号斎藤ビル２階", "url": "https://www.kaigokensaku.mhlw.go.jp/40/index.php?action_kouhyou_detail_004_kani=true&JigyosyoCd=4071001186-00&ServiceCd=780&Type=search", "url2": null }, "geometry": { "type": "Point", "coordinates": [ 130.3945549, 33.5902434 ] } },
{ "type": "Feature", "properties": { "内容": "デイサービス　恕庵【地域密着型通所介護】福岡県福岡市中央区平尾4丁目14－3", "url": "https://www.kaigokensaku.mhlw.go.jp/40/index.php?action_kouhyou_detail_004_kani=true&JigyosyoCd=4071002200-00&ServiceCd=780&Type=search", "url2": null }, "geometry": { "type": "Point", "coordinates": [ 130.398243699999966, 33.5723344 ] } },
{ "type": "Feature", "properties": { "内容": "デイサービスやすらぎ【地域密着型通所介護】筑紫丘1-20-1", "url": "https://www.kaigokensaku.mhlw.go.jp/40/index.php?action_kouhyou_detail_004_kani=true&JigyosyoCd=4091100356-00&ServiceCd=780&Type=search", "url2": null }, "geometry": { "type": "Point", "coordinates": [ 130.423556400000052, 33.558293 ] } },
{ "type": "Feature", "properties": { "内容": "ヒューマンライフケア長住【地域密着型通所介護】長住5-15長住5丁目団地4号", "url": "https://www.kaigokensaku.mhlw.go.jp/40/index.php?action_kouhyou_detail_004_kani=true&JigyosyoCd=4091100539-00&ServiceCd=780&Type=search", "url2": "http://human-lifecare.jp" }, "geometry": { "type": "Point", "coordinates": [ 130.396679000466264, 33.547658672296919 ] } },
{ "type": "Feature", "properties": { "内容": "デイサービス　おあしす長丘【地域密着型通所介護】福岡市南区長丘５丁目２６－３", "url": "https://www.kaigokensaku.mhlw.go.jp/40/index.php?action_kouhyou_detail_004_kani=true&JigyosyoCd=4071101705-00&ServiceCd=780&Type=search", "url2": "http://www.nakayama-seikei.net" }, "geometry": { "type": "Point", "coordinates": [ 130.38776740000003, 33.5555863 ] } },
{ "type": "Feature", "properties": { "内容": "けあらーず福岡南指定通所介護事業所【地域密着型通所介護】福岡県福岡市南区玉川町12-14リスタコート高宮", "url": "https://www.kaigokensaku.mhlw.go.jp/40/index.php?action_kouhyou_detail_004_kani=true&JigyosyoCd=4071103081-00&ServiceCd=780&Type=search", "url2": "https://www.seramu.com" }, "geometry": { "type": "Point", "coordinates": [ 130.416331600000035, 33.5661629 ] } },
{ "type": "Feature", "properties": { "内容": "ペルメールケア皿山【地域密着型通所介護】福岡県福岡市南区皿山4丁目7-5", "url": "https://www.kaigokensaku.mhlw.go.jp/40/index.php?action_kouhyou_detail_004_kani=true&JigyosyoCd=4091100471-00&ServiceCd=780&Type=search", "url2": null }, "geometry": { "type": "Point", "coordinates": [ 130.399953099999948, 33.5429676 ] } },
{ "type": "Feature", "properties": { "内容": "ささえあい太陽　笑（ほほえみ）【地域密着型通所介護】福岡県福岡市南区和田3丁目24-15", "url": "https://www.kaigokensaku.mhlw.go.jp/40/index.php?action_kouhyou_detail_004_kani=true&JigyosyoCd=4091100596-00&ServiceCd=780&Type=search", "url2": "dearmind.com" }, "geometry": { "type": "Point", "coordinates": [ 130.4218447, 33.5453813 ] } },
{ "type": "Feature", "properties": { "内容": "グリーンケア・デイサービス中尾別邸【地域密着型通所介護】福岡県福岡市南区中尾1-42-28", "url": "https://www.kaigokensaku.mhlw.go.jp/40/index.php?action_kouhyou_detail_004_kani=true&JigyosyoCd=4071103511-00&ServiceCd=780&Type=search", "url2": "www.green-care.co.jp" }, "geometry": { "type": "Point", "coordinates": [ 130.414090900000019, 33.5453321 ] } },
{ "type": "Feature", "properties": { "内容": "ChezMoi福岡桧原通所介護事業部【地域密着型通所介護】福岡県福岡市南区桧原３丁目７－１９", "url": "https://www.kaigokensaku.mhlw.go.jp/40/index.php?action_kouhyou_detail_004_kani=true&JigyosyoCd=4071104535-00&ServiceCd=780&Type=search", "url2": "http://www.chezmoi.jp" }, "geometry": { "type": "Point", "coordinates": [ 130.395004, 33.5369858 ] } },
{ "type": "Feature", "properties": { "内容": "Toquidoki　ときどき　大橋東【地域密着型通所介護】福岡県福岡市南区塩原1-10-27サンシティ大橋東1-A", "url": "https://www.kaigokensaku.mhlw.go.jp/40/index.php?action_kouhyou_detail_004_kani=true&JigyosyoCd=4091100745-00&ServiceCd=780&Type=search", "url2": "https://toquidoki.com/" }, "geometry": { "type": "Point", "coordinates": [ 130.429084526983644, 33.567070298443042 ] } },
{ "type": "Feature", "properties": { "内容": "社会福祉法人　福岡白百合会　花畑ホーム　アイナリーケア　デイサービスセンター【地域密着型通所介護】福岡市南区大平寺2-37-18", "url": "https://www.kaigokensaku.mhlw.go.jp/40/index.php?action_kouhyou_detail_004_kani=true&JigyosyoCd=4071100384-00&ServiceCd=780&Type=search", "url2": "http://fukuokashirayurikai.com/hanahata/" }, "geometry": { "type": "Point", "coordinates": [ 130.390595063012711, 33.528997242707923 ] } },
{ "type": "Feature", "properties": { "内容": "ゆふの院デイサービスセンター【地域密着型通所介護】福岡市南区屋形原４丁目２７－１３", "url": "https://www.kaigokensaku.mhlw.go.jp/40/index.php?action_kouhyou_detail_004_kani=true&JigyosyoCd=4071101341-00&ServiceCd=780&Type=search", "url2": "https://www.fukujincare.com/yufuhome/" }, "geometry": { "type": "Point", "coordinates": [ 130.4069197, 33.5313918 ] } },
{ "type": "Feature", "properties": { "内容": "デイサービスセンターアイポケット【地域密着型通所介護】福岡市南区清水1丁目２－１１アイポケット高宮東", "url": "https://www.kaigokensaku.mhlw.go.jp/40/index.php?action_kouhyou_detail_004_kani=true&JigyosyoCd=4071101598-00&ServiceCd=780&Type=search", "url2": "http://www.i-pocket.jp" }, "geometry": { "type": "Point", "coordinates": [ 130.420483900000022, 33.5734704 ] } },
{ "type": "Feature", "properties": { "内容": "デイサービスミナミ【地域密着型通所介護】福岡県福岡市南区皿山3-6-21", "url": "https://www.kaigokensaku.mhlw.go.jp/40/index.php?action_kouhyou_detail_004_kani=true&JigyosyoCd=4071102067-00&ServiceCd=780&Type=search", "url2": "http://www.fukushiseikyou.jp/office/fukuoka-minami/fukuoka-minami-dayservice/" }, "geometry": { "type": "Point", "coordinates": [ 130.401072500000026, 33.5449627 ] } },
{ "type": "Feature", "properties": { "内容": "ミック健康の森柳瀬【地域密着型通所介護】柳瀬1-34-17", "url": "https://www.kaigokensaku.mhlw.go.jp/40/index.php?action_kouhyou_detail_004_kani=true&JigyosyoCd=4091100810-00&ServiceCd=780&Type=search", "url2": "http://www.un-mik.co.jp/" }, "geometry": { "type": "Point", "coordinates": [ 130.437279600000011, 33.5324615 ] } },
{ "type": "Feature", "properties": { "内容": "デイサービスセンター　ハーモニー【地域密着型通所介護】福岡県福岡市南区井尻１丁目１７－1", "url": "https://www.kaigokensaku.mhlw.go.jp/40/index.php?action_kouhyou_detail_004_kani=true&JigyosyoCd=4071102919-00&ServiceCd=780&Type=search", "url2": null }, "geometry": { "type": "Point", "coordinates": [ 130.4418829, 33.5547343 ] } },
{ "type": "Feature", "properties": { "内容": "イーライフ清水【地域密着型通所介護】福岡県福岡市南区清水2-8-20セゾンド清原１F", "url": "https://www.kaigokensaku.mhlw.go.jp/40/index.php?action_kouhyou_detail_004_kani=true&JigyosyoCd=4071102950-00&ServiceCd=780&Type=search", "url2": "http://www.elife-fukuoka.com/" }, "geometry": { "type": "Point", "coordinates": [ 130.42266989999996, 33.5724567 ] } },
{ "type": "Feature", "properties": { "内容": "宅老所　青空【地域密着型通所介護】福岡県福岡市南区警弥郷３－２５－２３", "url": "https://www.kaigokensaku.mhlw.go.jp/40/index.php?action_kouhyou_detail_004_kani=true&JigyosyoCd=4071103438-00&ServiceCd=780&Type=search", "url2": null }, "geometry": { "type": "Point", "coordinates": [ 130.428764900000033, 33.5288034 ] } },
{ "type": "Feature", "properties": { "内容": "イーライフ曰佐【地域密着型通所介護】福岡県福岡市南区日佐1丁目10番13号", "url": "https://www.kaigokensaku.mhlw.go.jp/40/index.php?action_kouhyou_detail_004_kani=true&JigyosyoCd=4071103669-00&ServiceCd=780&Type=search", "url2": "http://www.elife-fukuoka.com" }, "geometry": { "type": "Point", "coordinates": [ 130.435688392065458, 33.542108948478543 ] } },
{ "type": "Feature", "properties": { "内容": "日常デイ　笑顔があれば【地域密着型通所介護】福岡市南区井尻1丁目35-18", "url": "https://www.kaigokensaku.mhlw.go.jp/40/index.php?action_kouhyou_detail_004_kani=true&JigyosyoCd=4071103842-00&ServiceCd=780&Type=search", "url2": "https://egao-en.jp/" }, "geometry": { "type": "Point", "coordinates": [ 130.443538399999966, 33.5540011 ] } },
{ "type": "Feature", "properties": { "内容": "ＧＥＮＫＩＮＥＸＴ　福岡那の川【地域密着型通所介護】福岡県福岡市南区那の川1-5-20銀水ﾋﾞﾙ102号", "url": "https://www.kaigokensaku.mhlw.go.jp/40/index.php?action_kouhyou_detail_004_kani=true&JigyosyoCd=4071103859-00&ServiceCd=780&Type=search", "url2": "http://www.genki-next.com/" }, "geometry": { "type": "Point", "coordinates": [ 130.416995199999974, 33.5752203 ] } },
{ "type": "Feature", "properties": { "内容": "イーライフ桧原運動公園前【地域密着型通所介護】福岡県福岡市南区桧原5-24-4", "url": "https://www.kaigokensaku.mhlw.go.jp/40/index.php?action_kouhyou_detail_004_kani=true&JigyosyoCd=4071103958-00&ServiceCd=780&Type=search", "url2": "http://www.elife-fukuoka.com/" }, "geometry": { "type": "Point", "coordinates": [ 130.392673465081771, 33.534711923671118 ] } },
{ "type": "Feature", "properties": { "内容": "ハーベスト高宮デイサービス【地域密着型通所介護】向野１丁目22-1", "url": "https://www.kaigokensaku.mhlw.go.jp/40/index.php?action_kouhyou_detail_004_kani=true&JigyosyoCd=4071104097-00&ServiceCd=780&Type=search", "url2": null }, "geometry": { "type": "Point", "coordinates": [ 130.418620499999946, 33.5622745 ] } },
{ "type": "Feature", "properties": { "内容": "デイサービスおれんじ【地域密着型通所介護】福岡市南区若久5丁目43番5号", "url": "https://www.kaigokensaku.mhlw.go.jp/40/index.php?action_kouhyou_detail_004_kani=true&JigyosyoCd=4071104188-00&ServiceCd=780&Type=search", "url2": "n060911140111@jcom.home.ne.jp" }, "geometry": { "type": "Point", "coordinates": [ 130.406216500000028, 33.5465347 ] } },
{ "type": "Feature", "properties": { "内容": "個別リハビリ専門デイ　リハの実【地域密着型通所介護】福岡市南区清水二丁目21番20号ジェネラス大橋東102", "url": "https://www.kaigokensaku.mhlw.go.jp/40/index.php?action_kouhyou_detail_004_kani=true&JigyosyoCd=4071104238-00&ServiceCd=780&Type=search", "url2": "https://reeha-pt.com/rihanomitop/" }, "geometry": { "type": "Point", "coordinates": [ 130.4275503, 33.5691599 ] } },
{ "type": "Feature", "properties": { "内容": "ディサービス　Smileday’s【地域密着型通所介護】的場2丁目25番1号", "url": "https://www.kaigokensaku.mhlw.go.jp/40/index.php?action_kouhyou_detail_004_kani=true&JigyosyoCd=4071104287-00&ServiceCd=780&Type=search", "url2": "http://smile-kaigo.com/" }, "geometry": { "type": "Point", "coordinates": [ 130.432749300000012, 33.5424794 ] } },
{ "type": "Feature", "properties": { "内容": "ムーンシャドウ　デイサービスセンター【地域密着型通所介護】福岡県福岡市南区柳瀬１丁目１５番１号", "url": "https://www.kaigokensaku.mhlw.go.jp/40/index.php?action_kouhyou_detail_004_kani=true&JigyosyoCd=4071104519-00&ServiceCd=780&Type=search", "url2": "https://www.tokuwa.net/moon" }, "geometry": { "type": "Point", "coordinates": [ 130.435436500000037, 33.5356419 ] } },
{ "type": "Feature", "properties": { "内容": "リハプライド・向新町【地域密着型通所介護】向新町２丁目２８－３", "url": "https://www.kaigokensaku.mhlw.go.jp/40/index.php?action_kouhyou_detail_004_kani=true&JigyosyoCd=4071104592-00&ServiceCd=780&Type=search", "url2": "https://www.rehapride.co.jp/mukaishinmachi" }, "geometry": { "type": "Point", "coordinates": [ 130.428801, 33.5376804 ] } },
{ "type": "Feature", "properties": { "内容": "Let'sリハ筑紫丘【地域密着型通所介護】若久1-26-28ファミーユ・ルポ　１F", "url": "https://www.kaigokensaku.mhlw.go.jp/40/index.php?action_kouhyou_detail_004_kani=true&JigyosyoCd=4071104659-00&ServiceCd=780&Type=search", "url2": "https://www.lets-reha.jp/" }, "geometry": { "type": "Point", "coordinates": [ 130.4144238, 33.5545726 ] } },
{ "type": "Feature", "properties": { "内容": "慈恵プラザ【地域密着型通所介護】福岡県福岡市南区1丁目9－22", "url": "https://www.kaigokensaku.mhlw.go.jp/40/index.php?action_kouhyou_detail_004_kani=true&JigyosyoCd=4091100265-00&ServiceCd=780&Type=search", "url2": "https://jikeiplaaza.com" }, "geometry": { "type": "Point", "coordinates": [ 130.439780299999939, 33.5557674 ] } },
{ "type": "Feature", "properties": { "内容": "さつきデイサービスセンター【地域密着型通所介護】老司三丁目20番13号", "url": "https://www.kaigokensaku.mhlw.go.jp/40/index.php?action_kouhyou_detail_004_kani=true&JigyosyoCd=4091100299-00&ServiceCd=780&Type=search", "url2": "https://satuki-day.com/" }, "geometry": { "type": "Point", "coordinates": [ 130.418315620945776, 33.534094411591539 ] } },
{ "type": "Feature", "properties": { "内容": "松月園デイサービスセンター【地域密着型通所介護】福岡県福岡市南区老司5丁目12-4", "url": "https://www.kaigokensaku.mhlw.go.jp/40/index.php?action_kouhyou_detail_004_kani=true&JigyosyoCd=4091100331-00&ServiceCd=780&Type=search", "url2": "http://www.matudukien.com/" }, "geometry": { "type": "Point", "coordinates": [ 130.417915900000025, 33.528756 ] } },
{ "type": "Feature", "properties": { "内容": "リハビリデイひまわり大楠【地域密着型通所介護】福岡県福岡市南区1丁目17－7ＦＩＧ大楠医療介護総合センター1階", "url": "https://www.kaigokensaku.mhlw.go.jp/40/index.php?action_kouhyou_detail_004_kani=true&JigyosyoCd=4091100372-00&ServiceCd=780&Type=search", "url2": "www.npo-hima.net" }, "geometry": { "type": "Point", "coordinates": [ 130.40371, 33.5722955 ] } },
{ "type": "Feature", "properties": { "内容": "グリーンケアデイサービス百代【地域密着型通所介護】福岡県福岡市南区野間3－16－30住宅型有料老人ホームグリーンケア百代", "url": "https://www.kaigokensaku.mhlw.go.jp/40/index.php?action_kouhyou_detail_004_kani=true&JigyosyoCd=4091100489-00&ServiceCd=780&Type=search", "url2": "http://www.green-care.co.jp/" }, "geometry": { "type": "Point", "coordinates": [ 130.4149377, 33.5599718 ] } },
{ "type": "Feature", "properties": { "内容": "いちごデイサービス【地域密着型通所介護】福岡市南区南大橋２丁目２７番１７号", "url": "https://www.kaigokensaku.mhlw.go.jp/40/index.php?action_kouhyou_detail_004_kani=true&JigyosyoCd=4091100521-00&ServiceCd=780&Type=search", "url2": null }, "geometry": { "type": "Point", "coordinates": [ 130.419778799999989, 33.5510048 ] } },
{ "type": "Feature", "properties": { "内容": "デイサービス　あかいやね【地域密着型通所介護】福岡県福岡市南区皿山３丁目８番２９号大産皿山ビル１階", "url": "https://www.kaigokensaku.mhlw.go.jp/40/index.php?action_kouhyou_detail_004_kani=true&JigyosyoCd=4091100554-00&ServiceCd=780&Type=search", "url2": null }, "geometry": { "type": "Point", "coordinates": [ 130.400417824536873, 33.543948860469385 ] } },
{ "type": "Feature", "properties": { "内容": "デイサービス　カラープラス【地域密着型通所介護】福岡県福岡市南区横手3丁目14－8", "url": "https://www.kaigokensaku.mhlw.go.jp/40/index.php?action_kouhyou_detail_004_kani=true&JigyosyoCd=4091100653-00&ServiceCd=780&Type=search", "url2": "https://colorshouse.jp/" }, "geometry": { "type": "Point", "coordinates": [ 130.43523350000001, 33.5457074 ] } },
{ "type": "Feature", "properties": { "内容": "ペルメールケアはた楽　筑紫丘【地域密着型通所介護】福岡市南区筑紫丘１丁目20番１号", "url": "https://www.kaigokensaku.mhlw.go.jp/40/index.php?action_kouhyou_detail_004_kani=true&JigyosyoCd=4091100679-00&ServiceCd=780&Type=search", "url2": "http://hitsservice.video-c.jp" }, "geometry": { "type": "Point", "coordinates": [ 130.4235608, 33.5582938 ] } },
{ "type": "Feature", "properties": { "内容": "デイサービスセンターやまちゃん【地域密着型通所介護】福岡県福岡市南区柳瀬１丁目４０番６フェニックスビルディング１０１号", "url": "https://www.kaigokensaku.mhlw.go.jp/40/index.php?action_kouhyou_detail_004_kani=true&JigyosyoCd=4091100695-00&ServiceCd=780&Type=search", "url2": "https://www.matudukien.com" }, "geometry": { "type": "Point", "coordinates": [ 130.439237, 33.53376 ] } },
{ "type": "Feature", "properties": { "内容": "Let'sリハ桧原【地域密着型通所介護】桧原3-22-19エフケイ桧原", "url": "https://www.kaigokensaku.mhlw.go.jp/40/index.php?action_kouhyou_detail_004_kani=true&JigyosyoCd=4091100729-00&ServiceCd=780&Type=search", "url2": "https://www.lets-reha.jp/shop/fukuoka-hibaru/" }, "geometry": { "type": "Point", "coordinates": [ 130.399661, 33.534689 ] } },
{ "type": "Feature", "properties": { "内容": "LEAF　AMUSE【地域密着型通所介護】福岡県福岡市南区長丘5-14-1グローバルハイツ1F", "url": "https://www.kaigokensaku.mhlw.go.jp/40/index.php?action_kouhyou_detail_004_kani=true&JigyosyoCd=4091100752-00&ServiceCd=780&Type=search", "url2": "https://dash.e.jimdo.com/websites/ad2c5932-4727-47c9-8b72-465a22981a0e/overview" }, "geometry": { "type": "Point", "coordinates": [ 130.39026530000001, 33.5537875 ] } },
{ "type": "Feature", "properties": { "内容": "デイサービスセンタービバール悠愛【地域密着型通所介護】日佐５丁目18番10号", "url": "https://www.kaigokensaku.mhlw.go.jp/40/index.php?action_kouhyou_detail_004_kani=true&JigyosyoCd=4091100778-00&ServiceCd=780&Type=search", "url2": "https://a-lifesupport.co.jp/" }, "geometry": { "type": "Point", "coordinates": [ 130.433463100000012, 33.5361192 ] } },
{ "type": "Feature", "properties": { "内容": "デイサービス　和気あいあい【地域密着型通所介護】福岡県福岡市南区柏原6丁目28－10", "url": "https://www.kaigokensaku.mhlw.go.jp/40/index.php?action_kouhyou_detail_004_kani=true&JigyosyoCd=4071101960-00&ServiceCd=780&Type=search", "url2": "http://www.happywakiaiai.com" }, "geometry": { "type": "Point", "coordinates": [ 130.389141, 33.5240505 ] } },
{ "type": "Feature", "properties": { "内容": "デイサービスセンター　くつろ樹【地域密着型通所介護】福岡県福岡市南区花畑２－１３－１２", "url": "https://www.kaigokensaku.mhlw.go.jp/40/index.php?action_kouhyou_detail_004_kani=true&JigyosyoCd=4071103487-00&ServiceCd=780&Type=search", "url2": null }, "geometry": { "type": "Point", "coordinates": [ 130.404636500000038, 33.5370636 ] } },
{ "type": "Feature", "properties": { "内容": "アクアルーチェ長丘【地域密着型通所介護】長丘5丁目23番5号", "url": "https://www.kaigokensaku.mhlw.go.jp/40/index.php?action_kouhyou_detail_004_kani=true&JigyosyoCd=4091100661-00&ServiceCd=780&Type=search", "url2": "http://hp.kaipoke.biz/ys9/" }, "geometry": { "type": "Point", "coordinates": [ 130.3886781, 33.5563772 ] } },
{ "type": "Feature", "properties": { "内容": "デイサ－ビスぬくもりの家　若久【地域密着型通所介護】若久6-60-33", "url": "https://www.kaigokensaku.mhlw.go.jp/40/index.php?action_kouhyou_detail_004_kani=true&JigyosyoCd=4071103644-00&ServiceCd=780&Type=search", "url2": "https://www.福岡高齢者安心センター" }, "geometry": { "type": "Point", "coordinates": [ 130.416365600000063, 33.5467708 ] } },
{ "type": "Feature", "properties": { "内容": "すまいるデイサービス【地域密着型通所介護】福岡市南区寺塚１丁目２８番１９号", "url": "https://www.kaigokensaku.mhlw.go.jp/40/index.php?action_kouhyou_detail_004_kani=true&JigyosyoCd=4071202933-00&ServiceCd=780&Type=search", "url2": null }, "geometry": { "type": "Point", "coordinates": [ 130.400502234728009, 33.554935645075311 ] } },
{ "type": "Feature", "properties": { "内容": "デイサービスいろり【地域密着型通所介護】福岡県福岡市南区屋形原3丁目44-33", "url": "https://www.kaigokensaku.mhlw.go.jp/40/index.php?action_kouhyou_detail_004_kani=true&JigyosyoCd=4091100737-00&ServiceCd=780&Type=search", "url2": "https://www.nandbase.com/デイサービスいろり" }, "geometry": { "type": "Point", "coordinates": [ 130.413577499999974, 33.534614 ] } },
{ "type": "Feature", "properties": { "内容": "デイサービス　ほっとスペース【地域密着型通所介護】福岡市南区南大橋２丁目２番１１号", "url": "https://www.kaigokensaku.mhlw.go.jp/40/index.php?action_kouhyou_detail_004_kani=true&JigyosyoCd=4071102679-00&ServiceCd=780&Type=search", "url2": null }, "geometry": { "type": "Point", "coordinates": [ 130.423237100000051, 33.5525729 ] } },
{ "type": "Feature", "properties": { "内容": "茶話本舗デイサービス福岡長住【地域密着型通所介護】福岡県福岡市南区長住４－１６－２１", "url": "https://www.kaigokensaku.mhlw.go.jp/40/index.php?action_kouhyou_detail_004_kani=true&JigyosyoCd=4071103339-00&ServiceCd=780&Type=search", "url2": null }, "geometry": { "type": "Point", "coordinates": [ 130.39245649999998, 33.5462264 ] } },
{ "type": "Feature", "properties": { "内容": "デイサービスセンター　ももんかわ【地域密着型通所介護】福岡市南区鶴田2-18-30", "url": "https://www.kaigokensaku.mhlw.go.jp/40/index.php?action_kouhyou_detail_004_kani=true&JigyosyoCd=4071104295-00&ServiceCd=780&Type=search", "url2": null }, "geometry": { "type": "Point", "coordinates": [ 130.408750199999986, 33.5237897 ] } },
{ "type": "Feature", "properties": { "内容": "デイサービス　すみれ【地域密着型通所介護】福岡県福岡市南区弥永４－１３－１０", "url": "https://www.kaigokensaku.mhlw.go.jp/40/index.php?action_kouhyou_detail_004_kani=true&JigyosyoCd=4071101622-00&ServiceCd=780&Type=search", "url2": "sumire5963@gmail.com" }, "geometry": { "type": "Point", "coordinates": [ 130.433365977760786, 33.52936496765448 ] } },
{ "type": "Feature", "properties": { "内容": "デイサービス　フクミ【地域密着型通所介護】福岡市南区柏原1丁目36-17", "url": "https://www.kaigokensaku.mhlw.go.jp/40/index.php?action_kouhyou_detail_004_kani=true&JigyosyoCd=4071103651-00&ServiceCd=780&Type=search", "url2": null }, "geometry": { "type": "Point", "coordinates": [ 130.404653300000064, 33.5276227 ] } },
{ "type": "Feature", "properties": { "内容": "デイサービスセンターあいあい高木【地域密着型通所介護】福岡県福岡市高木1丁目7-19リバーサイドTANI1F", "url": "https://www.kaigokensaku.mhlw.go.jp/40/index.php?action_kouhyou_detail_004_kani=true&JigyosyoCd=4091100828-00&ServiceCd=780&Type=search", "url2": null }, "geometry": { "type": "Point", "coordinates": [ 130.4353318, 33.5617924 ] } },
{ "type": "Feature", "properties": { "内容": "株式会社サンユニバーサル【地域密着型通所介護】福岡県福岡市南区横手3－31－13徳永ビル106", "url": "https://www.kaigokensaku.mhlw.go.jp/40/index.php?action_kouhyou_detail_004_kani=true&JigyosyoCd=4091100562-00&ServiceCd=780&Type=search", "url2": "http://qolreha.net/" }, "geometry": { "type": "Point", "coordinates": [ 130.438382600000011, 33.5458301 ] } },
{ "type": "Feature", "properties": { "内容": "株式会社　森の家【地域密着型通所介護】福岡市南区柏原４丁目３３－３１", "url": "https://www.kaigokensaku.mhlw.go.jp/40/index.php?action_kouhyou_detail_004_kani=true&JigyosyoCd=4071101812-00&ServiceCd=780&Type=search", "url2": null }, "geometry": { "type": "Point", "coordinates": [ 130.396112499999958, 33.5260227 ] } },
{ "type": "Feature", "properties": { "内容": "さかいの樹　今宿【地域密着型通所介護】福岡県福岡市西区今宿東1丁目31-26", "url": "https://www.kaigokensaku.mhlw.go.jp/40/index.php?action_kouhyou_detail_004_kani=true&JigyosyoCd=4091200370-00&ServiceCd=780&Type=search", "url2": "http://www.med-sakai.jp/sakainoki/" }, "geometry": { "type": "Point", "coordinates": [ 130.2728085, 33.5785874 ] } },
{ "type": "Feature", "properties": { "内容": "デイサービス　杜の樹【地域密着型通所介護】福岡市西区野方6丁目33番地18号", "url": "https://www.kaigokensaku.mhlw.go.jp/40/index.php?action_kouhyou_detail_004_kani=true&JigyosyoCd=4071202032-00&ServiceCd=780&Type=search", "url2": null }, "geometry": { "type": "Point", "coordinates": [ 130.307731500000045, 33.5582045 ] } },
{ "type": "Feature", "properties": { "内容": "デイサービスこの花【地域密着型通所介護】福岡県福岡市西区下山門２丁目９－６", "url": "https://www.kaigokensaku.mhlw.go.jp/40/index.php?action_kouhyou_detail_004_kani=true&JigyosyoCd=4071202222-00&ServiceCd=780&Type=search", "url2": "http://www.kanwa-care.jp" }, "geometry": { "type": "Point", "coordinates": [ 130.3141971, 33.5806223 ] } },
{ "type": "Feature", "properties": { "内容": "虹の里　デイサービス【地域密着型通所介護】福岡県福岡市西区姪の浜５丁目４－１２", "url": "https://www.kaigokensaku.mhlw.go.jp/40/index.php?action_kouhyou_detail_004_kani=true&JigyosyoCd=4071202206-00&ServiceCd=780&Type=search", "url2": "https://craneturtle3.com" }, "geometry": { "type": "Point", "coordinates": [ 130.322763099999946, 33.5864026 ] } },
{ "type": "Feature", "properties": { "内容": "愛信園デイサービスセンター【地域密着型通所介護】福岡県福岡市西区吉武297番地", "url": "https://www.kaigokensaku.mhlw.go.jp/40/index.php?action_kouhyou_detail_004_kani=true&JigyosyoCd=4071200515-00&ServiceCd=780&Type=search", "url2": "http://www.aishinen.jp/" }, "geometry": { "type": "Point", "coordinates": [ 130.312059500000032, 33.5355868 ] } },
{ "type": "Feature", "properties": { "内容": "デイサービスセンター幸良【地域密着型通所介護】福岡市西区姪の浜４－４－３", "url": "https://www.kaigokensaku.mhlw.go.jp/40/index.php?action_kouhyou_detail_004_kani=true&JigyosyoCd=4071201919-00&ServiceCd=780&Type=search", "url2": "https://www.day-kouryou.com/" }, "geometry": { "type": "Point", "coordinates": [ 130.32728448133696, 33.585658077886755 ] } },
{ "type": "Feature", "properties": { "内容": "宅幼老所ハッピーライフ【地域密着型通所介護】福岡県福岡市西区福重2-3-14", "url": "https://www.kaigokensaku.mhlw.go.jp/40/index.php?action_kouhyou_detail_004_kani=true&JigyosyoCd=4071202586-00&ServiceCd=780&Type=search", "url2": "http：//www.happylife-ltd.jp" }, "geometry": { "type": "Point", "coordinates": [ 130.3192441, 33.5670931 ] } },
{ "type": "Feature", "properties": { "内容": "第二デイサービスあおい【地域密着型通所介護】福岡県福岡市西区室見が丘2丁目22番1号", "url": "https://www.kaigokensaku.mhlw.go.jp/40/index.php?action_kouhyou_detail_004_kani=true&JigyosyoCd=4071202685-00&ServiceCd=780&Type=search", "url2": "https://fukushi-aoi.jp/" }, "geometry": { "type": "Point", "coordinates": [ 130.320667500000013, 33.521121400000034 ] } },
{ "type": "Feature", "properties": { "内容": "ミニデイサービス　ひまわりの家【地域密着型通所介護】福岡市西区姪浜3丁目11番30号", "url": "https://www.kaigokensaku.mhlw.go.jp/40/index.php?action_kouhyou_detail_004_kani=true&JigyosyoCd=4071202776-00&ServiceCd=780&Type=search", "url2": "https://www.yumenohama.jp" }, "geometry": { "type": "Point", "coordinates": [ 130.325515399172048, 33.588649439120559 ] } },
{ "type": "Feature", "properties": { "内容": "おとなりさん。上山門【地域密着型通所介護】福岡市西区上山門３丁目１０－５６", "url": "https://www.kaigokensaku.mhlw.go.jp/40/index.php?action_kouhyou_detail_004_kani=true&JigyosyoCd=4071202842-00&ServiceCd=780&Type=search", "url2": "https://otonari30.com" }, "geometry": { "type": "Point", "coordinates": [ 130.30124, 33.5729754 ] } },
{ "type": "Feature", "properties": { "内容": "デイサービス季楽庵【地域密着型通所介護】福岡県福岡市西区豊浜一丁目11番10号", "url": "https://www.kaigokensaku.mhlw.go.jp/40/index.php?action_kouhyou_detail_004_kani=true&JigyosyoCd=4071203014-00&ServiceCd=780&Type=search", "url2": "https://shinjikai.co.jp/" }, "geometry": { "type": "Point", "coordinates": [ 130.338511899999958, 33.5898796 ] } },
{ "type": "Feature", "properties": { "内容": "デイサービスいろり【地域密着型通所介護】福岡県福岡市西区上山門３丁目６番５６号", "url": "https://www.kaigokensaku.mhlw.go.jp/40/index.php?action_kouhyou_detail_004_kani=true&JigyosyoCd=4071203121-00&ServiceCd=780&Type=search", "url2": null }, "geometry": { "type": "Point", "coordinates": [ 130.301595499999962, 33.5741448 ] } },
{ "type": "Feature", "properties": { "内容": "ミニデイサービスひまわりの家弐番館【地域密着型通所介護】福岡市西区上山門3丁目3番33号", "url": "https://www.kaigokensaku.mhlw.go.jp/40/index.php?action_kouhyou_detail_004_kani=true&JigyosyoCd=4071203188-00&ServiceCd=780&Type=search", "url2": "https://www.yumenohama.jp" }, "geometry": { "type": "Point", "coordinates": [ 130.301720400000022, 33.5752669 ] } },
{ "type": "Feature", "properties": { "内容": "デイサービス　すまいるらいふ上山門【地域密着型通所介護】福岡県福岡市西区上山門2丁目39-13", "url": "https://www.kaigokensaku.mhlw.go.jp/40/index.php?action_kouhyou_detail_004_kani=true&JigyosyoCd=4071203196-00&ServiceCd=780&Type=search", "url2": "http://www.lifesolution.jp/" }, "geometry": { "type": "Point", "coordinates": [ 130.303666013491807, 33.569371285341923 ] } },
{ "type": "Feature", "properties": { "内容": "デイサービスセンター　イコロの家　今津【地域密着型通所介護】今津5324番地5", "url": "https://www.kaigokensaku.mhlw.go.jp/40/index.php?action_kouhyou_detail_004_kani=true&JigyosyoCd=4091200230-00&ServiceCd=780&Type=search", "url2": "http:www.souseikai.or.jp" }, "geometry": { "type": "Point", "coordinates": [ 130.2601363, 33.6035372 ] } },
{ "type": "Feature", "properties": { "内容": "レコードブック姪浜【地域密着型通所介護】福岡県福岡市西区姪浜駅南4-9-241階", "url": "https://www.kaigokensaku.mhlw.go.jp/40/index.php?action_kouhyou_detail_004_kani=true&JigyosyoCd=4091200263-00&ServiceCd=780&Type=search", "url2": "http://www.recordbook.jp/facility/meihama/" }, "geometry": { "type": "Point", "coordinates": [ 130.328565933267782, 33.581108887556049 ] } },
{ "type": "Feature", "properties": { "内容": "デイサービスセンター193【地域密着型通所介護】福岡市西区上山門1丁目9番3号サンルーム松栄", "url": "https://www.kaigokensaku.mhlw.go.jp/40/index.php?action_kouhyou_detail_004_kani=true&JigyosyoCd=4091200313-00&ServiceCd=780&Type=search", "url2": "https://www.kisyoukai.jp" }, "geometry": { "type": "Point", "coordinates": [ 130.306222899999966, 33.5744504 ] } },
{ "type": "Feature", "properties": { "内容": "早稲田イーライフ姪浜【地域密着型通所介護】福岡県福岡市西区大町団地3-1", "url": "https://www.kaigokensaku.mhlw.go.jp/40/index.php?action_kouhyou_detail_004_kani=true&JigyosyoCd=4091200347-00&ServiceCd=780&Type=search", "url2": "https://www.waseda-elife.com" }, "geometry": { "type": "Point", "coordinates": [ 130.3195763, 33.5779097 ] } },
{ "type": "Feature", "properties": { "内容": "デイサービス石丸【地域密着型通所介護】福岡県福岡市西区石丸一丁目２５番２２号", "url": "https://www.kaigokensaku.mhlw.go.jp/40/index.php?action_kouhyou_detail_004_kani=true&JigyosyoCd=4091200354-00&ServiceCd=780&Type=search", "url2": "https://careaid.biz/" }, "geometry": { "type": "Point", "coordinates": [ 130.320305400000052, 33.5736079 ] } },
{ "type": "Feature", "properties": { "内容": "デイサービスいるか【地域密着型通所介護】福岡県福岡市西区上山門１丁目２番４０号", "url": "https://www.kaigokensaku.mhlw.go.jp/40/index.php?action_kouhyou_detail_004_kani=true&JigyosyoCd=4091200362-00&ServiceCd=780&Type=search", "url2": "http:care-net.biz/40/iruka" }, "geometry": { "type": "Point", "coordinates": [ 130.3080632, 33.5760229 ] } },
{ "type": "Feature", "properties": { "内容": "がんばり屋さん【地域密着型通所介護】福岡県福岡市西区野方3-36-16", "url": "https://www.kaigokensaku.mhlw.go.jp/40/index.php?action_kouhyou_detail_004_kani=true&JigyosyoCd=4091200412-00&ServiceCd=780&Type=search", "url2": null }, "geometry": { "type": "Point", "coordinates": [ 130.3126532, 33.5493911 ] } },
{ "type": "Feature", "properties": { "内容": "Let'sリハ福重【地域密着型通所介護】福岡市西区福重3-34-40アネシス福重1階", "url": "https://www.kaigokensaku.mhlw.go.jp/40/index.php?action_kouhyou_detail_004_kani=true&JigyosyoCd=4091200487-00&ServiceCd=780&Type=search", "url2": "https://www.lets-reha.jp/" }, "geometry": { "type": "Point", "coordinates": [ 130.3184901, 33.5686241 ] } },
{ "type": "Feature", "properties": { "内容": "Let'sリハ石丸【地域密着型通所介護】福岡市西区石丸２丁目５-６SKTビル1F", "url": "https://www.kaigokensaku.mhlw.go.jp/40/index.php?action_kouhyou_detail_004_kani=true&JigyosyoCd=4091200503-00&ServiceCd=780&Type=search", "url2": "https://www.lets-reha.jp/shop/fukuoka-kasuga/" }, "geometry": { "type": "Point", "coordinates": [ 130.3186532, 33.5716925 ] } },
{ "type": "Feature", "properties": { "内容": "福岡市西区千里418－1　ハローパーク周船寺内【地域密着型通所介護】千里418－1ハローパーク周船寺内", "url": "https://www.kaigokensaku.mhlw.go.jp/40/index.php?action_kouhyou_detail_004_kani=true&JigyosyoCd=4091200529-00&ServiceCd=780&Type=search", "url2": "https://milmonet.jp/" }, "geometry": { "type": "Point", "coordinates": [ 130.241675657672118, 33.564537504961635 ] } },
{ "type": "Feature", "properties": { "内容": "＆あ～ばんデイサービス【地域密着型通所介護】福岡県福岡市西区西都一丁目2番31号", "url": "https://www.kaigokensaku.mhlw.go.jp/40/index.php?action_kouhyou_detail_004_kani=true&JigyosyoCd=4091200545-00&ServiceCd=780&Type=search", "url2": "https://a-ban.com/" }, "geometry": { "type": "Point", "coordinates": [ 130.2621232, 33.5780988 ] } },
{ "type": "Feature", "properties": { "内容": "青空デイサービスひだまり【地域密着型通所介護】福岡県福岡市西区大字羽根戸38番1", "url": "https://www.kaigokensaku.mhlw.go.jp/40/index.php?action_kouhyou_detail_004_kani=true&JigyosyoCd=4091200552-00&ServiceCd=780&Type=search", "url2": "https://michi-inc.studio.site" }, "geometry": { "type": "Point", "coordinates": [ 130.3180152, 33.5486718 ] } },
{ "type": "Feature", "properties": { "内容": "姪浜のお風呂屋さん【地域密着型通所介護】福岡県福岡市西区石丸2-1-16ローゼンハイム102", "url": "https://www.kaigokensaku.mhlw.go.jp/40/index.php?action_kouhyou_detail_004_kani=true&JigyosyoCd=4091200602-00&ServiceCd=780&Type=search", "url2": "https://care-assist.net/" }, "geometry": { "type": "Point", "coordinates": [ 130.3201699, 33.5721375 ] } },
{ "type": "Feature", "properties": { "内容": "松生園デイサービスセンター【地域密着型通所介護】福岡市西区今宿青木1093-22", "url": "https://www.kaigokensaku.mhlw.go.jp/40/index.php?action_kouhyou_detail_004_kani=true&JigyosyoCd=4071200432-00&ServiceCd=780&Type=search", "url2": "http://www.shoseien.jp/" }, "geometry": { "type": "Point", "coordinates": [ 130.291176899999982, 33.5768692 ] } },
{ "type": "Feature", "properties": { "内容": "デイサービスさわらの郷【地域密着型通所介護】小戸4丁目28-4", "url": "https://www.kaigokensaku.mhlw.go.jp/40/index.php?action_kouhyou_detail_004_kani=true&JigyosyoCd=4091200222-00&ServiceCd=780&Type=search", "url2": null }, "geometry": { "type": "Point", "coordinates": [ 130.314747393254066, 33.583433100978553 ] } },
{ "type": "Feature", "properties": { "内容": "デイサービス　まるこの家【地域密着型通所介護】福岡県福岡市西区小戸5-9-13松栄パワーマンション101号", "url": "https://www.kaigokensaku.mhlw.go.jp/40/index.php?action_kouhyou_detail_004_kani=true&JigyosyoCd=4071203162-00&ServiceCd=780&Type=search", "url2": null }, "geometry": { "type": "Point", "coordinates": [ 130.31224450000002, 33.5853524 ] } },
{ "type": "Feature", "properties": { "内容": "ときつ医院　通所介護【地域密着型通所介護】福岡市西区内浜2丁目6-7", "url": "https://www.kaigokensaku.mhlw.go.jp/40/index.php?action_kouhyou_detail_004_kani=true&JigyosyoCd=4071201331-00&ServiceCd=780&Type=search", "url2": null }, "geometry": { "type": "Point", "coordinates": [ 130.31846070000006, 33.5837583 ] } },
{ "type": "Feature", "properties": { "内容": "デイサービスこころ【地域密着型通所介護】福岡県福岡市西区上山門2丁目２－２２ライフケアー上山門", "url": "https://www.kaigokensaku.mhlw.go.jp/40/index.php?action_kouhyou_detail_004_kani=true&JigyosyoCd=4091200404-00&ServiceCd=780&Type=search", "url2": null }, "geometry": { "type": "Point", "coordinates": [ 130.303509600000012, 33.575008 ] } },
{ "type": "Feature", "properties": { "内容": "リハビリスタジオレノバス【地域密着型通所介護】福岡県福岡市西区今宿青木100-8ハウスユマニテ今宿", "url": "https://www.kaigokensaku.mhlw.go.jp/40/index.php?action_kouhyou_detail_004_kani=true&JigyosyoCd=4091200446-00&ServiceCd=780&Type=search", "url2": "https://lenobas.co.jp" }, "geometry": { "type": "Point", "coordinates": [ 130.277098200000012, 33.5720483 ] } },
{ "type": "Feature", "properties": { "内容": "デイサービスセンター　オフィル【地域密着型通所介護】福岡県福岡市西区西の丘２丁目2-12ヴェラカーサつつじが丘１階", "url": "https://www.kaigokensaku.mhlw.go.jp/40/index.php?action_kouhyou_detail_004_kani=true&JigyosyoCd=4071202321-00&ServiceCd=780&Type=search", "url2": "www.ofill.jp" }, "geometry": { "type": "Point", "coordinates": [ 130.298721237434393, 33.568942449423965 ] } },
{ "type": "Feature", "properties": { "内容": "デイサービスであいの桜【地域密着型通所介護】福岡市城南区堤１－１０－２１iビル１F", "url": "https://www.kaigokensaku.mhlw.go.jp/40/index.php?action_kouhyou_detail_004_kani=true&JigyosyoCd=4091300345-00&ServiceCd=780&Type=search", "url2": "http://www.ne.jp/asahi/deai/fukuoka/companyinfo.html" }, "geometry": { "type": "Point", "coordinates": [ 130.3808339, 33.548286200000035 ] } },
{ "type": "Feature", "properties": { "内容": "デイサービス　幸せの丘【地域密着型通所介護】福岡県福岡市城南区樋井川３丁目29-2", "url": "https://www.kaigokensaku.mhlw.go.jp/40/index.php?action_kouhyou_detail_004_kani=true&JigyosyoCd=4091100257-00&ServiceCd=780&Type=search", "url2": null }, "geometry": { "type": "Point", "coordinates": [ 130.403359099999989, 33.5233257 ] } },
{ "type": "Feature", "properties": { "内容": "デイサービス花歌語楽【地域密着型通所介護】福岡県福岡市城南区友丘2丁目4-12", "url": "https://www.kaigokensaku.mhlw.go.jp/40/index.php?action_kouhyou_detail_004_kani=true&JigyosyoCd=4091300329-00&ServiceCd=780&Type=search", "url2": null }, "geometry": { "type": "Point", "coordinates": [ 130.3760739, 33.5597 ] } },
{ "type": "Feature", "properties": { "内容": "医療法人社団　江頭会　さくら病院　通所デイサービス　ホスピコート長尾【地域密着型通所介護】福岡県福岡市城南区長尾1丁目19番15号", "url": "https://www.kaigokensaku.mhlw.go.jp/40/index.php?action_kouhyou_detail_004_kani=true&JigyosyoCd=4071301933-00&ServiceCd=780&Type=search", "url2": null }, "geometry": { "type": "Point", "coordinates": [ 130.377973500000053, 33.5600633 ] } },
{ "type": "Feature", "properties": { "内容": "デイサービス　であいの華【地域密着型通所介護】福岡県福岡市城南区東油山6-5-33", "url": "https://www.kaigokensaku.mhlw.go.jp/40/index.php?action_kouhyou_detail_004_kani=true&JigyosyoCd=4071102257-00&ServiceCd=780&Type=search", "url2": "http://www.ne.jp/asahi/deai/fukuoka/companyinfo.html" }, "geometry": { "type": "Point", "coordinates": [ 130.384919777909886, 33.532728649331176 ] } },
{ "type": "Feature", "properties": { "内容": "デイサービスセンター　飛鳥【地域密着型通所介護】福岡県福岡市城南区鳥飼6丁目2番16号", "url": "https://www.kaigokensaku.mhlw.go.jp/40/index.php?action_kouhyou_detail_004_kani=true&JigyosyoCd=4071301073-00&ServiceCd=780&Type=search", "url2": "http://www.torikai.org" }, "geometry": { "type": "Point", "coordinates": [ 130.368501499999979, 33.5756307 ] } },
{ "type": "Feature", "properties": { "内容": "イーライフ片江【地域密着型通所介護】福岡市城南区片江4-20-9ジュネスハイム1階", "url": "https://www.kaigokensaku.mhlw.go.jp/40/index.php?action_kouhyou_detail_004_kani=true&JigyosyoCd=4071301115-00&ServiceCd=780&Type=search", "url2": "http://www.elife-fukuoka.com" }, "geometry": { "type": "Point", "coordinates": [ 130.370960800000034, 33.5461731 ] } },
{ "type": "Feature", "properties": { "内容": "みどりヶ丘　デイサービス【地域密着型通所介護】福岡県福岡市城南区梅林4-29-59", "url": "https://www.kaigokensaku.mhlw.go.jp/40/index.php?action_kouhyou_detail_004_kani=true&JigyosyoCd=4071301206-00&ServiceCd=780&Type=search", "url2": "http://www2.odn.ne.jp/haraclinic/" }, "geometry": { "type": "Point", "coordinates": [ 130.35239260000003, 33.5446005 ] } },
{ "type": "Feature", "properties": { "内容": "早稲田イーライフ茶山ヒルズ【地域密着型通所介護】福岡県福岡市城南区田島6丁目11番19号", "url": "https://www.kaigokensaku.mhlw.go.jp/40/index.php?action_kouhyou_detail_004_kani=true&JigyosyoCd=4071301289-00&ServiceCd=780&Type=search", "url2": "http://www.waseda-elife.com" }, "geometry": { "type": "Point", "coordinates": [ 130.36706049999998, 33.5601241 ] } },
{ "type": "Feature", "properties": { "内容": "おとなりさん。南片江【地域密着型通所介護】福岡県福岡市城南区片江2-14-25", "url": "https://www.kaigokensaku.mhlw.go.jp/40/index.php?action_kouhyou_detail_004_kani=true&JigyosyoCd=4071301495-00&ServiceCd=780&Type=search", "url2": "https://otonari30.com/" }, "geometry": { "type": "Point", "coordinates": [ 130.374093899999906, 33.5466731 ] } },
{ "type": "Feature", "properties": { "内容": "ARTOFLIFE【地域密着型通所介護】福岡県福岡市城南区田島5-6-1", "url": "https://www.kaigokensaku.mhlw.go.jp/40/index.php?action_kouhyou_detail_004_kani=true&JigyosyoCd=4071302063-00&ServiceCd=780&Type=search", "url2": "wcp-artoflife.jimdo.com" }, "geometry": { "type": "Point", "coordinates": [ 130.368254699999966, 33.563768100000011 ] } },
{ "type": "Feature", "properties": { "内容": "アルファデイサービスセンター七隈【地域密着型通所介護】福岡県福岡市城南区七隈7丁目8番8号アルファリビング福岡七隈内", "url": "https://www.kaigokensaku.mhlw.go.jp/40/index.php?action_kouhyou_detail_004_kani=true&JigyosyoCd=4071403721-00&ServiceCd=780&Type=search", "url2": "https://www.a-living.jp/hukuoka/nanakuma/" }, "geometry": { "type": "Point", "coordinates": [ 130.360385119773809, 33.551541132464415 ] } },
{ "type": "Feature", "properties": { "内容": "セフィーロデイサービスセンター長尾【地域密着型通所介護】長尾4-5-5", "url": "https://www.kaigokensaku.mhlw.go.jp/40/index.php?action_kouhyou_detail_004_kani=true&JigyosyoCd=4091300162-00&ServiceCd=780&Type=search", "url2": "https://www.care-work.com" }, "geometry": { "type": "Point", "coordinates": [ 139.577606699999933, 35.6116935 ] } },
{ "type": "Feature", "properties": { "内容": "さかいの樹　城南【地域密着型通所介護】片江4丁目16-11-1Ｆシャトナール城南Ⅰ", "url": "https://www.kaigokensaku.mhlw.go.jp/40/index.php?action_kouhyou_detail_004_kani=true&JigyosyoCd=4091300170-00&ServiceCd=780&Type=search", "url2": "http://www/med-sakai/jp" }, "geometry": { "type": "Point", "coordinates": [ 130.370546900000022, 33.5467147 ] } },
{ "type": "Feature", "properties": { "内容": "さかいの樹　南片江【地域密着型通所介護】福岡県福岡市城南区南片江2丁目5－4", "url": "https://www.kaigokensaku.mhlw.go.jp/40/index.php?action_kouhyou_detail_004_kani=true&JigyosyoCd=4091300188-00&ServiceCd=780&Type=search", "url2": "http://www.med-sakai.jp/sakainoki/" }, "geometry": { "type": "Point", "coordinates": [ 130.374503399999981, 33.5454461 ] } },
{ "type": "Feature", "properties": { "内容": "NESPAf福岡城南【地域密着型通所介護】福岡市城南区片江1丁目2-22メゾン・ド・聖　1階", "url": "https://www.kaigokensaku.mhlw.go.jp/40/index.php?action_kouhyou_detail_004_kani=true&JigyosyoCd=4091300303-00&ServiceCd=780&Type=search", "url2": "http://www.noke-ds.org/" }, "geometry": { "type": "Point", "coordinates": [ 130.3798993, 33.5510898 ] } },
{ "type": "Feature", "properties": { "内容": "デイサービス花歌【地域密着型通所介護】福岡県福岡市城南区友丘2丁目1-64", "url": "https://www.kaigokensaku.mhlw.go.jp/40/index.php?action_kouhyou_detail_004_kani=true&JigyosyoCd=4091300311-00&ServiceCd=780&Type=search", "url2": "https://www.iris-group.org" }, "geometry": { "type": "Point", "coordinates": [ 130.3771896, 33.5605811 ] } },
{ "type": "Feature", "properties": { "内容": "進藤整形外科すずらん茶山【地域密着型通所介護】福岡県福岡市城南区茶山5丁目17番5号", "url": "https://www.kaigokensaku.mhlw.go.jp/40/index.php?action_kouhyou_detail_004_kani=true&JigyosyoCd=4091300337-00&ServiceCd=780&Type=search", "url2": "http://www.shintou-clinic.jp" }, "geometry": { "type": "Point", "coordinates": [ 130.3627737, 33.5622064 ] } },
{ "type": "Feature", "properties": { "内容": "デイサービス　すまいるらいふ堤【地域密着型通所介護】福岡県福岡市城南区東油山1丁目3番36号", "url": "https://www.kaigokensaku.mhlw.go.jp/40/index.php?action_kouhyou_detail_004_kani=true&JigyosyoCd=4091300360-00&ServiceCd=780&Type=search", "url2": "http://www.lifesolution.jp/tsutsumi/index.html" }, "geometry": { "type": "Point", "coordinates": [ 130.381775685319525, 33.541183225760861 ] } },
{ "type": "Feature", "properties": { "内容": "さかいの樹　七隈【地域密着型通所介護】福岡県福岡市城南区七隈8丁目6-28", "url": "https://www.kaigokensaku.mhlw.go.jp/40/index.php?action_kouhyou_detail_004_kani=true&JigyosyoCd=4091300378-00&ServiceCd=780&Type=search", "url2": "http://www.med-sakai.jp/sakainoki/" }, "geometry": { "type": "Point", "coordinates": [ 130.3640189, 33.5528654 ] } },
{ "type": "Feature", "properties": { "内容": "ペルメールケア　スマイル城南【地域密着型通所介護】福岡市城南区堤1-10-21-1階", "url": "https://www.kaigokensaku.mhlw.go.jp/40/index.php?action_kouhyou_detail_004_kani=true&JigyosyoCd=4091300386-00&ServiceCd=780&Type=search", "url2": null }, "geometry": { "type": "Point", "coordinates": [ 130.3808339, 33.5482862 ] } },
{ "type": "Feature", "properties": { "内容": "Ｔｏｑｕｉｄｏｋｉときどき城南【地域密着型通所介護】神松寺一丁目２３番２１号１階福神第Ⅲビル", "url": "https://www.kaigokensaku.mhlw.go.jp/40/index.php?action_kouhyou_detail_004_kani=true&JigyosyoCd=4091300121-00&ServiceCd=780&Type=search", "url2": null }, "geometry": { "type": "Point", "coordinates": [ 130.377773700000034, 33.5560304 ] } },
{ "type": "Feature", "properties": { "内容": "一織庵デイサービス田島【地域密着型通所介護】福岡県福岡市城南区田島5-21-8", "url": "https://www.kaigokensaku.mhlw.go.jp/40/index.php?action_kouhyou_detail_004_kani=true&JigyosyoCd=4071301131-00&ServiceCd=780&Type=search", "url2": null }, "geometry": { "type": "Point", "coordinates": [ 130.372912600000063, 33.5635516 ] } },
{ "type": "Feature", "properties": { "内容": "デイサービスいつも【地域密着型通所介護】福岡県福岡市城南区鳥飼4-1-35プレジデント鳥飼1Ｆ", "url": "https://www.kaigokensaku.mhlw.go.jp/40/index.php?action_kouhyou_detail_004_kani=true&JigyosyoCd=4071301701-00&ServiceCd=780&Type=search", "url2": "http://www.nihonyuuki.co.jp/itumo" }, "geometry": { "type": "Point", "coordinates": [ 130.369637499999953, 33.5795553 ] } },
{ "type": "Feature", "properties": { "内容": "けんじゅでいさーびす【地域密着型通所介護】福岡県福岡市早良区野芥3-14-14野芥Sビル２階", "url": "https://www.kaigokensaku.mhlw.go.jp/40/index.php?action_kouhyou_detail_004_kani=true&JigyosyoCd=4071402756-00&ServiceCd=780&Type=search", "url2": null }, "geometry": { "type": "Point", "coordinates": [ 130.345364747393774, 33.542103678571465 ] } },
{ "type": "Feature", "properties": { "内容": "おとなりさん。小田部【地域密着型通所介護】福岡県福岡市早良区小田部2丁目19番22号", "url": "https://www.kaigokensaku.mhlw.go.jp/40/index.php?action_kouhyou_detail_004_kani=true&JigyosyoCd=4071402863-00&ServiceCd=780&Type=search", "url2": "https://otonari30.com/" }, "geometry": { "type": "Point", "coordinates": [ 130.334057, 33.5659374 ] } },
{ "type": "Feature", "properties": { "内容": "デイサービス　ユーテラススクール　夢【地域密着型通所介護】高取１－１１－１５", "url": "https://www.kaigokensaku.mhlw.go.jp/40/index.php?action_kouhyou_detail_004_kani=true&JigyosyoCd=4071403606-00&ServiceCd=780&Type=search", "url2": "https://u-terrace.com/takatori/" }, "geometry": { "type": "Point", "coordinates": [ 130.352511099999987, 33.579319 ] } },
{ "type": "Feature", "properties": { "内容": "デイサービス　フラワーガーデン・ララ【地域密着型通所介護】福岡県福岡市早良区田村２丁目６番５号", "url": "https://www.kaigokensaku.mhlw.go.jp/40/index.php?action_kouhyou_detail_004_kani=true&JigyosyoCd=4091400293-00&ServiceCd=780&Type=search", "url2": "http://flowergarden-lala.com/" }, "geometry": { "type": "Point", "coordinates": [ 130.328504724467507, 33.544138504299134 ] } },
{ "type": "Feature", "properties": { "内容": "デイサービスアップルハート福岡曙【地域密着型通所介護】福岡市早良区曙1丁目6-26城西ビル1Ｆ", "url": "https://www.kaigokensaku.mhlw.go.jp/40/index.php?action_kouhyou_detail_004_kani=true&JigyosyoCd=4071402343-00&ServiceCd=780&Type=search", "url2": "http://www.aso-kaigo.jp/" }, "geometry": { "type": "Point", "coordinates": [ 130.361103470044668, 33.577949158577269 ] } },
{ "type": "Feature", "properties": { "内容": "デイサービスセンターやまびこガーデン【地域密着型通所介護】福岡市早良区南庄2丁目8番3号サービス付き高齢者向け住宅やまびこ内", "url": "https://www.kaigokensaku.mhlw.go.jp/40/index.php?action_kouhyou_detail_004_kani=true&JigyosyoCd=4071402491-00&ServiceCd=780&Type=search", "url2": "http://www.interrace.jp" }, "geometry": { "type": "Point", "coordinates": [ 130.33910833882203, 33.574536011459962 ] } },
{ "type": "Feature", "properties": { "内容": "さかいの樹　原【地域密着型通所介護】福岡市早良区原4-4-7コムフォート原3", "url": "https://www.kaigokensaku.mhlw.go.jp/40/index.php?action_kouhyou_detail_004_kani=true&JigyosyoCd=4091400525-00&ServiceCd=780&Type=search", "url2": "http://www.med-sakai.jp/sakainoki/facility/hara/" }, "geometry": { "type": "Point", "coordinates": [ 130.343033100000042, 33.5673772 ] } },
{ "type": "Feature", "properties": { "内容": "介護予防運動支援センター　ライフ・ステーション早良【地域密着型通所介護】福岡県福岡市早良区重留4-4-19", "url": "https://www.kaigokensaku.mhlw.go.jp/40/index.php?action_kouhyou_detail_004_kani=true&JigyosyoCd=4071403499-00&ServiceCd=780&Type=search", "url2": "ライフ・ステーション早良" }, "geometry": { "type": "Point", "coordinates": [ 130.339385600000014, 33.528754499999899 ] } },
{ "type": "Feature", "properties": { "内容": "ハッピーデイサービス賀茂ん【地域密着型通所介護】福岡県福岡市早良区賀茂3丁目26-17cocoハウスB棟101号", "url": "https://www.kaigokensaku.mhlw.go.jp/40/index.php?action_kouhyou_detail_004_kani=true&JigyosyoCd=4091400277-00&ServiceCd=780&Type=search", "url2": "http://care-net.biz/0/sinbi" }, "geometry": { "type": "Point", "coordinates": [ 130.336466136770667, 33.550020610443994 ] } },
{ "type": "Feature", "properties": { "内容": "地域密着型デイサービス　インシンク・サポート【地域密着型通所介護】福岡県福岡市早良区東入部1-37-1", "url": "https://www.kaigokensaku.mhlw.go.jp/40/index.php?action_kouhyou_detail_004_kani=true&JigyosyoCd=4091400582-00&ServiceCd=780&Type=search", "url2": null }, "geometry": { "type": "Point", "coordinates": [ 130.341523991401687, 33.524670827963284 ] } },
{ "type": "Feature", "properties": { "内容": "福リハデイサービス　アイリス【地域密着型通所介護】城西1丁目8-40", "url": "https://www.kaigokensaku.mhlw.go.jp/40/index.php?action_kouhyou_detail_004_kani=true&JigyosyoCd=4091400590-00&ServiceCd=780&Type=search", "url2": null }, "geometry": { "type": "Point", "coordinates": [ 130.3617248, 33.5821471 ] } },
{ "type": "Feature", "properties": { "内容": "デイサービスセンター楽楽園【地域密着型通所介護】福岡県福岡市早良区飯倉３丁目34-15", "url": "https://www.kaigokensaku.mhlw.go.jp/40/index.php?action_kouhyou_detail_004_kani=true&JigyosyoCd=4091400608-00&ServiceCd=780&Type=search", "url2": null }, "geometry": { "type": "Point", "coordinates": [ 130.3477564, 33.5648877 ] } },
{ "type": "Feature", "properties": { "内容": "デイサービスたんぽぽの家【地域密着型通所介護】福岡市早良区田村7丁目25-18", "url": "https://www.kaigokensaku.mhlw.go.jp/40/index.php?action_kouhyou_detail_004_kani=true&JigyosyoCd=4071201034-00&ServiceCd=780&Type=search", "url2": "https://www.tanpop-no-ie.com" }, "geometry": { "type": "Point", "coordinates": [ 130.322777601441771, 33.536152357906495 ] } },
{ "type": "Feature", "properties": { "内容": "デイサービスぬくもり【地域密着型通所介護】福岡市早良区城西２丁目１番１２号", "url": "https://www.kaigokensaku.mhlw.go.jp/40/index.php?action_kouhyou_detail_004_kani=true&JigyosyoCd=4071400214-00&ServiceCd=780&Type=search", "url2": "http://www.fujinomikai.com" }, "geometry": { "type": "Point", "coordinates": [ 130.364947130094151, 33.580988063188698 ] } },
{ "type": "Feature", "properties": { "内容": "さわらデイサービスセンター【地域密着型通所介護】福岡県福岡市早良区早良2丁目22-21", "url": "https://www.kaigokensaku.mhlw.go.jp/40/index.php?action_kouhyou_detail_004_kani=true&JigyosyoCd=4071401972-00&ServiceCd=780&Type=search", "url2": null }, "geometry": { "type": "Point", "coordinates": [ 130.335075500000016, 33.5022512 ] } },
{ "type": "Feature", "properties": { "内容": "早稲田イーライフ室見本館【地域密着型通所介護】福岡市早良区室見3-7-25館エレガンス室見1F", "url": "https://www.kaigokensaku.mhlw.go.jp/40/index.php?action_kouhyou_detail_004_kani=true&JigyosyoCd=4071402392-00&ServiceCd=780&Type=search", "url2": "http://www.waseda-elife.com" }, "geometry": { "type": "Point", "coordinates": [ 130.3426174, 33.5751197 ] } },
{ "type": "Feature", "properties": { "内容": "お茶の間デイサービス【地域密着型通所介護】福岡県福岡市早良区次郎丸２丁目３２番地１３号", "url": "https://www.kaigokensaku.mhlw.go.jp/40/index.php?action_kouhyou_detail_004_kani=true&JigyosyoCd=4071402525-00&ServiceCd=780&Type=search", "url2": null }, "geometry": { "type": "Point", "coordinates": [ 130.3260689, 33.5547356 ] } },
{ "type": "Feature", "properties": { "内容": "早稲田イーライフ室見・弐番館【地域密着型通所介護】福岡県福岡市早良区小田部2-9-17　パラディ小田部1F", "url": "https://www.kaigokensaku.mhlw.go.jp/40/index.php?action_kouhyou_detail_004_kani=true&JigyosyoCd=4071402715-00&ServiceCd=780&Type=search", "url2": "waseda-elife.com" }, "geometry": { "type": "Point", "coordinates": [ 130.335401400000023, 33.5658846 ] } },
{ "type": "Feature", "properties": { "内容": "デイサービスセンター・チャオ【地域密着型通所介護】福岡県福岡市早良区重留２丁目５－５", "url": "https://www.kaigokensaku.mhlw.go.jp/40/index.php?action_kouhyou_detail_004_kani=true&JigyosyoCd=4071402947-00&ServiceCd=780&Type=search", "url2": "http://www.fukuoka-enishi.com/" }, "geometry": { "type": "Point", "coordinates": [ 130.343485099999953, 33.534993 ] } },
{ "type": "Feature", "properties": { "内容": "デイサービスセンター　ローズガーデン荒江【地域密着型通所介護】福岡県福岡市早良区荒江3丁目16番15号", "url": "https://www.kaigokensaku.mhlw.go.jp/40/index.php?action_kouhyou_detail_004_kani=true&JigyosyoCd=4071403150-00&ServiceCd=780&Type=search", "url2": null }, "geometry": { "type": "Point", "coordinates": [ 130.351369699999964, 33.5694755 ] } },
{ "type": "Feature", "properties": { "内容": "にじいろデイサービス壱番館【地域密着型通所介護】飯倉2-24-25", "url": "https://www.kaigokensaku.mhlw.go.jp/40/index.php?action_kouhyou_detail_004_kani=true&JigyosyoCd=4071403283-00&ServiceCd=780&Type=search", "url2": null }, "geometry": { "type": "Point", "coordinates": [ 130.353016900000057, 33.5674313 ] } },
{ "type": "Feature", "properties": { "内容": "デイサービスぼたん【地域密着型通所介護】福岡市早良区南庄6丁目10-20松井ビル", "url": "https://www.kaigokensaku.mhlw.go.jp/40/index.php?action_kouhyou_detail_004_kani=true&JigyosyoCd=4071403309-00&ServiceCd=780&Type=search", "url2": "https:://dsbotan.jimdosite.com" }, "geometry": { "type": "Point", "coordinates": [ 130.335044435334822, 33.575415060565071 ] } },
{ "type": "Feature", "properties": { "内容": "ほっとデイサービス【地域密着型通所介護】野芥2-16-16", "url": "https://www.kaigokensaku.mhlw.go.jp/40/index.php?action_kouhyou_detail_004_kani=true&JigyosyoCd=4071403614-00&ServiceCd=780&Type=search", "url2": "https://www.hot-day.net" }, "geometry": { "type": "Point", "coordinates": [ 130.344843099999906, 33.5457975 ] } },
{ "type": "Feature", "properties": { "内容": "デイサービス彩坂【地域密着型通所介護】福岡県福岡市早良区重留６－６－２７", "url": "https://www.kaigokensaku.mhlw.go.jp/40/index.php?action_kouhyou_detail_004_kani=true&JigyosyoCd=4071403689-00&ServiceCd=780&Type=search", "url2": "https://ayasaka.com" }, "geometry": { "type": "Point", "coordinates": [ 130.338693899999953, 33.5304349 ] } },
{ "type": "Feature", "properties": { "内容": "デイサービス　せっちゃん【地域密着型通所介護】福岡県福岡市早良区干隈４丁目２－３０", "url": "https://www.kaigokensaku.mhlw.go.jp/40/index.php?action_kouhyou_detail_004_kani=true&JigyosyoCd=4071403762-00&ServiceCd=780&Type=search", "url2": "https://www.facebook.com/%E3%83%87%E3%82%A4%E3%82%B5%E3%83%BC%E3%83%93%E3%82%B9%E3%81%9B%E3%81%A3%E3%81%A1%E3%82%83%E3%82%93-488104608013012/" }, "geometry": { "type": "Point", "coordinates": [ 130.347664799999961, 33.557688 ] } },
{ "type": "Feature", "properties": { "内容": "Let'sリハ荒江【地域密着型通所介護】福岡県福岡市早良区荒江三丁目12番34号セイユービル１F", "url": "https://www.kaigokensaku.mhlw.go.jp/40/index.php?action_kouhyou_detail_004_kani=true&JigyosyoCd=4071403978-00&ServiceCd=780&Type=search", "url2": "https://www.lets-reha.jp/" }, "geometry": { "type": "Point", "coordinates": [ 130.35311582023769, 33.56875178809409 ] } },
{ "type": "Feature", "properties": { "内容": "さらい学園【地域密着型通所介護】福岡県福岡市早良区東入部7丁目36-1", "url": "https://www.kaigokensaku.mhlw.go.jp/40/index.php?action_kouhyou_detail_004_kani=true&JigyosyoCd=4091400319-00&ServiceCd=780&Type=search", "url2": "http://s-sarai.co.jp/" }, "geometry": { "type": "Point", "coordinates": [ 130.335275200000069, 33.5124781 ] } },
{ "type": "Feature", "properties": { "内容": "紺然想【地域密着型通所介護】賀茂2丁目9-9", "url": "https://www.kaigokensaku.mhlw.go.jp/40/index.php?action_kouhyou_detail_004_kani=true&JigyosyoCd=4091400327-00&ServiceCd=780&Type=search", "url2": "http://www.konzenso.com/" }, "geometry": { "type": "Point", "coordinates": [ 130.344417900000053, 33.5507054 ] } },
{ "type": "Feature", "properties": { "内容": "早稲田イーライフ飯倉【地域密着型通所介護】福岡県福岡市早良区飯倉4-1-10HKビル５", "url": "https://www.kaigokensaku.mhlw.go.jp/40/index.php?action_kouhyou_detail_004_kani=true&JigyosyoCd=4091400426-00&ServiceCd=780&Type=search", "url2": "https://www.waseda-elife.com/" }, "geometry": { "type": "Point", "coordinates": [ 130.353996199999983, 33.56330280000001 ] } },
{ "type": "Feature", "properties": { "内容": "ＨＹＳデイサービスセンター【地域密着型通所介護】福岡県福岡市早良区田隈２丁目２３－１２ヴィレッジすみれⅡＨＹＳデイサービスセンター", "url": "https://www.kaigokensaku.mhlw.go.jp/40/index.php?action_kouhyou_detail_004_kani=true&JigyosyoCd=4091400442-00&ServiceCd=780&Type=search", "url2": null }, "geometry": { "type": "Point", "coordinates": [ 130.337134338623088, 33.545668080136416 ] } },
{ "type": "Feature", "properties": { "内容": "一般社団法人昭代地域福祉の会【地域密着型通所介護】福岡県福岡市早良区昭代２丁目２番８号", "url": "https://www.kaigokensaku.mhlw.go.jp/40/index.php?action_kouhyou_detail_004_kani=true&JigyosyoCd=4091400467-00&ServiceCd=780&Type=search", "url2": "http://hp.kaipoke.biz/p54/" }, "geometry": { "type": "Point", "coordinates": [ 130.3541332, 33.5781428 ] } },
{ "type": "Feature", "properties": { "内容": "デイサービス和楽庵【地域密着型通所介護】福岡市早良区室見2丁目9番12号", "url": "https://www.kaigokensaku.mhlw.go.jp/40/index.php?action_kouhyou_detail_004_kani=true&JigyosyoCd=4091400475-00&ServiceCd=780&Type=search", "url2": null }, "geometry": { "type": "Point", "coordinates": [ 130.342694200000011, 33.577529 ] } },
{ "type": "Feature", "properties": { "内容": "おとなりさん。小田部【地域密着型通所介護】福岡県福岡市早良区小田部1丁目22-25", "url": "https://www.kaigokensaku.mhlw.go.jp/40/index.php?action_kouhyou_detail_004_kani=true&JigyosyoCd=4091400491-00&ServiceCd=780&Type=search", "url2": "https://otonari30.com/" }, "geometry": { "type": "Point", "coordinates": [ 130.334283, 33.569866500000018 ] } },
{ "type": "Feature", "properties": { "内容": "デイサービスセンターやまびこガーデン【地域密着型通所介護】福岡県福岡市早良区南庄2-8-3", "url": "https://www.kaigokensaku.mhlw.go.jp/40/index.php?action_kouhyou_detail_004_kani=true&JigyosyoCd=4091400541-00&ServiceCd=780&Type=search", "url2": "https://www.s-brillant.co.jp/" }, "geometry": { "type": "Point", "coordinates": [ 130.3390492, 33.5746493 ] } },
{ "type": "Feature", "properties": { "内容": "デイサービスセンターひだまり【地域密着型通所介護】福岡市早良区田隈1丁目24-12", "url": "https://www.kaigokensaku.mhlw.go.jp/40/index.php?action_kouhyou_detail_004_kani=true&JigyosyoCd=4091400566-00&ServiceCd=780&Type=search", "url2": null }, "geometry": { "type": "Point", "coordinates": [ 130.340692600000011, 33.5477424 ] } },
{ "type": "Feature", "properties": { "内容": "（株）G-INVEST【地域密着型通所介護】福岡市早良区東入部8丁目17番6号", "url": "https://www.kaigokensaku.mhlw.go.jp/40/index.php?action_kouhyou_detail_004_kani=true&JigyosyoCd=4071403036-00&ServiceCd=780&Type=search", "url2": null }, "geometry": { "type": "Point", "coordinates": [ 130.338666699999976, 33.5091785 ] } },
{ "type": "Feature", "properties": { "内容": "リハプライド荒江【地域密着型通所介護】荒江3-12-30", "url": "https://www.kaigokensaku.mhlw.go.jp/40/index.php?action_kouhyou_detail_004_kani=true&JigyosyoCd=4091400343-00&ServiceCd=780&Type=search", "url2": "arae@rehapride.co.jp" }, "geometry": { "type": "Point", "coordinates": [ 130.352775299999962, 33.5685461 ] } },
{ "type": "Feature", "properties": { "内容": "デイサービスさらい【地域密着型通所介護】福岡県福岡市早良区大字西油山字野中344-13", "url": "https://www.kaigokensaku.mhlw.go.jp/40/index.php?action_kouhyou_detail_004_kani=true&JigyosyoCd=4091400533-00&ServiceCd=780&Type=search", "url2": "https://www.s-sarai.co.jp/" }, "geometry": { "type": "Point", "coordinates": [ 130.3573413, 33.5225372 ] } },
{ "type": "Feature", "properties": { "内容": "デイサービスぬくもりの家【地域密着型通所介護】福岡市早良区野芥3-19-28", "url": "https://www.kaigokensaku.mhlw.go.jp/40/index.php?action_kouhyou_detail_004_kani=true&JigyosyoCd=4071402244-00&ServiceCd=780&Type=search", "url2": "http://www.福岡高齢者安心センター.jp/" }, "geometry": { "type": "Point", "coordinates": [ 130.343412669866893, 33.542412269897774 ] } },
{ "type": "Feature", "properties": { "内容": "デイサービス花心【地域密着型通所介護】福岡県福岡市早良区飯倉4丁目22-18", "url": "https://www.kaigokensaku.mhlw.go.jp/40/index.php?action_kouhyou_detail_004_kani=true&JigyosyoCd=4091400509-00&ServiceCd=780&Type=search", "url2": "https://bene-care.site/" }, "geometry": { "type": "Point", "coordinates": [ 130.3491115, 33.5629287 ] } },
{ "type": "Feature", "properties": { "内容": "デイサービスふくや【地域密着型通所介護】野芥4丁目15-15", "url": "https://www.kaigokensaku.mhlw.go.jp/40/index.php?action_kouhyou_detail_004_kani=true&JigyosyoCd=4091400558-00&ServiceCd=780&Type=search", "url2": null }, "geometry": { "type": "Point", "coordinates": [ 130.3479046, 33.5415603 ] } },
{ "type": "Feature", "properties": { "内容": "今野病院デイサービス【地域密着型通所介護】福岡県大牟田市末広町5番地2今野病院2階", "url": "https://www.kaigokensaku.mhlw.go.jp/40/index.php?action_kouhyou_detail_004_kani=true&JigyosyoCd=4091500704-00&ServiceCd=780&Type=search", "url2": "konno-hp.jp" }, "geometry": { "type": "Point", "coordinates": [ 130.45836, 33.0187886 ] } },
{ "type": "Feature", "properties": { "内容": "デイサービスとーとぅがなし三番館【地域密着型通所介護】三池919-25", "url": "https://www.kaigokensaku.mhlw.go.jp/40/index.php?action_kouhyou_detail_004_kani=true&JigyosyoCd=4091500720-00&ServiceCd=780&Type=search", "url2": "https://rinseikan.link/" }, "geometry": { "type": "Point", "coordinates": [ 130.482875, 33.048686 ] } },
{ "type": "Feature", "properties": { "内容": "デイサービス　とーとぅがなし【地域密着型通所介護】福岡県大牟田市三池919-17", "url": "https://www.kaigokensaku.mhlw.go.jp/40/index.php?action_kouhyou_detail_004_kani=true&JigyosyoCd=4071503413-00&ServiceCd=780&Type=search", "url2": "http://rinseikan.link/" }, "geometry": { "type": "Point", "coordinates": [ 130.48286, 33.0488718 ] } },
{ "type": "Feature", "properties": { "内容": "心介デイサービス【地域密着型通所介護】福岡県大牟田市高砂町32番地10", "url": "https://www.kaigokensaku.mhlw.go.jp/40/index.php?action_kouhyou_detail_004_kani=true&JigyosyoCd=4071503025-00&ServiceCd=780&Type=search", "url2": null }, "geometry": { "type": "Point", "coordinates": [ 130.42633967050017, 33.012774753622139 ] } },
{ "type": "Feature", "properties": { "内容": "デイサービスセンター　りほーぷ【地域密着型通所介護】今山１５２２－１", "url": "https://www.kaigokensaku.mhlw.go.jp/40/index.php?action_kouhyou_detail_004_kani=true&JigyosyoCd=4071503017-00&ServiceCd=780&Type=search", "url2": null }, "geometry": { "type": "Point", "coordinates": [ 130.489401899999962, 33.037361799999985 ] } },
{ "type": "Feature", "properties": { "内容": "デイサービスセンターときめき【地域密着型通所介護】福岡県大牟田市上白川町1丁目246", "url": "https://www.kaigokensaku.mhlw.go.jp/40/index.php?action_kouhyou_detail_004_kani=true&JigyosyoCd=4071503223-00&ServiceCd=780&Type=search", "url2": null }, "geometry": { "type": "Point", "coordinates": [ 130.462260217721564, 33.047907544589634 ] } },
{ "type": "Feature", "properties": { "内容": "株式会社ディサービスよってかんね【地域密着型通所介護】福岡県大牟田市三川町三丁目３番地１", "url": "https://www.kaigokensaku.mhlw.go.jp/40/index.php?action_kouhyou_detail_004_kani=true&JigyosyoCd=4071502233-00&ServiceCd=780&Type=search", "url2": null }, "geometry": { "type": "Point", "coordinates": [ 130.4271668, 33.014618599999984 ] } },
{ "type": "Feature", "properties": { "内容": "ミック健康の森　日出町【地域密着型通所介護】福岡県大牟田市日出町2-2-19", "url": "https://www.kaigokensaku.mhlw.go.jp/40/index.php?action_kouhyou_detail_004_kani=true&JigyosyoCd=4091500712-00&ServiceCd=780&Type=search", "url2": "http://www.un-mik.co.jp/" }, "geometry": { "type": "Point", "coordinates": [ 130.4545813, 33.0393766 ] } },
{ "type": "Feature", "properties": { "内容": "社協デイサービス　ふれあい処えいる【地域密着型通所介護】福岡県大牟田市瓦町9-3大牟田市総合福祉センター　3階", "url": "https://www.kaigokensaku.mhlw.go.jp/40/index.php?action_kouhyou_detail_004_kani=true&JigyosyoCd=4071502746-00&ServiceCd=780&Type=search", "url2": "http://www.omshakyo-kizuna.com/" }, "geometry": { "type": "Point", "coordinates": [ 130.462809099999959, 33.0355703 ] } },
{ "type": "Feature", "properties": { "内容": "デイサービス　すわ【地域密着型通所介護】大牟田市諏訪町二丁目120番地", "url": "https://www.kaigokensaku.mhlw.go.jp/40/index.php?action_kouhyou_detail_004_kani=true&JigyosyoCd=4071502944-00&ServiceCd=780&Type=search", "url2": "n-m-c.info/wp_suwa/" }, "geometry": { "type": "Point", "coordinates": [ 130.432016500000032, 33.017949 ] } },
{ "type": "Feature", "properties": { "内容": "デイサービス　とーとぅがなし　二番館【地域密着型通所介護】福岡県大牟田市三池９１９番地２１", "url": "https://www.kaigokensaku.mhlw.go.jp/40/index.php?action_kouhyou_detail_004_kani=true&JigyosyoCd=4091500597-00&ServiceCd=780&Type=search", "url2": "https://rinseikan.link/" }, "geometry": { "type": "Point", "coordinates": [ 130.48311549999994, 33.0486885 ] } },
{ "type": "Feature", "properties": { "内容": "シャルールコパン【地域密着型通所介護】大牟田市城町1丁目7番地2", "url": "https://www.kaigokensaku.mhlw.go.jp/40/index.php?action_kouhyou_detail_004_kani=true&JigyosyoCd=4071502803-00&ServiceCd=780&Type=search", "url2": "http://www.s-sorejyu.com/" }, "geometry": { "type": "Point", "coordinates": [ 130.443561499930638, 33.043937060374716 ] } },
{ "type": "Feature", "properties": { "内容": "あいあいデイサービス【地域密着型通所介護】福岡県大牟田市本町5丁目3番地9", "url": "https://www.kaigokensaku.mhlw.go.jp/40/index.php?action_kouhyou_detail_004_kani=true&JigyosyoCd=4071502472-00&ServiceCd=780&Type=search", "url2": null }, "geometry": { "type": "Point", "coordinates": [ 130.439955, 33.025165199999989 ] } },
{ "type": "Feature", "properties": { "内容": "介適空間　アエル【地域密着型通所介護】福岡県大牟田市沖田町２１番地", "url": "https://www.kaigokensaku.mhlw.go.jp/40/index.php?action_kouhyou_detail_004_kani=true&JigyosyoCd=4071501797-00&ServiceCd=780&Type=search", "url2": "http://yamanamicare.net/" }, "geometry": { "type": "Point", "coordinates": [ 130.453070799999978, 33.0090004 ] } },
{ "type": "Feature", "properties": { "内容": "デイサービス　なかま【地域密着型通所介護】大牟田市青葉町23番地１０", "url": "https://www.kaigokensaku.mhlw.go.jp/40/index.php?action_kouhyou_detail_004_kani=true&JigyosyoCd=4071502522-00&ServiceCd=780&Type=search", "url2": null }, "geometry": { "type": "Point", "coordinates": [ 130.461981400000013, 33.0186914 ] } },
{ "type": "Feature", "properties": { "内容": "デイサービス66【地域密着型通所介護】福岡県久留米市城島町六町原373番地2", "url": "https://www.kaigokensaku.mhlw.go.jp/40/index.php?action_kouhyou_detail_004_kani=true&JigyosyoCd=4071605408-00&ServiceCd=780&Type=search", "url2": null }, "geometry": { "type": "Point", "coordinates": [ 130.433808, 33.2431255 ] } },
{ "type": "Feature", "properties": { "内容": "デイサービス紬【地域密着型通所介護】福岡県久留米市藤光町946-5", "url": "https://www.kaigokensaku.mhlw.go.jp/40/index.php?action_kouhyou_detail_004_kani=true&JigyosyoCd=4091601460-00&ServiceCd=780&Type=search", "url2": "http://hp.kaipoke.biz/rxk/" }, "geometry": { "type": "Point", "coordinates": [ 130.5111839, 33.2647786 ] } },
{ "type": "Feature", "properties": { "内容": "リハプライド六ツ門2番街店【地域密着型通所介護】福岡県久留米市六ツ門町7-10", "url": "https://www.kaigokensaku.mhlw.go.jp/40/index.php?action_kouhyou_detail_004_kani=true&JigyosyoCd=4091601536-00&ServiceCd=780&Type=search", "url2": "https://www.rehapride.co.jp/mutsumonnibangaiten/" }, "geometry": { "type": "Point", "coordinates": [ 130.512932799999987, 33.3135257 ] } },
{ "type": "Feature", "properties": { "内容": "Letsリハ六ツ門【地域密着型通所介護】福岡県久留米市小頭町3-16クラシオン小頭公園前１F", "url": "https://www.kaigokensaku.mhlw.go.jp/40/index.php?action_kouhyou_detail_004_kani=true&JigyosyoCd=4091601809-00&ServiceCd=780&Type=search", "url2": "https://www.lets-reha.jp/" }, "geometry": { "type": "Point", "coordinates": [ 130.510223200000013, 33.3127128 ] } },
{ "type": "Feature", "properties": { "内容": "コンパスウォーク久留米【地域密着型通所介護】福岡県久留米市中央町35−1", "url": "https://www.kaigokensaku.mhlw.go.jp/40/index.php?action_kouhyou_detail_004_kani=true&JigyosyoCd=4091601890-00&ServiceCd=780&Type=search", "url2": "https://www.kagasiya.co.jp/service/compasswalk/" }, "geometry": { "type": "Point", "coordinates": [ 130.508417, 33.3179381 ] } },
{ "type": "Feature", "properties": { "内容": "よあけデイサービス【地域密着型通所介護】久留米市大善寺町夜明８３９－２", "url": "https://www.kaigokensaku.mhlw.go.jp/40/index.php?action_kouhyou_detail_004_kani=true&JigyosyoCd=4071601324-00&ServiceCd=780&Type=search", "url2": "https://sawayaka-d.org" }, "geometry": { "type": "Point", "coordinates": [ 130.4647414, 33.2721781 ] } },
{ "type": "Feature", "properties": { "内容": "デイサービスセンターあいよかけよ【地域密着型通所介護】福岡県久留米市城島町城島58-3", "url": "https://www.kaigokensaku.mhlw.go.jp/40/index.php?action_kouhyou_detail_004_kani=true&JigyosyoCd=4071604203-00&ServiceCd=780&Type=search", "url2": "https://www.sara-fukusi.com/" }, "geometry": { "type": "Point", "coordinates": [ 130.429687506134201, 33.254654927281123 ] } },
{ "type": "Feature", "properties": { "内容": "よあけ陽だまりデイサービス【地域密着型通所介護】福岡県久留米市大善寺町夜明838-1", "url": "https://www.kaigokensaku.mhlw.go.jp/40/index.php?action_kouhyou_detail_004_kani=true&JigyosyoCd=4091601684-00&ServiceCd=780&Type=search", "url2": null }, "geometry": { "type": "Point", "coordinates": [ 130.46478110000001, 33.2719791 ] } },
{ "type": "Feature", "properties": { "内容": "株式会社ｼﾆｱﾗｲﾌｻﾎﾟｰﾄ　　デイサービスセンターれんげ【地域密着型通所介護】久留米市田主丸町船越９３３番地２", "url": "https://www.kaigokensaku.mhlw.go.jp/40/index.php?action_kouhyou_detail_004_kani=true&JigyosyoCd=4071605358-00&ServiceCd=780&Type=search", "url2": "https://sls-renge.com" }, "geometry": { "type": "Point", "coordinates": [ 130.711144900000022, 33.3548256 ] } },
{ "type": "Feature", "properties": { "内容": "デイサービス　風の杜【地域密着型通所介護】福岡県久留米市大善寺町宮本861番地2", "url": "https://www.kaigokensaku.mhlw.go.jp/40/index.php?action_kouhyou_detail_004_kani=true&JigyosyoCd=4071605507-00&ServiceCd=780&Type=search", "url2": null }, "geometry": { "type": "Point", "coordinates": [ 130.480004300000019, 33.2772592 ] } },
{ "type": "Feature", "properties": { "内容": "聖マリアデイサービスセンター【地域密着型通所介護】福岡県久留米市津福本町198番地2サンカルナ久留米1階南側", "url": "https://www.kaigokensaku.mhlw.go.jp/40/index.php?action_kouhyou_detail_004_kani=true&JigyosyoCd=4091601593-00&ServiceCd=780&Type=search", "url2": null }, "geometry": { "type": "Point", "coordinates": [ 130.511554611500571, 33.301232534228738 ] } },
{ "type": "Feature", "properties": { "内容": "株式会社Obriこころデイサービス【地域密着型通所介護】津福今町３１０番地４", "url": "https://www.kaigokensaku.mhlw.go.jp/40/index.php?action_kouhyou_detail_004_kani=true&JigyosyoCd=4071604948-00&ServiceCd=780&Type=search", "url2": "cocoro.01@bbiq.jp" }, "geometry": { "type": "Point", "coordinates": [ 130.507934200000022, 33.2964106 ] } },
{ "type": "Feature", "properties": { "内容": "デイサービス　銀の庵【地域密着型通所介護】久留米市御井町６４０番地1", "url": "https://www.kaigokensaku.mhlw.go.jp/40/index.php?action_kouhyou_detail_004_kani=true&JigyosyoCd=4071600987-00&ServiceCd=780&Type=search", "url2": "http://www.ginnoan-tsubasa.com" }, "geometry": { "type": "Point", "coordinates": [ 130.555286300000034, 33.3095964 ] } },
{ "type": "Feature", "properties": { "内容": "ハートケアデイサービス【地域密着型通所介護】福岡県久留米市大善寺町宮本2145‐1ハートケアデイサービス", "url": "https://www.kaigokensaku.mhlw.go.jp/40/index.php?action_kouhyou_detail_004_kani=true&JigyosyoCd=4071603296-00&ServiceCd=780&Type=search", "url2": "heartcare21.com" }, "geometry": { "type": "Point", "coordinates": [ 130.472826609509298, 33.270347861937246 ] } },
{ "type": "Feature", "properties": { "内容": "デイサービスセンター　あんず【地域密着型通所介護】福岡県久留米市津福今町160番地１コーポルーブル", "url": "https://www.kaigokensaku.mhlw.go.jp/40/index.php?action_kouhyou_detail_004_kani=true&JigyosyoCd=4071603726-00&ServiceCd=780&Type=search", "url2": null }, "geometry": { "type": "Point", "coordinates": [ 130.5110257, 33.2931332 ] } },
{ "type": "Feature", "properties": { "内容": "いきいき本町デイサービスセンター【地域密着型通所介護】福岡県久留米市本町6丁目161第17上野ビル1階", "url": "https://www.kaigokensaku.mhlw.go.jp/40/index.php?action_kouhyou_detail_004_kani=true&JigyosyoCd=4071604146-00&ServiceCd=780&Type=search", "url2": "http://www.iki2-k.com" }, "geometry": { "type": "Point", "coordinates": [ 130.506514923140031, 33.308973474247829 ] } },
{ "type": "Feature", "properties": { "内容": "デイサービス四季物語【地域密着型通所介護】福岡県久留米市長門石四丁目11番10号", "url": "https://www.kaigokensaku.mhlw.go.jp/40/index.php?action_kouhyou_detail_004_kani=true&JigyosyoCd=4071604815-00&ServiceCd=780&Type=search", "url2": null }, "geometry": { "type": "Point", "coordinates": [ 130.4836295, 33.3324071 ] } },
{ "type": "Feature", "properties": { "内容": "いきいき津福デイサービスセンター【地域密着型通所介護】福岡県久留米市津福本町1627-5", "url": "https://www.kaigokensaku.mhlw.go.jp/40/index.php?action_kouhyou_detail_004_kani=true&JigyosyoCd=4071605770-00&ServiceCd=780&Type=search", "url2": "http://www.iki2-k.com" }, "geometry": { "type": "Point", "coordinates": [ 130.499537700000019, 33.2957023 ] } },
{ "type": "Feature", "properties": { "内容": "デイサービスセンターすまいる上津【地域密着型通所介護】福岡県久留米市上津町1768‐20", "url": "https://www.kaigokensaku.mhlw.go.jp/40/index.php?action_kouhyou_detail_004_kani=true&JigyosyoCd=4091601163-00&ServiceCd=780&Type=search", "url2": "http://www.smilehome-kanri.jp/" }, "geometry": { "type": "Point", "coordinates": [ 130.540099, 33.2801712 ] } },
{ "type": "Feature", "properties": { "内容": "地域密着型デイサービスひなた【地域密着型通所介護】福岡県久留米市諏訪野町2162番地錦芳ビル1階", "url": "https://www.kaigokensaku.mhlw.go.jp/40/index.php?action_kouhyou_detail_004_kani=true&JigyosyoCd=4091601270-00&ServiceCd=780&Type=search", "url2": null }, "geometry": { "type": "Point", "coordinates": [ 130.52819640000007, 33.3094124 ] } },
{ "type": "Feature", "properties": { "内容": "あいかわデイサービスセンター【地域密着型通所介護】福岡県久留米市合川町1529-3", "url": "https://www.kaigokensaku.mhlw.go.jp/40/index.php?action_kouhyou_detail_004_kani=true&JigyosyoCd=4091601635-00&ServiceCd=780&Type=search", "url2": "https://chitose-gr.com/" }, "geometry": { "type": "Point", "coordinates": [ 130.5352476, 33.3154963 ] } },
{ "type": "Feature", "properties": { "内容": "唐孔雀園デイサービスセンター【地域密着型通所介護】福岡県久留米市青峰３丁目３５５０番８７号", "url": "https://www.kaigokensaku.mhlw.go.jp/40/index.php?action_kouhyou_detail_004_kani=true&JigyosyoCd=4071600904-00&ServiceCd=780&Type=search", "url2": "http://www.keifukukai.jp/" }, "geometry": { "type": "Point", "coordinates": [ 130.555497422079981, 33.281496654973715 ] } },
{ "type": "Feature", "properties": { "内容": "スタジオアニモ【地域密着型通所介護】福岡県久留米市野伏間１丁目８-４６", "url": "https://www.kaigokensaku.mhlw.go.jp/40/index.php?action_kouhyou_detail_004_kani=true&JigyosyoCd=4071602306-00&ServiceCd=780&Type=search", "url2": "care-momo.com" }, "geometry": { "type": "Point", "coordinates": [ 130.510577596740461, 33.284238681935435 ] } },
{ "type": "Feature", "properties": { "内容": "デイサービス「仲間館・ありがとう」【地域密着型通所介護】福岡県久留米市城島町内野３２２－１", "url": "https://www.kaigokensaku.mhlw.go.jp/40/index.php?action_kouhyou_detail_004_kani=true&JigyosyoCd=4071602702-00&ServiceCd=780&Type=search", "url2": null }, "geometry": { "type": "Point", "coordinates": [ 130.4340449, 33.2599374 ] } },
{ "type": "Feature", "properties": { "内容": "モモタロウ【地域密着型通所介護】久留米市野伏間１丁目８の４１", "url": "https://www.kaigokensaku.mhlw.go.jp/40/index.php?action_kouhyou_detail_004_kani=true&JigyosyoCd=4071604278-00&ServiceCd=780&Type=search", "url2": "http//care-momo.com" }, "geometry": { "type": "Point", "coordinates": [ 130.510739899999976, 33.2841342 ] } },
{ "type": "Feature", "properties": { "内容": "デイサービスセンター　花めぐり【地域密着型通所介護】久留米市藤光1丁目10-3", "url": "https://www.kaigokensaku.mhlw.go.jp/40/index.php?action_kouhyou_detail_004_kani=true&JigyosyoCd=4071604757-00&ServiceCd=780&Type=search", "url2": "https://hanameguri.sakura.ne.jp/" }, "geometry": { "type": "Point", "coordinates": [ 130.5147895, 33.2851147 ] } },
{ "type": "Feature", "properties": { "内容": "早稲田イーライフ久留米【地域密着型通所介護】福岡県久留米市高良内町2805", "url": "https://www.kaigokensaku.mhlw.go.jp/40/index.php?action_kouhyou_detail_004_kani=true&JigyosyoCd=4071605093-00&ServiceCd=780&Type=search", "url2": "http://www.elife-fukuoka.com" }, "geometry": { "type": "Point", "coordinates": [ 130.548795942327814, 33.295483590098399 ] } },
{ "type": "Feature", "properties": { "内容": "レコードブック久留米諏訪野店【地域密着型通所介護】諏訪野町1639-1ＳＫサンコー諏訪野102号", "url": "https://www.kaigokensaku.mhlw.go.jp/40/index.php?action_kouhyou_detail_004_kani=true&JigyosyoCd=4091601361-00&ServiceCd=780&Type=search", "url2": "https://www.recordbook.jp/facility/kurumesuwano/" }, "geometry": { "type": "Point", "coordinates": [ 130.526813299999986, 33.3004984 ] } },
{ "type": "Feature", "properties": { "内容": "リハビリデイサービス響【地域密着型通所介護】福岡県久留米市津福今町361番地37", "url": "https://www.kaigokensaku.mhlw.go.jp/40/index.php?action_kouhyou_detail_004_kani=true&JigyosyoCd=4091601502-00&ServiceCd=780&Type=search", "url2": "kurume-hibiki.com" }, "geometry": { "type": "Point", "coordinates": [ 130.5040048, 33.2948929 ] } },
{ "type": "Feature", "properties": { "内容": "リハビリ　TORICO【地域密着型通所介護】福岡県久留米市津福本町1661-3MARKSFORT津福100号", "url": "https://www.kaigokensaku.mhlw.go.jp/40/index.php?action_kouhyou_detail_004_kani=true&JigyosyoCd=4091601650-00&ServiceCd=780&Type=search", "url2": null }, "geometry": { "type": "Point", "coordinates": [ 130.496052, 33.2951533 ] } },
{ "type": "Feature", "properties": { "内容": "ニコリハ【地域密着型通所介護】福岡県久留米市荒木町荒木802-8サンライズ荒木1F", "url": "https://www.kaigokensaku.mhlw.go.jp/40/index.php?action_kouhyou_detail_004_kani=true&JigyosyoCd=4091601791-00&ServiceCd=780&Type=search", "url2": null }, "geometry": { "type": "Point", "coordinates": [ 130.5023993, 33.2756667 ] } },
{ "type": "Feature", "properties": { "内容": "デイサービスセンターひばり【地域密着型通所介護】福岡県久留米市田主丸町益生田848-2", "url": "https://www.kaigokensaku.mhlw.go.jp/40/index.php?action_kouhyou_detail_004_kani=true&JigyosyoCd=4071604245-00&ServiceCd=780&Type=search", "url2": "http://www.hibari.info/" }, "geometry": { "type": "Point", "coordinates": [ 130.690133427185515, 33.330506051705754 ] } },
{ "type": "Feature", "properties": { "内容": "ドルチェデイサービスセンター【地域密着型通所介護】三潴町田川１５７‐１", "url": "https://www.kaigokensaku.mhlw.go.jp/40/index.php?action_kouhyou_detail_004_kani=true&JigyosyoCd=4071605283-00&ServiceCd=780&Type=search", "url2": "http://www.casadolce.info" }, "geometry": { "type": "Point", "coordinates": [ 130.469955600000048, 33.2563471 ] } },
{ "type": "Feature", "properties": { "内容": "さくらデイサービスこくぶ【地域密着型通所介護】福岡県久留米市国分町1026-4", "url": "https://www.kaigokensaku.mhlw.go.jp/40/index.php?action_kouhyou_detail_004_kani=true&JigyosyoCd=4071605366-00&ServiceCd=780&Type=search", "url2": null }, "geometry": { "type": "Point", "coordinates": [ 19.94174520000001, 60.3130569 ] } },
{ "type": "Feature", "properties": { "内容": "デイサービスひまわり【地域密着型通所介護】福岡県久留米市三潴町西牟田94-6", "url": "https://www.kaigokensaku.mhlw.go.jp/40/index.php?action_kouhyou_detail_004_kani=true&JigyosyoCd=4078000140-00&ServiceCd=780&Type=search", "url2": "http://hp.kaipoke.biz/8ym/" }, "geometry": { "type": "Point", "coordinates": [ 130.485065299999974, 33.253955900000015 ] } },
{ "type": "Feature", "properties": { "内容": "デイサービスくさのね【地域密着型通所介護】福岡県久留米市白山町96", "url": "https://www.kaigokensaku.mhlw.go.jp/40/index.php?action_kouhyou_detail_004_kani=true&JigyosyoCd=4091601353-00&ServiceCd=780&Type=search", "url2": null }, "geometry": { "type": "Point", "coordinates": [ 130.50136569999998, 33.314321400000019 ] } },
{ "type": "Feature", "properties": { "内容": "あすなろデイサービスセンター【地域密着型通所介護】福岡県久留米市荒木町下荒木963-2", "url": "https://www.kaigokensaku.mhlw.go.jp/40/index.php?action_kouhyou_detail_004_kani=true&JigyosyoCd=4071604492-00&ServiceCd=780&Type=search", "url2": null }, "geometry": { "type": "Point", "coordinates": [ 130.491911399999907, 33.2707768 ] } },
{ "type": "Feature", "properties": { "内容": "デイサービスはたさき別館【地域密着型通所介護】御井籏崎3-7-1", "url": "https://www.kaigokensaku.mhlw.go.jp/40/index.php?action_kouhyou_detail_004_kani=true&JigyosyoCd=4071605598-00&ServiceCd=780&Type=search", "url2": "http://hatasaki6500.com/bekkan" }, "geometry": { "type": "Point", "coordinates": [ 130.5614617, 33.3165607 ] } },
{ "type": "Feature", "properties": { "内容": "ほねつぎデイサービス宮ノ陣【地域密着型通所介護】福岡県久留米市宮ノ陣4丁目5-8", "url": "https://www.kaigokensaku.mhlw.go.jp/40/index.php?action_kouhyou_detail_004_kani=true&JigyosyoCd=4091601759-00&ServiceCd=780&Type=search", "url2": null }, "geometry": { "type": "Point", "coordinates": [ 130.533773200000013, 33.3336436 ] } },
{ "type": "Feature", "properties": { "内容": "ディサービスなごみ【地域密着型通所介護】久留米市田主丸町牧1375番地1", "url": "https://www.kaigokensaku.mhlw.go.jp/40/index.php?action_kouhyou_detail_004_kani=true&JigyosyoCd=4071604914-00&ServiceCd=780&Type=search", "url2": null }, "geometry": { "type": "Point", "coordinates": [ 130.649153599999977, 33.3390864 ] } },
{ "type": "Feature", "properties": { "内容": "デイサービスＨＡＷＡＩ【地域密着型通所介護】福岡県久留米市三潴町早津崎805番地2", "url": "https://www.kaigokensaku.mhlw.go.jp/40/index.php?action_kouhyou_detail_004_kani=true&JigyosyoCd=4091601742-00&ServiceCd=780&Type=search", "url2": null }, "geometry": { "type": "Point", "coordinates": [ 130.4718911, 33.266179 ] } },
{ "type": "Feature", "properties": { "内容": "デイサービスたいしん須崎店【地域密着型通所介護】福岡県直方市須崎町3-37竹田ビル1階", "url": "https://www.kaigokensaku.mhlw.go.jp/40/index.php?action_kouhyou_detail_004_kani=true&JigyosyoCd=4071701546-00&ServiceCd=780&Type=search", "url2": "http://www.taishinph.co.jp" }, "geometry": { "type": "Point", "coordinates": [ 130.7250077, 33.7494999 ] } },
{ "type": "Feature", "properties": { "内容": "たくみデイサービスセンター別邸【地域密着型通所介護】大字植木520番地1", "url": "https://www.kaigokensaku.mhlw.go.jp/40/index.php?action_kouhyou_detail_004_kani=true&JigyosyoCd=4071701413-00&ServiceCd=780&Type=search", "url2": null }, "geometry": { "type": "Point", "coordinates": [ 130.713371400000028, 33.7738189 ] } },
{ "type": "Feature", "properties": { "内容": "デイサービス　ほおずき【地域密着型通所介護】福岡県直方市大字頓野６４７番地", "url": "https://www.kaigokensaku.mhlw.go.jp/40/index.php?action_kouhyou_detail_004_kani=true&JigyosyoCd=4071700852-00&ServiceCd=780&Type=search", "url2": null }, "geometry": { "type": "Point", "coordinates": [ 130.761099100000024, 33.7549938 ] } },
{ "type": "Feature", "properties": { "内容": "デイサービスセンターめぐみ【地域密着型通所介護】福岡県直方市頓野408-3", "url": "https://www.kaigokensaku.mhlw.go.jp/40/index.php?action_kouhyou_detail_004_kani=true&JigyosyoCd=4071700597-00&ServiceCd=780&Type=search", "url2": null }, "geometry": { "type": "Point", "coordinates": [ 130.758421799999951, 33.748139 ] } },
{ "type": "Feature", "properties": { "内容": "デイサービスセンターおに福【地域密着型通所介護】福岡県飯塚市津原６３７番地１", "url": "https://www.kaigokensaku.mhlw.go.jp/40/index.php?action_kouhyou_detail_004_kani=true&JigyosyoCd=4091800393-00&ServiceCd=780&Type=search", "url2": null }, "geometry": { "type": "Point", "coordinates": [ 130.6456679, 33.6104517 ] } },
{ "type": "Feature", "properties": { "内容": "デイサービス　帆風【地域密着型通所介護】福岡県飯塚市潤野932-19", "url": "https://www.kaigokensaku.mhlw.go.jp/40/index.php?action_kouhyou_detail_004_kani=true&JigyosyoCd=4071803524-00&ServiceCd=780&Type=search", "url2": null }, "geometry": { "type": "Point", "coordinates": [ 130.65973271230132, 33.637887463316623 ] } },
{ "type": "Feature", "properties": { "内容": "りはらんど【地域密着型通所介護】福岡県飯塚市菰田西3丁目6番1号ゆめタウン飯塚2F", "url": "https://www.kaigokensaku.mhlw.go.jp/40/index.php?action_kouhyou_detail_004_kani=true&JigyosyoCd=4091800567-00&ServiceCd=780&Type=search", "url2": null }, "geometry": { "type": "Point", "coordinates": [ 130.685074300000053, 33.6320873 ] } },
{ "type": "Feature", "properties": { "内容": "デイサービスセンター八木山の里すずらん【地域密着型通所介護】福岡県飯塚市八木山１２７０番地９０", "url": "https://www.kaigokensaku.mhlw.go.jp/40/index.php?action_kouhyou_detail_004_kani=true&JigyosyoCd=4071800686-00&ServiceCd=780&Type=search", "url2": null }, "geometry": { "type": "Point", "coordinates": [ 130.601342199999976, 33.6223522 ] } },
{ "type": "Feature", "properties": { "内容": "デイサービスセンター大空園【地域密着型通所介護】福岡県飯塚市相田１６２６－１", "url": "https://www.kaigokensaku.mhlw.go.jp/40/index.php?action_kouhyou_detail_004_kani=true&JigyosyoCd=4071801346-00&ServiceCd=780&Type=search", "url2": null }, "geometry": { "type": "Point", "coordinates": [ 130.651109469016291, 33.676214471392946 ] } },
{ "type": "Feature", "properties": { "内容": "デイサービスセンター大夢【地域密着型通所介護】花瀬5番1号", "url": "https://www.kaigokensaku.mhlw.go.jp/40/index.php?action_kouhyou_detail_004_kani=true&JigyosyoCd=4071803102-00&ServiceCd=780&Type=search", "url2": null }, "geometry": { "type": "Point", "coordinates": [ 130.665374002824365, 33.641178289232357 ] } },
{ "type": "Feature", "properties": { "内容": "リハビリ特化型デイサービスフラット【地域密着型通所介護】福岡県飯塚市横田753-4", "url": "https://www.kaigokensaku.mhlw.go.jp/40/index.php?action_kouhyou_detail_004_kani=true&JigyosyoCd=4091800450-00&ServiceCd=780&Type=search", "url2": null }, "geometry": { "type": "Point", "coordinates": [ 130.6677717, 33.648006 ] } },
{ "type": "Feature", "properties": { "内容": "地域密着型デイサービス安住【地域密着型通所介護】伊川414-6", "url": "https://www.kaigokensaku.mhlw.go.jp/40/index.php?action_kouhyou_detail_004_kani=true&JigyosyoCd=4091800575-00&ServiceCd=780&Type=search", "url2": null }, "geometry": { "type": "Point", "coordinates": [ 130.649936699999984, 33.6508972 ] } },
{ "type": "Feature", "properties": { "内容": "デイサービス　かれん【地域密着型通所介護】福岡県飯塚市天道６３", "url": "https://www.kaigokensaku.mhlw.go.jp/40/index.php?action_kouhyou_detail_004_kani=true&JigyosyoCd=4071802526-00&ServiceCd=780&Type=search", "url2": null }, "geometry": { "type": "Point", "coordinates": [ 130.677172599999949, 33.6065666 ] } },
{ "type": "Feature", "properties": { "内容": "デイサービスえん【地域密着型通所介護】福岡県飯塚市鯰田2525－357", "url": "https://www.kaigokensaku.mhlw.go.jp/40/index.php?action_kouhyou_detail_004_kani=true&JigyosyoCd=4071803201-00&ServiceCd=780&Type=search", "url2": "htto://www.day-en.com" }, "geometry": { "type": "Point", "coordinates": [ 130.702543900000023, 33.6523873 ] } },
{ "type": "Feature", "properties": { "内容": "グッドデイサ－ビス【地域密着型通所介護】福岡県　飯塚市　鯰田　64番地1グッドデイサ－ビス", "url": "https://www.kaigokensaku.mhlw.go.jp/40/index.php?action_kouhyou_detail_004_kani=true&JigyosyoCd=4071803482-00&ServiceCd=780&Type=search", "url2": "https://www.good-day41.com" }, "geometry": { "type": "Point", "coordinates": [ 130.714531995861762, 33.655095381625223 ] } },
{ "type": "Feature", "properties": { "内容": "MiLAiE【地域密着型通所介護】福岡県飯塚市綱分1749-1", "url": "https://www.kaigokensaku.mhlw.go.jp/40/index.php?action_kouhyou_detail_004_kani=true&JigyosyoCd=4091800443-00&ServiceCd=780&Type=search", "url2": null }, "geometry": { "type": "Point", "coordinates": [ 130.7259291, 33.6368495 ] } },
{ "type": "Feature", "properties": { "内容": "民家型小規模デイサービス　四季彩【地域密着型通所介護】福岡県飯塚市椋本390-3", "url": "https://www.kaigokensaku.mhlw.go.jp/40/index.php?action_kouhyou_detail_004_kani=true&JigyosyoCd=4071803300-00&ServiceCd=780&Type=search", "url2": null }, "geometry": { "type": "Point", "coordinates": [ 130.660364557129981, 33.605644061759605 ] } },
{ "type": "Feature", "properties": { "内容": "デイサービスセンター　第２風の丘【地域密着型通所介護】福岡県飯塚市伊岐須７７９番地７", "url": "https://www.kaigokensaku.mhlw.go.jp/40/index.php?action_kouhyou_detail_004_kani=true&JigyosyoCd=4071803516-00&ServiceCd=780&Type=search", "url2": null }, "geometry": { "type": "Point", "coordinates": [ 130.657322230024761, 33.655112568422915 ] } },
{ "type": "Feature", "properties": { "内容": "デイサービス山桜【地域密着型通所介護】有安112-4", "url": "https://www.kaigokensaku.mhlw.go.jp/40/index.php?action_kouhyou_detail_004_kani=true&JigyosyoCd=4091800351-00&ServiceCd=780&Type=search", "url2": null }, "geometry": { "type": "Point", "coordinates": [ 130.7346325, 33.6425658 ] } },
{ "type": "Feature", "properties": { "内容": "株式会社きずな　デイサービス【地域密着型通所介護】福岡県飯塚市鶴三緒1547-10", "url": "https://www.kaigokensaku.mhlw.go.jp/40/index.php?action_kouhyou_detail_004_kani=true&JigyosyoCd=4091800468-00&ServiceCd=780&Type=search", "url2": "https://mieko-neurologyclinic.com/day-service/" }, "geometry": { "type": "Point", "coordinates": [ 130.700516274205029, 33.624099946127714 ] } },
{ "type": "Feature", "properties": { "内容": "ひなたの森デイサービス【地域密着型通所介護】福岡県飯塚市小正903-17", "url": "https://www.kaigokensaku.mhlw.go.jp/40/index.php?action_kouhyou_detail_004_kani=true&JigyosyoCd=4091800526-00&ServiceCd=780&Type=search", "url2": null }, "geometry": { "type": "Point", "coordinates": [ 130.6507298, 33.6209472 ] } },
{ "type": "Feature", "properties": { "内容": "デイサービス　ひの【地域密着型通所介護】福岡県飯塚市平恒390番地7", "url": "https://www.kaigokensaku.mhlw.go.jp/40/index.php?action_kouhyou_detail_004_kani=true&JigyosyoCd=4071802567-00&ServiceCd=780&Type=search", "url2": null }, "geometry": { "type": "Point", "coordinates": [ 130.690563200000042, 33.6076668 ] } },
{ "type": "Feature", "properties": { "内容": "デイサービス茜の里【地域密着型通所介護】福岡県飯塚市山口１２３８番地平屋一戸建て", "url": "https://www.kaigokensaku.mhlw.go.jp/40/index.php?action_kouhyou_detail_004_kani=true&JigyosyoCd=4071802955-00&ServiceCd=780&Type=search", "url2": null }, "geometry": { "type": "Point", "coordinates": [ 130.621411800000033, 33.5563403 ] } },
{ "type": "Feature", "properties": { "内容": "デイサービスセンター　楽めい舎【地域密着型通所介護】福岡県飯塚市津島565番地１楽めい舎", "url": "https://www.kaigokensaku.mhlw.go.jp/40/index.php?action_kouhyou_detail_004_kani=true&JigyosyoCd=4071801775-00&ServiceCd=780&Type=search", "url2": "https://www.luckmayshare.com/" }, "geometry": { "type": "Point", "coordinates": [ 130.6840889, 33.6712405 ] } },
{ "type": "Feature", "properties": { "内容": "通所介護であい庵【地域密着型通所介護】勢田2503－6", "url": "https://www.kaigokensaku.mhlw.go.jp/40/index.php?action_kouhyou_detail_004_kani=true&JigyosyoCd=4071802427-00&ServiceCd=780&Type=search", "url2": null }, "geometry": { "type": "Point", "coordinates": [ 130.729100799999969, 33.6986523 ] } },
{ "type": "Feature", "properties": { "内容": "デイサービスセンター　風の丘【地域密着型通所介護】福岡県飯塚市伊岐須７７９番地１５", "url": "https://www.kaigokensaku.mhlw.go.jp/40/index.php?action_kouhyou_detail_004_kani=true&JigyosyoCd=4071802856-00&ServiceCd=780&Type=search", "url2": null }, "geometry": { "type": "Point", "coordinates": [ 130.656930699999947, 33.6552277 ] } },
{ "type": "Feature", "properties": { "内容": "クレリハ【地域密着型通所介護】福岡県飯塚市伊川602－8", "url": "https://www.kaigokensaku.mhlw.go.jp/40/index.php?action_kouhyou_detail_004_kani=true&JigyosyoCd=4091800377-00&ServiceCd=780&Type=search", "url2": "https://kureeriha0.webnode.jp" }, "geometry": { "type": "Point", "coordinates": [ 130.655752, 33.6515535 ] } },
{ "type": "Feature", "properties": { "内容": "デイサービス　わが家【地域密着型通所介護】福岡県飯塚市伊岐須513番地1", "url": "https://www.kaigokensaku.mhlw.go.jp/40/index.php?action_kouhyou_detail_004_kani=true&JigyosyoCd=4071802476-00&ServiceCd=780&Type=search", "url2": null }, "geometry": { "type": "Point", "coordinates": [ 130.657078100000035, 33.6474647 ] } },
{ "type": "Feature", "properties": { "内容": "まちなかデイ　こころ【地域密着型通所介護】福岡県飯塚市飯塚12番12号", "url": "https://www.kaigokensaku.mhlw.go.jp/40/index.php?action_kouhyou_detail_004_kani=true&JigyosyoCd=4071803326-00&ServiceCd=780&Type=search", "url2": "matinakadei_kokoro@yahoo.co.jp" }, "geometry": { "type": "Point", "coordinates": [ 130.685703600000011, 33.637089 ] } },
{ "type": "Feature", "properties": { "内容": "すっきりデイサービス【地域密着型通所介護】福岡県飯塚市鯰田2359番地2", "url": "https://www.kaigokensaku.mhlw.go.jp/40/index.php?action_kouhyou_detail_004_kani=true&JigyosyoCd=4071804407-00&ServiceCd=780&Type=search", "url2": null }, "geometry": { "type": "Point", "coordinates": [ 130.6979915, 33.6583331 ] } },
{ "type": "Feature", "properties": { "内容": "シニアフィットネス花村【地域密着型通所介護】福岡県飯塚市幸袋141番地17", "url": "https://www.kaigokensaku.mhlw.go.jp/40/index.php?action_kouhyou_detail_004_kani=true&JigyosyoCd=4091800419-00&ServiceCd=780&Type=search", "url2": "http://mz-soudann.com" }, "geometry": { "type": "Point", "coordinates": [ 130.684126099999986, 33.6633256 ] } },
{ "type": "Feature", "properties": { "内容": "デイサービス花村【地域密着型通所介護】福岡県飯塚市幸袋141番地9", "url": "https://www.kaigokensaku.mhlw.go.jp/40/index.php?action_kouhyou_detail_004_kani=true&JigyosyoCd=4091800427-00&ServiceCd=780&Type=search", "url2": null }, "geometry": { "type": "Point", "coordinates": [ 130.6840397, 33.6633758 ] } },
{ "type": "Feature", "properties": { "内容": "特定非営利活動法人ＮＰＯこころ【地域密着型通所介護】福岡県飯塚市阿恵１１５５－２", "url": "https://www.kaigokensaku.mhlw.go.jp/40/index.php?action_kouhyou_detail_004_kani=true&JigyosyoCd=4076100165-00&ServiceCd=780&Type=search", "url2": null }, "geometry": { "type": "Point", "coordinates": [ 130.644387400000028, 33.5618485 ] } },
{ "type": "Feature", "properties": { "内容": "リハビリデイサービス　フクラス飯塚【地域密着型通所介護】福岡県飯塚市鶴三緒1340-5", "url": "https://www.kaigokensaku.mhlw.go.jp/40/index.php?action_kouhyou_detail_004_kani=true&JigyosyoCd=4091800369-00&ServiceCd=780&Type=search", "url2": "https://www.fuku2020.com/" }, "geometry": { "type": "Point", "coordinates": [ 130.6962284, 33.628622 ] } },
{ "type": "Feature", "properties": { "内容": "リハビリデイサービス　LATATA【地域密着型通所介護】福岡県飯塚市伊岐須842番地61", "url": "https://www.kaigokensaku.mhlw.go.jp/40/index.php?action_kouhyou_detail_004_kani=true&JigyosyoCd=4091800385-00&ServiceCd=780&Type=search", "url2": null }, "geometry": { "type": "Point", "coordinates": [ 130.661134, 33.6546309 ] } },
{ "type": "Feature", "properties": { "内容": "シルバーフィットネス　フェニックス【地域密着型通所介護】福岡県飯塚市小正707-2シルバーフィットネス　フェニックス", "url": "https://www.kaigokensaku.mhlw.go.jp/40/index.php?action_kouhyou_detail_004_kani=true&JigyosyoCd=4091800435-00&ServiceCd=780&Type=search", "url2": "https://phoenix-94.jimdosite.com/" }, "geometry": { "type": "Point", "coordinates": [ 130.6554051, 33.6260396 ] } },
{ "type": "Feature", "properties": { "内容": "笑顔満開はなことば飯塚【地域密着型通所介護】福岡県飯塚市幸袋120-2", "url": "https://www.kaigokensaku.mhlw.go.jp/40/index.php?action_kouhyou_detail_004_kani=true&JigyosyoCd=4091800476-00&ServiceCd=780&Type=search", "url2": null }, "geometry": { "type": "Point", "coordinates": [ 130.6863329, 33.6626241 ] } },
{ "type": "Feature", "properties": { "内容": "デイサービスセンターさくら【地域密着型通所介護】福岡県飯塚市枝国520番地", "url": "https://www.kaigokensaku.mhlw.go.jp/40/index.php?action_kouhyou_detail_004_kani=true&JigyosyoCd=4071802583-00&ServiceCd=780&Type=search", "url2": "http://kma-kaigo.jp" }, "geometry": { "type": "Point", "coordinates": [ 130.670671800000036, 33.6346555 ] } },
{ "type": "Feature", "properties": { "内容": "デイサービスゆめの樹【地域密着型通所介護】福岡県飯塚市綱分1170-4", "url": "https://www.kaigokensaku.mhlw.go.jp/40/index.php?action_kouhyou_detail_004_kani=true&JigyosyoCd=4091800492-00&ServiceCd=780&Type=search", "url2": "https://www.yumenoki.jp/" }, "geometry": { "type": "Point", "coordinates": [ 130.728786526319908, 33.624269348366646 ] } },
{ "type": "Feature", "properties": { "内容": "デイサービスおはな　飯塚【地域密着型通所介護】福岡県飯塚市潤野１１９１番地１", "url": "https://www.kaigokensaku.mhlw.go.jp/40/index.php?action_kouhyou_detail_004_kani=true&JigyosyoCd=4071802393-00&ServiceCd=780&Type=search", "url2": null }, "geometry": { "type": "Point", "coordinates": [ 130.661256, 33.6310639 ] } },
{ "type": "Feature", "properties": { "内容": "医療法人康和会　和泉の澤デイサービス赤坂【地域密着型通所介護】福岡県飯塚市赤坂859番1", "url": "https://www.kaigokensaku.mhlw.go.jp/40/index.php?action_kouhyou_detail_004_kani=true&JigyosyoCd=4071802195-00&ServiceCd=780&Type=search", "url2": "http://kouwagroup.or.jp/" }, "geometry": { "type": "Point", "coordinates": [ 130.729664800000023, 33.6170217 ] } },
{ "type": "Feature", "properties": { "内容": "飯塚デイサービスセンターなごみ【地域密着型通所介護】飯塚市潤野967-13", "url": "https://www.kaigokensaku.mhlw.go.jp/40/index.php?action_kouhyou_detail_004_kani=true&JigyosyoCd=4071802666-00&ServiceCd=780&Type=search", "url2": "http://www.fukushi-greencoop.or.jp/" }, "geometry": { "type": "Point", "coordinates": [ 130.663797299999942, 33.6349136 ] } },
{ "type": "Feature", "properties": { "内容": "デイサービスセンターあいあい川津【地域密着型通所介護】福岡県飯塚市川津193－1", "url": "https://www.kaigokensaku.mhlw.go.jp/40/index.php?action_kouhyou_detail_004_kani=true&JigyosyoCd=4091800591-00&ServiceCd=780&Type=search", "url2": null }, "geometry": { "type": "Point", "coordinates": [ 130.6800485, 33.6532777 ] } },
{ "type": "Feature", "properties": { "内容": "デイサービスセンターあいあい潤野【地域密着型通所介護】福岡県飯塚市潤野264-7", "url": "https://www.kaigokensaku.mhlw.go.jp/40/index.php?action_kouhyou_detail_004_kani=true&JigyosyoCd=4091800609-00&ServiceCd=780&Type=search", "url2": "https://aiai-care.com/" }, "geometry": { "type": "Point", "coordinates": [ 130.6593216, 33.6307897 ] } },
{ "type": "Feature", "properties": { "内容": "デイサービスめい【地域密着型通所介護】福岡県飯塚市相田169-3", "url": "https://www.kaigokensaku.mhlw.go.jp/40/index.php?action_kouhyou_detail_004_kani=true&JigyosyoCd=4091800617-00&ServiceCd=780&Type=search", "url2": null }, "geometry": { "type": "Point", "coordinates": [ 130.6627116, 33.6608907 ] } },
{ "type": "Feature", "properties": { "内容": "特定非営利活動法人ちくほう結デイサービス永遠の家【地域密着型通所介護】福岡県田川市大字糒2156番地1", "url": "https://www.kaigokensaku.mhlw.go.jp/40/index.php?action_kouhyou_detail_004_kani=true&JigyosyoCd=4091900037-00&ServiceCd=780&Type=search", "url2": "http://chikuhouyui.com" }, "geometry": { "type": "Point", "coordinates": [ 130.7957481, 33.6621928 ] } },
{ "type": "Feature", "properties": { "内容": "デイサービス　サニーサイド【地域密着型通所介護】福岡県田川市大字伊加利2140-8", "url": "https://www.kaigokensaku.mhlw.go.jp/40/index.php?action_kouhyou_detail_004_kani=true&JigyosyoCd=4071902714-00&ServiceCd=780&Type=search", "url2": "ｈｔｔｐ//ｓｕｎｎｙｓｉｄｅ-ｔａｇａｗａｓｈｉ.ｊｉｍｄｏ.ｃｏｍ/" }, "geometry": { "type": "Point", "coordinates": [ 130.834472874743597, 33.616632909963165 ] } },
{ "type": "Feature", "properties": { "内容": "デイサービスセンター　愛の里　白寿荘【地域密着型通所介護】福岡県田川市大字奈良1534番地の３１", "url": "https://www.kaigokensaku.mhlw.go.jp/40/index.php?action_kouhyou_detail_004_kani=true&JigyosyoCd=4071900130-00&ServiceCd=780&Type=search", "url2": "http://ainosato.jp" }, "geometry": { "type": "Point", "coordinates": [ 130.813864, 33.6206206 ] } },
{ "type": "Feature", "properties": { "内容": "デイサービスほっと【地域密着型通所介護】福岡県田川市夏吉字塚本263番地11", "url": "https://www.kaigokensaku.mhlw.go.jp/40/index.php?action_kouhyou_detail_004_kani=true&JigyosyoCd=4071901831-00&ServiceCd=780&Type=search", "url2": "https://www.meguminosato-kajikawa.jp" }, "geometry": { "type": "Point", "coordinates": [ 130.820045700000037, 33.656195 ] } },
{ "type": "Feature", "properties": { "内容": "デイサービス　縁むすび【地域密着型通所介護】福岡県田川市大字伊田2792番地の3", "url": "https://www.kaigokensaku.mhlw.go.jp/40/index.php?action_kouhyou_detail_004_kani=true&JigyosyoCd=4071902391-00&ServiceCd=780&Type=search", "url2": null }, "geometry": { "type": "Point", "coordinates": [ 130.812211317231373, 33.639581928694277 ] } },
{ "type": "Feature", "properties": { "内容": "ハピネス優笑【地域密着型通所介護】福岡県田川市白鳥町１１番２号", "url": "https://www.kaigokensaku.mhlw.go.jp/40/index.php?action_kouhyou_detail_004_kani=true&JigyosyoCd=4091900136-00&ServiceCd=780&Type=search", "url2": null }, "geometry": { "type": "Point", "coordinates": [ 130.8205212, 33.6416558 ] } },
{ "type": "Feature", "properties": { "内容": "デイサービスセンター見立【地域密着型通所介護】福岡県田川市大字弓削田3155番地", "url": "https://www.kaigokensaku.mhlw.go.jp/40/index.php?action_kouhyou_detail_004_kani=true&JigyosyoCd=4071901427-00&ServiceCd=780&Type=search", "url2": null }, "geometry": { "type": "Point", "coordinates": [ 130.772381200000041, 33.637167900000016 ] } },
{ "type": "Feature", "properties": { "内容": "デイサービス　日十京【地域密着型通所介護】福岡県田川市大字伊田2584番地3", "url": "https://www.kaigokensaku.mhlw.go.jp/40/index.php?action_kouhyou_detail_004_kani=true&JigyosyoCd=4071902326-00&ServiceCd=780&Type=search", "url2": "http://sinyoukai.com/" }, "geometry": { "type": "Point", "coordinates": [ 130.818902635473592, 33.638475312522871 ] } },
{ "type": "Feature", "properties": { "内容": "デイサービス「くすのき道場」【地域密着型通所介護】福岡県田川市大字夏吉2061番地", "url": "https://www.kaigokensaku.mhlw.go.jp/40/index.php?action_kouhyou_detail_004_kani=true&JigyosyoCd=4071902656-00&ServiceCd=780&Type=search", "url2": null }, "geometry": { "type": "Point", "coordinates": [ 130.818089800000052, 33.6734461 ] } },
{ "type": "Feature", "properties": { "内容": "よねだデイサービス【地域密着型通所介護】福岡県田川市伊田３６０６－１", "url": "https://www.kaigokensaku.mhlw.go.jp/40/index.php?action_kouhyou_detail_004_kani=true&JigyosyoCd=4071902086-00&ServiceCd=780&Type=search", "url2": "http://www.yoneda.cc/" }, "geometry": { "type": "Point", "coordinates": [ 130.82063770000002, 33.6448876 ] } },
{ "type": "Feature", "properties": { "内容": "デイサービスセンターおおぞら【地域密着型通所介護】福岡県田川市糒2595番地4デイサービスセンターおおぞら", "url": "https://www.kaigokensaku.mhlw.go.jp/40/index.php?action_kouhyou_detail_004_kani=true&JigyosyoCd=4071902649-00&ServiceCd=780&Type=search", "url2": null }, "geometry": { "type": "Point", "coordinates": [ 130.797335981684114, 33.668501998685819 ] } },
{ "type": "Feature", "properties": { "内容": "扇デイサービスセンター【地域密着型通所介護】福岡県田川市寿町３３６２番地１", "url": "https://www.kaigokensaku.mhlw.go.jp/40/index.php?action_kouhyou_detail_004_kani=true&JigyosyoCd=4071901617-00&ServiceCd=780&Type=search", "url2": null }, "geometry": { "type": "Point", "coordinates": [ 130.812860499999942, 33.6468373 ] } },
{ "type": "Feature", "properties": { "内容": "デイサービスセンター　よろこび荘【地域密着型通所介護】福岡県柳川市久々原57番地", "url": "https://www.kaigokensaku.mhlw.go.jp/40/index.php?action_kouhyou_detail_004_kani=true&JigyosyoCd=4072000120-00&ServiceCd=780&Type=search", "url2": "http://www.kaneko-hp.or.jp" }, "geometry": { "type": "Point", "coordinates": [ 130.382372499999974, 33.1679737 ] } },
{ "type": "Feature", "properties": { "内容": "デイサービスセンター太一【地域密着型通所介護】福岡県柳川市佃町1261-1デイサービスセンター・有料老人ホーム　太一", "url": "https://www.kaigokensaku.mhlw.go.jp/40/index.php?action_kouhyou_detail_004_kani=true&JigyosyoCd=4072000799-00&ServiceCd=780&Type=search", "url2": null }, "geometry": { "type": "Point", "coordinates": [ 130.413663, 33.1477911 ] } },
{ "type": "Feature", "properties": { "内容": "デイサービス　きめっせ【地域密着型通所介護】福岡県柳川市田脇760-1", "url": "https://www.kaigokensaku.mhlw.go.jp/40/index.php?action_kouhyou_detail_004_kani=true&JigyosyoCd=4072000252-00&ServiceCd=780&Type=search", "url2": "http://www.ikushima.or.jp/" }, "geometry": { "type": "Point", "coordinates": [ 130.375908242544597, 33.170452087114938 ] } },
{ "type": "Feature", "properties": { "内容": "デイサービス　和香の庭【地域密着型通所介護】八女市本村字北平塚362番地3", "url": "https://www.kaigokensaku.mhlw.go.jp/40/index.php?action_kouhyou_detail_004_kani=true&JigyosyoCd=4072301221-00&ServiceCd=780&Type=search", "url2": "https://mi-kikaku.com/" }, "geometry": { "type": "Point", "coordinates": [ 130.563413889796493, 33.213875884794767 ] } },
{ "type": "Feature", "properties": { "内容": "かがやき工房デイサービス【地域密着型通所介護】福岡県八女市黒土２０９番地", "url": "https://www.kaigokensaku.mhlw.go.jp/40/index.php?action_kouhyou_detail_004_kani=true&JigyosyoCd=4072301106-00&ServiceCd=780&Type=search", "url2": null }, "geometry": { "type": "Point", "coordinates": [ 130.5865609, 33.221378 ] } },
{ "type": "Feature", "properties": { "内容": "デイサービス金太郎【地域密着型通所介護】福岡県八女市黒木町桑原95-8", "url": "https://www.kaigokensaku.mhlw.go.jp/40/index.php?action_kouhyou_detail_004_kani=true&JigyosyoCd=4072301080-00&ServiceCd=780&Type=search", "url2": null }, "geometry": { "type": "Point", "coordinates": [ 130.666132800000014, 33.2121194 ] } },
{ "type": "Feature", "properties": { "内容": "八女社協デイサービスセンター上陽【地域密着型通所介護】福岡県八女市上陽町北川内123番地1", "url": "https://www.kaigokensaku.mhlw.go.jp/40/index.php?action_kouhyou_detail_004_kani=true&JigyosyoCd=4072300645-00&ServiceCd=780&Type=search", "url2": "joyo-shakyo@sweet.ocn.ne.jp" }, "geometry": { "type": "Point", "coordinates": [ 130.63671469999997, 33.2361912 ] } },
{ "type": "Feature", "properties": { "内容": "デイサービスセンター茶と花の里２号館【地域密着型通所介護】福岡県八女市本村425-280", "url": "https://www.kaigokensaku.mhlw.go.jp/40/index.php?action_kouhyou_detail_004_kani=true&JigyosyoCd=4072301056-00&ServiceCd=780&Type=search", "url2": "http://www.jafyame.or.jp/" }, "geometry": { "type": "Point", "coordinates": [ 130.557202700000062, 33.2132034 ] } },
{ "type": "Feature", "properties": { "内容": "デイサービス八女寿寿苑【地域密着型通所介護】福岡県八女市本村926-1", "url": "https://www.kaigokensaku.mhlw.go.jp/40/index.php?action_kouhyou_detail_004_kani=true&JigyosyoCd=4092300203-00&ServiceCd=780&Type=search", "url2": null }, "geometry": { "type": "Point", "coordinates": [ 130.55193, 33.2164721 ] } },
{ "type": "Feature", "properties": { "内容": "星寿園デイサービスセンター【地域密着型通所介護】福岡県八女市星野村2400-1", "url": "https://www.kaigokensaku.mhlw.go.jp/40/index.php?action_kouhyou_detail_004_kani=true&JigyosyoCd=4078600048-00&ServiceCd=780&Type=search", "url2": "http://seijyuen.jp/" }, "geometry": { "type": "Point", "coordinates": [ 130.71240595006816, 33.25763516086483 ] } },
{ "type": "Feature", "properties": { "内容": "地域密着型通所介護ことぶき【地域密着型通所介護】福岡県八女市本町2-462", "url": "https://www.kaigokensaku.mhlw.go.jp/40/index.php?action_kouhyou_detail_004_kani=true&JigyosyoCd=4092300245-00&ServiceCd=780&Type=search", "url2": "https://ds-kotobuki.com/" }, "geometry": { "type": "Point", "coordinates": [ 130.5609729, 33.2074938 ] } },
{ "type": "Feature", "properties": { "内容": "ケアパーク平【地域密着型通所介護】福岡県八女市平378番地", "url": "https://www.kaigokensaku.mhlw.go.jp/40/index.php?action_kouhyou_detail_004_kani=true&JigyosyoCd=4092300260-00&ServiceCd=780&Type=search", "url2": "https://careparktaira.wixsite.com/my-site-1" }, "geometry": { "type": "Point", "coordinates": [ 130.5436003, 33.1941163 ] } },
{ "type": "Feature", "properties": { "内容": "デイサービスAGLINK【地域密着型通所介護】福岡県八女市黒木町本分992番地1", "url": "https://www.kaigokensaku.mhlw.go.jp/40/index.php?action_kouhyou_detail_004_kani=true&JigyosyoCd=4092300252-00&ServiceCd=780&Type=search", "url2": null }, "geometry": { "type": "Point", "coordinates": [ 130.660429099999988, 33.2102584 ] } },
{ "type": "Feature", "properties": { "内容": "八女社協デイサービスセンター矢部【地域密着型通所介護】福岡県八女市矢部村矢部4058番地1", "url": "https://www.kaigokensaku.mhlw.go.jp/40/index.php?action_kouhyou_detail_004_kani=true&JigyosyoCd=4072300835-00&ServiceCd=780&Type=search", "url2": "yabesyakyo＠rice.ocn.ne.jp" }, "geometry": { "type": "Point", "coordinates": [ 130.828497700000014, 33.1447323 ] } },
{ "type": "Feature", "properties": { "内容": "リハビリ処筑後【地域密着型通所介護】福岡県筑後市新溝155-1", "url": "https://www.kaigokensaku.mhlw.go.jp/40/index.php?action_kouhyou_detail_004_kani=true&JigyosyoCd=4092400136-00&ServiceCd=780&Type=search", "url2": "https://rehabili-chikugo.com" }, "geometry": { "type": "Point", "coordinates": [ 130.514881993773713, 33.200107016786724 ] } },
{ "type": "Feature", "properties": { "内容": "デイサービスセンターちくご船小屋【地域密着型通所介護】福岡県筑後市大字志121番2特別養護老人ホームちくご船小屋", "url": "https://www.kaigokensaku.mhlw.go.jp/40/index.php?action_kouhyou_detail_004_kani=true&JigyosyoCd=4072400718-00&ServiceCd=780&Type=search", "url2": "https://youzankai.jp" }, "geometry": { "type": "Point", "coordinates": [ 130.498088016821271, 33.185329676916005 ] } },
{ "type": "Feature", "properties": { "内容": "デイサービス筑後【地域密着型通所介護】福岡県筑後市大字熊野124番地23", "url": "https://www.kaigokensaku.mhlw.go.jp/40/index.php?action_kouhyou_detail_004_kani=true&JigyosyoCd=4072400635-00&ServiceCd=780&Type=search", "url2": null }, "geometry": { "type": "Point", "coordinates": [ 130.5094305, 33.2306283 ] } },
{ "type": "Feature", "properties": { "内容": "デイサービスセンター福祉館おかざき【地域密着型通所介護】福岡県筑後市大字尾島545番地1", "url": "https://www.kaigokensaku.mhlw.go.jp/40/index.php?action_kouhyou_detail_004_kani=true&JigyosyoCd=4072400239-00&ServiceCd=780&Type=search", "url2": null }, "geometry": { "type": "Point", "coordinates": [ 130.501515499999982, 33.1922076 ] } },
{ "type": "Feature", "properties": { "内容": "アップデイサービス【地域密着型通所介護】筑後市熊野１８１９－４", "url": "https://www.kaigokensaku.mhlw.go.jp/40/index.php?action_kouhyou_detail_004_kani=true&JigyosyoCd=4072400403-00&ServiceCd=780&Type=search", "url2": "http://www.upday.jp/" }, "geometry": { "type": "Point", "coordinates": [ 130.5013232, 33.2201377 ] } },
{ "type": "Feature", "properties": { "内容": "デイサービスぽれぽれ【地域密着型通所介護】福岡県筑後市西牟田３５７３－２", "url": "https://www.kaigokensaku.mhlw.go.jp/40/index.php?action_kouhyou_detail_004_kani=true&JigyosyoCd=4072400833-00&ServiceCd=780&Type=search", "url2": null }, "geometry": { "type": "Point", "coordinates": [ 130.479586562565601, 33.230193319945982 ] } },
{ "type": "Feature", "properties": { "内容": "デイサービスもりた【地域密着型通所介護】福岡県大川市大字向島1114番地", "url": "https://www.kaigokensaku.mhlw.go.jp/40/index.php?action_kouhyou_detail_004_kani=true&JigyosyoCd=4072500665-00&ServiceCd=780&Type=search", "url2": "daysa-bismorita@sea.plala.or.jp" }, "geometry": { "type": "Point", "coordinates": [ 130.418297, 33.6065756 ] } },
{ "type": "Feature", "properties": { "内容": "デイサービスセンター　ハッピークローバー【地域密着型通所介護】福岡県行橋市大字道場寺1470番地3", "url": "https://www.kaigokensaku.mhlw.go.jp/40/index.php?action_kouhyou_detail_004_kani=true&JigyosyoCd=4072601679-00&ServiceCd=780&Type=search", "url2": null }, "geometry": { "type": "Point", "coordinates": [ 131.009837800000014, 33.6953989 ] } },
{ "type": "Feature", "properties": { "内容": "デイサービスセンターはまゆう【地域密着型通所介護】福岡県行橋市草野291-3", "url": "https://www.kaigokensaku.mhlw.go.jp/40/index.php?action_kouhyou_detail_004_kani=true&JigyosyoCd=4072601596-00&ServiceCd=780&Type=search", "url2": null }, "geometry": { "type": "Point", "coordinates": [ 130.961206169033829, 33.737716156043192 ] } },
{ "type": "Feature", "properties": { "内容": "デイサービス花菜【地域密着型通所介護】道場寺267-1", "url": "https://www.kaigokensaku.mhlw.go.jp/40/index.php?action_kouhyou_detail_004_kani=true&JigyosyoCd=4092600248-00&ServiceCd=780&Type=search", "url2": null }, "geometry": { "type": "Point", "coordinates": [ 130.9977817, 33.6978469 ] } },
{ "type": "Feature", "properties": { "内容": "デイサービス道草こらしょ【地域密着型通所介護】福岡県行橋市大字道場寺1268-26", "url": "https://www.kaigokensaku.mhlw.go.jp/40/index.php?action_kouhyou_detail_004_kani=true&JigyosyoCd=4072601323-00&ServiceCd=780&Type=search", "url2": "michikusakorasyo.com" }, "geometry": { "type": "Point", "coordinates": [ 131.016731899999968, 33.686153 ] } },
{ "type": "Feature", "properties": { "内容": "通所介護　リハビリセンターきずな【地域密着型通所介護】大字今井1399-1", "url": "https://www.kaigokensaku.mhlw.go.jp/40/index.php?action_kouhyou_detail_004_kani=true&JigyosyoCd=4072601364-00&ServiceCd=780&Type=search", "url2": "https://www.reha-kizuna.com/" }, "geometry": { "type": "Point", "coordinates": [ 130.995410699999979, 33.7157242 ] } },
{ "type": "Feature", "properties": { "内容": "デイサービス　あくしゅ【地域密着型通所介護】福岡県行橋市中津熊333-10", "url": "https://www.kaigokensaku.mhlw.go.jp/40/index.php?action_kouhyou_detail_004_kani=true&JigyosyoCd=4072601653-00&ServiceCd=780&Type=search", "url2": null }, "geometry": { "type": "Point", "coordinates": [ 130.956627799999978, 33.7272695 ] } },
{ "type": "Feature", "properties": { "内容": "デイサービスセンターコスモス今川【地域密着型通所介護】福岡県行橋市大野井４７８番地", "url": "https://www.kaigokensaku.mhlw.go.jp/40/index.php?action_kouhyou_detail_004_kani=true&JigyosyoCd=4072601281-00&ServiceCd=780&Type=search", "url2": null }, "geometry": { "type": "Point", "coordinates": [ 130.960766700000022, 33.713224 ] } },
{ "type": "Feature", "properties": { "内容": "デイサービスセンター　美来【地域密着型通所介護】福岡県行橋市行事6丁目2番2号デイサービスセンター", "url": "https://www.kaigokensaku.mhlw.go.jp/40/index.php?action_kouhyou_detail_004_kani=true&JigyosyoCd=4072601620-00&ServiceCd=780&Type=search", "url2": null }, "geometry": { "type": "Point", "coordinates": [ 130.971317900000031, 33.7342774 ] } },
{ "type": "Feature", "properties": { "内容": "デイサービスひだまり【地域密着型通所介護】福岡県行橋市元永703－1", "url": "https://www.kaigokensaku.mhlw.go.jp/40/index.php?action_kouhyou_detail_004_kani=true&JigyosyoCd=4072601307-00&ServiceCd=780&Type=search", "url2": "http://imamoto-careservice.co.jp/" }, "geometry": { "type": "Point", "coordinates": [ 131.007405624200373, 33.725575338081875 ] } },
{ "type": "Feature", "properties": { "内容": "宅老所第三ほのぼの【地域密着型通所介護】行橋市南泉1-35-2", "url": "https://www.kaigokensaku.mhlw.go.jp/40/index.php?action_kouhyou_detail_004_kani=true&JigyosyoCd=4072601240-00&ServiceCd=780&Type=search", "url2": "https://www.fukushiseikyou.jp/" }, "geometry": { "type": "Point", "coordinates": [ 130.970916100000068, 33.7022447 ] } },
{ "type": "Feature", "properties": { "内容": "宮の下デイサービスぼたん【地域密着型通所介護】元永882番地", "url": "https://www.kaigokensaku.mhlw.go.jp/40/index.php?action_kouhyou_detail_004_kani=true&JigyosyoCd=4092600230-00&ServiceCd=780&Type=search", "url2": "http://dayservice-botan.com" }, "geometry": { "type": "Point", "coordinates": [ 131.0104091, 33.7180007 ] } },
{ "type": "Feature", "properties": { "内容": "デイサービス虹の家【地域密着型通所介護】福岡県行橋市泉中央6丁目11-15", "url": "https://www.kaigokensaku.mhlw.go.jp/40/index.php?action_kouhyou_detail_004_kani=true&JigyosyoCd=4072601489-00&ServiceCd=780&Type=search", "url2": "https://kyouseinosato.or.jp/" }, "geometry": { "type": "Point", "coordinates": [ 130.990097600000013, 33.7078636 ] } },
{ "type": "Feature", "properties": { "内容": "デイサービスＭＡＮＡ【地域密着型通所介護】福岡県行橋市道場寺1498-9", "url": "https://www.kaigokensaku.mhlw.go.jp/40/index.php?action_kouhyou_detail_004_kani=true&JigyosyoCd=4092600222-00&ServiceCd=780&Type=search", "url2": null }, "geometry": { "type": "Point", "coordinates": [ 131.008104, 33.6968776 ] } },
{ "type": "Feature", "properties": { "内容": "リハビリデイサービスりふるゆくはし【地域密着型通所介護】福岡県行橋市高瀬379番地１", "url": "https://www.kaigokensaku.mhlw.go.jp/40/index.php?action_kouhyou_detail_004_kani=true&JigyosyoCd=4072601638-00&ServiceCd=780&Type=search", "url2": "https://re-full.com/" }, "geometry": { "type": "Point", "coordinates": [ 131.0046271, 33.6986511 ] } },
{ "type": "Feature", "properties": { "内容": "デイサービス　たんぽぽ【地域密着型通所介護】福岡県豊前市大字今市１１５－１", "url": "https://www.kaigokensaku.mhlw.go.jp/40/index.php?action_kouhyou_detail_004_kani=true&JigyosyoCd=4072700430-00&ServiceCd=780&Type=search", "url2": null }, "geometry": { "type": "Point", "coordinates": [ 131.127586781253882, 33.610753498814525 ] } },
{ "type": "Feature", "properties": { "内容": "歩の里　デイサービス【地域密着型通所介護】福岡県豊前市青豊2-1", "url": "https://www.kaigokensaku.mhlw.go.jp/40/index.php?action_kouhyou_detail_004_kani=true&JigyosyoCd=4092700105-00&ServiceCd=780&Type=search", "url2": "https://esakiseikotsuin-estudio.com/" }, "geometry": { "type": "Point", "coordinates": [ 131.131197500000013, 33.6129284 ] } },
{ "type": "Feature", "properties": { "内容": "デイサービスセンターひかりのさと【地域密着型通所介護】福岡県中間市岩瀬1丁目26番12号", "url": "https://www.kaigokensaku.mhlw.go.jp/40/index.php?action_kouhyou_detail_004_kani=true&JigyosyoCd=4092800152-00&ServiceCd=780&Type=search", "url2": null }, "geometry": { "type": "Point", "coordinates": [ 130.7115991, 33.8298596 ] } },
{ "type": "Feature", "properties": { "内容": "庭のあるデイサービス【地域密着型通所介護】福岡県中間市通谷１丁目22-2", "url": "https://www.kaigokensaku.mhlw.go.jp/40/index.php?action_kouhyou_detail_004_kani=true&JigyosyoCd=4072800743-00&ServiceCd=780&Type=search", "url2": null }, "geometry": { "type": "Point", "coordinates": [ 130.732183, 33.8222052 ] } },
{ "type": "Feature", "properties": { "内容": "デイサービスセンタートクダ【地域密着型通所介護】福岡県小郡市祇園２丁目２－８", "url": "https://www.kaigokensaku.mhlw.go.jp/40/index.php?action_kouhyou_detail_004_kani=true&JigyosyoCd=4072900444-00&ServiceCd=780&Type=search", "url2": "http://www.tokuda-sd.com" }, "geometry": { "type": "Point", "coordinates": [ 130.549672399999963, 33.395325 ] } },
{ "type": "Feature", "properties": { "内容": "福寿荘デイサービス【地域密着型通所介護】福岡県小郡市津古４８８番地１２", "url": "https://www.kaigokensaku.mhlw.go.jp/40/index.php?action_kouhyou_detail_004_kani=true&JigyosyoCd=4072900451-00&ServiceCd=780&Type=search", "url2": "http://hukujuso-homepage.webnode.jp/" }, "geometry": { "type": "Point", "coordinates": [ 130.563635500000032, 33.4410003 ] } },
{ "type": "Feature", "properties": { "内容": "デイサービス陽なた【地域密着型通所介護】福岡県小郡市祇園1丁目2-22", "url": "https://www.kaigokensaku.mhlw.go.jp/40/index.php?action_kouhyou_detail_004_kani=true&JigyosyoCd=4092900143-00&ServiceCd=780&Type=search", "url2": "http://hp.kaipoke.biz/ffe/" }, "geometry": { "type": "Point", "coordinates": [ 130.5509966, 33.3951672 ] } },
{ "type": "Feature", "properties": { "内容": "けあらーず三国が丘指定通所介護事業所【地域密着型通所介護】福岡県小郡市三国が丘６丁目１０番地ライフステージ三国が丘", "url": "https://www.kaigokensaku.mhlw.go.jp/40/index.php?action_kouhyou_detail_004_kani=true&JigyosyoCd=4072900535-00&ServiceCd=780&Type=search", "url2": "http://www.seramu.co.jp" }, "geometry": { "type": "Point", "coordinates": [ 130.569079800000054, 33.4342592 ] } },
{ "type": "Feature", "properties": { "内容": "デイサービスおむすび【地域密着型通所介護】上古賀三丁目9-11", "url": "https://www.kaigokensaku.mhlw.go.jp/40/index.php?action_kouhyou_detail_004_kani=true&JigyosyoCd=4073001267-00&ServiceCd=780&Type=search", "url2": "http://www.omusubi.co.jp/" }, "geometry": { "type": "Point", "coordinates": [ 130.521587599999947, 33.4840464 ] } },
{ "type": "Feature", "properties": { "内容": "デイサービス牛島【地域密着型通所介護】福岡県筑紫野市牛島413", "url": "https://www.kaigokensaku.mhlw.go.jp/40/index.php?action_kouhyou_detail_004_kani=true&JigyosyoCd=4093000182-00&ServiceCd=780&Type=search", "url2": null }, "geometry": { "type": "Point", "coordinates": [ 130.543727399999966, 33.4897634 ] } },
{ "type": "Feature", "properties": { "内容": "デイげんき塾【地域密着型通所介護】筑紫野市原田５丁目３番４", "url": "https://www.kaigokensaku.mhlw.go.jp/40/index.php?action_kouhyou_detail_004_kani=true&JigyosyoCd=4073001119-00&ServiceCd=780&Type=search", "url2": "https://deigenkijuku.wixsite.com/deigenkijuku" }, "geometry": { "type": "Point", "coordinates": [ 130.540476399999989, 33.4481302 ] } },
{ "type": "Feature", "properties": { "内容": "カフェデイサービス筑紫館【地域密着型通所介護】福岡県筑紫野市大字筑紫508番地9", "url": "https://www.kaigokensaku.mhlw.go.jp/40/index.php?action_kouhyou_detail_004_kani=true&JigyosyoCd=4073001283-00&ServiceCd=780&Type=search", "url2": "htto://www.handh-fukuoka.com" }, "geometry": { "type": "Point", "coordinates": [ 130.550132171189261, 33.463974905161557 ] } },
{ "type": "Feature", "properties": { "内容": "通所介護いずみ【地域密着型通所介護】福岡県筑紫野市岡田１丁目４番１号", "url": "https://www.kaigokensaku.mhlw.go.jp/40/index.php?action_kouhyou_detail_004_kani=true&JigyosyoCd=4093000224-00&ServiceCd=780&Type=search", "url2": null }, "geometry": { "type": "Point", "coordinates": [ 130.5538732, 33.4746008 ] } },
{ "type": "Feature", "properties": { "内容": "デイサービスセンター　クローバーリーフ【地域密着型通所介護】福岡県筑紫野市永岡８３３－２", "url": "https://www.kaigokensaku.mhlw.go.jp/40/index.php?action_kouhyou_detail_004_kani=true&JigyosyoCd=4073000905-00&ServiceCd=780&Type=search", "url2": "ｈｔｔｐｓ：//c-cloverleaf.com" }, "geometry": { "type": "Point", "coordinates": [ 130.536112, 33.4771942 ] } },
{ "type": "Feature", "properties": { "内容": "はるはうすデイサービスセンター【地域密着型通所介護】筑紫野市原166番地108", "url": "https://www.kaigokensaku.mhlw.go.jp/40/index.php?action_kouhyou_detail_004_kani=true&JigyosyoCd=4073001044-00&ServiceCd=780&Type=search", "url2": "https://macree.jp" }, "geometry": { "type": "Point", "coordinates": [ 130.549021499999981, 33.5130213 ] } },
{ "type": "Feature", "properties": { "内容": "エフコープデイサービスりんご庵光町第２【地域密着型通所介護】福岡県春日市光町2丁目94　りんご庵光町第2", "url": "https://www.kaigokensaku.mhlw.go.jp/40/index.php?action_kouhyou_detail_004_kani=true&JigyosyoCd=4073100655-00&ServiceCd=780&Type=search", "url2": "http://www.fcoop.or.jp/" }, "geometry": { "type": "Point", "coordinates": [ 130.464078196295219, 33.532645260070623 ] } },
{ "type": "Feature", "properties": { "内容": "Let'sリハ春日【地域密着型通所介護】春日市下白水北３丁目15ラヴィーエヒナタ春日西1階1号室", "url": "https://www.kaigokensaku.mhlw.go.jp/40/index.php?action_kouhyou_detail_004_kani=true&JigyosyoCd=4093100214-00&ServiceCd=780&Type=search", "url2": "https://www.lets-reha.jp/shop/fukuoka-kasuga/" }, "geometry": { "type": "Point", "coordinates": [ 130.444354599999969, 33.5280941 ] } },
{ "type": "Feature", "properties": { "内容": "デイサービス　歩～あゆみ～春日小倉館【地域密着型通所介護】福岡県春日市小倉５丁目１５６宝コーポ１F", "url": "https://www.kaigokensaku.mhlw.go.jp/40/index.php?action_kouhyou_detail_004_kani=true&JigyosyoCd=4073101299-00&ServiceCd=780&Type=search", "url2": null }, "geometry": { "type": "Point", "coordinates": [ 130.453264200000035, 33.5328126 ] } },
{ "type": "Feature", "properties": { "内容": "デイサービス　　やよいの樹【地域密着型通所介護】福岡県春日市弥生2丁目62番地", "url": "https://www.kaigokensaku.mhlw.go.jp/40/index.php?action_kouhyou_detail_004_kani=true&JigyosyoCd=4073100564-00&ServiceCd=780&Type=search", "url2": null }, "geometry": { "type": "Point", "coordinates": [ 130.451110100000051, 33.5355479 ] } },
{ "type": "Feature", "properties": { "内容": "デイサービス　春の杜【地域密着型通所介護】福岡県春日市春日2丁目27番", "url": "https://www.kaigokensaku.mhlw.go.jp/40/index.php?action_kouhyou_detail_004_kani=true&JigyosyoCd=4073100762-00&ServiceCd=780&Type=search", "url2": "www.yuyu-group.co.jp" }, "geometry": { "type": "Point", "coordinates": [ 130.470539984655773, 33.52342623049514 ] } },
{ "type": "Feature", "properties": { "内容": "デイサービス夏みかん【地域密着型通所介護】春日市須玖南2丁目103番地", "url": "https://www.kaigokensaku.mhlw.go.jp/40/index.php?action_kouhyou_detail_004_kani=true&JigyosyoCd=4073100879-00&ServiceCd=780&Type=search", "url2": "https://www.aozoranonaka.com/" }, "geometry": { "type": "Point", "coordinates": [ 130.4456189, 33.536956 ] } },
{ "type": "Feature", "properties": { "内容": "さかいの樹　春日南【地域密着型通所介護】光町1丁目45サンコーポ光１", "url": "https://www.kaigokensaku.mhlw.go.jp/40/index.php?action_kouhyou_detail_004_kani=true&JigyosyoCd=4073101208-00&ServiceCd=780&Type=search", "url2": "http://www.med-sakai.jp/sakainoki/" }, "geometry": { "type": "Point", "coordinates": [ 130.463293, 33.5140184 ] } },
{ "type": "Feature", "properties": { "内容": "デイサービス　うさぎとカメ【地域密着型通所介護】福岡県春日市白水池２丁目７３番地", "url": "https://www.kaigokensaku.mhlw.go.jp/40/index.php?action_kouhyou_detail_004_kani=true&JigyosyoCd=4073101307-00&ServiceCd=780&Type=search", "url2": null }, "geometry": { "type": "Point", "coordinates": [ 130.449226900000014, 33.5134304 ] } },
{ "type": "Feature", "properties": { "内容": "宅老所お花さん【地域密着型通所介護】春日市白水ヶ丘3丁目125", "url": "https://www.kaigokensaku.mhlw.go.jp/40/index.php?action_kouhyou_detail_004_kani=true&JigyosyoCd=4071102562-00&ServiceCd=780&Type=search", "url2": null }, "geometry": { "type": "Point", "coordinates": [ 130.442613599999959, 33.5143246 ] } },
{ "type": "Feature", "properties": { "内容": "笑顔満開はなことば春日【地域密着型通所介護】塚原台２丁目３５", "url": "https://www.kaigokensaku.mhlw.go.jp/40/index.php?action_kouhyou_detail_004_kani=true&JigyosyoCd=4073100994-00&ServiceCd=780&Type=search", "url2": null }, "geometry": { "type": "Point", "coordinates": [ 130.463303399999972, 33.5069787 ] } },
{ "type": "Feature", "properties": { "内容": "Toquidoki　ときどき　春日【地域密着型通所介護】福岡県春日市原町1-83", "url": "https://www.kaigokensaku.mhlw.go.jp/40/index.php?action_kouhyou_detail_004_kani=true&JigyosyoCd=4093100180-00&ServiceCd=780&Type=search", "url2": "https://toquidoki.com/" }, "geometry": { "type": "Point", "coordinates": [ 130.467406400000016, 33.524824399999986 ] } },
{ "type": "Feature", "properties": { "内容": "だんらんの家大野城【地域密着型通所介護】福岡県大野城市南ヶ丘4-5-6", "url": "https://www.kaigokensaku.mhlw.go.jp/40/index.php?action_kouhyou_detail_004_kani=true&JigyosyoCd=4093200246-00&ServiceCd=780&Type=search", "url2": "https://www.danrannoie.com/home/ohnojyou.html" }, "geometry": { "type": "Point", "coordinates": [ 130.477986, 33.5036827 ] } },
{ "type": "Feature", "properties": { "内容": "デイサービスアップルハート大野城【地域密着型通所介護】下大利団地2-62号棟１階", "url": "https://www.kaigokensaku.mhlw.go.jp/40/index.php?action_kouhyou_detail_004_kani=true&JigyosyoCd=4093200253-00&ServiceCd=780&Type=search", "url2": "http://www.aso-kaigo.jp/" }, "geometry": { "type": "Point", "coordinates": [ 130.491481, 33.5228473 ] } },
{ "type": "Feature", "properties": { "内容": "Ｆ－communication【地域密着型通所介護】福岡県大野城市山田3丁目３－１５シーラプラッツ1階", "url": "https://www.kaigokensaku.mhlw.go.jp/40/index.php?action_kouhyou_detail_004_kani=true&JigyosyoCd=4073200794-00&ServiceCd=780&Type=search", "url2": null }, "geometry": { "type": "Point", "coordinates": [ 130.474691300000018, 33.5503275 ] } },
{ "type": "Feature", "properties": { "内容": "デイサービス絆【地域密着型通所介護】大野城市南ヶ丘２丁目２２－１", "url": "https://www.kaigokensaku.mhlw.go.jp/40/index.php?action_kouhyou_detail_004_kani=true&JigyosyoCd=4073200828-00&ServiceCd=780&Type=search", "url2": "http://www.yushin-ltd.com" }, "geometry": { "type": "Point", "coordinates": [ 130.4814685, 33.5055904 ] } },
{ "type": "Feature", "properties": { "内容": "だんらんの家　大野城【地域密着型通所介護】福岡県大野城市南ヶ丘4-5-6", "url": "https://www.kaigokensaku.mhlw.go.jp/40/index.php?action_kouhyou_detail_004_kani=true&JigyosyoCd=4093200295-00&ServiceCd=780&Type=search", "url2": "https://danrannoie.com/archives/2402" }, "geometry": { "type": "Point", "coordinates": [ 130.4779998, 33.5036954 ] } },
{ "type": "Feature", "properties": { "内容": "デイサービスお喜楽【地域密着型通所介護】福岡県大野城市南ヶ丘3丁目14番22号", "url": "https://www.kaigokensaku.mhlw.go.jp/40/index.php?action_kouhyou_detail_004_kani=true&JigyosyoCd=4093200212-00&ServiceCd=780&Type=search", "url2": "https://nirai-llc.jp/service/okiraku" }, "geometry": { "type": "Point", "coordinates": [ 130.479753184269697, 33.50103607625428 ] } },
{ "type": "Feature", "properties": { "内容": "福朗舎【地域密着型通所介護】宗像市泉ヶ丘１丁目４番１０号", "url": "https://www.kaigokensaku.mhlw.go.jp/40/index.php?action_kouhyou_detail_004_kani=true&JigyosyoCd=4093300228-00&ServiceCd=780&Type=search", "url2": null }, "geometry": { "type": "Point", "coordinates": [ 130.5713691, 33.8191627 ] } },
{ "type": "Feature", "properties": { "内容": "自由ヶ丘デイサービスセンター【地域密着型通所介護】福岡県宗像市自由ヶ丘11丁目22番地1号", "url": "https://www.kaigokensaku.mhlw.go.jp/40/index.php?action_kouhyou_detail_004_kani=true&JigyosyoCd=4073300867-00&ServiceCd=780&Type=search", "url2": "http://www.kitatikuzen.net/" }, "geometry": { "type": "Point", "coordinates": [ 130.581571, 33.7847481 ] } },
{ "type": "Feature", "properties": { "内容": "陽の枝デイサービスセンター【地域密着型通所介護】宗像市上八１９２８", "url": "https://www.kaigokensaku.mhlw.go.jp/40/index.php?action_kouhyou_detail_004_kani=true&JigyosyoCd=4073301071-00&ServiceCd=780&Type=search", "url2": null }, "geometry": { "type": "Point", "coordinates": [ 130.528712, 33.8666828 ] } },
{ "type": "Feature", "properties": { "内容": "デイサービスセンター温々庵【地域密着型通所介護】福岡県宗像市自由ヶ丘6丁目12番12", "url": "https://www.kaigokensaku.mhlw.go.jp/40/index.php?action_kouhyou_detail_004_kani=true&JigyosyoCd=4073300669-00&ServiceCd=780&Type=search", "url2": "http://www.kitatikuzen.net" }, "geometry": { "type": "Point", "coordinates": [ 130.569646226983679, 33.797044505319661 ] } },
{ "type": "Feature", "properties": { "内容": "グリーンケア・デイサービス宗像【地域密着型通所介護】福岡県宗像市宮田1丁目1-23", "url": "https://www.kaigokensaku.mhlw.go.jp/40/index.php?action_kouhyou_detail_004_kani=true&JigyosyoCd=4073300776-00&ServiceCd=780&Type=search", "url2": "http;www.green-care.co.jp" }, "geometry": { "type": "Point", "coordinates": [ 130.561611099999936, 33.7985159 ] } },
{ "type": "Feature", "properties": { "内容": "デイサービス　ゆいまーる【地域密着型通所介護】福岡県宗像市池田２９８３番地", "url": "https://www.kaigokensaku.mhlw.go.jp/40/index.php?action_kouhyou_detail_004_kani=true&JigyosyoCd=4073301287-00&ServiceCd=780&Type=search", "url2": null }, "geometry": { "type": "Point", "coordinates": [ 130.555430556761166, 33.846686503544483 ] } },
{ "type": "Feature", "properties": { "内容": "デイサービスぬくもり【地域密着型通所介護】福岡県宗像市上八７９４番地", "url": "https://www.kaigokensaku.mhlw.go.jp/40/index.php?action_kouhyou_detail_004_kani=true&JigyosyoCd=4073300750-00&ServiceCd=780&Type=search", "url2": null }, "geometry": { "type": "Point", "coordinates": [ 130.529608115205434, 33.875944035344531 ] } },
{ "type": "Feature", "properties": { "内容": "デイサ－ビス悠里【地域密着型通所介護】福岡県宗像市石丸一丁目3番1号", "url": "https://www.kaigokensaku.mhlw.go.jp/40/index.php?action_kouhyou_detail_004_kani=true&JigyosyoCd=4093300194-00&ServiceCd=780&Type=search", "url2": "http://www.sizukanoumi.org/" }, "geometry": { "type": "Point", "coordinates": [ 130.594166292729142, 33.804563098877274 ] } },
{ "type": "Feature", "properties": { "内容": "デイサービスなないろ【地域密着型通所介護】日の里9丁目2-9", "url": "https://www.kaigokensaku.mhlw.go.jp/40/index.php?action_kouhyou_detail_004_kani=true&JigyosyoCd=4093300210-00&ServiceCd=780&Type=search", "url2": null }, "geometry": { "type": "Point", "coordinates": [ 130.527304238028705, 33.792880114529737 ] } },
{ "type": "Feature", "properties": { "内容": "宗像デイサービスセンターなごみ【地域密着型通所介護】宗像市大井３２４－１", "url": "https://www.kaigokensaku.mhlw.go.jp/40/index.php?action_kouhyou_detail_004_kani=true&JigyosyoCd=4073301121-00&ServiceCd=780&Type=search", "url2": "http://www.fukushi-greencoop.or.jp" }, "geometry": { "type": "Point", "coordinates": [ 130.531216200000017, 33.8060255 ] } },
{ "type": "Feature", "properties": { "内容": "デイサービスたから【地域密着型通所介護】福岡県太宰府市都府楼南4－32－8", "url": "https://www.kaigokensaku.mhlw.go.jp/40/index.php?action_kouhyou_detail_004_kani=true&JigyosyoCd=4073000814-00&ServiceCd=780&Type=search", "url2": "http://www." }, "geometry": { "type": "Point", "coordinates": [ 130.508411172352538, 33.501599873120774 ] } },
{ "type": "Feature", "properties": { "内容": "デイサービスセンター　ゆずの木【地域密着型通所介護】福岡県太宰府市大佐野３－１３－３０", "url": "https://www.kaigokensaku.mhlw.go.jp/40/index.php?action_kouhyou_detail_004_kani=true&JigyosyoCd=4073401038-00&ServiceCd=780&Type=search", "url2": "http://www.dayservice-yuzunoki.com/" }, "geometry": { "type": "Point", "coordinates": [ 130.4906565, 33.4987998 ] } },
{ "type": "Feature", "properties": { "内容": "デイサービス　茶ばしら【地域密着型通所介護】福岡県太宰府市国分2丁目4番3号", "url": "https://www.kaigokensaku.mhlw.go.jp/40/index.php?action_kouhyou_detail_004_kani=true&JigyosyoCd=4073401087-00&ServiceCd=780&Type=search", "url2": "http://like-innovation.co.jp/" }, "geometry": { "type": "Point", "coordinates": [ 130.501855500000033, 33.5204284 ] } },
{ "type": "Feature", "properties": { "内容": "蔵音の介護　太宰府店【地域密着型通所介護】福岡県太宰府市大佐野４丁目１７－７", "url": "https://www.kaigokensaku.mhlw.go.jp/40/index.php?action_kouhyou_detail_004_kani=true&JigyosyoCd=4073401145-00&ServiceCd=780&Type=search", "url2": "http://cranenokaigo.hp.gogo.jp/pc/index.html" }, "geometry": { "type": "Point", "coordinates": [ 130.48916220000001, 33.5005218 ] } },
{ "type": "Feature", "properties": { "内容": "小規模デイサービス　ひより茶屋【地域密着型通所介護】福岡県古賀市花見東７丁目９－３１", "url": "https://www.kaigokensaku.mhlw.go.jp/40/index.php?action_kouhyou_detail_004_kani=true&JigyosyoCd=4073600555-00&ServiceCd=780&Type=search", "url2": "http://nttbj.itp.ne.jp/0929407007" }, "geometry": { "type": "Point", "coordinates": [ 130.471045, 33.7515145 ] } },
{ "type": "Feature", "properties": { "内容": "デイハウス　こもの倶楽部【地域密着型通所介護】福岡県古賀市薦野1885-1", "url": "https://www.kaigokensaku.mhlw.go.jp/40/index.php?action_kouhyou_detail_004_kani=true&JigyosyoCd=4073600829-00&ServiceCd=780&Type=search", "url2": "http://.bihara.jp" }, "geometry": { "type": "Point", "coordinates": [ 130.520943506884805, 33.731002443944845 ] } },
{ "type": "Feature", "properties": { "内容": "笑顔満開はなことば古賀【地域密着型通所介護】福岡県古賀市花見南２丁目11－9", "url": "https://www.kaigokensaku.mhlw.go.jp/40/index.php?action_kouhyou_detail_004_kani=true&JigyosyoCd=4093600056-00&ServiceCd=780&Type=search", "url2": null }, "geometry": { "type": "Point", "coordinates": [ 130.467786765641478, 33.742321269625066 ] } },
{ "type": "Feature", "properties": { "内容": "デイサービスゆとり【地域密着型通所介護】福岡県古賀市谷山1057-3", "url": "https://www.kaigokensaku.mhlw.go.jp/40/index.php?action_kouhyou_detail_004_kani=true&JigyosyoCd=4073600811-00&ServiceCd=780&Type=search", "url2": null }, "geometry": { "type": "Point", "coordinates": [ 130.499565500000017, 33.7130968 ] } },
{ "type": "Feature", "properties": { "内容": "ハッピーデイサービス　ゆーあい【地域密着型通所介護】福岡県福津市中央6丁目11-12", "url": "https://www.kaigokensaku.mhlw.go.jp/40/index.php?action_kouhyou_detail_004_kani=true&JigyosyoCd=4074500473-00&ServiceCd=780&Type=search", "url2": "http://www.fukuma-yuai.com" }, "geometry": { "type": "Point", "coordinates": [ 130.483616100000063, 33.7633274 ] } },
{ "type": "Feature", "properties": { "内容": "りはびりせんたー　すみか【地域密着型通所介護】福岡県福津市花見が丘２丁目１２－３２", "url": "https://www.kaigokensaku.mhlw.go.jp/40/index.php?action_kouhyou_detail_004_kani=true&JigyosyoCd=4094500123-00&ServiceCd=780&Type=search", "url2": "https://sumika2020.webnode.jp" }, "geometry": { "type": "Point", "coordinates": [ 130.475548130024748, 33.757310261144234 ] } },
{ "type": "Feature", "properties": { "内容": "デイサービスあしたば【地域密着型通所介護】福津市福間南４－１５－２３", "url": "https://www.kaigokensaku.mhlw.go.jp/40/index.php?action_kouhyou_detail_004_kani=true&JigyosyoCd=4074500440-00&ServiceCd=780&Type=search", "url2": "https://dayservice-ashitaba.com/" }, "geometry": { "type": "Point", "coordinates": [ 130.481980300000032, 33.7561171 ] } },
{ "type": "Feature", "properties": { "内容": "デイサービスちからいっぱい若木台【地域密着型通所介護】福岡県福津市若木台4丁目15番地3号", "url": "https://www.kaigokensaku.mhlw.go.jp/40/index.php?action_kouhyou_detail_004_kani=true&JigyosyoCd=4074500804-00&ServiceCd=780&Type=search", "url2": "http://www.boxislife.com›about" }, "geometry": { "type": "Point", "coordinates": [ 130.518569103110536, 33.773188954868289 ] } },
{ "type": "Feature", "properties": { "内容": "デイサービスちからいっぱい日蒔野【地域密着型通所介護】福間駅東2-9-5", "url": "https://www.kaigokensaku.mhlw.go.jp/40/index.php?action_kouhyou_detail_004_kani=true&JigyosyoCd=4094500115-00&ServiceCd=780&Type=search", "url2": "http://www.boxislife.com" }, "geometry": { "type": "Point", "coordinates": [ 130.4953825, 33.7637167 ] } },
{ "type": "Feature", "properties": { "内容": "Let'sリハ福津【地域密着型通所介護】福岡県福津市花見が丘2丁目18-35", "url": "https://www.kaigokensaku.mhlw.go.jp/40/index.php?action_kouhyou_detail_004_kani=true&JigyosyoCd=4094500149-00&ServiceCd=780&Type=search", "url2": "https://www.lets-reha.jp/shop/fukuoka-fukutsu/" }, "geometry": { "type": "Point", "coordinates": [ 130.4785229, 33.7604338 ] } },
{ "type": "Feature", "properties": { "内容": "デイサービス亀は萬年【地域密着型通所介護】吉井町千年１２番地１", "url": "https://www.kaigokensaku.mhlw.go.jp/40/index.php?action_kouhyou_detail_004_kani=true&JigyosyoCd=4077300475-00&ServiceCd=780&Type=search", "url2": "https://kamehamannen.com/" }, "geometry": { "type": "Point", "coordinates": [ 130.776635673016358, 33.350298529305128 ] } },
{ "type": "Feature", "properties": { "内容": "快互のデイサービス楽講【地域密着型通所介護】福岡県宮若市沼口８３８番地３", "url": "https://www.kaigokensaku.mhlw.go.jp/40/index.php?action_kouhyou_detail_004_kani=true&JigyosyoCd=4075500803-00&ServiceCd=780&Type=search", "url2": "https://www.kaigonomori-kirakuan.com/" }, "geometry": { "type": "Point", "coordinates": [ 130.609258100000034, 33.7409285 ] } },
{ "type": "Feature", "properties": { "内容": "デイサービス　ジョイナス【地域密着型通所介護】宮若市本城720番地", "url": "https://www.kaigokensaku.mhlw.go.jp/40/index.php?action_kouhyou_detail_004_kani=true&JigyosyoCd=4075500951-00&ServiceCd=780&Type=search", "url2": null }, "geometry": { "type": "Point", "coordinates": [ 130.670943099999931, 33.7290339 ] } },
{ "type": "Feature", "properties": { "内容": "デイサービス　なのみ【地域密着型通所介護】福岡県宮若市四郎丸562番", "url": "https://www.kaigokensaku.mhlw.go.jp/40/index.php?action_kouhyou_detail_004_kani=true&JigyosyoCd=4075500662-00&ServiceCd=780&Type=search", "url2": null }, "geometry": { "type": "Point", "coordinates": [ 130.646358400000054, 33.7460453 ] } },
{ "type": "Feature", "properties": { "内容": "デイサービスセンターすみれ【地域密着型通所介護】福岡県宮若市原田１４８３", "url": "https://www.kaigokensaku.mhlw.go.jp/40/index.php?action_kouhyou_detail_004_kani=true&JigyosyoCd=4075600116-00&ServiceCd=780&Type=search", "url2": null }, "geometry": { "type": "Point", "coordinates": [ 130.6327182, 33.7252306 ] } },
{ "type": "Feature", "properties": { "内容": "リハビリテーションセンターODETTO【地域密着型通所介護】福岡県宮若市金丸801-2", "url": "https://www.kaigokensaku.mhlw.go.jp/40/index.php?action_kouhyou_detail_004_kani=true&JigyosyoCd=4095500106-00&ServiceCd=780&Type=search", "url2": "https://odetto.webnode.jp" }, "geometry": { "type": "Point", "coordinates": [ 130.624162899999988, 33.7334433 ] } },
{ "type": "Feature", "properties": { "内容": "デイサービス　かがやき【地域密着型通所介護】福岡県宮若市小伏字吉坂1546－29", "url": "https://www.kaigokensaku.mhlw.go.jp/40/index.php?action_kouhyou_detail_004_kani=true&JigyosyoCd=4075500837-00&ServiceCd=780&Type=search", "url2": null }, "geometry": { "type": "Point", "coordinates": [ 130.666693600000031, 33.7235676 ] } },
{ "type": "Feature", "properties": { "内容": "デイサービス永遠の樹【地域密着型通所介護】福岡県宮若市鶴田1381番地2", "url": "https://www.kaigokensaku.mhlw.go.jp/40/index.php?action_kouhyou_detail_004_kani=true&JigyosyoCd=4095500098-00&ServiceCd=780&Type=search", "url2": null }, "geometry": { "type": "Point", "coordinates": [ 130.690259718385249, 33.726470316819146 ] } },
{ "type": "Feature", "properties": { "内容": "パーソナルリハ髙倉【地域密着型通所介護】福岡県宮若市本城1147−1MikiHouse宮若3号", "url": "https://www.kaigokensaku.mhlw.go.jp/40/index.php?action_kouhyou_detail_004_kani=true&JigyosyoCd=4095500122-00&ServiceCd=780&Type=search", "url2": null }, "geometry": { "type": "Point", "coordinates": [ 130.6814365, 33.7320539 ] } },
{ "type": "Feature", "properties": { "内容": "デイサービス　こもれび【地域密着型通所介護】口春500番地の１", "url": "https://www.kaigokensaku.mhlw.go.jp/40/index.php?action_kouhyou_detail_004_kani=true&JigyosyoCd=4072100540-00&ServiceCd=780&Type=search", "url2": null }, "geometry": { "type": "Point", "coordinates": [ 130.713255200000049, 33.6066641 ] } },
{ "type": "Feature", "properties": { "内容": "医療法人　平野医院デイサービスセンター【地域密着型通所介護】福岡県嘉麻市鴨生６５１ー４", "url": "https://www.kaigokensaku.mhlw.go.jp/40/index.php?action_kouhyou_detail_004_kani=true&JigyosyoCd=4075800229-00&ServiceCd=780&Type=search", "url2": null }, "geometry": { "type": "Point", "coordinates": [ 130.7252234, 33.6077336 ] } },
{ "type": "Feature", "properties": { "内容": "デイサービスにぎわい荘【地域密着型通所介護】福岡県嘉麻市下山田336", "url": "https://www.kaigokensaku.mhlw.go.jp/40/index.php?action_kouhyou_detail_004_kani=true&JigyosyoCd=4072100342-00&ServiceCd=780&Type=search", "url2": "http//www1.sphere.ne.jp/fukushiseikyou/" }, "geometry": { "type": "Point", "coordinates": [ 130.754758600000059, 33.57544930000001 ] } },
{ "type": "Feature", "properties": { "内容": "デイサービスセンターつつじの丘【地域密着型通所介護】福岡県嘉麻市牛隈2510番地９８", "url": "https://www.kaigokensaku.mhlw.go.jp/40/index.php?action_kouhyou_detail_004_kani=true&JigyosyoCd=4072100516-00&ServiceCd=780&Type=search", "url2": null }, "geometry": { "type": "Point", "coordinates": [ 130.723077200000034, 33.5748734 ] } },
{ "type": "Feature", "properties": { "内容": "エルシアデイサービス【地域密着型通所介護】福岡県嘉麻市下山田407番地", "url": "https://www.kaigokensaku.mhlw.go.jp/40/index.php?action_kouhyou_detail_004_kani=true&JigyosyoCd=4092100090-00&ServiceCd=780&Type=search", "url2": "https://hp.kaipoke.biz" }, "geometry": { "type": "Point", "coordinates": [ 130.7576469, 33.5733053 ] } },
{ "type": "Feature", "properties": { "内容": "エルシアデイサービス上山田【地域密着型通所介護】福岡県嘉麻市上山田1519番地", "url": "https://www.kaigokensaku.mhlw.go.jp/40/index.php?action_kouhyou_detail_004_kani=true&JigyosyoCd=4092100116-00&ServiceCd=780&Type=search", "url2": null }, "geometry": { "type": "Point", "coordinates": [ 130.766661199999987, 33.5563679 ] } },
{ "type": "Feature", "properties": { "内容": "リハビリデイサービス　フクラス嘉麻【地域密着型通所介護】福岡県嘉麻市鴨生519-2", "url": "https://www.kaigokensaku.mhlw.go.jp/40/index.php?action_kouhyou_detail_004_kani=true&JigyosyoCd=4092100108-00&ServiceCd=780&Type=search", "url2": "https://www.fuku2020.com/" }, "geometry": { "type": "Point", "coordinates": [ 130.7257381, 33.6047276 ] } },
{ "type": "Feature", "properties": { "内容": "たちばな苑デイサービスセンター【地域密着型通所介護】福岡県嘉麻市上山田818-18", "url": "https://www.kaigokensaku.mhlw.go.jp/40/index.php?action_kouhyou_detail_004_kani=true&JigyosyoCd=4072100029-00&ServiceCd=780&Type=search", "url2": "tachibanaen.net" }, "geometry": { "type": "Point", "coordinates": [ 130.770872404893481, 33.564549160961761 ] } },
{ "type": "Feature", "properties": { "内容": "デイサービス　好日庵【地域密着型通所介護】朝倉市下浦字地光５６６－２", "url": "https://www.kaigokensaku.mhlw.go.jp/40/index.php?action_kouhyou_detail_004_kani=true&JigyosyoCd=4072200779-00&ServiceCd=780&Type=search", "url2": "http://www.katsuki-kai.com/koujituan/index.htm" }, "geometry": { "type": "Point", "coordinates": [ 130.636574969589248, 33.397725936873393 ] } },
{ "type": "Feature", "properties": { "内容": "デイサービス　だんだん【地域密着型通所介護】福岡県朝倉市桑原666-1", "url": "https://www.kaigokensaku.mhlw.go.jp/40/index.php?action_kouhyou_detail_004_kani=true&JigyosyoCd=4072200613-00&ServiceCd=780&Type=search", "url2": null }, "geometry": { "type": "Point", "coordinates": [ 130.680227800000011, 33.385533 ] } },
{ "type": "Feature", "properties": { "内容": "宅老所つつみの郷ひまわり【地域密着型通所介護】福岡県朝倉市堤1003-1", "url": "https://www.kaigokensaku.mhlw.go.jp/40/index.php?action_kouhyou_detail_004_kani=true&JigyosyoCd=4092200098-00&ServiceCd=780&Type=search", "url2": null }, "geometry": { "type": "Point", "coordinates": [ 130.669006200000013, 33.4178242 ] } },
{ "type": "Feature", "properties": { "内容": "デイサービスセンター和楽【地域密着型通所介護】福岡県朝倉市秋月野鳥６８１番地１", "url": "https://www.kaigokensaku.mhlw.go.jp/40/index.php?action_kouhyou_detail_004_kani=true&JigyosyoCd=4092200072-00&ServiceCd=780&Type=search", "url2": null }, "geometry": { "type": "Point", "coordinates": [ 130.693425499999989, 33.467164 ] } },
{ "type": "Feature", "properties": { "内容": "星の丘デイサービスつつみ【地域密着型通所介護】福岡県朝倉市堤887-1", "url": "https://www.kaigokensaku.mhlw.go.jp/40/index.php?action_kouhyou_detail_004_kani=true&JigyosyoCd=4092200130-00&ServiceCd=780&Type=search", "url2": null }, "geometry": { "type": "Point", "coordinates": [ 130.671837, 33.4164387 ] } },
{ "type": "Feature", "properties": { "内容": "デイサービスセンター　ファミーユ朝倉【地域密着型通所介護】朝倉市大庭5390番12", "url": "https://www.kaigokensaku.mhlw.go.jp/40/index.php?action_kouhyou_detail_004_kani=true&JigyosyoCd=4072200878-00&ServiceCd=780&Type=search", "url2": null }, "geometry": { "type": "Point", "coordinates": [ 130.698359500000038, 33.4004961 ] } },
{ "type": "Feature", "properties": { "内容": "デイサービスおんあい【地域密着型通所介護】みやま市山川町河原内５１０番地", "url": "https://www.kaigokensaku.mhlw.go.jp/40/index.php?action_kouhyou_detail_004_kani=true&JigyosyoCd=4078700509-00&ServiceCd=780&Type=search", "url2": "https：//onai-care.com" }, "geometry": { "type": "Point", "coordinates": [ 130.512076200000024, 33.1425686 ] } },
{ "type": "Feature", "properties": { "内容": "デイサービス　わかば庵【地域密着型通所介護】福岡県みやま市高田町田尻９０４", "url": "https://www.kaigokensaku.mhlw.go.jp/40/index.php?action_kouhyou_detail_004_kani=true&JigyosyoCd=4078700582-00&ServiceCd=780&Type=search", "url2": null }, "geometry": { "type": "Point", "coordinates": [ 130.485403499999961, 33.1157793 ] } },
{ "type": "Feature", "properties": { "内容": "デイサービス四つ葉【地域密着型通所介護】福岡県みやま市瀬高町高柳297番地3", "url": "https://www.kaigokensaku.mhlw.go.jp/40/index.php?action_kouhyou_detail_004_kani=true&JigyosyoCd=4078700400-00&ServiceCd=780&Type=search", "url2": null }, "geometry": { "type": "Point", "coordinates": [ 130.467036657988729, 33.147251350162065 ] } },
{ "type": "Feature", "properties": { "内容": "竹里館　デイサービスセンター【地域密着型通所介護】福岡県みやま市山川町原町83番地の1", "url": "https://www.kaigokensaku.mhlw.go.jp/40/index.php?action_kouhyou_detail_004_kani=true&JigyosyoCd=4098700141-00&ServiceCd=780&Type=search", "url2": null }, "geometry": { "type": "Point", "coordinates": [ 130.5284911, 33.1173078 ] } },
{ "type": "Feature", "properties": { "内容": "こんびびありて【地域密着型通所介護】みやま市瀬高町下庄480番地1", "url": "https://www.kaigokensaku.mhlw.go.jp/40/index.php?action_kouhyou_detail_004_kani=true&JigyosyoCd=4078700558-00&ServiceCd=780&Type=search", "url2": null }, "geometry": { "type": "Point", "coordinates": [ 130.475253181831306, 33.147238166206009 ] } },
{ "type": "Feature", "properties": { "内容": "みやま市社協げんきかんデイサービス【地域密着型通所介護】福岡県みやま市山川町立山1234-1みやま市山川総合福祉保健センター「げんきかん」", "url": "https://www.kaigokensaku.mhlw.go.jp/40/index.php?action_kouhyou_detail_004_kani=true&JigyosyoCd=4078700293-00&ServiceCd=780&Type=search", "url2": "http://ｗｗｗ.miyama-syakyo.com" }, "geometry": { "type": "Point", "coordinates": [ 130.518515100000059, 33.1239178 ] } },
{ "type": "Feature", "properties": { "内容": "デイサービス　なずな【地域密着型通所介護】福岡県みやま市山川町河原内１２２３番地-１", "url": "https://www.kaigokensaku.mhlw.go.jp/40/index.php?action_kouhyou_detail_004_kani=true&JigyosyoCd=4079000040-00&ServiceCd=780&Type=search", "url2": null }, "geometry": { "type": "Point", "coordinates": [ 130.519220200000063, 33.1371888 ] } },
{ "type": "Feature", "properties": { "内容": "デイサービスのぞみ　瀬高【地域密着型通所介護】瀬高町長田字浦田２６９１番地１", "url": "https://www.kaigokensaku.mhlw.go.jp/40/index.php?action_kouhyou_detail_004_kani=true&JigyosyoCd=4078700467-00&ServiceCd=780&Type=search", "url2": null }, "geometry": { "type": "Point", "coordinates": [ 130.509923399999934, 33.1796729 ] } },
{ "type": "Feature", "properties": { "内容": "デイサービスりん【地域密着型通所介護】高田町竹飯１０８９番地１", "url": "https://www.kaigokensaku.mhlw.go.jp/40/index.php?action_kouhyou_detail_004_kani=true&JigyosyoCd=4078700574-00&ServiceCd=780&Type=search", "url2": null }, "geometry": { "type": "Point", "coordinates": [ 130.49680442579492, 33.126386440197685 ] } },
{ "type": "Feature", "properties": { "内容": "運動ひろば愛もっと倶楽部【地域密着型通所介護】糸島市神在西一丁目4番33号", "url": "https://www.kaigokensaku.mhlw.go.jp/40/index.php?action_kouhyou_detail_004_kani=true&JigyosyoCd=4073500920-00&ServiceCd=780&Type=search", "url2": "www.purevice.jp" }, "geometry": { "type": "Point", "coordinates": [ 130.17319559325415, 33.54694570000035 ] } },
{ "type": "Feature", "properties": { "内容": "カブシキガイシャカンキョウギケン　ワンツウ・デイスポーツクラブ【地域密着型通所介護】前原北1丁目6-34", "url": "https://www.kaigokensaku.mhlw.go.jp/40/index.php?action_kouhyou_detail_004_kani=true&JigyosyoCd=4093500181-00&ServiceCd=780&Type=search", "url2": null }, "geometry": { "type": "Point", "coordinates": [ 130.1951058, 33.5627537 ] } },
{ "type": "Feature", "properties": { "内容": "糸島市社会福祉協議会デイサービス「福寿苑」【地域密着型通所介護】福岡県糸島市二丈福井4822-1", "url": "https://www.kaigokensaku.mhlw.go.jp/40/index.php?action_kouhyou_detail_004_kani=true&JigyosyoCd=4073500672-00&ServiceCd=780&Type=search", "url2": "fukujuen@sound.ocn.ne.jp" }, "geometry": { "type": "Point", "coordinates": [ 130.092778299999964, 33.5005156 ] } },
{ "type": "Feature", "properties": { "内容": "せどなデイサービスセンター【地域密着型通所介護】福岡県糸島市加布里5丁目1番22号", "url": "https://www.kaigokensaku.mhlw.go.jp/40/index.php?action_kouhyou_detail_004_kani=true&JigyosyoCd=4093500132-00&ServiceCd=780&Type=search", "url2": "https://www.sedona-ds.com" }, "geometry": { "type": "Point", "coordinates": [ 130.1630179, 33.546781 ] } },
{ "type": "Feature", "properties": { "内容": "デイサービスセンターくらじ【地域密着型通所介護】福岡県糸島市井田４７１番1", "url": "https://www.kaigokensaku.mhlw.go.jp/40/index.php?action_kouhyou_detail_004_kani=true&JigyosyoCd=4073500961-00&ServiceCd=780&Type=search", "url2": "https://kuraji-ds.com" }, "geometry": { "type": "Point", "coordinates": [ 130.234502543347162, 33.546810113946457 ] } },
{ "type": "Feature", "properties": { "内容": "デイサービスセンター　みずき【地域密着型通所介護】福岡県糸島市神在東二丁目3番41号", "url": "https://www.kaigokensaku.mhlw.go.jp/40/index.php?action_kouhyou_detail_004_kani=true&JigyosyoCd=4093500223-00&ServiceCd=780&Type=search", "url2": null }, "geometry": { "type": "Point", "coordinates": [ 130.18071710000001, 33.5483189 ] } },
{ "type": "Feature", "properties": { "内容": "デイサービスセンター・あかり【地域密着型通所介護】福岡県糸島市志摩小富士258番地", "url": "https://www.kaigokensaku.mhlw.go.jp/40/index.php?action_kouhyou_detail_004_kani=true&JigyosyoCd=4077200097-00&ServiceCd=780&Type=search", "url2": "http://www.pacis-itoshima.com/" }, "geometry": { "type": "Point", "coordinates": [ 130.183083900000042, 33.5642606 ] } },
{ "type": "Feature", "properties": { "内容": "前原中央デイサービス【地域密着型通所介護】福岡県糸島市前原中央３丁目１７番１号", "url": "https://www.kaigokensaku.mhlw.go.jp/40/index.php?action_kouhyou_detail_004_kani=true&JigyosyoCd=4073500870-00&ServiceCd=780&Type=search", "url2": "http://ameblo.jp/itocare/" }, "geometry": { "type": "Point", "coordinates": [ 130.201973700000053, 33.5599341 ] } },
{ "type": "Feature", "properties": { "内容": "デイサービスウェル糸島【地域密着型通所介護】福岡県糸島市高田４丁目３番１６号", "url": "https://www.kaigokensaku.mhlw.go.jp/40/index.php?action_kouhyou_detail_004_kani=true&JigyosyoCd=4093500207-00&ServiceCd=780&Type=search", "url2": null }, "geometry": { "type": "Point", "coordinates": [ 130.235160799999989, 33.571603 ] } },
{ "type": "Feature", "properties": { "内容": "デイサービスぱんだ【地域密着型通所介護】福岡県糸島市志摩師吉861番地", "url": "https://www.kaigokensaku.mhlw.go.jp/40/index.php?action_kouhyou_detail_004_kani=true&JigyosyoCd=4093500231-00&ServiceCd=780&Type=search", "url2": null }, "geometry": { "type": "Point", "coordinates": [ 130.177566899999988, 33.5782737 ] } },
{ "type": "Feature", "properties": { "内容": "マイネスハウス浦志　デイサービスセンター【地域密着型通所介護】福岡県糸島市浦志3丁目4番地12号", "url": "https://www.kaigokensaku.mhlw.go.jp/40/index.php?action_kouhyou_detail_004_kani=true&JigyosyoCd=4073500896-00&ServiceCd=780&Type=search", "url2": "http://www.m-h.jp" }, "geometry": { "type": "Point", "coordinates": [ 130.208245199999965, 33.5642366 ] } },
{ "type": "Feature", "properties": { "内容": "笑顔の家　深江デイサービス【地域密着型通所介護】二丈深江1702-15", "url": "https://www.kaigokensaku.mhlw.go.jp/40/index.php?action_kouhyou_detail_004_kani=true&JigyosyoCd=4093500199-00&ServiceCd=780&Type=search", "url2": "https://granrires.jp/" }, "geometry": { "type": "Point", "coordinates": [ 130.146012700000028, 33.511761100000015 ] } },
{ "type": "Feature", "properties": { "内容": "デイサービス伊都の里【地域密着型通所介護】福岡県糸島市潤4丁目7-6", "url": "https://www.kaigokensaku.mhlw.go.jp/40/index.php?action_kouhyou_detail_004_kani=true&JigyosyoCd=4073501027-00&ServiceCd=780&Type=search", "url2": "http://itonosato.jp/" }, "geometry": { "type": "Point", "coordinates": [ 130.214182700000038, 33.5671322 ] } },
{ "type": "Feature", "properties": { "内容": "機能訓練特化型デイサービスPono【地域密着型通所介護】福岡県糸島市福吉２丁目１５－５", "url": "https://www.kaigokensaku.mhlw.go.jp/40/index.php?action_kouhyou_detail_004_kani=true&JigyosyoCd=4093500256-00&ServiceCd=780&Type=search", "url2": "https://www.tsurukamejk.com/" }, "geometry": { "type": "Point", "coordinates": [ 130.079858, 33.5023454 ] } },
{ "type": "Feature", "properties": { "内容": "リハビリ特化型デイ　ムーブメントプロ前原【地域密着型通所介護】福岡県糸島市前原駅南1丁目3-1サンスーシー桜台1階", "url": "https://www.kaigokensaku.mhlw.go.jp/40/index.php?action_kouhyou_detail_004_kani=true&JigyosyoCd=4073501233-00&ServiceCd=780&Type=search", "url2": "https://www.randc-shonan.co.jp/" }, "geometry": { "type": "Point", "coordinates": [ 130.198161600000049, 33.5546981 ] } },
{ "type": "Feature", "properties": { "内容": "デイサービスセンターくれよん【地域密着型通所介護】福岡県那珂川市松木2丁目30番地", "url": "https://www.kaigokensaku.mhlw.go.jp/40/index.php?action_kouhyou_detail_004_kani=true&JigyosyoCd=4093700112-00&ServiceCd=780&Type=search", "url2": null }, "geometry": { "type": "Point", "coordinates": [ 130.433312300000011, 33.5105781 ] } },
{ "type": "Feature", "properties": { "内容": "デイサービスらんぷ【地域密着型通所介護】上梶原887-9-1", "url": "https://www.kaigokensaku.mhlw.go.jp/40/index.php?action_kouhyou_detail_004_kani=true&JigyosyoCd=4093700146-00&ServiceCd=780&Type=search", "url2": "https://www.instagram.com/lamp__dan" }, "geometry": { "type": "Point", "coordinates": [ 130.440257242991635, 33.489124739656901 ] } },
{ "type": "Feature", "properties": { "内容": "デイサービス華【地域密着型通所介護】福岡県那珂川市五郎丸1丁目96番ロイヤルガーデン那珂川101号", "url": "https://www.kaigokensaku.mhlw.go.jp/40/index.php?action_kouhyou_detail_004_kani=true&JigyosyoCd=4073700637-00&ServiceCd=780&Type=search", "url2": null }, "geometry": { "type": "Point", "coordinates": [ 130.426760699999932, 33.5128939 ] } },
{ "type": "Feature", "properties": { "内容": "デイサービス華はな【地域密着型通所介護】福岡県那珂川市五郎丸1丁目96番ロイヤルガーデン那珂川103号", "url": "https://www.kaigokensaku.mhlw.go.jp/40/index.php?action_kouhyou_detail_004_kani=true&JigyosyoCd=4093700104-00&ServiceCd=780&Type=search", "url2": null }, "geometry": { "type": "Point", "coordinates": [ 130.426760699999932, 33.5128939 ] } },
{ "type": "Feature", "properties": { "内容": "デイサービス　えがお【地域密着型通所介護】宇美5-8-22GYC宇美1F", "url": "https://www.kaigokensaku.mhlw.go.jp/40/index.php?action_kouhyou_detail_004_kani=true&JigyosyoCd=4073800452-00&ServiceCd=780&Type=search", "url2": null }, "geometry": { "type": "Point", "coordinates": [ 130.5121762, 33.567462 ] } },
{ "type": "Feature", "properties": { "内容": "きららデイサービスセンター【地域密着型通所介護】福岡県粕屋郡宇美町宇美中央1丁目3番3号", "url": "https://www.kaigokensaku.mhlw.go.jp/40/index.php?action_kouhyou_detail_004_kani=true&JigyosyoCd=4073800379-00&ServiceCd=780&Type=search", "url2": "http://hp.kaipoke.biz/h80/" }, "geometry": { "type": "Point", "coordinates": [ 130.5188809, 33.5710282 ] } },
{ "type": "Feature", "properties": { "内容": "デイサービスセンター　同行園【地域密着型通所介護】福岡県糟屋郡宇美町貴船1丁目2-3", "url": "https://www.kaigokensaku.mhlw.go.jp/40/index.php?action_kouhyou_detail_004_kani=true&JigyosyoCd=4073800189-00&ServiceCd=780&Type=search", "url2": "http://www.dohogroup.jp" }, "geometry": { "type": "Point", "coordinates": [ 130.5382737, 33.5641211 ] } },
{ "type": "Feature", "properties": { "内容": "うみここ【地域密着型通所介護】糟屋郡宇美町宇美東１丁目１番１３号", "url": "https://www.kaigokensaku.mhlw.go.jp/40/index.php?action_kouhyou_detail_004_kani=true&JigyosyoCd=4073800429-00&ServiceCd=780&Type=search", "url2": "https://syourakuan.com" }, "geometry": { "type": "Point", "coordinates": [ 130.526777630154527, 33.569299730310952 ] } },
{ "type": "Feature", "properties": { "内容": "つどい・うみ【地域密着型通所介護】福岡県粕屋郡宇美町明神坂3-6-29", "url": "https://www.kaigokensaku.mhlw.go.jp/40/index.php?action_kouhyou_detail_004_kani=true&JigyosyoCd=4073800585-00&ServiceCd=780&Type=search", "url2": null }, "geometry": { "type": "Point", "coordinates": [ 130.505049, 33.5765886 ] } },
{ "type": "Feature", "properties": { "内容": "デイサービスセンター　クローバーかいんず【地域密着型通所介護】福岡県粕屋郡志免町別府1丁目21番13号", "url": "https://www.kaigokensaku.mhlw.go.jp/40/index.php?action_kouhyou_detail_004_kani=true&JigyosyoCd=4074000649-00&ServiceCd=780&Type=search", "url2": "http://www.c-kinds.net." }, "geometry": { "type": "Point", "coordinates": [ 130.4601639, 33.602198600000023 ] } },
{ "type": "Feature", "properties": { "内容": "デイサービスセンターフレンドリー【地域密着型通所介護】糟屋郡志免町別府1丁目1番40号", "url": "https://www.kaigokensaku.mhlw.go.jp/40/index.php?action_kouhyou_detail_004_kani=true&JigyosyoCd=4074000581-00&ServiceCd=780&Type=search", "url2": "http://mc-yms.com" }, "geometry": { "type": "Point", "coordinates": [ 130.464024888339907, 33.602154634556321 ] } },
{ "type": "Feature", "properties": { "内容": "デイサービスかすや果樹の森【地域密着型通所介護】福岡県糟屋郡須恵町植木825-3", "url": "https://www.kaigokensaku.mhlw.go.jp/40/index.php?action_kouhyou_detail_004_kani=true&JigyosyoCd=4074100290-00&ServiceCd=780&Type=search", "url2": "https://kasuya-kajyunomori.com" }, "geometry": { "type": "Point", "coordinates": [ 130.4958133, 33.599632035829579 ] } },
{ "type": "Feature", "properties": { "内容": "アルク　デイサービスセンター【地域密着型通所介護】大字須恵１３２－１１", "url": "https://www.kaigokensaku.mhlw.go.jp/40/index.php?action_kouhyou_detail_004_kani=true&JigyosyoCd=4074100274-00&ServiceCd=780&Type=search", "url2": null }, "geometry": { "type": "Point", "coordinates": [ 130.509847900000068, 33.5938255 ] } },
{ "type": "Feature", "properties": { "内容": "デイサービス　憩いの森【地域密着型通所介護】福岡県粕屋郡須恵町大字上須恵1185-5ヴェルデ須惠2Ｆ", "url": "https://www.kaigokensaku.mhlw.go.jp/40/index.php?action_kouhyou_detail_004_kani=true&JigyosyoCd=4074100217-00&ServiceCd=780&Type=search", "url2": "www.otaseikeigeka.info" }, "geometry": { "type": "Point", "coordinates": [ 130.5083095, 33.5860097 ] } },
{ "type": "Feature", "properties": { "内容": "そらりす【地域密着型通所介護】上須恵中園590-4", "url": "https://www.kaigokensaku.mhlw.go.jp/40/index.php?action_kouhyou_detail_004_kani=true&JigyosyoCd=4074100308-00&ServiceCd=780&Type=search", "url2": null }, "geometry": { "type": "Point", "coordinates": [ 130.514042630410813, 33.591977374385685 ] } },
{ "type": "Feature", "properties": { "内容": "デイサービスしんぐう【地域密着型通所介護】福岡県糟屋郡新宮町上府878-1", "url": "https://www.kaigokensaku.mhlw.go.jp/40/index.php?action_kouhyou_detail_004_kani=true&JigyosyoCd=4074200447-00&ServiceCd=780&Type=search", "url2": "http://page-shingu.com" }, "geometry": { "type": "Point", "coordinates": [ 130.458007299999963, 33.711982 ] } },
{ "type": "Feature", "properties": { "内容": "デイサービス　ゆうわ【地域密着型通所介護】福岡県遠賀郡芦屋町山鹿32番59号", "url": "https://www.kaigokensaku.mhlw.go.jp/40/index.php?action_kouhyou_detail_004_kani=true&JigyosyoCd=4074900236-00&ServiceCd=780&Type=search", "url2": "https://yuuwa-day.theblog.me" }, "geometry": { "type": "Point", "coordinates": [ 130.66996841163936, 33.898640578656554 ] } },
{ "type": "Feature", "properties": { "内容": "デイサービス花福寿【地域密着型通所介護】福岡県遠賀郡水巻町下二西二丁目15番35号", "url": "https://www.kaigokensaku.mhlw.go.jp/40/index.php?action_kouhyou_detail_004_kani=true&JigyosyoCd=4075000531-00&ServiceCd=780&Type=search", "url2": null }, "geometry": { "type": "Point", "coordinates": [ 130.691483100000028, 33.8470206 ] } },
{ "type": "Feature", "properties": { "内容": "デイサービスぴあ【地域密着型通所介護】福岡県遠賀郡岡垣町吉木東２－１４－１", "url": "https://www.kaigokensaku.mhlw.go.jp/40/index.php?action_kouhyou_detail_004_kani=true&JigyosyoCd=4075100695-00&ServiceCd=780&Type=search", "url2": null }, "geometry": { "type": "Point", "coordinates": [ 130.609940579133195, 33.858134295758234 ] } },
{ "type": "Feature", "properties": { "内容": "デイサービスセンター　海老津園【地域密着型通所介護】福岡県遠賀郡岡垣町大字海老津７０８番の３", "url": "https://www.kaigokensaku.mhlw.go.jp/40/index.php?action_kouhyou_detail_004_kani=true&JigyosyoCd=4075100133-00&ServiceCd=780&Type=search", "url2": "tubonekai.or.jp/service/" }, "geometry": { "type": "Point", "coordinates": [ 130.617697825131245, 33.829738961040157 ] } },
{ "type": "Feature", "properties": { "内容": "デイサービス　森の風【地域密着型通所介護】福岡県遠賀郡岡垣町東山田2-3-19", "url": "https://www.kaigokensaku.mhlw.go.jp/40/index.php?action_kouhyou_detail_004_kani=true&JigyosyoCd=4075100471-00&ServiceCd=780&Type=search", "url2": null }, "geometry": { "type": "Point", "coordinates": [ 130.6347743, 33.8495224 ] } },
{ "type": "Feature", "properties": { "内容": "デイサービス　いづか屋【地域密着型通所介護】大字三吉字外畑820番地", "url": "https://www.kaigokensaku.mhlw.go.jp/40/index.php?action_kouhyou_detail_004_kani=true&JigyosyoCd=4075100562-00&ServiceCd=780&Type=search", "url2": null }, "geometry": { "type": "Point", "coordinates": [ 130.591683200000034, 33.8657006 ] } },
{ "type": "Feature", "properties": { "内容": "デイサービスセンターおひさま【地域密着型通所介護】福岡県遠賀郡岡垣町海老津駅前１０－１６", "url": "https://www.kaigokensaku.mhlw.go.jp/40/index.php?action_kouhyou_detail_004_kani=true&JigyosyoCd=4075100869-00&ServiceCd=780&Type=search", "url2": null }, "geometry": { "type": "Point", "coordinates": [ 130.6236394, 33.8428923 ] } },
{ "type": "Feature", "properties": { "内容": "デイサービスセンターであい【地域密着型通所介護】遠賀郡岡垣町高倉1087番地1", "url": "https://www.kaigokensaku.mhlw.go.jp/40/index.php?action_kouhyou_detail_004_kani=true&JigyosyoCd=4075100521-00&ServiceCd=780&Type=search", "url2": "http://helper-yosikawa.noor.JP/" }, "geometry": { "type": "Point", "coordinates": [ 130.6019106, 33.8484749 ] } },
{ "type": "Feature", "properties": { "内容": "デイサービスあゆみ　岡垣【地域密着型通所介護】福岡県遠賀郡岡垣町大字手野９３０番１", "url": "https://www.kaigokensaku.mhlw.go.jp/40/index.php?action_kouhyou_detail_004_kani=true&JigyosyoCd=4075100786-00&ServiceCd=780&Type=search", "url2": null }, "geometry": { "type": "Point", "coordinates": [ 130.5812644, 33.8684806 ] } },
{ "type": "Feature", "properties": { "内容": "かがやきデイサービス【地域密着型通所介護】福岡県遠賀郡遠賀町大字鬼津1080-20", "url": "https://www.kaigokensaku.mhlw.go.jp/40/index.php?action_kouhyou_detail_004_kani=true&JigyosyoCd=4075200404-00&ServiceCd=780&Type=search", "url2": null }, "geometry": { "type": "Point", "coordinates": [ 130.665132399999976, 33.8593607 ] } },
{ "type": "Feature", "properties": { "内容": "デイサービスおもや【地域密着型通所介護】福岡県遠賀郡遠賀町松の本3丁目897番地1", "url": "https://www.kaigokensaku.mhlw.go.jp/40/index.php?action_kouhyou_detail_004_kani=true&JigyosyoCd=4075200297-00&ServiceCd=780&Type=search", "url2": null }, "geometry": { "type": "Point", "coordinates": [ 130.665593599999966, 33.8536419 ] } },
{ "type": "Feature", "properties": { "内容": "デイサービスセンター奥屋敷【地域密着型通所介護】福岡県鞍手郡小竹町大字勝野3630番地の6", "url": "https://www.kaigokensaku.mhlw.go.jp/40/index.php?action_kouhyou_detail_004_kani=true&JigyosyoCd=4075300345-00&ServiceCd=780&Type=search", "url2": null }, "geometry": { "type": "Point", "coordinates": [ 130.711029599999961, 33.6883972 ] } },
{ "type": "Feature", "properties": { "内容": "デイサービス　笑いの家【地域密着型通所介護】福岡県鞍手郡小竹町大字勝野2895番地4", "url": "https://www.kaigokensaku.mhlw.go.jp/40/index.php?action_kouhyou_detail_004_kani=true&JigyosyoCd=4075300402-00&ServiceCd=780&Type=search", "url2": "http://warainoie.com/" }, "geometry": { "type": "Point", "coordinates": [ 130.705858697175586, 33.694170297961605 ] } },
{ "type": "Feature", "properties": { "内容": "医療法人康和会　りんごデイサービス【地域密着型通所介護】福岡県鞍手郡鞍手町大字新延字縄手2647-2", "url": "https://www.kaigokensaku.mhlw.go.jp/40/index.php?action_kouhyou_detail_004_kani=true&JigyosyoCd=4075400392-00&ServiceCd=780&Type=search", "url2": "http://www.kouwagroup.or.jp/ringo/index.html" }, "geometry": { "type": "Point", "coordinates": [ 130.673974600000065, 33.7922183 ] } },
{ "type": "Feature", "properties": { "内容": "デイサービスこころ　一家談楽【地域密着型通所介護】福岡県鞍手郡鞍手町古門4114", "url": "https://www.kaigokensaku.mhlw.go.jp/40/index.php?action_kouhyou_detail_004_kani=true&JigyosyoCd=4075400483-00&ServiceCd=780&Type=search", "url2": "https://fukushinin.co.jp/day_ikka/" }, "geometry": { "type": "Point", "coordinates": [ 130.667902499999968, 33.8180375 ] } },
{ "type": "Feature", "properties": { "内容": "共生型通所介護事業所菊池園【地域密着型通所介護】福岡県朝倉郡筑前町山隈1607-11", "url": "https://www.kaigokensaku.mhlw.go.jp/40/index.php?action_kouhyou_detail_004_kani=true&JigyosyoCd=4096700044-00&ServiceCd=780&Type=search", "url2": "http://www.kikuchien.jp" }, "geometry": { "type": "Point", "coordinates": [ 130.61174840000001, 33.4117386 ] } },
{ "type": "Feature", "properties": { "内容": "デイサービスセンター清和園【地域密着型通所介護】福岡県朝倉郡東峰村大字小石原708-13", "url": "https://www.kaigokensaku.mhlw.go.jp/40/index.php?action_kouhyou_detail_004_kani=true&JigyosyoCd=4076900028-00&ServiceCd=780&Type=search", "url2": "http://www.seiwaen/20th.com/" }, "geometry": { "type": "Point", "coordinates": [ 130.832916305409981, 33.4707697469956 ] } },
{ "type": "Feature", "properties": { "内容": "デイサービスいまがわの里【地域密着型通所介護】福岡県三井郡大刀洗町大字栄田１９８７番地", "url": "https://www.kaigokensaku.mhlw.go.jp/40/index.php?action_kouhyou_detail_004_kani=true&JigyosyoCd=4077700245-00&ServiceCd=780&Type=search", "url2": null }, "geometry": { "type": "Point", "coordinates": [ 130.6380954, 33.378319 ] } },
{ "type": "Feature", "properties": { "内容": "シマリス大刀洗【地域密着型通所介護】福岡県三井郡大刀洗町大字本郷4157番地1", "url": "https://www.kaigokensaku.mhlw.go.jp/40/index.php?action_kouhyou_detail_004_kani=true&JigyosyoCd=4077700252-00&ServiceCd=780&Type=search", "url2": "http://www.shimadahp.jp" }, "geometry": { "type": "Point", "coordinates": [ 130.616535699999986, 33.3896677 ] } },
{ "type": "Feature", "properties": { "内容": "デイサービス　かぞく【地域密着型通所介護】福岡県田川郡香春町大字中津原1673番地1", "url": "https://www.kaigokensaku.mhlw.go.jp/40/index.php?action_kouhyou_detail_004_kani=true&JigyosyoCd=4079200525-00&ServiceCd=780&Type=search", "url2": null }, "geometry": { "type": "Point", "coordinates": [ 130.843813800000021, 33.6509708 ] } },
{ "type": "Feature", "properties": { "内容": "デイサービスセンターほたるの里【地域密着型通所介護】福岡県田川郡香春町大字採銅所１２６５－１", "url": "https://www.kaigokensaku.mhlw.go.jp/40/index.php?action_kouhyou_detail_004_kani=true&JigyosyoCd=4079200541-00&ServiceCd=780&Type=search", "url2": null }, "geometry": { "type": "Point", "coordinates": [ 130.8539485, 33.7087143 ] } },
{ "type": "Feature", "properties": { "内容": "デイサービス望【地域密着型通所介護】田川郡添田町大字庄2262－1", "url": "https://www.kaigokensaku.mhlw.go.jp/40/index.php?action_kouhyou_detail_004_kani=true&JigyosyoCd=4079300275-00&ServiceCd=780&Type=search", "url2": null }, "geometry": { "type": "Point", "coordinates": [ 130.841116100000022, 33.5824474 ] } },
{ "type": "Feature", "properties": { "内容": "添田町社会福祉協議会　デイサービス事業所【地域密着型通所介護】福岡県田川郡添田町大字添田１５７３番地ふれあいの館　そえだジョイ　４F", "url": "https://www.kaigokensaku.mhlw.go.jp/40/index.php?action_kouhyou_detail_004_kani=true&JigyosyoCd=4079300051-00&ServiceCd=780&Type=search", "url2": "https://soesha.jp" }, "geometry": { "type": "Point", "coordinates": [ 130.86283149999997, 33.5714851 ] } },
{ "type": "Feature", "properties": { "内容": "デイサービス幸【地域密着型通所介護】福岡県田川郡添田町大字添田1146番地1", "url": "https://www.kaigokensaku.mhlw.go.jp/40/index.php?action_kouhyou_detail_004_kani=true&JigyosyoCd=4079300366-00&ServiceCd=780&Type=search", "url2": "ｈｔｔｐ：//www.lifesupport-kizuna.or.jp" }, "geometry": { "type": "Point", "coordinates": [ 130.8533519, 33.56688 ] } },
{ "type": "Feature", "properties": { "内容": "あったかデイサービスセンター【地域密着型通所介護】福岡県田川郡川崎町川崎340-9", "url": "https://www.kaigokensaku.mhlw.go.jp/40/index.php?action_kouhyou_detail_004_kani=true&JigyosyoCd=4079600930-00&ServiceCd=780&Type=search", "url2": null }, "geometry": { "type": "Point", "coordinates": [ 130.831934219049089, 33.601030084359863 ] } },
{ "type": "Feature", "properties": { "内容": "デイサービスえん萬【地域密着型通所介護】福岡県田川郡川崎町大字川崎４１番地の２", "url": "https://www.kaigokensaku.mhlw.go.jp/40/index.php?action_kouhyou_detail_004_kani=true&JigyosyoCd=4079601029-00&ServiceCd=780&Type=search", "url2": null }, "geometry": { "type": "Point", "coordinates": [ 130.83194130000004, 33.5919491 ] } },
{ "type": "Feature", "properties": { "内容": "デイサービスセンター安心院【地域密着型通所介護】福岡県田川郡川崎町大字田原506番地", "url": "https://www.kaigokensaku.mhlw.go.jp/40/index.php?action_kouhyou_detail_004_kani=true&JigyosyoCd=4079600682-00&ServiceCd=780&Type=search", "url2": null }, "geometry": { "type": "Point", "coordinates": [ 130.819930699999986, 33.6038117 ] } },
{ "type": "Feature", "properties": { "内容": "デイサービスセンター心【地域密着型通所介護】田川郡大任町大字今任原291番地", "url": "https://www.kaigokensaku.mhlw.go.jp/40/index.php?action_kouhyou_detail_004_kani=true&JigyosyoCd=4079900330-00&ServiceCd=780&Type=search", "url2": null }, "geometry": { "type": "Point", "coordinates": [ 130.853714399999944, 33.6124777 ] } },
{ "type": "Feature", "properties": { "内容": "デイサービス　風乃音【地域密着型通所介護】福岡県田川郡大任町大字今任原１６００－１", "url": "https://www.kaigokensaku.mhlw.go.jp/40/index.php?action_kouhyou_detail_004_kani=true&JigyosyoCd=4079900231-00&ServiceCd=780&Type=search", "url2": null }, "geometry": { "type": "Point", "coordinates": [ 130.8527282, 33.6182022 ] } },
{ "type": "Feature", "properties": { "内容": "デイサービス　にこにこ【地域密着型通所介護】福岡県田川郡赤村大字内田52番地", "url": "https://www.kaigokensaku.mhlw.go.jp/40/index.php?action_kouhyou_detail_004_kani=true&JigyosyoCd=4097800025-00&ServiceCd=780&Type=search", "url2": null }, "geometry": { "type": "Point", "coordinates": [ 130.87841, 33.617483 ] } },
{ "type": "Feature", "properties": { "内容": "デイサービス優心【地域密着型通所介護】福岡県田川郡福智町赤池628番地", "url": "https://www.kaigokensaku.mhlw.go.jp/40/index.php?action_kouhyou_detail_004_kani=true&JigyosyoCd=4099400063-00&ServiceCd=780&Type=search", "url2": "f-sousei.com" }, "geometry": { "type": "Point", "coordinates": [ 130.769975, 33.694415 ] } },
{ "type": "Feature", "properties": { "内容": "デイサービス　みんなの樹【地域密着型通所介護】大字与原1893番地2", "url": "https://www.kaigokensaku.mhlw.go.jp/40/index.php?action_kouhyou_detail_004_kani=true&JigyosyoCd=4078000280-00&ServiceCd=780&Type=search", "url2": null }, "geometry": { "type": "Point", "coordinates": [ 130.99032950000003, 33.752543 ] } },
{ "type": "Feature", "properties": { "内容": "デイサービスみのり【地域密着型通所介護】福岡県京都郡苅田町大字与原１９６２番地１", "url": "https://www.kaigokensaku.mhlw.go.jp/40/index.php?action_kouhyou_detail_004_kani=true&JigyosyoCd=4078000157-00&ServiceCd=780&Type=search", "url2": null }, "geometry": { "type": "Point", "coordinates": [ 131.000926400061076, 33.750644030277797 ] } },
{ "type": "Feature", "properties": { "内容": "通所介護　プレール【地域密着型通所介護】福岡県京都郡苅田町新津1597番地介護付有料老人ホーム　メゾン・ド・プレール・1階", "url": "https://www.kaigokensaku.mhlw.go.jp/40/index.php?action_kouhyou_detail_004_kani=true&JigyosyoCd=4078000371-00&ServiceCd=780&Type=search", "url2": "http://www.youmeikai.jp/" }, "geometry": { "type": "Point", "coordinates": [ 130.971437385427862, 33.753200261579423 ] } },
{ "type": "Feature", "properties": { "内容": "デイサービスセンター錦陵の苑【地域密着型通所介護】福岡県京都郡みやこ町節丸９４１番地３有料老人ホーム錦陵の苑", "url": "https://www.kaigokensaku.mhlw.go.jp/40/index.php?action_kouhyou_detail_004_kani=true&JigyosyoCd=4079700318-00&ServiceCd=780&Type=search", "url2": "http://www.toyotufukushikai.or.jp" }, "geometry": { "type": "Point", "coordinates": [ 130.9755063, 33.646057 ] } },
{ "type": "Feature", "properties": { "内容": "デイサービスセンター吉富鳳寿園【地域密着型通所介護】福岡県築上郡吉富町大字幸子803番地1", "url": "https://www.kaigokensaku.mhlw.go.jp/40/index.php?action_kouhyou_detail_004_kani=true&JigyosyoCd=4070000494-00&ServiceCd=780&Type=search", "url2": "http://ryokufu-k.jp/" }, "geometry": { "type": "Point", "coordinates": [ 131.16470649206542, 33.593902780646673 ] } }
]
}
